filename,true_label,predicted_label,probability_class_0,probability_class_1,probability_class_2,probability_class_3,probability_class_4,probability_class_5,probability_class_6
/home/share/Uni_Eval/HAM10000_clean/ISIC2018/ISIC_0025661.jpg,2,1,0.18013756,0.45026973,0.050177522,4.621003e-05,0.31924278,0.00012280146,3.3888175e-06
/home/share/Uni_Eval/HAM10000_clean/ISIC2018/ISIC_0027850.jpg,2,2,5.3373983e-06,0.0015511748,0.5902486,1.4574501e-08,0.40676764,0.0014271087,3.5532906e-08
/home/share/Uni_Eval/HAM10000_clean/ISIC2018/ISIC_0029068.jpg,2,2,0.0006175848,0.00039250797,0.9986981,2.2327645e-06,6.0529255e-06,0.00026551558,1.797575e-05
/home/share/Uni_Eval/HAM10000_clean/ISIC2018/ISIC_0025984.jpg,2,5,4.3964803e-05,0.049303494,0.055752598,6.938333e-06,0.119613975,0.7745732,0.00070571474
/home/share/Uni_Eval/HAM10000_clean/ISIC2018/ISIC_0032417.jpg,2,2,3.6198435e-05,1.4959627e-06,0.9996063,3.3459213e-07,6.609498e-06,0.0003464505,2.5741083e-06
/home/share/Uni_Eval/HAM10000_clean/ISIC2018/ISIC_0027310.jpg,2,5,8.584002e-06,0.00025003348,0.006805887,0.00029197664,5.9770497e-05,0.99257857,5.1192933e-06
/home/share/Uni_Eval/HAM10000_clean/ISIC2018/ISIC_0025937.jpg,2,2,5.9835234e-06,1.6700436e-05,0.99994636,3.5251517e-08,7.756573e-06,2.3124278e-05,1.5602278e-07
/home/share/Uni_Eval/HAM10000_clean/ISIC2018/ISIC_0027828.jpg,2,5,0.00010977357,0.0014933756,0.0054921033,3.0840479e-06,0.12217112,0.86798483,0.0027457364
/home/share/Uni_Eval/HAM10000_clean/ISIC2018/ISIC_0030698.jpg,2,2,2.1709436e-06,0.00013074391,0.9962213,3.284603e-07,0.00023851656,0.0032976614,0.0001092524
/home/share/Uni_Eval/HAM10000_clean/ISIC2018/ISIC_0024981.jpg,2,4,6.0587266e-05,0.03314347,0.025813196,4.3597875e-06,0.74034345,0.20063367,1.3537611e-06
/home/share/Uni_Eval/HAM10000_clean/ISIC2018/ISIC_0027053.jpg,2,2,0.005586494,0.0011024824,0.5378688,4.0397226e-05,0.41595197,0.03944691,2.9577225e-06
/home/share/Uni_Eval/HAM10000_clean/ISIC2018/ISIC_0025819.jpg,2,2,0.00036941678,7.49876e-05,0.9861524,4.695174e-05,0.012076164,0.0012789794,1.0305212e-06
/home/share/Uni_Eval/HAM10000_clean/ISIC2018/ISIC_0032013.jpg,2,2,0.10596049,8.081053e-06,0.8649188,7.399898e-05,0.024582949,0.0044542463,1.3619973e-06
/home/share/Uni_Eval/HAM10000_clean/ISIC2018/ISIC_0025099.jpg,2,2,0.00015120393,0.013250671,0.9631688,4.6589746e-05,0.0016010263,0.02175548,2.6149164e-05
/home/share/Uni_Eval/HAM10000_clean/ISIC2018/ISIC_0029289.jpg,2,5,0.00027248476,0.0012183391,0.07254891,8.514946e-05,0.073016316,0.85255593,0.00030287795
/home/share/Uni_Eval/HAM10000_clean/ISIC2018/ISIC_0032283.jpg,2,2,0.0040749605,0.09171323,0.6414449,0.00040979378,0.24253,0.019784102,4.295669e-05
/home/share/Uni_Eval/HAM10000_clean/ISIC2018/ISIC_0031624.jpg,2,2,0.000313347,0.0013142761,0.79159814,0.00010677482,0.0008584819,0.20547035,0.0003386677
/home/share/Uni_Eval/HAM10000_clean/ISIC2018/ISIC_0029060.jpg,2,2,0.000283911,0.0001295057,0.8777256,0.00016342274,0.017919602,0.1037744,3.6072572e-06
/home/share/Uni_Eval/HAM10000_clean/ISIC2018/ISIC_0032306.jpg,2,2,4.906457e-05,3.9245176e-09,0.99987733,2.4213929e-05,4.3884414e-05,5.4482193e-06,4.4898177e-10
/home/share/Uni_Eval/HAM10000_clean/ISIC2018/ISIC_0027957.jpg,2,5,1.7778955e-05,0.00023313088,0.05323752,1.1572529e-05,0.0032865219,0.9431781,3.543562e-05
/home/share/Uni_Eval/HAM10000_clean/ISIC2018/ISIC_0032382.jpg,2,2,0.0029906165,0.07051433,0.77379704,2.1008367e-07,0.018499436,0.13418521,1.3166212e-05
/home/share/Uni_Eval/HAM10000_clean/ISIC2018/ISIC_0029674.jpg,2,2,0.04413087,4.1526666e-05,0.9452233,3.5469725e-06,0.0019502568,0.008637089,1.3419239e-05
/home/share/Uni_Eval/HAM10000_clean/ISIC2018/ISIC_0024623.jpg,2,2,4.5225624e-05,1.0211039e-05,0.99982506,5.0031876e-08,0.00010874339,1.0067949e-05,5.4878495e-07
/home/share/Uni_Eval/HAM10000_clean/ISIC2018/ISIC_0032929.jpg,2,0,0.6544081,0.00022380761,0.054778613,0.00031050187,0.2649701,0.025296556,1.2284604e-05
/home/share/Uni_Eval/HAM10000_clean/ISIC2018/ISIC_0033900.jpg,2,2,0.014012331,0.0005571594,0.6984171,0.0001593961,0.16819417,0.11865272,7.0140973e-06
/home/share/Uni_Eval/HAM10000_clean/ISIC2018/ISIC_0030276.jpg,2,2,0.14763372,0.06755783,0.67912495,2.1286542e-05,0.09946144,0.0058461013,0.0003547086
/home/share/Uni_Eval/HAM10000_clean/ISIC2018/ISIC_0033465.jpg,2,2,7.231639e-07,1.7961017e-07,0.81230634,1.5919624e-05,0.12516132,0.0625155,2.3290557e-08
/home/share/Uni_Eval/HAM10000_clean/ISIC2018/ISIC_0029683.jpg,2,4,8.770826e-05,8.088832e-06,0.24368683,3.175062e-05,0.6091665,0.14701578,3.2782104e-06
/home/share/Uni_Eval/HAM10000_clean/ISIC2018/ISIC_0032514.jpg,2,2,0.0660226,0.0025370868,0.46050107,7.4487484e-06,0.27748138,0.1934496,8.4598753e-07
/home/share/Uni_Eval/HAM10000_clean/ISIC2018/ISIC_0033910.jpg,2,2,0.014892018,0.007733251,0.60276556,0.000108772336,0.28109914,0.09322992,0.00017134155
/home/share/Uni_Eval/HAM10000_clean/ISIC2018/ISIC_0033212.jpg,2,2,0.001130162,0.00087752385,0.9924682,5.8495527e-08,0.00066237873,0.004837069,2.4625779e-05
/home/share/Uni_Eval/HAM10000_clean/ISIC2018/ISIC_0033601.jpg,2,2,8.209535e-06,2.521047e-06,0.9991462,6.0613e-07,0.00067615794,0.00014867597,1.746952e-05
/home/share/Uni_Eval/HAM10000_clean/ISIC2018/ISIC_0033677.jpg,2,2,0.0014752569,0.00017359912,0.99505335,0.0004028008,0.001618375,0.0012712799,5.314676e-06
/home/share/Uni_Eval/HAM10000_clean/ISIC2018/ISIC_0033262.jpg,2,2,0.024353992,0.014804427,0.41762692,0.00522964,0.16177152,0.37577114,0.00044233134
/home/share/Uni_Eval/HAM10000_clean/ISIC2018/ISIC_0032570.jpg,2,2,0.0014639292,9.340517e-06,0.97397196,4.8058697e-05,0.001781391,0.021438176,0.0012872004
/home/share/Uni_Eval/HAM10000_clean/ISIC2018/ISIC_0033264.jpg,2,2,0.0008750375,5.392883e-05,0.91629624,5.3139665e-06,0.079054184,0.0037149105,3.429425e-07
/home/share/Uni_Eval/HAM10000_clean/ISIC2018/ISIC_0032665.jpg,2,2,0.00030140489,0.00015070036,0.77313715,6.6880566e-06,0.03986732,0.186476,6.0716877e-05
/home/share/Uni_Eval/HAM10000_clean/ISIC2018/ISIC_0033587.jpg,2,4,0.00069579907,1.5429932e-06,0.22010367,0.00011212121,0.6473774,0.1317069,2.623949e-06
/home/share/Uni_Eval/HAM10000_clean/ISIC2018/ISIC_0032675.jpg,2,2,0.00033210797,7.261106e-06,0.7280845,1.8460147e-06,0.2056618,0.06591221,2.9449183e-07
/home/share/Uni_Eval/HAM10000_clean/ISIC2018/ISIC_0033449.jpg,2,2,0.004273714,5.0141534e-07,0.8724349,0.0003657032,0.0758926,0.047032516,3.548411e-08
/home/share/Uni_Eval/HAM10000_clean/ISIC2018/ISIC_0033758.jpg,2,2,0.010574635,0.030536251,0.82739115,0.00067509245,0.040023666,0.06362036,0.027178857
/home/share/Uni_Eval/HAM10000_clean/ISIC2018/ISIC_0032876.jpg,2,2,0.004387565,0.0033011357,0.6698959,0.0002368152,0.22332439,0.09842799,0.00042619358
/home/share/Uni_Eval/HAM10000_clean/ISIC2018/ISIC_0025157.jpg,2,2,0.048123702,0.00034320977,0.9486694,2.6036457e-07,0.0016295189,0.0012247149,9.127488e-06
/home/share/Uni_Eval/HAM10000_clean/ISIC2018/ISIC_0026060.jpg,2,2,0.14738196,2.2657355e-07,0.8525735,1.9862796e-06,1.057456e-05,2.8005144e-05,3.7416116e-06
/home/share/Uni_Eval/HAM10000_clean/ISIC2018/ISIC_0029394.jpg,2,2,0.0016613617,6.173501e-08,0.98562336,1.7278211e-06,5.2656538e-05,0.012660211,5.3598086e-07
/home/share/Uni_Eval/HAM10000_clean/ISIC2018/ISIC_0026844.jpg,2,2,0.05748768,0.005421349,0.88232726,0.0039961273,0.018259095,0.032385767,0.0001227791
/home/share/Uni_Eval/HAM10000_clean/ISIC2018/ISIC_0027374.jpg,2,2,0.00046583868,0.00048708773,0.99838984,1.7395296e-06,0.000105396684,0.0005481268,1.8699144e-06
/home/share/Uni_Eval/HAM10000_clean/ISIC2018/ISIC_0025507.jpg,2,2,0.004462107,3.784358e-05,0.97254014,1.3409767e-06,0.022096545,0.0008593078,2.7212293e-06
/home/share/Uni_Eval/HAM10000_clean/ISIC2018/ISIC_0028336.jpg,2,2,0.003968975,0.21524753,0.68002427,0.00062539615,0.046689577,0.053441115,3.169935e-06
/home/share/Uni_Eval/HAM10000_clean/ISIC2018/ISIC_0025838.jpg,2,2,0.007786749,0.00013463647,0.8182821,0.0006910148,0.13989837,0.033194926,1.2218446e-05
/home/share/Uni_Eval/HAM10000_clean/ISIC2018/ISIC_0027780.jpg,2,2,0.02457311,8.197337e-05,0.9729494,0.000110914305,0.00071038445,0.001572858,1.4105925e-06
/home/share/Uni_Eval/HAM10000_clean/ISIC2018/ISIC_0024592.jpg,2,2,0.0007090303,0.010883074,0.96800685,0.00019738881,0.012958799,0.0071480973,9.683502e-05
/home/share/Uni_Eval/HAM10000_clean/ISIC2018/ISIC_0030721.jpg,2,2,0.002302113,0.10377441,0.45762557,2.4155013e-05,0.02171849,0.41447416,8.112205e-05
/home/share/Uni_Eval/HAM10000_clean/ISIC2018/ISIC_0032168.jpg,2,2,0.03552329,2.6023017e-05,0.7343102,0.02831342,0.108487695,0.0932856,5.376254e-05
/home/share/Uni_Eval/HAM10000_clean/ISIC2018/ISIC_0024505.jpg,2,2,0.04360039,0.00017345068,0.55914664,2.8095421e-05,0.028022379,0.36902696,2.0806579e-06
/home/share/Uni_Eval/HAM10000_clean/ISIC2018/ISIC_0024626.jpg,2,2,0.008934395,9.502282e-05,0.9880519,8.5248075e-06,0.0021879293,0.0007221782,7.3114016e-08
/home/share/Uni_Eval/HAM10000_clean/ISIC2018/ISIC_0024971.jpg,2,2,0.016814796,0.008755232,0.6032843,7.17958e-05,0.34595025,0.025122125,1.4840175e-06
/home/share/Uni_Eval/HAM10000_clean/ISIC2018/ISIC_0025485.jpg,2,2,0.0040711937,0.00018953449,0.9870493,1.13575015e-05,0.0067871837,0.0018913228,6.2307315e-08
/home/share/Uni_Eval/HAM10000_clean/ISIC2018/ISIC_0028856.jpg,2,5,0.0005178532,0.002770806,0.093053706,0.00010621489,0.13052152,0.7730032,2.6645726e-05
/home/share/Uni_Eval/HAM10000_clean/ISIC2018/ISIC_0030095.jpg,2,2,0.04574033,0.0047119367,0.603205,2.7115764e-05,0.2437622,0.102552816,5.697598e-07
/home/share/Uni_Eval/HAM10000_clean/ISIC2018/ISIC_0024883.jpg,2,5,2.8968225e-05,0.23132004,0.011968247,0.00015989208,0.08992118,0.66645324,0.00014841318
/home/share/Uni_Eval/HAM10000_clean/ISIC2018/ISIC_0027295.jpg,2,0,0.9848108,6.0449784e-05,0.013135276,0.0016727946,0.00021438095,0.000106135274,9.7611526e-08
/home/share/Uni_Eval/HAM10000_clean/ISIC2018/ISIC_0032156.jpg,2,2,0.0008835884,0.0004797508,0.6914196,5.4530163e-05,0.29539514,0.011767288,1.440004e-07
/home/share/Uni_Eval/HAM10000_clean/ISIC2018/ISIC_0030783.jpg,2,2,0.0009543317,0.0014898146,0.96498615,1.0448853e-06,0.020537453,0.012030463,7.2903504e-07
/home/share/Uni_Eval/HAM10000_clean/ISIC2018/ISIC_0030459.jpg,2,2,0.00034448033,1.0847269e-05,0.99212945,0.00026744299,0.003941897,0.0033057574,1.4429263e-07
/home/share/Uni_Eval/HAM10000_clean/ISIC2018/ISIC_0026861.jpg,2,2,0.016901545,0.0048997793,0.7535164,1.3332527e-06,0.18466048,0.04001563,4.8875954e-06
/home/share/Uni_Eval/HAM10000_clean/ISIC2018/ISIC_0030208.jpg,2,2,0.0247228,0.0010148754,0.9714687,5.0797415e-05,0.00040093245,0.002291973,4.9870232e-05
/home/share/Uni_Eval/HAM10000_clean/ISIC2018/ISIC_0030723.jpg,2,2,0.46277198,0.016093254,0.5193002,3.111209e-05,0.0014934844,0.00030887965,1.074612e-06
/home/share/Uni_Eval/HAM10000_clean/ISIC2018/ISIC_0027969.jpg,2,2,0.0017235256,5.4095267e-06,0.89171827,4.035701e-05,0.0077727144,0.0986925,4.7350757e-05
/home/share/Uni_Eval/HAM10000_clean/ISIC2018/ISIC_0031851.jpg,2,2,0.07417324,0.0015599363,0.91470724,2.404473e-06,0.0074740537,0.0009102287,0.0011729697
/home/share/Uni_Eval/HAM10000_clean/ISIC2018/ISIC_0029420.jpg,2,2,0.0006933635,1.1089811e-05,0.9243031,1.2971349e-05,0.014143974,0.060835324,1.1289088e-07
/home/share/Uni_Eval/HAM10000_clean/ISIC2018/ISIC_0024381.jpg,2,2,0.008561008,0.0011494941,0.9687751,0.00075229997,0.015258269,0.005500775,3.0587425e-06
/home/share/Uni_Eval/HAM10000_clean/ISIC2018/ISIC_0029991.jpg,2,0,0.5942672,0.3703444,0.0334723,0.0014037932,0.00033590905,0.00017281703,3.5165253e-06
/home/share/Uni_Eval/HAM10000_clean/ISIC2018/ISIC_0031168.jpg,2,0,0.65451175,0.022874955,0.30748102,0.0032041562,0.011427124,0.0004975415,3.4295952e-06
/home/share/Uni_Eval/HAM10000_clean/ISIC2018/ISIC_0024547.jpg,2,2,0.027348492,0.00017033551,0.36698925,0.00057850615,0.32863042,0.27628258,4.3338127e-07
/home/share/Uni_Eval/HAM10000_clean/ISIC2018/ISIC_0029897.jpg,2,2,1.9107942e-05,0.00017740422,0.98806924,6.7324354e-06,0.0007741983,0.010804474,0.00014888754
/home/share/Uni_Eval/HAM10000_clean/ISIC2018/ISIC_0027006.jpg,2,2,0.0009619055,0.0004977282,0.98213136,1.5028269e-05,0.0009972899,0.0153919505,4.686724e-06
/home/share/Uni_Eval/HAM10000_clean/ISIC2018/ISIC_0028881.jpg,2,2,0.039904464,0.024238437,0.52474743,2.02268e-05,0.09227147,0.3188084,9.529457e-06
/home/share/Uni_Eval/HAM10000_clean/ISIC2018/ISIC_0029311.jpg,2,2,0.0052969046,0.003728455,0.96361965,6.704828e-05,0.0017811101,0.025506293,5.8631156e-07
/home/share/Uni_Eval/HAM10000_clean/ISIC2018/ISIC_0025973.jpg,2,4,0.0046397788,0.001748783,0.14786157,0.00016241537,0.4750171,0.37053528,3.5135192e-05
/home/share/Uni_Eval/HAM10000_clean/ISIC2018/ISIC_0031580.jpg,2,2,0.023752466,0.045217153,0.73864645,0.001983069,0.009966142,0.17837599,0.002058743
/home/share/Uni_Eval/HAM10000_clean/ISIC2018/ISIC_0028389.jpg,2,2,0.0022471552,0.25154024,0.6727462,0.027431233,0.00094858074,0.04494616,0.0001405005
/home/share/Uni_Eval/HAM10000_clean/ISIC2018/ISIC_0028750.jpg,2,4,0.0008283717,6.5708974e-07,0.13924715,1.3740079e-07,0.85429597,0.00562601,1.7321174e-06
/home/share/Uni_Eval/HAM10000_clean/ISIC2018/ISIC_0026378.jpg,2,2,0.010134513,6.07218e-05,0.95878464,0.00058527774,0.02534399,0.0050905757,1.737785e-07
/home/share/Uni_Eval/HAM10000_clean/ISIC2018/ISIC_0030683.jpg,2,5,0.018138034,0.0009751037,0.3177652,5.568638e-05,0.07690054,0.5861642,1.223331e-06
/home/share/Uni_Eval/HAM10000_clean/ISIC2018/ISIC_0025883.jpg,2,2,5.9370595e-05,0.034353476,0.48699445,7.011107e-07,0.007850844,0.47035468,0.00038650748
/home/share/Uni_Eval/HAM10000_clean/ISIC2018/ISIC_0031050.jpg,2,2,7.54335e-05,4.7594236e-07,0.99434835,4.2233746e-06,0.0054579116,0.00011360448,4.6112514e-10
/home/share/Uni_Eval/HAM10000_clean/ISIC2018/ISIC_0026316.jpg,2,2,0.015970685,0.0087621445,0.81483585,0.0014519917,0.05990825,0.09906655,4.4574927e-06
/home/share/Uni_Eval/HAM10000_clean/ISIC2018/ISIC_0031522.jpg,2,2,0.0024557603,0.13953549,0.844744,0.00041367204,0.0075363046,0.005311818,2.9002497e-06
/home/share/Uni_Eval/HAM10000_clean/ISIC2018/ISIC_0032024.jpg,2,2,0.107698865,0.027801445,0.85858434,9.227284e-05,0.005785325,3.755745e-05,1.9502522e-07
/home/share/Uni_Eval/HAM10000_clean/ISIC2018/ISIC_0025374.jpg,2,2,0.0006433849,0.00045927198,0.8902728,7.040645e-06,0.054477133,0.05414013,2.0663333e-07
/home/share/Uni_Eval/HAM10000_clean/ISIC2018/ISIC_0026365.jpg,2,2,0.012287268,0.03649188,0.60860604,0.00077140896,0.004478221,0.33733693,2.8205666e-05
/home/share/Uni_Eval/HAM10000_clean/ISIC2018/ISIC_0028656.jpg,2,5,0.00014246983,6.330748e-07,0.019660125,0.00046902412,0.031938888,0.9477884,4.0812523e-07
/home/share/Uni_Eval/HAM10000_clean/ISIC2018/ISIC_0031716.jpg,2,2,0.005546474,0.026464287,0.96579397,0.0021578083,2.6492926e-05,1.0811638e-05,1.9672422e-07
/home/share/Uni_Eval/HAM10000_clean/ISIC2018/ISIC_0027893.jpg,2,2,0.00047412378,7.0469556e-05,0.5475597,4.089308e-05,0.07625571,0.37559688,2.3060002e-06
/home/share/Uni_Eval/HAM10000_clean/ISIC2018/ISIC_0030318.jpg,2,2,0.015383637,0.0074602687,0.8654848,1.7689609e-06,0.0068061426,0.10486087,2.6034052e-06
/home/share/Uni_Eval/HAM10000_clean/ISIC2018/ISIC_0028749.jpg,2,2,0.12907037,0.0043892185,0.42207363,2.5580923e-05,0.40601575,0.038421143,4.3517252e-06
/home/share/Uni_Eval/HAM10000_clean/ISIC2018/ISIC_0026961.jpg,2,2,0.0009528705,0.00021185545,0.5482286,0.0010393955,0.41281262,0.036753714,9.994114e-07
/home/share/Uni_Eval/HAM10000_clean/ISIC2018/ISIC_0025040.jpg,2,5,0.000109335444,0.007656334,0.02730863,0.00039738553,0.051128704,0.913335,6.452778e-05
/home/share/Uni_Eval/HAM10000_clean/ISIC2018/ISIC_0026704.jpg,2,2,0.0015496805,9.775972e-05,0.9629332,8.305745e-07,0.03519187,0.00022633301,1.7916514e-07
/home/share/Uni_Eval/HAM10000_clean/ISIC2018/ISIC_0029302.jpg,2,4,0.010809465,2.2768172e-06,0.31119904,7.230652e-05,0.6769437,0.0009715084,1.6661794e-06
/home/share/Uni_Eval/HAM10000_clean/ISIC2018/ISIC_0030310.jpg,2,2,0.0053653163,1.8996398e-05,0.7525125,8.142515e-05,0.16576676,0.0762543,6.062896e-07
/home/share/Uni_Eval/HAM10000_clean/ISIC2018/ISIC_0028229.jpg,2,0,0.72980964,0.0045844545,0.24525504,1.3933389e-05,0.020111198,0.00022562666,1.4864908e-07
/home/share/Uni_Eval/HAM10000_clean/ISIC2018/ISIC_0025068.jpg,2,0,0.48530284,0.018623697,0.050182782,3.9998095e-06,0.28776976,0.15777467,0.00034227362
/home/share/Uni_Eval/HAM10000_clean/ISIC2018/ISIC_0028943.jpg,2,2,0.2834328,0.029916711,0.67117596,4.2382032e-07,0.013229554,0.0015776712,0.00066692615
/home/share/Uni_Eval/HAM10000_clean/ISIC2018/ISIC_0031980.jpg,2,2,0.00825927,5.399492e-05,0.9832997,0.00021540702,0.00808446,8.703214e-05,1.6978998e-07
/home/share/Uni_Eval/HAM10000_clean/ISIC2018/ISIC_0028611.jpg,2,0,0.90771544,0.07671201,0.0033752262,0.0016654278,0.0073529645,0.0031418186,3.7084264e-05
/home/share/Uni_Eval/HAM10000_clean/ISIC2018/ISIC_0027509.jpg,2,2,0.004557669,0.024057617,0.8437352,0.00029668948,0.124541186,0.0028107718,9.3005883e-07
/home/share/Uni_Eval/HAM10000_clean/ISIC2018/ISIC_0030240.jpg,2,2,0.1707526,0.0016063355,0.8019922,0.00019575741,0.023521122,0.0019308002,1.2463562e-06
/home/share/Uni_Eval/HAM10000_clean/ISIC2018/ISIC_0026871.jpg,2,2,0.3206626,0.00021529416,0.6626321,1.7203496e-05,0.011018877,0.005453606,3.5046463e-07
/home/share/Uni_Eval/HAM10000_clean/ISIC2018/ISIC_0027859.jpg,2,2,0.15351447,1.9851475e-05,0.7909882,3.0401228e-05,0.050168466,0.0052777873,8.786975e-07
/home/share/Uni_Eval/HAM10000_clean/ISIC2018/ISIC_0029329.jpg,2,1,0.0006731164,0.71074325,0.2202126,4.5464985e-06,0.039484546,0.028837388,4.4557237e-05
/home/share/Uni_Eval/HAM10000_clean/ISIC2018/ISIC_0028913.jpg,2,2,0.008596201,0.007277361,0.83724225,3.447518e-06,9.2229886e-05,0.1467833,5.3321855e-06
/home/share/Uni_Eval/HAM10000_clean/ISIC2018/ISIC_0028165.jpg,2,2,0.0045378595,5.821697e-06,0.92396814,1.9724366e-06,0.0055185836,0.0659676,2.4245908e-08
/home/share/Uni_Eval/HAM10000_clean/ISIC2018/ISIC_0031465.jpg,2,2,1.03327775e-05,0.00014917526,0.9822765,4.0926836e-05,0.0022943441,0.015227498,1.1201217e-06
/home/share/Uni_Eval/HAM10000_clean/ISIC2018/ISIC_0031000.jpg,2,2,0.28302976,0.04424931,0.55462563,0.0007984583,0.07809903,0.03919741,4.945461e-07
/home/share/Uni_Eval/HAM10000_clean/ISIC2018/ISIC_0026276.jpg,2,2,0.0005564328,1.19949245e-05,0.9939294,0.001060402,0.0035488275,0.00089275214,1.2921495e-07
/home/share/Uni_Eval/HAM10000_clean/ISIC2018/ISIC_0027435.jpg,2,2,1.5755246e-05,0.00014267552,0.9963665,2.7938762e-05,0.0024090798,0.0010328622,5.28416e-06
/home/share/Uni_Eval/HAM10000_clean/ISIC2018/ISIC_0028294.jpg,2,2,0.03057627,0.00022723507,0.9620207,4.350457e-05,0.0070545827,7.573126e-05,1.8932949e-06
/home/share/Uni_Eval/HAM10000_clean/ISIC2018/ISIC_0026803.jpg,2,2,0.0012664531,0.00014239717,0.99611974,1.935668e-05,0.00021145731,0.0022403258,2.0080809e-07
/home/share/Uni_Eval/HAM10000_clean/ISIC2018/ISIC_0026016.jpg,2,2,0.00912915,0.009391377,0.8547074,6.645716e-05,0.11907581,0.007626047,3.7231991e-06
/home/share/Uni_Eval/HAM10000_clean/ISIC2018/ISIC_0029505.jpg,2,2,0.0045808614,0.0035202191,0.97178394,2.8753611e-05,0.014696109,0.0053762794,1.3923752e-05
/home/share/Uni_Eval/HAM10000_clean/ISIC2018/ISIC_0026069.jpg,2,2,0.0012913273,2.6372334e-05,0.93431914,3.456509e-05,0.05416363,0.010164014,8.739687e-07
/home/share/Uni_Eval/HAM10000_clean/ISIC2018/ISIC_0031528.jpg,2,2,0.00022373791,0.00017579705,0.86411554,0.01581898,0.09773393,0.021926632,5.4287925e-06
/home/share/Uni_Eval/HAM10000_clean/ISIC2018/ISIC_0028490.jpg,2,2,0.13484849,1.2833525e-06,0.7859093,0.00032245592,0.07846698,0.0004513803,2.06521e-07
/home/share/Uni_Eval/HAM10000_clean/ISIC2018/ISIC_0031987.jpg,2,2,0.0019122362,0.0009665779,0.99162614,0.00015160315,0.0005909603,0.004748903,3.556494e-06
/home/share/Uni_Eval/HAM10000_clean/ISIC2018/ISIC_0026631.jpg,2,2,0.0008931407,1.1198926e-05,0.97501343,1.6302524e-06,0.023750491,0.00033009797,1.0764103e-08
/home/share/Uni_Eval/HAM10000_clean/ISIC2018/ISIC_0025710.jpg,2,2,0.0001432397,1.573502e-05,0.9997713,5.459914e-07,1.5355326e-05,5.367295e-05,1.0480155e-07
/home/share/Uni_Eval/HAM10000_clean/ISIC2018/ISIC_0030123.jpg,2,4,0.0017963297,0.004697243,0.38950497,0.015983753,0.5359665,0.05201969,3.149084e-05
/home/share/Uni_Eval/HAM10000_clean/ISIC2018/ISIC_0029872.jpg,2,2,0.0031368863,0.042347617,0.8977835,0.00042013286,0.054944973,0.0013523694,1.4425116e-05
/home/share/Uni_Eval/HAM10000_clean/ISIC2018/ISIC_0026530.jpg,2,5,0.000112222515,0.00010866072,0.41797632,0.00027721634,0.011141899,0.5703798,3.8316407e-06
/home/share/Uni_Eval/HAM10000_clean/ISIC2018/ISIC_0032498.jpg,2,2,0.0025575897,0.00037247315,0.98464763,3.8369406e-05,0.0027723245,0.009609576,2.0234254e-06
/home/share/Uni_Eval/HAM10000_clean/ISIC2018/ISIC_0029778.jpg,2,2,0.0053455094,2.1346636e-05,0.9164484,0.0010371457,0.01903417,0.058112882,3.8714742e-07
/home/share/Uni_Eval/HAM10000_clean/ISIC2018/ISIC_0029555.jpg,2,2,7.015546e-06,4.3689926e-07,0.9958241,7.33393e-08,0.00026053205,0.0039072954,5.0683764e-07
/home/share/Uni_Eval/HAM10000_clean/ISIC2018/ISIC_0030173.jpg,2,2,7.301021e-08,8.109539e-07,0.98828584,6.5567104e-07,0.009721161,0.0019827054,8.768775e-06
/home/share/Uni_Eval/HAM10000_clean/ISIC2018/ISIC_0029012.jpg,2,4,4.3032346e-06,4.936594e-05,0.16353782,8.801332e-06,0.7739736,0.0624225,3.6643396e-06
/home/share/Uni_Eval/HAM10000_clean/ISIC2018/ISIC_0032170.jpg,2,2,1.6857609e-06,2.0304683e-06,0.58706146,1.7338563e-05,0.0019764858,0.41094056,4.8169795e-07
/home/share/Uni_Eval/HAM10000_clean/ISIC2018/ISIC_0033460.jpg,2,2,0.0006454179,2.652274e-05,0.7122462,0.00086174055,0.2673812,0.018838944,4.1458282e-08
/home/share/Uni_Eval/HAM10000_clean/ISIC2018/ISIC_0033199.jpg,2,2,5.1121344e-05,4.1300445e-06,0.9863366,0.00020016305,0.009428821,0.003975359,3.9033025e-06
/home/share/Uni_Eval/HAM10000_clean/ISIC2018/ISIC_0028411.jpg,2,2,1.8565296e-06,1.8993302e-05,0.9908794,1.1729707e-06,7.434838e-05,0.009018606,5.5697988e-06
/home/share/Uni_Eval/HAM10000_clean/ISIC2018/ISIC_0032681.jpg,2,2,0.0033990105,1.1625064e-06,0.96166307,4.0146955e-05,0.018169759,0.016720993,5.8181995e-06
/home/share/Uni_Eval/HAM10000_clean/ISIC2018/ISIC_0033509.jpg,2,2,0.006443451,4.8891843e-06,0.93133396,1.0858796e-05,0.047908377,0.01429703,1.4661765e-06
/home/share/Uni_Eval/HAM10000_clean/ISIC2018/ISIC_0032636.jpg,2,2,0.0021960782,0.008266939,0.59093493,4.831999e-06,0.39733434,0.0012217576,4.1119645e-05
/home/share/Uni_Eval/HAM10000_clean/ISIC2018/ISIC_0034167.jpg,2,2,9.0529835e-07,2.8003331e-05,0.9952872,4.470901e-07,0.0028253854,0.0018578892,1.3273608e-07
/home/share/Uni_Eval/HAM10000_clean/ISIC2018/ISIC_0032271.jpg,2,2,0.0024552175,8.2493e-05,0.9893254,2.8389282e-05,0.003170057,0.00493827,2.5492827e-07
/home/share/Uni_Eval/HAM10000_clean/ISIC2018/ISIC_0027142.jpg,2,2,9.675968e-06,0.0064826803,0.78538877,0.00064067217,0.000304468,0.20714165,3.2107113e-05
/home/share/Uni_Eval/HAM10000_clean/ISIC2018/ISIC_0031396.jpg,2,2,3.952667e-07,1.34225975e-05,0.9948689,0.00054958824,0.00020828252,0.0040089143,0.00035047912
/home/share/Uni_Eval/HAM10000_clean/ISIC2018/ISIC_0027370.jpg,2,2,2.3002219e-08,9.256392e-09,0.9457991,1.4110673e-05,7.69232e-05,0.054098245,1.160606e-05
/home/share/Uni_Eval/HAM10000_clean/ISIC2018/ISIC_0026566.jpg,2,2,0.0016928548,0.00019771575,0.99377066,2.7114182e-05,0.0003496358,0.0005620727,0.003400052
/home/share/Uni_Eval/HAM10000_clean/ISIC2018/ISIC_0031511.jpg,2,2,3.5943744e-05,8.939498e-06,0.89460534,0.0025646007,0.0155839035,0.086490914,0.00071039074
/home/share/Uni_Eval/HAM10000_clean/ISIC2018/ISIC_0030316.jpg,2,5,0.0015920901,3.240888e-05,0.04933712,0.000108749766,0.019621896,0.9293057,2.025754e-06
/home/share/Uni_Eval/HAM10000_clean/ISIC2018/ISIC_0029345.jpg,2,2,5.346381e-06,0.00019297146,0.9956405,1.6601057e-06,0.0001640973,0.0039894897,5.815453e-06
/home/share/Uni_Eval/HAM10000_clean/ISIC2018/ISIC_0026846.jpg,2,2,3.604735e-05,0.00015723197,0.89225966,1.2052675e-05,0.00019581929,0.10712554,0.00021358926
/home/share/Uni_Eval/HAM10000_clean/ISIC2018/ISIC_0032460.jpg,2,2,0.00026603643,0.0003446072,0.9598545,0.00057952333,0.0034591735,0.035084393,0.00041179074
/home/share/Uni_Eval/HAM10000_clean/ISIC2018/ISIC_0027025.jpg,2,2,1.9576124e-05,7.559619e-07,0.95466,8.1133785e-06,0.00036019986,0.044800952,0.00015044611
/home/share/Uni_Eval/HAM10000_clean/ISIC2018/ISIC_0030088.jpg,2,2,4.5879442e-05,5.7943913e-07,0.7790644,5.213085e-07,0.0048041046,0.21608382,7.500853e-07
/home/share/Uni_Eval/HAM10000_clean/ISIC2018/ISIC_0025392.jpg,2,2,6.8377267e-07,1.2750024e-05,0.9708264,3.3169593e-07,0.00033215698,0.02880551,2.2218694e-05
/home/share/Uni_Eval/HAM10000_clean/ISIC2018/ISIC_0026783.jpg,2,2,0.00020216782,2.7186522e-06,0.98836666,6.39818e-05,0.004353079,0.00700921,2.1614546e-06
/home/share/Uni_Eval/HAM10000_clean/ISIC2018/ISIC_0025330.jpg,2,2,0.006701214,1.3839909e-05,0.9691046,4.4883323e-05,0.0020193472,0.02089301,0.0012230639
/home/share/Uni_Eval/HAM10000_clean/ISIC2018/ISIC_0027275.jpg,2,2,7.240609e-07,2.2868126e-06,0.8890455,3.85953e-07,5.55062e-05,0.110830836,6.4759166e-05
/home/share/Uni_Eval/HAM10000_clean/ISIC2018/ISIC_0029233.jpg,2,2,1.7116399e-07,4.4508735e-07,0.9949307,1.3938301e-05,6.118155e-05,0.004981772,1.1855053e-05
/home/share/Uni_Eval/HAM10000_clean/ISIC2018/ISIC_0032359.jpg,2,2,8.283263e-09,3.696857e-07,0.7330634,2.4203723e-06,0.0012427493,0.26558357,0.00010744701
/home/share/Uni_Eval/HAM10000_clean/ISIC2018/ISIC_0029048.jpg,2,2,3.1618714e-09,5.513122e-06,0.9969394,3.973454e-09,3.055807e-05,0.003022436,2.1911412e-06
/home/share/Uni_Eval/HAM10000_clean/ISIC2018/ISIC_0028925.jpg,2,5,4.5558427e-05,0.00056142645,0.38877356,0.04456402,0.002750309,0.4999866,0.06331855
/home/share/Uni_Eval/HAM10000_clean/ISIC2018/ISIC_0027008.jpg,3,3,0.03571841,0.21594606,0.0043915357,0.73303896,0.0073215375,0.0031146815,0.00046877924
/home/share/Uni_Eval/HAM10000_clean/ISIC2018/ISIC_0032468.jpg,3,3,0.0045752986,0.0017031345,7.008286e-05,0.99098736,0.0002732498,0.002359645,3.122237e-05
/home/share/Uni_Eval/HAM10000_clean/ISIC2018/ISIC_0030555.jpg,3,3,1.4283564e-06,0.00096154853,0.004527596,0.8280779,0.0047015385,0.16155174,0.00017820741
/home/share/Uni_Eval/HAM10000_clean/ISIC2018/ISIC_0030244.jpg,3,3,1.1258508e-06,0.0013745996,0.0012929897,0.95472574,0.034369003,0.00597871,0.0022578666
/home/share/Uni_Eval/HAM10000_clean/ISIC2018/ISIC_0025668.jpg,3,3,2.958428e-05,0.0037216833,0.037409503,0.59100586,0.047207803,0.32052144,0.00010413826
/home/share/Uni_Eval/HAM10000_clean/ISIC2018/ISIC_0033790.jpg,3,3,0.002513834,0.00054763636,0.007420972,0.8239712,0.13246045,0.03287337,0.00021254255
/home/share/Uni_Eval/HAM10000_clean/ISIC2018/ISIC_0029039.jpg,3,3,0.17500652,0.012410609,0.26062196,0.34417313,0.0020315908,0.20572796,2.8212637e-05
/home/share/Uni_Eval/HAM10000_clean/ISIC2018/ISIC_0027107.jpg,3,3,0.026513882,0.0003820651,0.027718097,0.77791315,0.16546567,0.0020063715,7.3001195e-07
/home/share/Uni_Eval/HAM10000_clean/ISIC2018/ISIC_0024973.jpg,3,1,0.003938259,0.72367626,0.0066551995,0.24095044,0.02197277,0.0026001893,0.00020682116
/home/share/Uni_Eval/HAM10000_clean/ISIC2018/ISIC_0025622.jpg,3,3,0.0003542046,0.0008676846,0.0037112024,0.9297976,0.04512488,0.020138567,5.8416954e-06
/home/share/Uni_Eval/HAM10000_clean/ISIC2018/ISIC_0033626.jpg,3,3,1.4512342e-06,2.8939899e-06,5.806036e-05,0.99890864,0.0006159669,0.00041240986,5.438294e-07
/home/share/Uni_Eval/HAM10000_clean/ISIC2018/ISIC_0033891.jpg,3,3,1.1429368e-07,0.00013552088,0.0028121904,0.98955745,1.6608918e-05,0.007422215,5.5885732e-05
/home/share/Uni_Eval/HAM10000_clean/ISIC2018/ISIC_0033005.jpg,3,3,4.3920227e-06,9.560719e-06,0.0008611794,0.9975134,7.737845e-05,0.0015334288,6.6595567e-07
/home/share/Uni_Eval/HAM10000_clean/ISIC2018/ISIC_0033847.jpg,3,3,9.084921e-06,1.088968e-06,0.00032958493,0.9862592,0.0007092992,0.012688945,2.782106e-06
/home/share/Uni_Eval/HAM10000_clean/ISIC2018/ISIC_0026471.jpg,3,3,4.3775275e-05,0.00017802553,0.008761014,0.99049675,0.00033675547,0.00017915353,4.54439e-06
/home/share/Uni_Eval/HAM10000_clean/ISIC2018/ISIC_0026629.jpg,3,3,0.0011404209,1.4209777e-05,0.3340563,0.61117625,0.00043337003,0.053128567,5.089668e-05
/home/share/Uni_Eval/HAM10000_clean/ISIC2018/ISIC_0025771.jpg,3,3,1.8063479e-07,4.124764e-07,0.00014023537,0.9994843,1.0687989e-05,0.00036376726,2.7573796e-07
/home/share/Uni_Eval/HAM10000_clean/ISIC2018/ISIC_0030623.jpg,4,4,4.3340606e-07,1.5333433e-06,0.0003248474,3.3442593e-06,0.67533773,0.3240139,0.0003182737
/home/share/Uni_Eval/HAM10000_clean/ISIC2018/ISIC_0032396.jpg,4,4,9.486014e-05,0.0004514971,0.0672533,0.00015217166,0.8297222,0.1023207,5.246711e-06
/home/share/Uni_Eval/HAM10000_clean/ISIC2018/ISIC_0028445.jpg,4,5,2.0712314e-06,8.1394115e-05,0.010208428,7.862824e-06,0.047041044,0.94265527,4.03693e-06
/home/share/Uni_Eval/HAM10000_clean/ISIC2018/ISIC_0029512.jpg,4,4,9.5304395e-06,7.344911e-05,0.0018081673,0.0005859362,0.8266427,0.17084296,3.7245027e-05
/home/share/Uni_Eval/HAM10000_clean/ISIC2018/ISIC_0028579.jpg,4,4,3.318943e-07,1.0418639e-05,0.000744907,6.57357e-07,0.7926013,0.2066388,3.5883822e-06
/home/share/Uni_Eval/HAM10000_clean/ISIC2018/ISIC_0031953.jpg,4,4,0.00032979067,0.0002880308,0.009370989,1.0405493e-05,0.7629732,0.22699983,2.7716667e-05
/home/share/Uni_Eval/HAM10000_clean/ISIC2018/ISIC_0032079.jpg,4,4,0.0002489463,0.011100352,0.020966642,0.00021305754,0.7955831,0.1718871,6.696293e-07
/home/share/Uni_Eval/HAM10000_clean/ISIC2018/ISIC_0026150.jpg,4,4,4.0838484e-05,0.0073728682,0.010371829,3.7474942e-06,0.95593435,0.026241856,3.4566518e-05
/home/share/Uni_Eval/HAM10000_clean/ISIC2018/ISIC_0031642.jpg,4,4,3.0725341e-06,0.00024378407,0.0073771626,1.25701345e-05,0.9385664,0.05378783,9.179656e-06
/home/share/Uni_Eval/HAM10000_clean/ISIC2018/ISIC_0029000.jpg,4,5,1.2030801e-05,0.0023956175,0.00658564,0.00051540206,0.30478904,0.68155235,0.004149946
/home/share/Uni_Eval/HAM10000_clean/ISIC2018/ISIC_0025751.jpg,4,4,1.1638684e-06,2.0345728e-06,0.0046664826,1.8846877e-06,0.79690987,0.19841781,8.381695e-07
/home/share/Uni_Eval/HAM10000_clean/ISIC2018/ISIC_0026892.jpg,4,4,1.8193585e-07,0.0011716567,0.008367011,1.9727077e-07,0.8552912,0.13516897,7.7453035e-07
/home/share/Uni_Eval/HAM10000_clean/ISIC2018/ISIC_0028291.jpg,4,4,1.8270073e-05,2.8288837e-06,0.007671761,2.2337681e-05,0.92494637,0.06733834,1.8642776e-08
/home/share/Uni_Eval/HAM10000_clean/ISIC2018/ISIC_0027769.jpg,4,4,0.000247223,0.017904758,0.02813086,5.7406865e-05,0.82485086,0.1283627,0.0004462034
/home/share/Uni_Eval/HAM10000_clean/ISIC2018/ISIC_0030445.jpg,4,4,9.625035e-05,0.043679547,0.043105487,0.07581413,0.7454438,0.09171811,0.00014264164
/home/share/Uni_Eval/HAM10000_clean/ISIC2018/ISIC_0025155.jpg,4,4,0.0017613478,0.0014371789,0.35442173,6.592018e-06,0.4554783,0.18689103,3.8142073e-06
/home/share/Uni_Eval/HAM10000_clean/ISIC2018/ISIC_0027102.jpg,4,4,3.2348032e-07,2.4620015e-06,0.0036313143,0.00038683956,0.99016434,0.0030886559,0.002726006
/home/share/Uni_Eval/HAM10000_clean/ISIC2018/ISIC_0032046.jpg,4,4,1.2721283e-05,0.00021282666,0.016483072,8.013088e-06,0.9780187,0.0052638925,7.9186566e-07
/home/share/Uni_Eval/HAM10000_clean/ISIC2018/ISIC_0029630.jpg,4,4,0.0001867192,7.173585e-05,0.03206939,2.7301492e-05,0.9389818,0.028662974,1.3187378e-07
/home/share/Uni_Eval/HAM10000_clean/ISIC2018/ISIC_0031941.jpg,4,4,9.391836e-06,1.02710865e-05,0.00040151575,1.3189083e-06,0.9897736,0.009803183,7.5657385e-07
/home/share/Uni_Eval/HAM10000_clean/ISIC2018/ISIC_0031586.jpg,4,4,0.00028503351,5.4908123e-06,0.037633635,1.2740779e-06,0.536177,0.42589667,8.8981625e-07
/home/share/Uni_Eval/HAM10000_clean/ISIC2018/ISIC_0027261.jpg,4,4,0.0002098342,0.0008954398,0.096987315,2.9676949e-07,0.8958212,0.0060847993,1.0222054e-06
/home/share/Uni_Eval/HAM10000_clean/ISIC2018/ISIC_0024675.jpg,4,5,0.00069728866,0.00026529064,0.005219713,8.5477805e-05,0.22548987,0.76805526,0.00018714885
/home/share/Uni_Eval/HAM10000_clean/ISIC2018/ISIC_0025891.jpg,4,4,0.0049274275,0.003992874,0.062318437,0.00010168588,0.49940383,0.42885712,0.0003986435
/home/share/Uni_Eval/HAM10000_clean/ISIC2018/ISIC_0031189.jpg,4,5,1.3209193e-05,0.00022090803,0.03438667,0.00015405667,0.45223868,0.5129856,9.531884e-07
/home/share/Uni_Eval/HAM10000_clean/ISIC2018/ISIC_0034006.jpg,4,4,0.00024151111,0.0052687223,0.3229001,0.00010628348,0.649615,0.010572793,0.011295631
/home/share/Uni_Eval/HAM10000_clean/ISIC2018/ISIC_0028696.jpg,4,4,2.2059322e-07,3.778315e-07,5.826137e-05,3.764886e-06,0.58696765,0.4129672,2.4505453e-06
/home/share/Uni_Eval/HAM10000_clean/ISIC2018/ISIC_0028325.jpg,4,5,5.476159e-05,0.00016253989,0.13401355,2.39545e-05,0.3845546,0.4811902,3.0760737e-07
/home/share/Uni_Eval/HAM10000_clean/ISIC2018/ISIC_0028489.jpg,4,5,0.0015541214,0.0005228701,0.0271626,7.534972e-07,0.18586764,0.78485036,4.1580333e-05
/home/share/Uni_Eval/HAM10000_clean/ISIC2018/ISIC_0028969.jpg,4,2,0.00028100252,6.0561622e-05,0.5430848,0.00012239875,0.4541676,0.0022726806,1.09981365e-05
/home/share/Uni_Eval/HAM10000_clean/ISIC2018/ISIC_0033496.jpg,4,4,3.1555996e-06,1.7246778e-06,0.0026109673,0.0011952438,0.90378684,0.09240084,1.2771096e-06
/home/share/Uni_Eval/HAM10000_clean/ISIC2018/ISIC_0033573.jpg,4,4,0.00040799985,3.8064212e-05,0.32310075,1.5520382e-05,0.56658053,0.10985566,1.4203827e-06
/home/share/Uni_Eval/HAM10000_clean/ISIC2018/ISIC_0030828.jpg,4,5,0.001458179,0.002753503,0.057703573,0.00023531896,0.20152657,0.7359465,0.00037631774
/home/share/Uni_Eval/HAM10000_clean/ISIC2018/ISIC_0033931.jpg,4,2,0.082382314,0.0035937813,0.48086852,0.0007658018,0.4224093,0.009979179,1.0899523e-06
/home/share/Uni_Eval/HAM10000_clean/ISIC2018/ISIC_0033268.jpg,4,5,0.0015963796,1.0945044e-05,0.028813267,5.706045e-06,0.22261383,0.7469594,4.1309943e-07
/home/share/Uni_Eval/HAM10000_clean/ISIC2018/ISIC_0033428.jpg,4,2,0.0002032967,5.381134e-06,0.65323234,4.257942e-05,0.33907062,0.0074458,3.2011986e-08
/home/share/Uni_Eval/HAM10000_clean/ISIC2018/ISIC_0033152.jpg,4,5,0.0007280625,0.03201521,0.12501045,0.00017428292,0.045189057,0.7663291,0.030553758
/home/share/Uni_Eval/HAM10000_clean/ISIC2018/ISIC_0034236.jpg,4,5,0.00024476583,6.012162e-07,0.0023155177,0.0007391761,0.3992025,0.5974935,3.990942e-06
/home/share/Uni_Eval/HAM10000_clean/ISIC2018/ISIC_0025987.jpg,4,4,6.3955254e-06,7.049016e-07,0.0008836728,4.469945e-07,0.8152438,0.18385999,4.946785e-06
/home/share/Uni_Eval/HAM10000_clean/ISIC2018/ISIC_0032447.jpg,4,4,4.0767716e-07,7.6779935e-07,0.0003544443,8.610397e-08,0.97612846,0.023515351,5.048748e-07
/home/share/Uni_Eval/HAM10000_clean/ISIC2018/ISIC_0033831.jpg,4,4,1.2549452e-07,2.9397748e-07,0.0010622727,3.1585597e-07,0.9812475,0.01768951,1.318552e-07
/home/share/Uni_Eval/HAM10000_clean/ISIC2018/ISIC_0032583.jpg,4,5,1.1025459e-05,0.00026094596,0.039551474,5.9179623e-05,0.47077888,0.48933744,1.0866668e-06
/home/share/Uni_Eval/HAM10000_clean/ISIC2018/ISIC_0034294.jpg,4,4,7.579014e-06,1.6604052e-07,0.0004894538,2.8659451e-05,0.9808934,0.018580653,1.145773e-07
/home/share/Uni_Eval/HAM10000_clean/ISIC2018/ISIC_0032984.jpg,4,4,0.026745701,0.22108163,0.0474833,0.003068019,0.64856315,0.052786954,0.000271258
/home/share/Uni_Eval/HAM10000_clean/ISIC2018/ISIC_0033802.jpg,4,4,3.6992216e-05,2.6303092e-06,0.005247188,0.00020282215,0.90587527,0.08863391,1.2261972e-06
/home/share/Uni_Eval/HAM10000_clean/ISIC2018/ISIC_0032993.jpg,4,4,8.283264e-07,4.411186e-05,0.00057453214,0.0003697363,0.9832729,0.015715772,2.2132323e-05
/home/share/Uni_Eval/HAM10000_clean/ISIC2018/ISIC_0033804.jpg,4,5,6.3495077e-06,4.3015802e-06,0.0063115973,1.7287328e-05,0.13650757,0.8571379,1.5021668e-05
/home/share/Uni_Eval/HAM10000_clean/ISIC2018/ISIC_0032774.jpg,4,4,9.375019e-07,0.00011381007,0.01209017,4.890899e-06,0.98737246,0.00041622712,1.4889283e-06
/home/share/Uni_Eval/HAM10000_clean/ISIC2018/ISIC_0032840.jpg,4,4,2.4614676e-05,0.00014057728,0.0014339887,0.00039050623,0.86100525,0.13695182,5.327444e-05
/home/share/Uni_Eval/HAM10000_clean/ISIC2018/ISIC_0034208.jpg,4,4,0.001847886,0.009803148,0.11209624,0.012759999,0.862575,0.0009165453,1.1442996e-06
/home/share/Uni_Eval/HAM10000_clean/ISIC2018/ISIC_0033287.jpg,4,4,6.3861626e-05,0.00052859983,0.0036068093,5.51847e-08,0.7146171,0.2811834,1.541574e-07
/home/share/Uni_Eval/HAM10000_clean/ISIC2018/ISIC_0033286.jpg,4,4,0.0021943846,1.6049042e-05,0.0031135627,2.5150106e-05,0.98042655,0.014223159,1.1338467e-06
/home/share/Uni_Eval/HAM10000_clean/ISIC2018/ISIC_0033175.jpg,4,5,0.00024267887,0.008574082,0.019947596,0.00043680987,0.18465109,0.78604084,0.00010689848
/home/share/Uni_Eval/HAM10000_clean/ISIC2018/ISIC_0033942.jpg,4,4,0.0036508834,0.00061660126,0.2341728,0.011744631,0.66917557,0.08063842,1.0504491e-06
/home/share/Uni_Eval/HAM10000_clean/ISIC2018/ISIC_0032522.jpg,4,4,3.679859e-05,4.263965e-06,0.0007860711,8.428113e-08,0.99828917,0.00088363036,1.5388249e-08
/home/share/Uni_Eval/HAM10000_clean/ISIC2018/ISIC_0033272.jpg,4,2,0.016123757,3.713888e-06,0.9232758,1.5712947e-05,0.048400246,0.012171409,9.335457e-06
/home/share/Uni_Eval/HAM10000_clean/ISIC2018/ISIC_0033004.jpg,4,5,3.8501872e-05,4.1708154e-06,0.11611833,0.0055111432,0.09467478,0.7836403,1.27030735e-05
/home/share/Uni_Eval/HAM10000_clean/ISIC2018/ISIC_0032511.jpg,4,4,0.00049451,2.7807735e-05,0.2928432,1.1763594e-05,0.70318806,0.0034346064,7.721053e-08
/home/share/Uni_Eval/HAM10000_clean/ISIC2018/ISIC_0034085.jpg,4,4,3.8712028e-07,1.8104141e-07,0.00034797183,6.060766e-05,0.94858754,0.051000524,2.7903516e-06
/home/share/Uni_Eval/HAM10000_clean/ISIC2018/ISIC_0033299.jpg,4,4,3.189108e-07,6.9003054e-06,0.0015715698,0.0024864352,0.8679584,0.12792477,5.168413e-05
/home/share/Uni_Eval/HAM10000_clean/ISIC2018/ISIC_0033779.jpg,4,4,3.739931e-06,0.000107932945,0.00400038,0.003311767,0.61512244,0.3774536,8.7658975e-08
/home/share/Uni_Eval/HAM10000_clean/ISIC2018/ISIC_0034065.jpg,4,5,0.00013204014,0.00014492786,0.019081224,8.646671e-05,0.38902584,0.5915098,1.9661928e-05
/home/share/Uni_Eval/HAM10000_clean/ISIC2018/ISIC_0033038.jpg,4,4,0.00076608086,3.333025e-05,0.02244753,0.00018203037,0.74654835,0.2300226,2.8616043e-08
/home/share/Uni_Eval/HAM10000_clean/ISIC2018/ISIC_0033630.jpg,4,4,0.0066572367,6.742979e-05,0.10400083,6.641237e-05,0.8796114,0.009595603,1.1586875e-06
/home/share/Uni_Eval/HAM10000_clean/ISIC2018/ISIC_0034150.jpg,4,4,0.00015892349,0.012055367,0.2923541,0.00067630754,0.45012394,0.24463096,3.7809602e-07
/home/share/Uni_Eval/HAM10000_clean/ISIC2018/ISIC_0032915.jpg,4,0,0.78432775,0.07816254,0.08968431,0.016006289,0.031582195,5.2290954e-05,0.00018457446
/home/share/Uni_Eval/HAM10000_clean/ISIC2018/ISIC_0028460.jpg,4,4,0.018725686,0.007930981,0.04091263,1.9514995e-05,0.8379559,0.09445204,3.3114397e-06
/home/share/Uni_Eval/HAM10000_clean/ISIC2018/ISIC_0033883.jpg,4,4,5.9638518e-05,5.7355687e-06,0.033514537,1.7973944e-06,0.76022553,0.20619264,1.400642e-07
/home/share/Uni_Eval/HAM10000_clean/ISIC2018/ISIC_0034005.jpg,4,2,0.015533636,0.111229815,0.5275177,0.0022221366,0.31549788,0.026468707,0.0015301518
/home/share/Uni_Eval/HAM10000_clean/ISIC2018/ISIC_0033872.jpg,4,4,0.018519323,0.0039862,0.0166012,0.01728801,0.8819488,0.06161086,4.5430104e-05
/home/share/Uni_Eval/HAM10000_clean/ISIC2018/ISIC_0032547.jpg,4,4,5.9382117e-08,2.0290514e-07,5.1341787e-05,3.058093e-05,0.9911039,0.008811975,1.964194e-06
/home/share/Uni_Eval/HAM10000_clean/ISIC2018/ISIC_0032806.jpg,4,4,3.4913344e-05,8.044801e-08,0.0014626647,2.9346943e-06,0.60409313,0.39440596,2.1017834e-07
/home/share/Uni_Eval/HAM10000_clean/ISIC2018/ISIC_0033569.jpg,4,4,7.0521814e-06,0.00045352068,0.02481346,0.0001805366,0.9546476,0.01929923,0.00059860933
/home/share/Uni_Eval/HAM10000_clean/ISIC2018/ISIC_0032810.jpg,4,4,2.8379638e-05,6.264311e-06,0.0032247698,7.206833e-07,0.98716694,0.009572527,5.0380174e-07
/home/share/Uni_Eval/HAM10000_clean/ISIC2018/ISIC_0032517.jpg,4,4,2.209573e-06,2.734463e-06,0.005652304,6.0433936e-06,0.95138663,0.042950008,1.6299946e-07
/home/share/Uni_Eval/HAM10000_clean/ISIC2018/ISIC_0034022.jpg,4,5,0.001262516,0.00059519336,0.005582072,2.1117175e-07,0.00946724,0.9830891,3.5437624e-06
/home/share/Uni_Eval/HAM10000_clean/ISIC2018/ISIC_0033444.jpg,4,4,9.296613e-06,6.5962704e-05,0.0001335054,0.00032259722,0.5654506,0.4340075,1.0570996e-05
/home/share/Uni_Eval/HAM10000_clean/ISIC2018/ISIC_0032695.jpg,4,4,1.5517859e-05,1.2464632e-05,0.00507316,2.423315e-07,0.9948763,1.977788e-05,2.4556703e-06
/home/share/Uni_Eval/HAM10000_clean/ISIC2018/ISIC_0026430.jpg,4,4,0.05376115,0.031183802,0.05633518,0.0018954392,0.8476113,0.009210227,2.9297532e-06
/home/share/Uni_Eval/HAM10000_clean/ISIC2018/ISIC_0032968.jpg,4,4,0.011827528,0.05159011,0.049219865,0.0012141791,0.88568765,0.00045878964,1.9034251e-06
/home/share/Uni_Eval/HAM10000_clean/ISIC2018/ISIC_0029265.jpg,4,4,0.0041220123,0.08415324,0.110661454,0.0023092355,0.7942553,0.004494106,4.643676e-06
/home/share/Uni_Eval/HAM10000_clean/ISIC2018/ISIC_0034205.jpg,4,5,0.0456108,0.010378753,0.048937436,0.0042455355,0.09154111,0.7988343,0.00045196613
/home/share/Uni_Eval/HAM10000_clean/ISIC2018/ISIC_0033612.jpg,4,5,0.019311676,0.00020780956,0.010250795,0.00014203947,0.13421115,0.8352006,0.00067587727
/home/share/Uni_Eval/HAM10000_clean/ISIC2018/ISIC_0033616.jpg,4,5,4.0353236e-05,2.8844665e-08,0.004910686,9.0139594e-07,0.477848,0.51719993,1.6052262e-07
/home/share/Uni_Eval/HAM10000_clean/ISIC2018/ISIC_0029606.jpg,4,5,3.2195658e-05,3.0708718e-05,0.0009782496,1.3009796e-07,0.46013027,0.5388181,1.0350437e-05
/home/share/Uni_Eval/HAM10000_clean/ISIC2018/ISIC_0032597.jpg,4,5,0.00060121773,7.7639765e-05,0.012491745,7.3274925e-05,0.33758485,0.6491687,2.5092936e-06
/home/share/Uni_Eval/HAM10000_clean/ISIC2018/ISIC_0032982.jpg,4,5,3.401655e-05,0.001219125,0.00023245496,2.7416188e-05,0.049226813,0.9491627,9.743791e-05
/home/share/Uni_Eval/HAM10000_clean/ISIC2018/ISIC_0033226.jpg,4,4,1.0826209e-05,9.3839674e-08,0.004207581,9.1491785e-07,0.5016393,0.4941405,7.367419e-07
/home/share/Uni_Eval/HAM10000_clean/ISIC2018/ISIC_0033670.jpg,4,5,1.7135351e-06,7.210187e-08,0.002531952,1.6474529e-05,0.06866684,0.92878276,1.0637132e-07
/home/share/Uni_Eval/HAM10000_clean/ISIC2018/ISIC_0034107.jpg,4,5,0.0012046021,4.751097e-05,0.00090532453,4.0894178e-05,0.107420534,0.8903772,3.885567e-06
/home/share/Uni_Eval/HAM10000_clean/ISIC2018/ISIC_0033055.jpg,4,4,5.891523e-06,2.4261859e-05,0.0009170972,0.04396124,0.8942442,0.060846858,4.4237186e-07
/home/share/Uni_Eval/HAM10000_clean/ISIC2018/ISIC_0033061.jpg,4,6,8.7479166e-05,0.001060537,0.121374264,0.00018786253,0.23597212,0.13872465,0.5025931
/home/share/Uni_Eval/HAM10000_clean/ISIC2018/ISIC_0033696.jpg,4,4,0.0008673175,0.016017605,0.010885454,0.00017023466,0.9654238,0.0056559253,0.0009797398
/home/share/Uni_Eval/HAM10000_clean/ISIC2018/ISIC_0027234.jpg,4,2,0.004847951,7.232735e-06,0.8694215,1.9222323e-05,0.043043546,0.08266008,3.7649983e-07
/home/share/Uni_Eval/HAM10000_clean/ISIC2018/ISIC_0032918.jpg,4,4,0.021874817,5.279245e-05,0.19913055,9.081256e-06,0.6157037,0.16322492,4.164043e-06
/home/share/Uni_Eval/HAM10000_clean/ISIC2018/ISIC_0028520.jpg,4,4,3.689224e-07,2.6120853e-07,0.0034635346,6.4116556e-08,0.95687276,0.039662898,1.564158e-07
/home/share/Uni_Eval/HAM10000_clean/ISIC2018/ISIC_0032807.jpg,4,4,2.8300907e-05,0.0003351417,0.20923029,2.1987546e-05,0.75608265,0.03430023,1.3879644e-06
/home/share/Uni_Eval/HAM10000_clean/ISIC2018/ISIC_0032645.jpg,4,5,2.6109394e-05,0.00012374706,0.0020106684,6.2423005e-06,0.028381418,0.9694492,2.6264042e-06
/home/share/Uni_Eval/HAM10000_clean/ISIC2018/ISIC_0033807.jpg,4,4,8.5503765e-05,0.009021383,0.088212125,0.007428852,0.88151854,0.013110759,0.00062278355
/home/share/Uni_Eval/HAM10000_clean/ISIC2018/ISIC_0033454.jpg,4,4,2.1718417e-05,1.9773635e-05,0.09854554,1.8075341e-05,0.88961387,0.011769654,1.1267945e-05
/home/share/Uni_Eval/HAM10000_clean/ISIC2018/ISIC_0032960.jpg,4,0,0.63878614,0.0017888028,0.20055012,0.00031143156,0.082951896,0.07539416,0.00021745056
/home/share/Uni_Eval/HAM10000_clean/ISIC2018/ISIC_0033773.jpg,4,4,0.0020922483,6.333093e-05,0.13497362,9.828396e-06,0.6888783,0.17398164,1.0166395e-06
/home/share/Uni_Eval/HAM10000_clean/ISIC2018/ISIC_0033730.jpg,4,4,9.667077e-07,4.127267e-07,0.016280534,5.1664847e-07,0.87575734,0.1079591,1.1446072e-06
/home/share/Uni_Eval/HAM10000_clean/ISIC2018/ISIC_0033805.jpg,4,4,0.012456648,0.00038248132,0.018324077,0.001105217,0.66317075,0.30439755,0.00016328513
/home/share/Uni_Eval/HAM10000_clean/ISIC2018/ISIC_0027204.jpg,4,2,0.0005490965,7.3452566e-06,0.66765934,2.3405639e-05,0.31916618,0.012593829,7.677568e-07
/home/share/Uni_Eval/HAM10000_clean/ISIC2018/ISIC_0033178.jpg,4,4,3.1611867e-06,8.263682e-05,0.00059267425,5.8262785e-06,0.714507,0.28469548,0.000113224414
/home/share/Uni_Eval/HAM10000_clean/ISIC2018/ISIC_0033023.jpg,4,4,5.7608604e-06,7.311275e-06,0.010432591,6.845541e-05,0.98559827,0.0038722006,1.5465634e-05
/home/share/Uni_Eval/HAM10000_clean/ISIC2018/ISIC_0027069.jpg,4,4,0.377977,0.02392988,0.043978468,0.0006571396,0.54437864,0.009071242,7.6557035e-06
/home/share/Uni_Eval/HAM10000_clean/ISIC2018/ISIC_0026545.jpg,4,4,0.0011080534,4.49556e-05,0.037683565,0.00108762,0.81866217,0.14141013,3.5247224e-06
/home/share/Uni_Eval/HAM10000_clean/ISIC2018/ISIC_0026268.jpg,4,2,0.012087759,8.6119726e-05,0.79085964,1.6494165e-05,0.17971554,0.01686758,0.00036681918
/home/share/Uni_Eval/HAM10000_clean/ISIC2018/ISIC_0027282.jpg,4,4,0.0009292705,0.00096402044,0.03392044,4.0757072e-06,0.9272978,0.036876272,8.2945635e-06
/home/share/Uni_Eval/HAM10000_clean/ISIC2018/ISIC_0028463.jpg,4,5,0.0016622944,0.00011953581,0.008444046,0.00021566881,0.406291,0.58325654,1.0887186e-05
/home/share/Uni_Eval/HAM10000_clean/ISIC2018/ISIC_0024823.jpg,4,4,0.00011414209,0.0039816243,0.014831196,3.4306856e-07,0.9364902,0.042645596,0.0019369998
/home/share/Uni_Eval/HAM10000_clean/ISIC2018/ISIC_0025512.jpg,4,5,0.00017476267,0.0020647086,0.06316436,3.073304e-05,0.3211378,0.61339635,3.131279e-05
/home/share/Uni_Eval/HAM10000_clean/ISIC2018/ISIC_0027622.jpg,4,4,5.675197e-05,2.7669873e-06,0.0012966971,1.0775501e-05,0.9452986,0.053331878,2.505679e-06
/home/share/Uni_Eval/HAM10000_clean/ISIC2018/ISIC_0026167.jpg,4,4,0.002169475,3.5802975e-06,0.0013720831,3.3345626e-05,0.8527172,0.143698,6.3450766e-06
/home/share/Uni_Eval/HAM10000_clean/ISIC2018/ISIC_0032134.jpg,4,4,2.3297005e-05,2.3278247e-08,0.009771378,2.810289e-07,0.98273855,0.0074639725,2.5096992e-06
/home/share/Uni_Eval/HAM10000_clean/ISIC2018/ISIC_0030756.jpg,4,4,6.904106e-05,9.761732e-07,0.0010548257,0.00020110681,0.87581503,0.12285866,3.8583642e-07
/home/share/Uni_Eval/HAM10000_clean/ISIC2018/ISIC_0030034.jpg,4,5,1.4371822e-05,0.0012733348,0.055113666,0.053154875,0.2570082,0.62761813,0.005817403
/home/share/Uni_Eval/HAM10000_clean/ISIC2018/ISIC_0025316.jpg,4,5,0.00012326532,1.1115475e-06,0.0004849767,5.906459e-07,0.061261833,0.93808043,4.784269e-05
/home/share/Uni_Eval/HAM10000_clean/ISIC2018/ISIC_0028760.jpg,4,5,3.2037602e-05,2.6799402e-05,1.03848015e-05,4.6793066e-06,0.004438542,0.99494886,0.000538712
/home/share/Uni_Eval/HAM10000_clean/ISIC2018/ISIC_0028003.jpg,4,5,1.5955125e-05,1.5585466e-07,0.0014737404,0.018887386,0.25514758,0.7244637,1.1485133e-05
/home/share/Uni_Eval/HAM10000_clean/ISIC2018/ISIC_0025145.jpg,4,4,9.4685915e-05,9.360728e-06,0.11496998,0.0101255365,0.6556757,0.21806613,0.0010586218
/home/share/Uni_Eval/HAM10000_clean/ISIC2018/ISIC_0029172.jpg,4,4,0.0057240883,0.00049951125,0.048736263,0.0022380212,0.8468009,0.09600034,9.512895e-07
/home/share/Uni_Eval/HAM10000_clean/ISIC2018/ISIC_0028543.jpg,4,5,4.4286267e-06,9.568293e-05,0.32259673,7.226871e-06,0.30760667,0.36968088,8.434343e-06
/home/share/Uni_Eval/HAM10000_clean/ISIC2018/ISIC_0027130.jpg,4,4,0.0014008905,0.005815158,0.04254393,0.00010014352,0.81894726,0.13118981,2.7917386e-06
/home/share/Uni_Eval/HAM10000_clean/ISIC2018/ISIC_0026094.jpg,4,5,0.0028556774,0.0012210007,0.008214835,2.0131114e-05,0.12000411,0.867674,1.0167666e-05
/home/share/Uni_Eval/HAM10000_clean/ISIC2018/ISIC_0024525.jpg,4,4,0.012170163,6.48058e-05,0.24040464,0.00056686625,0.53726923,0.20952283,1.5069753e-06
/home/share/Uni_Eval/HAM10000_clean/ISIC2018/ISIC_0026009.jpg,4,2,0.034699365,0.0013109943,0.8265645,0.00012478858,0.10582275,0.031476304,1.2792693e-06
/home/share/Uni_Eval/HAM10000_clean/ISIC2018/ISIC_0027030.jpg,4,4,1.3753878e-06,5.7878464e-05,0.10765779,0.00028504053,0.82217115,0.069826774,2.4900137e-08
/home/share/Uni_Eval/HAM10000_clean/ISIC2018/ISIC_0026796.jpg,4,4,0.025388185,0.0022909888,0.059000324,0.014559009,0.7981625,0.100597404,1.6077505e-06
/home/share/Uni_Eval/HAM10000_clean/ISIC2018/ISIC_0026604.jpg,4,2,0.057437,0.002202665,0.46134478,9.47752e-06,0.3294725,0.14952643,7.199055e-06
/home/share/Uni_Eval/HAM10000_clean/ISIC2018/ISIC_0024952.jpg,4,4,0.00011219362,3.5319301e-06,0.00821025,1.6510774e-05,0.90930426,0.08235309,1.944992e-07
/home/share/Uni_Eval/HAM10000_clean/ISIC2018/ISIC_0032192.jpg,4,4,0.058041707,0.00041730615,0.20383811,0.021180948,0.3739915,0.34251875,1.1684268e-05
/home/share/Uni_Eval/HAM10000_clean/ISIC2018/ISIC_0024323.jpg,4,2,0.036821533,0.00016457768,0.42051584,0.010705598,0.23815402,0.293638,4.5227534e-07
/home/share/Uni_Eval/HAM10000_clean/ISIC2018/ISIC_0027436.jpg,4,2,0.38264233,0.021519145,0.38423187,0.057225395,0.115842745,0.038529754,8.745518e-06
/home/share/Uni_Eval/HAM10000_clean/ISIC2018/ISIC_0031915.jpg,4,5,0.00025745502,3.1350686e-05,0.12693857,0.00064773986,0.26483598,0.60728717,1.7499502e-06
/home/share/Uni_Eval/HAM10000_clean/ISIC2018/ISIC_0026847.jpg,4,4,0.045328584,0.007975109,0.29253066,2.3345923e-05,0.5485699,0.105569564,2.8278637e-06
/home/share/Uni_Eval/HAM10000_clean/ISIC2018/ISIC_0029958.jpg,4,2,0.0016514638,0.00011798445,0.8085963,0.0008396996,0.18061478,0.00817891,8.11165e-07
/home/share/Uni_Eval/HAM10000_clean/ISIC2018/ISIC_0031170.jpg,4,2,3.5342268e-06,5.51106e-08,0.8822266,8.631464e-06,0.11770774,5.3281405e-05,2.0844075e-07
/home/share/Uni_Eval/HAM10000_clean/ISIC2018/ISIC_0024652.jpg,4,4,0.0007198914,5.0868834e-06,0.4705007,2.1756705e-05,0.52323294,0.0055195936,5.949738e-08
/home/share/Uni_Eval/HAM10000_clean/ISIC2018/ISIC_0030653.jpg,4,1,0.0002691803,0.5801509,0.2793872,3.2577947e-05,0.08691617,0.052975312,0.00026868324
/home/share/Uni_Eval/HAM10000_clean/ISIC2018/ISIC_0026652.jpg,4,4,0.0647111,0.003323422,0.020556508,0.03539352,0.63315123,0.24284475,1.951081e-05
/home/share/Uni_Eval/HAM10000_clean/ISIC2018/ISIC_0029885.jpg,4,4,0.19873656,0.0024155302,0.041911732,0.08994096,0.44083917,0.22613817,1.7796418e-05
/home/share/Uni_Eval/HAM10000_clean/ISIC2018/ISIC_0025814.jpg,4,4,0.00599091,0.0005357007,0.08210258,0.010546194,0.8828259,0.017994529,4.1246585e-06
/home/share/Uni_Eval/HAM10000_clean/ISIC2018/ISIC_0031550.jpg,4,5,1.0810758e-05,4.6857527e-05,0.16154653,2.0569834e-05,0.08378011,0.75459504,9.2176826e-08
/home/share/Uni_Eval/HAM10000_clean/ISIC2018/ISIC_0029893.jpg,4,4,0.04796957,0.0004583975,0.15401772,1.325293e-05,0.79463464,0.0029059262,4.5305023e-07
/home/share/Uni_Eval/HAM10000_clean/ISIC2018/ISIC_0031417.jpg,4,5,0.0049486924,0.0008927035,0.0032968507,0.0051896134,0.0059508863,0.9795926,0.00012853509
/home/share/Uni_Eval/HAM10000_clean/ISIC2018/ISIC_0024647.jpg,4,4,0.004218057,0.00021063609,0.16301024,0.00084041816,0.8298883,0.0018322559,1.0443712e-08
/home/share/Uni_Eval/HAM10000_clean/ISIC2018/ISIC_0028567.jpg,4,5,4.2732013e-06,3.1734178e-06,0.0004841091,2.7420474e-05,0.013750884,0.9857115,1.869534e-05
/home/share/Uni_Eval/HAM10000_clean/ISIC2018/ISIC_0031203.jpg,4,2,0.00011422868,0.00048087435,0.81145316,3.295229e-06,0.011086238,0.17686215,4.701225e-08
/home/share/Uni_Eval/HAM10000_clean/ISIC2018/ISIC_0024679.jpg,4,4,0.008595671,0.00047703282,0.08311863,1.7467175e-05,0.8597933,0.04799772,1.7066779e-07
/home/share/Uni_Eval/HAM10000_clean/ISIC2018/ISIC_0026690.jpg,4,4,0.00035003334,7.3393215e-07,0.0063466593,3.0827014e-05,0.6592562,0.33401528,2.590837e-07
/home/share/Uni_Eval/HAM10000_clean/ISIC2018/ISIC_0032269.jpg,4,4,0.012741415,0.0002901859,0.04816259,0.00022431338,0.91240025,0.026181098,1.4947328e-07
/home/share/Uni_Eval/HAM10000_clean/ISIC2018/ISIC_0028218.jpg,4,4,0.00787349,0.00010178555,0.006772544,6.654964e-05,0.9354952,0.04968965,7.211394e-07
/home/share/Uni_Eval/HAM10000_clean/ISIC2018/ISIC_0025105.jpg,4,4,0.0013939125,4.3816017e-05,0.02448028,0.0004040925,0.57462525,0.39905027,2.3949954e-06
/home/share/Uni_Eval/HAM10000_clean/ISIC2018/ISIC_0025766.jpg,4,4,0.010203089,0.056229826,0.010258531,3.447569e-05,0.6345346,0.28868842,5.103605e-05
/home/share/Uni_Eval/HAM10000_clean/ISIC2018/ISIC_0031410.jpg,4,4,2.1346862e-06,0.00028250157,0.057739936,0.0011777895,0.92944396,0.0038884408,0.0074653686
/home/share/Uni_Eval/HAM10000_clean/ISIC2018/ISIC_0025573.jpg,4,4,0.14201991,5.1741492e-05,0.04215977,0.00038905596,0.743645,0.071734376,1.5746002e-07
/home/share/Uni_Eval/HAM10000_clean/ISIC2018/ISIC_0032149.jpg,4,4,0.002178494,0.0032537894,0.123566285,0.0007907805,0.85140824,0.018802319,3.1007836e-08
/home/share/Uni_Eval/HAM10000_clean/ISIC2018/ISIC_0026802.jpg,4,4,0.013909669,0.0041459687,0.07379103,4.5064335e-06,0.73523927,0.17285965,4.9919767e-05
/home/share/Uni_Eval/HAM10000_clean/ISIC2018/ISIC_0031900.jpg,4,2,0.09059963,0.025501972,0.3541647,0.0016137443,0.25008655,0.2780294,4.0069217e-06
/home/share/Uni_Eval/HAM10000_clean/ISIC2018/ISIC_0031377.jpg,4,5,2.846961e-05,0.00011120693,0.009008905,8.623992e-06,0.011129027,0.9797109,2.8445197e-06
/home/share/Uni_Eval/HAM10000_clean/ISIC2018/ISIC_0031957.jpg,4,5,0.044018656,0.0008413553,0.046066795,0.0029523564,0.11237488,0.79370296,4.2998745e-05
/home/share/Uni_Eval/HAM10000_clean/ISIC2018/ISIC_0029021.jpg,4,5,0.00046227855,0.0004976532,0.01817608,1.7313028e-05,0.47661552,0.50423086,3.5213367e-07
/home/share/Uni_Eval/HAM10000_clean/ISIC2018/ISIC_0025616.jpg,4,2,0.0061499137,0.00018665162,0.745131,1.1934789e-05,0.2147008,0.03381938,2.9334177e-07
/home/share/Uni_Eval/HAM10000_clean/ISIC2018/ISIC_0028968.jpg,4,2,0.107756175,0.004104592,0.6277358,0.0005842336,0.10204617,0.15777278,3.282981e-07
/home/share/Uni_Eval/HAM10000_clean/ISIC2018/ISIC_0027797.jpg,4,5,3.871685e-05,0.002089851,0.02602248,0.0001239866,0.060841054,0.9105863,0.00029764857
/home/share/Uni_Eval/HAM10000_clean/ISIC2018/ISIC_0029486.jpg,6,5,5.0105107e-05,0.011283799,0.0012351979,0.0017791837,0.22854479,0.68420815,0.07289881
/home/share/Uni_Eval/HAM10000_clean/ISIC2018/ISIC_0026092.jpg,6,6,2.6834583e-05,0.0024625105,0.0053334157,3.278838e-06,0.0003646812,0.0011686381,0.99064064
/home/share/Uni_Eval/HAM10000_clean/ISIC2018/ISIC_0031217.jpg,6,6,6.4110606e-09,0.00023345766,1.668339e-05,4.0789557e-05,0.00065522385,0.035706505,0.9633473
/home/share/Uni_Eval/HAM10000_clean/ISIC2018/ISIC_0032240.jpg,6,6,1.6445781e-09,0.0036532807,1.674837e-06,0.00023605453,1.7888284e-05,0.00080404524,0.99528706
/home/share/Uni_Eval/HAM10000_clean/ISIC2018/ISIC_0025807.jpg,6,6,6.651623e-05,9.686202e-06,4.2592153e-05,2.1028266e-06,0.00022398333,0.0019306435,0.9977246
/home/share/Uni_Eval/HAM10000_clean/ISIC2018/ISIC_0032745.jpg,6,6,0.00035083533,0.02031526,0.0769944,0.00011684906,0.0032980975,0.16270849,0.73621607
/home/share/Uni_Eval/HAM10000_clean/ISIC2018/ISIC_0032557.jpg,6,6,0.00025101163,0.0071407515,0.019733382,2.7631182e-05,0.0036139612,0.15725009,0.81198317
/home/share/Uni_Eval/HAM10000_clean/ISIC2018/ISIC_0033230.jpg,6,1,0.0022654354,0.6904936,0.003354981,0.00196452,0.17601286,0.021534482,0.10437419
/home/share/Uni_Eval/HAM10000_clean/ISIC2018/ISIC_0033762.jpg,6,1,0.009659149,0.545507,0.0034674301,0.0022097193,0.18438458,0.0015806436,0.2531914
/home/share/Uni_Eval/HAM10000_clean/ISIC2018/ISIC_0031090.jpg,6,6,0.00020717243,0.046269327,0.0045172186,0.0009479456,0.20259042,0.0019161634,0.74355173
/home/share/Uni_Eval/HAM10000_clean/ISIC2018/ISIC_0030606.jpg,6,6,2.7639494e-08,0.00028354808,2.46614e-07,1.3419371e-06,0.00037013026,0.010904535,0.9884403
/home/share/Uni_Eval/HAM10000_clean/ISIC2018/ISIC_0031346.jpg,6,6,4.0707228e-06,3.7097114e-05,3.7078793e-05,3.297356e-07,0.00013376726,0.002055015,0.9977325
/home/share/Uni_Eval/HAM10000_clean/ISIC2018/ISIC_0031996.jpg,6,6,3.094843e-05,0.00011863238,0.00081184163,2.7302428e-06,0.00032896336,0.086723514,0.9119834
/home/share/Uni_Eval/HAM10000_clean/ISIC2018/ISIC_0029439.jpg,6,6,6.5285284e-11,2.3380173e-07,1.4150577e-08,9.4437365e-09,3.3622032e-06,1.1008093e-05,0.99998546
/home/share/Uni_Eval/HAM10000_clean/ISIC2018/ISIC_0025707.jpg,6,6,1.8360709e-10,3.5014953e-08,1.3641237e-07,6.612819e-09,1.3648244e-06,0.00062081416,0.9993777
/home/share/Uni_Eval/HAM10000_clean/ISIC2018/ISIC_0027522.jpg,6,6,8.851825e-09,1.2424989e-05,2.8079043e-08,1.872956e-08,1.7618628e-05,5.9209415e-05,0.9999107
/home/share/Uni_Eval/HAM10000_clean/ISIC2018/ISIC_0028406.jpg,6,6,1.7970211e-09,7.9051824e-07,1.228908e-08,4.7585864e-08,1.2908893e-05,7.8825986e-05,0.9999075
/home/share/Uni_Eval/HAM10000_clean/ISIC2018/ISIC_0025250.jpg,6,6,5.3742404e-08,3.2038384e-05,2.8410976e-05,1.0028178e-06,9.5314674e-05,0.0019526432,0.99789053
/home/share/Uni_Eval/HAM10000_clean/ISIC2018/ISIC_0027665.jpg,6,6,1.986965e-10,3.8774346e-07,1.6383172e-08,8.05891e-09,7.0807545e-08,0.000145983,0.9998535
/home/share/Uni_Eval/HAM10000_clean/ISIC2018/ISIC_0026467.jpg,6,6,1.4051056e-10,4.7982735e-06,1.543208e-08,4.586719e-09,4.8582198e-08,0.002457384,0.99753785
/home/share/Uni_Eval/HAM10000_clean/ISIC2018/ISIC_0025680.jpg,6,6,4.7709625e-07,1.5405719e-06,2.1553138e-05,8.5178925e-08,2.160984e-05,0.0032727025,0.9966821
/home/share/Uni_Eval/HAM10000_clean/ISIC2018/ISIC_0025718.jpg,1,1,6.272793e-05,0.8673909,0.004486295,0.00050029025,0.11168601,0.015848093,2.5797486e-05
/home/share/Uni_Eval/HAM10000_clean/ISIC2018/ISIC_0028807.jpg,1,1,0.00026836674,0.9904405,0.00271503,0.0059788073,0.00028356642,0.00029097561,2.2822509e-05
/home/share/Uni_Eval/HAM10000_clean/ISIC2018/ISIC_0024590.jpg,1,1,1.6041315e-05,0.99993837,1.2803456e-05,1.8197095e-06,2.7672406e-05,2.4350404e-06,9.1524134e-07
/home/share/Uni_Eval/HAM10000_clean/ISIC2018/ISIC_0025731.jpg,1,1,0.00041015304,0.9946367,0.0018121143,1.3099031e-05,0.0021542646,0.0006560434,0.00031770175
/home/share/Uni_Eval/HAM10000_clean/ISIC2018/ISIC_0027858.jpg,1,5,0.07620684,0.014894657,0.3147649,0.003152009,0.028234884,0.5620763,0.00067038054
/home/share/Uni_Eval/HAM10000_clean/ISIC2018/ISIC_0026643.jpg,1,3,0.061895568,0.21947156,0.02454159,0.52600735,0.005559831,0.15967909,0.0028450186
/home/share/Uni_Eval/HAM10000_clean/ISIC2018/ISIC_0032139.jpg,1,1,9.2743074e-05,0.6126775,0.06448227,5.019369e-06,0.055559147,0.26695693,0.00022632098
/home/share/Uni_Eval/HAM10000_clean/ISIC2018/ISIC_0027744.jpg,1,1,1.0769339e-05,0.9990277,0.000121388686,4.6286178e-07,0.00017513795,0.0006422864,2.2196007e-05
/home/share/Uni_Eval/HAM10000_clean/ISIC2018/ISIC_0031640.jpg,1,5,1.4193632e-05,0.18500292,0.21740012,3.650126e-05,0.11695697,0.47963265,0.00095669663
/home/share/Uni_Eval/HAM10000_clean/ISIC2018/ISIC_0030659.jpg,1,1,0.015733356,0.52733696,0.37404045,0.005069911,0.040904112,0.03576238,0.0011527822
/home/share/Uni_Eval/HAM10000_clean/ISIC2018/ISIC_0025513.jpg,1,5,0.0007491994,0.21283437,0.10963395,0.0016483836,0.14664315,0.51051444,0.017976416
/home/share/Uni_Eval/HAM10000_clean/ISIC2018/ISIC_0027478.jpg,1,1,0.043500192,0.90420246,0.0416137,3.644514e-05,0.010098249,0.00051454396,3.4400815e-05
/home/share/Uni_Eval/HAM10000_clean/ISIC2018/ISIC_0024573.jpg,1,1,2.4088335e-05,0.9993864,0.00014482223,7.1150157e-09,2.9718298e-05,0.00019116681,0.00022366807
/home/share/Uni_Eval/HAM10000_clean/ISIC2018/ISIC_0024572.jpg,1,1,0.00042155117,0.9588744,0.0011664492,0.00019195207,0.00037129986,0.019574774,0.01939962
/home/share/Uni_Eval/HAM10000_clean/ISIC2018/ISIC_0026439.jpg,1,1,0.04177551,0.596571,0.2446617,9.218485e-05,0.00566304,0.10673006,0.004506479
/home/share/Uni_Eval/HAM10000_clean/ISIC2018/ISIC_0026453.jpg,1,1,0.025123721,0.72472185,0.06144317,7.635801e-06,0.06761772,0.120051615,0.0010343316
/home/share/Uni_Eval/HAM10000_clean/ISIC2018/ISIC_0033575.jpg,1,1,0.00026141206,0.9889482,0.008273008,6.107448e-06,0.0009828915,0.0012531736,0.00027512808
/home/share/Uni_Eval/HAM10000_clean/ISIC2018/ISIC_0032894.jpg,1,1,0.00063774764,0.9809832,0.0029856204,6.395383e-05,0.011618514,0.0032171393,0.0004939149
/home/share/Uni_Eval/HAM10000_clean/ISIC2018/ISIC_0034255.jpg,1,1,0.08973438,0.3449435,0.24273652,0.004943861,0.13891871,0.17864284,8.0161146e-05
/home/share/Uni_Eval/HAM10000_clean/ISIC2018/ISIC_0027544.jpg,1,1,2.1119331e-05,0.99783933,0.00058946677,2.262131e-07,0.0013386505,0.00018542867,2.5673475e-05
/home/share/Uni_Eval/HAM10000_clean/ISIC2018/ISIC_0033354.jpg,1,1,0.0022057178,0.99619764,0.0011613611,5.904772e-06,0.00041993114,7.959542e-06,1.3904456e-06
/home/share/Uni_Eval/HAM10000_clean/ISIC2018/ISIC_0032857.jpg,1,1,0.0016567436,0.98439586,0.0025747805,0.0003873857,0.00845753,0.0024989517,2.877822e-05
/home/share/Uni_Eval/HAM10000_clean/ISIC2018/ISIC_0027786.jpg,1,1,0.01341462,0.96984607,0.002590665,0.0007678159,0.012393599,0.0006941596,0.00029307796
/home/share/Uni_Eval/HAM10000_clean/ISIC2018/ISIC_0034095.jpg,1,1,6.972954e-05,0.99691975,0.00029119634,0.00015209068,0.0015821047,0.0009822312,2.9272912e-06
/home/share/Uni_Eval/HAM10000_clean/ISIC2018/ISIC_0033551.jpg,1,1,0.00035019388,0.98890406,0.0050358977,4.886029e-06,0.0023104588,0.0028458918,0.00054867874
/home/share/Uni_Eval/HAM10000_clean/ISIC2018/ISIC_0032536.jpg,1,1,0.020532321,0.9774869,0.00042689536,0.00024585924,0.0005102203,0.0007740201,2.382762e-05
/home/share/Uni_Eval/HAM10000_clean/ISIC2018/ISIC_0033468.jpg,1,1,0.00039434482,0.8263293,0.10358377,0.00037728235,0.022556216,0.0013265123,0.04543264
/home/share/Uni_Eval/HAM10000_clean/ISIC2018/ISIC_0034015.jpg,1,1,0.00801397,0.8232545,0.0988465,6.780572e-05,0.06352121,0.0062502534,4.5795718e-05
/home/share/Uni_Eval/HAM10000_clean/ISIC2018/ISIC_0033372.jpg,1,1,0.0020746095,0.97784674,0.0067263264,1.4851351e-07,0.013067183,0.00017189032,0.00011307987
/home/share/Uni_Eval/HAM10000_clean/ISIC2018/ISIC_0029546.jpg,1,1,0.005731569,0.93588597,0.011209589,0.0006100089,0.0443351,0.0019765808,0.0002510654
/home/share/Uni_Eval/HAM10000_clean/ISIC2018/ISIC_0031643.jpg,1,1,0.027536243,0.97199583,6.6748566e-05,2.0077468e-06,0.0003567133,1.7407654e-05,2.5132851e-05
/home/share/Uni_Eval/HAM10000_clean/ISIC2018/ISIC_0026192.jpg,1,1,7.2004724e-07,0.9999404,2.2208533e-05,3.0119164e-08,3.2298343e-05,2.8559373e-07,4.081797e-06
/home/share/Uni_Eval/HAM10000_clean/ISIC2018/ISIC_0024331.jpg,1,1,0.019455073,0.97020435,0.009956455,0.0002412604,4.5950164e-05,9.572308e-05,1.1628834e-06
/home/share/Uni_Eval/HAM10000_clean/ISIC2018/ISIC_0031384.jpg,1,1,0.0074914377,0.9548258,0.01575118,0.00019778828,0.016485414,0.00522509,2.3211758e-05
/home/share/Uni_Eval/HAM10000_clean/ISIC2018/ISIC_0024595.jpg,1,1,0.0001372194,0.6505287,0.34114158,0.0004937263,0.00534899,0.00232523,2.4489556e-05
/home/share/Uni_Eval/HAM10000_clean/ISIC2018/ISIC_0024665.jpg,1,1,0.0003308136,0.6697507,0.013802247,0.015926318,0.017523646,0.28261828,4.798274e-05
/home/share/Uni_Eval/HAM10000_clean/ISIC2018/ISIC_0029129.jpg,1,0,0.5205459,0.4774958,0.0002247239,6.79002e-05,0.0016461799,1.1631774e-05,7.913533e-06
/home/share/Uni_Eval/HAM10000_clean/ISIC2018/ISIC_0025433.jpg,1,1,0.004107297,0.97468096,0.009681876,0.0014509399,0.009034455,0.0010356946,8.755036e-06
/home/share/Uni_Eval/HAM10000_clean/ISIC2018/ISIC_0026968.jpg,1,1,0.0003838033,0.9993955,0.00010825174,1.9762983e-06,8.88473e-05,2.1397398e-05,1.7428792e-07
/home/share/Uni_Eval/HAM10000_clean/ISIC2018/ISIC_0026156.jpg,1,1,0.0016960384,0.993378,0.004385445,1.24576045e-05,0.0005230556,4.945671e-06,4.1872095e-08
/home/share/Uni_Eval/HAM10000_clean/ISIC2018/ISIC_0031597.jpg,1,2,0.027316138,0.011456086,0.7335889,0.016598303,0.15664278,0.054270685,0.00012719004
/home/share/Uni_Eval/HAM10000_clean/ISIC2018/ISIC_0026798.jpg,1,5,0.014570808,0.30518928,0.0101884315,0.025459213,0.0010038902,0.6433294,0.00025895826
/home/share/Uni_Eval/HAM10000_clean/ISIC2018/ISIC_0027915.jpg,1,1,0.22478284,0.66722363,0.006446765,0.0016638812,0.0991856,0.0005805819,0.00011670182
/home/share/Uni_Eval/HAM10000_clean/ISIC2018/ISIC_0027189.jpg,1,0,0.8803635,0.115872726,0.0030328948,0.00022022094,0.0005045166,5.7751254e-06,3.9228212e-07
/home/share/Uni_Eval/HAM10000_clean/ISIC2018/ISIC_0025266.jpg,1,1,0.0034337763,0.9134488,0.08076029,1.9479277e-05,0.0017201932,0.0001521038,0.0004653298
/home/share/Uni_Eval/HAM10000_clean/ISIC2018/ISIC_0032307.jpg,1,0,0.62184054,0.34439984,0.02871286,5.9756094e-05,0.004746645,0.000223817,1.6508275e-05
/home/share/Uni_Eval/HAM10000_clean/ISIC2018/ISIC_0026845.jpg,1,1,0.051536888,0.5364419,0.09030414,0.07216217,0.23858006,0.0075636,0.0034112078
/home/share/Uni_Eval/HAM10000_clean/ISIC2018/ISIC_0024448.jpg,1,1,0.0005082262,0.99836415,0.0004782067,1.6186412e-05,0.0005939112,3.025243e-05,9.051103e-06
/home/share/Uni_Eval/HAM10000_clean/ISIC2018/ISIC_0031258.jpg,1,1,0.00021822924,0.98478335,0.013155355,8.253887e-05,0.000847696,0.00088269846,3.0122568e-05
/home/share/Uni_Eval/HAM10000_clean/ISIC2018/ISIC_0030197.jpg,1,1,0.1389173,0.68460536,0.101756945,7.326274e-05,0.0712724,0.0033739966,6.524841e-07
/home/share/Uni_Eval/HAM10000_clean/ISIC2018/ISIC_0028989.jpg,1,2,0.24212325,0.25211096,0.41501954,0.01532648,0.04030902,0.035109337,1.4472498e-06
/home/share/Uni_Eval/HAM10000_clean/ISIC2018/ISIC_0031728.jpg,1,5,0.0016479692,0.41438806,0.0076025045,0.0029903185,0.03107025,0.5422509,5.0007777e-05
/home/share/Uni_Eval/HAM10000_clean/ISIC2018/ISIC_0029082.jpg,1,1,0.0009468097,0.97037256,0.019776305,0.0011814506,0.0013531048,0.0054099713,0.000959829
/home/share/Uni_Eval/HAM10000_clean/ISIC2018/ISIC_0025601.jpg,1,1,9.204997e-05,0.8489023,0.04109994,0.0020403792,0.0019476156,0.10579162,0.00012618124
/home/share/Uni_Eval/HAM10000_clean/ISIC2018/ISIC_0025362.jpg,1,1,0.004329571,0.96005005,0.035544403,1.8803595e-07,2.2153474e-05,4.815447e-05,5.487931e-06
/home/share/Uni_Eval/HAM10000_clean/ISIC2018/ISIC_0027093.jpg,1,1,0.012364105,0.9603094,0.027198516,3.8759208e-07,2.5386813e-05,7.698411e-05,2.5361016e-05
/home/share/Uni_Eval/HAM10000_clean/ISIC2018/ISIC_0032246.jpg,1,1,0.13328847,0.84603775,0.015361209,0.0048502893,0.00040640356,5.537476e-05,5.5471435e-07
/home/share/Uni_Eval/HAM10000_clean/ISIC2018/ISIC_0027229.jpg,1,2,0.0029147782,0.04092003,0.58080006,7.037378e-05,0.26172775,0.1131341,0.00043290362
/home/share/Uni_Eval/HAM10000_clean/ISIC2018/ISIC_0027004.jpg,1,2,0.019274253,0.18628412,0.6304561,3.5515575e-05,0.053136047,0.110623665,0.00019029665
/home/share/Uni_Eval/HAM10000_clean/ISIC2018/ISIC_0031171.jpg,1,0,0.77625173,0.085835904,0.02833091,0.036844574,0.0041152644,0.059121143,0.009500518
/home/share/Uni_Eval/HAM10000_clean/ISIC2018/ISIC_0025530.jpg,1,1,0.14588742,0.80821776,0.023875015,0.01852544,0.0034121946,8.075289e-05,1.4517996e-06
/home/share/Uni_Eval/HAM10000_clean/ISIC2018/ISIC_0024345.jpg,1,1,0.044496678,0.95121694,0.000574532,0.00044026755,0.0004909191,0.0026035479,0.0001771479
/home/share/Uni_Eval/HAM10000_clean/ISIC2018/ISIC_0024550.jpg,1,1,0.015609305,0.97680366,0.0037351479,0.0036197219,0.00019764745,2.0476438e-05,1.4148756e-05
/home/share/Uni_Eval/HAM10000_clean/ISIC2018/ISIC_0024833.jpg,1,1,0.0014557653,0.95536053,0.00874594,0.0004339097,0.0069550104,0.027011685,3.717175e-05
/home/share/Uni_Eval/HAM10000_clean/ISIC2018/ISIC_0030915.jpg,1,1,0.0047156485,0.9587628,0.023321817,4.3443742e-05,0.0020561032,0.01108881,1.1351281e-05
/home/share/Uni_Eval/HAM10000_clean/ISIC2018/ISIC_0029745.jpg,1,1,0.0017276624,0.9972209,0.00020856259,1.8176142e-07,0.0007278127,8.605882e-05,2.8737984e-05
/home/share/Uni_Eval/HAM10000_clean/ISIC2018/ISIC_0029680.jpg,1,1,0.010821064,0.9190311,0.010746816,0.0017242049,0.055952575,0.0017095825,1.4756177e-05
/home/share/Uni_Eval/HAM10000_clean/ISIC2018/ISIC_0031298.jpg,1,1,0.015558296,0.97207963,0.012257186,3.5675002e-05,6.634742e-05,2.2842507e-06,4.6589668e-07
/home/share/Uni_Eval/HAM10000_clean/ISIC2018/ISIC_0027595.jpg,1,1,0.0011370323,0.9723736,0.0077143637,0.0032752138,0.0022778395,0.013195878,2.604852e-05
/home/share/Uni_Eval/HAM10000_clean/ISIC2018/ISIC_0026154.jpg,1,0,0.5314377,0.05436375,0.006311048,0.000307283,0.40698665,0.00059095334,2.6152964e-06
/home/share/Uni_Eval/HAM10000_clean/ISIC2018/ISIC_0029501.jpg,1,1,0.0002515416,0.9581083,0.039060257,1.4644021e-05,0.00083942414,0.0017254741,4.3031233e-07
/home/share/Uni_Eval/HAM10000_clean/ISIC2018/ISIC_0027920.jpg,1,1,5.2982105e-05,0.99837613,0.00025403485,2.2718901e-05,8.197448e-05,0.0011123158,9.980076e-05
/home/share/Uni_Eval/HAM10000_clean/ISIC2018/ISIC_0027788.jpg,1,1,0.00066804164,0.99875534,0.00028257465,0.00017143432,6.617556e-05,1.7702465e-05,3.872079e-05
/home/share/Uni_Eval/HAM10000_clean/ISIC2018/ISIC_0031263.jpg,1,1,0.0076314723,0.9801445,0.012169767,4.7866897e-06,7.601433e-06,4.1468455e-05,4.299e-07
/home/share/Uni_Eval/HAM10000_clean/ISIC2018/ISIC_0024931.jpg,1,1,3.855236e-05,0.999204,0.00010061632,3.1828137e-07,0.00020163097,0.00045223194,2.577262e-06
/home/share/Uni_Eval/HAM10000_clean/ISIC2018/ISIC_0031971.jpg,1,1,0.0010722125,0.99812096,0.000101647514,6.0121697e-06,0.00066039996,3.715469e-05,1.517626e-06
/home/share/Uni_Eval/HAM10000_clean/ISIC2018/ISIC_0028978.jpg,1,3,0.00016900411,0.07448364,0.0120830415,0.5295783,0.29599866,0.08127469,0.006412569
/home/share/Uni_Eval/HAM10000_clean/ISIC2018/ISIC_0028502.jpg,5,5,3.1481265e-10,2.1859739e-10,5.9056883e-06,3.96375e-06,4.7943445e-06,0.99998486,4.6830584e-07
/home/share/Uni_Eval/HAM10000_clean/ISIC2018/ISIC_0028239.jpg,5,5,2.2950286e-07,2.3474892e-07,0.00014668732,7.9784155e-07,0.0002800614,0.9995702,1.7886464e-06
/home/share/Uni_Eval/HAM10000_clean/ISIC2018/ISIC_0029624.jpg,5,5,1.6263886e-07,6.633406e-08,0.0025689292,3.894647e-06,0.017925587,0.9795013,2.168063e-08
/home/share/Uni_Eval/HAM10000_clean/ISIC2018/ISIC_0029961.jpg,5,5,1.7794177e-10,8.4807695e-08,0.00011463144,1.10335465e-08,0.00048079973,0.9994043,1.1188212e-07
/home/share/Uni_Eval/HAM10000_clean/ISIC2018/ISIC_0026583.jpg,5,5,1.1102893e-06,3.6597783e-05,0.0036039874,2.0581297e-06,0.00032773445,0.9957717,0.00025688624
/home/share/Uni_Eval/HAM10000_clean/ISIC2018/ISIC_0025457.jpg,5,5,0.00048172526,2.5205465e-05,0.03906678,2.2961049e-05,0.0013005845,0.95894474,0.00015805576
/home/share/Uni_Eval/HAM10000_clean/ISIC2018/ISIC_0028455.jpg,5,5,9.850191e-09,2.7703583e-08,0.00020254176,7.485467e-07,6.233114e-05,0.999728,6.415418e-06
/home/share/Uni_Eval/HAM10000_clean/ISIC2018/ISIC_0025723.jpg,5,5,2.694365e-06,5.1732077e-06,0.0005800975,1.1552948e-05,0.0067961705,0.99260265,1.5836213e-06
/home/share/Uni_Eval/HAM10000_clean/ISIC2018/ISIC_0024872.jpg,5,5,2.526219e-07,2.2283708e-05,0.0004926417,3.126335e-05,0.0011756152,0.9982639,1.4043615e-05
/home/share/Uni_Eval/HAM10000_clean/ISIC2018/ISIC_0025143.jpg,5,5,2.9574906e-06,4.8485653e-08,0.00047207793,0.00010243033,0.0047594123,0.99465394,9.1131005e-06
/home/share/Uni_Eval/HAM10000_clean/ISIC2018/ISIC_0031926.jpg,5,5,0.00034401848,5.000223e-05,0.021361273,1.6420174e-05,0.04287915,0.9353262,2.3033213e-05
/home/share/Uni_Eval/HAM10000_clean/ISIC2018/ISIC_0028164.jpg,5,5,2.8486242e-05,4.3307754e-08,0.0030353337,1.1735021e-05,0.06658288,0.93034136,1.8290768e-07
/home/share/Uni_Eval/HAM10000_clean/ISIC2018/ISIC_0032317.jpg,5,5,3.9469617e-07,3.0508865e-05,0.00010920196,6.248462e-06,0.00018167145,0.9996587,1.3330497e-05
/home/share/Uni_Eval/HAM10000_clean/ISIC2018/ISIC_0025053.jpg,5,5,8.478489e-08,4.6253668e-09,3.856745e-05,6.862539e-07,0.00022187646,0.99973804,7.504927e-07
/home/share/Uni_Eval/HAM10000_clean/ISIC2018/ISIC_0024357.jpg,5,5,1.9433353e-05,5.4436136e-06,0.013441253,0.00015815644,0.009941251,0.9762926,0.00014183462
/home/share/Uni_Eval/HAM10000_clean/ISIC2018/ISIC_0028889.jpg,5,5,5.7654916e-07,9.2049866e-08,0.00036353173,4.7460566e-05,0.005354429,0.99423355,3.9467355e-07
/home/share/Uni_Eval/HAM10000_clean/ISIC2018/ISIC_0028302.jpg,5,5,5.0748704e-06,5.956304e-05,0.0009353297,6.873838e-05,0.022402266,0.9765205,8.5742695e-06
/home/share/Uni_Eval/HAM10000_clean/ISIC2018/ISIC_0026172.jpg,5,5,1.3181621e-09,4.774195e-06,2.8854258e-05,3.7058558e-06,0.00072561775,0.99923146,5.670016e-06
/home/share/Uni_Eval/HAM10000_clean/ISIC2018/ISIC_0031604.jpg,5,5,1.4320389e-07,1.0645437e-06,0.0025370854,1.3413585e-07,0.011962095,0.98543257,6.6935536e-05
/home/share/Uni_Eval/HAM10000_clean/ISIC2018/ISIC_0027808.jpg,5,5,1.0584764e-06,2.8312146e-08,0.0012888312,3.1120173e-06,0.001032251,0.9976675,7.2325806e-06
/home/share/Uni_Eval/HAM10000_clean/ISIC2018/ISIC_0025416.jpg,5,5,5.145928e-07,6.845674e-08,0.00013483355,6.9992993e-06,0.007151841,0.9927053,4.4753475e-07
/home/share/Uni_Eval/HAM10000_clean/ISIC2018/ISIC_0027339.jpg,5,5,2.7966958e-06,1.4857927e-06,0.010550005,5.9952272e-05,0.031789806,0.95759076,5.217974e-06
/home/share/Uni_Eval/HAM10000_clean/ISIC2018/ISIC_0031997.jpg,5,5,3.8533404e-08,6.0136204e-06,8.860528e-05,6.241507e-07,0.027076902,0.97275835,6.9489666e-05
/home/share/Uni_Eval/HAM10000_clean/ISIC2018/ISIC_0030669.jpg,5,5,1.997105e-06,3.782376e-08,1.539748e-05,0.000102961305,0.000596041,0.9992829,7.571572e-07
/home/share/Uni_Eval/HAM10000_clean/ISIC2018/ISIC_0025364.jpg,5,5,0.00052925845,2.7575014e-05,0.0011012894,6.916756e-06,0.0040886193,0.99421126,3.5014375e-05
/home/share/Uni_Eval/HAM10000_clean/ISIC2018/ISIC_0026234.jpg,5,5,0.00064979924,0.0047112214,0.0260476,4.1675426e-05,0.088887826,0.87114316,0.008518767
/home/share/Uni_Eval/HAM10000_clean/ISIC2018/ISIC_0024365.jpg,5,5,5.9815464e-10,6.4719536e-09,1.9415787e-05,2.941731e-07,1.5723512e-06,0.9999784,3.2761875e-07
/home/share/Uni_Eval/HAM10000_clean/ISIC2018/ISIC_0029293.jpg,5,5,6.660594e-08,5.342514e-08,4.0419956e-05,5.1261755e-05,0.053206183,0.9467008,1.3009986e-06
/home/share/Uni_Eval/HAM10000_clean/ISIC2018/ISIC_0027717.jpg,5,5,1.4145571e-05,0.00016892883,0.0073685255,0.00011410517,0.12983456,0.8624454,5.4373882e-05
/home/share/Uni_Eval/HAM10000_clean/ISIC2018/ISIC_0027732.jpg,5,5,4.414746e-09,1.8284456e-07,0.00020613571,9.629082e-07,3.6368045e-05,0.9997558,4.6657786e-07
/home/share/Uni_Eval/HAM10000_clean/ISIC2018/ISIC_0028395.jpg,5,5,0.0006202987,6.723641e-06,0.101580955,1.1111522e-05,0.0015269808,0.8962505,3.394975e-06
/home/share/Uni_Eval/HAM10000_clean/ISIC2018/ISIC_0027426.jpg,5,5,3.2452512e-09,8.45806e-10,0.00015399633,4.6356117e-08,0.0033561885,0.9964897,7.147994e-08
/home/share/Uni_Eval/HAM10000_clean/ISIC2018/ISIC_0027195.jpg,5,5,7.720299e-06,1.3754958e-07,0.0064326297,1.561047e-06,0.016751625,0.9768002,6.1739606e-06
/home/share/Uni_Eval/HAM10000_clean/ISIC2018/ISIC_0026098.jpg,5,5,1.2089095e-07,1.4268214e-07,0.0009247478,8.010057e-06,0.00024833414,0.9988164,2.3038822e-06
/home/share/Uni_Eval/HAM10000_clean/ISIC2018/ISIC_0029336.jpg,5,5,4.6138894e-07,1.7578728e-05,0.06717759,0.00019786105,0.006091369,0.9263972,0.00011795279
/home/share/Uni_Eval/HAM10000_clean/ISIC2018/ISIC_0032100.jpg,5,5,9.636953e-08,5.757317e-09,0.0026220726,6.4028845e-06,0.0033027115,0.99406224,6.435821e-06
/home/share/Uni_Eval/HAM10000_clean/ISIC2018/ISIC_0031453.jpg,5,5,1.5500342e-07,1.03957056e-07,0.00015390114,2.754103e-07,0.0017886863,0.9980568,9.2083276e-08
/home/share/Uni_Eval/HAM10000_clean/ISIC2018/ISIC_0026242.jpg,5,5,5.467017e-07,2.1286069e-06,0.0028789465,3.76506e-08,0.002352887,0.99476516,3.471483e-07
/home/share/Uni_Eval/HAM10000_clean/ISIC2018/ISIC_0028282.jpg,5,5,2.6594068e-06,4.6468253e-05,0.0010673387,3.1094536e-05,0.00094961224,0.9966588,0.0012439928
/home/share/Uni_Eval/HAM10000_clean/ISIC2018/ISIC_0028639.jpg,5,5,7.529161e-06,0.00092846114,0.032866202,6.6432614e-05,0.003589305,0.9595316,0.0030104127
/home/share/Uni_Eval/HAM10000_clean/ISIC2018/ISIC_0028136.jpg,5,5,9.475113e-08,2.8189797e-08,0.00038046634,2.1918246e-05,0.0075459387,0.9920516,5.3111954e-08
/home/share/Uni_Eval/HAM10000_clean/ISIC2018/ISIC_0026283.jpg,5,5,2.6690368e-05,1.6460246e-05,0.023167923,0.0017455337,0.00046324873,0.9745369,4.3184475e-05
/home/share/Uni_Eval/HAM10000_clean/ISIC2018/ISIC_0027416.jpg,5,5,0.00025881053,9.1994747e-07,0.0023486554,4.187983e-05,0.020984266,0.9754185,0.00094691844
/home/share/Uni_Eval/HAM10000_clean/ISIC2018/ISIC_0025930.jpg,5,5,3.2730617e-07,4.9356106e-05,0.00025555587,0.0001443819,0.023801954,0.97385794,0.001890469
/home/share/Uni_Eval/HAM10000_clean/ISIC2018/ISIC_0029815.jpg,5,5,7.6784056e-07,2.2965947e-05,6.627423e-07,2.8444006e-06,0.0015479369,0.9984244,3.814839e-07
/home/share/Uni_Eval/HAM10000_clean/ISIC2018/ISIC_0032011.jpg,5,5,6.888552e-08,3.065451e-09,0.00020589352,1.4842212e-07,0.0001730345,0.99962056,2.6476266e-07
/home/share/Uni_Eval/HAM10000_clean/ISIC2018/ISIC_0030540.jpg,5,5,2.686472e-06,8.3768157e-07,0.039085712,2.9011342e-06,0.01823642,0.94266117,1.0235041e-05
/home/share/Uni_Eval/HAM10000_clean/ISIC2018/ISIC_0025366.jpg,2,5,1.8661243e-07,6.1883384e-07,0.00021067046,3.252261e-07,0.00027595513,0.99950635,5.843464e-06
/home/share/Uni_Eval/HAM10000_clean/ISIC2018/ISIC_0031229.jpg,5,5,6.192809e-07,7.592441e-08,0.00011630991,2.2791679e-05,0.00087937654,0.99898046,3.0343563e-07
/home/share/Uni_Eval/HAM10000_clean/ISIC2018/ISIC_0031777.jpg,5,5,5.3544027e-09,1.4381209e-07,5.745762e-05,1.8855057e-07,0.00063929893,0.9993026,2.2719021e-07
/home/share/Uni_Eval/HAM10000_clean/ISIC2018/ISIC_0025558.jpg,5,5,5.411818e-06,1.1161934e-06,0.0009005022,8.551781e-05,0.00040181354,0.9985953,1.04214005e-05
/home/share/Uni_Eval/HAM10000_clean/ISIC2018/ISIC_0028007.jpg,5,5,6.436753e-09,7.723861e-07,0.0045533124,3.2798669e-06,0.00021919896,0.99521893,4.318406e-06
/home/share/Uni_Eval/HAM10000_clean/ISIC2018/ISIC_0028768.jpg,5,5,4.579856e-09,1.2601404e-07,0.00035466868,9.631285e-07,0.00028394634,0.99853706,0.00082319183
/home/share/Uni_Eval/HAM10000_clean/ISIC2018/ISIC_0028137.jpg,5,5,2.0183409e-06,9.5109776e-08,0.0012453567,7.300436e-07,2.306127e-05,0.99872833,4.2803663e-07
/home/share/Uni_Eval/HAM10000_clean/ISIC2018/ISIC_0025255.jpg,5,5,5.406589e-07,4.939068e-09,0.0050422796,9.819386e-08,0.017634146,0.9773213,1.5684176e-06
/home/share/Uni_Eval/HAM10000_clean/ISIC2018/ISIC_0032453.jpg,5,5,3.6681581e-06,6.299977e-08,0.0018184409,4.816174e-06,0.013665421,0.9844988,8.808185e-06
/home/share/Uni_Eval/HAM10000_clean/ISIC2018/ISIC_0028546.jpg,5,5,1.45473e-07,4.6762016e-06,5.9140446e-05,4.9825544e-06,0.00028108057,0.999595,5.4978533e-05
/home/share/Uni_Eval/HAM10000_clean/ISIC2018/ISIC_0031174.jpg,5,5,9.626751e-07,6.8157334e-07,0.003364304,2.2253034e-06,0.00020468574,0.99642074,6.3008815e-06
/home/share/Uni_Eval/HAM10000_clean/ISIC2018/ISIC_0026836.jpg,5,5,5.39692e-05,3.3628035e-06,0.006310136,6.526575e-07,0.010115381,0.98351383,2.6013402e-06
/home/share/Uni_Eval/HAM10000_clean/ISIC2018/ISIC_0026613.jpg,5,5,2.7952774e-08,4.1786912e-05,0.0010375486,4.8989015e-05,0.0016237746,0.99701416,0.00023370571
/home/share/Uni_Eval/HAM10000_clean/ISIC2018/ISIC_0027843.jpg,5,5,6.360905e-08,4.4309508e-07,1.7146576e-05,1.1708084e-06,8.859034e-05,0.9998902,2.2576169e-06
/home/share/Uni_Eval/HAM10000_clean/ISIC2018/ISIC_0030797.jpg,5,5,8.748991e-05,7.713509e-07,5.3662578e-05,1.2778671e-05,0.0075358795,0.99228173,2.7586955e-05
/home/share/Uni_Eval/HAM10000_clean/ISIC2018/ISIC_0027939.jpg,5,5,3.4961673e-07,4.7352069e-07,0.0016814406,4.8847316e-05,0.036416527,0.96184844,3.9273527e-06
/home/share/Uni_Eval/HAM10000_clean/ISIC2018/ISIC_0031947.jpg,5,5,1.9261908e-09,9.591846e-10,6.067165e-06,4.5029243e-08,4.639436e-05,0.9999474,1.5162698e-07
/home/share/Uni_Eval/HAM10000_clean/ISIC2018/ISIC_0029675.jpg,5,5,5.9269273e-06,1.985434e-05,0.0008774816,2.1240196e-06,0.00041299904,0.99860424,7.7351004e-05
/home/share/Uni_Eval/HAM10000_clean/ISIC2018/ISIC_0032426.jpg,5,5,8.400427e-09,1.6522756e-07,4.1794818e-05,6.8044924e-06,0.0005034413,0.99944776,1.05573015e-07
/home/share/Uni_Eval/HAM10000_clean/ISIC2018/ISIC_0031571.jpg,5,5,2.838888e-05,6.3343094e-07,0.004012942,4.409328e-06,0.00806785,0.98788494,9.2761155e-07
/home/share/Uni_Eval/HAM10000_clean/ISIC2018/ISIC_0030120.jpg,5,5,6.5633285e-05,3.8680562e-05,0.00062444806,0.00047624123,0.0027013922,0.99573106,0.0003625155
/home/share/Uni_Eval/HAM10000_clean/ISIC2018/ISIC_0025878.jpg,5,5,3.0513795e-05,7.411562e-05,0.0063351477,6.512922e-06,0.004215995,0.9893328,4.9959453e-06
/home/share/Uni_Eval/HAM10000_clean/ISIC2018/ISIC_0025613.jpg,5,5,1.3009336e-05,6.5157377e-07,0.0036413148,6.972516e-05,0.0015603867,0.9947043,1.0626451e-05
/home/share/Uni_Eval/HAM10000_clean/ISIC2018/ISIC_0027085.jpg,5,5,9.985785e-08,2.2030885e-07,0.0014851815,1.6514658e-06,8.105479e-05,0.9984297,2.0491623e-06
/home/share/Uni_Eval/HAM10000_clean/ISIC2018/ISIC_0028933.jpg,5,5,2.8401699e-08,3.6615546e-09,3.0585037e-05,1.8683344e-06,0.00035727312,0.9996061,4.1298467e-06
/home/share/Uni_Eval/HAM10000_clean/ISIC2018/ISIC_0027356.jpg,5,5,1.1706916e-05,5.9361202e-08,0.053232186,4.255384e-05,0.0019882899,0.94472146,3.6475692e-06
/home/share/Uni_Eval/HAM10000_clean/ISIC2018/ISIC_0030836.jpg,5,5,0.00064696267,7.6143488e-06,0.10426443,3.4630157e-05,0.0019345053,0.8929537,0.00015818015
/home/share/Uni_Eval/HAM10000_clean/ISIC2018/ISIC_0030204.jpg,5,5,6.6955187e-07,2.0501147e-06,0.13976544,3.8545066e-05,9.451439e-05,0.86007774,2.1078617e-05
/home/share/Uni_Eval/HAM10000_clean/ISIC2018/ISIC_0028242.jpg,5,5,1.0019257e-06,1.03930496e-07,0.0006245236,1.2346343e-06,0.0004058018,0.9989673,5.0537707e-08
/home/share/Uni_Eval/HAM10000_clean/ISIC2018/ISIC_0024856.jpg,5,5,3.4589426e-05,4.486089e-05,0.00034417596,6.864066e-05,0.0022006906,0.9961343,0.0011727734
/home/share/Uni_Eval/HAM10000_clean/ISIC2018/ISIC_0028775.jpg,5,5,2.5760912e-05,0.0015490178,0.01424163,0.00010057614,3.87888e-05,0.9839971,4.7142727e-05
/home/share/Uni_Eval/HAM10000_clean/ISIC2018/ISIC_0025910.jpg,5,5,4.698065e-08,2.7385543e-06,0.0020004564,0.0010823996,0.0045864712,0.99227214,5.5704855e-05
/home/share/Uni_Eval/HAM10000_clean/ISIC2018/ISIC_0031392.jpg,5,5,8.507882e-08,4.346091e-07,0.0013265922,1.10505376e-07,0.0012080476,0.99746466,4.1566487e-08
/home/share/Uni_Eval/HAM10000_clean/ISIC2018/ISIC_0031909.jpg,5,5,2.0952658e-08,1.0276051e-07,1.20479535e-05,3.0843946e-08,2.8496584e-05,0.99995756,1.7529442e-06
/home/share/Uni_Eval/HAM10000_clean/ISIC2018/ISIC_0029274.jpg,5,5,1.4022951e-05,8.600644e-06,0.42840984,1.461542e-05,0.0050081355,0.56650096,4.3812634e-05
/home/share/Uni_Eval/HAM10000_clean/ISIC2018/ISIC_0029972.jpg,5,5,3.86611e-06,8.759322e-09,0.00034862923,1.642109e-05,1.653873e-05,0.9996138,6.954596e-07
/home/share/Uni_Eval/HAM10000_clean/ISIC2018/ISIC_0027373.jpg,5,5,3.742407e-06,3.989178e-06,0.0009217246,9.971856e-08,7.33279e-05,0.9989938,3.300034e-06
/home/share/Uni_Eval/HAM10000_clean/ISIC2018/ISIC_0024556.jpg,5,5,1.2264141e-07,1.73339e-05,0.0007350763,1.987497e-05,0.04861534,0.9504878,0.0001245044
/home/share/Uni_Eval/HAM10000_clean/ISIC2018/ISIC_0027157.jpg,5,5,8.507669e-07,5.1496e-06,0.0005790528,6.1870564e-06,0.0031781762,0.99622995,7.250159e-07
/home/share/Uni_Eval/HAM10000_clean/ISIC2018/ISIC_0032288.jpg,5,5,8.1825515e-09,6.570155e-08,0.00021935915,2.9967845e-07,0.0006257985,0.99915326,1.1273221e-06
/home/share/Uni_Eval/HAM10000_clean/ISIC2018/ISIC_0024534.jpg,5,5,2.6820733e-06,1.4548576e-08,0.00023518795,1.3518709e-06,0.001628266,0.9981324,2.2695923e-07
/home/share/Uni_Eval/HAM10000_clean/ISIC2018/ISIC_0031313.jpg,5,5,1.965587e-07,3.360756e-07,0.00022149434,1.6732316e-06,0.0035939536,0.996182,2.5420485e-07
/home/share/Uni_Eval/HAM10000_clean/ISIC2018/ISIC_0028813.jpg,5,5,1.4877249e-07,7.1528024e-09,0.0029757184,4.049804e-08,0.0014579213,0.9955662,5.0302575e-08
/home/share/Uni_Eval/HAM10000_clean/ISIC2018/ISIC_0027482.jpg,5,5,1.0599394e-07,2.1580272e-08,0.0026270081,4.6906348e-07,0.02534799,0.9720242,1.9327624e-07
/home/share/Uni_Eval/HAM10000_clean/ISIC2018/ISIC_0026689.jpg,5,5,3.4726808e-09,1.8467048e-07,0.00019797131,3.9265947e-07,0.00390244,0.9958859,1.3053976e-05
/home/share/Uni_Eval/HAM10000_clean/ISIC2018/ISIC_0032419.jpg,5,5,9.116797e-06,0.00021380471,0.0053232484,8.5609845e-06,0.0037896868,0.98912805,0.0015275767
/home/share/Uni_Eval/HAM10000_clean/ISIC2018/ISIC_0028985.jpg,5,5,5.0227944e-10,1.994928e-07,0.00018916723,3.5541228e-07,0.0025158024,0.9972921,2.3684293e-06
/home/share/Uni_Eval/HAM10000_clean/ISIC2018/ISIC_0029335.jpg,5,5,9.263359e-09,1.0616703e-05,0.00038832528,2.301945e-06,7.00347e-05,0.99952805,7.858353e-07
/home/share/Uni_Eval/HAM10000_clean/ISIC2018/ISIC_0030351.jpg,5,5,2.8495552e-07,1.2046941e-07,0.000640235,1.4061635e-07,0.00021485513,0.999137,7.396956e-06
/home/share/Uni_Eval/HAM10000_clean/ISIC2018/ISIC_0026994.jpg,5,5,4.515589e-05,1.2258542e-05,0.0010932668,1.1056386e-06,0.0001329582,0.9987147,6.6958245e-07
/home/share/Uni_Eval/HAM10000_clean/ISIC2018/ISIC_0029111.jpg,5,5,6.540704e-08,1.2474559e-08,0.00011053841,3.1059724e-07,4.25098e-05,0.99984646,8.577153e-08
/home/share/Uni_Eval/HAM10000_clean/ISIC2018/ISIC_0031114.jpg,5,5,0.0007693457,3.8656067e-06,0.00025035377,0.00086903817,0.00015328066,0.9978769,7.7247656e-05
/home/share/Uni_Eval/HAM10000_clean/ISIC2018/ISIC_0025146.jpg,5,5,5.8713413e-06,2.810794e-06,0.007918462,3.7967818e-06,0.00052522565,0.99153394,9.887892e-06
/home/share/Uni_Eval/HAM10000_clean/ISIC2018/ISIC_0027600.jpg,5,5,0.00033140669,8.566973e-06,0.0031309593,0.00026525152,0.0040475507,0.9921638,5.2435353e-05
/home/share/Uni_Eval/HAM10000_clean/ISIC2018/ISIC_0024804.jpg,5,5,1.0261005e-05,2.6763267e-08,1.5250858e-05,5.301177e-07,0.000645533,0.999323,5.449516e-06
/home/share/Uni_Eval/HAM10000_clean/ISIC2018/ISIC_0032266.jpg,5,5,2.5321997e-05,5.0135736e-07,0.00045640994,6.196912e-06,0.00083968655,0.99866426,7.651377e-06
/home/share/Uni_Eval/HAM10000_clean/ISIC2018/ISIC_0026415.jpg,5,5,3.354076e-07,1.4717233e-06,0.0013578356,3.3948677e-06,0.00070434593,0.99791235,2.0226504e-05
/home/share/Uni_Eval/HAM10000_clean/ISIC2018/ISIC_0030524.jpg,5,5,4.9045383e-08,6.888442e-07,0.00043944467,8.4881174e-07,0.00012900578,0.99936014,6.985426e-05
/home/share/Uni_Eval/HAM10000_clean/ISIC2018/ISIC_0030679.jpg,5,5,7.4110017e-06,2.3955403e-07,0.004111234,3.7437153e-06,0.0011819268,0.9946944,9.857955e-07
/home/share/Uni_Eval/HAM10000_clean/ISIC2018/ISIC_0026740.jpg,5,5,1.3052202e-08,1.0355366e-06,9.998227e-05,2.167383e-06,0.004119495,0.9957321,4.522096e-05
/home/share/Uni_Eval/HAM10000_clean/ISIC2018/ISIC_0028712.jpg,5,5,1.2088667e-07,4.3254863e-07,0.0004508189,1.0114165e-07,0.00054926163,0.9989925,6.6462853e-06
/home/share/Uni_Eval/HAM10000_clean/ISIC2018/ISIC_0024379.jpg,5,5,0.00012477396,1.120977e-08,0.001193286,1.7517474e-06,0.0018986473,0.9967783,3.1662291e-06
/home/share/Uni_Eval/HAM10000_clean/ISIC2018/ISIC_0030237.jpg,5,5,1.5818826e-07,1.565883e-08,7.988785e-05,8.075098e-08,6.257864e-05,0.99985707,1.4993813e-07
/home/share/Uni_Eval/HAM10000_clean/ISIC2018/ISIC_0028177.jpg,5,5,1.1652232e-06,6.3500767e-07,4.6106994e-05,3.2653542e-08,0.00012572194,0.99982435,2.0917348e-06
/home/share/Uni_Eval/HAM10000_clean/ISIC2018/ISIC_0024661.jpg,5,5,0.00011365531,2.3340155e-08,0.0009742184,1.3384724e-05,0.001137111,0.99775666,4.9161854e-06
/home/share/Uni_Eval/HAM10000_clean/ISIC2018/ISIC_0025474.jpg,5,5,4.981431e-05,5.032444e-06,9.269416e-05,0.00010565511,0.00010046562,0.99964356,2.7545213e-06
/home/share/Uni_Eval/HAM10000_clean/ISIC2018/ISIC_0025397.jpg,5,5,1.0482737e-08,2.8024367e-09,1.4285846e-05,3.6342045e-09,3.036692e-05,0.9999553,8.3749484e-08
/home/share/Uni_Eval/HAM10000_clean/ISIC2018/ISIC_0024641.jpg,5,5,1.0457355e-08,2.7378837e-07,1.2307877e-05,7.2663266e-07,9.083814e-06,0.9999323,4.5367255e-05
/home/share/Uni_Eval/HAM10000_clean/ISIC2018/ISIC_0026267.jpg,5,5,0.00014440478,4.2261627e-07,0.013122937,4.328121e-05,0.12770481,0.85896945,1.4689922e-05
/home/share/Uni_Eval/HAM10000_clean/ISIC2018/ISIC_0030407.jpg,5,5,1.2227821e-05,5.583569e-07,0.000843223,6.8848367e-06,0.00015554827,0.99897754,3.965978e-06
/home/share/Uni_Eval/HAM10000_clean/ISIC2018/ISIC_0030490.jpg,5,5,1.2937654e-05,1.5620128e-07,4.0211737e-05,7.424264e-06,0.00015297637,0.9997851,1.2468123e-06
/home/share/Uni_Eval/HAM10000_clean/ISIC2018/ISIC_0029150.jpg,5,5,4.932487e-05,0.0003869429,0.034635138,0.00020518736,1.6106376e-05,0.9645891,0.00011827377
/home/share/Uni_Eval/HAM10000_clean/ISIC2018/ISIC_0030711.jpg,5,5,5.3418064e-10,2.9508376e-09,0.00018820986,0.0004154595,0.00010692962,0.99928826,1.1530817e-06
/home/share/Uni_Eval/HAM10000_clean/ISIC2018/ISIC_0027541.jpg,5,5,8.3918184e-10,1.6910676e-08,4.432474e-05,1.2414101e-07,0.0005063278,0.99944717,2.0369612e-06
/home/share/Uni_Eval/HAM10000_clean/ISIC2018/ISIC_0027557.jpg,5,5,6.299087e-08,7.2303914e-07,6.268178e-06,1.2559673e-07,4.1380867e-05,0.9999471,4.411043e-06
/home/share/Uni_Eval/HAM10000_clean/ISIC2018/ISIC_0027892.jpg,5,5,4.037249e-06,5.364681e-07,0.0014556131,6.04414e-05,0.0023434905,0.99613416,1.7105599e-06
/home/share/Uni_Eval/HAM10000_clean/ISIC2018/ISIC_0028786.jpg,5,5,5.5503497e-06,3.51538e-07,5.2820804e-05,5.43357e-07,0.004125496,0.9958151,9.701144e-08
/home/share/Uni_Eval/HAM10000_clean/ISIC2018/ISIC_0031097.jpg,5,5,7.8363144e-07,1.5895625e-06,6.9458416e-05,2.9090293e-08,0.00052521395,0.9993975,5.5013793e-06
/home/share/Uni_Eval/HAM10000_clean/ISIC2018/ISIC_0024392.jpg,5,5,6.4452665e-09,9.2250907e-10,1.9798075e-05,4.1802986e-07,0.0010082392,0.9989712,2.7857442e-07
/home/share/Uni_Eval/HAM10000_clean/ISIC2018/ISIC_0029004.jpg,5,5,0.00014608589,7.573131e-06,0.00024120521,1.9407507e-07,0.0003133567,0.9992889,2.4987664e-06
/home/share/Uni_Eval/HAM10000_clean/ISIC2018/ISIC_0025109.jpg,5,5,0.0003835065,8.8413714e-07,0.0008205476,2.3041473e-05,0.013817608,0.9847276,0.00022674935
/home/share/Uni_Eval/HAM10000_clean/ISIC2018/ISIC_0029508.jpg,5,5,3.0531693e-05,8.271048e-05,0.0006952372,2.0943439e-07,0.0016881992,0.997502,9.92735e-07
/home/share/Uni_Eval/HAM10000_clean/ISIC2018/ISIC_0030484.jpg,5,5,5.141679e-06,1.1419781e-08,0.00023694447,3.950941e-08,0.0011799287,0.99857354,4.402813e-06
/home/share/Uni_Eval/HAM10000_clean/ISIC2018/ISIC_0026515.jpg,5,5,4.617267e-06,3.3884072e-07,0.0006889691,0.0003875932,2.1807193e-05,0.99888664,1.0075061e-05
/home/share/Uni_Eval/HAM10000_clean/ISIC2018/ISIC_0029706.jpg,5,5,4.295071e-08,2.4035276e-07,8.0432765e-05,6.5147838e-06,0.00011666404,0.9997943,1.7340669e-06
/home/share/Uni_Eval/HAM10000_clean/ISIC2018/ISIC_0030414.jpg,5,5,3.0107906e-06,9.260674e-06,9.454805e-06,0.00018136839,0.0033082033,0.99647236,1.6286394e-05
/home/share/Uni_Eval/HAM10000_clean/ISIC2018/ISIC_0028021.jpg,5,5,0.00084706454,0.00011904519,0.013710092,0.021991769,0.000842748,0.9620388,0.00045050218
/home/share/Uni_Eval/HAM10000_clean/ISIC2018/ISIC_0025944.jpg,5,5,2.950201e-06,2.9139228e-06,9.030589e-05,5.073495e-05,0.0072807656,0.99256766,4.592843e-06
/home/share/Uni_Eval/HAM10000_clean/ISIC2018/ISIC_0026628.jpg,5,5,5.189503e-09,6.887023e-09,6.785426e-05,6.289389e-06,0.00010682397,0.99981874,3.0424422e-07
/home/share/Uni_Eval/HAM10000_clean/ISIC2018/ISIC_0027438.jpg,5,5,1.0418419e-06,2.2578195e-07,4.5665834e-05,7.5838274e-05,0.0017064329,0.9981559,1.4868938e-05
/home/share/Uni_Eval/HAM10000_clean/ISIC2018/ISIC_0024656.jpg,5,5,0.0005735117,6.0098405e-06,0.002186705,9.279803e-05,8.858904e-05,0.99703705,1.5285434e-05
/home/share/Uni_Eval/HAM10000_clean/ISIC2018/ISIC_0029456.jpg,5,5,5.0433086e-06,8.7941135e-07,7.404818e-06,2.0328432e-07,6.329471e-05,0.9999224,8.156855e-07
/home/share/Uni_Eval/HAM10000_clean/ISIC2018/ISIC_0030692.jpg,5,5,3.6410597e-06,3.2229386e-07,6.5752094e-05,1.6216438e-05,0.00139414,0.9984748,4.517731e-05
/home/share/Uni_Eval/HAM10000_clean/ISIC2018/ISIC_0028908.jpg,5,5,5.7827237e-05,4.0128474e-09,1.6537206e-05,1.5158404e-06,0.0009548072,0.99896896,3.8931296e-07
/home/share/Uni_Eval/HAM10000_clean/ISIC2018/ISIC_0024395.jpg,5,5,9.181612e-05,6.263545e-06,0.0029671537,0.011901791,0.0005619241,0.98437923,9.186217e-05
/home/share/Uni_Eval/HAM10000_clean/ISIC2018/ISIC_0026791.jpg,5,5,0.00011413814,4.690744e-06,0.00014936079,5.313442e-07,7.0399925e-05,0.99965966,1.2665075e-06
/home/share/Uni_Eval/HAM10000_clean/ISIC2018/ISIC_0024736.jpg,5,5,1.2928352e-06,5.9122045e-09,8.621767e-06,2.9445948e-06,0.0004786843,0.999508,4.4200286e-07
/home/share/Uni_Eval/HAM10000_clean/ISIC2018/ISIC_0030775.jpg,5,5,1.9478462e-06,5.68316e-07,7.5760286e-06,6.9121745e-07,2.7502742e-06,0.9999354,5.104959e-05
/home/share/Uni_Eval/HAM10000_clean/ISIC2018/ISIC_0028318.jpg,5,5,1.5580169e-07,2.8017653e-09,3.5884026e-05,2.0513082e-06,2.9264113e-06,0.9999578,1.1725672e-06
/home/share/Uni_Eval/HAM10000_clean/ISIC2018/ISIC_0027901.jpg,5,5,1.8656375e-07,2.7576325e-06,0.00021688029,8.009941e-06,5.152523e-05,0.99971944,1.2256354e-06
/home/share/Uni_Eval/HAM10000_clean/ISIC2018/ISIC_0030866.jpg,5,5,1.5579788e-07,8.059669e-09,5.8817054e-06,1.0268525e-07,0.0012845993,0.9986669,4.235446e-05
/home/share/Uni_Eval/HAM10000_clean/ISIC2018/ISIC_0027477.jpg,5,5,1.5340327e-05,4.032326e-08,0.00016692176,1.4955685e-05,0.00034028306,0.9994387,2.3685674e-05
/home/share/Uni_Eval/HAM10000_clean/ISIC2018/ISIC_0027637.jpg,5,5,1.3159766e-07,7.5220946e-08,1.8050583e-06,4.768843e-06,7.514029e-06,0.9999845,1.1742793e-06
/home/share/Uni_Eval/HAM10000_clean/ISIC2018/ISIC_0029264.jpg,5,5,1.1227348e-09,5.7067044e-08,5.210074e-05,7.02109e-07,4.718437e-07,0.9999045,4.2166394e-05
/home/share/Uni_Eval/HAM10000_clean/ISIC2018/ISIC_0027617.jpg,5,5,1.5232358e-06,3.7013658e-06,8.218723e-05,1.059519e-06,0.00013662914,0.9997737,1.1955011e-06
/home/share/Uni_Eval/HAM10000_clean/ISIC2018/ISIC_0029711.jpg,5,5,5.6800144e-07,1.18330075e-08,1.8047822e-05,4.31278e-06,0.00018196773,0.9997938,1.2830945e-06
/home/share/Uni_Eval/HAM10000_clean/ISIC2018/ISIC_0024977.jpg,5,5,3.4176188e-05,7.7377666e-07,0.00022581119,2.3577753e-07,0.006636837,0.993101,1.1309586e-06
/home/share/Uni_Eval/HAM10000_clean/ISIC2018/ISIC_0031785.jpg,5,5,4.919967e-07,4.0126278e-07,3.0721083e-05,2.0374083e-07,0.00018920838,0.9997757,3.3008566e-06
/home/share/Uni_Eval/HAM10000_clean/ISIC2018/ISIC_0025976.jpg,5,5,1.0807237e-06,1.8829676e-09,2.4470846e-06,5.865715e-07,0.0006578566,0.9993318,6.268469e-06
/home/share/Uni_Eval/HAM10000_clean/ISIC2018/ISIC_0030578.jpg,5,5,2.226693e-05,0.0028584,0.0002931552,1.2557021e-05,4.7855723e-05,0.9965148,0.00025087164
/home/share/Uni_Eval/HAM10000_clean/ISIC2018/ISIC_0028552.jpg,5,5,1.1227948e-05,6.3631e-08,0.0005249315,6.4462526e-08,0.00017221243,0.9992913,2.208684e-08
/home/share/Uni_Eval/HAM10000_clean/ISIC2018/ISIC_0026945.jpg,5,5,3.1784384e-05,3.3102122e-06,0.00022293405,2.802474e-06,0.025767166,0.9738376,0.00013432665
/home/share/Uni_Eval/HAM10000_clean/ISIC2018/ISIC_0029387.jpg,5,5,8.759723e-06,1.3446728e-05,2.3648454e-05,2.720236e-07,0.0011861939,0.9986803,8.742368e-05
/home/share/Uni_Eval/HAM10000_clean/ISIC2018/ISIC_0024321.jpg,5,5,2.1958317e-06,0.002303297,0.00023346348,0.0057416493,0.004336232,0.987352,3.121771e-05
/home/share/Uni_Eval/HAM10000_clean/ISIC2018/ISIC_0027807.jpg,5,5,2.2238162e-09,5.9930225e-09,2.7794898e-05,3.1863586e-08,0.00028779218,0.9996841,3.4268902e-07
/home/share/Uni_Eval/HAM10000_clean/ISIC2018/ISIC_0025714.jpg,5,5,3.401404e-08,8.266563e-09,1.4651919e-06,6.20219e-07,2.1311636e-05,0.9999759,6.508958e-07
/home/share/Uni_Eval/HAM10000_clean/ISIC2018/ISIC_0028612.jpg,5,5,1.1271608e-06,5.358562e-07,2.0667041e-05,2.0319994e-06,0.00021354557,0.9997452,1.6931852e-05
/home/share/Uni_Eval/HAM10000_clean/ISIC2018/ISIC_0029795.jpg,5,5,1.7958069e-08,2.997925e-09,6.702059e-06,1.2274073e-08,7.1699134e-05,0.99992156,1.4304483e-08
/home/share/Uni_Eval/HAM10000_clean/ISIC2018/ISIC_0030562.jpg,5,5,8.944419e-11,2.800669e-08,7.103894e-07,3.22435e-08,2.9013228e-05,0.9999685,1.7619469e-06
/home/share/Uni_Eval/HAM10000_clean/ISIC2018/ISIC_0032198.jpg,5,5,0.0016378427,0.000296505,0.0020253805,0.0008674535,0.001139209,0.9937359,0.0002976371
/home/share/Uni_Eval/HAM10000_clean/ISIC2018/ISIC_0030643.jpg,5,5,1.2830312e-05,8.2514066e-07,0.0034326985,1.4909191e-05,0.000500315,0.9960334,4.9938203e-06
/home/share/Uni_Eval/HAM10000_clean/ISIC2018/ISIC_0027353.jpg,5,5,3.3594755e-05,4.2528424e-07,0.0016551879,1.3862352e-06,5.3611057e-05,0.998248,7.750351e-06
/home/share/Uni_Eval/HAM10000_clean/ISIC2018/ISIC_0026701.jpg,5,5,4.413473e-08,1.7570582e-07,1.4500024e-05,1.07994424e-07,7.571864e-05,0.9999095,2.6123638e-08
/home/share/Uni_Eval/HAM10000_clean/ISIC2018/ISIC_0028616.jpg,5,5,0.000113439484,4.4797923e-07,0.00033251697,6.2088584e-06,0.0006464755,0.998899,1.9341328e-06
/home/share/Uni_Eval/HAM10000_clean/ISIC2018/ISIC_0026708.jpg,5,5,3.984838e-07,1.6945231e-06,2.4261824e-05,2.3011415e-07,0.0030749573,0.9968983,1.3370544e-07
/home/share/Uni_Eval/HAM10000_clean/ISIC2018/ISIC_0024820.jpg,5,5,5.3947646e-09,5.6840744e-11,1.7623529e-07,3.183057e-07,2.0073367e-06,0.99999726,2.2554082e-07
/home/share/Uni_Eval/HAM10000_clean/ISIC2018/ISIC_0031275.jpg,5,5,1.3258797e-06,5.1276387e-05,2.3154904e-05,5.7577853e-07,1.692747e-05,0.99990225,4.5363963e-06
/home/share/Uni_Eval/HAM10000_clean/ISIC2018/ISIC_0031343.jpg,5,5,0.00010569132,2.7176566e-07,0.010142667,1.5798335e-08,0.0071184584,0.98263216,8.199822e-07
/home/share/Uni_Eval/HAM10000_clean/ISIC2018/ISIC_0029423.jpg,5,5,4.8900665e-07,4.5708364e-07,1.3450133e-05,2.4751915e-07,2.088448e-06,0.99997973,3.5527116e-06
/home/share/Uni_Eval/HAM10000_clean/ISIC2018/ISIC_0031296.jpg,5,5,5.35566e-06,2.8081811e-05,0.00034352884,6.117444e-05,5.9981725e-05,0.99924135,0.00026047594
/home/share/Uni_Eval/HAM10000_clean/ISIC2018/ISIC_0025137.jpg,5,5,1.9367232e-09,2.354194e-11,8.2570307e-07,1.3976394e-07,0.0007251125,0.9992725,1.3702285e-06
/home/share/Uni_Eval/HAM10000_clean/ISIC2018/ISIC_0025890.jpg,5,5,8.3564875e-05,1.5151774e-06,0.00092420087,5.2807103e-05,0.0111294435,0.9877962,1.2304644e-05
/home/share/Uni_Eval/HAM10000_clean/ISIC2018/ISIC_0027232.jpg,5,5,0.00011351233,1.9779756e-05,0.17864446,0.0002710832,0.022679431,0.79827,1.73383e-06
/home/share/Uni_Eval/HAM10000_clean/ISIC2018/ISIC_0027259.jpg,5,5,4.2192855e-06,1.5636929e-06,0.0005212031,0.00015149069,0.0051782895,0.9923545,0.0017886697
/home/share/Uni_Eval/HAM10000_clean/ISIC2018/ISIC_0029556.jpg,5,5,5.6629762e-08,4.181619e-08,1.19131755e-05,7.641214e-07,0.00017385297,0.9998134,1.4291189e-07
/home/share/Uni_Eval/HAM10000_clean/ISIC2018/ISIC_0030613.jpg,5,5,1.562887e-07,1.9712797e-07,0.000110269546,1.3960908e-05,2.3483295e-05,0.99985063,1.2665611e-06
/home/share/Uni_Eval/HAM10000_clean/ISIC2018/ISIC_0025698.jpg,5,5,1.3829263e-06,1.0887484e-08,8.5605214e-05,3.0679628e-06,0.0034466614,0.9964618,1.512913e-06
/home/share/Uni_Eval/HAM10000_clean/ISIC2018/ISIC_0031230.jpg,5,5,7.642161e-06,7.224812e-08,0.0021460277,7.8974927e-07,0.024414022,0.973431,3.6564734e-07
/home/share/Uni_Eval/HAM10000_clean/ISIC2018/ISIC_0026300.jpg,5,5,2.0827174e-07,9.745654e-09,4.1729854e-06,6.2980403e-06,0.00016616634,0.99982184,1.3804304e-06
/home/share/Uni_Eval/HAM10000_clean/ISIC2018/ISIC_0027474.jpg,5,5,0.0006390516,6.575473e-07,2.2430007e-05,0.00063732284,0.02532315,0.973354,2.3326344e-05
/home/share/Uni_Eval/HAM10000_clean/ISIC2018/ISIC_0031635.jpg,5,5,0.0026964166,2.2870412e-05,0.018441457,5.1923187e-05,0.039037228,0.939323,0.0004271474
/home/share/Uni_Eval/HAM10000_clean/ISIC2018/ISIC_0026972.jpg,5,5,1.2997078e-09,2.6358494e-08,5.1968063e-06,4.7600427e-08,1.207599e-05,0.9999827,1.6556946e-08
/home/share/Uni_Eval/HAM10000_clean/ISIC2018/ISIC_0024568.jpg,5,5,6.1222947e-09,2.2840763e-09,5.4381724e-07,6.63328e-08,1.4404144e-05,0.9999813,3.5852356e-06
/home/share/Uni_Eval/HAM10000_clean/ISIC2018/ISIC_0030863.jpg,5,5,6.767278e-08,4.5211688e-09,4.144965e-06,5.793841e-07,5.854914e-05,0.99993646,1.7550508e-07
/home/share/Uni_Eval/HAM10000_clean/ISIC2018/ISIC_0027682.jpg,5,5,9.0217986e-07,4.7774406e-06,4.391209e-05,5.277059e-07,7.482581e-05,0.9998078,6.7375186e-05
/home/share/Uni_Eval/HAM10000_clean/ISIC2018/ISIC_0030975.jpg,5,5,2.4441993e-08,6.808169e-06,6.745865e-06,1.4052881e-06,2.6491678e-05,0.9999496,8.966356e-06
/home/share/Uni_Eval/HAM10000_clean/ISIC2018/ISIC_0031763.jpg,5,5,7.903367e-09,1.3999696e-08,1.8186787e-06,0.0011262438,2.5799516e-05,0.998845,1.0206193e-06
/home/share/Uni_Eval/HAM10000_clean/ISIC2018/ISIC_0031030.jpg,5,5,6.7928795e-06,1.7486742e-05,0.00048108405,2.6209013e-05,8.269823e-06,0.99944955,1.0593993e-05
/home/share/Uni_Eval/HAM10000_clean/ISIC2018/ISIC_0031954.jpg,5,5,1.2387511e-07,6.31222e-07,2.8567096e-05,1.0708325e-06,0.0003979982,0.9995536,1.8003195e-05
/home/share/Uni_Eval/HAM10000_clean/ISIC2018/ISIC_0028595.jpg,5,5,0.00022238161,8.6972756e-07,7.1062655e-05,6.001922e-06,7.3110805e-06,0.9996805,1.1914239e-05
/home/share/Uni_Eval/HAM10000_clean/ISIC2018/ISIC_0026413.jpg,5,5,1.5730859e-05,1.2614179e-06,0.00010909367,6.0835664e-06,6.192681e-05,0.99962115,0.00018471082
/home/share/Uni_Eval/HAM10000_clean/ISIC2018/ISIC_0028157.jpg,5,5,2.460821e-07,3.9159158e-08,5.4725006e-06,2.4221714e-08,8.834181e-05,0.99990284,3.0803753e-06
/home/share/Uni_Eval/HAM10000_clean/ISIC2018/ISIC_0024311.jpg,5,5,4.510222e-09,2.373586e-08,2.377798e-06,1.7351365e-07,3.6138837e-05,0.99996126,1.3982506e-07
/home/share/Uni_Eval/HAM10000_clean/ISIC2018/ISIC_0026838.jpg,5,5,3.838395e-05,6.786817e-06,6.2195264e-05,1.4207557e-06,0.0006768706,0.99835664,0.00085763884
/home/share/Uni_Eval/HAM10000_clean/ISIC2018/ISIC_0029016.jpg,5,5,1.6776399e-07,6.8734923e-10,3.4501697e-06,2.6554915e-07,0.00056662806,0.9994282,1.2713374e-06
/home/share/Uni_Eval/HAM10000_clean/ISIC2018/ISIC_0028322.jpg,5,5,3.017718e-07,1.3968773e-05,1.5056773e-05,3.444571e-07,6.0370253e-06,0.9999598,4.4658927e-06
/home/share/Uni_Eval/HAM10000_clean/ISIC2018/ISIC_0026695.jpg,5,5,6.223436e-08,1.5667823e-10,1.2817186e-05,2.8109691e-06,0.00016159304,0.99981993,2.7417996e-06
/home/share/Uni_Eval/HAM10000_clean/ISIC2018/ISIC_0029225.jpg,5,5,0.00012613529,1.4109868e-06,2.2460234e-05,2.3936752e-06,0.00021149167,0.99959356,4.2518426e-05
/home/share/Uni_Eval/HAM10000_clean/ISIC2018/ISIC_0026184.jpg,5,5,0.00031652494,4.802168e-06,0.00010480736,6.605814e-05,0.0014133237,0.9980867,7.832319e-06
/home/share/Uni_Eval/HAM10000_clean/ISIC2018/ISIC_0029903.jpg,5,5,1.8516503e-06,8.1371553e-07,0.0010967104,0.00016648865,0.0006620175,0.9979651,0.00010711084
/home/share/Uni_Eval/HAM10000_clean/ISIC2018/ISIC_0024874.jpg,5,5,2.2396826e-08,9.498241e-05,1.3368153e-05,5.030363e-07,0.00024411337,0.9996024,4.473799e-05
/home/share/Uni_Eval/HAM10000_clean/ISIC2018/ISIC_0030769.jpg,5,5,2.9987339e-05,7.623611e-08,0.00016699088,0.0014586466,0.013642151,0.98470163,4.815533e-07
/home/share/Uni_Eval/HAM10000_clean/ISIC2018/ISIC_0029816.jpg,5,5,1.35801965e-08,4.7737562e-06,0.00013186868,1.364693e-06,2.367547e-05,0.99981636,2.2048736e-05
/home/share/Uni_Eval/HAM10000_clean/ISIC2018/ISIC_0028896.jpg,5,5,4.7726408e-05,0.00013079327,0.0070066964,0.00015343078,0.0016327507,0.99099416,3.447388e-05
/home/share/Uni_Eval/HAM10000_clean/ISIC2018/ISIC_0025560.jpg,5,5,5.4554303e-09,2.841423e-07,3.2523822e-06,7.743595e-08,2.4104638e-05,0.9999722,2.1888146e-08
/home/share/Uni_Eval/HAM10000_clean/ISIC2018/ISIC_0030612.jpg,5,5,6.796719e-08,3.0626218e-08,5.6976523e-06,3.2126087e-07,4.020503e-06,0.99998975,1.353198e-07
/home/share/Uni_Eval/HAM10000_clean/ISIC2018/ISIC_0027885.jpg,5,5,3.399012e-09,1.9550663e-09,8.840366e-06,9.1484125e-08,0.000122848,0.9998679,2.9023454e-07
/home/share/Uni_Eval/HAM10000_clean/ISIC2018/ISIC_0028997.jpg,5,5,9.293826e-08,1.0467805e-06,3.2293538e-05,7.9335376e-05,0.00023042808,0.99964476,1.20116765e-05
/home/share/Uni_Eval/HAM10000_clean/ISIC2018/ISIC_0031505.jpg,5,5,2.0539593e-08,1.6574715e-05,0.00012164492,1.1595787e-06,1.49979605e-05,0.99984455,9.925624e-07
/home/share/Uni_Eval/HAM10000_clean/ISIC2018/ISIC_0024625.jpg,5,5,1.753518e-08,1.0391584e-09,1.222441e-05,5.402226e-08,0.0071844347,0.9928027,5.7280363e-07
/home/share/Uni_Eval/HAM10000_clean/ISIC2018/ISIC_0024601.jpg,5,5,4.9929106e-08,2.9919904e-06,0.0001031608,8.66919e-07,0.00041228088,0.99947983,9.141134e-07
/home/share/Uni_Eval/HAM10000_clean/ISIC2018/ISIC_0027696.jpg,5,5,3.715234e-07,2.0353416e-07,5.1537477e-06,1.2591432e-05,0.0018622361,0.9981188,5.8772633e-07
/home/share/Uni_Eval/HAM10000_clean/ISIC2018/ISIC_0025059.jpg,5,5,4.4857945e-12,1.8163693e-09,6.805195e-07,1.1451085e-06,8.918611e-06,0.99998903,1.5779115e-07
/home/share/Uni_Eval/HAM10000_clean/ISIC2018/ISIC_0032106.jpg,5,5,2.4894564e-06,1.1290809e-07,0.0001719606,2.0915627e-07,7.7758355e-05,0.99974734,1.5082485e-07
/home/share/Uni_Eval/HAM10000_clean/ISIC2018/ISIC_0030368.jpg,5,5,3.8846503e-07,6.4118373e-09,1.7247241e-05,2.7031376e-06,3.3025404e-05,0.9999199,2.669492e-05
/home/share/Uni_Eval/HAM10000_clean/ISIC2018/ISIC_0029090.jpg,5,5,1.1339047e-05,4.770326e-07,2.825961e-05,4.742525e-05,9.91851e-05,0.9998086,4.6760056e-06
/home/share/Uni_Eval/HAM10000_clean/ISIC2018/ISIC_0032137.jpg,5,5,1.8165407e-05,1.1720418e-05,5.0112933e-05,1.6447466e-08,0.0006756381,0.9992424,2.0652244e-06
/home/share/Uni_Eval/HAM10000_clean/ISIC2018/ISIC_0030701.jpg,5,5,6.1646695e-08,3.7144662e-08,0.00012639923,4.210612e-06,3.837638e-05,0.99982697,4.099981e-06
/home/share/Uni_Eval/HAM10000_clean/ISIC2018/ISIC_0028839.jpg,5,5,1.0119679e-08,2.034669e-09,3.4794797e-07,3.577618e-08,4.213338e-06,0.99999535,2.3776952e-08
/home/share/Uni_Eval/HAM10000_clean/ISIC2018/ISIC_0026648.jpg,5,5,4.226951e-06,2.5178696e-07,0.00010811118,1.5664134e-05,0.00011863051,0.9997478,5.3478584e-06
/home/share/Uni_Eval/HAM10000_clean/ISIC2018/ISIC_0025408.jpg,5,5,1.7940874e-07,5.1031282e-08,1.6342763e-06,1.3122801e-06,2.3240458e-05,0.99997306,5.158717e-07
/home/share/Uni_Eval/HAM10000_clean/ISIC2018/ISIC_0031884.jpg,5,5,1.350282e-05,1.1626613e-05,0.00016080763,5.6539916e-06,0.00027896767,0.9995283,1.1980311e-06
/home/share/Uni_Eval/HAM10000_clean/ISIC2018/ISIC_0024775.jpg,5,5,1.0022067e-06,6.4008134e-07,0.00015716559,9.76364e-07,0.0008638541,0.99892336,5.2991687e-05
/home/share/Uni_Eval/HAM10000_clean/ISIC2018/ISIC_0024659.jpg,5,5,6.3338164e-05,1.9356596e-06,0.0005012478,7.791005e-06,0.0009687413,0.9984107,4.6251156e-05
/home/share/Uni_Eval/HAM10000_clean/ISIC2018/ISIC_0032053.jpg,5,5,2.299098e-09,2.6727408e-08,1.0612445e-06,2.2491585e-08,2.8556695e-05,0.9999695,8.7864214e-07
/home/share/Uni_Eval/HAM10000_clean/ISIC2018/ISIC_0030256.jpg,5,5,1.635854e-06,1.3582306e-07,6.310233e-05,1.624802e-05,0.00034849532,0.99950385,6.6604356e-05
/home/share/Uni_Eval/HAM10000_clean/ISIC2018/ISIC_0026357.jpg,5,5,9.8888876e-08,6.1361726e-07,1.7641478e-05,1.2348592e-06,2.3792911e-06,0.99997663,1.4205025e-06
/home/share/Uni_Eval/HAM10000_clean/ISIC2018/ISIC_0026155.jpg,5,5,0.0010985237,7.2535204e-06,0.00015541121,1.295123e-06,0.0010066748,0.997511,0.00021973733
/home/share/Uni_Eval/HAM10000_clean/ISIC2018/ISIC_0028140.jpg,5,5,3.961869e-08,3.7304098e-06,5.9877322e-05,9.977374e-06,0.00056786375,0.99931884,3.9673723e-05
/home/share/Uni_Eval/HAM10000_clean/ISIC2018/ISIC_0025058.jpg,5,5,1.0860828e-08,5.2203468e-08,3.5904966e-06,4.7395525e-07,4.627578e-06,0.9999895,1.8097644e-06
/home/share/Uni_Eval/HAM10000_clean/ISIC2018/ISIC_0024956.jpg,5,5,7.77639e-05,3.4175466e-07,4.036605e-05,1.2289793e-06,6.803438e-05,0.99979955,1.2731259e-05
/home/share/Uni_Eval/HAM10000_clean/ISIC2018/ISIC_0030103.jpg,5,5,3.732736e-07,1.9972799e-08,1.3141719e-05,8.165491e-08,0.013194923,0.9867887,2.6728524e-06
/home/share/Uni_Eval/HAM10000_clean/ISIC2018/ISIC_0027245.jpg,5,5,1.6757339e-06,9.0966076e-08,5.4329826e-06,1.09782334e-07,3.956748e-05,0.99995303,1.0934307e-07
/home/share/Uni_Eval/HAM10000_clean/ISIC2018/ISIC_0024532.jpg,5,5,7.7778e-05,5.327392e-06,0.00071995973,5.3381127e-06,0.00019973167,0.99898,1.1753332e-05
/home/share/Uni_Eval/HAM10000_clean/ISIC2018/ISIC_0026380.jpg,5,5,1.6337838e-06,2.4765066e-07,3.2477066e-05,4.008233e-07,1.1015801e-05,0.999954,3.3191665e-07
/home/share/Uni_Eval/HAM10000_clean/ISIC2018/ISIC_0027602.jpg,5,5,8.130829e-07,7.68526e-06,0.000115861454,3.1080245e-07,1.4957587e-05,0.9997222,0.0001381237
/home/share/Uni_Eval/HAM10000_clean/ISIC2018/ISIC_0027372.jpg,5,5,9.818759e-08,5.607604e-08,4.635692e-06,2.5655347e-06,0.007339502,0.99263895,1.4167438e-05
/home/share/Uni_Eval/HAM10000_clean/ISIC2018/ISIC_0025852.jpg,5,5,7.3530528e-06,1.1690089e-07,4.294308e-05,9.364187e-07,0.0070376163,0.9929103,6.9447646e-07
/home/share/Uni_Eval/HAM10000_clean/ISIC2018/ISIC_0032403.jpg,5,5,1.5309543e-05,2.1886697e-07,0.0018343633,3.993767e-06,0.00019983992,0.9979412,4.9741075e-06
/home/share/Uni_Eval/HAM10000_clean/ISIC2018/ISIC_0025190.jpg,5,5,1.5122953e-07,2.098559e-09,1.1235419e-06,1.9191618e-06,0.00096424285,0.99903035,2.2663144e-06
/home/share/Uni_Eval/HAM10000_clean/ISIC2018/ISIC_0027321.jpg,5,5,7.881777e-05,7.640559e-06,5.04249e-05,1.0584416e-06,0.0008746375,0.99897987,7.5844473e-06
/home/share/Uni_Eval/HAM10000_clean/ISIC2018/ISIC_0031878.jpg,5,5,1.026702e-05,1.8289708e-06,0.00071440946,2.7125623e-06,0.011535,0.98773193,3.785471e-06
/home/share/Uni_Eval/HAM10000_clean/ISIC2018/ISIC_0029086.jpg,5,5,3.3272323e-07,2.9053717e-06,4.608163e-05,5.28592e-07,8.941598e-06,0.9999378,3.58004e-06
/home/share/Uni_Eval/HAM10000_clean/ISIC2018/ISIC_0024399.jpg,5,5,1.0254521e-06,1.9984967e-07,5.4294087e-06,1.59382e-06,0.0023740004,0.9976174,3.009782e-07
/home/share/Uni_Eval/HAM10000_clean/ISIC2018/ISIC_0024603.jpg,5,5,9.338877e-08,4.8317097e-09,7.1786903e-06,2.9880885e-06,0.00039515193,0.9995939,6.919857e-07
/home/share/Uni_Eval/HAM10000_clean/ISIC2018/ISIC_0025429.jpg,5,5,1.6097143e-06,1.5391734e-06,8.654363e-06,1.3616569e-06,0.00010130108,0.9998807,4.897771e-06
/home/share/Uni_Eval/HAM10000_clean/ISIC2018/ISIC_0026548.jpg,5,5,2.162417e-07,1.3325187e-07,0.0001843727,7.3735846e-06,0.0016777298,0.9981262,3.9189913e-06
/home/share/Uni_Eval/HAM10000_clean/ISIC2018/ISIC_0031992.jpg,5,5,3.0098442e-06,8.768808e-07,0.00012799833,8.7066445e-07,5.9091326e-05,0.99980253,5.664131e-06
/home/share/Uni_Eval/HAM10000_clean/ISIC2018/ISIC_0032416.jpg,5,5,1.1560231e-06,5.8998717e-06,4.1376028e-05,0.0012402497,4.708033e-06,0.9986627,4.385912e-05
/home/share/Uni_Eval/HAM10000_clean/ISIC2018/ISIC_0029587.jpg,5,5,4.8116585e-06,1.0089651e-08,9.927199e-06,2.2998051e-06,0.0018418405,0.99814105,1.2526627e-07
/home/share/Uni_Eval/HAM10000_clean/ISIC2018/ISIC_0026685.jpg,5,5,1.2368363e-07,3.004657e-09,6.691113e-06,1.6027757e-07,0.0004298208,0.99954396,1.9201547e-05
/home/share/Uni_Eval/HAM10000_clean/ISIC2018/ISIC_0031022.jpg,5,5,3.3381362e-05,8.9452205e-06,0.0007794185,0.0021229626,2.5168083e-05,0.9968316,0.00019856602
/home/share/Uni_Eval/HAM10000_clean/ISIC2018/ISIC_0029019.jpg,5,5,1.9251434e-06,5.2794796e-08,5.4931344e-05,1.9731033e-07,0.0006156465,0.9993192,8.058687e-06
/home/share/Uni_Eval/HAM10000_clean/ISIC2018/ISIC_0028204.jpg,5,5,4.816141e-09,6.7121566e-09,2.9733096e-06,2.1699966e-06,0.0032383667,0.99675506,1.4238788e-06
/home/share/Uni_Eval/HAM10000_clean/ISIC2018/ISIC_0029941.jpg,5,5,6.117635e-08,6.919622e-09,6.921573e-06,5.4523395e-07,0.010222221,0.9897697,4.845342e-07
/home/share/Uni_Eval/HAM10000_clean/ISIC2018/ISIC_0025728.jpg,5,5,1.4094882e-06,8.7820515e-09,7.4621107e-06,9.9923604e-08,0.00023448978,0.99975055,5.9603417e-06
/home/share/Uni_Eval/HAM10000_clean/ISIC2018/ISIC_0026066.jpg,5,5,1.4481648e-06,1.3049457e-06,8.306623e-05,1.304042e-05,0.0042210687,0.9955389,0.00014111566
/home/share/Uni_Eval/HAM10000_clean/ISIC2018/ISIC_0024645.jpg,5,5,4.5742414e-09,3.6673966e-09,1.4267109e-06,3.5466127e-07,0.031587355,0.9684077,3.1802895e-06
/home/share/Uni_Eval/HAM10000_clean/ISIC2018/ISIC_0031608.jpg,5,5,9.095881e-07,3.3266603e-09,0.0001402143,4.1951084e-06,4.1912397e-05,0.9998098,2.97033e-06
/home/share/Uni_Eval/HAM10000_clean/ISIC2018/ISIC_0025333.jpg,5,5,1.9162343e-08,9.6385564e-05,8.6076245e-05,1.922013e-07,1.791891e-05,0.9997961,3.2229516e-06
/home/share/Uni_Eval/HAM10000_clean/ISIC2018/ISIC_0028161.jpg,5,5,4.2243718e-07,1.5919655e-06,0.00022474887,0.00013844963,0.0010380377,0.9985001,9.669693e-05
/home/share/Uni_Eval/HAM10000_clean/ISIC2018/ISIC_0025023.jpg,5,5,1.2980563e-08,1.2339963e-07,0.00016424127,1.1378287e-06,0.0011895659,0.9986431,1.8202212e-06
/home/share/Uni_Eval/HAM10000_clean/ISIC2018/ISIC_0030228.jpg,5,5,6.3449255e-09,1.6465811e-11,1.5542513e-06,2.1576852e-06,0.00024807325,0.9997482,4.1583213e-08
/home/share/Uni_Eval/HAM10000_clean/ISIC2018/ISIC_0029433.jpg,5,5,5.005376e-05,1.4583676e-06,0.00023990477,6.9819557e-06,0.0041314606,0.99557,1.1405781e-07
/home/share/Uni_Eval/HAM10000_clean/ISIC2018/ISIC_0025586.jpg,5,5,5.516299e-09,7.0908345e-07,2.0290625e-05,1.3694074e-08,0.0020791455,0.9978752,2.4636824e-05
/home/share/Uni_Eval/HAM10000_clean/ISIC2018/ISIC_0025114.jpg,5,5,5.3866373e-08,1.1756631e-08,6.356251e-05,3.0431863e-08,9.977115e-05,0.9998338,2.7968358e-06
/home/share/Uni_Eval/HAM10000_clean/ISIC2018/ISIC_0026418.jpg,5,5,7.414985e-05,2.3532543e-08,0.00082041573,1.3449389e-05,0.0026192346,0.9964612,1.1523768e-05
/home/share/Uni_Eval/HAM10000_clean/ISIC2018/ISIC_0032062.jpg,5,5,3.7639584e-06,4.900777e-08,0.000120773395,2.8116597e-07,0.018823426,0.98105145,3.410571e-07
/home/share/Uni_Eval/HAM10000_clean/ISIC2018/ISIC_0032401.jpg,5,5,2.1075154e-08,4.8516375e-07,2.2638402e-05,7.9953864e-08,9.46756e-06,0.99996364,3.6814977e-06
/home/share/Uni_Eval/HAM10000_clean/ISIC2018/ISIC_0025204.jpg,5,5,6.586318e-08,2.2492804e-07,3.3504257e-06,2.3698674e-06,6.387549e-05,0.99992394,6.189682e-06
/home/share/Uni_Eval/HAM10000_clean/ISIC2018/ISIC_0030713.jpg,5,5,7.6961874e-07,1.630255e-07,6.753084e-05,2.0935634e-06,0.0011830875,0.99874395,2.469829e-06
/home/share/Uni_Eval/HAM10000_clean/ISIC2018/ISIC_0025858.jpg,5,5,8.121587e-07,1.1746564e-07,5.193391e-05,2.5674838e-06,1.3134168e-05,0.99993134,5.964787e-08
/home/share/Uni_Eval/HAM10000_clean/ISIC2018/ISIC_0024844.jpg,5,5,4.5950437e-06,4.7354696e-08,3.1567135e-05,2.165058e-06,0.00017054993,0.99979097,1.9325368e-07
/home/share/Uni_Eval/HAM10000_clean/ISIC2018/ISIC_0027824.jpg,5,5,2.4652928e-07,2.8568358e-08,1.0499901e-05,3.676612e-05,0.003062044,0.9967303,0.0001601637
/home/share/Uni_Eval/HAM10000_clean/ISIC2018/ISIC_0027611.jpg,5,5,9.9732e-07,2.0765665e-06,0.001485807,0.094297394,0.00042536313,0.9035662,0.00022221949
/home/share/Uni_Eval/HAM10000_clean/ISIC2018/ISIC_0032224.jpg,5,5,0.0002712534,3.0908162e-05,0.017926315,6.82159e-05,0.00021696942,0.98140556,8.087262e-05
/home/share/Uni_Eval/HAM10000_clean/ISIC2018/ISIC_0025445.jpg,5,5,7.826486e-06,2.9333037e-06,3.178308e-05,5.987881e-05,0.0002511597,0.99940944,0.00023688581
/home/share/Uni_Eval/HAM10000_clean/ISIC2018/ISIC_0024629.jpg,5,5,4.9341082e-08,2.7827258e-07,4.767398e-06,1.4015363e-06,2.932113e-06,0.99999034,2.0107377e-07
/home/share/Uni_Eval/HAM10000_clean/ISIC2018/ISIC_0028788.jpg,5,5,2.5566115e-08,8.858633e-09,1.2195732e-06,2.400264e-07,5.264056e-05,0.99994326,2.5814252e-06
/home/share/Uni_Eval/HAM10000_clean/ISIC2018/ISIC_0030779.jpg,5,5,2.2409775e-07,7.310362e-07,2.6641276e-06,4.116289e-07,0.000121802375,0.99972767,0.00014650867
/home/share/Uni_Eval/HAM10000_clean/ISIC2018/ISIC_0027913.jpg,5,5,8.634614e-06,3.542121e-08,3.287447e-06,1.609668e-07,0.0047604605,0.99491584,0.00031171113
/home/share/Uni_Eval/HAM10000_clean/ISIC2018/ISIC_0024614.jpg,5,5,4.4621933e-07,1.6606363e-07,1.1381063e-05,3.9029073e-05,0.0003485986,0.99959904,1.3877725e-06
/home/share/Uni_Eval/HAM10000_clean/ISIC2018/ISIC_0027705.jpg,5,5,9.124383e-06,0.0006089493,0.0002906502,4.056109e-06,0.0003517899,0.99872917,6.2372364e-06
/home/share/Uni_Eval/HAM10000_clean/ISIC2018/ISIC_0024347.jpg,5,5,4.4105545e-05,1.6598352e-06,0.00015321147,7.001489e-06,0.019839577,0.9799345,1.9902822e-05
/home/share/Uni_Eval/HAM10000_clean/ISIC2018/ISIC_0029631.jpg,5,5,8.612893e-09,5.054678e-06,9.810333e-06,3.379303e-07,0.00022725387,0.99975747,1.2516986e-07
/home/share/Uni_Eval/HAM10000_clean/ISIC2018/ISIC_0032167.jpg,5,5,8.380718e-06,1.3027802e-08,0.00024181811,1.7181299e-07,0.0010827768,0.9986669,3.3579777e-08
/home/share/Uni_Eval/HAM10000_clean/ISIC2018/ISIC_0031058.jpg,5,5,2.0904251e-07,5.8327827e-09,7.430737e-06,7.1310825e-07,5.7949917e-05,0.9999337,2.2405363e-08
/home/share/Uni_Eval/HAM10000_clean/ISIC2018/ISIC_0030288.jpg,5,5,1.2678782e-06,6.7794576e-07,8.997796e-06,9.0439113e-07,0.00030588187,0.99968183,4.2758563e-07
/home/share/Uni_Eval/HAM10000_clean/ISIC2018/ISIC_0030438.jpg,5,5,9.9352255e-06,6.053353e-07,1.865422e-05,1.4587697e-06,3.6235855e-05,0.9999299,3.2410549e-06
/home/share/Uni_Eval/HAM10000_clean/ISIC2018/ISIC_0030212.jpg,5,5,2.1068288e-07,1.2686528e-06,1.0709626e-05,3.7683945e-10,0.00036422847,0.9996183,5.249056e-06
/home/share/Uni_Eval/HAM10000_clean/ISIC2018/ISIC_0031129.jpg,5,5,7.1809035e-07,2.1569774e-06,4.4796284e-06,3.0748524e-07,0.001198425,0.99685967,0.0019341864
/home/share/Uni_Eval/HAM10000_clean/ISIC2018/ISIC_0029451.jpg,5,5,3.5152582e-06,3.5220974e-06,0.00012341884,1.3605039e-08,0.0017615536,0.9981019,6.1183837e-06
/home/share/Uni_Eval/HAM10000_clean/ISIC2018/ISIC_0024622.jpg,5,5,1.7544022e-07,4.497452e-06,0.000118126016,2.8821596e-08,0.00015923404,0.99971753,3.989299e-07
/home/share/Uni_Eval/HAM10000_clean/ISIC2018/ISIC_0025203.jpg,5,5,2.9576788e-09,1.2573011e-07,6.8783797e-06,2.1721553e-08,0.00042177783,0.9995704,7.422192e-07
/home/share/Uni_Eval/HAM10000_clean/ISIC2018/ISIC_0026627.jpg,5,5,3.1352947e-08,2.3096872e-07,1.0273214e-06,4.6059602e-05,4.86684e-05,0.99989927,4.7645867e-06
/home/share/Uni_Eval/HAM10000_clean/ISIC2018/ISIC_0029487.jpg,5,5,4.0925457e-05,1.0310729e-06,0.0018936583,9.960144e-07,0.0004517065,0.99760485,6.827899e-06
/home/share/Uni_Eval/HAM10000_clean/ISIC2018/ISIC_0031994.jpg,5,5,5.967851e-07,0.00023613802,5.757575e-05,1.3778616e-06,0.0005872206,0.99911076,6.26832e-06
/home/share/Uni_Eval/HAM10000_clean/ISIC2018/ISIC_0029186.jpg,5,5,4.1866546e-08,8.8730474e-07,0.00015903167,1.0350677e-06,0.00017374108,0.9996284,3.679469e-05
/home/share/Uni_Eval/HAM10000_clean/ISIC2018/ISIC_0032286.jpg,5,5,9.0851636e-08,1.7928509e-09,8.350312e-06,8.096916e-07,0.0021066947,0.997884,5.460794e-08
/home/share/Uni_Eval/HAM10000_clean/ISIC2018/ISIC_0026160.jpg,5,5,2.64147e-07,2.6686017e-08,0.00012704595,6.3845924e-09,3.4403113e-06,0.9998692,4.570077e-08
/home/share/Uni_Eval/HAM10000_clean/ISIC2018/ISIC_0030476.jpg,5,5,1.1190921e-06,1.7562242e-06,1.1867493e-05,1.42906975e-08,0.0007604753,0.99922276,1.999893e-06
/home/share/Uni_Eval/HAM10000_clean/ISIC2018/ISIC_0026047.jpg,5,5,0.0016219681,0.0003499731,0.0009827963,0.0005751424,0.0017693903,0.9931298,0.001570901
/home/share/Uni_Eval/HAM10000_clean/ISIC2018/ISIC_0031549.jpg,5,5,7.0125716e-05,3.583075e-07,0.0016530197,1.8239331e-07,0.0041398234,0.99413574,6.345573e-07
/home/share/Uni_Eval/HAM10000_clean/ISIC2018/ISIC_0029325.jpg,5,5,9.665914e-09,1.1848377e-07,6.964199e-06,1.960934e-06,3.3182205e-06,0.999985,2.71501e-06
/home/share/Uni_Eval/HAM10000_clean/ISIC2018/ISIC_0027923.jpg,5,5,5.4786346e-07,2.152736e-05,0.00062119326,2.2724753e-06,0.0007547013,0.99852234,7.7438475e-05
/home/share/Uni_Eval/HAM10000_clean/ISIC2018/ISIC_0029283.jpg,5,5,1.9644915e-10,1.516428e-08,1.5586346e-06,8.394034e-06,8.7166736e-05,0.99989974,3.1319582e-06
/home/share/Uni_Eval/HAM10000_clean/ISIC2018/ISIC_0026721.jpg,5,5,1.6523842e-05,4.1386343e-06,6.0009843e-05,8.087152e-07,0.0001863725,0.9997317,3.7587668e-07
/home/share/Uni_Eval/HAM10000_clean/ISIC2018/ISIC_0026997.jpg,5,5,8.445897e-07,1.6446391e-07,5.7290804e-06,8.555824e-06,5.6141616e-06,0.9999707,8.457847e-06
/home/share/Uni_Eval/HAM10000_clean/ISIC2018/ISIC_0029709.jpg,5,5,2.8989123e-05,6.993431e-08,8.5320935e-05,1.177622e-06,8.728973e-05,0.99979633,8.2399964e-07
/home/share/Uni_Eval/HAM10000_clean/ISIC2018/ISIC_0030419.jpg,5,5,2.8255104e-10,2.8716496e-09,2.342055e-06,2.6692552e-08,1.8666644e-05,0.99997866,3.7422632e-07
/home/share/Uni_Eval/HAM10000_clean/ISIC2018/ISIC_0031280.jpg,5,5,3.357827e-05,9.0794965e-06,0.0024494394,0.0019858975,0.0069591193,0.96378905,0.024773758
/home/share/Uni_Eval/HAM10000_clean/ISIC2018/ISIC_0025110.jpg,5,5,1.2058929e-07,6.1503442e-09,2.262554e-06,1.1276955e-07,0.0047890213,0.99520075,7.696936e-06
/home/share/Uni_Eval/HAM10000_clean/ISIC2018/ISIC_0029421.jpg,5,5,3.6048405e-08,4.8859807e-08,9.170917e-06,3.8307515e-08,0.00066406635,0.9993267,6.065526e-08
/home/share/Uni_Eval/HAM10000_clean/ISIC2018/ISIC_0025496.jpg,5,5,3.8631723e-07,8.785553e-07,0.00039595022,1.2038629e-06,0.0007559434,0.99884415,1.5338989e-06
/home/share/Uni_Eval/HAM10000_clean/ISIC2018/ISIC_0030750.jpg,5,5,7.847779e-06,3.7643858e-08,1.2091763e-05,1.2974751e-06,0.000597552,0.9993771,4.1541307e-06
/home/share/Uni_Eval/HAM10000_clean/ISIC2018/ISIC_0025570.jpg,5,5,1.2541506e-08,3.130199e-09,1.4896774e-06,9.116913e-07,0.00069257885,0.9992976,7.341686e-06
/home/share/Uni_Eval/HAM10000_clean/ISIC2018/ISIC_0025270.jpg,5,5,3.6811274e-05,0.00025245827,0.00981613,0.0005696966,0.0039001966,0.98421186,0.0012127344
/home/share/Uni_Eval/HAM10000_clean/ISIC2018/ISIC_0030788.jpg,5,5,1.2879287e-06,7.690874e-09,1.9252066e-05,1.3494905e-06,0.00022611745,0.999752,2.2371573e-08
/home/share/Uni_Eval/HAM10000_clean/ISIC2018/ISIC_0026278.jpg,5,5,1.3944458e-07,8.354647e-08,2.731229e-05,3.518243e-07,4.2133124e-05,0.99992955,3.2777618e-07
/home/share/Uni_Eval/HAM10000_clean/ISIC2018/ISIC_0029981.jpg,5,5,0.0012651255,4.8430034e-06,0.0077346084,3.2189306e-05,0.0027920557,0.9881655,5.704657e-06
/home/share/Uni_Eval/HAM10000_clean/ISIC2018/ISIC_0027001.jpg,5,5,1.0367654e-06,1.1742534e-08,1.8124318e-05,3.2883417e-08,1.1503884e-05,0.99996924,5.3677045e-08
/home/share/Uni_Eval/HAM10000_clean/ISIC2018/ISIC_0030864.jpg,5,5,0.00023174232,3.50648e-06,0.0011125753,1.5302025e-05,0.00023077521,0.9982553,0.00015073865
/home/share/Uni_Eval/HAM10000_clean/ISIC2018/ISIC_0032295.jpg,5,5,0.00030730836,0.0023556142,0.011057743,7.970999e-05,0.23047218,0.7556463,8.110519e-05
/home/share/Uni_Eval/HAM10000_clean/ISIC2018/ISIC_0024810.jpg,5,5,3.2231162e-07,5.785145e-07,0.00026212414,1.1896815e-07,0.011702789,0.9880333,8.0587705e-07
/home/share/Uni_Eval/HAM10000_clean/ISIC2018/ISIC_0024627.jpg,5,5,2.5768265e-06,2.5912638e-07,0.002522472,8.674381e-05,0.0043001072,0.99212986,0.0009580805
/home/share/Uni_Eval/HAM10000_clean/ISIC2018/ISIC_0031124.jpg,5,5,2.6680982e-05,9.794728e-08,0.00016740864,7.068013e-07,2.51767e-05,0.99976104,1.8842042e-05
/home/share/Uni_Eval/HAM10000_clean/ISIC2018/ISIC_0024384.jpg,5,5,6.679709e-07,9.292958e-08,6.612342e-05,8.088514e-06,0.0020334271,0.9978352,5.634119e-05
/home/share/Uni_Eval/HAM10000_clean/ISIC2018/ISIC_0029234.jpg,5,5,7.03169e-05,3.3847957e-07,0.0009696656,2.0624461e-06,0.0008062938,0.9981323,1.9095869e-05
/home/share/Uni_Eval/HAM10000_clean/ISIC2018/ISIC_0031683.jpg,5,5,6.598126e-06,6.77122e-07,0.002773587,2.8932072e-06,0.0039828396,0.9930703,0.00016309625
/home/share/Uni_Eval/HAM10000_clean/ISIC2018/ISIC_0027880.jpg,5,5,6.2375356e-08,2.2302885e-07,6.95276e-05,1.1359707e-07,0.0009383882,0.99899155,1.2800912e-07
/home/share/Uni_Eval/HAM10000_clean/ISIC2018/ISIC_0029718.jpg,5,5,0.0009310937,0.00010956849,0.011275081,1.4439687e-05,0.020380354,0.96728545,4.1100743e-06
/home/share/Uni_Eval/HAM10000_clean/ISIC2018/ISIC_0029076.jpg,5,5,5.2167945e-07,1.0910741e-06,1.4821513e-05,1.6237549e-05,6.780884e-05,0.9998882,1.1339021e-05
/home/share/Uni_Eval/HAM10000_clean/ISIC2018/ISIC_0030017.jpg,5,5,3.1651936e-07,4.8278173e-07,0.00026099136,6.689206e-08,0.00041524848,0.9993212,1.6924856e-06
/home/share/Uni_Eval/HAM10000_clean/ISIC2018/ISIC_0028893.jpg,5,5,2.1665025e-08,6.7178554e-08,3.2316297e-05,5.935399e-08,0.00060302543,0.9993643,1.5807984e-07
/home/share/Uni_Eval/HAM10000_clean/ISIC2018/ISIC_0030078.jpg,5,5,0.00083861686,9.351089e-05,0.0024566888,5.925124e-05,0.0009368268,0.9956054,9.653157e-06
/home/share/Uni_Eval/HAM10000_clean/ISIC2018/ISIC_0028434.jpg,5,5,8.544012e-08,1.3585971e-07,1.1126755e-05,1.3956131e-07,0.0022616182,0.99772674,1.5184762e-07
/home/share/Uni_Eval/HAM10000_clean/ISIC2018/ISIC_0024966.jpg,5,5,1.9070443e-07,6.750612e-08,0.00026353015,1.6705319e-06,0.00011085815,0.9996202,3.452834e-06
/home/share/Uni_Eval/HAM10000_clean/ISIC2018/ISIC_0031873.jpg,5,5,2.6314112e-05,0.00066921307,0.00094310346,4.303351e-05,0.0011327751,0.9969863,0.00019926863
/home/share/Uni_Eval/HAM10000_clean/ISIC2018/ISIC_0024722.jpg,5,5,3.500662e-06,1.4029428e-06,0.0005587148,4.2702077e-06,0.0010403984,0.9983911,5.879535e-07
/home/share/Uni_Eval/HAM10000_clean/ISIC2018/ISIC_0027699.jpg,5,5,2.9692907e-07,3.0483565e-07,1.6536509e-05,2.4754615e-07,4.0128132e-05,0.99994206,3.3709875e-07
/home/share/Uni_Eval/HAM10000_clean/ISIC2018/ISIC_0032438.jpg,5,5,4.1705032e-08,3.4208167e-10,7.928393e-07,2.8669819e-08,5.325796e-05,0.9999459,3.5526288e-08
/home/share/Uni_Eval/HAM10000_clean/ISIC2018/ISIC_0029765.jpg,5,5,1.2443708e-05,6.834106e-09,5.062048e-05,7.3102164e-08,9.416711e-06,0.9999256,1.7513325e-06
/home/share/Uni_Eval/HAM10000_clean/ISIC2018/ISIC_0025010.jpg,5,5,0.00041374494,2.3130037e-06,7.3967814e-05,0.0008913594,0.006545747,0.99205846,1.443203e-05
/home/share/Uni_Eval/HAM10000_clean/ISIC2018/ISIC_0028569.jpg,5,5,1.7881041e-10,1.0180705e-08,4.3765795e-07,2.069114e-08,4.2035885e-05,0.99995744,6.7887e-08
/home/share/Uni_Eval/HAM10000_clean/ISIC2018/ISIC_0031788.jpg,5,5,3.3240022e-07,1.460304e-07,8.524338e-06,1.1861837e-06,1.2464998e-05,0.9999765,8.8489804e-07
/home/share/Uni_Eval/HAM10000_clean/ISIC2018/ISIC_0031628.jpg,5,5,4.2689026e-05,3.0040594e-06,0.006558257,0.000590181,0.34419703,0.6486069,1.916206e-06
/home/share/Uni_Eval/HAM10000_clean/ISIC2018/ISIC_0031859.jpg,5,5,1.7495124e-05,3.2148577e-07,4.8730297e-05,2.611175e-05,0.0063348976,0.9935702,2.2438137e-06
/home/share/Uni_Eval/HAM10000_clean/ISIC2018/ISIC_0028333.jpg,5,5,1.3274866e-05,0.00071296416,0.032924086,0.078957625,0.0061898967,0.87779737,0.0034048054
/home/share/Uni_Eval/HAM10000_clean/ISIC2018/ISIC_0027792.jpg,5,5,1.3713217e-08,5.405761e-09,9.452362e-06,1.1210034e-07,0.00028361144,0.9997067,1.14142466e-07
/home/share/Uni_Eval/HAM10000_clean/ISIC2018/ISIC_0029078.jpg,5,5,0.0013933114,4.4100154e-05,0.01703989,8.7912554e-07,0.0016394769,0.9798483,3.391455e-05
/home/share/Uni_Eval/HAM10000_clean/ISIC2018/ISIC_0027830.jpg,5,5,1.7129618e-09,9.712558e-08,3.6637982e-06,2.482634e-08,1.7421455e-05,0.99997854,1.9450556e-07
/home/share/Uni_Eval/HAM10000_clean/ISIC2018/ISIC_0026534.jpg,5,5,7.4694375e-09,3.744167e-09,3.1633156e-06,1.2984245e-07,0.00018548316,0.99981123,1.2768157e-08
/home/share/Uni_Eval/HAM10000_clean/ISIC2018/ISIC_0027396.jpg,5,5,2.1880602e-09,1.7499758e-07,1.5602192e-05,3.2620008e-07,8.465579e-05,0.9998969,2.3143946e-06
/home/share/Uni_Eval/HAM10000_clean/ISIC2018/ISIC_0029901.jpg,5,5,1.497772e-08,3.6107033e-06,3.819448e-05,3.0268038e-06,5.6548674e-06,0.9999453,4.244762e-06
/home/share/Uni_Eval/HAM10000_clean/ISIC2018/ISIC_0031425.jpg,5,5,1.4577966e-08,6.0426364e-06,0.00013553204,1.7235732e-07,0.0021279354,0.9976986,3.1766038e-05
/home/share/Uni_Eval/HAM10000_clean/ISIC2018/ISIC_0024802.jpg,5,5,1.6034102e-07,4.2148935e-07,9.014969e-06,7.162346e-07,0.00011561596,0.99987376,2.107717e-07
/home/share/Uni_Eval/HAM10000_clean/ISIC2018/ISIC_0030638.jpg,5,5,1.625049e-06,2.2610704e-08,6.4245096e-06,2.2577686e-05,0.00077789195,0.99918467,6.6932575e-06
/home/share/Uni_Eval/HAM10000_clean/ISIC2018/ISIC_0030983.jpg,5,5,1.7534685e-05,2.0674656e-06,3.200543e-05,2.8047296e-05,2.8812403e-05,0.9987463,0.0011452505
/home/share/Uni_Eval/HAM10000_clean/ISIC2018/ISIC_0026379.jpg,5,5,6.0715905e-05,4.0458144e-08,2.8663677e-05,6.4924225e-06,0.0015644882,0.99833906,5.021534e-07
/home/share/Uni_Eval/HAM10000_clean/ISIC2018/ISIC_0024912.jpg,5,5,1.6238635e-06,3.8825833e-06,5.428529e-05,3.3320862e-07,0.0022699258,0.9976694,4.1304253e-07
/home/share/Uni_Eval/HAM10000_clean/ISIC2018/ISIC_0032431.jpg,5,5,2.926941e-06,4.5597298e-07,5.7809008e-05,1.2081637e-06,2.0114912e-05,0.9998671,5.0367555e-05
/home/share/Uni_Eval/HAM10000_clean/ISIC2018/ISIC_0029842.jpg,5,5,1.3005004e-08,1.3700986e-08,6.3710344e-05,5.6501375e-07,0.00049334654,0.9994419,4.3121318e-07
/home/share/Uni_Eval/HAM10000_clean/ISIC2018/ISIC_0031641.jpg,5,5,3.3084544e-09,1.7987534e-07,1.0227775e-06,1.4609536e-08,3.0899424e-05,0.9999678,6.07083e-08
/home/share/Uni_Eval/HAM10000_clean/ISIC2018/ISIC_0031512.jpg,5,5,3.690043e-05,9.526735e-06,9.065606e-05,2.8737293e-05,8.512125e-05,0.99970204,4.70439e-05
/home/share/Uni_Eval/HAM10000_clean/ISIC2018/ISIC_0025037.jpg,5,5,3.976266e-06,9.608855e-07,0.00010406845,7.62867e-06,0.0002587591,0.9996233,1.2489761e-06
/home/share/Uni_Eval/HAM10000_clean/ISIC2018/ISIC_0031205.jpg,5,5,1.1041663e-05,1.9520583e-05,0.001704957,3.1288187e-07,0.0018434917,0.996349,7.163549e-05
/home/share/Uni_Eval/HAM10000_clean/ISIC2018/ISIC_0025233.jpg,5,5,4.151193e-08,1.0252412e-06,0.00013021678,3.9676692e-07,0.00012015951,0.99974734,7.75976e-07
/home/share/Uni_Eval/HAM10000_clean/ISIC2018/ISIC_0029863.jpg,5,5,5.677799e-10,4.918173e-09,1.9941363e-05,9.276531e-08,2.8546845e-05,0.99995077,6.432499e-07
/home/share/Uni_Eval/HAM10000_clean/ISIC2018/ISIC_0027095.jpg,5,5,1.8095916e-09,1.3667906e-07,0.000112963135,6.670656e-09,5.3659358e-05,0.99983263,6.472059e-07
/home/share/Uni_Eval/HAM10000_clean/ISIC2018/ISIC_0026197.jpg,5,5,6.754719e-06,3.2046914e-06,5.8319325e-05,2.4720637e-06,0.0020273658,0.9979007,1.154543e-06
/home/share/Uni_Eval/HAM10000_clean/ISIC2018/ISIC_0028722.jpg,5,5,1.7640338e-07,4.459027e-08,1.9020774e-06,1.6526015e-07,0.0018832553,0.9981141,4.6386825e-07
/home/share/Uni_Eval/HAM10000_clean/ISIC2018/ISIC_0025232.jpg,5,5,9.97358e-07,9.350865e-08,1.7066219e-05,5.1224276e-07,7.1190196e-05,0.99990964,4.5144688e-07
/home/share/Uni_Eval/HAM10000_clean/ISIC2018/ISIC_0029551.jpg,5,5,3.0707108e-07,5.1820667e-08,1.8419398e-06,6.3691655e-06,0.0008205718,0.9991627,8.285043e-06
/home/share/Uni_Eval/HAM10000_clean/ISIC2018/ISIC_0032297.jpg,5,5,0.0004103444,1.9327367e-06,3.243489e-06,3.8927865e-05,0.0048989356,0.9944049,0.00024172898
/home/share/Uni_Eval/HAM10000_clean/ISIC2018/ISIC_0024978.jpg,5,5,2.7221731e-05,2.8337543e-06,4.3213735e-05,3.759523e-05,1.7490895e-05,0.9998441,2.7515147e-05
/home/share/Uni_Eval/HAM10000_clean/ISIC2018/ISIC_0025889.jpg,5,5,1.8920282e-08,4.681627e-08,5.80962e-07,3.909733e-06,9.946493e-06,0.99998486,6.0293826e-07
/home/share/Uni_Eval/HAM10000_clean/ISIC2018/ISIC_0030708.jpg,5,5,4.8401455e-07,2.755374e-07,1.6545453e-05,2.1730158e-07,4.565237e-05,0.9999144,2.2461232e-05
/home/share/Uni_Eval/HAM10000_clean/ISIC2018/ISIC_0026542.jpg,5,5,5.9398957e-05,1.5237798e-07,0.007800508,9.728504e-06,0.00804595,0.9840784,5.8936453e-06
/home/share/Uni_Eval/HAM10000_clean/ISIC2018/ISIC_0025459.jpg,5,5,1.5603697e-06,3.3575993e-09,1.98515e-05,3.385622e-07,0.002104145,0.9978713,2.7769654e-06
/home/share/Uni_Eval/HAM10000_clean/ISIC2018/ISIC_0029256.jpg,5,5,4.2324365e-05,1.319269e-07,0.00026953605,4.9623634e-07,0.00094100885,0.9987446,1.9214822e-06
/home/share/Uni_Eval/HAM10000_clean/ISIC2018/ISIC_0024527.jpg,5,5,6.638833e-06,7.178854e-07,0.00037225834,6.2853287e-06,0.00015193404,0.9994553,6.9252123e-06
/home/share/Uni_Eval/HAM10000_clean/ISIC2018/ISIC_0029910.jpg,5,5,3.1067816e-07,1.7135122e-05,0.00016635789,7.976273e-06,4.7023295e-05,0.99972075,4.04412e-05
/home/share/Uni_Eval/HAM10000_clean/ISIC2018/ISIC_0025464.jpg,5,5,1.0899773e-06,2.829197e-07,0.0001242829,6.711225e-07,0.0001956677,0.99965894,1.9100395e-05
/home/share/Uni_Eval/HAM10000_clean/ISIC2018/ISIC_0029124.jpg,5,5,6.705724e-05,8.9761517e-07,7.601712e-05,1.392172e-06,0.01211166,0.98737967,0.00036318693
/home/share/Uni_Eval/HAM10000_clean/ISIC2018/ISIC_0031265.jpg,5,5,1.6839484e-06,8.346374e-10,4.9744198e-05,1.2212281e-06,5.5184562e-05,0.99989164,4.8922897e-07
/home/share/Uni_Eval/HAM10000_clean/ISIC2018/ISIC_0027499.jpg,5,5,4.5200973e-06,1.2942128e-07,2.6282338e-05,1.70653e-06,0.0010747294,0.9988927,3.6735518e-08
/home/share/Uni_Eval/HAM10000_clean/ISIC2018/ISIC_0025344.jpg,5,5,2.017338e-08,2.6297788e-09,4.7903646e-05,6.819388e-08,0.00011147664,0.9998404,2.1593438e-08
/home/share/Uni_Eval/HAM10000_clean/ISIC2018/ISIC_0031047.jpg,5,5,4.0382696e-07,6.913176e-09,0.00043475154,1.6782252e-07,0.0020923214,0.9974722,1.7614825e-07
/home/share/Uni_Eval/HAM10000_clean/ISIC2018/ISIC_0025595.jpg,5,5,9.4462784e-08,3.154738e-07,9.710534e-05,1.4257247e-06,0.00020163067,0.9996991,2.8182075e-07
/home/share/Uni_Eval/HAM10000_clean/ISIC2018/ISIC_0026732.jpg,5,5,8.933743e-05,2.9068272e-07,0.0005804052,5.2084197e-06,0.00017589914,0.9991416,7.293967e-06
/home/share/Uni_Eval/HAM10000_clean/ISIC2018/ISIC_0027635.jpg,5,5,3.4469855e-07,3.0199387e-06,3.4357533e-06,1.8077145e-08,0.0021892153,0.9976907,0.00011338506
/home/share/Uni_Eval/HAM10000_clean/ISIC2018/ISIC_0029280.jpg,5,5,0.0011587975,3.8076346e-06,0.007261238,0.00020439406,0.016683996,0.97465366,3.4097564e-05
/home/share/Uni_Eval/HAM10000_clean/ISIC2018/ISIC_0032472.jpg,5,5,2.5242825e-08,2.4439586e-09,4.685215e-06,1.2247101e-07,0.0012033381,0.9987919,2.1057929e-08
/home/share/Uni_Eval/HAM10000_clean/ISIC2018/ISIC_0028433.jpg,5,5,6.42087e-07,8.8758085e-08,0.00021856197,0.0018023998,5.8298365e-06,0.9979603,1.2016838e-05
/home/share/Uni_Eval/HAM10000_clean/ISIC2018/ISIC_0030439.jpg,5,5,0.00035052653,9.964406e-06,0.00028194542,0.00016051764,0.033254195,0.96593493,7.85326e-06
/home/share/Uni_Eval/HAM10000_clean/ISIC2018/ISIC_0027726.jpg,5,5,2.0717993e-05,4.073923e-06,5.2757474e-05,1.260138e-05,0.0010910747,0.99880457,1.4167451e-05
/home/share/Uni_Eval/HAM10000_clean/ISIC2018/ISIC_0030343.jpg,5,5,3.206399e-06,3.3434505e-06,0.00038752926,0.000659135,0.0057720253,0.99316555,9.2953915e-06
/home/share/Uni_Eval/HAM10000_clean/ISIC2018/ISIC_0025679.jpg,5,5,6.3363244e-05,5.12482e-06,0.00035319413,1.0277815e-05,2.8000362e-05,0.9995198,2.0239386e-05
/home/share/Uni_Eval/HAM10000_clean/ISIC2018/ISIC_0031737.jpg,5,5,0.0023625193,0.37242156,0.00062378775,0.00097625697,0.0001260664,0.6204991,0.0029907466
/home/share/Uni_Eval/HAM10000_clean/ISIC2018/ISIC_0025187.jpg,5,5,7.067035e-05,2.3643308e-07,0.00030521746,2.1119355e-07,0.008579099,0.9910417,2.817284e-06
/home/share/Uni_Eval/HAM10000_clean/ISIC2018/ISIC_0024751.jpg,5,5,4.9383005e-05,3.5162074e-08,0.0002662214,5.1029974e-06,0.009081106,0.9905821,1.6134529e-05
/home/share/Uni_Eval/HAM10000_clean/ISIC2018/ISIC_0030749.jpg,5,5,1.8283686e-08,5.324196e-09,2.0640284e-05,1.6825513e-08,0.0025716221,0.99740773,3.224046e-08
/home/share/Uni_Eval/HAM10000_clean/ISIC2018/ISIC_0025864.jpg,5,5,2.0293122e-08,2.1697522e-07,7.387478e-06,1.3850748e-06,0.0016647994,0.99832314,2.9277105e-06
/home/share/Uni_Eval/HAM10000_clean/ISIC2018/ISIC_0025688.jpg,5,5,0.00020593917,0.00021949179,0.0019143574,5.7068144e-05,0.0037883697,0.9932807,0.00053409475
/home/share/Uni_Eval/HAM10000_clean/ISIC2018/ISIC_0030948.jpg,5,5,1.3178968e-08,3.7950216e-05,1.4800629e-05,1.0677337e-08,0.00019601919,0.99966455,8.678247e-05
/home/share/Uni_Eval/HAM10000_clean/ISIC2018/ISIC_0027413.jpg,5,5,2.3285197e-06,3.1157879e-06,1.5041733e-05,5.773999e-07,0.00077446416,0.9992011,3.3940917e-06
/home/share/Uni_Eval/HAM10000_clean/ISIC2018/ISIC_0026294.jpg,5,5,1.0891736e-09,3.0467803e-08,5.5410346e-06,2.321867e-09,6.364619e-05,0.99993074,2.1215214e-08
/home/share/Uni_Eval/HAM10000_clean/ISIC2018/ISIC_0029327.jpg,5,5,1.5099018e-07,1.2543134e-07,1.8420764e-05,1.6398942e-09,0.0001848222,0.99979573,7.22623e-07
/home/share/Uni_Eval/HAM10000_clean/ISIC2018/ISIC_0029796.jpg,5,5,2.221621e-07,5.8018014e-07,1.9686771e-05,1.2666905e-07,0.00047945895,0.9994937,6.143023e-06
/home/share/Uni_Eval/HAM10000_clean/ISIC2018/ISIC_0024533.jpg,5,5,4.028404e-05,4.364277e-06,1.4132656e-05,1.7446341e-07,0.00024131636,0.99948347,0.00021630079
/home/share/Uni_Eval/HAM10000_clean/ISIC2018/ISIC_0028620.jpg,5,5,5.253596e-09,3.339371e-08,3.5502806e-06,1.6317635e-07,2.7882834e-05,0.9999684,3.4318504e-08
/home/share/Uni_Eval/HAM10000_clean/ISIC2018/ISIC_0032332.jpg,5,5,1.5082401e-09,4.609336e-08,2.6898535e-06,1.3583888e-06,9.067337e-06,0.9999869,1.272287e-08
/home/share/Uni_Eval/HAM10000_clean/ISIC2018/ISIC_0025705.jpg,5,5,3.8026765e-06,3.6355114e-08,0.00010770336,2.1583037e-06,0.0120253,0.9878611,5.710611e-08
/home/share/Uni_Eval/HAM10000_clean/ISIC2018/ISIC_0030004.jpg,5,5,8.8710414e-07,1.2309821e-08,1.9495163e-05,1.3830713e-06,6.833229e-05,0.99990964,1.9126989e-07
/home/share/Uni_Eval/HAM10000_clean/ISIC2018/ISIC_0031445.jpg,5,5,9.0860434e-05,2.0871755e-06,0.00063487364,2.6480504e-07,0.00013072578,0.9991247,1.648764e-05
/home/share/Uni_Eval/HAM10000_clean/ISIC2018/ISIC_0025050.jpg,5,5,8.502942e-05,1.3042239e-06,0.00016855089,1.08067625e-05,6.125597e-05,0.9996544,1.8642182e-05
/home/share/Uni_Eval/HAM10000_clean/ISIC2018/ISIC_0024681.jpg,5,5,6.462365e-07,5.99184e-09,2.0729842e-06,9.6018e-07,2.0858097e-05,0.99997497,4.4365444e-07
/home/share/Uni_Eval/HAM10000_clean/ISIC2018/ISIC_0029707.jpg,5,5,6.286601e-08,2.4638225e-06,8.6302505e-05,1.2379394e-06,0.00056518876,0.99934393,8.6500756e-07
/home/share/Uni_Eval/HAM10000_clean/ISIC2018/ISIC_0028240.jpg,5,5,8.434847e-06,3.606608e-06,0.000107563574,0.00021888208,0.037263665,0.96239495,2.961172e-06
/home/share/Uni_Eval/HAM10000_clean/ISIC2018/ISIC_0026325.jpg,5,5,2.1460103e-07,1.3944128e-07,7.3196993e-06,0.0004119961,2.5769225e-05,0.9995484,6.0879925e-06
/home/share/Uni_Eval/HAM10000_clean/ISIC2018/ISIC_0029817.jpg,5,5,2.3306409e-06,9.542859e-06,9.822817e-05,5.1894017e-06,0.00015404963,0.9997003,3.0379799e-05
/home/share/Uni_Eval/HAM10000_clean/ISIC2018/ISIC_0030530.jpg,5,5,1.1180002e-06,5.1201056e-07,0.0020457206,4.1307507e-07,2.6284539e-05,0.9979232,2.8619795e-06
/home/share/Uni_Eval/HAM10000_clean/ISIC2018/ISIC_0028421.jpg,5,5,8.3043105e-08,8.2823914e-07,3.708149e-06,9.474352e-07,2.9387484e-05,0.99990034,6.462938e-05
/home/share/Uni_Eval/HAM10000_clean/ISIC2018/ISIC_0029445.jpg,5,5,0.002501968,0.0003466937,0.010430323,0.004130768,0.006795178,0.95812887,0.017666215
/home/share/Uni_Eval/HAM10000_clean/ISIC2018/ISIC_0031315.jpg,5,5,2.6650844e-07,4.814626e-08,2.991881e-07,3.818817e-07,0.00030638202,0.9994655,0.00022719313
/home/share/Uni_Eval/HAM10000_clean/ISIC2018/ISIC_0031224.jpg,5,5,1.677406e-05,6.44095e-09,0.0002067595,4.729586e-06,0.002523696,0.9972326,1.5453797e-05
/home/share/Uni_Eval/HAM10000_clean/ISIC2018/ISIC_0030317.jpg,5,5,5.123534e-08,2.5991434e-10,4.8685824e-06,1.2016326e-05,6.58483e-06,0.9999716,4.813937e-06
/home/share/Uni_Eval/HAM10000_clean/ISIC2018/ISIC_0026375.jpg,5,5,9.479417e-06,0.00016378316,1.819235e-05,5.4230907e-07,6.30624e-06,0.9997725,2.9165152e-05
/home/share/Uni_Eval/HAM10000_clean/ISIC2018/ISIC_0030515.jpg,5,5,9.943207e-06,7.625349e-08,0.00014193663,4.061005e-06,5.397783e-05,0.99977833,1.1708043e-05
/home/share/Uni_Eval/HAM10000_clean/ISIC2018/ISIC_0029461.jpg,5,5,3.706151e-05,2.2430233e-06,0.0006573797,7.822476e-05,0.0025250239,0.9966769,2.3126482e-05
/home/share/Uni_Eval/HAM10000_clean/ISIC2018/ISIC_0032458.jpg,5,5,5.362028e-06,5.473017e-06,7.3577294e-06,3.932707e-07,0.0022086108,0.99773115,4.17e-05
/home/share/Uni_Eval/HAM10000_clean/ISIC2018/ISIC_0026447.jpg,5,5,2.1355105e-05,5.7561564e-08,1.322043e-05,9.973943e-07,0.00012032719,0.99979144,5.276983e-05
/home/share/Uni_Eval/HAM10000_clean/ISIC2018/ISIC_0029643.jpg,5,5,3.4634422e-09,5.795886e-08,0.00020171599,1.1841224e-05,6.066607e-05,0.9997253,5.6764685e-07
/home/share/Uni_Eval/HAM10000_clean/ISIC2018/ISIC_0026837.jpg,5,5,7.314824e-06,1.2585087e-08,0.00012796937,3.843187e-05,0.0003632809,0.9994572,5.827883e-06
/home/share/Uni_Eval/HAM10000_clean/ISIC2018/ISIC_0032480.jpg,5,5,0.00025972052,5.808746e-06,0.00032873012,5.3313684e-05,0.02840307,0.9709427,6.657328e-06
/home/share/Uni_Eval/HAM10000_clean/ISIC2018/ISIC_0026971.jpg,5,5,5.289884e-06,6.169783e-07,2.15729e-05,3.698674e-07,0.00014436041,0.9998276,1.8622859e-07
/home/share/Uni_Eval/HAM10000_clean/ISIC2018/ISIC_0030027.jpg,5,5,3.0779822e-07,0.0083218515,0.0003471236,5.648705e-05,0.0007477583,0.9853838,0.005142609
/home/share/Uni_Eval/HAM10000_clean/ISIC2018/ISIC_0030702.jpg,5,5,8.2352875e-11,1.2389051e-09,8.628702e-06,7.2415133e-07,0.00014960428,0.9998275,1.3483877e-05
/home/share/Uni_Eval/HAM10000_clean/ISIC2018/ISIC_0027196.jpg,5,5,1.8471765e-07,1.1045357e-08,2.7065787e-06,1.2186192e-08,7.42507e-05,0.99992275,5.5483035e-08
/home/share/Uni_Eval/HAM10000_clean/ISIC2018/ISIC_0031732.jpg,5,5,1.3601841e-06,1.7172434e-07,4.030964e-06,2.515545e-07,0.00094606477,0.99904686,1.3391217e-06
/home/share/Uni_Eval/HAM10000_clean/ISIC2018/ISIC_0027168.jpg,5,5,0.0003117213,8.745178e-07,4.9308414e-06,7.337347e-06,0.0037769824,0.9958871,1.1102767e-05
/home/share/Uni_Eval/HAM10000_clean/ISIC2018/ISIC_0028257.jpg,5,5,8.9747147e-07,7.8616695e-09,1.4181533e-05,4.5073884e-07,0.0011776958,0.99880624,4.959216e-07
/home/share/Uni_Eval/HAM10000_clean/ISIC2018/ISIC_0025329.jpg,5,5,0.0002456561,0.0012375055,0.0012227569,6.34426e-07,0.00027955585,0.9970049,8.967876e-06
/home/share/Uni_Eval/HAM10000_clean/ISIC2018/ISIC_0029834.jpg,5,5,9.162366e-06,7.416142e-07,2.2911727e-06,6.6003645e-07,0.00020575148,0.99976784,1.3484629e-05
/home/share/Uni_Eval/HAM10000_clean/ISIC2018/ISIC_0025279.jpg,5,5,2.1197242e-05,3.630016e-06,2.921311e-05,2.1363157e-06,0.00056819106,0.99911076,0.0002649528
/home/share/Uni_Eval/HAM10000_clean/ISIC2018/ISIC_0030595.jpg,5,5,4.691673e-06,3.8776204e-07,2.0562302e-06,6.9195685e-06,0.0007596229,0.9992218,4.5640654e-06
/home/share/Uni_Eval/HAM10000_clean/ISIC2018/ISIC_0030651.jpg,5,5,3.755575e-08,0.000117846925,1.2562439e-05,0.000117682495,1.9924066e-05,0.9997248,7.1999743e-06
/home/share/Uni_Eval/HAM10000_clean/ISIC2018/ISIC_0027516.jpg,5,5,1.5269872e-08,1.5418482e-05,1.0535117e-05,2.5501333e-06,2.6335433e-06,0.99995136,1.7515757e-05
/home/share/Uni_Eval/HAM10000_clean/ISIC2018/ISIC_0031241.jpg,5,5,0.00023698759,1.0750431e-06,6.8033034e-05,1.8482398e-06,0.0038481506,0.9949516,0.00089223374
/home/share/Uni_Eval/HAM10000_clean/ISIC2018/ISIC_0029873.jpg,5,5,4.661135e-07,1.2624824e-07,4.6331043e-05,1.3782369e-08,3.4218418e-05,0.9999187,1.8623241e-07
/home/share/Uni_Eval/HAM10000_clean/ISIC2018/ISIC_0024389.jpg,5,5,4.4573768e-05,4.444055e-06,0.0014449796,5.5820972e-05,0.00065327773,0.99744344,0.00035358322
/home/share/Uni_Eval/HAM10000_clean/ISIC2018/ISIC_0029658.jpg,5,5,2.9994453e-05,1.2735173e-07,7.5762205e-07,5.035552e-07,7.0841443e-06,0.9999516,9.929294e-06
/home/share/Uni_Eval/HAM10000_clean/ISIC2018/ISIC_0027995.jpg,5,5,4.398537e-05,0.00011203942,0.0001871234,1.3956055e-05,0.002247138,0.997336,5.9847654e-05
/home/share/Uni_Eval/HAM10000_clean/ISIC2018/ISIC_0031740.jpg,5,5,0.0001453941,5.9461257e-05,1.4103257e-05,3.490037e-07,0.00015004259,0.9995727,5.7936122e-05
/home/share/Uni_Eval/HAM10000_clean/ISIC2018/ISIC_0028532.jpg,5,5,3.6407089e-06,3.9887422e-07,3.936213e-05,2.4341225e-05,5.6866418e-05,0.9998584,1.710479e-05
/home/share/Uni_Eval/HAM10000_clean/ISIC2018/ISIC_0026719.jpg,5,5,3.6281128e-07,2.3373053e-08,8.89062e-07,1.9174577e-05,2.7379356e-05,0.9999465,5.7140123e-06
/home/share/Uni_Eval/HAM10000_clean/ISIC2018/ISIC_0029037.jpg,5,5,4.986981e-08,7.074358e-11,1.7564497e-06,4.8837586e-07,0.0012706922,0.998727,1.4492581e-08
/home/share/Uni_Eval/HAM10000_clean/ISIC2018/ISIC_0031193.jpg,5,5,4.3013674e-07,2.3991365e-07,7.4049894e-06,1.4795114e-06,1.5143131e-05,0.99996746,7.846951e-06
/home/share/Uni_Eval/HAM10000_clean/ISIC2018/ISIC_0030934.jpg,5,5,9.949806e-07,6.1650036e-07,5.7348225e-06,2.3133418e-06,6.2505105e-06,0.99998164,2.5608413e-06
/home/share/Uni_Eval/HAM10000_clean/ISIC2018/ISIC_0028530.jpg,5,5,3.7615946e-09,8.4511786e-10,9.683795e-07,7.733207e-08,3.1967302e-06,0.99999547,2.6238732e-07
/home/share/Uni_Eval/HAM10000_clean/ISIC2018/ISIC_0028959.jpg,5,5,1.0292784e-05,9.729712e-09,6.489866e-05,8.67012e-06,0.0012239146,0.9986852,7.0190817e-06
/home/share/Uni_Eval/HAM10000_clean/ISIC2018/ISIC_0028754.jpg,5,5,1.7771974e-06,1.8726861e-07,0.00027766358,3.8397698e-07,0.15577804,0.84385294,8.896947e-05
/home/share/Uni_Eval/HAM10000_clean/ISIC2018/ISIC_0032353.jpg,5,5,1.6363038e-07,2.7105061e-06,1.4671804e-05,3.0613226e-08,1.640047e-05,0.9999546,1.1438089e-05
/home/share/Uni_Eval/HAM10000_clean/ISIC2018/ISIC_0029579.jpg,5,5,9.431644e-09,1.3870324e-08,2.6708956e-05,2.2439562e-07,0.0007396342,0.99923277,6.1557944e-07
/home/share/Uni_Eval/HAM10000_clean/ISIC2018/ISIC_0032001.jpg,5,5,1.0817812e-08,1.1503225e-09,4.4158656e-05,5.549128e-06,0.00025850453,0.99968517,6.570995e-06
/home/share/Uni_Eval/HAM10000_clean/ISIC2018/ISIC_0027894.jpg,5,5,2.7344567e-08,2.4977647e-09,1.414601e-06,1.612026e-07,0.00042446092,0.999574,2.1575417e-08
/home/share/Uni_Eval/HAM10000_clean/ISIC2018/ISIC_0026763.jpg,5,5,1.7438094e-08,6.385814e-10,1.1929324e-06,2.353537e-07,2.0331872e-05,0.99997723,1.0421505e-06
/home/share/Uni_Eval/HAM10000_clean/ISIC2018/ISIC_0031432.jpg,5,5,1.5856887e-06,6.700772e-08,5.993008e-06,1.5223736e-07,0.0040369136,0.9959431,1.2100344e-05
/home/share/Uni_Eval/HAM10000_clean/ISIC2018/ISIC_0030780.jpg,5,5,2.0060252e-05,1.3912587e-08,2.167707e-05,1.7985657e-08,1.217202e-05,0.999946,1.1183541e-07
/home/share/Uni_Eval/HAM10000_clean/ISIC2018/ISIC_0025787.jpg,5,5,2.826931e-08,2.6805912e-05,7.0379933e-06,4.7937834e-07,2.2876855e-05,0.99974805,0.00019473385
/home/share/Uni_Eval/HAM10000_clean/ISIC2018/ISIC_0028286.jpg,5,5,2.7084221e-08,5.5365823e-09,1.8427197e-07,6.7881345e-08,0.00013383378,0.9998417,2.4126304e-05
/home/share/Uni_Eval/HAM10000_clean/ISIC2018/ISIC_0031911.jpg,5,5,1.7322061e-07,5.283704e-07,0.00012317087,2.359059e-06,0.0016506113,0.9982048,1.8300629e-05
/home/share/Uni_Eval/HAM10000_clean/ISIC2018/ISIC_0025138.jpg,5,5,0.00044282855,4.947957e-06,0.0001968702,8.844172e-06,0.000106462714,0.99913424,0.000105762025
/home/share/Uni_Eval/HAM10000_clean/ISIC2018/ISIC_0026797.jpg,5,5,7.4601346e-08,3.909466e-10,5.521216e-07,9.263499e-07,0.002460441,0.9975375,4.994286e-07
/home/share/Uni_Eval/HAM10000_clean/ISIC2018/ISIC_0027464.jpg,5,5,6.439651e-07,6.171296e-07,2.7269201e-05,3.4258946e-06,4.4958968e-05,0.9998975,2.55498e-05
/home/share/Uni_Eval/HAM10000_clean/ISIC2018/ISIC_0027241.jpg,5,5,1.9441073e-07,2.9049623e-08,2.9278905e-05,1.1578529e-06,0.00028079495,0.9996884,2.3004496e-07
/home/share/Uni_Eval/HAM10000_clean/ISIC2018/ISIC_0031242.jpg,5,5,2.7097265e-08,6.601012e-08,2.0395139e-05,2.399833e-08,0.0011442709,0.99882084,1.4360273e-05
/home/share/Uni_Eval/HAM10000_clean/ISIC2018/ISIC_0030224.jpg,5,5,5.157958e-09,3.0841196e-09,5.718696e-07,1.9497041e-07,0.00042568933,0.9995733,2.21837e-07
/home/share/Uni_Eval/HAM10000_clean/ISIC2018/ISIC_0025220.jpg,5,5,4.0030848e-08,3.6187197e-07,2.8208355e-05,2.4558378e-07,0.00041820892,0.9995153,3.7677713e-05
/home/share/Uni_Eval/HAM10000_clean/ISIC2018/ISIC_0026408.jpg,5,5,2.8650747e-06,1.1625889e-06,0.00017768427,4.41152e-07,0.0002919492,0.99952376,2.1136782e-06
/home/share/Uni_Eval/HAM10000_clean/ISIC2018/ISIC_0030496.jpg,5,5,3.015316e-07,3.9649418e-05,6.1557694e-05,2.7243894e-05,0.00038445942,0.9992478,0.00023898324
/home/share/Uni_Eval/HAM10000_clean/ISIC2018/ISIC_0027733.jpg,5,5,2.1163225e-07,2.2660178e-07,0.00037951992,1.615847e-06,1.2032194e-05,0.99960345,2.9164767e-06
/home/share/Uni_Eval/HAM10000_clean/ISIC2018/ISIC_0028590.jpg,5,5,2.3663963e-06,5.237265e-07,0.00071644044,1.7644503e-05,9.236317e-05,0.99916995,8.422033e-07
/home/share/Uni_Eval/HAM10000_clean/ISIC2018/ISIC_0031161.jpg,5,5,0.004461724,9.568039e-07,0.013081415,1.9142048e-05,0.0017260751,0.98064834,6.230765e-05
/home/share/Uni_Eval/HAM10000_clean/ISIC2018/ISIC_0027314.jpg,5,5,0.00016591958,3.341267e-06,9.562033e-05,2.3531225e-06,7.442546e-05,0.9996538,4.507303e-06
/home/share/Uni_Eval/HAM10000_clean/ISIC2018/ISIC_0030571.jpg,5,5,3.1275675e-05,1.3089902e-07,6.054477e-05,4.3608698e-06,0.0009420773,0.99895453,7.0732412e-06
/home/share/Uni_Eval/HAM10000_clean/ISIC2018/ISIC_0026873.jpg,5,5,1.7442476e-07,4.8330207e-08,5.9408744e-06,7.522383e-08,0.00049079227,0.9995023,6.1073933e-07
/home/share/Uni_Eval/HAM10000_clean/ISIC2018/ISIC_0032506.jpg,5,5,0.00020778316,6.214278e-08,6.3453103e-06,0.000103727085,0.0014471441,0.99812955,0.00010531555
/home/share/Uni_Eval/HAM10000_clean/ISIC2018/ISIC_0024359.jpg,5,5,3.0009866e-07,2.0459048e-08,7.3165916e-06,8.620377e-06,0.00065689854,0.999326,8.8128223e-07
/home/share/Uni_Eval/HAM10000_clean/ISIC2018/ISIC_0031420.jpg,5,5,0.0057729357,3.194931e-06,0.013112135,0.0011213578,4.7107624e-05,0.97990555,3.772914e-05
/home/share/Uni_Eval/HAM10000_clean/ISIC2018/ISIC_0026785.jpg,5,5,1.3163432e-06,8.494562e-06,0.012547269,1.7556751e-05,8.4006395e-05,0.98729193,4.946438e-05
/home/share/Uni_Eval/HAM10000_clean/ISIC2018/ISIC_0025229.jpg,5,5,1.7891502e-05,0.00036013118,2.54942e-05,2.87315e-05,8.8186935e-05,0.99912983,0.00034973453
/home/share/Uni_Eval/HAM10000_clean/ISIC2018/ISIC_0030739.jpg,5,5,1.6233839e-06,0.00034624082,7.507536e-05,0.0002670791,0.00039630078,0.9973368,0.0015769689
/home/share/Uni_Eval/HAM10000_clean/ISIC2018/ISIC_0030611.jpg,5,5,3.2467116e-07,1.3717904e-06,3.6277845e-06,1.9142688e-07,0.0001566952,0.9998184,1.9279674e-05
/home/share/Uni_Eval/HAM10000_clean/ISIC2018/ISIC_0027363.jpg,5,5,2.1756652e-07,9.709288e-07,0.00012757399,2.7190862e-07,0.0018740462,0.9979936,3.4025634e-06
/home/share/Uni_Eval/HAM10000_clean/ISIC2018/ISIC_0030619.jpg,5,5,3.525819e-07,4.537055e-06,5.3098506e-06,7.5119186e-07,0.0005496639,0.99943906,3.4370626e-07
/home/share/Uni_Eval/HAM10000_clean/ISIC2018/ISIC_0029601.jpg,5,5,5.9570866e-05,0.00022895202,0.0037298233,3.486272e-07,7.465158e-05,0.9959038,2.9577661e-06
/home/share/Uni_Eval/HAM10000_clean/ISIC2018/ISIC_0027088.jpg,5,5,4.2206945e-09,4.036085e-11,4.783174e-06,5.379107e-10,0.0005986779,0.9993955,1.0577525e-06
/home/share/Uni_Eval/HAM10000_clean/ISIC2018/ISIC_0027158.jpg,5,5,9.886296e-09,1.6297719e-07,2.3464575e-07,3.9691898e-08,6.032182e-06,0.99999356,5.55076e-08
/home/share/Uni_Eval/HAM10000_clean/ISIC2018/ISIC_0024502.jpg,5,5,2.1661786e-05,3.3615617e-08,8.48115e-05,2.9985272e-06,0.00018321155,0.9997061,1.2476653e-06
/home/share/Uni_Eval/HAM10000_clean/ISIC2018/ISIC_0027199.jpg,5,5,0.0007728239,3.62108e-05,0.0027948057,0.0038653798,0.0052947477,0.9779268,0.009309185
/home/share/Uni_Eval/HAM10000_clean/ISIC2018/ISIC_0027929.jpg,5,5,9.765724e-08,1.517635e-09,4.7525846e-06,6.7550424e-08,0.00013440511,0.9998605,3.183051e-08
/home/share/Uni_Eval/HAM10000_clean/ISIC2018/ISIC_0027029.jpg,5,5,0.00015573433,5.713007e-05,2.387036e-05,2.9822677e-05,0.007480536,0.9922404,1.2531465e-05
/home/share/Uni_Eval/HAM10000_clean/ISIC2018/ISIC_0031920.jpg,5,5,6.6450166e-06,8.626528e-06,0.00010455042,4.4421317e-06,0.00011604748,0.99974626,1.3493535e-05
/home/share/Uni_Eval/HAM10000_clean/ISIC2018/ISIC_0029763.jpg,5,5,4.5990007e-05,0.00024829857,0.007496884,0.00034910464,0.00013394843,0.9914545,0.00027127806
/home/share/Uni_Eval/HAM10000_clean/ISIC2018/ISIC_0031841.jpg,5,5,0.0006828481,3.2803132e-06,0.0003695195,0.0006128312,0.0013534017,0.9969561,2.1969207e-05
/home/share/Uni_Eval/HAM10000_clean/ISIC2018/ISIC_0028946.jpg,5,5,6.3977764e-06,2.0665593e-05,7.795269e-05,6.7880364e-07,0.010383226,0.98950434,6.723573e-06
/home/share/Uni_Eval/HAM10000_clean/ISIC2018/ISIC_0031152.jpg,5,5,0.00016917956,1.685736e-05,0.00067092775,7.651764e-06,0.0007242798,0.99827003,0.00014098687
/home/share/Uni_Eval/HAM10000_clean/ISIC2018/ISIC_0030075.jpg,5,5,6.1989375e-08,9.932455e-08,0.00010901145,1.6195426e-07,8.3172396e-05,0.9998066,9.963112e-07
/home/share/Uni_Eval/HAM10000_clean/ISIC2018/ISIC_0028328.jpg,5,5,4.9143233e-07,1.9848553e-06,0.00037097614,1.2204087e-07,8.936885e-05,0.9995359,1.1580948e-06
/home/share/Uni_Eval/HAM10000_clean/ISIC2018/ISIC_0027547.jpg,5,5,1.1178696e-09,3.7510497e-06,6.059886e-06,6.746173e-08,3.5307163e-05,0.99995244,2.3472596e-06
/home/share/Uni_Eval/HAM10000_clean/ISIC2018/ISIC_0029750.jpg,5,5,6.030007e-09,6.9728344e-08,2.229364e-06,1.4630303e-08,0.00012660556,0.99987006,9.292557e-07
/home/share/Uni_Eval/HAM10000_clean/ISIC2018/ISIC_0024991.jpg,5,5,1.5809117e-09,5.9243757e-09,2.6243856e-06,6.8834516e-10,0.00033434684,0.9996629,2.089809e-07
/home/share/Uni_Eval/HAM10000_clean/ISIC2018/ISIC_0031805.jpg,5,5,4.5073406e-08,5.0048403e-08,6.2384905e-05,1.2018536e-08,0.0002776556,0.9996575,2.3974633e-06
/home/share/Uni_Eval/HAM10000_clean/ISIC2018/ISIC_0031688.jpg,5,5,3.9601664e-10,1.7671532e-08,7.082119e-05,3.1731588e-08,1.1196267e-05,0.99991786,1.4352372e-07
/home/share/Uni_Eval/HAM10000_clean/ISIC2018/ISIC_0031731.jpg,5,5,1.3326453e-06,2.0731904e-05,2.9978703e-05,6.602057e-07,0.00020517579,0.99902534,0.00071670715
/home/share/Uni_Eval/HAM10000_clean/ISIC2018/ISIC_0028444.jpg,5,5,2.6726357e-07,1.795938e-08,1.0136619e-05,2.1588004e-07,0.0009781859,0.9990108,3.8110127e-07
/home/share/Uni_Eval/HAM10000_clean/ISIC2018/ISIC_0025139.jpg,5,5,7.287226e-09,4.1863565e-08,0.00014347315,5.2276587e-06,0.00018704006,0.99966407,1.4856268e-07
/home/share/Uni_Eval/HAM10000_clean/ISIC2018/ISIC_0027690.jpg,5,5,1.5421472e-07,4.0100474e-07,0.0012782156,1.5988036e-06,4.0826628e-05,0.9986765,2.383301e-06
/home/share/Uni_Eval/HAM10000_clean/ISIC2018/ISIC_0031658.jpg,5,5,2.479554e-07,1.088495e-06,7.048045e-06,1.2495126e-06,3.6720718e-05,0.99994683,6.846885e-06
/home/share/Uni_Eval/HAM10000_clean/ISIC2018/ISIC_0025828.jpg,5,5,2.6177804e-07,8.191692e-09,0.00058290275,3.6531702e-08,5.3391108e-05,0.9993617,1.7052809e-06
/home/share/Uni_Eval/HAM10000_clean/ISIC2018/ISIC_0026578.jpg,5,5,1.165841e-08,6.6485615e-07,1.7735197e-06,2.8481752e-05,0.00013253187,0.9998271,9.4240295e-06
/home/share/Uni_Eval/HAM10000_clean/ISIC2018/ISIC_0025349.jpg,5,5,4.095872e-07,4.744487e-06,2.2468863e-05,5.550889e-06,1.365165e-05,0.9998994,5.369263e-05
/home/share/Uni_Eval/HAM10000_clean/ISIC2018/ISIC_0027169.jpg,5,5,2.4710107e-07,3.2616688e-07,3.2932141e-06,9.8331455e-08,0.0001624932,0.9998323,1.2296398e-06
/home/share/Uni_Eval/HAM10000_clean/ISIC2018/ISIC_0025888.jpg,5,5,3.0921104e-08,2.1034094e-07,6.623259e-05,3.323066e-06,1.6798846e-05,0.99991167,1.6370274e-06
/home/share/Uni_Eval/HAM10000_clean/ISIC2018/ISIC_0026813.jpg,5,5,3.5726135e-09,3.0968383e-07,1.8748466e-05,6.7507867e-06,0.0026363337,0.997335,2.7218039e-06
/home/share/Uni_Eval/HAM10000_clean/ISIC2018/ISIC_0030449.jpg,5,5,1.0424375e-07,1.1924503e-08,1.5550964e-05,4.423868e-09,6.020989e-05,0.99992406,5.863415e-08
/home/share/Uni_Eval/HAM10000_clean/ISIC2018/ISIC_0029520.jpg,5,5,1.0092496e-07,2.3730377e-06,0.001730461,1.7231343e-05,0.13974825,0.85850143,2.0042211e-07
/home/share/Uni_Eval/HAM10000_clean/ISIC2018/ISIC_0026517.jpg,5,5,4.2789492e-07,3.8957246e-08,0.0013202152,5.029262e-09,5.390771e-05,0.9986253,1.3764286e-07
/home/share/Uni_Eval/HAM10000_clean/ISIC2018/ISIC_0031416.jpg,5,5,3.4827178e-07,4.4317204e-08,1.6688493e-05,1.2046073e-06,0.0057374886,0.9942293,1.4973241e-05
/home/share/Uni_Eval/HAM10000_clean/ISIC2018/ISIC_0027782.jpg,5,5,3.2107245e-08,4.2719265e-08,7.981494e-05,6.6247316e-07,0.0012155453,0.9986854,1.8524594e-05
/home/share/Uni_Eval/HAM10000_clean/ISIC2018/ISIC_0031752.jpg,5,5,8.4633035e-07,1.5725838e-07,2.9307314e-05,7.724758e-06,0.0011572329,0.99880385,9.516819e-07
/home/share/Uni_Eval/HAM10000_clean/ISIC2018/ISIC_0028152.jpg,5,5,6.6556674e-07,8.521168e-07,0.00040121365,0.0002440421,8.747359e-05,0.99926096,4.7860244e-06
/home/share/Uni_Eval/HAM10000_clean/ISIC2018/ISIC_0025697.jpg,5,5,5.7588583e-08,8.3890075e-07,3.8188573e-05,2.157318e-06,3.1894728e-05,0.999925,1.8399695e-06
/home/share/Uni_Eval/HAM10000_clean/ISIC2018/ISIC_0030905.jpg,5,5,4.2533028e-07,2.8908337e-08,0.00021747865,3.8612825e-06,0.0033647008,0.99634343,6.998341e-05
/home/share/Uni_Eval/HAM10000_clean/ISIC2018/ISIC_0026630.jpg,5,5,2.461928e-05,1.5334751e-06,8.47836e-05,5.9730382e-06,0.00025456326,0.9996269,1.5842108e-06
/home/share/Uni_Eval/HAM10000_clean/ISIC2018/ISIC_0025360.jpg,5,5,3.4065016e-07,1.6414011e-08,3.2208645e-05,4.091216e-08,5.248436e-05,0.9999145,4.2643487e-07
/home/share/Uni_Eval/HAM10000_clean/ISIC2018/ISIC_0028253.jpg,5,5,4.5597426e-06,1.2313689e-05,0.00018615054,0.0001842308,5.279144e-06,0.9995958,1.1712382e-05
/home/share/Uni_Eval/HAM10000_clean/ISIC2018/ISIC_0025669.jpg,5,5,1.677046e-05,1.2697282e-06,6.4869986e-05,1.0632874e-05,0.0021546497,0.9977452,6.6153752e-06
/home/share/Uni_Eval/HAM10000_clean/ISIC2018/ISIC_0027368.jpg,5,5,3.839919e-05,4.7911344e-06,0.000126628,7.568596e-07,0.028931959,0.9708944,3.1121992e-06
/home/share/Uni_Eval/HAM10000_clean/ISIC2018/ISIC_0030777.jpg,5,5,2.2281376e-05,1.4642536e-08,1.1331138e-06,2.1967564e-07,0.00046208652,0.99951386,4.0680675e-07
/home/share/Uni_Eval/HAM10000_clean/ISIC2018/ISIC_0029875.jpg,5,5,2.7368764e-05,5.4076264e-07,0.0009787881,1.5518515e-05,0.0007750805,0.99819547,7.203701e-06
/home/share/Uni_Eval/HAM10000_clean/ISIC2018/ISIC_0029204.jpg,5,5,0.024348283,1.3037108e-05,0.001448176,5.4656404e-05,0.013310595,0.96079624,2.9097224e-05
/home/share/Uni_Eval/HAM10000_clean/ISIC2018/ISIC_0032267.jpg,5,5,7.4039957e-07,1.7436111e-08,0.003698884,2.9127705e-06,0.0001866986,0.99610966,1.0270219e-06
/home/share/Uni_Eval/HAM10000_clean/ISIC2018/ISIC_0032069.jpg,5,5,4.5450273e-07,1.9190166e-07,0.003735591,3.1749337e-06,0.00010323605,0.99615663,6.3733887e-07
/home/share/Uni_Eval/HAM10000_clean/ISIC2018/ISIC_0029657.jpg,5,5,1.6638394e-07,5.0319175e-09,0.0008245352,1.8227144e-07,7.5774406e-05,0.99909925,2.59894e-08
/home/share/Uni_Eval/HAM10000_clean/ISIC2018/ISIC_0030646.jpg,5,5,3.2554138e-07,3.1391423e-08,0.00043725435,7.44544e-06,5.4115124e-05,0.99950063,2.5320855e-07
/home/share/Uni_Eval/HAM10000_clean/ISIC2018/ISIC_0029018.jpg,5,5,2.3013538e-06,4.9615635e-05,0.008949991,5.7541962e-09,0.003859919,0.98706365,7.4419906e-05
/home/share/Uni_Eval/HAM10000_clean/ISIC2018/ISIC_0028247.jpg,5,5,7.0826823e-06,0.004425411,0.0029720494,0.00029217824,0.026366206,0.96421313,0.0017238822
/home/share/Uni_Eval/HAM10000_clean/ISIC2018/ISIC_0027757.jpg,5,5,1.727595e-06,0.00050512457,0.010237299,0.0007200359,0.20026805,0.78758544,0.00068232184
/home/share/Uni_Eval/HAM10000_clean/ISIC2018/ISIC_0032363.jpg,5,5,5.8883273e-07,0.00034341103,8.5484826e-05,0.00012847634,0.008013619,0.99117154,0.00025699963
/home/share/Uni_Eval/HAM10000_clean/ISIC2018/ISIC_0025638.jpg,5,5,1.5774454e-07,0.00260585,3.3942993e-05,2.3348444e-05,0.00022725385,0.9963832,0.0007261808
/home/share/Uni_Eval/HAM10000_clean/ISIC2018/ISIC_0031178.jpg,5,5,1.472245e-05,0.0038158863,0.002508592,0.00010704923,0.00012439834,0.9668733,0.02655607
/home/share/Uni_Eval/HAM10000_clean/ISIC2018/ISIC_0029534.jpg,5,5,7.6849625e-05,0.33283707,0.004767306,0.0041735643,0.00455049,0.6520726,0.0015221009
/home/share/Uni_Eval/HAM10000_clean/ISIC2018/ISIC_0024594.jpg,5,5,1.9410649e-08,2.174684e-06,0.0002763758,2.0098676e-06,0.002933035,0.996727,5.9392427e-05
/home/share/Uni_Eval/HAM10000_clean/ISIC2018/ISIC_0027444.jpg,5,5,0.014214197,0.0002672176,0.005425993,0.00016695027,0.13575822,0.84337217,0.0007951542
/home/share/Uni_Eval/HAM10000_clean/ISIC2018/ISIC_0027644.jpg,5,5,2.7837123e-05,0.00015771615,0.022456689,1.1082994e-05,0.007177628,0.97016853,4.4945966e-07
/home/share/Uni_Eval/HAM10000_clean/ISIC2018/ISIC_0032376.jpg,5,5,2.5395595e-05,0.0076039615,0.11161865,7.191048e-06,0.023795627,0.8567925,0.00015666713
/home/share/Uni_Eval/HAM10000_clean/ISIC2018/ISIC_0029790.jpg,5,5,9.490201e-07,6.45602e-08,0.00013588266,3.593071e-07,0.0047991257,0.99506277,8.5900257e-07
/home/share/Uni_Eval/HAM10000_clean/ISIC2018/ISIC_0027305.jpg,5,5,1.1542466e-07,0.0012180175,9.654496e-05,5.5268847e-05,0.0017543486,0.9968727,2.9361895e-06
/home/share/Uni_Eval/HAM10000_clean/ISIC2018/ISIC_0028918.jpg,5,5,5.5416153e-06,0.00012357377,0.0026583853,6.2626136e-06,0.019373292,0.97779524,3.766559e-05
/home/share/Uni_Eval/HAM10000_clean/ISIC2018/ISIC_0030697.jpg,5,5,5.4857987e-06,3.3575216e-05,0.00031983558,2.2149175e-05,0.0051224763,0.99444807,4.8386457e-05
/home/share/Uni_Eval/HAM10000_clean/ISIC2018/ISIC_0028293.jpg,5,5,6.294279e-06,0.004428562,0.005418117,0.00027963877,0.007996241,0.9818118,5.9294027e-05
/home/share/Uni_Eval/HAM10000_clean/ISIC2018/ISIC_0027264.jpg,5,5,1.0373297e-05,1.8749968e-05,0.00030645635,1.2292589e-05,0.06452369,0.9345777,0.0005508156
/home/share/Uni_Eval/HAM10000_clean/ISIC2018/ISIC_0031404.jpg,5,1,0.16451809,0.73067707,0.03147542,0.00022476811,0.001124455,0.07034436,0.0016359272
/home/share/Uni_Eval/HAM10000_clean/ISIC2018/ISIC_0025152.jpg,5,5,8.2815895e-08,0.00012130659,0.00016777002,1.8065279e-05,0.00088584865,0.91595757,0.082849406
/home/share/Uni_Eval/HAM10000_clean/ISIC2018/ISIC_0027235.jpg,5,4,1.9338256e-06,4.3458417e-06,0.0024844757,2.0633885e-07,0.9786219,0.018885713,1.3701309e-06
/home/share/Uni_Eval/HAM10000_clean/ISIC2018/ISIC_0031160.jpg,5,5,0.00013058634,9.488053e-05,0.02858974,7.1565165e-07,0.29333416,0.6774615,0.00038839778
/home/share/Uni_Eval/HAM10000_clean/ISIC2018/ISIC_0028010.jpg,5,5,0.00065158476,0.020760063,0.0036696135,0.00017167529,0.19285099,0.7816833,0.00021276496
/home/share/Uni_Eval/HAM10000_clean/ISIC2018/ISIC_0024934.jpg,5,5,1.1170273e-06,3.975533e-07,0.0039678672,1.3008391e-05,0.0077279955,0.9882895,1.7876374e-07
/home/share/Uni_Eval/HAM10000_clean/ISIC2018/ISIC_0028461.jpg,5,4,2.6596488e-05,0.0023367198,0.0016013433,0.0012952747,0.65031445,0.34430552,0.00012006598
/home/share/Uni_Eval/HAM10000_clean/ISIC2018/ISIC_0028332.jpg,5,5,3.9544257e-06,6.1443625e-06,0.00037271544,4.1875766e-05,0.02621851,0.97335577,9.997964e-07
/home/share/Uni_Eval/HAM10000_clean/ISIC2018/ISIC_0032334.jpg,5,5,3.246528e-05,0.0014478243,0.017062452,2.347073e-05,0.1434239,0.8379932,1.6659755e-05
/home/share/Uni_Eval/HAM10000_clean/ISIC2018/ISIC_0030858.jpg,5,5,3.4957513e-05,0.00013200808,3.5985482e-05,0.00021189677,0.005620438,0.9930588,0.00090591825
/home/share/Uni_Eval/HAM10000_clean/ISIC2018/ISIC_0030609.jpg,5,5,2.7841998e-06,3.1472453e-08,0.0018473926,3.3263723e-07,0.19507873,0.8030703,5.2299e-07
/home/share/Uni_Eval/HAM10000_clean/ISIC2018/ISIC_0027987.jpg,5,5,5.243557e-08,0.003461329,0.00044061436,1.565773e-05,0.015038604,0.9810387,5.038142e-06
/home/share/Uni_Eval/HAM10000_clean/ISIC2018/ISIC_0026722.jpg,5,5,0.085839726,0.010284367,0.21750315,0.0016448466,0.08808693,0.5954352,0.00120577
/home/share/Uni_Eval/HAM10000_clean/ISIC2018/ISIC_0031663.jpg,5,5,1.4864139e-06,0.00015044001,0.0003017972,6.8131144e-06,0.007958319,0.9915658,1.5256703e-05
/home/share/Uni_Eval/HAM10000_clean/ISIC2018/ISIC_0025568.jpg,5,5,4.2462935e-07,0.0015606546,0.0076147798,7.787048e-06,0.15673473,0.8328244,0.0012572118
/home/share/Uni_Eval/HAM10000_clean/ISIC2018/ISIC_0030247.jpg,5,1,0.0063108327,0.43396807,0.11655532,0.007555999,0.06725689,0.19346724,0.17488569
/home/share/Uni_Eval/HAM10000_clean/ISIC2018/ISIC_0029756.jpg,5,5,8.333155e-09,1.5830201e-05,1.46811735e-05,1.299717e-06,0.00018489835,0.9997309,5.2308587e-05
/home/share/Uni_Eval/HAM10000_clean/ISIC2018/ISIC_0031629.jpg,5,5,5.776971e-06,5.9804397e-06,1.6549446e-05,4.6956566e-07,0.00780912,0.99211496,4.7092144e-05
/home/share/Uni_Eval/HAM10000_clean/ISIC2018/ISIC_0027537.jpg,5,5,1.0672271e-05,0.00020510741,0.0087734945,2.4924387e-07,0.01820293,0.97269917,0.00010841519
/home/share/Uni_Eval/HAM10000_clean/ISIC2018/ISIC_0026223.jpg,5,5,4.3393953e-05,4.910368e-06,0.0015615933,1.11592065e-07,0.0025850083,0.9957911,1.3894933e-05
/home/share/Uni_Eval/HAM10000_clean/ISIC2018/ISIC_0024789.jpg,5,2,0.010328531,0.0026923122,0.5382129,7.615645e-06,0.070938915,0.37779757,2.2149468e-05
/home/share/Uni_Eval/HAM10000_clean/ISIC2018/ISIC_0029854.jpg,5,5,1.4816169e-06,0.004040515,0.046565235,0.000106661,0.0345805,0.914278,0.00042766263
/home/share/Uni_Eval/HAM10000_clean/ISIC2018/ISIC_0027911.jpg,5,5,0.00019236625,0.0010779727,0.016087048,0.00015381258,0.032106,0.9488292,0.0015536255
/home/share/Uni_Eval/HAM10000_clean/ISIC2018/ISIC_0031435.jpg,5,4,2.7947553e-05,0.0029692717,0.0008335689,7.506178e-05,0.55503285,0.4410183,4.3047366e-05
/home/share/Uni_Eval/HAM10000_clean/ISIC2018/ISIC_0026389.jpg,5,5,1.0438439e-05,0.0001235132,0.0016177103,6.3915206e-05,0.009698476,0.9851445,0.0033413745
/home/share/Uni_Eval/HAM10000_clean/ISIC2018/ISIC_0025847.jpg,5,5,3.154452e-05,0.00017641402,0.0017548542,0.0001972667,0.35002556,0.64771354,0.00010083144
/home/share/Uni_Eval/HAM10000_clean/ISIC2018/ISIC_0027462.jpg,5,4,2.0620319e-06,0.00045699344,0.0003123554,1.5769821e-06,0.98802465,0.011201141,1.2244114e-06
/home/share/Uni_Eval/HAM10000_clean/ISIC2018/ISIC_0024824.jpg,5,5,2.9070798e-06,0.00049838756,0.021128744,1.6940545e-05,0.08489659,0.8934532,3.2249682e-06
/home/share/Uni_Eval/HAM10000_clean/ISIC2018/ISIC_0031293.jpg,5,5,3.3812876e-06,0.00031409555,0.0010642043,3.1023112e-06,0.041966707,0.95654166,0.00010683333
/home/share/Uni_Eval/HAM10000_clean/ISIC2018/ISIC_0025809.jpg,5,5,0.0033357926,0.00024468484,0.15296023,0.00015678433,0.055573106,0.7877119,1.7418735e-05
/home/share/Uni_Eval/HAM10000_clean/ISIC2018/ISIC_0029296.jpg,5,5,1.4220722e-05,0.01987337,0.017810747,7.949591e-05,0.07877452,0.88304585,0.00040181933
/home/share/Uni_Eval/HAM10000_clean/ISIC2018/ISIC_0031646.jpg,5,5,0.0031654148,0.0027864324,0.09742381,2.5232555e-06,0.03363069,0.86299044,6.6731764e-07
/home/share/Uni_Eval/HAM10000_clean/ISIC2018/ISIC_0029986.jpg,5,4,0.0002828686,1.9224097e-05,0.0002097043,4.979717e-07,0.99629176,0.0031952434,7.4908763e-07
/home/share/Uni_Eval/HAM10000_clean/ISIC2018/ISIC_0026501.jpg,5,5,1.496008e-06,0.0035336853,0.01057568,1.6966249e-05,0.00075801316,0.9807554,0.0043587503
/home/share/Uni_Eval/HAM10000_clean/ISIC2018/ISIC_0026006.jpg,5,5,5.8920432e-05,0.006406799,0.017605305,2.550896e-05,0.007036398,0.9670543,0.0018127824
/home/share/Uni_Eval/HAM10000_clean/ISIC2018/ISIC_0032364.jpg,5,5,3.821225e-05,1.247105e-07,0.041814364,6.724711e-07,0.29915187,0.65899426,4.1187036e-07
/home/share/Uni_Eval/HAM10000_clean/ISIC2018/ISIC_0032078.jpg,5,5,1.9782824e-06,3.3258024e-05,0.041734256,9.713509e-06,0.053035803,0.90508133,0.000103684986
/home/share/Uni_Eval/HAM10000_clean/ISIC2018/ISIC_0027049.jpg,5,5,4.312924e-06,0.0007538053,0.009099034,0.00023220618,0.003707005,0.9861454,5.8373484e-05
/home/share/Uni_Eval/HAM10000_clean/ISIC2018/ISIC_0028966.jpg,5,5,2.4924232e-08,1.28207785e-05,8.8088906e-05,6.1620716e-07,0.0026338713,0.9972572,7.459546e-06
/home/share/Uni_Eval/HAM10000_clean/ISIC2018/ISIC_0032443.jpg,5,5,1.0520616e-07,1.1156796e-07,2.527756e-05,3.2765323e-07,0.0007921029,0.99918085,1.124334e-06
/home/share/Uni_Eval/HAM10000_clean/ISIC2018/ISIC_0028527.jpg,5,5,3.014641e-05,0.00054999295,0.0641222,0.009210654,0.14915468,0.7766603,0.00027202594
/home/share/Uni_Eval/HAM10000_clean/ISIC2018/ISIC_0025863.jpg,5,5,3.2517753e-06,1.4179494e-06,0.0005758891,4.5134485e-07,0.009422076,0.98999596,9.741223e-07
/home/share/Uni_Eval/HAM10000_clean/ISIC2018/ISIC_0024387.jpg,5,5,0.0005137046,0.00302814,0.06811483,6.627805e-05,0.041965034,0.88631076,1.2956938e-06
/home/share/Uni_Eval/HAM10000_clean/ISIC2018/ISIC_0024924.jpg,5,4,5.8586947e-06,5.026555e-05,0.006053454,1.169688e-06,0.8864571,0.10742817,4.091491e-06
/home/share/Uni_Eval/HAM10000_clean/ISIC2018/ISIC_0027099.jpg,5,4,2.9379873e-06,0.00020194844,0.17734385,6.080056e-06,0.45805326,0.3641995,0.00019239433
/home/share/Uni_Eval/HAM10000_clean/ISIC2018/ISIC_0030125.jpg,5,5,8.8010074e-07,0.0049855043,0.0028409758,0.00022925643,0.0010080158,0.9572283,0.033707097
/home/share/Uni_Eval/HAM10000_clean/ISIC2018/ISIC_0026911.jpg,5,5,3.186316e-06,0.0005203555,0.0004981958,9.984596e-05,0.023531973,0.97507554,0.00027082226
/home/share/Uni_Eval/HAM10000_clean/ISIC2018/ISIC_0030464.jpg,5,5,1.0315183e-06,6.789318e-05,0.014147378,1.9316627e-05,0.013354493,0.9723694,4.052093e-05
/home/share/Uni_Eval/HAM10000_clean/ISIC2018/ISIC_0026781.jpg,5,5,2.3095758e-07,4.6551563e-07,0.0029039248,9.9042275e-08,0.0009625965,0.9961326,9.681534e-08
/home/share/Uni_Eval/HAM10000_clean/ISIC2018/ISIC_0032309.jpg,5,5,0.0009104436,0.0017938481,0.0017054807,0.0014440721,0.013229676,0.9806748,0.00024173479
/home/share/Uni_Eval/HAM10000_clean/ISIC2018/ISIC_0029194.jpg,5,5,1.5482586e-07,6.650756e-05,6.677633e-05,3.620798e-05,0.010005409,0.9894565,0.00036844154
/home/share/Uni_Eval/HAM10000_clean/ISIC2018/ISIC_0027034.jpg,5,5,3.4374938e-09,7.680557e-09,2.2287318e-06,1.1971676e-08,0.0009314189,0.9990662,1.8087874e-07
/home/share/Uni_Eval/HAM10000_clean/ISIC2018/ISIC_0025094.jpg,5,2,6.4686305e-05,0.004143368,0.8805791,2.5871255e-05,0.018093847,0.08884425,0.00824883
/home/share/Uni_Eval/HAM10000_clean/ISIC2018/ISIC_0031713.jpg,5,5,4.7638528e-07,2.1371334e-06,0.0021490604,2.0832572e-06,0.02002389,0.97781676,5.5761698e-06
/home/share/Uni_Eval/HAM10000_clean/ISIC2018/ISIC_0027645.jpg,5,5,3.8522458e-06,0.003259451,0.005259153,3.705684e-05,0.016876563,0.97299767,0.0015663122
/home/share/Uni_Eval/HAM10000_clean/ISIC2018/ISIC_0030979.jpg,5,5,0.002330176,3.0454154e-05,0.0006357659,9.106496e-06,0.09531579,0.90164214,3.653934e-05
/home/share/Uni_Eval/HAM10000_clean/ISIC2018/ISIC_0028831.jpg,5,4,1.873878e-05,0.00043396372,0.0006958521,1.2067183e-05,0.8644981,0.13432032,2.095372e-05
/home/share/Uni_Eval/HAM10000_clean/ISIC2018/ISIC_0030053.jpg,5,5,0.0032633194,0.00075840513,0.06085256,0.00016864526,0.22132811,0.7134512,0.00017779953
/home/share/Uni_Eval/HAM10000_clean/ISIC2018/ISIC_0025671.jpg,5,5,7.978447e-06,5.1595254e-07,8.6113825e-05,9.603649e-09,0.0038290885,0.99607277,3.5637577e-06
/home/share/Uni_Eval/HAM10000_clean/ISIC2018/ISIC_0026608.jpg,5,4,1.2940412e-05,6.9452894e-06,0.045280665,3.3256524e-06,0.8939878,0.060702123,6.3214543e-06
/home/share/Uni_Eval/HAM10000_clean/ISIC2018/ISIC_0030334.jpg,5,5,0.0008006542,0.0006656042,0.120450616,4.8636815e-07,0.3506854,0.52738863,8.622183e-06
/home/share/Uni_Eval/HAM10000_clean/ISIC2018/ISIC_0030473.jpg,5,5,2.4985067e-07,3.5046492e-07,0.0001778074,9.744425e-07,0.04572364,0.9540955,1.3852593e-06
/home/share/Uni_Eval/HAM10000_clean/ISIC2018/ISIC_0030350.jpg,5,5,0.00010069086,0.030052891,0.030931702,0.00019727816,0.04553908,0.89174503,0.0014333287
/home/share/Uni_Eval/HAM10000_clean/ISIC2018/ISIC_0028823.jpg,5,5,2.3233747e-07,0.0012422197,0.0004225952,9.980926e-05,0.0020595451,0.9940725,0.00210308
/home/share/Uni_Eval/HAM10000_clean/ISIC2018/ISIC_0024317.jpg,5,5,2.1315664e-07,7.0882473e-09,0.0001365269,1.3338251e-05,0.0049598357,0.99488986,2.8406237e-07
/home/share/Uni_Eval/HAM10000_clean/ISIC2018/ISIC_0033356.jpg,5,5,0.0012895609,0.00058054907,0.0033961297,0.00077934266,0.007550897,0.9862038,0.00019973035
/home/share/Uni_Eval/HAM10000_clean/ISIC2018/ISIC_0026544.jpg,5,1,7.2509036e-05,0.6333513,0.19001037,0.0009857303,0.08182527,0.09223479,0.0015199546
/home/share/Uni_Eval/HAM10000_clean/ISIC2018/ISIC_0032470.jpg,5,1,0.008232474,0.7520916,0.12881872,0.001650374,0.007949999,0.10090192,0.00035493495
/home/share/Uni_Eval/HAM10000_clean/ISIC2018/ISIC_0025049.jpg,5,5,4.5435488e-07,3.790326e-07,0.00012548539,5.447669e-05,0.38808447,0.61173034,4.4614917e-06
/home/share/Uni_Eval/HAM10000_clean/ISIC2018/ISIC_0026432.jpg,5,5,0.00019416877,0.00058847095,0.002173911,4.3118685e-05,0.13426821,0.8624154,0.0003168441
/home/share/Uni_Eval/HAM10000_clean/ISIC2018/ISIC_0030462.jpg,5,5,1.3720187e-08,1.5833302e-05,4.9145856e-05,2.8175617e-07,0.04700954,0.95291644,8.894197e-06
/home/share/Uni_Eval/HAM10000_clean/ISIC2018/ISIC_0032527.jpg,5,5,0.00025967055,3.807942e-05,0.0045436663,0.002358392,0.022875976,0.96956694,0.00035728
/home/share/Uni_Eval/HAM10000_clean/ISIC2018/ISIC_0033963.jpg,5,5,0.00036678914,4.2075044e-06,0.0074761463,2.3146472e-06,0.03643932,0.9557096,1.683468e-06
/home/share/Uni_Eval/HAM10000_clean/ISIC2018/ISIC_0032924.jpg,5,5,2.7662368e-06,8.756391e-06,0.030649677,2.655092e-05,0.110689,0.858623,2.0416499e-07
/home/share/Uni_Eval/HAM10000_clean/ISIC2018/ISIC_0030845.jpg,5,5,3.687818e-07,3.2545174e-06,0.0005287286,3.3270334e-07,0.06389797,0.9355481,2.1262555e-05
/home/share/Uni_Eval/HAM10000_clean/ISIC2018/ISIC_0033561.jpg,5,5,1.4791109e-06,0.00014582653,0.009178879,2.3147882e-06,0.08846367,0.9021341,7.360799e-05
/home/share/Uni_Eval/HAM10000_clean/ISIC2018/ISIC_0025619.jpg,5,5,1.5557302e-05,0.00083524757,0.055211093,5.3595173e-05,0.22637331,0.7010692,0.016442038
/home/share/Uni_Eval/HAM10000_clean/ISIC2018/ISIC_0034290.jpg,5,5,9.027907e-08,2.221005e-06,0.00091623893,4.896992e-07,0.00040924878,0.99866736,4.3746218e-06
/home/share/Uni_Eval/HAM10000_clean/ISIC2018/ISIC_0033165.jpg,5,5,8.009946e-06,0.000103046936,0.021312218,0.00010512808,0.009613714,0.9686165,0.00024154209
/home/share/Uni_Eval/HAM10000_clean/ISIC2018/ISIC_0033767.jpg,5,5,0.00010547038,0.0001005287,0.0008855829,0.00011487419,0.017750507,0.98051363,0.0005293667
/home/share/Uni_Eval/HAM10000_clean/ISIC2018/ISIC_0032590.jpg,5,5,0.00046234552,0.0013469317,0.00078635203,0.00074132305,0.006792935,0.98979294,7.717356e-05
/home/share/Uni_Eval/HAM10000_clean/ISIC2018/ISIC_0033549.jpg,5,5,0.0027790996,0.0011566014,0.05090467,0.00029997164,0.010578823,0.93413097,0.00014994913
/home/share/Uni_Eval/HAM10000_clean/ISIC2018/ISIC_0032953.jpg,5,5,7.1354606e-10,3.655512e-05,2.7382905e-05,1.6120869e-07,0.0021027175,0.9973273,0.00050592166
/home/share/Uni_Eval/HAM10000_clean/ISIC2018/ISIC_0031904.jpg,5,5,8.400533e-07,5.9781655e-07,0.0006141418,6.3734304e-05,0.000359504,0.998961,2.81227e-07
/home/share/Uni_Eval/HAM10000_clean/ISIC2018/ISIC_0033511.jpg,5,5,7.345624e-05,9.8380755e-05,0.0030276107,3.2900323e-05,0.012083194,0.98467124,1.3284936e-05
/home/share/Uni_Eval/HAM10000_clean/ISIC2018/ISIC_0025978.jpg,5,5,2.2236652e-06,0.0024946933,0.0021529114,1.0911746e-05,0.07789109,0.90775484,0.009693311
/home/share/Uni_Eval/HAM10000_clean/ISIC2018/ISIC_0027654.jpg,5,5,0.00039162263,0.00014860717,0.012474826,9.279245e-06,0.02549056,0.83478904,0.12669608
/home/share/Uni_Eval/HAM10000_clean/ISIC2018/ISIC_0025421.jpg,5,5,1.7478899e-06,0.00024956578,0.00032034857,2.3091705e-05,0.0005342135,0.9987445,0.00012653216
/home/share/Uni_Eval/HAM10000_clean/ISIC2018/ISIC_0024730.jpg,5,5,1.4484086e-06,2.448798e-05,0.00031801817,2.6794619e-06,0.055079885,0.9445646,8.944061e-06
/home/share/Uni_Eval/HAM10000_clean/ISIC2018/ISIC_0031988.jpg,5,5,6.449174e-07,2.4869949e-05,5.3552183e-05,3.0529822e-07,0.0057692337,0.9939237,0.00022755456
/home/share/Uni_Eval/HAM10000_clean/ISIC2018/ISIC_0026084.jpg,5,5,0.0055475053,0.043832768,0.055126876,0.00031096654,0.13053818,0.76463133,1.2328864e-05
/home/share/Uni_Eval/HAM10000_clean/ISIC2018/ISIC_0030085.jpg,5,4,0.0052505224,0.0017494797,0.35130444,1.7031265e-07,0.4555944,0.18609384,7.1547984e-06
/home/share/Uni_Eval/HAM10000_clean/ISIC2018/ISIC_0031757.jpg,5,5,8.739183e-09,5.1235006e-06,0.002171768,6.498093e-06,0.0029083428,0.9948723,3.5949368e-05
/home/share/Uni_Eval/HAM10000_clean/ISIC2018/ISIC_0025117.jpg,5,5,9.720185e-09,0.0036152035,0.00023893158,8.012626e-06,0.0026004582,0.9722171,0.021320378
/home/share/Uni_Eval/HAM10000_clean/ISIC2018/ISIC_0032641.jpg,5,5,0.0001641467,0.00083081605,0.0003616585,0.002558719,0.027517846,0.9683013,0.00026548447
/home/share/Uni_Eval/HAM10000_clean/ISIC2018/ISIC_0032743.jpg,5,5,4.481956e-06,2.1106254e-07,0.0060215364,0.00011343545,0.1890272,0.804826,7.1983e-06
/home/share/Uni_Eval/HAM10000_clean/ISIC2018/ISIC_0033157.jpg,5,5,3.930201e-05,7.4068744e-06,0.0015763809,1.0216881e-06,0.0069377767,0.9914374,6.343558e-07
/home/share/Uni_Eval/HAM10000_clean/ISIC2018/ISIC_0032623.jpg,5,5,2.7657303e-05,2.7580932e-06,0.0013610241,4.8864916e-07,0.17977294,0.8188324,2.7055257e-06
/home/share/Uni_Eval/HAM10000_clean/ISIC2018/ISIC_0032595.jpg,5,5,4.4991125e-06,1.2786898e-06,0.00025268923,1.8709946e-08,0.0029159812,0.99682534,2.1417176e-07
/home/share/Uni_Eval/HAM10000_clean/ISIC2018/ISIC_0034281.jpg,5,5,1.3830537e-05,0.00081906747,0.045216575,0.0003099263,0.039927546,0.9137005,1.2583137e-05
/home/share/Uni_Eval/HAM10000_clean/ISIC2018/ISIC_0032957.jpg,5,5,3.7783382e-05,0.00011301516,0.04821962,2.3025164e-06,0.009277828,0.9422675,8.198985e-05
/home/share/Uni_Eval/HAM10000_clean/ISIC2018/ISIC_0033070.jpg,5,5,0.00087546516,0.0020783206,0.032788426,8.091693e-05,0.20616283,0.757961,5.3056796e-05
/home/share/Uni_Eval/HAM10000_clean/ISIC2018/ISIC_0032742.jpg,5,5,2.7571925e-05,1.5966561e-06,0.0065433537,1.2484993e-05,0.29891023,0.69450146,3.304325e-06
/home/share/Uni_Eval/HAM10000_clean/ISIC2018/ISIC_0034112.jpg,5,5,2.342859e-06,4.415314e-08,0.0018708077,9.331589e-06,0.051713213,0.946404,2.9876833e-07
/home/share/Uni_Eval/HAM10000_clean/ISIC2018/ISIC_0033409.jpg,5,5,0.00037628712,1.3108309e-05,0.00019237294,0.001101656,0.006859177,0.9914209,3.64977e-05
/home/share/Uni_Eval/HAM10000_clean/ISIC2018/ISIC_0034184.jpg,5,5,0.0035515586,0.0077045467,0.03213953,1.9764599e-05,0.0054349233,0.9507397,0.00041012844
/home/share/Uni_Eval/HAM10000_clean/ISIC2018/ISIC_0033471.jpg,5,4,1.7866083e-05,7.792306e-06,0.003922714,1.676739e-07,0.7505522,0.24549918,4.4220766e-08
/home/share/Uni_Eval/HAM10000_clean/ISIC2018/ISIC_0032568.jpg,5,5,1.6608041e-07,6.088074e-06,1.06265525e-05,1.0348367e-08,0.006712378,0.9932682,2.5165234e-06
/home/share/Uni_Eval/HAM10000_clean/ISIC2018/ISIC_0032516.jpg,5,5,4.735982e-05,0.018340455,0.00782567,1.3283966e-05,0.012405635,0.9613656,1.9024872e-06
/home/share/Uni_Eval/HAM10000_clean/ISIC2018/ISIC_0034102.jpg,5,5,6.0806946e-05,0.0001970609,0.0003653089,5.506636e-05,0.099375434,0.899876,7.0381124e-05
/home/share/Uni_Eval/HAM10000_clean/ISIC2018/ISIC_0033988.jpg,5,5,5.1493156e-05,1.1346539e-05,0.0016116146,1.7037307e-06,0.01162155,0.9867014,9.549892e-07
/home/share/Uni_Eval/HAM10000_clean/ISIC2018/ISIC_0032859.jpg,5,5,0.00018943987,0.00059159414,0.0020776715,3.4875072e-06,0.03353763,0.9634429,0.00015724645
/home/share/Uni_Eval/HAM10000_clean/ISIC2018/ISIC_0032728.jpg,5,5,8.1434454e-10,9.9051725e-08,1.6113048e-05,3.7397616e-08,0.0052286577,0.9947542,8.9852335e-07
/home/share/Uni_Eval/HAM10000_clean/ISIC2018/ISIC_0032802.jpg,5,5,2.2659988e-05,4.5115718e-07,0.00015802972,2.063606e-06,0.0068950276,0.9928826,3.9229046e-05
/home/share/Uni_Eval/HAM10000_clean/ISIC2018/ISIC_0033222.jpg,5,5,0.00059715164,0.00037151488,0.004182537,0.00042060646,0.19325623,0.8011676,4.2924303e-06
/home/share/Uni_Eval/HAM10000_clean/ISIC2018/ISIC_0032546.jpg,5,4,0.00030856102,0.0074325213,0.03444433,1.0903172e-05,0.7350142,0.22278595,3.4767897e-06
/home/share/Uni_Eval/HAM10000_clean/ISIC2018/ISIC_0032521.jpg,5,5,1.5283672e-06,0.00031286333,0.001623537,3.2953376e-06,0.13027051,0.86768484,0.00010341223
/home/share/Uni_Eval/HAM10000_clean/ISIC2018/ISIC_0033618.jpg,5,5,7.433435e-09,4.2999567e-05,1.2552349e-05,0.0001065075,0.07212441,0.92771256,9.768914e-07
/home/share/Uni_Eval/HAM10000_clean/ISIC2018/ISIC_0033016.jpg,5,5,2.7745855e-06,6.639202e-05,0.00022632512,0.0006924759,0.17679097,0.82221085,1.01826245e-05
/home/share/Uni_Eval/HAM10000_clean/ISIC2018/ISIC_0032895.jpg,5,5,5.4759472e-05,1.2612345e-07,0.0010308339,2.6593036e-06,0.0076272306,0.99128246,1.8410816e-06
/home/share/Uni_Eval/HAM10000_clean/ISIC2018/ISIC_0033237.jpg,5,5,6.0193343e-05,7.3810684e-06,0.0015306545,3.840911e-06,0.0030149042,0.995337,4.6092282e-05
/home/share/Uni_Eval/HAM10000_clean/ISIC2018/ISIC_0033373.jpg,5,5,3.454366e-06,0.002907286,0.21607958,0.00024898717,0.0017143805,0.77901906,2.7303973e-05
/home/share/Uni_Eval/HAM10000_clean/ISIC2018/ISIC_0033411.jpg,5,5,3.1881205e-05,0.005303351,0.15342902,2.1123356e-05,0.012894871,0.82828605,3.3596472e-05
/home/share/Uni_Eval/HAM10000_clean/ISIC2018/ISIC_0033824.jpg,5,5,1.1924284e-06,3.289819e-05,0.0010505784,4.713475e-06,0.008944499,0.989961,5.101296e-06
/home/share/Uni_Eval/HAM10000_clean/ISIC2018/ISIC_0032838.jpg,5,5,4.923915e-07,5.6813556e-06,0.0007467001,2.5328163e-07,0.022191634,0.97705007,5.1054894e-06
/home/share/Uni_Eval/HAM10000_clean/ISIC2018/ISIC_0034307.jpg,5,5,6.1205164e-06,9.1847454e-05,5.093953e-05,2.0102303e-05,0.0073792078,0.9922569,0.00019491152
/home/share/Uni_Eval/HAM10000_clean/ISIC2018/ISIC_0034137.jpg,5,5,0.00010046504,5.291541e-07,0.028470948,2.308174e-05,0.0051916963,0.96621275,4.6879515e-07
/home/share/Uni_Eval/HAM10000_clean/ISIC2018/ISIC_0033972.jpg,5,5,0.01735738,0.013286729,0.20692527,0.0054237233,0.028070608,0.72876203,0.00017428238
/home/share/Uni_Eval/HAM10000_clean/ISIC2018/ISIC_0033367.jpg,5,5,0.00012663477,0.012932012,0.26553708,0.00027249873,0.080982044,0.64013404,1.5673504e-05
/home/share/Uni_Eval/HAM10000_clean/ISIC2018/ISIC_0033289.jpg,5,4,3.0767602e-05,1.564126e-07,0.014023332,4.8812003e-06,0.51513124,0.47080943,1.9429919e-07
/home/share/Uni_Eval/HAM10000_clean/ISIC2018/ISIC_0033283.jpg,5,5,1.9250192e-05,6.1565195e-05,0.00216268,3.425843e-06,0.037719533,0.96003264,8.4278463e-07
/home/share/Uni_Eval/HAM10000_clean/ISIC2018/ISIC_0034179.jpg,5,5,3.1175218e-06,8.566422e-08,0.003231578,1.1033145e-05,0.0010914771,0.9955851,7.7560864e-05
/home/share/Uni_Eval/HAM10000_clean/ISIC2018/ISIC_0033983.jpg,5,5,6.097971e-05,1.4603913e-05,0.00043980553,2.6417488e-06,0.26981843,0.7296591,4.5159777e-06
/home/share/Uni_Eval/HAM10000_clean/ISIC2018/ISIC_0032541.jpg,5,5,4.7589332e-05,0.0012033042,0.00022893127,2.0693156e-05,0.004632484,0.9936941,0.00017288205
/home/share/Uni_Eval/HAM10000_clean/ISIC2018/ISIC_0033961.jpg,5,5,3.427064e-06,9.436528e-06,0.00019227297,4.7474387e-07,0.01733716,0.982454,3.1702266e-06
/home/share/Uni_Eval/HAM10000_clean/ISIC2018/ISIC_0033702.jpg,5,5,2.562469e-06,9.339692e-05,0.00017339492,6.059484e-07,0.01089573,0.9888164,1.79599e-05
/home/share/Uni_Eval/HAM10000_clean/ISIC2018/ISIC_0032942.jpg,5,5,2.6070325e-07,9.787423e-07,4.4621946e-05,7.12208e-06,0.00885689,0.9910892,1.0168249e-06
/home/share/Uni_Eval/HAM10000_clean/ISIC2018/ISIC_0034153.jpg,5,5,0.00015808914,0.0063224044,0.041169025,1.4185607e-06,0.15395404,0.79838896,6.1002725e-06
/home/share/Uni_Eval/HAM10000_clean/ISIC2018/ISIC_0032860.jpg,5,4,1.417628e-05,0.05657729,0.011438636,0.0023956115,0.5388374,0.17486027,0.2158766
/home/share/Uni_Eval/HAM10000_clean/ISIC2018/ISIC_0034116.jpg,5,5,5.859415e-05,0.006306506,0.13965969,0.0013733809,0.12741332,0.72503805,0.00015044169
/home/share/Uni_Eval/HAM10000_clean/ISIC2018/ISIC_0034060.jpg,5,5,1.1226483e-06,1.2224355e-06,0.0019742849,5.0704693e-06,0.0064406954,0.99156284,1.47324745e-05
/home/share/Uni_Eval/HAM10000_clean/ISIC2018/ISIC_0033213.jpg,5,4,9.033385e-05,4.191867e-06,0.0023056273,4.557823e-05,0.7856549,0.21188179,1.7523942e-05
/home/share/Uni_Eval/HAM10000_clean/ISIC2018/ISIC_0033897.jpg,5,5,0.0024701268,0.001346923,0.09577198,0.0001795964,0.018871985,0.8812399,0.000119485245
/home/share/Uni_Eval/HAM10000_clean/ISIC2018/ISIC_0032908.jpg,5,5,0.002001997,0.008440921,0.021025658,0.0040667783,0.13253434,0.8318713,5.9095823e-05
/home/share/Uni_Eval/HAM10000_clean/ISIC2018/ISIC_0034203.jpg,5,5,0.00018476618,0.01604688,0.0010719091,0.003719116,0.19610423,0.7798837,0.002989384
/home/share/Uni_Eval/HAM10000_clean/ISIC2018/ISIC_0032746.jpg,5,5,0.00033658862,0.0036666603,0.016728794,3.4018456e-05,0.1517174,0.82751507,1.4792777e-06
/home/share/Uni_Eval/HAM10000_clean/ISIC2018/ISIC_0034121.jpg,5,5,4.1183566e-06,7.5720723e-06,0.00040615158,0.00024222555,0.011756977,0.9875473,3.562871e-05
/home/share/Uni_Eval/HAM10000_clean/ISIC2018/ISIC_0034240.jpg,5,5,0.0009088954,2.7671535e-07,0.0049367505,3.2502834e-05,0.084970094,0.9091512,1.866511e-07
/home/share/Uni_Eval/HAM10000_clean/ISIC2018/ISIC_0032820.jpg,5,5,1.6673704e-06,1.495051e-07,2.5138936e-05,1.3552478e-05,0.046917368,0.953042,2.099183e-07
/home/share/Uni_Eval/HAM10000_clean/ISIC2018/ISIC_0034148.jpg,5,5,0.00067294337,0.006459717,0.1151526,0.003153643,0.12801865,0.7465303,1.2073288e-05
/home/share/Uni_Eval/HAM10000_clean/ISIC2018/ISIC_0033566.jpg,5,5,5.5667435e-05,0.0003213283,0.035875842,6.8224126e-06,0.030353576,0.9332291,0.00015774701
/home/share/Uni_Eval/HAM10000_clean/ISIC2018/ISIC_0033447.jpg,5,5,8.09961e-08,1.2087326e-06,3.2539083e-05,3.327748e-07,0.0042524347,0.9957065,6.904773e-06
/home/share/Uni_Eval/HAM10000_clean/ISIC2018/ISIC_0033282.jpg,5,5,5.0278986e-06,9.7552926e-05,0.0034163175,0.00016685034,0.13466762,0.8592973,0.002349374
/home/share/Uni_Eval/HAM10000_clean/ISIC2018/ISIC_0034084.jpg,5,5,0.0010540339,0.002832959,0.012575765,0.06417127,0.003827769,0.91551656,2.163166e-05
/home/share/Uni_Eval/HAM10000_clean/ISIC2018/ISIC_0034176.jpg,5,5,0.0048850174,0.007644292,0.0026572652,0.009980752,0.0006303757,0.974112,9.0326255e-05
/home/share/Uni_Eval/HAM10000_clean/ISIC2018/ISIC_0033104.jpg,5,5,1.847842e-07,0.00010632451,0.001398698,3.3781496e-05,0.3026513,0.6958032,6.5270565e-06
/home/share/Uni_Eval/HAM10000_clean/ISIC2018/ISIC_0034213.jpg,5,5,0.004930933,0.008512566,0.020767195,0.012259889,0.0215166,0.93195593,5.699584e-05
/home/share/Uni_Eval/HAM10000_clean/ISIC2018/ISIC_0026279.jpg,5,5,9.5269303e-07,6.099664e-06,0.1020524,4.6109776e-06,0.035850774,0.86193436,0.00015087452
/home/share/Uni_Eval/HAM10000_clean/ISIC2018/ISIC_0032601.jpg,5,5,3.7148907e-06,0.034124058,0.013123935,3.7419406e-05,0.052616153,0.9000005,9.418279e-05
/home/share/Uni_Eval/HAM10000_clean/ISIC2018/ISIC_0033940.jpg,5,5,0.00034483202,0.0005024696,0.0011100561,4.2959982e-05,0.024495106,0.973488,1.6595179e-05
/home/share/Uni_Eval/HAM10000_clean/ISIC2018/ISIC_0032649.jpg,5,5,4.628179e-06,9.277254e-06,0.0020323042,2.7439598e-06,0.0114460355,0.986376,0.00012909528
/home/share/Uni_Eval/HAM10000_clean/ISIC2018/ISIC_0025769.jpg,5,5,0.0015622113,3.3941735e-05,1.58816e-05,8.207945e-07,0.002426733,0.99587893,8.149735e-05
/home/share/Uni_Eval/HAM10000_clean/ISIC2018/ISIC_0033978.jpg,5,5,0.005974955,0.00013613267,0.07687017,8.004246e-05,0.045878172,0.87105715,3.3623692e-06
/home/share/Uni_Eval/HAM10000_clean/ISIC2018/ISIC_0032819.jpg,5,5,0.049694434,0.0017067561,0.017865712,0.099332064,0.086227305,0.74508744,8.6184395e-05
/home/share/Uni_Eval/HAM10000_clean/ISIC2018/ISIC_0033552.jpg,5,5,0.00014101052,1.967509e-06,0.037430353,2.7472163e-07,0.07379079,0.8886352,2.5126255e-07
/home/share/Uni_Eval/HAM10000_clean/ISIC2018/ISIC_0034310.jpg,5,5,4.2107354e-06,1.1677478e-06,0.051657476,6.7644323e-06,0.029118584,0.9192117,1.0482833e-07
/home/share/Uni_Eval/HAM10000_clean/ISIC2018/ISIC_0033083.jpg,5,5,2.58792e-05,2.892744e-05,0.10089209,1.9203198e-05,0.02090459,0.8768893,0.0012399888
/home/share/Uni_Eval/HAM10000_clean/ISIC2018/ISIC_0033244.jpg,5,5,0.00015011782,0.10312551,0.00057336973,0.00015487614,0.017154215,0.87881947,2.2483458e-05
/home/share/Uni_Eval/HAM10000_clean/ISIC2018/ISIC_0034004.jpg,5,5,5.3951414e-08,0.015772026,0.0014748015,0.00060575857,0.002678048,0.8559083,0.12356102
/home/share/Uni_Eval/HAM10000_clean/ISIC2018/ISIC_0032737.jpg,5,5,4.7912554e-08,0.00012615522,0.004200785,0.00012081703,0.15189996,0.8436368,1.5482537e-05
/home/share/Uni_Eval/HAM10000_clean/ISIC2018/ISIC_0033010.jpg,5,5,4.7327508e-06,2.5592435e-08,6.0378432e-05,2.623076e-05,0.21664105,0.7832665,1.1156894e-06
/home/share/Uni_Eval/HAM10000_clean/ISIC2018/ISIC_0034127.jpg,5,4,3.291379e-08,5.421014e-07,0.0025028358,1.8964357e-06,0.72347546,0.2740121,7.124882e-06
/home/share/Uni_Eval/HAM10000_clean/ISIC2018/ISIC_0032792.jpg,5,5,1.3061565e-07,1.4864176e-07,0.00043117683,7.0158006e-07,0.22590952,0.7736564,1.7993503e-06
/home/share/Uni_Eval/HAM10000_clean/ISIC2018/ISIC_0034187.jpg,5,5,1.2130977e-06,1.6522665e-07,0.0038363668,1.319078e-07,0.0008913392,0.99518895,8.1840386e-05
/home/share/Uni_Eval/HAM10000_clean/ISIC2018/ISIC_0034251.jpg,5,5,8.097023e-05,0.014787482,0.043475926,3.9137172e-05,0.032698855,0.9042442,0.0046735113
/home/share/Uni_Eval/HAM10000_clean/ISIC2018/ISIC_0033673.jpg,5,5,6.183212e-05,7.263356e-05,0.05725617,7.062766e-06,0.056116886,0.88648516,2.69239e-07
/home/share/Uni_Eval/HAM10000_clean/ISIC2018/ISIC_0033932.jpg,5,5,1.7762324e-07,4.0041724e-07,0.004294804,5.3418785e-07,0.032508045,0.9631958,2.713977e-07
/home/share/Uni_Eval/HAM10000_clean/ISIC2018/ISIC_0032593.jpg,5,5,8.8734915e-08,3.3861163e-08,0.0002388792,1.9164054e-07,0.0019763706,0.9977836,8.5091943e-07
/home/share/Uni_Eval/HAM10000_clean/ISIC2018/ISIC_0031290.jpg,5,5,0.005561908,0.0005041837,0.12181884,6.4023757e-06,0.12797685,0.74408996,4.1883766e-05
/home/share/Uni_Eval/HAM10000_clean/ISIC2018/ISIC_0033703.jpg,5,5,1.1323495e-05,0.00011432835,0.0010762056,2.5818883e-05,0.21615744,0.7826144,5.5364825e-07
/home/share/Uni_Eval/HAM10000_clean/ISIC2018/ISIC_0033574.jpg,5,5,3.1253876e-07,9.0329595e-06,0.0012500879,4.0337123e-05,0.0060773185,0.99262226,7.297836e-07
/home/share/Uni_Eval/HAM10000_clean/ISIC2018/ISIC_0032846.jpg,5,5,3.706423e-05,7.8454605e-06,0.033498865,1.5257176e-06,0.010030384,0.95642394,3.867166e-07
/home/share/Uni_Eval/HAM10000_clean/ISIC2018/ISIC_0033994.jpg,5,5,8.143001e-07,1.8456498e-07,0.0015759802,3.274116e-07,0.0073758867,0.9909197,0.0001270019
/home/share/Uni_Eval/HAM10000_clean/ISIC2018/ISIC_0032760.jpg,5,5,0.0011340948,0.0019012413,0.040095277,0.0027462337,0.01448288,0.937986,0.0016543132
/home/share/Uni_Eval/HAM10000_clean/ISIC2018/ISIC_0034271.jpg,5,5,8.187028e-06,0.0007316428,0.0016794014,3.1209478e-07,0.0004094086,0.9971693,1.741507e-06
/home/share/Uni_Eval/HAM10000_clean/ISIC2018/ISIC_0032670.jpg,5,5,0.00010226934,0.00047519428,0.0041615237,9.2965296e-05,0.017871968,0.97615516,0.0011408948
/home/share/Uni_Eval/HAM10000_clean/ISIC2018/ISIC_0033441.jpg,5,5,5.866064e-05,7.221171e-05,0.0061500105,8.617147e-05,0.0016004187,0.99198467,4.7834157e-05
/home/share/Uni_Eval/HAM10000_clean/ISIC2018/ISIC_0032663.jpg,5,5,0.00010123324,0.0006888562,0.06873087,2.1919493e-06,0.06883313,0.86159235,5.138418e-05
/home/share/Uni_Eval/HAM10000_clean/ISIC2018/ISIC_0034272.jpg,5,5,2.1539368e-05,0.0010591807,0.008216043,0.00019545208,0.0005635339,0.9898459,9.849773e-05
/home/share/Uni_Eval/HAM10000_clean/ISIC2018/ISIC_0032911.jpg,5,5,1.6923105e-06,0.0001033413,0.00080624444,7.686077e-05,3.754618e-05,0.99897206,2.2648987e-06
/home/share/Uni_Eval/HAM10000_clean/ISIC2018/ISIC_0033926.jpg,5,5,1.2270322e-05,6.053988e-07,0.00015620301,0.00013168497,0.15096635,0.8487324,4.2894465e-07
/home/share/Uni_Eval/HAM10000_clean/ISIC2018/ISIC_0033835.jpg,5,5,1.4169844e-07,4.1520622e-07,8.190942e-06,1.8680995e-08,0.011859403,0.9881291,2.7165086e-06
/home/share/Uni_Eval/HAM10000_clean/ISIC2018/ISIC_0033109.jpg,5,5,6.088749e-09,1.5220105e-05,5.670573e-05,6.5809504e-06,6.797864e-05,0.9998486,4.8919696e-06
/home/share/Uni_Eval/HAM10000_clean/ISIC2018/ISIC_0033396.jpg,5,5,0.00035410695,0.0001982244,0.004250651,2.0079353e-06,0.078252725,0.916942,4.0507499e-07
/home/share/Uni_Eval/HAM10000_clean/ISIC2018/ISIC_0032752.jpg,5,5,0.00036897243,1.2657507e-06,0.24105833,4.181139e-05,0.029727055,0.72880244,1.1682653e-07
/home/share/Uni_Eval/HAM10000_clean/ISIC2018/ISIC_0032539.jpg,5,5,1.7742756e-05,2.5025589e-05,0.011019938,1.4991308e-05,0.08739202,0.901526,4.3549126e-06
/home/share/Uni_Eval/HAM10000_clean/ISIC2018/ISIC_0033329.jpg,5,5,8.9081865e-08,7.983008e-06,0.00024229595,1.1199169e-06,0.00031266504,0.99941766,1.819363e-05
/home/share/Uni_Eval/HAM10000_clean/ISIC2018/ISIC_0034181.jpg,5,5,7.824559e-06,0.00020029064,0.00059554866,6.467807e-05,0.014854041,0.9829169,0.0013607631
/home/share/Uni_Eval/HAM10000_clean/ISIC2018/ISIC_0033197.jpg,5,5,1.6523414e-08,2.1832e-07,7.936843e-05,1.0704448e-06,0.005016532,0.99488634,1.6389977e-05
/home/share/Uni_Eval/HAM10000_clean/ISIC2018/ISIC_0034171.jpg,5,5,2.3487559e-07,3.472791e-06,0.0005042575,1.0978073e-06,0.0030045935,0.99648416,2.1800902e-06
/home/share/Uni_Eval/HAM10000_clean/ISIC2018/ISIC_0032952.jpg,5,5,9.8792925e-06,1.8713654e-06,0.00017666827,1.261748e-05,0.25396237,0.7458353,1.295896e-06
/home/share/Uni_Eval/HAM10000_clean/ISIC2018/ISIC_0033250.jpg,5,5,0.00024133535,0.009712307,0.3990422,0.0004959293,0.035665818,0.53675956,0.018082835
/home/share/Uni_Eval/HAM10000_clean/ISIC2018/ISIC_0032720.jpg,5,5,2.9413007e-07,1.9640029e-06,1.6976352e-05,6.4535176e-05,0.0014886709,0.9984219,5.572399e-06
/home/share/Uni_Eval/HAM10000_clean/ISIC2018/ISIC_0033153.jpg,5,5,1.16039054e-07,2.1928521e-08,9.415717e-06,1.885513e-05,0.003084711,0.9968857,1.0873787e-06
/home/share/Uni_Eval/HAM10000_clean/ISIC2018/ISIC_0033757.jpg,5,5,4.5054966e-07,1.7766117e-08,0.005659382,2.3794312e-06,0.062974,0.9269798,0.004383984
/home/share/Uni_Eval/HAM10000_clean/ISIC2018/ISIC_0030626.jpg,5,5,1.4106982e-05,1.5529102e-06,0.0016483426,6.074606e-07,0.10490616,0.89342904,1.3276481e-07
/home/share/Uni_Eval/HAM10000_clean/ISIC2018/ISIC_0031163.jpg,5,5,3.7619639e-06,5.5660473e-07,0.0014508478,4.808434e-07,0.04183298,0.9567112,1.8402146e-07
/home/share/Uni_Eval/HAM10000_clean/ISIC2018/ISIC_0029775.jpg,5,5,2.2760805e-05,7.354555e-05,0.4270835,3.3546037e-06,0.06580008,0.50665843,0.00035829618
/home/share/Uni_Eval/HAM10000_clean/ISIC2018/ISIC_0031411.jpg,5,4,0.0006757337,5.6818564e-08,0.13411094,2.572277e-05,0.644352,0.22083382,1.7250545e-06
/home/share/Uni_Eval/HAM10000_clean/ISIC2018/ISIC_0026427.jpg,5,5,2.0746418e-07,0.00012767494,0.009239579,7.096368e-05,0.010541188,0.97994435,7.612151e-05
/home/share/Uni_Eval/HAM10000_clean/ISIC2018/ISIC_0024608.jpg,5,4,2.8879601e-06,1.8747311e-08,0.00027752458,1.8216446e-06,0.8027673,0.19694959,9.930516e-07
/home/share/Uni_Eval/HAM10000_clean/ISIC2018/ISIC_0028734.jpg,5,5,0.000153802,3.7557267e-05,0.24232788,0.00080634496,0.31870127,0.43793434,3.8863935e-05
/home/share/Uni_Eval/HAM10000_clean/ISIC2018/ISIC_0026125.jpg,5,5,0.0002980229,3.4635395e-05,0.23674913,0.0003059749,0.15338762,0.60920846,1.6116943e-05
/home/share/Uni_Eval/HAM10000_clean/ISIC2018/ISIC_0025618.jpg,5,5,3.1190743e-06,2.6726148e-06,0.003796044,4.9439154e-07,0.0031593223,0.99301445,2.3857427e-05
/home/share/Uni_Eval/HAM10000_clean/ISIC2018/ISIC_0031796.jpg,5,5,2.070108e-06,3.239605e-07,0.0015136165,7.3817886e-05,0.014246503,0.98416305,6.434274e-07
/home/share/Uni_Eval/HAM10000_clean/ISIC2018/ISIC_0030232.jpg,5,5,0.00044683542,3.258036e-05,0.0012591841,4.0250425e-06,0.008324246,0.98992926,3.9431993e-06
/home/share/Uni_Eval/HAM10000_clean/ISIC2018/ISIC_0024682.jpg,5,5,1.3446553e-05,8.5959466e-05,0.00089991844,0.000120137454,0.020329518,0.97854084,1.0123774e-05
/home/share/Uni_Eval/HAM10000_clean/ISIC2018/ISIC_0026141.jpg,5,5,0.00012291748,4.4144895e-06,0.007390736,1.786796e-07,0.006161109,0.98631346,7.076246e-06
/home/share/Uni_Eval/HAM10000_clean/ISIC2018/ISIC_0030841.jpg,5,4,5.692837e-06,3.511077e-08,0.00034926843,8.439119e-06,0.7617115,0.23792146,3.573007e-06
/home/share/Uni_Eval/HAM10000_clean/ISIC2018/ISIC_0030074.jpg,5,5,1.6750829e-06,2.7083394e-07,7.246904e-05,2.6200317e-08,0.0008078865,0.9991177,8.869101e-08
/home/share/Uni_Eval/HAM10000_clean/ISIC2018/ISIC_0025734.jpg,5,5,0.012660183,7.674798e-05,0.022519303,0.0013823183,0.00897289,0.9543684,2.0092713e-05
/home/share/Uni_Eval/HAM10000_clean/ISIC2018/ISIC_0027942.jpg,5,5,3.775674e-08,3.420104e-09,1.7746517e-05,3.2006749e-06,0.0013775361,0.99860126,2.2202998e-07
/home/share/Uni_Eval/HAM10000_clean/ISIC2018/ISIC_0026419.jpg,5,5,2.0409421e-05,0.02471376,0.003245343,0.00047739933,0.04669236,0.68198556,0.24286516
/home/share/Uni_Eval/HAM10000_clean/ISIC2018/ISIC_0028894.jpg,5,4,0.00047274903,8.6735145e-07,0.008196447,0.0041737864,0.7169035,0.2702448,7.777859e-06
/home/share/Uni_Eval/HAM10000_clean/ISIC2018/ISIC_0032260.jpg,5,5,0.00042095387,3.5670757e-05,0.021619426,3.7527443e-05,0.13681161,0.8410741,7.261631e-07
/home/share/Uni_Eval/HAM10000_clean/ISIC2018/ISIC_0024936.jpg,5,5,1.0337683e-05,2.1868946e-08,0.0015784034,0.00024301253,0.029309861,0.96883094,2.7480904e-05
/home/share/Uni_Eval/HAM10000_clean/ISIC2018/ISIC_0025043.jpg,5,5,0.00097041985,0.00029398978,0.014743476,0.0029872812,0.11056289,0.87043697,5.021123e-06
/home/share/Uni_Eval/HAM10000_clean/ISIC2018/ISIC_0025227.jpg,5,5,0.0001049882,1.6778915e-05,0.0004736289,0.00015132668,0.4184796,0.5807729,7.95598e-07
/home/share/Uni_Eval/HAM10000_clean/ISIC2018/ISIC_0029499.jpg,5,5,1.221013e-05,2.7669482e-06,0.0007609929,6.615342e-05,0.00890001,0.99025655,1.3803842e-06
/home/share/Uni_Eval/HAM10000_clean/ISIC2018/ISIC_0024658.jpg,5,5,9.4351235e-05,6.1746766e-07,7.77335e-05,7.331296e-05,0.002749632,0.99700016,4.1631574e-06
/home/share/Uni_Eval/HAM10000_clean/ISIC2018/ISIC_0029027.jpg,5,5,1.7270346e-05,5.9565473e-08,0.0011141932,0.00011817863,0.22059503,0.77815247,2.7346355e-06
/home/share/Uni_Eval/HAM10000_clean/ISIC2018/ISIC_0025782.jpg,5,5,0.00091144885,8.345018e-05,0.001902213,0.006750382,0.027710441,0.9621487,0.00049333536
/home/share/Uni_Eval/HAM10000_clean/ISIC2018/ISIC_0031308.jpg,5,5,0.03603492,0.010176487,0.1252683,0.00077637145,0.22547062,0.6021643,0.00010905971
/home/share/Uni_Eval/HAM10000_clean/ISIC2018/ISIC_0028981.jpg,5,2,0.21377194,0.021167027,0.29122856,0.0006986686,0.21158235,0.26093763,0.0006138107
/home/share/Uni_Eval/HAM10000_clean/ISIC2018/ISIC_0031194.jpg,5,5,0.00029023917,6.515226e-05,0.0015407956,4.8215454e-05,0.00289253,0.99515164,1.1486354e-05
/home/share/Uni_Eval/HAM10000_clean/ISIC2018/ISIC_0029667.jpg,5,5,6.461681e-05,1.1774774e-06,3.6980582e-05,6.845116e-05,0.00037736207,0.99944574,5.5515197e-06
/home/share/Uni_Eval/HAM10000_clean/ISIC2018/ISIC_0027574.jpg,5,5,0.005719449,0.048149306,0.08230257,0.0005516431,0.007744638,0.8552996,0.00023286906
/home/share/Uni_Eval/HAM10000_clean/ISIC2018/ISIC_0025945.jpg,5,5,2.0054313e-05,6.66463e-07,0.00065144553,6.008284e-06,0.015558605,0.98370045,6.268973e-05
/home/share/Uni_Eval/HAM10000_clean/ISIC2018/ISIC_0031149.jpg,5,5,5.8842975e-06,4.98783e-07,0.0002609949,7.3196884e-07,0.012254731,0.9873447,0.00013245815
/home/share/Uni_Eval/HAM10000_clean/ISIC2018/ISIC_0027208.jpg,5,5,4.6669243e-06,3.054022e-08,7.2149436e-05,3.9357074e-05,0.0050157257,0.9948679,1.1118219e-07
/home/share/Uni_Eval/HAM10000_clean/ISIC2018/ISIC_0029504.jpg,5,5,6.829561e-06,9.805806e-08,6.189003e-05,3.3936132e-05,0.0056249527,0.99427223,1.5577523e-07
/home/share/Uni_Eval/HAM10000_clean/ISIC2018/ISIC_0026106.jpg,5,5,3.5267556e-05,7.7134774e-07,0.0012246993,2.2200593e-06,0.034329582,0.96440744,2.9031595e-08
/home/share/Uni_Eval/HAM10000_clean/ISIC2018/ISIC_0032227.jpg,5,5,0.00021466282,4.8822472e-05,0.010914601,4.865342e-07,0.101278454,0.8875396,3.424487e-06
/home/share/Uni_Eval/HAM10000_clean/ISIC2018/ISIC_0024394.jpg,5,5,2.325141e-06,1.8450563e-06,6.9448465e-06,1.0560796e-06,0.05556847,0.9444194,1.7346292e-08
/home/share/Uni_Eval/HAM10000_clean/ISIC2018/ISIC_0032165.jpg,5,5,3.281007e-07,9.786038e-08,0.00042563988,1.6181725e-07,0.0028143772,0.9967558,3.659214e-06
/home/share/Uni_Eval/HAM10000_clean/ISIC2018/ISIC_0024834.jpg,5,5,1.3211184e-07,2.7972353e-08,0.00068138825,2.994833e-07,0.002284989,0.99702954,3.522238e-06
/home/share/Uni_Eval/HAM10000_clean/ISIC2018/ISIC_0027596.jpg,5,5,1.32498035e-05,0.00013394722,0.00034858764,8.9963e-05,0.00019019628,0.9987576,0.00046637197
/home/share/Uni_Eval/HAM10000_clean/ISIC2018/ISIC_0031204.jpg,5,5,2.3527626e-05,2.0537644e-05,0.0016776924,0.0066066906,0.011681047,0.9799234,6.7098794e-05
/home/share/Uni_Eval/HAM10000_clean/ISIC2018/ISIC_0031857.jpg,5,5,0.02945452,0.06801123,0.121257,0.0010116826,0.23102549,0.54915047,8.96175e-05
/home/share/Uni_Eval/HAM10000_clean/ISIC2018/ISIC_0028706.jpg,5,2,7.651417e-06,0.00035557276,0.43796846,9.290786e-05,0.12939292,0.42330146,0.00888104
/home/share/Uni_Eval/HAM10000_clean/ISIC2018/ISIC_0027364.jpg,5,5,1.0561407e-08,1.4379089e-09,4.807865e-06,1.6583947e-07,2.4622457e-05,0.99997044,1.3289007e-08
/home/share/Uni_Eval/HAM10000_clean/ISIC2018/ISIC_0031756.jpg,5,4,0.0001648045,0.009215788,0.12926327,0.004416039,0.6063779,0.21294153,0.037620604
/home/share/Uni_Eval/HAM10000_clean/ISIC2018/ISIC_0030397.jpg,5,5,7.3937545e-06,0.00027856213,0.008011083,2.3071605e-07,0.0061932663,0.98490095,0.00060842925
/home/share/Uni_Eval/HAM10000_clean/ISIC2018/ISIC_0031405.jpg,5,5,6.9376816e-05,5.3652316e-06,0.0014899542,0.0016282019,0.17906679,0.81772465,1.5664013e-05
/home/share/Uni_Eval/HAM10000_clean/ISIC2018/ISIC_0031092.jpg,5,5,3.978033e-10,7.419183e-10,0.00019671315,4.487791e-06,6.722971e-05,0.9997291,2.3596867e-06
/home/share/Uni_Eval/HAM10000_clean/ISIC2018/ISIC_0027390.jpg,5,5,4.1424255e-06,8.8398124e-08,0.0013694179,0.0005925114,0.011767078,0.9861596,0.00010709542
/home/share/Uni_Eval/HAM10000_clean/ISIC2018/ISIC_0028757.jpg,5,5,1.9798634e-05,0.0002853657,0.0020548839,0.00010907116,0.0007335507,0.99679726,2.2202437e-08
/home/share/Uni_Eval/HAM10000_clean/ISIC2018/ISIC_0027978.jpg,5,4,2.391151e-05,0.033652008,0.21683094,0.00070387195,0.52893203,0.21984927,7.943764e-06
/home/share/Uni_Eval/HAM10000_clean/ISIC2018/ISIC_0025562.jpg,5,5,0.0006893443,0.0002299622,0.45659754,0.00036733574,0.0026670778,0.5394409,7.891611e-06
/home/share/Uni_Eval/HAM10000_clean/ISIC2018/ISIC_0028598.jpg,5,5,0.0022487359,0.0003396544,0.0078018177,0.032461215,0.026378099,0.93076944,1.1124031e-06
/home/share/Uni_Eval/HAM10000_clean/ISIC2018/ISIC_0026759.jpg,5,5,0.0014160302,9.3713155e-05,0.0047600577,0.00021553379,0.067529686,0.9259824,2.5680918e-06
/home/share/Uni_Eval/HAM10000_clean/ISIC2018/ISIC_0032015.jpg,5,5,0.005658866,6.175657e-05,0.07001873,5.3835424e-06,0.22764923,0.69660556,4.3185497e-07
/home/share/Uni_Eval/HAM10000_clean/ISIC2018/ISIC_0031285.jpg,5,5,0.00039657703,1.9516638e-06,0.40535083,6.5583685e-05,0.10658154,0.48759648,7.0999786e-06
/home/share/Uni_Eval/HAM10000_clean/ISIC2018/ISIC_0028304.jpg,5,5,6.769693e-05,1.461889e-07,0.011117065,2.058439e-05,0.11870605,0.8700885,1.4788509e-08
/home/share/Uni_Eval/HAM10000_clean/ISIC2018/ISIC_0024862.jpg,5,5,1.3199175e-05,1.675663e-05,0.015603173,0.00096164015,0.23484308,0.7485619,2.4354028e-07
/home/share/Uni_Eval/HAM10000_clean/ISIC2018/ISIC_0028715.jpg,5,5,0.004307569,0.0068444284,0.0023466763,3.8135473e-05,0.004113772,0.98197067,0.00037882515
/home/share/Uni_Eval/HAM10000_clean/ISIC2018/ISIC_0032136.jpg,5,5,5.3823285e-05,0.0002928682,0.008050067,4.6935456e-06,0.021564567,0.97003317,7.8731233e-07
/home/share/Uni_Eval/HAM10000_clean/ISIC2018/ISIC_0030592.jpg,5,4,2.380043e-05,8.299537e-06,0.00045507497,2.8329827e-05,0.9286646,0.07081441,5.464246e-06
/home/share/Uni_Eval/HAM10000_clean/ISIC2018/ISIC_0024841.jpg,5,5,1.6234548e-05,0.00018671,0.048212588,3.4374154e-06,0.34594285,0.60563755,6.596119e-07
/home/share/Uni_Eval/HAM10000_clean/ISIC2018/ISIC_0029457.jpg,5,5,0.0001578294,0.0010458314,0.00069845316,4.1726613e-05,0.02820658,0.9698371,1.2489198e-05
/home/share/Uni_Eval/HAM10000_clean/ISIC2018/ISIC_0031126.jpg,5,2,0.003834865,0.20776579,0.38944644,0.15899573,0.09579735,0.14411454,4.5253713e-05
/home/share/Uni_Eval/HAM10000_clean/ISIC2018/ISIC_0025506.jpg,5,5,0.000322784,4.7351e-05,0.0053676697,0.0020512294,0.0009477871,0.99125636,6.7263054e-06
/home/share/Uni_Eval/HAM10000_clean/ISIC2018/ISIC_0030914.jpg,5,5,0.009527666,0.00034769185,0.18008575,0.0083620995,0.05624122,0.7452322,0.00020336095
/home/share/Uni_Eval/HAM10000_clean/ISIC2018/ISIC_0028408.jpg,5,5,2.4626443e-05,0.00040333724,0.0018277457,1.5253619e-05,0.10134329,0.89638114,4.516867e-06
/home/share/Uni_Eval/HAM10000_clean/ISIC2018/ISIC_0028998.jpg,5,5,3.253694e-05,5.487685e-07,4.336222e-05,3.5311932e-06,0.0011136684,0.998806,2.8256267e-07
/home/share/Uni_Eval/HAM10000_clean/ISIC2018/ISIC_0025118.jpg,5,5,7.806832e-05,4.2534604e-05,0.0010544693,4.391768e-06,0.01480783,0.9840126,1.6026027e-07
/home/share/Uni_Eval/HAM10000_clean/ISIC2018/ISIC_0025563.jpg,5,5,0.0001080117,0.0036999409,0.0048358394,0.0003189702,0.024408333,0.9665981,3.083628e-05
/home/share/Uni_Eval/HAM10000_clean/ISIC2018/ISIC_0024790.jpg,5,5,0.0010410821,8.239042e-06,0.0012278474,0.0005540272,0.07717734,0.9199863,5.1427e-06
/home/share/Uni_Eval/HAM10000_clean/ISIC2018/ISIC_0025225.jpg,5,5,5.8314676e-05,3.0118526e-05,0.006060356,3.234115e-06,0.0049164128,0.98893124,4.5186536e-07
/home/share/Uni_Eval/HAM10000_clean/ISIC2018/ISIC_0025926.jpg,5,5,0.0071574096,0.09613568,0.04606618,0.0029536877,0.05974893,0.7879296,8.52856e-06
/home/share/Uni_Eval/HAM10000_clean/ISIC2018/ISIC_0026741.jpg,5,5,0.003255905,1.9113925e-06,0.069947354,1.13308315e-05,0.09541541,0.8313634,4.6893006e-06
/home/share/Uni_Eval/HAM10000_clean/ISIC2018/ISIC_0031117.jpg,5,5,0.00028698196,0.00010202478,0.014116111,8.928307e-07,0.0026592317,0.9828346,9.872349e-08
/home/share/Uni_Eval/HAM10000_clean/ISIC2018/ISIC_0027471.jpg,5,5,0.0007816891,7.0368485e-05,0.029783016,4.9809725e-05,0.13878973,0.83052367,1.7494389e-06
/home/share/Uni_Eval/HAM10000_clean/ISIC2018/ISIC_0029109.jpg,5,5,0.12610191,0.0003104426,0.0075225555,0.00052204734,0.16986391,0.6956789,2.5109486e-07
/home/share/Uni_Eval/HAM10000_clean/ISIC2018/ISIC_0026654.jpg,5,5,0.022036126,0.0011384408,0.067877725,0.00021028683,0.13570565,0.7730306,1.1639852e-06
/home/share/Uni_Eval/HAM10000_clean/ISIC2018/ISIC_0026921.jpg,5,4,0.00020228013,9.3804905e-05,0.0009885745,9.021886e-05,0.7034084,0.29521573,1.0574857e-06
/home/share/Uni_Eval/HAM10000_clean/ISIC2018/ISIC_0031942.jpg,5,5,0.0032111432,8.5505457e-07,0.0052068764,0.00018930383,0.3521379,0.6392507,3.3084862e-06
/home/share/Uni_Eval/HAM10000_clean/ISIC2018/ISIC_0026712.jpg,5,5,0.0029082666,0.0001674651,0.16157487,0.0033455542,0.053359948,0.7786411,2.8054783e-06
/home/share/Uni_Eval/HAM10000_clean/ISIC2018/ISIC_0028983.jpg,5,5,0.000848583,0.013668597,0.06447664,0.0018738563,0.2535475,0.6655846,1.78518e-07
/home/share/Uni_Eval/HAM10000_clean/ISIC2018/ISIC_0028744.jpg,5,5,1.1698709e-06,3.6108122e-05,0.0007258302,0.00010046089,0.007833844,0.9913003,2.2251922e-06
/home/share/Uni_Eval/HAM10000_clean/ISIC2018/ISIC_0026588.jpg,5,5,0.00062152604,0.007925375,0.015136139,0.0001422066,0.032715395,0.94345593,3.5299363e-06
/home/share/Uni_Eval/HAM10000_clean/ISIC2018/ISIC_0028364.jpg,5,4,0.05440847,0.005107645,0.18197145,2.5671184e-06,0.54952466,0.20898461,5.7292607e-07
/home/share/Uni_Eval/HAM10000_clean/ISIC2018/ISIC_0027490.jpg,5,5,0.0024899167,0.00012023719,0.013708745,0.004873347,0.07312323,0.9051847,0.00049982674
/home/share/Uni_Eval/HAM10000_clean/ISIC2018/ISIC_0030082.jpg,5,4,2.6079683e-06,1.5292143e-06,0.00050496525,3.558123e-05,0.84064984,0.15876481,4.0663148e-05
/home/share/Uni_Eval/HAM10000_clean/ISIC2018/ISIC_0026974.jpg,5,5,0.00030965416,9.52513e-06,0.0031516314,6.521697e-05,0.046682384,0.9497814,2.1648836e-07
/home/share/Uni_Eval/HAM10000_clean/ISIC2018/ISIC_0026097.jpg,5,5,0.000101858626,6.657547e-06,0.00011410192,0.001175683,0.14569308,0.8529068,1.8880111e-06
/home/share/Uni_Eval/HAM10000_clean/ISIC2018/ISIC_0027883.jpg,5,5,0.017937556,1.5253293e-05,0.070358716,0.00018360325,0.19871359,0.7127893,1.9327802e-06
/home/share/Uni_Eval/HAM10000_clean/ISIC2018/ISIC_0031700.jpg,5,2,0.00079573184,0.00016574902,0.5913301,1.072575e-05,0.012761347,0.3949362,6.187569e-08
/home/share/Uni_Eval/HAM10000_clean/ISIC2018/ISIC_0030209.jpg,5,5,0.005018683,0.0019933027,0.077960595,0.0018747539,0.0035457618,0.90959805,8.805752e-06
/home/share/Uni_Eval/HAM10000_clean/ISIC2018/ISIC_0027073.jpg,5,5,0.0052337316,1.5928661e-05,0.057669964,9.0940074e-07,0.004741683,0.93233764,1.9383948e-07
/home/share/Uni_Eval/HAM10000_clean/ISIC2018/ISIC_0030219.jpg,5,5,0.023906099,0.000107072454,0.18739612,0.00018601498,0.38259545,0.40580752,1.7361914e-06
/home/share/Uni_Eval/HAM10000_clean/ISIC2018/ISIC_0025476.jpg,5,5,0.011979472,0.0064540263,0.004497248,5.762313e-05,0.021857342,0.95507944,7.478894e-05
/home/share/Uni_Eval/HAM10000_clean/ISIC2018/ISIC_0024476.jpg,5,2,0.014893577,0.028035967,0.814117,3.9499595e-05,0.0562626,0.08664929,2.0165485e-06
/home/share/Uni_Eval/HAM10000_clean/ISIC2018/ISIC_0026560.jpg,5,5,0.0007985133,0.00016488077,0.02556491,3.8638937e-05,0.029289741,0.94413924,4.170829e-06
/home/share/Uni_Eval/HAM10000_clean/ISIC2018/ISIC_0032281.jpg,5,4,0.0001927201,0.07885785,0.020049326,5.173339e-05,0.4758537,0.42498925,5.5450473e-06
/home/share/Uni_Eval/HAM10000_clean/ISIC2018/ISIC_0030425.jpg,5,5,0.012871052,7.3405965e-05,0.08672904,0.00027116458,0.04050713,0.85954773,5.766862e-07
/home/share/Uni_Eval/HAM10000_clean/ISIC2018/ISIC_0028130.jpg,5,5,0.009705595,0.00022150089,0.20794791,4.2297208e-05,0.022579508,0.75950205,1.2201784e-06
/home/share/Uni_Eval/HAM10000_clean/ISIC2018/ISIC_0026359.jpg,5,5,0.0007457503,0.0011137422,0.0031361931,0.0003181276,0.45915723,0.53549254,3.637168e-05
/home/share/Uni_Eval/HAM10000_clean/ISIC2018/ISIC_0030444.jpg,5,5,4.940899e-05,2.3391285e-06,0.007731303,2.0199379e-05,0.16609345,0.82610226,1.0612005e-06
/home/share/Uni_Eval/HAM10000_clean/ISIC2018/ISIC_0032292.jpg,5,2,0.0046952167,9.330765e-06,0.9543885,9.1185603e-07,0.010178458,0.030725924,1.7439704e-06
/home/share/Uni_Eval/HAM10000_clean/ISIC2018/ISIC_0032107.jpg,5,5,3.4174325e-05,7.2016924e-08,0.00022653291,1.4653406e-05,0.07233101,0.92739135,2.0882708e-06
/home/share/Uni_Eval/HAM10000_clean/ISIC2018/ISIC_0030253.jpg,5,5,0.0015958276,0.00080153113,0.07986172,0.00015537841,0.09241255,0.82475936,0.00041367539
/home/share/Uni_Eval/HAM10000_clean/ISIC2018/ISIC_0030340.jpg,5,5,0.00017072429,0.0010011095,0.09023041,8.885445e-05,0.07442698,0.8340754,6.471457e-06
/home/share/Uni_Eval/HAM10000_clean/ISIC2018/ISIC_0028580.jpg,5,5,2.0509733e-05,2.0691776e-05,0.002729824,7.3777246e-06,0.0013437739,0.9958762,1.6632787e-06
/home/share/Uni_Eval/HAM10000_clean/ISIC2018/ISIC_0026922.jpg,5,5,0.00018576394,3.9030238e-06,0.00081265206,4.8070274e-06,0.00021388927,0.9987754,3.5921585e-06
/home/share/Uni_Eval/HAM10000_clean/ISIC2018/ISIC_0026964.jpg,5,5,0.0062993215,3.033678e-06,0.025006788,0.00019191265,0.0014969409,0.96699935,2.7232463e-06
/home/share/Uni_Eval/HAM10000_clean/ISIC2018/ISIC_0028905.jpg,5,5,0.00011839072,0.04853694,0.00011318822,0.0006868678,0.009697064,0.9408313,1.6358787e-05
/home/share/Uni_Eval/HAM10000_clean/ISIC2018/ISIC_0032327.jpg,5,2,0.017446367,3.2931708e-05,0.6967715,8.184864e-05,0.026342649,0.25929776,2.6934655e-05
/home/share/Uni_Eval/HAM10000_clean/ISIC2018/ISIC_0025310.jpg,5,5,0.00026701938,1.4260773e-05,0.3422026,6.672629e-06,0.14077523,0.5167317,2.5257555e-06
/home/share/Uni_Eval/HAM10000_clean/ISIC2018/ISIC_0032423.jpg,5,5,0.00014706116,3.4571915e-06,0.015483477,2.379592e-06,0.2707935,0.71357006,8.9538126e-08
/home/share/Uni_Eval/HAM10000_clean/ISIC2018/ISIC_0030873.jpg,5,5,0.051601678,9.236439e-05,0.062262103,0.00041413566,0.23554696,0.6500823,4.5990149e-07
/home/share/Uni_Eval/HAM10000_clean/ISIC2018/ISIC_0024363.jpg,5,5,3.8590275e-05,6.6861944e-06,0.0018351028,1.5116436e-05,0.012005003,0.9860973,2.2443992e-06
/home/share/Uni_Eval/HAM10000_clean/ISIC2018/ISIC_0025169.jpg,5,5,0.0010883586,0.00011825129,0.02676576,1.2559587e-05,0.28444964,0.6875621,3.2920054e-06
/home/share/Uni_Eval/HAM10000_clean/ISIC2018/ISIC_0030008.jpg,5,5,2.6978857e-06,0.0009865225,0.003687369,7.7330966e-05,0.022787819,0.971428,0.0010302933
/home/share/Uni_Eval/HAM10000_clean/ISIC2018/ISIC_0031583.jpg,5,5,0.0034773187,0.0090438705,0.0026888105,0.00082440884,0.09792288,0.883389,0.0026536924
/home/share/Uni_Eval/HAM10000_clean/ISIC2018/ISIC_0025533.jpg,5,5,0.023485404,0.005944434,0.015937436,0.00020769057,0.036438387,0.9178007,0.00018588912
/home/share/Uni_Eval/HAM10000_clean/ISIC2018/ISIC_0028183.jpg,5,5,1.4800103e-05,3.128027e-06,0.00038503512,8.6721884e-05,0.016227182,0.9832409,4.219592e-05
/home/share/Uni_Eval/HAM10000_clean/ISIC2018/ISIC_0026658.jpg,5,5,0.00016599758,1.2281549e-05,0.008370299,0.00012467885,0.0033313062,0.98799497,3.994758e-07
/home/share/Uni_Eval/HAM10000_clean/ISIC2018/ISIC_0032195.jpg,5,5,0.00062973745,0.00063515827,0.001282872,2.1114052e-05,0.021657165,0.97563654,0.0001373165
/home/share/Uni_Eval/HAM10000_clean/ISIC2018/ISIC_0027066.jpg,5,5,6.997639e-05,8.443159e-06,0.0071241986,8.348403e-05,0.020026889,0.9726729,1.4123283e-05
/home/share/Uni_Eval/HAM10000_clean/ISIC2018/ISIC_0024680.jpg,5,5,0.0033155892,0.00036345058,0.00086150545,6.630953e-07,0.33130133,0.664044,0.00011352303
/home/share/Uni_Eval/HAM10000_clean/ISIC2018/ISIC_0027091.jpg,5,5,0.00044422463,2.0850472e-05,0.21986468,2.3084915e-05,0.18723704,0.5921614,0.0002487076
/home/share/Uni_Eval/HAM10000_clean/ISIC2018/ISIC_0024497.jpg,5,5,0.00015359286,0.0014537929,0.011523752,2.6483867e-05,0.40942302,0.5774187,7.189367e-07
/home/share/Uni_Eval/HAM10000_clean/ISIC2018/ISIC_0031960.jpg,5,5,0.011270892,2.426983e-06,0.18835747,0.026542548,0.019418677,0.75439054,1.7403929e-05
/home/share/Uni_Eval/HAM10000_clean/ISIC2018/ISIC_0029554.jpg,5,5,0.002426959,0.035145123,0.04985766,5.0313276e-05,0.045270145,0.86724055,9.292369e-06
/home/share/Uni_Eval/HAM10000_clean/ISIC2018/ISIC_0024578.jpg,5,5,0.005551322,5.8359088e-05,0.063819684,0.00094829226,0.0027772815,0.9268329,1.2188362e-05
/home/share/Uni_Eval/HAM10000_clean/ISIC2018/ISIC_0027036.jpg,5,5,0.000103205064,4.880395e-06,0.028148327,4.1502983e-07,0.22080256,0.7509396,9.5070055e-07
/home/share/Uni_Eval/HAM10000_clean/ISIC2018/ISIC_0026023.jpg,5,5,2.251821e-06,0.012287551,0.0025125444,1.9933985e-05,0.01927107,0.9657578,0.00014882661
/home/share/Uni_Eval/HAM10000_clean/ISIC2018/ISIC_0025936.jpg,5,5,1.9246686e-06,5.444185e-07,0.00056603533,0.00026770224,0.07572838,0.92343456,8.019349e-07
/home/share/Uni_Eval/HAM10000_clean/ISIC2018/ISIC_0026216.jpg,5,5,0.0009669209,0.0048162155,0.025253408,7.0661e-05,0.041626967,0.9272629,2.9407008e-06
/home/share/Uni_Eval/HAM10000_clean/ISIC2018/ISIC_0028987.jpg,5,5,0.00040381216,6.970039e-05,0.07544248,8.105939e-05,0.21551175,0.70849085,3.4020286e-07
/home/share/Uni_Eval/HAM10000_clean/ISIC2018/ISIC_0029075.jpg,5,5,8.398311e-06,3.6312513e-06,0.00023742874,8.497665e-06,0.25175902,0.7479825,5.287449e-07
/home/share/Uni_Eval/HAM10000_clean/ISIC2018/ISIC_0030451.jpg,5,5,0.0050798957,0.0001089962,0.24066134,5.311083e-05,0.09720366,0.6568923,6.9455785e-07
/home/share/Uni_Eval/HAM10000_clean/ISIC2018/ISIC_0027137.jpg,5,5,4.8062473e-05,2.162615e-05,0.0043293308,6.867342e-06,0.2673408,0.728253,3.242132e-07
/home/share/Uni_Eval/HAM10000_clean/ISIC2018/ISIC_0030833.jpg,5,5,9.3773546e-05,0.00018098489,0.2689825,9.323534e-06,0.05041876,0.6803135,1.0762525e-06
/home/share/Uni_Eval/HAM10000_clean/ISIC2018/ISIC_0030635.jpg,5,5,0.00027125547,1.5024279e-05,0.013585434,8.900305e-05,0.18581143,0.8000614,0.0001664249
/home/share/Uni_Eval/HAM10000_clean/ISIC2018/ISIC_0031991.jpg,5,5,0.023549888,0.0005737124,0.11460843,4.1371513e-05,0.0811626,0.7800632,6.897905e-07
/home/share/Uni_Eval/HAM10000_clean/ISIC2018/ISIC_0029470.jpg,5,5,5.1479517e-05,3.560071e-05,0.00796082,3.2592154e-05,0.09773593,0.894182,1.5318592e-06
/home/share/Uni_Eval/HAM10000_clean/ISIC2018/ISIC_0026488.jpg,5,5,0.00018189977,0.00049642986,0.010893258,8.2938175e-05,0.12823649,0.8586817,0.0014273298
/home/share/Uni_Eval/HAM10000_clean/ISIC2018/ISIC_0027098.jpg,5,5,0.001637735,0.003941833,0.1872665,9.905066e-05,0.16351001,0.6435425,2.3695554e-06
/home/share/Uni_Eval/HAM10000_clean/ISIC2018/ISIC_0025571.jpg,5,5,0.0015301567,0.00035027636,0.011390174,0.02205103,0.0019842673,0.9626899,4.338179e-06
/home/share/Uni_Eval/HAM10000_clean/ISIC2018/ISIC_0024466.jpg,5,5,0.030893587,0.0009629591,0.15154347,5.3607757e-05,0.036725033,0.77982104,3.170226e-07
/home/share/Uni_Eval/HAM10000_clean/ISIC2018/ISIC_0025892.jpg,5,4,0.0003723201,0.0018559502,0.0153744,0.00027154305,0.6450655,0.337034,2.6281945e-05
/home/share/Uni_Eval/HAM10000_clean/ISIC2018/ISIC_0025488.jpg,5,5,0.000238185,0.00061948935,0.0011734236,3.560617e-05,0.0040429137,0.99312747,0.0007628629
/home/share/Uni_Eval/HAM10000_clean/ISIC2018/ISIC_0027997.jpg,5,5,5.134305e-06,0.046044726,0.19420882,1.0715055e-05,0.034140695,0.7254967,9.3242896e-05
/home/share/Uni_Eval/HAM10000_clean/ISIC2018/ISIC_0027578.jpg,5,5,0.0032199544,1.0743365e-05,0.104926124,0.00044638413,0.20185234,0.68954176,2.7053038e-06
/home/share/Uni_Eval/HAM10000_clean/ISIC2018/ISIC_0027475.jpg,5,5,8.427197e-06,1.5334398e-06,1.3092317e-05,1.6830477e-08,0.00041356546,0.9995628,5.9785e-07
/home/share/Uni_Eval/HAM10000_clean/ISIC2018/ISIC_0031304.jpg,5,5,0.0010548634,0.00013807665,0.0009156499,3.2758064e-07,0.014704374,0.983186,6.246143e-07
/home/share/Uni_Eval/HAM10000_clean/ISIC2018/ISIC_0028809.jpg,5,5,0.00025321834,0.00038644855,0.0005389512,3.6073267e-05,0.0029601385,0.9955212,0.00030399096
/home/share/Uni_Eval/HAM10000_clean/ISIC2018/ISIC_0028464.jpg,5,5,0.0023259276,0.0034512058,0.12484619,0.0008029831,0.09815581,0.77040124,1.6636659e-05
/home/share/Uni_Eval/HAM10000_clean/ISIC2018/ISIC_0027798.jpg,5,5,4.265983e-07,6.1580904e-05,0.00041006843,2.988069e-08,0.00088004424,0.998645,2.9356981e-06
/home/share/Uni_Eval/HAM10000_clean/ISIC2018/ISIC_0024916.jpg,5,5,7.355148e-05,0.0013824713,0.0024952686,0.0001468758,0.0020979568,0.9663017,0.027502207
/home/share/Uni_Eval/HAM10000_clean/ISIC2018/ISIC_0030839.jpg,5,4,0.005741854,5.8022502e-05,0.16964637,3.1751257e-05,0.45911843,0.36540303,5.7000125e-07
/home/share/Uni_Eval/HAM10000_clean/ISIC2018/ISIC_0030593.jpg,5,5,0.00013324704,5.8705905e-06,0.022469636,8.833765e-05,0.018522214,0.95876455,1.6168167e-05
/home/share/Uni_Eval/HAM10000_clean/ISIC2018/ISIC_0030847.jpg,5,4,0.005935453,0.00035156147,0.24001665,0.00039384078,0.37860566,0.3746951,1.7816777e-06
/home/share/Uni_Eval/HAM10000_clean/ISIC2018/ISIC_0029560.jpg,5,5,5.8101996e-06,4.2760335e-06,0.0002509877,9.655434e-06,0.035121057,0.96460706,1.1925479e-06
/home/share/Uni_Eval/HAM10000_clean/ISIC2018/ISIC_0027849.jpg,5,4,0.00079803134,0.00020514528,0.037843466,0.00033260122,0.56783783,0.3929822,7.483352e-07
/home/share/Uni_Eval/HAM10000_clean/ISIC2018/ISIC_0025681.jpg,5,5,0.00019948102,7.3128463e-06,0.0060668313,4.252248e-06,0.012201022,0.98152107,9.992435e-08
/home/share/Uni_Eval/HAM10000_clean/ISIC2018/ISIC_0030912.jpg,5,5,4.826084e-05,0.0014535766,0.011946668,0.000217574,0.15715127,0.8288018,0.00038083797
/home/share/Uni_Eval/HAM10000_clean/ISIC2018/ISIC_0027783.jpg,5,5,0.0012025291,0.0006130682,0.024992846,0.0008164585,0.1711061,0.8012527,1.6289772e-05
/home/share/Uni_Eval/HAM10000_clean/ISIC2018/ISIC_0026991.jpg,5,5,1.00365426e-07,1.1308257e-06,0.00029664827,2.1111298e-06,0.0121797295,0.9874721,4.815116e-05
/home/share/Uni_Eval/HAM10000_clean/ISIC2018/ISIC_0025065.jpg,5,5,8.5557085e-06,0.0002817356,0.00011855909,3.9061624e-06,0.0015995849,0.9979461,4.163042e-05
/home/share/Uni_Eval/HAM10000_clean/ISIC2018/ISIC_0026333.jpg,5,5,0.00025614334,0.00039274202,0.00937649,5.607509e-06,0.031413853,0.9585244,3.0786294e-05
/home/share/Uni_Eval/HAM10000_clean/ISIC2018/ISIC_0028477.jpg,5,5,1.8316445e-05,0.00031216381,0.006170377,2.2740036e-05,0.005977869,0.9874083,9.023523e-05
/home/share/Uni_Eval/HAM10000_clean/ISIC2018/ISIC_0026603.jpg,5,5,0.00011364855,0.0005497548,0.008469724,2.195211e-06,0.046552353,0.9418635,0.0024488708
/home/share/Uni_Eval/HAM10000_clean/ISIC2018/ISIC_0025323.jpg,5,5,4.237447e-06,0.00012175586,0.0034251104,9.4506995e-06,0.13112018,0.8645023,0.00081700506
/home/share/Uni_Eval/HAM10000_clean/ISIC2018/ISIC_0024857.jpg,5,5,7.588408e-07,5.7069208e-08,0.03853793,8.60868e-07,0.03448433,0.92651176,0.0004641717
/home/share/Uni_Eval/HAM10000_clean/ISIC2018/ISIC_0026295.jpg,5,5,1.870232e-07,4.910944e-05,4.718095e-05,1.2441251e-05,0.019200094,0.980688,3.0816584e-06
/home/share/Uni_Eval/HAM10000_clean/ISIC2018/ISIC_0030485.jpg,5,5,4.0695714e-11,2.1045369e-06,0.00019747851,1.1900332e-06,0.00018227237,0.99945635,0.00016057403
/home/share/Uni_Eval/HAM10000_clean/ISIC2018/ISIC_0029055.jpg,5,5,6.629177e-05,0.00019628348,0.0026372718,2.719574e-05,0.045392204,0.94971,0.0019707577
/home/share/Uni_Eval/HAM10000_clean/ISIC2018/ISIC_0028067.jpg,5,5,4.229233e-07,0.005125261,0.0073215654,2.2908787e-06,0.06010228,0.92661893,0.0008291607
/home/share/Uni_Eval/HAM10000_clean/ISIC2018/ISIC_0030977.jpg,5,5,1.6187381e-05,9.0524e-05,0.0024810522,8.714725e-06,0.0027149264,0.9946784,1.0309962e-05
/home/share/Uni_Eval/HAM10000_clean/ISIC2018/ISIC_0024821.jpg,5,5,0.009692927,0.0046557314,0.048569433,0.0016159548,0.36795044,0.5665542,0.0009613864
/home/share/Uni_Eval/HAM10000_clean/ISIC2018/ISIC_0029759.jpg,5,5,0.0010174938,0.00013484372,0.0034730502,0.00023717979,0.053835995,0.9390539,0.002247491
/home/share/Uni_Eval/HAM10000_clean/ISIC2018/ISIC_0030348.jpg,5,5,4.2064206e-05,2.1234015e-05,0.008596792,6.6722887e-06,0.023320217,0.95976704,0.008245973
/home/share/Uni_Eval/HAM10000_clean/ISIC2018/ISIC_0024617.jpg,5,5,2.8139906e-08,3.8312544e-07,0.0010464323,3.147242e-05,0.008964948,0.98987854,7.8201425e-05
/home/share/Uni_Eval/HAM10000_clean/ISIC2018/ISIC_0026942.jpg,5,5,6.010182e-06,2.593587e-06,0.09112023,4.5799725e-06,0.0015170166,0.9073456,4.035403e-06
/home/share/Uni_Eval/HAM10000_clean/ISIC2018/ISIC_0030710.jpg,5,5,2.2859696e-08,4.38172e-06,0.00019648644,1.6749364e-06,0.0018999692,0.99789715,2.7708563e-07
/home/share/Uni_Eval/HAM10000_clean/ISIC2018/ISIC_0030963.jpg,5,5,2.1207917e-10,1.9100593e-08,7.496561e-05,1.08767615e-07,0.0018515023,0.9980732,1.6354696e-07
/home/share/Uni_Eval/HAM10000_clean/ISIC2018/ISIC_0030890.jpg,5,5,1.6779653e-07,1.0363566e-05,0.0003303826,7.839566e-06,0.012156353,0.98743826,5.6533772e-05
/home/share/Uni_Eval/HAM10000_clean/ISIC2018/ISIC_0031896.jpg,5,5,1.4871915e-07,0.00016404923,0.0103739435,4.8220267e-07,0.17982885,0.8088934,0.0007392121
/home/share/Uni_Eval/HAM10000_clean/ISIC2018/ISIC_0025956.jpg,5,5,4.2792276e-06,9.039723e-06,0.009081706,3.6461646e-05,0.021252656,0.9696106,5.3471117e-06
/home/share/Uni_Eval/HAM10000_clean/ISIC2018/ISIC_0025860.jpg,5,5,0.0002291183,5.1119573e-06,0.0012138647,4.0871523e-06,0.004937884,0.986492,0.0071179583
/home/share/Uni_Eval/HAM10000_clean/ISIC2018/ISIC_0025473.jpg,5,5,0.00028253935,0.001128981,0.0029009664,5.1257157e-05,0.042128805,0.9431753,0.01033211
/home/share/Uni_Eval/HAM10000_clean/ISIC2018/ISIC_0024540.jpg,5,5,1.0904393e-07,1.868279e-05,0.00015389126,1.4253905e-07,0.014616615,0.9851784,3.21814e-05
/home/share/Uni_Eval/HAM10000_clean/ISIC2018/ISIC_0032020.jpg,5,5,2.979402e-11,9.367099e-08,8.071822e-05,3.7698825e-07,0.0009286961,0.99898964,4.02974e-07
/home/share/Uni_Eval/HAM10000_clean/ISIC2018/ISIC_0028632.jpg,5,2,0.17016132,0.0038043195,0.4208641,0.006834729,0.097866826,0.30001128,0.00045746774
/home/share/Uni_Eval/HAM10000_clean/ISIC2018/ISIC_0029537.jpg,5,5,2.1350959e-06,8.57387e-07,1.5368456e-05,1.3252371e-06,0.0023404972,0.9976312,8.670574e-06
/home/share/Uni_Eval/HAM10000_clean/ISIC2018/ISIC_0027431.jpg,5,5,3.926778e-06,7.956469e-06,0.00032501615,3.737692e-08,0.00055811455,0.9990263,7.863951e-05
/home/share/Uni_Eval/HAM10000_clean/ISIC2018/ISIC_0031395.jpg,5,4,0.0004016359,0.00015669927,0.010519951,6.5427935e-06,0.60758245,0.3813326,8.4669956e-08
/home/share/Uni_Eval/HAM10000_clean/ISIC2018/ISIC_0025897.jpg,5,5,1.4780442e-05,5.4506295e-06,0.00039358527,8.278798e-06,0.012108682,0.98746884,4.97934e-07
/home/share/Uni_Eval/HAM10000_clean/ISIC2018/ISIC_0033537.jpg,5,5,0.0011938835,2.1136775e-05,0.28822714,5.874788e-05,0.058398932,0.6519415,0.0001586338
/home/share/Uni_Eval/HAM10000_clean/ISIC2018/ISIC_0032682.jpg,5,5,0.00020560829,2.720566e-05,0.1884654,0.00029341877,0.09483253,0.7161664,9.400922e-06
/home/share/Uni_Eval/HAM10000_clean/ISIC2018/ISIC_0032616.jpg,5,5,3.4303008e-07,0.00014026473,0.0025431784,0.00011289016,0.0014710164,0.9949344,0.000797828
/home/share/Uni_Eval/HAM10000_clean/ISIC2018/ISIC_0033139.jpg,5,5,0.0010463498,0.00020989272,0.12897989,0.0007622643,0.0010342806,0.86784786,0.00011947107
/home/share/Uni_Eval/HAM10000_clean/ISIC2018/ISIC_0033418.jpg,5,5,2.7489717e-05,1.008424e-07,0.00032979436,0.0003063623,0.014456386,0.98487955,3.6133616e-07
/home/share/Uni_Eval/HAM10000_clean/ISIC2018/ISIC_0033364.jpg,5,5,0.012926716,3.1824613e-06,0.0739047,0.0024121806,0.33253792,0.5781186,9.6713e-05
/home/share/Uni_Eval/HAM10000_clean/ISIC2018/ISIC_0034098.jpg,5,5,5.106892e-07,3.054664e-08,3.81842e-05,7.902764e-07,0.013785599,0.986174,8.716534e-07
/home/share/Uni_Eval/HAM10000_clean/ISIC2018/ISIC_0033040.jpg,5,5,8.164347e-07,2.555508e-07,0.00066782447,1.163669e-06,0.0032729646,0.99605596,1.0651199e-06
/home/share/Uni_Eval/HAM10000_clean/ISIC2018/ISIC_0032868.jpg,5,5,5.0612016e-07,7.2461177e-07,0.0051122745,4.2531587e-06,0.0003151484,0.9945662,9.1870197e-07
/home/share/Uni_Eval/HAM10000_clean/ISIC2018/ISIC_0034018.jpg,5,5,0.0013989713,0.006868267,0.007209527,0.0001590823,0.0050572623,0.97865343,0.000653449
/home/share/Uni_Eval/HAM10000_clean/ISIC2018/ISIC_0033464.jpg,5,5,4.708867e-08,3.0895866e-09,2.3010234e-05,1.2715711e-07,0.0010923321,0.9988844,1.00971896e-07
/home/share/Uni_Eval/HAM10000_clean/ISIC2018/ISIC_0033970.jpg,5,5,3.5962844e-07,1.9406682e-05,0.010306624,1.1228811e-07,0.001005607,0.98866487,2.985896e-06
/home/share/Uni_Eval/HAM10000_clean/ISIC2018/ISIC_0033896.jpg,5,5,1.2605675e-05,1.5015584e-06,0.005910621,1.8637539e-06,0.00055236433,0.99351233,8.6749305e-06
/home/share/Uni_Eval/HAM10000_clean/ISIC2018/ISIC_0032402.jpg,5,5,1.8174533e-05,0.0005137705,6.8642126e-05,3.4566997e-06,0.00020834015,0.9981439,0.0010436797
/home/share/Uni_Eval/HAM10000_clean/ISIC2018/ISIC_0034309.jpg,5,5,1.0926957e-06,1.0582561e-08,2.152612e-05,1.418752e-05,6.862158e-05,0.99989414,3.828435e-07
/home/share/Uni_Eval/HAM10000_clean/ISIC2018/ISIC_0033043.jpg,5,5,1.361392e-07,4.2130682e-07,0.00021174773,0.00095187256,0.013350249,0.9854842,1.4128985e-06
/home/share/Uni_Eval/HAM10000_clean/ISIC2018/ISIC_0032562.jpg,5,5,0.00013784661,1.5697777e-08,0.0009027692,0.00012343652,0.0025033206,0.9963303,2.4041606e-06
/home/share/Uni_Eval/HAM10000_clean/ISIC2018/ISIC_0033421.jpg,5,5,0.0005201997,0.003951761,0.0038327025,2.5539546e-05,0.113006264,0.8786621,1.338687e-06
/home/share/Uni_Eval/HAM10000_clean/ISIC2018/ISIC_0033467.jpg,5,5,2.0463834e-07,4.5280103e-07,8.058683e-05,1.3717691e-07,0.004401178,0.99551624,1.2130997e-06
/home/share/Uni_Eval/HAM10000_clean/ISIC2018/ISIC_0032996.jpg,5,5,9.028076e-08,1.9384739e-05,0.0001680066,3.4218674e-06,0.0146923205,0.9850854,3.1397212e-05
/home/share/Uni_Eval/HAM10000_clean/ISIC2018/ISIC_0033623.jpg,5,5,7.6563796e-05,0.00017321513,0.0035618073,7.278903e-05,0.0051646004,0.99093586,1.5164367e-05
/home/share/Uni_Eval/HAM10000_clean/ISIC2018/ISIC_0033383.jpg,5,5,1.7673457e-06,2.585514e-06,0.00013032636,1.0433662e-05,0.0033421777,0.99650526,7.375545e-06
/home/share/Uni_Eval/HAM10000_clean/ISIC2018/ISIC_0032634.jpg,5,5,4.4183416e-06,3.210763e-06,0.00904954,1.4488494e-07,0.0077067646,0.9832298,6.1371147e-06
/home/share/Uni_Eval/HAM10000_clean/ISIC2018/ISIC_0033751.jpg,5,5,2.6847603e-08,2.102111e-07,6.739026e-05,2.9502766e-07,0.0013639542,0.99854857,1.9524165e-05
/home/share/Uni_Eval/HAM10000_clean/ISIC2018/ISIC_0033065.jpg,5,5,4.257969e-05,1.6797062e-06,7.708194e-05,4.5245065e-06,0.011301611,0.98837274,0.00019991206
/home/share/Uni_Eval/HAM10000_clean/ISIC2018/ISIC_0033353.jpg,5,5,3.9796128e-06,0.053833883,0.003141975,0.0025220949,0.00078373804,0.93964434,7.0034104e-05
/home/share/Uni_Eval/HAM10000_clean/ISIC2018/ISIC_0034019.jpg,5,5,1.1220335e-05,0.00015711434,0.0005564938,1.1687572e-05,0.0007280131,0.998531,4.524821e-06
/home/share/Uni_Eval/HAM10000_clean/ISIC2018/ISIC_0034154.jpg,5,5,5.6647204e-06,0.0003813661,0.035094816,1.151589e-06,0.054058094,0.9104531,5.735092e-06
/home/share/Uni_Eval/HAM10000_clean/ISIC2018/ISIC_0033597.jpg,5,5,5.4237335e-06,4.3255254e-06,0.0022535347,7.93383e-05,0.008754698,0.98888713,1.5468884e-05
/home/share/Uni_Eval/HAM10000_clean/ISIC2018/ISIC_0033330.jpg,5,5,1.2368669e-06,8.512158e-06,0.0004694725,4.4368144e-06,0.008827763,0.9906786,9.84939e-06
/home/share/Uni_Eval/HAM10000_clean/ISIC2018/ISIC_0033982.jpg,5,5,3.872876e-06,4.018367e-05,0.0041393377,0.0005052915,0.017919693,0.97716796,0.00022364737
/home/share/Uni_Eval/HAM10000_clean/ISIC2018/ISIC_0027265.jpg,5,5,4.6761033e-05,7.531861e-05,0.0045792796,2.1449644e-06,0.0012424366,0.99403894,1.5140573e-05
/home/share/Uni_Eval/HAM10000_clean/ISIC2018/ISIC_0030038.jpg,5,5,7.1409283e-07,0.000331563,0.00093958044,4.397064e-06,0.008059464,0.9905675,9.6738106e-05
/home/share/Uni_Eval/HAM10000_clean/ISIC2018/ISIC_0027345.jpg,5,5,3.2001385e-06,0.0001410875,0.08792086,2.8730385e-05,0.03032072,0.8814477,0.00013771123
/home/share/Uni_Eval/HAM10000_clean/ISIC2018/ISIC_0031299.jpg,5,5,0.001623057,4.8262686e-05,0.0010708735,0.000115739174,0.010613387,0.98561007,0.00091862335
/home/share/Uni_Eval/HAM10000_clean/ISIC2018/ISIC_0029915.jpg,0,1,0.0039167516,0.95890486,0.03484196,5.5220196e-05,0.002171609,0.00010483909,4.782992e-06
/home/share/Uni_Eval/HAM10000_clean/ISIC2018/ISIC_0033456.jpg,0,0,0.99856156,3.1176576e-05,1.117235e-05,1.9667154e-05,0.0013743471,5.9513226e-08,2.063357e-06
/home/share/Uni_Eval/HAM10000_clean/ISIC2018/ISIC_0031191.jpg,0,2,0.0013162659,0.00020186177,0.91843474,6.1026163e-05,0.07900118,0.0009799256,4.9886703e-06
/home/share/Uni_Eval/HAM10000_clean/ISIC2018/ISIC_0025948.jpg,0,1,0.2706029,0.5346273,0.17213948,5.9892027e-05,0.015169341,0.007071376,0.000329656
/home/share/Uni_Eval/HAM10000_clean/ISIC2018/ISIC_0030803.jpg,0,0,0.6604209,0.043502856,0.23949099,0.0011147568,0.0078061987,0.04764516,1.9172916e-05
/home/share/Uni_Eval/HAM10000_clean/ISIC2018/ISIC_0025069.jpg,0,0,0.97905946,0.0023746288,0.009999476,0.0042367973,0.0035294793,0.0007768069,2.324603e-05
/home/share/Uni_Eval/HAM10000_clean/ISIC2018/ISIC_0028232.jpg,0,0,0.97602594,0.0167688,0.0032776857,6.7608096e-05,0.0036791717,0.00016926053,1.1619284e-05
/home/share/Uni_Eval/HAM10000_clean/ISIC2018/ISIC_0029067.jpg,0,0,0.9965539,0.00022175691,0.0013888647,0.00059666455,0.0010264312,0.0002116768,7.484164e-07
/home/share/Uni_Eval/HAM10000_clean/ISIC2018/ISIC_0025539.jpg,0,2,0.047062576,1.5241865e-05,0.92634624,0.0006838631,0.025391757,0.0004990564,1.3145055e-06
/home/share/Uni_Eval/HAM10000_clean/ISIC2018/ISIC_0030191.jpg,0,2,0.3556192,0.021355407,0.4064378,0.0012306855,0.21108623,0.0042625703,8.135052e-06
/home/share/Uni_Eval/HAM10000_clean/ISIC2018/ISIC_0031043.jpg,0,0,0.79877454,0.06589196,0.0770786,0.0021343813,0.043335367,0.010978909,0.0018062489
/home/share/Uni_Eval/HAM10000_clean/ISIC2018/ISIC_0032455.jpg,0,0,0.9955043,0.0003654982,0.0007363125,6.571929e-05,0.0032511295,7.4504234e-05,2.56627e-06
/home/share/Uni_Eval/HAM10000_clean/ISIC2018/ISIC_0027896.jpg,0,0,0.94829744,0.0018088624,0.048358392,0.0007491537,0.00021247528,0.00057357526,5.1511563e-08
/home/share/Uni_Eval/HAM10000_clean/ISIC2018/ISIC_0031044.jpg,0,0,0.98259777,0.00060233264,0.002318444,3.6966165e-05,0.014128702,0.00031400152,1.922765e-06
/home/share/Uni_Eval/HAM10000_clean/ISIC2018/ISIC_0031012.jpg,0,0,0.9555055,0.017491449,0.0036535135,2.849962e-05,0.023268593,5.0414154e-05,2.1540943e-06
/home/share/Uni_Eval/HAM10000_clean/ISIC2018/ISIC_0029533.jpg,0,0,0.97988623,0.0016687026,0.0069759316,0.00020990038,0.011080389,0.00017860827,2.8790302e-07
/home/share/Uni_Eval/HAM10000_clean/ISIC2018/ISIC_0026992.jpg,0,0,0.8501062,0.0313274,0.08438213,0.020753575,0.01131535,0.002089611,2.5758369e-05
/home/share/Uni_Eval/HAM10000_clean/ISIC2018/ISIC_0025825.jpg,0,0,0.90813386,0.00011282533,0.06440578,1.2889647e-05,0.022787701,0.004540769,6.2217605e-06
/home/share/Uni_Eval/HAM10000_clean/ISIC2018/ISIC_0026645.jpg,0,4,0.29113927,0.072195,0.22904429,0.0021889175,0.4041354,0.0012960853,1.029604e-06
/home/share/Uni_Eval/HAM10000_clean/ISIC2018/ISIC_0029811.jpg,0,0,0.9983551,0.001019339,0.0004836884,0.000102769714,3.7119695e-05,1.6361999e-07,1.7623886e-06
/home/share/Uni_Eval/HAM10000_clean/ISIC2018/ISIC_0027178.jpg,0,0,0.8117563,0.0010645417,0.18161164,4.464129e-07,0.0052701025,0.00029243954,4.375888e-06
/home/share/Uni_Eval/HAM10000_clean/ISIC2018/ISIC_0028872.jpg,0,0,0.9906221,0.00025045496,0.0030560894,0.00060153095,0.00033013022,0.005138356,1.3051953e-06
/home/share/Uni_Eval/HAM10000_clean/ISIC2018/ISIC_0031292.jpg,0,0,0.95611984,0.0014898679,0.023309173,0.0006800594,0.01768379,0.0007171606,2.0971156e-07
/home/share/Uni_Eval/HAM10000_clean/ISIC2018/ISIC_0033494.jpg,0,0,0.8127568,0.0058933143,0.10971313,0.053684473,0.016011463,0.0019304064,1.0439003e-05
/home/share/Uni_Eval/HAM10000_clean/ISIC2018/ISIC_0026014.jpg,0,4,0.23044053,0.007994811,0.25267303,0.00032831813,0.4252703,0.08329291,1.480675e-07
/home/share/Uni_Eval/HAM10000_clean/ISIC2018/ISIC_0026549.jpg,0,5,0.0139225265,0.055463452,0.3276734,0.00047184355,0.17161979,0.43075615,9.286513e-05
/home/share/Uni_Eval/HAM10000_clean/ISIC2018/ISIC_0030387.jpg,0,1,0.054450855,0.8709938,0.0433603,0.009908715,0.008692959,0.012027844,0.0005655739
/home/share/Uni_Eval/HAM10000_clean/ISIC2018/ISIC_0029573.jpg,0,2,0.31655204,0.0088677155,0.6083311,0.001337731,0.017936513,0.046921458,5.343352e-05
/home/share/Uni_Eval/HAM10000_clean/ISIC2018/ISIC_0029268.jpg,0,0,0.57752156,0.0013616977,0.03806737,8.799359e-05,0.21182668,0.17113382,9.1118847e-07
/home/share/Uni_Eval/HAM10000_clean/ISIC2018/ISIC_0029598.jpg,0,1,0.36216047,0.5986016,0.028197272,0.00014428751,0.009559748,0.0012000069,0.00013661897
/home/share/Uni_Eval/HAM10000_clean/ISIC2018/ISIC_0029781.jpg,0,0,0.9846994,0.00025535238,0.014336333,1.8104438e-07,0.0006776319,2.9761059e-05,1.3632905e-06
/home/share/Uni_Eval/HAM10000_clean/ISIC2018/ISIC_0025247.jpg,0,0,0.78387445,0.008458222,0.07415358,0.00010663893,0.0015164212,0.13188116,9.545655e-06
/home/share/Uni_Eval/HAM10000_clean/ISIC2018/ISIC_0028499.jpg,0,2,0.31196734,0.05511815,0.63243943,3.5319606e-06,0.0002689057,0.00020260789,8.849615e-08
/home/share/Uni_Eval/HAM10000_clean/ISIC2018/ISIC_0030591.jpg,0,0,0.9502218,6.301748e-05,0.025398148,0.00042594632,0.017871974,0.0060188826,2.272863e-07
/home/share/Uni_Eval/HAM10000_clean/ISIC2018/ISIC_0029638.jpg,0,0,0.98482764,0.0001242923,0.009183358,0.00023450056,0.0013952807,0.004234893,1.1705669e-08
/home/share/Uni_Eval/HAM10000_clean/ISIC2018/ISIC_0026132.jpg,0,0,0.80424535,0.04627778,0.085098155,0.0011565442,0.026486669,0.03657958,0.00015592664
/home/share/Uni_Eval/HAM10000_clean/ISIC2018/ISIC_0024763.jpg,0,0,0.981218,3.7794755e-06,0.0039854,4.972178e-06,0.013279532,0.0015080211,3.1245682e-07
/home/share/Uni_Eval/HAM10000_clean/ISIC2018/ISIC_0028076.jpg,0,0,0.88902485,0.00057014363,0.053154815,9.5018724e-05,0.048023894,0.009131364,4.2979458e-08
/home/share/Uni_Eval/HAM10000_clean/ISIC2018/ISIC_0025957.jpg,0,0,0.8439942,0.0019577916,0.029105425,0.001289556,0.12209111,0.0015616246,2.7458364e-07
/home/share/Uni_Eval/HAM10000_clean/ISIC2018/ISIC_0031927.jpg,0,0,0.47614264,0.0032242965,0.27278313,0.00058124465,0.12951232,0.117755726,5.913518e-07
/home/share/Uni_Eval/HAM10000_clean/ISIC2018/ISIC_0025264.jpg,0,0,0.9023424,0.055234056,0.012158926,0.006308885,0.01056072,0.013266206,0.00012873014
/home/share/Uni_Eval/HAM10000_clean/ISIC2018/ISIC_0026457.jpg,0,2,0.17441407,0.03595631,0.75792134,0.009948721,0.0034942217,0.018264571,7.1039835e-07
/home/share/Uni_Eval/HAM10000_clean/ISIC2018/ISIC_0028763.jpg,0,5,0.27396116,0.0050339247,0.2986169,0.010518449,0.10858775,0.30323395,4.7882608e-05
/home/share/Uni_Eval/HAM10000_clean/ISIC2018/ISIC_0025780.jpg,0,0,0.9941484,0.0001419692,0.004781485,1.7477596e-05,0.00083482603,7.576913e-05,1.09358645e-07
/home/share/Uni_Eval/HAM10000_clean/ISIC2018/ISIC_0027452.jpg,0,0,0.9727108,3.5981062e-05,0.020292157,1.6079119e-05,0.0030259332,0.003918923,1.6722953e-07
/home/share/Uni_Eval/HAM10000_clean/ISIC2018/ISIC_0027884.jpg,0,0,0.56734836,0.005977906,0.4204254,9.880081e-06,0.0061074765,0.00012900741,1.9299032e-06
/home/share/Uni_Eval/HAM10000_clean/ISIC2018/ISIC_0027950.jpg,0,4,0.30441839,0.02111583,0.035021164,5.8913607e-05,0.5794258,0.059941508,1.841475e-05
/home/share/Uni_Eval/HAM10000_clean/ISIC2018/ISIC_0033536.jpg,0,0,0.9581612,0.0012332641,0.010899566,0.005538574,0.0001913653,0.023952127,2.4061497e-05
/home/share/Uni_Eval/HAM10000_clean/ISIC2018/ISIC_0032854.jpg,0,0,0.96519,1.0917098e-06,0.034430057,3.140742e-08,0.000377483,1.300705e-06,4.7797943e-09
