reader_id,reader_expertise,test_session_id,round_number,question_number,test_mode,has_ai_assistance,image_id,isic_id,true_diagnosis,reader_diagnosis,is_correct,is_correct_numeric,clinical_decision,is_completed,expected_accuracy_2pl,age,yob,profession,gender
34e08755e2d79eecb10f14c167f45c855c397389,expert,3657d6ea0d338768da62543e3a0855087be2c485,1,1,without_ai,False,7086155,DEMO_7086155,BCC,OTHER_BENIGN,False,0.0,biopsy,True,0.7864135128246947,,,medicalSpecialist,Male
34e08755e2d79eecb10f14c167f45c855c397389,expert,3657d6ea0d338768da62543e3a0855087be2c485,1,1,with_ai,True,7086155,DEMO_7086155,BCC,BCC,True,1.0,biopsy,True,0.7864135128246947,,,medicalSpecialist,Male
34e08755e2d79eecb10f14c167f45c855c397389,expert,3657d6ea0d338768da62543e3a0855087be2c485,1,2,without_ai,False,7213746,DEMO_7213746,VASC,VASC,True,1.0,local_therapy,True,0.7864135128246947,,,medicalSpecialist,Male
34e08755e2d79eecb10f14c167f45c855c397389,expert,3657d6ea0d338768da62543e3a0855087be2c485,1,2,with_ai,True,7213746,DEMO_7213746,VASC,VASC,True,1.0,dismiss,True,0.7864135128246947,,,medicalSpecialist,Male
34e08755e2d79eecb10f14c167f45c855c397389,expert,3657d6ea0d338768da62543e3a0855087be2c485,1,3,without_ai,False,8020214,DEMO_8020214,MEL,MEL,True,1.0,biopsy,True,0.7864135128246947,,,medicalSpecialist,Male
34e08755e2d79eecb10f14c167f45c855c397389,expert,3657d6ea0d338768da62543e3a0855087be2c485,1,3,with_ai,True,8020214,DEMO_8020214,MEL,INF,False,0.0,local_therapy,True,0.7864135128246947,,,medicalSpecialist,Male
34e08755e2d79eecb10f14c167f45c855c397389,expert,3657d6ea0d338768da62543e3a0855087be2c485,1,4,without_ai,False,9589087,DEMO_9589087,VASC,VASC,True,1.0,dismiss,True,0.7864135128246947,,,medicalSpecialist,Male
34e08755e2d79eecb10f14c167f45c855c397389,expert,3657d6ea0d338768da62543e3a0855087be2c485,1,4,with_ai,True,9589087,DEMO_9589087,VASC,VASC,True,1.0,monitor,True,0.7864135128246947,,,medicalSpecialist,Male
34e08755e2d79eecb10f14c167f45c855c397389,expert,3657d6ea0d338768da62543e3a0855087be2c485,1,5,without_ai,False,6349964,DEMO_6349964,BKL,BKL,True,1.0,dismiss,True,0.7864135128246947,,,medicalSpecialist,Male
34e08755e2d79eecb10f14c167f45c855c397389,expert,3657d6ea0d338768da62543e3a0855087be2c485,1,5,with_ai,True,6349964,DEMO_6349964,BKL,BKL,True,1.0,dismiss,True,0.7864135128246947,,,medicalSpecialist,Male
34e08755e2d79eecb10f14c167f45c855c397389,expert,3657d6ea0d338768da62543e3a0855087be2c485,1,6,without_ai,False,1618125,DEMO_1618125,SCCKA,SCCKA,True,1.0,biopsy,True,0.7864135128246947,,,medicalSpecialist,Male
34e08755e2d79eecb10f14c167f45c855c397389,expert,3657d6ea0d338768da62543e3a0855087be2c485,1,6,with_ai,True,1618125,DEMO_1618125,SCCKA,OTHER_BENIGN,False,0.0,biopsy,True,0.7864135128246947,,,medicalSpecialist,Male
34e08755e2d79eecb10f14c167f45c855c397389,expert,3657d6ea0d338768da62543e3a0855087be2c485,1,7,without_ai,False,5687194,DEMO_5687194,BCC,BCC,True,1.0,biopsy,True,0.7864135128246947,,,medicalSpecialist,Male
34e08755e2d79eecb10f14c167f45c855c397389,expert,3657d6ea0d338768da62543e3a0855087be2c485,1,7,with_ai,True,5687194,DEMO_5687194,BCC,BCC,True,1.0,local_therapy,True,0.7864135128246947,,,medicalSpecialist,Male
34e08755e2d79eecb10f14c167f45c855c397389,expert,3657d6ea0d338768da62543e3a0855087be2c485,1,8,without_ai,False,9640807,DEMO_9640807,BCC,BCC,True,1.0,biopsy,True,0.7864135128246947,,,medicalSpecialist,Male
34e08755e2d79eecb10f14c167f45c855c397389,expert,3657d6ea0d338768da62543e3a0855087be2c485,1,8,with_ai,True,9640807,DEMO_9640807,BCC,BCC,True,1.0,local_therapy,True,0.7864135128246947,,,medicalSpecialist,Male
34e08755e2d79eecb10f14c167f45c855c397389,expert,3657d6ea0d338768da62543e3a0855087be2c485,1,9,without_ai,False,6676609,DEMO_6676609,INF,BKL,False,0.0,biopsy,True,0.7864135128246947,,,medicalSpecialist,Male
34e08755e2d79eecb10f14c167f45c855c397389,expert,3657d6ea0d338768da62543e3a0855087be2c485,1,9,with_ai,True,6676609,DEMO_6676609,INF,INF,True,1.0,local_therapy,True,0.7864135128246947,,,medicalSpecialist,Male
34e08755e2d79eecb10f14c167f45c855c397389,expert,3657d6ea0d338768da62543e3a0855087be2c485,1,10,without_ai,False,1055582,DEMO_1055582,BCC,BCC,True,1.0,biopsy,True,0.7864135128246947,,,medicalSpecialist,Male
34e08755e2d79eecb10f14c167f45c855c397389,expert,3657d6ea0d338768da62543e3a0855087be2c485,1,10,with_ai,True,1055582,DEMO_1055582,BCC,BCC,True,1.0,biopsy,True,0.7864135128246947,,,medicalSpecialist,Male
34e08755e2d79eecb10f14c167f45c855c397389,expert,3657d6ea0d338768da62543e3a0855087be2c485,1,11,without_ai,False,6468959,DEMO_6468959,DF,INF,False,0.0,dismiss,True,0.7864135128246947,,,medicalSpecialist,Male
34e08755e2d79eecb10f14c167f45c855c397389,expert,3657d6ea0d338768da62543e3a0855087be2c485,1,11,with_ai,True,6468959,DEMO_6468959,DF,DF,True,1.0,monitor,True,0.7864135128246947,,,medicalSpecialist,Male
34e08755e2d79eecb10f14c167f45c855c397389,expert,3657d6ea0d338768da62543e3a0855087be2c485,1,12,without_ai,False,7231527,DEMO_7231527,BCC,BCC,True,1.0,biopsy,True,0.7864135128246947,,,medicalSpecialist,Male
34e08755e2d79eecb10f14c167f45c855c397389,expert,3657d6ea0d338768da62543e3a0855087be2c485,1,12,with_ai,True,7231527,DEMO_7231527,BCC,DF,False,0.0,biopsy,True,0.7864135128246947,,,medicalSpecialist,Male
34e08755e2d79eecb10f14c167f45c855c397389,expert,3657d6ea0d338768da62543e3a0855087be2c485,1,13,without_ai,False,957226,DEMO_0957226,BCC,BCC,True,1.0,monitor,True,0.7864135128246947,,,medicalSpecialist,Male
34e08755e2d79eecb10f14c167f45c855c397389,expert,3657d6ea0d338768da62543e3a0855087be2c485,1,13,with_ai,True,957226,DEMO_0957226,BCC,BCC,True,1.0,local_therapy,True,0.7864135128246947,,,medicalSpecialist,Male
34e08755e2d79eecb10f14c167f45c855c397389,expert,3657d6ea0d338768da62543e3a0855087be2c485,1,14,without_ai,False,9300967,DEMO_9300967,NV,NV,True,1.0,biopsy,True,0.7864135128246947,,,medicalSpecialist,Male
34e08755e2d79eecb10f14c167f45c855c397389,expert,3657d6ea0d338768da62543e3a0855087be2c485,1,14,with_ai,True,9300967,DEMO_9300967,NV,MEL,False,0.0,dismiss,True,0.7864135128246947,,,medicalSpecialist,Male
34e08755e2d79eecb10f14c167f45c855c397389,expert,3657d6ea0d338768da62543e3a0855087be2c485,1,15,without_ai,False,2561559,DEMO_2561559,DF,DF,True,1.0,dismiss,True,0.7864135128246947,,,medicalSpecialist,Male
34e08755e2d79eecb10f14c167f45c855c397389,expert,3657d6ea0d338768da62543e3a0855087be2c485,1,15,with_ai,True,2561559,DEMO_2561559,DF,DF,True,1.0,dismiss,True,0.7864135128246947,,,medicalSpecialist,Male
34e08755e2d79eecb10f14c167f45c855c397389,expert,3048b33eda071019b636d6921a47d2c5727623ad,2,1,without_ai,False,5561252,DEMO_5561252,NV,NV,True,1.0,dismiss,True,0.7864135128246947,,,medicalSpecialist,Male
34e08755e2d79eecb10f14c167f45c855c397389,expert,3048b33eda071019b636d6921a47d2c5727623ad,2,1,with_ai,True,5561252,DEMO_5561252,NV,NV,True,1.0,biopsy,True,0.7864135128246947,,,medicalSpecialist,Male
34e08755e2d79eecb10f14c167f45c855c397389,expert,3048b33eda071019b636d6921a47d2c5727623ad,2,2,without_ai,False,8475884,DEMO_8475884,DF,DF,True,1.0,monitor,True,0.7864135128246947,,,medicalSpecialist,Male
34e08755e2d79eecb10f14c167f45c855c397389,expert,3048b33eda071019b636d6921a47d2c5727623ad,2,2,with_ai,True,8475884,DEMO_8475884,DF,DF,True,1.0,monitor,True,0.7864135128246947,,,medicalSpecialist,Male
34e08755e2d79eecb10f14c167f45c855c397389,expert,3048b33eda071019b636d6921a47d2c5727623ad,2,3,without_ai,False,988199,DEMO_0988199,MEL,MEL,True,1.0,local_therapy,True,0.7864135128246947,,,medicalSpecialist,Male
34e08755e2d79eecb10f14c167f45c855c397389,expert,3048b33eda071019b636d6921a47d2c5727623ad,2,3,with_ai,True,988199,DEMO_0988199,MEL,MEL,True,1.0,local_therapy,True,0.7864135128246947,,,medicalSpecialist,Male
34e08755e2d79eecb10f14c167f45c855c397389,expert,3048b33eda071019b636d6921a47d2c5727623ad,2,4,without_ai,False,9019805,DEMO_9019805,AKIEC,AKIEC,True,1.0,biopsy,True,0.7864135128246947,,,medicalSpecialist,Male
34e08755e2d79eecb10f14c167f45c855c397389,expert,3048b33eda071019b636d6921a47d2c5727623ad,2,4,with_ai,True,9019805,DEMO_9019805,AKIEC,AKIEC,True,1.0,biopsy,True,0.7864135128246947,,,medicalSpecialist,Male
34e08755e2d79eecb10f14c167f45c855c397389,expert,3048b33eda071019b636d6921a47d2c5727623ad,2,5,without_ai,False,9947984,DEMO_9947984,NV,OTHER_BENIGN,False,0.0,biopsy,True,0.7864135128246947,,,medicalSpecialist,Male
34e08755e2d79eecb10f14c167f45c855c397389,expert,3048b33eda071019b636d6921a47d2c5727623ad,2,5,with_ai,True,9947984,DEMO_9947984,NV,SCCKA,False,0.0,monitor,True,0.7864135128246947,,,medicalSpecialist,Male
34e08755e2d79eecb10f14c167f45c855c397389,expert,3048b33eda071019b636d6921a47d2c5727623ad,2,6,without_ai,False,9127207,DEMO_9127207,NV,NV,True,1.0,dismiss,True,0.7864135128246947,,,medicalSpecialist,Male
34e08755e2d79eecb10f14c167f45c855c397389,expert,3048b33eda071019b636d6921a47d2c5727623ad,2,6,with_ai,True,9127207,DEMO_9127207,NV,NV,True,1.0,dismiss,True,0.7864135128246947,,,medicalSpecialist,Male
34e08755e2d79eecb10f14c167f45c855c397389,expert,3048b33eda071019b636d6921a47d2c5727623ad,2,7,without_ai,False,2218387,DEMO_2218387,NV,NV,True,1.0,dismiss,True,0.7864135128246947,,,medicalSpecialist,Male
34e08755e2d79eecb10f14c167f45c855c397389,expert,3048b33eda071019b636d6921a47d2c5727623ad,2,7,with_ai,True,2218387,DEMO_2218387,NV,NV,True,1.0,monitor,True,0.7864135128246947,,,medicalSpecialist,Male
34e08755e2d79eecb10f14c167f45c855c397389,expert,3048b33eda071019b636d6921a47d2c5727623ad,2,8,without_ai,False,2419762,DEMO_2419762,AKIEC,AKIEC,True,1.0,biopsy,True,0.7864135128246947,,,medicalSpecialist,Male
34e08755e2d79eecb10f14c167f45c855c397389,expert,3048b33eda071019b636d6921a47d2c5727623ad,2,8,with_ai,True,2419762,DEMO_2419762,AKIEC,AKIEC,True,1.0,biopsy,True,0.7864135128246947,,,medicalSpecialist,Male
34e08755e2d79eecb10f14c167f45c855c397389,expert,3048b33eda071019b636d6921a47d2c5727623ad,2,9,without_ai,False,848963,DEMO_0848963,NV,NV,True,1.0,monitor,True,0.7864135128246947,,,medicalSpecialist,Male
34e08755e2d79eecb10f14c167f45c855c397389,expert,3048b33eda071019b636d6921a47d2c5727623ad,2,9,with_ai,True,848963,DEMO_0848963,NV,NV,True,1.0,biopsy,True,0.7864135128246947,,,medicalSpecialist,Male
34e08755e2d79eecb10f14c167f45c855c397389,expert,3048b33eda071019b636d6921a47d2c5727623ad,2,10,without_ai,False,9381015,DEMO_9381015,NV,NV,True,1.0,dismiss,True,0.7864135128246947,,,medicalSpecialist,Male
34e08755e2d79eecb10f14c167f45c855c397389,expert,3048b33eda071019b636d6921a47d2c5727623ad,2,10,with_ai,True,9381015,DEMO_9381015,NV,NV,True,1.0,biopsy,True,0.7864135128246947,,,medicalSpecialist,Male
34e08755e2d79eecb10f14c167f45c855c397389,expert,3048b33eda071019b636d6921a47d2c5727623ad,2,11,without_ai,False,9909141,DEMO_9909141,BKL,BKL,True,1.0,dismiss,True,0.7864135128246947,,,medicalSpecialist,Male
34e08755e2d79eecb10f14c167f45c855c397389,expert,3048b33eda071019b636d6921a47d2c5727623ad,2,11,with_ai,True,9909141,DEMO_9909141,BKL,BKL,True,1.0,monitor,True,0.7864135128246947,,,medicalSpecialist,Male
34e08755e2d79eecb10f14c167f45c855c397389,expert,3048b33eda071019b636d6921a47d2c5727623ad,2,12,without_ai,False,2425047,DEMO_2425047,MEL,MEL,True,1.0,biopsy,True,0.7864135128246947,,,medicalSpecialist,Male
34e08755e2d79eecb10f14c167f45c855c397389,expert,3048b33eda071019b636d6921a47d2c5727623ad,2,12,with_ai,True,2425047,DEMO_2425047,MEL,MEL,True,1.0,biopsy,True,0.7864135128246947,,,medicalSpecialist,Male
34e08755e2d79eecb10f14c167f45c855c397389,expert,3048b33eda071019b636d6921a47d2c5727623ad,2,13,without_ai,False,7419097,DEMO_7419097,NV,BKL,False,0.0,biopsy,True,0.7864135128246947,,,medicalSpecialist,Male
34e08755e2d79eecb10f14c167f45c855c397389,expert,3048b33eda071019b636d6921a47d2c5727623ad,2,13,with_ai,True,7419097,DEMO_7419097,NV,NV,True,1.0,dismiss,True,0.7864135128246947,,,medicalSpecialist,Male
34e08755e2d79eecb10f14c167f45c855c397389,expert,3048b33eda071019b636d6921a47d2c5727623ad,2,14,without_ai,False,3671070,DEMO_3671070,NV,NV,True,1.0,dismiss,True,0.7864135128246947,,,medicalSpecialist,Male
34e08755e2d79eecb10f14c167f45c855c397389,expert,3048b33eda071019b636d6921a47d2c5727623ad,2,14,with_ai,True,3671070,DEMO_3671070,NV,NV,True,1.0,dismiss,True,0.7864135128246947,,,medicalSpecialist,Male
34e08755e2d79eecb10f14c167f45c855c397389,expert,3048b33eda071019b636d6921a47d2c5727623ad,2,15,without_ai,False,3635089,DEMO_3635089,AKIEC,AKIEC,True,1.0,monitor,True,0.7864135128246947,,,medicalSpecialist,Male
34e08755e2d79eecb10f14c167f45c855c397389,expert,3048b33eda071019b636d6921a47d2c5727623ad,2,15,with_ai,True,3635089,DEMO_3635089,AKIEC,AKIEC,True,1.0,biopsy,True,0.7864135128246947,,,medicalSpecialist,Male
34e08755e2d79eecb10f14c167f45c855c397389,expert,b9ea3d19a9c7b85bdce57df3079f6c41da9afebe,3,1,without_ai,False,7343752,DEMO_7343752,DF,DF,True,1.0,dismiss,True,0.7864135128246947,,,medicalSpecialist,Male
34e08755e2d79eecb10f14c167f45c855c397389,expert,b9ea3d19a9c7b85bdce57df3079f6c41da9afebe,3,1,with_ai,True,7343752,DEMO_7343752,DF,DF,True,1.0,monitor,True,0.7864135128246947,,,medicalSpecialist,Male
34e08755e2d79eecb10f14c167f45c855c397389,expert,b9ea3d19a9c7b85bdce57df3079f6c41da9afebe,3,2,without_ai,False,9999432,DEMO_9999432,VASC,BKL,False,0.0,biopsy,True,0.7864135128246947,,,medicalSpecialist,Male
34e08755e2d79eecb10f14c167f45c855c397389,expert,b9ea3d19a9c7b85bdce57df3079f6c41da9afebe,3,2,with_ai,True,9999432,DEMO_9999432,VASC,VASC,True,1.0,dismiss,True,0.7864135128246947,,,medicalSpecialist,Male
34e08755e2d79eecb10f14c167f45c855c397389,expert,b9ea3d19a9c7b85bdce57df3079f6c41da9afebe,3,3,without_ai,False,9423677,DEMO_9423677,NV,AKIEC,False,0.0,monitor,True,0.7864135128246947,,,medicalSpecialist,Male
34e08755e2d79eecb10f14c167f45c855c397389,expert,b9ea3d19a9c7b85bdce57df3079f6c41da9afebe,3,3,with_ai,True,9423677,DEMO_9423677,NV,NV,True,1.0,biopsy,True,0.7864135128246947,,,medicalSpecialist,Male
34e08755e2d79eecb10f14c167f45c855c397389,expert,b9ea3d19a9c7b85bdce57df3079f6c41da9afebe,3,4,without_ai,False,7036989,DEMO_7036989,BCC,NV,False,0.0,biopsy,True,0.7864135128246947,,,medicalSpecialist,Male
34e08755e2d79eecb10f14c167f45c855c397389,expert,b9ea3d19a9c7b85bdce57df3079f6c41da9afebe,3,4,with_ai,True,7036989,DEMO_7036989,BCC,BCC,True,1.0,biopsy,True,0.7864135128246947,,,medicalSpecialist,Male
34e08755e2d79eecb10f14c167f45c855c397389,expert,b9ea3d19a9c7b85bdce57df3079f6c41da9afebe,3,5,without_ai,False,3167364,DEMO_3167364,SCCKA,SCCKA,True,1.0,biopsy,True,0.7864135128246947,,,medicalSpecialist,Male
34e08755e2d79eecb10f14c167f45c855c397389,expert,b9ea3d19a9c7b85bdce57df3079f6c41da9afebe,3,5,with_ai,True,3167364,DEMO_3167364,SCCKA,SCCKA,True,1.0,biopsy,True,0.7864135128246947,,,medicalSpecialist,Male
34e08755e2d79eecb10f14c167f45c855c397389,expert,b9ea3d19a9c7b85bdce57df3079f6c41da9afebe,3,6,without_ai,False,8818739,DEMO_8818739,BCC,BCC,True,1.0,biopsy,True,0.7864135128246947,,,medicalSpecialist,Male
34e08755e2d79eecb10f14c167f45c855c397389,expert,b9ea3d19a9c7b85bdce57df3079f6c41da9afebe,3,6,with_ai,True,8818739,DEMO_8818739,BCC,BCC,True,1.0,biopsy,True,0.7864135128246947,,,medicalSpecialist,Male
34e08755e2d79eecb10f14c167f45c855c397389,expert,b9ea3d19a9c7b85bdce57df3079f6c41da9afebe,3,7,without_ai,False,9107526,DEMO_9107526,NV,NV,True,1.0,dismiss,True,0.7864135128246947,,,medicalSpecialist,Male
34e08755e2d79eecb10f14c167f45c855c397389,expert,b9ea3d19a9c7b85bdce57df3079f6c41da9afebe,3,7,with_ai,True,9107526,DEMO_9107526,NV,VASC,False,0.0,dismiss,True,0.7864135128246947,,,medicalSpecialist,Male
34e08755e2d79eecb10f14c167f45c855c397389,expert,b9ea3d19a9c7b85bdce57df3079f6c41da9afebe,3,8,without_ai,False,2062404,DEMO_2062404,DF,NV,False,0.0,dismiss,True,0.7864135128246947,,,medicalSpecialist,Male
34e08755e2d79eecb10f14c167f45c855c397389,expert,b9ea3d19a9c7b85bdce57df3079f6c41da9afebe,3,8,with_ai,True,2062404,DEMO_2062404,DF,DF,True,1.0,dismiss,True,0.7864135128246947,,,medicalSpecialist,Male
34e08755e2d79eecb10f14c167f45c855c397389,expert,b9ea3d19a9c7b85bdce57df3079f6c41da9afebe,3,9,without_ai,False,4051563,DEMO_4051563,BKL,BKL,True,1.0,dismiss,True,0.7864135128246947,,,medicalSpecialist,Male
34e08755e2d79eecb10f14c167f45c855c397389,expert,b9ea3d19a9c7b85bdce57df3079f6c41da9afebe,3,9,with_ai,True,4051563,DEMO_4051563,BKL,OTHER_BENIGN,False,0.0,dismiss,True,0.7864135128246947,,,medicalSpecialist,Male
34e08755e2d79eecb10f14c167f45c855c397389,expert,b9ea3d19a9c7b85bdce57df3079f6c41da9afebe,3,10,without_ai,False,2036303,DEMO_2036303,OTHER_BENIGN,OTHER_BENIGN,True,1.0,dismiss,True,0.7864135128246947,,,medicalSpecialist,Male
34e08755e2d79eecb10f14c167f45c855c397389,expert,b9ea3d19a9c7b85bdce57df3079f6c41da9afebe,3,10,with_ai,True,2036303,DEMO_2036303,OTHER_BENIGN,OTHER_BENIGN,True,1.0,dismiss,True,0.7864135128246947,,,medicalSpecialist,Male
34e08755e2d79eecb10f14c167f45c855c397389,expert,b9ea3d19a9c7b85bdce57df3079f6c41da9afebe,3,11,without_ai,False,1294268,DEMO_1294268,BKL,BKL,True,1.0,dismiss,True,0.7864135128246947,,,medicalSpecialist,Male
34e08755e2d79eecb10f14c167f45c855c397389,expert,b9ea3d19a9c7b85bdce57df3079f6c41da9afebe,3,11,with_ai,True,1294268,DEMO_1294268,BKL,BKL,True,1.0,monitor,True,0.7864135128246947,,,medicalSpecialist,Male
34e08755e2d79eecb10f14c167f45c855c397389,expert,b9ea3d19a9c7b85bdce57df3079f6c41da9afebe,3,12,without_ai,False,6961073,DEMO_6961073,NV,AKIEC,False,0.0,biopsy,True,0.7864135128246947,,,medicalSpecialist,Male
34e08755e2d79eecb10f14c167f45c855c397389,expert,b9ea3d19a9c7b85bdce57df3079f6c41da9afebe,3,12,with_ai,True,6961073,DEMO_6961073,NV,NV,True,1.0,monitor,True,0.7864135128246947,,,medicalSpecialist,Male
34e08755e2d79eecb10f14c167f45c855c397389,expert,b9ea3d19a9c7b85bdce57df3079f6c41da9afebe,3,13,without_ai,False,7903150,DEMO_7903150,NV,NV,True,1.0,monitor,True,0.7864135128246947,,,medicalSpecialist,Male
34e08755e2d79eecb10f14c167f45c855c397389,expert,b9ea3d19a9c7b85bdce57df3079f6c41da9afebe,3,13,with_ai,True,7903150,DEMO_7903150,NV,NV,True,1.0,biopsy,True,0.7864135128246947,,,medicalSpecialist,Male
34e08755e2d79eecb10f14c167f45c855c397389,expert,b9ea3d19a9c7b85bdce57df3079f6c41da9afebe,3,14,without_ai,False,8277164,DEMO_8277164,VASC,AKIEC,False,0.0,dismiss,True,0.7864135128246947,,,medicalSpecialist,Male
34e08755e2d79eecb10f14c167f45c855c397389,expert,b9ea3d19a9c7b85bdce57df3079f6c41da9afebe,3,14,with_ai,True,8277164,DEMO_8277164,VASC,VASC,True,1.0,monitor,True,0.7864135128246947,,,medicalSpecialist,Male
34e08755e2d79eecb10f14c167f45c855c397389,expert,b9ea3d19a9c7b85bdce57df3079f6c41da9afebe,3,15,without_ai,False,7372337,DEMO_7372337,NV,NV,True,1.0,dismiss,True,0.7864135128246947,,,medicalSpecialist,Male
34e08755e2d79eecb10f14c167f45c855c397389,expert,b9ea3d19a9c7b85bdce57df3079f6c41da9afebe,3,15,with_ai,True,7372337,DEMO_7372337,NV,NV,True,1.0,dismiss,True,0.7864135128246947,,,medicalSpecialist,Male
d16bfc29a8feaf31c10aa6f0b3b219081f83d284,expert,61cbd282030aaae2828a3121a47c94d607b0ddcf,1,1,without_ai,False,7533618,DEMO_7533618,BCC,BCC,True,1.0,monitor,True,0.8675349008593516,,,boardCertifiedDermatologist,Female
d16bfc29a8feaf31c10aa6f0b3b219081f83d284,expert,61cbd282030aaae2828a3121a47c94d607b0ddcf,1,1,with_ai,True,7533618,DEMO_7533618,BCC,BCC,True,1.0,biopsy,True,0.8675349008593516,,,boardCertifiedDermatologist,Female
d16bfc29a8feaf31c10aa6f0b3b219081f83d284,expert,61cbd282030aaae2828a3121a47c94d607b0ddcf,1,2,without_ai,False,2595464,DEMO_2595464,NV,DF,False,0.0,dismiss,True,0.8675349008593516,,,boardCertifiedDermatologist,Female
d16bfc29a8feaf31c10aa6f0b3b219081f83d284,expert,61cbd282030aaae2828a3121a47c94d607b0ddcf,1,2,with_ai,True,2595464,DEMO_2595464,NV,NV,True,1.0,dismiss,True,0.8675349008593516,,,boardCertifiedDermatologist,Female
d16bfc29a8feaf31c10aa6f0b3b219081f83d284,expert,61cbd282030aaae2828a3121a47c94d607b0ddcf,1,3,without_ai,False,4025362,DEMO_4025362,MEL,MEL,True,1.0,local_therapy,True,0.8675349008593516,,,boardCertifiedDermatologist,Female
d16bfc29a8feaf31c10aa6f0b3b219081f83d284,expert,61cbd282030aaae2828a3121a47c94d607b0ddcf,1,3,with_ai,True,4025362,DEMO_4025362,MEL,MEL,True,1.0,biopsy,True,0.8675349008593516,,,boardCertifiedDermatologist,Female
d16bfc29a8feaf31c10aa6f0b3b219081f83d284,expert,61cbd282030aaae2828a3121a47c94d607b0ddcf,1,4,without_ai,False,8412312,DEMO_8412312,BKL,BKL,True,1.0,monitor,True,0.8675349008593516,,,boardCertifiedDermatologist,Female
d16bfc29a8feaf31c10aa6f0b3b219081f83d284,expert,61cbd282030aaae2828a3121a47c94d607b0ddcf,1,4,with_ai,True,8412312,DEMO_8412312,BKL,BKL,True,1.0,monitor,True,0.8675349008593516,,,boardCertifiedDermatologist,Female
d16bfc29a8feaf31c10aa6f0b3b219081f83d284,expert,61cbd282030aaae2828a3121a47c94d607b0ddcf,1,5,without_ai,False,8240065,DEMO_8240065,NV,NV,True,1.0,dismiss,True,0.8675349008593516,,,boardCertifiedDermatologist,Female
d16bfc29a8feaf31c10aa6f0b3b219081f83d284,expert,61cbd282030aaae2828a3121a47c94d607b0ddcf,1,5,with_ai,True,8240065,DEMO_8240065,NV,MEL,False,0.0,local_therapy,True,0.8675349008593516,,,boardCertifiedDermatologist,Female
d16bfc29a8feaf31c10aa6f0b3b219081f83d284,expert,61cbd282030aaae2828a3121a47c94d607b0ddcf,1,6,without_ai,False,6663820,DEMO_6663820,SCCKA,SCCKA,True,1.0,local_therapy,True,0.8675349008593516,,,boardCertifiedDermatologist,Female
d16bfc29a8feaf31c10aa6f0b3b219081f83d284,expert,61cbd282030aaae2828a3121a47c94d607b0ddcf,1,6,with_ai,True,6663820,DEMO_6663820,SCCKA,SCCKA,True,1.0,biopsy,True,0.8675349008593516,,,boardCertifiedDermatologist,Female
d16bfc29a8feaf31c10aa6f0b3b219081f83d284,expert,61cbd282030aaae2828a3121a47c94d607b0ddcf,1,7,without_ai,False,8892239,DEMO_8892239,SCCKA,SCCKA,True,1.0,local_therapy,True,0.8675349008593516,,,boardCertifiedDermatologist,Female
d16bfc29a8feaf31c10aa6f0b3b219081f83d284,expert,61cbd282030aaae2828a3121a47c94d607b0ddcf,1,7,with_ai,True,8892239,DEMO_8892239,SCCKA,SCCKA,True,1.0,local_therapy,True,0.8675349008593516,,,boardCertifiedDermatologist,Female
d16bfc29a8feaf31c10aa6f0b3b219081f83d284,expert,61cbd282030aaae2828a3121a47c94d607b0ddcf,1,8,without_ai,False,5089648,DEMO_5089648,SCCKA,SCCKA,True,1.0,biopsy,True,0.8675349008593516,,,boardCertifiedDermatologist,Female
d16bfc29a8feaf31c10aa6f0b3b219081f83d284,expert,61cbd282030aaae2828a3121a47c94d607b0ddcf,1,8,with_ai,True,5089648,DEMO_5089648,SCCKA,SCCKA,True,1.0,biopsy,True,0.8675349008593516,,,boardCertifiedDermatologist,Female
d16bfc29a8feaf31c10aa6f0b3b219081f83d284,expert,61cbd282030aaae2828a3121a47c94d607b0ddcf,1,9,without_ai,False,8026419,DEMO_8026419,MEL,MEL,True,1.0,biopsy,True,0.8675349008593516,,,boardCertifiedDermatologist,Female
d16bfc29a8feaf31c10aa6f0b3b219081f83d284,expert,61cbd282030aaae2828a3121a47c94d607b0ddcf,1,9,with_ai,True,8026419,DEMO_8026419,MEL,MEL,True,1.0,local_therapy,True,0.8675349008593516,,,boardCertifiedDermatologist,Female
d16bfc29a8feaf31c10aa6f0b3b219081f83d284,expert,61cbd282030aaae2828a3121a47c94d607b0ddcf,1,10,without_ai,False,3004952,DEMO_3004952,INF,INF,True,1.0,local_therapy,True,0.8675349008593516,,,boardCertifiedDermatologist,Female
d16bfc29a8feaf31c10aa6f0b3b219081f83d284,expert,61cbd282030aaae2828a3121a47c94d607b0ddcf,1,10,with_ai,True,3004952,DEMO_3004952,INF,VASC,False,0.0,local_therapy,True,0.8675349008593516,,,boardCertifiedDermatologist,Female
d16bfc29a8feaf31c10aa6f0b3b219081f83d284,expert,61cbd282030aaae2828a3121a47c94d607b0ddcf,1,11,without_ai,False,8772615,DEMO_8772615,MEL,MEL,True,1.0,monitor,True,0.8675349008593516,,,boardCertifiedDermatologist,Female
d16bfc29a8feaf31c10aa6f0b3b219081f83d284,expert,61cbd282030aaae2828a3121a47c94d607b0ddcf,1,11,with_ai,True,8772615,DEMO_8772615,MEL,MEL,True,1.0,biopsy,True,0.8675349008593516,,,boardCertifiedDermatologist,Female
d16bfc29a8feaf31c10aa6f0b3b219081f83d284,expert,61cbd282030aaae2828a3121a47c94d607b0ddcf,1,12,without_ai,False,8593295,DEMO_8593295,VASC,VASC,True,1.0,monitor,True,0.8675349008593516,,,boardCertifiedDermatologist,Female
d16bfc29a8feaf31c10aa6f0b3b219081f83d284,expert,61cbd282030aaae2828a3121a47c94d607b0ddcf,1,12,with_ai,True,8593295,DEMO_8593295,VASC,VASC,True,1.0,biopsy,True,0.8675349008593516,,,boardCertifiedDermatologist,Female
d16bfc29a8feaf31c10aa6f0b3b219081f83d284,expert,61cbd282030aaae2828a3121a47c94d607b0ddcf,1,13,without_ai,False,4664082,DEMO_4664082,MEL,OTHER_MALIGNANT,False,0.0,biopsy,True,0.8675349008593516,,,boardCertifiedDermatologist,Female
d16bfc29a8feaf31c10aa6f0b3b219081f83d284,expert,61cbd282030aaae2828a3121a47c94d607b0ddcf,1,13,with_ai,True,4664082,DEMO_4664082,MEL,MEL,True,1.0,local_therapy,True,0.8675349008593516,,,boardCertifiedDermatologist,Female
d16bfc29a8feaf31c10aa6f0b3b219081f83d284,expert,61cbd282030aaae2828a3121a47c94d607b0ddcf,1,14,without_ai,False,5884667,DEMO_5884667,BCC,BCC,True,1.0,biopsy,True,0.8675349008593516,,,boardCertifiedDermatologist,Female
d16bfc29a8feaf31c10aa6f0b3b219081f83d284,expert,61cbd282030aaae2828a3121a47c94d607b0ddcf,1,14,with_ai,True,5884667,DEMO_5884667,BCC,BCC,True,1.0,biopsy,True,0.8675349008593516,,,boardCertifiedDermatologist,Female
d16bfc29a8feaf31c10aa6f0b3b219081f83d284,expert,61cbd282030aaae2828a3121a47c94d607b0ddcf,1,15,without_ai,False,5678124,DEMO_5678124,AKIEC,AKIEC,True,1.0,local_therapy,True,0.8675349008593516,,,boardCertifiedDermatologist,Female
d16bfc29a8feaf31c10aa6f0b3b219081f83d284,expert,61cbd282030aaae2828a3121a47c94d607b0ddcf,1,15,with_ai,True,5678124,DEMO_5678124,AKIEC,AKIEC,True,1.0,biopsy,True,0.8675349008593516,,,boardCertifiedDermatologist,Female
8a11ad8dbb8dbec5afb4ca804d4bfd81bdcec0c4,non-expert,3d76e552684512b8d75fc58b472941d02ed7daeb,1,1,without_ai,False,1396670,DEMO_1396670,VASC,NV,False,0.0,dismiss,True,0.4593681386730827,,,boardCertifiedDermatologist,Female
8a11ad8dbb8dbec5afb4ca804d4bfd81bdcec0c4,non-expert,3d76e552684512b8d75fc58b472941d02ed7daeb,1,1,with_ai,True,1396670,DEMO_1396670,VASC,VASC,True,1.0,monitor,True,0.4593681386730827,,,boardCertifiedDermatologist,Female
8a11ad8dbb8dbec5afb4ca804d4bfd81bdcec0c4,non-expert,3d76e552684512b8d75fc58b472941d02ed7daeb,1,2,without_ai,False,7566703,DEMO_7566703,INF,INF,True,1.0,biopsy,True,0.4593681386730827,,,boardCertifiedDermatologist,Female
8a11ad8dbb8dbec5afb4ca804d4bfd81bdcec0c4,non-expert,3d76e552684512b8d75fc58b472941d02ed7daeb,1,2,with_ai,True,7566703,DEMO_7566703,INF,VASC,False,0.0,dismiss,True,0.4593681386730827,,,boardCertifiedDermatologist,Female
8a11ad8dbb8dbec5afb4ca804d4bfd81bdcec0c4,non-expert,3d76e552684512b8d75fc58b472941d02ed7daeb,1,3,without_ai,False,4027286,DEMO_4027286,NV,OTHER_BENIGN,False,0.0,dismiss,True,0.4593681386730827,,,boardCertifiedDermatologist,Female
8a11ad8dbb8dbec5afb4ca804d4bfd81bdcec0c4,non-expert,3d76e552684512b8d75fc58b472941d02ed7daeb,1,3,with_ai,True,4027286,DEMO_4027286,NV,NV,True,1.0,dismiss,True,0.4593681386730827,,,boardCertifiedDermatologist,Female
8a11ad8dbb8dbec5afb4ca804d4bfd81bdcec0c4,non-expert,3d76e552684512b8d75fc58b472941d02ed7daeb,1,4,without_ai,False,8349462,DEMO_8349462,BCC,VASC,False,0.0,local_therapy,True,0.4593681386730827,,,boardCertifiedDermatologist,Female
8a11ad8dbb8dbec5afb4ca804d4bfd81bdcec0c4,non-expert,3d76e552684512b8d75fc58b472941d02ed7daeb,1,4,with_ai,True,8349462,DEMO_8349462,BCC,MEL,False,0.0,biopsy,True,0.4593681386730827,,,boardCertifiedDermatologist,Female
8a11ad8dbb8dbec5afb4ca804d4bfd81bdcec0c4,non-expert,3d76e552684512b8d75fc58b472941d02ed7daeb,1,5,without_ai,False,3109070,DEMO_3109070,SCCKA,SCCKA,True,1.0,monitor,True,0.4593681386730827,,,boardCertifiedDermatologist,Female
8a11ad8dbb8dbec5afb4ca804d4bfd81bdcec0c4,non-expert,3d76e552684512b8d75fc58b472941d02ed7daeb,1,5,with_ai,True,3109070,DEMO_3109070,SCCKA,SCCKA,True,1.0,biopsy,True,0.4593681386730827,,,boardCertifiedDermatologist,Female
8a11ad8dbb8dbec5afb4ca804d4bfd81bdcec0c4,non-expert,3d76e552684512b8d75fc58b472941d02ed7daeb,1,6,without_ai,False,8497121,DEMO_8497121,NV,INF,False,0.0,monitor,True,0.4593681386730827,,,boardCertifiedDermatologist,Female
8a11ad8dbb8dbec5afb4ca804d4bfd81bdcec0c4,non-expert,3d76e552684512b8d75fc58b472941d02ed7daeb,1,6,with_ai,True,8497121,DEMO_8497121,NV,NV,True,1.0,dismiss,True,0.4593681386730827,,,boardCertifiedDermatologist,Female
8a11ad8dbb8dbec5afb4ca804d4bfd81bdcec0c4,non-expert,3d76e552684512b8d75fc58b472941d02ed7daeb,1,7,without_ai,False,2910399,DEMO_2910399,BCC,OTHER_BENIGN,False,0.0,monitor,True,0.4593681386730827,,,boardCertifiedDermatologist,Female
8a11ad8dbb8dbec5afb4ca804d4bfd81bdcec0c4,non-expert,3d76e552684512b8d75fc58b472941d02ed7daeb,1,7,with_ai,True,2910399,DEMO_2910399,BCC,VASC,False,0.0,local_therapy,True,0.4593681386730827,,,boardCertifiedDermatologist,Female
8a11ad8dbb8dbec5afb4ca804d4bfd81bdcec0c4,non-expert,3d76e552684512b8d75fc58b472941d02ed7daeb,1,8,without_ai,False,8628182,DEMO_8628182,SCCKA,SCCKA,True,1.0,biopsy,True,0.4593681386730827,,,boardCertifiedDermatologist,Female
8a11ad8dbb8dbec5afb4ca804d4bfd81bdcec0c4,non-expert,3d76e552684512b8d75fc58b472941d02ed7daeb,1,8,with_ai,True,8628182,DEMO_8628182,SCCKA,SCCKA,True,1.0,biopsy,True,0.4593681386730827,,,boardCertifiedDermatologist,Female
8a11ad8dbb8dbec5afb4ca804d4bfd81bdcec0c4,non-expert,3d76e552684512b8d75fc58b472941d02ed7daeb,1,9,without_ai,False,8838298,DEMO_8838298,DF,MEL,False,0.0,local_therapy,True,0.4593681386730827,,,boardCertifiedDermatologist,Female
8a11ad8dbb8dbec5afb4ca804d4bfd81bdcec0c4,non-expert,3d76e552684512b8d75fc58b472941d02ed7daeb,1,9,with_ai,True,8838298,DEMO_8838298,DF,DF,True,1.0,dismiss,True,0.4593681386730827,,,boardCertifiedDermatologist,Female
8a11ad8dbb8dbec5afb4ca804d4bfd81bdcec0c4,non-expert,3d76e552684512b8d75fc58b472941d02ed7daeb,1,10,without_ai,False,2261804,DEMO_2261804,DF,MEL,False,0.0,local_therapy,True,0.4593681386730827,,,boardCertifiedDermatologist,Female
8a11ad8dbb8dbec5afb4ca804d4bfd81bdcec0c4,non-expert,3d76e552684512b8d75fc58b472941d02ed7daeb,1,10,with_ai,True,2261804,DEMO_2261804,DF,SCCKA,False,0.0,biopsy,True,0.4593681386730827,,,boardCertifiedDermatologist,Female
8a11ad8dbb8dbec5afb4ca804d4bfd81bdcec0c4,non-expert,3d76e552684512b8d75fc58b472941d02ed7daeb,1,11,without_ai,False,8128536,DEMO_8128536,OTHER_BENIGN,OTHER_BENIGN,True,1.0,biopsy,True,0.4593681386730827,,,boardCertifiedDermatologist,Female
8a11ad8dbb8dbec5afb4ca804d4bfd81bdcec0c4,non-expert,3d76e552684512b8d75fc58b472941d02ed7daeb,1,11,with_ai,True,8128536,DEMO_8128536,OTHER_BENIGN,OTHER_BENIGN,True,1.0,monitor,True,0.4593681386730827,,,boardCertifiedDermatologist,Female
8a11ad8dbb8dbec5afb4ca804d4bfd81bdcec0c4,non-expert,3d76e552684512b8d75fc58b472941d02ed7daeb,1,12,without_ai,False,1379938,DEMO_1379938,VASC,VASC,True,1.0,monitor,True,0.4593681386730827,,,boardCertifiedDermatologist,Female
8a11ad8dbb8dbec5afb4ca804d4bfd81bdcec0c4,non-expert,3d76e552684512b8d75fc58b472941d02ed7daeb,1,12,with_ai,True,1379938,DEMO_1379938,VASC,VASC,True,1.0,dismiss,True,0.4593681386730827,,,boardCertifiedDermatologist,Female
8a11ad8dbb8dbec5afb4ca804d4bfd81bdcec0c4,non-expert,3d76e552684512b8d75fc58b472941d02ed7daeb,1,13,without_ai,False,3345126,DEMO_3345126,BCC,VASC,False,0.0,biopsy,True,0.4593681386730827,,,boardCertifiedDermatologist,Female
8a11ad8dbb8dbec5afb4ca804d4bfd81bdcec0c4,non-expert,3d76e552684512b8d75fc58b472941d02ed7daeb,1,13,with_ai,True,3345126,DEMO_3345126,BCC,SCCKA,False,0.0,local_therapy,True,0.4593681386730827,,,boardCertifiedDermatologist,Female
8a11ad8dbb8dbec5afb4ca804d4bfd81bdcec0c4,non-expert,3d76e552684512b8d75fc58b472941d02ed7daeb,1,14,without_ai,False,4507957,DEMO_4507957,NV,NV,True,1.0,dismiss,True,0.4593681386730827,,,boardCertifiedDermatologist,Female
8a11ad8dbb8dbec5afb4ca804d4bfd81bdcec0c4,non-expert,3d76e552684512b8d75fc58b472941d02ed7daeb,1,14,with_ai,True,4507957,DEMO_4507957,NV,NV,True,1.0,biopsy,True,0.4593681386730827,,,boardCertifiedDermatologist,Female
8a11ad8dbb8dbec5afb4ca804d4bfd81bdcec0c4,non-expert,3d76e552684512b8d75fc58b472941d02ed7daeb,1,15,without_ai,False,5225743,DEMO_5225743,MEL,AKIEC,False,0.0,biopsy,True,0.4593681386730827,,,boardCertifiedDermatologist,Female
8a11ad8dbb8dbec5afb4ca804d4bfd81bdcec0c4,non-expert,3d76e552684512b8d75fc58b472941d02ed7daeb,1,15,with_ai,True,5225743,DEMO_5225743,MEL,BCC,False,0.0,monitor,True,0.4593681386730827,,,boardCertifiedDermatologist,Female
6383082445c6c136e90aba1d0d500abc56143c0c,non-expert,deed3c1483f35ebc98a84142b31246dcb103d120,1,1,without_ai,False,4787613,DEMO_4787613,VASC,VASC,True,1.0,dismiss,True,0.2060592918548842,20-30,,dermatologyResident,Male
6383082445c6c136e90aba1d0d500abc56143c0c,non-expert,deed3c1483f35ebc98a84142b31246dcb103d120,1,1,with_ai,True,4787613,DEMO_4787613,VASC,BCC,False,0.0,monitor,True,0.2060592918548842,20-30,,dermatologyResident,Male
6383082445c6c136e90aba1d0d500abc56143c0c,non-expert,deed3c1483f35ebc98a84142b31246dcb103d120,1,2,without_ai,False,69312,DEMO_0069312,MEL,BCC,False,0.0,local_therapy,True,0.2060592918548842,20-30,,dermatologyResident,Male
6383082445c6c136e90aba1d0d500abc56143c0c,non-expert,deed3c1483f35ebc98a84142b31246dcb103d120,1,2,with_ai,True,69312,DEMO_0069312,MEL,OTHER_BENIGN,False,0.0,monitor,True,0.2060592918548842,20-30,,dermatologyResident,Male
6383082445c6c136e90aba1d0d500abc56143c0c,non-expert,deed3c1483f35ebc98a84142b31246dcb103d120,1,3,without_ai,False,9869252,DEMO_9869252,BCC,SCCKA,False,0.0,local_therapy,True,0.2060592918548842,20-30,,dermatologyResident,Male
6383082445c6c136e90aba1d0d500abc56143c0c,non-expert,deed3c1483f35ebc98a84142b31246dcb103d120,1,3,with_ai,True,9869252,DEMO_9869252,BCC,SCCKA,False,0.0,local_therapy,True,0.2060592918548842,20-30,,dermatologyResident,Male
6383082445c6c136e90aba1d0d500abc56143c0c,non-expert,deed3c1483f35ebc98a84142b31246dcb103d120,1,4,without_ai,False,6086683,DEMO_6086683,MEL,MEL,True,1.0,local_therapy,True,0.2060592918548842,20-30,,dermatologyResident,Male
6383082445c6c136e90aba1d0d500abc56143c0c,non-expert,deed3c1483f35ebc98a84142b31246dcb103d120,1,4,with_ai,True,6086683,DEMO_6086683,MEL,BCC,False,0.0,biopsy,True,0.2060592918548842,20-30,,dermatologyResident,Male
6383082445c6c136e90aba1d0d500abc56143c0c,non-expert,deed3c1483f35ebc98a84142b31246dcb103d120,1,5,without_ai,False,6319554,DEMO_6319554,SCCKA,VASC,False,0.0,monitor,True,0.2060592918548842,20-30,,dermatologyResident,Male
6383082445c6c136e90aba1d0d500abc56143c0c,non-expert,deed3c1483f35ebc98a84142b31246dcb103d120,1,5,with_ai,True,6319554,DEMO_6319554,SCCKA,SCCKA,True,1.0,biopsy,True,0.2060592918548842,20-30,,dermatologyResident,Male
6383082445c6c136e90aba1d0d500abc56143c0c,non-expert,deed3c1483f35ebc98a84142b31246dcb103d120,1,6,without_ai,False,1793551,DEMO_1793551,BKL,VASC,False,0.0,dismiss,True,0.2060592918548842,20-30,,dermatologyResident,Male
6383082445c6c136e90aba1d0d500abc56143c0c,non-expert,deed3c1483f35ebc98a84142b31246dcb103d120,1,6,with_ai,True,1793551,DEMO_1793551,BKL,MEL,False,0.0,dismiss,True,0.2060592918548842,20-30,,dermatologyResident,Male
6383082445c6c136e90aba1d0d500abc56143c0c,non-expert,deed3c1483f35ebc98a84142b31246dcb103d120,1,7,without_ai,False,3600158,DEMO_3600158,SCCKA,BKL,False,0.0,biopsy,True,0.2060592918548842,20-30,,dermatologyResident,Male
6383082445c6c136e90aba1d0d500abc56143c0c,non-expert,deed3c1483f35ebc98a84142b31246dcb103d120,1,7,with_ai,True,3600158,DEMO_3600158,SCCKA,SCCKA,True,1.0,biopsy,True,0.2060592918548842,20-30,,dermatologyResident,Male
6383082445c6c136e90aba1d0d500abc56143c0c,non-expert,deed3c1483f35ebc98a84142b31246dcb103d120,1,8,without_ai,False,6537810,DEMO_6537810,INF,BKL,False,0.0,local_therapy,True,0.2060592918548842,20-30,,dermatologyResident,Male
6383082445c6c136e90aba1d0d500abc56143c0c,non-expert,deed3c1483f35ebc98a84142b31246dcb103d120,1,8,with_ai,True,6537810,DEMO_6537810,INF,INF,True,1.0,local_therapy,True,0.2060592918548842,20-30,,dermatologyResident,Male
6383082445c6c136e90aba1d0d500abc56143c0c,non-expert,deed3c1483f35ebc98a84142b31246dcb103d120,1,9,without_ai,False,7815043,DEMO_7815043,VASC,BCC,False,0.0,dismiss,True,0.2060592918548842,20-30,,dermatologyResident,Male
6383082445c6c136e90aba1d0d500abc56143c0c,non-expert,deed3c1483f35ebc98a84142b31246dcb103d120,1,9,with_ai,True,7815043,DEMO_7815043,VASC,BKL,False,0.0,monitor,True,0.2060592918548842,20-30,,dermatologyResident,Male
6383082445c6c136e90aba1d0d500abc56143c0c,non-expert,deed3c1483f35ebc98a84142b31246dcb103d120,1,10,without_ai,False,3687380,DEMO_3687380,DF,DF,True,1.0,dismiss,True,0.2060592918548842,20-30,,dermatologyResident,Male
6383082445c6c136e90aba1d0d500abc56143c0c,non-expert,deed3c1483f35ebc98a84142b31246dcb103d120,1,10,with_ai,True,3687380,DEMO_3687380,DF,SCCKA,False,0.0,dismiss,True,0.2060592918548842,20-30,,dermatologyResident,Male
6383082445c6c136e90aba1d0d500abc56143c0c,non-expert,deed3c1483f35ebc98a84142b31246dcb103d120,1,11,without_ai,False,3801368,DEMO_3801368,DF,SCCKA,False,0.0,biopsy,True,0.2060592918548842,20-30,,dermatologyResident,Male
6383082445c6c136e90aba1d0d500abc56143c0c,non-expert,deed3c1483f35ebc98a84142b31246dcb103d120,1,11,with_ai,True,3801368,DEMO_3801368,DF,DF,True,1.0,dismiss,True,0.2060592918548842,20-30,,dermatologyResident,Male
6383082445c6c136e90aba1d0d500abc56143c0c,non-expert,deed3c1483f35ebc98a84142b31246dcb103d120,1,12,without_ai,False,1401823,DEMO_1401823,BKL,VASC,False,0.0,monitor,True,0.2060592918548842,20-30,,dermatologyResident,Male
6383082445c6c136e90aba1d0d500abc56143c0c,non-expert,deed3c1483f35ebc98a84142b31246dcb103d120,1,12,with_ai,True,1401823,DEMO_1401823,BKL,BKL,True,1.0,monitor,True,0.2060592918548842,20-30,,dermatologyResident,Male
6383082445c6c136e90aba1d0d500abc56143c0c,non-expert,deed3c1483f35ebc98a84142b31246dcb103d120,1,13,without_ai,False,667551,DEMO_0667551,AKIEC,BKL,False,0.0,biopsy,True,0.2060592918548842,20-30,,dermatologyResident,Male
6383082445c6c136e90aba1d0d500abc56143c0c,non-expert,deed3c1483f35ebc98a84142b31246dcb103d120,1,13,with_ai,True,667551,DEMO_0667551,AKIEC,AKIEC,True,1.0,local_therapy,True,0.2060592918548842,20-30,,dermatologyResident,Male
6383082445c6c136e90aba1d0d500abc56143c0c,non-expert,deed3c1483f35ebc98a84142b31246dcb103d120,1,14,without_ai,False,4303348,DEMO_4303348,BCC,BCC,True,1.0,biopsy,True,0.2060592918548842,20-30,,dermatologyResident,Male
6383082445c6c136e90aba1d0d500abc56143c0c,non-expert,deed3c1483f35ebc98a84142b31246dcb103d120,1,14,with_ai,True,4303348,DEMO_4303348,BCC,BCC,True,1.0,local_therapy,True,0.2060592918548842,20-30,,dermatologyResident,Male
6383082445c6c136e90aba1d0d500abc56143c0c,non-expert,deed3c1483f35ebc98a84142b31246dcb103d120,1,15,without_ai,False,1689023,DEMO_1689023,BCC,BCC,True,1.0,biopsy,True,0.2060592918548842,20-30,,dermatologyResident,Male
6383082445c6c136e90aba1d0d500abc56143c0c,non-expert,deed3c1483f35ebc98a84142b31246dcb103d120,1,15,with_ai,True,1689023,DEMO_1689023,BCC,BCC,True,1.0,monitor,True,0.2060592918548842,20-30,,dermatologyResident,Male
692dddd6df3a4876f13b5d7ddb548528c15c2d26,non-expert,c07f5c6fec3b0a53496b3fb08cbe71552527a652,1,1,without_ai,False,8552694,DEMO_8552694,NV,BKL,False,0.0,dismiss,True,0.4926087843432593,,,boardCertifiedDermatologist,Male
692dddd6df3a4876f13b5d7ddb548528c15c2d26,non-expert,c07f5c6fec3b0a53496b3fb08cbe71552527a652,1,1,with_ai,True,8552694,DEMO_8552694,NV,NV,True,1.0,dismiss,True,0.4926087843432593,,,boardCertifiedDermatologist,Male
692dddd6df3a4876f13b5d7ddb548528c15c2d26,non-expert,c07f5c6fec3b0a53496b3fb08cbe71552527a652,1,2,without_ai,False,1656040,DEMO_1656040,NV,MEL,False,0.0,monitor,True,0.4926087843432593,,,boardCertifiedDermatologist,Male
692dddd6df3a4876f13b5d7ddb548528c15c2d26,non-expert,c07f5c6fec3b0a53496b3fb08cbe71552527a652,1,2,with_ai,True,1656040,DEMO_1656040,NV,NV,True,1.0,dismiss,True,0.4926087843432593,,,boardCertifiedDermatologist,Male
692dddd6df3a4876f13b5d7ddb548528c15c2d26,non-expert,c07f5c6fec3b0a53496b3fb08cbe71552527a652,1,3,without_ai,False,9586242,DEMO_9586242,AKIEC,AKIEC,True,1.0,biopsy,True,0.4926087843432593,,,boardCertifiedDermatologist,Male
692dddd6df3a4876f13b5d7ddb548528c15c2d26,non-expert,c07f5c6fec3b0a53496b3fb08cbe71552527a652,1,3,with_ai,True,9586242,DEMO_9586242,AKIEC,NV,False,0.0,biopsy,True,0.4926087843432593,,,boardCertifiedDermatologist,Male
692dddd6df3a4876f13b5d7ddb548528c15c2d26,non-expert,c07f5c6fec3b0a53496b3fb08cbe71552527a652,1,4,without_ai,False,1259236,DEMO_1259236,AKIEC,AKIEC,True,1.0,local_therapy,True,0.4926087843432593,,,boardCertifiedDermatologist,Male
692dddd6df3a4876f13b5d7ddb548528c15c2d26,non-expert,c07f5c6fec3b0a53496b3fb08cbe71552527a652,1,4,with_ai,True,1259236,DEMO_1259236,AKIEC,NV,False,0.0,biopsy,True,0.4926087843432593,,,boardCertifiedDermatologist,Male
692dddd6df3a4876f13b5d7ddb548528c15c2d26,non-expert,c07f5c6fec3b0a53496b3fb08cbe71552527a652,1,5,without_ai,False,3683034,DEMO_3683034,NV,DF,False,0.0,dismiss,True,0.4926087843432593,,,boardCertifiedDermatologist,Male
692dddd6df3a4876f13b5d7ddb548528c15c2d26,non-expert,c07f5c6fec3b0a53496b3fb08cbe71552527a652,1,5,with_ai,True,3683034,DEMO_3683034,NV,BKL,False,0.0,monitor,True,0.4926087843432593,,,boardCertifiedDermatologist,Male
692dddd6df3a4876f13b5d7ddb548528c15c2d26,non-expert,c07f5c6fec3b0a53496b3fb08cbe71552527a652,1,6,without_ai,False,7791025,DEMO_7791025,DF,DF,True,1.0,dismiss,True,0.4926087843432593,,,boardCertifiedDermatologist,Male
692dddd6df3a4876f13b5d7ddb548528c15c2d26,non-expert,c07f5c6fec3b0a53496b3fb08cbe71552527a652,1,6,with_ai,True,7791025,DEMO_7791025,DF,OTHER_MALIGNANT,False,0.0,monitor,True,0.4926087843432593,,,boardCertifiedDermatologist,Male
692dddd6df3a4876f13b5d7ddb548528c15c2d26,non-expert,c07f5c6fec3b0a53496b3fb08cbe71552527a652,1,7,without_ai,False,1197950,DEMO_1197950,VASC,DF,False,0.0,monitor,True,0.4926087843432593,,,boardCertifiedDermatologist,Male
692dddd6df3a4876f13b5d7ddb548528c15c2d26,non-expert,c07f5c6fec3b0a53496b3fb08cbe71552527a652,1,7,with_ai,True,1197950,DEMO_1197950,VASC,VASC,True,1.0,monitor,True,0.4926087843432593,,,boardCertifiedDermatologist,Male
692dddd6df3a4876f13b5d7ddb548528c15c2d26,non-expert,c07f5c6fec3b0a53496b3fb08cbe71552527a652,1,8,without_ai,False,714802,DEMO_0714802,BKL,OTHER_BENIGN,False,0.0,monitor,True,0.4926087843432593,,,boardCertifiedDermatologist,Male
692dddd6df3a4876f13b5d7ddb548528c15c2d26,non-expert,c07f5c6fec3b0a53496b3fb08cbe71552527a652,1,8,with_ai,True,714802,DEMO_0714802,BKL,NV,False,0.0,biopsy,True,0.4926087843432593,,,boardCertifiedDermatologist,Male
692dddd6df3a4876f13b5d7ddb548528c15c2d26,non-expert,c07f5c6fec3b0a53496b3fb08cbe71552527a652,1,9,without_ai,False,3476139,DEMO_3476139,MEL,MEL,True,1.0,monitor,True,0.4926087843432593,,,boardCertifiedDermatologist,Male
692dddd6df3a4876f13b5d7ddb548528c15c2d26,non-expert,c07f5c6fec3b0a53496b3fb08cbe71552527a652,1,9,with_ai,True,3476139,DEMO_3476139,MEL,MEL,True,1.0,biopsy,True,0.4926087843432593,,,boardCertifiedDermatologist,Male
692dddd6df3a4876f13b5d7ddb548528c15c2d26,non-expert,c07f5c6fec3b0a53496b3fb08cbe71552527a652,1,10,without_ai,False,5228978,DEMO_5228978,DF,NV,False,0.0,dismiss,True,0.4926087843432593,,,boardCertifiedDermatologist,Male
692dddd6df3a4876f13b5d7ddb548528c15c2d26,non-expert,c07f5c6fec3b0a53496b3fb08cbe71552527a652,1,10,with_ai,True,5228978,DEMO_5228978,DF,DF,True,1.0,biopsy,True,0.4926087843432593,,,boardCertifiedDermatologist,Male
692dddd6df3a4876f13b5d7ddb548528c15c2d26,non-expert,c07f5c6fec3b0a53496b3fb08cbe71552527a652,1,11,without_ai,False,2740990,DEMO_2740990,BCC,BCC,True,1.0,biopsy,True,0.4926087843432593,,,boardCertifiedDermatologist,Male
692dddd6df3a4876f13b5d7ddb548528c15c2d26,non-expert,c07f5c6fec3b0a53496b3fb08cbe71552527a652,1,11,with_ai,True,2740990,DEMO_2740990,BCC,BCC,True,1.0,local_therapy,True,0.4926087843432593,,,boardCertifiedDermatologist,Male
692dddd6df3a4876f13b5d7ddb548528c15c2d26,non-expert,c07f5c6fec3b0a53496b3fb08cbe71552527a652,1,12,without_ai,False,2691584,DEMO_2691584,BKL,INF,False,0.0,dismiss,True,0.4926087843432593,,,boardCertifiedDermatologist,Male
692dddd6df3a4876f13b5d7ddb548528c15c2d26,non-expert,c07f5c6fec3b0a53496b3fb08cbe71552527a652,1,12,with_ai,True,2691584,DEMO_2691584,BKL,BKL,True,1.0,monitor,True,0.4926087843432593,,,boardCertifiedDermatologist,Male
692dddd6df3a4876f13b5d7ddb548528c15c2d26,non-expert,c07f5c6fec3b0a53496b3fb08cbe71552527a652,1,13,without_ai,False,9077894,DEMO_9077894,NV,AKIEC,False,0.0,dismiss,True,0.4926087843432593,,,boardCertifiedDermatologist,Male
692dddd6df3a4876f13b5d7ddb548528c15c2d26,non-expert,c07f5c6fec3b0a53496b3fb08cbe71552527a652,1,13,with_ai,True,9077894,DEMO_9077894,NV,NV,True,1.0,dismiss,True,0.4926087843432593,,,boardCertifiedDermatologist,Male
692dddd6df3a4876f13b5d7ddb548528c15c2d26,non-expert,c07f5c6fec3b0a53496b3fb08cbe71552527a652,1,14,without_ai,False,54274,DEMO_0054274,BCC,BCC,True,1.0,biopsy,True,0.4926087843432593,,,boardCertifiedDermatologist,Male
692dddd6df3a4876f13b5d7ddb548528c15c2d26,non-expert,c07f5c6fec3b0a53496b3fb08cbe71552527a652,1,14,with_ai,True,54274,DEMO_0054274,BCC,BCC,True,1.0,local_therapy,True,0.4926087843432593,,,boardCertifiedDermatologist,Male
692dddd6df3a4876f13b5d7ddb548528c15c2d26,non-expert,c07f5c6fec3b0a53496b3fb08cbe71552527a652,1,15,without_ai,False,5287955,DEMO_5287955,INF,OTHER_MALIGNANT,False,0.0,dismiss,True,0.4926087843432593,,,boardCertifiedDermatologist,Male
692dddd6df3a4876f13b5d7ddb548528c15c2d26,non-expert,c07f5c6fec3b0a53496b3fb08cbe71552527a652,1,15,with_ai,True,5287955,DEMO_5287955,INF,BKL,False,0.0,dismiss,True,0.4926087843432593,,,boardCertifiedDermatologist,Male
f96a12bf460f937627b807517af465d3c85b8b0b,non-expert,f14c4e36a131b9105cdfde1cf3f1d3476b15c3ff,1,1,without_ai,False,138862,DEMO_0138862,BKL,BKL,True,1.0,monitor,True,0.5715240777143861,,,medicalSpecialist,Female
f96a12bf460f937627b807517af465d3c85b8b0b,non-expert,f14c4e36a131b9105cdfde1cf3f1d3476b15c3ff,1,1,with_ai,True,138862,DEMO_0138862,BKL,BKL,True,1.0,monitor,True,0.5715240777143861,,,medicalSpecialist,Female
f96a12bf460f937627b807517af465d3c85b8b0b,non-expert,f14c4e36a131b9105cdfde1cf3f1d3476b15c3ff,1,2,without_ai,False,5218050,DEMO_5218050,MEL,MEL,True,1.0,biopsy,True,0.5715240777143861,,,medicalSpecialist,Female
f96a12bf460f937627b807517af465d3c85b8b0b,non-expert,f14c4e36a131b9105cdfde1cf3f1d3476b15c3ff,1,2,with_ai,True,5218050,DEMO_5218050,MEL,MEL,True,1.0,local_therapy,True,0.5715240777143861,,,medicalSpecialist,Female
f96a12bf460f937627b807517af465d3c85b8b0b,non-expert,f14c4e36a131b9105cdfde1cf3f1d3476b15c3ff,1,3,without_ai,False,6365658,DEMO_6365658,AKIEC,AKIEC,True,1.0,biopsy,True,0.5715240777143861,,,medicalSpecialist,Female
f96a12bf460f937627b807517af465d3c85b8b0b,non-expert,f14c4e36a131b9105cdfde1cf3f1d3476b15c3ff,1,3,with_ai,True,6365658,DEMO_6365658,AKIEC,AKIEC,True,1.0,biopsy,True,0.5715240777143861,,,medicalSpecialist,Female
f96a12bf460f937627b807517af465d3c85b8b0b,non-expert,f14c4e36a131b9105cdfde1cf3f1d3476b15c3ff,1,4,without_ai,False,230008,DEMO_0230008,VASC,SCCKA,False,0.0,monitor,True,0.5715240777143861,,,medicalSpecialist,Female
f96a12bf460f937627b807517af465d3c85b8b0b,non-expert,f14c4e36a131b9105cdfde1cf3f1d3476b15c3ff,1,4,with_ai,True,230008,DEMO_0230008,VASC,DF,False,0.0,dismiss,True,0.5715240777143861,,,medicalSpecialist,Female
f96a12bf460f937627b807517af465d3c85b8b0b,non-expert,f14c4e36a131b9105cdfde1cf3f1d3476b15c3ff,1,5,without_ai,False,1622449,DEMO_1622449,BKL,SCCKA,False,0.0,monitor,True,0.5715240777143861,,,medicalSpecialist,Female
f96a12bf460f937627b807517af465d3c85b8b0b,non-expert,f14c4e36a131b9105cdfde1cf3f1d3476b15c3ff,1,5,with_ai,True,1622449,DEMO_1622449,BKL,SCCKA,False,0.0,biopsy,True,0.5715240777143861,,,medicalSpecialist,Female
f96a12bf460f937627b807517af465d3c85b8b0b,non-expert,f14c4e36a131b9105cdfde1cf3f1d3476b15c3ff,1,6,without_ai,False,2132056,DEMO_2132056,NV,MEL,False,0.0,dismiss,True,0.5715240777143861,,,medicalSpecialist,Female
f96a12bf460f937627b807517af465d3c85b8b0b,non-expert,f14c4e36a131b9105cdfde1cf3f1d3476b15c3ff,1,6,with_ai,True,2132056,DEMO_2132056,NV,NV,True,1.0,dismiss,True,0.5715240777143861,,,medicalSpecialist,Female
f96a12bf460f937627b807517af465d3c85b8b0b,non-expert,f14c4e36a131b9105cdfde1cf3f1d3476b15c3ff,1,7,without_ai,False,5449973,DEMO_5449973,BCC,BKL,False,0.0,dismiss,True,0.5715240777143861,,,medicalSpecialist,Female
f96a12bf460f937627b807517af465d3c85b8b0b,non-expert,f14c4e36a131b9105cdfde1cf3f1d3476b15c3ff,1,7,with_ai,True,5449973,DEMO_5449973,BCC,VASC,False,0.0,local_therapy,True,0.5715240777143861,,,medicalSpecialist,Female
f96a12bf460f937627b807517af465d3c85b8b0b,non-expert,f14c4e36a131b9105cdfde1cf3f1d3476b15c3ff,1,8,without_ai,False,3210769,DEMO_3210769,NV,SCCKA,False,0.0,monitor,True,0.5715240777143861,,,medicalSpecialist,Female
f96a12bf460f937627b807517af465d3c85b8b0b,non-expert,f14c4e36a131b9105cdfde1cf3f1d3476b15c3ff,1,8,with_ai,True,3210769,DEMO_3210769,NV,NV,True,1.0,local_therapy,True,0.5715240777143861,,,medicalSpecialist,Female
f96a12bf460f937627b807517af465d3c85b8b0b,non-expert,f14c4e36a131b9105cdfde1cf3f1d3476b15c3ff,1,9,without_ai,False,3686824,DEMO_3686824,BKL,BKL,True,1.0,monitor,True,0.5715240777143861,,,medicalSpecialist,Female
f96a12bf460f937627b807517af465d3c85b8b0b,non-expert,f14c4e36a131b9105cdfde1cf3f1d3476b15c3ff,1,9,with_ai,True,3686824,DEMO_3686824,BKL,BKL,True,1.0,monitor,True,0.5715240777143861,,,medicalSpecialist,Female
f96a12bf460f937627b807517af465d3c85b8b0b,non-expert,f14c4e36a131b9105cdfde1cf3f1d3476b15c3ff,1,10,without_ai,False,6999456,DEMO_6999456,BKL,BKL,True,1.0,dismiss,True,0.5715240777143861,,,medicalSpecialist,Female
f96a12bf460f937627b807517af465d3c85b8b0b,non-expert,f14c4e36a131b9105cdfde1cf3f1d3476b15c3ff,1,10,with_ai,True,6999456,DEMO_6999456,BKL,BKL,True,1.0,monitor,True,0.5715240777143861,,,medicalSpecialist,Female
f96a12bf460f937627b807517af465d3c85b8b0b,non-expert,f14c4e36a131b9105cdfde1cf3f1d3476b15c3ff,1,11,without_ai,False,4751597,DEMO_4751597,BKL,NV,False,0.0,monitor,True,0.5715240777143861,,,medicalSpecialist,Female
f96a12bf460f937627b807517af465d3c85b8b0b,non-expert,f14c4e36a131b9105cdfde1cf3f1d3476b15c3ff,1,11,with_ai,True,4751597,DEMO_4751597,BKL,BKL,True,1.0,monitor,True,0.5715240777143861,,,medicalSpecialist,Female
f96a12bf460f937627b807517af465d3c85b8b0b,non-expert,f14c4e36a131b9105cdfde1cf3f1d3476b15c3ff,1,12,without_ai,False,5433728,DEMO_5433728,MEL,MEL,True,1.0,biopsy,True,0.5715240777143861,,,medicalSpecialist,Female
f96a12bf460f937627b807517af465d3c85b8b0b,non-expert,f14c4e36a131b9105cdfde1cf3f1d3476b15c3ff,1,12,with_ai,True,5433728,DEMO_5433728,MEL,MEL,True,1.0,local_therapy,True,0.5715240777143861,,,medicalSpecialist,Female
f96a12bf460f937627b807517af465d3c85b8b0b,non-expert,f14c4e36a131b9105cdfde1cf3f1d3476b15c3ff,1,13,without_ai,False,1653260,DEMO_1653260,DF,DF,True,1.0,dismiss,True,0.5715240777143861,,,medicalSpecialist,Female
f96a12bf460f937627b807517af465d3c85b8b0b,non-expert,f14c4e36a131b9105cdfde1cf3f1d3476b15c3ff,1,13,with_ai,True,1653260,DEMO_1653260,DF,DF,True,1.0,biopsy,True,0.5715240777143861,,,medicalSpecialist,Female
f96a12bf460f937627b807517af465d3c85b8b0b,non-expert,f14c4e36a131b9105cdfde1cf3f1d3476b15c3ff,1,14,without_ai,False,5442809,DEMO_5442809,DF,DF,True,1.0,dismiss,True,0.5715240777143861,,,medicalSpecialist,Female
f96a12bf460f937627b807517af465d3c85b8b0b,non-expert,f14c4e36a131b9105cdfde1cf3f1d3476b15c3ff,1,14,with_ai,True,5442809,DEMO_5442809,DF,DF,True,1.0,biopsy,True,0.5715240777143861,,,medicalSpecialist,Female
f96a12bf460f937627b807517af465d3c85b8b0b,non-expert,f14c4e36a131b9105cdfde1cf3f1d3476b15c3ff,1,15,without_ai,False,4115787,DEMO_4115787,NV,NV,True,1.0,monitor,True,0.5715240777143861,,,medicalSpecialist,Female
f96a12bf460f937627b807517af465d3c85b8b0b,non-expert,f14c4e36a131b9105cdfde1cf3f1d3476b15c3ff,1,15,with_ai,True,4115787,DEMO_4115787,NV,OTHER_BENIGN,False,0.0,monitor,True,0.5715240777143861,,,medicalSpecialist,Female
f96a12bf460f937627b807517af465d3c85b8b0b,non-expert,9b3467c356e888a27fad8a83b0c6c73d06fb4141,3,1,without_ai,False,8687195,DEMO_8687195,SCCKA,SCCKA,True,1.0,biopsy,True,0.5715240777143861,,,medicalSpecialist,Female
f96a12bf460f937627b807517af465d3c85b8b0b,non-expert,9b3467c356e888a27fad8a83b0c6c73d06fb4141,3,1,with_ai,True,8687195,DEMO_8687195,SCCKA,AKIEC,False,0.0,local_therapy,True,0.5715240777143861,,,medicalSpecialist,Female
f96a12bf460f937627b807517af465d3c85b8b0b,non-expert,9b3467c356e888a27fad8a83b0c6c73d06fb4141,3,2,without_ai,False,8137403,DEMO_8137403,NV,NV,True,1.0,dismiss,True,0.5715240777143861,,,medicalSpecialist,Female
f96a12bf460f937627b807517af465d3c85b8b0b,non-expert,9b3467c356e888a27fad8a83b0c6c73d06fb4141,3,2,with_ai,True,8137403,DEMO_8137403,NV,NV,True,1.0,dismiss,True,0.5715240777143861,,,medicalSpecialist,Female
f96a12bf460f937627b807517af465d3c85b8b0b,non-expert,9b3467c356e888a27fad8a83b0c6c73d06fb4141,3,3,without_ai,False,1004873,DEMO_1004873,BCC,BCC,True,1.0,biopsy,True,0.5715240777143861,,,medicalSpecialist,Female
f96a12bf460f937627b807517af465d3c85b8b0b,non-expert,9b3467c356e888a27fad8a83b0c6c73d06fb4141,3,3,with_ai,True,1004873,DEMO_1004873,BCC,BCC,True,1.0,biopsy,True,0.5715240777143861,,,medicalSpecialist,Female
f96a12bf460f937627b807517af465d3c85b8b0b,non-expert,9b3467c356e888a27fad8a83b0c6c73d06fb4141,3,4,without_ai,False,4759557,DEMO_4759557,BCC,MEL,False,0.0,biopsy,True,0.5715240777143861,,,medicalSpecialist,Female
f96a12bf460f937627b807517af465d3c85b8b0b,non-expert,9b3467c356e888a27fad8a83b0c6c73d06fb4141,3,4,with_ai,True,4759557,DEMO_4759557,BCC,BCC,True,1.0,biopsy,True,0.5715240777143861,,,medicalSpecialist,Female
f96a12bf460f937627b807517af465d3c85b8b0b,non-expert,9b3467c356e888a27fad8a83b0c6c73d06fb4141,3,5,without_ai,False,8749856,DEMO_8749856,NV,DF,False,0.0,monitor,True,0.5715240777143861,,,medicalSpecialist,Female
f96a12bf460f937627b807517af465d3c85b8b0b,non-expert,9b3467c356e888a27fad8a83b0c6c73d06fb4141,3,5,with_ai,True,8749856,DEMO_8749856,NV,NV,True,1.0,dismiss,True,0.5715240777143861,,,medicalSpecialist,Female
f96a12bf460f937627b807517af465d3c85b8b0b,non-expert,9b3467c356e888a27fad8a83b0c6c73d06fb4141,3,6,without_ai,False,5295863,DEMO_5295863,DF,OTHER_BENIGN,False,0.0,dismiss,True,0.5715240777143861,,,medicalSpecialist,Female
f96a12bf460f937627b807517af465d3c85b8b0b,non-expert,9b3467c356e888a27fad8a83b0c6c73d06fb4141,3,6,with_ai,True,5295863,DEMO_5295863,DF,DF,True,1.0,monitor,True,0.5715240777143861,,,medicalSpecialist,Female
f96a12bf460f937627b807517af465d3c85b8b0b,non-expert,9b3467c356e888a27fad8a83b0c6c73d06fb4141,3,7,without_ai,False,2145755,DEMO_2145755,OTHER_BENIGN,OTHER_BENIGN,True,1.0,monitor,True,0.5715240777143861,,,medicalSpecialist,Female
f96a12bf460f937627b807517af465d3c85b8b0b,non-expert,9b3467c356e888a27fad8a83b0c6c73d06fb4141,3,7,with_ai,True,2145755,DEMO_2145755,OTHER_BENIGN,OTHER_BENIGN,True,1.0,dismiss,True,0.5715240777143861,,,medicalSpecialist,Female
f96a12bf460f937627b807517af465d3c85b8b0b,non-expert,9b3467c356e888a27fad8a83b0c6c73d06fb4141,3,8,without_ai,False,5040420,DEMO_5040420,BCC,BCC,True,1.0,local_therapy,True,0.5715240777143861,,,medicalSpecialist,Female
f96a12bf460f937627b807517af465d3c85b8b0b,non-expert,9b3467c356e888a27fad8a83b0c6c73d06fb4141,3,8,with_ai,True,5040420,DEMO_5040420,BCC,NV,False,0.0,biopsy,True,0.5715240777143861,,,medicalSpecialist,Female
f96a12bf460f937627b807517af465d3c85b8b0b,non-expert,9b3467c356e888a27fad8a83b0c6c73d06fb4141,3,9,without_ai,False,587528,DEMO_0587528,VASC,VASC,True,1.0,dismiss,True,0.5715240777143861,,,medicalSpecialist,Female
f96a12bf460f937627b807517af465d3c85b8b0b,non-expert,9b3467c356e888a27fad8a83b0c6c73d06fb4141,3,9,with_ai,True,587528,DEMO_0587528,VASC,VASC,True,1.0,dismiss,True,0.5715240777143861,,,medicalSpecialist,Female
f96a12bf460f937627b807517af465d3c85b8b0b,non-expert,9b3467c356e888a27fad8a83b0c6c73d06fb4141,3,10,without_ai,False,158025,DEMO_0158025,AKIEC,AKIEC,True,1.0,local_therapy,True,0.5715240777143861,,,medicalSpecialist,Female
f96a12bf460f937627b807517af465d3c85b8b0b,non-expert,9b3467c356e888a27fad8a83b0c6c73d06fb4141,3,10,with_ai,True,158025,DEMO_0158025,AKIEC,OTHER_BENIGN,False,0.0,local_therapy,True,0.5715240777143861,,,medicalSpecialist,Female
f96a12bf460f937627b807517af465d3c85b8b0b,non-expert,9b3467c356e888a27fad8a83b0c6c73d06fb4141,3,11,without_ai,False,6350213,DEMO_6350213,MEL,MEL,True,1.0,dismiss,True,0.5715240777143861,,,medicalSpecialist,Female
f96a12bf460f937627b807517af465d3c85b8b0b,non-expert,9b3467c356e888a27fad8a83b0c6c73d06fb4141,3,11,with_ai,True,6350213,DEMO_6350213,MEL,MEL,True,1.0,biopsy,True,0.5715240777143861,,,medicalSpecialist,Female
f96a12bf460f937627b807517af465d3c85b8b0b,non-expert,9b3467c356e888a27fad8a83b0c6c73d06fb4141,3,12,without_ai,False,2820184,DEMO_2820184,BKL,DF,False,0.0,dismiss,True,0.5715240777143861,,,medicalSpecialist,Female
f96a12bf460f937627b807517af465d3c85b8b0b,non-expert,9b3467c356e888a27fad8a83b0c6c73d06fb4141,3,12,with_ai,True,2820184,DEMO_2820184,BKL,VASC,False,0.0,monitor,True,0.5715240777143861,,,medicalSpecialist,Female
f96a12bf460f937627b807517af465d3c85b8b0b,non-expert,9b3467c356e888a27fad8a83b0c6c73d06fb4141,3,13,without_ai,False,1672948,DEMO_1672948,SCCKA,INF,False,0.0,local_therapy,True,0.5715240777143861,,,medicalSpecialist,Female
f96a12bf460f937627b807517af465d3c85b8b0b,non-expert,9b3467c356e888a27fad8a83b0c6c73d06fb4141,3,13,with_ai,True,1672948,DEMO_1672948,SCCKA,SCCKA,True,1.0,local_therapy,True,0.5715240777143861,,,medicalSpecialist,Female
f96a12bf460f937627b807517af465d3c85b8b0b,non-expert,9b3467c356e888a27fad8a83b0c6c73d06fb4141,3,14,without_ai,False,7934389,DEMO_7934389,SCCKA,SCCKA,True,1.0,local_therapy,True,0.5715240777143861,,,medicalSpecialist,Female
f96a12bf460f937627b807517af465d3c85b8b0b,non-expert,9b3467c356e888a27fad8a83b0c6c73d06fb4141,3,14,with_ai,True,7934389,DEMO_7934389,SCCKA,SCCKA,True,1.0,local_therapy,True,0.5715240777143861,,,medicalSpecialist,Female
f96a12bf460f937627b807517af465d3c85b8b0b,non-expert,9b3467c356e888a27fad8a83b0c6c73d06fb4141,3,15,without_ai,False,3647384,DEMO_3647384,BCC,BCC,True,1.0,biopsy,True,0.5715240777143861,,,medicalSpecialist,Female
f96a12bf460f937627b807517af465d3c85b8b0b,non-expert,9b3467c356e888a27fad8a83b0c6c73d06fb4141,3,15,with_ai,True,3647384,DEMO_3647384,BCC,BCC,True,1.0,local_therapy,True,0.5715240777143861,,,medicalSpecialist,Female
d6496941619763be07d933d44878227781739f75,non-expert,499faacc3942e3fc4d4de616b7c2cada6e3d03e6,1,1,without_ai,False,675446,DEMO_0675446,DF,BCC,False,0.0,dismiss,True,0.2070210817113105,,,medicalSpecialist,Male
d6496941619763be07d933d44878227781739f75,non-expert,499faacc3942e3fc4d4de616b7c2cada6e3d03e6,1,1,with_ai,True,675446,DEMO_0675446,DF,INF,False,0.0,dismiss,True,0.2070210817113105,,,medicalSpecialist,Male
d6496941619763be07d933d44878227781739f75,non-expert,499faacc3942e3fc4d4de616b7c2cada6e3d03e6,1,2,without_ai,False,4353853,DEMO_4353853,MEL,NV,False,0.0,local_therapy,True,0.2070210817113105,,,medicalSpecialist,Male
d6496941619763be07d933d44878227781739f75,non-expert,499faacc3942e3fc4d4de616b7c2cada6e3d03e6,1,2,with_ai,True,4353853,DEMO_4353853,MEL,MEL,True,1.0,local_therapy,True,0.2070210817113105,,,medicalSpecialist,Male
d6496941619763be07d933d44878227781739f75,non-expert,499faacc3942e3fc4d4de616b7c2cada6e3d03e6,1,3,without_ai,False,1594439,DEMO_1594439,DF,BCC,False,0.0,biopsy,True,0.2070210817113105,,,medicalSpecialist,Male
d6496941619763be07d933d44878227781739f75,non-expert,499faacc3942e3fc4d4de616b7c2cada6e3d03e6,1,3,with_ai,True,1594439,DEMO_1594439,DF,SCCKA,False,0.0,biopsy,True,0.2070210817113105,,,medicalSpecialist,Male
d6496941619763be07d933d44878227781739f75,non-expert,499faacc3942e3fc4d4de616b7c2cada6e3d03e6,1,4,without_ai,False,6114217,DEMO_6114217,BKL,BCC,False,0.0,dismiss,True,0.2070210817113105,,,medicalSpecialist,Male
d6496941619763be07d933d44878227781739f75,non-expert,499faacc3942e3fc4d4de616b7c2cada6e3d03e6,1,4,with_ai,True,6114217,DEMO_6114217,BKL,AKIEC,False,0.0,local_therapy,True,0.2070210817113105,,,medicalSpecialist,Male
d6496941619763be07d933d44878227781739f75,non-expert,499faacc3942e3fc4d4de616b7c2cada6e3d03e6,1,5,without_ai,False,4949630,DEMO_4949630,BKL,BKL,True,1.0,monitor,True,0.2070210817113105,,,medicalSpecialist,Male
d6496941619763be07d933d44878227781739f75,non-expert,499faacc3942e3fc4d4de616b7c2cada6e3d03e6,1,5,with_ai,True,4949630,DEMO_4949630,BKL,OTHER_MALIGNANT,False,0.0,monitor,True,0.2070210817113105,,,medicalSpecialist,Male
d6496941619763be07d933d44878227781739f75,non-expert,499faacc3942e3fc4d4de616b7c2cada6e3d03e6,1,6,without_ai,False,1938537,DEMO_1938537,BCC,MEL,False,0.0,local_therapy,True,0.2070210817113105,,,medicalSpecialist,Male
d6496941619763be07d933d44878227781739f75,non-expert,499faacc3942e3fc4d4de616b7c2cada6e3d03e6,1,6,with_ai,True,1938537,DEMO_1938537,BCC,BKL,False,0.0,monitor,True,0.2070210817113105,,,medicalSpecialist,Male
d6496941619763be07d933d44878227781739f75,non-expert,499faacc3942e3fc4d4de616b7c2cada6e3d03e6,1,7,without_ai,False,134705,DEMO_0134705,MEL,MEL,True,1.0,biopsy,True,0.2070210817113105,,,medicalSpecialist,Male
d6496941619763be07d933d44878227781739f75,non-expert,499faacc3942e3fc4d4de616b7c2cada6e3d03e6,1,7,with_ai,True,134705,DEMO_0134705,MEL,MEL,True,1.0,biopsy,True,0.2070210817113105,,,medicalSpecialist,Male
d6496941619763be07d933d44878227781739f75,non-expert,499faacc3942e3fc4d4de616b7c2cada6e3d03e6,1,8,without_ai,False,5460445,DEMO_5460445,BCC,BKL,False,0.0,local_therapy,True,0.2070210817113105,,,medicalSpecialist,Male
d6496941619763be07d933d44878227781739f75,non-expert,499faacc3942e3fc4d4de616b7c2cada6e3d03e6,1,8,with_ai,True,5460445,DEMO_5460445,BCC,OTHER_MALIGNANT,False,0.0,biopsy,True,0.2070210817113105,,,medicalSpecialist,Male
d6496941619763be07d933d44878227781739f75,non-expert,499faacc3942e3fc4d4de616b7c2cada6e3d03e6,1,9,without_ai,False,6909859,DEMO_6909859,VASC,INF,False,0.0,monitor,True,0.2070210817113105,,,medicalSpecialist,Male
d6496941619763be07d933d44878227781739f75,non-expert,499faacc3942e3fc4d4de616b7c2cada6e3d03e6,1,9,with_ai,True,6909859,DEMO_6909859,VASC,DF,False,0.0,local_therapy,True,0.2070210817113105,,,medicalSpecialist,Male
d6496941619763be07d933d44878227781739f75,non-expert,499faacc3942e3fc4d4de616b7c2cada6e3d03e6,1,10,without_ai,False,8208596,DEMO_8208596,BCC,BKL,False,0.0,biopsy,True,0.2070210817113105,,,medicalSpecialist,Male
d6496941619763be07d933d44878227781739f75,non-expert,499faacc3942e3fc4d4de616b7c2cada6e3d03e6,1,10,with_ai,True,8208596,DEMO_8208596,BCC,MEL,False,0.0,biopsy,True,0.2070210817113105,,,medicalSpecialist,Male
d6496941619763be07d933d44878227781739f75,non-expert,499faacc3942e3fc4d4de616b7c2cada6e3d03e6,1,11,without_ai,False,2845690,DEMO_2845690,BCC,DF,False,0.0,local_therapy,True,0.2070210817113105,,,medicalSpecialist,Male
d6496941619763be07d933d44878227781739f75,non-expert,499faacc3942e3fc4d4de616b7c2cada6e3d03e6,1,11,with_ai,True,2845690,DEMO_2845690,BCC,OTHER_BENIGN,False,0.0,biopsy,True,0.2070210817113105,,,medicalSpecialist,Male
d6496941619763be07d933d44878227781739f75,non-expert,499faacc3942e3fc4d4de616b7c2cada6e3d03e6,1,12,without_ai,False,8705883,DEMO_8705883,DF,MEL,False,0.0,monitor,True,0.2070210817113105,,,medicalSpecialist,Male
d6496941619763be07d933d44878227781739f75,non-expert,499faacc3942e3fc4d4de616b7c2cada6e3d03e6,1,12,with_ai,True,8705883,DEMO_8705883,DF,DF,True,1.0,monitor,True,0.2070210817113105,,,medicalSpecialist,Male
d6496941619763be07d933d44878227781739f75,non-expert,499faacc3942e3fc4d4de616b7c2cada6e3d03e6,1,13,without_ai,False,8270300,DEMO_8270300,SCCKA,SCCKA,True,1.0,biopsy,True,0.2070210817113105,,,medicalSpecialist,Male
d6496941619763be07d933d44878227781739f75,non-expert,499faacc3942e3fc4d4de616b7c2cada6e3d03e6,1,13,with_ai,True,8270300,DEMO_8270300,SCCKA,OTHER_MALIGNANT,False,0.0,local_therapy,True,0.2070210817113105,,,medicalSpecialist,Male
d6496941619763be07d933d44878227781739f75,non-expert,499faacc3942e3fc4d4de616b7c2cada6e3d03e6,1,14,without_ai,False,8696320,DEMO_8696320,DF,VASC,False,0.0,local_therapy,True,0.2070210817113105,,,medicalSpecialist,Male
d6496941619763be07d933d44878227781739f75,non-expert,499faacc3942e3fc4d4de616b7c2cada6e3d03e6,1,14,with_ai,True,8696320,DEMO_8696320,DF,VASC,False,0.0,biopsy,True,0.2070210817113105,,,medicalSpecialist,Male
d6496941619763be07d933d44878227781739f75,non-expert,499faacc3942e3fc4d4de616b7c2cada6e3d03e6,1,15,without_ai,False,4984854,DEMO_4984854,AKIEC,OTHER_BENIGN,False,0.0,local_therapy,True,0.2070210817113105,,,medicalSpecialist,Male
d6496941619763be07d933d44878227781739f75,non-expert,499faacc3942e3fc4d4de616b7c2cada6e3d03e6,1,15,with_ai,True,4984854,DEMO_4984854,AKIEC,MEL,False,0.0,biopsy,True,0.2070210817113105,,,medicalSpecialist,Male
d6496941619763be07d933d44878227781739f75,non-expert,74aeade6e6a3b62026d5e5b1a3c02c57363d17bb,2,1,without_ai,False,1885771,DEMO_1885771,AKIEC,AKIEC,True,1.0,biopsy,True,0.2070210817113105,,,medicalSpecialist,Male
d6496941619763be07d933d44878227781739f75,non-expert,74aeade6e6a3b62026d5e5b1a3c02c57363d17bb,2,1,with_ai,True,1885771,DEMO_1885771,AKIEC,AKIEC,True,1.0,biopsy,True,0.2070210817113105,,,medicalSpecialist,Male
d6496941619763be07d933d44878227781739f75,non-expert,74aeade6e6a3b62026d5e5b1a3c02c57363d17bb,2,2,without_ai,False,795671,DEMO_0795671,BCC,BKL,False,0.0,biopsy,True,0.2070210817113105,,,medicalSpecialist,Male
d6496941619763be07d933d44878227781739f75,non-expert,74aeade6e6a3b62026d5e5b1a3c02c57363d17bb,2,2,with_ai,True,795671,DEMO_0795671,BCC,OTHER_BENIGN,False,0.0,biopsy,True,0.2070210817113105,,,medicalSpecialist,Male
d6496941619763be07d933d44878227781739f75,non-expert,74aeade6e6a3b62026d5e5b1a3c02c57363d17bb,2,3,without_ai,False,2707356,DEMO_2707356,BKL,BKL,True,1.0,dismiss,True,0.2070210817113105,,,medicalSpecialist,Male
d6496941619763be07d933d44878227781739f75,non-expert,74aeade6e6a3b62026d5e5b1a3c02c57363d17bb,2,3,with_ai,True,2707356,DEMO_2707356,BKL,AKIEC,False,0.0,dismiss,True,0.2070210817113105,,,medicalSpecialist,Male
d6496941619763be07d933d44878227781739f75,non-expert,74aeade6e6a3b62026d5e5b1a3c02c57363d17bb,2,4,without_ai,False,5025255,DEMO_5025255,BKL,DF,False,0.0,monitor,True,0.2070210817113105,,,medicalSpecialist,Male
d6496941619763be07d933d44878227781739f75,non-expert,74aeade6e6a3b62026d5e5b1a3c02c57363d17bb,2,4,with_ai,True,5025255,DEMO_5025255,BKL,BCC,False,0.0,biopsy,True,0.2070210817113105,,,medicalSpecialist,Male
d6496941619763be07d933d44878227781739f75,non-expert,74aeade6e6a3b62026d5e5b1a3c02c57363d17bb,2,5,without_ai,False,2609627,DEMO_2609627,BCC,DF,False,0.0,biopsy,True,0.2070210817113105,,,medicalSpecialist,Male
d6496941619763be07d933d44878227781739f75,non-expert,74aeade6e6a3b62026d5e5b1a3c02c57363d17bb,2,5,with_ai,True,2609627,DEMO_2609627,BCC,BCC,True,1.0,local_therapy,True,0.2070210817113105,,,medicalSpecialist,Male
d6496941619763be07d933d44878227781739f75,non-expert,74aeade6e6a3b62026d5e5b1a3c02c57363d17bb,2,6,without_ai,False,9508622,DEMO_9508622,MEL,SCCKA,False,0.0,monitor,True,0.2070210817113105,,,medicalSpecialist,Male
d6496941619763be07d933d44878227781739f75,non-expert,74aeade6e6a3b62026d5e5b1a3c02c57363d17bb,2,6,with_ai,True,9508622,DEMO_9508622,MEL,SCCKA,False,0.0,biopsy,True,0.2070210817113105,,,medicalSpecialist,Male
d6496941619763be07d933d44878227781739f75,non-expert,74aeade6e6a3b62026d5e5b1a3c02c57363d17bb,2,7,without_ai,False,9021008,DEMO_9021008,VASC,OTHER_MALIGNANT,False,0.0,dismiss,True,0.2070210817113105,,,medicalSpecialist,Male
d6496941619763be07d933d44878227781739f75,non-expert,74aeade6e6a3b62026d5e5b1a3c02c57363d17bb,2,7,with_ai,True,9021008,DEMO_9021008,VASC,INF,False,0.0,monitor,True,0.2070210817113105,,,medicalSpecialist,Male
d6496941619763be07d933d44878227781739f75,non-expert,74aeade6e6a3b62026d5e5b1a3c02c57363d17bb,2,8,without_ai,False,9950014,DEMO_9950014,DF,DF,True,1.0,dismiss,True,0.2070210817113105,,,medicalSpecialist,Male
d6496941619763be07d933d44878227781739f75,non-expert,74aeade6e6a3b62026d5e5b1a3c02c57363d17bb,2,8,with_ai,True,9950014,DEMO_9950014,DF,OTHER_MALIGNANT,False,0.0,dismiss,True,0.2070210817113105,,,medicalSpecialist,Male
d6496941619763be07d933d44878227781739f75,non-expert,74aeade6e6a3b62026d5e5b1a3c02c57363d17bb,2,9,without_ai,False,5522243,DEMO_5522243,AKIEC,BKL,False,0.0,dismiss,True,0.2070210817113105,,,medicalSpecialist,Male
d6496941619763be07d933d44878227781739f75,non-expert,74aeade6e6a3b62026d5e5b1a3c02c57363d17bb,2,9,with_ai,True,5522243,DEMO_5522243,AKIEC,MEL,False,0.0,local_therapy,True,0.2070210817113105,,,medicalSpecialist,Male
d6496941619763be07d933d44878227781739f75,non-expert,74aeade6e6a3b62026d5e5b1a3c02c57363d17bb,2,10,without_ai,False,9379872,DEMO_9379872,MEL,OTHER_BENIGN,False,0.0,monitor,True,0.2070210817113105,,,medicalSpecialist,Male
d6496941619763be07d933d44878227781739f75,non-expert,74aeade6e6a3b62026d5e5b1a3c02c57363d17bb,2,10,with_ai,True,9379872,DEMO_9379872,MEL,INF,False,0.0,local_therapy,True,0.2070210817113105,,,medicalSpecialist,Male
d6496941619763be07d933d44878227781739f75,non-expert,74aeade6e6a3b62026d5e5b1a3c02c57363d17bb,2,11,without_ai,False,470234,DEMO_0470234,BKL,OTHER_MALIGNANT,False,0.0,biopsy,True,0.2070210817113105,,,medicalSpecialist,Male
d6496941619763be07d933d44878227781739f75,non-expert,74aeade6e6a3b62026d5e5b1a3c02c57363d17bb,2,11,with_ai,True,470234,DEMO_0470234,BKL,INF,False,0.0,dismiss,True,0.2070210817113105,,,medicalSpecialist,Male
d6496941619763be07d933d44878227781739f75,non-expert,74aeade6e6a3b62026d5e5b1a3c02c57363d17bb,2,12,without_ai,False,964914,DEMO_0964914,BCC,INF,False,0.0,biopsy,True,0.2070210817113105,,,medicalSpecialist,Male
d6496941619763be07d933d44878227781739f75,non-expert,74aeade6e6a3b62026d5e5b1a3c02c57363d17bb,2,12,with_ai,True,964914,DEMO_0964914,BCC,BKL,False,0.0,monitor,True,0.2070210817113105,,,medicalSpecialist,Male
d6496941619763be07d933d44878227781739f75,non-expert,74aeade6e6a3b62026d5e5b1a3c02c57363d17bb,2,13,without_ai,False,9856437,DEMO_9856437,BCC,NV,False,0.0,dismiss,True,0.2070210817113105,,,medicalSpecialist,Male
d6496941619763be07d933d44878227781739f75,non-expert,74aeade6e6a3b62026d5e5b1a3c02c57363d17bb,2,13,with_ai,True,9856437,DEMO_9856437,BCC,INF,False,0.0,local_therapy,True,0.2070210817113105,,,medicalSpecialist,Male
d6496941619763be07d933d44878227781739f75,non-expert,74aeade6e6a3b62026d5e5b1a3c02c57363d17bb,2,14,without_ai,False,1295180,DEMO_1295180,SCCKA,OTHER_BENIGN,False,0.0,local_therapy,True,0.2070210817113105,,,medicalSpecialist,Male
d6496941619763be07d933d44878227781739f75,non-expert,74aeade6e6a3b62026d5e5b1a3c02c57363d17bb,2,14,with_ai,True,1295180,DEMO_1295180,SCCKA,MEL,False,0.0,monitor,True,0.2070210817113105,,,medicalSpecialist,Male
d6496941619763be07d933d44878227781739f75,non-expert,74aeade6e6a3b62026d5e5b1a3c02c57363d17bb,2,15,without_ai,False,9440361,DEMO_9440361,DF,DF,True,1.0,monitor,True,0.2070210817113105,,,medicalSpecialist,Male
d6496941619763be07d933d44878227781739f75,non-expert,74aeade6e6a3b62026d5e5b1a3c02c57363d17bb,2,15,with_ai,True,9440361,DEMO_9440361,DF,BKL,False,0.0,monitor,True,0.2070210817113105,,,medicalSpecialist,Male
047209405cb558640fac74e592e4c653e9b84507,non-expert,51e7f9e21406330d312b4863aa602ecd553080da,1,1,without_ai,False,8070790,DEMO_8070790,BKL,DF,False,0.0,dismiss,True,0.1988293124290258,,,dermatologyResident,Male
047209405cb558640fac74e592e4c653e9b84507,non-expert,51e7f9e21406330d312b4863aa602ecd553080da,1,1,with_ai,True,8070790,DEMO_8070790,BKL,VASC,False,0.0,dismiss,True,0.1988293124290258,,,dermatologyResident,Male
047209405cb558640fac74e592e4c653e9b84507,non-expert,51e7f9e21406330d312b4863aa602ecd553080da,1,2,without_ai,False,7796381,DEMO_7796381,NV,MEL,False,0.0,local_therapy,True,0.1988293124290258,,,dermatologyResident,Male
047209405cb558640fac74e592e4c653e9b84507,non-expert,51e7f9e21406330d312b4863aa602ecd553080da,1,2,with_ai,True,7796381,DEMO_7796381,NV,NV,True,1.0,biopsy,True,0.1988293124290258,,,dermatologyResident,Male
047209405cb558640fac74e592e4c653e9b84507,non-expert,51e7f9e21406330d312b4863aa602ecd553080da,1,3,without_ai,False,1021300,DEMO_1021300,BKL,SCCKA,False,0.0,dismiss,True,0.1988293124290258,,,dermatologyResident,Male
047209405cb558640fac74e592e4c653e9b84507,non-expert,51e7f9e21406330d312b4863aa602ecd553080da,1,3,with_ai,True,1021300,DEMO_1021300,BKL,DF,False,0.0,dismiss,True,0.1988293124290258,,,dermatologyResident,Male
047209405cb558640fac74e592e4c653e9b84507,non-expert,51e7f9e21406330d312b4863aa602ecd553080da,1,4,without_ai,False,8752157,DEMO_8752157,MEL,OTHER_BENIGN,False,0.0,local_therapy,True,0.1988293124290258,,,dermatologyResident,Male
047209405cb558640fac74e592e4c653e9b84507,non-expert,51e7f9e21406330d312b4863aa602ecd553080da,1,4,with_ai,True,8752157,DEMO_8752157,MEL,AKIEC,False,0.0,biopsy,True,0.1988293124290258,,,dermatologyResident,Male
047209405cb558640fac74e592e4c653e9b84507,non-expert,51e7f9e21406330d312b4863aa602ecd553080da,1,5,without_ai,False,3378300,DEMO_3378300,VASC,VASC,True,1.0,monitor,True,0.1988293124290258,,,dermatologyResident,Male
047209405cb558640fac74e592e4c653e9b84507,non-expert,51e7f9e21406330d312b4863aa602ecd553080da,1,5,with_ai,True,3378300,DEMO_3378300,VASC,SCCKA,False,0.0,biopsy,True,0.1988293124290258,,,dermatologyResident,Male
047209405cb558640fac74e592e4c653e9b84507,non-expert,51e7f9e21406330d312b4863aa602ecd553080da,1,6,without_ai,False,7691727,DEMO_7691727,NV,SCCKA,False,0.0,monitor,True,0.1988293124290258,,,dermatologyResident,Male
047209405cb558640fac74e592e4c653e9b84507,non-expert,51e7f9e21406330d312b4863aa602ecd553080da,1,6,with_ai,True,7691727,DEMO_7691727,NV,BKL,False,0.0,biopsy,True,0.1988293124290258,,,dermatologyResident,Male
047209405cb558640fac74e592e4c653e9b84507,non-expert,51e7f9e21406330d312b4863aa602ecd553080da,1,7,without_ai,False,5840953,DEMO_5840953,MEL,MEL,True,1.0,local_therapy,True,0.1988293124290258,,,dermatologyResident,Male
047209405cb558640fac74e592e4c653e9b84507,non-expert,51e7f9e21406330d312b4863aa602ecd553080da,1,7,with_ai,True,5840953,DEMO_5840953,MEL,SCCKA,False,0.0,local_therapy,True,0.1988293124290258,,,dermatologyResident,Male
047209405cb558640fac74e592e4c653e9b84507,non-expert,51e7f9e21406330d312b4863aa602ecd553080da,1,8,without_ai,False,3616442,DEMO_3616442,BCC,VASC,False,0.0,biopsy,True,0.1988293124290258,,,dermatologyResident,Male
047209405cb558640fac74e592e4c653e9b84507,non-expert,51e7f9e21406330d312b4863aa602ecd553080da,1,8,with_ai,True,3616442,DEMO_3616442,BCC,BKL,False,0.0,biopsy,True,0.1988293124290258,,,dermatologyResident,Male
047209405cb558640fac74e592e4c653e9b84507,non-expert,51e7f9e21406330d312b4863aa602ecd553080da,1,9,without_ai,False,2866390,DEMO_2866390,BCC,BCC,True,1.0,biopsy,True,0.1988293124290258,,,dermatologyResident,Male
047209405cb558640fac74e592e4c653e9b84507,non-expert,51e7f9e21406330d312b4863aa602ecd553080da,1,9,with_ai,True,2866390,DEMO_2866390,BCC,BCC,True,1.0,biopsy,True,0.1988293124290258,,,dermatologyResident,Male
047209405cb558640fac74e592e4c653e9b84507,non-expert,51e7f9e21406330d312b4863aa602ecd553080da,1,10,without_ai,False,7513989,DEMO_7513989,BCC,DF,False,0.0,biopsy,True,0.1988293124290258,,,dermatologyResident,Male
047209405cb558640fac74e592e4c653e9b84507,non-expert,51e7f9e21406330d312b4863aa602ecd553080da,1,10,with_ai,True,7513989,DEMO_7513989,BCC,BKL,False,0.0,local_therapy,True,0.1988293124290258,,,dermatologyResident,Male
047209405cb558640fac74e592e4c653e9b84507,non-expert,51e7f9e21406330d312b4863aa602ecd553080da,1,11,without_ai,False,7161298,DEMO_7161298,AKIEC,AKIEC,True,1.0,biopsy,True,0.1988293124290258,,,dermatologyResident,Male
047209405cb558640fac74e592e4c653e9b84507,non-expert,51e7f9e21406330d312b4863aa602ecd553080da,1,11,with_ai,True,7161298,DEMO_7161298,AKIEC,DF,False,0.0,biopsy,True,0.1988293124290258,,,dermatologyResident,Male
047209405cb558640fac74e592e4c653e9b84507,non-expert,51e7f9e21406330d312b4863aa602ecd553080da,1,12,without_ai,False,8447167,DEMO_8447167,NV,VASC,False,0.0,dismiss,True,0.1988293124290258,,,dermatologyResident,Male
047209405cb558640fac74e592e4c653e9b84507,non-expert,51e7f9e21406330d312b4863aa602ecd553080da,1,12,with_ai,True,8447167,DEMO_8447167,NV,VASC,False,0.0,dismiss,True,0.1988293124290258,,,dermatologyResident,Male
047209405cb558640fac74e592e4c653e9b84507,non-expert,51e7f9e21406330d312b4863aa602ecd553080da,1,13,without_ai,False,2326661,DEMO_2326661,OTHER_MALIGNANT,BKL,False,0.0,dismiss,True,0.1988293124290258,,,dermatologyResident,Male
047209405cb558640fac74e592e4c653e9b84507,non-expert,51e7f9e21406330d312b4863aa602ecd553080da,1,13,with_ai,True,2326661,DEMO_2326661,OTHER_MALIGNANT,BCC,False,0.0,dismiss,True,0.1988293124290258,,,dermatologyResident,Male
047209405cb558640fac74e592e4c653e9b84507,non-expert,51e7f9e21406330d312b4863aa602ecd553080da,1,14,without_ai,False,5481638,DEMO_5481638,NV,OTHER_BENIGN,False,0.0,monitor,True,0.1988293124290258,,,dermatologyResident,Male
047209405cb558640fac74e592e4c653e9b84507,non-expert,51e7f9e21406330d312b4863aa602ecd553080da,1,14,with_ai,True,5481638,DEMO_5481638,NV,MEL,False,0.0,dismiss,True,0.1988293124290258,,,dermatologyResident,Male
047209405cb558640fac74e592e4c653e9b84507,non-expert,51e7f9e21406330d312b4863aa602ecd553080da,1,15,without_ai,False,2078799,DEMO_2078799,NV,NV,True,1.0,dismiss,True,0.1988293124290258,,,dermatologyResident,Male
047209405cb558640fac74e592e4c653e9b84507,non-expert,51e7f9e21406330d312b4863aa602ecd553080da,1,15,with_ai,True,2078799,DEMO_2078799,NV,AKIEC,False,0.0,dismiss,True,0.1988293124290258,,,dermatologyResident,Male
047209405cb558640fac74e592e4c653e9b84507,non-expert,f8823dba8f23aae72b3278bf6c7258e25fa2d035,2,1,without_ai,False,2714111,DEMO_2714111,BKL,BKL,True,1.0,biopsy,True,0.1988293124290258,,,dermatologyResident,Male
047209405cb558640fac74e592e4c653e9b84507,non-expert,f8823dba8f23aae72b3278bf6c7258e25fa2d035,2,1,with_ai,True,2714111,DEMO_2714111,BKL,INF,False,0.0,dismiss,True,0.1988293124290258,,,dermatologyResident,Male
047209405cb558640fac74e592e4c653e9b84507,non-expert,f8823dba8f23aae72b3278bf6c7258e25fa2d035,2,2,without_ai,False,8084677,DEMO_8084677,VASC,BKL,False,0.0,biopsy,True,0.1988293124290258,,,dermatologyResident,Male
047209405cb558640fac74e592e4c653e9b84507,non-expert,f8823dba8f23aae72b3278bf6c7258e25fa2d035,2,2,with_ai,True,8084677,DEMO_8084677,VASC,NV,False,0.0,biopsy,True,0.1988293124290258,,,dermatologyResident,Male
047209405cb558640fac74e592e4c653e9b84507,non-expert,f8823dba8f23aae72b3278bf6c7258e25fa2d035,2,3,without_ai,False,3225679,DEMO_3225679,MEL,MEL,True,1.0,biopsy,True,0.1988293124290258,,,dermatologyResident,Male
047209405cb558640fac74e592e4c653e9b84507,non-expert,f8823dba8f23aae72b3278bf6c7258e25fa2d035,2,3,with_ai,True,3225679,DEMO_3225679,MEL,OTHER_MALIGNANT,False,0.0,biopsy,True,0.1988293124290258,,,dermatologyResident,Male
047209405cb558640fac74e592e4c653e9b84507,non-expert,f8823dba8f23aae72b3278bf6c7258e25fa2d035,2,4,without_ai,False,1743001,DEMO_1743001,BCC,OTHER_BENIGN,False,0.0,dismiss,True,0.1988293124290258,,,dermatologyResident,Male
047209405cb558640fac74e592e4c653e9b84507,non-expert,f8823dba8f23aae72b3278bf6c7258e25fa2d035,2,4,with_ai,True,1743001,DEMO_1743001,BCC,BCC,True,1.0,monitor,True,0.1988293124290258,,,dermatologyResident,Male
047209405cb558640fac74e592e4c653e9b84507,non-expert,f8823dba8f23aae72b3278bf6c7258e25fa2d035,2,5,without_ai,False,6175329,DEMO_6175329,MEL,MEL,True,1.0,monitor,True,0.1988293124290258,,,dermatologyResident,Male
047209405cb558640fac74e592e4c653e9b84507,non-expert,f8823dba8f23aae72b3278bf6c7258e25fa2d035,2,5,with_ai,True,6175329,DEMO_6175329,MEL,MEL,True,1.0,local_therapy,True,0.1988293124290258,,,dermatologyResident,Male
047209405cb558640fac74e592e4c653e9b84507,non-expert,f8823dba8f23aae72b3278bf6c7258e25fa2d035,2,6,without_ai,False,2729844,DEMO_2729844,NV,NV,True,1.0,dismiss,True,0.1988293124290258,,,dermatologyResident,Male
047209405cb558640fac74e592e4c653e9b84507,non-expert,f8823dba8f23aae72b3278bf6c7258e25fa2d035,2,6,with_ai,True,2729844,DEMO_2729844,NV,MEL,False,0.0,dismiss,True,0.1988293124290258,,,dermatologyResident,Male
047209405cb558640fac74e592e4c653e9b84507,non-expert,f8823dba8f23aae72b3278bf6c7258e25fa2d035,2,7,without_ai,False,4898775,DEMO_4898775,BKL,MEL,False,0.0,dismiss,True,0.1988293124290258,,,dermatologyResident,Male
047209405cb558640fac74e592e4c653e9b84507,non-expert,f8823dba8f23aae72b3278bf6c7258e25fa2d035,2,7,with_ai,True,4898775,DEMO_4898775,BKL,INF,False,0.0,dismiss,True,0.1988293124290258,,,dermatologyResident,Male
047209405cb558640fac74e592e4c653e9b84507,non-expert,f8823dba8f23aae72b3278bf6c7258e25fa2d035,2,8,without_ai,False,1020967,DEMO_1020967,BCC,DF,False,0.0,biopsy,True,0.1988293124290258,,,dermatologyResident,Male
047209405cb558640fac74e592e4c653e9b84507,non-expert,f8823dba8f23aae72b3278bf6c7258e25fa2d035,2,8,with_ai,True,1020967,DEMO_1020967,BCC,BCC,True,1.0,biopsy,True,0.1988293124290258,,,dermatologyResident,Male
047209405cb558640fac74e592e4c653e9b84507,non-expert,f8823dba8f23aae72b3278bf6c7258e25fa2d035,2,9,without_ai,False,3659425,DEMO_3659425,BKL,SCCKA,False,0.0,dismiss,True,0.1988293124290258,,,dermatologyResident,Male
047209405cb558640fac74e592e4c653e9b84507,non-expert,f8823dba8f23aae72b3278bf6c7258e25fa2d035,2,9,with_ai,True,3659425,DEMO_3659425,BKL,AKIEC,False,0.0,dismiss,True,0.1988293124290258,,,dermatologyResident,Male
047209405cb558640fac74e592e4c653e9b84507,non-expert,f8823dba8f23aae72b3278bf6c7258e25fa2d035,2,10,without_ai,False,8473828,DEMO_8473828,MEL,AKIEC,False,0.0,biopsy,True,0.1988293124290258,,,dermatologyResident,Male
047209405cb558640fac74e592e4c653e9b84507,non-expert,f8823dba8f23aae72b3278bf6c7258e25fa2d035,2,10,with_ai,True,8473828,DEMO_8473828,MEL,DF,False,0.0,biopsy,True,0.1988293124290258,,,dermatologyResident,Male
047209405cb558640fac74e592e4c653e9b84507,non-expert,f8823dba8f23aae72b3278bf6c7258e25fa2d035,2,11,without_ai,False,930300,DEMO_0930300,MEL,INF,False,0.0,local_therapy,True,0.1988293124290258,,,dermatologyResident,Male
047209405cb558640fac74e592e4c653e9b84507,non-expert,f8823dba8f23aae72b3278bf6c7258e25fa2d035,2,11,with_ai,True,930300,DEMO_0930300,MEL,MEL,True,1.0,biopsy,True,0.1988293124290258,,,dermatologyResident,Male
047209405cb558640fac74e592e4c653e9b84507,non-expert,f8823dba8f23aae72b3278bf6c7258e25fa2d035,2,12,without_ai,False,4678054,DEMO_4678054,AKIEC,OTHER_BENIGN,False,0.0,biopsy,True,0.1988293124290258,,,dermatologyResident,Male
047209405cb558640fac74e592e4c653e9b84507,non-expert,f8823dba8f23aae72b3278bf6c7258e25fa2d035,2,12,with_ai,True,4678054,DEMO_4678054,AKIEC,VASC,False,0.0,biopsy,True,0.1988293124290258,,,dermatologyResident,Male
047209405cb558640fac74e592e4c653e9b84507,non-expert,f8823dba8f23aae72b3278bf6c7258e25fa2d035,2,13,without_ai,False,6531059,DEMO_6531059,NV,NV,True,1.0,dismiss,True,0.1988293124290258,,,dermatologyResident,Male
047209405cb558640fac74e592e4c653e9b84507,non-expert,f8823dba8f23aae72b3278bf6c7258e25fa2d035,2,13,with_ai,True,6531059,DEMO_6531059,NV,OTHER_BENIGN,False,0.0,biopsy,True,0.1988293124290258,,,dermatologyResident,Male
047209405cb558640fac74e592e4c653e9b84507,non-expert,f8823dba8f23aae72b3278bf6c7258e25fa2d035,2,14,without_ai,False,2410107,DEMO_2410107,BCC,BCC,True,1.0,monitor,True,0.1988293124290258,,,dermatologyResident,Male
047209405cb558640fac74e592e4c653e9b84507,non-expert,f8823dba8f23aae72b3278bf6c7258e25fa2d035,2,14,with_ai,True,2410107,DEMO_2410107,BCC,MEL,False,0.0,biopsy,True,0.1988293124290258,,,dermatologyResident,Male
047209405cb558640fac74e592e4c653e9b84507,non-expert,f8823dba8f23aae72b3278bf6c7258e25fa2d035,2,15,without_ai,False,7521621,DEMO_7521621,VASC,AKIEC,False,0.0,biopsy,True,0.1988293124290258,,,dermatologyResident,Male
047209405cb558640fac74e592e4c653e9b84507,non-expert,f8823dba8f23aae72b3278bf6c7258e25fa2d035,2,15,with_ai,True,7521621,DEMO_7521621,VASC,SCCKA,False,0.0,dismiss,True,0.1988293124290258,,,dermatologyResident,Male
dc298cdab292b7a439778dc07715902b24db8897,non-expert,9cd35e434809cc3b36bfd5710e233002ae34ade1,1,1,without_ai,False,9943766,DEMO_9943766,NV,AKIEC,False,0.0,dismiss,True,0.4463762105242903,,,dermatologyResident,Female
dc298cdab292b7a439778dc07715902b24db8897,non-expert,9cd35e434809cc3b36bfd5710e233002ae34ade1,1,1,with_ai,True,9943766,DEMO_9943766,NV,DF,False,0.0,monitor,True,0.4463762105242903,,,dermatologyResident,Female
dc298cdab292b7a439778dc07715902b24db8897,non-expert,9cd35e434809cc3b36bfd5710e233002ae34ade1,1,2,without_ai,False,1685721,DEMO_1685721,BKL,BCC,False,0.0,dismiss,True,0.4463762105242903,,,dermatologyResident,Female
dc298cdab292b7a439778dc07715902b24db8897,non-expert,9cd35e434809cc3b36bfd5710e233002ae34ade1,1,2,with_ai,True,1685721,DEMO_1685721,BKL,BKL,True,1.0,dismiss,True,0.4463762105242903,,,dermatologyResident,Female
dc298cdab292b7a439778dc07715902b24db8897,non-expert,9cd35e434809cc3b36bfd5710e233002ae34ade1,1,3,without_ai,False,9958704,DEMO_9958704,MEL,MEL,True,1.0,biopsy,True,0.4463762105242903,,,dermatologyResident,Female
dc298cdab292b7a439778dc07715902b24db8897,non-expert,9cd35e434809cc3b36bfd5710e233002ae34ade1,1,3,with_ai,True,9958704,DEMO_9958704,MEL,MEL,True,1.0,biopsy,True,0.4463762105242903,,,dermatologyResident,Female
dc298cdab292b7a439778dc07715902b24db8897,non-expert,9cd35e434809cc3b36bfd5710e233002ae34ade1,1,4,without_ai,False,7739814,DEMO_7739814,BCC,BCC,True,1.0,biopsy,True,0.4463762105242903,,,dermatologyResident,Female
dc298cdab292b7a439778dc07715902b24db8897,non-expert,9cd35e434809cc3b36bfd5710e233002ae34ade1,1,4,with_ai,True,7739814,DEMO_7739814,BCC,BCC,True,1.0,biopsy,True,0.4463762105242903,,,dermatologyResident,Female
dc298cdab292b7a439778dc07715902b24db8897,non-expert,9cd35e434809cc3b36bfd5710e233002ae34ade1,1,5,without_ai,False,2040254,DEMO_2040254,BCC,BCC,True,1.0,biopsy,True,0.4463762105242903,,,dermatologyResident,Female
dc298cdab292b7a439778dc07715902b24db8897,non-expert,9cd35e434809cc3b36bfd5710e233002ae34ade1,1,5,with_ai,True,2040254,DEMO_2040254,BCC,BCC,True,1.0,local_therapy,True,0.4463762105242903,,,dermatologyResident,Female
dc298cdab292b7a439778dc07715902b24db8897,non-expert,9cd35e434809cc3b36bfd5710e233002ae34ade1,1,6,without_ai,False,45699,DEMO_0045699,BCC,BCC,True,1.0,biopsy,True,0.4463762105242903,,,dermatologyResident,Female
dc298cdab292b7a439778dc07715902b24db8897,non-expert,9cd35e434809cc3b36bfd5710e233002ae34ade1,1,6,with_ai,True,45699,DEMO_0045699,BCC,OTHER_BENIGN,False,0.0,dismiss,True,0.4463762105242903,,,dermatologyResident,Female
dc298cdab292b7a439778dc07715902b24db8897,non-expert,9cd35e434809cc3b36bfd5710e233002ae34ade1,1,7,without_ai,False,8381805,DEMO_8381805,BCC,MEL,False,0.0,biopsy,True,0.4463762105242903,,,dermatologyResident,Female
dc298cdab292b7a439778dc07715902b24db8897,non-expert,9cd35e434809cc3b36bfd5710e233002ae34ade1,1,7,with_ai,True,8381805,DEMO_8381805,BCC,VASC,False,0.0,local_therapy,True,0.4463762105242903,,,dermatologyResident,Female
dc298cdab292b7a439778dc07715902b24db8897,non-expert,9cd35e434809cc3b36bfd5710e233002ae34ade1,1,8,without_ai,False,1373062,DEMO_1373062,SCCKA,AKIEC,False,0.0,dismiss,True,0.4463762105242903,,,dermatologyResident,Female
dc298cdab292b7a439778dc07715902b24db8897,non-expert,9cd35e434809cc3b36bfd5710e233002ae34ade1,1,8,with_ai,True,1373062,DEMO_1373062,SCCKA,NV,False,0.0,local_therapy,True,0.4463762105242903,,,dermatologyResident,Female
dc298cdab292b7a439778dc07715902b24db8897,non-expert,9cd35e434809cc3b36bfd5710e233002ae34ade1,1,9,without_ai,False,913419,DEMO_0913419,BKL,NV,False,0.0,dismiss,True,0.4463762105242903,,,dermatologyResident,Female
dc298cdab292b7a439778dc07715902b24db8897,non-expert,9cd35e434809cc3b36bfd5710e233002ae34ade1,1,9,with_ai,True,913419,DEMO_0913419,BKL,MEL,False,0.0,monitor,True,0.4463762105242903,,,dermatologyResident,Female
dc298cdab292b7a439778dc07715902b24db8897,non-expert,9cd35e434809cc3b36bfd5710e233002ae34ade1,1,10,without_ai,False,8695462,DEMO_8695462,BCC,NV,False,0.0,dismiss,True,0.4463762105242903,,,dermatologyResident,Female
dc298cdab292b7a439778dc07715902b24db8897,non-expert,9cd35e434809cc3b36bfd5710e233002ae34ade1,1,10,with_ai,True,8695462,DEMO_8695462,BCC,BCC,True,1.0,dismiss,True,0.4463762105242903,,,dermatologyResident,Female
dc298cdab292b7a439778dc07715902b24db8897,non-expert,9cd35e434809cc3b36bfd5710e233002ae34ade1,1,11,without_ai,False,4869293,DEMO_4869293,BCC,MEL,False,0.0,biopsy,True,0.4463762105242903,,,dermatologyResident,Female
dc298cdab292b7a439778dc07715902b24db8897,non-expert,9cd35e434809cc3b36bfd5710e233002ae34ade1,1,11,with_ai,True,4869293,DEMO_4869293,BCC,BCC,True,1.0,local_therapy,True,0.4463762105242903,,,dermatologyResident,Female
dc298cdab292b7a439778dc07715902b24db8897,non-expert,9cd35e434809cc3b36bfd5710e233002ae34ade1,1,12,without_ai,False,2718735,DEMO_2718735,AKIEC,AKIEC,True,1.0,biopsy,True,0.4463762105242903,,,dermatologyResident,Female
dc298cdab292b7a439778dc07715902b24db8897,non-expert,9cd35e434809cc3b36bfd5710e233002ae34ade1,1,12,with_ai,True,2718735,DEMO_2718735,AKIEC,AKIEC,True,1.0,local_therapy,True,0.4463762105242903,,,dermatologyResident,Female
dc298cdab292b7a439778dc07715902b24db8897,non-expert,9cd35e434809cc3b36bfd5710e233002ae34ade1,1,13,without_ai,False,2130085,DEMO_2130085,BCC,BCC,True,1.0,monitor,True,0.4463762105242903,,,dermatologyResident,Female
dc298cdab292b7a439778dc07715902b24db8897,non-expert,9cd35e434809cc3b36bfd5710e233002ae34ade1,1,13,with_ai,True,2130085,DEMO_2130085,BCC,OTHER_MALIGNANT,False,0.0,monitor,True,0.4463762105242903,,,dermatologyResident,Female
dc298cdab292b7a439778dc07715902b24db8897,non-expert,9cd35e434809cc3b36bfd5710e233002ae34ade1,1,14,without_ai,False,9268165,DEMO_9268165,NV,NV,True,1.0,monitor,True,0.4463762105242903,,,dermatologyResident,Female
dc298cdab292b7a439778dc07715902b24db8897,non-expert,9cd35e434809cc3b36bfd5710e233002ae34ade1,1,14,with_ai,True,9268165,DEMO_9268165,NV,AKIEC,False,0.0,monitor,True,0.4463762105242903,,,dermatologyResident,Female
dc298cdab292b7a439778dc07715902b24db8897,non-expert,9cd35e434809cc3b36bfd5710e233002ae34ade1,1,15,without_ai,False,8778786,DEMO_8778786,INF,INF,True,1.0,biopsy,True,0.4463762105242903,,,dermatologyResident,Female
dc298cdab292b7a439778dc07715902b24db8897,non-expert,9cd35e434809cc3b36bfd5710e233002ae34ade1,1,15,with_ai,True,8778786,DEMO_8778786,INF,INF,True,1.0,local_therapy,True,0.4463762105242903,,,dermatologyResident,Female
3be63d56114a20f42a92448b2bae2734e972823a,expert,f532c30a7eb79c8c9b4ad10fe0afe57e715bff78,1,1,without_ai,False,1482520,DEMO_1482520,BCC,BCC,True,1.0,biopsy,True,0.7068407750261311,,,generalPractitioner,Female
3be63d56114a20f42a92448b2bae2734e972823a,expert,f532c30a7eb79c8c9b4ad10fe0afe57e715bff78,1,1,with_ai,True,1482520,DEMO_1482520,BCC,BCC,True,1.0,local_therapy,True,0.7068407750261311,,,generalPractitioner,Female
3be63d56114a20f42a92448b2bae2734e972823a,expert,f532c30a7eb79c8c9b4ad10fe0afe57e715bff78,1,2,without_ai,False,3136131,DEMO_3136131,BKL,BKL,True,1.0,dismiss,True,0.7068407750261311,,,generalPractitioner,Female
3be63d56114a20f42a92448b2bae2734e972823a,expert,f532c30a7eb79c8c9b4ad10fe0afe57e715bff78,1,2,with_ai,True,3136131,DEMO_3136131,BKL,BKL,True,1.0,dismiss,True,0.7068407750261311,,,generalPractitioner,Female
3be63d56114a20f42a92448b2bae2734e972823a,expert,f532c30a7eb79c8c9b4ad10fe0afe57e715bff78,1,3,without_ai,False,8904218,DEMO_8904218,BKL,BKL,True,1.0,dismiss,True,0.7068407750261311,,,generalPractitioner,Female
3be63d56114a20f42a92448b2bae2734e972823a,expert,f532c30a7eb79c8c9b4ad10fe0afe57e715bff78,1,3,with_ai,True,8904218,DEMO_8904218,BKL,BKL,True,1.0,monitor,True,0.7068407750261311,,,generalPractitioner,Female
3be63d56114a20f42a92448b2bae2734e972823a,expert,f532c30a7eb79c8c9b4ad10fe0afe57e715bff78,1,4,without_ai,False,2575501,DEMO_2575501,VASC,VASC,True,1.0,local_therapy,True,0.7068407750261311,,,generalPractitioner,Female
3be63d56114a20f42a92448b2bae2734e972823a,expert,f532c30a7eb79c8c9b4ad10fe0afe57e715bff78,1,4,with_ai,True,2575501,DEMO_2575501,VASC,VASC,True,1.0,biopsy,True,0.7068407750261311,,,generalPractitioner,Female
3be63d56114a20f42a92448b2bae2734e972823a,expert,f532c30a7eb79c8c9b4ad10fe0afe57e715bff78,1,5,without_ai,False,5686456,DEMO_5686456,VASC,VASC,True,1.0,dismiss,True,0.7068407750261311,,,generalPractitioner,Female
3be63d56114a20f42a92448b2bae2734e972823a,expert,f532c30a7eb79c8c9b4ad10fe0afe57e715bff78,1,5,with_ai,True,5686456,DEMO_5686456,VASC,VASC,True,1.0,dismiss,True,0.7068407750261311,,,generalPractitioner,Female
3be63d56114a20f42a92448b2bae2734e972823a,expert,f532c30a7eb79c8c9b4ad10fe0afe57e715bff78,1,6,without_ai,False,4713956,DEMO_4713956,SCCKA,SCCKA,True,1.0,local_therapy,True,0.7068407750261311,,,generalPractitioner,Female
3be63d56114a20f42a92448b2bae2734e972823a,expert,f532c30a7eb79c8c9b4ad10fe0afe57e715bff78,1,6,with_ai,True,4713956,DEMO_4713956,SCCKA,AKIEC,False,0.0,biopsy,True,0.7068407750261311,,,generalPractitioner,Female
3be63d56114a20f42a92448b2bae2734e972823a,expert,f532c30a7eb79c8c9b4ad10fe0afe57e715bff78,1,7,without_ai,False,2509531,DEMO_2509531,OTHER_BENIGN,OTHER_BENIGN,True,1.0,monitor,True,0.7068407750261311,,,generalPractitioner,Female
3be63d56114a20f42a92448b2bae2734e972823a,expert,f532c30a7eb79c8c9b4ad10fe0afe57e715bff78,1,7,with_ai,True,2509531,DEMO_2509531,OTHER_BENIGN,BCC,False,0.0,dismiss,True,0.7068407750261311,,,generalPractitioner,Female
3be63d56114a20f42a92448b2bae2734e972823a,expert,f532c30a7eb79c8c9b4ad10fe0afe57e715bff78,1,8,without_ai,False,3566783,DEMO_3566783,BCC,BCC,True,1.0,local_therapy,True,0.7068407750261311,,,generalPractitioner,Female
3be63d56114a20f42a92448b2bae2734e972823a,expert,f532c30a7eb79c8c9b4ad10fe0afe57e715bff78,1,8,with_ai,True,3566783,DEMO_3566783,BCC,BCC,True,1.0,dismiss,True,0.7068407750261311,,,generalPractitioner,Female
3be63d56114a20f42a92448b2bae2734e972823a,expert,f532c30a7eb79c8c9b4ad10fe0afe57e715bff78,1,9,without_ai,False,387799,DEMO_0387799,SCCKA,SCCKA,True,1.0,biopsy,True,0.7068407750261311,,,generalPractitioner,Female
3be63d56114a20f42a92448b2bae2734e972823a,expert,f532c30a7eb79c8c9b4ad10fe0afe57e715bff78,1,9,with_ai,True,387799,DEMO_0387799,SCCKA,SCCKA,True,1.0,biopsy,True,0.7068407750261311,,,generalPractitioner,Female
3be63d56114a20f42a92448b2bae2734e972823a,expert,f532c30a7eb79c8c9b4ad10fe0afe57e715bff78,1,10,without_ai,False,9496238,DEMO_9496238,VASC,VASC,True,1.0,dismiss,True,0.7068407750261311,,,generalPractitioner,Female
3be63d56114a20f42a92448b2bae2734e972823a,expert,f532c30a7eb79c8c9b4ad10fe0afe57e715bff78,1,10,with_ai,True,9496238,DEMO_9496238,VASC,VASC,True,1.0,monitor,True,0.7068407750261311,,,generalPractitioner,Female
3be63d56114a20f42a92448b2bae2734e972823a,expert,f532c30a7eb79c8c9b4ad10fe0afe57e715bff78,1,11,without_ai,False,4853434,DEMO_4853434,NV,NV,True,1.0,biopsy,True,0.7068407750261311,,,generalPractitioner,Female
3be63d56114a20f42a92448b2bae2734e972823a,expert,f532c30a7eb79c8c9b4ad10fe0afe57e715bff78,1,11,with_ai,True,4853434,DEMO_4853434,NV,NV,True,1.0,dismiss,True,0.7068407750261311,,,generalPractitioner,Female
3be63d56114a20f42a92448b2bae2734e972823a,expert,f532c30a7eb79c8c9b4ad10fe0afe57e715bff78,1,12,without_ai,False,9029035,DEMO_9029035,BCC,BCC,True,1.0,dismiss,True,0.7068407750261311,,,generalPractitioner,Female
3be63d56114a20f42a92448b2bae2734e972823a,expert,f532c30a7eb79c8c9b4ad10fe0afe57e715bff78,1,12,with_ai,True,9029035,DEMO_9029035,BCC,BCC,True,1.0,biopsy,True,0.7068407750261311,,,generalPractitioner,Female
3be63d56114a20f42a92448b2bae2734e972823a,expert,f532c30a7eb79c8c9b4ad10fe0afe57e715bff78,1,13,without_ai,False,3060638,DEMO_3060638,BCC,BCC,True,1.0,biopsy,True,0.7068407750261311,,,generalPractitioner,Female
3be63d56114a20f42a92448b2bae2734e972823a,expert,f532c30a7eb79c8c9b4ad10fe0afe57e715bff78,1,13,with_ai,True,3060638,DEMO_3060638,BCC,BCC,True,1.0,biopsy,True,0.7068407750261311,,,generalPractitioner,Female
3be63d56114a20f42a92448b2bae2734e972823a,expert,f532c30a7eb79c8c9b4ad10fe0afe57e715bff78,1,14,without_ai,False,2363951,DEMO_2363951,INF,INF,True,1.0,biopsy,True,0.7068407750261311,,,generalPractitioner,Female
3be63d56114a20f42a92448b2bae2734e972823a,expert,f532c30a7eb79c8c9b4ad10fe0afe57e715bff78,1,14,with_ai,True,2363951,DEMO_2363951,INF,INF,True,1.0,local_therapy,True,0.7068407750261311,,,generalPractitioner,Female
3be63d56114a20f42a92448b2bae2734e972823a,expert,f532c30a7eb79c8c9b4ad10fe0afe57e715bff78,1,15,without_ai,False,6395135,DEMO_6395135,BKL,BKL,True,1.0,dismiss,True,0.7068407750261311,,,generalPractitioner,Female
3be63d56114a20f42a92448b2bae2734e972823a,expert,f532c30a7eb79c8c9b4ad10fe0afe57e715bff78,1,15,with_ai,True,6395135,DEMO_6395135,BKL,BKL,True,1.0,dismiss,True,0.7068407750261311,,,generalPractitioner,Female
379f7eee44a922e440d20b626ff09f5b12f65016,non-expert,8a8863a35d9a8a027ae1eaf359e4d4a352a07329,1,1,without_ai,False,5278760,DEMO_5278760,OTHER_BENIGN,BKL,False,0.0,biopsy,True,0.4392590916465713,,,boardCertifiedDermatologist,Male
379f7eee44a922e440d20b626ff09f5b12f65016,non-expert,8a8863a35d9a8a027ae1eaf359e4d4a352a07329,1,1,with_ai,True,5278760,DEMO_5278760,OTHER_BENIGN,SCCKA,False,0.0,dismiss,True,0.4392590916465713,,,boardCertifiedDermatologist,Male
379f7eee44a922e440d20b626ff09f5b12f65016,non-expert,8a8863a35d9a8a027ae1eaf359e4d4a352a07329,1,2,without_ai,False,3350120,DEMO_3350120,MEL,AKIEC,False,0.0,local_therapy,True,0.4392590916465713,,,boardCertifiedDermatologist,Male
379f7eee44a922e440d20b626ff09f5b12f65016,non-expert,8a8863a35d9a8a027ae1eaf359e4d4a352a07329,1,2,with_ai,True,3350120,DEMO_3350120,MEL,MEL,True,1.0,monitor,True,0.4392590916465713,,,boardCertifiedDermatologist,Male
379f7eee44a922e440d20b626ff09f5b12f65016,non-expert,8a8863a35d9a8a027ae1eaf359e4d4a352a07329,1,3,without_ai,False,1241756,DEMO_1241756,BCC,BCC,True,1.0,monitor,True,0.4392590916465713,,,boardCertifiedDermatologist,Male
379f7eee44a922e440d20b626ff09f5b12f65016,non-expert,8a8863a35d9a8a027ae1eaf359e4d4a352a07329,1,3,with_ai,True,1241756,DEMO_1241756,BCC,BCC,True,1.0,biopsy,True,0.4392590916465713,,,boardCertifiedDermatologist,Male
379f7eee44a922e440d20b626ff09f5b12f65016,non-expert,8a8863a35d9a8a027ae1eaf359e4d4a352a07329,1,4,without_ai,False,5938198,DEMO_5938198,VASC,VASC,True,1.0,monitor,True,0.4392590916465713,,,boardCertifiedDermatologist,Male
379f7eee44a922e440d20b626ff09f5b12f65016,non-expert,8a8863a35d9a8a027ae1eaf359e4d4a352a07329,1,4,with_ai,True,5938198,DEMO_5938198,VASC,BKL,False,0.0,dismiss,True,0.4392590916465713,,,boardCertifiedDermatologist,Male
379f7eee44a922e440d20b626ff09f5b12f65016,non-expert,8a8863a35d9a8a027ae1eaf359e4d4a352a07329,1,5,without_ai,False,8192834,DEMO_8192834,NV,DF,False,0.0,biopsy,True,0.4392590916465713,,,boardCertifiedDermatologist,Male
379f7eee44a922e440d20b626ff09f5b12f65016,non-expert,8a8863a35d9a8a027ae1eaf359e4d4a352a07329,1,5,with_ai,True,8192834,DEMO_8192834,NV,BKL,False,0.0,local_therapy,True,0.4392590916465713,,,boardCertifiedDermatologist,Male
379f7eee44a922e440d20b626ff09f5b12f65016,non-expert,8a8863a35d9a8a027ae1eaf359e4d4a352a07329,1,6,without_ai,False,1119435,DEMO_1119435,BKL,BKL,True,1.0,monitor,True,0.4392590916465713,,,boardCertifiedDermatologist,Male
379f7eee44a922e440d20b626ff09f5b12f65016,non-expert,8a8863a35d9a8a027ae1eaf359e4d4a352a07329,1,6,with_ai,True,1119435,DEMO_1119435,BKL,BCC,False,0.0,monitor,True,0.4392590916465713,,,boardCertifiedDermatologist,Male
379f7eee44a922e440d20b626ff09f5b12f65016,non-expert,8a8863a35d9a8a027ae1eaf359e4d4a352a07329,1,7,without_ai,False,3966732,DEMO_3966732,BCC,INF,False,0.0,monitor,True,0.4392590916465713,,,boardCertifiedDermatologist,Male
379f7eee44a922e440d20b626ff09f5b12f65016,non-expert,8a8863a35d9a8a027ae1eaf359e4d4a352a07329,1,7,with_ai,True,3966732,DEMO_3966732,BCC,BCC,True,1.0,biopsy,True,0.4392590916465713,,,boardCertifiedDermatologist,Male
379f7eee44a922e440d20b626ff09f5b12f65016,non-expert,8a8863a35d9a8a027ae1eaf359e4d4a352a07329,1,8,without_ai,False,3049617,DEMO_3049617,INF,INF,True,1.0,dismiss,True,0.4392590916465713,,,boardCertifiedDermatologist,Male
379f7eee44a922e440d20b626ff09f5b12f65016,non-expert,8a8863a35d9a8a027ae1eaf359e4d4a352a07329,1,8,with_ai,True,3049617,DEMO_3049617,INF,INF,True,1.0,biopsy,True,0.4392590916465713,,,boardCertifiedDermatologist,Male
379f7eee44a922e440d20b626ff09f5b12f65016,non-expert,8a8863a35d9a8a027ae1eaf359e4d4a352a07329,1,9,without_ai,False,5603534,DEMO_5603534,NV,NV,True,1.0,dismiss,True,0.4392590916465713,,,boardCertifiedDermatologist,Male
379f7eee44a922e440d20b626ff09f5b12f65016,non-expert,8a8863a35d9a8a027ae1eaf359e4d4a352a07329,1,9,with_ai,True,5603534,DEMO_5603534,NV,BKL,False,0.0,biopsy,True,0.4392590916465713,,,boardCertifiedDermatologist,Male
379f7eee44a922e440d20b626ff09f5b12f65016,non-expert,8a8863a35d9a8a027ae1eaf359e4d4a352a07329,1,10,without_ai,False,4411436,DEMO_4411436,AKIEC,AKIEC,True,1.0,biopsy,True,0.4392590916465713,,,boardCertifiedDermatologist,Male
379f7eee44a922e440d20b626ff09f5b12f65016,non-expert,8a8863a35d9a8a027ae1eaf359e4d4a352a07329,1,10,with_ai,True,4411436,DEMO_4411436,AKIEC,VASC,False,0.0,local_therapy,True,0.4392590916465713,,,boardCertifiedDermatologist,Male
379f7eee44a922e440d20b626ff09f5b12f65016,non-expert,8a8863a35d9a8a027ae1eaf359e4d4a352a07329,1,11,without_ai,False,3015129,DEMO_3015129,MEL,OTHER_BENIGN,False,0.0,biopsy,True,0.4392590916465713,,,boardCertifiedDermatologist,Male
379f7eee44a922e440d20b626ff09f5b12f65016,non-expert,8a8863a35d9a8a027ae1eaf359e4d4a352a07329,1,11,with_ai,True,3015129,DEMO_3015129,MEL,MEL,True,1.0,biopsy,True,0.4392590916465713,,,boardCertifiedDermatologist,Male
379f7eee44a922e440d20b626ff09f5b12f65016,non-expert,8a8863a35d9a8a027ae1eaf359e4d4a352a07329,1,12,without_ai,False,6441159,DEMO_6441159,NV,MEL,False,0.0,biopsy,True,0.4392590916465713,,,boardCertifiedDermatologist,Male
379f7eee44a922e440d20b626ff09f5b12f65016,non-expert,8a8863a35d9a8a027ae1eaf359e4d4a352a07329,1,12,with_ai,True,6441159,DEMO_6441159,NV,OTHER_BENIGN,False,0.0,local_therapy,True,0.4392590916465713,,,boardCertifiedDermatologist,Male
379f7eee44a922e440d20b626ff09f5b12f65016,non-expert,8a8863a35d9a8a027ae1eaf359e4d4a352a07329,1,13,without_ai,False,7003110,DEMO_7003110,DF,DF,True,1.0,dismiss,True,0.4392590916465713,,,boardCertifiedDermatologist,Male
379f7eee44a922e440d20b626ff09f5b12f65016,non-expert,8a8863a35d9a8a027ae1eaf359e4d4a352a07329,1,13,with_ai,True,7003110,DEMO_7003110,DF,DF,True,1.0,biopsy,True,0.4392590916465713,,,boardCertifiedDermatologist,Male
379f7eee44a922e440d20b626ff09f5b12f65016,non-expert,8a8863a35d9a8a027ae1eaf359e4d4a352a07329,1,14,without_ai,False,7476815,DEMO_7476815,BCC,INF,False,0.0,local_therapy,True,0.4392590916465713,,,boardCertifiedDermatologist,Male
379f7eee44a922e440d20b626ff09f5b12f65016,non-expert,8a8863a35d9a8a027ae1eaf359e4d4a352a07329,1,14,with_ai,True,7476815,DEMO_7476815,BCC,SCCKA,False,0.0,local_therapy,True,0.4392590916465713,,,boardCertifiedDermatologist,Male
379f7eee44a922e440d20b626ff09f5b12f65016,non-expert,8a8863a35d9a8a027ae1eaf359e4d4a352a07329,1,15,without_ai,False,1436926,DEMO_1436926,BKL,BKL,True,1.0,dismiss,True,0.4392590916465713,,,boardCertifiedDermatologist,Male
379f7eee44a922e440d20b626ff09f5b12f65016,non-expert,8a8863a35d9a8a027ae1eaf359e4d4a352a07329,1,15,with_ai,True,1436926,DEMO_1436926,BKL,BKL,True,1.0,dismiss,True,0.4392590916465713,,,boardCertifiedDermatologist,Male
379f7eee44a922e440d20b626ff09f5b12f65016,non-expert,4d7621b277728c43b54ca11dde64069add44c8bb,2,1,without_ai,False,8990649,DEMO_8990649,AKIEC,BCC,False,0.0,biopsy,True,0.4392590916465713,,,boardCertifiedDermatologist,Male
379f7eee44a922e440d20b626ff09f5b12f65016,non-expert,4d7621b277728c43b54ca11dde64069add44c8bb,2,1,with_ai,True,8990649,DEMO_8990649,AKIEC,AKIEC,True,1.0,biopsy,True,0.4392590916465713,,,boardCertifiedDermatologist,Male
379f7eee44a922e440d20b626ff09f5b12f65016,non-expert,4d7621b277728c43b54ca11dde64069add44c8bb,2,2,without_ai,False,6293570,DEMO_6293570,BKL,VASC,False,0.0,monitor,True,0.4392590916465713,,,boardCertifiedDermatologist,Male
379f7eee44a922e440d20b626ff09f5b12f65016,non-expert,4d7621b277728c43b54ca11dde64069add44c8bb,2,2,with_ai,True,6293570,DEMO_6293570,BKL,OTHER_MALIGNANT,False,0.0,monitor,True,0.4392590916465713,,,boardCertifiedDermatologist,Male
379f7eee44a922e440d20b626ff09f5b12f65016,non-expert,4d7621b277728c43b54ca11dde64069add44c8bb,2,3,without_ai,False,5987640,DEMO_5987640,MEL,BCC,False,0.0,local_therapy,True,0.4392590916465713,,,boardCertifiedDermatologist,Male
379f7eee44a922e440d20b626ff09f5b12f65016,non-expert,4d7621b277728c43b54ca11dde64069add44c8bb,2,3,with_ai,True,5987640,DEMO_5987640,MEL,MEL,True,1.0,biopsy,True,0.4392590916465713,,,boardCertifiedDermatologist,Male
379f7eee44a922e440d20b626ff09f5b12f65016,non-expert,4d7621b277728c43b54ca11dde64069add44c8bb,2,4,without_ai,False,2934053,DEMO_2934053,BKL,INF,False,0.0,biopsy,True,0.4392590916465713,,,boardCertifiedDermatologist,Male
379f7eee44a922e440d20b626ff09f5b12f65016,non-expert,4d7621b277728c43b54ca11dde64069add44c8bb,2,4,with_ai,True,2934053,DEMO_2934053,BKL,BKL,True,1.0,biopsy,True,0.4392590916465713,,,boardCertifiedDermatologist,Male
379f7eee44a922e440d20b626ff09f5b12f65016,non-expert,4d7621b277728c43b54ca11dde64069add44c8bb,2,5,without_ai,False,7531742,DEMO_7531742,AKIEC,NV,False,0.0,local_therapy,True,0.4392590916465713,,,boardCertifiedDermatologist,Male
379f7eee44a922e440d20b626ff09f5b12f65016,non-expert,4d7621b277728c43b54ca11dde64069add44c8bb,2,5,with_ai,True,7531742,DEMO_7531742,AKIEC,AKIEC,True,1.0,biopsy,True,0.4392590916465713,,,boardCertifiedDermatologist,Male
379f7eee44a922e440d20b626ff09f5b12f65016,non-expert,4d7621b277728c43b54ca11dde64069add44c8bb,2,6,without_ai,False,387108,DEMO_0387108,NV,OTHER_MALIGNANT,False,0.0,biopsy,True,0.4392590916465713,,,boardCertifiedDermatologist,Male
379f7eee44a922e440d20b626ff09f5b12f65016,non-expert,4d7621b277728c43b54ca11dde64069add44c8bb,2,6,with_ai,True,387108,DEMO_0387108,NV,VASC,False,0.0,dismiss,True,0.4392590916465713,,,boardCertifiedDermatologist,Male
379f7eee44a922e440d20b626ff09f5b12f65016,non-expert,4d7621b277728c43b54ca11dde64069add44c8bb,2,7,without_ai,False,7847690,DEMO_7847690,BCC,DF,False,0.0,biopsy,True,0.4392590916465713,,,boardCertifiedDermatologist,Male
379f7eee44a922e440d20b626ff09f5b12f65016,non-expert,4d7621b277728c43b54ca11dde64069add44c8bb,2,7,with_ai,True,7847690,DEMO_7847690,BCC,BCC,True,1.0,local_therapy,True,0.4392590916465713,,,boardCertifiedDermatologist,Male
379f7eee44a922e440d20b626ff09f5b12f65016,non-expert,4d7621b277728c43b54ca11dde64069add44c8bb,2,8,without_ai,False,9275736,DEMO_9275736,OTHER_BENIGN,OTHER_MALIGNANT,False,0.0,monitor,True,0.4392590916465713,,,boardCertifiedDermatologist,Male
379f7eee44a922e440d20b626ff09f5b12f65016,non-expert,4d7621b277728c43b54ca11dde64069add44c8bb,2,8,with_ai,True,9275736,DEMO_9275736,OTHER_BENIGN,SCCKA,False,0.0,dismiss,True,0.4392590916465713,,,boardCertifiedDermatologist,Male
379f7eee44a922e440d20b626ff09f5b12f65016,non-expert,4d7621b277728c43b54ca11dde64069add44c8bb,2,9,without_ai,False,4641670,DEMO_4641670,AKIEC,AKIEC,True,1.0,local_therapy,True,0.4392590916465713,,,boardCertifiedDermatologist,Male
379f7eee44a922e440d20b626ff09f5b12f65016,non-expert,4d7621b277728c43b54ca11dde64069add44c8bb,2,9,with_ai,True,4641670,DEMO_4641670,AKIEC,AKIEC,True,1.0,biopsy,True,0.4392590916465713,,,boardCertifiedDermatologist,Male
379f7eee44a922e440d20b626ff09f5b12f65016,non-expert,4d7621b277728c43b54ca11dde64069add44c8bb,2,10,without_ai,False,2012117,DEMO_2012117,BKL,AKIEC,False,0.0,local_therapy,True,0.4392590916465713,,,boardCertifiedDermatologist,Male
379f7eee44a922e440d20b626ff09f5b12f65016,non-expert,4d7621b277728c43b54ca11dde64069add44c8bb,2,10,with_ai,True,2012117,DEMO_2012117,BKL,INF,False,0.0,monitor,True,0.4392590916465713,,,boardCertifiedDermatologist,Male
379f7eee44a922e440d20b626ff09f5b12f65016,non-expert,4d7621b277728c43b54ca11dde64069add44c8bb,2,11,without_ai,False,5147403,DEMO_5147403,NV,NV,True,1.0,dismiss,True,0.4392590916465713,,,boardCertifiedDermatologist,Male
379f7eee44a922e440d20b626ff09f5b12f65016,non-expert,4d7621b277728c43b54ca11dde64069add44c8bb,2,11,with_ai,True,5147403,DEMO_5147403,NV,NV,True,1.0,monitor,True,0.4392590916465713,,,boardCertifiedDermatologist,Male
379f7eee44a922e440d20b626ff09f5b12f65016,non-expert,4d7621b277728c43b54ca11dde64069add44c8bb,2,12,without_ai,False,7951673,DEMO_7951673,DF,DF,True,1.0,monitor,True,0.4392590916465713,,,boardCertifiedDermatologist,Male
379f7eee44a922e440d20b626ff09f5b12f65016,non-expert,4d7621b277728c43b54ca11dde64069add44c8bb,2,12,with_ai,True,7951673,DEMO_7951673,DF,DF,True,1.0,local_therapy,True,0.4392590916465713,,,boardCertifiedDermatologist,Male
379f7eee44a922e440d20b626ff09f5b12f65016,non-expert,4d7621b277728c43b54ca11dde64069add44c8bb,2,13,without_ai,False,3095509,DEMO_3095509,BCC,BCC,True,1.0,local_therapy,True,0.4392590916465713,,,boardCertifiedDermatologist,Male
379f7eee44a922e440d20b626ff09f5b12f65016,non-expert,4d7621b277728c43b54ca11dde64069add44c8bb,2,13,with_ai,True,3095509,DEMO_3095509,BCC,VASC,False,0.0,local_therapy,True,0.4392590916465713,,,boardCertifiedDermatologist,Male
379f7eee44a922e440d20b626ff09f5b12f65016,non-expert,4d7621b277728c43b54ca11dde64069add44c8bb,2,14,without_ai,False,9189032,DEMO_9189032,BKL,BKL,True,1.0,monitor,True,0.4392590916465713,,,boardCertifiedDermatologist,Male
379f7eee44a922e440d20b626ff09f5b12f65016,non-expert,4d7621b277728c43b54ca11dde64069add44c8bb,2,14,with_ai,True,9189032,DEMO_9189032,BKL,BKL,True,1.0,local_therapy,True,0.4392590916465713,,,boardCertifiedDermatologist,Male
379f7eee44a922e440d20b626ff09f5b12f65016,non-expert,4d7621b277728c43b54ca11dde64069add44c8bb,2,15,without_ai,False,6305465,DEMO_6305465,AKIEC,OTHER_BENIGN,False,0.0,monitor,True,0.4392590916465713,,,boardCertifiedDermatologist,Male
379f7eee44a922e440d20b626ff09f5b12f65016,non-expert,4d7621b277728c43b54ca11dde64069add44c8bb,2,15,with_ai,True,6305465,DEMO_6305465,AKIEC,OTHER_BENIGN,False,0.0,dismiss,True,0.4392590916465713,,,boardCertifiedDermatologist,Male
379f7eee44a922e440d20b626ff09f5b12f65016,non-expert,02e61d580bb457a85abfb5b797e676480d2e2e52,3,1,without_ai,False,5667450,DEMO_5667450,DF,DF,True,1.0,biopsy,True,0.4392590916465713,,,boardCertifiedDermatologist,Male
379f7eee44a922e440d20b626ff09f5b12f65016,non-expert,02e61d580bb457a85abfb5b797e676480d2e2e52,3,1,with_ai,True,5667450,DEMO_5667450,DF,OTHER_BENIGN,False,0.0,dismiss,True,0.4392590916465713,,,boardCertifiedDermatologist,Male
379f7eee44a922e440d20b626ff09f5b12f65016,non-expert,02e61d580bb457a85abfb5b797e676480d2e2e52,3,2,without_ai,False,452733,DEMO_0452733,MEL,BCC,False,0.0,local_therapy,True,0.4392590916465713,,,boardCertifiedDermatologist,Male
379f7eee44a922e440d20b626ff09f5b12f65016,non-expert,02e61d580bb457a85abfb5b797e676480d2e2e52,3,2,with_ai,True,452733,DEMO_0452733,MEL,MEL,True,1.0,biopsy,True,0.4392590916465713,,,boardCertifiedDermatologist,Male
379f7eee44a922e440d20b626ff09f5b12f65016,non-expert,02e61d580bb457a85abfb5b797e676480d2e2e52,3,3,without_ai,False,8499723,DEMO_8499723,VASC,MEL,False,0.0,monitor,True,0.4392590916465713,,,boardCertifiedDermatologist,Male
379f7eee44a922e440d20b626ff09f5b12f65016,non-expert,02e61d580bb457a85abfb5b797e676480d2e2e52,3,3,with_ai,True,8499723,DEMO_8499723,VASC,DF,False,0.0,monitor,True,0.4392590916465713,,,boardCertifiedDermatologist,Male
379f7eee44a922e440d20b626ff09f5b12f65016,non-expert,02e61d580bb457a85abfb5b797e676480d2e2e52,3,4,without_ai,False,2808484,DEMO_2808484,NV,DF,False,0.0,dismiss,True,0.4392590916465713,,,boardCertifiedDermatologist,Male
379f7eee44a922e440d20b626ff09f5b12f65016,non-expert,02e61d580bb457a85abfb5b797e676480d2e2e52,3,4,with_ai,True,2808484,DEMO_2808484,NV,NV,True,1.0,monitor,True,0.4392590916465713,,,boardCertifiedDermatologist,Male
379f7eee44a922e440d20b626ff09f5b12f65016,non-expert,02e61d580bb457a85abfb5b797e676480d2e2e52,3,5,without_ai,False,4903657,DEMO_4903657,BKL,BKL,True,1.0,monitor,True,0.4392590916465713,,,boardCertifiedDermatologist,Male
379f7eee44a922e440d20b626ff09f5b12f65016,non-expert,02e61d580bb457a85abfb5b797e676480d2e2e52,3,5,with_ai,True,4903657,DEMO_4903657,BKL,BKL,True,1.0,monitor,True,0.4392590916465713,,,boardCertifiedDermatologist,Male
379f7eee44a922e440d20b626ff09f5b12f65016,non-expert,02e61d580bb457a85abfb5b797e676480d2e2e52,3,6,without_ai,False,9371137,DEMO_9371137,SCCKA,OTHER_BENIGN,False,0.0,dismiss,True,0.4392590916465713,,,boardCertifiedDermatologist,Male
379f7eee44a922e440d20b626ff09f5b12f65016,non-expert,02e61d580bb457a85abfb5b797e676480d2e2e52,3,6,with_ai,True,9371137,DEMO_9371137,SCCKA,NV,False,0.0,monitor,True,0.4392590916465713,,,boardCertifiedDermatologist,Male
379f7eee44a922e440d20b626ff09f5b12f65016,non-expert,02e61d580bb457a85abfb5b797e676480d2e2e52,3,7,without_ai,False,6139588,DEMO_6139588,DF,DF,True,1.0,dismiss,True,0.4392590916465713,,,boardCertifiedDermatologist,Male
379f7eee44a922e440d20b626ff09f5b12f65016,non-expert,02e61d580bb457a85abfb5b797e676480d2e2e52,3,7,with_ai,True,6139588,DEMO_6139588,DF,DF,True,1.0,dismiss,True,0.4392590916465713,,,boardCertifiedDermatologist,Male
379f7eee44a922e440d20b626ff09f5b12f65016,non-expert,02e61d580bb457a85abfb5b797e676480d2e2e52,3,8,without_ai,False,8140037,DEMO_8140037,NV,SCCKA,False,0.0,monitor,True,0.4392590916465713,,,boardCertifiedDermatologist,Male
379f7eee44a922e440d20b626ff09f5b12f65016,non-expert,02e61d580bb457a85abfb5b797e676480d2e2e52,3,8,with_ai,True,8140037,DEMO_8140037,NV,OTHER_BENIGN,False,0.0,dismiss,True,0.4392590916465713,,,boardCertifiedDermatologist,Male
379f7eee44a922e440d20b626ff09f5b12f65016,non-expert,02e61d580bb457a85abfb5b797e676480d2e2e52,3,9,without_ai,False,8506883,DEMO_8506883,BCC,MEL,False,0.0,biopsy,True,0.4392590916465713,,,boardCertifiedDermatologist,Male
379f7eee44a922e440d20b626ff09f5b12f65016,non-expert,02e61d580bb457a85abfb5b797e676480d2e2e52,3,9,with_ai,True,8506883,DEMO_8506883,BCC,BCC,True,1.0,biopsy,True,0.4392590916465713,,,boardCertifiedDermatologist,Male
379f7eee44a922e440d20b626ff09f5b12f65016,non-expert,02e61d580bb457a85abfb5b797e676480d2e2e52,3,10,without_ai,False,3260437,DEMO_3260437,BKL,BKL,True,1.0,monitor,True,0.4392590916465713,,,boardCertifiedDermatologist,Male
379f7eee44a922e440d20b626ff09f5b12f65016,non-expert,02e61d580bb457a85abfb5b797e676480d2e2e52,3,10,with_ai,True,3260437,DEMO_3260437,BKL,BKL,True,1.0,monitor,True,0.4392590916465713,,,boardCertifiedDermatologist,Male
379f7eee44a922e440d20b626ff09f5b12f65016,non-expert,02e61d580bb457a85abfb5b797e676480d2e2e52,3,11,without_ai,False,8446613,DEMO_8446613,DF,DF,True,1.0,dismiss,True,0.4392590916465713,,,boardCertifiedDermatologist,Male
379f7eee44a922e440d20b626ff09f5b12f65016,non-expert,02e61d580bb457a85abfb5b797e676480d2e2e52,3,11,with_ai,True,8446613,DEMO_8446613,DF,AKIEC,False,0.0,dismiss,True,0.4392590916465713,,,boardCertifiedDermatologist,Male
379f7eee44a922e440d20b626ff09f5b12f65016,non-expert,02e61d580bb457a85abfb5b797e676480d2e2e52,3,12,without_ai,False,623772,DEMO_0623772,BCC,SCCKA,False,0.0,biopsy,True,0.4392590916465713,,,boardCertifiedDermatologist,Male
379f7eee44a922e440d20b626ff09f5b12f65016,non-expert,02e61d580bb457a85abfb5b797e676480d2e2e52,3,12,with_ai,True,623772,DEMO_0623772,BCC,OTHER_MALIGNANT,False,0.0,local_therapy,True,0.4392590916465713,,,boardCertifiedDermatologist,Male
379f7eee44a922e440d20b626ff09f5b12f65016,non-expert,02e61d580bb457a85abfb5b797e676480d2e2e52,3,13,without_ai,False,1924229,DEMO_1924229,BCC,BCC,True,1.0,biopsy,True,0.4392590916465713,,,boardCertifiedDermatologist,Male
379f7eee44a922e440d20b626ff09f5b12f65016,non-expert,02e61d580bb457a85abfb5b797e676480d2e2e52,3,13,with_ai,True,1924229,DEMO_1924229,BCC,MEL,False,0.0,biopsy,True,0.4392590916465713,,,boardCertifiedDermatologist,Male
379f7eee44a922e440d20b626ff09f5b12f65016,non-expert,02e61d580bb457a85abfb5b797e676480d2e2e52,3,14,without_ai,False,1526263,DEMO_1526263,DF,NV,False,0.0,dismiss,True,0.4392590916465713,,,boardCertifiedDermatologist,Male
379f7eee44a922e440d20b626ff09f5b12f65016,non-expert,02e61d580bb457a85abfb5b797e676480d2e2e52,3,14,with_ai,True,1526263,DEMO_1526263,DF,AKIEC,False,0.0,dismiss,True,0.4392590916465713,,,boardCertifiedDermatologist,Male
379f7eee44a922e440d20b626ff09f5b12f65016,non-expert,02e61d580bb457a85abfb5b797e676480d2e2e52,3,15,without_ai,False,7146266,DEMO_7146266,BCC,INF,False,0.0,biopsy,True,0.4392590916465713,,,boardCertifiedDermatologist,Male
379f7eee44a922e440d20b626ff09f5b12f65016,non-expert,02e61d580bb457a85abfb5b797e676480d2e2e52,3,15,with_ai,True,7146266,DEMO_7146266,BCC,BKL,False,0.0,biopsy,True,0.4392590916465713,,,boardCertifiedDermatologist,Male
63a0b085c2f3886cc7600ea35a5de4f312e3f69c,expert,ae3530c1a0c8ca0be5d2e80cc12907e129775d73,1,1,without_ai,False,6458743,DEMO_6458743,NV,NV,True,1.0,dismiss,True,0.8673262427699899,,,generalPractitioner,Male
63a0b085c2f3886cc7600ea35a5de4f312e3f69c,expert,ae3530c1a0c8ca0be5d2e80cc12907e129775d73,1,1,with_ai,True,6458743,DEMO_6458743,NV,NV,True,1.0,dismiss,True,0.8673262427699899,,,generalPractitioner,Male
63a0b085c2f3886cc7600ea35a5de4f312e3f69c,expert,ae3530c1a0c8ca0be5d2e80cc12907e129775d73,1,2,without_ai,False,4295311,DEMO_4295311,NV,NV,True,1.0,monitor,True,0.8673262427699899,,,generalPractitioner,Male
63a0b085c2f3886cc7600ea35a5de4f312e3f69c,expert,ae3530c1a0c8ca0be5d2e80cc12907e129775d73,1,2,with_ai,True,4295311,DEMO_4295311,NV,NV,True,1.0,local_therapy,True,0.8673262427699899,,,generalPractitioner,Male
63a0b085c2f3886cc7600ea35a5de4f312e3f69c,expert,ae3530c1a0c8ca0be5d2e80cc12907e129775d73,1,3,without_ai,False,5753480,DEMO_5753480,NV,BCC,False,0.0,monitor,True,0.8673262427699899,,,generalPractitioner,Male
63a0b085c2f3886cc7600ea35a5de4f312e3f69c,expert,ae3530c1a0c8ca0be5d2e80cc12907e129775d73,1,3,with_ai,True,5753480,DEMO_5753480,NV,NV,True,1.0,monitor,True,0.8673262427699899,,,generalPractitioner,Male
63a0b085c2f3886cc7600ea35a5de4f312e3f69c,expert,ae3530c1a0c8ca0be5d2e80cc12907e129775d73,1,4,without_ai,False,7992027,DEMO_7992027,NV,NV,True,1.0,dismiss,True,0.8673262427699899,,,generalPractitioner,Male
63a0b085c2f3886cc7600ea35a5de4f312e3f69c,expert,ae3530c1a0c8ca0be5d2e80cc12907e129775d73,1,4,with_ai,True,7992027,DEMO_7992027,NV,NV,True,1.0,dismiss,True,0.8673262427699899,,,generalPractitioner,Male
63a0b085c2f3886cc7600ea35a5de4f312e3f69c,expert,ae3530c1a0c8ca0be5d2e80cc12907e129775d73,1,5,without_ai,False,812554,DEMO_0812554,BKL,BKL,True,1.0,dismiss,True,0.8673262427699899,,,generalPractitioner,Male
63a0b085c2f3886cc7600ea35a5de4f312e3f69c,expert,ae3530c1a0c8ca0be5d2e80cc12907e129775d73,1,5,with_ai,True,812554,DEMO_0812554,BKL,BKL,True,1.0,dismiss,True,0.8673262427699899,,,generalPractitioner,Male
63a0b085c2f3886cc7600ea35a5de4f312e3f69c,expert,ae3530c1a0c8ca0be5d2e80cc12907e129775d73,1,6,without_ai,False,1810461,DEMO_1810461,BCC,BCC,True,1.0,biopsy,True,0.8673262427699899,,,generalPractitioner,Male
63a0b085c2f3886cc7600ea35a5de4f312e3f69c,expert,ae3530c1a0c8ca0be5d2e80cc12907e129775d73,1,6,with_ai,True,1810461,DEMO_1810461,BCC,BCC,True,1.0,local_therapy,True,0.8673262427699899,,,generalPractitioner,Male
63a0b085c2f3886cc7600ea35a5de4f312e3f69c,expert,ae3530c1a0c8ca0be5d2e80cc12907e129775d73,1,7,without_ai,False,190107,DEMO_0190107,NV,NV,True,1.0,dismiss,True,0.8673262427699899,,,generalPractitioner,Male
63a0b085c2f3886cc7600ea35a5de4f312e3f69c,expert,ae3530c1a0c8ca0be5d2e80cc12907e129775d73,1,7,with_ai,True,190107,DEMO_0190107,NV,NV,True,1.0,dismiss,True,0.8673262427699899,,,generalPractitioner,Male
63a0b085c2f3886cc7600ea35a5de4f312e3f69c,expert,ae3530c1a0c8ca0be5d2e80cc12907e129775d73,1,8,without_ai,False,1511281,DEMO_1511281,NV,NV,True,1.0,monitor,True,0.8673262427699899,,,generalPractitioner,Male
63a0b085c2f3886cc7600ea35a5de4f312e3f69c,expert,ae3530c1a0c8ca0be5d2e80cc12907e129775d73,1,8,with_ai,True,1511281,DEMO_1511281,NV,NV,True,1.0,dismiss,True,0.8673262427699899,,,generalPractitioner,Male
63a0b085c2f3886cc7600ea35a5de4f312e3f69c,expert,ae3530c1a0c8ca0be5d2e80cc12907e129775d73,1,9,without_ai,False,5551748,DEMO_5551748,NV,OTHER_MALIGNANT,False,0.0,monitor,True,0.8673262427699899,,,generalPractitioner,Male
63a0b085c2f3886cc7600ea35a5de4f312e3f69c,expert,ae3530c1a0c8ca0be5d2e80cc12907e129775d73,1,9,with_ai,True,5551748,DEMO_5551748,NV,NV,True,1.0,monitor,True,0.8673262427699899,,,generalPractitioner,Male
63a0b085c2f3886cc7600ea35a5de4f312e3f69c,expert,ae3530c1a0c8ca0be5d2e80cc12907e129775d73,1,10,without_ai,False,3264575,DEMO_3264575,BCC,BCC,True,1.0,local_therapy,True,0.8673262427699899,,,generalPractitioner,Male
63a0b085c2f3886cc7600ea35a5de4f312e3f69c,expert,ae3530c1a0c8ca0be5d2e80cc12907e129775d73,1,10,with_ai,True,3264575,DEMO_3264575,BCC,BCC,True,1.0,biopsy,True,0.8673262427699899,,,generalPractitioner,Male
63a0b085c2f3886cc7600ea35a5de4f312e3f69c,expert,ae3530c1a0c8ca0be5d2e80cc12907e129775d73,1,11,without_ai,False,626278,DEMO_0626278,MEL,MEL,True,1.0,local_therapy,True,0.8673262427699899,,,generalPractitioner,Male
63a0b085c2f3886cc7600ea35a5de4f312e3f69c,expert,ae3530c1a0c8ca0be5d2e80cc12907e129775d73,1,11,with_ai,True,626278,DEMO_0626278,MEL,MEL,True,1.0,local_therapy,True,0.8673262427699899,,,generalPractitioner,Male
63a0b085c2f3886cc7600ea35a5de4f312e3f69c,expert,ae3530c1a0c8ca0be5d2e80cc12907e129775d73,1,12,without_ai,False,9626494,DEMO_9626494,OTHER_BENIGN,OTHER_BENIGN,True,1.0,dismiss,True,0.8673262427699899,,,generalPractitioner,Male
63a0b085c2f3886cc7600ea35a5de4f312e3f69c,expert,ae3530c1a0c8ca0be5d2e80cc12907e129775d73,1,12,with_ai,True,9626494,DEMO_9626494,OTHER_BENIGN,OTHER_BENIGN,True,1.0,dismiss,True,0.8673262427699899,,,generalPractitioner,Male
63a0b085c2f3886cc7600ea35a5de4f312e3f69c,expert,ae3530c1a0c8ca0be5d2e80cc12907e129775d73,1,13,without_ai,False,8401228,DEMO_8401228,BCC,BCC,True,1.0,local_therapy,True,0.8673262427699899,,,generalPractitioner,Male
63a0b085c2f3886cc7600ea35a5de4f312e3f69c,expert,ae3530c1a0c8ca0be5d2e80cc12907e129775d73,1,13,with_ai,True,8401228,DEMO_8401228,BCC,BCC,True,1.0,local_therapy,True,0.8673262427699899,,,generalPractitioner,Male
63a0b085c2f3886cc7600ea35a5de4f312e3f69c,expert,ae3530c1a0c8ca0be5d2e80cc12907e129775d73,1,14,without_ai,False,3178466,DEMO_3178466,BKL,BKL,True,1.0,dismiss,True,0.8673262427699899,,,generalPractitioner,Male
63a0b085c2f3886cc7600ea35a5de4f312e3f69c,expert,ae3530c1a0c8ca0be5d2e80cc12907e129775d73,1,14,with_ai,True,3178466,DEMO_3178466,BKL,BKL,True,1.0,monitor,True,0.8673262427699899,,,generalPractitioner,Male
63a0b085c2f3886cc7600ea35a5de4f312e3f69c,expert,ae3530c1a0c8ca0be5d2e80cc12907e129775d73,1,15,without_ai,False,7375231,DEMO_7375231,SCCKA,SCCKA,True,1.0,local_therapy,True,0.8673262427699899,,,generalPractitioner,Male
63a0b085c2f3886cc7600ea35a5de4f312e3f69c,expert,ae3530c1a0c8ca0be5d2e80cc12907e129775d73,1,15,with_ai,True,7375231,DEMO_7375231,SCCKA,SCCKA,True,1.0,biopsy,True,0.8673262427699899,,,generalPractitioner,Male
4297e49df710be824b0c7e6250f80a95ad137847,non-expert,a64ddfedf05e61d6b00db89b4d5d205b7a28a57f,1,1,without_ai,False,3446757,DEMO_3446757,AKIEC,AKIEC,True,1.0,biopsy,True,0.3151570835202048,,,generalPractitioner,Male
4297e49df710be824b0c7e6250f80a95ad137847,non-expert,a64ddfedf05e61d6b00db89b4d5d205b7a28a57f,1,1,with_ai,True,3446757,DEMO_3446757,AKIEC,BKL,False,0.0,dismiss,True,0.3151570835202048,,,generalPractitioner,Male
4297e49df710be824b0c7e6250f80a95ad137847,non-expert,a64ddfedf05e61d6b00db89b4d5d205b7a28a57f,1,2,without_ai,False,2510982,DEMO_2510982,NV,BCC,False,0.0,dismiss,True,0.3151570835202048,,,generalPractitioner,Male
4297e49df710be824b0c7e6250f80a95ad137847,non-expert,a64ddfedf05e61d6b00db89b4d5d205b7a28a57f,1,2,with_ai,True,2510982,DEMO_2510982,NV,VASC,False,0.0,biopsy,True,0.3151570835202048,,,generalPractitioner,Male
4297e49df710be824b0c7e6250f80a95ad137847,non-expert,a64ddfedf05e61d6b00db89b4d5d205b7a28a57f,1,3,without_ai,False,3551868,DEMO_3551868,NV,BKL,False,0.0,monitor,True,0.3151570835202048,,,generalPractitioner,Male
4297e49df710be824b0c7e6250f80a95ad137847,non-expert,a64ddfedf05e61d6b00db89b4d5d205b7a28a57f,1,3,with_ai,True,3551868,DEMO_3551868,NV,DF,False,0.0,monitor,True,0.3151570835202048,,,generalPractitioner,Male
4297e49df710be824b0c7e6250f80a95ad137847,non-expert,a64ddfedf05e61d6b00db89b4d5d205b7a28a57f,1,4,without_ai,False,7729906,DEMO_7729906,BCC,AKIEC,False,0.0,biopsy,True,0.3151570835202048,,,generalPractitioner,Male
4297e49df710be824b0c7e6250f80a95ad137847,non-expert,a64ddfedf05e61d6b00db89b4d5d205b7a28a57f,1,4,with_ai,True,7729906,DEMO_7729906,BCC,INF,False,0.0,biopsy,True,0.3151570835202048,,,generalPractitioner,Male
4297e49df710be824b0c7e6250f80a95ad137847,non-expert,a64ddfedf05e61d6b00db89b4d5d205b7a28a57f,1,5,without_ai,False,4629709,DEMO_4629709,DF,BKL,False,0.0,monitor,True,0.3151570835202048,,,generalPractitioner,Male
4297e49df710be824b0c7e6250f80a95ad137847,non-expert,a64ddfedf05e61d6b00db89b4d5d205b7a28a57f,1,5,with_ai,True,4629709,DEMO_4629709,DF,DF,True,1.0,biopsy,True,0.3151570835202048,,,generalPractitioner,Male
4297e49df710be824b0c7e6250f80a95ad137847,non-expert,a64ddfedf05e61d6b00db89b4d5d205b7a28a57f,1,6,without_ai,False,5809389,DEMO_5809389,NV,OTHER_BENIGN,False,0.0,monitor,True,0.3151570835202048,,,generalPractitioner,Male
4297e49df710be824b0c7e6250f80a95ad137847,non-expert,a64ddfedf05e61d6b00db89b4d5d205b7a28a57f,1,6,with_ai,True,5809389,DEMO_5809389,NV,NV,True,1.0,monitor,True,0.3151570835202048,,,generalPractitioner,Male
4297e49df710be824b0c7e6250f80a95ad137847,non-expert,a64ddfedf05e61d6b00db89b4d5d205b7a28a57f,1,7,without_ai,False,7262928,DEMO_7262928,BCC,AKIEC,False,0.0,biopsy,True,0.3151570835202048,,,generalPractitioner,Male
4297e49df710be824b0c7e6250f80a95ad137847,non-expert,a64ddfedf05e61d6b00db89b4d5d205b7a28a57f,1,7,with_ai,True,7262928,DEMO_7262928,BCC,BCC,True,1.0,local_therapy,True,0.3151570835202048,,,generalPractitioner,Male
4297e49df710be824b0c7e6250f80a95ad137847,non-expert,a64ddfedf05e61d6b00db89b4d5d205b7a28a57f,1,8,without_ai,False,5019820,DEMO_5019820,SCCKA,OTHER_BENIGN,False,0.0,biopsy,True,0.3151570835202048,,,generalPractitioner,Male
4297e49df710be824b0c7e6250f80a95ad137847,non-expert,a64ddfedf05e61d6b00db89b4d5d205b7a28a57f,1,8,with_ai,True,5019820,DEMO_5019820,SCCKA,BCC,False,0.0,monitor,True,0.3151570835202048,,,generalPractitioner,Male
4297e49df710be824b0c7e6250f80a95ad137847,non-expert,a64ddfedf05e61d6b00db89b4d5d205b7a28a57f,1,9,without_ai,False,7591530,DEMO_7591530,SCCKA,INF,False,0.0,dismiss,True,0.3151570835202048,,,generalPractitioner,Male
4297e49df710be824b0c7e6250f80a95ad137847,non-expert,a64ddfedf05e61d6b00db89b4d5d205b7a28a57f,1,9,with_ai,True,7591530,DEMO_7591530,SCCKA,INF,False,0.0,biopsy,True,0.3151570835202048,,,generalPractitioner,Male
4297e49df710be824b0c7e6250f80a95ad137847,non-expert,a64ddfedf05e61d6b00db89b4d5d205b7a28a57f,1,10,without_ai,False,6479371,DEMO_6479371,DF,NV,False,0.0,monitor,True,0.3151570835202048,,,generalPractitioner,Male
4297e49df710be824b0c7e6250f80a95ad137847,non-expert,a64ddfedf05e61d6b00db89b4d5d205b7a28a57f,1,10,with_ai,True,6479371,DEMO_6479371,DF,DF,True,1.0,dismiss,True,0.3151570835202048,,,generalPractitioner,Male
4297e49df710be824b0c7e6250f80a95ad137847,non-expert,a64ddfedf05e61d6b00db89b4d5d205b7a28a57f,1,11,without_ai,False,6672170,DEMO_6672170,BCC,VASC,False,0.0,biopsy,True,0.3151570835202048,,,generalPractitioner,Male
4297e49df710be824b0c7e6250f80a95ad137847,non-expert,a64ddfedf05e61d6b00db89b4d5d205b7a28a57f,1,11,with_ai,True,6672170,DEMO_6672170,BCC,INF,False,0.0,monitor,True,0.3151570835202048,,,generalPractitioner,Male
4297e49df710be824b0c7e6250f80a95ad137847,non-expert,a64ddfedf05e61d6b00db89b4d5d205b7a28a57f,1,12,without_ai,False,2640572,DEMO_2640572,BCC,INF,False,0.0,local_therapy,True,0.3151570835202048,,,generalPractitioner,Male
4297e49df710be824b0c7e6250f80a95ad137847,non-expert,a64ddfedf05e61d6b00db89b4d5d205b7a28a57f,1,12,with_ai,True,2640572,DEMO_2640572,BCC,BCC,True,1.0,biopsy,True,0.3151570835202048,,,generalPractitioner,Male
4297e49df710be824b0c7e6250f80a95ad137847,non-expert,a64ddfedf05e61d6b00db89b4d5d205b7a28a57f,1,13,without_ai,False,7809358,DEMO_7809358,BKL,NV,False,0.0,local_therapy,True,0.3151570835202048,,,generalPractitioner,Male
4297e49df710be824b0c7e6250f80a95ad137847,non-expert,a64ddfedf05e61d6b00db89b4d5d205b7a28a57f,1,13,with_ai,True,7809358,DEMO_7809358,BKL,NV,False,0.0,monitor,True,0.3151570835202048,,,generalPractitioner,Male
4297e49df710be824b0c7e6250f80a95ad137847,non-expert,a64ddfedf05e61d6b00db89b4d5d205b7a28a57f,1,14,without_ai,False,8117472,DEMO_8117472,NV,OTHER_MALIGNANT,False,0.0,dismiss,True,0.3151570835202048,,,generalPractitioner,Male
4297e49df710be824b0c7e6250f80a95ad137847,non-expert,a64ddfedf05e61d6b00db89b4d5d205b7a28a57f,1,14,with_ai,True,8117472,DEMO_8117472,NV,NV,True,1.0,monitor,True,0.3151570835202048,,,generalPractitioner,Male
4297e49df710be824b0c7e6250f80a95ad137847,non-expert,a64ddfedf05e61d6b00db89b4d5d205b7a28a57f,1,15,without_ai,False,1294311,DEMO_1294311,SCCKA,BKL,False,0.0,local_therapy,True,0.3151570835202048,,,generalPractitioner,Male
4297e49df710be824b0c7e6250f80a95ad137847,non-expert,a64ddfedf05e61d6b00db89b4d5d205b7a28a57f,1,15,with_ai,True,1294311,DEMO_1294311,SCCKA,SCCKA,True,1.0,local_therapy,True,0.3151570835202048,,,generalPractitioner,Male
6b860eaf47f961b7c7d61da48b0aa8f8213beadf,non-expert,bae90cc51c1119abf8cf1415a2628079d906f0a7,1,1,without_ai,False,1620342,DEMO_1620342,NV,INF,False,0.0,dismiss,True,0.182486777438393,,,generalPractitioner,Male
6b860eaf47f961b7c7d61da48b0aa8f8213beadf,non-expert,bae90cc51c1119abf8cf1415a2628079d906f0a7,1,1,with_ai,True,1620342,DEMO_1620342,NV,AKIEC,False,0.0,biopsy,True,0.182486777438393,,,generalPractitioner,Male
6b860eaf47f961b7c7d61da48b0aa8f8213beadf,non-expert,bae90cc51c1119abf8cf1415a2628079d906f0a7,1,2,without_ai,False,8850188,DEMO_8850188,NV,MEL,False,0.0,biopsy,True,0.182486777438393,,,generalPractitioner,Male
6b860eaf47f961b7c7d61da48b0aa8f8213beadf,non-expert,bae90cc51c1119abf8cf1415a2628079d906f0a7,1,2,with_ai,True,8850188,DEMO_8850188,NV,AKIEC,False,0.0,dismiss,True,0.182486777438393,,,generalPractitioner,Male
6b860eaf47f961b7c7d61da48b0aa8f8213beadf,non-expert,bae90cc51c1119abf8cf1415a2628079d906f0a7,1,3,without_ai,False,2020639,DEMO_2020639,BKL,AKIEC,False,0.0,monitor,True,0.182486777438393,,,generalPractitioner,Male
6b860eaf47f961b7c7d61da48b0aa8f8213beadf,non-expert,bae90cc51c1119abf8cf1415a2628079d906f0a7,1,3,with_ai,True,2020639,DEMO_2020639,BKL,INF,False,0.0,dismiss,True,0.182486777438393,,,generalPractitioner,Male
6b860eaf47f961b7c7d61da48b0aa8f8213beadf,non-expert,bae90cc51c1119abf8cf1415a2628079d906f0a7,1,4,without_ai,False,8629142,DEMO_8629142,NV,SCCKA,False,0.0,monitor,True,0.182486777438393,,,generalPractitioner,Male
6b860eaf47f961b7c7d61da48b0aa8f8213beadf,non-expert,bae90cc51c1119abf8cf1415a2628079d906f0a7,1,4,with_ai,True,8629142,DEMO_8629142,NV,NV,True,1.0,monitor,True,0.182486777438393,,,generalPractitioner,Male
6b860eaf47f961b7c7d61da48b0aa8f8213beadf,non-expert,bae90cc51c1119abf8cf1415a2628079d906f0a7,1,5,without_ai,False,7040956,DEMO_7040956,AKIEC,NV,False,0.0,biopsy,True,0.182486777438393,,,generalPractitioner,Male
6b860eaf47f961b7c7d61da48b0aa8f8213beadf,non-expert,bae90cc51c1119abf8cf1415a2628079d906f0a7,1,5,with_ai,True,7040956,DEMO_7040956,AKIEC,OTHER_MALIGNANT,False,0.0,biopsy,True,0.182486777438393,,,generalPractitioner,Male
6b860eaf47f961b7c7d61da48b0aa8f8213beadf,non-expert,bae90cc51c1119abf8cf1415a2628079d906f0a7,1,6,without_ai,False,3949347,DEMO_3949347,VASC,NV,False,0.0,dismiss,True,0.182486777438393,,,generalPractitioner,Male
6b860eaf47f961b7c7d61da48b0aa8f8213beadf,non-expert,bae90cc51c1119abf8cf1415a2628079d906f0a7,1,6,with_ai,True,3949347,DEMO_3949347,VASC,BCC,False,0.0,dismiss,True,0.182486777438393,,,generalPractitioner,Male
6b860eaf47f961b7c7d61da48b0aa8f8213beadf,non-expert,bae90cc51c1119abf8cf1415a2628079d906f0a7,1,7,without_ai,False,1701120,DEMO_1701120,MEL,DF,False,0.0,monitor,True,0.182486777438393,,,generalPractitioner,Male
6b860eaf47f961b7c7d61da48b0aa8f8213beadf,non-expert,bae90cc51c1119abf8cf1415a2628079d906f0a7,1,7,with_ai,True,1701120,DEMO_1701120,MEL,BKL,False,0.0,local_therapy,True,0.182486777438393,,,generalPractitioner,Male
6b860eaf47f961b7c7d61da48b0aa8f8213beadf,non-expert,bae90cc51c1119abf8cf1415a2628079d906f0a7,1,8,without_ai,False,4445391,DEMO_4445391,VASC,OTHER_MALIGNANT,False,0.0,dismiss,True,0.182486777438393,,,generalPractitioner,Male
6b860eaf47f961b7c7d61da48b0aa8f8213beadf,non-expert,bae90cc51c1119abf8cf1415a2628079d906f0a7,1,8,with_ai,True,4445391,DEMO_4445391,VASC,OTHER_BENIGN,False,0.0,monitor,True,0.182486777438393,,,generalPractitioner,Male
6b860eaf47f961b7c7d61da48b0aa8f8213beadf,non-expert,bae90cc51c1119abf8cf1415a2628079d906f0a7,1,9,without_ai,False,2199980,DEMO_2199980,MEL,BCC,False,0.0,biopsy,True,0.182486777438393,,,generalPractitioner,Male
6b860eaf47f961b7c7d61da48b0aa8f8213beadf,non-expert,bae90cc51c1119abf8cf1415a2628079d906f0a7,1,9,with_ai,True,2199980,DEMO_2199980,MEL,INF,False,0.0,biopsy,True,0.182486777438393,,,generalPractitioner,Male
6b860eaf47f961b7c7d61da48b0aa8f8213beadf,non-expert,bae90cc51c1119abf8cf1415a2628079d906f0a7,1,10,without_ai,False,3808563,DEMO_3808563,AKIEC,MEL,False,0.0,local_therapy,True,0.182486777438393,,,generalPractitioner,Male
6b860eaf47f961b7c7d61da48b0aa8f8213beadf,non-expert,bae90cc51c1119abf8cf1415a2628079d906f0a7,1,10,with_ai,True,3808563,DEMO_3808563,AKIEC,NV,False,0.0,biopsy,True,0.182486777438393,,,generalPractitioner,Male
6b860eaf47f961b7c7d61da48b0aa8f8213beadf,non-expert,bae90cc51c1119abf8cf1415a2628079d906f0a7,1,11,without_ai,False,5238560,DEMO_5238560,NV,OTHER_BENIGN,False,0.0,biopsy,True,0.182486777438393,,,generalPractitioner,Male
6b860eaf47f961b7c7d61da48b0aa8f8213beadf,non-expert,bae90cc51c1119abf8cf1415a2628079d906f0a7,1,11,with_ai,True,5238560,DEMO_5238560,NV,OTHER_MALIGNANT,False,0.0,biopsy,True,0.182486777438393,,,generalPractitioner,Male
6b860eaf47f961b7c7d61da48b0aa8f8213beadf,non-expert,bae90cc51c1119abf8cf1415a2628079d906f0a7,1,12,without_ai,False,2987777,DEMO_2987777,MEL,OTHER_MALIGNANT,False,0.0,monitor,True,0.182486777438393,,,generalPractitioner,Male
6b860eaf47f961b7c7d61da48b0aa8f8213beadf,non-expert,bae90cc51c1119abf8cf1415a2628079d906f0a7,1,12,with_ai,True,2987777,DEMO_2987777,MEL,INF,False,0.0,local_therapy,True,0.182486777438393,,,generalPractitioner,Male
6b860eaf47f961b7c7d61da48b0aa8f8213beadf,non-expert,bae90cc51c1119abf8cf1415a2628079d906f0a7,1,13,without_ai,False,6418707,DEMO_6418707,NV,NV,True,1.0,dismiss,True,0.182486777438393,,,generalPractitioner,Male
6b860eaf47f961b7c7d61da48b0aa8f8213beadf,non-expert,bae90cc51c1119abf8cf1415a2628079d906f0a7,1,13,with_ai,True,6418707,DEMO_6418707,NV,VASC,False,0.0,dismiss,True,0.182486777438393,,,generalPractitioner,Male
6b860eaf47f961b7c7d61da48b0aa8f8213beadf,non-expert,bae90cc51c1119abf8cf1415a2628079d906f0a7,1,14,without_ai,False,4314342,DEMO_4314342,SCCKA,SCCKA,True,1.0,biopsy,True,0.182486777438393,,,generalPractitioner,Male
6b860eaf47f961b7c7d61da48b0aa8f8213beadf,non-expert,bae90cc51c1119abf8cf1415a2628079d906f0a7,1,14,with_ai,True,4314342,DEMO_4314342,SCCKA,SCCKA,True,1.0,biopsy,True,0.182486777438393,,,generalPractitioner,Male
6b860eaf47f961b7c7d61da48b0aa8f8213beadf,non-expert,bae90cc51c1119abf8cf1415a2628079d906f0a7,1,15,without_ai,False,2008020,DEMO_2008020,AKIEC,VASC,False,0.0,local_therapy,True,0.182486777438393,,,generalPractitioner,Male
6b860eaf47f961b7c7d61da48b0aa8f8213beadf,non-expert,bae90cc51c1119abf8cf1415a2628079d906f0a7,1,15,with_ai,True,2008020,DEMO_2008020,AKIEC,INF,False,0.0,biopsy,True,0.182486777438393,,,generalPractitioner,Male
6b860eaf47f961b7c7d61da48b0aa8f8213beadf,non-expert,eaebbc7e476fb974e489340342376bc8810b4dce,2,1,without_ai,False,6558291,DEMO_6558291,INF,OTHER_MALIGNANT,False,0.0,local_therapy,True,0.182486777438393,,,generalPractitioner,Male
6b860eaf47f961b7c7d61da48b0aa8f8213beadf,non-expert,eaebbc7e476fb974e489340342376bc8810b4dce,2,1,with_ai,True,6558291,DEMO_6558291,INF,AKIEC,False,0.0,dismiss,True,0.182486777438393,,,generalPractitioner,Male
6b860eaf47f961b7c7d61da48b0aa8f8213beadf,non-expert,eaebbc7e476fb974e489340342376bc8810b4dce,2,2,without_ai,False,5859155,DEMO_5859155,BCC,BKL,False,0.0,biopsy,True,0.182486777438393,,,generalPractitioner,Male
6b860eaf47f961b7c7d61da48b0aa8f8213beadf,non-expert,eaebbc7e476fb974e489340342376bc8810b4dce,2,2,with_ai,True,5859155,DEMO_5859155,BCC,INF,False,0.0,biopsy,True,0.182486777438393,,,generalPractitioner,Male
6b860eaf47f961b7c7d61da48b0aa8f8213beadf,non-expert,eaebbc7e476fb974e489340342376bc8810b4dce,2,3,without_ai,False,4556412,DEMO_4556412,NV,NV,True,1.0,monitor,True,0.182486777438393,,,generalPractitioner,Male
6b860eaf47f961b7c7d61da48b0aa8f8213beadf,non-expert,eaebbc7e476fb974e489340342376bc8810b4dce,2,3,with_ai,True,4556412,DEMO_4556412,NV,NV,True,1.0,dismiss,True,0.182486777438393,,,generalPractitioner,Male
6b860eaf47f961b7c7d61da48b0aa8f8213beadf,non-expert,eaebbc7e476fb974e489340342376bc8810b4dce,2,4,without_ai,False,9963715,DEMO_9963715,SCCKA,NV,False,0.0,biopsy,True,0.182486777438393,,,generalPractitioner,Male
6b860eaf47f961b7c7d61da48b0aa8f8213beadf,non-expert,eaebbc7e476fb974e489340342376bc8810b4dce,2,4,with_ai,True,9963715,DEMO_9963715,SCCKA,OTHER_BENIGN,False,0.0,local_therapy,True,0.182486777438393,,,generalPractitioner,Male
6b860eaf47f961b7c7d61da48b0aa8f8213beadf,non-expert,eaebbc7e476fb974e489340342376bc8810b4dce,2,5,without_ai,False,6270279,DEMO_6270279,AKIEC,AKIEC,True,1.0,local_therapy,True,0.182486777438393,,,generalPractitioner,Male
6b860eaf47f961b7c7d61da48b0aa8f8213beadf,non-expert,eaebbc7e476fb974e489340342376bc8810b4dce,2,5,with_ai,True,6270279,DEMO_6270279,AKIEC,MEL,False,0.0,monitor,True,0.182486777438393,,,generalPractitioner,Male
6b860eaf47f961b7c7d61da48b0aa8f8213beadf,non-expert,eaebbc7e476fb974e489340342376bc8810b4dce,2,6,without_ai,False,9496231,DEMO_9496231,DF,INF,False,0.0,monitor,True,0.182486777438393,,,generalPractitioner,Male
6b860eaf47f961b7c7d61da48b0aa8f8213beadf,non-expert,eaebbc7e476fb974e489340342376bc8810b4dce,2,6,with_ai,True,9496231,DEMO_9496231,DF,NV,False,0.0,monitor,True,0.182486777438393,,,generalPractitioner,Male
6b860eaf47f961b7c7d61da48b0aa8f8213beadf,non-expert,eaebbc7e476fb974e489340342376bc8810b4dce,2,7,without_ai,False,7149749,DEMO_7149749,BKL,SCCKA,False,0.0,dismiss,True,0.182486777438393,,,generalPractitioner,Male
6b860eaf47f961b7c7d61da48b0aa8f8213beadf,non-expert,eaebbc7e476fb974e489340342376bc8810b4dce,2,7,with_ai,True,7149749,DEMO_7149749,BKL,VASC,False,0.0,monitor,True,0.182486777438393,,,generalPractitioner,Male
6b860eaf47f961b7c7d61da48b0aa8f8213beadf,non-expert,eaebbc7e476fb974e489340342376bc8810b4dce,2,8,without_ai,False,6659966,DEMO_6659966,NV,OTHER_BENIGN,False,0.0,dismiss,True,0.182486777438393,,,generalPractitioner,Male
6b860eaf47f961b7c7d61da48b0aa8f8213beadf,non-expert,eaebbc7e476fb974e489340342376bc8810b4dce,2,8,with_ai,True,6659966,DEMO_6659966,NV,DF,False,0.0,monitor,True,0.182486777438393,,,generalPractitioner,Male
6b860eaf47f961b7c7d61da48b0aa8f8213beadf,non-expert,eaebbc7e476fb974e489340342376bc8810b4dce,2,9,without_ai,False,4405211,DEMO_4405211,MEL,OTHER_MALIGNANT,False,0.0,dismiss,True,0.182486777438393,,,generalPractitioner,Male
6b860eaf47f961b7c7d61da48b0aa8f8213beadf,non-expert,eaebbc7e476fb974e489340342376bc8810b4dce,2,9,with_ai,True,4405211,DEMO_4405211,MEL,AKIEC,False,0.0,local_therapy,True,0.182486777438393,,,generalPractitioner,Male
6b860eaf47f961b7c7d61da48b0aa8f8213beadf,non-expert,eaebbc7e476fb974e489340342376bc8810b4dce,2,10,without_ai,False,929201,DEMO_0929201,NV,OTHER_BENIGN,False,0.0,monitor,True,0.182486777438393,,,generalPractitioner,Male
6b860eaf47f961b7c7d61da48b0aa8f8213beadf,non-expert,eaebbc7e476fb974e489340342376bc8810b4dce,2,10,with_ai,True,929201,DEMO_0929201,NV,INF,False,0.0,biopsy,True,0.182486777438393,,,generalPractitioner,Male
6b860eaf47f961b7c7d61da48b0aa8f8213beadf,non-expert,eaebbc7e476fb974e489340342376bc8810b4dce,2,11,without_ai,False,4318916,DEMO_4318916,VASC,AKIEC,False,0.0,dismiss,True,0.182486777438393,,,generalPractitioner,Male
6b860eaf47f961b7c7d61da48b0aa8f8213beadf,non-expert,eaebbc7e476fb974e489340342376bc8810b4dce,2,11,with_ai,True,4318916,DEMO_4318916,VASC,MEL,False,0.0,local_therapy,True,0.182486777438393,,,generalPractitioner,Male
6b860eaf47f961b7c7d61da48b0aa8f8213beadf,non-expert,eaebbc7e476fb974e489340342376bc8810b4dce,2,12,without_ai,False,8814575,DEMO_8814575,NV,SCCKA,False,0.0,local_therapy,True,0.182486777438393,,,generalPractitioner,Male
6b860eaf47f961b7c7d61da48b0aa8f8213beadf,non-expert,eaebbc7e476fb974e489340342376bc8810b4dce,2,12,with_ai,True,8814575,DEMO_8814575,NV,NV,True,1.0,dismiss,True,0.182486777438393,,,generalPractitioner,Male
6b860eaf47f961b7c7d61da48b0aa8f8213beadf,non-expert,eaebbc7e476fb974e489340342376bc8810b4dce,2,13,without_ai,False,4415312,DEMO_4415312,DF,MEL,False,0.0,local_therapy,True,0.182486777438393,,,generalPractitioner,Male
6b860eaf47f961b7c7d61da48b0aa8f8213beadf,non-expert,eaebbc7e476fb974e489340342376bc8810b4dce,2,13,with_ai,True,4415312,DEMO_4415312,DF,DF,True,1.0,biopsy,True,0.182486777438393,,,generalPractitioner,Male
6b860eaf47f961b7c7d61da48b0aa8f8213beadf,non-expert,eaebbc7e476fb974e489340342376bc8810b4dce,2,14,without_ai,False,7257070,DEMO_7257070,MEL,BCC,False,0.0,biopsy,True,0.182486777438393,,,generalPractitioner,Male
6b860eaf47f961b7c7d61da48b0aa8f8213beadf,non-expert,eaebbc7e476fb974e489340342376bc8810b4dce,2,14,with_ai,True,7257070,DEMO_7257070,MEL,MEL,True,1.0,biopsy,True,0.182486777438393,,,generalPractitioner,Male
6b860eaf47f961b7c7d61da48b0aa8f8213beadf,non-expert,eaebbc7e476fb974e489340342376bc8810b4dce,2,15,without_ai,False,8089214,DEMO_8089214,MEL,OTHER_MALIGNANT,False,0.0,dismiss,True,0.182486777438393,,,generalPractitioner,Male
6b860eaf47f961b7c7d61da48b0aa8f8213beadf,non-expert,eaebbc7e476fb974e489340342376bc8810b4dce,2,15,with_ai,True,8089214,DEMO_8089214,MEL,BCC,False,0.0,biopsy,True,0.182486777438393,,,generalPractitioner,Male
6b860eaf47f961b7c7d61da48b0aa8f8213beadf,non-expert,19f12e29e0adfae94fafde98ce32fd74509b26b7,4,1,without_ai,False,1745001,DEMO_1745001,AKIEC,BKL,False,0.0,biopsy,True,0.182486777438393,,,generalPractitioner,Male
6b860eaf47f961b7c7d61da48b0aa8f8213beadf,non-expert,19f12e29e0adfae94fafde98ce32fd74509b26b7,4,1,with_ai,True,1745001,DEMO_1745001,AKIEC,OTHER_BENIGN,False,0.0,biopsy,True,0.182486777438393,,,generalPractitioner,Male
6b860eaf47f961b7c7d61da48b0aa8f8213beadf,non-expert,19f12e29e0adfae94fafde98ce32fd74509b26b7,4,2,without_ai,False,3476112,DEMO_3476112,INF,BCC,False,0.0,local_therapy,True,0.182486777438393,,,generalPractitioner,Male
6b860eaf47f961b7c7d61da48b0aa8f8213beadf,non-expert,19f12e29e0adfae94fafde98ce32fd74509b26b7,4,2,with_ai,True,3476112,DEMO_3476112,INF,MEL,False,0.0,dismiss,True,0.182486777438393,,,generalPractitioner,Male
6b860eaf47f961b7c7d61da48b0aa8f8213beadf,non-expert,19f12e29e0adfae94fafde98ce32fd74509b26b7,4,3,without_ai,False,515198,DEMO_0515198,MEL,BCC,False,0.0,biopsy,True,0.182486777438393,,,generalPractitioner,Male
6b860eaf47f961b7c7d61da48b0aa8f8213beadf,non-expert,19f12e29e0adfae94fafde98ce32fd74509b26b7,4,3,with_ai,True,515198,DEMO_0515198,MEL,NV,False,0.0,biopsy,True,0.182486777438393,,,generalPractitioner,Male
6b860eaf47f961b7c7d61da48b0aa8f8213beadf,non-expert,19f12e29e0adfae94fafde98ce32fd74509b26b7,4,4,without_ai,False,4196292,DEMO_4196292,OTHER_MALIGNANT,AKIEC,False,0.0,biopsy,True,0.182486777438393,,,generalPractitioner,Male
6b860eaf47f961b7c7d61da48b0aa8f8213beadf,non-expert,19f12e29e0adfae94fafde98ce32fd74509b26b7,4,4,with_ai,True,4196292,DEMO_4196292,OTHER_MALIGNANT,OTHER_MALIGNANT,True,1.0,biopsy,True,0.182486777438393,,,generalPractitioner,Male
6b860eaf47f961b7c7d61da48b0aa8f8213beadf,non-expert,19f12e29e0adfae94fafde98ce32fd74509b26b7,4,5,without_ai,False,3972207,DEMO_3972207,NV,NV,True,1.0,biopsy,True,0.182486777438393,,,generalPractitioner,Male
6b860eaf47f961b7c7d61da48b0aa8f8213beadf,non-expert,19f12e29e0adfae94fafde98ce32fd74509b26b7,4,5,with_ai,True,3972207,DEMO_3972207,NV,BCC,False,0.0,local_therapy,True,0.182486777438393,,,generalPractitioner,Male
6b860eaf47f961b7c7d61da48b0aa8f8213beadf,non-expert,19f12e29e0adfae94fafde98ce32fd74509b26b7,4,6,without_ai,False,7987884,DEMO_7987884,BCC,OTHER_MALIGNANT,False,0.0,biopsy,True,0.182486777438393,,,generalPractitioner,Male
6b860eaf47f961b7c7d61da48b0aa8f8213beadf,non-expert,19f12e29e0adfae94fafde98ce32fd74509b26b7,4,6,with_ai,True,7987884,DEMO_7987884,BCC,DF,False,0.0,monitor,True,0.182486777438393,,,generalPractitioner,Male
6b860eaf47f961b7c7d61da48b0aa8f8213beadf,non-expert,19f12e29e0adfae94fafde98ce32fd74509b26b7,4,7,without_ai,False,9402875,DEMO_9402875,VASC,SCCKA,False,0.0,dismiss,True,0.182486777438393,,,generalPractitioner,Male
6b860eaf47f961b7c7d61da48b0aa8f8213beadf,non-expert,19f12e29e0adfae94fafde98ce32fd74509b26b7,4,7,with_ai,True,9402875,DEMO_9402875,VASC,DF,False,0.0,monitor,True,0.182486777438393,,,generalPractitioner,Male
6b860eaf47f961b7c7d61da48b0aa8f8213beadf,non-expert,19f12e29e0adfae94fafde98ce32fd74509b26b7,4,8,without_ai,False,741937,DEMO_0741937,BCC,VASC,False,0.0,biopsy,True,0.182486777438393,,,generalPractitioner,Male
6b860eaf47f961b7c7d61da48b0aa8f8213beadf,non-expert,19f12e29e0adfae94fafde98ce32fd74509b26b7,4,8,with_ai,True,741937,DEMO_0741937,BCC,OTHER_BENIGN,False,0.0,local_therapy,True,0.182486777438393,,,generalPractitioner,Male
6b860eaf47f961b7c7d61da48b0aa8f8213beadf,non-expert,19f12e29e0adfae94fafde98ce32fd74509b26b7,4,9,without_ai,False,9164276,DEMO_9164276,AKIEC,NV,False,0.0,biopsy,True,0.182486777438393,,,generalPractitioner,Male
6b860eaf47f961b7c7d61da48b0aa8f8213beadf,non-expert,19f12e29e0adfae94fafde98ce32fd74509b26b7,4,9,with_ai,True,9164276,DEMO_9164276,AKIEC,NV,False,0.0,biopsy,True,0.182486777438393,,,generalPractitioner,Male
6b860eaf47f961b7c7d61da48b0aa8f8213beadf,non-expert,19f12e29e0adfae94fafde98ce32fd74509b26b7,4,10,without_ai,False,921132,DEMO_0921132,AKIEC,NV,False,0.0,local_therapy,True,0.182486777438393,,,generalPractitioner,Male
6b860eaf47f961b7c7d61da48b0aa8f8213beadf,non-expert,19f12e29e0adfae94fafde98ce32fd74509b26b7,4,10,with_ai,True,921132,DEMO_0921132,AKIEC,NV,False,0.0,biopsy,True,0.182486777438393,,,generalPractitioner,Male
6b860eaf47f961b7c7d61da48b0aa8f8213beadf,non-expert,19f12e29e0adfae94fafde98ce32fd74509b26b7,4,11,without_ai,False,5532099,DEMO_5532099,MEL,VASC,False,0.0,dismiss,True,0.182486777438393,,,generalPractitioner,Male
6b860eaf47f961b7c7d61da48b0aa8f8213beadf,non-expert,19f12e29e0adfae94fafde98ce32fd74509b26b7,4,11,with_ai,True,5532099,DEMO_5532099,MEL,INF,False,0.0,monitor,True,0.182486777438393,,,generalPractitioner,Male
6b860eaf47f961b7c7d61da48b0aa8f8213beadf,non-expert,19f12e29e0adfae94fafde98ce32fd74509b26b7,4,12,without_ai,False,419837,DEMO_0419837,BKL,NV,False,0.0,dismiss,True,0.182486777438393,,,generalPractitioner,Male
6b860eaf47f961b7c7d61da48b0aa8f8213beadf,non-expert,19f12e29e0adfae94fafde98ce32fd74509b26b7,4,12,with_ai,True,419837,DEMO_0419837,BKL,NV,False,0.0,dismiss,True,0.182486777438393,,,generalPractitioner,Male
6b860eaf47f961b7c7d61da48b0aa8f8213beadf,non-expert,19f12e29e0adfae94fafde98ce32fd74509b26b7,4,13,without_ai,False,6589134,DEMO_6589134,DF,DF,True,1.0,monitor,True,0.182486777438393,,,generalPractitioner,Male
6b860eaf47f961b7c7d61da48b0aa8f8213beadf,non-expert,19f12e29e0adfae94fafde98ce32fd74509b26b7,4,13,with_ai,True,6589134,DEMO_6589134,DF,NV,False,0.0,monitor,True,0.182486777438393,,,generalPractitioner,Male
6b860eaf47f961b7c7d61da48b0aa8f8213beadf,non-expert,19f12e29e0adfae94fafde98ce32fd74509b26b7,4,14,without_ai,False,6071980,DEMO_6071980,OTHER_BENIGN,OTHER_BENIGN,True,1.0,monitor,True,0.182486777438393,,,generalPractitioner,Male
6b860eaf47f961b7c7d61da48b0aa8f8213beadf,non-expert,19f12e29e0adfae94fafde98ce32fd74509b26b7,4,14,with_ai,True,6071980,DEMO_6071980,OTHER_BENIGN,OTHER_BENIGN,True,1.0,monitor,True,0.182486777438393,,,generalPractitioner,Male
6b860eaf47f961b7c7d61da48b0aa8f8213beadf,non-expert,19f12e29e0adfae94fafde98ce32fd74509b26b7,4,15,without_ai,False,7941573,DEMO_7941573,DF,SCCKA,False,0.0,local_therapy,True,0.182486777438393,,,generalPractitioner,Male
6b860eaf47f961b7c7d61da48b0aa8f8213beadf,non-expert,19f12e29e0adfae94fafde98ce32fd74509b26b7,4,15,with_ai,True,7941573,DEMO_7941573,DF,BKL,False,0.0,monitor,True,0.182486777438393,,,generalPractitioner,Male
4e0ebd89055f6b7ea7e48414899134d164cfcff2,expert,c888ed8f200a5f4d68a66886c00d6eab00380e39,1,1,without_ai,False,7677426,DEMO_7677426,BKL,BKL,True,1.0,biopsy,True,0.7791320857051115,41-50,,boardCertifiedDermatologist,Female
4e0ebd89055f6b7ea7e48414899134d164cfcff2,expert,c888ed8f200a5f4d68a66886c00d6eab00380e39,1,1,with_ai,True,7677426,DEMO_7677426,BKL,INF,False,0.0,monitor,True,0.7791320857051115,41-50,,boardCertifiedDermatologist,Female
4e0ebd89055f6b7ea7e48414899134d164cfcff2,expert,c888ed8f200a5f4d68a66886c00d6eab00380e39,1,2,without_ai,False,5355524,DEMO_5355524,AKIEC,NV,False,0.0,biopsy,True,0.7791320857051115,41-50,,boardCertifiedDermatologist,Female
4e0ebd89055f6b7ea7e48414899134d164cfcff2,expert,c888ed8f200a5f4d68a66886c00d6eab00380e39,1,2,with_ai,True,5355524,DEMO_5355524,AKIEC,AKIEC,True,1.0,biopsy,True,0.7791320857051115,41-50,,boardCertifiedDermatologist,Female
4e0ebd89055f6b7ea7e48414899134d164cfcff2,expert,c888ed8f200a5f4d68a66886c00d6eab00380e39,1,3,without_ai,False,4830046,DEMO_4830046,BCC,BKL,False,0.0,monitor,True,0.7791320857051115,41-50,,boardCertifiedDermatologist,Female
4e0ebd89055f6b7ea7e48414899134d164cfcff2,expert,c888ed8f200a5f4d68a66886c00d6eab00380e39,1,3,with_ai,True,4830046,DEMO_4830046,BCC,BCC,True,1.0,local_therapy,True,0.7791320857051115,41-50,,boardCertifiedDermatologist,Female
4e0ebd89055f6b7ea7e48414899134d164cfcff2,expert,c888ed8f200a5f4d68a66886c00d6eab00380e39,1,4,without_ai,False,5589533,DEMO_5589533,NV,VASC,False,0.0,dismiss,True,0.7791320857051115,41-50,,boardCertifiedDermatologist,Female
4e0ebd89055f6b7ea7e48414899134d164cfcff2,expert,c888ed8f200a5f4d68a66886c00d6eab00380e39,1,4,with_ai,True,5589533,DEMO_5589533,NV,NV,True,1.0,dismiss,True,0.7791320857051115,41-50,,boardCertifiedDermatologist,Female
4e0ebd89055f6b7ea7e48414899134d164cfcff2,expert,c888ed8f200a5f4d68a66886c00d6eab00380e39,1,5,without_ai,False,500823,DEMO_0500823,OTHER_MALIGNANT,OTHER_MALIGNANT,True,1.0,biopsy,True,0.7791320857051115,41-50,,boardCertifiedDermatologist,Female
4e0ebd89055f6b7ea7e48414899134d164cfcff2,expert,c888ed8f200a5f4d68a66886c00d6eab00380e39,1,5,with_ai,True,500823,DEMO_0500823,OTHER_MALIGNANT,OTHER_MALIGNANT,True,1.0,biopsy,True,0.7791320857051115,41-50,,boardCertifiedDermatologist,Female
4e0ebd89055f6b7ea7e48414899134d164cfcff2,expert,c888ed8f200a5f4d68a66886c00d6eab00380e39,1,6,without_ai,False,1788574,DEMO_1788574,NV,SCCKA,False,0.0,monitor,True,0.7791320857051115,41-50,,boardCertifiedDermatologist,Female
4e0ebd89055f6b7ea7e48414899134d164cfcff2,expert,c888ed8f200a5f4d68a66886c00d6eab00380e39,1,6,with_ai,True,1788574,DEMO_1788574,NV,NV,True,1.0,dismiss,True,0.7791320857051115,41-50,,boardCertifiedDermatologist,Female
4e0ebd89055f6b7ea7e48414899134d164cfcff2,expert,c888ed8f200a5f4d68a66886c00d6eab00380e39,1,7,without_ai,False,9510493,DEMO_9510493,INF,OTHER_MALIGNANT,False,0.0,dismiss,True,0.7791320857051115,41-50,,boardCertifiedDermatologist,Female
4e0ebd89055f6b7ea7e48414899134d164cfcff2,expert,c888ed8f200a5f4d68a66886c00d6eab00380e39,1,7,with_ai,True,9510493,DEMO_9510493,INF,INF,True,1.0,local_therapy,True,0.7791320857051115,41-50,,boardCertifiedDermatologist,Female
4e0ebd89055f6b7ea7e48414899134d164cfcff2,expert,c888ed8f200a5f4d68a66886c00d6eab00380e39,1,8,without_ai,False,4957958,DEMO_4957958,MEL,MEL,True,1.0,local_therapy,True,0.7791320857051115,41-50,,boardCertifiedDermatologist,Female
4e0ebd89055f6b7ea7e48414899134d164cfcff2,expert,c888ed8f200a5f4d68a66886c00d6eab00380e39,1,8,with_ai,True,4957958,DEMO_4957958,MEL,MEL,True,1.0,biopsy,True,0.7791320857051115,41-50,,boardCertifiedDermatologist,Female
4e0ebd89055f6b7ea7e48414899134d164cfcff2,expert,c888ed8f200a5f4d68a66886c00d6eab00380e39,1,9,without_ai,False,2080735,DEMO_2080735,VASC,VASC,True,1.0,monitor,True,0.7791320857051115,41-50,,boardCertifiedDermatologist,Female
4e0ebd89055f6b7ea7e48414899134d164cfcff2,expert,c888ed8f200a5f4d68a66886c00d6eab00380e39,1,9,with_ai,True,2080735,DEMO_2080735,VASC,VASC,True,1.0,dismiss,True,0.7791320857051115,41-50,,boardCertifiedDermatologist,Female
4e0ebd89055f6b7ea7e48414899134d164cfcff2,expert,c888ed8f200a5f4d68a66886c00d6eab00380e39,1,10,without_ai,False,9478450,DEMO_9478450,NV,NV,True,1.0,monitor,True,0.7791320857051115,41-50,,boardCertifiedDermatologist,Female
4e0ebd89055f6b7ea7e48414899134d164cfcff2,expert,c888ed8f200a5f4d68a66886c00d6eab00380e39,1,10,with_ai,True,9478450,DEMO_9478450,NV,MEL,False,0.0,monitor,True,0.7791320857051115,41-50,,boardCertifiedDermatologist,Female
4e0ebd89055f6b7ea7e48414899134d164cfcff2,expert,c888ed8f200a5f4d68a66886c00d6eab00380e39,1,11,without_ai,False,2145685,DEMO_2145685,BCC,BCC,True,1.0,biopsy,True,0.7791320857051115,41-50,,boardCertifiedDermatologist,Female
4e0ebd89055f6b7ea7e48414899134d164cfcff2,expert,c888ed8f200a5f4d68a66886c00d6eab00380e39,1,11,with_ai,True,2145685,DEMO_2145685,BCC,BCC,True,1.0,biopsy,True,0.7791320857051115,41-50,,boardCertifiedDermatologist,Female
4e0ebd89055f6b7ea7e48414899134d164cfcff2,expert,c888ed8f200a5f4d68a66886c00d6eab00380e39,1,12,without_ai,False,8141436,DEMO_8141436,NV,MEL,False,0.0,monitor,True,0.7791320857051115,41-50,,boardCertifiedDermatologist,Female
4e0ebd89055f6b7ea7e48414899134d164cfcff2,expert,c888ed8f200a5f4d68a66886c00d6eab00380e39,1,12,with_ai,True,8141436,DEMO_8141436,NV,NV,True,1.0,dismiss,True,0.7791320857051115,41-50,,boardCertifiedDermatologist,Female
4e0ebd89055f6b7ea7e48414899134d164cfcff2,expert,c888ed8f200a5f4d68a66886c00d6eab00380e39,1,13,without_ai,False,3466016,DEMO_3466016,SCCKA,BKL,False,0.0,local_therapy,True,0.7791320857051115,41-50,,boardCertifiedDermatologist,Female
4e0ebd89055f6b7ea7e48414899134d164cfcff2,expert,c888ed8f200a5f4d68a66886c00d6eab00380e39,1,13,with_ai,True,3466016,DEMO_3466016,SCCKA,AKIEC,False,0.0,dismiss,True,0.7791320857051115,41-50,,boardCertifiedDermatologist,Female
4e0ebd89055f6b7ea7e48414899134d164cfcff2,expert,c888ed8f200a5f4d68a66886c00d6eab00380e39,1,14,without_ai,False,9518451,DEMO_9518451,BCC,SCCKA,False,0.0,biopsy,True,0.7791320857051115,41-50,,boardCertifiedDermatologist,Female
4e0ebd89055f6b7ea7e48414899134d164cfcff2,expert,c888ed8f200a5f4d68a66886c00d6eab00380e39,1,14,with_ai,True,9518451,DEMO_9518451,BCC,BCC,True,1.0,biopsy,True,0.7791320857051115,41-50,,boardCertifiedDermatologist,Female
4e0ebd89055f6b7ea7e48414899134d164cfcff2,expert,c888ed8f200a5f4d68a66886c00d6eab00380e39,1,15,without_ai,False,3555885,DEMO_3555885,NV,NV,True,1.0,biopsy,True,0.7791320857051115,41-50,,boardCertifiedDermatologist,Female
4e0ebd89055f6b7ea7e48414899134d164cfcff2,expert,c888ed8f200a5f4d68a66886c00d6eab00380e39,1,15,with_ai,True,3555885,DEMO_3555885,NV,NV,True,1.0,dismiss,True,0.7791320857051115,41-50,,boardCertifiedDermatologist,Female
87273e1578688fb158fa8b8e0531de6d98c7a0db,non-expert,d46de20e507cb54b0ac6e8b3cde14c04222c3599,1,1,without_ai,False,7411990,DEMO_7411990,NV,AKIEC,False,0.0,dismiss,True,0.5083986307836789,20-30,,dermatologyResident,Male
87273e1578688fb158fa8b8e0531de6d98c7a0db,non-expert,d46de20e507cb54b0ac6e8b3cde14c04222c3599,1,1,with_ai,True,7411990,DEMO_7411990,NV,DF,False,0.0,dismiss,True,0.5083986307836789,20-30,,dermatologyResident,Male
87273e1578688fb158fa8b8e0531de6d98c7a0db,non-expert,d46de20e507cb54b0ac6e8b3cde14c04222c3599,1,2,without_ai,False,4964706,DEMO_4964706,BKL,BKL,True,1.0,monitor,True,0.5083986307836789,20-30,,dermatologyResident,Male
87273e1578688fb158fa8b8e0531de6d98c7a0db,non-expert,d46de20e507cb54b0ac6e8b3cde14c04222c3599,1,2,with_ai,True,4964706,DEMO_4964706,BKL,NV,False,0.0,local_therapy,True,0.5083986307836789,20-30,,dermatologyResident,Male
87273e1578688fb158fa8b8e0531de6d98c7a0db,non-expert,d46de20e507cb54b0ac6e8b3cde14c04222c3599,1,3,without_ai,False,8815391,DEMO_8815391,NV,SCCKA,False,0.0,dismiss,True,0.5083986307836789,20-30,,dermatologyResident,Male
87273e1578688fb158fa8b8e0531de6d98c7a0db,non-expert,d46de20e507cb54b0ac6e8b3cde14c04222c3599,1,3,with_ai,True,8815391,DEMO_8815391,NV,BCC,False,0.0,dismiss,True,0.5083986307836789,20-30,,dermatologyResident,Male
87273e1578688fb158fa8b8e0531de6d98c7a0db,non-expert,d46de20e507cb54b0ac6e8b3cde14c04222c3599,1,4,without_ai,False,7743986,DEMO_7743986,BKL,INF,False,0.0,dismiss,True,0.5083986307836789,20-30,,dermatologyResident,Male
87273e1578688fb158fa8b8e0531de6d98c7a0db,non-expert,d46de20e507cb54b0ac6e8b3cde14c04222c3599,1,4,with_ai,True,7743986,DEMO_7743986,BKL,INF,False,0.0,local_therapy,True,0.5083986307836789,20-30,,dermatologyResident,Male
87273e1578688fb158fa8b8e0531de6d98c7a0db,non-expert,d46de20e507cb54b0ac6e8b3cde14c04222c3599,1,5,without_ai,False,6524814,DEMO_6524814,BCC,BCC,True,1.0,biopsy,True,0.5083986307836789,20-30,,dermatologyResident,Male
87273e1578688fb158fa8b8e0531de6d98c7a0db,non-expert,d46de20e507cb54b0ac6e8b3cde14c04222c3599,1,5,with_ai,True,6524814,DEMO_6524814,BCC,BCC,True,1.0,biopsy,True,0.5083986307836789,20-30,,dermatologyResident,Male
87273e1578688fb158fa8b8e0531de6d98c7a0db,non-expert,d46de20e507cb54b0ac6e8b3cde14c04222c3599,1,6,without_ai,False,6175524,DEMO_6175524,MEL,DF,False,0.0,biopsy,True,0.5083986307836789,20-30,,dermatologyResident,Male
87273e1578688fb158fa8b8e0531de6d98c7a0db,non-expert,d46de20e507cb54b0ac6e8b3cde14c04222c3599,1,6,with_ai,True,6175524,DEMO_6175524,MEL,MEL,True,1.0,local_therapy,True,0.5083986307836789,20-30,,dermatologyResident,Male
87273e1578688fb158fa8b8e0531de6d98c7a0db,non-expert,d46de20e507cb54b0ac6e8b3cde14c04222c3599,1,7,without_ai,False,4973598,DEMO_4973598,AKIEC,OTHER_BENIGN,False,0.0,local_therapy,True,0.5083986307836789,20-30,,dermatologyResident,Male
87273e1578688fb158fa8b8e0531de6d98c7a0db,non-expert,d46de20e507cb54b0ac6e8b3cde14c04222c3599,1,7,with_ai,True,4973598,DEMO_4973598,AKIEC,AKIEC,True,1.0,local_therapy,True,0.5083986307836789,20-30,,dermatologyResident,Male
87273e1578688fb158fa8b8e0531de6d98c7a0db,non-expert,d46de20e507cb54b0ac6e8b3cde14c04222c3599,1,8,without_ai,False,3197907,DEMO_3197907,NV,NV,True,1.0,monitor,True,0.5083986307836789,20-30,,dermatologyResident,Male
87273e1578688fb158fa8b8e0531de6d98c7a0db,non-expert,d46de20e507cb54b0ac6e8b3cde14c04222c3599,1,8,with_ai,True,3197907,DEMO_3197907,NV,NV,True,1.0,monitor,True,0.5083986307836789,20-30,,dermatologyResident,Male
87273e1578688fb158fa8b8e0531de6d98c7a0db,non-expert,d46de20e507cb54b0ac6e8b3cde14c04222c3599,1,9,without_ai,False,6122363,DEMO_6122363,MEL,MEL,True,1.0,dismiss,True,0.5083986307836789,20-30,,dermatologyResident,Male
87273e1578688fb158fa8b8e0531de6d98c7a0db,non-expert,d46de20e507cb54b0ac6e8b3cde14c04222c3599,1,9,with_ai,True,6122363,DEMO_6122363,MEL,MEL,True,1.0,local_therapy,True,0.5083986307836789,20-30,,dermatologyResident,Male
87273e1578688fb158fa8b8e0531de6d98c7a0db,non-expert,d46de20e507cb54b0ac6e8b3cde14c04222c3599,1,10,without_ai,False,16836,DEMO_0016836,OTHER_BENIGN,OTHER_BENIGN,True,1.0,dismiss,True,0.5083986307836789,20-30,,dermatologyResident,Male
87273e1578688fb158fa8b8e0531de6d98c7a0db,non-expert,d46de20e507cb54b0ac6e8b3cde14c04222c3599,1,10,with_ai,True,16836,DEMO_0016836,OTHER_BENIGN,DF,False,0.0,biopsy,True,0.5083986307836789,20-30,,dermatologyResident,Male
87273e1578688fb158fa8b8e0531de6d98c7a0db,non-expert,d46de20e507cb54b0ac6e8b3cde14c04222c3599,1,11,without_ai,False,1421151,DEMO_1421151,INF,INF,True,1.0,dismiss,True,0.5083986307836789,20-30,,dermatologyResident,Male
87273e1578688fb158fa8b8e0531de6d98c7a0db,non-expert,d46de20e507cb54b0ac6e8b3cde14c04222c3599,1,11,with_ai,True,1421151,DEMO_1421151,INF,INF,True,1.0,local_therapy,True,0.5083986307836789,20-30,,dermatologyResident,Male
87273e1578688fb158fa8b8e0531de6d98c7a0db,non-expert,d46de20e507cb54b0ac6e8b3cde14c04222c3599,1,12,without_ai,False,5679373,DEMO_5679373,BCC,VASC,False,0.0,dismiss,True,0.5083986307836789,20-30,,dermatologyResident,Male
87273e1578688fb158fa8b8e0531de6d98c7a0db,non-expert,d46de20e507cb54b0ac6e8b3cde14c04222c3599,1,12,with_ai,True,5679373,DEMO_5679373,BCC,BCC,True,1.0,local_therapy,True,0.5083986307836789,20-30,,dermatologyResident,Male
87273e1578688fb158fa8b8e0531de6d98c7a0db,non-expert,d46de20e507cb54b0ac6e8b3cde14c04222c3599,1,13,without_ai,False,9263126,DEMO_9263126,NV,NV,True,1.0,local_therapy,True,0.5083986307836789,20-30,,dermatologyResident,Male
87273e1578688fb158fa8b8e0531de6d98c7a0db,non-expert,d46de20e507cb54b0ac6e8b3cde14c04222c3599,1,13,with_ai,True,9263126,DEMO_9263126,NV,OTHER_MALIGNANT,False,0.0,biopsy,True,0.5083986307836789,20-30,,dermatologyResident,Male
87273e1578688fb158fa8b8e0531de6d98c7a0db,non-expert,d46de20e507cb54b0ac6e8b3cde14c04222c3599,1,14,without_ai,False,7698702,DEMO_7698702,INF,OTHER_BENIGN,False,0.0,monitor,True,0.5083986307836789,20-30,,dermatologyResident,Male
87273e1578688fb158fa8b8e0531de6d98c7a0db,non-expert,d46de20e507cb54b0ac6e8b3cde14c04222c3599,1,14,with_ai,True,7698702,DEMO_7698702,INF,BKL,False,0.0,monitor,True,0.5083986307836789,20-30,,dermatologyResident,Male
87273e1578688fb158fa8b8e0531de6d98c7a0db,non-expert,d46de20e507cb54b0ac6e8b3cde14c04222c3599,1,15,without_ai,False,1031640,DEMO_1031640,AKIEC,NV,False,0.0,biopsy,True,0.5083986307836789,20-30,,dermatologyResident,Male
87273e1578688fb158fa8b8e0531de6d98c7a0db,non-expert,d46de20e507cb54b0ac6e8b3cde14c04222c3599,1,15,with_ai,True,1031640,DEMO_1031640,AKIEC,MEL,False,0.0,local_therapy,True,0.5083986307836789,20-30,,dermatologyResident,Male
87273e1578688fb158fa8b8e0531de6d98c7a0db,non-expert,134420a2a8526871d689e5ae7b6c202f6d1d5f49,2,1,without_ai,False,3002528,DEMO_3002528,MEL,MEL,True,1.0,dismiss,True,0.5083986307836789,20-30,,dermatologyResident,Male
87273e1578688fb158fa8b8e0531de6d98c7a0db,non-expert,134420a2a8526871d689e5ae7b6c202f6d1d5f49,2,1,with_ai,True,3002528,DEMO_3002528,MEL,MEL,True,1.0,local_therapy,True,0.5083986307836789,20-30,,dermatologyResident,Male
87273e1578688fb158fa8b8e0531de6d98c7a0db,non-expert,134420a2a8526871d689e5ae7b6c202f6d1d5f49,2,2,without_ai,False,5616217,DEMO_5616217,MEL,MEL,True,1.0,biopsy,True,0.5083986307836789,20-30,,dermatologyResident,Male
87273e1578688fb158fa8b8e0531de6d98c7a0db,non-expert,134420a2a8526871d689e5ae7b6c202f6d1d5f49,2,2,with_ai,True,5616217,DEMO_5616217,MEL,MEL,True,1.0,biopsy,True,0.5083986307836789,20-30,,dermatologyResident,Male
87273e1578688fb158fa8b8e0531de6d98c7a0db,non-expert,134420a2a8526871d689e5ae7b6c202f6d1d5f49,2,3,without_ai,False,5890137,DEMO_5890137,AKIEC,MEL,False,0.0,dismiss,True,0.5083986307836789,20-30,,dermatologyResident,Male
87273e1578688fb158fa8b8e0531de6d98c7a0db,non-expert,134420a2a8526871d689e5ae7b6c202f6d1d5f49,2,3,with_ai,True,5890137,DEMO_5890137,AKIEC,AKIEC,True,1.0,monitor,True,0.5083986307836789,20-30,,dermatologyResident,Male
87273e1578688fb158fa8b8e0531de6d98c7a0db,non-expert,134420a2a8526871d689e5ae7b6c202f6d1d5f49,2,4,without_ai,False,807224,DEMO_0807224,BKL,MEL,False,0.0,monitor,True,0.5083986307836789,20-30,,dermatologyResident,Male
87273e1578688fb158fa8b8e0531de6d98c7a0db,non-expert,134420a2a8526871d689e5ae7b6c202f6d1d5f49,2,4,with_ai,True,807224,DEMO_0807224,BKL,BKL,True,1.0,monitor,True,0.5083986307836789,20-30,,dermatologyResident,Male
87273e1578688fb158fa8b8e0531de6d98c7a0db,non-expert,134420a2a8526871d689e5ae7b6c202f6d1d5f49,2,5,without_ai,False,1027859,DEMO_1027859,VASC,VASC,True,1.0,dismiss,True,0.5083986307836789,20-30,,dermatologyResident,Male
87273e1578688fb158fa8b8e0531de6d98c7a0db,non-expert,134420a2a8526871d689e5ae7b6c202f6d1d5f49,2,5,with_ai,True,1027859,DEMO_1027859,VASC,NV,False,0.0,monitor,True,0.5083986307836789,20-30,,dermatologyResident,Male
87273e1578688fb158fa8b8e0531de6d98c7a0db,non-expert,134420a2a8526871d689e5ae7b6c202f6d1d5f49,2,6,without_ai,False,439744,DEMO_0439744,INF,SCCKA,False,0.0,local_therapy,True,0.5083986307836789,20-30,,dermatologyResident,Male
87273e1578688fb158fa8b8e0531de6d98c7a0db,non-expert,134420a2a8526871d689e5ae7b6c202f6d1d5f49,2,6,with_ai,True,439744,DEMO_0439744,INF,INF,True,1.0,local_therapy,True,0.5083986307836789,20-30,,dermatologyResident,Male
87273e1578688fb158fa8b8e0531de6d98c7a0db,non-expert,134420a2a8526871d689e5ae7b6c202f6d1d5f49,2,7,without_ai,False,6372337,DEMO_6372337,SCCKA,BCC,False,0.0,dismiss,True,0.5083986307836789,20-30,,dermatologyResident,Male
87273e1578688fb158fa8b8e0531de6d98c7a0db,non-expert,134420a2a8526871d689e5ae7b6c202f6d1d5f49,2,7,with_ai,True,6372337,DEMO_6372337,SCCKA,DF,False,0.0,dismiss,True,0.5083986307836789,20-30,,dermatologyResident,Male
87273e1578688fb158fa8b8e0531de6d98c7a0db,non-expert,134420a2a8526871d689e5ae7b6c202f6d1d5f49,2,8,without_ai,False,793823,DEMO_0793823,NV,OTHER_BENIGN,False,0.0,dismiss,True,0.5083986307836789,20-30,,dermatologyResident,Male
87273e1578688fb158fa8b8e0531de6d98c7a0db,non-expert,134420a2a8526871d689e5ae7b6c202f6d1d5f49,2,8,with_ai,True,793823,DEMO_0793823,NV,NV,True,1.0,monitor,True,0.5083986307836789,20-30,,dermatologyResident,Male
87273e1578688fb158fa8b8e0531de6d98c7a0db,non-expert,134420a2a8526871d689e5ae7b6c202f6d1d5f49,2,9,without_ai,False,9078857,DEMO_9078857,MEL,MEL,True,1.0,biopsy,True,0.5083986307836789,20-30,,dermatologyResident,Male
87273e1578688fb158fa8b8e0531de6d98c7a0db,non-expert,134420a2a8526871d689e5ae7b6c202f6d1d5f49,2,9,with_ai,True,9078857,DEMO_9078857,MEL,OTHER_MALIGNANT,False,0.0,local_therapy,True,0.5083986307836789,20-30,,dermatologyResident,Male
87273e1578688fb158fa8b8e0531de6d98c7a0db,non-expert,134420a2a8526871d689e5ae7b6c202f6d1d5f49,2,10,without_ai,False,8040122,DEMO_8040122,DF,DF,True,1.0,dismiss,True,0.5083986307836789,20-30,,dermatologyResident,Male
87273e1578688fb158fa8b8e0531de6d98c7a0db,non-expert,134420a2a8526871d689e5ae7b6c202f6d1d5f49,2,10,with_ai,True,8040122,DEMO_8040122,DF,DF,True,1.0,dismiss,True,0.5083986307836789,20-30,,dermatologyResident,Male
87273e1578688fb158fa8b8e0531de6d98c7a0db,non-expert,134420a2a8526871d689e5ae7b6c202f6d1d5f49,2,11,without_ai,False,9558742,DEMO_9558742,BKL,BKL,True,1.0,monitor,True,0.5083986307836789,20-30,,dermatologyResident,Male
87273e1578688fb158fa8b8e0531de6d98c7a0db,non-expert,134420a2a8526871d689e5ae7b6c202f6d1d5f49,2,11,with_ai,True,9558742,DEMO_9558742,BKL,BKL,True,1.0,dismiss,True,0.5083986307836789,20-30,,dermatologyResident,Male
87273e1578688fb158fa8b8e0531de6d98c7a0db,non-expert,134420a2a8526871d689e5ae7b6c202f6d1d5f49,2,12,without_ai,False,6262279,DEMO_6262279,INF,NV,False,0.0,monitor,True,0.5083986307836789,20-30,,dermatologyResident,Male
87273e1578688fb158fa8b8e0531de6d98c7a0db,non-expert,134420a2a8526871d689e5ae7b6c202f6d1d5f49,2,12,with_ai,True,6262279,DEMO_6262279,INF,INF,True,1.0,local_therapy,True,0.5083986307836789,20-30,,dermatologyResident,Male
87273e1578688fb158fa8b8e0531de6d98c7a0db,non-expert,134420a2a8526871d689e5ae7b6c202f6d1d5f49,2,13,without_ai,False,7735412,DEMO_7735412,SCCKA,SCCKA,True,1.0,local_therapy,True,0.5083986307836789,20-30,,dermatologyResident,Male
87273e1578688fb158fa8b8e0531de6d98c7a0db,non-expert,134420a2a8526871d689e5ae7b6c202f6d1d5f49,2,13,with_ai,True,7735412,DEMO_7735412,SCCKA,BCC,False,0.0,local_therapy,True,0.5083986307836789,20-30,,dermatologyResident,Male
87273e1578688fb158fa8b8e0531de6d98c7a0db,non-expert,134420a2a8526871d689e5ae7b6c202f6d1d5f49,2,14,without_ai,False,9743739,DEMO_9743739,SCCKA,DF,False,0.0,biopsy,True,0.5083986307836789,20-30,,dermatologyResident,Male
87273e1578688fb158fa8b8e0531de6d98c7a0db,non-expert,134420a2a8526871d689e5ae7b6c202f6d1d5f49,2,14,with_ai,True,9743739,DEMO_9743739,SCCKA,SCCKA,True,1.0,biopsy,True,0.5083986307836789,20-30,,dermatologyResident,Male
87273e1578688fb158fa8b8e0531de6d98c7a0db,non-expert,134420a2a8526871d689e5ae7b6c202f6d1d5f49,2,15,without_ai,False,3242159,DEMO_3242159,BKL,BKL,True,1.0,biopsy,True,0.5083986307836789,20-30,,dermatologyResident,Male
87273e1578688fb158fa8b8e0531de6d98c7a0db,non-expert,134420a2a8526871d689e5ae7b6c202f6d1d5f49,2,15,with_ai,True,3242159,DEMO_3242159,BKL,DF,False,0.0,monitor,True,0.5083986307836789,20-30,,dermatologyResident,Male
87273e1578688fb158fa8b8e0531de6d98c7a0db,non-expert,f691143279d9f0165b0672aa87efd536355b569e,3,1,without_ai,False,1215354,DEMO_1215354,NV,SCCKA,False,0.0,monitor,True,0.5083986307836789,20-30,,dermatologyResident,Male
87273e1578688fb158fa8b8e0531de6d98c7a0db,non-expert,f691143279d9f0165b0672aa87efd536355b569e,3,1,with_ai,True,1215354,DEMO_1215354,NV,INF,False,0.0,local_therapy,True,0.5083986307836789,20-30,,dermatologyResident,Male
87273e1578688fb158fa8b8e0531de6d98c7a0db,non-expert,f691143279d9f0165b0672aa87efd536355b569e,3,2,without_ai,False,2256328,DEMO_2256328,BCC,BCC,True,1.0,local_therapy,True,0.5083986307836789,20-30,,dermatologyResident,Male
87273e1578688fb158fa8b8e0531de6d98c7a0db,non-expert,f691143279d9f0165b0672aa87efd536355b569e,3,2,with_ai,True,2256328,DEMO_2256328,BCC,BCC,True,1.0,biopsy,True,0.5083986307836789,20-30,,dermatologyResident,Male
87273e1578688fb158fa8b8e0531de6d98c7a0db,non-expert,f691143279d9f0165b0672aa87efd536355b569e,3,3,without_ai,False,6344787,DEMO_6344787,AKIEC,SCCKA,False,0.0,local_therapy,True,0.5083986307836789,20-30,,dermatologyResident,Male
87273e1578688fb158fa8b8e0531de6d98c7a0db,non-expert,f691143279d9f0165b0672aa87efd536355b569e,3,3,with_ai,True,6344787,DEMO_6344787,AKIEC,BKL,False,0.0,biopsy,True,0.5083986307836789,20-30,,dermatologyResident,Male
87273e1578688fb158fa8b8e0531de6d98c7a0db,non-expert,f691143279d9f0165b0672aa87efd536355b569e,3,4,without_ai,False,895864,DEMO_0895864,SCCKA,SCCKA,True,1.0,biopsy,True,0.5083986307836789,20-30,,dermatologyResident,Male
87273e1578688fb158fa8b8e0531de6d98c7a0db,non-expert,f691143279d9f0165b0672aa87efd536355b569e,3,4,with_ai,True,895864,DEMO_0895864,SCCKA,BCC,False,0.0,biopsy,True,0.5083986307836789,20-30,,dermatologyResident,Male
87273e1578688fb158fa8b8e0531de6d98c7a0db,non-expert,f691143279d9f0165b0672aa87efd536355b569e,3,5,without_ai,False,1225599,DEMO_1225599,MEL,MEL,True,1.0,biopsy,True,0.5083986307836789,20-30,,dermatologyResident,Male
87273e1578688fb158fa8b8e0531de6d98c7a0db,non-expert,f691143279d9f0165b0672aa87efd536355b569e,3,5,with_ai,True,1225599,DEMO_1225599,MEL,INF,False,0.0,biopsy,True,0.5083986307836789,20-30,,dermatologyResident,Male
87273e1578688fb158fa8b8e0531de6d98c7a0db,non-expert,f691143279d9f0165b0672aa87efd536355b569e,3,6,without_ai,False,1446211,DEMO_1446211,BKL,BKL,True,1.0,dismiss,True,0.5083986307836789,20-30,,dermatologyResident,Male
87273e1578688fb158fa8b8e0531de6d98c7a0db,non-expert,f691143279d9f0165b0672aa87efd536355b569e,3,6,with_ai,True,1446211,DEMO_1446211,BKL,BKL,True,1.0,monitor,True,0.5083986307836789,20-30,,dermatologyResident,Male
87273e1578688fb158fa8b8e0531de6d98c7a0db,non-expert,f691143279d9f0165b0672aa87efd536355b569e,3,7,without_ai,False,1800164,DEMO_1800164,NV,INF,False,0.0,dismiss,True,0.5083986307836789,20-30,,dermatologyResident,Male
87273e1578688fb158fa8b8e0531de6d98c7a0db,non-expert,f691143279d9f0165b0672aa87efd536355b569e,3,7,with_ai,True,1800164,DEMO_1800164,NV,BCC,False,0.0,biopsy,True,0.5083986307836789,20-30,,dermatologyResident,Male
87273e1578688fb158fa8b8e0531de6d98c7a0db,non-expert,f691143279d9f0165b0672aa87efd536355b569e,3,8,without_ai,False,4045303,DEMO_4045303,BKL,OTHER_MALIGNANT,False,0.0,monitor,True,0.5083986307836789,20-30,,dermatologyResident,Male
87273e1578688fb158fa8b8e0531de6d98c7a0db,non-expert,f691143279d9f0165b0672aa87efd536355b569e,3,8,with_ai,True,4045303,DEMO_4045303,BKL,BKL,True,1.0,monitor,True,0.5083986307836789,20-30,,dermatologyResident,Male
87273e1578688fb158fa8b8e0531de6d98c7a0db,non-expert,f691143279d9f0165b0672aa87efd536355b569e,3,9,without_ai,False,615276,DEMO_0615276,MEL,DF,False,0.0,dismiss,True,0.5083986307836789,20-30,,dermatologyResident,Male
87273e1578688fb158fa8b8e0531de6d98c7a0db,non-expert,f691143279d9f0165b0672aa87efd536355b569e,3,9,with_ai,True,615276,DEMO_0615276,MEL,OTHER_MALIGNANT,False,0.0,biopsy,True,0.5083986307836789,20-30,,dermatologyResident,Male
87273e1578688fb158fa8b8e0531de6d98c7a0db,non-expert,f691143279d9f0165b0672aa87efd536355b569e,3,10,without_ai,False,5816113,DEMO_5816113,SCCKA,SCCKA,True,1.0,monitor,True,0.5083986307836789,20-30,,dermatologyResident,Male
87273e1578688fb158fa8b8e0531de6d98c7a0db,non-expert,f691143279d9f0165b0672aa87efd536355b569e,3,10,with_ai,True,5816113,DEMO_5816113,SCCKA,DF,False,0.0,dismiss,True,0.5083986307836789,20-30,,dermatologyResident,Male
87273e1578688fb158fa8b8e0531de6d98c7a0db,non-expert,f691143279d9f0165b0672aa87efd536355b569e,3,11,without_ai,False,2629241,DEMO_2629241,VASC,BKL,False,0.0,monitor,True,0.5083986307836789,20-30,,dermatologyResident,Male
87273e1578688fb158fa8b8e0531de6d98c7a0db,non-expert,f691143279d9f0165b0672aa87efd536355b569e,3,11,with_ai,True,2629241,DEMO_2629241,VASC,VASC,True,1.0,monitor,True,0.5083986307836789,20-30,,dermatologyResident,Male
87273e1578688fb158fa8b8e0531de6d98c7a0db,non-expert,f691143279d9f0165b0672aa87efd536355b569e,3,12,without_ai,False,5533338,DEMO_5533338,NV,AKIEC,False,0.0,monitor,True,0.5083986307836789,20-30,,dermatologyResident,Male
87273e1578688fb158fa8b8e0531de6d98c7a0db,non-expert,f691143279d9f0165b0672aa87efd536355b569e,3,12,with_ai,True,5533338,DEMO_5533338,NV,SCCKA,False,0.0,dismiss,True,0.5083986307836789,20-30,,dermatologyResident,Male
87273e1578688fb158fa8b8e0531de6d98c7a0db,non-expert,f691143279d9f0165b0672aa87efd536355b569e,3,13,without_ai,False,2773611,DEMO_2773611,NV,DF,False,0.0,monitor,True,0.5083986307836789,20-30,,dermatologyResident,Male
87273e1578688fb158fa8b8e0531de6d98c7a0db,non-expert,f691143279d9f0165b0672aa87efd536355b569e,3,13,with_ai,True,2773611,DEMO_2773611,NV,SCCKA,False,0.0,dismiss,True,0.5083986307836789,20-30,,dermatologyResident,Male
87273e1578688fb158fa8b8e0531de6d98c7a0db,non-expert,f691143279d9f0165b0672aa87efd536355b569e,3,14,without_ai,False,4278915,DEMO_4278915,BCC,VASC,False,0.0,biopsy,True,0.5083986307836789,20-30,,dermatologyResident,Male
87273e1578688fb158fa8b8e0531de6d98c7a0db,non-expert,f691143279d9f0165b0672aa87efd536355b569e,3,14,with_ai,True,4278915,DEMO_4278915,BCC,BCC,True,1.0,dismiss,True,0.5083986307836789,20-30,,dermatologyResident,Male
87273e1578688fb158fa8b8e0531de6d98c7a0db,non-expert,f691143279d9f0165b0672aa87efd536355b569e,3,15,without_ai,False,6232637,DEMO_6232637,SCCKA,SCCKA,True,1.0,dismiss,True,0.5083986307836789,20-30,,dermatologyResident,Male
87273e1578688fb158fa8b8e0531de6d98c7a0db,non-expert,f691143279d9f0165b0672aa87efd536355b569e,3,15,with_ai,True,6232637,DEMO_6232637,SCCKA,SCCKA,True,1.0,biopsy,True,0.5083986307836789,20-30,,dermatologyResident,Male
87273e1578688fb158fa8b8e0531de6d98c7a0db,non-expert,9c5fc25353a375175442d2b7c0df6bd064ef47a7,5,1,without_ai,False,9147401,DEMO_9147401,SCCKA,NV,False,0.0,local_therapy,True,0.5083986307836789,20-30,,dermatologyResident,Male
87273e1578688fb158fa8b8e0531de6d98c7a0db,non-expert,9c5fc25353a375175442d2b7c0df6bd064ef47a7,5,1,with_ai,True,9147401,DEMO_9147401,SCCKA,SCCKA,True,1.0,monitor,True,0.5083986307836789,20-30,,dermatologyResident,Male
87273e1578688fb158fa8b8e0531de6d98c7a0db,non-expert,9c5fc25353a375175442d2b7c0df6bd064ef47a7,5,2,without_ai,False,6660380,DEMO_6660380,BKL,BKL,True,1.0,monitor,True,0.5083986307836789,20-30,,dermatologyResident,Male
87273e1578688fb158fa8b8e0531de6d98c7a0db,non-expert,9c5fc25353a375175442d2b7c0df6bd064ef47a7,5,2,with_ai,True,6660380,DEMO_6660380,BKL,BKL,True,1.0,monitor,True,0.5083986307836789,20-30,,dermatologyResident,Male
87273e1578688fb158fa8b8e0531de6d98c7a0db,non-expert,9c5fc25353a375175442d2b7c0df6bd064ef47a7,5,3,without_ai,False,939757,DEMO_0939757,NV,DF,False,0.0,local_therapy,True,0.5083986307836789,20-30,,dermatologyResident,Male
87273e1578688fb158fa8b8e0531de6d98c7a0db,non-expert,9c5fc25353a375175442d2b7c0df6bd064ef47a7,5,3,with_ai,True,939757,DEMO_0939757,NV,AKIEC,False,0.0,dismiss,True,0.5083986307836789,20-30,,dermatologyResident,Male
87273e1578688fb158fa8b8e0531de6d98c7a0db,non-expert,9c5fc25353a375175442d2b7c0df6bd064ef47a7,5,4,without_ai,False,2585402,DEMO_2585402,BCC,BCC,True,1.0,biopsy,True,0.5083986307836789,20-30,,dermatologyResident,Male
87273e1578688fb158fa8b8e0531de6d98c7a0db,non-expert,9c5fc25353a375175442d2b7c0df6bd064ef47a7,5,4,with_ai,True,2585402,DEMO_2585402,BCC,BCC,True,1.0,biopsy,True,0.5083986307836789,20-30,,dermatologyResident,Male
87273e1578688fb158fa8b8e0531de6d98c7a0db,non-expert,9c5fc25353a375175442d2b7c0df6bd064ef47a7,5,5,without_ai,False,1398213,DEMO_1398213,NV,BKL,False,0.0,biopsy,True,0.5083986307836789,20-30,,dermatologyResident,Male
87273e1578688fb158fa8b8e0531de6d98c7a0db,non-expert,9c5fc25353a375175442d2b7c0df6bd064ef47a7,5,5,with_ai,True,1398213,DEMO_1398213,NV,NV,True,1.0,dismiss,True,0.5083986307836789,20-30,,dermatologyResident,Male
87273e1578688fb158fa8b8e0531de6d98c7a0db,non-expert,9c5fc25353a375175442d2b7c0df6bd064ef47a7,5,6,without_ai,False,7406246,DEMO_7406246,AKIEC,NV,False,0.0,biopsy,True,0.5083986307836789,20-30,,dermatologyResident,Male
87273e1578688fb158fa8b8e0531de6d98c7a0db,non-expert,9c5fc25353a375175442d2b7c0df6bd064ef47a7,5,6,with_ai,True,7406246,DEMO_7406246,AKIEC,BCC,False,0.0,monitor,True,0.5083986307836789,20-30,,dermatologyResident,Male
87273e1578688fb158fa8b8e0531de6d98c7a0db,non-expert,9c5fc25353a375175442d2b7c0df6bd064ef47a7,5,7,without_ai,False,6737464,DEMO_6737464,SCCKA,BCC,False,0.0,biopsy,True,0.5083986307836789,20-30,,dermatologyResident,Male
87273e1578688fb158fa8b8e0531de6d98c7a0db,non-expert,9c5fc25353a375175442d2b7c0df6bd064ef47a7,5,7,with_ai,True,6737464,DEMO_6737464,SCCKA,SCCKA,True,1.0,biopsy,True,0.5083986307836789,20-30,,dermatologyResident,Male
87273e1578688fb158fa8b8e0531de6d98c7a0db,non-expert,9c5fc25353a375175442d2b7c0df6bd064ef47a7,5,8,without_ai,False,5733084,DEMO_5733084,NV,NV,True,1.0,monitor,True,0.5083986307836789,20-30,,dermatologyResident,Male
87273e1578688fb158fa8b8e0531de6d98c7a0db,non-expert,9c5fc25353a375175442d2b7c0df6bd064ef47a7,5,8,with_ai,True,5733084,DEMO_5733084,NV,NV,True,1.0,monitor,True,0.5083986307836789,20-30,,dermatologyResident,Male
87273e1578688fb158fa8b8e0531de6d98c7a0db,non-expert,9c5fc25353a375175442d2b7c0df6bd064ef47a7,5,9,without_ai,False,3509169,DEMO_3509169,MEL,BCC,False,0.0,local_therapy,True,0.5083986307836789,20-30,,dermatologyResident,Male
87273e1578688fb158fa8b8e0531de6d98c7a0db,non-expert,9c5fc25353a375175442d2b7c0df6bd064ef47a7,5,9,with_ai,True,3509169,DEMO_3509169,MEL,MEL,True,1.0,local_therapy,True,0.5083986307836789,20-30,,dermatologyResident,Male
87273e1578688fb158fa8b8e0531de6d98c7a0db,non-expert,9c5fc25353a375175442d2b7c0df6bd064ef47a7,5,10,without_ai,False,8655979,DEMO_8655979,BCC,BCC,True,1.0,biopsy,True,0.5083986307836789,20-30,,dermatologyResident,Male
87273e1578688fb158fa8b8e0531de6d98c7a0db,non-expert,9c5fc25353a375175442d2b7c0df6bd064ef47a7,5,10,with_ai,True,8655979,DEMO_8655979,BCC,BCC,True,1.0,monitor,True,0.5083986307836789,20-30,,dermatologyResident,Male
87273e1578688fb158fa8b8e0531de6d98c7a0db,non-expert,9c5fc25353a375175442d2b7c0df6bd064ef47a7,5,11,without_ai,False,1720200,DEMO_1720200,BCC,BKL,False,0.0,dismiss,True,0.5083986307836789,20-30,,dermatologyResident,Male
87273e1578688fb158fa8b8e0531de6d98c7a0db,non-expert,9c5fc25353a375175442d2b7c0df6bd064ef47a7,5,11,with_ai,True,1720200,DEMO_1720200,BCC,OTHER_BENIGN,False,0.0,local_therapy,True,0.5083986307836789,20-30,,dermatologyResident,Male
87273e1578688fb158fa8b8e0531de6d98c7a0db,non-expert,9c5fc25353a375175442d2b7c0df6bd064ef47a7,5,12,without_ai,False,4970721,DEMO_4970721,NV,NV,True,1.0,monitor,True,0.5083986307836789,20-30,,dermatologyResident,Male
87273e1578688fb158fa8b8e0531de6d98c7a0db,non-expert,9c5fc25353a375175442d2b7c0df6bd064ef47a7,5,12,with_ai,True,4970721,DEMO_4970721,NV,NV,True,1.0,monitor,True,0.5083986307836789,20-30,,dermatologyResident,Male
87273e1578688fb158fa8b8e0531de6d98c7a0db,non-expert,9c5fc25353a375175442d2b7c0df6bd064ef47a7,5,13,without_ai,False,495159,DEMO_0495159,SCCKA,SCCKA,True,1.0,biopsy,True,0.5083986307836789,20-30,,dermatologyResident,Male
87273e1578688fb158fa8b8e0531de6d98c7a0db,non-expert,9c5fc25353a375175442d2b7c0df6bd064ef47a7,5,13,with_ai,True,495159,DEMO_0495159,SCCKA,SCCKA,True,1.0,biopsy,True,0.5083986307836789,20-30,,dermatologyResident,Male
87273e1578688fb158fa8b8e0531de6d98c7a0db,non-expert,9c5fc25353a375175442d2b7c0df6bd064ef47a7,5,14,without_ai,False,2508004,DEMO_2508004,MEL,MEL,True,1.0,local_therapy,True,0.5083986307836789,20-30,,dermatologyResident,Male
87273e1578688fb158fa8b8e0531de6d98c7a0db,non-expert,9c5fc25353a375175442d2b7c0df6bd064ef47a7,5,14,with_ai,True,2508004,DEMO_2508004,MEL,MEL,True,1.0,biopsy,True,0.5083986307836789,20-30,,dermatologyResident,Male
87273e1578688fb158fa8b8e0531de6d98c7a0db,non-expert,9c5fc25353a375175442d2b7c0df6bd064ef47a7,5,15,without_ai,False,360588,DEMO_0360588,BKL,INF,False,0.0,monitor,True,0.5083986307836789,20-30,,dermatologyResident,Male
87273e1578688fb158fa8b8e0531de6d98c7a0db,non-expert,9c5fc25353a375175442d2b7c0df6bd064ef47a7,5,15,with_ai,True,360588,DEMO_0360588,BKL,BKL,True,1.0,local_therapy,True,0.5083986307836789,20-30,,dermatologyResident,Male
9dfe894573ff10956b2d17caf198defe1fad64ff,expert,f9946930110fa0054833f11daf9df8babfa0d7ae,1,1,without_ai,False,1156081,DEMO_1156081,MEL,MEL,True,1.0,dismiss,True,0.7321433723151441,,,dermatologyResident,Female
9dfe894573ff10956b2d17caf198defe1fad64ff,expert,f9946930110fa0054833f11daf9df8babfa0d7ae,1,1,with_ai,True,1156081,DEMO_1156081,MEL,MEL,True,1.0,local_therapy,True,0.7321433723151441,,,dermatologyResident,Female
9dfe894573ff10956b2d17caf198defe1fad64ff,expert,f9946930110fa0054833f11daf9df8babfa0d7ae,1,2,without_ai,False,485684,DEMO_0485684,MEL,OTHER_BENIGN,False,0.0,biopsy,True,0.7321433723151441,,,dermatologyResident,Female
9dfe894573ff10956b2d17caf198defe1fad64ff,expert,f9946930110fa0054833f11daf9df8babfa0d7ae,1,2,with_ai,True,485684,DEMO_0485684,MEL,MEL,True,1.0,biopsy,True,0.7321433723151441,,,dermatologyResident,Female
9dfe894573ff10956b2d17caf198defe1fad64ff,expert,f9946930110fa0054833f11daf9df8babfa0d7ae,1,3,without_ai,False,6717883,DEMO_6717883,VASC,VASC,True,1.0,monitor,True,0.7321433723151441,,,dermatologyResident,Female
9dfe894573ff10956b2d17caf198defe1fad64ff,expert,f9946930110fa0054833f11daf9df8babfa0d7ae,1,3,with_ai,True,6717883,DEMO_6717883,VASC,SCCKA,False,0.0,dismiss,True,0.7321433723151441,,,dermatologyResident,Female
9dfe894573ff10956b2d17caf198defe1fad64ff,expert,f9946930110fa0054833f11daf9df8babfa0d7ae,1,4,without_ai,False,9616283,DEMO_9616283,BCC,BCC,True,1.0,biopsy,True,0.7321433723151441,,,dermatologyResident,Female
9dfe894573ff10956b2d17caf198defe1fad64ff,expert,f9946930110fa0054833f11daf9df8babfa0d7ae,1,4,with_ai,True,9616283,DEMO_9616283,BCC,BCC,True,1.0,biopsy,True,0.7321433723151441,,,dermatologyResident,Female
9dfe894573ff10956b2d17caf198defe1fad64ff,expert,f9946930110fa0054833f11daf9df8babfa0d7ae,1,5,without_ai,False,217603,DEMO_0217603,BKL,BKL,True,1.0,dismiss,True,0.7321433723151441,,,dermatologyResident,Female
9dfe894573ff10956b2d17caf198defe1fad64ff,expert,f9946930110fa0054833f11daf9df8babfa0d7ae,1,5,with_ai,True,217603,DEMO_0217603,BKL,INF,False,0.0,dismiss,True,0.7321433723151441,,,dermatologyResident,Female
9dfe894573ff10956b2d17caf198defe1fad64ff,expert,f9946930110fa0054833f11daf9df8babfa0d7ae,1,6,without_ai,False,2750719,DEMO_2750719,MEL,MEL,True,1.0,biopsy,True,0.7321433723151441,,,dermatologyResident,Female
9dfe894573ff10956b2d17caf198defe1fad64ff,expert,f9946930110fa0054833f11daf9df8babfa0d7ae,1,6,with_ai,True,2750719,DEMO_2750719,MEL,MEL,True,1.0,local_therapy,True,0.7321433723151441,,,dermatologyResident,Female
9dfe894573ff10956b2d17caf198defe1fad64ff,expert,f9946930110fa0054833f11daf9df8babfa0d7ae,1,7,without_ai,False,476531,DEMO_0476531,OTHER_BENIGN,OTHER_BENIGN,True,1.0,monitor,True,0.7321433723151441,,,dermatologyResident,Female
9dfe894573ff10956b2d17caf198defe1fad64ff,expert,f9946930110fa0054833f11daf9df8babfa0d7ae,1,7,with_ai,True,476531,DEMO_0476531,OTHER_BENIGN,OTHER_BENIGN,True,1.0,biopsy,True,0.7321433723151441,,,dermatologyResident,Female
9dfe894573ff10956b2d17caf198defe1fad64ff,expert,f9946930110fa0054833f11daf9df8babfa0d7ae,1,8,without_ai,False,9193957,DEMO_9193957,SCCKA,SCCKA,True,1.0,local_therapy,True,0.7321433723151441,,,dermatologyResident,Female
9dfe894573ff10956b2d17caf198defe1fad64ff,expert,f9946930110fa0054833f11daf9df8babfa0d7ae,1,8,with_ai,True,9193957,DEMO_9193957,SCCKA,SCCKA,True,1.0,biopsy,True,0.7321433723151441,,,dermatologyResident,Female
9dfe894573ff10956b2d17caf198defe1fad64ff,expert,f9946930110fa0054833f11daf9df8babfa0d7ae,1,9,without_ai,False,9023303,DEMO_9023303,NV,MEL,False,0.0,monitor,True,0.7321433723151441,,,dermatologyResident,Female
9dfe894573ff10956b2d17caf198defe1fad64ff,expert,f9946930110fa0054833f11daf9df8babfa0d7ae,1,9,with_ai,True,9023303,DEMO_9023303,NV,NV,True,1.0,dismiss,True,0.7321433723151441,,,dermatologyResident,Female
9dfe894573ff10956b2d17caf198defe1fad64ff,expert,f9946930110fa0054833f11daf9df8babfa0d7ae,1,10,without_ai,False,6427392,DEMO_6427392,DF,OTHER_MALIGNANT,False,0.0,dismiss,True,0.7321433723151441,,,dermatologyResident,Female
9dfe894573ff10956b2d17caf198defe1fad64ff,expert,f9946930110fa0054833f11daf9df8babfa0d7ae,1,10,with_ai,True,6427392,DEMO_6427392,DF,DF,True,1.0,dismiss,True,0.7321433723151441,,,dermatologyResident,Female
9dfe894573ff10956b2d17caf198defe1fad64ff,expert,f9946930110fa0054833f11daf9df8babfa0d7ae,1,11,without_ai,False,3844593,DEMO_3844593,NV,NV,True,1.0,monitor,True,0.7321433723151441,,,dermatologyResident,Female
9dfe894573ff10956b2d17caf198defe1fad64ff,expert,f9946930110fa0054833f11daf9df8babfa0d7ae,1,11,with_ai,True,3844593,DEMO_3844593,NV,OTHER_MALIGNANT,False,0.0,local_therapy,True,0.7321433723151441,,,dermatologyResident,Female
9dfe894573ff10956b2d17caf198defe1fad64ff,expert,f9946930110fa0054833f11daf9df8babfa0d7ae,1,12,without_ai,False,5917878,DEMO_5917878,BKL,BKL,True,1.0,monitor,True,0.7321433723151441,,,dermatologyResident,Female
9dfe894573ff10956b2d17caf198defe1fad64ff,expert,f9946930110fa0054833f11daf9df8babfa0d7ae,1,12,with_ai,True,5917878,DEMO_5917878,BKL,BKL,True,1.0,dismiss,True,0.7321433723151441,,,dermatologyResident,Female
9dfe894573ff10956b2d17caf198defe1fad64ff,expert,f9946930110fa0054833f11daf9df8babfa0d7ae,1,13,without_ai,False,631018,DEMO_0631018,VASC,VASC,True,1.0,biopsy,True,0.7321433723151441,,,dermatologyResident,Female
9dfe894573ff10956b2d17caf198defe1fad64ff,expert,f9946930110fa0054833f11daf9df8babfa0d7ae,1,13,with_ai,True,631018,DEMO_0631018,VASC,VASC,True,1.0,dismiss,True,0.7321433723151441,,,dermatologyResident,Female
9dfe894573ff10956b2d17caf198defe1fad64ff,expert,f9946930110fa0054833f11daf9df8babfa0d7ae,1,14,without_ai,False,8194122,DEMO_8194122,BKL,BKL,True,1.0,monitor,True,0.7321433723151441,,,dermatologyResident,Female
9dfe894573ff10956b2d17caf198defe1fad64ff,expert,f9946930110fa0054833f11daf9df8babfa0d7ae,1,14,with_ai,True,8194122,DEMO_8194122,BKL,BKL,True,1.0,monitor,True,0.7321433723151441,,,dermatologyResident,Female
9dfe894573ff10956b2d17caf198defe1fad64ff,expert,f9946930110fa0054833f11daf9df8babfa0d7ae,1,15,without_ai,False,1266208,DEMO_1266208,BKL,BKL,True,1.0,biopsy,True,0.7321433723151441,,,dermatologyResident,Female
9dfe894573ff10956b2d17caf198defe1fad64ff,expert,f9946930110fa0054833f11daf9df8babfa0d7ae,1,15,with_ai,True,1266208,DEMO_1266208,BKL,SCCKA,False,0.0,dismiss,True,0.7321433723151441,,,dermatologyResident,Female
9dfe894573ff10956b2d17caf198defe1fad64ff,expert,b0c77ebd5b32ec89519bb345f5b6e81681669673,3,1,without_ai,False,9155637,DEMO_9155637,DF,DF,True,1.0,dismiss,True,0.7321433723151441,,,dermatologyResident,Female
9dfe894573ff10956b2d17caf198defe1fad64ff,expert,b0c77ebd5b32ec89519bb345f5b6e81681669673,3,1,with_ai,True,9155637,DEMO_9155637,DF,DF,True,1.0,monitor,True,0.7321433723151441,,,dermatologyResident,Female
9dfe894573ff10956b2d17caf198defe1fad64ff,expert,b0c77ebd5b32ec89519bb345f5b6e81681669673,3,2,without_ai,False,7818962,DEMO_7818962,NV,NV,True,1.0,dismiss,True,0.7321433723151441,,,dermatologyResident,Female
9dfe894573ff10956b2d17caf198defe1fad64ff,expert,b0c77ebd5b32ec89519bb345f5b6e81681669673,3,2,with_ai,True,7818962,DEMO_7818962,NV,NV,True,1.0,dismiss,True,0.7321433723151441,,,dermatologyResident,Female
9dfe894573ff10956b2d17caf198defe1fad64ff,expert,b0c77ebd5b32ec89519bb345f5b6e81681669673,3,3,without_ai,False,4704816,DEMO_4704816,SCCKA,SCCKA,True,1.0,local_therapy,True,0.7321433723151441,,,dermatologyResident,Female
9dfe894573ff10956b2d17caf198defe1fad64ff,expert,b0c77ebd5b32ec89519bb345f5b6e81681669673,3,3,with_ai,True,4704816,DEMO_4704816,SCCKA,SCCKA,True,1.0,biopsy,True,0.7321433723151441,,,dermatologyResident,Female
9dfe894573ff10956b2d17caf198defe1fad64ff,expert,b0c77ebd5b32ec89519bb345f5b6e81681669673,3,4,without_ai,False,1349492,DEMO_1349492,OTHER_BENIGN,OTHER_BENIGN,True,1.0,biopsy,True,0.7321433723151441,,,dermatologyResident,Female
9dfe894573ff10956b2d17caf198defe1fad64ff,expert,b0c77ebd5b32ec89519bb345f5b6e81681669673,3,4,with_ai,True,1349492,DEMO_1349492,OTHER_BENIGN,OTHER_BENIGN,True,1.0,biopsy,True,0.7321433723151441,,,dermatologyResident,Female
9dfe894573ff10956b2d17caf198defe1fad64ff,expert,b0c77ebd5b32ec89519bb345f5b6e81681669673,3,5,without_ai,False,1749143,DEMO_1749143,MEL,MEL,True,1.0,biopsy,True,0.7321433723151441,,,dermatologyResident,Female
9dfe894573ff10956b2d17caf198defe1fad64ff,expert,b0c77ebd5b32ec89519bb345f5b6e81681669673,3,5,with_ai,True,1749143,DEMO_1749143,MEL,BCC,False,0.0,biopsy,True,0.7321433723151441,,,dermatologyResident,Female
9dfe894573ff10956b2d17caf198defe1fad64ff,expert,b0c77ebd5b32ec89519bb345f5b6e81681669673,3,6,without_ai,False,1490891,DEMO_1490891,AKIEC,AKIEC,True,1.0,biopsy,True,0.7321433723151441,,,dermatologyResident,Female
9dfe894573ff10956b2d17caf198defe1fad64ff,expert,b0c77ebd5b32ec89519bb345f5b6e81681669673,3,6,with_ai,True,1490891,DEMO_1490891,AKIEC,AKIEC,True,1.0,local_therapy,True,0.7321433723151441,,,dermatologyResident,Female
9dfe894573ff10956b2d17caf198defe1fad64ff,expert,b0c77ebd5b32ec89519bb345f5b6e81681669673,3,7,without_ai,False,2632037,DEMO_2632037,NV,OTHER_MALIGNANT,False,0.0,monitor,True,0.7321433723151441,,,dermatologyResident,Female
9dfe894573ff10956b2d17caf198defe1fad64ff,expert,b0c77ebd5b32ec89519bb345f5b6e81681669673,3,7,with_ai,True,2632037,DEMO_2632037,NV,NV,True,1.0,monitor,True,0.7321433723151441,,,dermatologyResident,Female
9dfe894573ff10956b2d17caf198defe1fad64ff,expert,b0c77ebd5b32ec89519bb345f5b6e81681669673,3,8,without_ai,False,4262348,DEMO_4262348,BCC,BCC,True,1.0,biopsy,True,0.7321433723151441,,,dermatologyResident,Female
9dfe894573ff10956b2d17caf198defe1fad64ff,expert,b0c77ebd5b32ec89519bb345f5b6e81681669673,3,8,with_ai,True,4262348,DEMO_4262348,BCC,BCC,True,1.0,biopsy,True,0.7321433723151441,,,dermatologyResident,Female
9dfe894573ff10956b2d17caf198defe1fad64ff,expert,b0c77ebd5b32ec89519bb345f5b6e81681669673,3,9,without_ai,False,6917230,DEMO_6917230,VASC,VASC,True,1.0,dismiss,True,0.7321433723151441,,,dermatologyResident,Female
9dfe894573ff10956b2d17caf198defe1fad64ff,expert,b0c77ebd5b32ec89519bb345f5b6e81681669673,3,9,with_ai,True,6917230,DEMO_6917230,VASC,VASC,True,1.0,monitor,True,0.7321433723151441,,,dermatologyResident,Female
9dfe894573ff10956b2d17caf198defe1fad64ff,expert,b0c77ebd5b32ec89519bb345f5b6e81681669673,3,10,without_ai,False,3307934,DEMO_3307934,NV,NV,True,1.0,dismiss,True,0.7321433723151441,,,dermatologyResident,Female
9dfe894573ff10956b2d17caf198defe1fad64ff,expert,b0c77ebd5b32ec89519bb345f5b6e81681669673,3,10,with_ai,True,3307934,DEMO_3307934,NV,SCCKA,False,0.0,monitor,True,0.7321433723151441,,,dermatologyResident,Female
9dfe894573ff10956b2d17caf198defe1fad64ff,expert,b0c77ebd5b32ec89519bb345f5b6e81681669673,3,11,without_ai,False,1849768,DEMO_1849768,INF,VASC,False,0.0,monitor,True,0.7321433723151441,,,dermatologyResident,Female
9dfe894573ff10956b2d17caf198defe1fad64ff,expert,b0c77ebd5b32ec89519bb345f5b6e81681669673,3,11,with_ai,True,1849768,DEMO_1849768,INF,INF,True,1.0,local_therapy,True,0.7321433723151441,,,dermatologyResident,Female
9dfe894573ff10956b2d17caf198defe1fad64ff,expert,b0c77ebd5b32ec89519bb345f5b6e81681669673,3,12,without_ai,False,9768498,DEMO_9768498,NV,BCC,False,0.0,monitor,True,0.7321433723151441,,,dermatologyResident,Female
9dfe894573ff10956b2d17caf198defe1fad64ff,expert,b0c77ebd5b32ec89519bb345f5b6e81681669673,3,12,with_ai,True,9768498,DEMO_9768498,NV,NV,True,1.0,monitor,True,0.7321433723151441,,,dermatologyResident,Female
9dfe894573ff10956b2d17caf198defe1fad64ff,expert,b0c77ebd5b32ec89519bb345f5b6e81681669673,3,13,without_ai,False,7475380,DEMO_7475380,BKL,BKL,True,1.0,monitor,True,0.7321433723151441,,,dermatologyResident,Female
9dfe894573ff10956b2d17caf198defe1fad64ff,expert,b0c77ebd5b32ec89519bb345f5b6e81681669673,3,13,with_ai,True,7475380,DEMO_7475380,BKL,DF,False,0.0,dismiss,True,0.7321433723151441,,,dermatologyResident,Female
9dfe894573ff10956b2d17caf198defe1fad64ff,expert,b0c77ebd5b32ec89519bb345f5b6e81681669673,3,14,without_ai,False,8510360,DEMO_8510360,MEL,MEL,True,1.0,local_therapy,True,0.7321433723151441,,,dermatologyResident,Female
9dfe894573ff10956b2d17caf198defe1fad64ff,expert,b0c77ebd5b32ec89519bb345f5b6e81681669673,3,14,with_ai,True,8510360,DEMO_8510360,MEL,MEL,True,1.0,biopsy,True,0.7321433723151441,,,dermatologyResident,Female
9dfe894573ff10956b2d17caf198defe1fad64ff,expert,b0c77ebd5b32ec89519bb345f5b6e81681669673,3,15,without_ai,False,1611274,DEMO_1611274,MEL,MEL,True,1.0,local_therapy,True,0.7321433723151441,,,dermatologyResident,Female
9dfe894573ff10956b2d17caf198defe1fad64ff,expert,b0c77ebd5b32ec89519bb345f5b6e81681669673,3,15,with_ai,True,1611274,DEMO_1611274,MEL,AKIEC,False,0.0,local_therapy,True,0.7321433723151441,,,dermatologyResident,Female
8799a7f434b82aba44a32cae84885d1542e46146,non-expert,acb16e2c73a536db7878b7703537172a4c5697fc,1,1,without_ai,False,9705128,DEMO_9705128,BCC,BKL,False,0.0,local_therapy,True,0.3012341034129467,,,generalPractitioner,Male
8799a7f434b82aba44a32cae84885d1542e46146,non-expert,acb16e2c73a536db7878b7703537172a4c5697fc,1,1,with_ai,True,9705128,DEMO_9705128,BCC,BCC,True,1.0,biopsy,True,0.3012341034129467,,,generalPractitioner,Male
8799a7f434b82aba44a32cae84885d1542e46146,non-expert,acb16e2c73a536db7878b7703537172a4c5697fc,1,2,without_ai,False,1163755,DEMO_1163755,DF,AKIEC,False,0.0,dismiss,True,0.3012341034129467,,,generalPractitioner,Male
8799a7f434b82aba44a32cae84885d1542e46146,non-expert,acb16e2c73a536db7878b7703537172a4c5697fc,1,2,with_ai,True,1163755,DEMO_1163755,DF,BCC,False,0.0,dismiss,True,0.3012341034129467,,,generalPractitioner,Male
8799a7f434b82aba44a32cae84885d1542e46146,non-expert,acb16e2c73a536db7878b7703537172a4c5697fc,1,3,without_ai,False,9900308,DEMO_9900308,AKIEC,AKIEC,True,1.0,local_therapy,True,0.3012341034129467,,,generalPractitioner,Male
8799a7f434b82aba44a32cae84885d1542e46146,non-expert,acb16e2c73a536db7878b7703537172a4c5697fc,1,3,with_ai,True,9900308,DEMO_9900308,AKIEC,VASC,False,0.0,monitor,True,0.3012341034129467,,,generalPractitioner,Male
8799a7f434b82aba44a32cae84885d1542e46146,non-expert,acb16e2c73a536db7878b7703537172a4c5697fc,1,4,without_ai,False,7733009,DEMO_7733009,VASC,VASC,True,1.0,dismiss,True,0.3012341034129467,,,generalPractitioner,Male
8799a7f434b82aba44a32cae84885d1542e46146,non-expert,acb16e2c73a536db7878b7703537172a4c5697fc,1,4,with_ai,True,7733009,DEMO_7733009,VASC,VASC,True,1.0,dismiss,True,0.3012341034129467,,,generalPractitioner,Male
8799a7f434b82aba44a32cae84885d1542e46146,non-expert,acb16e2c73a536db7878b7703537172a4c5697fc,1,5,without_ai,False,148586,DEMO_0148586,SCCKA,AKIEC,False,0.0,biopsy,True,0.3012341034129467,,,generalPractitioner,Male
8799a7f434b82aba44a32cae84885d1542e46146,non-expert,acb16e2c73a536db7878b7703537172a4c5697fc,1,5,with_ai,True,148586,DEMO_0148586,SCCKA,NV,False,0.0,biopsy,True,0.3012341034129467,,,generalPractitioner,Male
8799a7f434b82aba44a32cae84885d1542e46146,non-expert,acb16e2c73a536db7878b7703537172a4c5697fc,1,6,without_ai,False,2216325,DEMO_2216325,DF,DF,True,1.0,monitor,True,0.3012341034129467,,,generalPractitioner,Male
8799a7f434b82aba44a32cae84885d1542e46146,non-expert,acb16e2c73a536db7878b7703537172a4c5697fc,1,6,with_ai,True,2216325,DEMO_2216325,DF,BCC,False,0.0,monitor,True,0.3012341034129467,,,generalPractitioner,Male
8799a7f434b82aba44a32cae84885d1542e46146,non-expert,acb16e2c73a536db7878b7703537172a4c5697fc,1,7,without_ai,False,7861023,DEMO_7861023,NV,VASC,False,0.0,dismiss,True,0.3012341034129467,,,generalPractitioner,Male
8799a7f434b82aba44a32cae84885d1542e46146,non-expert,acb16e2c73a536db7878b7703537172a4c5697fc,1,7,with_ai,True,7861023,DEMO_7861023,NV,MEL,False,0.0,monitor,True,0.3012341034129467,,,generalPractitioner,Male
8799a7f434b82aba44a32cae84885d1542e46146,non-expert,acb16e2c73a536db7878b7703537172a4c5697fc,1,8,without_ai,False,2009574,DEMO_2009574,NV,DF,False,0.0,monitor,True,0.3012341034129467,,,generalPractitioner,Male
8799a7f434b82aba44a32cae84885d1542e46146,non-expert,acb16e2c73a536db7878b7703537172a4c5697fc,1,8,with_ai,True,2009574,DEMO_2009574,NV,OTHER_MALIGNANT,False,0.0,dismiss,True,0.3012341034129467,,,generalPractitioner,Male
8799a7f434b82aba44a32cae84885d1542e46146,non-expert,acb16e2c73a536db7878b7703537172a4c5697fc,1,9,without_ai,False,2521193,DEMO_2521193,NV,BCC,False,0.0,local_therapy,True,0.3012341034129467,,,generalPractitioner,Male
8799a7f434b82aba44a32cae84885d1542e46146,non-expert,acb16e2c73a536db7878b7703537172a4c5697fc,1,9,with_ai,True,2521193,DEMO_2521193,NV,BCC,False,0.0,local_therapy,True,0.3012341034129467,,,generalPractitioner,Male
8799a7f434b82aba44a32cae84885d1542e46146,non-expert,acb16e2c73a536db7878b7703537172a4c5697fc,1,10,without_ai,False,5847200,DEMO_5847200,MEL,BKL,False,0.0,biopsy,True,0.3012341034129467,,,generalPractitioner,Male
8799a7f434b82aba44a32cae84885d1542e46146,non-expert,acb16e2c73a536db7878b7703537172a4c5697fc,1,10,with_ai,True,5847200,DEMO_5847200,MEL,OTHER_MALIGNANT,False,0.0,biopsy,True,0.3012341034129467,,,generalPractitioner,Male
8799a7f434b82aba44a32cae84885d1542e46146,non-expert,acb16e2c73a536db7878b7703537172a4c5697fc,1,11,without_ai,False,9381270,DEMO_9381270,DF,DF,True,1.0,monitor,True,0.3012341034129467,,,generalPractitioner,Male
8799a7f434b82aba44a32cae84885d1542e46146,non-expert,acb16e2c73a536db7878b7703537172a4c5697fc,1,11,with_ai,True,9381270,DEMO_9381270,DF,OTHER_MALIGNANT,False,0.0,dismiss,True,0.3012341034129467,,,generalPractitioner,Male
8799a7f434b82aba44a32cae84885d1542e46146,non-expert,acb16e2c73a536db7878b7703537172a4c5697fc,1,12,without_ai,False,5449142,DEMO_5449142,SCCKA,SCCKA,True,1.0,local_therapy,True,0.3012341034129467,,,generalPractitioner,Male
8799a7f434b82aba44a32cae84885d1542e46146,non-expert,acb16e2c73a536db7878b7703537172a4c5697fc,1,12,with_ai,True,5449142,DEMO_5449142,SCCKA,SCCKA,True,1.0,biopsy,True,0.3012341034129467,,,generalPractitioner,Male
8799a7f434b82aba44a32cae84885d1542e46146,non-expert,acb16e2c73a536db7878b7703537172a4c5697fc,1,13,without_ai,False,823957,DEMO_0823957,INF,BKL,False,0.0,biopsy,True,0.3012341034129467,,,generalPractitioner,Male
8799a7f434b82aba44a32cae84885d1542e46146,non-expert,acb16e2c73a536db7878b7703537172a4c5697fc,1,13,with_ai,True,823957,DEMO_0823957,INF,INF,True,1.0,local_therapy,True,0.3012341034129467,,,generalPractitioner,Male
8799a7f434b82aba44a32cae84885d1542e46146,non-expert,acb16e2c73a536db7878b7703537172a4c5697fc,1,14,without_ai,False,7476950,DEMO_7476950,BKL,DF,False,0.0,local_therapy,True,0.3012341034129467,,,generalPractitioner,Male
8799a7f434b82aba44a32cae84885d1542e46146,non-expert,acb16e2c73a536db7878b7703537172a4c5697fc,1,14,with_ai,True,7476950,DEMO_7476950,BKL,BKL,True,1.0,monitor,True,0.3012341034129467,,,generalPractitioner,Male
8799a7f434b82aba44a32cae84885d1542e46146,non-expert,acb16e2c73a536db7878b7703537172a4c5697fc,1,15,without_ai,False,3545219,DEMO_3545219,NV,NV,True,1.0,monitor,True,0.3012341034129467,,,generalPractitioner,Male
8799a7f434b82aba44a32cae84885d1542e46146,non-expert,acb16e2c73a536db7878b7703537172a4c5697fc,1,15,with_ai,True,3545219,DEMO_3545219,NV,NV,True,1.0,monitor,True,0.3012341034129467,,,generalPractitioner,Male
bae43abf301a4b98aab64f78e5994ee491b608b0,expert,b4163c92726592872f46f1945c8ec8bd11180f56,1,1,without_ai,False,3259063,DEMO_3259063,AKIEC,AKIEC,True,1.0,monitor,True,0.7755003180150561,31-40,,boardCertifiedDermatologist,Male
bae43abf301a4b98aab64f78e5994ee491b608b0,expert,b4163c92726592872f46f1945c8ec8bd11180f56,1,1,with_ai,True,3259063,DEMO_3259063,AKIEC,AKIEC,True,1.0,biopsy,True,0.7755003180150561,31-40,,boardCertifiedDermatologist,Male
bae43abf301a4b98aab64f78e5994ee491b608b0,expert,b4163c92726592872f46f1945c8ec8bd11180f56,1,2,without_ai,False,8209986,DEMO_8209986,BKL,VASC,False,0.0,dismiss,True,0.7755003180150561,31-40,,boardCertifiedDermatologist,Male
bae43abf301a4b98aab64f78e5994ee491b608b0,expert,b4163c92726592872f46f1945c8ec8bd11180f56,1,2,with_ai,True,8209986,DEMO_8209986,BKL,MEL,False,0.0,dismiss,True,0.7755003180150561,31-40,,boardCertifiedDermatologist,Male
bae43abf301a4b98aab64f78e5994ee491b608b0,expert,b4163c92726592872f46f1945c8ec8bd11180f56,1,3,without_ai,False,3656681,DEMO_3656681,NV,NV,True,1.0,monitor,True,0.7755003180150561,31-40,,boardCertifiedDermatologist,Male
bae43abf301a4b98aab64f78e5994ee491b608b0,expert,b4163c92726592872f46f1945c8ec8bd11180f56,1,3,with_ai,True,3656681,DEMO_3656681,NV,NV,True,1.0,local_therapy,True,0.7755003180150561,31-40,,boardCertifiedDermatologist,Male
bae43abf301a4b98aab64f78e5994ee491b608b0,expert,b4163c92726592872f46f1945c8ec8bd11180f56,1,4,without_ai,False,4071304,DEMO_4071304,BCC,MEL,False,0.0,dismiss,True,0.7755003180150561,31-40,,boardCertifiedDermatologist,Male
bae43abf301a4b98aab64f78e5994ee491b608b0,expert,b4163c92726592872f46f1945c8ec8bd11180f56,1,4,with_ai,True,4071304,DEMO_4071304,BCC,VASC,False,0.0,biopsy,True,0.7755003180150561,31-40,,boardCertifiedDermatologist,Male
bae43abf301a4b98aab64f78e5994ee491b608b0,expert,b4163c92726592872f46f1945c8ec8bd11180f56,1,5,without_ai,False,4929243,DEMO_4929243,BCC,OTHER_BENIGN,False,0.0,biopsy,True,0.7755003180150561,31-40,,boardCertifiedDermatologist,Male
bae43abf301a4b98aab64f78e5994ee491b608b0,expert,b4163c92726592872f46f1945c8ec8bd11180f56,1,5,with_ai,True,4929243,DEMO_4929243,BCC,BCC,True,1.0,biopsy,True,0.7755003180150561,31-40,,boardCertifiedDermatologist,Male
bae43abf301a4b98aab64f78e5994ee491b608b0,expert,b4163c92726592872f46f1945c8ec8bd11180f56,1,6,without_ai,False,3429820,DEMO_3429820,BCC,AKIEC,False,0.0,local_therapy,True,0.7755003180150561,31-40,,boardCertifiedDermatologist,Male
bae43abf301a4b98aab64f78e5994ee491b608b0,expert,b4163c92726592872f46f1945c8ec8bd11180f56,1,6,with_ai,True,3429820,DEMO_3429820,BCC,BCC,True,1.0,local_therapy,True,0.7755003180150561,31-40,,boardCertifiedDermatologist,Male
bae43abf301a4b98aab64f78e5994ee491b608b0,expert,b4163c92726592872f46f1945c8ec8bd11180f56,1,7,without_ai,False,4397942,DEMO_4397942,SCCKA,SCCKA,True,1.0,monitor,True,0.7755003180150561,31-40,,boardCertifiedDermatologist,Male
bae43abf301a4b98aab64f78e5994ee491b608b0,expert,b4163c92726592872f46f1945c8ec8bd11180f56,1,7,with_ai,True,4397942,DEMO_4397942,SCCKA,SCCKA,True,1.0,local_therapy,True,0.7755003180150561,31-40,,boardCertifiedDermatologist,Male
bae43abf301a4b98aab64f78e5994ee491b608b0,expert,b4163c92726592872f46f1945c8ec8bd11180f56,1,8,without_ai,False,3300187,DEMO_3300187,INF,INF,True,1.0,monitor,True,0.7755003180150561,31-40,,boardCertifiedDermatologist,Male
bae43abf301a4b98aab64f78e5994ee491b608b0,expert,b4163c92726592872f46f1945c8ec8bd11180f56,1,8,with_ai,True,3300187,DEMO_3300187,INF,NV,False,0.0,local_therapy,True,0.7755003180150561,31-40,,boardCertifiedDermatologist,Male
bae43abf301a4b98aab64f78e5994ee491b608b0,expert,b4163c92726592872f46f1945c8ec8bd11180f56,1,9,without_ai,False,4620262,DEMO_4620262,BKL,BKL,True,1.0,monitor,True,0.7755003180150561,31-40,,boardCertifiedDermatologist,Male
bae43abf301a4b98aab64f78e5994ee491b608b0,expert,b4163c92726592872f46f1945c8ec8bd11180f56,1,9,with_ai,True,4620262,DEMO_4620262,BKL,BKL,True,1.0,biopsy,True,0.7755003180150561,31-40,,boardCertifiedDermatologist,Male
bae43abf301a4b98aab64f78e5994ee491b608b0,expert,b4163c92726592872f46f1945c8ec8bd11180f56,1,10,without_ai,False,3227491,DEMO_3227491,BCC,BCC,True,1.0,biopsy,True,0.7755003180150561,31-40,,boardCertifiedDermatologist,Male
bae43abf301a4b98aab64f78e5994ee491b608b0,expert,b4163c92726592872f46f1945c8ec8bd11180f56,1,10,with_ai,True,3227491,DEMO_3227491,BCC,BCC,True,1.0,local_therapy,True,0.7755003180150561,31-40,,boardCertifiedDermatologist,Male
bae43abf301a4b98aab64f78e5994ee491b608b0,expert,b4163c92726592872f46f1945c8ec8bd11180f56,1,11,without_ai,False,7747406,DEMO_7747406,NV,NV,True,1.0,monitor,True,0.7755003180150561,31-40,,boardCertifiedDermatologist,Male
bae43abf301a4b98aab64f78e5994ee491b608b0,expert,b4163c92726592872f46f1945c8ec8bd11180f56,1,11,with_ai,True,7747406,DEMO_7747406,NV,SCCKA,False,0.0,dismiss,True,0.7755003180150561,31-40,,boardCertifiedDermatologist,Male
bae43abf301a4b98aab64f78e5994ee491b608b0,expert,b4163c92726592872f46f1945c8ec8bd11180f56,1,12,without_ai,False,499713,DEMO_0499713,AKIEC,AKIEC,True,1.0,biopsy,True,0.7755003180150561,31-40,,boardCertifiedDermatologist,Male
bae43abf301a4b98aab64f78e5994ee491b608b0,expert,b4163c92726592872f46f1945c8ec8bd11180f56,1,12,with_ai,True,499713,DEMO_0499713,AKIEC,AKIEC,True,1.0,biopsy,True,0.7755003180150561,31-40,,boardCertifiedDermatologist,Male
bae43abf301a4b98aab64f78e5994ee491b608b0,expert,b4163c92726592872f46f1945c8ec8bd11180f56,1,13,without_ai,False,738061,DEMO_0738061,NV,NV,True,1.0,monitor,True,0.7755003180150561,31-40,,boardCertifiedDermatologist,Male
bae43abf301a4b98aab64f78e5994ee491b608b0,expert,b4163c92726592872f46f1945c8ec8bd11180f56,1,13,with_ai,True,738061,DEMO_0738061,NV,NV,True,1.0,monitor,True,0.7755003180150561,31-40,,boardCertifiedDermatologist,Male
bae43abf301a4b98aab64f78e5994ee491b608b0,expert,b4163c92726592872f46f1945c8ec8bd11180f56,1,14,without_ai,False,9050441,DEMO_9050441,SCCKA,SCCKA,True,1.0,dismiss,True,0.7755003180150561,31-40,,boardCertifiedDermatologist,Male
bae43abf301a4b98aab64f78e5994ee491b608b0,expert,b4163c92726592872f46f1945c8ec8bd11180f56,1,14,with_ai,True,9050441,DEMO_9050441,SCCKA,SCCKA,True,1.0,monitor,True,0.7755003180150561,31-40,,boardCertifiedDermatologist,Male
bae43abf301a4b98aab64f78e5994ee491b608b0,expert,b4163c92726592872f46f1945c8ec8bd11180f56,1,15,without_ai,False,2552678,DEMO_2552678,NV,NV,True,1.0,monitor,True,0.7755003180150561,31-40,,boardCertifiedDermatologist,Male
bae43abf301a4b98aab64f78e5994ee491b608b0,expert,b4163c92726592872f46f1945c8ec8bd11180f56,1,15,with_ai,True,2552678,DEMO_2552678,NV,DF,False,0.0,biopsy,True,0.7755003180150561,31-40,,boardCertifiedDermatologist,Male
abeb731cd4b051aff78eac39469c041158a19322,non-expert,de96ba7f3edf2ba2f7da1a06d03a3aa7c8359105,1,1,without_ai,False,7199966,DEMO_7199966,BCC,BKL,False,0.0,monitor,True,0.4863730985500072,,,dermatologyResident,Male
abeb731cd4b051aff78eac39469c041158a19322,non-expert,de96ba7f3edf2ba2f7da1a06d03a3aa7c8359105,1,1,with_ai,True,7199966,DEMO_7199966,BCC,BCC,True,1.0,local_therapy,True,0.4863730985500072,,,dermatologyResident,Male
abeb731cd4b051aff78eac39469c041158a19322,non-expert,de96ba7f3edf2ba2f7da1a06d03a3aa7c8359105,1,2,without_ai,False,2976336,DEMO_2976336,MEL,MEL,True,1.0,biopsy,True,0.4863730985500072,,,dermatologyResident,Male
abeb731cd4b051aff78eac39469c041158a19322,non-expert,de96ba7f3edf2ba2f7da1a06d03a3aa7c8359105,1,2,with_ai,True,2976336,DEMO_2976336,MEL,DF,False,0.0,monitor,True,0.4863730985500072,,,dermatologyResident,Male
abeb731cd4b051aff78eac39469c041158a19322,non-expert,de96ba7f3edf2ba2f7da1a06d03a3aa7c8359105,1,3,without_ai,False,4144534,DEMO_4144534,MEL,OTHER_BENIGN,False,0.0,monitor,True,0.4863730985500072,,,dermatologyResident,Male
abeb731cd4b051aff78eac39469c041158a19322,non-expert,de96ba7f3edf2ba2f7da1a06d03a3aa7c8359105,1,3,with_ai,True,4144534,DEMO_4144534,MEL,AKIEC,False,0.0,local_therapy,True,0.4863730985500072,,,dermatologyResident,Male
abeb731cd4b051aff78eac39469c041158a19322,non-expert,de96ba7f3edf2ba2f7da1a06d03a3aa7c8359105,1,4,without_ai,False,4763360,DEMO_4763360,BCC,BCC,True,1.0,biopsy,True,0.4863730985500072,,,dermatologyResident,Male
abeb731cd4b051aff78eac39469c041158a19322,non-expert,de96ba7f3edf2ba2f7da1a06d03a3aa7c8359105,1,4,with_ai,True,4763360,DEMO_4763360,BCC,BCC,True,1.0,local_therapy,True,0.4863730985500072,,,dermatologyResident,Male
abeb731cd4b051aff78eac39469c041158a19322,non-expert,de96ba7f3edf2ba2f7da1a06d03a3aa7c8359105,1,5,without_ai,False,7777814,DEMO_7777814,MEL,MEL,True,1.0,biopsy,True,0.4863730985500072,,,dermatologyResident,Male
abeb731cd4b051aff78eac39469c041158a19322,non-expert,de96ba7f3edf2ba2f7da1a06d03a3aa7c8359105,1,5,with_ai,True,7777814,DEMO_7777814,MEL,SCCKA,False,0.0,local_therapy,True,0.4863730985500072,,,dermatologyResident,Male
abeb731cd4b051aff78eac39469c041158a19322,non-expert,de96ba7f3edf2ba2f7da1a06d03a3aa7c8359105,1,6,without_ai,False,7639349,DEMO_7639349,BCC,BCC,True,1.0,biopsy,True,0.4863730985500072,,,dermatologyResident,Male
abeb731cd4b051aff78eac39469c041158a19322,non-expert,de96ba7f3edf2ba2f7da1a06d03a3aa7c8359105,1,6,with_ai,True,7639349,DEMO_7639349,BCC,MEL,False,0.0,biopsy,True,0.4863730985500072,,,dermatologyResident,Male
abeb731cd4b051aff78eac39469c041158a19322,non-expert,de96ba7f3edf2ba2f7da1a06d03a3aa7c8359105,1,7,without_ai,False,9564944,DEMO_9564944,BKL,BKL,True,1.0,monitor,True,0.4863730985500072,,,dermatologyResident,Male
abeb731cd4b051aff78eac39469c041158a19322,non-expert,de96ba7f3edf2ba2f7da1a06d03a3aa7c8359105,1,7,with_ai,True,9564944,DEMO_9564944,BKL,OTHER_MALIGNANT,False,0.0,dismiss,True,0.4863730985500072,,,dermatologyResident,Male
abeb731cd4b051aff78eac39469c041158a19322,non-expert,de96ba7f3edf2ba2f7da1a06d03a3aa7c8359105,1,8,without_ai,False,3890114,DEMO_3890114,INF,OTHER_MALIGNANT,False,0.0,monitor,True,0.4863730985500072,,,dermatologyResident,Male
abeb731cd4b051aff78eac39469c041158a19322,non-expert,de96ba7f3edf2ba2f7da1a06d03a3aa7c8359105,1,8,with_ai,True,3890114,DEMO_3890114,INF,INF,True,1.0,dismiss,True,0.4863730985500072,,,dermatologyResident,Male
abeb731cd4b051aff78eac39469c041158a19322,non-expert,de96ba7f3edf2ba2f7da1a06d03a3aa7c8359105,1,9,without_ai,False,506985,DEMO_0506985,DF,MEL,False,0.0,dismiss,True,0.4863730985500072,,,dermatologyResident,Male
abeb731cd4b051aff78eac39469c041158a19322,non-expert,de96ba7f3edf2ba2f7da1a06d03a3aa7c8359105,1,9,with_ai,True,506985,DEMO_0506985,DF,DF,True,1.0,dismiss,True,0.4863730985500072,,,dermatologyResident,Male
abeb731cd4b051aff78eac39469c041158a19322,non-expert,de96ba7f3edf2ba2f7da1a06d03a3aa7c8359105,1,10,without_ai,False,6905712,DEMO_6905712,NV,VASC,False,0.0,dismiss,True,0.4863730985500072,,,dermatologyResident,Male
abeb731cd4b051aff78eac39469c041158a19322,non-expert,de96ba7f3edf2ba2f7da1a06d03a3aa7c8359105,1,10,with_ai,True,6905712,DEMO_6905712,NV,MEL,False,0.0,monitor,True,0.4863730985500072,,,dermatologyResident,Male
abeb731cd4b051aff78eac39469c041158a19322,non-expert,de96ba7f3edf2ba2f7da1a06d03a3aa7c8359105,1,11,without_ai,False,649609,DEMO_0649609,OTHER_BENIGN,OTHER_BENIGN,True,1.0,dismiss,True,0.4863730985500072,,,dermatologyResident,Male
abeb731cd4b051aff78eac39469c041158a19322,non-expert,de96ba7f3edf2ba2f7da1a06d03a3aa7c8359105,1,11,with_ai,True,649609,DEMO_0649609,OTHER_BENIGN,DF,False,0.0,dismiss,True,0.4863730985500072,,,dermatologyResident,Male
abeb731cd4b051aff78eac39469c041158a19322,non-expert,de96ba7f3edf2ba2f7da1a06d03a3aa7c8359105,1,12,without_ai,False,9653708,DEMO_9653708,VASC,VASC,True,1.0,monitor,True,0.4863730985500072,,,dermatologyResident,Male
abeb731cd4b051aff78eac39469c041158a19322,non-expert,de96ba7f3edf2ba2f7da1a06d03a3aa7c8359105,1,12,with_ai,True,9653708,DEMO_9653708,VASC,SCCKA,False,0.0,monitor,True,0.4863730985500072,,,dermatologyResident,Male
abeb731cd4b051aff78eac39469c041158a19322,non-expert,de96ba7f3edf2ba2f7da1a06d03a3aa7c8359105,1,13,without_ai,False,925517,DEMO_0925517,BCC,DF,False,0.0,biopsy,True,0.4863730985500072,,,dermatologyResident,Male
abeb731cd4b051aff78eac39469c041158a19322,non-expert,de96ba7f3edf2ba2f7da1a06d03a3aa7c8359105,1,13,with_ai,True,925517,DEMO_0925517,BCC,BCC,True,1.0,local_therapy,True,0.4863730985500072,,,dermatologyResident,Male
abeb731cd4b051aff78eac39469c041158a19322,non-expert,de96ba7f3edf2ba2f7da1a06d03a3aa7c8359105,1,14,without_ai,False,5109362,DEMO_5109362,SCCKA,SCCKA,True,1.0,dismiss,True,0.4863730985500072,,,dermatologyResident,Male
abeb731cd4b051aff78eac39469c041158a19322,non-expert,de96ba7f3edf2ba2f7da1a06d03a3aa7c8359105,1,14,with_ai,True,5109362,DEMO_5109362,SCCKA,SCCKA,True,1.0,local_therapy,True,0.4863730985500072,,,dermatologyResident,Male
abeb731cd4b051aff78eac39469c041158a19322,non-expert,de96ba7f3edf2ba2f7da1a06d03a3aa7c8359105,1,15,without_ai,False,5086783,DEMO_5086783,BCC,BCC,True,1.0,monitor,True,0.4863730985500072,,,dermatologyResident,Male
abeb731cd4b051aff78eac39469c041158a19322,non-expert,de96ba7f3edf2ba2f7da1a06d03a3aa7c8359105,1,15,with_ai,True,5086783,DEMO_5086783,BCC,INF,False,0.0,dismiss,True,0.4863730985500072,,,dermatologyResident,Male
6da9fdd187e94dd9406a5f6aff920623d403ff3c,non-expert,95099304fa744079bb32df6cc7ff3a24b8d3dd57,1,1,without_ai,False,5231853,DEMO_5231853,NV,NV,True,1.0,monitor,True,0.4339733884132272,,,dermatologyResident,Female
6da9fdd187e94dd9406a5f6aff920623d403ff3c,non-expert,95099304fa744079bb32df6cc7ff3a24b8d3dd57,1,1,with_ai,True,5231853,DEMO_5231853,NV,DF,False,0.0,monitor,True,0.4339733884132272,,,dermatologyResident,Female
6da9fdd187e94dd9406a5f6aff920623d403ff3c,non-expert,95099304fa744079bb32df6cc7ff3a24b8d3dd57,1,2,without_ai,False,760534,DEMO_0760534,BKL,SCCKA,False,0.0,dismiss,True,0.4339733884132272,,,dermatologyResident,Female
6da9fdd187e94dd9406a5f6aff920623d403ff3c,non-expert,95099304fa744079bb32df6cc7ff3a24b8d3dd57,1,2,with_ai,True,760534,DEMO_0760534,BKL,AKIEC,False,0.0,dismiss,True,0.4339733884132272,,,dermatologyResident,Female
6da9fdd187e94dd9406a5f6aff920623d403ff3c,non-expert,95099304fa744079bb32df6cc7ff3a24b8d3dd57,1,3,without_ai,False,9004027,DEMO_9004027,NV,OTHER_MALIGNANT,False,0.0,monitor,True,0.4339733884132272,,,dermatologyResident,Female
6da9fdd187e94dd9406a5f6aff920623d403ff3c,non-expert,95099304fa744079bb32df6cc7ff3a24b8d3dd57,1,3,with_ai,True,9004027,DEMO_9004027,NV,OTHER_BENIGN,False,0.0,biopsy,True,0.4339733884132272,,,dermatologyResident,Female
6da9fdd187e94dd9406a5f6aff920623d403ff3c,non-expert,95099304fa744079bb32df6cc7ff3a24b8d3dd57,1,4,without_ai,False,2303687,DEMO_2303687,BCC,AKIEC,False,0.0,biopsy,True,0.4339733884132272,,,dermatologyResident,Female
6da9fdd187e94dd9406a5f6aff920623d403ff3c,non-expert,95099304fa744079bb32df6cc7ff3a24b8d3dd57,1,4,with_ai,True,2303687,DEMO_2303687,BCC,BCC,True,1.0,biopsy,True,0.4339733884132272,,,dermatologyResident,Female
6da9fdd187e94dd9406a5f6aff920623d403ff3c,non-expert,95099304fa744079bb32df6cc7ff3a24b8d3dd57,1,5,without_ai,False,9918277,DEMO_9918277,BKL,BKL,True,1.0,dismiss,True,0.4339733884132272,,,dermatologyResident,Female
6da9fdd187e94dd9406a5f6aff920623d403ff3c,non-expert,95099304fa744079bb32df6cc7ff3a24b8d3dd57,1,5,with_ai,True,9918277,DEMO_9918277,BKL,INF,False,0.0,monitor,True,0.4339733884132272,,,dermatologyResident,Female
6da9fdd187e94dd9406a5f6aff920623d403ff3c,non-expert,95099304fa744079bb32df6cc7ff3a24b8d3dd57,1,6,without_ai,False,4835451,DEMO_4835451,SCCKA,BCC,False,0.0,biopsy,True,0.4339733884132272,,,dermatologyResident,Female
6da9fdd187e94dd9406a5f6aff920623d403ff3c,non-expert,95099304fa744079bb32df6cc7ff3a24b8d3dd57,1,6,with_ai,True,4835451,DEMO_4835451,SCCKA,SCCKA,True,1.0,monitor,True,0.4339733884132272,,,dermatologyResident,Female
6da9fdd187e94dd9406a5f6aff920623d403ff3c,non-expert,95099304fa744079bb32df6cc7ff3a24b8d3dd57,1,7,without_ai,False,4154931,DEMO_4154931,OTHER_BENIGN,OTHER_MALIGNANT,False,0.0,dismiss,True,0.4339733884132272,,,dermatologyResident,Female
6da9fdd187e94dd9406a5f6aff920623d403ff3c,non-expert,95099304fa744079bb32df6cc7ff3a24b8d3dd57,1,7,with_ai,True,4154931,DEMO_4154931,OTHER_BENIGN,BKL,False,0.0,dismiss,True,0.4339733884132272,,,dermatologyResident,Female
6da9fdd187e94dd9406a5f6aff920623d403ff3c,non-expert,95099304fa744079bb32df6cc7ff3a24b8d3dd57,1,8,without_ai,False,4444176,DEMO_4444176,AKIEC,AKIEC,True,1.0,dismiss,True,0.4339733884132272,,,dermatologyResident,Female
6da9fdd187e94dd9406a5f6aff920623d403ff3c,non-expert,95099304fa744079bb32df6cc7ff3a24b8d3dd57,1,8,with_ai,True,4444176,DEMO_4444176,AKIEC,AKIEC,True,1.0,biopsy,True,0.4339733884132272,,,dermatologyResident,Female
6da9fdd187e94dd9406a5f6aff920623d403ff3c,non-expert,95099304fa744079bb32df6cc7ff3a24b8d3dd57,1,9,without_ai,False,811634,DEMO_0811634,BCC,BCC,True,1.0,biopsy,True,0.4339733884132272,,,dermatologyResident,Female
6da9fdd187e94dd9406a5f6aff920623d403ff3c,non-expert,95099304fa744079bb32df6cc7ff3a24b8d3dd57,1,9,with_ai,True,811634,DEMO_0811634,BCC,INF,False,0.0,local_therapy,True,0.4339733884132272,,,dermatologyResident,Female
6da9fdd187e94dd9406a5f6aff920623d403ff3c,non-expert,95099304fa744079bb32df6cc7ff3a24b8d3dd57,1,10,without_ai,False,5014395,DEMO_5014395,BKL,MEL,False,0.0,dismiss,True,0.4339733884132272,,,dermatologyResident,Female
6da9fdd187e94dd9406a5f6aff920623d403ff3c,non-expert,95099304fa744079bb32df6cc7ff3a24b8d3dd57,1,10,with_ai,True,5014395,DEMO_5014395,BKL,BKL,True,1.0,dismiss,True,0.4339733884132272,,,dermatologyResident,Female
6da9fdd187e94dd9406a5f6aff920623d403ff3c,non-expert,95099304fa744079bb32df6cc7ff3a24b8d3dd57,1,11,without_ai,False,1698379,DEMO_1698379,BCC,BKL,False,0.0,biopsy,True,0.4339733884132272,,,dermatologyResident,Female
6da9fdd187e94dd9406a5f6aff920623d403ff3c,non-expert,95099304fa744079bb32df6cc7ff3a24b8d3dd57,1,11,with_ai,True,1698379,DEMO_1698379,BCC,BCC,True,1.0,local_therapy,True,0.4339733884132272,,,dermatologyResident,Female
6da9fdd187e94dd9406a5f6aff920623d403ff3c,non-expert,95099304fa744079bb32df6cc7ff3a24b8d3dd57,1,12,without_ai,False,9952808,DEMO_9952808,SCCKA,OTHER_MALIGNANT,False,0.0,local_therapy,True,0.4339733884132272,,,dermatologyResident,Female
6da9fdd187e94dd9406a5f6aff920623d403ff3c,non-expert,95099304fa744079bb32df6cc7ff3a24b8d3dd57,1,12,with_ai,True,9952808,DEMO_9952808,SCCKA,SCCKA,True,1.0,monitor,True,0.4339733884132272,,,dermatologyResident,Female
6da9fdd187e94dd9406a5f6aff920623d403ff3c,non-expert,95099304fa744079bb32df6cc7ff3a24b8d3dd57,1,13,without_ai,False,9743286,DEMO_9743286,BCC,INF,False,0.0,biopsy,True,0.4339733884132272,,,dermatologyResident,Female
6da9fdd187e94dd9406a5f6aff920623d403ff3c,non-expert,95099304fa744079bb32df6cc7ff3a24b8d3dd57,1,13,with_ai,True,9743286,DEMO_9743286,BCC,BCC,True,1.0,local_therapy,True,0.4339733884132272,,,dermatologyResident,Female
6da9fdd187e94dd9406a5f6aff920623d403ff3c,non-expert,95099304fa744079bb32df6cc7ff3a24b8d3dd57,1,14,without_ai,False,2744942,DEMO_2744942,NV,NV,True,1.0,monitor,True,0.4339733884132272,,,dermatologyResident,Female
6da9fdd187e94dd9406a5f6aff920623d403ff3c,non-expert,95099304fa744079bb32df6cc7ff3a24b8d3dd57,1,14,with_ai,True,2744942,DEMO_2744942,NV,BKL,False,0.0,dismiss,True,0.4339733884132272,,,dermatologyResident,Female
6da9fdd187e94dd9406a5f6aff920623d403ff3c,non-expert,95099304fa744079bb32df6cc7ff3a24b8d3dd57,1,15,without_ai,False,7109053,DEMO_7109053,BKL,BKL,True,1.0,dismiss,True,0.4339733884132272,,,dermatologyResident,Female
6da9fdd187e94dd9406a5f6aff920623d403ff3c,non-expert,95099304fa744079bb32df6cc7ff3a24b8d3dd57,1,15,with_ai,True,7109053,DEMO_7109053,BKL,AKIEC,False,0.0,monitor,True,0.4339733884132272,,,dermatologyResident,Female
1696d4ed1d1eebeec8a4d08223ddf197ef07ba8f,expert,d52dbcbc0896545014e55f7dc289224c84ec70eb,1,1,without_ai,False,7941606,DEMO_7941606,DF,DF,True,1.0,dismiss,True,0.7221440841051716,,,boardCertifiedDermatologist,Female
1696d4ed1d1eebeec8a4d08223ddf197ef07ba8f,expert,d52dbcbc0896545014e55f7dc289224c84ec70eb,1,1,with_ai,True,7941606,DEMO_7941606,DF,AKIEC,False,0.0,dismiss,True,0.7221440841051716,,,boardCertifiedDermatologist,Female
1696d4ed1d1eebeec8a4d08223ddf197ef07ba8f,expert,d52dbcbc0896545014e55f7dc289224c84ec70eb,1,2,without_ai,False,5175386,DEMO_5175386,MEL,MEL,True,1.0,monitor,True,0.7221440841051716,,,boardCertifiedDermatologist,Female
1696d4ed1d1eebeec8a4d08223ddf197ef07ba8f,expert,d52dbcbc0896545014e55f7dc289224c84ec70eb,1,2,with_ai,True,5175386,DEMO_5175386,MEL,MEL,True,1.0,local_therapy,True,0.7221440841051716,,,boardCertifiedDermatologist,Female
1696d4ed1d1eebeec8a4d08223ddf197ef07ba8f,expert,d52dbcbc0896545014e55f7dc289224c84ec70eb,1,3,without_ai,False,8205481,DEMO_8205481,OTHER_BENIGN,OTHER_BENIGN,True,1.0,monitor,True,0.7221440841051716,,,boardCertifiedDermatologist,Female
1696d4ed1d1eebeec8a4d08223ddf197ef07ba8f,expert,d52dbcbc0896545014e55f7dc289224c84ec70eb,1,3,with_ai,True,8205481,DEMO_8205481,OTHER_BENIGN,VASC,False,0.0,monitor,True,0.7221440841051716,,,boardCertifiedDermatologist,Female
1696d4ed1d1eebeec8a4d08223ddf197ef07ba8f,expert,d52dbcbc0896545014e55f7dc289224c84ec70eb,1,4,without_ai,False,342601,DEMO_0342601,BCC,BCC,True,1.0,biopsy,True,0.7221440841051716,,,boardCertifiedDermatologist,Female
1696d4ed1d1eebeec8a4d08223ddf197ef07ba8f,expert,d52dbcbc0896545014e55f7dc289224c84ec70eb,1,4,with_ai,True,342601,DEMO_0342601,BCC,BCC,True,1.0,local_therapy,True,0.7221440841051716,,,boardCertifiedDermatologist,Female
1696d4ed1d1eebeec8a4d08223ddf197ef07ba8f,expert,d52dbcbc0896545014e55f7dc289224c84ec70eb,1,5,without_ai,False,4433776,DEMO_4433776,DF,BCC,False,0.0,biopsy,True,0.7221440841051716,,,boardCertifiedDermatologist,Female
1696d4ed1d1eebeec8a4d08223ddf197ef07ba8f,expert,d52dbcbc0896545014e55f7dc289224c84ec70eb,1,5,with_ai,True,4433776,DEMO_4433776,DF,DF,True,1.0,monitor,True,0.7221440841051716,,,boardCertifiedDermatologist,Female
1696d4ed1d1eebeec8a4d08223ddf197ef07ba8f,expert,d52dbcbc0896545014e55f7dc289224c84ec70eb,1,6,without_ai,False,2603288,DEMO_2603288,BCC,BCC,True,1.0,biopsy,True,0.7221440841051716,,,boardCertifiedDermatologist,Female
1696d4ed1d1eebeec8a4d08223ddf197ef07ba8f,expert,d52dbcbc0896545014e55f7dc289224c84ec70eb,1,6,with_ai,True,2603288,DEMO_2603288,BCC,BCC,True,1.0,monitor,True,0.7221440841051716,,,boardCertifiedDermatologist,Female
1696d4ed1d1eebeec8a4d08223ddf197ef07ba8f,expert,d52dbcbc0896545014e55f7dc289224c84ec70eb,1,7,without_ai,False,6233235,DEMO_6233235,NV,NV,True,1.0,dismiss,True,0.7221440841051716,,,boardCertifiedDermatologist,Female
1696d4ed1d1eebeec8a4d08223ddf197ef07ba8f,expert,d52dbcbc0896545014e55f7dc289224c84ec70eb,1,7,with_ai,True,6233235,DEMO_6233235,NV,AKIEC,False,0.0,monitor,True,0.7221440841051716,,,boardCertifiedDermatologist,Female
1696d4ed1d1eebeec8a4d08223ddf197ef07ba8f,expert,d52dbcbc0896545014e55f7dc289224c84ec70eb,1,8,without_ai,False,2963598,DEMO_2963598,BCC,BCC,True,1.0,monitor,True,0.7221440841051716,,,boardCertifiedDermatologist,Female
1696d4ed1d1eebeec8a4d08223ddf197ef07ba8f,expert,d52dbcbc0896545014e55f7dc289224c84ec70eb,1,8,with_ai,True,2963598,DEMO_2963598,BCC,OTHER_BENIGN,False,0.0,biopsy,True,0.7221440841051716,,,boardCertifiedDermatologist,Female
1696d4ed1d1eebeec8a4d08223ddf197ef07ba8f,expert,d52dbcbc0896545014e55f7dc289224c84ec70eb,1,9,without_ai,False,7152714,DEMO_7152714,NV,INF,False,0.0,monitor,True,0.7221440841051716,,,boardCertifiedDermatologist,Female
1696d4ed1d1eebeec8a4d08223ddf197ef07ba8f,expert,d52dbcbc0896545014e55f7dc289224c84ec70eb,1,9,with_ai,True,7152714,DEMO_7152714,NV,DF,False,0.0,dismiss,True,0.7221440841051716,,,boardCertifiedDermatologist,Female
1696d4ed1d1eebeec8a4d08223ddf197ef07ba8f,expert,d52dbcbc0896545014e55f7dc289224c84ec70eb,1,10,without_ai,False,428758,DEMO_0428758,VASC,VASC,True,1.0,dismiss,True,0.7221440841051716,,,boardCertifiedDermatologist,Female
1696d4ed1d1eebeec8a4d08223ddf197ef07ba8f,expert,d52dbcbc0896545014e55f7dc289224c84ec70eb,1,10,with_ai,True,428758,DEMO_0428758,VASC,VASC,True,1.0,dismiss,True,0.7221440841051716,,,boardCertifiedDermatologist,Female
1696d4ed1d1eebeec8a4d08223ddf197ef07ba8f,expert,d52dbcbc0896545014e55f7dc289224c84ec70eb,1,11,without_ai,False,3318162,DEMO_3318162,NV,DF,False,0.0,monitor,True,0.7221440841051716,,,boardCertifiedDermatologist,Female
1696d4ed1d1eebeec8a4d08223ddf197ef07ba8f,expert,d52dbcbc0896545014e55f7dc289224c84ec70eb,1,11,with_ai,True,3318162,DEMO_3318162,NV,NV,True,1.0,dismiss,True,0.7221440841051716,,,boardCertifiedDermatologist,Female
1696d4ed1d1eebeec8a4d08223ddf197ef07ba8f,expert,d52dbcbc0896545014e55f7dc289224c84ec70eb,1,12,without_ai,False,5652404,DEMO_5652404,DF,SCCKA,False,0.0,biopsy,True,0.7221440841051716,,,boardCertifiedDermatologist,Female
1696d4ed1d1eebeec8a4d08223ddf197ef07ba8f,expert,d52dbcbc0896545014e55f7dc289224c84ec70eb,1,12,with_ai,True,5652404,DEMO_5652404,DF,DF,True,1.0,dismiss,True,0.7221440841051716,,,boardCertifiedDermatologist,Female
1696d4ed1d1eebeec8a4d08223ddf197ef07ba8f,expert,d52dbcbc0896545014e55f7dc289224c84ec70eb,1,13,without_ai,False,8778557,DEMO_8778557,BCC,DF,False,0.0,local_therapy,True,0.7221440841051716,,,boardCertifiedDermatologist,Female
1696d4ed1d1eebeec8a4d08223ddf197ef07ba8f,expert,d52dbcbc0896545014e55f7dc289224c84ec70eb,1,13,with_ai,True,8778557,DEMO_8778557,BCC,BCC,True,1.0,monitor,True,0.7221440841051716,,,boardCertifiedDermatologist,Female
1696d4ed1d1eebeec8a4d08223ddf197ef07ba8f,expert,d52dbcbc0896545014e55f7dc289224c84ec70eb,1,14,without_ai,False,552638,DEMO_0552638,NV,NV,True,1.0,biopsy,True,0.7221440841051716,,,boardCertifiedDermatologist,Female
1696d4ed1d1eebeec8a4d08223ddf197ef07ba8f,expert,d52dbcbc0896545014e55f7dc289224c84ec70eb,1,14,with_ai,True,552638,DEMO_0552638,NV,NV,True,1.0,dismiss,True,0.7221440841051716,,,boardCertifiedDermatologist,Female
1696d4ed1d1eebeec8a4d08223ddf197ef07ba8f,expert,d52dbcbc0896545014e55f7dc289224c84ec70eb,1,15,without_ai,False,5549208,DEMO_5549208,NV,NV,True,1.0,dismiss,True,0.7221440841051716,,,boardCertifiedDermatologist,Female
1696d4ed1d1eebeec8a4d08223ddf197ef07ba8f,expert,d52dbcbc0896545014e55f7dc289224c84ec70eb,1,15,with_ai,True,5549208,DEMO_5549208,NV,NV,True,1.0,dismiss,True,0.7221440841051716,,,boardCertifiedDermatologist,Female
070da6bc2d86b8e47e5c81e52f6fd70fb5b3802a,non-expert,01c803107cfbef122578932abacb262ae4ea4df4,1,1,without_ai,False,4606139,DEMO_4606139,MEL,NV,False,0.0,monitor,True,0.1839537711040055,,,boardCertifiedDermatologist,Male
070da6bc2d86b8e47e5c81e52f6fd70fb5b3802a,non-expert,01c803107cfbef122578932abacb262ae4ea4df4,1,1,with_ai,True,4606139,DEMO_4606139,MEL,NV,False,0.0,biopsy,True,0.1839537711040055,,,boardCertifiedDermatologist,Male
070da6bc2d86b8e47e5c81e52f6fd70fb5b3802a,non-expert,01c803107cfbef122578932abacb262ae4ea4df4,1,2,without_ai,False,7708206,DEMO_7708206,BKL,OTHER_BENIGN,False,0.0,monitor,True,0.1839537711040055,,,boardCertifiedDermatologist,Male
070da6bc2d86b8e47e5c81e52f6fd70fb5b3802a,non-expert,01c803107cfbef122578932abacb262ae4ea4df4,1,2,with_ai,True,7708206,DEMO_7708206,BKL,NV,False,0.0,monitor,True,0.1839537711040055,,,boardCertifiedDermatologist,Male
070da6bc2d86b8e47e5c81e52f6fd70fb5b3802a,non-expert,01c803107cfbef122578932abacb262ae4ea4df4,1,3,without_ai,False,5411043,DEMO_5411043,NV,DF,False,0.0,local_therapy,True,0.1839537711040055,,,boardCertifiedDermatologist,Male
070da6bc2d86b8e47e5c81e52f6fd70fb5b3802a,non-expert,01c803107cfbef122578932abacb262ae4ea4df4,1,3,with_ai,True,5411043,DEMO_5411043,NV,NV,True,1.0,biopsy,True,0.1839537711040055,,,boardCertifiedDermatologist,Male
070da6bc2d86b8e47e5c81e52f6fd70fb5b3802a,non-expert,01c803107cfbef122578932abacb262ae4ea4df4,1,4,without_ai,False,9201421,DEMO_9201421,NV,OTHER_BENIGN,False,0.0,dismiss,True,0.1839537711040055,,,boardCertifiedDermatologist,Male
070da6bc2d86b8e47e5c81e52f6fd70fb5b3802a,non-expert,01c803107cfbef122578932abacb262ae4ea4df4,1,4,with_ai,True,9201421,DEMO_9201421,NV,OTHER_MALIGNANT,False,0.0,monitor,True,0.1839537711040055,,,boardCertifiedDermatologist,Male
070da6bc2d86b8e47e5c81e52f6fd70fb5b3802a,non-expert,01c803107cfbef122578932abacb262ae4ea4df4,1,5,without_ai,False,5688088,DEMO_5688088,BCC,OTHER_MALIGNANT,False,0.0,biopsy,True,0.1839537711040055,,,boardCertifiedDermatologist,Male
070da6bc2d86b8e47e5c81e52f6fd70fb5b3802a,non-expert,01c803107cfbef122578932abacb262ae4ea4df4,1,5,with_ai,True,5688088,DEMO_5688088,BCC,INF,False,0.0,local_therapy,True,0.1839537711040055,,,boardCertifiedDermatologist,Male
070da6bc2d86b8e47e5c81e52f6fd70fb5b3802a,non-expert,01c803107cfbef122578932abacb262ae4ea4df4,1,6,without_ai,False,7738899,DEMO_7738899,BKL,NV,False,0.0,dismiss,True,0.1839537711040055,,,boardCertifiedDermatologist,Male
070da6bc2d86b8e47e5c81e52f6fd70fb5b3802a,non-expert,01c803107cfbef122578932abacb262ae4ea4df4,1,6,with_ai,True,7738899,DEMO_7738899,BKL,OTHER_MALIGNANT,False,0.0,monitor,True,0.1839537711040055,,,boardCertifiedDermatologist,Male
070da6bc2d86b8e47e5c81e52f6fd70fb5b3802a,non-expert,01c803107cfbef122578932abacb262ae4ea4df4,1,7,without_ai,False,7614759,DEMO_7614759,DF,INF,False,0.0,dismiss,True,0.1839537711040055,,,boardCertifiedDermatologist,Male
070da6bc2d86b8e47e5c81e52f6fd70fb5b3802a,non-expert,01c803107cfbef122578932abacb262ae4ea4df4,1,7,with_ai,True,7614759,DEMO_7614759,DF,OTHER_BENIGN,False,0.0,dismiss,True,0.1839537711040055,,,boardCertifiedDermatologist,Male
070da6bc2d86b8e47e5c81e52f6fd70fb5b3802a,non-expert,01c803107cfbef122578932abacb262ae4ea4df4,1,8,without_ai,False,7071170,DEMO_7071170,BKL,DF,False,0.0,monitor,True,0.1839537711040055,,,boardCertifiedDermatologist,Male
070da6bc2d86b8e47e5c81e52f6fd70fb5b3802a,non-expert,01c803107cfbef122578932abacb262ae4ea4df4,1,8,with_ai,True,7071170,DEMO_7071170,BKL,BCC,False,0.0,dismiss,True,0.1839537711040055,,,boardCertifiedDermatologist,Male
070da6bc2d86b8e47e5c81e52f6fd70fb5b3802a,non-expert,01c803107cfbef122578932abacb262ae4ea4df4,1,9,without_ai,False,8445862,DEMO_8445862,BKL,NV,False,0.0,biopsy,True,0.1839537711040055,,,boardCertifiedDermatologist,Male
070da6bc2d86b8e47e5c81e52f6fd70fb5b3802a,non-expert,01c803107cfbef122578932abacb262ae4ea4df4,1,9,with_ai,True,8445862,DEMO_8445862,BKL,INF,False,0.0,local_therapy,True,0.1839537711040055,,,boardCertifiedDermatologist,Male
070da6bc2d86b8e47e5c81e52f6fd70fb5b3802a,non-expert,01c803107cfbef122578932abacb262ae4ea4df4,1,10,without_ai,False,5227337,DEMO_5227337,NV,MEL,False,0.0,dismiss,True,0.1839537711040055,,,boardCertifiedDermatologist,Male
070da6bc2d86b8e47e5c81e52f6fd70fb5b3802a,non-expert,01c803107cfbef122578932abacb262ae4ea4df4,1,10,with_ai,True,5227337,DEMO_5227337,NV,BCC,False,0.0,local_therapy,True,0.1839537711040055,,,boardCertifiedDermatologist,Male
070da6bc2d86b8e47e5c81e52f6fd70fb5b3802a,non-expert,01c803107cfbef122578932abacb262ae4ea4df4,1,11,without_ai,False,1040370,DEMO_1040370,BCC,AKIEC,False,0.0,local_therapy,True,0.1839537711040055,,,boardCertifiedDermatologist,Male
070da6bc2d86b8e47e5c81e52f6fd70fb5b3802a,non-expert,01c803107cfbef122578932abacb262ae4ea4df4,1,11,with_ai,True,1040370,DEMO_1040370,BCC,VASC,False,0.0,biopsy,True,0.1839537711040055,,,boardCertifiedDermatologist,Male
070da6bc2d86b8e47e5c81e52f6fd70fb5b3802a,non-expert,01c803107cfbef122578932abacb262ae4ea4df4,1,12,without_ai,False,4845034,DEMO_4845034,BKL,AKIEC,False,0.0,monitor,True,0.1839537711040055,,,boardCertifiedDermatologist,Male
070da6bc2d86b8e47e5c81e52f6fd70fb5b3802a,non-expert,01c803107cfbef122578932abacb262ae4ea4df4,1,12,with_ai,True,4845034,DEMO_4845034,BKL,OTHER_BENIGN,False,0.0,biopsy,True,0.1839537711040055,,,boardCertifiedDermatologist,Male
070da6bc2d86b8e47e5c81e52f6fd70fb5b3802a,non-expert,01c803107cfbef122578932abacb262ae4ea4df4,1,13,without_ai,False,5931719,DEMO_5931719,VASC,MEL,False,0.0,monitor,True,0.1839537711040055,,,boardCertifiedDermatologist,Male
070da6bc2d86b8e47e5c81e52f6fd70fb5b3802a,non-expert,01c803107cfbef122578932abacb262ae4ea4df4,1,13,with_ai,True,5931719,DEMO_5931719,VASC,BCC,False,0.0,dismiss,True,0.1839537711040055,,,boardCertifiedDermatologist,Male
070da6bc2d86b8e47e5c81e52f6fd70fb5b3802a,non-expert,01c803107cfbef122578932abacb262ae4ea4df4,1,14,without_ai,False,9550727,DEMO_9550727,BCC,BCC,True,1.0,biopsy,True,0.1839537711040055,,,boardCertifiedDermatologist,Male
070da6bc2d86b8e47e5c81e52f6fd70fb5b3802a,non-expert,01c803107cfbef122578932abacb262ae4ea4df4,1,14,with_ai,True,9550727,DEMO_9550727,BCC,OTHER_BENIGN,False,0.0,biopsy,True,0.1839537711040055,,,boardCertifiedDermatologist,Male
070da6bc2d86b8e47e5c81e52f6fd70fb5b3802a,non-expert,01c803107cfbef122578932abacb262ae4ea4df4,1,15,without_ai,False,7613297,DEMO_7613297,NV,BKL,False,0.0,biopsy,True,0.1839537711040055,,,boardCertifiedDermatologist,Male
070da6bc2d86b8e47e5c81e52f6fd70fb5b3802a,non-expert,01c803107cfbef122578932abacb262ae4ea4df4,1,15,with_ai,True,7613297,DEMO_7613297,NV,OTHER_MALIGNANT,False,0.0,local_therapy,True,0.1839537711040055,,,boardCertifiedDermatologist,Male
670a50474c1f55cc93a17ef66b74f3c42537b980,non-expert,c776b0dbabdb22be598a8d6c47915cdd79f7768d,1,1,without_ai,False,3478814,DEMO_3478814,BKL,BKL,True,1.0,dismiss,True,0.5524233247672514,,,boardCertifiedDermatologist,Female
670a50474c1f55cc93a17ef66b74f3c42537b980,non-expert,c776b0dbabdb22be598a8d6c47915cdd79f7768d,1,1,with_ai,True,3478814,DEMO_3478814,BKL,DF,False,0.0,monitor,True,0.5524233247672514,,,boardCertifiedDermatologist,Female
670a50474c1f55cc93a17ef66b74f3c42537b980,non-expert,c776b0dbabdb22be598a8d6c47915cdd79f7768d,1,2,without_ai,False,4977787,DEMO_4977787,OTHER_BENIGN,MEL,False,0.0,local_therapy,True,0.5524233247672514,,,boardCertifiedDermatologist,Female
670a50474c1f55cc93a17ef66b74f3c42537b980,non-expert,c776b0dbabdb22be598a8d6c47915cdd79f7768d,1,2,with_ai,True,4977787,DEMO_4977787,OTHER_BENIGN,BKL,False,0.0,dismiss,True,0.5524233247672514,,,boardCertifiedDermatologist,Female
670a50474c1f55cc93a17ef66b74f3c42537b980,non-expert,c776b0dbabdb22be598a8d6c47915cdd79f7768d,1,3,without_ai,False,400416,DEMO_0400416,DF,DF,True,1.0,monitor,True,0.5524233247672514,,,boardCertifiedDermatologist,Female
670a50474c1f55cc93a17ef66b74f3c42537b980,non-expert,c776b0dbabdb22be598a8d6c47915cdd79f7768d,1,3,with_ai,True,400416,DEMO_0400416,DF,DF,True,1.0,monitor,True,0.5524233247672514,,,boardCertifiedDermatologist,Female
670a50474c1f55cc93a17ef66b74f3c42537b980,non-expert,c776b0dbabdb22be598a8d6c47915cdd79f7768d,1,4,without_ai,False,1324828,DEMO_1324828,NV,OTHER_MALIGNANT,False,0.0,dismiss,True,0.5524233247672514,,,boardCertifiedDermatologist,Female
670a50474c1f55cc93a17ef66b74f3c42537b980,non-expert,c776b0dbabdb22be598a8d6c47915cdd79f7768d,1,4,with_ai,True,1324828,DEMO_1324828,NV,NV,True,1.0,dismiss,True,0.5524233247672514,,,boardCertifiedDermatologist,Female
670a50474c1f55cc93a17ef66b74f3c42537b980,non-expert,c776b0dbabdb22be598a8d6c47915cdd79f7768d,1,5,without_ai,False,9152768,DEMO_9152768,MEL,MEL,True,1.0,monitor,True,0.5524233247672514,,,boardCertifiedDermatologist,Female
670a50474c1f55cc93a17ef66b74f3c42537b980,non-expert,c776b0dbabdb22be598a8d6c47915cdd79f7768d,1,5,with_ai,True,9152768,DEMO_9152768,MEL,BCC,False,0.0,biopsy,True,0.5524233247672514,,,boardCertifiedDermatologist,Female
670a50474c1f55cc93a17ef66b74f3c42537b980,non-expert,c776b0dbabdb22be598a8d6c47915cdd79f7768d,1,6,without_ai,False,5412537,DEMO_5412537,MEL,BKL,False,0.0,biopsy,True,0.5524233247672514,,,boardCertifiedDermatologist,Female
670a50474c1f55cc93a17ef66b74f3c42537b980,non-expert,c776b0dbabdb22be598a8d6c47915cdd79f7768d,1,6,with_ai,True,5412537,DEMO_5412537,MEL,AKIEC,False,0.0,biopsy,True,0.5524233247672514,,,boardCertifiedDermatologist,Female
670a50474c1f55cc93a17ef66b74f3c42537b980,non-expert,c776b0dbabdb22be598a8d6c47915cdd79f7768d,1,7,without_ai,False,1131385,DEMO_1131385,SCCKA,SCCKA,True,1.0,biopsy,True,0.5524233247672514,,,boardCertifiedDermatologist,Female
670a50474c1f55cc93a17ef66b74f3c42537b980,non-expert,c776b0dbabdb22be598a8d6c47915cdd79f7768d,1,7,with_ai,True,1131385,DEMO_1131385,SCCKA,SCCKA,True,1.0,local_therapy,True,0.5524233247672514,,,boardCertifiedDermatologist,Female
670a50474c1f55cc93a17ef66b74f3c42537b980,non-expert,c776b0dbabdb22be598a8d6c47915cdd79f7768d,1,8,without_ai,False,2871241,DEMO_2871241,MEL,MEL,True,1.0,biopsy,True,0.5524233247672514,,,boardCertifiedDermatologist,Female
670a50474c1f55cc93a17ef66b74f3c42537b980,non-expert,c776b0dbabdb22be598a8d6c47915cdd79f7768d,1,8,with_ai,True,2871241,DEMO_2871241,MEL,VASC,False,0.0,local_therapy,True,0.5524233247672514,,,boardCertifiedDermatologist,Female
670a50474c1f55cc93a17ef66b74f3c42537b980,non-expert,c776b0dbabdb22be598a8d6c47915cdd79f7768d,1,9,without_ai,False,8755020,DEMO_8755020,AKIEC,VASC,False,0.0,dismiss,True,0.5524233247672514,,,boardCertifiedDermatologist,Female
670a50474c1f55cc93a17ef66b74f3c42537b980,non-expert,c776b0dbabdb22be598a8d6c47915cdd79f7768d,1,9,with_ai,True,8755020,DEMO_8755020,AKIEC,AKIEC,True,1.0,biopsy,True,0.5524233247672514,,,boardCertifiedDermatologist,Female
670a50474c1f55cc93a17ef66b74f3c42537b980,non-expert,c776b0dbabdb22be598a8d6c47915cdd79f7768d,1,10,without_ai,False,9859882,DEMO_9859882,BCC,SCCKA,False,0.0,biopsy,True,0.5524233247672514,,,boardCertifiedDermatologist,Female
670a50474c1f55cc93a17ef66b74f3c42537b980,non-expert,c776b0dbabdb22be598a8d6c47915cdd79f7768d,1,10,with_ai,True,9859882,DEMO_9859882,BCC,BCC,True,1.0,local_therapy,True,0.5524233247672514,,,boardCertifiedDermatologist,Female
670a50474c1f55cc93a17ef66b74f3c42537b980,non-expert,c776b0dbabdb22be598a8d6c47915cdd79f7768d,1,11,without_ai,False,3899475,DEMO_3899475,SCCKA,SCCKA,True,1.0,biopsy,True,0.5524233247672514,,,boardCertifiedDermatologist,Female
670a50474c1f55cc93a17ef66b74f3c42537b980,non-expert,c776b0dbabdb22be598a8d6c47915cdd79f7768d,1,11,with_ai,True,3899475,DEMO_3899475,SCCKA,OTHER_BENIGN,False,0.0,biopsy,True,0.5524233247672514,,,boardCertifiedDermatologist,Female
670a50474c1f55cc93a17ef66b74f3c42537b980,non-expert,c776b0dbabdb22be598a8d6c47915cdd79f7768d,1,12,without_ai,False,8325854,DEMO_8325854,BCC,DF,False,0.0,biopsy,True,0.5524233247672514,,,boardCertifiedDermatologist,Female
670a50474c1f55cc93a17ef66b74f3c42537b980,non-expert,c776b0dbabdb22be598a8d6c47915cdd79f7768d,1,12,with_ai,True,8325854,DEMO_8325854,BCC,BCC,True,1.0,monitor,True,0.5524233247672514,,,boardCertifiedDermatologist,Female
670a50474c1f55cc93a17ef66b74f3c42537b980,non-expert,c776b0dbabdb22be598a8d6c47915cdd79f7768d,1,13,without_ai,False,177715,DEMO_0177715,SCCKA,BKL,False,0.0,monitor,True,0.5524233247672514,,,boardCertifiedDermatologist,Female
670a50474c1f55cc93a17ef66b74f3c42537b980,non-expert,c776b0dbabdb22be598a8d6c47915cdd79f7768d,1,13,with_ai,True,177715,DEMO_0177715,SCCKA,SCCKA,True,1.0,monitor,True,0.5524233247672514,,,boardCertifiedDermatologist,Female
670a50474c1f55cc93a17ef66b74f3c42537b980,non-expert,c776b0dbabdb22be598a8d6c47915cdd79f7768d,1,14,without_ai,False,1836104,DEMO_1836104,NV,NV,True,1.0,dismiss,True,0.5524233247672514,,,boardCertifiedDermatologist,Female
670a50474c1f55cc93a17ef66b74f3c42537b980,non-expert,c776b0dbabdb22be598a8d6c47915cdd79f7768d,1,14,with_ai,True,1836104,DEMO_1836104,NV,NV,True,1.0,monitor,True,0.5524233247672514,,,boardCertifiedDermatologist,Female
670a50474c1f55cc93a17ef66b74f3c42537b980,non-expert,c776b0dbabdb22be598a8d6c47915cdd79f7768d,1,15,without_ai,False,7624607,DEMO_7624607,NV,AKIEC,False,0.0,biopsy,True,0.5524233247672514,,,boardCertifiedDermatologist,Female
670a50474c1f55cc93a17ef66b74f3c42537b980,non-expert,c776b0dbabdb22be598a8d6c47915cdd79f7768d,1,15,with_ai,True,7624607,DEMO_7624607,NV,MEL,False,0.0,local_therapy,True,0.5524233247672514,,,boardCertifiedDermatologist,Female
670a50474c1f55cc93a17ef66b74f3c42537b980,non-expert,8d76a2ebdf47a1e80b37bcf4ba89dd2621ef3dcf,2,1,without_ai,False,8659170,DEMO_8659170,NV,NV,True,1.0,dismiss,True,0.5524233247672514,,,boardCertifiedDermatologist,Female
670a50474c1f55cc93a17ef66b74f3c42537b980,non-expert,8d76a2ebdf47a1e80b37bcf4ba89dd2621ef3dcf,2,1,with_ai,True,8659170,DEMO_8659170,NV,NV,True,1.0,monitor,True,0.5524233247672514,,,boardCertifiedDermatologist,Female
670a50474c1f55cc93a17ef66b74f3c42537b980,non-expert,8d76a2ebdf47a1e80b37bcf4ba89dd2621ef3dcf,2,2,without_ai,False,993930,DEMO_0993930,AKIEC,BCC,False,0.0,biopsy,True,0.5524233247672514,,,boardCertifiedDermatologist,Female
670a50474c1f55cc93a17ef66b74f3c42537b980,non-expert,8d76a2ebdf47a1e80b37bcf4ba89dd2621ef3dcf,2,2,with_ai,True,993930,DEMO_0993930,AKIEC,BKL,False,0.0,biopsy,True,0.5524233247672514,,,boardCertifiedDermatologist,Female
670a50474c1f55cc93a17ef66b74f3c42537b980,non-expert,8d76a2ebdf47a1e80b37bcf4ba89dd2621ef3dcf,2,3,without_ai,False,3627223,DEMO_3627223,NV,DF,False,0.0,monitor,True,0.5524233247672514,,,boardCertifiedDermatologist,Female
670a50474c1f55cc93a17ef66b74f3c42537b980,non-expert,8d76a2ebdf47a1e80b37bcf4ba89dd2621ef3dcf,2,3,with_ai,True,3627223,DEMO_3627223,NV,DF,False,0.0,biopsy,True,0.5524233247672514,,,boardCertifiedDermatologist,Female
670a50474c1f55cc93a17ef66b74f3c42537b980,non-expert,8d76a2ebdf47a1e80b37bcf4ba89dd2621ef3dcf,2,4,without_ai,False,415963,DEMO_0415963,SCCKA,SCCKA,True,1.0,local_therapy,True,0.5524233247672514,,,boardCertifiedDermatologist,Female
670a50474c1f55cc93a17ef66b74f3c42537b980,non-expert,8d76a2ebdf47a1e80b37bcf4ba89dd2621ef3dcf,2,4,with_ai,True,415963,DEMO_0415963,SCCKA,SCCKA,True,1.0,biopsy,True,0.5524233247672514,,,boardCertifiedDermatologist,Female
670a50474c1f55cc93a17ef66b74f3c42537b980,non-expert,8d76a2ebdf47a1e80b37bcf4ba89dd2621ef3dcf,2,5,without_ai,False,9323417,DEMO_9323417,VASC,VASC,True,1.0,dismiss,True,0.5524233247672514,,,boardCertifiedDermatologist,Female
670a50474c1f55cc93a17ef66b74f3c42537b980,non-expert,8d76a2ebdf47a1e80b37bcf4ba89dd2621ef3dcf,2,5,with_ai,True,9323417,DEMO_9323417,VASC,VASC,True,1.0,dismiss,True,0.5524233247672514,,,boardCertifiedDermatologist,Female
670a50474c1f55cc93a17ef66b74f3c42537b980,non-expert,8d76a2ebdf47a1e80b37bcf4ba89dd2621ef3dcf,2,6,without_ai,False,7464573,DEMO_7464573,DF,DF,True,1.0,monitor,True,0.5524233247672514,,,boardCertifiedDermatologist,Female
670a50474c1f55cc93a17ef66b74f3c42537b980,non-expert,8d76a2ebdf47a1e80b37bcf4ba89dd2621ef3dcf,2,6,with_ai,True,7464573,DEMO_7464573,DF,MEL,False,0.0,dismiss,True,0.5524233247672514,,,boardCertifiedDermatologist,Female
670a50474c1f55cc93a17ef66b74f3c42537b980,non-expert,8d76a2ebdf47a1e80b37bcf4ba89dd2621ef3dcf,2,7,without_ai,False,5055214,DEMO_5055214,NV,AKIEC,False,0.0,monitor,True,0.5524233247672514,,,boardCertifiedDermatologist,Female
670a50474c1f55cc93a17ef66b74f3c42537b980,non-expert,8d76a2ebdf47a1e80b37bcf4ba89dd2621ef3dcf,2,7,with_ai,True,5055214,DEMO_5055214,NV,NV,True,1.0,dismiss,True,0.5524233247672514,,,boardCertifiedDermatologist,Female
670a50474c1f55cc93a17ef66b74f3c42537b980,non-expert,8d76a2ebdf47a1e80b37bcf4ba89dd2621ef3dcf,2,8,without_ai,False,1075076,DEMO_1075076,SCCKA,INF,False,0.0,biopsy,True,0.5524233247672514,,,boardCertifiedDermatologist,Female
670a50474c1f55cc93a17ef66b74f3c42537b980,non-expert,8d76a2ebdf47a1e80b37bcf4ba89dd2621ef3dcf,2,8,with_ai,True,1075076,DEMO_1075076,SCCKA,AKIEC,False,0.0,biopsy,True,0.5524233247672514,,,boardCertifiedDermatologist,Female
670a50474c1f55cc93a17ef66b74f3c42537b980,non-expert,8d76a2ebdf47a1e80b37bcf4ba89dd2621ef3dcf,2,9,without_ai,False,595732,DEMO_0595732,BCC,AKIEC,False,0.0,biopsy,True,0.5524233247672514,,,boardCertifiedDermatologist,Female
670a50474c1f55cc93a17ef66b74f3c42537b980,non-expert,8d76a2ebdf47a1e80b37bcf4ba89dd2621ef3dcf,2,9,with_ai,True,595732,DEMO_0595732,BCC,AKIEC,False,0.0,local_therapy,True,0.5524233247672514,,,boardCertifiedDermatologist,Female
670a50474c1f55cc93a17ef66b74f3c42537b980,non-expert,8d76a2ebdf47a1e80b37bcf4ba89dd2621ef3dcf,2,10,without_ai,False,6614570,DEMO_6614570,NV,NV,True,1.0,monitor,True,0.5524233247672514,,,boardCertifiedDermatologist,Female
670a50474c1f55cc93a17ef66b74f3c42537b980,non-expert,8d76a2ebdf47a1e80b37bcf4ba89dd2621ef3dcf,2,10,with_ai,True,6614570,DEMO_6614570,NV,NV,True,1.0,dismiss,True,0.5524233247672514,,,boardCertifiedDermatologist,Female
670a50474c1f55cc93a17ef66b74f3c42537b980,non-expert,8d76a2ebdf47a1e80b37bcf4ba89dd2621ef3dcf,2,11,without_ai,False,999023,DEMO_0999023,DF,DF,True,1.0,monitor,True,0.5524233247672514,,,boardCertifiedDermatologist,Female
670a50474c1f55cc93a17ef66b74f3c42537b980,non-expert,8d76a2ebdf47a1e80b37bcf4ba89dd2621ef3dcf,2,11,with_ai,True,999023,DEMO_0999023,DF,DF,True,1.0,dismiss,True,0.5524233247672514,,,boardCertifiedDermatologist,Female
670a50474c1f55cc93a17ef66b74f3c42537b980,non-expert,8d76a2ebdf47a1e80b37bcf4ba89dd2621ef3dcf,2,12,without_ai,False,5636285,DEMO_5636285,SCCKA,SCCKA,True,1.0,local_therapy,True,0.5524233247672514,,,boardCertifiedDermatologist,Female
670a50474c1f55cc93a17ef66b74f3c42537b980,non-expert,8d76a2ebdf47a1e80b37bcf4ba89dd2621ef3dcf,2,12,with_ai,True,5636285,DEMO_5636285,SCCKA,SCCKA,True,1.0,monitor,True,0.5524233247672514,,,boardCertifiedDermatologist,Female
670a50474c1f55cc93a17ef66b74f3c42537b980,non-expert,8d76a2ebdf47a1e80b37bcf4ba89dd2621ef3dcf,2,13,without_ai,False,6845581,DEMO_6845581,VASC,VASC,True,1.0,monitor,True,0.5524233247672514,,,boardCertifiedDermatologist,Female
670a50474c1f55cc93a17ef66b74f3c42537b980,non-expert,8d76a2ebdf47a1e80b37bcf4ba89dd2621ef3dcf,2,13,with_ai,True,6845581,DEMO_6845581,VASC,OTHER_MALIGNANT,False,0.0,monitor,True,0.5524233247672514,,,boardCertifiedDermatologist,Female
670a50474c1f55cc93a17ef66b74f3c42537b980,non-expert,8d76a2ebdf47a1e80b37bcf4ba89dd2621ef3dcf,2,14,without_ai,False,9725122,DEMO_9725122,BKL,BKL,True,1.0,monitor,True,0.5524233247672514,,,boardCertifiedDermatologist,Female
670a50474c1f55cc93a17ef66b74f3c42537b980,non-expert,8d76a2ebdf47a1e80b37bcf4ba89dd2621ef3dcf,2,14,with_ai,True,9725122,DEMO_9725122,BKL,BKL,True,1.0,dismiss,True,0.5524233247672514,,,boardCertifiedDermatologist,Female
670a50474c1f55cc93a17ef66b74f3c42537b980,non-expert,8d76a2ebdf47a1e80b37bcf4ba89dd2621ef3dcf,2,15,without_ai,False,2590506,DEMO_2590506,MEL,MEL,True,1.0,biopsy,True,0.5524233247672514,,,boardCertifiedDermatologist,Female
670a50474c1f55cc93a17ef66b74f3c42537b980,non-expert,8d76a2ebdf47a1e80b37bcf4ba89dd2621ef3dcf,2,15,with_ai,True,2590506,DEMO_2590506,MEL,MEL,True,1.0,local_therapy,True,0.5524233247672514,,,boardCertifiedDermatologist,Female
670a50474c1f55cc93a17ef66b74f3c42537b980,non-expert,dc294770c1257e279ef880c062ec670e8354c8b1,3,1,without_ai,False,649023,DEMO_0649023,BKL,BKL,True,1.0,monitor,True,0.5524233247672514,,,boardCertifiedDermatologist,Female
670a50474c1f55cc93a17ef66b74f3c42537b980,non-expert,dc294770c1257e279ef880c062ec670e8354c8b1,3,1,with_ai,True,649023,DEMO_0649023,BKL,NV,False,0.0,biopsy,True,0.5524233247672514,,,boardCertifiedDermatologist,Female
670a50474c1f55cc93a17ef66b74f3c42537b980,non-expert,dc294770c1257e279ef880c062ec670e8354c8b1,3,2,without_ai,False,5096317,DEMO_5096317,AKIEC,AKIEC,True,1.0,local_therapy,True,0.5524233247672514,,,boardCertifiedDermatologist,Female
670a50474c1f55cc93a17ef66b74f3c42537b980,non-expert,dc294770c1257e279ef880c062ec670e8354c8b1,3,2,with_ai,True,5096317,DEMO_5096317,AKIEC,AKIEC,True,1.0,biopsy,True,0.5524233247672514,,,boardCertifiedDermatologist,Female
670a50474c1f55cc93a17ef66b74f3c42537b980,non-expert,dc294770c1257e279ef880c062ec670e8354c8b1,3,3,without_ai,False,1455418,DEMO_1455418,BKL,BKL,True,1.0,dismiss,True,0.5524233247672514,,,boardCertifiedDermatologist,Female
670a50474c1f55cc93a17ef66b74f3c42537b980,non-expert,dc294770c1257e279ef880c062ec670e8354c8b1,3,3,with_ai,True,1455418,DEMO_1455418,BKL,BKL,True,1.0,dismiss,True,0.5524233247672514,,,boardCertifiedDermatologist,Female
670a50474c1f55cc93a17ef66b74f3c42537b980,non-expert,dc294770c1257e279ef880c062ec670e8354c8b1,3,4,without_ai,False,6249280,DEMO_6249280,VASC,BKL,False,0.0,monitor,True,0.5524233247672514,,,boardCertifiedDermatologist,Female
670a50474c1f55cc93a17ef66b74f3c42537b980,non-expert,dc294770c1257e279ef880c062ec670e8354c8b1,3,4,with_ai,True,6249280,DEMO_6249280,VASC,VASC,True,1.0,dismiss,True,0.5524233247672514,,,boardCertifiedDermatologist,Female
670a50474c1f55cc93a17ef66b74f3c42537b980,non-expert,dc294770c1257e279ef880c062ec670e8354c8b1,3,5,without_ai,False,5196249,DEMO_5196249,AKIEC,AKIEC,True,1.0,biopsy,True,0.5524233247672514,,,boardCertifiedDermatologist,Female
670a50474c1f55cc93a17ef66b74f3c42537b980,non-expert,dc294770c1257e279ef880c062ec670e8354c8b1,3,5,with_ai,True,5196249,DEMO_5196249,AKIEC,AKIEC,True,1.0,biopsy,True,0.5524233247672514,,,boardCertifiedDermatologist,Female
670a50474c1f55cc93a17ef66b74f3c42537b980,non-expert,dc294770c1257e279ef880c062ec670e8354c8b1,3,6,without_ai,False,8457599,DEMO_8457599,INF,INF,True,1.0,monitor,True,0.5524233247672514,,,boardCertifiedDermatologist,Female
670a50474c1f55cc93a17ef66b74f3c42537b980,non-expert,dc294770c1257e279ef880c062ec670e8354c8b1,3,6,with_ai,True,8457599,DEMO_8457599,INF,INF,True,1.0,local_therapy,True,0.5524233247672514,,,boardCertifiedDermatologist,Female
670a50474c1f55cc93a17ef66b74f3c42537b980,non-expert,dc294770c1257e279ef880c062ec670e8354c8b1,3,7,without_ai,False,9166770,DEMO_9166770,DF,DF,True,1.0,dismiss,True,0.5524233247672514,,,boardCertifiedDermatologist,Female
670a50474c1f55cc93a17ef66b74f3c42537b980,non-expert,dc294770c1257e279ef880c062ec670e8354c8b1,3,7,with_ai,True,9166770,DEMO_9166770,DF,DF,True,1.0,dismiss,True,0.5524233247672514,,,boardCertifiedDermatologist,Female
670a50474c1f55cc93a17ef66b74f3c42537b980,non-expert,dc294770c1257e279ef880c062ec670e8354c8b1,3,8,without_ai,False,5767865,DEMO_5767865,BCC,OTHER_MALIGNANT,False,0.0,biopsy,True,0.5524233247672514,,,boardCertifiedDermatologist,Female
670a50474c1f55cc93a17ef66b74f3c42537b980,non-expert,dc294770c1257e279ef880c062ec670e8354c8b1,3,8,with_ai,True,5767865,DEMO_5767865,BCC,BCC,True,1.0,local_therapy,True,0.5524233247672514,,,boardCertifiedDermatologist,Female
670a50474c1f55cc93a17ef66b74f3c42537b980,non-expert,dc294770c1257e279ef880c062ec670e8354c8b1,3,9,without_ai,False,1099705,DEMO_1099705,OTHER_BENIGN,OTHER_BENIGN,True,1.0,dismiss,True,0.5524233247672514,,,boardCertifiedDermatologist,Female
670a50474c1f55cc93a17ef66b74f3c42537b980,non-expert,dc294770c1257e279ef880c062ec670e8354c8b1,3,9,with_ai,True,1099705,DEMO_1099705,OTHER_BENIGN,DF,False,0.0,dismiss,True,0.5524233247672514,,,boardCertifiedDermatologist,Female
670a50474c1f55cc93a17ef66b74f3c42537b980,non-expert,dc294770c1257e279ef880c062ec670e8354c8b1,3,10,without_ai,False,833742,DEMO_0833742,BCC,BCC,True,1.0,local_therapy,True,0.5524233247672514,,,boardCertifiedDermatologist,Female
670a50474c1f55cc93a17ef66b74f3c42537b980,non-expert,dc294770c1257e279ef880c062ec670e8354c8b1,3,10,with_ai,True,833742,DEMO_0833742,BCC,BCC,True,1.0,biopsy,True,0.5524233247672514,,,boardCertifiedDermatologist,Female
670a50474c1f55cc93a17ef66b74f3c42537b980,non-expert,dc294770c1257e279ef880c062ec670e8354c8b1,3,11,without_ai,False,4074633,DEMO_4074633,BKL,OTHER_BENIGN,False,0.0,biopsy,True,0.5524233247672514,,,boardCertifiedDermatologist,Female
670a50474c1f55cc93a17ef66b74f3c42537b980,non-expert,dc294770c1257e279ef880c062ec670e8354c8b1,3,11,with_ai,True,4074633,DEMO_4074633,BKL,BKL,True,1.0,monitor,True,0.5524233247672514,,,boardCertifiedDermatologist,Female
670a50474c1f55cc93a17ef66b74f3c42537b980,non-expert,dc294770c1257e279ef880c062ec670e8354c8b1,3,12,without_ai,False,1015326,DEMO_1015326,BKL,BKL,True,1.0,monitor,True,0.5524233247672514,,,boardCertifiedDermatologist,Female
670a50474c1f55cc93a17ef66b74f3c42537b980,non-expert,dc294770c1257e279ef880c062ec670e8354c8b1,3,12,with_ai,True,1015326,DEMO_1015326,BKL,BKL,True,1.0,monitor,True,0.5524233247672514,,,boardCertifiedDermatologist,Female
670a50474c1f55cc93a17ef66b74f3c42537b980,non-expert,dc294770c1257e279ef880c062ec670e8354c8b1,3,13,without_ai,False,534004,DEMO_0534004,DF,DF,True,1.0,dismiss,True,0.5524233247672514,,,boardCertifiedDermatologist,Female
670a50474c1f55cc93a17ef66b74f3c42537b980,non-expert,dc294770c1257e279ef880c062ec670e8354c8b1,3,13,with_ai,True,534004,DEMO_0534004,DF,DF,True,1.0,monitor,True,0.5524233247672514,,,boardCertifiedDermatologist,Female
670a50474c1f55cc93a17ef66b74f3c42537b980,non-expert,dc294770c1257e279ef880c062ec670e8354c8b1,3,14,without_ai,False,1944193,DEMO_1944193,BKL,BKL,True,1.0,monitor,True,0.5524233247672514,,,boardCertifiedDermatologist,Female
670a50474c1f55cc93a17ef66b74f3c42537b980,non-expert,dc294770c1257e279ef880c062ec670e8354c8b1,3,14,with_ai,True,1944193,DEMO_1944193,BKL,BKL,True,1.0,monitor,True,0.5524233247672514,,,boardCertifiedDermatologist,Female
670a50474c1f55cc93a17ef66b74f3c42537b980,non-expert,dc294770c1257e279ef880c062ec670e8354c8b1,3,15,without_ai,False,6754442,DEMO_6754442,NV,OTHER_BENIGN,False,0.0,biopsy,True,0.5524233247672514,,,boardCertifiedDermatologist,Female
670a50474c1f55cc93a17ef66b74f3c42537b980,non-expert,dc294770c1257e279ef880c062ec670e8354c8b1,3,15,with_ai,True,6754442,DEMO_6754442,NV,NV,True,1.0,monitor,True,0.5524233247672514,,,boardCertifiedDermatologist,Female
670a50474c1f55cc93a17ef66b74f3c42537b980,non-expert,f7867ba738ed2381aae5909236164713048a4b59,4,1,without_ai,False,739880,DEMO_0739880,MEL,MEL,True,1.0,local_therapy,True,0.5524233247672514,,,boardCertifiedDermatologist,Female
670a50474c1f55cc93a17ef66b74f3c42537b980,non-expert,f7867ba738ed2381aae5909236164713048a4b59,4,1,with_ai,True,739880,DEMO_0739880,MEL,MEL,True,1.0,biopsy,True,0.5524233247672514,,,boardCertifiedDermatologist,Female
670a50474c1f55cc93a17ef66b74f3c42537b980,non-expert,f7867ba738ed2381aae5909236164713048a4b59,4,2,without_ai,False,613769,DEMO_0613769,OTHER_BENIGN,OTHER_BENIGN,True,1.0,monitor,True,0.5524233247672514,,,boardCertifiedDermatologist,Female
670a50474c1f55cc93a17ef66b74f3c42537b980,non-expert,f7867ba738ed2381aae5909236164713048a4b59,4,2,with_ai,True,613769,DEMO_0613769,OTHER_BENIGN,OTHER_BENIGN,True,1.0,dismiss,True,0.5524233247672514,,,boardCertifiedDermatologist,Female
670a50474c1f55cc93a17ef66b74f3c42537b980,non-expert,f7867ba738ed2381aae5909236164713048a4b59,4,3,without_ai,False,4435694,DEMO_4435694,NV,NV,True,1.0,monitor,True,0.5524233247672514,,,boardCertifiedDermatologist,Female
670a50474c1f55cc93a17ef66b74f3c42537b980,non-expert,f7867ba738ed2381aae5909236164713048a4b59,4,3,with_ai,True,4435694,DEMO_4435694,NV,NV,True,1.0,dismiss,True,0.5524233247672514,,,boardCertifiedDermatologist,Female
670a50474c1f55cc93a17ef66b74f3c42537b980,non-expert,f7867ba738ed2381aae5909236164713048a4b59,4,4,without_ai,False,641657,DEMO_0641657,BCC,BCC,True,1.0,biopsy,True,0.5524233247672514,,,boardCertifiedDermatologist,Female
670a50474c1f55cc93a17ef66b74f3c42537b980,non-expert,f7867ba738ed2381aae5909236164713048a4b59,4,4,with_ai,True,641657,DEMO_0641657,BCC,NV,False,0.0,dismiss,True,0.5524233247672514,,,boardCertifiedDermatologist,Female
670a50474c1f55cc93a17ef66b74f3c42537b980,non-expert,f7867ba738ed2381aae5909236164713048a4b59,4,5,without_ai,False,6412718,DEMO_6412718,INF,SCCKA,False,0.0,biopsy,True,0.5524233247672514,,,boardCertifiedDermatologist,Female
670a50474c1f55cc93a17ef66b74f3c42537b980,non-expert,f7867ba738ed2381aae5909236164713048a4b59,4,5,with_ai,True,6412718,DEMO_6412718,INF,MEL,False,0.0,dismiss,True,0.5524233247672514,,,boardCertifiedDermatologist,Female
670a50474c1f55cc93a17ef66b74f3c42537b980,non-expert,f7867ba738ed2381aae5909236164713048a4b59,4,6,without_ai,False,1158848,DEMO_1158848,SCCKA,SCCKA,True,1.0,local_therapy,True,0.5524233247672514,,,boardCertifiedDermatologist,Female
670a50474c1f55cc93a17ef66b74f3c42537b980,non-expert,f7867ba738ed2381aae5909236164713048a4b59,4,6,with_ai,True,1158848,DEMO_1158848,SCCKA,OTHER_BENIGN,False,0.0,local_therapy,True,0.5524233247672514,,,boardCertifiedDermatologist,Female
670a50474c1f55cc93a17ef66b74f3c42537b980,non-expert,f7867ba738ed2381aae5909236164713048a4b59,4,7,without_ai,False,1681173,DEMO_1681173,BCC,SCCKA,False,0.0,biopsy,True,0.5524233247672514,,,boardCertifiedDermatologist,Female
670a50474c1f55cc93a17ef66b74f3c42537b980,non-expert,f7867ba738ed2381aae5909236164713048a4b59,4,7,with_ai,True,1681173,DEMO_1681173,BCC,VASC,False,0.0,biopsy,True,0.5524233247672514,,,boardCertifiedDermatologist,Female
670a50474c1f55cc93a17ef66b74f3c42537b980,non-expert,f7867ba738ed2381aae5909236164713048a4b59,4,8,without_ai,False,4950194,DEMO_4950194,INF,INF,True,1.0,dismiss,True,0.5524233247672514,,,boardCertifiedDermatologist,Female
670a50474c1f55cc93a17ef66b74f3c42537b980,non-expert,f7867ba738ed2381aae5909236164713048a4b59,4,8,with_ai,True,4950194,DEMO_4950194,INF,INF,True,1.0,local_therapy,True,0.5524233247672514,,,boardCertifiedDermatologist,Female
670a50474c1f55cc93a17ef66b74f3c42537b980,non-expert,f7867ba738ed2381aae5909236164713048a4b59,4,9,without_ai,False,5676092,DEMO_5676092,NV,NV,True,1.0,monitor,True,0.5524233247672514,,,boardCertifiedDermatologist,Female
670a50474c1f55cc93a17ef66b74f3c42537b980,non-expert,f7867ba738ed2381aae5909236164713048a4b59,4,9,with_ai,True,5676092,DEMO_5676092,NV,NV,True,1.0,dismiss,True,0.5524233247672514,,,boardCertifiedDermatologist,Female
670a50474c1f55cc93a17ef66b74f3c42537b980,non-expert,f7867ba738ed2381aae5909236164713048a4b59,4,10,without_ai,False,6970326,DEMO_6970326,NV,MEL,False,0.0,dismiss,True,0.5524233247672514,,,boardCertifiedDermatologist,Female
670a50474c1f55cc93a17ef66b74f3c42537b980,non-expert,f7867ba738ed2381aae5909236164713048a4b59,4,10,with_ai,True,6970326,DEMO_6970326,NV,MEL,False,0.0,monitor,True,0.5524233247672514,,,boardCertifiedDermatologist,Female
670a50474c1f55cc93a17ef66b74f3c42537b980,non-expert,f7867ba738ed2381aae5909236164713048a4b59,4,11,without_ai,False,8357813,DEMO_8357813,MEL,DF,False,0.0,dismiss,True,0.5524233247672514,,,boardCertifiedDermatologist,Female
670a50474c1f55cc93a17ef66b74f3c42537b980,non-expert,f7867ba738ed2381aae5909236164713048a4b59,4,11,with_ai,True,8357813,DEMO_8357813,MEL,MEL,True,1.0,local_therapy,True,0.5524233247672514,,,boardCertifiedDermatologist,Female
670a50474c1f55cc93a17ef66b74f3c42537b980,non-expert,f7867ba738ed2381aae5909236164713048a4b59,4,12,without_ai,False,7097770,DEMO_7097770,NV,NV,True,1.0,monitor,True,0.5524233247672514,,,boardCertifiedDermatologist,Female
670a50474c1f55cc93a17ef66b74f3c42537b980,non-expert,f7867ba738ed2381aae5909236164713048a4b59,4,12,with_ai,True,7097770,DEMO_7097770,NV,OTHER_BENIGN,False,0.0,monitor,True,0.5524233247672514,,,boardCertifiedDermatologist,Female
670a50474c1f55cc93a17ef66b74f3c42537b980,non-expert,f7867ba738ed2381aae5909236164713048a4b59,4,13,without_ai,False,6389843,DEMO_6389843,OTHER_BENIGN,AKIEC,False,0.0,monitor,True,0.5524233247672514,,,boardCertifiedDermatologist,Female
670a50474c1f55cc93a17ef66b74f3c42537b980,non-expert,f7867ba738ed2381aae5909236164713048a4b59,4,13,with_ai,True,6389843,DEMO_6389843,OTHER_BENIGN,OTHER_BENIGN,True,1.0,biopsy,True,0.5524233247672514,,,boardCertifiedDermatologist,Female
670a50474c1f55cc93a17ef66b74f3c42537b980,non-expert,f7867ba738ed2381aae5909236164713048a4b59,4,14,without_ai,False,1914570,DEMO_1914570,DF,OTHER_MALIGNANT,False,0.0,biopsy,True,0.5524233247672514,,,boardCertifiedDermatologist,Female
670a50474c1f55cc93a17ef66b74f3c42537b980,non-expert,f7867ba738ed2381aae5909236164713048a4b59,4,14,with_ai,True,1914570,DEMO_1914570,DF,DF,True,1.0,biopsy,True,0.5524233247672514,,,boardCertifiedDermatologist,Female
670a50474c1f55cc93a17ef66b74f3c42537b980,non-expert,f7867ba738ed2381aae5909236164713048a4b59,4,15,without_ai,False,5708082,DEMO_5708082,NV,SCCKA,False,0.0,monitor,True,0.5524233247672514,,,boardCertifiedDermatologist,Female
670a50474c1f55cc93a17ef66b74f3c42537b980,non-expert,f7867ba738ed2381aae5909236164713048a4b59,4,15,with_ai,True,5708082,DEMO_5708082,NV,BCC,False,0.0,dismiss,True,0.5524233247672514,,,boardCertifiedDermatologist,Female
620f869de95eaec9a78b613c34792603166b8551,non-expert,c7d86440f4218b9c06dad16c7dac6b61c920ab41,1,1,without_ai,False,6391748,DEMO_6391748,OTHER_MALIGNANT,OTHER_MALIGNANT,True,1.0,monitor,True,0.4291575855252497,,,boardCertifiedDermatologist,Male
620f869de95eaec9a78b613c34792603166b8551,non-expert,c7d86440f4218b9c06dad16c7dac6b61c920ab41,1,1,with_ai,True,6391748,DEMO_6391748,OTHER_MALIGNANT,OTHER_MALIGNANT,True,1.0,monitor,True,0.4291575855252497,,,boardCertifiedDermatologist,Male
620f869de95eaec9a78b613c34792603166b8551,non-expert,c7d86440f4218b9c06dad16c7dac6b61c920ab41,1,2,without_ai,False,1331095,DEMO_1331095,BCC,SCCKA,False,0.0,dismiss,True,0.4291575855252497,,,boardCertifiedDermatologist,Male
620f869de95eaec9a78b613c34792603166b8551,non-expert,c7d86440f4218b9c06dad16c7dac6b61c920ab41,1,2,with_ai,True,1331095,DEMO_1331095,BCC,VASC,False,0.0,biopsy,True,0.4291575855252497,,,boardCertifiedDermatologist,Male
620f869de95eaec9a78b613c34792603166b8551,non-expert,c7d86440f4218b9c06dad16c7dac6b61c920ab41,1,3,without_ai,False,9540802,DEMO_9540802,AKIEC,DF,False,0.0,local_therapy,True,0.4291575855252497,,,boardCertifiedDermatologist,Male
620f869de95eaec9a78b613c34792603166b8551,non-expert,c7d86440f4218b9c06dad16c7dac6b61c920ab41,1,3,with_ai,True,9540802,DEMO_9540802,AKIEC,AKIEC,True,1.0,biopsy,True,0.4291575855252497,,,boardCertifiedDermatologist,Male
620f869de95eaec9a78b613c34792603166b8551,non-expert,c7d86440f4218b9c06dad16c7dac6b61c920ab41,1,4,without_ai,False,8000934,DEMO_8000934,BCC,OTHER_MALIGNANT,False,0.0,biopsy,True,0.4291575855252497,,,boardCertifiedDermatologist,Male
620f869de95eaec9a78b613c34792603166b8551,non-expert,c7d86440f4218b9c06dad16c7dac6b61c920ab41,1,4,with_ai,True,8000934,DEMO_8000934,BCC,BCC,True,1.0,dismiss,True,0.4291575855252497,,,boardCertifiedDermatologist,Male
620f869de95eaec9a78b613c34792603166b8551,non-expert,c7d86440f4218b9c06dad16c7dac6b61c920ab41,1,5,without_ai,False,8311824,DEMO_8311824,SCCKA,VASC,False,0.0,biopsy,True,0.4291575855252497,,,boardCertifiedDermatologist,Male
620f869de95eaec9a78b613c34792603166b8551,non-expert,c7d86440f4218b9c06dad16c7dac6b61c920ab41,1,5,with_ai,True,8311824,DEMO_8311824,SCCKA,SCCKA,True,1.0,biopsy,True,0.4291575855252497,,,boardCertifiedDermatologist,Male
620f869de95eaec9a78b613c34792603166b8551,non-expert,c7d86440f4218b9c06dad16c7dac6b61c920ab41,1,6,without_ai,False,3768003,DEMO_3768003,DF,DF,True,1.0,dismiss,True,0.4291575855252497,,,boardCertifiedDermatologist,Male
620f869de95eaec9a78b613c34792603166b8551,non-expert,c7d86440f4218b9c06dad16c7dac6b61c920ab41,1,6,with_ai,True,3768003,DEMO_3768003,DF,DF,True,1.0,dismiss,True,0.4291575855252497,,,boardCertifiedDermatologist,Male
620f869de95eaec9a78b613c34792603166b8551,non-expert,c7d86440f4218b9c06dad16c7dac6b61c920ab41,1,7,without_ai,False,3301578,DEMO_3301578,MEL,MEL,True,1.0,local_therapy,True,0.4291575855252497,,,boardCertifiedDermatologist,Male
620f869de95eaec9a78b613c34792603166b8551,non-expert,c7d86440f4218b9c06dad16c7dac6b61c920ab41,1,7,with_ai,True,3301578,DEMO_3301578,MEL,OTHER_MALIGNANT,False,0.0,dismiss,True,0.4291575855252497,,,boardCertifiedDermatologist,Male
620f869de95eaec9a78b613c34792603166b8551,non-expert,c7d86440f4218b9c06dad16c7dac6b61c920ab41,1,8,without_ai,False,6956717,DEMO_6956717,SCCKA,SCCKA,True,1.0,local_therapy,True,0.4291575855252497,,,boardCertifiedDermatologist,Male
620f869de95eaec9a78b613c34792603166b8551,non-expert,c7d86440f4218b9c06dad16c7dac6b61c920ab41,1,8,with_ai,True,6956717,DEMO_6956717,SCCKA,SCCKA,True,1.0,biopsy,True,0.4291575855252497,,,boardCertifiedDermatologist,Male
620f869de95eaec9a78b613c34792603166b8551,non-expert,c7d86440f4218b9c06dad16c7dac6b61c920ab41,1,9,without_ai,False,2581000,DEMO_2581000,BCC,SCCKA,False,0.0,biopsy,True,0.4291575855252497,,,boardCertifiedDermatologist,Male
620f869de95eaec9a78b613c34792603166b8551,non-expert,c7d86440f4218b9c06dad16c7dac6b61c920ab41,1,9,with_ai,True,2581000,DEMO_2581000,BCC,AKIEC,False,0.0,biopsy,True,0.4291575855252497,,,boardCertifiedDermatologist,Male
620f869de95eaec9a78b613c34792603166b8551,non-expert,c7d86440f4218b9c06dad16c7dac6b61c920ab41,1,10,without_ai,False,6059079,DEMO_6059079,SCCKA,AKIEC,False,0.0,biopsy,True,0.4291575855252497,,,boardCertifiedDermatologist,Male
620f869de95eaec9a78b613c34792603166b8551,non-expert,c7d86440f4218b9c06dad16c7dac6b61c920ab41,1,10,with_ai,True,6059079,DEMO_6059079,SCCKA,OTHER_BENIGN,False,0.0,dismiss,True,0.4291575855252497,,,boardCertifiedDermatologist,Male
620f869de95eaec9a78b613c34792603166b8551,non-expert,c7d86440f4218b9c06dad16c7dac6b61c920ab41,1,11,without_ai,False,6128365,DEMO_6128365,BKL,OTHER_BENIGN,False,0.0,biopsy,True,0.4291575855252497,,,boardCertifiedDermatologist,Male
620f869de95eaec9a78b613c34792603166b8551,non-expert,c7d86440f4218b9c06dad16c7dac6b61c920ab41,1,11,with_ai,True,6128365,DEMO_6128365,BKL,BKL,True,1.0,dismiss,True,0.4291575855252497,,,boardCertifiedDermatologist,Male
620f869de95eaec9a78b613c34792603166b8551,non-expert,c7d86440f4218b9c06dad16c7dac6b61c920ab41,1,12,without_ai,False,8513413,DEMO_8513413,NV,OTHER_BENIGN,False,0.0,monitor,True,0.4291575855252497,,,boardCertifiedDermatologist,Male
620f869de95eaec9a78b613c34792603166b8551,non-expert,c7d86440f4218b9c06dad16c7dac6b61c920ab41,1,12,with_ai,True,8513413,DEMO_8513413,NV,NV,True,1.0,biopsy,True,0.4291575855252497,,,boardCertifiedDermatologist,Male
620f869de95eaec9a78b613c34792603166b8551,non-expert,c7d86440f4218b9c06dad16c7dac6b61c920ab41,1,13,without_ai,False,4667765,DEMO_4667765,DF,DF,True,1.0,monitor,True,0.4291575855252497,,,boardCertifiedDermatologist,Male
620f869de95eaec9a78b613c34792603166b8551,non-expert,c7d86440f4218b9c06dad16c7dac6b61c920ab41,1,13,with_ai,True,4667765,DEMO_4667765,DF,OTHER_BENIGN,False,0.0,monitor,True,0.4291575855252497,,,boardCertifiedDermatologist,Male
620f869de95eaec9a78b613c34792603166b8551,non-expert,c7d86440f4218b9c06dad16c7dac6b61c920ab41,1,14,without_ai,False,1575051,DEMO_1575051,BCC,OTHER_MALIGNANT,False,0.0,biopsy,True,0.4291575855252497,,,boardCertifiedDermatologist,Male
620f869de95eaec9a78b613c34792603166b8551,non-expert,c7d86440f4218b9c06dad16c7dac6b61c920ab41,1,14,with_ai,True,1575051,DEMO_1575051,BCC,BCC,True,1.0,biopsy,True,0.4291575855252497,,,boardCertifiedDermatologist,Male
620f869de95eaec9a78b613c34792603166b8551,non-expert,c7d86440f4218b9c06dad16c7dac6b61c920ab41,1,15,without_ai,False,7792630,DEMO_7792630,MEL,VASC,False,0.0,local_therapy,True,0.4291575855252497,,,boardCertifiedDermatologist,Male
620f869de95eaec9a78b613c34792603166b8551,non-expert,c7d86440f4218b9c06dad16c7dac6b61c920ab41,1,15,with_ai,True,7792630,DEMO_7792630,MEL,MEL,True,1.0,local_therapy,True,0.4291575855252497,,,boardCertifiedDermatologist,Male
36dc41484a18be883bbce9c65eaf301a84f64cdc,expert,13ac1befdb211099c7904889ce2017a7bb2e419b,1,1,without_ai,False,1281373,DEMO_1281373,VASC,VASC,True,1.0,monitor,True,0.8057917679037747,,,resident,Male
36dc41484a18be883bbce9c65eaf301a84f64cdc,expert,13ac1befdb211099c7904889ce2017a7bb2e419b,1,1,with_ai,True,1281373,DEMO_1281373,VASC,VASC,True,1.0,biopsy,True,0.8057917679037747,,,resident,Male
36dc41484a18be883bbce9c65eaf301a84f64cdc,expert,13ac1befdb211099c7904889ce2017a7bb2e419b,1,2,without_ai,False,1967423,DEMO_1967423,AKIEC,AKIEC,True,1.0,biopsy,True,0.8057917679037747,,,resident,Male
36dc41484a18be883bbce9c65eaf301a84f64cdc,expert,13ac1befdb211099c7904889ce2017a7bb2e419b,1,2,with_ai,True,1967423,DEMO_1967423,AKIEC,AKIEC,True,1.0,local_therapy,True,0.8057917679037747,,,resident,Male
36dc41484a18be883bbce9c65eaf301a84f64cdc,expert,13ac1befdb211099c7904889ce2017a7bb2e419b,1,3,without_ai,False,1153707,DEMO_1153707,BKL,BKL,True,1.0,dismiss,True,0.8057917679037747,,,resident,Male
36dc41484a18be883bbce9c65eaf301a84f64cdc,expert,13ac1befdb211099c7904889ce2017a7bb2e419b,1,3,with_ai,True,1153707,DEMO_1153707,BKL,BKL,True,1.0,dismiss,True,0.8057917679037747,,,resident,Male
36dc41484a18be883bbce9c65eaf301a84f64cdc,expert,13ac1befdb211099c7904889ce2017a7bb2e419b,1,4,without_ai,False,8369558,DEMO_8369558,DF,INF,False,0.0,biopsy,True,0.8057917679037747,,,resident,Male
36dc41484a18be883bbce9c65eaf301a84f64cdc,expert,13ac1befdb211099c7904889ce2017a7bb2e419b,1,4,with_ai,True,8369558,DEMO_8369558,DF,DF,True,1.0,dismiss,True,0.8057917679037747,,,resident,Male
36dc41484a18be883bbce9c65eaf301a84f64cdc,expert,13ac1befdb211099c7904889ce2017a7bb2e419b,1,5,without_ai,False,3002186,DEMO_3002186,NV,NV,True,1.0,dismiss,True,0.8057917679037747,,,resident,Male
36dc41484a18be883bbce9c65eaf301a84f64cdc,expert,13ac1befdb211099c7904889ce2017a7bb2e419b,1,5,with_ai,True,3002186,DEMO_3002186,NV,NV,True,1.0,monitor,True,0.8057917679037747,,,resident,Male
36dc41484a18be883bbce9c65eaf301a84f64cdc,expert,13ac1befdb211099c7904889ce2017a7bb2e419b,1,6,without_ai,False,9831418,DEMO_9831418,AKIEC,AKIEC,True,1.0,biopsy,True,0.8057917679037747,,,resident,Male
36dc41484a18be883bbce9c65eaf301a84f64cdc,expert,13ac1befdb211099c7904889ce2017a7bb2e419b,1,6,with_ai,True,9831418,DEMO_9831418,AKIEC,AKIEC,True,1.0,biopsy,True,0.8057917679037747,,,resident,Male
36dc41484a18be883bbce9c65eaf301a84f64cdc,expert,13ac1befdb211099c7904889ce2017a7bb2e419b,1,7,without_ai,False,5195655,DEMO_5195655,NV,NV,True,1.0,monitor,True,0.8057917679037747,,,resident,Male
36dc41484a18be883bbce9c65eaf301a84f64cdc,expert,13ac1befdb211099c7904889ce2017a7bb2e419b,1,7,with_ai,True,5195655,DEMO_5195655,NV,NV,True,1.0,biopsy,True,0.8057917679037747,,,resident,Male
36dc41484a18be883bbce9c65eaf301a84f64cdc,expert,13ac1befdb211099c7904889ce2017a7bb2e419b,1,8,without_ai,False,9459140,DEMO_9459140,DF,DF,True,1.0,dismiss,True,0.8057917679037747,,,resident,Male
36dc41484a18be883bbce9c65eaf301a84f64cdc,expert,13ac1befdb211099c7904889ce2017a7bb2e419b,1,8,with_ai,True,9459140,DEMO_9459140,DF,DF,True,1.0,monitor,True,0.8057917679037747,,,resident,Male
36dc41484a18be883bbce9c65eaf301a84f64cdc,expert,13ac1befdb211099c7904889ce2017a7bb2e419b,1,9,without_ai,False,825776,DEMO_0825776,BKL,BKL,True,1.0,monitor,True,0.8057917679037747,,,resident,Male
36dc41484a18be883bbce9c65eaf301a84f64cdc,expert,13ac1befdb211099c7904889ce2017a7bb2e419b,1,9,with_ai,True,825776,DEMO_0825776,BKL,BKL,True,1.0,dismiss,True,0.8057917679037747,,,resident,Male
36dc41484a18be883bbce9c65eaf301a84f64cdc,expert,13ac1befdb211099c7904889ce2017a7bb2e419b,1,10,without_ai,False,8434426,DEMO_8434426,OTHER_BENIGN,OTHER_BENIGN,True,1.0,dismiss,True,0.8057917679037747,,,resident,Male
36dc41484a18be883bbce9c65eaf301a84f64cdc,expert,13ac1befdb211099c7904889ce2017a7bb2e419b,1,10,with_ai,True,8434426,DEMO_8434426,OTHER_BENIGN,OTHER_BENIGN,True,1.0,monitor,True,0.8057917679037747,,,resident,Male
36dc41484a18be883bbce9c65eaf301a84f64cdc,expert,13ac1befdb211099c7904889ce2017a7bb2e419b,1,11,without_ai,False,9688518,DEMO_9688518,NV,BKL,False,0.0,dismiss,True,0.8057917679037747,,,resident,Male
36dc41484a18be883bbce9c65eaf301a84f64cdc,expert,13ac1befdb211099c7904889ce2017a7bb2e419b,1,11,with_ai,True,9688518,DEMO_9688518,NV,NV,True,1.0,biopsy,True,0.8057917679037747,,,resident,Male
36dc41484a18be883bbce9c65eaf301a84f64cdc,expert,13ac1befdb211099c7904889ce2017a7bb2e419b,1,12,without_ai,False,6660610,DEMO_6660610,NV,NV,True,1.0,dismiss,True,0.8057917679037747,,,resident,Male
36dc41484a18be883bbce9c65eaf301a84f64cdc,expert,13ac1befdb211099c7904889ce2017a7bb2e419b,1,12,with_ai,True,6660610,DEMO_6660610,NV,NV,True,1.0,monitor,True,0.8057917679037747,,,resident,Male
36dc41484a18be883bbce9c65eaf301a84f64cdc,expert,13ac1befdb211099c7904889ce2017a7bb2e419b,1,13,without_ai,False,8229921,DEMO_8229921,DF,SCCKA,False,0.0,dismiss,True,0.8057917679037747,,,resident,Male
36dc41484a18be883bbce9c65eaf301a84f64cdc,expert,13ac1befdb211099c7904889ce2017a7bb2e419b,1,13,with_ai,True,8229921,DEMO_8229921,DF,DF,True,1.0,dismiss,True,0.8057917679037747,,,resident,Male
36dc41484a18be883bbce9c65eaf301a84f64cdc,expert,13ac1befdb211099c7904889ce2017a7bb2e419b,1,14,without_ai,False,7551762,DEMO_7551762,BCC,BCC,True,1.0,biopsy,True,0.8057917679037747,,,resident,Male
36dc41484a18be883bbce9c65eaf301a84f64cdc,expert,13ac1befdb211099c7904889ce2017a7bb2e419b,1,14,with_ai,True,7551762,DEMO_7551762,BCC,BCC,True,1.0,biopsy,True,0.8057917679037747,,,resident,Male
36dc41484a18be883bbce9c65eaf301a84f64cdc,expert,13ac1befdb211099c7904889ce2017a7bb2e419b,1,15,without_ai,False,8393759,DEMO_8393759,OTHER_BENIGN,NV,False,0.0,monitor,True,0.8057917679037747,,,resident,Male
36dc41484a18be883bbce9c65eaf301a84f64cdc,expert,13ac1befdb211099c7904889ce2017a7bb2e419b,1,15,with_ai,True,8393759,DEMO_8393759,OTHER_BENIGN,OTHER_BENIGN,True,1.0,dismiss,True,0.8057917679037747,,,resident,Male
36dc41484a18be883bbce9c65eaf301a84f64cdc,expert,e4bed278eadb75a182e60a5f9402259cdbaf1fa3,2,1,without_ai,False,5148682,DEMO_5148682,BKL,BKL,True,1.0,dismiss,True,0.8057917679037747,,,resident,Male
36dc41484a18be883bbce9c65eaf301a84f64cdc,expert,e4bed278eadb75a182e60a5f9402259cdbaf1fa3,2,1,with_ai,True,5148682,DEMO_5148682,BKL,INF,False,0.0,dismiss,True,0.8057917679037747,,,resident,Male
36dc41484a18be883bbce9c65eaf301a84f64cdc,expert,e4bed278eadb75a182e60a5f9402259cdbaf1fa3,2,2,without_ai,False,3193930,DEMO_3193930,BCC,BCC,True,1.0,biopsy,True,0.8057917679037747,,,resident,Male
36dc41484a18be883bbce9c65eaf301a84f64cdc,expert,e4bed278eadb75a182e60a5f9402259cdbaf1fa3,2,2,with_ai,True,3193930,DEMO_3193930,BCC,BCC,True,1.0,dismiss,True,0.8057917679037747,,,resident,Male
36dc41484a18be883bbce9c65eaf301a84f64cdc,expert,e4bed278eadb75a182e60a5f9402259cdbaf1fa3,2,3,without_ai,False,7462462,DEMO_7462462,NV,NV,True,1.0,monitor,True,0.8057917679037747,,,resident,Male
36dc41484a18be883bbce9c65eaf301a84f64cdc,expert,e4bed278eadb75a182e60a5f9402259cdbaf1fa3,2,3,with_ai,True,7462462,DEMO_7462462,NV,NV,True,1.0,dismiss,True,0.8057917679037747,,,resident,Male
36dc41484a18be883bbce9c65eaf301a84f64cdc,expert,e4bed278eadb75a182e60a5f9402259cdbaf1fa3,2,4,without_ai,False,3810271,DEMO_3810271,NV,NV,True,1.0,monitor,True,0.8057917679037747,,,resident,Male
36dc41484a18be883bbce9c65eaf301a84f64cdc,expert,e4bed278eadb75a182e60a5f9402259cdbaf1fa3,2,4,with_ai,True,3810271,DEMO_3810271,NV,NV,True,1.0,monitor,True,0.8057917679037747,,,resident,Male
36dc41484a18be883bbce9c65eaf301a84f64cdc,expert,e4bed278eadb75a182e60a5f9402259cdbaf1fa3,2,5,without_ai,False,1566732,DEMO_1566732,NV,NV,True,1.0,dismiss,True,0.8057917679037747,,,resident,Male
36dc41484a18be883bbce9c65eaf301a84f64cdc,expert,e4bed278eadb75a182e60a5f9402259cdbaf1fa3,2,5,with_ai,True,1566732,DEMO_1566732,NV,MEL,False,0.0,dismiss,True,0.8057917679037747,,,resident,Male
36dc41484a18be883bbce9c65eaf301a84f64cdc,expert,e4bed278eadb75a182e60a5f9402259cdbaf1fa3,2,6,without_ai,False,7989036,DEMO_7989036,NV,NV,True,1.0,monitor,True,0.8057917679037747,,,resident,Male
36dc41484a18be883bbce9c65eaf301a84f64cdc,expert,e4bed278eadb75a182e60a5f9402259cdbaf1fa3,2,6,with_ai,True,7989036,DEMO_7989036,NV,NV,True,1.0,monitor,True,0.8057917679037747,,,resident,Male
36dc41484a18be883bbce9c65eaf301a84f64cdc,expert,e4bed278eadb75a182e60a5f9402259cdbaf1fa3,2,7,without_ai,False,3382090,DEMO_3382090,MEL,MEL,True,1.0,local_therapy,True,0.8057917679037747,,,resident,Male
36dc41484a18be883bbce9c65eaf301a84f64cdc,expert,e4bed278eadb75a182e60a5f9402259cdbaf1fa3,2,7,with_ai,True,3382090,DEMO_3382090,MEL,MEL,True,1.0,local_therapy,True,0.8057917679037747,,,resident,Male
36dc41484a18be883bbce9c65eaf301a84f64cdc,expert,e4bed278eadb75a182e60a5f9402259cdbaf1fa3,2,8,without_ai,False,3827510,DEMO_3827510,OTHER_BENIGN,OTHER_BENIGN,True,1.0,monitor,True,0.8057917679037747,,,resident,Male
36dc41484a18be883bbce9c65eaf301a84f64cdc,expert,e4bed278eadb75a182e60a5f9402259cdbaf1fa3,2,8,with_ai,True,3827510,DEMO_3827510,OTHER_BENIGN,BCC,False,0.0,monitor,True,0.8057917679037747,,,resident,Male
36dc41484a18be883bbce9c65eaf301a84f64cdc,expert,e4bed278eadb75a182e60a5f9402259cdbaf1fa3,2,9,without_ai,False,358547,DEMO_0358547,NV,NV,True,1.0,monitor,True,0.8057917679037747,,,resident,Male
36dc41484a18be883bbce9c65eaf301a84f64cdc,expert,e4bed278eadb75a182e60a5f9402259cdbaf1fa3,2,9,with_ai,True,358547,DEMO_0358547,NV,NV,True,1.0,local_therapy,True,0.8057917679037747,,,resident,Male
36dc41484a18be883bbce9c65eaf301a84f64cdc,expert,e4bed278eadb75a182e60a5f9402259cdbaf1fa3,2,10,without_ai,False,2629611,DEMO_2629611,NV,NV,True,1.0,monitor,True,0.8057917679037747,,,resident,Male
36dc41484a18be883bbce9c65eaf301a84f64cdc,expert,e4bed278eadb75a182e60a5f9402259cdbaf1fa3,2,10,with_ai,True,2629611,DEMO_2629611,NV,NV,True,1.0,monitor,True,0.8057917679037747,,,resident,Male
36dc41484a18be883bbce9c65eaf301a84f64cdc,expert,e4bed278eadb75a182e60a5f9402259cdbaf1fa3,2,11,without_ai,False,9582663,DEMO_9582663,SCCKA,DF,False,0.0,dismiss,True,0.8057917679037747,,,resident,Male
36dc41484a18be883bbce9c65eaf301a84f64cdc,expert,e4bed278eadb75a182e60a5f9402259cdbaf1fa3,2,11,with_ai,True,9582663,DEMO_9582663,SCCKA,SCCKA,True,1.0,biopsy,True,0.8057917679037747,,,resident,Male
36dc41484a18be883bbce9c65eaf301a84f64cdc,expert,e4bed278eadb75a182e60a5f9402259cdbaf1fa3,2,12,without_ai,False,448393,DEMO_0448393,AKIEC,AKIEC,True,1.0,biopsy,True,0.8057917679037747,,,resident,Male
36dc41484a18be883bbce9c65eaf301a84f64cdc,expert,e4bed278eadb75a182e60a5f9402259cdbaf1fa3,2,12,with_ai,True,448393,DEMO_0448393,AKIEC,AKIEC,True,1.0,biopsy,True,0.8057917679037747,,,resident,Male
36dc41484a18be883bbce9c65eaf301a84f64cdc,expert,e4bed278eadb75a182e60a5f9402259cdbaf1fa3,2,13,without_ai,False,5077592,DEMO_5077592,BKL,BKL,True,1.0,dismiss,True,0.8057917679037747,,,resident,Male
36dc41484a18be883bbce9c65eaf301a84f64cdc,expert,e4bed278eadb75a182e60a5f9402259cdbaf1fa3,2,13,with_ai,True,5077592,DEMO_5077592,BKL,BKL,True,1.0,dismiss,True,0.8057917679037747,,,resident,Male
36dc41484a18be883bbce9c65eaf301a84f64cdc,expert,e4bed278eadb75a182e60a5f9402259cdbaf1fa3,2,14,without_ai,False,2215320,DEMO_2215320,BKL,BKL,True,1.0,dismiss,True,0.8057917679037747,,,resident,Male
36dc41484a18be883bbce9c65eaf301a84f64cdc,expert,e4bed278eadb75a182e60a5f9402259cdbaf1fa3,2,14,with_ai,True,2215320,DEMO_2215320,BKL,BKL,True,1.0,dismiss,True,0.8057917679037747,,,resident,Male
36dc41484a18be883bbce9c65eaf301a84f64cdc,expert,e4bed278eadb75a182e60a5f9402259cdbaf1fa3,2,15,without_ai,False,9622617,DEMO_9622617,AKIEC,MEL,False,0.0,local_therapy,True,0.8057917679037747,,,resident,Male
36dc41484a18be883bbce9c65eaf301a84f64cdc,expert,e4bed278eadb75a182e60a5f9402259cdbaf1fa3,2,15,with_ai,True,9622617,DEMO_9622617,AKIEC,AKIEC,True,1.0,local_therapy,True,0.8057917679037747,,,resident,Male
38688625ae346e519daad567d3de179605d17303,non-expert,f2e61d81db00db35ff66129cde8460572f7e6cde,1,1,without_ai,False,984587,DEMO_0984587,MEL,INF,False,0.0,monitor,True,0.5106757528888431,,,boardCertifiedDermatologist,Female
38688625ae346e519daad567d3de179605d17303,non-expert,f2e61d81db00db35ff66129cde8460572f7e6cde,1,1,with_ai,True,984587,DEMO_0984587,MEL,MEL,True,1.0,biopsy,True,0.5106757528888431,,,boardCertifiedDermatologist,Female
38688625ae346e519daad567d3de179605d17303,non-expert,f2e61d81db00db35ff66129cde8460572f7e6cde,1,2,without_ai,False,426952,DEMO_0426952,VASC,OTHER_MALIGNANT,False,0.0,monitor,True,0.5106757528888431,,,boardCertifiedDermatologist,Female
38688625ae346e519daad567d3de179605d17303,non-expert,f2e61d81db00db35ff66129cde8460572f7e6cde,1,2,with_ai,True,426952,DEMO_0426952,VASC,SCCKA,False,0.0,biopsy,True,0.5106757528888431,,,boardCertifiedDermatologist,Female
38688625ae346e519daad567d3de179605d17303,non-expert,f2e61d81db00db35ff66129cde8460572f7e6cde,1,3,without_ai,False,4814979,DEMO_4814979,MEL,AKIEC,False,0.0,local_therapy,True,0.5106757528888431,,,boardCertifiedDermatologist,Female
38688625ae346e519daad567d3de179605d17303,non-expert,f2e61d81db00db35ff66129cde8460572f7e6cde,1,3,with_ai,True,4814979,DEMO_4814979,MEL,MEL,True,1.0,biopsy,True,0.5106757528888431,,,boardCertifiedDermatologist,Female
38688625ae346e519daad567d3de179605d17303,non-expert,f2e61d81db00db35ff66129cde8460572f7e6cde,1,4,without_ai,False,431075,DEMO_0431075,BKL,BKL,True,1.0,monitor,True,0.5106757528888431,,,boardCertifiedDermatologist,Female
38688625ae346e519daad567d3de179605d17303,non-expert,f2e61d81db00db35ff66129cde8460572f7e6cde,1,4,with_ai,True,431075,DEMO_0431075,BKL,VASC,False,0.0,monitor,True,0.5106757528888431,,,boardCertifiedDermatologist,Female
38688625ae346e519daad567d3de179605d17303,non-expert,f2e61d81db00db35ff66129cde8460572f7e6cde,1,5,without_ai,False,4702093,DEMO_4702093,BCC,OTHER_BENIGN,False,0.0,biopsy,True,0.5106757528888431,,,boardCertifiedDermatologist,Female
38688625ae346e519daad567d3de179605d17303,non-expert,f2e61d81db00db35ff66129cde8460572f7e6cde,1,5,with_ai,True,4702093,DEMO_4702093,BCC,BCC,True,1.0,local_therapy,True,0.5106757528888431,,,boardCertifiedDermatologist,Female
38688625ae346e519daad567d3de179605d17303,non-expert,f2e61d81db00db35ff66129cde8460572f7e6cde,1,6,without_ai,False,3726511,DEMO_3726511,BKL,BKL,True,1.0,monitor,True,0.5106757528888431,,,boardCertifiedDermatologist,Female
38688625ae346e519daad567d3de179605d17303,non-expert,f2e61d81db00db35ff66129cde8460572f7e6cde,1,6,with_ai,True,3726511,DEMO_3726511,BKL,BKL,True,1.0,dismiss,True,0.5106757528888431,,,boardCertifiedDermatologist,Female
38688625ae346e519daad567d3de179605d17303,non-expert,f2e61d81db00db35ff66129cde8460572f7e6cde,1,7,without_ai,False,9596350,DEMO_9596350,DF,DF,True,1.0,dismiss,True,0.5106757528888431,,,boardCertifiedDermatologist,Female
38688625ae346e519daad567d3de179605d17303,non-expert,f2e61d81db00db35ff66129cde8460572f7e6cde,1,7,with_ai,True,9596350,DEMO_9596350,DF,DF,True,1.0,dismiss,True,0.5106757528888431,,,boardCertifiedDermatologist,Female
38688625ae346e519daad567d3de179605d17303,non-expert,f2e61d81db00db35ff66129cde8460572f7e6cde,1,8,without_ai,False,8703380,DEMO_8703380,SCCKA,SCCKA,True,1.0,biopsy,True,0.5106757528888431,,,boardCertifiedDermatologist,Female
38688625ae346e519daad567d3de179605d17303,non-expert,f2e61d81db00db35ff66129cde8460572f7e6cde,1,8,with_ai,True,8703380,DEMO_8703380,SCCKA,SCCKA,True,1.0,local_therapy,True,0.5106757528888431,,,boardCertifiedDermatologist,Female
38688625ae346e519daad567d3de179605d17303,non-expert,f2e61d81db00db35ff66129cde8460572f7e6cde,1,9,without_ai,False,588942,DEMO_0588942,OTHER_BENIGN,OTHER_BENIGN,True,1.0,biopsy,True,0.5106757528888431,,,boardCertifiedDermatologist,Female
38688625ae346e519daad567d3de179605d17303,non-expert,f2e61d81db00db35ff66129cde8460572f7e6cde,1,9,with_ai,True,588942,DEMO_0588942,OTHER_BENIGN,OTHER_BENIGN,True,1.0,dismiss,True,0.5106757528888431,,,boardCertifiedDermatologist,Female
38688625ae346e519daad567d3de179605d17303,non-expert,f2e61d81db00db35ff66129cde8460572f7e6cde,1,10,without_ai,False,8093414,DEMO_8093414,VASC,NV,False,0.0,local_therapy,True,0.5106757528888431,,,boardCertifiedDermatologist,Female
38688625ae346e519daad567d3de179605d17303,non-expert,f2e61d81db00db35ff66129cde8460572f7e6cde,1,10,with_ai,True,8093414,DEMO_8093414,VASC,NV,False,0.0,local_therapy,True,0.5106757528888431,,,boardCertifiedDermatologist,Female
38688625ae346e519daad567d3de179605d17303,non-expert,f2e61d81db00db35ff66129cde8460572f7e6cde,1,11,without_ai,False,8979315,DEMO_8979315,MEL,MEL,True,1.0,biopsy,True,0.5106757528888431,,,boardCertifiedDermatologist,Female
38688625ae346e519daad567d3de179605d17303,non-expert,f2e61d81db00db35ff66129cde8460572f7e6cde,1,11,with_ai,True,8979315,DEMO_8979315,MEL,MEL,True,1.0,local_therapy,True,0.5106757528888431,,,boardCertifiedDermatologist,Female
38688625ae346e519daad567d3de179605d17303,non-expert,f2e61d81db00db35ff66129cde8460572f7e6cde,1,12,without_ai,False,1022906,DEMO_1022906,BCC,BCC,True,1.0,biopsy,True,0.5106757528888431,,,boardCertifiedDermatologist,Female
38688625ae346e519daad567d3de179605d17303,non-expert,f2e61d81db00db35ff66129cde8460572f7e6cde,1,12,with_ai,True,1022906,DEMO_1022906,BCC,BCC,True,1.0,biopsy,True,0.5106757528888431,,,boardCertifiedDermatologist,Female
38688625ae346e519daad567d3de179605d17303,non-expert,f2e61d81db00db35ff66129cde8460572f7e6cde,1,13,without_ai,False,2070666,DEMO_2070666,BCC,SCCKA,False,0.0,biopsy,True,0.5106757528888431,,,boardCertifiedDermatologist,Female
38688625ae346e519daad567d3de179605d17303,non-expert,f2e61d81db00db35ff66129cde8460572f7e6cde,1,13,with_ai,True,2070666,DEMO_2070666,BCC,BCC,True,1.0,biopsy,True,0.5106757528888431,,,boardCertifiedDermatologist,Female
38688625ae346e519daad567d3de179605d17303,non-expert,f2e61d81db00db35ff66129cde8460572f7e6cde,1,14,without_ai,False,5043825,DEMO_5043825,BCC,BCC,True,1.0,biopsy,True,0.5106757528888431,,,boardCertifiedDermatologist,Female
38688625ae346e519daad567d3de179605d17303,non-expert,f2e61d81db00db35ff66129cde8460572f7e6cde,1,14,with_ai,True,5043825,DEMO_5043825,BCC,BCC,True,1.0,monitor,True,0.5106757528888431,,,boardCertifiedDermatologist,Female
38688625ae346e519daad567d3de179605d17303,non-expert,f2e61d81db00db35ff66129cde8460572f7e6cde,1,15,without_ai,False,4442791,DEMO_4442791,BCC,BCC,True,1.0,biopsy,True,0.5106757528888431,,,boardCertifiedDermatologist,Female
38688625ae346e519daad567d3de179605d17303,non-expert,f2e61d81db00db35ff66129cde8460572f7e6cde,1,15,with_ai,True,4442791,DEMO_4442791,BCC,BCC,True,1.0,biopsy,True,0.5106757528888431,,,boardCertifiedDermatologist,Female
38688625ae346e519daad567d3de179605d17303,non-expert,48163b8985f57a92a5d046138f4f5a2e9b7da3b6,2,1,without_ai,False,1951491,DEMO_1951491,VASC,BCC,False,0.0,monitor,True,0.5106757528888431,,,boardCertifiedDermatologist,Female
38688625ae346e519daad567d3de179605d17303,non-expert,48163b8985f57a92a5d046138f4f5a2e9b7da3b6,2,1,with_ai,True,1951491,DEMO_1951491,VASC,VASC,True,1.0,dismiss,True,0.5106757528888431,,,boardCertifiedDermatologist,Female
38688625ae346e519daad567d3de179605d17303,non-expert,48163b8985f57a92a5d046138f4f5a2e9b7da3b6,2,2,without_ai,False,9648453,DEMO_9648453,VASC,VASC,True,1.0,dismiss,True,0.5106757528888431,,,boardCertifiedDermatologist,Female
38688625ae346e519daad567d3de179605d17303,non-expert,48163b8985f57a92a5d046138f4f5a2e9b7da3b6,2,2,with_ai,True,9648453,DEMO_9648453,VASC,VASC,True,1.0,monitor,True,0.5106757528888431,,,boardCertifiedDermatologist,Female
38688625ae346e519daad567d3de179605d17303,non-expert,48163b8985f57a92a5d046138f4f5a2e9b7da3b6,2,3,without_ai,False,3683310,DEMO_3683310,BKL,BKL,True,1.0,monitor,True,0.5106757528888431,,,boardCertifiedDermatologist,Female
38688625ae346e519daad567d3de179605d17303,non-expert,48163b8985f57a92a5d046138f4f5a2e9b7da3b6,2,3,with_ai,True,3683310,DEMO_3683310,BKL,BKL,True,1.0,dismiss,True,0.5106757528888431,,,boardCertifiedDermatologist,Female
38688625ae346e519daad567d3de179605d17303,non-expert,48163b8985f57a92a5d046138f4f5a2e9b7da3b6,2,4,without_ai,False,8363653,DEMO_8363653,OTHER_BENIGN,DF,False,0.0,monitor,True,0.5106757528888431,,,boardCertifiedDermatologist,Female
38688625ae346e519daad567d3de179605d17303,non-expert,48163b8985f57a92a5d046138f4f5a2e9b7da3b6,2,4,with_ai,True,8363653,DEMO_8363653,OTHER_BENIGN,OTHER_BENIGN,True,1.0,dismiss,True,0.5106757528888431,,,boardCertifiedDermatologist,Female
38688625ae346e519daad567d3de179605d17303,non-expert,48163b8985f57a92a5d046138f4f5a2e9b7da3b6,2,5,without_ai,False,7060600,DEMO_7060600,NV,OTHER_BENIGN,False,0.0,biopsy,True,0.5106757528888431,,,boardCertifiedDermatologist,Female
38688625ae346e519daad567d3de179605d17303,non-expert,48163b8985f57a92a5d046138f4f5a2e9b7da3b6,2,5,with_ai,True,7060600,DEMO_7060600,NV,NV,True,1.0,dismiss,True,0.5106757528888431,,,boardCertifiedDermatologist,Female
38688625ae346e519daad567d3de179605d17303,non-expert,48163b8985f57a92a5d046138f4f5a2e9b7da3b6,2,6,without_ai,False,2555807,DEMO_2555807,SCCKA,SCCKA,True,1.0,biopsy,True,0.5106757528888431,,,boardCertifiedDermatologist,Female
38688625ae346e519daad567d3de179605d17303,non-expert,48163b8985f57a92a5d046138f4f5a2e9b7da3b6,2,6,with_ai,True,2555807,DEMO_2555807,SCCKA,SCCKA,True,1.0,dismiss,True,0.5106757528888431,,,boardCertifiedDermatologist,Female
38688625ae346e519daad567d3de179605d17303,non-expert,48163b8985f57a92a5d046138f4f5a2e9b7da3b6,2,7,without_ai,False,2297506,DEMO_2297506,AKIEC,AKIEC,True,1.0,biopsy,True,0.5106757528888431,,,boardCertifiedDermatologist,Female
38688625ae346e519daad567d3de179605d17303,non-expert,48163b8985f57a92a5d046138f4f5a2e9b7da3b6,2,7,with_ai,True,2297506,DEMO_2297506,AKIEC,AKIEC,True,1.0,monitor,True,0.5106757528888431,,,boardCertifiedDermatologist,Female
38688625ae346e519daad567d3de179605d17303,non-expert,48163b8985f57a92a5d046138f4f5a2e9b7da3b6,2,8,without_ai,False,9723699,DEMO_9723699,BCC,INF,False,0.0,biopsy,True,0.5106757528888431,,,boardCertifiedDermatologist,Female
38688625ae346e519daad567d3de179605d17303,non-expert,48163b8985f57a92a5d046138f4f5a2e9b7da3b6,2,8,with_ai,True,9723699,DEMO_9723699,BCC,BCC,True,1.0,local_therapy,True,0.5106757528888431,,,boardCertifiedDermatologist,Female
38688625ae346e519daad567d3de179605d17303,non-expert,48163b8985f57a92a5d046138f4f5a2e9b7da3b6,2,9,without_ai,False,3564225,DEMO_3564225,VASC,VASC,True,1.0,dismiss,True,0.5106757528888431,,,boardCertifiedDermatologist,Female
38688625ae346e519daad567d3de179605d17303,non-expert,48163b8985f57a92a5d046138f4f5a2e9b7da3b6,2,9,with_ai,True,3564225,DEMO_3564225,VASC,OTHER_MALIGNANT,False,0.0,monitor,True,0.5106757528888431,,,boardCertifiedDermatologist,Female
38688625ae346e519daad567d3de179605d17303,non-expert,48163b8985f57a92a5d046138f4f5a2e9b7da3b6,2,10,without_ai,False,9683399,DEMO_9683399,NV,NV,True,1.0,dismiss,True,0.5106757528888431,,,boardCertifiedDermatologist,Female
38688625ae346e519daad567d3de179605d17303,non-expert,48163b8985f57a92a5d046138f4f5a2e9b7da3b6,2,10,with_ai,True,9683399,DEMO_9683399,NV,NV,True,1.0,dismiss,True,0.5106757528888431,,,boardCertifiedDermatologist,Female
38688625ae346e519daad567d3de179605d17303,non-expert,48163b8985f57a92a5d046138f4f5a2e9b7da3b6,2,11,without_ai,False,4914361,DEMO_4914361,NV,INF,False,0.0,monitor,True,0.5106757528888431,,,boardCertifiedDermatologist,Female
38688625ae346e519daad567d3de179605d17303,non-expert,48163b8985f57a92a5d046138f4f5a2e9b7da3b6,2,11,with_ai,True,4914361,DEMO_4914361,NV,NV,True,1.0,biopsy,True,0.5106757528888431,,,boardCertifiedDermatologist,Female
38688625ae346e519daad567d3de179605d17303,non-expert,48163b8985f57a92a5d046138f4f5a2e9b7da3b6,2,12,without_ai,False,6229885,DEMO_6229885,BCC,BCC,True,1.0,biopsy,True,0.5106757528888431,,,boardCertifiedDermatologist,Female
38688625ae346e519daad567d3de179605d17303,non-expert,48163b8985f57a92a5d046138f4f5a2e9b7da3b6,2,12,with_ai,True,6229885,DEMO_6229885,BCC,BCC,True,1.0,biopsy,True,0.5106757528888431,,,boardCertifiedDermatologist,Female
38688625ae346e519daad567d3de179605d17303,non-expert,48163b8985f57a92a5d046138f4f5a2e9b7da3b6,2,13,without_ai,False,40145,DEMO_0040145,SCCKA,SCCKA,True,1.0,monitor,True,0.5106757528888431,,,boardCertifiedDermatologist,Female
38688625ae346e519daad567d3de179605d17303,non-expert,48163b8985f57a92a5d046138f4f5a2e9b7da3b6,2,13,with_ai,True,40145,DEMO_0040145,SCCKA,AKIEC,False,0.0,local_therapy,True,0.5106757528888431,,,boardCertifiedDermatologist,Female
38688625ae346e519daad567d3de179605d17303,non-expert,48163b8985f57a92a5d046138f4f5a2e9b7da3b6,2,14,without_ai,False,6114285,DEMO_6114285,DF,DF,True,1.0,dismiss,True,0.5106757528888431,,,boardCertifiedDermatologist,Female
38688625ae346e519daad567d3de179605d17303,non-expert,48163b8985f57a92a5d046138f4f5a2e9b7da3b6,2,14,with_ai,True,6114285,DEMO_6114285,DF,OTHER_BENIGN,False,0.0,monitor,True,0.5106757528888431,,,boardCertifiedDermatologist,Female
38688625ae346e519daad567d3de179605d17303,non-expert,48163b8985f57a92a5d046138f4f5a2e9b7da3b6,2,15,without_ai,False,6261912,DEMO_6261912,DF,DF,True,1.0,biopsy,True,0.5106757528888431,,,boardCertifiedDermatologist,Female
38688625ae346e519daad567d3de179605d17303,non-expert,48163b8985f57a92a5d046138f4f5a2e9b7da3b6,2,15,with_ai,True,6261912,DEMO_6261912,DF,VASC,False,0.0,local_therapy,True,0.5106757528888431,,,boardCertifiedDermatologist,Female
9b6b1f05ec35c2514137c7c0a63e5b07d3439dec,non-expert,054b27f3cc4dbb040b3110c90d7f5fcfe2648c8c,1,1,without_ai,False,5013286,DEMO_5013286,BKL,BCC,False,0.0,dismiss,True,0.6567982239394972,,,medicalStudent,Male
9b6b1f05ec35c2514137c7c0a63e5b07d3439dec,non-expert,054b27f3cc4dbb040b3110c90d7f5fcfe2648c8c,1,1,with_ai,True,5013286,DEMO_5013286,BKL,BKL,True,1.0,monitor,True,0.6567982239394972,,,medicalStudent,Male
9b6b1f05ec35c2514137c7c0a63e5b07d3439dec,non-expert,054b27f3cc4dbb040b3110c90d7f5fcfe2648c8c,1,2,without_ai,False,5075360,DEMO_5075360,BKL,OTHER_BENIGN,False,0.0,biopsy,True,0.6567982239394972,,,medicalStudent,Male
9b6b1f05ec35c2514137c7c0a63e5b07d3439dec,non-expert,054b27f3cc4dbb040b3110c90d7f5fcfe2648c8c,1,2,with_ai,True,5075360,DEMO_5075360,BKL,DF,False,0.0,biopsy,True,0.6567982239394972,,,medicalStudent,Male
9b6b1f05ec35c2514137c7c0a63e5b07d3439dec,non-expert,054b27f3cc4dbb040b3110c90d7f5fcfe2648c8c,1,3,without_ai,False,9049171,DEMO_9049171,NV,DF,False,0.0,biopsy,True,0.6567982239394972,,,medicalStudent,Male
9b6b1f05ec35c2514137c7c0a63e5b07d3439dec,non-expert,054b27f3cc4dbb040b3110c90d7f5fcfe2648c8c,1,3,with_ai,True,9049171,DEMO_9049171,NV,INF,False,0.0,dismiss,True,0.6567982239394972,,,medicalStudent,Male
9b6b1f05ec35c2514137c7c0a63e5b07d3439dec,non-expert,054b27f3cc4dbb040b3110c90d7f5fcfe2648c8c,1,4,without_ai,False,6692003,DEMO_6692003,NV,BCC,False,0.0,dismiss,True,0.6567982239394972,,,medicalStudent,Male
9b6b1f05ec35c2514137c7c0a63e5b07d3439dec,non-expert,054b27f3cc4dbb040b3110c90d7f5fcfe2648c8c,1,4,with_ai,True,6692003,DEMO_6692003,NV,AKIEC,False,0.0,dismiss,True,0.6567982239394972,,,medicalStudent,Male
9b6b1f05ec35c2514137c7c0a63e5b07d3439dec,non-expert,054b27f3cc4dbb040b3110c90d7f5fcfe2648c8c,1,5,without_ai,False,9101316,DEMO_9101316,VASC,OTHER_MALIGNANT,False,0.0,monitor,True,0.6567982239394972,,,medicalStudent,Male
9b6b1f05ec35c2514137c7c0a63e5b07d3439dec,non-expert,054b27f3cc4dbb040b3110c90d7f5fcfe2648c8c,1,5,with_ai,True,9101316,DEMO_9101316,VASC,VASC,True,1.0,monitor,True,0.6567982239394972,,,medicalStudent,Male
9b6b1f05ec35c2514137c7c0a63e5b07d3439dec,non-expert,054b27f3cc4dbb040b3110c90d7f5fcfe2648c8c,1,6,without_ai,False,6657347,DEMO_6657347,NV,MEL,False,0.0,monitor,True,0.6567982239394972,,,medicalStudent,Male
9b6b1f05ec35c2514137c7c0a63e5b07d3439dec,non-expert,054b27f3cc4dbb040b3110c90d7f5fcfe2648c8c,1,6,with_ai,True,6657347,DEMO_6657347,NV,NV,True,1.0,dismiss,True,0.6567982239394972,,,medicalStudent,Male
9b6b1f05ec35c2514137c7c0a63e5b07d3439dec,non-expert,054b27f3cc4dbb040b3110c90d7f5fcfe2648c8c,1,7,without_ai,False,6166713,DEMO_6166713,OTHER_BENIGN,OTHER_BENIGN,True,1.0,dismiss,True,0.6567982239394972,,,medicalStudent,Male
9b6b1f05ec35c2514137c7c0a63e5b07d3439dec,non-expert,054b27f3cc4dbb040b3110c90d7f5fcfe2648c8c,1,7,with_ai,True,6166713,DEMO_6166713,OTHER_BENIGN,INF,False,0.0,monitor,True,0.6567982239394972,,,medicalStudent,Male
9b6b1f05ec35c2514137c7c0a63e5b07d3439dec,non-expert,054b27f3cc4dbb040b3110c90d7f5fcfe2648c8c,1,8,without_ai,False,3322622,DEMO_3322622,NV,NV,True,1.0,dismiss,True,0.6567982239394972,,,medicalStudent,Male
9b6b1f05ec35c2514137c7c0a63e5b07d3439dec,non-expert,054b27f3cc4dbb040b3110c90d7f5fcfe2648c8c,1,8,with_ai,True,3322622,DEMO_3322622,NV,NV,True,1.0,dismiss,True,0.6567982239394972,,,medicalStudent,Male
9b6b1f05ec35c2514137c7c0a63e5b07d3439dec,non-expert,054b27f3cc4dbb040b3110c90d7f5fcfe2648c8c,1,9,without_ai,False,3842179,DEMO_3842179,MEL,MEL,True,1.0,local_therapy,True,0.6567982239394972,,,medicalStudent,Male
9b6b1f05ec35c2514137c7c0a63e5b07d3439dec,non-expert,054b27f3cc4dbb040b3110c90d7f5fcfe2648c8c,1,9,with_ai,True,3842179,DEMO_3842179,MEL,MEL,True,1.0,biopsy,True,0.6567982239394972,,,medicalStudent,Male
9b6b1f05ec35c2514137c7c0a63e5b07d3439dec,non-expert,054b27f3cc4dbb040b3110c90d7f5fcfe2648c8c,1,10,without_ai,False,308069,DEMO_0308069,BCC,VASC,False,0.0,biopsy,True,0.6567982239394972,,,medicalStudent,Male
9b6b1f05ec35c2514137c7c0a63e5b07d3439dec,non-expert,054b27f3cc4dbb040b3110c90d7f5fcfe2648c8c,1,10,with_ai,True,308069,DEMO_0308069,BCC,BCC,True,1.0,monitor,True,0.6567982239394972,,,medicalStudent,Male
9b6b1f05ec35c2514137c7c0a63e5b07d3439dec,non-expert,054b27f3cc4dbb040b3110c90d7f5fcfe2648c8c,1,11,without_ai,False,9714774,DEMO_9714774,BCC,OTHER_BENIGN,False,0.0,local_therapy,True,0.6567982239394972,,,medicalStudent,Male
9b6b1f05ec35c2514137c7c0a63e5b07d3439dec,non-expert,054b27f3cc4dbb040b3110c90d7f5fcfe2648c8c,1,11,with_ai,True,9714774,DEMO_9714774,BCC,OTHER_MALIGNANT,False,0.0,monitor,True,0.6567982239394972,,,medicalStudent,Male
9b6b1f05ec35c2514137c7c0a63e5b07d3439dec,non-expert,054b27f3cc4dbb040b3110c90d7f5fcfe2648c8c,1,12,without_ai,False,7690363,DEMO_7690363,BCC,AKIEC,False,0.0,local_therapy,True,0.6567982239394972,,,medicalStudent,Male
9b6b1f05ec35c2514137c7c0a63e5b07d3439dec,non-expert,054b27f3cc4dbb040b3110c90d7f5fcfe2648c8c,1,12,with_ai,True,7690363,DEMO_7690363,BCC,BCC,True,1.0,local_therapy,True,0.6567982239394972,,,medicalStudent,Male
9b6b1f05ec35c2514137c7c0a63e5b07d3439dec,non-expert,054b27f3cc4dbb040b3110c90d7f5fcfe2648c8c,1,13,without_ai,False,9106950,DEMO_9106950,MEL,MEL,True,1.0,biopsy,True,0.6567982239394972,,,medicalStudent,Male
9b6b1f05ec35c2514137c7c0a63e5b07d3439dec,non-expert,054b27f3cc4dbb040b3110c90d7f5fcfe2648c8c,1,13,with_ai,True,9106950,DEMO_9106950,MEL,INF,False,0.0,biopsy,True,0.6567982239394972,,,medicalStudent,Male
9b6b1f05ec35c2514137c7c0a63e5b07d3439dec,non-expert,054b27f3cc4dbb040b3110c90d7f5fcfe2648c8c,1,14,without_ai,False,1090262,DEMO_1090262,VASC,NV,False,0.0,monitor,True,0.6567982239394972,,,medicalStudent,Male
9b6b1f05ec35c2514137c7c0a63e5b07d3439dec,non-expert,054b27f3cc4dbb040b3110c90d7f5fcfe2648c8c,1,14,with_ai,True,1090262,DEMO_1090262,VASC,VASC,True,1.0,dismiss,True,0.6567982239394972,,,medicalStudent,Male
9b6b1f05ec35c2514137c7c0a63e5b07d3439dec,non-expert,054b27f3cc4dbb040b3110c90d7f5fcfe2648c8c,1,15,without_ai,False,2746616,DEMO_2746616,SCCKA,SCCKA,True,1.0,local_therapy,True,0.6567982239394972,,,medicalStudent,Male
9b6b1f05ec35c2514137c7c0a63e5b07d3439dec,non-expert,054b27f3cc4dbb040b3110c90d7f5fcfe2648c8c,1,15,with_ai,True,2746616,DEMO_2746616,SCCKA,SCCKA,True,1.0,biopsy,True,0.6567982239394972,,,medicalStudent,Male
9b6b1f05ec35c2514137c7c0a63e5b07d3439dec,non-expert,852154c1ba8f93e3beabb131477e95ec8d87834a,2,1,without_ai,False,7728610,DEMO_7728610,BCC,DF,False,0.0,biopsy,True,0.6567982239394972,,,medicalStudent,Male
9b6b1f05ec35c2514137c7c0a63e5b07d3439dec,non-expert,852154c1ba8f93e3beabb131477e95ec8d87834a,2,1,with_ai,True,7728610,DEMO_7728610,BCC,BCC,True,1.0,local_therapy,True,0.6567982239394972,,,medicalStudent,Male
9b6b1f05ec35c2514137c7c0a63e5b07d3439dec,non-expert,852154c1ba8f93e3beabb131477e95ec8d87834a,2,2,without_ai,False,9418054,DEMO_9418054,MEL,MEL,True,1.0,biopsy,True,0.6567982239394972,,,medicalStudent,Male
9b6b1f05ec35c2514137c7c0a63e5b07d3439dec,non-expert,852154c1ba8f93e3beabb131477e95ec8d87834a,2,2,with_ai,True,9418054,DEMO_9418054,MEL,MEL,True,1.0,biopsy,True,0.6567982239394972,,,medicalStudent,Male
9b6b1f05ec35c2514137c7c0a63e5b07d3439dec,non-expert,852154c1ba8f93e3beabb131477e95ec8d87834a,2,3,without_ai,False,4788015,DEMO_4788015,OTHER_BENIGN,SCCKA,False,0.0,biopsy,True,0.6567982239394972,,,medicalStudent,Male
9b6b1f05ec35c2514137c7c0a63e5b07d3439dec,non-expert,852154c1ba8f93e3beabb131477e95ec8d87834a,2,3,with_ai,True,4788015,DEMO_4788015,OTHER_BENIGN,OTHER_BENIGN,True,1.0,dismiss,True,0.6567982239394972,,,medicalStudent,Male
9b6b1f05ec35c2514137c7c0a63e5b07d3439dec,non-expert,852154c1ba8f93e3beabb131477e95ec8d87834a,2,4,without_ai,False,8941456,DEMO_8941456,SCCKA,SCCKA,True,1.0,local_therapy,True,0.6567982239394972,,,medicalStudent,Male
9b6b1f05ec35c2514137c7c0a63e5b07d3439dec,non-expert,852154c1ba8f93e3beabb131477e95ec8d87834a,2,4,with_ai,True,8941456,DEMO_8941456,SCCKA,SCCKA,True,1.0,local_therapy,True,0.6567982239394972,,,medicalStudent,Male
9b6b1f05ec35c2514137c7c0a63e5b07d3439dec,non-expert,852154c1ba8f93e3beabb131477e95ec8d87834a,2,5,without_ai,False,7572677,DEMO_7572677,VASC,VASC,True,1.0,dismiss,True,0.6567982239394972,,,medicalStudent,Male
9b6b1f05ec35c2514137c7c0a63e5b07d3439dec,non-expert,852154c1ba8f93e3beabb131477e95ec8d87834a,2,5,with_ai,True,7572677,DEMO_7572677,VASC,VASC,True,1.0,dismiss,True,0.6567982239394972,,,medicalStudent,Male
9b6b1f05ec35c2514137c7c0a63e5b07d3439dec,non-expert,852154c1ba8f93e3beabb131477e95ec8d87834a,2,6,without_ai,False,7159224,DEMO_7159224,AKIEC,AKIEC,True,1.0,biopsy,True,0.6567982239394972,,,medicalStudent,Male
9b6b1f05ec35c2514137c7c0a63e5b07d3439dec,non-expert,852154c1ba8f93e3beabb131477e95ec8d87834a,2,6,with_ai,True,7159224,DEMO_7159224,AKIEC,SCCKA,False,0.0,dismiss,True,0.6567982239394972,,,medicalStudent,Male
9b6b1f05ec35c2514137c7c0a63e5b07d3439dec,non-expert,852154c1ba8f93e3beabb131477e95ec8d87834a,2,7,without_ai,False,2804601,DEMO_2804601,MEL,MEL,True,1.0,biopsy,True,0.6567982239394972,,,medicalStudent,Male
9b6b1f05ec35c2514137c7c0a63e5b07d3439dec,non-expert,852154c1ba8f93e3beabb131477e95ec8d87834a,2,7,with_ai,True,2804601,DEMO_2804601,MEL,MEL,True,1.0,local_therapy,True,0.6567982239394972,,,medicalStudent,Male
9b6b1f05ec35c2514137c7c0a63e5b07d3439dec,non-expert,852154c1ba8f93e3beabb131477e95ec8d87834a,2,8,without_ai,False,4012944,DEMO_4012944,MEL,MEL,True,1.0,biopsy,True,0.6567982239394972,,,medicalStudent,Male
9b6b1f05ec35c2514137c7c0a63e5b07d3439dec,non-expert,852154c1ba8f93e3beabb131477e95ec8d87834a,2,8,with_ai,True,4012944,DEMO_4012944,MEL,MEL,True,1.0,biopsy,True,0.6567982239394972,,,medicalStudent,Male
9b6b1f05ec35c2514137c7c0a63e5b07d3439dec,non-expert,852154c1ba8f93e3beabb131477e95ec8d87834a,2,9,without_ai,False,3836690,DEMO_3836690,BCC,BCC,True,1.0,local_therapy,True,0.6567982239394972,,,medicalStudent,Male
9b6b1f05ec35c2514137c7c0a63e5b07d3439dec,non-expert,852154c1ba8f93e3beabb131477e95ec8d87834a,2,9,with_ai,True,3836690,DEMO_3836690,BCC,BCC,True,1.0,biopsy,True,0.6567982239394972,,,medicalStudent,Male
9b6b1f05ec35c2514137c7c0a63e5b07d3439dec,non-expert,852154c1ba8f93e3beabb131477e95ec8d87834a,2,10,without_ai,False,8430756,DEMO_8430756,BCC,BCC,True,1.0,biopsy,True,0.6567982239394972,,,medicalStudent,Male
9b6b1f05ec35c2514137c7c0a63e5b07d3439dec,non-expert,852154c1ba8f93e3beabb131477e95ec8d87834a,2,10,with_ai,True,8430756,DEMO_8430756,BCC,BCC,True,1.0,biopsy,True,0.6567982239394972,,,medicalStudent,Male
9b6b1f05ec35c2514137c7c0a63e5b07d3439dec,non-expert,852154c1ba8f93e3beabb131477e95ec8d87834a,2,11,without_ai,False,3940086,DEMO_3940086,VASC,VASC,True,1.0,monitor,True,0.6567982239394972,,,medicalStudent,Male
9b6b1f05ec35c2514137c7c0a63e5b07d3439dec,non-expert,852154c1ba8f93e3beabb131477e95ec8d87834a,2,11,with_ai,True,3940086,DEMO_3940086,VASC,VASC,True,1.0,dismiss,True,0.6567982239394972,,,medicalStudent,Male
9b6b1f05ec35c2514137c7c0a63e5b07d3439dec,non-expert,852154c1ba8f93e3beabb131477e95ec8d87834a,2,12,without_ai,False,5582164,DEMO_5582164,BKL,BKL,True,1.0,biopsy,True,0.6567982239394972,,,medicalStudent,Male
9b6b1f05ec35c2514137c7c0a63e5b07d3439dec,non-expert,852154c1ba8f93e3beabb131477e95ec8d87834a,2,12,with_ai,True,5582164,DEMO_5582164,BKL,MEL,False,0.0,local_therapy,True,0.6567982239394972,,,medicalStudent,Male
9b6b1f05ec35c2514137c7c0a63e5b07d3439dec,non-expert,852154c1ba8f93e3beabb131477e95ec8d87834a,2,13,without_ai,False,7757701,DEMO_7757701,SCCKA,SCCKA,True,1.0,local_therapy,True,0.6567982239394972,,,medicalStudent,Male
9b6b1f05ec35c2514137c7c0a63e5b07d3439dec,non-expert,852154c1ba8f93e3beabb131477e95ec8d87834a,2,13,with_ai,True,7757701,DEMO_7757701,SCCKA,VASC,False,0.0,monitor,True,0.6567982239394972,,,medicalStudent,Male
9b6b1f05ec35c2514137c7c0a63e5b07d3439dec,non-expert,852154c1ba8f93e3beabb131477e95ec8d87834a,2,14,without_ai,False,1266970,DEMO_1266970,NV,SCCKA,False,0.0,local_therapy,True,0.6567982239394972,,,medicalStudent,Male
9b6b1f05ec35c2514137c7c0a63e5b07d3439dec,non-expert,852154c1ba8f93e3beabb131477e95ec8d87834a,2,14,with_ai,True,1266970,DEMO_1266970,NV,NV,True,1.0,dismiss,True,0.6567982239394972,,,medicalStudent,Male
9b6b1f05ec35c2514137c7c0a63e5b07d3439dec,non-expert,852154c1ba8f93e3beabb131477e95ec8d87834a,2,15,without_ai,False,247391,DEMO_0247391,NV,NV,True,1.0,monitor,True,0.6567982239394972,,,medicalStudent,Male
9b6b1f05ec35c2514137c7c0a63e5b07d3439dec,non-expert,852154c1ba8f93e3beabb131477e95ec8d87834a,2,15,with_ai,True,247391,DEMO_0247391,NV,NV,True,1.0,monitor,True,0.6567982239394972,,,medicalStudent,Male
9b6b1f05ec35c2514137c7c0a63e5b07d3439dec,non-expert,bd370512cf3639dd75070521812b2deaffcd9f2b,3,1,without_ai,False,9301270,DEMO_9301270,BCC,BCC,True,1.0,local_therapy,True,0.6567982239394972,,,medicalStudent,Male
9b6b1f05ec35c2514137c7c0a63e5b07d3439dec,non-expert,bd370512cf3639dd75070521812b2deaffcd9f2b,3,1,with_ai,True,9301270,DEMO_9301270,BCC,BCC,True,1.0,dismiss,True,0.6567982239394972,,,medicalStudent,Male
9b6b1f05ec35c2514137c7c0a63e5b07d3439dec,non-expert,bd370512cf3639dd75070521812b2deaffcd9f2b,3,2,without_ai,False,2831752,DEMO_2831752,VASC,MEL,False,0.0,biopsy,True,0.6567982239394972,,,medicalStudent,Male
9b6b1f05ec35c2514137c7c0a63e5b07d3439dec,non-expert,bd370512cf3639dd75070521812b2deaffcd9f2b,3,2,with_ai,True,2831752,DEMO_2831752,VASC,VASC,True,1.0,monitor,True,0.6567982239394972,,,medicalStudent,Male
9b6b1f05ec35c2514137c7c0a63e5b07d3439dec,non-expert,bd370512cf3639dd75070521812b2deaffcd9f2b,3,3,without_ai,False,1552855,DEMO_1552855,AKIEC,AKIEC,True,1.0,biopsy,True,0.6567982239394972,,,medicalStudent,Male
9b6b1f05ec35c2514137c7c0a63e5b07d3439dec,non-expert,bd370512cf3639dd75070521812b2deaffcd9f2b,3,3,with_ai,True,1552855,DEMO_1552855,AKIEC,AKIEC,True,1.0,local_therapy,True,0.6567982239394972,,,medicalStudent,Male
9b6b1f05ec35c2514137c7c0a63e5b07d3439dec,non-expert,bd370512cf3639dd75070521812b2deaffcd9f2b,3,4,without_ai,False,856853,DEMO_0856853,MEL,OTHER_BENIGN,False,0.0,local_therapy,True,0.6567982239394972,,,medicalStudent,Male
9b6b1f05ec35c2514137c7c0a63e5b07d3439dec,non-expert,bd370512cf3639dd75070521812b2deaffcd9f2b,3,4,with_ai,True,856853,DEMO_0856853,MEL,MEL,True,1.0,local_therapy,True,0.6567982239394972,,,medicalStudent,Male
9b6b1f05ec35c2514137c7c0a63e5b07d3439dec,non-expert,bd370512cf3639dd75070521812b2deaffcd9f2b,3,5,without_ai,False,117054,DEMO_0117054,BCC,BCC,True,1.0,biopsy,True,0.6567982239394972,,,medicalStudent,Male
9b6b1f05ec35c2514137c7c0a63e5b07d3439dec,non-expert,bd370512cf3639dd75070521812b2deaffcd9f2b,3,5,with_ai,True,117054,DEMO_0117054,BCC,BKL,False,0.0,biopsy,True,0.6567982239394972,,,medicalStudent,Male
9b6b1f05ec35c2514137c7c0a63e5b07d3439dec,non-expert,bd370512cf3639dd75070521812b2deaffcd9f2b,3,6,without_ai,False,9006364,DEMO_9006364,DF,OTHER_BENIGN,False,0.0,monitor,True,0.6567982239394972,,,medicalStudent,Male
9b6b1f05ec35c2514137c7c0a63e5b07d3439dec,non-expert,bd370512cf3639dd75070521812b2deaffcd9f2b,3,6,with_ai,True,9006364,DEMO_9006364,DF,MEL,False,0.0,dismiss,True,0.6567982239394972,,,medicalStudent,Male
9b6b1f05ec35c2514137c7c0a63e5b07d3439dec,non-expert,bd370512cf3639dd75070521812b2deaffcd9f2b,3,7,without_ai,False,6694549,DEMO_6694549,SCCKA,SCCKA,True,1.0,biopsy,True,0.6567982239394972,,,medicalStudent,Male
9b6b1f05ec35c2514137c7c0a63e5b07d3439dec,non-expert,bd370512cf3639dd75070521812b2deaffcd9f2b,3,7,with_ai,True,6694549,DEMO_6694549,SCCKA,SCCKA,True,1.0,biopsy,True,0.6567982239394972,,,medicalStudent,Male
9b6b1f05ec35c2514137c7c0a63e5b07d3439dec,non-expert,bd370512cf3639dd75070521812b2deaffcd9f2b,3,8,without_ai,False,4186284,DEMO_4186284,BCC,OTHER_MALIGNANT,False,0.0,biopsy,True,0.6567982239394972,,,medicalStudent,Male
9b6b1f05ec35c2514137c7c0a63e5b07d3439dec,non-expert,bd370512cf3639dd75070521812b2deaffcd9f2b,3,8,with_ai,True,4186284,DEMO_4186284,BCC,BCC,True,1.0,biopsy,True,0.6567982239394972,,,medicalStudent,Male
9b6b1f05ec35c2514137c7c0a63e5b07d3439dec,non-expert,bd370512cf3639dd75070521812b2deaffcd9f2b,3,9,without_ai,False,6028489,DEMO_6028489,VASC,OTHER_MALIGNANT,False,0.0,monitor,True,0.6567982239394972,,,medicalStudent,Male
9b6b1f05ec35c2514137c7c0a63e5b07d3439dec,non-expert,bd370512cf3639dd75070521812b2deaffcd9f2b,3,9,with_ai,True,6028489,DEMO_6028489,VASC,VASC,True,1.0,dismiss,True,0.6567982239394972,,,medicalStudent,Male
9b6b1f05ec35c2514137c7c0a63e5b07d3439dec,non-expert,bd370512cf3639dd75070521812b2deaffcd9f2b,3,10,without_ai,False,6989627,DEMO_6989627,NV,MEL,False,0.0,monitor,True,0.6567982239394972,,,medicalStudent,Male
9b6b1f05ec35c2514137c7c0a63e5b07d3439dec,non-expert,bd370512cf3639dd75070521812b2deaffcd9f2b,3,10,with_ai,True,6989627,DEMO_6989627,NV,NV,True,1.0,dismiss,True,0.6567982239394972,,,medicalStudent,Male
9b6b1f05ec35c2514137c7c0a63e5b07d3439dec,non-expert,bd370512cf3639dd75070521812b2deaffcd9f2b,3,11,without_ai,False,9847226,DEMO_9847226,MEL,SCCKA,False,0.0,monitor,True,0.6567982239394972,,,medicalStudent,Male
9b6b1f05ec35c2514137c7c0a63e5b07d3439dec,non-expert,bd370512cf3639dd75070521812b2deaffcd9f2b,3,11,with_ai,True,9847226,DEMO_9847226,MEL,MEL,True,1.0,biopsy,True,0.6567982239394972,,,medicalStudent,Male
9b6b1f05ec35c2514137c7c0a63e5b07d3439dec,non-expert,bd370512cf3639dd75070521812b2deaffcd9f2b,3,12,without_ai,False,3703902,DEMO_3703902,MEL,OTHER_BENIGN,False,0.0,monitor,True,0.6567982239394972,,,medicalStudent,Male
9b6b1f05ec35c2514137c7c0a63e5b07d3439dec,non-expert,bd370512cf3639dd75070521812b2deaffcd9f2b,3,12,with_ai,True,3703902,DEMO_3703902,MEL,MEL,True,1.0,local_therapy,True,0.6567982239394972,,,medicalStudent,Male
9b6b1f05ec35c2514137c7c0a63e5b07d3439dec,non-expert,bd370512cf3639dd75070521812b2deaffcd9f2b,3,13,without_ai,False,1897615,DEMO_1897615,DF,DF,True,1.0,biopsy,True,0.6567982239394972,,,medicalStudent,Male
9b6b1f05ec35c2514137c7c0a63e5b07d3439dec,non-expert,bd370512cf3639dd75070521812b2deaffcd9f2b,3,13,with_ai,True,1897615,DEMO_1897615,DF,BCC,False,0.0,monitor,True,0.6567982239394972,,,medicalStudent,Male
9b6b1f05ec35c2514137c7c0a63e5b07d3439dec,non-expert,bd370512cf3639dd75070521812b2deaffcd9f2b,3,14,without_ai,False,8646925,DEMO_8646925,DF,DF,True,1.0,biopsy,True,0.6567982239394972,,,medicalStudent,Male
9b6b1f05ec35c2514137c7c0a63e5b07d3439dec,non-expert,bd370512cf3639dd75070521812b2deaffcd9f2b,3,14,with_ai,True,8646925,DEMO_8646925,DF,DF,True,1.0,biopsy,True,0.6567982239394972,,,medicalStudent,Male
9b6b1f05ec35c2514137c7c0a63e5b07d3439dec,non-expert,bd370512cf3639dd75070521812b2deaffcd9f2b,3,15,without_ai,False,7539298,DEMO_7539298,MEL,BCC,False,0.0,biopsy,True,0.6567982239394972,,,medicalStudent,Male
9b6b1f05ec35c2514137c7c0a63e5b07d3439dec,non-expert,bd370512cf3639dd75070521812b2deaffcd9f2b,3,15,with_ai,True,7539298,DEMO_7539298,MEL,MEL,True,1.0,local_therapy,True,0.6567982239394972,,,medicalStudent,Male
70dd748ef9b1d3dc9dcbf70b4a7009cb7f5b1edb,non-expert,55f267a9e83d18e60abc2d77c0fc7bed9e02eb5c,1,1,without_ai,False,1468011,DEMO_1468011,NV,OTHER_MALIGNANT,False,0.0,dismiss,True,0.3685695509862343,41-50,,dermatologyResident,Female
70dd748ef9b1d3dc9dcbf70b4a7009cb7f5b1edb,non-expert,55f267a9e83d18e60abc2d77c0fc7bed9e02eb5c,1,1,with_ai,True,1468011,DEMO_1468011,NV,DF,False,0.0,dismiss,True,0.3685695509862343,41-50,,dermatologyResident,Female
70dd748ef9b1d3dc9dcbf70b4a7009cb7f5b1edb,non-expert,55f267a9e83d18e60abc2d77c0fc7bed9e02eb5c,1,2,without_ai,False,2959561,DEMO_2959561,MEL,AKIEC,False,0.0,local_therapy,True,0.3685695509862343,41-50,,dermatologyResident,Female
70dd748ef9b1d3dc9dcbf70b4a7009cb7f5b1edb,non-expert,55f267a9e83d18e60abc2d77c0fc7bed9e02eb5c,1,2,with_ai,True,2959561,DEMO_2959561,MEL,VASC,False,0.0,biopsy,True,0.3685695509862343,41-50,,dermatologyResident,Female
70dd748ef9b1d3dc9dcbf70b4a7009cb7f5b1edb,non-expert,55f267a9e83d18e60abc2d77c0fc7bed9e02eb5c,1,3,without_ai,False,7485497,DEMO_7485497,MEL,BKL,False,0.0,monitor,True,0.3685695509862343,41-50,,dermatologyResident,Female
70dd748ef9b1d3dc9dcbf70b4a7009cb7f5b1edb,non-expert,55f267a9e83d18e60abc2d77c0fc7bed9e02eb5c,1,3,with_ai,True,7485497,DEMO_7485497,MEL,MEL,True,1.0,biopsy,True,0.3685695509862343,41-50,,dermatologyResident,Female
70dd748ef9b1d3dc9dcbf70b4a7009cb7f5b1edb,non-expert,55f267a9e83d18e60abc2d77c0fc7bed9e02eb5c,1,4,without_ai,False,2121740,DEMO_2121740,BKL,SCCKA,False,0.0,biopsy,True,0.3685695509862343,41-50,,dermatologyResident,Female
70dd748ef9b1d3dc9dcbf70b4a7009cb7f5b1edb,non-expert,55f267a9e83d18e60abc2d77c0fc7bed9e02eb5c,1,4,with_ai,True,2121740,DEMO_2121740,BKL,BKL,True,1.0,monitor,True,0.3685695509862343,41-50,,dermatologyResident,Female
70dd748ef9b1d3dc9dcbf70b4a7009cb7f5b1edb,non-expert,55f267a9e83d18e60abc2d77c0fc7bed9e02eb5c,1,5,without_ai,False,1280211,DEMO_1280211,BCC,INF,False,0.0,biopsy,True,0.3685695509862343,41-50,,dermatologyResident,Female
70dd748ef9b1d3dc9dcbf70b4a7009cb7f5b1edb,non-expert,55f267a9e83d18e60abc2d77c0fc7bed9e02eb5c,1,5,with_ai,True,1280211,DEMO_1280211,BCC,BCC,True,1.0,biopsy,True,0.3685695509862343,41-50,,dermatologyResident,Female
70dd748ef9b1d3dc9dcbf70b4a7009cb7f5b1edb,non-expert,55f267a9e83d18e60abc2d77c0fc7bed9e02eb5c,1,6,without_ai,False,4664101,DEMO_4664101,NV,OTHER_MALIGNANT,False,0.0,monitor,True,0.3685695509862343,41-50,,dermatologyResident,Female
70dd748ef9b1d3dc9dcbf70b4a7009cb7f5b1edb,non-expert,55f267a9e83d18e60abc2d77c0fc7bed9e02eb5c,1,6,with_ai,True,4664101,DEMO_4664101,NV,NV,True,1.0,dismiss,True,0.3685695509862343,41-50,,dermatologyResident,Female
70dd748ef9b1d3dc9dcbf70b4a7009cb7f5b1edb,non-expert,55f267a9e83d18e60abc2d77c0fc7bed9e02eb5c,1,7,without_ai,False,603164,DEMO_0603164,INF,INF,True,1.0,dismiss,True,0.3685695509862343,41-50,,dermatologyResident,Female
70dd748ef9b1d3dc9dcbf70b4a7009cb7f5b1edb,non-expert,55f267a9e83d18e60abc2d77c0fc7bed9e02eb5c,1,7,with_ai,True,603164,DEMO_0603164,INF,OTHER_BENIGN,False,0.0,dismiss,True,0.3685695509862343,41-50,,dermatologyResident,Female
70dd748ef9b1d3dc9dcbf70b4a7009cb7f5b1edb,non-expert,55f267a9e83d18e60abc2d77c0fc7bed9e02eb5c,1,8,without_ai,False,2530405,DEMO_2530405,BKL,INF,False,0.0,dismiss,True,0.3685695509862343,41-50,,dermatologyResident,Female
70dd748ef9b1d3dc9dcbf70b4a7009cb7f5b1edb,non-expert,55f267a9e83d18e60abc2d77c0fc7bed9e02eb5c,1,8,with_ai,True,2530405,DEMO_2530405,BKL,DF,False,0.0,dismiss,True,0.3685695509862343,41-50,,dermatologyResident,Female
70dd748ef9b1d3dc9dcbf70b4a7009cb7f5b1edb,non-expert,55f267a9e83d18e60abc2d77c0fc7bed9e02eb5c,1,9,without_ai,False,8141668,DEMO_8141668,BKL,BKL,True,1.0,dismiss,True,0.3685695509862343,41-50,,dermatologyResident,Female
70dd748ef9b1d3dc9dcbf70b4a7009cb7f5b1edb,non-expert,55f267a9e83d18e60abc2d77c0fc7bed9e02eb5c,1,9,with_ai,True,8141668,DEMO_8141668,BKL,BKL,True,1.0,monitor,True,0.3685695509862343,41-50,,dermatologyResident,Female
70dd748ef9b1d3dc9dcbf70b4a7009cb7f5b1edb,non-expert,55f267a9e83d18e60abc2d77c0fc7bed9e02eb5c,1,10,without_ai,False,1189770,DEMO_1189770,NV,AKIEC,False,0.0,dismiss,True,0.3685695509862343,41-50,,dermatologyResident,Female
70dd748ef9b1d3dc9dcbf70b4a7009cb7f5b1edb,non-expert,55f267a9e83d18e60abc2d77c0fc7bed9e02eb5c,1,10,with_ai,True,1189770,DEMO_1189770,NV,OTHER_BENIGN,False,0.0,dismiss,True,0.3685695509862343,41-50,,dermatologyResident,Female
70dd748ef9b1d3dc9dcbf70b4a7009cb7f5b1edb,non-expert,55f267a9e83d18e60abc2d77c0fc7bed9e02eb5c,1,11,without_ai,False,8072835,DEMO_8072835,NV,NV,True,1.0,dismiss,True,0.3685695509862343,41-50,,dermatologyResident,Female
70dd748ef9b1d3dc9dcbf70b4a7009cb7f5b1edb,non-expert,55f267a9e83d18e60abc2d77c0fc7bed9e02eb5c,1,11,with_ai,True,8072835,DEMO_8072835,NV,NV,True,1.0,dismiss,True,0.3685695509862343,41-50,,dermatologyResident,Female
70dd748ef9b1d3dc9dcbf70b4a7009cb7f5b1edb,non-expert,55f267a9e83d18e60abc2d77c0fc7bed9e02eb5c,1,12,without_ai,False,8151391,DEMO_8151391,DF,VASC,False,0.0,biopsy,True,0.3685695509862343,41-50,,dermatologyResident,Female
70dd748ef9b1d3dc9dcbf70b4a7009cb7f5b1edb,non-expert,55f267a9e83d18e60abc2d77c0fc7bed9e02eb5c,1,12,with_ai,True,8151391,DEMO_8151391,DF,OTHER_MALIGNANT,False,0.0,monitor,True,0.3685695509862343,41-50,,dermatologyResident,Female
70dd748ef9b1d3dc9dcbf70b4a7009cb7f5b1edb,non-expert,55f267a9e83d18e60abc2d77c0fc7bed9e02eb5c,1,13,without_ai,False,6321670,DEMO_6321670,AKIEC,VASC,False,0.0,local_therapy,True,0.3685695509862343,41-50,,dermatologyResident,Female
70dd748ef9b1d3dc9dcbf70b4a7009cb7f5b1edb,non-expert,55f267a9e83d18e60abc2d77c0fc7bed9e02eb5c,1,13,with_ai,True,6321670,DEMO_6321670,AKIEC,AKIEC,True,1.0,biopsy,True,0.3685695509862343,41-50,,dermatologyResident,Female
70dd748ef9b1d3dc9dcbf70b4a7009cb7f5b1edb,non-expert,55f267a9e83d18e60abc2d77c0fc7bed9e02eb5c,1,14,without_ai,False,7649813,DEMO_7649813,BKL,BKL,True,1.0,monitor,True,0.3685695509862343,41-50,,dermatologyResident,Female
70dd748ef9b1d3dc9dcbf70b4a7009cb7f5b1edb,non-expert,55f267a9e83d18e60abc2d77c0fc7bed9e02eb5c,1,14,with_ai,True,7649813,DEMO_7649813,BKL,BKL,True,1.0,monitor,True,0.3685695509862343,41-50,,dermatologyResident,Female
70dd748ef9b1d3dc9dcbf70b4a7009cb7f5b1edb,non-expert,55f267a9e83d18e60abc2d77c0fc7bed9e02eb5c,1,15,without_ai,False,8569235,DEMO_8569235,MEL,MEL,True,1.0,monitor,True,0.3685695509862343,41-50,,dermatologyResident,Female
70dd748ef9b1d3dc9dcbf70b4a7009cb7f5b1edb,non-expert,55f267a9e83d18e60abc2d77c0fc7bed9e02eb5c,1,15,with_ai,True,8569235,DEMO_8569235,MEL,MEL,True,1.0,dismiss,True,0.3685695509862343,41-50,,dermatologyResident,Female
bc52173b3228c3d6a2e0f1663ec34c6c7445a469,non-expert,6f9832cc33d8e3541938afdb4666734897f6023c,2,1,without_ai,False,1357084,DEMO_1357084,MEL,MEL,True,1.0,local_therapy,True,0.5708926310708242,,,dermatologyResident,Male
bc52173b3228c3d6a2e0f1663ec34c6c7445a469,non-expert,6f9832cc33d8e3541938afdb4666734897f6023c,2,1,with_ai,True,1357084,DEMO_1357084,MEL,MEL,True,1.0,biopsy,True,0.5708926310708242,,,dermatologyResident,Male
bc52173b3228c3d6a2e0f1663ec34c6c7445a469,non-expert,6f9832cc33d8e3541938afdb4666734897f6023c,2,2,without_ai,False,5658244,DEMO_5658244,SCCKA,NV,False,0.0,biopsy,True,0.5708926310708242,,,dermatologyResident,Male
bc52173b3228c3d6a2e0f1663ec34c6c7445a469,non-expert,6f9832cc33d8e3541938afdb4666734897f6023c,2,2,with_ai,True,5658244,DEMO_5658244,SCCKA,SCCKA,True,1.0,local_therapy,True,0.5708926310708242,,,dermatologyResident,Male
bc52173b3228c3d6a2e0f1663ec34c6c7445a469,non-expert,6f9832cc33d8e3541938afdb4666734897f6023c,2,3,without_ai,False,6185724,DEMO_6185724,MEL,DF,False,0.0,biopsy,True,0.5708926310708242,,,dermatologyResident,Male
bc52173b3228c3d6a2e0f1663ec34c6c7445a469,non-expert,6f9832cc33d8e3541938afdb4666734897f6023c,2,3,with_ai,True,6185724,DEMO_6185724,MEL,MEL,True,1.0,biopsy,True,0.5708926310708242,,,dermatologyResident,Male
bc52173b3228c3d6a2e0f1663ec34c6c7445a469,non-expert,6f9832cc33d8e3541938afdb4666734897f6023c,2,4,without_ai,False,9204976,DEMO_9204976,MEL,BKL,False,0.0,local_therapy,True,0.5708926310708242,,,dermatologyResident,Male
bc52173b3228c3d6a2e0f1663ec34c6c7445a469,non-expert,6f9832cc33d8e3541938afdb4666734897f6023c,2,4,with_ai,True,9204976,DEMO_9204976,MEL,AKIEC,False,0.0,biopsy,True,0.5708926310708242,,,dermatologyResident,Male
bc52173b3228c3d6a2e0f1663ec34c6c7445a469,non-expert,6f9832cc33d8e3541938afdb4666734897f6023c,2,5,without_ai,False,4173790,DEMO_4173790,BCC,BCC,True,1.0,local_therapy,True,0.5708926310708242,,,dermatologyResident,Male
bc52173b3228c3d6a2e0f1663ec34c6c7445a469,non-expert,6f9832cc33d8e3541938afdb4666734897f6023c,2,5,with_ai,True,4173790,DEMO_4173790,BCC,BCC,True,1.0,monitor,True,0.5708926310708242,,,dermatologyResident,Male
bc52173b3228c3d6a2e0f1663ec34c6c7445a469,non-expert,6f9832cc33d8e3541938afdb4666734897f6023c,2,6,without_ai,False,9024293,DEMO_9024293,DF,OTHER_MALIGNANT,False,0.0,dismiss,True,0.5708926310708242,,,dermatologyResident,Male
bc52173b3228c3d6a2e0f1663ec34c6c7445a469,non-expert,6f9832cc33d8e3541938afdb4666734897f6023c,2,6,with_ai,True,9024293,DEMO_9024293,DF,OTHER_MALIGNANT,False,0.0,dismiss,True,0.5708926310708242,,,dermatologyResident,Male
bc52173b3228c3d6a2e0f1663ec34c6c7445a469,non-expert,6f9832cc33d8e3541938afdb4666734897f6023c,2,7,without_ai,False,9691184,DEMO_9691184,NV,NV,True,1.0,dismiss,True,0.5708926310708242,,,dermatologyResident,Male
bc52173b3228c3d6a2e0f1663ec34c6c7445a469,non-expert,6f9832cc33d8e3541938afdb4666734897f6023c,2,7,with_ai,True,9691184,DEMO_9691184,NV,NV,True,1.0,dismiss,True,0.5708926310708242,,,dermatologyResident,Male
bc52173b3228c3d6a2e0f1663ec34c6c7445a469,non-expert,6f9832cc33d8e3541938afdb4666734897f6023c,2,8,without_ai,False,3876650,DEMO_3876650,OTHER_BENIGN,OTHER_BENIGN,True,1.0,dismiss,True,0.5708926310708242,,,dermatologyResident,Male
bc52173b3228c3d6a2e0f1663ec34c6c7445a469,non-expert,6f9832cc33d8e3541938afdb4666734897f6023c,2,8,with_ai,True,3876650,DEMO_3876650,OTHER_BENIGN,OTHER_BENIGN,True,1.0,dismiss,True,0.5708926310708242,,,dermatologyResident,Male
bc52173b3228c3d6a2e0f1663ec34c6c7445a469,non-expert,6f9832cc33d8e3541938afdb4666734897f6023c,2,9,without_ai,False,3049935,DEMO_3049935,BCC,BCC,True,1.0,biopsy,True,0.5708926310708242,,,dermatologyResident,Male
bc52173b3228c3d6a2e0f1663ec34c6c7445a469,non-expert,6f9832cc33d8e3541938afdb4666734897f6023c,2,9,with_ai,True,3049935,DEMO_3049935,BCC,BCC,True,1.0,dismiss,True,0.5708926310708242,,,dermatologyResident,Male
bc52173b3228c3d6a2e0f1663ec34c6c7445a469,non-expert,6f9832cc33d8e3541938afdb4666734897f6023c,2,10,without_ai,False,6233266,DEMO_6233266,OTHER_BENIGN,OTHER_BENIGN,True,1.0,local_therapy,True,0.5708926310708242,,,dermatologyResident,Male
bc52173b3228c3d6a2e0f1663ec34c6c7445a469,non-expert,6f9832cc33d8e3541938afdb4666734897f6023c,2,10,with_ai,True,6233266,DEMO_6233266,OTHER_BENIGN,SCCKA,False,0.0,dismiss,True,0.5708926310708242,,,dermatologyResident,Male
bc52173b3228c3d6a2e0f1663ec34c6c7445a469,non-expert,6f9832cc33d8e3541938afdb4666734897f6023c,2,11,without_ai,False,6352605,DEMO_6352605,BKL,BKL,True,1.0,dismiss,True,0.5708926310708242,,,dermatologyResident,Male
bc52173b3228c3d6a2e0f1663ec34c6c7445a469,non-expert,6f9832cc33d8e3541938afdb4666734897f6023c,2,11,with_ai,True,6352605,DEMO_6352605,BKL,BCC,False,0.0,local_therapy,True,0.5708926310708242,,,dermatologyResident,Male
bc52173b3228c3d6a2e0f1663ec34c6c7445a469,non-expert,6f9832cc33d8e3541938afdb4666734897f6023c,2,12,without_ai,False,5517536,DEMO_5517536,BKL,SCCKA,False,0.0,biopsy,True,0.5708926310708242,,,dermatologyResident,Male
bc52173b3228c3d6a2e0f1663ec34c6c7445a469,non-expert,6f9832cc33d8e3541938afdb4666734897f6023c,2,12,with_ai,True,5517536,DEMO_5517536,BKL,AKIEC,False,0.0,dismiss,True,0.5708926310708242,,,dermatologyResident,Male
bc52173b3228c3d6a2e0f1663ec34c6c7445a469,non-expert,6f9832cc33d8e3541938afdb4666734897f6023c,2,13,without_ai,False,7508103,DEMO_7508103,NV,INF,False,0.0,dismiss,True,0.5708926310708242,,,dermatologyResident,Male
bc52173b3228c3d6a2e0f1663ec34c6c7445a469,non-expert,6f9832cc33d8e3541938afdb4666734897f6023c,2,13,with_ai,True,7508103,DEMO_7508103,NV,NV,True,1.0,monitor,True,0.5708926310708242,,,dermatologyResident,Male
bc52173b3228c3d6a2e0f1663ec34c6c7445a469,non-expert,6f9832cc33d8e3541938afdb4666734897f6023c,2,14,without_ai,False,1498252,DEMO_1498252,AKIEC,AKIEC,True,1.0,local_therapy,True,0.5708926310708242,,,dermatologyResident,Male
bc52173b3228c3d6a2e0f1663ec34c6c7445a469,non-expert,6f9832cc33d8e3541938afdb4666734897f6023c,2,14,with_ai,True,1498252,DEMO_1498252,AKIEC,INF,False,0.0,biopsy,True,0.5708926310708242,,,dermatologyResident,Male
bc52173b3228c3d6a2e0f1663ec34c6c7445a469,non-expert,6f9832cc33d8e3541938afdb4666734897f6023c,2,15,without_ai,False,3787624,DEMO_3787624,MEL,MEL,True,1.0,biopsy,True,0.5708926310708242,,,dermatologyResident,Male
bc52173b3228c3d6a2e0f1663ec34c6c7445a469,non-expert,6f9832cc33d8e3541938afdb4666734897f6023c,2,15,with_ai,True,3787624,DEMO_3787624,MEL,MEL,True,1.0,biopsy,True,0.5708926310708242,,,dermatologyResident,Male
bc52173b3228c3d6a2e0f1663ec34c6c7445a469,non-expert,b9a0b23f9ce2efb71f3555574b6fffcfa52c4b48,3,1,without_ai,False,3635429,DEMO_3635429,AKIEC,INF,False,0.0,biopsy,True,0.5708926310708242,,,dermatologyResident,Male
bc52173b3228c3d6a2e0f1663ec34c6c7445a469,non-expert,b9a0b23f9ce2efb71f3555574b6fffcfa52c4b48,3,1,with_ai,True,3635429,DEMO_3635429,AKIEC,AKIEC,True,1.0,local_therapy,True,0.5708926310708242,,,dermatologyResident,Male
bc52173b3228c3d6a2e0f1663ec34c6c7445a469,non-expert,b9a0b23f9ce2efb71f3555574b6fffcfa52c4b48,3,2,without_ai,False,2162195,DEMO_2162195,VASC,OTHER_MALIGNANT,False,0.0,local_therapy,True,0.5708926310708242,,,dermatologyResident,Male
bc52173b3228c3d6a2e0f1663ec34c6c7445a469,non-expert,b9a0b23f9ce2efb71f3555574b6fffcfa52c4b48,3,2,with_ai,True,2162195,DEMO_2162195,VASC,VASC,True,1.0,dismiss,True,0.5708926310708242,,,dermatologyResident,Male
bc52173b3228c3d6a2e0f1663ec34c6c7445a469,non-expert,b9a0b23f9ce2efb71f3555574b6fffcfa52c4b48,3,3,without_ai,False,5262348,DEMO_5262348,MEL,SCCKA,False,0.0,biopsy,True,0.5708926310708242,,,dermatologyResident,Male
bc52173b3228c3d6a2e0f1663ec34c6c7445a469,non-expert,b9a0b23f9ce2efb71f3555574b6fffcfa52c4b48,3,3,with_ai,True,5262348,DEMO_5262348,MEL,MEL,True,1.0,biopsy,True,0.5708926310708242,,,dermatologyResident,Male
bc52173b3228c3d6a2e0f1663ec34c6c7445a469,non-expert,b9a0b23f9ce2efb71f3555574b6fffcfa52c4b48,3,4,without_ai,False,4324391,DEMO_4324391,DF,BKL,False,0.0,monitor,True,0.5708926310708242,,,dermatologyResident,Male
bc52173b3228c3d6a2e0f1663ec34c6c7445a469,non-expert,b9a0b23f9ce2efb71f3555574b6fffcfa52c4b48,3,4,with_ai,True,4324391,DEMO_4324391,DF,DF,True,1.0,monitor,True,0.5708926310708242,,,dermatologyResident,Male
bc52173b3228c3d6a2e0f1663ec34c6c7445a469,non-expert,b9a0b23f9ce2efb71f3555574b6fffcfa52c4b48,3,5,without_ai,False,3227879,DEMO_3227879,NV,NV,True,1.0,monitor,True,0.5708926310708242,,,dermatologyResident,Male
bc52173b3228c3d6a2e0f1663ec34c6c7445a469,non-expert,b9a0b23f9ce2efb71f3555574b6fffcfa52c4b48,3,5,with_ai,True,3227879,DEMO_3227879,NV,MEL,False,0.0,dismiss,True,0.5708926310708242,,,dermatologyResident,Male
bc52173b3228c3d6a2e0f1663ec34c6c7445a469,non-expert,b9a0b23f9ce2efb71f3555574b6fffcfa52c4b48,3,6,without_ai,False,2854757,DEMO_2854757,BKL,BKL,True,1.0,dismiss,True,0.5708926310708242,,,dermatologyResident,Male
bc52173b3228c3d6a2e0f1663ec34c6c7445a469,non-expert,b9a0b23f9ce2efb71f3555574b6fffcfa52c4b48,3,6,with_ai,True,2854757,DEMO_2854757,BKL,BKL,True,1.0,dismiss,True,0.5708926310708242,,,dermatologyResident,Male
bc52173b3228c3d6a2e0f1663ec34c6c7445a469,non-expert,b9a0b23f9ce2efb71f3555574b6fffcfa52c4b48,3,7,without_ai,False,7609085,DEMO_7609085,BKL,BKL,True,1.0,monitor,True,0.5708926310708242,,,dermatologyResident,Male
bc52173b3228c3d6a2e0f1663ec34c6c7445a469,non-expert,b9a0b23f9ce2efb71f3555574b6fffcfa52c4b48,3,7,with_ai,True,7609085,DEMO_7609085,BKL,BKL,True,1.0,dismiss,True,0.5708926310708242,,,dermatologyResident,Male
bc52173b3228c3d6a2e0f1663ec34c6c7445a469,non-expert,b9a0b23f9ce2efb71f3555574b6fffcfa52c4b48,3,8,without_ai,False,6692745,DEMO_6692745,MEL,MEL,True,1.0,biopsy,True,0.5708926310708242,,,dermatologyResident,Male
bc52173b3228c3d6a2e0f1663ec34c6c7445a469,non-expert,b9a0b23f9ce2efb71f3555574b6fffcfa52c4b48,3,8,with_ai,True,6692745,DEMO_6692745,MEL,BCC,False,0.0,dismiss,True,0.5708926310708242,,,dermatologyResident,Male
bc52173b3228c3d6a2e0f1663ec34c6c7445a469,non-expert,b9a0b23f9ce2efb71f3555574b6fffcfa52c4b48,3,9,without_ai,False,5360696,DEMO_5360696,AKIEC,AKIEC,True,1.0,dismiss,True,0.5708926310708242,,,dermatologyResident,Male
bc52173b3228c3d6a2e0f1663ec34c6c7445a469,non-expert,b9a0b23f9ce2efb71f3555574b6fffcfa52c4b48,3,9,with_ai,True,5360696,DEMO_5360696,AKIEC,AKIEC,True,1.0,dismiss,True,0.5708926310708242,,,dermatologyResident,Male
bc52173b3228c3d6a2e0f1663ec34c6c7445a469,non-expert,b9a0b23f9ce2efb71f3555574b6fffcfa52c4b48,3,10,without_ai,False,6728692,DEMO_6728692,BCC,OTHER_BENIGN,False,0.0,monitor,True,0.5708926310708242,,,dermatologyResident,Male
bc52173b3228c3d6a2e0f1663ec34c6c7445a469,non-expert,b9a0b23f9ce2efb71f3555574b6fffcfa52c4b48,3,10,with_ai,True,6728692,DEMO_6728692,BCC,BCC,True,1.0,biopsy,True,0.5708926310708242,,,dermatologyResident,Male
bc52173b3228c3d6a2e0f1663ec34c6c7445a469,non-expert,b9a0b23f9ce2efb71f3555574b6fffcfa52c4b48,3,11,without_ai,False,6698419,DEMO_6698419,AKIEC,AKIEC,True,1.0,local_therapy,True,0.5708926310708242,,,dermatologyResident,Male
bc52173b3228c3d6a2e0f1663ec34c6c7445a469,non-expert,b9a0b23f9ce2efb71f3555574b6fffcfa52c4b48,3,11,with_ai,True,6698419,DEMO_6698419,AKIEC,AKIEC,True,1.0,biopsy,True,0.5708926310708242,,,dermatologyResident,Male
bc52173b3228c3d6a2e0f1663ec34c6c7445a469,non-expert,b9a0b23f9ce2efb71f3555574b6fffcfa52c4b48,3,12,without_ai,False,3547427,DEMO_3547427,BKL,BKL,True,1.0,monitor,True,0.5708926310708242,,,dermatologyResident,Male
bc52173b3228c3d6a2e0f1663ec34c6c7445a469,non-expert,b9a0b23f9ce2efb71f3555574b6fffcfa52c4b48,3,12,with_ai,True,3547427,DEMO_3547427,BKL,BKL,True,1.0,dismiss,True,0.5708926310708242,,,dermatologyResident,Male
bc52173b3228c3d6a2e0f1663ec34c6c7445a469,non-expert,b9a0b23f9ce2efb71f3555574b6fffcfa52c4b48,3,13,without_ai,False,2609433,DEMO_2609433,NV,BCC,False,0.0,monitor,True,0.5708926310708242,,,dermatologyResident,Male
bc52173b3228c3d6a2e0f1663ec34c6c7445a469,non-expert,b9a0b23f9ce2efb71f3555574b6fffcfa52c4b48,3,13,with_ai,True,2609433,DEMO_2609433,NV,VASC,False,0.0,local_therapy,True,0.5708926310708242,,,dermatologyResident,Male
bc52173b3228c3d6a2e0f1663ec34c6c7445a469,non-expert,b9a0b23f9ce2efb71f3555574b6fffcfa52c4b48,3,14,without_ai,False,8587841,DEMO_8587841,NV,OTHER_BENIGN,False,0.0,monitor,True,0.5708926310708242,,,dermatologyResident,Male
bc52173b3228c3d6a2e0f1663ec34c6c7445a469,non-expert,b9a0b23f9ce2efb71f3555574b6fffcfa52c4b48,3,14,with_ai,True,8587841,DEMO_8587841,NV,NV,True,1.0,dismiss,True,0.5708926310708242,,,dermatologyResident,Male
bc52173b3228c3d6a2e0f1663ec34c6c7445a469,non-expert,b9a0b23f9ce2efb71f3555574b6fffcfa52c4b48,3,15,without_ai,False,7273806,DEMO_7273806,BKL,BKL,True,1.0,dismiss,True,0.5708926310708242,,,dermatologyResident,Male
bc52173b3228c3d6a2e0f1663ec34c6c7445a469,non-expert,b9a0b23f9ce2efb71f3555574b6fffcfa52c4b48,3,15,with_ai,True,7273806,DEMO_7273806,BKL,VASC,False,0.0,monitor,True,0.5708926310708242,,,dermatologyResident,Male
398abbcafdfe70422ba71a5439a2002092c69846,non-expert,5165a90840b252e56c80a987b6b51e7478ff4b40,2,1,without_ai,False,7413668,DEMO_7413668,BCC,BCC,True,1.0,biopsy,True,0.6194169503039602,31-40,,boardCertifiedDermatologist,Female
398abbcafdfe70422ba71a5439a2002092c69846,non-expert,5165a90840b252e56c80a987b6b51e7478ff4b40,2,1,with_ai,True,7413668,DEMO_7413668,BCC,BCC,True,1.0,dismiss,True,0.6194169503039602,31-40,,boardCertifiedDermatologist,Female
398abbcafdfe70422ba71a5439a2002092c69846,non-expert,5165a90840b252e56c80a987b6b51e7478ff4b40,2,2,without_ai,False,9158120,DEMO_9158120,NV,BCC,False,0.0,local_therapy,True,0.6194169503039602,31-40,,boardCertifiedDermatologist,Female
398abbcafdfe70422ba71a5439a2002092c69846,non-expert,5165a90840b252e56c80a987b6b51e7478ff4b40,2,2,with_ai,True,9158120,DEMO_9158120,NV,NV,True,1.0,monitor,True,0.6194169503039602,31-40,,boardCertifiedDermatologist,Female
398abbcafdfe70422ba71a5439a2002092c69846,non-expert,5165a90840b252e56c80a987b6b51e7478ff4b40,2,3,without_ai,False,3536621,DEMO_3536621,NV,NV,True,1.0,biopsy,True,0.6194169503039602,31-40,,boardCertifiedDermatologist,Female
398abbcafdfe70422ba71a5439a2002092c69846,non-expert,5165a90840b252e56c80a987b6b51e7478ff4b40,2,3,with_ai,True,3536621,DEMO_3536621,NV,NV,True,1.0,monitor,True,0.6194169503039602,31-40,,boardCertifiedDermatologist,Female
398abbcafdfe70422ba71a5439a2002092c69846,non-expert,5165a90840b252e56c80a987b6b51e7478ff4b40,2,4,without_ai,False,4568538,DEMO_4568538,NV,OTHER_BENIGN,False,0.0,monitor,True,0.6194169503039602,31-40,,boardCertifiedDermatologist,Female
398abbcafdfe70422ba71a5439a2002092c69846,non-expert,5165a90840b252e56c80a987b6b51e7478ff4b40,2,4,with_ai,True,4568538,DEMO_4568538,NV,NV,True,1.0,dismiss,True,0.6194169503039602,31-40,,boardCertifiedDermatologist,Female
398abbcafdfe70422ba71a5439a2002092c69846,non-expert,5165a90840b252e56c80a987b6b51e7478ff4b40,2,5,without_ai,False,4258736,DEMO_4258736,BCC,BCC,True,1.0,biopsy,True,0.6194169503039602,31-40,,boardCertifiedDermatologist,Female
398abbcafdfe70422ba71a5439a2002092c69846,non-expert,5165a90840b252e56c80a987b6b51e7478ff4b40,2,5,with_ai,True,4258736,DEMO_4258736,BCC,BCC,True,1.0,biopsy,True,0.6194169503039602,31-40,,boardCertifiedDermatologist,Female
398abbcafdfe70422ba71a5439a2002092c69846,non-expert,5165a90840b252e56c80a987b6b51e7478ff4b40,2,6,without_ai,False,8777777,DEMO_8777777,MEL,MEL,True,1.0,biopsy,True,0.6194169503039602,31-40,,boardCertifiedDermatologist,Female
398abbcafdfe70422ba71a5439a2002092c69846,non-expert,5165a90840b252e56c80a987b6b51e7478ff4b40,2,6,with_ai,True,8777777,DEMO_8777777,MEL,MEL,True,1.0,local_therapy,True,0.6194169503039602,31-40,,boardCertifiedDermatologist,Female
398abbcafdfe70422ba71a5439a2002092c69846,non-expert,5165a90840b252e56c80a987b6b51e7478ff4b40,2,7,without_ai,False,3111904,DEMO_3111904,BKL,OTHER_MALIGNANT,False,0.0,dismiss,True,0.6194169503039602,31-40,,boardCertifiedDermatologist,Female
398abbcafdfe70422ba71a5439a2002092c69846,non-expert,5165a90840b252e56c80a987b6b51e7478ff4b40,2,7,with_ai,True,3111904,DEMO_3111904,BKL,BKL,True,1.0,local_therapy,True,0.6194169503039602,31-40,,boardCertifiedDermatologist,Female
398abbcafdfe70422ba71a5439a2002092c69846,non-expert,5165a90840b252e56c80a987b6b51e7478ff4b40,2,8,without_ai,False,392415,DEMO_0392415,NV,NV,True,1.0,dismiss,True,0.6194169503039602,31-40,,boardCertifiedDermatologist,Female
398abbcafdfe70422ba71a5439a2002092c69846,non-expert,5165a90840b252e56c80a987b6b51e7478ff4b40,2,8,with_ai,True,392415,DEMO_0392415,NV,NV,True,1.0,biopsy,True,0.6194169503039602,31-40,,boardCertifiedDermatologist,Female
398abbcafdfe70422ba71a5439a2002092c69846,non-expert,5165a90840b252e56c80a987b6b51e7478ff4b40,2,9,without_ai,False,5535194,DEMO_5535194,BKL,BCC,False,0.0,monitor,True,0.6194169503039602,31-40,,boardCertifiedDermatologist,Female
398abbcafdfe70422ba71a5439a2002092c69846,non-expert,5165a90840b252e56c80a987b6b51e7478ff4b40,2,9,with_ai,True,5535194,DEMO_5535194,BKL,BKL,True,1.0,local_therapy,True,0.6194169503039602,31-40,,boardCertifiedDermatologist,Female
398abbcafdfe70422ba71a5439a2002092c69846,non-expert,5165a90840b252e56c80a987b6b51e7478ff4b40,2,10,without_ai,False,2448105,DEMO_2448105,BCC,MEL,False,0.0,biopsy,True,0.6194169503039602,31-40,,boardCertifiedDermatologist,Female
398abbcafdfe70422ba71a5439a2002092c69846,non-expert,5165a90840b252e56c80a987b6b51e7478ff4b40,2,10,with_ai,True,2448105,DEMO_2448105,BCC,BCC,True,1.0,local_therapy,True,0.6194169503039602,31-40,,boardCertifiedDermatologist,Female
398abbcafdfe70422ba71a5439a2002092c69846,non-expert,5165a90840b252e56c80a987b6b51e7478ff4b40,2,11,without_ai,False,1549385,DEMO_1549385,DF,SCCKA,False,0.0,biopsy,True,0.6194169503039602,31-40,,boardCertifiedDermatologist,Female
398abbcafdfe70422ba71a5439a2002092c69846,non-expert,5165a90840b252e56c80a987b6b51e7478ff4b40,2,11,with_ai,True,1549385,DEMO_1549385,DF,DF,True,1.0,monitor,True,0.6194169503039602,31-40,,boardCertifiedDermatologist,Female
398abbcafdfe70422ba71a5439a2002092c69846,non-expert,5165a90840b252e56c80a987b6b51e7478ff4b40,2,12,without_ai,False,2908153,DEMO_2908153,NV,INF,False,0.0,dismiss,True,0.6194169503039602,31-40,,boardCertifiedDermatologist,Female
398abbcafdfe70422ba71a5439a2002092c69846,non-expert,5165a90840b252e56c80a987b6b51e7478ff4b40,2,12,with_ai,True,2908153,DEMO_2908153,NV,NV,True,1.0,dismiss,True,0.6194169503039602,31-40,,boardCertifiedDermatologist,Female
398abbcafdfe70422ba71a5439a2002092c69846,non-expert,5165a90840b252e56c80a987b6b51e7478ff4b40,2,13,without_ai,False,7061996,DEMO_7061996,BCC,OTHER_BENIGN,False,0.0,local_therapy,True,0.6194169503039602,31-40,,boardCertifiedDermatologist,Female
398abbcafdfe70422ba71a5439a2002092c69846,non-expert,5165a90840b252e56c80a987b6b51e7478ff4b40,2,13,with_ai,True,7061996,DEMO_7061996,BCC,MEL,False,0.0,biopsy,True,0.6194169503039602,31-40,,boardCertifiedDermatologist,Female
398abbcafdfe70422ba71a5439a2002092c69846,non-expert,5165a90840b252e56c80a987b6b51e7478ff4b40,2,14,without_ai,False,6493156,DEMO_6493156,MEL,MEL,True,1.0,local_therapy,True,0.6194169503039602,31-40,,boardCertifiedDermatologist,Female
398abbcafdfe70422ba71a5439a2002092c69846,non-expert,5165a90840b252e56c80a987b6b51e7478ff4b40,2,14,with_ai,True,6493156,DEMO_6493156,MEL,BCC,False,0.0,biopsy,True,0.6194169503039602,31-40,,boardCertifiedDermatologist,Female
398abbcafdfe70422ba71a5439a2002092c69846,non-expert,5165a90840b252e56c80a987b6b51e7478ff4b40,2,15,without_ai,False,4734006,DEMO_4734006,VASC,VASC,True,1.0,dismiss,True,0.6194169503039602,31-40,,boardCertifiedDermatologist,Female
398abbcafdfe70422ba71a5439a2002092c69846,non-expert,5165a90840b252e56c80a987b6b51e7478ff4b40,2,15,with_ai,True,4734006,DEMO_4734006,VASC,VASC,True,1.0,monitor,True,0.6194169503039602,31-40,,boardCertifiedDermatologist,Female
398abbcafdfe70422ba71a5439a2002092c69846,non-expert,25718c664a1e9a948bd71637e447959a9fa00b68,3,1,without_ai,False,1421318,DEMO_1421318,AKIEC,OTHER_MALIGNANT,False,0.0,dismiss,True,0.6194169503039602,31-40,,boardCertifiedDermatologist,Female
398abbcafdfe70422ba71a5439a2002092c69846,non-expert,25718c664a1e9a948bd71637e447959a9fa00b68,3,1,with_ai,True,1421318,DEMO_1421318,AKIEC,AKIEC,True,1.0,biopsy,True,0.6194169503039602,31-40,,boardCertifiedDermatologist,Female
398abbcafdfe70422ba71a5439a2002092c69846,non-expert,25718c664a1e9a948bd71637e447959a9fa00b68,3,2,without_ai,False,2816427,DEMO_2816427,VASC,VASC,True,1.0,monitor,True,0.6194169503039602,31-40,,boardCertifiedDermatologist,Female
398abbcafdfe70422ba71a5439a2002092c69846,non-expert,25718c664a1e9a948bd71637e447959a9fa00b68,3,2,with_ai,True,2816427,DEMO_2816427,VASC,BKL,False,0.0,local_therapy,True,0.6194169503039602,31-40,,boardCertifiedDermatologist,Female
398abbcafdfe70422ba71a5439a2002092c69846,non-expert,25718c664a1e9a948bd71637e447959a9fa00b68,3,3,without_ai,False,9671066,DEMO_9671066,DF,DF,True,1.0,dismiss,True,0.6194169503039602,31-40,,boardCertifiedDermatologist,Female
398abbcafdfe70422ba71a5439a2002092c69846,non-expert,25718c664a1e9a948bd71637e447959a9fa00b68,3,3,with_ai,True,9671066,DEMO_9671066,DF,DF,True,1.0,dismiss,True,0.6194169503039602,31-40,,boardCertifiedDermatologist,Female
398abbcafdfe70422ba71a5439a2002092c69846,non-expert,25718c664a1e9a948bd71637e447959a9fa00b68,3,4,without_ai,False,9028893,DEMO_9028893,NV,NV,True,1.0,dismiss,True,0.6194169503039602,31-40,,boardCertifiedDermatologist,Female
398abbcafdfe70422ba71a5439a2002092c69846,non-expert,25718c664a1e9a948bd71637e447959a9fa00b68,3,4,with_ai,True,9028893,DEMO_9028893,NV,NV,True,1.0,biopsy,True,0.6194169503039602,31-40,,boardCertifiedDermatologist,Female
398abbcafdfe70422ba71a5439a2002092c69846,non-expert,25718c664a1e9a948bd71637e447959a9fa00b68,3,5,without_ai,False,4405408,DEMO_4405408,DF,DF,True,1.0,monitor,True,0.6194169503039602,31-40,,boardCertifiedDermatologist,Female
398abbcafdfe70422ba71a5439a2002092c69846,non-expert,25718c664a1e9a948bd71637e447959a9fa00b68,3,5,with_ai,True,4405408,DEMO_4405408,DF,DF,True,1.0,dismiss,True,0.6194169503039602,31-40,,boardCertifiedDermatologist,Female
398abbcafdfe70422ba71a5439a2002092c69846,non-expert,25718c664a1e9a948bd71637e447959a9fa00b68,3,6,without_ai,False,6665425,DEMO_6665425,NV,NV,True,1.0,local_therapy,True,0.6194169503039602,31-40,,boardCertifiedDermatologist,Female
398abbcafdfe70422ba71a5439a2002092c69846,non-expert,25718c664a1e9a948bd71637e447959a9fa00b68,3,6,with_ai,True,6665425,DEMO_6665425,NV,NV,True,1.0,monitor,True,0.6194169503039602,31-40,,boardCertifiedDermatologist,Female
398abbcafdfe70422ba71a5439a2002092c69846,non-expert,25718c664a1e9a948bd71637e447959a9fa00b68,3,7,without_ai,False,7345504,DEMO_7345504,BKL,BKL,True,1.0,monitor,True,0.6194169503039602,31-40,,boardCertifiedDermatologist,Female
398abbcafdfe70422ba71a5439a2002092c69846,non-expert,25718c664a1e9a948bd71637e447959a9fa00b68,3,7,with_ai,True,7345504,DEMO_7345504,BKL,MEL,False,0.0,dismiss,True,0.6194169503039602,31-40,,boardCertifiedDermatologist,Female
398abbcafdfe70422ba71a5439a2002092c69846,non-expert,25718c664a1e9a948bd71637e447959a9fa00b68,3,8,without_ai,False,643253,DEMO_0643253,NV,NV,True,1.0,monitor,True,0.6194169503039602,31-40,,boardCertifiedDermatologist,Female
398abbcafdfe70422ba71a5439a2002092c69846,non-expert,25718c664a1e9a948bd71637e447959a9fa00b68,3,8,with_ai,True,643253,DEMO_0643253,NV,NV,True,1.0,monitor,True,0.6194169503039602,31-40,,boardCertifiedDermatologist,Female
398abbcafdfe70422ba71a5439a2002092c69846,non-expert,25718c664a1e9a948bd71637e447959a9fa00b68,3,9,without_ai,False,2291409,DEMO_2291409,BCC,BKL,False,0.0,local_therapy,True,0.6194169503039602,31-40,,boardCertifiedDermatologist,Female
398abbcafdfe70422ba71a5439a2002092c69846,non-expert,25718c664a1e9a948bd71637e447959a9fa00b68,3,9,with_ai,True,2291409,DEMO_2291409,BCC,MEL,False,0.0,biopsy,True,0.6194169503039602,31-40,,boardCertifiedDermatologist,Female
398abbcafdfe70422ba71a5439a2002092c69846,non-expert,25718c664a1e9a948bd71637e447959a9fa00b68,3,10,without_ai,False,3932847,DEMO_3932847,NV,NV,True,1.0,dismiss,True,0.6194169503039602,31-40,,boardCertifiedDermatologist,Female
398abbcafdfe70422ba71a5439a2002092c69846,non-expert,25718c664a1e9a948bd71637e447959a9fa00b68,3,10,with_ai,True,3932847,DEMO_3932847,NV,NV,True,1.0,biopsy,True,0.6194169503039602,31-40,,boardCertifiedDermatologist,Female
398abbcafdfe70422ba71a5439a2002092c69846,non-expert,25718c664a1e9a948bd71637e447959a9fa00b68,3,11,without_ai,False,4994905,DEMO_4994905,NV,NV,True,1.0,dismiss,True,0.6194169503039602,31-40,,boardCertifiedDermatologist,Female
398abbcafdfe70422ba71a5439a2002092c69846,non-expert,25718c664a1e9a948bd71637e447959a9fa00b68,3,11,with_ai,True,4994905,DEMO_4994905,NV,NV,True,1.0,monitor,True,0.6194169503039602,31-40,,boardCertifiedDermatologist,Female
398abbcafdfe70422ba71a5439a2002092c69846,non-expert,25718c664a1e9a948bd71637e447959a9fa00b68,3,12,without_ai,False,7640954,DEMO_7640954,BCC,BCC,True,1.0,local_therapy,True,0.6194169503039602,31-40,,boardCertifiedDermatologist,Female
398abbcafdfe70422ba71a5439a2002092c69846,non-expert,25718c664a1e9a948bd71637e447959a9fa00b68,3,12,with_ai,True,7640954,DEMO_7640954,BCC,BCC,True,1.0,local_therapy,True,0.6194169503039602,31-40,,boardCertifiedDermatologist,Female
398abbcafdfe70422ba71a5439a2002092c69846,non-expert,25718c664a1e9a948bd71637e447959a9fa00b68,3,13,without_ai,False,4219164,DEMO_4219164,DF,DF,True,1.0,monitor,True,0.6194169503039602,31-40,,boardCertifiedDermatologist,Female
398abbcafdfe70422ba71a5439a2002092c69846,non-expert,25718c664a1e9a948bd71637e447959a9fa00b68,3,13,with_ai,True,4219164,DEMO_4219164,DF,DF,True,1.0,dismiss,True,0.6194169503039602,31-40,,boardCertifiedDermatologist,Female
398abbcafdfe70422ba71a5439a2002092c69846,non-expert,25718c664a1e9a948bd71637e447959a9fa00b68,3,14,without_ai,False,2826138,DEMO_2826138,BKL,BKL,True,1.0,monitor,True,0.6194169503039602,31-40,,boardCertifiedDermatologist,Female
398abbcafdfe70422ba71a5439a2002092c69846,non-expert,25718c664a1e9a948bd71637e447959a9fa00b68,3,14,with_ai,True,2826138,DEMO_2826138,BKL,VASC,False,0.0,monitor,True,0.6194169503039602,31-40,,boardCertifiedDermatologist,Female
398abbcafdfe70422ba71a5439a2002092c69846,non-expert,25718c664a1e9a948bd71637e447959a9fa00b68,3,15,without_ai,False,2344196,DEMO_2344196,MEL,VASC,False,0.0,monitor,True,0.6194169503039602,31-40,,boardCertifiedDermatologist,Female
398abbcafdfe70422ba71a5439a2002092c69846,non-expert,25718c664a1e9a948bd71637e447959a9fa00b68,3,15,with_ai,True,2344196,DEMO_2344196,MEL,MEL,True,1.0,biopsy,True,0.6194169503039602,31-40,,boardCertifiedDermatologist,Female
013183c5ccaffdd528c8ffa7f2ca6e6ab521f3ff,non-expert,0e0705f39b9e1bccee6357ee871b74cb20401917,1,1,without_ai,False,649004,DEMO_0649004,NV,NV,True,1.0,monitor,True,0.4027831022579371,,,dermatologyResident,Female
013183c5ccaffdd528c8ffa7f2ca6e6ab521f3ff,non-expert,0e0705f39b9e1bccee6357ee871b74cb20401917,1,1,with_ai,True,649004,DEMO_0649004,NV,MEL,False,0.0,biopsy,True,0.4027831022579371,,,dermatologyResident,Female
013183c5ccaffdd528c8ffa7f2ca6e6ab521f3ff,non-expert,0e0705f39b9e1bccee6357ee871b74cb20401917,1,2,without_ai,False,1777397,DEMO_1777397,NV,OTHER_MALIGNANT,False,0.0,dismiss,True,0.4027831022579371,,,dermatologyResident,Female
013183c5ccaffdd528c8ffa7f2ca6e6ab521f3ff,non-expert,0e0705f39b9e1bccee6357ee871b74cb20401917,1,2,with_ai,True,1777397,DEMO_1777397,NV,DF,False,0.0,dismiss,True,0.4027831022579371,,,dermatologyResident,Female
013183c5ccaffdd528c8ffa7f2ca6e6ab521f3ff,non-expert,0e0705f39b9e1bccee6357ee871b74cb20401917,1,3,without_ai,False,9850484,DEMO_9850484,DF,DF,True,1.0,dismiss,True,0.4027831022579371,,,dermatologyResident,Female
013183c5ccaffdd528c8ffa7f2ca6e6ab521f3ff,non-expert,0e0705f39b9e1bccee6357ee871b74cb20401917,1,3,with_ai,True,9850484,DEMO_9850484,DF,DF,True,1.0,local_therapy,True,0.4027831022579371,,,dermatologyResident,Female
013183c5ccaffdd528c8ffa7f2ca6e6ab521f3ff,non-expert,0e0705f39b9e1bccee6357ee871b74cb20401917,1,4,without_ai,False,5237498,DEMO_5237498,MEL,NV,False,0.0,biopsy,True,0.4027831022579371,,,dermatologyResident,Female
013183c5ccaffdd528c8ffa7f2ca6e6ab521f3ff,non-expert,0e0705f39b9e1bccee6357ee871b74cb20401917,1,4,with_ai,True,5237498,DEMO_5237498,MEL,DF,False,0.0,biopsy,True,0.4027831022579371,,,dermatologyResident,Female
013183c5ccaffdd528c8ffa7f2ca6e6ab521f3ff,non-expert,0e0705f39b9e1bccee6357ee871b74cb20401917,1,5,without_ai,False,6457094,DEMO_6457094,DF,VASC,False,0.0,local_therapy,True,0.4027831022579371,,,dermatologyResident,Female
013183c5ccaffdd528c8ffa7f2ca6e6ab521f3ff,non-expert,0e0705f39b9e1bccee6357ee871b74cb20401917,1,5,with_ai,True,6457094,DEMO_6457094,DF,BCC,False,0.0,dismiss,True,0.4027831022579371,,,dermatologyResident,Female
013183c5ccaffdd528c8ffa7f2ca6e6ab521f3ff,non-expert,0e0705f39b9e1bccee6357ee871b74cb20401917,1,6,without_ai,False,8339161,DEMO_8339161,BKL,AKIEC,False,0.0,dismiss,True,0.4027831022579371,,,dermatologyResident,Female
013183c5ccaffdd528c8ffa7f2ca6e6ab521f3ff,non-expert,0e0705f39b9e1bccee6357ee871b74cb20401917,1,6,with_ai,True,8339161,DEMO_8339161,BKL,BKL,True,1.0,dismiss,True,0.4027831022579371,,,dermatologyResident,Female
013183c5ccaffdd528c8ffa7f2ca6e6ab521f3ff,non-expert,0e0705f39b9e1bccee6357ee871b74cb20401917,1,7,without_ai,False,3099385,DEMO_3099385,NV,DF,False,0.0,dismiss,True,0.4027831022579371,,,dermatologyResident,Female
013183c5ccaffdd528c8ffa7f2ca6e6ab521f3ff,non-expert,0e0705f39b9e1bccee6357ee871b74cb20401917,1,7,with_ai,True,3099385,DEMO_3099385,NV,BKL,False,0.0,monitor,True,0.4027831022579371,,,dermatologyResident,Female
013183c5ccaffdd528c8ffa7f2ca6e6ab521f3ff,non-expert,0e0705f39b9e1bccee6357ee871b74cb20401917,1,8,without_ai,False,3189241,DEMO_3189241,MEL,OTHER_BENIGN,False,0.0,monitor,True,0.4027831022579371,,,dermatologyResident,Female
013183c5ccaffdd528c8ffa7f2ca6e6ab521f3ff,non-expert,0e0705f39b9e1bccee6357ee871b74cb20401917,1,8,with_ai,True,3189241,DEMO_3189241,MEL,MEL,True,1.0,biopsy,True,0.4027831022579371,,,dermatologyResident,Female
013183c5ccaffdd528c8ffa7f2ca6e6ab521f3ff,non-expert,0e0705f39b9e1bccee6357ee871b74cb20401917,1,9,without_ai,False,6325992,DEMO_6325992,BCC,BCC,True,1.0,biopsy,True,0.4027831022579371,,,dermatologyResident,Female
013183c5ccaffdd528c8ffa7f2ca6e6ab521f3ff,non-expert,0e0705f39b9e1bccee6357ee871b74cb20401917,1,9,with_ai,True,6325992,DEMO_6325992,BCC,BCC,True,1.0,biopsy,True,0.4027831022579371,,,dermatologyResident,Female
013183c5ccaffdd528c8ffa7f2ca6e6ab521f3ff,non-expert,0e0705f39b9e1bccee6357ee871b74cb20401917,1,10,without_ai,False,5434707,DEMO_5434707,DF,BKL,False,0.0,monitor,True,0.4027831022579371,,,dermatologyResident,Female
013183c5ccaffdd528c8ffa7f2ca6e6ab521f3ff,non-expert,0e0705f39b9e1bccee6357ee871b74cb20401917,1,10,with_ai,True,5434707,DEMO_5434707,DF,DF,True,1.0,biopsy,True,0.4027831022579371,,,dermatologyResident,Female
013183c5ccaffdd528c8ffa7f2ca6e6ab521f3ff,non-expert,0e0705f39b9e1bccee6357ee871b74cb20401917,1,11,without_ai,False,9670764,DEMO_9670764,BKL,BKL,True,1.0,local_therapy,True,0.4027831022579371,,,dermatologyResident,Female
013183c5ccaffdd528c8ffa7f2ca6e6ab521f3ff,non-expert,0e0705f39b9e1bccee6357ee871b74cb20401917,1,11,with_ai,True,9670764,DEMO_9670764,BKL,SCCKA,False,0.0,local_therapy,True,0.4027831022579371,,,dermatologyResident,Female
013183c5ccaffdd528c8ffa7f2ca6e6ab521f3ff,non-expert,0e0705f39b9e1bccee6357ee871b74cb20401917,1,12,without_ai,False,5141303,DEMO_5141303,BKL,BKL,True,1.0,monitor,True,0.4027831022579371,,,dermatologyResident,Female
013183c5ccaffdd528c8ffa7f2ca6e6ab521f3ff,non-expert,0e0705f39b9e1bccee6357ee871b74cb20401917,1,12,with_ai,True,5141303,DEMO_5141303,BKL,BKL,True,1.0,dismiss,True,0.4027831022579371,,,dermatologyResident,Female
013183c5ccaffdd528c8ffa7f2ca6e6ab521f3ff,non-expert,0e0705f39b9e1bccee6357ee871b74cb20401917,1,13,without_ai,False,6597659,DEMO_6597659,BCC,BCC,True,1.0,biopsy,True,0.4027831022579371,,,dermatologyResident,Female
013183c5ccaffdd528c8ffa7f2ca6e6ab521f3ff,non-expert,0e0705f39b9e1bccee6357ee871b74cb20401917,1,13,with_ai,True,6597659,DEMO_6597659,BCC,DF,False,0.0,monitor,True,0.4027831022579371,,,dermatologyResident,Female
013183c5ccaffdd528c8ffa7f2ca6e6ab521f3ff,non-expert,0e0705f39b9e1bccee6357ee871b74cb20401917,1,14,without_ai,False,7789789,DEMO_7789789,BCC,AKIEC,False,0.0,biopsy,True,0.4027831022579371,,,dermatologyResident,Female
013183c5ccaffdd528c8ffa7f2ca6e6ab521f3ff,non-expert,0e0705f39b9e1bccee6357ee871b74cb20401917,1,14,with_ai,True,7789789,DEMO_7789789,BCC,BCC,True,1.0,dismiss,True,0.4027831022579371,,,dermatologyResident,Female
013183c5ccaffdd528c8ffa7f2ca6e6ab521f3ff,non-expert,0e0705f39b9e1bccee6357ee871b74cb20401917,1,15,without_ai,False,5025578,DEMO_5025578,AKIEC,OTHER_BENIGN,False,0.0,local_therapy,True,0.4027831022579371,,,dermatologyResident,Female
013183c5ccaffdd528c8ffa7f2ca6e6ab521f3ff,non-expert,0e0705f39b9e1bccee6357ee871b74cb20401917,1,15,with_ai,True,5025578,DEMO_5025578,AKIEC,INF,False,0.0,biopsy,True,0.4027831022579371,,,dermatologyResident,Female
013183c5ccaffdd528c8ffa7f2ca6e6ab521f3ff,non-expert,c270cd24bfbe45ca7346056064b020f9ad8aa172,2,1,without_ai,False,6777362,DEMO_6777362,NV,NV,True,1.0,dismiss,True,0.4027831022579371,,,dermatologyResident,Female
013183c5ccaffdd528c8ffa7f2ca6e6ab521f3ff,non-expert,c270cd24bfbe45ca7346056064b020f9ad8aa172,2,1,with_ai,True,6777362,DEMO_6777362,NV,INF,False,0.0,monitor,True,0.4027831022579371,,,dermatologyResident,Female
013183c5ccaffdd528c8ffa7f2ca6e6ab521f3ff,non-expert,c270cd24bfbe45ca7346056064b020f9ad8aa172,2,2,without_ai,False,9829961,DEMO_9829961,BCC,BKL,False,0.0,dismiss,True,0.4027831022579371,,,dermatologyResident,Female
013183c5ccaffdd528c8ffa7f2ca6e6ab521f3ff,non-expert,c270cd24bfbe45ca7346056064b020f9ad8aa172,2,2,with_ai,True,9829961,DEMO_9829961,BCC,MEL,False,0.0,dismiss,True,0.4027831022579371,,,dermatologyResident,Female
013183c5ccaffdd528c8ffa7f2ca6e6ab521f3ff,non-expert,c270cd24bfbe45ca7346056064b020f9ad8aa172,2,3,without_ai,False,8489385,DEMO_8489385,DF,OTHER_MALIGNANT,False,0.0,dismiss,True,0.4027831022579371,,,dermatologyResident,Female
013183c5ccaffdd528c8ffa7f2ca6e6ab521f3ff,non-expert,c270cd24bfbe45ca7346056064b020f9ad8aa172,2,3,with_ai,True,8489385,DEMO_8489385,DF,DF,True,1.0,dismiss,True,0.4027831022579371,,,dermatologyResident,Female
013183c5ccaffdd528c8ffa7f2ca6e6ab521f3ff,non-expert,c270cd24bfbe45ca7346056064b020f9ad8aa172,2,4,without_ai,False,9481215,DEMO_9481215,AKIEC,AKIEC,True,1.0,monitor,True,0.4027831022579371,,,dermatologyResident,Female
013183c5ccaffdd528c8ffa7f2ca6e6ab521f3ff,non-expert,c270cd24bfbe45ca7346056064b020f9ad8aa172,2,4,with_ai,True,9481215,DEMO_9481215,AKIEC,VASC,False,0.0,local_therapy,True,0.4027831022579371,,,dermatologyResident,Female
013183c5ccaffdd528c8ffa7f2ca6e6ab521f3ff,non-expert,c270cd24bfbe45ca7346056064b020f9ad8aa172,2,5,without_ai,False,8748802,DEMO_8748802,NV,OTHER_BENIGN,False,0.0,biopsy,True,0.4027831022579371,,,dermatologyResident,Female
013183c5ccaffdd528c8ffa7f2ca6e6ab521f3ff,non-expert,c270cd24bfbe45ca7346056064b020f9ad8aa172,2,5,with_ai,True,8748802,DEMO_8748802,NV,NV,True,1.0,monitor,True,0.4027831022579371,,,dermatologyResident,Female
013183c5ccaffdd528c8ffa7f2ca6e6ab521f3ff,non-expert,c270cd24bfbe45ca7346056064b020f9ad8aa172,2,6,without_ai,False,5810208,DEMO_5810208,BKL,BCC,False,0.0,dismiss,True,0.4027831022579371,,,dermatologyResident,Female
013183c5ccaffdd528c8ffa7f2ca6e6ab521f3ff,non-expert,c270cd24bfbe45ca7346056064b020f9ad8aa172,2,6,with_ai,True,5810208,DEMO_5810208,BKL,BKL,True,1.0,monitor,True,0.4027831022579371,,,dermatologyResident,Female
013183c5ccaffdd528c8ffa7f2ca6e6ab521f3ff,non-expert,c270cd24bfbe45ca7346056064b020f9ad8aa172,2,7,without_ai,False,5438422,DEMO_5438422,VASC,BKL,False,0.0,dismiss,True,0.4027831022579371,,,dermatologyResident,Female
013183c5ccaffdd528c8ffa7f2ca6e6ab521f3ff,non-expert,c270cd24bfbe45ca7346056064b020f9ad8aa172,2,7,with_ai,True,5438422,DEMO_5438422,VASC,VASC,True,1.0,dismiss,True,0.4027831022579371,,,dermatologyResident,Female
013183c5ccaffdd528c8ffa7f2ca6e6ab521f3ff,non-expert,c270cd24bfbe45ca7346056064b020f9ad8aa172,2,8,without_ai,False,7908658,DEMO_7908658,AKIEC,MEL,False,0.0,local_therapy,True,0.4027831022579371,,,dermatologyResident,Female
013183c5ccaffdd528c8ffa7f2ca6e6ab521f3ff,non-expert,c270cd24bfbe45ca7346056064b020f9ad8aa172,2,8,with_ai,True,7908658,DEMO_7908658,AKIEC,AKIEC,True,1.0,dismiss,True,0.4027831022579371,,,dermatologyResident,Female
013183c5ccaffdd528c8ffa7f2ca6e6ab521f3ff,non-expert,c270cd24bfbe45ca7346056064b020f9ad8aa172,2,9,without_ai,False,2516159,DEMO_2516159,NV,NV,True,1.0,dismiss,True,0.4027831022579371,,,dermatologyResident,Female
013183c5ccaffdd528c8ffa7f2ca6e6ab521f3ff,non-expert,c270cd24bfbe45ca7346056064b020f9ad8aa172,2,9,with_ai,True,2516159,DEMO_2516159,NV,BCC,False,0.0,dismiss,True,0.4027831022579371,,,dermatologyResident,Female
013183c5ccaffdd528c8ffa7f2ca6e6ab521f3ff,non-expert,c270cd24bfbe45ca7346056064b020f9ad8aa172,2,10,without_ai,False,9102748,DEMO_9102748,SCCKA,NV,False,0.0,biopsy,True,0.4027831022579371,,,dermatologyResident,Female
013183c5ccaffdd528c8ffa7f2ca6e6ab521f3ff,non-expert,c270cd24bfbe45ca7346056064b020f9ad8aa172,2,10,with_ai,True,9102748,DEMO_9102748,SCCKA,BKL,False,0.0,local_therapy,True,0.4027831022579371,,,dermatologyResident,Female
013183c5ccaffdd528c8ffa7f2ca6e6ab521f3ff,non-expert,c270cd24bfbe45ca7346056064b020f9ad8aa172,2,11,without_ai,False,1067448,DEMO_1067448,MEL,DF,False,0.0,biopsy,True,0.4027831022579371,,,dermatologyResident,Female
013183c5ccaffdd528c8ffa7f2ca6e6ab521f3ff,non-expert,c270cd24bfbe45ca7346056064b020f9ad8aa172,2,11,with_ai,True,1067448,DEMO_1067448,MEL,INF,False,0.0,monitor,True,0.4027831022579371,,,dermatologyResident,Female
013183c5ccaffdd528c8ffa7f2ca6e6ab521f3ff,non-expert,c270cd24bfbe45ca7346056064b020f9ad8aa172,2,12,without_ai,False,1311669,DEMO_1311669,AKIEC,AKIEC,True,1.0,biopsy,True,0.4027831022579371,,,dermatologyResident,Female
013183c5ccaffdd528c8ffa7f2ca6e6ab521f3ff,non-expert,c270cd24bfbe45ca7346056064b020f9ad8aa172,2,12,with_ai,True,1311669,DEMO_1311669,AKIEC,INF,False,0.0,dismiss,True,0.4027831022579371,,,dermatologyResident,Female
013183c5ccaffdd528c8ffa7f2ca6e6ab521f3ff,non-expert,c270cd24bfbe45ca7346056064b020f9ad8aa172,2,13,without_ai,False,9085549,DEMO_9085549,BCC,MEL,False,0.0,biopsy,True,0.4027831022579371,,,dermatologyResident,Female
013183c5ccaffdd528c8ffa7f2ca6e6ab521f3ff,non-expert,c270cd24bfbe45ca7346056064b020f9ad8aa172,2,13,with_ai,True,9085549,DEMO_9085549,BCC,BCC,True,1.0,biopsy,True,0.4027831022579371,,,dermatologyResident,Female
013183c5ccaffdd528c8ffa7f2ca6e6ab521f3ff,non-expert,c270cd24bfbe45ca7346056064b020f9ad8aa172,2,14,without_ai,False,3739345,DEMO_3739345,BCC,NV,False,0.0,biopsy,True,0.4027831022579371,,,dermatologyResident,Female
013183c5ccaffdd528c8ffa7f2ca6e6ab521f3ff,non-expert,c270cd24bfbe45ca7346056064b020f9ad8aa172,2,14,with_ai,True,3739345,DEMO_3739345,BCC,BCC,True,1.0,biopsy,True,0.4027831022579371,,,dermatologyResident,Female
013183c5ccaffdd528c8ffa7f2ca6e6ab521f3ff,non-expert,c270cd24bfbe45ca7346056064b020f9ad8aa172,2,15,without_ai,False,89976,DEMO_0089976,NV,DF,False,0.0,dismiss,True,0.4027831022579371,,,dermatologyResident,Female
013183c5ccaffdd528c8ffa7f2ca6e6ab521f3ff,non-expert,c270cd24bfbe45ca7346056064b020f9ad8aa172,2,15,with_ai,True,89976,DEMO_0089976,NV,NV,True,1.0,dismiss,True,0.4027831022579371,,,dermatologyResident,Female
e61b76d24e62b401f41a8bec895a742a7dec15bc,non-expert,fd72ca00b6ef4ff9d5a50d5c6369a4c70178ef5e,1,1,without_ai,False,5938981,DEMO_5938981,DF,DF,True,1.0,dismiss,True,0.6135240595249098,20-30,,dermatologyResident,Male
e61b76d24e62b401f41a8bec895a742a7dec15bc,non-expert,fd72ca00b6ef4ff9d5a50d5c6369a4c70178ef5e,1,1,with_ai,True,5938981,DEMO_5938981,DF,DF,True,1.0,biopsy,True,0.6135240595249098,20-30,,dermatologyResident,Male
e61b76d24e62b401f41a8bec895a742a7dec15bc,non-expert,fd72ca00b6ef4ff9d5a50d5c6369a4c70178ef5e,1,2,without_ai,False,736415,DEMO_0736415,SCCKA,SCCKA,True,1.0,local_therapy,True,0.6135240595249098,20-30,,dermatologyResident,Male
e61b76d24e62b401f41a8bec895a742a7dec15bc,non-expert,fd72ca00b6ef4ff9d5a50d5c6369a4c70178ef5e,1,2,with_ai,True,736415,DEMO_0736415,SCCKA,SCCKA,True,1.0,local_therapy,True,0.6135240595249098,20-30,,dermatologyResident,Male
e61b76d24e62b401f41a8bec895a742a7dec15bc,non-expert,fd72ca00b6ef4ff9d5a50d5c6369a4c70178ef5e,1,3,without_ai,False,2124651,DEMO_2124651,NV,BKL,False,0.0,dismiss,True,0.6135240595249098,20-30,,dermatologyResident,Male
e61b76d24e62b401f41a8bec895a742a7dec15bc,non-expert,fd72ca00b6ef4ff9d5a50d5c6369a4c70178ef5e,1,3,with_ai,True,2124651,DEMO_2124651,NV,NV,True,1.0,dismiss,True,0.6135240595249098,20-30,,dermatologyResident,Male
e61b76d24e62b401f41a8bec895a742a7dec15bc,non-expert,fd72ca00b6ef4ff9d5a50d5c6369a4c70178ef5e,1,4,without_ai,False,4010438,DEMO_4010438,SCCKA,VASC,False,0.0,local_therapy,True,0.6135240595249098,20-30,,dermatologyResident,Male
e61b76d24e62b401f41a8bec895a742a7dec15bc,non-expert,fd72ca00b6ef4ff9d5a50d5c6369a4c70178ef5e,1,4,with_ai,True,4010438,DEMO_4010438,SCCKA,SCCKA,True,1.0,biopsy,True,0.6135240595249098,20-30,,dermatologyResident,Male
e61b76d24e62b401f41a8bec895a742a7dec15bc,non-expert,fd72ca00b6ef4ff9d5a50d5c6369a4c70178ef5e,1,5,without_ai,False,2265267,DEMO_2265267,AKIEC,AKIEC,True,1.0,biopsy,True,0.6135240595249098,20-30,,dermatologyResident,Male
e61b76d24e62b401f41a8bec895a742a7dec15bc,non-expert,fd72ca00b6ef4ff9d5a50d5c6369a4c70178ef5e,1,5,with_ai,True,2265267,DEMO_2265267,AKIEC,AKIEC,True,1.0,local_therapy,True,0.6135240595249098,20-30,,dermatologyResident,Male
e61b76d24e62b401f41a8bec895a742a7dec15bc,non-expert,fd72ca00b6ef4ff9d5a50d5c6369a4c70178ef5e,1,6,without_ai,False,7852621,DEMO_7852621,SCCKA,INF,False,0.0,biopsy,True,0.6135240595249098,20-30,,dermatologyResident,Male
e61b76d24e62b401f41a8bec895a742a7dec15bc,non-expert,fd72ca00b6ef4ff9d5a50d5c6369a4c70178ef5e,1,6,with_ai,True,7852621,DEMO_7852621,SCCKA,INF,False,0.0,monitor,True,0.6135240595249098,20-30,,dermatologyResident,Male
e61b76d24e62b401f41a8bec895a742a7dec15bc,non-expert,fd72ca00b6ef4ff9d5a50d5c6369a4c70178ef5e,1,7,without_ai,False,6958682,DEMO_6958682,BKL,BKL,True,1.0,local_therapy,True,0.6135240595249098,20-30,,dermatologyResident,Male
e61b76d24e62b401f41a8bec895a742a7dec15bc,non-expert,fd72ca00b6ef4ff9d5a50d5c6369a4c70178ef5e,1,7,with_ai,True,6958682,DEMO_6958682,BKL,BKL,True,1.0,monitor,True,0.6135240595249098,20-30,,dermatologyResident,Male
e61b76d24e62b401f41a8bec895a742a7dec15bc,non-expert,fd72ca00b6ef4ff9d5a50d5c6369a4c70178ef5e,1,8,without_ai,False,207623,DEMO_0207623,NV,NV,True,1.0,monitor,True,0.6135240595249098,20-30,,dermatologyResident,Male
e61b76d24e62b401f41a8bec895a742a7dec15bc,non-expert,fd72ca00b6ef4ff9d5a50d5c6369a4c70178ef5e,1,8,with_ai,True,207623,DEMO_0207623,NV,NV,True,1.0,dismiss,True,0.6135240595249098,20-30,,dermatologyResident,Male
e61b76d24e62b401f41a8bec895a742a7dec15bc,non-expert,fd72ca00b6ef4ff9d5a50d5c6369a4c70178ef5e,1,9,without_ai,False,6186975,DEMO_6186975,BKL,VASC,False,0.0,biopsy,True,0.6135240595249098,20-30,,dermatologyResident,Male
e61b76d24e62b401f41a8bec895a742a7dec15bc,non-expert,fd72ca00b6ef4ff9d5a50d5c6369a4c70178ef5e,1,9,with_ai,True,6186975,DEMO_6186975,BKL,OTHER_MALIGNANT,False,0.0,monitor,True,0.6135240595249098,20-30,,dermatologyResident,Male
e61b76d24e62b401f41a8bec895a742a7dec15bc,non-expert,fd72ca00b6ef4ff9d5a50d5c6369a4c70178ef5e,1,10,without_ai,False,851932,DEMO_0851932,NV,NV,True,1.0,monitor,True,0.6135240595249098,20-30,,dermatologyResident,Male
e61b76d24e62b401f41a8bec895a742a7dec15bc,non-expert,fd72ca00b6ef4ff9d5a50d5c6369a4c70178ef5e,1,10,with_ai,True,851932,DEMO_0851932,NV,NV,True,1.0,dismiss,True,0.6135240595249098,20-30,,dermatologyResident,Male
e61b76d24e62b401f41a8bec895a742a7dec15bc,non-expert,fd72ca00b6ef4ff9d5a50d5c6369a4c70178ef5e,1,11,without_ai,False,6807852,DEMO_6807852,BKL,BKL,True,1.0,dismiss,True,0.6135240595249098,20-30,,dermatologyResident,Male
e61b76d24e62b401f41a8bec895a742a7dec15bc,non-expert,fd72ca00b6ef4ff9d5a50d5c6369a4c70178ef5e,1,11,with_ai,True,6807852,DEMO_6807852,BKL,BKL,True,1.0,monitor,True,0.6135240595249098,20-30,,dermatologyResident,Male
e61b76d24e62b401f41a8bec895a742a7dec15bc,non-expert,fd72ca00b6ef4ff9d5a50d5c6369a4c70178ef5e,1,12,without_ai,False,7342159,DEMO_7342159,NV,NV,True,1.0,monitor,True,0.6135240595249098,20-30,,dermatologyResident,Male
e61b76d24e62b401f41a8bec895a742a7dec15bc,non-expert,fd72ca00b6ef4ff9d5a50d5c6369a4c70178ef5e,1,12,with_ai,True,7342159,DEMO_7342159,NV,AKIEC,False,0.0,monitor,True,0.6135240595249098,20-30,,dermatologyResident,Male
e61b76d24e62b401f41a8bec895a742a7dec15bc,non-expert,fd72ca00b6ef4ff9d5a50d5c6369a4c70178ef5e,1,13,without_ai,False,8093614,DEMO_8093614,BCC,BCC,True,1.0,biopsy,True,0.6135240595249098,20-30,,dermatologyResident,Male
e61b76d24e62b401f41a8bec895a742a7dec15bc,non-expert,fd72ca00b6ef4ff9d5a50d5c6369a4c70178ef5e,1,13,with_ai,True,8093614,DEMO_8093614,BCC,BCC,True,1.0,monitor,True,0.6135240595249098,20-30,,dermatologyResident,Male
e61b76d24e62b401f41a8bec895a742a7dec15bc,non-expert,fd72ca00b6ef4ff9d5a50d5c6369a4c70178ef5e,1,14,without_ai,False,7931411,DEMO_7931411,MEL,OTHER_MALIGNANT,False,0.0,biopsy,True,0.6135240595249098,20-30,,dermatologyResident,Male
e61b76d24e62b401f41a8bec895a742a7dec15bc,non-expert,fd72ca00b6ef4ff9d5a50d5c6369a4c70178ef5e,1,14,with_ai,True,7931411,DEMO_7931411,MEL,SCCKA,False,0.0,local_therapy,True,0.6135240595249098,20-30,,dermatologyResident,Male
e61b76d24e62b401f41a8bec895a742a7dec15bc,non-expert,fd72ca00b6ef4ff9d5a50d5c6369a4c70178ef5e,1,15,without_ai,False,9135325,DEMO_9135325,SCCKA,OTHER_MALIGNANT,False,0.0,local_therapy,True,0.6135240595249098,20-30,,dermatologyResident,Male
e61b76d24e62b401f41a8bec895a742a7dec15bc,non-expert,fd72ca00b6ef4ff9d5a50d5c6369a4c70178ef5e,1,15,with_ai,True,9135325,DEMO_9135325,SCCKA,SCCKA,True,1.0,biopsy,True,0.6135240595249098,20-30,,dermatologyResident,Male
318b4b99710feee4bcc52f80cc8ab623124e2038,non-expert,fab7491701868911f7898c90924265a4bce7aaf4,1,1,without_ai,False,201547,DEMO_0201547,INF,BKL,False,0.0,local_therapy,True,0.6703921733367851,,,boardCertifiedDermatologist,Male
318b4b99710feee4bcc52f80cc8ab623124e2038,non-expert,fab7491701868911f7898c90924265a4bce7aaf4,1,1,with_ai,True,201547,DEMO_0201547,INF,INF,True,1.0,local_therapy,True,0.6703921733367851,,,boardCertifiedDermatologist,Male
318b4b99710feee4bcc52f80cc8ab623124e2038,non-expert,fab7491701868911f7898c90924265a4bce7aaf4,1,2,without_ai,False,517323,DEMO_0517323,BCC,MEL,False,0.0,biopsy,True,0.6703921733367851,,,boardCertifiedDermatologist,Male
318b4b99710feee4bcc52f80cc8ab623124e2038,non-expert,fab7491701868911f7898c90924265a4bce7aaf4,1,2,with_ai,True,517323,DEMO_0517323,BCC,BKL,False,0.0,monitor,True,0.6703921733367851,,,boardCertifiedDermatologist,Male
318b4b99710feee4bcc52f80cc8ab623124e2038,non-expert,fab7491701868911f7898c90924265a4bce7aaf4,1,3,without_ai,False,8812970,DEMO_8812970,BKL,BKL,True,1.0,dismiss,True,0.6703921733367851,,,boardCertifiedDermatologist,Male
318b4b99710feee4bcc52f80cc8ab623124e2038,non-expert,fab7491701868911f7898c90924265a4bce7aaf4,1,3,with_ai,True,8812970,DEMO_8812970,BKL,NV,False,0.0,biopsy,True,0.6703921733367851,,,boardCertifiedDermatologist,Male
318b4b99710feee4bcc52f80cc8ab623124e2038,non-expert,fab7491701868911f7898c90924265a4bce7aaf4,1,4,without_ai,False,9873718,DEMO_9873718,BKL,OTHER_MALIGNANT,False,0.0,dismiss,True,0.6703921733367851,,,boardCertifiedDermatologist,Male
318b4b99710feee4bcc52f80cc8ab623124e2038,non-expert,fab7491701868911f7898c90924265a4bce7aaf4,1,4,with_ai,True,9873718,DEMO_9873718,BKL,VASC,False,0.0,biopsy,True,0.6703921733367851,,,boardCertifiedDermatologist,Male
318b4b99710feee4bcc52f80cc8ab623124e2038,non-expert,fab7491701868911f7898c90924265a4bce7aaf4,1,5,without_ai,False,6648598,DEMO_6648598,SCCKA,MEL,False,0.0,local_therapy,True,0.6703921733367851,,,boardCertifiedDermatologist,Male
318b4b99710feee4bcc52f80cc8ab623124e2038,non-expert,fab7491701868911f7898c90924265a4bce7aaf4,1,5,with_ai,True,6648598,DEMO_6648598,SCCKA,SCCKA,True,1.0,biopsy,True,0.6703921733367851,,,boardCertifiedDermatologist,Male
318b4b99710feee4bcc52f80cc8ab623124e2038,non-expert,fab7491701868911f7898c90924265a4bce7aaf4,1,6,without_ai,False,247486,DEMO_0247486,AKIEC,AKIEC,True,1.0,local_therapy,True,0.6703921733367851,,,boardCertifiedDermatologist,Male
318b4b99710feee4bcc52f80cc8ab623124e2038,non-expert,fab7491701868911f7898c90924265a4bce7aaf4,1,6,with_ai,True,247486,DEMO_0247486,AKIEC,AKIEC,True,1.0,local_therapy,True,0.6703921733367851,,,boardCertifiedDermatologist,Male
318b4b99710feee4bcc52f80cc8ab623124e2038,non-expert,fab7491701868911f7898c90924265a4bce7aaf4,1,7,without_ai,False,3231072,DEMO_3231072,BCC,BCC,True,1.0,dismiss,True,0.6703921733367851,,,boardCertifiedDermatologist,Male
318b4b99710feee4bcc52f80cc8ab623124e2038,non-expert,fab7491701868911f7898c90924265a4bce7aaf4,1,7,with_ai,True,3231072,DEMO_3231072,BCC,BCC,True,1.0,local_therapy,True,0.6703921733367851,,,boardCertifiedDermatologist,Male
318b4b99710feee4bcc52f80cc8ab623124e2038,non-expert,fab7491701868911f7898c90924265a4bce7aaf4,1,8,without_ai,False,8093895,DEMO_8093895,NV,MEL,False,0.0,monitor,True,0.6703921733367851,,,boardCertifiedDermatologist,Male
318b4b99710feee4bcc52f80cc8ab623124e2038,non-expert,fab7491701868911f7898c90924265a4bce7aaf4,1,8,with_ai,True,8093895,DEMO_8093895,NV,NV,True,1.0,dismiss,True,0.6703921733367851,,,boardCertifiedDermatologist,Male
318b4b99710feee4bcc52f80cc8ab623124e2038,non-expert,fab7491701868911f7898c90924265a4bce7aaf4,1,9,without_ai,False,3742497,DEMO_3742497,SCCKA,SCCKA,True,1.0,local_therapy,True,0.6703921733367851,,,boardCertifiedDermatologist,Male
318b4b99710feee4bcc52f80cc8ab623124e2038,non-expert,fab7491701868911f7898c90924265a4bce7aaf4,1,9,with_ai,True,3742497,DEMO_3742497,SCCKA,VASC,False,0.0,local_therapy,True,0.6703921733367851,,,boardCertifiedDermatologist,Male
318b4b99710feee4bcc52f80cc8ab623124e2038,non-expert,fab7491701868911f7898c90924265a4bce7aaf4,1,10,without_ai,False,1700617,DEMO_1700617,NV,NV,True,1.0,dismiss,True,0.6703921733367851,,,boardCertifiedDermatologist,Male
318b4b99710feee4bcc52f80cc8ab623124e2038,non-expert,fab7491701868911f7898c90924265a4bce7aaf4,1,10,with_ai,True,1700617,DEMO_1700617,NV,NV,True,1.0,dismiss,True,0.6703921733367851,,,boardCertifiedDermatologist,Male
318b4b99710feee4bcc52f80cc8ab623124e2038,non-expert,fab7491701868911f7898c90924265a4bce7aaf4,1,11,without_ai,False,1070014,DEMO_1070014,BCC,BCC,True,1.0,monitor,True,0.6703921733367851,,,boardCertifiedDermatologist,Male
318b4b99710feee4bcc52f80cc8ab623124e2038,non-expert,fab7491701868911f7898c90924265a4bce7aaf4,1,11,with_ai,True,1070014,DEMO_1070014,BCC,BCC,True,1.0,biopsy,True,0.6703921733367851,,,boardCertifiedDermatologist,Male
318b4b99710feee4bcc52f80cc8ab623124e2038,non-expert,fab7491701868911f7898c90924265a4bce7aaf4,1,12,without_ai,False,1043375,DEMO_1043375,BKL,BKL,True,1.0,local_therapy,True,0.6703921733367851,,,boardCertifiedDermatologist,Male
318b4b99710feee4bcc52f80cc8ab623124e2038,non-expert,fab7491701868911f7898c90924265a4bce7aaf4,1,12,with_ai,True,1043375,DEMO_1043375,BKL,BKL,True,1.0,dismiss,True,0.6703921733367851,,,boardCertifiedDermatologist,Male
318b4b99710feee4bcc52f80cc8ab623124e2038,non-expert,fab7491701868911f7898c90924265a4bce7aaf4,1,13,without_ai,False,6015382,DEMO_6015382,AKIEC,AKIEC,True,1.0,local_therapy,True,0.6703921733367851,,,boardCertifiedDermatologist,Male
318b4b99710feee4bcc52f80cc8ab623124e2038,non-expert,fab7491701868911f7898c90924265a4bce7aaf4,1,13,with_ai,True,6015382,DEMO_6015382,AKIEC,AKIEC,True,1.0,biopsy,True,0.6703921733367851,,,boardCertifiedDermatologist,Male
318b4b99710feee4bcc52f80cc8ab623124e2038,non-expert,fab7491701868911f7898c90924265a4bce7aaf4,1,14,without_ai,False,7782265,DEMO_7782265,BCC,NV,False,0.0,biopsy,True,0.6703921733367851,,,boardCertifiedDermatologist,Male
318b4b99710feee4bcc52f80cc8ab623124e2038,non-expert,fab7491701868911f7898c90924265a4bce7aaf4,1,14,with_ai,True,7782265,DEMO_7782265,BCC,BCC,True,1.0,biopsy,True,0.6703921733367851,,,boardCertifiedDermatologist,Male
318b4b99710feee4bcc52f80cc8ab623124e2038,non-expert,fab7491701868911f7898c90924265a4bce7aaf4,1,15,without_ai,False,6150129,DEMO_6150129,DF,DF,True,1.0,monitor,True,0.6703921733367851,,,boardCertifiedDermatologist,Male
318b4b99710feee4bcc52f80cc8ab623124e2038,non-expert,fab7491701868911f7898c90924265a4bce7aaf4,1,15,with_ai,True,6150129,DEMO_6150129,DF,DF,True,1.0,dismiss,True,0.6703921733367851,,,boardCertifiedDermatologist,Male
318b4b99710feee4bcc52f80cc8ab623124e2038,non-expert,f7d19e28a55e0685d341303827a73a1aa33d5c11,2,1,without_ai,False,1068248,DEMO_1068248,NV,DF,False,0.0,dismiss,True,0.6703921733367851,,,boardCertifiedDermatologist,Male
318b4b99710feee4bcc52f80cc8ab623124e2038,non-expert,f7d19e28a55e0685d341303827a73a1aa33d5c11,2,1,with_ai,True,1068248,DEMO_1068248,NV,NV,True,1.0,monitor,True,0.6703921733367851,,,boardCertifiedDermatologist,Male
318b4b99710feee4bcc52f80cc8ab623124e2038,non-expert,f7d19e28a55e0685d341303827a73a1aa33d5c11,2,2,without_ai,False,1268005,DEMO_1268005,MEL,MEL,True,1.0,biopsy,True,0.6703921733367851,,,boardCertifiedDermatologist,Male
318b4b99710feee4bcc52f80cc8ab623124e2038,non-expert,f7d19e28a55e0685d341303827a73a1aa33d5c11,2,2,with_ai,True,1268005,DEMO_1268005,MEL,MEL,True,1.0,biopsy,True,0.6703921733367851,,,boardCertifiedDermatologist,Male
318b4b99710feee4bcc52f80cc8ab623124e2038,non-expert,f7d19e28a55e0685d341303827a73a1aa33d5c11,2,3,without_ai,False,1141581,DEMO_1141581,SCCKA,SCCKA,True,1.0,local_therapy,True,0.6703921733367851,,,boardCertifiedDermatologist,Male
318b4b99710feee4bcc52f80cc8ab623124e2038,non-expert,f7d19e28a55e0685d341303827a73a1aa33d5c11,2,3,with_ai,True,1141581,DEMO_1141581,SCCKA,SCCKA,True,1.0,local_therapy,True,0.6703921733367851,,,boardCertifiedDermatologist,Male
318b4b99710feee4bcc52f80cc8ab623124e2038,non-expert,f7d19e28a55e0685d341303827a73a1aa33d5c11,2,4,without_ai,False,5310387,DEMO_5310387,NV,NV,True,1.0,local_therapy,True,0.6703921733367851,,,boardCertifiedDermatologist,Male
318b4b99710feee4bcc52f80cc8ab623124e2038,non-expert,f7d19e28a55e0685d341303827a73a1aa33d5c11,2,4,with_ai,True,5310387,DEMO_5310387,NV,SCCKA,False,0.0,dismiss,True,0.6703921733367851,,,boardCertifiedDermatologist,Male
318b4b99710feee4bcc52f80cc8ab623124e2038,non-expert,f7d19e28a55e0685d341303827a73a1aa33d5c11,2,5,without_ai,False,7752214,DEMO_7752214,BKL,BKL,True,1.0,monitor,True,0.6703921733367851,,,boardCertifiedDermatologist,Male
318b4b99710feee4bcc52f80cc8ab623124e2038,non-expert,f7d19e28a55e0685d341303827a73a1aa33d5c11,2,5,with_ai,True,7752214,DEMO_7752214,BKL,OTHER_BENIGN,False,0.0,monitor,True,0.6703921733367851,,,boardCertifiedDermatologist,Male
318b4b99710feee4bcc52f80cc8ab623124e2038,non-expert,f7d19e28a55e0685d341303827a73a1aa33d5c11,2,6,without_ai,False,1848053,DEMO_1848053,MEL,BKL,False,0.0,local_therapy,True,0.6703921733367851,,,boardCertifiedDermatologist,Male
318b4b99710feee4bcc52f80cc8ab623124e2038,non-expert,f7d19e28a55e0685d341303827a73a1aa33d5c11,2,6,with_ai,True,1848053,DEMO_1848053,MEL,OTHER_MALIGNANT,False,0.0,biopsy,True,0.6703921733367851,,,boardCertifiedDermatologist,Male
318b4b99710feee4bcc52f80cc8ab623124e2038,non-expert,f7d19e28a55e0685d341303827a73a1aa33d5c11,2,7,without_ai,False,7067742,DEMO_7067742,MEL,MEL,True,1.0,local_therapy,True,0.6703921733367851,,,boardCertifiedDermatologist,Male
318b4b99710feee4bcc52f80cc8ab623124e2038,non-expert,f7d19e28a55e0685d341303827a73a1aa33d5c11,2,7,with_ai,True,7067742,DEMO_7067742,MEL,SCCKA,False,0.0,biopsy,True,0.6703921733367851,,,boardCertifiedDermatologist,Male
318b4b99710feee4bcc52f80cc8ab623124e2038,non-expert,f7d19e28a55e0685d341303827a73a1aa33d5c11,2,8,without_ai,False,9816993,DEMO_9816993,INF,DF,False,0.0,dismiss,True,0.6703921733367851,,,boardCertifiedDermatologist,Male
318b4b99710feee4bcc52f80cc8ab623124e2038,non-expert,f7d19e28a55e0685d341303827a73a1aa33d5c11,2,8,with_ai,True,9816993,DEMO_9816993,INF,INF,True,1.0,local_therapy,True,0.6703921733367851,,,boardCertifiedDermatologist,Male
318b4b99710feee4bcc52f80cc8ab623124e2038,non-expert,f7d19e28a55e0685d341303827a73a1aa33d5c11,2,9,without_ai,False,8595040,DEMO_8595040,VASC,VASC,True,1.0,dismiss,True,0.6703921733367851,,,boardCertifiedDermatologist,Male
318b4b99710feee4bcc52f80cc8ab623124e2038,non-expert,f7d19e28a55e0685d341303827a73a1aa33d5c11,2,9,with_ai,True,8595040,DEMO_8595040,VASC,VASC,True,1.0,monitor,True,0.6703921733367851,,,boardCertifiedDermatologist,Male
318b4b99710feee4bcc52f80cc8ab623124e2038,non-expert,f7d19e28a55e0685d341303827a73a1aa33d5c11,2,10,without_ai,False,7142610,DEMO_7142610,BCC,BCC,True,1.0,local_therapy,True,0.6703921733367851,,,boardCertifiedDermatologist,Male
318b4b99710feee4bcc52f80cc8ab623124e2038,non-expert,f7d19e28a55e0685d341303827a73a1aa33d5c11,2,10,with_ai,True,7142610,DEMO_7142610,BCC,BCC,True,1.0,biopsy,True,0.6703921733367851,,,boardCertifiedDermatologist,Male
318b4b99710feee4bcc52f80cc8ab623124e2038,non-expert,f7d19e28a55e0685d341303827a73a1aa33d5c11,2,11,without_ai,False,437227,DEMO_0437227,DF,DF,True,1.0,monitor,True,0.6703921733367851,,,boardCertifiedDermatologist,Male
318b4b99710feee4bcc52f80cc8ab623124e2038,non-expert,f7d19e28a55e0685d341303827a73a1aa33d5c11,2,11,with_ai,True,437227,DEMO_0437227,DF,DF,True,1.0,dismiss,True,0.6703921733367851,,,boardCertifiedDermatologist,Male
318b4b99710feee4bcc52f80cc8ab623124e2038,non-expert,f7d19e28a55e0685d341303827a73a1aa33d5c11,2,12,without_ai,False,5283406,DEMO_5283406,NV,NV,True,1.0,monitor,True,0.6703921733367851,,,boardCertifiedDermatologist,Male
318b4b99710feee4bcc52f80cc8ab623124e2038,non-expert,f7d19e28a55e0685d341303827a73a1aa33d5c11,2,12,with_ai,True,5283406,DEMO_5283406,NV,NV,True,1.0,dismiss,True,0.6703921733367851,,,boardCertifiedDermatologist,Male
318b4b99710feee4bcc52f80cc8ab623124e2038,non-expert,f7d19e28a55e0685d341303827a73a1aa33d5c11,2,13,without_ai,False,4500107,DEMO_4500107,BKL,BKL,True,1.0,monitor,True,0.6703921733367851,,,boardCertifiedDermatologist,Male
318b4b99710feee4bcc52f80cc8ab623124e2038,non-expert,f7d19e28a55e0685d341303827a73a1aa33d5c11,2,13,with_ai,True,4500107,DEMO_4500107,BKL,VASC,False,0.0,biopsy,True,0.6703921733367851,,,boardCertifiedDermatologist,Male
318b4b99710feee4bcc52f80cc8ab623124e2038,non-expert,f7d19e28a55e0685d341303827a73a1aa33d5c11,2,14,without_ai,False,8459487,DEMO_8459487,BCC,BCC,True,1.0,biopsy,True,0.6703921733367851,,,boardCertifiedDermatologist,Male
318b4b99710feee4bcc52f80cc8ab623124e2038,non-expert,f7d19e28a55e0685d341303827a73a1aa33d5c11,2,14,with_ai,True,8459487,DEMO_8459487,BCC,BCC,True,1.0,biopsy,True,0.6703921733367851,,,boardCertifiedDermatologist,Male
318b4b99710feee4bcc52f80cc8ab623124e2038,non-expert,f7d19e28a55e0685d341303827a73a1aa33d5c11,2,15,without_ai,False,4039415,DEMO_4039415,NV,NV,True,1.0,dismiss,True,0.6703921733367851,,,boardCertifiedDermatologist,Male
318b4b99710feee4bcc52f80cc8ab623124e2038,non-expert,f7d19e28a55e0685d341303827a73a1aa33d5c11,2,15,with_ai,True,4039415,DEMO_4039415,NV,NV,True,1.0,dismiss,True,0.6703921733367851,,,boardCertifiedDermatologist,Male
2622029afce13fa299e6b609c7c86ee38161c27c,expert,ebf4f482db992f1c9c4ed857a30bce40625aa49e,1,1,without_ai,False,8599754,DEMO_8599754,BCC,BCC,True,1.0,biopsy,True,0.8478114596418953,,,resident,Male
2622029afce13fa299e6b609c7c86ee38161c27c,expert,ebf4f482db992f1c9c4ed857a30bce40625aa49e,1,1,with_ai,True,8599754,DEMO_8599754,BCC,BCC,True,1.0,biopsy,True,0.8478114596418953,,,resident,Male
2622029afce13fa299e6b609c7c86ee38161c27c,expert,ebf4f482db992f1c9c4ed857a30bce40625aa49e,1,2,without_ai,False,92261,DEMO_0092261,NV,NV,True,1.0,biopsy,True,0.8478114596418953,,,resident,Male
2622029afce13fa299e6b609c7c86ee38161c27c,expert,ebf4f482db992f1c9c4ed857a30bce40625aa49e,1,2,with_ai,True,92261,DEMO_0092261,NV,NV,True,1.0,dismiss,True,0.8478114596418953,,,resident,Male
2622029afce13fa299e6b609c7c86ee38161c27c,expert,ebf4f482db992f1c9c4ed857a30bce40625aa49e,1,3,without_ai,False,9490696,DEMO_9490696,BCC,VASC,False,0.0,local_therapy,True,0.8478114596418953,,,resident,Male
2622029afce13fa299e6b609c7c86ee38161c27c,expert,ebf4f482db992f1c9c4ed857a30bce40625aa49e,1,3,with_ai,True,9490696,DEMO_9490696,BCC,OTHER_MALIGNANT,False,0.0,local_therapy,True,0.8478114596418953,,,resident,Male
2622029afce13fa299e6b609c7c86ee38161c27c,expert,ebf4f482db992f1c9c4ed857a30bce40625aa49e,1,4,without_ai,False,1187919,DEMO_1187919,OTHER_BENIGN,OTHER_BENIGN,True,1.0,monitor,True,0.8478114596418953,,,resident,Male
2622029afce13fa299e6b609c7c86ee38161c27c,expert,ebf4f482db992f1c9c4ed857a30bce40625aa49e,1,4,with_ai,True,1187919,DEMO_1187919,OTHER_BENIGN,OTHER_BENIGN,True,1.0,dismiss,True,0.8478114596418953,,,resident,Male
2622029afce13fa299e6b609c7c86ee38161c27c,expert,ebf4f482db992f1c9c4ed857a30bce40625aa49e,1,5,without_ai,False,86804,DEMO_0086804,DF,DF,True,1.0,dismiss,True,0.8478114596418953,,,resident,Male
2622029afce13fa299e6b609c7c86ee38161c27c,expert,ebf4f482db992f1c9c4ed857a30bce40625aa49e,1,5,with_ai,True,86804,DEMO_0086804,DF,DF,True,1.0,dismiss,True,0.8478114596418953,,,resident,Male
2622029afce13fa299e6b609c7c86ee38161c27c,expert,ebf4f482db992f1c9c4ed857a30bce40625aa49e,1,6,without_ai,False,6226022,DEMO_6226022,SCCKA,SCCKA,True,1.0,monitor,True,0.8478114596418953,,,resident,Male
2622029afce13fa299e6b609c7c86ee38161c27c,expert,ebf4f482db992f1c9c4ed857a30bce40625aa49e,1,6,with_ai,True,6226022,DEMO_6226022,SCCKA,SCCKA,True,1.0,biopsy,True,0.8478114596418953,,,resident,Male
2622029afce13fa299e6b609c7c86ee38161c27c,expert,ebf4f482db992f1c9c4ed857a30bce40625aa49e,1,7,without_ai,False,6222015,DEMO_6222015,BCC,BCC,True,1.0,local_therapy,True,0.8478114596418953,,,resident,Male
2622029afce13fa299e6b609c7c86ee38161c27c,expert,ebf4f482db992f1c9c4ed857a30bce40625aa49e,1,7,with_ai,True,6222015,DEMO_6222015,BCC,BCC,True,1.0,monitor,True,0.8478114596418953,,,resident,Male
2622029afce13fa299e6b609c7c86ee38161c27c,expert,ebf4f482db992f1c9c4ed857a30bce40625aa49e,1,8,without_ai,False,9392826,DEMO_9392826,OTHER_BENIGN,OTHER_BENIGN,True,1.0,monitor,True,0.8478114596418953,,,resident,Male
2622029afce13fa299e6b609c7c86ee38161c27c,expert,ebf4f482db992f1c9c4ed857a30bce40625aa49e,1,8,with_ai,True,9392826,DEMO_9392826,OTHER_BENIGN,OTHER_BENIGN,True,1.0,monitor,True,0.8478114596418953,,,resident,Male
2622029afce13fa299e6b609c7c86ee38161c27c,expert,ebf4f482db992f1c9c4ed857a30bce40625aa49e,1,9,without_ai,False,8384999,DEMO_8384999,BCC,BCC,True,1.0,biopsy,True,0.8478114596418953,,,resident,Male
2622029afce13fa299e6b609c7c86ee38161c27c,expert,ebf4f482db992f1c9c4ed857a30bce40625aa49e,1,9,with_ai,True,8384999,DEMO_8384999,BCC,BCC,True,1.0,local_therapy,True,0.8478114596418953,,,resident,Male
2622029afce13fa299e6b609c7c86ee38161c27c,expert,ebf4f482db992f1c9c4ed857a30bce40625aa49e,1,10,without_ai,False,5104316,DEMO_5104316,NV,NV,True,1.0,biopsy,True,0.8478114596418953,,,resident,Male
2622029afce13fa299e6b609c7c86ee38161c27c,expert,ebf4f482db992f1c9c4ed857a30bce40625aa49e,1,10,with_ai,True,5104316,DEMO_5104316,NV,NV,True,1.0,biopsy,True,0.8478114596418953,,,resident,Male
2622029afce13fa299e6b609c7c86ee38161c27c,expert,ebf4f482db992f1c9c4ed857a30bce40625aa49e,1,11,without_ai,False,8508649,DEMO_8508649,MEL,MEL,True,1.0,local_therapy,True,0.8478114596418953,,,resident,Male
2622029afce13fa299e6b609c7c86ee38161c27c,expert,ebf4f482db992f1c9c4ed857a30bce40625aa49e,1,11,with_ai,True,8508649,DEMO_8508649,MEL,MEL,True,1.0,biopsy,True,0.8478114596418953,,,resident,Male
2622029afce13fa299e6b609c7c86ee38161c27c,expert,ebf4f482db992f1c9c4ed857a30bce40625aa49e,1,12,without_ai,False,7648510,DEMO_7648510,NV,NV,True,1.0,monitor,True,0.8478114596418953,,,resident,Male
2622029afce13fa299e6b609c7c86ee38161c27c,expert,ebf4f482db992f1c9c4ed857a30bce40625aa49e,1,12,with_ai,True,7648510,DEMO_7648510,NV,NV,True,1.0,monitor,True,0.8478114596418953,,,resident,Male
2622029afce13fa299e6b609c7c86ee38161c27c,expert,ebf4f482db992f1c9c4ed857a30bce40625aa49e,1,13,without_ai,False,9221873,DEMO_9221873,MEL,MEL,True,1.0,biopsy,True,0.8478114596418953,,,resident,Male
2622029afce13fa299e6b609c7c86ee38161c27c,expert,ebf4f482db992f1c9c4ed857a30bce40625aa49e,1,13,with_ai,True,9221873,DEMO_9221873,MEL,MEL,True,1.0,monitor,True,0.8478114596418953,,,resident,Male
2622029afce13fa299e6b609c7c86ee38161c27c,expert,ebf4f482db992f1c9c4ed857a30bce40625aa49e,1,14,without_ai,False,9175897,DEMO_9175897,VASC,VASC,True,1.0,monitor,True,0.8478114596418953,,,resident,Male
2622029afce13fa299e6b609c7c86ee38161c27c,expert,ebf4f482db992f1c9c4ed857a30bce40625aa49e,1,14,with_ai,True,9175897,DEMO_9175897,VASC,NV,False,0.0,monitor,True,0.8478114596418953,,,resident,Male
2622029afce13fa299e6b609c7c86ee38161c27c,expert,ebf4f482db992f1c9c4ed857a30bce40625aa49e,1,15,without_ai,False,6008451,DEMO_6008451,DF,DF,True,1.0,dismiss,True,0.8478114596418953,,,resident,Male
2622029afce13fa299e6b609c7c86ee38161c27c,expert,ebf4f482db992f1c9c4ed857a30bce40625aa49e,1,15,with_ai,True,6008451,DEMO_6008451,DF,DF,True,1.0,biopsy,True,0.8478114596418953,,,resident,Male
2622029afce13fa299e6b609c7c86ee38161c27c,expert,d57fae1054df346765d83cf69e17058a0cc351f3,3,1,without_ai,False,3312126,DEMO_3312126,NV,BCC,False,0.0,dismiss,True,0.8478114596418953,,,resident,Male
2622029afce13fa299e6b609c7c86ee38161c27c,expert,d57fae1054df346765d83cf69e17058a0cc351f3,3,1,with_ai,True,3312126,DEMO_3312126,NV,NV,True,1.0,monitor,True,0.8478114596418953,,,resident,Male
2622029afce13fa299e6b609c7c86ee38161c27c,expert,d57fae1054df346765d83cf69e17058a0cc351f3,3,2,without_ai,False,4674982,DEMO_4674982,MEL,MEL,True,1.0,local_therapy,True,0.8478114596418953,,,resident,Male
2622029afce13fa299e6b609c7c86ee38161c27c,expert,d57fae1054df346765d83cf69e17058a0cc351f3,3,2,with_ai,True,4674982,DEMO_4674982,MEL,MEL,True,1.0,local_therapy,True,0.8478114596418953,,,resident,Male
2622029afce13fa299e6b609c7c86ee38161c27c,expert,d57fae1054df346765d83cf69e17058a0cc351f3,3,3,without_ai,False,9991866,DEMO_9991866,BCC,BCC,True,1.0,biopsy,True,0.8478114596418953,,,resident,Male
2622029afce13fa299e6b609c7c86ee38161c27c,expert,d57fae1054df346765d83cf69e17058a0cc351f3,3,3,with_ai,True,9991866,DEMO_9991866,BCC,BCC,True,1.0,biopsy,True,0.8478114596418953,,,resident,Male
2622029afce13fa299e6b609c7c86ee38161c27c,expert,d57fae1054df346765d83cf69e17058a0cc351f3,3,4,without_ai,False,4266822,DEMO_4266822,VASC,OTHER_MALIGNANT,False,0.0,dismiss,True,0.8478114596418953,,,resident,Male
2622029afce13fa299e6b609c7c86ee38161c27c,expert,d57fae1054df346765d83cf69e17058a0cc351f3,3,4,with_ai,True,4266822,DEMO_4266822,VASC,VASC,True,1.0,dismiss,True,0.8478114596418953,,,resident,Male
2622029afce13fa299e6b609c7c86ee38161c27c,expert,d57fae1054df346765d83cf69e17058a0cc351f3,3,5,without_ai,False,3224814,DEMO_3224814,DF,OTHER_BENIGN,False,0.0,dismiss,True,0.8478114596418953,,,resident,Male
2622029afce13fa299e6b609c7c86ee38161c27c,expert,d57fae1054df346765d83cf69e17058a0cc351f3,3,5,with_ai,True,3224814,DEMO_3224814,DF,SCCKA,False,0.0,monitor,True,0.8478114596418953,,,resident,Male
2622029afce13fa299e6b609c7c86ee38161c27c,expert,d57fae1054df346765d83cf69e17058a0cc351f3,3,6,without_ai,False,8745038,DEMO_8745038,BCC,BCC,True,1.0,local_therapy,True,0.8478114596418953,,,resident,Male
2622029afce13fa299e6b609c7c86ee38161c27c,expert,d57fae1054df346765d83cf69e17058a0cc351f3,3,6,with_ai,True,8745038,DEMO_8745038,BCC,BCC,True,1.0,dismiss,True,0.8478114596418953,,,resident,Male
2622029afce13fa299e6b609c7c86ee38161c27c,expert,d57fae1054df346765d83cf69e17058a0cc351f3,3,7,without_ai,False,8249033,DEMO_8249033,DF,DF,True,1.0,monitor,True,0.8478114596418953,,,resident,Male
2622029afce13fa299e6b609c7c86ee38161c27c,expert,d57fae1054df346765d83cf69e17058a0cc351f3,3,7,with_ai,True,8249033,DEMO_8249033,DF,DF,True,1.0,local_therapy,True,0.8478114596418953,,,resident,Male
2622029afce13fa299e6b609c7c86ee38161c27c,expert,d57fae1054df346765d83cf69e17058a0cc351f3,3,8,without_ai,False,9077606,DEMO_9077606,BCC,BCC,True,1.0,biopsy,True,0.8478114596418953,,,resident,Male
2622029afce13fa299e6b609c7c86ee38161c27c,expert,d57fae1054df346765d83cf69e17058a0cc351f3,3,8,with_ai,True,9077606,DEMO_9077606,BCC,BCC,True,1.0,biopsy,True,0.8478114596418953,,,resident,Male
2622029afce13fa299e6b609c7c86ee38161c27c,expert,d57fae1054df346765d83cf69e17058a0cc351f3,3,9,without_ai,False,7511525,DEMO_7511525,VASC,VASC,True,1.0,monitor,True,0.8478114596418953,,,resident,Male
2622029afce13fa299e6b609c7c86ee38161c27c,expert,d57fae1054df346765d83cf69e17058a0cc351f3,3,9,with_ai,True,7511525,DEMO_7511525,VASC,VASC,True,1.0,monitor,True,0.8478114596418953,,,resident,Male
2622029afce13fa299e6b609c7c86ee38161c27c,expert,d57fae1054df346765d83cf69e17058a0cc351f3,3,10,without_ai,False,1681166,DEMO_1681166,DF,OTHER_MALIGNANT,False,0.0,monitor,True,0.8478114596418953,,,resident,Male
2622029afce13fa299e6b609c7c86ee38161c27c,expert,d57fae1054df346765d83cf69e17058a0cc351f3,3,10,with_ai,True,1681166,DEMO_1681166,DF,OTHER_BENIGN,False,0.0,dismiss,True,0.8478114596418953,,,resident,Male
2622029afce13fa299e6b609c7c86ee38161c27c,expert,d57fae1054df346765d83cf69e17058a0cc351f3,3,11,without_ai,False,6155353,DEMO_6155353,INF,INF,True,1.0,dismiss,True,0.8478114596418953,,,resident,Male
2622029afce13fa299e6b609c7c86ee38161c27c,expert,d57fae1054df346765d83cf69e17058a0cc351f3,3,11,with_ai,True,6155353,DEMO_6155353,INF,INF,True,1.0,local_therapy,True,0.8478114596418953,,,resident,Male
2622029afce13fa299e6b609c7c86ee38161c27c,expert,d57fae1054df346765d83cf69e17058a0cc351f3,3,12,without_ai,False,9027809,DEMO_9027809,BKL,BKL,True,1.0,monitor,True,0.8478114596418953,,,resident,Male
2622029afce13fa299e6b609c7c86ee38161c27c,expert,d57fae1054df346765d83cf69e17058a0cc351f3,3,12,with_ai,True,9027809,DEMO_9027809,BKL,BKL,True,1.0,dismiss,True,0.8478114596418953,,,resident,Male
2622029afce13fa299e6b609c7c86ee38161c27c,expert,d57fae1054df346765d83cf69e17058a0cc351f3,3,13,without_ai,False,762027,DEMO_0762027,MEL,BCC,False,0.0,local_therapy,True,0.8478114596418953,,,resident,Male
2622029afce13fa299e6b609c7c86ee38161c27c,expert,d57fae1054df346765d83cf69e17058a0cc351f3,3,13,with_ai,True,762027,DEMO_0762027,MEL,MEL,True,1.0,local_therapy,True,0.8478114596418953,,,resident,Male
2622029afce13fa299e6b609c7c86ee38161c27c,expert,d57fae1054df346765d83cf69e17058a0cc351f3,3,14,without_ai,False,8221258,DEMO_8221258,BCC,BCC,True,1.0,monitor,True,0.8478114596418953,,,resident,Male
2622029afce13fa299e6b609c7c86ee38161c27c,expert,d57fae1054df346765d83cf69e17058a0cc351f3,3,14,with_ai,True,8221258,DEMO_8221258,BCC,BCC,True,1.0,dismiss,True,0.8478114596418953,,,resident,Male
2622029afce13fa299e6b609c7c86ee38161c27c,expert,d57fae1054df346765d83cf69e17058a0cc351f3,3,15,without_ai,False,5667653,DEMO_5667653,AKIEC,AKIEC,True,1.0,biopsy,True,0.8478114596418953,,,resident,Male
2622029afce13fa299e6b609c7c86ee38161c27c,expert,d57fae1054df346765d83cf69e17058a0cc351f3,3,15,with_ai,True,5667653,DEMO_5667653,AKIEC,OTHER_MALIGNANT,False,0.0,local_therapy,True,0.8478114596418953,,,resident,Male
e6d8ba61d76de8c1f51177bc63aa1dc6fd13781b,non-expert,a610ea96fe21d3fee63681f2a017a75f68b90254,1,1,without_ai,False,74399,DEMO_0074399,DF,DF,True,1.0,monitor,True,0.2695027099553924,,,boardCertifiedDermatologist,Male
e6d8ba61d76de8c1f51177bc63aa1dc6fd13781b,non-expert,a610ea96fe21d3fee63681f2a017a75f68b90254,1,1,with_ai,True,74399,DEMO_0074399,DF,OTHER_MALIGNANT,False,0.0,dismiss,True,0.2695027099553924,,,boardCertifiedDermatologist,Male
e6d8ba61d76de8c1f51177bc63aa1dc6fd13781b,non-expert,a610ea96fe21d3fee63681f2a017a75f68b90254,1,2,without_ai,False,821250,DEMO_0821250,DF,OTHER_MALIGNANT,False,0.0,dismiss,True,0.2695027099553924,,,boardCertifiedDermatologist,Male
e6d8ba61d76de8c1f51177bc63aa1dc6fd13781b,non-expert,a610ea96fe21d3fee63681f2a017a75f68b90254,1,2,with_ai,True,821250,DEMO_0821250,DF,BCC,False,0.0,biopsy,True,0.2695027099553924,,,boardCertifiedDermatologist,Male
e6d8ba61d76de8c1f51177bc63aa1dc6fd13781b,non-expert,a610ea96fe21d3fee63681f2a017a75f68b90254,1,3,without_ai,False,616506,DEMO_0616506,BKL,NV,False,0.0,monitor,True,0.2695027099553924,,,boardCertifiedDermatologist,Male
e6d8ba61d76de8c1f51177bc63aa1dc6fd13781b,non-expert,a610ea96fe21d3fee63681f2a017a75f68b90254,1,3,with_ai,True,616506,DEMO_0616506,BKL,INF,False,0.0,biopsy,True,0.2695027099553924,,,boardCertifiedDermatologist,Male
e6d8ba61d76de8c1f51177bc63aa1dc6fd13781b,non-expert,a610ea96fe21d3fee63681f2a017a75f68b90254,1,4,without_ai,False,2010244,DEMO_2010244,VASC,VASC,True,1.0,monitor,True,0.2695027099553924,,,boardCertifiedDermatologist,Male
e6d8ba61d76de8c1f51177bc63aa1dc6fd13781b,non-expert,a610ea96fe21d3fee63681f2a017a75f68b90254,1,4,with_ai,True,2010244,DEMO_2010244,VASC,SCCKA,False,0.0,dismiss,True,0.2695027099553924,,,boardCertifiedDermatologist,Male
e6d8ba61d76de8c1f51177bc63aa1dc6fd13781b,non-expert,a610ea96fe21d3fee63681f2a017a75f68b90254,1,5,without_ai,False,9617779,DEMO_9617779,VASC,AKIEC,False,0.0,monitor,True,0.2695027099553924,,,boardCertifiedDermatologist,Male
e6d8ba61d76de8c1f51177bc63aa1dc6fd13781b,non-expert,a610ea96fe21d3fee63681f2a017a75f68b90254,1,5,with_ai,True,9617779,DEMO_9617779,VASC,INF,False,0.0,dismiss,True,0.2695027099553924,,,boardCertifiedDermatologist,Male
e6d8ba61d76de8c1f51177bc63aa1dc6fd13781b,non-expert,a610ea96fe21d3fee63681f2a017a75f68b90254,1,6,without_ai,False,1848105,DEMO_1848105,NV,MEL,False,0.0,local_therapy,True,0.2695027099553924,,,boardCertifiedDermatologist,Male
e6d8ba61d76de8c1f51177bc63aa1dc6fd13781b,non-expert,a610ea96fe21d3fee63681f2a017a75f68b90254,1,6,with_ai,True,1848105,DEMO_1848105,NV,OTHER_MALIGNANT,False,0.0,monitor,True,0.2695027099553924,,,boardCertifiedDermatologist,Male
e6d8ba61d76de8c1f51177bc63aa1dc6fd13781b,non-expert,a610ea96fe21d3fee63681f2a017a75f68b90254,1,7,without_ai,False,9487851,DEMO_9487851,DF,NV,False,0.0,monitor,True,0.2695027099553924,,,boardCertifiedDermatologist,Male
e6d8ba61d76de8c1f51177bc63aa1dc6fd13781b,non-expert,a610ea96fe21d3fee63681f2a017a75f68b90254,1,7,with_ai,True,9487851,DEMO_9487851,DF,INF,False,0.0,dismiss,True,0.2695027099553924,,,boardCertifiedDermatologist,Male
e6d8ba61d76de8c1f51177bc63aa1dc6fd13781b,non-expert,a610ea96fe21d3fee63681f2a017a75f68b90254,1,8,without_ai,False,124839,DEMO_0124839,BCC,INF,False,0.0,monitor,True,0.2695027099553924,,,boardCertifiedDermatologist,Male
e6d8ba61d76de8c1f51177bc63aa1dc6fd13781b,non-expert,a610ea96fe21d3fee63681f2a017a75f68b90254,1,8,with_ai,True,124839,DEMO_0124839,BCC,BCC,True,1.0,local_therapy,True,0.2695027099553924,,,boardCertifiedDermatologist,Male
e6d8ba61d76de8c1f51177bc63aa1dc6fd13781b,non-expert,a610ea96fe21d3fee63681f2a017a75f68b90254,1,9,without_ai,False,542023,DEMO_0542023,BCC,OTHER_MALIGNANT,False,0.0,dismiss,True,0.2695027099553924,,,boardCertifiedDermatologist,Male
e6d8ba61d76de8c1f51177bc63aa1dc6fd13781b,non-expert,a610ea96fe21d3fee63681f2a017a75f68b90254,1,9,with_ai,True,542023,DEMO_0542023,BCC,OTHER_BENIGN,False,0.0,biopsy,True,0.2695027099553924,,,boardCertifiedDermatologist,Male
e6d8ba61d76de8c1f51177bc63aa1dc6fd13781b,non-expert,a610ea96fe21d3fee63681f2a017a75f68b90254,1,10,without_ai,False,3868716,DEMO_3868716,BKL,OTHER_MALIGNANT,False,0.0,dismiss,True,0.2695027099553924,,,boardCertifiedDermatologist,Male
e6d8ba61d76de8c1f51177bc63aa1dc6fd13781b,non-expert,a610ea96fe21d3fee63681f2a017a75f68b90254,1,10,with_ai,True,3868716,DEMO_3868716,BKL,MEL,False,0.0,dismiss,True,0.2695027099553924,,,boardCertifiedDermatologist,Male
e6d8ba61d76de8c1f51177bc63aa1dc6fd13781b,non-expert,a610ea96fe21d3fee63681f2a017a75f68b90254,1,11,without_ai,False,3867271,DEMO_3867271,MEL,AKIEC,False,0.0,dismiss,True,0.2695027099553924,,,boardCertifiedDermatologist,Male
e6d8ba61d76de8c1f51177bc63aa1dc6fd13781b,non-expert,a610ea96fe21d3fee63681f2a017a75f68b90254,1,11,with_ai,True,3867271,DEMO_3867271,MEL,NV,False,0.0,biopsy,True,0.2695027099553924,,,boardCertifiedDermatologist,Male
e6d8ba61d76de8c1f51177bc63aa1dc6fd13781b,non-expert,a610ea96fe21d3fee63681f2a017a75f68b90254,1,12,without_ai,False,7850096,DEMO_7850096,BCC,BCC,True,1.0,biopsy,True,0.2695027099553924,,,boardCertifiedDermatologist,Male
e6d8ba61d76de8c1f51177bc63aa1dc6fd13781b,non-expert,a610ea96fe21d3fee63681f2a017a75f68b90254,1,12,with_ai,True,7850096,DEMO_7850096,BCC,BKL,False,0.0,biopsy,True,0.2695027099553924,,,boardCertifiedDermatologist,Male
e6d8ba61d76de8c1f51177bc63aa1dc6fd13781b,non-expert,a610ea96fe21d3fee63681f2a017a75f68b90254,1,13,without_ai,False,1750580,DEMO_1750580,VASC,OTHER_MALIGNANT,False,0.0,monitor,True,0.2695027099553924,,,boardCertifiedDermatologist,Male
e6d8ba61d76de8c1f51177bc63aa1dc6fd13781b,non-expert,a610ea96fe21d3fee63681f2a017a75f68b90254,1,13,with_ai,True,1750580,DEMO_1750580,VASC,MEL,False,0.0,dismiss,True,0.2695027099553924,,,boardCertifiedDermatologist,Male
e6d8ba61d76de8c1f51177bc63aa1dc6fd13781b,non-expert,a610ea96fe21d3fee63681f2a017a75f68b90254,1,14,without_ai,False,6730134,DEMO_6730134,NV,INF,False,0.0,local_therapy,True,0.2695027099553924,,,boardCertifiedDermatologist,Male
e6d8ba61d76de8c1f51177bc63aa1dc6fd13781b,non-expert,a610ea96fe21d3fee63681f2a017a75f68b90254,1,14,with_ai,True,6730134,DEMO_6730134,NV,NV,True,1.0,monitor,True,0.2695027099553924,,,boardCertifiedDermatologist,Male
e6d8ba61d76de8c1f51177bc63aa1dc6fd13781b,non-expert,a610ea96fe21d3fee63681f2a017a75f68b90254,1,15,without_ai,False,1777562,DEMO_1777562,DF,INF,False,0.0,local_therapy,True,0.2695027099553924,,,boardCertifiedDermatologist,Male
e6d8ba61d76de8c1f51177bc63aa1dc6fd13781b,non-expert,a610ea96fe21d3fee63681f2a017a75f68b90254,1,15,with_ai,True,1777562,DEMO_1777562,DF,SCCKA,False,0.0,biopsy,True,0.2695027099553924,,,boardCertifiedDermatologist,Male
9c67c5ffcb67418264f7984387e1ac391ea90400,non-expert,e803cd5661f31a2706b3d92a51f4afe269c5c839,1,1,without_ai,False,2871787,DEMO_2871787,MEL,INF,False,0.0,monitor,True,0.4637304289674332,,,boardCertifiedDermatologist,Female
9c67c5ffcb67418264f7984387e1ac391ea90400,non-expert,e803cd5661f31a2706b3d92a51f4afe269c5c839,1,1,with_ai,True,2871787,DEMO_2871787,MEL,MEL,True,1.0,biopsy,True,0.4637304289674332,,,boardCertifiedDermatologist,Female
9c67c5ffcb67418264f7984387e1ac391ea90400,non-expert,e803cd5661f31a2706b3d92a51f4afe269c5c839,1,2,without_ai,False,7158480,DEMO_7158480,BKL,AKIEC,False,0.0,monitor,True,0.4637304289674332,,,boardCertifiedDermatologist,Female
9c67c5ffcb67418264f7984387e1ac391ea90400,non-expert,e803cd5661f31a2706b3d92a51f4afe269c5c839,1,2,with_ai,True,7158480,DEMO_7158480,BKL,MEL,False,0.0,biopsy,True,0.4637304289674332,,,boardCertifiedDermatologist,Female
9c67c5ffcb67418264f7984387e1ac391ea90400,non-expert,e803cd5661f31a2706b3d92a51f4afe269c5c839,1,3,without_ai,False,74592,DEMO_0074592,AKIEC,OTHER_MALIGNANT,False,0.0,biopsy,True,0.4637304289674332,,,boardCertifiedDermatologist,Female
9c67c5ffcb67418264f7984387e1ac391ea90400,non-expert,e803cd5661f31a2706b3d92a51f4afe269c5c839,1,3,with_ai,True,74592,DEMO_0074592,AKIEC,OTHER_MALIGNANT,False,0.0,biopsy,True,0.4637304289674332,,,boardCertifiedDermatologist,Female
9c67c5ffcb67418264f7984387e1ac391ea90400,non-expert,e803cd5661f31a2706b3d92a51f4afe269c5c839,1,4,without_ai,False,8524916,DEMO_8524916,OTHER_BENIGN,VASC,False,0.0,biopsy,True,0.4637304289674332,,,boardCertifiedDermatologist,Female
9c67c5ffcb67418264f7984387e1ac391ea90400,non-expert,e803cd5661f31a2706b3d92a51f4afe269c5c839,1,4,with_ai,True,8524916,DEMO_8524916,OTHER_BENIGN,SCCKA,False,0.0,monitor,True,0.4637304289674332,,,boardCertifiedDermatologist,Female
9c67c5ffcb67418264f7984387e1ac391ea90400,non-expert,e803cd5661f31a2706b3d92a51f4afe269c5c839,1,5,without_ai,False,4104485,DEMO_4104485,BKL,VASC,False,0.0,dismiss,True,0.4637304289674332,,,boardCertifiedDermatologist,Female
9c67c5ffcb67418264f7984387e1ac391ea90400,non-expert,e803cd5661f31a2706b3d92a51f4afe269c5c839,1,5,with_ai,True,4104485,DEMO_4104485,BKL,BKL,True,1.0,monitor,True,0.4637304289674332,,,boardCertifiedDermatologist,Female
9c67c5ffcb67418264f7984387e1ac391ea90400,non-expert,e803cd5661f31a2706b3d92a51f4afe269c5c839,1,6,without_ai,False,3669583,DEMO_3669583,NV,NV,True,1.0,dismiss,True,0.4637304289674332,,,boardCertifiedDermatologist,Female
9c67c5ffcb67418264f7984387e1ac391ea90400,non-expert,e803cd5661f31a2706b3d92a51f4afe269c5c839,1,6,with_ai,True,3669583,DEMO_3669583,NV,NV,True,1.0,biopsy,True,0.4637304289674332,,,boardCertifiedDermatologist,Female
9c67c5ffcb67418264f7984387e1ac391ea90400,non-expert,e803cd5661f31a2706b3d92a51f4afe269c5c839,1,7,without_ai,False,9964445,DEMO_9964445,NV,NV,True,1.0,local_therapy,True,0.4637304289674332,,,boardCertifiedDermatologist,Female
9c67c5ffcb67418264f7984387e1ac391ea90400,non-expert,e803cd5661f31a2706b3d92a51f4afe269c5c839,1,7,with_ai,True,9964445,DEMO_9964445,NV,INF,False,0.0,local_therapy,True,0.4637304289674332,,,boardCertifiedDermatologist,Female
9c67c5ffcb67418264f7984387e1ac391ea90400,non-expert,e803cd5661f31a2706b3d92a51f4afe269c5c839,1,8,without_ai,False,2877914,DEMO_2877914,NV,DF,False,0.0,monitor,True,0.4637304289674332,,,boardCertifiedDermatologist,Female
9c67c5ffcb67418264f7984387e1ac391ea90400,non-expert,e803cd5661f31a2706b3d92a51f4afe269c5c839,1,8,with_ai,True,2877914,DEMO_2877914,NV,NV,True,1.0,dismiss,True,0.4637304289674332,,,boardCertifiedDermatologist,Female
9c67c5ffcb67418264f7984387e1ac391ea90400,non-expert,e803cd5661f31a2706b3d92a51f4afe269c5c839,1,9,without_ai,False,1769711,DEMO_1769711,MEL,MEL,True,1.0,biopsy,True,0.4637304289674332,,,boardCertifiedDermatologist,Female
9c67c5ffcb67418264f7984387e1ac391ea90400,non-expert,e803cd5661f31a2706b3d92a51f4afe269c5c839,1,9,with_ai,True,1769711,DEMO_1769711,MEL,INF,False,0.0,monitor,True,0.4637304289674332,,,boardCertifiedDermatologist,Female
9c67c5ffcb67418264f7984387e1ac391ea90400,non-expert,e803cd5661f31a2706b3d92a51f4afe269c5c839,1,10,without_ai,False,2901324,DEMO_2901324,SCCKA,SCCKA,True,1.0,biopsy,True,0.4637304289674332,,,boardCertifiedDermatologist,Female
9c67c5ffcb67418264f7984387e1ac391ea90400,non-expert,e803cd5661f31a2706b3d92a51f4afe269c5c839,1,10,with_ai,True,2901324,DEMO_2901324,SCCKA,OTHER_BENIGN,False,0.0,dismiss,True,0.4637304289674332,,,boardCertifiedDermatologist,Female
9c67c5ffcb67418264f7984387e1ac391ea90400,non-expert,e803cd5661f31a2706b3d92a51f4afe269c5c839,1,11,without_ai,False,1466475,DEMO_1466475,DF,MEL,False,0.0,biopsy,True,0.4637304289674332,,,boardCertifiedDermatologist,Female
9c67c5ffcb67418264f7984387e1ac391ea90400,non-expert,e803cd5661f31a2706b3d92a51f4afe269c5c839,1,11,with_ai,True,1466475,DEMO_1466475,DF,NV,False,0.0,monitor,True,0.4637304289674332,,,boardCertifiedDermatologist,Female
9c67c5ffcb67418264f7984387e1ac391ea90400,non-expert,e803cd5661f31a2706b3d92a51f4afe269c5c839,1,12,without_ai,False,8547824,DEMO_8547824,MEL,NV,False,0.0,local_therapy,True,0.4637304289674332,,,boardCertifiedDermatologist,Female
9c67c5ffcb67418264f7984387e1ac391ea90400,non-expert,e803cd5661f31a2706b3d92a51f4afe269c5c839,1,12,with_ai,True,8547824,DEMO_8547824,MEL,MEL,True,1.0,biopsy,True,0.4637304289674332,,,boardCertifiedDermatologist,Female
9c67c5ffcb67418264f7984387e1ac391ea90400,non-expert,e803cd5661f31a2706b3d92a51f4afe269c5c839,1,13,without_ai,False,5420742,DEMO_5420742,SCCKA,SCCKA,True,1.0,dismiss,True,0.4637304289674332,,,boardCertifiedDermatologist,Female
9c67c5ffcb67418264f7984387e1ac391ea90400,non-expert,e803cd5661f31a2706b3d92a51f4afe269c5c839,1,13,with_ai,True,5420742,DEMO_5420742,SCCKA,INF,False,0.0,monitor,True,0.4637304289674332,,,boardCertifiedDermatologist,Female
9c67c5ffcb67418264f7984387e1ac391ea90400,non-expert,e803cd5661f31a2706b3d92a51f4afe269c5c839,1,14,without_ai,False,8034731,DEMO_8034731,MEL,MEL,True,1.0,biopsy,True,0.4637304289674332,,,boardCertifiedDermatologist,Female
9c67c5ffcb67418264f7984387e1ac391ea90400,non-expert,e803cd5661f31a2706b3d92a51f4afe269c5c839,1,14,with_ai,True,8034731,DEMO_8034731,MEL,INF,False,0.0,biopsy,True,0.4637304289674332,,,boardCertifiedDermatologist,Female
9c67c5ffcb67418264f7984387e1ac391ea90400,non-expert,e803cd5661f31a2706b3d92a51f4afe269c5c839,1,15,without_ai,False,9196057,DEMO_9196057,SCCKA,SCCKA,True,1.0,biopsy,True,0.4637304289674332,,,boardCertifiedDermatologist,Female
9c67c5ffcb67418264f7984387e1ac391ea90400,non-expert,e803cd5661f31a2706b3d92a51f4afe269c5c839,1,15,with_ai,True,9196057,DEMO_9196057,SCCKA,OTHER_BENIGN,False,0.0,biopsy,True,0.4637304289674332,,,boardCertifiedDermatologist,Female
9c67c5ffcb67418264f7984387e1ac391ea90400,non-expert,ce81576df3a1eefbb4ba18d84f6e2140b8b723f9,2,1,without_ai,False,9440764,DEMO_9440764,AKIEC,AKIEC,True,1.0,local_therapy,True,0.4637304289674332,,,boardCertifiedDermatologist,Female
9c67c5ffcb67418264f7984387e1ac391ea90400,non-expert,ce81576df3a1eefbb4ba18d84f6e2140b8b723f9,2,1,with_ai,True,9440764,DEMO_9440764,AKIEC,AKIEC,True,1.0,local_therapy,True,0.4637304289674332,,,boardCertifiedDermatologist,Female
9c67c5ffcb67418264f7984387e1ac391ea90400,non-expert,ce81576df3a1eefbb4ba18d84f6e2140b8b723f9,2,2,without_ai,False,7404348,DEMO_7404348,SCCKA,BCC,False,0.0,local_therapy,True,0.4637304289674332,,,boardCertifiedDermatologist,Female
9c67c5ffcb67418264f7984387e1ac391ea90400,non-expert,ce81576df3a1eefbb4ba18d84f6e2140b8b723f9,2,2,with_ai,True,7404348,DEMO_7404348,SCCKA,MEL,False,0.0,dismiss,True,0.4637304289674332,,,boardCertifiedDermatologist,Female
9c67c5ffcb67418264f7984387e1ac391ea90400,non-expert,ce81576df3a1eefbb4ba18d84f6e2140b8b723f9,2,3,without_ai,False,5828054,DEMO_5828054,BCC,AKIEC,False,0.0,biopsy,True,0.4637304289674332,,,boardCertifiedDermatologist,Female
9c67c5ffcb67418264f7984387e1ac391ea90400,non-expert,ce81576df3a1eefbb4ba18d84f6e2140b8b723f9,2,3,with_ai,True,5828054,DEMO_5828054,BCC,VASC,False,0.0,biopsy,True,0.4637304289674332,,,boardCertifiedDermatologist,Female
9c67c5ffcb67418264f7984387e1ac391ea90400,non-expert,ce81576df3a1eefbb4ba18d84f6e2140b8b723f9,2,4,without_ai,False,2030682,DEMO_2030682,SCCKA,SCCKA,True,1.0,biopsy,True,0.4637304289674332,,,boardCertifiedDermatologist,Female
9c67c5ffcb67418264f7984387e1ac391ea90400,non-expert,ce81576df3a1eefbb4ba18d84f6e2140b8b723f9,2,4,with_ai,True,2030682,DEMO_2030682,SCCKA,DF,False,0.0,biopsy,True,0.4637304289674332,,,boardCertifiedDermatologist,Female
9c67c5ffcb67418264f7984387e1ac391ea90400,non-expert,ce81576df3a1eefbb4ba18d84f6e2140b8b723f9,2,5,without_ai,False,8666366,DEMO_8666366,DF,AKIEC,False,0.0,monitor,True,0.4637304289674332,,,boardCertifiedDermatologist,Female
9c67c5ffcb67418264f7984387e1ac391ea90400,non-expert,ce81576df3a1eefbb4ba18d84f6e2140b8b723f9,2,5,with_ai,True,8666366,DEMO_8666366,DF,DF,True,1.0,dismiss,True,0.4637304289674332,,,boardCertifiedDermatologist,Female
9c67c5ffcb67418264f7984387e1ac391ea90400,non-expert,ce81576df3a1eefbb4ba18d84f6e2140b8b723f9,2,6,without_ai,False,2603940,DEMO_2603940,AKIEC,OTHER_BENIGN,False,0.0,local_therapy,True,0.4637304289674332,,,boardCertifiedDermatologist,Female
9c67c5ffcb67418264f7984387e1ac391ea90400,non-expert,ce81576df3a1eefbb4ba18d84f6e2140b8b723f9,2,6,with_ai,True,2603940,DEMO_2603940,AKIEC,AKIEC,True,1.0,local_therapy,True,0.4637304289674332,,,boardCertifiedDermatologist,Female
9c67c5ffcb67418264f7984387e1ac391ea90400,non-expert,ce81576df3a1eefbb4ba18d84f6e2140b8b723f9,2,7,without_ai,False,2419655,DEMO_2419655,BCC,MEL,False,0.0,local_therapy,True,0.4637304289674332,,,boardCertifiedDermatologist,Female
9c67c5ffcb67418264f7984387e1ac391ea90400,non-expert,ce81576df3a1eefbb4ba18d84f6e2140b8b723f9,2,7,with_ai,True,2419655,DEMO_2419655,BCC,BCC,True,1.0,monitor,True,0.4637304289674332,,,boardCertifiedDermatologist,Female
9c67c5ffcb67418264f7984387e1ac391ea90400,non-expert,ce81576df3a1eefbb4ba18d84f6e2140b8b723f9,2,8,without_ai,False,6456072,DEMO_6456072,NV,BKL,False,0.0,local_therapy,True,0.4637304289674332,,,boardCertifiedDermatologist,Female
9c67c5ffcb67418264f7984387e1ac391ea90400,non-expert,ce81576df3a1eefbb4ba18d84f6e2140b8b723f9,2,8,with_ai,True,6456072,DEMO_6456072,NV,BKL,False,0.0,monitor,True,0.4637304289674332,,,boardCertifiedDermatologist,Female
9c67c5ffcb67418264f7984387e1ac391ea90400,non-expert,ce81576df3a1eefbb4ba18d84f6e2140b8b723f9,2,9,without_ai,False,4806274,DEMO_4806274,MEL,DF,False,0.0,biopsy,True,0.4637304289674332,,,boardCertifiedDermatologist,Female
9c67c5ffcb67418264f7984387e1ac391ea90400,non-expert,ce81576df3a1eefbb4ba18d84f6e2140b8b723f9,2,9,with_ai,True,4806274,DEMO_4806274,MEL,MEL,True,1.0,local_therapy,True,0.4637304289674332,,,boardCertifiedDermatologist,Female
9c67c5ffcb67418264f7984387e1ac391ea90400,non-expert,ce81576df3a1eefbb4ba18d84f6e2140b8b723f9,2,10,without_ai,False,7734467,DEMO_7734467,SCCKA,MEL,False,0.0,local_therapy,True,0.4637304289674332,,,boardCertifiedDermatologist,Female
9c67c5ffcb67418264f7984387e1ac391ea90400,non-expert,ce81576df3a1eefbb4ba18d84f6e2140b8b723f9,2,10,with_ai,True,7734467,DEMO_7734467,SCCKA,SCCKA,True,1.0,biopsy,True,0.4637304289674332,,,boardCertifiedDermatologist,Female
9c67c5ffcb67418264f7984387e1ac391ea90400,non-expert,ce81576df3a1eefbb4ba18d84f6e2140b8b723f9,2,11,without_ai,False,2631737,DEMO_2631737,MEL,MEL,True,1.0,local_therapy,True,0.4637304289674332,,,boardCertifiedDermatologist,Female
9c67c5ffcb67418264f7984387e1ac391ea90400,non-expert,ce81576df3a1eefbb4ba18d84f6e2140b8b723f9,2,11,with_ai,True,2631737,DEMO_2631737,MEL,MEL,True,1.0,local_therapy,True,0.4637304289674332,,,boardCertifiedDermatologist,Female
9c67c5ffcb67418264f7984387e1ac391ea90400,non-expert,ce81576df3a1eefbb4ba18d84f6e2140b8b723f9,2,12,without_ai,False,7776556,DEMO_7776556,SCCKA,AKIEC,False,0.0,local_therapy,True,0.4637304289674332,,,boardCertifiedDermatologist,Female
9c67c5ffcb67418264f7984387e1ac391ea90400,non-expert,ce81576df3a1eefbb4ba18d84f6e2140b8b723f9,2,12,with_ai,True,7776556,DEMO_7776556,SCCKA,BCC,False,0.0,biopsy,True,0.4637304289674332,,,boardCertifiedDermatologist,Female
9c67c5ffcb67418264f7984387e1ac391ea90400,non-expert,ce81576df3a1eefbb4ba18d84f6e2140b8b723f9,2,13,without_ai,False,896576,DEMO_0896576,INF,VASC,False,0.0,monitor,True,0.4637304289674332,,,boardCertifiedDermatologist,Female
9c67c5ffcb67418264f7984387e1ac391ea90400,non-expert,ce81576df3a1eefbb4ba18d84f6e2140b8b723f9,2,13,with_ai,True,896576,DEMO_0896576,INF,NV,False,0.0,monitor,True,0.4637304289674332,,,boardCertifiedDermatologist,Female
9c67c5ffcb67418264f7984387e1ac391ea90400,non-expert,ce81576df3a1eefbb4ba18d84f6e2140b8b723f9,2,14,without_ai,False,8410571,DEMO_8410571,BKL,BKL,True,1.0,monitor,True,0.4637304289674332,,,boardCertifiedDermatologist,Female
9c67c5ffcb67418264f7984387e1ac391ea90400,non-expert,ce81576df3a1eefbb4ba18d84f6e2140b8b723f9,2,14,with_ai,True,8410571,DEMO_8410571,BKL,BCC,False,0.0,dismiss,True,0.4637304289674332,,,boardCertifiedDermatologist,Female
9c67c5ffcb67418264f7984387e1ac391ea90400,non-expert,ce81576df3a1eefbb4ba18d84f6e2140b8b723f9,2,15,without_ai,False,3243480,DEMO_3243480,DF,DF,True,1.0,dismiss,True,0.4637304289674332,,,boardCertifiedDermatologist,Female
9c67c5ffcb67418264f7984387e1ac391ea90400,non-expert,ce81576df3a1eefbb4ba18d84f6e2140b8b723f9,2,15,with_ai,True,3243480,DEMO_3243480,DF,MEL,False,0.0,dismiss,True,0.4637304289674332,,,boardCertifiedDermatologist,Female
9c67c5ffcb67418264f7984387e1ac391ea90400,non-expert,0b1115453249557f23d4fbb082c9ce5a0cb6525a,3,1,without_ai,False,7982556,DEMO_7982556,DF,INF,False,0.0,dismiss,True,0.4637304289674332,,,boardCertifiedDermatologist,Female
9c67c5ffcb67418264f7984387e1ac391ea90400,non-expert,0b1115453249557f23d4fbb082c9ce5a0cb6525a,3,1,with_ai,True,7982556,DEMO_7982556,DF,DF,True,1.0,dismiss,True,0.4637304289674332,,,boardCertifiedDermatologist,Female
9c67c5ffcb67418264f7984387e1ac391ea90400,non-expert,0b1115453249557f23d4fbb082c9ce5a0cb6525a,3,2,without_ai,False,4461844,DEMO_4461844,SCCKA,OTHER_MALIGNANT,False,0.0,monitor,True,0.4637304289674332,,,boardCertifiedDermatologist,Female
9c67c5ffcb67418264f7984387e1ac391ea90400,non-expert,0b1115453249557f23d4fbb082c9ce5a0cb6525a,3,2,with_ai,True,4461844,DEMO_4461844,SCCKA,SCCKA,True,1.0,biopsy,True,0.4637304289674332,,,boardCertifiedDermatologist,Female
9c67c5ffcb67418264f7984387e1ac391ea90400,non-expert,0b1115453249557f23d4fbb082c9ce5a0cb6525a,3,3,without_ai,False,1526161,DEMO_1526161,SCCKA,SCCKA,True,1.0,biopsy,True,0.4637304289674332,,,boardCertifiedDermatologist,Female
9c67c5ffcb67418264f7984387e1ac391ea90400,non-expert,0b1115453249557f23d4fbb082c9ce5a0cb6525a,3,3,with_ai,True,1526161,DEMO_1526161,SCCKA,SCCKA,True,1.0,local_therapy,True,0.4637304289674332,,,boardCertifiedDermatologist,Female
9c67c5ffcb67418264f7984387e1ac391ea90400,non-expert,0b1115453249557f23d4fbb082c9ce5a0cb6525a,3,4,without_ai,False,759901,DEMO_0759901,BCC,BCC,True,1.0,biopsy,True,0.4637304289674332,,,boardCertifiedDermatologist,Female
9c67c5ffcb67418264f7984387e1ac391ea90400,non-expert,0b1115453249557f23d4fbb082c9ce5a0cb6525a,3,4,with_ai,True,759901,DEMO_0759901,BCC,BCC,True,1.0,biopsy,True,0.4637304289674332,,,boardCertifiedDermatologist,Female
9c67c5ffcb67418264f7984387e1ac391ea90400,non-expert,0b1115453249557f23d4fbb082c9ce5a0cb6525a,3,5,without_ai,False,9205033,DEMO_9205033,BKL,BKL,True,1.0,dismiss,True,0.4637304289674332,,,boardCertifiedDermatologist,Female
9c67c5ffcb67418264f7984387e1ac391ea90400,non-expert,0b1115453249557f23d4fbb082c9ce5a0cb6525a,3,5,with_ai,True,9205033,DEMO_9205033,BKL,DF,False,0.0,biopsy,True,0.4637304289674332,,,boardCertifiedDermatologist,Female
9c67c5ffcb67418264f7984387e1ac391ea90400,non-expert,0b1115453249557f23d4fbb082c9ce5a0cb6525a,3,6,without_ai,False,7410429,DEMO_7410429,AKIEC,SCCKA,False,0.0,monitor,True,0.4637304289674332,,,boardCertifiedDermatologist,Female
9c67c5ffcb67418264f7984387e1ac391ea90400,non-expert,0b1115453249557f23d4fbb082c9ce5a0cb6525a,3,6,with_ai,True,7410429,DEMO_7410429,AKIEC,AKIEC,True,1.0,local_therapy,True,0.4637304289674332,,,boardCertifiedDermatologist,Female
9c67c5ffcb67418264f7984387e1ac391ea90400,non-expert,0b1115453249557f23d4fbb082c9ce5a0cb6525a,3,7,without_ai,False,6830257,DEMO_6830257,MEL,MEL,True,1.0,dismiss,True,0.4637304289674332,,,boardCertifiedDermatologist,Female
9c67c5ffcb67418264f7984387e1ac391ea90400,non-expert,0b1115453249557f23d4fbb082c9ce5a0cb6525a,3,7,with_ai,True,6830257,DEMO_6830257,MEL,SCCKA,False,0.0,local_therapy,True,0.4637304289674332,,,boardCertifiedDermatologist,Female
9c67c5ffcb67418264f7984387e1ac391ea90400,non-expert,0b1115453249557f23d4fbb082c9ce5a0cb6525a,3,8,without_ai,False,2741784,DEMO_2741784,BKL,BKL,True,1.0,monitor,True,0.4637304289674332,,,boardCertifiedDermatologist,Female
9c67c5ffcb67418264f7984387e1ac391ea90400,non-expert,0b1115453249557f23d4fbb082c9ce5a0cb6525a,3,8,with_ai,True,2741784,DEMO_2741784,BKL,DF,False,0.0,local_therapy,True,0.4637304289674332,,,boardCertifiedDermatologist,Female
9c67c5ffcb67418264f7984387e1ac391ea90400,non-expert,0b1115453249557f23d4fbb082c9ce5a0cb6525a,3,9,without_ai,False,2495128,DEMO_2495128,BKL,VASC,False,0.0,biopsy,True,0.4637304289674332,,,boardCertifiedDermatologist,Female
9c67c5ffcb67418264f7984387e1ac391ea90400,non-expert,0b1115453249557f23d4fbb082c9ce5a0cb6525a,3,9,with_ai,True,2495128,DEMO_2495128,BKL,DF,False,0.0,monitor,True,0.4637304289674332,,,boardCertifiedDermatologist,Female
9c67c5ffcb67418264f7984387e1ac391ea90400,non-expert,0b1115453249557f23d4fbb082c9ce5a0cb6525a,3,10,without_ai,False,6901990,DEMO_6901990,NV,BCC,False,0.0,dismiss,True,0.4637304289674332,,,boardCertifiedDermatologist,Female
9c67c5ffcb67418264f7984387e1ac391ea90400,non-expert,0b1115453249557f23d4fbb082c9ce5a0cb6525a,3,10,with_ai,True,6901990,DEMO_6901990,NV,NV,True,1.0,dismiss,True,0.4637304289674332,,,boardCertifiedDermatologist,Female
9c67c5ffcb67418264f7984387e1ac391ea90400,non-expert,0b1115453249557f23d4fbb082c9ce5a0cb6525a,3,11,without_ai,False,9801702,DEMO_9801702,BCC,BCC,True,1.0,biopsy,True,0.4637304289674332,,,boardCertifiedDermatologist,Female
9c67c5ffcb67418264f7984387e1ac391ea90400,non-expert,0b1115453249557f23d4fbb082c9ce5a0cb6525a,3,11,with_ai,True,9801702,DEMO_9801702,BCC,MEL,False,0.0,biopsy,True,0.4637304289674332,,,boardCertifiedDermatologist,Female
9c67c5ffcb67418264f7984387e1ac391ea90400,non-expert,0b1115453249557f23d4fbb082c9ce5a0cb6525a,3,12,without_ai,False,1197866,DEMO_1197866,BCC,BCC,True,1.0,biopsy,True,0.4637304289674332,,,boardCertifiedDermatologist,Female
9c67c5ffcb67418264f7984387e1ac391ea90400,non-expert,0b1115453249557f23d4fbb082c9ce5a0cb6525a,3,12,with_ai,True,1197866,DEMO_1197866,BCC,MEL,False,0.0,biopsy,True,0.4637304289674332,,,boardCertifiedDermatologist,Female
9c67c5ffcb67418264f7984387e1ac391ea90400,non-expert,0b1115453249557f23d4fbb082c9ce5a0cb6525a,3,13,without_ai,False,1847464,DEMO_1847464,VASC,VASC,True,1.0,monitor,True,0.4637304289674332,,,boardCertifiedDermatologist,Female
9c67c5ffcb67418264f7984387e1ac391ea90400,non-expert,0b1115453249557f23d4fbb082c9ce5a0cb6525a,3,13,with_ai,True,1847464,DEMO_1847464,VASC,VASC,True,1.0,monitor,True,0.4637304289674332,,,boardCertifiedDermatologist,Female
9c67c5ffcb67418264f7984387e1ac391ea90400,non-expert,0b1115453249557f23d4fbb082c9ce5a0cb6525a,3,14,without_ai,False,2941848,DEMO_2941848,DF,OTHER_BENIGN,False,0.0,dismiss,True,0.4637304289674332,,,boardCertifiedDermatologist,Female
9c67c5ffcb67418264f7984387e1ac391ea90400,non-expert,0b1115453249557f23d4fbb082c9ce5a0cb6525a,3,14,with_ai,True,2941848,DEMO_2941848,DF,BCC,False,0.0,monitor,True,0.4637304289674332,,,boardCertifiedDermatologist,Female
9c67c5ffcb67418264f7984387e1ac391ea90400,non-expert,0b1115453249557f23d4fbb082c9ce5a0cb6525a,3,15,without_ai,False,3614076,DEMO_3614076,BCC,BCC,True,1.0,local_therapy,True,0.4637304289674332,,,boardCertifiedDermatologist,Female
9c67c5ffcb67418264f7984387e1ac391ea90400,non-expert,0b1115453249557f23d4fbb082c9ce5a0cb6525a,3,15,with_ai,True,3614076,DEMO_3614076,BCC,BCC,True,1.0,biopsy,True,0.4637304289674332,,,boardCertifiedDermatologist,Female
72ada0cb655d1673a07bc05904037c4202f60a4c,expert,d858de41eb6c5ba284be4dc8b3b36b29113e9392,1,1,without_ai,False,4556003,DEMO_4556003,AKIEC,AKIEC,True,1.0,biopsy,True,0.7510567330569449,41-50,,boardCertifiedDermatologist,Female
72ada0cb655d1673a07bc05904037c4202f60a4c,expert,d858de41eb6c5ba284be4dc8b3b36b29113e9392,1,1,with_ai,True,4556003,DEMO_4556003,AKIEC,INF,False,0.0,monitor,True,0.7510567330569449,41-50,,boardCertifiedDermatologist,Female
72ada0cb655d1673a07bc05904037c4202f60a4c,expert,d858de41eb6c5ba284be4dc8b3b36b29113e9392,1,2,without_ai,False,4630083,DEMO_4630083,MEL,OTHER_BENIGN,False,0.0,biopsy,True,0.7510567330569449,41-50,,boardCertifiedDermatologist,Female
72ada0cb655d1673a07bc05904037c4202f60a4c,expert,d858de41eb6c5ba284be4dc8b3b36b29113e9392,1,2,with_ai,True,4630083,DEMO_4630083,MEL,MEL,True,1.0,biopsy,True,0.7510567330569449,41-50,,boardCertifiedDermatologist,Female
72ada0cb655d1673a07bc05904037c4202f60a4c,expert,d858de41eb6c5ba284be4dc8b3b36b29113e9392,1,3,without_ai,False,2245152,DEMO_2245152,NV,NV,True,1.0,local_therapy,True,0.7510567330569449,41-50,,boardCertifiedDermatologist,Female
72ada0cb655d1673a07bc05904037c4202f60a4c,expert,d858de41eb6c5ba284be4dc8b3b36b29113e9392,1,3,with_ai,True,2245152,DEMO_2245152,NV,NV,True,1.0,monitor,True,0.7510567330569449,41-50,,boardCertifiedDermatologist,Female
72ada0cb655d1673a07bc05904037c4202f60a4c,expert,d858de41eb6c5ba284be4dc8b3b36b29113e9392,1,4,without_ai,False,9989326,DEMO_9989326,BCC,BCC,True,1.0,biopsy,True,0.7510567330569449,41-50,,boardCertifiedDermatologist,Female
72ada0cb655d1673a07bc05904037c4202f60a4c,expert,d858de41eb6c5ba284be4dc8b3b36b29113e9392,1,4,with_ai,True,9989326,DEMO_9989326,BCC,BCC,True,1.0,local_therapy,True,0.7510567330569449,41-50,,boardCertifiedDermatologist,Female
72ada0cb655d1673a07bc05904037c4202f60a4c,expert,d858de41eb6c5ba284be4dc8b3b36b29113e9392,1,5,without_ai,False,2652273,DEMO_2652273,SCCKA,SCCKA,True,1.0,local_therapy,True,0.7510567330569449,41-50,,boardCertifiedDermatologist,Female
72ada0cb655d1673a07bc05904037c4202f60a4c,expert,d858de41eb6c5ba284be4dc8b3b36b29113e9392,1,5,with_ai,True,2652273,DEMO_2652273,SCCKA,SCCKA,True,1.0,biopsy,True,0.7510567330569449,41-50,,boardCertifiedDermatologist,Female
72ada0cb655d1673a07bc05904037c4202f60a4c,expert,d858de41eb6c5ba284be4dc8b3b36b29113e9392,1,6,without_ai,False,9010629,DEMO_9010629,NV,NV,True,1.0,biopsy,True,0.7510567330569449,41-50,,boardCertifiedDermatologist,Female
72ada0cb655d1673a07bc05904037c4202f60a4c,expert,d858de41eb6c5ba284be4dc8b3b36b29113e9392,1,6,with_ai,True,9010629,DEMO_9010629,NV,NV,True,1.0,monitor,True,0.7510567330569449,41-50,,boardCertifiedDermatologist,Female
72ada0cb655d1673a07bc05904037c4202f60a4c,expert,d858de41eb6c5ba284be4dc8b3b36b29113e9392,1,7,without_ai,False,6510663,DEMO_6510663,BKL,BKL,True,1.0,monitor,True,0.7510567330569449,41-50,,boardCertifiedDermatologist,Female
72ada0cb655d1673a07bc05904037c4202f60a4c,expert,d858de41eb6c5ba284be4dc8b3b36b29113e9392,1,7,with_ai,True,6510663,DEMO_6510663,BKL,INF,False,0.0,dismiss,True,0.7510567330569449,41-50,,boardCertifiedDermatologist,Female
72ada0cb655d1673a07bc05904037c4202f60a4c,expert,d858de41eb6c5ba284be4dc8b3b36b29113e9392,1,8,without_ai,False,1153357,DEMO_1153357,NV,NV,True,1.0,monitor,True,0.7510567330569449,41-50,,boardCertifiedDermatologist,Female
72ada0cb655d1673a07bc05904037c4202f60a4c,expert,d858de41eb6c5ba284be4dc8b3b36b29113e9392,1,8,with_ai,True,1153357,DEMO_1153357,NV,OTHER_MALIGNANT,False,0.0,dismiss,True,0.7510567330569449,41-50,,boardCertifiedDermatologist,Female
72ada0cb655d1673a07bc05904037c4202f60a4c,expert,d858de41eb6c5ba284be4dc8b3b36b29113e9392,1,9,without_ai,False,2211938,DEMO_2211938,BKL,BKL,True,1.0,biopsy,True,0.7510567330569449,41-50,,boardCertifiedDermatologist,Female
72ada0cb655d1673a07bc05904037c4202f60a4c,expert,d858de41eb6c5ba284be4dc8b3b36b29113e9392,1,9,with_ai,True,2211938,DEMO_2211938,BKL,BKL,True,1.0,dismiss,True,0.7510567330569449,41-50,,boardCertifiedDermatologist,Female
72ada0cb655d1673a07bc05904037c4202f60a4c,expert,d858de41eb6c5ba284be4dc8b3b36b29113e9392,1,10,without_ai,False,6680159,DEMO_6680159,NV,NV,True,1.0,monitor,True,0.7510567330569449,41-50,,boardCertifiedDermatologist,Female
72ada0cb655d1673a07bc05904037c4202f60a4c,expert,d858de41eb6c5ba284be4dc8b3b36b29113e9392,1,10,with_ai,True,6680159,DEMO_6680159,NV,NV,True,1.0,monitor,True,0.7510567330569449,41-50,,boardCertifiedDermatologist,Female
72ada0cb655d1673a07bc05904037c4202f60a4c,expert,d858de41eb6c5ba284be4dc8b3b36b29113e9392,1,11,without_ai,False,173452,DEMO_0173452,BKL,BKL,True,1.0,dismiss,True,0.7510567330569449,41-50,,boardCertifiedDermatologist,Female
72ada0cb655d1673a07bc05904037c4202f60a4c,expert,d858de41eb6c5ba284be4dc8b3b36b29113e9392,1,11,with_ai,True,173452,DEMO_0173452,BKL,VASC,False,0.0,monitor,True,0.7510567330569449,41-50,,boardCertifiedDermatologist,Female
72ada0cb655d1673a07bc05904037c4202f60a4c,expert,d858de41eb6c5ba284be4dc8b3b36b29113e9392,1,12,without_ai,False,7775412,DEMO_7775412,SCCKA,SCCKA,True,1.0,biopsy,True,0.7510567330569449,41-50,,boardCertifiedDermatologist,Female
72ada0cb655d1673a07bc05904037c4202f60a4c,expert,d858de41eb6c5ba284be4dc8b3b36b29113e9392,1,12,with_ai,True,7775412,DEMO_7775412,SCCKA,SCCKA,True,1.0,monitor,True,0.7510567330569449,41-50,,boardCertifiedDermatologist,Female
72ada0cb655d1673a07bc05904037c4202f60a4c,expert,d858de41eb6c5ba284be4dc8b3b36b29113e9392,1,13,without_ai,False,3920124,DEMO_3920124,MEL,MEL,True,1.0,local_therapy,True,0.7510567330569449,41-50,,boardCertifiedDermatologist,Female
72ada0cb655d1673a07bc05904037c4202f60a4c,expert,d858de41eb6c5ba284be4dc8b3b36b29113e9392,1,13,with_ai,True,3920124,DEMO_3920124,MEL,MEL,True,1.0,local_therapy,True,0.7510567330569449,41-50,,boardCertifiedDermatologist,Female
72ada0cb655d1673a07bc05904037c4202f60a4c,expert,d858de41eb6c5ba284be4dc8b3b36b29113e9392,1,14,without_ai,False,2627215,DEMO_2627215,BCC,BCC,True,1.0,local_therapy,True,0.7510567330569449,41-50,,boardCertifiedDermatologist,Female
72ada0cb655d1673a07bc05904037c4202f60a4c,expert,d858de41eb6c5ba284be4dc8b3b36b29113e9392,1,14,with_ai,True,2627215,DEMO_2627215,BCC,BCC,True,1.0,biopsy,True,0.7510567330569449,41-50,,boardCertifiedDermatologist,Female
72ada0cb655d1673a07bc05904037c4202f60a4c,expert,d858de41eb6c5ba284be4dc8b3b36b29113e9392,1,15,without_ai,False,326849,DEMO_0326849,SCCKA,DF,False,0.0,local_therapy,True,0.7510567330569449,41-50,,boardCertifiedDermatologist,Female
72ada0cb655d1673a07bc05904037c4202f60a4c,expert,d858de41eb6c5ba284be4dc8b3b36b29113e9392,1,15,with_ai,True,326849,DEMO_0326849,SCCKA,OTHER_MALIGNANT,False,0.0,biopsy,True,0.7510567330569449,41-50,,boardCertifiedDermatologist,Female
df205e1a05b8ede135771c875b7b168ada0ea86e,expert,7d55552fb0e0fc8674fac623341157cf6a6b8df9,1,1,without_ai,False,5162961,DEMO_5162961,BKL,BKL,True,1.0,monitor,True,0.7566965006903874,20-30,,dermatologyResident,Female
df205e1a05b8ede135771c875b7b168ada0ea86e,expert,7d55552fb0e0fc8674fac623341157cf6a6b8df9,1,1,with_ai,True,5162961,DEMO_5162961,BKL,BKL,True,1.0,monitor,True,0.7566965006903874,20-30,,dermatologyResident,Female
df205e1a05b8ede135771c875b7b168ada0ea86e,expert,7d55552fb0e0fc8674fac623341157cf6a6b8df9,1,2,without_ai,False,2876181,DEMO_2876181,SCCKA,MEL,False,0.0,biopsy,True,0.7566965006903874,20-30,,dermatologyResident,Female
df205e1a05b8ede135771c875b7b168ada0ea86e,expert,7d55552fb0e0fc8674fac623341157cf6a6b8df9,1,2,with_ai,True,2876181,DEMO_2876181,SCCKA,SCCKA,True,1.0,monitor,True,0.7566965006903874,20-30,,dermatologyResident,Female
df205e1a05b8ede135771c875b7b168ada0ea86e,expert,7d55552fb0e0fc8674fac623341157cf6a6b8df9,1,3,without_ai,False,2670590,DEMO_2670590,SCCKA,SCCKA,True,1.0,biopsy,True,0.7566965006903874,20-30,,dermatologyResident,Female
df205e1a05b8ede135771c875b7b168ada0ea86e,expert,7d55552fb0e0fc8674fac623341157cf6a6b8df9,1,3,with_ai,True,2670590,DEMO_2670590,SCCKA,SCCKA,True,1.0,local_therapy,True,0.7566965006903874,20-30,,dermatologyResident,Female
df205e1a05b8ede135771c875b7b168ada0ea86e,expert,7d55552fb0e0fc8674fac623341157cf6a6b8df9,1,4,without_ai,False,106668,DEMO_0106668,MEL,MEL,True,1.0,local_therapy,True,0.7566965006903874,20-30,,dermatologyResident,Female
df205e1a05b8ede135771c875b7b168ada0ea86e,expert,7d55552fb0e0fc8674fac623341157cf6a6b8df9,1,4,with_ai,True,106668,DEMO_0106668,MEL,MEL,True,1.0,local_therapy,True,0.7566965006903874,20-30,,dermatologyResident,Female
df205e1a05b8ede135771c875b7b168ada0ea86e,expert,7d55552fb0e0fc8674fac623341157cf6a6b8df9,1,5,without_ai,False,5595708,DEMO_5595708,BCC,BCC,True,1.0,biopsy,True,0.7566965006903874,20-30,,dermatologyResident,Female
df205e1a05b8ede135771c875b7b168ada0ea86e,expert,7d55552fb0e0fc8674fac623341157cf6a6b8df9,1,5,with_ai,True,5595708,DEMO_5595708,BCC,BCC,True,1.0,local_therapy,True,0.7566965006903874,20-30,,dermatologyResident,Female
df205e1a05b8ede135771c875b7b168ada0ea86e,expert,7d55552fb0e0fc8674fac623341157cf6a6b8df9,1,6,without_ai,False,6546855,DEMO_6546855,MEL,MEL,True,1.0,local_therapy,True,0.7566965006903874,20-30,,dermatologyResident,Female
df205e1a05b8ede135771c875b7b168ada0ea86e,expert,7d55552fb0e0fc8674fac623341157cf6a6b8df9,1,6,with_ai,True,6546855,DEMO_6546855,MEL,MEL,True,1.0,monitor,True,0.7566965006903874,20-30,,dermatologyResident,Female
df205e1a05b8ede135771c875b7b168ada0ea86e,expert,7d55552fb0e0fc8674fac623341157cf6a6b8df9,1,7,without_ai,False,1209006,DEMO_1209006,AKIEC,AKIEC,True,1.0,biopsy,True,0.7566965006903874,20-30,,dermatologyResident,Female
df205e1a05b8ede135771c875b7b168ada0ea86e,expert,7d55552fb0e0fc8674fac623341157cf6a6b8df9,1,7,with_ai,True,1209006,DEMO_1209006,AKIEC,AKIEC,True,1.0,biopsy,True,0.7566965006903874,20-30,,dermatologyResident,Female
df205e1a05b8ede135771c875b7b168ada0ea86e,expert,7d55552fb0e0fc8674fac623341157cf6a6b8df9,1,8,without_ai,False,9558936,DEMO_9558936,NV,NV,True,1.0,dismiss,True,0.7566965006903874,20-30,,dermatologyResident,Female
df205e1a05b8ede135771c875b7b168ada0ea86e,expert,7d55552fb0e0fc8674fac623341157cf6a6b8df9,1,8,with_ai,True,9558936,DEMO_9558936,NV,NV,True,1.0,monitor,True,0.7566965006903874,20-30,,dermatologyResident,Female
df205e1a05b8ede135771c875b7b168ada0ea86e,expert,7d55552fb0e0fc8674fac623341157cf6a6b8df9,1,9,without_ai,False,7404876,DEMO_7404876,NV,NV,True,1.0,dismiss,True,0.7566965006903874,20-30,,dermatologyResident,Female
df205e1a05b8ede135771c875b7b168ada0ea86e,expert,7d55552fb0e0fc8674fac623341157cf6a6b8df9,1,9,with_ai,True,7404876,DEMO_7404876,NV,NV,True,1.0,monitor,True,0.7566965006903874,20-30,,dermatologyResident,Female
df205e1a05b8ede135771c875b7b168ada0ea86e,expert,7d55552fb0e0fc8674fac623341157cf6a6b8df9,1,10,without_ai,False,4581832,DEMO_4581832,NV,NV,True,1.0,dismiss,True,0.7566965006903874,20-30,,dermatologyResident,Female
df205e1a05b8ede135771c875b7b168ada0ea86e,expert,7d55552fb0e0fc8674fac623341157cf6a6b8df9,1,10,with_ai,True,4581832,DEMO_4581832,NV,NV,True,1.0,biopsy,True,0.7566965006903874,20-30,,dermatologyResident,Female
df205e1a05b8ede135771c875b7b168ada0ea86e,expert,7d55552fb0e0fc8674fac623341157cf6a6b8df9,1,11,without_ai,False,9110175,DEMO_9110175,SCCKA,SCCKA,True,1.0,biopsy,True,0.7566965006903874,20-30,,dermatologyResident,Female
df205e1a05b8ede135771c875b7b168ada0ea86e,expert,7d55552fb0e0fc8674fac623341157cf6a6b8df9,1,11,with_ai,True,9110175,DEMO_9110175,SCCKA,SCCKA,True,1.0,biopsy,True,0.7566965006903874,20-30,,dermatologyResident,Female
df205e1a05b8ede135771c875b7b168ada0ea86e,expert,7d55552fb0e0fc8674fac623341157cf6a6b8df9,1,12,without_ai,False,4809984,DEMO_4809984,MEL,BKL,False,0.0,local_therapy,True,0.7566965006903874,20-30,,dermatologyResident,Female
df205e1a05b8ede135771c875b7b168ada0ea86e,expert,7d55552fb0e0fc8674fac623341157cf6a6b8df9,1,12,with_ai,True,4809984,DEMO_4809984,MEL,MEL,True,1.0,biopsy,True,0.7566965006903874,20-30,,dermatologyResident,Female
df205e1a05b8ede135771c875b7b168ada0ea86e,expert,7d55552fb0e0fc8674fac623341157cf6a6b8df9,1,13,without_ai,False,9802897,DEMO_9802897,OTHER_BENIGN,OTHER_BENIGN,True,1.0,dismiss,True,0.7566965006903874,20-30,,dermatologyResident,Female
df205e1a05b8ede135771c875b7b168ada0ea86e,expert,7d55552fb0e0fc8674fac623341157cf6a6b8df9,1,13,with_ai,True,9802897,DEMO_9802897,OTHER_BENIGN,OTHER_BENIGN,True,1.0,monitor,True,0.7566965006903874,20-30,,dermatologyResident,Female
df205e1a05b8ede135771c875b7b168ada0ea86e,expert,7d55552fb0e0fc8674fac623341157cf6a6b8df9,1,14,without_ai,False,5506987,DEMO_5506987,VASC,VASC,True,1.0,monitor,True,0.7566965006903874,20-30,,dermatologyResident,Female
df205e1a05b8ede135771c875b7b168ada0ea86e,expert,7d55552fb0e0fc8674fac623341157cf6a6b8df9,1,14,with_ai,True,5506987,DEMO_5506987,VASC,VASC,True,1.0,dismiss,True,0.7566965006903874,20-30,,dermatologyResident,Female
df205e1a05b8ede135771c875b7b168ada0ea86e,expert,7d55552fb0e0fc8674fac623341157cf6a6b8df9,1,15,without_ai,False,6619748,DEMO_6619748,NV,NV,True,1.0,dismiss,True,0.7566965006903874,20-30,,dermatologyResident,Female
df205e1a05b8ede135771c875b7b168ada0ea86e,expert,7d55552fb0e0fc8674fac623341157cf6a6b8df9,1,15,with_ai,True,6619748,DEMO_6619748,NV,NV,True,1.0,dismiss,True,0.7566965006903874,20-30,,dermatologyResident,Female
553d253bb87fb0a3fde4f896fc969b4ffb60c7e8,expert,d3e8f6dd109f56cfaf73c88df999a997c513b32c,1,1,without_ai,False,7540241,DEMO_7540241,BKL,INF,False,0.0,dismiss,True,0.7297223890939202,,,medicalStudent,Male
553d253bb87fb0a3fde4f896fc969b4ffb60c7e8,expert,d3e8f6dd109f56cfaf73c88df999a997c513b32c,1,1,with_ai,True,7540241,DEMO_7540241,BKL,OTHER_BENIGN,False,0.0,dismiss,True,0.7297223890939202,,,medicalStudent,Male
553d253bb87fb0a3fde4f896fc969b4ffb60c7e8,expert,d3e8f6dd109f56cfaf73c88df999a997c513b32c,1,2,without_ai,False,7642960,DEMO_7642960,BCC,BCC,True,1.0,biopsy,True,0.7297223890939202,,,medicalStudent,Male
553d253bb87fb0a3fde4f896fc969b4ffb60c7e8,expert,d3e8f6dd109f56cfaf73c88df999a997c513b32c,1,2,with_ai,True,7642960,DEMO_7642960,BCC,BCC,True,1.0,dismiss,True,0.7297223890939202,,,medicalStudent,Male
553d253bb87fb0a3fde4f896fc969b4ffb60c7e8,expert,d3e8f6dd109f56cfaf73c88df999a997c513b32c,1,3,without_ai,False,9859780,DEMO_9859780,VASC,OTHER_BENIGN,False,0.0,dismiss,True,0.7297223890939202,,,medicalStudent,Male
553d253bb87fb0a3fde4f896fc969b4ffb60c7e8,expert,d3e8f6dd109f56cfaf73c88df999a997c513b32c,1,3,with_ai,True,9859780,DEMO_9859780,VASC,VASC,True,1.0,dismiss,True,0.7297223890939202,,,medicalStudent,Male
553d253bb87fb0a3fde4f896fc969b4ffb60c7e8,expert,d3e8f6dd109f56cfaf73c88df999a997c513b32c,1,4,without_ai,False,8188683,DEMO_8188683,BCC,BCC,True,1.0,biopsy,True,0.7297223890939202,,,medicalStudent,Male
553d253bb87fb0a3fde4f896fc969b4ffb60c7e8,expert,d3e8f6dd109f56cfaf73c88df999a997c513b32c,1,4,with_ai,True,8188683,DEMO_8188683,BCC,BCC,True,1.0,biopsy,True,0.7297223890939202,,,medicalStudent,Male
553d253bb87fb0a3fde4f896fc969b4ffb60c7e8,expert,d3e8f6dd109f56cfaf73c88df999a997c513b32c,1,5,without_ai,False,3025045,DEMO_3025045,BCC,BCC,True,1.0,biopsy,True,0.7297223890939202,,,medicalStudent,Male
553d253bb87fb0a3fde4f896fc969b4ffb60c7e8,expert,d3e8f6dd109f56cfaf73c88df999a997c513b32c,1,5,with_ai,True,3025045,DEMO_3025045,BCC,BCC,True,1.0,biopsy,True,0.7297223890939202,,,medicalStudent,Male
553d253bb87fb0a3fde4f896fc969b4ffb60c7e8,expert,d3e8f6dd109f56cfaf73c88df999a997c513b32c,1,6,without_ai,False,400022,DEMO_0400022,AKIEC,VASC,False,0.0,dismiss,True,0.7297223890939202,,,medicalStudent,Male
553d253bb87fb0a3fde4f896fc969b4ffb60c7e8,expert,d3e8f6dd109f56cfaf73c88df999a997c513b32c,1,6,with_ai,True,400022,DEMO_0400022,AKIEC,AKIEC,True,1.0,dismiss,True,0.7297223890939202,,,medicalStudent,Male
553d253bb87fb0a3fde4f896fc969b4ffb60c7e8,expert,d3e8f6dd109f56cfaf73c88df999a997c513b32c,1,7,without_ai,False,4073934,DEMO_4073934,MEL,MEL,True,1.0,biopsy,True,0.7297223890939202,,,medicalStudent,Male
553d253bb87fb0a3fde4f896fc969b4ffb60c7e8,expert,d3e8f6dd109f56cfaf73c88df999a997c513b32c,1,7,with_ai,True,4073934,DEMO_4073934,MEL,NV,False,0.0,biopsy,True,0.7297223890939202,,,medicalStudent,Male
553d253bb87fb0a3fde4f896fc969b4ffb60c7e8,expert,d3e8f6dd109f56cfaf73c88df999a997c513b32c,1,8,without_ai,False,7769044,DEMO_7769044,AKIEC,AKIEC,True,1.0,local_therapy,True,0.7297223890939202,,,medicalStudent,Male
553d253bb87fb0a3fde4f896fc969b4ffb60c7e8,expert,d3e8f6dd109f56cfaf73c88df999a997c513b32c,1,8,with_ai,True,7769044,DEMO_7769044,AKIEC,AKIEC,True,1.0,dismiss,True,0.7297223890939202,,,medicalStudent,Male
553d253bb87fb0a3fde4f896fc969b4ffb60c7e8,expert,d3e8f6dd109f56cfaf73c88df999a997c513b32c,1,9,without_ai,False,3320390,DEMO_3320390,NV,NV,True,1.0,biopsy,True,0.7297223890939202,,,medicalStudent,Male
553d253bb87fb0a3fde4f896fc969b4ffb60c7e8,expert,d3e8f6dd109f56cfaf73c88df999a997c513b32c,1,9,with_ai,True,3320390,DEMO_3320390,NV,NV,True,1.0,dismiss,True,0.7297223890939202,,,medicalStudent,Male
553d253bb87fb0a3fde4f896fc969b4ffb60c7e8,expert,d3e8f6dd109f56cfaf73c88df999a997c513b32c,1,10,without_ai,False,952469,DEMO_0952469,BKL,BKL,True,1.0,monitor,True,0.7297223890939202,,,medicalStudent,Male
553d253bb87fb0a3fde4f896fc969b4ffb60c7e8,expert,d3e8f6dd109f56cfaf73c88df999a997c513b32c,1,10,with_ai,True,952469,DEMO_0952469,BKL,OTHER_MALIGNANT,False,0.0,monitor,True,0.7297223890939202,,,medicalStudent,Male
553d253bb87fb0a3fde4f896fc969b4ffb60c7e8,expert,d3e8f6dd109f56cfaf73c88df999a997c513b32c,1,11,without_ai,False,172962,DEMO_0172962,AKIEC,AKIEC,True,1.0,biopsy,True,0.7297223890939202,,,medicalStudent,Male
553d253bb87fb0a3fde4f896fc969b4ffb60c7e8,expert,d3e8f6dd109f56cfaf73c88df999a997c513b32c,1,11,with_ai,True,172962,DEMO_0172962,AKIEC,BCC,False,0.0,biopsy,True,0.7297223890939202,,,medicalStudent,Male
553d253bb87fb0a3fde4f896fc969b4ffb60c7e8,expert,d3e8f6dd109f56cfaf73c88df999a997c513b32c,1,12,without_ai,False,5638323,DEMO_5638323,SCCKA,DF,False,0.0,monitor,True,0.7297223890939202,,,medicalStudent,Male
553d253bb87fb0a3fde4f896fc969b4ffb60c7e8,expert,d3e8f6dd109f56cfaf73c88df999a997c513b32c,1,12,with_ai,True,5638323,DEMO_5638323,SCCKA,SCCKA,True,1.0,local_therapy,True,0.7297223890939202,,,medicalStudent,Male
553d253bb87fb0a3fde4f896fc969b4ffb60c7e8,expert,d3e8f6dd109f56cfaf73c88df999a997c513b32c,1,13,without_ai,False,1493232,DEMO_1493232,BCC,BCC,True,1.0,dismiss,True,0.7297223890939202,,,medicalStudent,Male
553d253bb87fb0a3fde4f896fc969b4ffb60c7e8,expert,d3e8f6dd109f56cfaf73c88df999a997c513b32c,1,13,with_ai,True,1493232,DEMO_1493232,BCC,VASC,False,0.0,biopsy,True,0.7297223890939202,,,medicalStudent,Male
553d253bb87fb0a3fde4f896fc969b4ffb60c7e8,expert,d3e8f6dd109f56cfaf73c88df999a997c513b32c,1,14,without_ai,False,7573699,DEMO_7573699,VASC,BCC,False,0.0,monitor,True,0.7297223890939202,,,medicalStudent,Male
553d253bb87fb0a3fde4f896fc969b4ffb60c7e8,expert,d3e8f6dd109f56cfaf73c88df999a997c513b32c,1,14,with_ai,True,7573699,DEMO_7573699,VASC,VASC,True,1.0,monitor,True,0.7297223890939202,,,medicalStudent,Male
553d253bb87fb0a3fde4f896fc969b4ffb60c7e8,expert,d3e8f6dd109f56cfaf73c88df999a997c513b32c,1,15,without_ai,False,396111,DEMO_0396111,BKL,BKL,True,1.0,dismiss,True,0.7297223890939202,,,medicalStudent,Male
553d253bb87fb0a3fde4f896fc969b4ffb60c7e8,expert,d3e8f6dd109f56cfaf73c88df999a997c513b32c,1,15,with_ai,True,396111,DEMO_0396111,BKL,BKL,True,1.0,monitor,True,0.7297223890939202,,,medicalStudent,Male
1210026825670def60e1ad382efcebf63cfd34a5,expert,ef0956b8745e9b251d74d1f018a8067fefd94e6e,1,1,without_ai,False,604038,DEMO_0604038,BKL,BKL,True,1.0,dismiss,True,0.8483331015429668,,,boardCertifiedDermatologist,Female
1210026825670def60e1ad382efcebf63cfd34a5,expert,ef0956b8745e9b251d74d1f018a8067fefd94e6e,1,1,with_ai,True,604038,DEMO_0604038,BKL,BKL,True,1.0,dismiss,True,0.8483331015429668,,,boardCertifiedDermatologist,Female
1210026825670def60e1ad382efcebf63cfd34a5,expert,ef0956b8745e9b251d74d1f018a8067fefd94e6e,1,2,without_ai,False,3430051,DEMO_3430051,OTHER_BENIGN,OTHER_BENIGN,True,1.0,monitor,True,0.8483331015429668,,,boardCertifiedDermatologist,Female
1210026825670def60e1ad382efcebf63cfd34a5,expert,ef0956b8745e9b251d74d1f018a8067fefd94e6e,1,2,with_ai,True,3430051,DEMO_3430051,OTHER_BENIGN,OTHER_BENIGN,True,1.0,dismiss,True,0.8483331015429668,,,boardCertifiedDermatologist,Female
1210026825670def60e1ad382efcebf63cfd34a5,expert,ef0956b8745e9b251d74d1f018a8067fefd94e6e,1,3,without_ai,False,9158069,DEMO_9158069,AKIEC,AKIEC,True,1.0,biopsy,True,0.8483331015429668,,,boardCertifiedDermatologist,Female
1210026825670def60e1ad382efcebf63cfd34a5,expert,ef0956b8745e9b251d74d1f018a8067fefd94e6e,1,3,with_ai,True,9158069,DEMO_9158069,AKIEC,AKIEC,True,1.0,biopsy,True,0.8483331015429668,,,boardCertifiedDermatologist,Female
1210026825670def60e1ad382efcebf63cfd34a5,expert,ef0956b8745e9b251d74d1f018a8067fefd94e6e,1,4,without_ai,False,1068058,DEMO_1068058,OTHER_BENIGN,OTHER_BENIGN,True,1.0,monitor,True,0.8483331015429668,,,boardCertifiedDermatologist,Female
1210026825670def60e1ad382efcebf63cfd34a5,expert,ef0956b8745e9b251d74d1f018a8067fefd94e6e,1,4,with_ai,True,1068058,DEMO_1068058,OTHER_BENIGN,OTHER_BENIGN,True,1.0,dismiss,True,0.8483331015429668,,,boardCertifiedDermatologist,Female
1210026825670def60e1ad382efcebf63cfd34a5,expert,ef0956b8745e9b251d74d1f018a8067fefd94e6e,1,5,without_ai,False,2156889,DEMO_2156889,MEL,AKIEC,False,0.0,monitor,True,0.8483331015429668,,,boardCertifiedDermatologist,Female
1210026825670def60e1ad382efcebf63cfd34a5,expert,ef0956b8745e9b251d74d1f018a8067fefd94e6e,1,5,with_ai,True,2156889,DEMO_2156889,MEL,MEL,True,1.0,local_therapy,True,0.8483331015429668,,,boardCertifiedDermatologist,Female
1210026825670def60e1ad382efcebf63cfd34a5,expert,ef0956b8745e9b251d74d1f018a8067fefd94e6e,1,6,without_ai,False,4867719,DEMO_4867719,MEL,MEL,True,1.0,biopsy,True,0.8483331015429668,,,boardCertifiedDermatologist,Female
1210026825670def60e1ad382efcebf63cfd34a5,expert,ef0956b8745e9b251d74d1f018a8067fefd94e6e,1,6,with_ai,True,4867719,DEMO_4867719,MEL,MEL,True,1.0,local_therapy,True,0.8483331015429668,,,boardCertifiedDermatologist,Female
1210026825670def60e1ad382efcebf63cfd34a5,expert,ef0956b8745e9b251d74d1f018a8067fefd94e6e,1,7,without_ai,False,9759917,DEMO_9759917,MEL,MEL,True,1.0,biopsy,True,0.8483331015429668,,,boardCertifiedDermatologist,Female
1210026825670def60e1ad382efcebf63cfd34a5,expert,ef0956b8745e9b251d74d1f018a8067fefd94e6e,1,7,with_ai,True,9759917,DEMO_9759917,MEL,MEL,True,1.0,dismiss,True,0.8483331015429668,,,boardCertifiedDermatologist,Female
1210026825670def60e1ad382efcebf63cfd34a5,expert,ef0956b8745e9b251d74d1f018a8067fefd94e6e,1,8,without_ai,False,8200234,DEMO_8200234,NV,VASC,False,0.0,monitor,True,0.8483331015429668,,,boardCertifiedDermatologist,Female
1210026825670def60e1ad382efcebf63cfd34a5,expert,ef0956b8745e9b251d74d1f018a8067fefd94e6e,1,8,with_ai,True,8200234,DEMO_8200234,NV,OTHER_MALIGNANT,False,0.0,local_therapy,True,0.8483331015429668,,,boardCertifiedDermatologist,Female
1210026825670def60e1ad382efcebf63cfd34a5,expert,ef0956b8745e9b251d74d1f018a8067fefd94e6e,1,9,without_ai,False,7015062,DEMO_7015062,MEL,NV,False,0.0,biopsy,True,0.8483331015429668,,,boardCertifiedDermatologist,Female
1210026825670def60e1ad382efcebf63cfd34a5,expert,ef0956b8745e9b251d74d1f018a8067fefd94e6e,1,9,with_ai,True,7015062,DEMO_7015062,MEL,MEL,True,1.0,local_therapy,True,0.8483331015429668,,,boardCertifiedDermatologist,Female
1210026825670def60e1ad382efcebf63cfd34a5,expert,ef0956b8745e9b251d74d1f018a8067fefd94e6e,1,10,without_ai,False,4385905,DEMO_4385905,BCC,BCC,True,1.0,biopsy,True,0.8483331015429668,,,boardCertifiedDermatologist,Female
1210026825670def60e1ad382efcebf63cfd34a5,expert,ef0956b8745e9b251d74d1f018a8067fefd94e6e,1,10,with_ai,True,4385905,DEMO_4385905,BCC,BCC,True,1.0,biopsy,True,0.8483331015429668,,,boardCertifiedDermatologist,Female
1210026825670def60e1ad382efcebf63cfd34a5,expert,ef0956b8745e9b251d74d1f018a8067fefd94e6e,1,11,without_ai,False,4882621,DEMO_4882621,MEL,MEL,True,1.0,local_therapy,True,0.8483331015429668,,,boardCertifiedDermatologist,Female
1210026825670def60e1ad382efcebf63cfd34a5,expert,ef0956b8745e9b251d74d1f018a8067fefd94e6e,1,11,with_ai,True,4882621,DEMO_4882621,MEL,MEL,True,1.0,biopsy,True,0.8483331015429668,,,boardCertifiedDermatologist,Female
1210026825670def60e1ad382efcebf63cfd34a5,expert,ef0956b8745e9b251d74d1f018a8067fefd94e6e,1,12,without_ai,False,1257193,DEMO_1257193,SCCKA,DF,False,0.0,biopsy,True,0.8483331015429668,,,boardCertifiedDermatologist,Female
1210026825670def60e1ad382efcebf63cfd34a5,expert,ef0956b8745e9b251d74d1f018a8067fefd94e6e,1,12,with_ai,True,1257193,DEMO_1257193,SCCKA,SCCKA,True,1.0,local_therapy,True,0.8483331015429668,,,boardCertifiedDermatologist,Female
1210026825670def60e1ad382efcebf63cfd34a5,expert,ef0956b8745e9b251d74d1f018a8067fefd94e6e,1,13,without_ai,False,1171818,DEMO_1171818,SCCKA,SCCKA,True,1.0,biopsy,True,0.8483331015429668,,,boardCertifiedDermatologist,Female
1210026825670def60e1ad382efcebf63cfd34a5,expert,ef0956b8745e9b251d74d1f018a8067fefd94e6e,1,13,with_ai,True,1171818,DEMO_1171818,SCCKA,SCCKA,True,1.0,biopsy,True,0.8483331015429668,,,boardCertifiedDermatologist,Female
1210026825670def60e1ad382efcebf63cfd34a5,expert,ef0956b8745e9b251d74d1f018a8067fefd94e6e,1,14,without_ai,False,413740,DEMO_0413740,BKL,BKL,True,1.0,monitor,True,0.8483331015429668,,,boardCertifiedDermatologist,Female
1210026825670def60e1ad382efcebf63cfd34a5,expert,ef0956b8745e9b251d74d1f018a8067fefd94e6e,1,14,with_ai,True,413740,DEMO_0413740,BKL,BKL,True,1.0,monitor,True,0.8483331015429668,,,boardCertifiedDermatologist,Female
1210026825670def60e1ad382efcebf63cfd34a5,expert,ef0956b8745e9b251d74d1f018a8067fefd94e6e,1,15,without_ai,False,990449,DEMO_0990449,NV,NV,True,1.0,local_therapy,True,0.8483331015429668,,,boardCertifiedDermatologist,Female
1210026825670def60e1ad382efcebf63cfd34a5,expert,ef0956b8745e9b251d74d1f018a8067fefd94e6e,1,15,with_ai,True,990449,DEMO_0990449,NV,NV,True,1.0,dismiss,True,0.8483331015429668,,,boardCertifiedDermatologist,Female
1210026825670def60e1ad382efcebf63cfd34a5,expert,91865b96ecc300f987840df8a35acdcbbd8ac34a,2,1,without_ai,False,1562862,DEMO_1562862,BCC,BCC,True,1.0,biopsy,True,0.8483331015429668,,,boardCertifiedDermatologist,Female
1210026825670def60e1ad382efcebf63cfd34a5,expert,91865b96ecc300f987840df8a35acdcbbd8ac34a,2,1,with_ai,True,1562862,DEMO_1562862,BCC,BCC,True,1.0,biopsy,True,0.8483331015429668,,,boardCertifiedDermatologist,Female
1210026825670def60e1ad382efcebf63cfd34a5,expert,91865b96ecc300f987840df8a35acdcbbd8ac34a,2,2,without_ai,False,6900806,DEMO_6900806,AKIEC,AKIEC,True,1.0,biopsy,True,0.8483331015429668,,,boardCertifiedDermatologist,Female
1210026825670def60e1ad382efcebf63cfd34a5,expert,91865b96ecc300f987840df8a35acdcbbd8ac34a,2,2,with_ai,True,6900806,DEMO_6900806,AKIEC,AKIEC,True,1.0,local_therapy,True,0.8483331015429668,,,boardCertifiedDermatologist,Female
1210026825670def60e1ad382efcebf63cfd34a5,expert,91865b96ecc300f987840df8a35acdcbbd8ac34a,2,3,without_ai,False,9104298,DEMO_9104298,BKL,BKL,True,1.0,dismiss,True,0.8483331015429668,,,boardCertifiedDermatologist,Female
1210026825670def60e1ad382efcebf63cfd34a5,expert,91865b96ecc300f987840df8a35acdcbbd8ac34a,2,3,with_ai,True,9104298,DEMO_9104298,BKL,BKL,True,1.0,dismiss,True,0.8483331015429668,,,boardCertifiedDermatologist,Female
1210026825670def60e1ad382efcebf63cfd34a5,expert,91865b96ecc300f987840df8a35acdcbbd8ac34a,2,4,without_ai,False,3532113,DEMO_3532113,BCC,BCC,True,1.0,biopsy,True,0.8483331015429668,,,boardCertifiedDermatologist,Female
1210026825670def60e1ad382efcebf63cfd34a5,expert,91865b96ecc300f987840df8a35acdcbbd8ac34a,2,4,with_ai,True,3532113,DEMO_3532113,BCC,BCC,True,1.0,biopsy,True,0.8483331015429668,,,boardCertifiedDermatologist,Female
1210026825670def60e1ad382efcebf63cfd34a5,expert,91865b96ecc300f987840df8a35acdcbbd8ac34a,2,5,without_ai,False,1560876,DEMO_1560876,AKIEC,AKIEC,True,1.0,biopsy,True,0.8483331015429668,,,boardCertifiedDermatologist,Female
1210026825670def60e1ad382efcebf63cfd34a5,expert,91865b96ecc300f987840df8a35acdcbbd8ac34a,2,5,with_ai,True,1560876,DEMO_1560876,AKIEC,AKIEC,True,1.0,dismiss,True,0.8483331015429668,,,boardCertifiedDermatologist,Female
1210026825670def60e1ad382efcebf63cfd34a5,expert,91865b96ecc300f987840df8a35acdcbbd8ac34a,2,6,without_ai,False,3794367,DEMO_3794367,MEL,MEL,True,1.0,biopsy,True,0.8483331015429668,,,boardCertifiedDermatologist,Female
1210026825670def60e1ad382efcebf63cfd34a5,expert,91865b96ecc300f987840df8a35acdcbbd8ac34a,2,6,with_ai,True,3794367,DEMO_3794367,MEL,MEL,True,1.0,biopsy,True,0.8483331015429668,,,boardCertifiedDermatologist,Female
1210026825670def60e1ad382efcebf63cfd34a5,expert,91865b96ecc300f987840df8a35acdcbbd8ac34a,2,7,without_ai,False,1350856,DEMO_1350856,INF,INF,True,1.0,local_therapy,True,0.8483331015429668,,,boardCertifiedDermatologist,Female
1210026825670def60e1ad382efcebf63cfd34a5,expert,91865b96ecc300f987840df8a35acdcbbd8ac34a,2,7,with_ai,True,1350856,DEMO_1350856,INF,INF,True,1.0,monitor,True,0.8483331015429668,,,boardCertifiedDermatologist,Female
1210026825670def60e1ad382efcebf63cfd34a5,expert,91865b96ecc300f987840df8a35acdcbbd8ac34a,2,8,without_ai,False,4345350,DEMO_4345350,VASC,VASC,True,1.0,monitor,True,0.8483331015429668,,,boardCertifiedDermatologist,Female
1210026825670def60e1ad382efcebf63cfd34a5,expert,91865b96ecc300f987840df8a35acdcbbd8ac34a,2,8,with_ai,True,4345350,DEMO_4345350,VASC,VASC,True,1.0,dismiss,True,0.8483331015429668,,,boardCertifiedDermatologist,Female
1210026825670def60e1ad382efcebf63cfd34a5,expert,91865b96ecc300f987840df8a35acdcbbd8ac34a,2,9,without_ai,False,6434996,DEMO_6434996,INF,INF,True,1.0,biopsy,True,0.8483331015429668,,,boardCertifiedDermatologist,Female
1210026825670def60e1ad382efcebf63cfd34a5,expert,91865b96ecc300f987840df8a35acdcbbd8ac34a,2,9,with_ai,True,6434996,DEMO_6434996,INF,INF,True,1.0,dismiss,True,0.8483331015429668,,,boardCertifiedDermatologist,Female
1210026825670def60e1ad382efcebf63cfd34a5,expert,91865b96ecc300f987840df8a35acdcbbd8ac34a,2,10,without_ai,False,2832599,DEMO_2832599,NV,NV,True,1.0,monitor,True,0.8483331015429668,,,boardCertifiedDermatologist,Female
1210026825670def60e1ad382efcebf63cfd34a5,expert,91865b96ecc300f987840df8a35acdcbbd8ac34a,2,10,with_ai,True,2832599,DEMO_2832599,NV,NV,True,1.0,dismiss,True,0.8483331015429668,,,boardCertifiedDermatologist,Female
1210026825670def60e1ad382efcebf63cfd34a5,expert,91865b96ecc300f987840df8a35acdcbbd8ac34a,2,11,without_ai,False,5552559,DEMO_5552559,BCC,BCC,True,1.0,biopsy,True,0.8483331015429668,,,boardCertifiedDermatologist,Female
1210026825670def60e1ad382efcebf63cfd34a5,expert,91865b96ecc300f987840df8a35acdcbbd8ac34a,2,11,with_ai,True,5552559,DEMO_5552559,BCC,INF,False,0.0,monitor,True,0.8483331015429668,,,boardCertifiedDermatologist,Female
1210026825670def60e1ad382efcebf63cfd34a5,expert,91865b96ecc300f987840df8a35acdcbbd8ac34a,2,12,without_ai,False,4842609,DEMO_4842609,VASC,VASC,True,1.0,monitor,True,0.8483331015429668,,,boardCertifiedDermatologist,Female
1210026825670def60e1ad382efcebf63cfd34a5,expert,91865b96ecc300f987840df8a35acdcbbd8ac34a,2,12,with_ai,True,4842609,DEMO_4842609,VASC,VASC,True,1.0,local_therapy,True,0.8483331015429668,,,boardCertifiedDermatologist,Female
1210026825670def60e1ad382efcebf63cfd34a5,expert,91865b96ecc300f987840df8a35acdcbbd8ac34a,2,13,without_ai,False,7345295,DEMO_7345295,BKL,BKL,True,1.0,monitor,True,0.8483331015429668,,,boardCertifiedDermatologist,Female
1210026825670def60e1ad382efcebf63cfd34a5,expert,91865b96ecc300f987840df8a35acdcbbd8ac34a,2,13,with_ai,True,7345295,DEMO_7345295,BKL,BKL,True,1.0,dismiss,True,0.8483331015429668,,,boardCertifiedDermatologist,Female
1210026825670def60e1ad382efcebf63cfd34a5,expert,91865b96ecc300f987840df8a35acdcbbd8ac34a,2,14,without_ai,False,699592,DEMO_0699592,BCC,BKL,False,0.0,local_therapy,True,0.8483331015429668,,,boardCertifiedDermatologist,Female
1210026825670def60e1ad382efcebf63cfd34a5,expert,91865b96ecc300f987840df8a35acdcbbd8ac34a,2,14,with_ai,True,699592,DEMO_0699592,BCC,BCC,True,1.0,biopsy,True,0.8483331015429668,,,boardCertifiedDermatologist,Female
1210026825670def60e1ad382efcebf63cfd34a5,expert,91865b96ecc300f987840df8a35acdcbbd8ac34a,2,15,without_ai,False,8609323,DEMO_8609323,DF,DF,True,1.0,dismiss,True,0.8483331015429668,,,boardCertifiedDermatologist,Female
1210026825670def60e1ad382efcebf63cfd34a5,expert,91865b96ecc300f987840df8a35acdcbbd8ac34a,2,15,with_ai,True,8609323,DEMO_8609323,DF,DF,True,1.0,dismiss,True,0.8483331015429668,,,boardCertifiedDermatologist,Female
1210026825670def60e1ad382efcebf63cfd34a5,expert,40642ddcdfa1b4f2a8f855bbfa19ca258867efb3,3,1,without_ai,False,593291,DEMO_0593291,MEL,MEL,True,1.0,biopsy,True,0.8483331015429668,,,boardCertifiedDermatologist,Female
1210026825670def60e1ad382efcebf63cfd34a5,expert,40642ddcdfa1b4f2a8f855bbfa19ca258867efb3,3,1,with_ai,True,593291,DEMO_0593291,MEL,MEL,True,1.0,dismiss,True,0.8483331015429668,,,boardCertifiedDermatologist,Female
1210026825670def60e1ad382efcebf63cfd34a5,expert,40642ddcdfa1b4f2a8f855bbfa19ca258867efb3,3,2,without_ai,False,4682784,DEMO_4682784,NV,NV,True,1.0,local_therapy,True,0.8483331015429668,,,boardCertifiedDermatologist,Female
1210026825670def60e1ad382efcebf63cfd34a5,expert,40642ddcdfa1b4f2a8f855bbfa19ca258867efb3,3,2,with_ai,True,4682784,DEMO_4682784,NV,NV,True,1.0,monitor,True,0.8483331015429668,,,boardCertifiedDermatologist,Female
1210026825670def60e1ad382efcebf63cfd34a5,expert,40642ddcdfa1b4f2a8f855bbfa19ca258867efb3,3,3,without_ai,False,8887856,DEMO_8887856,SCCKA,SCCKA,True,1.0,monitor,True,0.8483331015429668,,,boardCertifiedDermatologist,Female
1210026825670def60e1ad382efcebf63cfd34a5,expert,40642ddcdfa1b4f2a8f855bbfa19ca258867efb3,3,3,with_ai,True,8887856,DEMO_8887856,SCCKA,SCCKA,True,1.0,local_therapy,True,0.8483331015429668,,,boardCertifiedDermatologist,Female
1210026825670def60e1ad382efcebf63cfd34a5,expert,40642ddcdfa1b4f2a8f855bbfa19ca258867efb3,3,4,without_ai,False,4234724,DEMO_4234724,BCC,BCC,True,1.0,biopsy,True,0.8483331015429668,,,boardCertifiedDermatologist,Female
1210026825670def60e1ad382efcebf63cfd34a5,expert,40642ddcdfa1b4f2a8f855bbfa19ca258867efb3,3,4,with_ai,True,4234724,DEMO_4234724,BCC,BCC,True,1.0,local_therapy,True,0.8483331015429668,,,boardCertifiedDermatologist,Female
1210026825670def60e1ad382efcebf63cfd34a5,expert,40642ddcdfa1b4f2a8f855bbfa19ca258867efb3,3,5,without_ai,False,2894188,DEMO_2894188,INF,INF,True,1.0,local_therapy,True,0.8483331015429668,,,boardCertifiedDermatologist,Female
1210026825670def60e1ad382efcebf63cfd34a5,expert,40642ddcdfa1b4f2a8f855bbfa19ca258867efb3,3,5,with_ai,True,2894188,DEMO_2894188,INF,INF,True,1.0,local_therapy,True,0.8483331015429668,,,boardCertifiedDermatologist,Female
1210026825670def60e1ad382efcebf63cfd34a5,expert,40642ddcdfa1b4f2a8f855bbfa19ca258867efb3,3,6,without_ai,False,5776940,DEMO_5776940,MEL,MEL,True,1.0,monitor,True,0.8483331015429668,,,boardCertifiedDermatologist,Female
1210026825670def60e1ad382efcebf63cfd34a5,expert,40642ddcdfa1b4f2a8f855bbfa19ca258867efb3,3,6,with_ai,True,5776940,DEMO_5776940,MEL,OTHER_MALIGNANT,False,0.0,local_therapy,True,0.8483331015429668,,,boardCertifiedDermatologist,Female
1210026825670def60e1ad382efcebf63cfd34a5,expert,40642ddcdfa1b4f2a8f855bbfa19ca258867efb3,3,7,without_ai,False,53151,DEMO_0053151,NV,NV,True,1.0,dismiss,True,0.8483331015429668,,,boardCertifiedDermatologist,Female
1210026825670def60e1ad382efcebf63cfd34a5,expert,40642ddcdfa1b4f2a8f855bbfa19ca258867efb3,3,7,with_ai,True,53151,DEMO_0053151,NV,NV,True,1.0,monitor,True,0.8483331015429668,,,boardCertifiedDermatologist,Female
1210026825670def60e1ad382efcebf63cfd34a5,expert,40642ddcdfa1b4f2a8f855bbfa19ca258867efb3,3,8,without_ai,False,1486884,DEMO_1486884,BKL,BKL,True,1.0,dismiss,True,0.8483331015429668,,,boardCertifiedDermatologist,Female
1210026825670def60e1ad382efcebf63cfd34a5,expert,40642ddcdfa1b4f2a8f855bbfa19ca258867efb3,3,8,with_ai,True,1486884,DEMO_1486884,BKL,BKL,True,1.0,dismiss,True,0.8483331015429668,,,boardCertifiedDermatologist,Female
1210026825670def60e1ad382efcebf63cfd34a5,expert,40642ddcdfa1b4f2a8f855bbfa19ca258867efb3,3,9,without_ai,False,7925413,DEMO_7925413,BKL,BKL,True,1.0,monitor,True,0.8483331015429668,,,boardCertifiedDermatologist,Female
1210026825670def60e1ad382efcebf63cfd34a5,expert,40642ddcdfa1b4f2a8f855bbfa19ca258867efb3,3,9,with_ai,True,7925413,DEMO_7925413,BKL,BKL,True,1.0,monitor,True,0.8483331015429668,,,boardCertifiedDermatologist,Female
1210026825670def60e1ad382efcebf63cfd34a5,expert,40642ddcdfa1b4f2a8f855bbfa19ca258867efb3,3,10,without_ai,False,9413481,DEMO_9413481,MEL,MEL,True,1.0,biopsy,True,0.8483331015429668,,,boardCertifiedDermatologist,Female
1210026825670def60e1ad382efcebf63cfd34a5,expert,40642ddcdfa1b4f2a8f855bbfa19ca258867efb3,3,10,with_ai,True,9413481,DEMO_9413481,MEL,MEL,True,1.0,biopsy,True,0.8483331015429668,,,boardCertifiedDermatologist,Female
1210026825670def60e1ad382efcebf63cfd34a5,expert,40642ddcdfa1b4f2a8f855bbfa19ca258867efb3,3,11,without_ai,False,5115365,DEMO_5115365,AKIEC,AKIEC,True,1.0,biopsy,True,0.8483331015429668,,,boardCertifiedDermatologist,Female
1210026825670def60e1ad382efcebf63cfd34a5,expert,40642ddcdfa1b4f2a8f855bbfa19ca258867efb3,3,11,with_ai,True,5115365,DEMO_5115365,AKIEC,AKIEC,True,1.0,biopsy,True,0.8483331015429668,,,boardCertifiedDermatologist,Female
1210026825670def60e1ad382efcebf63cfd34a5,expert,40642ddcdfa1b4f2a8f855bbfa19ca258867efb3,3,12,without_ai,False,4695283,DEMO_4695283,BCC,BCC,True,1.0,biopsy,True,0.8483331015429668,,,boardCertifiedDermatologist,Female
1210026825670def60e1ad382efcebf63cfd34a5,expert,40642ddcdfa1b4f2a8f855bbfa19ca258867efb3,3,12,with_ai,True,4695283,DEMO_4695283,BCC,BCC,True,1.0,local_therapy,True,0.8483331015429668,,,boardCertifiedDermatologist,Female
1210026825670def60e1ad382efcebf63cfd34a5,expert,40642ddcdfa1b4f2a8f855bbfa19ca258867efb3,3,13,without_ai,False,6846250,DEMO_6846250,MEL,MEL,True,1.0,biopsy,True,0.8483331015429668,,,boardCertifiedDermatologist,Female
1210026825670def60e1ad382efcebf63cfd34a5,expert,40642ddcdfa1b4f2a8f855bbfa19ca258867efb3,3,13,with_ai,True,6846250,DEMO_6846250,MEL,MEL,True,1.0,local_therapy,True,0.8483331015429668,,,boardCertifiedDermatologist,Female
1210026825670def60e1ad382efcebf63cfd34a5,expert,40642ddcdfa1b4f2a8f855bbfa19ca258867efb3,3,14,without_ai,False,595428,DEMO_0595428,MEL,MEL,True,1.0,biopsy,True,0.8483331015429668,,,boardCertifiedDermatologist,Female
1210026825670def60e1ad382efcebf63cfd34a5,expert,40642ddcdfa1b4f2a8f855bbfa19ca258867efb3,3,14,with_ai,True,595428,DEMO_0595428,MEL,MEL,True,1.0,biopsy,True,0.8483331015429668,,,boardCertifiedDermatologist,Female
1210026825670def60e1ad382efcebf63cfd34a5,expert,40642ddcdfa1b4f2a8f855bbfa19ca258867efb3,3,15,without_ai,False,9403184,DEMO_9403184,MEL,MEL,True,1.0,local_therapy,True,0.8483331015429668,,,boardCertifiedDermatologist,Female
1210026825670def60e1ad382efcebf63cfd34a5,expert,40642ddcdfa1b4f2a8f855bbfa19ca258867efb3,3,15,with_ai,True,9403184,DEMO_9403184,MEL,INF,False,0.0,biopsy,True,0.8483331015429668,,,boardCertifiedDermatologist,Female
a638de923e4b75047cfecc531b76c322890158f9,expert,9632d66bdcae02e6cf2590dfc423dd86635f5c91,1,1,without_ai,False,6212700,DEMO_6212700,NV,NV,True,1.0,dismiss,True,0.8653143927587307,,,dermatologyResident,Male
a638de923e4b75047cfecc531b76c322890158f9,expert,9632d66bdcae02e6cf2590dfc423dd86635f5c91,1,1,with_ai,True,6212700,DEMO_6212700,NV,NV,True,1.0,biopsy,True,0.8653143927587307,,,dermatologyResident,Male
a638de923e4b75047cfecc531b76c322890158f9,expert,9632d66bdcae02e6cf2590dfc423dd86635f5c91,1,2,without_ai,False,7615395,DEMO_7615395,NV,NV,True,1.0,dismiss,True,0.8653143927587307,,,dermatologyResident,Male
a638de923e4b75047cfecc531b76c322890158f9,expert,9632d66bdcae02e6cf2590dfc423dd86635f5c91,1,2,with_ai,True,7615395,DEMO_7615395,NV,NV,True,1.0,local_therapy,True,0.8653143927587307,,,dermatologyResident,Male
a638de923e4b75047cfecc531b76c322890158f9,expert,9632d66bdcae02e6cf2590dfc423dd86635f5c91,1,3,without_ai,False,5803029,DEMO_5803029,BCC,BCC,True,1.0,monitor,True,0.8653143927587307,,,dermatologyResident,Male
a638de923e4b75047cfecc531b76c322890158f9,expert,9632d66bdcae02e6cf2590dfc423dd86635f5c91,1,3,with_ai,True,5803029,DEMO_5803029,BCC,BCC,True,1.0,local_therapy,True,0.8653143927587307,,,dermatologyResident,Male
a638de923e4b75047cfecc531b76c322890158f9,expert,9632d66bdcae02e6cf2590dfc423dd86635f5c91,1,4,without_ai,False,6693157,DEMO_6693157,DF,VASC,False,0.0,dismiss,True,0.8653143927587307,,,dermatologyResident,Male
a638de923e4b75047cfecc531b76c322890158f9,expert,9632d66bdcae02e6cf2590dfc423dd86635f5c91,1,4,with_ai,True,6693157,DEMO_6693157,DF,DF,True,1.0,local_therapy,True,0.8653143927587307,,,dermatologyResident,Male
a638de923e4b75047cfecc531b76c322890158f9,expert,9632d66bdcae02e6cf2590dfc423dd86635f5c91,1,5,without_ai,False,1220182,DEMO_1220182,BCC,BCC,True,1.0,local_therapy,True,0.8653143927587307,,,dermatologyResident,Male
a638de923e4b75047cfecc531b76c322890158f9,expert,9632d66bdcae02e6cf2590dfc423dd86635f5c91,1,5,with_ai,True,1220182,DEMO_1220182,BCC,BCC,True,1.0,biopsy,True,0.8653143927587307,,,dermatologyResident,Male
a638de923e4b75047cfecc531b76c322890158f9,expert,9632d66bdcae02e6cf2590dfc423dd86635f5c91,1,6,without_ai,False,9938910,DEMO_9938910,BCC,BCC,True,1.0,biopsy,True,0.8653143927587307,,,dermatologyResident,Male
a638de923e4b75047cfecc531b76c322890158f9,expert,9632d66bdcae02e6cf2590dfc423dd86635f5c91,1,6,with_ai,True,9938910,DEMO_9938910,BCC,BCC,True,1.0,biopsy,True,0.8653143927587307,,,dermatologyResident,Male
a638de923e4b75047cfecc531b76c322890158f9,expert,9632d66bdcae02e6cf2590dfc423dd86635f5c91,1,7,without_ai,False,4657934,DEMO_4657934,BKL,BKL,True,1.0,monitor,True,0.8653143927587307,,,dermatologyResident,Male
a638de923e4b75047cfecc531b76c322890158f9,expert,9632d66bdcae02e6cf2590dfc423dd86635f5c91,1,7,with_ai,True,4657934,DEMO_4657934,BKL,BKL,True,1.0,monitor,True,0.8653143927587307,,,dermatologyResident,Male
a638de923e4b75047cfecc531b76c322890158f9,expert,9632d66bdcae02e6cf2590dfc423dd86635f5c91,1,8,without_ai,False,3870283,DEMO_3870283,BKL,BKL,True,1.0,monitor,True,0.8653143927587307,,,dermatologyResident,Male
a638de923e4b75047cfecc531b76c322890158f9,expert,9632d66bdcae02e6cf2590dfc423dd86635f5c91,1,8,with_ai,True,3870283,DEMO_3870283,BKL,BKL,True,1.0,local_therapy,True,0.8653143927587307,,,dermatologyResident,Male
a638de923e4b75047cfecc531b76c322890158f9,expert,9632d66bdcae02e6cf2590dfc423dd86635f5c91,1,9,without_ai,False,9457003,DEMO_9457003,BCC,BCC,True,1.0,biopsy,True,0.8653143927587307,,,dermatologyResident,Male
a638de923e4b75047cfecc531b76c322890158f9,expert,9632d66bdcae02e6cf2590dfc423dd86635f5c91,1,9,with_ai,True,9457003,DEMO_9457003,BCC,BCC,True,1.0,biopsy,True,0.8653143927587307,,,dermatologyResident,Male
a638de923e4b75047cfecc531b76c322890158f9,expert,9632d66bdcae02e6cf2590dfc423dd86635f5c91,1,10,without_ai,False,3085204,DEMO_3085204,MEL,BKL,False,0.0,biopsy,True,0.8653143927587307,,,dermatologyResident,Male
a638de923e4b75047cfecc531b76c322890158f9,expert,9632d66bdcae02e6cf2590dfc423dd86635f5c91,1,10,with_ai,True,3085204,DEMO_3085204,MEL,MEL,True,1.0,biopsy,True,0.8653143927587307,,,dermatologyResident,Male
a638de923e4b75047cfecc531b76c322890158f9,expert,9632d66bdcae02e6cf2590dfc423dd86635f5c91,1,11,without_ai,False,5973967,DEMO_5973967,BKL,BKL,True,1.0,local_therapy,True,0.8653143927587307,,,dermatologyResident,Male
a638de923e4b75047cfecc531b76c322890158f9,expert,9632d66bdcae02e6cf2590dfc423dd86635f5c91,1,11,with_ai,True,5973967,DEMO_5973967,BKL,BKL,True,1.0,monitor,True,0.8653143927587307,,,dermatologyResident,Male
a638de923e4b75047cfecc531b76c322890158f9,expert,9632d66bdcae02e6cf2590dfc423dd86635f5c91,1,12,without_ai,False,618062,DEMO_0618062,BKL,BKL,True,1.0,dismiss,True,0.8653143927587307,,,dermatologyResident,Male
a638de923e4b75047cfecc531b76c322890158f9,expert,9632d66bdcae02e6cf2590dfc423dd86635f5c91,1,12,with_ai,True,618062,DEMO_0618062,BKL,BKL,True,1.0,dismiss,True,0.8653143927587307,,,dermatologyResident,Male
a638de923e4b75047cfecc531b76c322890158f9,expert,9632d66bdcae02e6cf2590dfc423dd86635f5c91,1,13,without_ai,False,9995757,DEMO_9995757,NV,OTHER_BENIGN,False,0.0,biopsy,True,0.8653143927587307,,,dermatologyResident,Male
a638de923e4b75047cfecc531b76c322890158f9,expert,9632d66bdcae02e6cf2590dfc423dd86635f5c91,1,13,with_ai,True,9995757,DEMO_9995757,NV,NV,True,1.0,monitor,True,0.8653143927587307,,,dermatologyResident,Male
a638de923e4b75047cfecc531b76c322890158f9,expert,9632d66bdcae02e6cf2590dfc423dd86635f5c91,1,14,without_ai,False,1310106,DEMO_1310106,VASC,VASC,True,1.0,monitor,True,0.8653143927587307,,,dermatologyResident,Male
a638de923e4b75047cfecc531b76c322890158f9,expert,9632d66bdcae02e6cf2590dfc423dd86635f5c91,1,14,with_ai,True,1310106,DEMO_1310106,VASC,VASC,True,1.0,dismiss,True,0.8653143927587307,,,dermatologyResident,Male
a638de923e4b75047cfecc531b76c322890158f9,expert,9632d66bdcae02e6cf2590dfc423dd86635f5c91,1,15,without_ai,False,1859410,DEMO_1859410,BCC,BCC,True,1.0,biopsy,True,0.8653143927587307,,,dermatologyResident,Male
a638de923e4b75047cfecc531b76c322890158f9,expert,9632d66bdcae02e6cf2590dfc423dd86635f5c91,1,15,with_ai,True,1859410,DEMO_1859410,BCC,BCC,True,1.0,biopsy,True,0.8653143927587307,,,dermatologyResident,Male
6aa343d8e4fdcb260106af27c846921a77a23ab2,non-expert,67724a45b6f4c2971dcff71b27bfeaee75ba7799,1,1,without_ai,False,4672766,DEMO_4672766,NV,NV,True,1.0,dismiss,True,0.6592841142567254,41-50,,dermatologyResident,Female
6aa343d8e4fdcb260106af27c846921a77a23ab2,non-expert,67724a45b6f4c2971dcff71b27bfeaee75ba7799,1,1,with_ai,True,4672766,DEMO_4672766,NV,NV,True,1.0,dismiss,True,0.6592841142567254,41-50,,dermatologyResident,Female
6aa343d8e4fdcb260106af27c846921a77a23ab2,non-expert,67724a45b6f4c2971dcff71b27bfeaee75ba7799,1,2,without_ai,False,3923696,DEMO_3923696,NV,NV,True,1.0,dismiss,True,0.6592841142567254,41-50,,dermatologyResident,Female
6aa343d8e4fdcb260106af27c846921a77a23ab2,non-expert,67724a45b6f4c2971dcff71b27bfeaee75ba7799,1,2,with_ai,True,3923696,DEMO_3923696,NV,OTHER_MALIGNANT,False,0.0,local_therapy,True,0.6592841142567254,41-50,,dermatologyResident,Female
6aa343d8e4fdcb260106af27c846921a77a23ab2,non-expert,67724a45b6f4c2971dcff71b27bfeaee75ba7799,1,3,without_ai,False,9515451,DEMO_9515451,MEL,MEL,True,1.0,biopsy,True,0.6592841142567254,41-50,,dermatologyResident,Female
6aa343d8e4fdcb260106af27c846921a77a23ab2,non-expert,67724a45b6f4c2971dcff71b27bfeaee75ba7799,1,3,with_ai,True,9515451,DEMO_9515451,MEL,BKL,False,0.0,biopsy,True,0.6592841142567254,41-50,,dermatologyResident,Female
6aa343d8e4fdcb260106af27c846921a77a23ab2,non-expert,67724a45b6f4c2971dcff71b27bfeaee75ba7799,1,4,without_ai,False,9309837,DEMO_9309837,MEL,MEL,True,1.0,local_therapy,True,0.6592841142567254,41-50,,dermatologyResident,Female
6aa343d8e4fdcb260106af27c846921a77a23ab2,non-expert,67724a45b6f4c2971dcff71b27bfeaee75ba7799,1,4,with_ai,True,9309837,DEMO_9309837,MEL,MEL,True,1.0,biopsy,True,0.6592841142567254,41-50,,dermatologyResident,Female
6aa343d8e4fdcb260106af27c846921a77a23ab2,non-expert,67724a45b6f4c2971dcff71b27bfeaee75ba7799,1,5,without_ai,False,8401706,DEMO_8401706,VASC,VASC,True,1.0,dismiss,True,0.6592841142567254,41-50,,dermatologyResident,Female
6aa343d8e4fdcb260106af27c846921a77a23ab2,non-expert,67724a45b6f4c2971dcff71b27bfeaee75ba7799,1,5,with_ai,True,8401706,DEMO_8401706,VASC,VASC,True,1.0,dismiss,True,0.6592841142567254,41-50,,dermatologyResident,Female
6aa343d8e4fdcb260106af27c846921a77a23ab2,non-expert,67724a45b6f4c2971dcff71b27bfeaee75ba7799,1,6,without_ai,False,4804851,DEMO_4804851,BKL,BKL,True,1.0,dismiss,True,0.6592841142567254,41-50,,dermatologyResident,Female
6aa343d8e4fdcb260106af27c846921a77a23ab2,non-expert,67724a45b6f4c2971dcff71b27bfeaee75ba7799,1,6,with_ai,True,4804851,DEMO_4804851,BKL,BKL,True,1.0,dismiss,True,0.6592841142567254,41-50,,dermatologyResident,Female
6aa343d8e4fdcb260106af27c846921a77a23ab2,non-expert,67724a45b6f4c2971dcff71b27bfeaee75ba7799,1,7,without_ai,False,4019382,DEMO_4019382,BCC,NV,False,0.0,biopsy,True,0.6592841142567254,41-50,,dermatologyResident,Female
6aa343d8e4fdcb260106af27c846921a77a23ab2,non-expert,67724a45b6f4c2971dcff71b27bfeaee75ba7799,1,7,with_ai,True,4019382,DEMO_4019382,BCC,BCC,True,1.0,biopsy,True,0.6592841142567254,41-50,,dermatologyResident,Female
6aa343d8e4fdcb260106af27c846921a77a23ab2,non-expert,67724a45b6f4c2971dcff71b27bfeaee75ba7799,1,8,without_ai,False,7436208,DEMO_7436208,NV,INF,False,0.0,monitor,True,0.6592841142567254,41-50,,dermatologyResident,Female
6aa343d8e4fdcb260106af27c846921a77a23ab2,non-expert,67724a45b6f4c2971dcff71b27bfeaee75ba7799,1,8,with_ai,True,7436208,DEMO_7436208,NV,NV,True,1.0,monitor,True,0.6592841142567254,41-50,,dermatologyResident,Female
6aa343d8e4fdcb260106af27c846921a77a23ab2,non-expert,67724a45b6f4c2971dcff71b27bfeaee75ba7799,1,9,without_ai,False,5420740,DEMO_5420740,OTHER_BENIGN,OTHER_BENIGN,True,1.0,dismiss,True,0.6592841142567254,41-50,,dermatologyResident,Female
6aa343d8e4fdcb260106af27c846921a77a23ab2,non-expert,67724a45b6f4c2971dcff71b27bfeaee75ba7799,1,9,with_ai,True,5420740,DEMO_5420740,OTHER_BENIGN,OTHER_BENIGN,True,1.0,monitor,True,0.6592841142567254,41-50,,dermatologyResident,Female
6aa343d8e4fdcb260106af27c846921a77a23ab2,non-expert,67724a45b6f4c2971dcff71b27bfeaee75ba7799,1,10,without_ai,False,659142,DEMO_0659142,BKL,BKL,True,1.0,dismiss,True,0.6592841142567254,41-50,,dermatologyResident,Female
6aa343d8e4fdcb260106af27c846921a77a23ab2,non-expert,67724a45b6f4c2971dcff71b27bfeaee75ba7799,1,10,with_ai,True,659142,DEMO_0659142,BKL,BKL,True,1.0,biopsy,True,0.6592841142567254,41-50,,dermatologyResident,Female
6aa343d8e4fdcb260106af27c846921a77a23ab2,non-expert,67724a45b6f4c2971dcff71b27bfeaee75ba7799,1,11,without_ai,False,7657346,DEMO_7657346,BKL,INF,False,0.0,local_therapy,True,0.6592841142567254,41-50,,dermatologyResident,Female
6aa343d8e4fdcb260106af27c846921a77a23ab2,non-expert,67724a45b6f4c2971dcff71b27bfeaee75ba7799,1,11,with_ai,True,7657346,DEMO_7657346,BKL,INF,False,0.0,monitor,True,0.6592841142567254,41-50,,dermatologyResident,Female
6aa343d8e4fdcb260106af27c846921a77a23ab2,non-expert,67724a45b6f4c2971dcff71b27bfeaee75ba7799,1,12,without_ai,False,2685375,DEMO_2685375,AKIEC,BCC,False,0.0,biopsy,True,0.6592841142567254,41-50,,dermatologyResident,Female
6aa343d8e4fdcb260106af27c846921a77a23ab2,non-expert,67724a45b6f4c2971dcff71b27bfeaee75ba7799,1,12,with_ai,True,2685375,DEMO_2685375,AKIEC,AKIEC,True,1.0,biopsy,True,0.6592841142567254,41-50,,dermatologyResident,Female
6aa343d8e4fdcb260106af27c846921a77a23ab2,non-expert,67724a45b6f4c2971dcff71b27bfeaee75ba7799,1,13,without_ai,False,7523408,DEMO_7523408,DF,DF,True,1.0,monitor,True,0.6592841142567254,41-50,,dermatologyResident,Female
6aa343d8e4fdcb260106af27c846921a77a23ab2,non-expert,67724a45b6f4c2971dcff71b27bfeaee75ba7799,1,13,with_ai,True,7523408,DEMO_7523408,DF,DF,True,1.0,monitor,True,0.6592841142567254,41-50,,dermatologyResident,Female
6aa343d8e4fdcb260106af27c846921a77a23ab2,non-expert,67724a45b6f4c2971dcff71b27bfeaee75ba7799,1,14,without_ai,False,2059870,DEMO_2059870,DF,DF,True,1.0,dismiss,True,0.6592841142567254,41-50,,dermatologyResident,Female
6aa343d8e4fdcb260106af27c846921a77a23ab2,non-expert,67724a45b6f4c2971dcff71b27bfeaee75ba7799,1,14,with_ai,True,2059870,DEMO_2059870,DF,DF,True,1.0,dismiss,True,0.6592841142567254,41-50,,dermatologyResident,Female
6aa343d8e4fdcb260106af27c846921a77a23ab2,non-expert,67724a45b6f4c2971dcff71b27bfeaee75ba7799,1,15,without_ai,False,9613970,DEMO_9613970,NV,NV,True,1.0,monitor,True,0.6592841142567254,41-50,,dermatologyResident,Female
6aa343d8e4fdcb260106af27c846921a77a23ab2,non-expert,67724a45b6f4c2971dcff71b27bfeaee75ba7799,1,15,with_ai,True,9613970,DEMO_9613970,NV,NV,True,1.0,monitor,True,0.6592841142567254,41-50,,dermatologyResident,Female
c04b126465a4fadce83687f749e190915fea9b21,expert,9fc98927f348e8be73e9b4c9c63d888413a70b42,1,1,without_ai,False,5071593,DEMO_5071593,NV,NV,True,1.0,biopsy,True,0.8308104795070712,,,boardCertifiedDermatologist,Female
c04b126465a4fadce83687f749e190915fea9b21,expert,9fc98927f348e8be73e9b4c9c63d888413a70b42,1,1,with_ai,True,5071593,DEMO_5071593,NV,NV,True,1.0,dismiss,True,0.8308104795070712,,,boardCertifiedDermatologist,Female
c04b126465a4fadce83687f749e190915fea9b21,expert,9fc98927f348e8be73e9b4c9c63d888413a70b42,1,2,without_ai,False,689440,DEMO_0689440,NV,NV,True,1.0,monitor,True,0.8308104795070712,,,boardCertifiedDermatologist,Female
c04b126465a4fadce83687f749e190915fea9b21,expert,9fc98927f348e8be73e9b4c9c63d888413a70b42,1,2,with_ai,True,689440,DEMO_0689440,NV,NV,True,1.0,dismiss,True,0.8308104795070712,,,boardCertifiedDermatologist,Female
c04b126465a4fadce83687f749e190915fea9b21,expert,9fc98927f348e8be73e9b4c9c63d888413a70b42,1,3,without_ai,False,3758769,DEMO_3758769,NV,DF,False,0.0,biopsy,True,0.8308104795070712,,,boardCertifiedDermatologist,Female
c04b126465a4fadce83687f749e190915fea9b21,expert,9fc98927f348e8be73e9b4c9c63d888413a70b42,1,3,with_ai,True,3758769,DEMO_3758769,NV,NV,True,1.0,monitor,True,0.8308104795070712,,,boardCertifiedDermatologist,Female
c04b126465a4fadce83687f749e190915fea9b21,expert,9fc98927f348e8be73e9b4c9c63d888413a70b42,1,4,without_ai,False,6504938,DEMO_6504938,DF,DF,True,1.0,monitor,True,0.8308104795070712,,,boardCertifiedDermatologist,Female
c04b126465a4fadce83687f749e190915fea9b21,expert,9fc98927f348e8be73e9b4c9c63d888413a70b42,1,4,with_ai,True,6504938,DEMO_6504938,DF,DF,True,1.0,dismiss,True,0.8308104795070712,,,boardCertifiedDermatologist,Female
c04b126465a4fadce83687f749e190915fea9b21,expert,9fc98927f348e8be73e9b4c9c63d888413a70b42,1,5,without_ai,False,3482689,DEMO_3482689,AKIEC,AKIEC,True,1.0,local_therapy,True,0.8308104795070712,,,boardCertifiedDermatologist,Female
c04b126465a4fadce83687f749e190915fea9b21,expert,9fc98927f348e8be73e9b4c9c63d888413a70b42,1,5,with_ai,True,3482689,DEMO_3482689,AKIEC,AKIEC,True,1.0,biopsy,True,0.8308104795070712,,,boardCertifiedDermatologist,Female
c04b126465a4fadce83687f749e190915fea9b21,expert,9fc98927f348e8be73e9b4c9c63d888413a70b42,1,6,without_ai,False,5203215,DEMO_5203215,SCCKA,SCCKA,True,1.0,biopsy,True,0.8308104795070712,,,boardCertifiedDermatologist,Female
c04b126465a4fadce83687f749e190915fea9b21,expert,9fc98927f348e8be73e9b4c9c63d888413a70b42,1,6,with_ai,True,5203215,DEMO_5203215,SCCKA,SCCKA,True,1.0,local_therapy,True,0.8308104795070712,,,boardCertifiedDermatologist,Female
c04b126465a4fadce83687f749e190915fea9b21,expert,9fc98927f348e8be73e9b4c9c63d888413a70b42,1,7,without_ai,False,4331866,DEMO_4331866,BKL,BKL,True,1.0,monitor,True,0.8308104795070712,,,boardCertifiedDermatologist,Female
c04b126465a4fadce83687f749e190915fea9b21,expert,9fc98927f348e8be73e9b4c9c63d888413a70b42,1,7,with_ai,True,4331866,DEMO_4331866,BKL,BKL,True,1.0,biopsy,True,0.8308104795070712,,,boardCertifiedDermatologist,Female
c04b126465a4fadce83687f749e190915fea9b21,expert,9fc98927f348e8be73e9b4c9c63d888413a70b42,1,8,without_ai,False,9917007,DEMO_9917007,BKL,BKL,True,1.0,dismiss,True,0.8308104795070712,,,boardCertifiedDermatologist,Female
c04b126465a4fadce83687f749e190915fea9b21,expert,9fc98927f348e8be73e9b4c9c63d888413a70b42,1,8,with_ai,True,9917007,DEMO_9917007,BKL,BKL,True,1.0,dismiss,True,0.8308104795070712,,,boardCertifiedDermatologist,Female
c04b126465a4fadce83687f749e190915fea9b21,expert,9fc98927f348e8be73e9b4c9c63d888413a70b42,1,9,without_ai,False,1123966,DEMO_1123966,NV,NV,True,1.0,monitor,True,0.8308104795070712,,,boardCertifiedDermatologist,Female
c04b126465a4fadce83687f749e190915fea9b21,expert,9fc98927f348e8be73e9b4c9c63d888413a70b42,1,9,with_ai,True,1123966,DEMO_1123966,NV,NV,True,1.0,dismiss,True,0.8308104795070712,,,boardCertifiedDermatologist,Female
c04b126465a4fadce83687f749e190915fea9b21,expert,9fc98927f348e8be73e9b4c9c63d888413a70b42,1,10,without_ai,False,1814400,DEMO_1814400,AKIEC,VASC,False,0.0,dismiss,True,0.8308104795070712,,,boardCertifiedDermatologist,Female
c04b126465a4fadce83687f749e190915fea9b21,expert,9fc98927f348e8be73e9b4c9c63d888413a70b42,1,10,with_ai,True,1814400,DEMO_1814400,AKIEC,AKIEC,True,1.0,dismiss,True,0.8308104795070712,,,boardCertifiedDermatologist,Female
c04b126465a4fadce83687f749e190915fea9b21,expert,9fc98927f348e8be73e9b4c9c63d888413a70b42,1,11,without_ai,False,8069288,DEMO_8069288,VASC,VASC,True,1.0,dismiss,True,0.8308104795070712,,,boardCertifiedDermatologist,Female
c04b126465a4fadce83687f749e190915fea9b21,expert,9fc98927f348e8be73e9b4c9c63d888413a70b42,1,11,with_ai,True,8069288,DEMO_8069288,VASC,VASC,True,1.0,monitor,True,0.8308104795070712,,,boardCertifiedDermatologist,Female
c04b126465a4fadce83687f749e190915fea9b21,expert,9fc98927f348e8be73e9b4c9c63d888413a70b42,1,12,without_ai,False,1156364,DEMO_1156364,BCC,BCC,True,1.0,biopsy,True,0.8308104795070712,,,boardCertifiedDermatologist,Female
c04b126465a4fadce83687f749e190915fea9b21,expert,9fc98927f348e8be73e9b4c9c63d888413a70b42,1,12,with_ai,True,1156364,DEMO_1156364,BCC,BCC,True,1.0,local_therapy,True,0.8308104795070712,,,boardCertifiedDermatologist,Female
c04b126465a4fadce83687f749e190915fea9b21,expert,9fc98927f348e8be73e9b4c9c63d888413a70b42,1,13,without_ai,False,8712933,DEMO_8712933,VASC,VASC,True,1.0,dismiss,True,0.8308104795070712,,,boardCertifiedDermatologist,Female
c04b126465a4fadce83687f749e190915fea9b21,expert,9fc98927f348e8be73e9b4c9c63d888413a70b42,1,13,with_ai,True,8712933,DEMO_8712933,VASC,NV,False,0.0,dismiss,True,0.8308104795070712,,,boardCertifiedDermatologist,Female
c04b126465a4fadce83687f749e190915fea9b21,expert,9fc98927f348e8be73e9b4c9c63d888413a70b42,1,14,without_ai,False,4860895,DEMO_4860895,OTHER_MALIGNANT,OTHER_MALIGNANT,True,1.0,monitor,True,0.8308104795070712,,,boardCertifiedDermatologist,Female
c04b126465a4fadce83687f749e190915fea9b21,expert,9fc98927f348e8be73e9b4c9c63d888413a70b42,1,14,with_ai,True,4860895,DEMO_4860895,OTHER_MALIGNANT,OTHER_MALIGNANT,True,1.0,local_therapy,True,0.8308104795070712,,,boardCertifiedDermatologist,Female
c04b126465a4fadce83687f749e190915fea9b21,expert,9fc98927f348e8be73e9b4c9c63d888413a70b42,1,15,without_ai,False,4060439,DEMO_4060439,SCCKA,BKL,False,0.0,biopsy,True,0.8308104795070712,,,boardCertifiedDermatologist,Female
c04b126465a4fadce83687f749e190915fea9b21,expert,9fc98927f348e8be73e9b4c9c63d888413a70b42,1,15,with_ai,True,4060439,DEMO_4060439,SCCKA,SCCKA,True,1.0,local_therapy,True,0.8308104795070712,,,boardCertifiedDermatologist,Female
dc6fd7eba85e3eccd664eaf256b27670eaded18a,non-expert,551994ef6bce564b9982e6fa81e3eeb0c7364e53,2,1,without_ai,False,8501089,DEMO_8501089,DF,DF,True,1.0,monitor,True,0.4081251727028173,,,dermatologyResident,Male
dc6fd7eba85e3eccd664eaf256b27670eaded18a,non-expert,551994ef6bce564b9982e6fa81e3eeb0c7364e53,2,1,with_ai,True,8501089,DEMO_8501089,DF,DF,True,1.0,dismiss,True,0.4081251727028173,,,dermatologyResident,Male
dc6fd7eba85e3eccd664eaf256b27670eaded18a,non-expert,551994ef6bce564b9982e6fa81e3eeb0c7364e53,2,2,without_ai,False,5653377,DEMO_5653377,NV,NV,True,1.0,monitor,True,0.4081251727028173,,,dermatologyResident,Male
dc6fd7eba85e3eccd664eaf256b27670eaded18a,non-expert,551994ef6bce564b9982e6fa81e3eeb0c7364e53,2,2,with_ai,True,5653377,DEMO_5653377,NV,VASC,False,0.0,dismiss,True,0.4081251727028173,,,dermatologyResident,Male
dc6fd7eba85e3eccd664eaf256b27670eaded18a,non-expert,551994ef6bce564b9982e6fa81e3eeb0c7364e53,2,3,without_ai,False,9540441,DEMO_9540441,MEL,OTHER_BENIGN,False,0.0,local_therapy,True,0.4081251727028173,,,dermatologyResident,Male
dc6fd7eba85e3eccd664eaf256b27670eaded18a,non-expert,551994ef6bce564b9982e6fa81e3eeb0c7364e53,2,3,with_ai,True,9540441,DEMO_9540441,MEL,MEL,True,1.0,biopsy,True,0.4081251727028173,,,dermatologyResident,Male
dc6fd7eba85e3eccd664eaf256b27670eaded18a,non-expert,551994ef6bce564b9982e6fa81e3eeb0c7364e53,2,4,without_ai,False,9020788,DEMO_9020788,NV,NV,True,1.0,dismiss,True,0.4081251727028173,,,dermatologyResident,Male
dc6fd7eba85e3eccd664eaf256b27670eaded18a,non-expert,551994ef6bce564b9982e6fa81e3eeb0c7364e53,2,4,with_ai,True,9020788,DEMO_9020788,NV,AKIEC,False,0.0,dismiss,True,0.4081251727028173,,,dermatologyResident,Male
dc6fd7eba85e3eccd664eaf256b27670eaded18a,non-expert,551994ef6bce564b9982e6fa81e3eeb0c7364e53,2,5,without_ai,False,3769701,DEMO_3769701,OTHER_BENIGN,INF,False,0.0,monitor,True,0.4081251727028173,,,dermatologyResident,Male
dc6fd7eba85e3eccd664eaf256b27670eaded18a,non-expert,551994ef6bce564b9982e6fa81e3eeb0c7364e53,2,5,with_ai,True,3769701,DEMO_3769701,OTHER_BENIGN,OTHER_BENIGN,True,1.0,monitor,True,0.4081251727028173,,,dermatologyResident,Male
dc6fd7eba85e3eccd664eaf256b27670eaded18a,non-expert,551994ef6bce564b9982e6fa81e3eeb0c7364e53,2,6,without_ai,False,6645990,DEMO_6645990,NV,NV,True,1.0,dismiss,True,0.4081251727028173,,,dermatologyResident,Male
dc6fd7eba85e3eccd664eaf256b27670eaded18a,non-expert,551994ef6bce564b9982e6fa81e3eeb0c7364e53,2,6,with_ai,True,6645990,DEMO_6645990,NV,MEL,False,0.0,monitor,True,0.4081251727028173,,,dermatologyResident,Male
dc6fd7eba85e3eccd664eaf256b27670eaded18a,non-expert,551994ef6bce564b9982e6fa81e3eeb0c7364e53,2,7,without_ai,False,3925650,DEMO_3925650,MEL,DF,False,0.0,biopsy,True,0.4081251727028173,,,dermatologyResident,Male
dc6fd7eba85e3eccd664eaf256b27670eaded18a,non-expert,551994ef6bce564b9982e6fa81e3eeb0c7364e53,2,7,with_ai,True,3925650,DEMO_3925650,MEL,BCC,False,0.0,monitor,True,0.4081251727028173,,,dermatologyResident,Male
dc6fd7eba85e3eccd664eaf256b27670eaded18a,non-expert,551994ef6bce564b9982e6fa81e3eeb0c7364e53,2,8,without_ai,False,6546605,DEMO_6546605,DF,INF,False,0.0,dismiss,True,0.4081251727028173,,,dermatologyResident,Male
dc6fd7eba85e3eccd664eaf256b27670eaded18a,non-expert,551994ef6bce564b9982e6fa81e3eeb0c7364e53,2,8,with_ai,True,6546605,DEMO_6546605,DF,DF,True,1.0,dismiss,True,0.4081251727028173,,,dermatologyResident,Male
dc6fd7eba85e3eccd664eaf256b27670eaded18a,non-expert,551994ef6bce564b9982e6fa81e3eeb0c7364e53,2,9,without_ai,False,7734919,DEMO_7734919,NV,OTHER_MALIGNANT,False,0.0,local_therapy,True,0.4081251727028173,,,dermatologyResident,Male
dc6fd7eba85e3eccd664eaf256b27670eaded18a,non-expert,551994ef6bce564b9982e6fa81e3eeb0c7364e53,2,9,with_ai,True,7734919,DEMO_7734919,NV,NV,True,1.0,monitor,True,0.4081251727028173,,,dermatologyResident,Male
dc6fd7eba85e3eccd664eaf256b27670eaded18a,non-expert,551994ef6bce564b9982e6fa81e3eeb0c7364e53,2,10,without_ai,False,2293844,DEMO_2293844,DF,INF,False,0.0,monitor,True,0.4081251727028173,,,dermatologyResident,Male
dc6fd7eba85e3eccd664eaf256b27670eaded18a,non-expert,551994ef6bce564b9982e6fa81e3eeb0c7364e53,2,10,with_ai,True,2293844,DEMO_2293844,DF,OTHER_MALIGNANT,False,0.0,biopsy,True,0.4081251727028173,,,dermatologyResident,Male
dc6fd7eba85e3eccd664eaf256b27670eaded18a,non-expert,551994ef6bce564b9982e6fa81e3eeb0c7364e53,2,11,without_ai,False,9856488,DEMO_9856488,NV,NV,True,1.0,monitor,True,0.4081251727028173,,,dermatologyResident,Male
dc6fd7eba85e3eccd664eaf256b27670eaded18a,non-expert,551994ef6bce564b9982e6fa81e3eeb0c7364e53,2,11,with_ai,True,9856488,DEMO_9856488,NV,NV,True,1.0,dismiss,True,0.4081251727028173,,,dermatologyResident,Male
dc6fd7eba85e3eccd664eaf256b27670eaded18a,non-expert,551994ef6bce564b9982e6fa81e3eeb0c7364e53,2,12,without_ai,False,6848451,DEMO_6848451,BKL,INF,False,0.0,local_therapy,True,0.4081251727028173,,,dermatologyResident,Male
dc6fd7eba85e3eccd664eaf256b27670eaded18a,non-expert,551994ef6bce564b9982e6fa81e3eeb0c7364e53,2,12,with_ai,True,6848451,DEMO_6848451,BKL,BKL,True,1.0,dismiss,True,0.4081251727028173,,,dermatologyResident,Male
dc6fd7eba85e3eccd664eaf256b27670eaded18a,non-expert,551994ef6bce564b9982e6fa81e3eeb0c7364e53,2,13,without_ai,False,6915609,DEMO_6915609,NV,NV,True,1.0,dismiss,True,0.4081251727028173,,,dermatologyResident,Male
dc6fd7eba85e3eccd664eaf256b27670eaded18a,non-expert,551994ef6bce564b9982e6fa81e3eeb0c7364e53,2,13,with_ai,True,6915609,DEMO_6915609,NV,NV,True,1.0,monitor,True,0.4081251727028173,,,dermatologyResident,Male
dc6fd7eba85e3eccd664eaf256b27670eaded18a,non-expert,551994ef6bce564b9982e6fa81e3eeb0c7364e53,2,14,without_ai,False,8300505,DEMO_8300505,NV,NV,True,1.0,monitor,True,0.4081251727028173,,,dermatologyResident,Male
dc6fd7eba85e3eccd664eaf256b27670eaded18a,non-expert,551994ef6bce564b9982e6fa81e3eeb0c7364e53,2,14,with_ai,True,8300505,DEMO_8300505,NV,NV,True,1.0,dismiss,True,0.4081251727028173,,,dermatologyResident,Male
dc6fd7eba85e3eccd664eaf256b27670eaded18a,non-expert,551994ef6bce564b9982e6fa81e3eeb0c7364e53,2,15,without_ai,False,9970291,DEMO_9970291,DF,DF,True,1.0,monitor,True,0.4081251727028173,,,dermatologyResident,Male
dc6fd7eba85e3eccd664eaf256b27670eaded18a,non-expert,551994ef6bce564b9982e6fa81e3eeb0c7364e53,2,15,with_ai,True,9970291,DEMO_9970291,DF,DF,True,1.0,monitor,True,0.4081251727028173,,,dermatologyResident,Male
dc6fd7eba85e3eccd664eaf256b27670eaded18a,non-expert,60260fddbe8a129cd0079e1ef61597222ec42825,3,1,without_ai,False,2192592,DEMO_2192592,NV,OTHER_MALIGNANT,False,0.0,biopsy,True,0.4081251727028173,,,dermatologyResident,Male
dc6fd7eba85e3eccd664eaf256b27670eaded18a,non-expert,60260fddbe8a129cd0079e1ef61597222ec42825,3,1,with_ai,True,2192592,DEMO_2192592,NV,OTHER_MALIGNANT,False,0.0,dismiss,True,0.4081251727028173,,,dermatologyResident,Male
dc6fd7eba85e3eccd664eaf256b27670eaded18a,non-expert,60260fddbe8a129cd0079e1ef61597222ec42825,3,2,without_ai,False,3585902,DEMO_3585902,BKL,SCCKA,False,0.0,monitor,True,0.4081251727028173,,,dermatologyResident,Male
dc6fd7eba85e3eccd664eaf256b27670eaded18a,non-expert,60260fddbe8a129cd0079e1ef61597222ec42825,3,2,with_ai,True,3585902,DEMO_3585902,BKL,VASC,False,0.0,biopsy,True,0.4081251727028173,,,dermatologyResident,Male
dc6fd7eba85e3eccd664eaf256b27670eaded18a,non-expert,60260fddbe8a129cd0079e1ef61597222ec42825,3,3,without_ai,False,58392,DEMO_0058392,INF,BCC,False,0.0,local_therapy,True,0.4081251727028173,,,dermatologyResident,Male
dc6fd7eba85e3eccd664eaf256b27670eaded18a,non-expert,60260fddbe8a129cd0079e1ef61597222ec42825,3,3,with_ai,True,58392,DEMO_0058392,INF,INF,True,1.0,local_therapy,True,0.4081251727028173,,,dermatologyResident,Male
dc6fd7eba85e3eccd664eaf256b27670eaded18a,non-expert,60260fddbe8a129cd0079e1ef61597222ec42825,3,4,without_ai,False,7454075,DEMO_7454075,BCC,BCC,True,1.0,biopsy,True,0.4081251727028173,,,dermatologyResident,Male
dc6fd7eba85e3eccd664eaf256b27670eaded18a,non-expert,60260fddbe8a129cd0079e1ef61597222ec42825,3,4,with_ai,True,7454075,DEMO_7454075,BCC,BCC,True,1.0,biopsy,True,0.4081251727028173,,,dermatologyResident,Male
dc6fd7eba85e3eccd664eaf256b27670eaded18a,non-expert,60260fddbe8a129cd0079e1ef61597222ec42825,3,5,without_ai,False,9505111,DEMO_9505111,BCC,BCC,True,1.0,biopsy,True,0.4081251727028173,,,dermatologyResident,Male
dc6fd7eba85e3eccd664eaf256b27670eaded18a,non-expert,60260fddbe8a129cd0079e1ef61597222ec42825,3,5,with_ai,True,9505111,DEMO_9505111,BCC,AKIEC,False,0.0,local_therapy,True,0.4081251727028173,,,dermatologyResident,Male
dc6fd7eba85e3eccd664eaf256b27670eaded18a,non-expert,60260fddbe8a129cd0079e1ef61597222ec42825,3,6,without_ai,False,2228734,DEMO_2228734,NV,AKIEC,False,0.0,monitor,True,0.4081251727028173,,,dermatologyResident,Male
dc6fd7eba85e3eccd664eaf256b27670eaded18a,non-expert,60260fddbe8a129cd0079e1ef61597222ec42825,3,6,with_ai,True,2228734,DEMO_2228734,NV,AKIEC,False,0.0,dismiss,True,0.4081251727028173,,,dermatologyResident,Male
dc6fd7eba85e3eccd664eaf256b27670eaded18a,non-expert,60260fddbe8a129cd0079e1ef61597222ec42825,3,7,without_ai,False,2215615,DEMO_2215615,BCC,BCC,True,1.0,biopsy,True,0.4081251727028173,,,dermatologyResident,Male
dc6fd7eba85e3eccd664eaf256b27670eaded18a,non-expert,60260fddbe8a129cd0079e1ef61597222ec42825,3,7,with_ai,True,2215615,DEMO_2215615,BCC,BCC,True,1.0,biopsy,True,0.4081251727028173,,,dermatologyResident,Male
dc6fd7eba85e3eccd664eaf256b27670eaded18a,non-expert,60260fddbe8a129cd0079e1ef61597222ec42825,3,8,without_ai,False,1718567,DEMO_1718567,DF,MEL,False,0.0,dismiss,True,0.4081251727028173,,,dermatologyResident,Male
dc6fd7eba85e3eccd664eaf256b27670eaded18a,non-expert,60260fddbe8a129cd0079e1ef61597222ec42825,3,8,with_ai,True,1718567,DEMO_1718567,DF,OTHER_MALIGNANT,False,0.0,biopsy,True,0.4081251727028173,,,dermatologyResident,Male
dc6fd7eba85e3eccd664eaf256b27670eaded18a,non-expert,60260fddbe8a129cd0079e1ef61597222ec42825,3,9,without_ai,False,7318530,DEMO_7318530,VASC,INF,False,0.0,local_therapy,True,0.4081251727028173,,,dermatologyResident,Male
dc6fd7eba85e3eccd664eaf256b27670eaded18a,non-expert,60260fddbe8a129cd0079e1ef61597222ec42825,3,9,with_ai,True,7318530,DEMO_7318530,VASC,OTHER_BENIGN,False,0.0,monitor,True,0.4081251727028173,,,dermatologyResident,Male
dc6fd7eba85e3eccd664eaf256b27670eaded18a,non-expert,60260fddbe8a129cd0079e1ef61597222ec42825,3,10,without_ai,False,686473,DEMO_0686473,VASC,VASC,True,1.0,biopsy,True,0.4081251727028173,,,dermatologyResident,Male
dc6fd7eba85e3eccd664eaf256b27670eaded18a,non-expert,60260fddbe8a129cd0079e1ef61597222ec42825,3,10,with_ai,True,686473,DEMO_0686473,VASC,VASC,True,1.0,dismiss,True,0.4081251727028173,,,dermatologyResident,Male
dc6fd7eba85e3eccd664eaf256b27670eaded18a,non-expert,60260fddbe8a129cd0079e1ef61597222ec42825,3,11,without_ai,False,1329284,DEMO_1329284,MEL,OTHER_MALIGNANT,False,0.0,biopsy,True,0.4081251727028173,,,dermatologyResident,Male
dc6fd7eba85e3eccd664eaf256b27670eaded18a,non-expert,60260fddbe8a129cd0079e1ef61597222ec42825,3,11,with_ai,True,1329284,DEMO_1329284,MEL,BKL,False,0.0,local_therapy,True,0.4081251727028173,,,dermatologyResident,Male
dc6fd7eba85e3eccd664eaf256b27670eaded18a,non-expert,60260fddbe8a129cd0079e1ef61597222ec42825,3,12,without_ai,False,7542392,DEMO_7542392,BKL,BKL,True,1.0,dismiss,True,0.4081251727028173,,,dermatologyResident,Male
dc6fd7eba85e3eccd664eaf256b27670eaded18a,non-expert,60260fddbe8a129cd0079e1ef61597222ec42825,3,12,with_ai,True,7542392,DEMO_7542392,BKL,BKL,True,1.0,local_therapy,True,0.4081251727028173,,,dermatologyResident,Male
dc6fd7eba85e3eccd664eaf256b27670eaded18a,non-expert,60260fddbe8a129cd0079e1ef61597222ec42825,3,13,without_ai,False,1894545,DEMO_1894545,DF,OTHER_BENIGN,False,0.0,monitor,True,0.4081251727028173,,,dermatologyResident,Male
dc6fd7eba85e3eccd664eaf256b27670eaded18a,non-expert,60260fddbe8a129cd0079e1ef61597222ec42825,3,13,with_ai,True,1894545,DEMO_1894545,DF,SCCKA,False,0.0,dismiss,True,0.4081251727028173,,,dermatologyResident,Male
dc6fd7eba85e3eccd664eaf256b27670eaded18a,non-expert,60260fddbe8a129cd0079e1ef61597222ec42825,3,14,without_ai,False,2326197,DEMO_2326197,NV,OTHER_MALIGNANT,False,0.0,monitor,True,0.4081251727028173,,,dermatologyResident,Male
dc6fd7eba85e3eccd664eaf256b27670eaded18a,non-expert,60260fddbe8a129cd0079e1ef61597222ec42825,3,14,with_ai,True,2326197,DEMO_2326197,NV,NV,True,1.0,dismiss,True,0.4081251727028173,,,dermatologyResident,Male
dc6fd7eba85e3eccd664eaf256b27670eaded18a,non-expert,60260fddbe8a129cd0079e1ef61597222ec42825,3,15,without_ai,False,4723063,DEMO_4723063,BKL,AKIEC,False,0.0,monitor,True,0.4081251727028173,,,dermatologyResident,Male
dc6fd7eba85e3eccd664eaf256b27670eaded18a,non-expert,60260fddbe8a129cd0079e1ef61597222ec42825,3,15,with_ai,True,4723063,DEMO_4723063,BKL,BKL,True,1.0,biopsy,True,0.4081251727028173,,,dermatologyResident,Male
dc6fd7eba85e3eccd664eaf256b27670eaded18a,non-expert,e089a26e0fcd252619ba96383844bf9c975b592d,4,1,without_ai,False,8886168,DEMO_8886168,BKL,BKL,True,1.0,dismiss,True,0.4081251727028173,,,dermatologyResident,Male
dc6fd7eba85e3eccd664eaf256b27670eaded18a,non-expert,e089a26e0fcd252619ba96383844bf9c975b592d,4,1,with_ai,True,8886168,DEMO_8886168,BKL,SCCKA,False,0.0,local_therapy,True,0.4081251727028173,,,dermatologyResident,Male
dc6fd7eba85e3eccd664eaf256b27670eaded18a,non-expert,e089a26e0fcd252619ba96383844bf9c975b592d,4,2,without_ai,False,3897842,DEMO_3897842,SCCKA,SCCKA,True,1.0,local_therapy,True,0.4081251727028173,,,dermatologyResident,Male
dc6fd7eba85e3eccd664eaf256b27670eaded18a,non-expert,e089a26e0fcd252619ba96383844bf9c975b592d,4,2,with_ai,True,3897842,DEMO_3897842,SCCKA,SCCKA,True,1.0,biopsy,True,0.4081251727028173,,,dermatologyResident,Male
dc6fd7eba85e3eccd664eaf256b27670eaded18a,non-expert,e089a26e0fcd252619ba96383844bf9c975b592d,4,3,without_ai,False,8202228,DEMO_8202228,NV,NV,True,1.0,monitor,True,0.4081251727028173,,,dermatologyResident,Male
dc6fd7eba85e3eccd664eaf256b27670eaded18a,non-expert,e089a26e0fcd252619ba96383844bf9c975b592d,4,3,with_ai,True,8202228,DEMO_8202228,NV,INF,False,0.0,dismiss,True,0.4081251727028173,,,dermatologyResident,Male
dc6fd7eba85e3eccd664eaf256b27670eaded18a,non-expert,e089a26e0fcd252619ba96383844bf9c975b592d,4,4,without_ai,False,252107,DEMO_0252107,NV,NV,True,1.0,monitor,True,0.4081251727028173,,,dermatologyResident,Male
dc6fd7eba85e3eccd664eaf256b27670eaded18a,non-expert,e089a26e0fcd252619ba96383844bf9c975b592d,4,4,with_ai,True,252107,DEMO_0252107,NV,NV,True,1.0,monitor,True,0.4081251727028173,,,dermatologyResident,Male
dc6fd7eba85e3eccd664eaf256b27670eaded18a,non-expert,e089a26e0fcd252619ba96383844bf9c975b592d,4,5,without_ai,False,7641898,DEMO_7641898,OTHER_BENIGN,AKIEC,False,0.0,dismiss,True,0.4081251727028173,,,dermatologyResident,Male
dc6fd7eba85e3eccd664eaf256b27670eaded18a,non-expert,e089a26e0fcd252619ba96383844bf9c975b592d,4,5,with_ai,True,7641898,DEMO_7641898,OTHER_BENIGN,INF,False,0.0,monitor,True,0.4081251727028173,,,dermatologyResident,Male
dc6fd7eba85e3eccd664eaf256b27670eaded18a,non-expert,e089a26e0fcd252619ba96383844bf9c975b592d,4,6,without_ai,False,2481416,DEMO_2481416,NV,BKL,False,0.0,monitor,True,0.4081251727028173,,,dermatologyResident,Male
dc6fd7eba85e3eccd664eaf256b27670eaded18a,non-expert,e089a26e0fcd252619ba96383844bf9c975b592d,4,6,with_ai,True,2481416,DEMO_2481416,NV,OTHER_MALIGNANT,False,0.0,biopsy,True,0.4081251727028173,,,dermatologyResident,Male
dc6fd7eba85e3eccd664eaf256b27670eaded18a,non-expert,e089a26e0fcd252619ba96383844bf9c975b592d,4,7,without_ai,False,1390801,DEMO_1390801,BCC,BKL,False,0.0,biopsy,True,0.4081251727028173,,,dermatologyResident,Male
dc6fd7eba85e3eccd664eaf256b27670eaded18a,non-expert,e089a26e0fcd252619ba96383844bf9c975b592d,4,7,with_ai,True,1390801,DEMO_1390801,BCC,BCC,True,1.0,biopsy,True,0.4081251727028173,,,dermatologyResident,Male
dc6fd7eba85e3eccd664eaf256b27670eaded18a,non-expert,e089a26e0fcd252619ba96383844bf9c975b592d,4,8,without_ai,False,8858247,DEMO_8858247,AKIEC,VASC,False,0.0,biopsy,True,0.4081251727028173,,,dermatologyResident,Male
dc6fd7eba85e3eccd664eaf256b27670eaded18a,non-expert,e089a26e0fcd252619ba96383844bf9c975b592d,4,8,with_ai,True,8858247,DEMO_8858247,AKIEC,MEL,False,0.0,biopsy,True,0.4081251727028173,,,dermatologyResident,Male
dc6fd7eba85e3eccd664eaf256b27670eaded18a,non-expert,e089a26e0fcd252619ba96383844bf9c975b592d,4,9,without_ai,False,3875817,DEMO_3875817,NV,NV,True,1.0,dismiss,True,0.4081251727028173,,,dermatologyResident,Male
dc6fd7eba85e3eccd664eaf256b27670eaded18a,non-expert,e089a26e0fcd252619ba96383844bf9c975b592d,4,9,with_ai,True,3875817,DEMO_3875817,NV,NV,True,1.0,biopsy,True,0.4081251727028173,,,dermatologyResident,Male
dc6fd7eba85e3eccd664eaf256b27670eaded18a,non-expert,e089a26e0fcd252619ba96383844bf9c975b592d,4,10,without_ai,False,272322,DEMO_0272322,OTHER_MALIGNANT,DF,False,0.0,dismiss,True,0.4081251727028173,,,dermatologyResident,Male
dc6fd7eba85e3eccd664eaf256b27670eaded18a,non-expert,e089a26e0fcd252619ba96383844bf9c975b592d,4,10,with_ai,True,272322,DEMO_0272322,OTHER_MALIGNANT,OTHER_MALIGNANT,True,1.0,local_therapy,True,0.4081251727028173,,,dermatologyResident,Male
dc6fd7eba85e3eccd664eaf256b27670eaded18a,non-expert,e089a26e0fcd252619ba96383844bf9c975b592d,4,11,without_ai,False,520369,DEMO_0520369,MEL,DF,False,0.0,local_therapy,True,0.4081251727028173,,,dermatologyResident,Male
dc6fd7eba85e3eccd664eaf256b27670eaded18a,non-expert,e089a26e0fcd252619ba96383844bf9c975b592d,4,11,with_ai,True,520369,DEMO_0520369,MEL,MEL,True,1.0,biopsy,True,0.4081251727028173,,,dermatologyResident,Male
dc6fd7eba85e3eccd664eaf256b27670eaded18a,non-expert,e089a26e0fcd252619ba96383844bf9c975b592d,4,12,without_ai,False,682229,DEMO_0682229,OTHER_BENIGN,MEL,False,0.0,biopsy,True,0.4081251727028173,,,dermatologyResident,Male
dc6fd7eba85e3eccd664eaf256b27670eaded18a,non-expert,e089a26e0fcd252619ba96383844bf9c975b592d,4,12,with_ai,True,682229,DEMO_0682229,OTHER_BENIGN,OTHER_BENIGN,True,1.0,dismiss,True,0.4081251727028173,,,dermatologyResident,Male
dc6fd7eba85e3eccd664eaf256b27670eaded18a,non-expert,e089a26e0fcd252619ba96383844bf9c975b592d,4,13,without_ai,False,9633655,DEMO_9633655,MEL,VASC,False,0.0,biopsy,True,0.4081251727028173,,,dermatologyResident,Male
dc6fd7eba85e3eccd664eaf256b27670eaded18a,non-expert,e089a26e0fcd252619ba96383844bf9c975b592d,4,13,with_ai,True,9633655,DEMO_9633655,MEL,BCC,False,0.0,biopsy,True,0.4081251727028173,,,dermatologyResident,Male
dc6fd7eba85e3eccd664eaf256b27670eaded18a,non-expert,e089a26e0fcd252619ba96383844bf9c975b592d,4,14,without_ai,False,747136,DEMO_0747136,VASC,MEL,False,0.0,monitor,True,0.4081251727028173,,,dermatologyResident,Male
dc6fd7eba85e3eccd664eaf256b27670eaded18a,non-expert,e089a26e0fcd252619ba96383844bf9c975b592d,4,14,with_ai,True,747136,DEMO_0747136,VASC,DF,False,0.0,monitor,True,0.4081251727028173,,,dermatologyResident,Male
dc6fd7eba85e3eccd664eaf256b27670eaded18a,non-expert,e089a26e0fcd252619ba96383844bf9c975b592d,4,15,without_ai,False,9526382,DEMO_9526382,BCC,BCC,True,1.0,biopsy,True,0.4081251727028173,,,dermatologyResident,Male
dc6fd7eba85e3eccd664eaf256b27670eaded18a,non-expert,e089a26e0fcd252619ba96383844bf9c975b592d,4,15,with_ai,True,9526382,DEMO_9526382,BCC,NV,False,0.0,local_therapy,True,0.4081251727028173,,,dermatologyResident,Male
dc6fd7eba85e3eccd664eaf256b27670eaded18a,non-expert,dc9a0f0352bbcf426231c675e1df1de152fd05bb,5,1,without_ai,False,9547138,DEMO_9547138,BKL,INF,False,0.0,dismiss,True,0.4081251727028173,,,dermatologyResident,Male
dc6fd7eba85e3eccd664eaf256b27670eaded18a,non-expert,dc9a0f0352bbcf426231c675e1df1de152fd05bb,5,1,with_ai,True,9547138,DEMO_9547138,BKL,INF,False,0.0,monitor,True,0.4081251727028173,,,dermatologyResident,Male
dc6fd7eba85e3eccd664eaf256b27670eaded18a,non-expert,dc9a0f0352bbcf426231c675e1df1de152fd05bb,5,2,without_ai,False,5449639,DEMO_5449639,BKL,BKL,True,1.0,monitor,True,0.4081251727028173,,,dermatologyResident,Male
dc6fd7eba85e3eccd664eaf256b27670eaded18a,non-expert,dc9a0f0352bbcf426231c675e1df1de152fd05bb,5,2,with_ai,True,5449639,DEMO_5449639,BKL,NV,False,0.0,dismiss,True,0.4081251727028173,,,dermatologyResident,Male
dc6fd7eba85e3eccd664eaf256b27670eaded18a,non-expert,dc9a0f0352bbcf426231c675e1df1de152fd05bb,5,3,without_ai,False,1701847,DEMO_1701847,BCC,INF,False,0.0,biopsy,True,0.4081251727028173,,,dermatologyResident,Male
dc6fd7eba85e3eccd664eaf256b27670eaded18a,non-expert,dc9a0f0352bbcf426231c675e1df1de152fd05bb,5,3,with_ai,True,1701847,DEMO_1701847,BCC,SCCKA,False,0.0,monitor,True,0.4081251727028173,,,dermatologyResident,Male
dc6fd7eba85e3eccd664eaf256b27670eaded18a,non-expert,dc9a0f0352bbcf426231c675e1df1de152fd05bb,5,4,without_ai,False,7269104,DEMO_7269104,SCCKA,SCCKA,True,1.0,biopsy,True,0.4081251727028173,,,dermatologyResident,Male
dc6fd7eba85e3eccd664eaf256b27670eaded18a,non-expert,dc9a0f0352bbcf426231c675e1df1de152fd05bb,5,4,with_ai,True,7269104,DEMO_7269104,SCCKA,BKL,False,0.0,monitor,True,0.4081251727028173,,,dermatologyResident,Male
dc6fd7eba85e3eccd664eaf256b27670eaded18a,non-expert,dc9a0f0352bbcf426231c675e1df1de152fd05bb,5,5,without_ai,False,3655830,DEMO_3655830,NV,DF,False,0.0,dismiss,True,0.4081251727028173,,,dermatologyResident,Male
dc6fd7eba85e3eccd664eaf256b27670eaded18a,non-expert,dc9a0f0352bbcf426231c675e1df1de152fd05bb,5,5,with_ai,True,3655830,DEMO_3655830,NV,VASC,False,0.0,dismiss,True,0.4081251727028173,,,dermatologyResident,Male
dc6fd7eba85e3eccd664eaf256b27670eaded18a,non-expert,dc9a0f0352bbcf426231c675e1df1de152fd05bb,5,6,without_ai,False,4301775,DEMO_4301775,OTHER_BENIGN,OTHER_BENIGN,True,1.0,dismiss,True,0.4081251727028173,,,dermatologyResident,Male
dc6fd7eba85e3eccd664eaf256b27670eaded18a,non-expert,dc9a0f0352bbcf426231c675e1df1de152fd05bb,5,6,with_ai,True,4301775,DEMO_4301775,OTHER_BENIGN,NV,False,0.0,dismiss,True,0.4081251727028173,,,dermatologyResident,Male
dc6fd7eba85e3eccd664eaf256b27670eaded18a,non-expert,dc9a0f0352bbcf426231c675e1df1de152fd05bb,5,7,without_ai,False,3783089,DEMO_3783089,BCC,BCC,True,1.0,local_therapy,True,0.4081251727028173,,,dermatologyResident,Male
dc6fd7eba85e3eccd664eaf256b27670eaded18a,non-expert,dc9a0f0352bbcf426231c675e1df1de152fd05bb,5,7,with_ai,True,3783089,DEMO_3783089,BCC,BCC,True,1.0,local_therapy,True,0.4081251727028173,,,dermatologyResident,Male
dc6fd7eba85e3eccd664eaf256b27670eaded18a,non-expert,dc9a0f0352bbcf426231c675e1df1de152fd05bb,5,8,without_ai,False,6192935,DEMO_6192935,MEL,NV,False,0.0,local_therapy,True,0.4081251727028173,,,dermatologyResident,Male
dc6fd7eba85e3eccd664eaf256b27670eaded18a,non-expert,dc9a0f0352bbcf426231c675e1df1de152fd05bb,5,8,with_ai,True,6192935,DEMO_6192935,MEL,MEL,True,1.0,biopsy,True,0.4081251727028173,,,dermatologyResident,Male
dc6fd7eba85e3eccd664eaf256b27670eaded18a,non-expert,dc9a0f0352bbcf426231c675e1df1de152fd05bb,5,9,without_ai,False,5551514,DEMO_5551514,AKIEC,AKIEC,True,1.0,monitor,True,0.4081251727028173,,,dermatologyResident,Male
dc6fd7eba85e3eccd664eaf256b27670eaded18a,non-expert,dc9a0f0352bbcf426231c675e1df1de152fd05bb,5,9,with_ai,True,5551514,DEMO_5551514,AKIEC,SCCKA,False,0.0,local_therapy,True,0.4081251727028173,,,dermatologyResident,Male
dc6fd7eba85e3eccd664eaf256b27670eaded18a,non-expert,dc9a0f0352bbcf426231c675e1df1de152fd05bb,5,10,without_ai,False,9335693,DEMO_9335693,VASC,VASC,True,1.0,dismiss,True,0.4081251727028173,,,dermatologyResident,Male
dc6fd7eba85e3eccd664eaf256b27670eaded18a,non-expert,dc9a0f0352bbcf426231c675e1df1de152fd05bb,5,10,with_ai,True,9335693,DEMO_9335693,VASC,NV,False,0.0,biopsy,True,0.4081251727028173,,,dermatologyResident,Male
dc6fd7eba85e3eccd664eaf256b27670eaded18a,non-expert,dc9a0f0352bbcf426231c675e1df1de152fd05bb,5,11,without_ai,False,2405271,DEMO_2405271,BCC,BCC,True,1.0,biopsy,True,0.4081251727028173,,,dermatologyResident,Male
dc6fd7eba85e3eccd664eaf256b27670eaded18a,non-expert,dc9a0f0352bbcf426231c675e1df1de152fd05bb,5,11,with_ai,True,2405271,DEMO_2405271,BCC,OTHER_BENIGN,False,0.0,local_therapy,True,0.4081251727028173,,,dermatologyResident,Male
dc6fd7eba85e3eccd664eaf256b27670eaded18a,non-expert,dc9a0f0352bbcf426231c675e1df1de152fd05bb,5,12,without_ai,False,257200,DEMO_0257200,NV,MEL,False,0.0,monitor,True,0.4081251727028173,,,dermatologyResident,Male
dc6fd7eba85e3eccd664eaf256b27670eaded18a,non-expert,dc9a0f0352bbcf426231c675e1df1de152fd05bb,5,12,with_ai,True,257200,DEMO_0257200,NV,INF,False,0.0,dismiss,True,0.4081251727028173,,,dermatologyResident,Male
dc6fd7eba85e3eccd664eaf256b27670eaded18a,non-expert,dc9a0f0352bbcf426231c675e1df1de152fd05bb,5,13,without_ai,False,3597154,DEMO_3597154,MEL,MEL,True,1.0,monitor,True,0.4081251727028173,,,dermatologyResident,Male
dc6fd7eba85e3eccd664eaf256b27670eaded18a,non-expert,dc9a0f0352bbcf426231c675e1df1de152fd05bb,5,13,with_ai,True,3597154,DEMO_3597154,MEL,NV,False,0.0,biopsy,True,0.4081251727028173,,,dermatologyResident,Male
dc6fd7eba85e3eccd664eaf256b27670eaded18a,non-expert,dc9a0f0352bbcf426231c675e1df1de152fd05bb,5,14,without_ai,False,6088865,DEMO_6088865,MEL,DF,False,0.0,biopsy,True,0.4081251727028173,,,dermatologyResident,Male
dc6fd7eba85e3eccd664eaf256b27670eaded18a,non-expert,dc9a0f0352bbcf426231c675e1df1de152fd05bb,5,14,with_ai,True,6088865,DEMO_6088865,MEL,AKIEC,False,0.0,biopsy,True,0.4081251727028173,,,dermatologyResident,Male
dc6fd7eba85e3eccd664eaf256b27670eaded18a,non-expert,dc9a0f0352bbcf426231c675e1df1de152fd05bb,5,15,without_ai,False,6989989,DEMO_6989989,BCC,BCC,True,1.0,local_therapy,True,0.4081251727028173,,,dermatologyResident,Male
dc6fd7eba85e3eccd664eaf256b27670eaded18a,non-expert,dc9a0f0352bbcf426231c675e1df1de152fd05bb,5,15,with_ai,True,6989989,DEMO_6989989,BCC,MEL,False,0.0,biopsy,True,0.4081251727028173,,,dermatologyResident,Male
905906a2e7591751ba1605e2414a861b0893a772,non-expert,3dcf651b2ae25f89f97f7637d60e13c8c2c64d6b,1,1,without_ai,False,132717,DEMO_0132717,BKL,BKL,True,1.0,monitor,True,0.2329296436713148,,,dermatologyResident,Male
905906a2e7591751ba1605e2414a861b0893a772,non-expert,3dcf651b2ae25f89f97f7637d60e13c8c2c64d6b,1,1,with_ai,True,132717,DEMO_0132717,BKL,OTHER_BENIGN,False,0.0,dismiss,True,0.2329296436713148,,,dermatologyResident,Male
905906a2e7591751ba1605e2414a861b0893a772,non-expert,3dcf651b2ae25f89f97f7637d60e13c8c2c64d6b,1,2,without_ai,False,1630227,DEMO_1630227,INF,BKL,False,0.0,local_therapy,True,0.2329296436713148,,,dermatologyResident,Male
905906a2e7591751ba1605e2414a861b0893a772,non-expert,3dcf651b2ae25f89f97f7637d60e13c8c2c64d6b,1,2,with_ai,True,1630227,DEMO_1630227,INF,NV,False,0.0,local_therapy,True,0.2329296436713148,,,dermatologyResident,Male
905906a2e7591751ba1605e2414a861b0893a772,non-expert,3dcf651b2ae25f89f97f7637d60e13c8c2c64d6b,1,3,without_ai,False,5266575,DEMO_5266575,AKIEC,OTHER_MALIGNANT,False,0.0,local_therapy,True,0.2329296436713148,,,dermatologyResident,Male
905906a2e7591751ba1605e2414a861b0893a772,non-expert,3dcf651b2ae25f89f97f7637d60e13c8c2c64d6b,1,3,with_ai,True,5266575,DEMO_5266575,AKIEC,NV,False,0.0,local_therapy,True,0.2329296436713148,,,dermatologyResident,Male
905906a2e7591751ba1605e2414a861b0893a772,non-expert,3dcf651b2ae25f89f97f7637d60e13c8c2c64d6b,1,4,without_ai,False,862323,DEMO_0862323,NV,NV,True,1.0,dismiss,True,0.2329296436713148,,,dermatologyResident,Male
905906a2e7591751ba1605e2414a861b0893a772,non-expert,3dcf651b2ae25f89f97f7637d60e13c8c2c64d6b,1,4,with_ai,True,862323,DEMO_0862323,NV,NV,True,1.0,monitor,True,0.2329296436713148,,,dermatologyResident,Male
905906a2e7591751ba1605e2414a861b0893a772,non-expert,3dcf651b2ae25f89f97f7637d60e13c8c2c64d6b,1,5,without_ai,False,4983884,DEMO_4983884,SCCKA,SCCKA,True,1.0,local_therapy,True,0.2329296436713148,,,dermatologyResident,Male
905906a2e7591751ba1605e2414a861b0893a772,non-expert,3dcf651b2ae25f89f97f7637d60e13c8c2c64d6b,1,5,with_ai,True,4983884,DEMO_4983884,SCCKA,BCC,False,0.0,dismiss,True,0.2329296436713148,,,dermatologyResident,Male
905906a2e7591751ba1605e2414a861b0893a772,non-expert,3dcf651b2ae25f89f97f7637d60e13c8c2c64d6b,1,6,without_ai,False,7591679,DEMO_7591679,BCC,AKIEC,False,0.0,dismiss,True,0.2329296436713148,,,dermatologyResident,Male
905906a2e7591751ba1605e2414a861b0893a772,non-expert,3dcf651b2ae25f89f97f7637d60e13c8c2c64d6b,1,6,with_ai,True,7591679,DEMO_7591679,BCC,BCC,True,1.0,biopsy,True,0.2329296436713148,,,dermatologyResident,Male
905906a2e7591751ba1605e2414a861b0893a772,non-expert,3dcf651b2ae25f89f97f7637d60e13c8c2c64d6b,1,7,without_ai,False,9551874,DEMO_9551874,NV,AKIEC,False,0.0,dismiss,True,0.2329296436713148,,,dermatologyResident,Male
905906a2e7591751ba1605e2414a861b0893a772,non-expert,3dcf651b2ae25f89f97f7637d60e13c8c2c64d6b,1,7,with_ai,True,9551874,DEMO_9551874,NV,OTHER_MALIGNANT,False,0.0,monitor,True,0.2329296436713148,,,dermatologyResident,Male
905906a2e7591751ba1605e2414a861b0893a772,non-expert,3dcf651b2ae25f89f97f7637d60e13c8c2c64d6b,1,8,without_ai,False,9279552,DEMO_9279552,NV,BKL,False,0.0,dismiss,True,0.2329296436713148,,,dermatologyResident,Male
905906a2e7591751ba1605e2414a861b0893a772,non-expert,3dcf651b2ae25f89f97f7637d60e13c8c2c64d6b,1,8,with_ai,True,9279552,DEMO_9279552,NV,SCCKA,False,0.0,monitor,True,0.2329296436713148,,,dermatologyResident,Male
905906a2e7591751ba1605e2414a861b0893a772,non-expert,3dcf651b2ae25f89f97f7637d60e13c8c2c64d6b,1,9,without_ai,False,9076650,DEMO_9076650,AKIEC,AKIEC,True,1.0,dismiss,True,0.2329296436713148,,,dermatologyResident,Male
905906a2e7591751ba1605e2414a861b0893a772,non-expert,3dcf651b2ae25f89f97f7637d60e13c8c2c64d6b,1,9,with_ai,True,9076650,DEMO_9076650,AKIEC,DF,False,0.0,biopsy,True,0.2329296436713148,,,dermatologyResident,Male
905906a2e7591751ba1605e2414a861b0893a772,non-expert,3dcf651b2ae25f89f97f7637d60e13c8c2c64d6b,1,10,without_ai,False,2996600,DEMO_2996600,BCC,DF,False,0.0,monitor,True,0.2329296436713148,,,dermatologyResident,Male
905906a2e7591751ba1605e2414a861b0893a772,non-expert,3dcf651b2ae25f89f97f7637d60e13c8c2c64d6b,1,10,with_ai,True,2996600,DEMO_2996600,BCC,INF,False,0.0,biopsy,True,0.2329296436713148,,,dermatologyResident,Male
905906a2e7591751ba1605e2414a861b0893a772,non-expert,3dcf651b2ae25f89f97f7637d60e13c8c2c64d6b,1,11,without_ai,False,2016431,DEMO_2016431,BKL,BKL,True,1.0,monitor,True,0.2329296436713148,,,dermatologyResident,Male
905906a2e7591751ba1605e2414a861b0893a772,non-expert,3dcf651b2ae25f89f97f7637d60e13c8c2c64d6b,1,11,with_ai,True,2016431,DEMO_2016431,BKL,INF,False,0.0,dismiss,True,0.2329296436713148,,,dermatologyResident,Male
905906a2e7591751ba1605e2414a861b0893a772,non-expert,3dcf651b2ae25f89f97f7637d60e13c8c2c64d6b,1,12,without_ai,False,6061947,DEMO_6061947,DF,VASC,False,0.0,dismiss,True,0.2329296436713148,,,dermatologyResident,Male
905906a2e7591751ba1605e2414a861b0893a772,non-expert,3dcf651b2ae25f89f97f7637d60e13c8c2c64d6b,1,12,with_ai,True,6061947,DEMO_6061947,DF,VASC,False,0.0,dismiss,True,0.2329296436713148,,,dermatologyResident,Male
905906a2e7591751ba1605e2414a861b0893a772,non-expert,3dcf651b2ae25f89f97f7637d60e13c8c2c64d6b,1,13,without_ai,False,8440159,DEMO_8440159,NV,INF,False,0.0,dismiss,True,0.2329296436713148,,,dermatologyResident,Male
905906a2e7591751ba1605e2414a861b0893a772,non-expert,3dcf651b2ae25f89f97f7637d60e13c8c2c64d6b,1,13,with_ai,True,8440159,DEMO_8440159,NV,VASC,False,0.0,dismiss,True,0.2329296436713148,,,dermatologyResident,Male
905906a2e7591751ba1605e2414a861b0893a772,non-expert,3dcf651b2ae25f89f97f7637d60e13c8c2c64d6b,1,14,without_ai,False,8419513,DEMO_8419513,NV,DF,False,0.0,dismiss,True,0.2329296436713148,,,dermatologyResident,Male
905906a2e7591751ba1605e2414a861b0893a772,non-expert,3dcf651b2ae25f89f97f7637d60e13c8c2c64d6b,1,14,with_ai,True,8419513,DEMO_8419513,NV,MEL,False,0.0,dismiss,True,0.2329296436713148,,,dermatologyResident,Male
905906a2e7591751ba1605e2414a861b0893a772,non-expert,3dcf651b2ae25f89f97f7637d60e13c8c2c64d6b,1,15,without_ai,False,3436409,DEMO_3436409,MEL,OTHER_BENIGN,False,0.0,biopsy,True,0.2329296436713148,,,dermatologyResident,Male
905906a2e7591751ba1605e2414a861b0893a772,non-expert,3dcf651b2ae25f89f97f7637d60e13c8c2c64d6b,1,15,with_ai,True,3436409,DEMO_3436409,MEL,AKIEC,False,0.0,dismiss,True,0.2329296436713148,,,dermatologyResident,Male
2d95e9b0169dca1c93d830245de0c14a0cd9417c,expert,c7358555896cedfdb4e0f3b1b2b86280692d4bb2,1,1,without_ai,False,2482934,DEMO_2482934,VASC,VASC,True,1.0,dismiss,True,0.8420439152393677,,,dermatologyResident,Male
2d95e9b0169dca1c93d830245de0c14a0cd9417c,expert,c7358555896cedfdb4e0f3b1b2b86280692d4bb2,1,1,with_ai,True,2482934,DEMO_2482934,VASC,VASC,True,1.0,monitor,True,0.8420439152393677,,,dermatologyResident,Male
2d95e9b0169dca1c93d830245de0c14a0cd9417c,expert,c7358555896cedfdb4e0f3b1b2b86280692d4bb2,1,2,without_ai,False,6356965,DEMO_6356965,SCCKA,SCCKA,True,1.0,biopsy,True,0.8420439152393677,,,dermatologyResident,Male
2d95e9b0169dca1c93d830245de0c14a0cd9417c,expert,c7358555896cedfdb4e0f3b1b2b86280692d4bb2,1,2,with_ai,True,6356965,DEMO_6356965,SCCKA,SCCKA,True,1.0,monitor,True,0.8420439152393677,,,dermatologyResident,Male
2d95e9b0169dca1c93d830245de0c14a0cd9417c,expert,c7358555896cedfdb4e0f3b1b2b86280692d4bb2,1,3,without_ai,False,5998025,DEMO_5998025,NV,NV,True,1.0,dismiss,True,0.8420439152393677,,,dermatologyResident,Male
2d95e9b0169dca1c93d830245de0c14a0cd9417c,expert,c7358555896cedfdb4e0f3b1b2b86280692d4bb2,1,3,with_ai,True,5998025,DEMO_5998025,NV,NV,True,1.0,monitor,True,0.8420439152393677,,,dermatologyResident,Male
2d95e9b0169dca1c93d830245de0c14a0cd9417c,expert,c7358555896cedfdb4e0f3b1b2b86280692d4bb2,1,4,without_ai,False,8548746,DEMO_8548746,VASC,VASC,True,1.0,biopsy,True,0.8420439152393677,,,dermatologyResident,Male
2d95e9b0169dca1c93d830245de0c14a0cd9417c,expert,c7358555896cedfdb4e0f3b1b2b86280692d4bb2,1,4,with_ai,True,8548746,DEMO_8548746,VASC,VASC,True,1.0,dismiss,True,0.8420439152393677,,,dermatologyResident,Male
2d95e9b0169dca1c93d830245de0c14a0cd9417c,expert,c7358555896cedfdb4e0f3b1b2b86280692d4bb2,1,5,without_ai,False,2020432,DEMO_2020432,MEL,AKIEC,False,0.0,biopsy,True,0.8420439152393677,,,dermatologyResident,Male
2d95e9b0169dca1c93d830245de0c14a0cd9417c,expert,c7358555896cedfdb4e0f3b1b2b86280692d4bb2,1,5,with_ai,True,2020432,DEMO_2020432,MEL,MEL,True,1.0,monitor,True,0.8420439152393677,,,dermatologyResident,Male
2d95e9b0169dca1c93d830245de0c14a0cd9417c,expert,c7358555896cedfdb4e0f3b1b2b86280692d4bb2,1,6,without_ai,False,9965192,DEMO_9965192,AKIEC,SCCKA,False,0.0,dismiss,True,0.8420439152393677,,,dermatologyResident,Male
2d95e9b0169dca1c93d830245de0c14a0cd9417c,expert,c7358555896cedfdb4e0f3b1b2b86280692d4bb2,1,6,with_ai,True,9965192,DEMO_9965192,AKIEC,AKIEC,True,1.0,biopsy,True,0.8420439152393677,,,dermatologyResident,Male
2d95e9b0169dca1c93d830245de0c14a0cd9417c,expert,c7358555896cedfdb4e0f3b1b2b86280692d4bb2,1,7,without_ai,False,4286220,DEMO_4286220,MEL,MEL,True,1.0,biopsy,True,0.8420439152393677,,,dermatologyResident,Male
2d95e9b0169dca1c93d830245de0c14a0cd9417c,expert,c7358555896cedfdb4e0f3b1b2b86280692d4bb2,1,7,with_ai,True,4286220,DEMO_4286220,MEL,MEL,True,1.0,biopsy,True,0.8420439152393677,,,dermatologyResident,Male
2d95e9b0169dca1c93d830245de0c14a0cd9417c,expert,c7358555896cedfdb4e0f3b1b2b86280692d4bb2,1,8,without_ai,False,4674100,DEMO_4674100,BCC,BCC,True,1.0,biopsy,True,0.8420439152393677,,,dermatologyResident,Male
2d95e9b0169dca1c93d830245de0c14a0cd9417c,expert,c7358555896cedfdb4e0f3b1b2b86280692d4bb2,1,8,with_ai,True,4674100,DEMO_4674100,BCC,BCC,True,1.0,local_therapy,True,0.8420439152393677,,,dermatologyResident,Male
2d95e9b0169dca1c93d830245de0c14a0cd9417c,expert,c7358555896cedfdb4e0f3b1b2b86280692d4bb2,1,9,without_ai,False,8956492,DEMO_8956492,NV,SCCKA,False,0.0,dismiss,True,0.8420439152393677,,,dermatologyResident,Male
2d95e9b0169dca1c93d830245de0c14a0cd9417c,expert,c7358555896cedfdb4e0f3b1b2b86280692d4bb2,1,9,with_ai,True,8956492,DEMO_8956492,NV,BCC,False,0.0,biopsy,True,0.8420439152393677,,,dermatologyResident,Male
2d95e9b0169dca1c93d830245de0c14a0cd9417c,expert,c7358555896cedfdb4e0f3b1b2b86280692d4bb2,1,10,without_ai,False,3997409,DEMO_3997409,AKIEC,AKIEC,True,1.0,local_therapy,True,0.8420439152393677,,,dermatologyResident,Male
2d95e9b0169dca1c93d830245de0c14a0cd9417c,expert,c7358555896cedfdb4e0f3b1b2b86280692d4bb2,1,10,with_ai,True,3997409,DEMO_3997409,AKIEC,AKIEC,True,1.0,biopsy,True,0.8420439152393677,,,dermatologyResident,Male
2d95e9b0169dca1c93d830245de0c14a0cd9417c,expert,c7358555896cedfdb4e0f3b1b2b86280692d4bb2,1,11,without_ai,False,3552846,DEMO_3552846,BKL,BCC,False,0.0,monitor,True,0.8420439152393677,,,dermatologyResident,Male
2d95e9b0169dca1c93d830245de0c14a0cd9417c,expert,c7358555896cedfdb4e0f3b1b2b86280692d4bb2,1,11,with_ai,True,3552846,DEMO_3552846,BKL,BKL,True,1.0,monitor,True,0.8420439152393677,,,dermatologyResident,Male
2d95e9b0169dca1c93d830245de0c14a0cd9417c,expert,c7358555896cedfdb4e0f3b1b2b86280692d4bb2,1,12,without_ai,False,4972923,DEMO_4972923,DF,DF,True,1.0,dismiss,True,0.8420439152393677,,,dermatologyResident,Male
2d95e9b0169dca1c93d830245de0c14a0cd9417c,expert,c7358555896cedfdb4e0f3b1b2b86280692d4bb2,1,12,with_ai,True,4972923,DEMO_4972923,DF,DF,True,1.0,biopsy,True,0.8420439152393677,,,dermatologyResident,Male
2d95e9b0169dca1c93d830245de0c14a0cd9417c,expert,c7358555896cedfdb4e0f3b1b2b86280692d4bb2,1,13,without_ai,False,1266718,DEMO_1266718,BKL,AKIEC,False,0.0,biopsy,True,0.8420439152393677,,,dermatologyResident,Male
2d95e9b0169dca1c93d830245de0c14a0cd9417c,expert,c7358555896cedfdb4e0f3b1b2b86280692d4bb2,1,13,with_ai,True,1266718,DEMO_1266718,BKL,BKL,True,1.0,monitor,True,0.8420439152393677,,,dermatologyResident,Male
2d95e9b0169dca1c93d830245de0c14a0cd9417c,expert,c7358555896cedfdb4e0f3b1b2b86280692d4bb2,1,14,without_ai,False,5817474,DEMO_5817474,NV,NV,True,1.0,dismiss,True,0.8420439152393677,,,dermatologyResident,Male
2d95e9b0169dca1c93d830245de0c14a0cd9417c,expert,c7358555896cedfdb4e0f3b1b2b86280692d4bb2,1,14,with_ai,True,5817474,DEMO_5817474,NV,NV,True,1.0,dismiss,True,0.8420439152393677,,,dermatologyResident,Male
2d95e9b0169dca1c93d830245de0c14a0cd9417c,expert,c7358555896cedfdb4e0f3b1b2b86280692d4bb2,1,15,without_ai,False,3260226,DEMO_3260226,MEL,MEL,True,1.0,biopsy,True,0.8420439152393677,,,dermatologyResident,Male
2d95e9b0169dca1c93d830245de0c14a0cd9417c,expert,c7358555896cedfdb4e0f3b1b2b86280692d4bb2,1,15,with_ai,True,3260226,DEMO_3260226,MEL,MEL,True,1.0,biopsy,True,0.8420439152393677,,,dermatologyResident,Male
4b5b0e86c3410f317631771616f067d3e2fa6337,non-expert,edf81ea6bd6e6ac2a9cab0c9f04f0040f02187c3,1,1,without_ai,False,3489453,DEMO_3489453,BKL,INF,False,0.0,monitor,True,0.2851651005417783,,,boardCertifiedDermatologist,Male
4b5b0e86c3410f317631771616f067d3e2fa6337,non-expert,edf81ea6bd6e6ac2a9cab0c9f04f0040f02187c3,1,1,with_ai,True,3489453,DEMO_3489453,BKL,OTHER_BENIGN,False,0.0,monitor,True,0.2851651005417783,,,boardCertifiedDermatologist,Male
4b5b0e86c3410f317631771616f067d3e2fa6337,non-expert,edf81ea6bd6e6ac2a9cab0c9f04f0040f02187c3,1,2,without_ai,False,8686850,DEMO_8686850,MEL,OTHER_BENIGN,False,0.0,local_therapy,True,0.2851651005417783,,,boardCertifiedDermatologist,Male
4b5b0e86c3410f317631771616f067d3e2fa6337,non-expert,edf81ea6bd6e6ac2a9cab0c9f04f0040f02187c3,1,2,with_ai,True,8686850,DEMO_8686850,MEL,MEL,True,1.0,biopsy,True,0.2851651005417783,,,boardCertifiedDermatologist,Male
4b5b0e86c3410f317631771616f067d3e2fa6337,non-expert,edf81ea6bd6e6ac2a9cab0c9f04f0040f02187c3,1,3,without_ai,False,7041718,DEMO_7041718,MEL,SCCKA,False,0.0,local_therapy,True,0.2851651005417783,,,boardCertifiedDermatologist,Male
4b5b0e86c3410f317631771616f067d3e2fa6337,non-expert,edf81ea6bd6e6ac2a9cab0c9f04f0040f02187c3,1,3,with_ai,True,7041718,DEMO_7041718,MEL,MEL,True,1.0,local_therapy,True,0.2851651005417783,,,boardCertifiedDermatologist,Male
4b5b0e86c3410f317631771616f067d3e2fa6337,non-expert,edf81ea6bd6e6ac2a9cab0c9f04f0040f02187c3,1,4,without_ai,False,6092720,DEMO_6092720,BKL,BKL,True,1.0,dismiss,True,0.2851651005417783,,,boardCertifiedDermatologist,Male
4b5b0e86c3410f317631771616f067d3e2fa6337,non-expert,edf81ea6bd6e6ac2a9cab0c9f04f0040f02187c3,1,4,with_ai,True,6092720,DEMO_6092720,BKL,INF,False,0.0,dismiss,True,0.2851651005417783,,,boardCertifiedDermatologist,Male
4b5b0e86c3410f317631771616f067d3e2fa6337,non-expert,edf81ea6bd6e6ac2a9cab0c9f04f0040f02187c3,1,5,without_ai,False,2553469,DEMO_2553469,NV,VASC,False,0.0,biopsy,True,0.2851651005417783,,,boardCertifiedDermatologist,Male
4b5b0e86c3410f317631771616f067d3e2fa6337,non-expert,edf81ea6bd6e6ac2a9cab0c9f04f0040f02187c3,1,5,with_ai,True,2553469,DEMO_2553469,NV,SCCKA,False,0.0,monitor,True,0.2851651005417783,,,boardCertifiedDermatologist,Male
4b5b0e86c3410f317631771616f067d3e2fa6337,non-expert,edf81ea6bd6e6ac2a9cab0c9f04f0040f02187c3,1,6,without_ai,False,591107,DEMO_0591107,OTHER_BENIGN,OTHER_BENIGN,True,1.0,biopsy,True,0.2851651005417783,,,boardCertifiedDermatologist,Male
4b5b0e86c3410f317631771616f067d3e2fa6337,non-expert,edf81ea6bd6e6ac2a9cab0c9f04f0040f02187c3,1,6,with_ai,True,591107,DEMO_0591107,OTHER_BENIGN,AKIEC,False,0.0,dismiss,True,0.2851651005417783,,,boardCertifiedDermatologist,Male
4b5b0e86c3410f317631771616f067d3e2fa6337,non-expert,edf81ea6bd6e6ac2a9cab0c9f04f0040f02187c3,1,7,without_ai,False,6103783,DEMO_6103783,BCC,BCC,True,1.0,local_therapy,True,0.2851651005417783,,,boardCertifiedDermatologist,Male
4b5b0e86c3410f317631771616f067d3e2fa6337,non-expert,edf81ea6bd6e6ac2a9cab0c9f04f0040f02187c3,1,7,with_ai,True,6103783,DEMO_6103783,BCC,DF,False,0.0,biopsy,True,0.2851651005417783,,,boardCertifiedDermatologist,Male
4b5b0e86c3410f317631771616f067d3e2fa6337,non-expert,edf81ea6bd6e6ac2a9cab0c9f04f0040f02187c3,1,8,without_ai,False,1653827,DEMO_1653827,DF,NV,False,0.0,dismiss,True,0.2851651005417783,,,boardCertifiedDermatologist,Male
4b5b0e86c3410f317631771616f067d3e2fa6337,non-expert,edf81ea6bd6e6ac2a9cab0c9f04f0040f02187c3,1,8,with_ai,True,1653827,DEMO_1653827,DF,NV,False,0.0,biopsy,True,0.2851651005417783,,,boardCertifiedDermatologist,Male
4b5b0e86c3410f317631771616f067d3e2fa6337,non-expert,edf81ea6bd6e6ac2a9cab0c9f04f0040f02187c3,1,9,without_ai,False,1534695,DEMO_1534695,OTHER_BENIGN,OTHER_BENIGN,True,1.0,dismiss,True,0.2851651005417783,,,boardCertifiedDermatologist,Male
4b5b0e86c3410f317631771616f067d3e2fa6337,non-expert,edf81ea6bd6e6ac2a9cab0c9f04f0040f02187c3,1,9,with_ai,True,1534695,DEMO_1534695,OTHER_BENIGN,OTHER_BENIGN,True,1.0,dismiss,True,0.2851651005417783,,,boardCertifiedDermatologist,Male
4b5b0e86c3410f317631771616f067d3e2fa6337,non-expert,edf81ea6bd6e6ac2a9cab0c9f04f0040f02187c3,1,10,without_ai,False,9754839,DEMO_9754839,SCCKA,MEL,False,0.0,local_therapy,True,0.2851651005417783,,,boardCertifiedDermatologist,Male
4b5b0e86c3410f317631771616f067d3e2fa6337,non-expert,edf81ea6bd6e6ac2a9cab0c9f04f0040f02187c3,1,10,with_ai,True,9754839,DEMO_9754839,SCCKA,VASC,False,0.0,biopsy,True,0.2851651005417783,,,boardCertifiedDermatologist,Male
4b5b0e86c3410f317631771616f067d3e2fa6337,non-expert,edf81ea6bd6e6ac2a9cab0c9f04f0040f02187c3,1,11,without_ai,False,2618363,DEMO_2618363,NV,NV,True,1.0,dismiss,True,0.2851651005417783,,,boardCertifiedDermatologist,Male
4b5b0e86c3410f317631771616f067d3e2fa6337,non-expert,edf81ea6bd6e6ac2a9cab0c9f04f0040f02187c3,1,11,with_ai,True,2618363,DEMO_2618363,NV,NV,True,1.0,monitor,True,0.2851651005417783,,,boardCertifiedDermatologist,Male
4b5b0e86c3410f317631771616f067d3e2fa6337,non-expert,edf81ea6bd6e6ac2a9cab0c9f04f0040f02187c3,1,12,without_ai,False,5739263,DEMO_5739263,VASC,VASC,True,1.0,monitor,True,0.2851651005417783,,,boardCertifiedDermatologist,Male
4b5b0e86c3410f317631771616f067d3e2fa6337,non-expert,edf81ea6bd6e6ac2a9cab0c9f04f0040f02187c3,1,12,with_ai,True,5739263,DEMO_5739263,VASC,OTHER_BENIGN,False,0.0,local_therapy,True,0.2851651005417783,,,boardCertifiedDermatologist,Male
4b5b0e86c3410f317631771616f067d3e2fa6337,non-expert,edf81ea6bd6e6ac2a9cab0c9f04f0040f02187c3,1,13,without_ai,False,4149363,DEMO_4149363,OTHER_MALIGNANT,NV,False,0.0,biopsy,True,0.2851651005417783,,,boardCertifiedDermatologist,Male
4b5b0e86c3410f317631771616f067d3e2fa6337,non-expert,edf81ea6bd6e6ac2a9cab0c9f04f0040f02187c3,1,13,with_ai,True,4149363,DEMO_4149363,OTHER_MALIGNANT,VASC,False,0.0,biopsy,True,0.2851651005417783,,,boardCertifiedDermatologist,Male
4b5b0e86c3410f317631771616f067d3e2fa6337,non-expert,edf81ea6bd6e6ac2a9cab0c9f04f0040f02187c3,1,14,without_ai,False,791985,DEMO_0791985,MEL,NV,False,0.0,biopsy,True,0.2851651005417783,,,boardCertifiedDermatologist,Male
4b5b0e86c3410f317631771616f067d3e2fa6337,non-expert,edf81ea6bd6e6ac2a9cab0c9f04f0040f02187c3,1,14,with_ai,True,791985,DEMO_0791985,MEL,MEL,True,1.0,monitor,True,0.2851651005417783,,,boardCertifiedDermatologist,Male
4b5b0e86c3410f317631771616f067d3e2fa6337,non-expert,edf81ea6bd6e6ac2a9cab0c9f04f0040f02187c3,1,15,without_ai,False,4213477,DEMO_4213477,NV,OTHER_BENIGN,False,0.0,dismiss,True,0.2851651005417783,,,boardCertifiedDermatologist,Male
4b5b0e86c3410f317631771616f067d3e2fa6337,non-expert,edf81ea6bd6e6ac2a9cab0c9f04f0040f02187c3,1,15,with_ai,True,4213477,DEMO_4213477,NV,OTHER_BENIGN,False,0.0,monitor,True,0.2851651005417783,,,boardCertifiedDermatologist,Male
4b5b0e86c3410f317631771616f067d3e2fa6337,non-expert,c8918a452968ea09fb784c7970c9a4aa079fdae6,2,1,without_ai,False,7803222,DEMO_7803222,BCC,MEL,False,0.0,biopsy,True,0.2851651005417783,,,boardCertifiedDermatologist,Male
4b5b0e86c3410f317631771616f067d3e2fa6337,non-expert,c8918a452968ea09fb784c7970c9a4aa079fdae6,2,1,with_ai,True,7803222,DEMO_7803222,BCC,BCC,True,1.0,biopsy,True,0.2851651005417783,,,boardCertifiedDermatologist,Male
4b5b0e86c3410f317631771616f067d3e2fa6337,non-expert,c8918a452968ea09fb784c7970c9a4aa079fdae6,2,2,without_ai,False,2522785,DEMO_2522785,BCC,BCC,True,1.0,local_therapy,True,0.2851651005417783,,,boardCertifiedDermatologist,Male
4b5b0e86c3410f317631771616f067d3e2fa6337,non-expert,c8918a452968ea09fb784c7970c9a4aa079fdae6,2,2,with_ai,True,2522785,DEMO_2522785,BCC,BCC,True,1.0,biopsy,True,0.2851651005417783,,,boardCertifiedDermatologist,Male
4b5b0e86c3410f317631771616f067d3e2fa6337,non-expert,c8918a452968ea09fb784c7970c9a4aa079fdae6,2,3,without_ai,False,8552506,DEMO_8552506,SCCKA,VASC,False,0.0,biopsy,True,0.2851651005417783,,,boardCertifiedDermatologist,Male
4b5b0e86c3410f317631771616f067d3e2fa6337,non-expert,c8918a452968ea09fb784c7970c9a4aa079fdae6,2,3,with_ai,True,8552506,DEMO_8552506,SCCKA,SCCKA,True,1.0,biopsy,True,0.2851651005417783,,,boardCertifiedDermatologist,Male
4b5b0e86c3410f317631771616f067d3e2fa6337,non-expert,c8918a452968ea09fb784c7970c9a4aa079fdae6,2,4,without_ai,False,4219309,DEMO_4219309,BCC,BCC,True,1.0,biopsy,True,0.2851651005417783,,,boardCertifiedDermatologist,Male
4b5b0e86c3410f317631771616f067d3e2fa6337,non-expert,c8918a452968ea09fb784c7970c9a4aa079fdae6,2,4,with_ai,True,4219309,DEMO_4219309,BCC,OTHER_MALIGNANT,False,0.0,biopsy,True,0.2851651005417783,,,boardCertifiedDermatologist,Male
4b5b0e86c3410f317631771616f067d3e2fa6337,non-expert,c8918a452968ea09fb784c7970c9a4aa079fdae6,2,5,without_ai,False,2346539,DEMO_2346539,BKL,BKL,True,1.0,monitor,True,0.2851651005417783,,,boardCertifiedDermatologist,Male
4b5b0e86c3410f317631771616f067d3e2fa6337,non-expert,c8918a452968ea09fb784c7970c9a4aa079fdae6,2,5,with_ai,True,2346539,DEMO_2346539,BKL,BKL,True,1.0,monitor,True,0.2851651005417783,,,boardCertifiedDermatologist,Male
4b5b0e86c3410f317631771616f067d3e2fa6337,non-expert,c8918a452968ea09fb784c7970c9a4aa079fdae6,2,6,without_ai,False,6953830,DEMO_6953830,OTHER_BENIGN,OTHER_BENIGN,True,1.0,dismiss,True,0.2851651005417783,,,boardCertifiedDermatologist,Male
4b5b0e86c3410f317631771616f067d3e2fa6337,non-expert,c8918a452968ea09fb784c7970c9a4aa079fdae6,2,6,with_ai,True,6953830,DEMO_6953830,OTHER_BENIGN,NV,False,0.0,dismiss,True,0.2851651005417783,,,boardCertifiedDermatologist,Male
4b5b0e86c3410f317631771616f067d3e2fa6337,non-expert,c8918a452968ea09fb784c7970c9a4aa079fdae6,2,7,without_ai,False,4934965,DEMO_4934965,NV,DF,False,0.0,dismiss,True,0.2851651005417783,,,boardCertifiedDermatologist,Male
4b5b0e86c3410f317631771616f067d3e2fa6337,non-expert,c8918a452968ea09fb784c7970c9a4aa079fdae6,2,7,with_ai,True,4934965,DEMO_4934965,NV,INF,False,0.0,monitor,True,0.2851651005417783,,,boardCertifiedDermatologist,Male
4b5b0e86c3410f317631771616f067d3e2fa6337,non-expert,c8918a452968ea09fb784c7970c9a4aa079fdae6,2,8,without_ai,False,4153265,DEMO_4153265,BKL,MEL,False,0.0,dismiss,True,0.2851651005417783,,,boardCertifiedDermatologist,Male
4b5b0e86c3410f317631771616f067d3e2fa6337,non-expert,c8918a452968ea09fb784c7970c9a4aa079fdae6,2,8,with_ai,True,4153265,DEMO_4153265,BKL,BKL,True,1.0,monitor,True,0.2851651005417783,,,boardCertifiedDermatologist,Male
4b5b0e86c3410f317631771616f067d3e2fa6337,non-expert,c8918a452968ea09fb784c7970c9a4aa079fdae6,2,9,without_ai,False,8749678,DEMO_8749678,NV,NV,True,1.0,monitor,True,0.2851651005417783,,,boardCertifiedDermatologist,Male
4b5b0e86c3410f317631771616f067d3e2fa6337,non-expert,c8918a452968ea09fb784c7970c9a4aa079fdae6,2,9,with_ai,True,8749678,DEMO_8749678,NV,NV,True,1.0,monitor,True,0.2851651005417783,,,boardCertifiedDermatologist,Male
4b5b0e86c3410f317631771616f067d3e2fa6337,non-expert,c8918a452968ea09fb784c7970c9a4aa079fdae6,2,10,without_ai,False,5363111,DEMO_5363111,BCC,BCC,True,1.0,biopsy,True,0.2851651005417783,,,boardCertifiedDermatologist,Male
4b5b0e86c3410f317631771616f067d3e2fa6337,non-expert,c8918a452968ea09fb784c7970c9a4aa079fdae6,2,10,with_ai,True,5363111,DEMO_5363111,BCC,BKL,False,0.0,biopsy,True,0.2851651005417783,,,boardCertifiedDermatologist,Male
4b5b0e86c3410f317631771616f067d3e2fa6337,non-expert,c8918a452968ea09fb784c7970c9a4aa079fdae6,2,11,without_ai,False,7067925,DEMO_7067925,BCC,BCC,True,1.0,biopsy,True,0.2851651005417783,,,boardCertifiedDermatologist,Male
4b5b0e86c3410f317631771616f067d3e2fa6337,non-expert,c8918a452968ea09fb784c7970c9a4aa079fdae6,2,11,with_ai,True,7067925,DEMO_7067925,BCC,BCC,True,1.0,biopsy,True,0.2851651005417783,,,boardCertifiedDermatologist,Male
4b5b0e86c3410f317631771616f067d3e2fa6337,non-expert,c8918a452968ea09fb784c7970c9a4aa079fdae6,2,12,without_ai,False,4350280,DEMO_4350280,BCC,BCC,True,1.0,monitor,True,0.2851651005417783,,,boardCertifiedDermatologist,Male
4b5b0e86c3410f317631771616f067d3e2fa6337,non-expert,c8918a452968ea09fb784c7970c9a4aa079fdae6,2,12,with_ai,True,4350280,DEMO_4350280,BCC,BKL,False,0.0,biopsy,True,0.2851651005417783,,,boardCertifiedDermatologist,Male
4b5b0e86c3410f317631771616f067d3e2fa6337,non-expert,c8918a452968ea09fb784c7970c9a4aa079fdae6,2,13,without_ai,False,7163310,DEMO_7163310,BKL,VASC,False,0.0,monitor,True,0.2851651005417783,,,boardCertifiedDermatologist,Male
4b5b0e86c3410f317631771616f067d3e2fa6337,non-expert,c8918a452968ea09fb784c7970c9a4aa079fdae6,2,13,with_ai,True,7163310,DEMO_7163310,BKL,BKL,True,1.0,dismiss,True,0.2851651005417783,,,boardCertifiedDermatologist,Male
4b5b0e86c3410f317631771616f067d3e2fa6337,non-expert,c8918a452968ea09fb784c7970c9a4aa079fdae6,2,14,without_ai,False,7129933,DEMO_7129933,MEL,SCCKA,False,0.0,local_therapy,True,0.2851651005417783,,,boardCertifiedDermatologist,Male
4b5b0e86c3410f317631771616f067d3e2fa6337,non-expert,c8918a452968ea09fb784c7970c9a4aa079fdae6,2,14,with_ai,True,7129933,DEMO_7129933,MEL,SCCKA,False,0.0,monitor,True,0.2851651005417783,,,boardCertifiedDermatologist,Male
4b5b0e86c3410f317631771616f067d3e2fa6337,non-expert,c8918a452968ea09fb784c7970c9a4aa079fdae6,2,15,without_ai,False,7794899,DEMO_7794899,NV,NV,True,1.0,dismiss,True,0.2851651005417783,,,boardCertifiedDermatologist,Male
4b5b0e86c3410f317631771616f067d3e2fa6337,non-expert,c8918a452968ea09fb784c7970c9a4aa079fdae6,2,15,with_ai,True,7794899,DEMO_7794899,NV,NV,True,1.0,dismiss,True,0.2851651005417783,,,boardCertifiedDermatologist,Male
4b5b0e86c3410f317631771616f067d3e2fa6337,non-expert,5960de79cea08e9544a3ea0938efd2439022ac54,3,1,without_ai,False,6793110,DEMO_6793110,BKL,OTHER_MALIGNANT,False,0.0,local_therapy,True,0.2851651005417783,,,boardCertifiedDermatologist,Male
4b5b0e86c3410f317631771616f067d3e2fa6337,non-expert,5960de79cea08e9544a3ea0938efd2439022ac54,3,1,with_ai,True,6793110,DEMO_6793110,BKL,BKL,True,1.0,dismiss,True,0.2851651005417783,,,boardCertifiedDermatologist,Male
4b5b0e86c3410f317631771616f067d3e2fa6337,non-expert,5960de79cea08e9544a3ea0938efd2439022ac54,3,2,without_ai,False,7176119,DEMO_7176119,NV,NV,True,1.0,biopsy,True,0.2851651005417783,,,boardCertifiedDermatologist,Male
4b5b0e86c3410f317631771616f067d3e2fa6337,non-expert,5960de79cea08e9544a3ea0938efd2439022ac54,3,2,with_ai,True,7176119,DEMO_7176119,NV,NV,True,1.0,dismiss,True,0.2851651005417783,,,boardCertifiedDermatologist,Male
4b5b0e86c3410f317631771616f067d3e2fa6337,non-expert,5960de79cea08e9544a3ea0938efd2439022ac54,3,3,without_ai,False,6868897,DEMO_6868897,BKL,BKL,True,1.0,biopsy,True,0.2851651005417783,,,boardCertifiedDermatologist,Male
4b5b0e86c3410f317631771616f067d3e2fa6337,non-expert,5960de79cea08e9544a3ea0938efd2439022ac54,3,3,with_ai,True,6868897,DEMO_6868897,BKL,BKL,True,1.0,monitor,True,0.2851651005417783,,,boardCertifiedDermatologist,Male
4b5b0e86c3410f317631771616f067d3e2fa6337,non-expert,5960de79cea08e9544a3ea0938efd2439022ac54,3,4,without_ai,False,8586620,DEMO_8586620,MEL,OTHER_BENIGN,False,0.0,local_therapy,True,0.2851651005417783,,,boardCertifiedDermatologist,Male
4b5b0e86c3410f317631771616f067d3e2fa6337,non-expert,5960de79cea08e9544a3ea0938efd2439022ac54,3,4,with_ai,True,8586620,DEMO_8586620,MEL,MEL,True,1.0,biopsy,True,0.2851651005417783,,,boardCertifiedDermatologist,Male
4b5b0e86c3410f317631771616f067d3e2fa6337,non-expert,5960de79cea08e9544a3ea0938efd2439022ac54,3,5,without_ai,False,9640002,DEMO_9640002,DF,INF,False,0.0,dismiss,True,0.2851651005417783,,,boardCertifiedDermatologist,Male
4b5b0e86c3410f317631771616f067d3e2fa6337,non-expert,5960de79cea08e9544a3ea0938efd2439022ac54,3,5,with_ai,True,9640002,DEMO_9640002,DF,NV,False,0.0,monitor,True,0.2851651005417783,,,boardCertifiedDermatologist,Male
4b5b0e86c3410f317631771616f067d3e2fa6337,non-expert,5960de79cea08e9544a3ea0938efd2439022ac54,3,6,without_ai,False,1578117,DEMO_1578117,BKL,BKL,True,1.0,biopsy,True,0.2851651005417783,,,boardCertifiedDermatologist,Male
4b5b0e86c3410f317631771616f067d3e2fa6337,non-expert,5960de79cea08e9544a3ea0938efd2439022ac54,3,6,with_ai,True,1578117,DEMO_1578117,BKL,BKL,True,1.0,dismiss,True,0.2851651005417783,,,boardCertifiedDermatologist,Male
4b5b0e86c3410f317631771616f067d3e2fa6337,non-expert,5960de79cea08e9544a3ea0938efd2439022ac54,3,7,without_ai,False,6675972,DEMO_6675972,NV,OTHER_MALIGNANT,False,0.0,dismiss,True,0.2851651005417783,,,boardCertifiedDermatologist,Male
4b5b0e86c3410f317631771616f067d3e2fa6337,non-expert,5960de79cea08e9544a3ea0938efd2439022ac54,3,7,with_ai,True,6675972,DEMO_6675972,NV,DF,False,0.0,local_therapy,True,0.2851651005417783,,,boardCertifiedDermatologist,Male
4b5b0e86c3410f317631771616f067d3e2fa6337,non-expert,5960de79cea08e9544a3ea0938efd2439022ac54,3,8,without_ai,False,5424937,DEMO_5424937,NV,NV,True,1.0,biopsy,True,0.2851651005417783,,,boardCertifiedDermatologist,Male
4b5b0e86c3410f317631771616f067d3e2fa6337,non-expert,5960de79cea08e9544a3ea0938efd2439022ac54,3,8,with_ai,True,5424937,DEMO_5424937,NV,MEL,False,0.0,biopsy,True,0.2851651005417783,,,boardCertifiedDermatologist,Male
4b5b0e86c3410f317631771616f067d3e2fa6337,non-expert,5960de79cea08e9544a3ea0938efd2439022ac54,3,9,without_ai,False,7934562,DEMO_7934562,MEL,INF,False,0.0,biopsy,True,0.2851651005417783,,,boardCertifiedDermatologist,Male
4b5b0e86c3410f317631771616f067d3e2fa6337,non-expert,5960de79cea08e9544a3ea0938efd2439022ac54,3,9,with_ai,True,7934562,DEMO_7934562,MEL,MEL,True,1.0,local_therapy,True,0.2851651005417783,,,boardCertifiedDermatologist,Male
4b5b0e86c3410f317631771616f067d3e2fa6337,non-expert,5960de79cea08e9544a3ea0938efd2439022ac54,3,10,without_ai,False,7664144,DEMO_7664144,NV,AKIEC,False,0.0,dismiss,True,0.2851651005417783,,,boardCertifiedDermatologist,Male
4b5b0e86c3410f317631771616f067d3e2fa6337,non-expert,5960de79cea08e9544a3ea0938efd2439022ac54,3,10,with_ai,True,7664144,DEMO_7664144,NV,NV,True,1.0,dismiss,True,0.2851651005417783,,,boardCertifiedDermatologist,Male
4b5b0e86c3410f317631771616f067d3e2fa6337,non-expert,5960de79cea08e9544a3ea0938efd2439022ac54,3,11,without_ai,False,8688634,DEMO_8688634,BCC,SCCKA,False,0.0,dismiss,True,0.2851651005417783,,,boardCertifiedDermatologist,Male
4b5b0e86c3410f317631771616f067d3e2fa6337,non-expert,5960de79cea08e9544a3ea0938efd2439022ac54,3,11,with_ai,True,8688634,DEMO_8688634,BCC,SCCKA,False,0.0,biopsy,True,0.2851651005417783,,,boardCertifiedDermatologist,Male
4b5b0e86c3410f317631771616f067d3e2fa6337,non-expert,5960de79cea08e9544a3ea0938efd2439022ac54,3,12,without_ai,False,8163379,DEMO_8163379,MEL,BKL,False,0.0,local_therapy,True,0.2851651005417783,,,boardCertifiedDermatologist,Male
4b5b0e86c3410f317631771616f067d3e2fa6337,non-expert,5960de79cea08e9544a3ea0938efd2439022ac54,3,12,with_ai,True,8163379,DEMO_8163379,MEL,MEL,True,1.0,biopsy,True,0.2851651005417783,,,boardCertifiedDermatologist,Male
4b5b0e86c3410f317631771616f067d3e2fa6337,non-expert,5960de79cea08e9544a3ea0938efd2439022ac54,3,13,without_ai,False,9976405,DEMO_9976405,BKL,OTHER_BENIGN,False,0.0,biopsy,True,0.2851651005417783,,,boardCertifiedDermatologist,Male
4b5b0e86c3410f317631771616f067d3e2fa6337,non-expert,5960de79cea08e9544a3ea0938efd2439022ac54,3,13,with_ai,True,9976405,DEMO_9976405,BKL,AKIEC,False,0.0,dismiss,True,0.2851651005417783,,,boardCertifiedDermatologist,Male
4b5b0e86c3410f317631771616f067d3e2fa6337,non-expert,5960de79cea08e9544a3ea0938efd2439022ac54,3,14,without_ai,False,6737441,DEMO_6737441,SCCKA,SCCKA,True,1.0,biopsy,True,0.2851651005417783,,,boardCertifiedDermatologist,Male
4b5b0e86c3410f317631771616f067d3e2fa6337,non-expert,5960de79cea08e9544a3ea0938efd2439022ac54,3,14,with_ai,True,6737441,DEMO_6737441,SCCKA,VASC,False,0.0,dismiss,True,0.2851651005417783,,,boardCertifiedDermatologist,Male
4b5b0e86c3410f317631771616f067d3e2fa6337,non-expert,5960de79cea08e9544a3ea0938efd2439022ac54,3,15,without_ai,False,7892091,DEMO_7892091,NV,BCC,False,0.0,monitor,True,0.2851651005417783,,,boardCertifiedDermatologist,Male
4b5b0e86c3410f317631771616f067d3e2fa6337,non-expert,5960de79cea08e9544a3ea0938efd2439022ac54,3,15,with_ai,True,7892091,DEMO_7892091,NV,SCCKA,False,0.0,monitor,True,0.2851651005417783,,,boardCertifiedDermatologist,Male
2baff83ea54472cae3090e7001be5698e1ea9e98,expert,ed54a806b6eb8517cbd978d6cf4dc85165f15980,1,1,without_ai,False,328070,DEMO_0328070,MEL,MEL,True,1.0,monitor,True,0.7290950746815872,,,dermatologyResident,Female
2baff83ea54472cae3090e7001be5698e1ea9e98,expert,ed54a806b6eb8517cbd978d6cf4dc85165f15980,1,1,with_ai,True,328070,DEMO_0328070,MEL,MEL,True,1.0,biopsy,True,0.7290950746815872,,,dermatologyResident,Female
2baff83ea54472cae3090e7001be5698e1ea9e98,expert,ed54a806b6eb8517cbd978d6cf4dc85165f15980,1,2,without_ai,False,9770942,DEMO_9770942,NV,NV,True,1.0,dismiss,True,0.7290950746815872,,,dermatologyResident,Female
2baff83ea54472cae3090e7001be5698e1ea9e98,expert,ed54a806b6eb8517cbd978d6cf4dc85165f15980,1,2,with_ai,True,9770942,DEMO_9770942,NV,BKL,False,0.0,biopsy,True,0.7290950746815872,,,dermatologyResident,Female
2baff83ea54472cae3090e7001be5698e1ea9e98,expert,ed54a806b6eb8517cbd978d6cf4dc85165f15980,1,3,without_ai,False,6714891,DEMO_6714891,BKL,BKL,True,1.0,biopsy,True,0.7290950746815872,,,dermatologyResident,Female
2baff83ea54472cae3090e7001be5698e1ea9e98,expert,ed54a806b6eb8517cbd978d6cf4dc85165f15980,1,3,with_ai,True,6714891,DEMO_6714891,BKL,BKL,True,1.0,monitor,True,0.7290950746815872,,,dermatologyResident,Female
2baff83ea54472cae3090e7001be5698e1ea9e98,expert,ed54a806b6eb8517cbd978d6cf4dc85165f15980,1,4,without_ai,False,6275480,DEMO_6275480,BKL,BKL,True,1.0,dismiss,True,0.7290950746815872,,,dermatologyResident,Female
2baff83ea54472cae3090e7001be5698e1ea9e98,expert,ed54a806b6eb8517cbd978d6cf4dc85165f15980,1,4,with_ai,True,6275480,DEMO_6275480,BKL,BKL,True,1.0,dismiss,True,0.7290950746815872,,,dermatologyResident,Female
2baff83ea54472cae3090e7001be5698e1ea9e98,expert,ed54a806b6eb8517cbd978d6cf4dc85165f15980,1,5,without_ai,False,406338,DEMO_0406338,AKIEC,SCCKA,False,0.0,biopsy,True,0.7290950746815872,,,dermatologyResident,Female
2baff83ea54472cae3090e7001be5698e1ea9e98,expert,ed54a806b6eb8517cbd978d6cf4dc85165f15980,1,5,with_ai,True,406338,DEMO_0406338,AKIEC,AKIEC,True,1.0,biopsy,True,0.7290950746815872,,,dermatologyResident,Female
2baff83ea54472cae3090e7001be5698e1ea9e98,expert,ed54a806b6eb8517cbd978d6cf4dc85165f15980,1,6,without_ai,False,478042,DEMO_0478042,MEL,OTHER_MALIGNANT,False,0.0,local_therapy,True,0.7290950746815872,,,dermatologyResident,Female
2baff83ea54472cae3090e7001be5698e1ea9e98,expert,ed54a806b6eb8517cbd978d6cf4dc85165f15980,1,6,with_ai,True,478042,DEMO_0478042,MEL,MEL,True,1.0,local_therapy,True,0.7290950746815872,,,dermatologyResident,Female
2baff83ea54472cae3090e7001be5698e1ea9e98,expert,ed54a806b6eb8517cbd978d6cf4dc85165f15980,1,7,without_ai,False,8770449,DEMO_8770449,AKIEC,AKIEC,True,1.0,biopsy,True,0.7290950746815872,,,dermatologyResident,Female
2baff83ea54472cae3090e7001be5698e1ea9e98,expert,ed54a806b6eb8517cbd978d6cf4dc85165f15980,1,7,with_ai,True,8770449,DEMO_8770449,AKIEC,SCCKA,False,0.0,biopsy,True,0.7290950746815872,,,dermatologyResident,Female
2baff83ea54472cae3090e7001be5698e1ea9e98,expert,ed54a806b6eb8517cbd978d6cf4dc85165f15980,1,8,without_ai,False,2358167,DEMO_2358167,BCC,BCC,True,1.0,local_therapy,True,0.7290950746815872,,,dermatologyResident,Female
2baff83ea54472cae3090e7001be5698e1ea9e98,expert,ed54a806b6eb8517cbd978d6cf4dc85165f15980,1,8,with_ai,True,2358167,DEMO_2358167,BCC,BCC,True,1.0,local_therapy,True,0.7290950746815872,,,dermatologyResident,Female
2baff83ea54472cae3090e7001be5698e1ea9e98,expert,ed54a806b6eb8517cbd978d6cf4dc85165f15980,1,9,without_ai,False,4231622,DEMO_4231622,BKL,MEL,False,0.0,dismiss,True,0.7290950746815872,,,dermatologyResident,Female
2baff83ea54472cae3090e7001be5698e1ea9e98,expert,ed54a806b6eb8517cbd978d6cf4dc85165f15980,1,9,with_ai,True,4231622,DEMO_4231622,BKL,BKL,True,1.0,dismiss,True,0.7290950746815872,,,dermatologyResident,Female
2baff83ea54472cae3090e7001be5698e1ea9e98,expert,ed54a806b6eb8517cbd978d6cf4dc85165f15980,1,10,without_ai,False,8656643,DEMO_8656643,MEL,MEL,True,1.0,biopsy,True,0.7290950746815872,,,dermatologyResident,Female
2baff83ea54472cae3090e7001be5698e1ea9e98,expert,ed54a806b6eb8517cbd978d6cf4dc85165f15980,1,10,with_ai,True,8656643,DEMO_8656643,MEL,MEL,True,1.0,local_therapy,True,0.7290950746815872,,,dermatologyResident,Female
2baff83ea54472cae3090e7001be5698e1ea9e98,expert,ed54a806b6eb8517cbd978d6cf4dc85165f15980,1,11,without_ai,False,8398568,DEMO_8398568,VASC,INF,False,0.0,dismiss,True,0.7290950746815872,,,dermatologyResident,Female
2baff83ea54472cae3090e7001be5698e1ea9e98,expert,ed54a806b6eb8517cbd978d6cf4dc85165f15980,1,11,with_ai,True,8398568,DEMO_8398568,VASC,VASC,True,1.0,local_therapy,True,0.7290950746815872,,,dermatologyResident,Female
2baff83ea54472cae3090e7001be5698e1ea9e98,expert,ed54a806b6eb8517cbd978d6cf4dc85165f15980,1,12,without_ai,False,9837160,DEMO_9837160,VASC,VASC,True,1.0,dismiss,True,0.7290950746815872,,,dermatologyResident,Female
2baff83ea54472cae3090e7001be5698e1ea9e98,expert,ed54a806b6eb8517cbd978d6cf4dc85165f15980,1,12,with_ai,True,9837160,DEMO_9837160,VASC,VASC,True,1.0,monitor,True,0.7290950746815872,,,dermatologyResident,Female
2baff83ea54472cae3090e7001be5698e1ea9e98,expert,ed54a806b6eb8517cbd978d6cf4dc85165f15980,1,13,without_ai,False,2552589,DEMO_2552589,BKL,AKIEC,False,0.0,dismiss,True,0.7290950746815872,,,dermatologyResident,Female
2baff83ea54472cae3090e7001be5698e1ea9e98,expert,ed54a806b6eb8517cbd978d6cf4dc85165f15980,1,13,with_ai,True,2552589,DEMO_2552589,BKL,BKL,True,1.0,monitor,True,0.7290950746815872,,,dermatologyResident,Female
2baff83ea54472cae3090e7001be5698e1ea9e98,expert,ed54a806b6eb8517cbd978d6cf4dc85165f15980,1,14,without_ai,False,7789712,DEMO_7789712,AKIEC,VASC,False,0.0,biopsy,True,0.7290950746815872,,,dermatologyResident,Female
2baff83ea54472cae3090e7001be5698e1ea9e98,expert,ed54a806b6eb8517cbd978d6cf4dc85165f15980,1,14,with_ai,True,7789712,DEMO_7789712,AKIEC,AKIEC,True,1.0,biopsy,True,0.7290950746815872,,,dermatologyResident,Female
2baff83ea54472cae3090e7001be5698e1ea9e98,expert,ed54a806b6eb8517cbd978d6cf4dc85165f15980,1,15,without_ai,False,144424,DEMO_0144424,OTHER_BENIGN,NV,False,0.0,monitor,True,0.7290950746815872,,,dermatologyResident,Female
2baff83ea54472cae3090e7001be5698e1ea9e98,expert,ed54a806b6eb8517cbd978d6cf4dc85165f15980,1,15,with_ai,True,144424,DEMO_0144424,OTHER_BENIGN,OTHER_BENIGN,True,1.0,dismiss,True,0.7290950746815872,,,dermatologyResident,Female
2baff83ea54472cae3090e7001be5698e1ea9e98,expert,6885300ef3b5be5729533ed4aec73559d91fa541,2,1,without_ai,False,3547065,DEMO_3547065,BCC,OTHER_BENIGN,False,0.0,monitor,True,0.7290950746815872,,,dermatologyResident,Female
2baff83ea54472cae3090e7001be5698e1ea9e98,expert,6885300ef3b5be5729533ed4aec73559d91fa541,2,1,with_ai,True,3547065,DEMO_3547065,BCC,BCC,True,1.0,dismiss,True,0.7290950746815872,,,dermatologyResident,Female
2baff83ea54472cae3090e7001be5698e1ea9e98,expert,6885300ef3b5be5729533ed4aec73559d91fa541,2,2,without_ai,False,3085137,DEMO_3085137,BCC,BCC,True,1.0,biopsy,True,0.7290950746815872,,,dermatologyResident,Female
2baff83ea54472cae3090e7001be5698e1ea9e98,expert,6885300ef3b5be5729533ed4aec73559d91fa541,2,2,with_ai,True,3085137,DEMO_3085137,BCC,BCC,True,1.0,local_therapy,True,0.7290950746815872,,,dermatologyResident,Female
2baff83ea54472cae3090e7001be5698e1ea9e98,expert,6885300ef3b5be5729533ed4aec73559d91fa541,2,3,without_ai,False,8104771,DEMO_8104771,MEL,SCCKA,False,0.0,biopsy,True,0.7290950746815872,,,dermatologyResident,Female
2baff83ea54472cae3090e7001be5698e1ea9e98,expert,6885300ef3b5be5729533ed4aec73559d91fa541,2,3,with_ai,True,8104771,DEMO_8104771,MEL,MEL,True,1.0,local_therapy,True,0.7290950746815872,,,dermatologyResident,Female
2baff83ea54472cae3090e7001be5698e1ea9e98,expert,6885300ef3b5be5729533ed4aec73559d91fa541,2,4,without_ai,False,8075971,DEMO_8075971,AKIEC,BKL,False,0.0,biopsy,True,0.7290950746815872,,,dermatologyResident,Female
2baff83ea54472cae3090e7001be5698e1ea9e98,expert,6885300ef3b5be5729533ed4aec73559d91fa541,2,4,with_ai,True,8075971,DEMO_8075971,AKIEC,NV,False,0.0,dismiss,True,0.7290950746815872,,,dermatologyResident,Female
2baff83ea54472cae3090e7001be5698e1ea9e98,expert,6885300ef3b5be5729533ed4aec73559d91fa541,2,5,without_ai,False,6077492,DEMO_6077492,MEL,MEL,True,1.0,local_therapy,True,0.7290950746815872,,,dermatologyResident,Female
2baff83ea54472cae3090e7001be5698e1ea9e98,expert,6885300ef3b5be5729533ed4aec73559d91fa541,2,5,with_ai,True,6077492,DEMO_6077492,MEL,MEL,True,1.0,biopsy,True,0.7290950746815872,,,dermatologyResident,Female
2baff83ea54472cae3090e7001be5698e1ea9e98,expert,6885300ef3b5be5729533ed4aec73559d91fa541,2,6,without_ai,False,9098676,DEMO_9098676,NV,NV,True,1.0,dismiss,True,0.7290950746815872,,,dermatologyResident,Female
2baff83ea54472cae3090e7001be5698e1ea9e98,expert,6885300ef3b5be5729533ed4aec73559d91fa541,2,6,with_ai,True,9098676,DEMO_9098676,NV,AKIEC,False,0.0,dismiss,True,0.7290950746815872,,,dermatologyResident,Female
2baff83ea54472cae3090e7001be5698e1ea9e98,expert,6885300ef3b5be5729533ed4aec73559d91fa541,2,7,without_ai,False,9673318,DEMO_9673318,SCCKA,INF,False,0.0,biopsy,True,0.7290950746815872,,,dermatologyResident,Female
2baff83ea54472cae3090e7001be5698e1ea9e98,expert,6885300ef3b5be5729533ed4aec73559d91fa541,2,7,with_ai,True,9673318,DEMO_9673318,SCCKA,SCCKA,True,1.0,local_therapy,True,0.7290950746815872,,,dermatologyResident,Female
2baff83ea54472cae3090e7001be5698e1ea9e98,expert,6885300ef3b5be5729533ed4aec73559d91fa541,2,8,without_ai,False,1401440,DEMO_1401440,DF,DF,True,1.0,local_therapy,True,0.7290950746815872,,,dermatologyResident,Female
2baff83ea54472cae3090e7001be5698e1ea9e98,expert,6885300ef3b5be5729533ed4aec73559d91fa541,2,8,with_ai,True,1401440,DEMO_1401440,DF,DF,True,1.0,dismiss,True,0.7290950746815872,,,dermatologyResident,Female
2baff83ea54472cae3090e7001be5698e1ea9e98,expert,6885300ef3b5be5729533ed4aec73559d91fa541,2,9,without_ai,False,3072748,DEMO_3072748,SCCKA,SCCKA,True,1.0,dismiss,True,0.7290950746815872,,,dermatologyResident,Female
2baff83ea54472cae3090e7001be5698e1ea9e98,expert,6885300ef3b5be5729533ed4aec73559d91fa541,2,9,with_ai,True,3072748,DEMO_3072748,SCCKA,SCCKA,True,1.0,biopsy,True,0.7290950746815872,,,dermatologyResident,Female
2baff83ea54472cae3090e7001be5698e1ea9e98,expert,6885300ef3b5be5729533ed4aec73559d91fa541,2,10,without_ai,False,4400081,DEMO_4400081,VASC,OTHER_BENIGN,False,0.0,local_therapy,True,0.7290950746815872,,,dermatologyResident,Female
2baff83ea54472cae3090e7001be5698e1ea9e98,expert,6885300ef3b5be5729533ed4aec73559d91fa541,2,10,with_ai,True,4400081,DEMO_4400081,VASC,VASC,True,1.0,dismiss,True,0.7290950746815872,,,dermatologyResident,Female
2baff83ea54472cae3090e7001be5698e1ea9e98,expert,6885300ef3b5be5729533ed4aec73559d91fa541,2,11,without_ai,False,6872577,DEMO_6872577,INF,INF,True,1.0,local_therapy,True,0.7290950746815872,,,dermatologyResident,Female
2baff83ea54472cae3090e7001be5698e1ea9e98,expert,6885300ef3b5be5729533ed4aec73559d91fa541,2,11,with_ai,True,6872577,DEMO_6872577,INF,INF,True,1.0,local_therapy,True,0.7290950746815872,,,dermatologyResident,Female
2baff83ea54472cae3090e7001be5698e1ea9e98,expert,6885300ef3b5be5729533ed4aec73559d91fa541,2,12,without_ai,False,9299987,DEMO_9299987,NV,NV,True,1.0,dismiss,True,0.7290950746815872,,,dermatologyResident,Female
2baff83ea54472cae3090e7001be5698e1ea9e98,expert,6885300ef3b5be5729533ed4aec73559d91fa541,2,12,with_ai,True,9299987,DEMO_9299987,NV,NV,True,1.0,monitor,True,0.7290950746815872,,,dermatologyResident,Female
2baff83ea54472cae3090e7001be5698e1ea9e98,expert,6885300ef3b5be5729533ed4aec73559d91fa541,2,13,without_ai,False,9070908,DEMO_9070908,MEL,BCC,False,0.0,dismiss,True,0.7290950746815872,,,dermatologyResident,Female
2baff83ea54472cae3090e7001be5698e1ea9e98,expert,6885300ef3b5be5729533ed4aec73559d91fa541,2,13,with_ai,True,9070908,DEMO_9070908,MEL,MEL,True,1.0,local_therapy,True,0.7290950746815872,,,dermatologyResident,Female
2baff83ea54472cae3090e7001be5698e1ea9e98,expert,6885300ef3b5be5729533ed4aec73559d91fa541,2,14,without_ai,False,303337,DEMO_0303337,BKL,VASC,False,0.0,monitor,True,0.7290950746815872,,,dermatologyResident,Female
2baff83ea54472cae3090e7001be5698e1ea9e98,expert,6885300ef3b5be5729533ed4aec73559d91fa541,2,14,with_ai,True,303337,DEMO_0303337,BKL,BKL,True,1.0,dismiss,True,0.7290950746815872,,,dermatologyResident,Female
2baff83ea54472cae3090e7001be5698e1ea9e98,expert,6885300ef3b5be5729533ed4aec73559d91fa541,2,15,without_ai,False,7772629,DEMO_7772629,SCCKA,SCCKA,True,1.0,biopsy,True,0.7290950746815872,,,dermatologyResident,Female
2baff83ea54472cae3090e7001be5698e1ea9e98,expert,6885300ef3b5be5729533ed4aec73559d91fa541,2,15,with_ai,True,7772629,DEMO_7772629,SCCKA,SCCKA,True,1.0,local_therapy,True,0.7290950746815872,,,dermatologyResident,Female
8df32733b5b34823d207f9bc010f20dff82b43c3,expert,103a1dd4b68fb0c641ed2d5d1a407a34adf62b0f,1,1,without_ai,False,4321264,DEMO_4321264,OTHER_BENIGN,OTHER_BENIGN,True,1.0,biopsy,True,0.7841973517282999,,,generalPractitioner,Female
8df32733b5b34823d207f9bc010f20dff82b43c3,expert,103a1dd4b68fb0c641ed2d5d1a407a34adf62b0f,1,1,with_ai,True,4321264,DEMO_4321264,OTHER_BENIGN,OTHER_BENIGN,True,1.0,monitor,True,0.7841973517282999,,,generalPractitioner,Female
8df32733b5b34823d207f9bc010f20dff82b43c3,expert,103a1dd4b68fb0c641ed2d5d1a407a34adf62b0f,1,2,without_ai,False,1691031,DEMO_1691031,OTHER_BENIGN,SCCKA,False,0.0,biopsy,True,0.7841973517282999,,,generalPractitioner,Female
8df32733b5b34823d207f9bc010f20dff82b43c3,expert,103a1dd4b68fb0c641ed2d5d1a407a34adf62b0f,1,2,with_ai,True,1691031,DEMO_1691031,OTHER_BENIGN,OTHER_BENIGN,True,1.0,monitor,True,0.7841973517282999,,,generalPractitioner,Female
8df32733b5b34823d207f9bc010f20dff82b43c3,expert,103a1dd4b68fb0c641ed2d5d1a407a34adf62b0f,1,3,without_ai,False,7992738,DEMO_7992738,SCCKA,SCCKA,True,1.0,monitor,True,0.7841973517282999,,,generalPractitioner,Female
8df32733b5b34823d207f9bc010f20dff82b43c3,expert,103a1dd4b68fb0c641ed2d5d1a407a34adf62b0f,1,3,with_ai,True,7992738,DEMO_7992738,SCCKA,SCCKA,True,1.0,biopsy,True,0.7841973517282999,,,generalPractitioner,Female
8df32733b5b34823d207f9bc010f20dff82b43c3,expert,103a1dd4b68fb0c641ed2d5d1a407a34adf62b0f,1,4,without_ai,False,2003980,DEMO_2003980,BKL,BKL,True,1.0,dismiss,True,0.7841973517282999,,,generalPractitioner,Female
8df32733b5b34823d207f9bc010f20dff82b43c3,expert,103a1dd4b68fb0c641ed2d5d1a407a34adf62b0f,1,4,with_ai,True,2003980,DEMO_2003980,BKL,BKL,True,1.0,dismiss,True,0.7841973517282999,,,generalPractitioner,Female
8df32733b5b34823d207f9bc010f20dff82b43c3,expert,103a1dd4b68fb0c641ed2d5d1a407a34adf62b0f,1,5,without_ai,False,1432676,DEMO_1432676,MEL,MEL,True,1.0,monitor,True,0.7841973517282999,,,generalPractitioner,Female
8df32733b5b34823d207f9bc010f20dff82b43c3,expert,103a1dd4b68fb0c641ed2d5d1a407a34adf62b0f,1,5,with_ai,True,1432676,DEMO_1432676,MEL,MEL,True,1.0,local_therapy,True,0.7841973517282999,,,generalPractitioner,Female
8df32733b5b34823d207f9bc010f20dff82b43c3,expert,103a1dd4b68fb0c641ed2d5d1a407a34adf62b0f,1,6,without_ai,False,6755567,DEMO_6755567,MEL,MEL,True,1.0,biopsy,True,0.7841973517282999,,,generalPractitioner,Female
8df32733b5b34823d207f9bc010f20dff82b43c3,expert,103a1dd4b68fb0c641ed2d5d1a407a34adf62b0f,1,6,with_ai,True,6755567,DEMO_6755567,MEL,MEL,True,1.0,monitor,True,0.7841973517282999,,,generalPractitioner,Female
8df32733b5b34823d207f9bc010f20dff82b43c3,expert,103a1dd4b68fb0c641ed2d5d1a407a34adf62b0f,1,7,without_ai,False,1329793,DEMO_1329793,NV,NV,True,1.0,monitor,True,0.7841973517282999,,,generalPractitioner,Female
8df32733b5b34823d207f9bc010f20dff82b43c3,expert,103a1dd4b68fb0c641ed2d5d1a407a34adf62b0f,1,7,with_ai,True,1329793,DEMO_1329793,NV,NV,True,1.0,dismiss,True,0.7841973517282999,,,generalPractitioner,Female
8df32733b5b34823d207f9bc010f20dff82b43c3,expert,103a1dd4b68fb0c641ed2d5d1a407a34adf62b0f,1,8,without_ai,False,7781204,DEMO_7781204,NV,NV,True,1.0,monitor,True,0.7841973517282999,,,generalPractitioner,Female
8df32733b5b34823d207f9bc010f20dff82b43c3,expert,103a1dd4b68fb0c641ed2d5d1a407a34adf62b0f,1,8,with_ai,True,7781204,DEMO_7781204,NV,NV,True,1.0,dismiss,True,0.7841973517282999,,,generalPractitioner,Female
8df32733b5b34823d207f9bc010f20dff82b43c3,expert,103a1dd4b68fb0c641ed2d5d1a407a34adf62b0f,1,9,without_ai,False,937712,DEMO_0937712,MEL,MEL,True,1.0,biopsy,True,0.7841973517282999,,,generalPractitioner,Female
8df32733b5b34823d207f9bc010f20dff82b43c3,expert,103a1dd4b68fb0c641ed2d5d1a407a34adf62b0f,1,9,with_ai,True,937712,DEMO_0937712,MEL,MEL,True,1.0,biopsy,True,0.7841973517282999,,,generalPractitioner,Female
8df32733b5b34823d207f9bc010f20dff82b43c3,expert,103a1dd4b68fb0c641ed2d5d1a407a34adf62b0f,1,10,without_ai,False,8616699,DEMO_8616699,NV,VASC,False,0.0,dismiss,True,0.7841973517282999,,,generalPractitioner,Female
8df32733b5b34823d207f9bc010f20dff82b43c3,expert,103a1dd4b68fb0c641ed2d5d1a407a34adf62b0f,1,10,with_ai,True,8616699,DEMO_8616699,NV,NV,True,1.0,dismiss,True,0.7841973517282999,,,generalPractitioner,Female
8df32733b5b34823d207f9bc010f20dff82b43c3,expert,103a1dd4b68fb0c641ed2d5d1a407a34adf62b0f,1,11,without_ai,False,7981141,DEMO_7981141,BCC,BCC,True,1.0,biopsy,True,0.7841973517282999,,,generalPractitioner,Female
8df32733b5b34823d207f9bc010f20dff82b43c3,expert,103a1dd4b68fb0c641ed2d5d1a407a34adf62b0f,1,11,with_ai,True,7981141,DEMO_7981141,BCC,BCC,True,1.0,biopsy,True,0.7841973517282999,,,generalPractitioner,Female
8df32733b5b34823d207f9bc010f20dff82b43c3,expert,103a1dd4b68fb0c641ed2d5d1a407a34adf62b0f,1,12,without_ai,False,7532342,DEMO_7532342,AKIEC,AKIEC,True,1.0,local_therapy,True,0.7841973517282999,,,generalPractitioner,Female
8df32733b5b34823d207f9bc010f20dff82b43c3,expert,103a1dd4b68fb0c641ed2d5d1a407a34adf62b0f,1,12,with_ai,True,7532342,DEMO_7532342,AKIEC,AKIEC,True,1.0,local_therapy,True,0.7841973517282999,,,generalPractitioner,Female
8df32733b5b34823d207f9bc010f20dff82b43c3,expert,103a1dd4b68fb0c641ed2d5d1a407a34adf62b0f,1,13,without_ai,False,7598063,DEMO_7598063,MEL,MEL,True,1.0,monitor,True,0.7841973517282999,,,generalPractitioner,Female
8df32733b5b34823d207f9bc010f20dff82b43c3,expert,103a1dd4b68fb0c641ed2d5d1a407a34adf62b0f,1,13,with_ai,True,7598063,DEMO_7598063,MEL,MEL,True,1.0,biopsy,True,0.7841973517282999,,,generalPractitioner,Female
8df32733b5b34823d207f9bc010f20dff82b43c3,expert,103a1dd4b68fb0c641ed2d5d1a407a34adf62b0f,1,14,without_ai,False,1092133,DEMO_1092133,MEL,MEL,True,1.0,dismiss,True,0.7841973517282999,,,generalPractitioner,Female
8df32733b5b34823d207f9bc010f20dff82b43c3,expert,103a1dd4b68fb0c641ed2d5d1a407a34adf62b0f,1,14,with_ai,True,1092133,DEMO_1092133,MEL,MEL,True,1.0,biopsy,True,0.7841973517282999,,,generalPractitioner,Female
8df32733b5b34823d207f9bc010f20dff82b43c3,expert,103a1dd4b68fb0c641ed2d5d1a407a34adf62b0f,1,15,without_ai,False,2528407,DEMO_2528407,NV,NV,True,1.0,dismiss,True,0.7841973517282999,,,generalPractitioner,Female
8df32733b5b34823d207f9bc010f20dff82b43c3,expert,103a1dd4b68fb0c641ed2d5d1a407a34adf62b0f,1,15,with_ai,True,2528407,DEMO_2528407,NV,NV,True,1.0,dismiss,True,0.7841973517282999,,,generalPractitioner,Female
8df32733b5b34823d207f9bc010f20dff82b43c3,expert,c897720be157ec5285d4c71b0dab1e757bfcc99f,2,1,without_ai,False,3137798,DEMO_3137798,AKIEC,AKIEC,True,1.0,local_therapy,True,0.7841973517282999,,,generalPractitioner,Female
8df32733b5b34823d207f9bc010f20dff82b43c3,expert,c897720be157ec5285d4c71b0dab1e757bfcc99f,2,1,with_ai,True,3137798,DEMO_3137798,AKIEC,AKIEC,True,1.0,biopsy,True,0.7841973517282999,,,generalPractitioner,Female
8df32733b5b34823d207f9bc010f20dff82b43c3,expert,c897720be157ec5285d4c71b0dab1e757bfcc99f,2,2,without_ai,False,2089888,DEMO_2089888,AKIEC,INF,False,0.0,local_therapy,True,0.7841973517282999,,,generalPractitioner,Female
8df32733b5b34823d207f9bc010f20dff82b43c3,expert,c897720be157ec5285d4c71b0dab1e757bfcc99f,2,2,with_ai,True,2089888,DEMO_2089888,AKIEC,AKIEC,True,1.0,biopsy,True,0.7841973517282999,,,generalPractitioner,Female
8df32733b5b34823d207f9bc010f20dff82b43c3,expert,c897720be157ec5285d4c71b0dab1e757bfcc99f,2,3,without_ai,False,3780218,DEMO_3780218,BKL,BKL,True,1.0,monitor,True,0.7841973517282999,,,generalPractitioner,Female
8df32733b5b34823d207f9bc010f20dff82b43c3,expert,c897720be157ec5285d4c71b0dab1e757bfcc99f,2,3,with_ai,True,3780218,DEMO_3780218,BKL,OTHER_MALIGNANT,False,0.0,monitor,True,0.7841973517282999,,,generalPractitioner,Female
8df32733b5b34823d207f9bc010f20dff82b43c3,expert,c897720be157ec5285d4c71b0dab1e757bfcc99f,2,4,without_ai,False,5865671,DEMO_5865671,NV,OTHER_BENIGN,False,0.0,monitor,True,0.7841973517282999,,,generalPractitioner,Female
8df32733b5b34823d207f9bc010f20dff82b43c3,expert,c897720be157ec5285d4c71b0dab1e757bfcc99f,2,4,with_ai,True,5865671,DEMO_5865671,NV,AKIEC,False,0.0,biopsy,True,0.7841973517282999,,,generalPractitioner,Female
8df32733b5b34823d207f9bc010f20dff82b43c3,expert,c897720be157ec5285d4c71b0dab1e757bfcc99f,2,5,without_ai,False,8820014,DEMO_8820014,BCC,VASC,False,0.0,biopsy,True,0.7841973517282999,,,generalPractitioner,Female
8df32733b5b34823d207f9bc010f20dff82b43c3,expert,c897720be157ec5285d4c71b0dab1e757bfcc99f,2,5,with_ai,True,8820014,DEMO_8820014,BCC,BCC,True,1.0,biopsy,True,0.7841973517282999,,,generalPractitioner,Female
8df32733b5b34823d207f9bc010f20dff82b43c3,expert,c897720be157ec5285d4c71b0dab1e757bfcc99f,2,6,without_ai,False,5468918,DEMO_5468918,MEL,MEL,True,1.0,biopsy,True,0.7841973517282999,,,generalPractitioner,Female
8df32733b5b34823d207f9bc010f20dff82b43c3,expert,c897720be157ec5285d4c71b0dab1e757bfcc99f,2,6,with_ai,True,5468918,DEMO_5468918,MEL,INF,False,0.0,local_therapy,True,0.7841973517282999,,,generalPractitioner,Female
8df32733b5b34823d207f9bc010f20dff82b43c3,expert,c897720be157ec5285d4c71b0dab1e757bfcc99f,2,7,without_ai,False,683572,DEMO_0683572,OTHER_BENIGN,OTHER_BENIGN,True,1.0,monitor,True,0.7841973517282999,,,generalPractitioner,Female
8df32733b5b34823d207f9bc010f20dff82b43c3,expert,c897720be157ec5285d4c71b0dab1e757bfcc99f,2,7,with_ai,True,683572,DEMO_0683572,OTHER_BENIGN,OTHER_BENIGN,True,1.0,biopsy,True,0.7841973517282999,,,generalPractitioner,Female
8df32733b5b34823d207f9bc010f20dff82b43c3,expert,c897720be157ec5285d4c71b0dab1e757bfcc99f,2,8,without_ai,False,6557594,DEMO_6557594,NV,NV,True,1.0,dismiss,True,0.7841973517282999,,,generalPractitioner,Female
8df32733b5b34823d207f9bc010f20dff82b43c3,expert,c897720be157ec5285d4c71b0dab1e757bfcc99f,2,8,with_ai,True,6557594,DEMO_6557594,NV,NV,True,1.0,dismiss,True,0.7841973517282999,,,generalPractitioner,Female
8df32733b5b34823d207f9bc010f20dff82b43c3,expert,c897720be157ec5285d4c71b0dab1e757bfcc99f,2,9,without_ai,False,3716988,DEMO_3716988,BCC,OTHER_MALIGNANT,False,0.0,monitor,True,0.7841973517282999,,,generalPractitioner,Female
8df32733b5b34823d207f9bc010f20dff82b43c3,expert,c897720be157ec5285d4c71b0dab1e757bfcc99f,2,9,with_ai,True,3716988,DEMO_3716988,BCC,BCC,True,1.0,biopsy,True,0.7841973517282999,,,generalPractitioner,Female
8df32733b5b34823d207f9bc010f20dff82b43c3,expert,c897720be157ec5285d4c71b0dab1e757bfcc99f,2,10,without_ai,False,4950527,DEMO_4950527,BCC,BCC,True,1.0,biopsy,True,0.7841973517282999,,,generalPractitioner,Female
8df32733b5b34823d207f9bc010f20dff82b43c3,expert,c897720be157ec5285d4c71b0dab1e757bfcc99f,2,10,with_ai,True,4950527,DEMO_4950527,BCC,BCC,True,1.0,biopsy,True,0.7841973517282999,,,generalPractitioner,Female
8df32733b5b34823d207f9bc010f20dff82b43c3,expert,c897720be157ec5285d4c71b0dab1e757bfcc99f,2,11,without_ai,False,3018861,DEMO_3018861,NV,NV,True,1.0,dismiss,True,0.7841973517282999,,,generalPractitioner,Female
8df32733b5b34823d207f9bc010f20dff82b43c3,expert,c897720be157ec5285d4c71b0dab1e757bfcc99f,2,11,with_ai,True,3018861,DEMO_3018861,NV,NV,True,1.0,dismiss,True,0.7841973517282999,,,generalPractitioner,Female
8df32733b5b34823d207f9bc010f20dff82b43c3,expert,c897720be157ec5285d4c71b0dab1e757bfcc99f,2,12,without_ai,False,4609074,DEMO_4609074,VASC,VASC,True,1.0,dismiss,True,0.7841973517282999,,,generalPractitioner,Female
8df32733b5b34823d207f9bc010f20dff82b43c3,expert,c897720be157ec5285d4c71b0dab1e757bfcc99f,2,12,with_ai,True,4609074,DEMO_4609074,VASC,VASC,True,1.0,dismiss,True,0.7841973517282999,,,generalPractitioner,Female
8df32733b5b34823d207f9bc010f20dff82b43c3,expert,c897720be157ec5285d4c71b0dab1e757bfcc99f,2,13,without_ai,False,5859068,DEMO_5859068,NV,BKL,False,0.0,monitor,True,0.7841973517282999,,,generalPractitioner,Female
8df32733b5b34823d207f9bc010f20dff82b43c3,expert,c897720be157ec5285d4c71b0dab1e757bfcc99f,2,13,with_ai,True,5859068,DEMO_5859068,NV,NV,True,1.0,biopsy,True,0.7841973517282999,,,generalPractitioner,Female
8df32733b5b34823d207f9bc010f20dff82b43c3,expert,c897720be157ec5285d4c71b0dab1e757bfcc99f,2,14,without_ai,False,6371583,DEMO_6371583,MEL,MEL,True,1.0,local_therapy,True,0.7841973517282999,,,generalPractitioner,Female
8df32733b5b34823d207f9bc010f20dff82b43c3,expert,c897720be157ec5285d4c71b0dab1e757bfcc99f,2,14,with_ai,True,6371583,DEMO_6371583,MEL,MEL,True,1.0,dismiss,True,0.7841973517282999,,,generalPractitioner,Female
8df32733b5b34823d207f9bc010f20dff82b43c3,expert,c897720be157ec5285d4c71b0dab1e757bfcc99f,2,15,without_ai,False,1060970,DEMO_1060970,NV,NV,True,1.0,monitor,True,0.7841973517282999,,,generalPractitioner,Female
8df32733b5b34823d207f9bc010f20dff82b43c3,expert,c897720be157ec5285d4c71b0dab1e757bfcc99f,2,15,with_ai,True,1060970,DEMO_1060970,NV,NV,True,1.0,dismiss,True,0.7841973517282999,,,generalPractitioner,Female
8df32733b5b34823d207f9bc010f20dff82b43c3,expert,feff6e6441eff8e9e8f6e4e87528d881a042b78e,4,1,without_ai,False,5268125,DEMO_5268125,NV,NV,True,1.0,monitor,True,0.7841973517282999,,,generalPractitioner,Female
8df32733b5b34823d207f9bc010f20dff82b43c3,expert,feff6e6441eff8e9e8f6e4e87528d881a042b78e,4,1,with_ai,True,5268125,DEMO_5268125,NV,NV,True,1.0,local_therapy,True,0.7841973517282999,,,generalPractitioner,Female
8df32733b5b34823d207f9bc010f20dff82b43c3,expert,feff6e6441eff8e9e8f6e4e87528d881a042b78e,4,2,without_ai,False,164674,DEMO_0164674,NV,NV,True,1.0,monitor,True,0.7841973517282999,,,generalPractitioner,Female
8df32733b5b34823d207f9bc010f20dff82b43c3,expert,feff6e6441eff8e9e8f6e4e87528d881a042b78e,4,2,with_ai,True,164674,DEMO_0164674,NV,NV,True,1.0,dismiss,True,0.7841973517282999,,,generalPractitioner,Female
8df32733b5b34823d207f9bc010f20dff82b43c3,expert,feff6e6441eff8e9e8f6e4e87528d881a042b78e,4,3,without_ai,False,9216901,DEMO_9216901,BKL,BKL,True,1.0,local_therapy,True,0.7841973517282999,,,generalPractitioner,Female
8df32733b5b34823d207f9bc010f20dff82b43c3,expert,feff6e6441eff8e9e8f6e4e87528d881a042b78e,4,3,with_ai,True,9216901,DEMO_9216901,BKL,BKL,True,1.0,biopsy,True,0.7841973517282999,,,generalPractitioner,Female
8df32733b5b34823d207f9bc010f20dff82b43c3,expert,feff6e6441eff8e9e8f6e4e87528d881a042b78e,4,4,without_ai,False,9169535,DEMO_9169535,AKIEC,SCCKA,False,0.0,biopsy,True,0.7841973517282999,,,generalPractitioner,Female
8df32733b5b34823d207f9bc010f20dff82b43c3,expert,feff6e6441eff8e9e8f6e4e87528d881a042b78e,4,4,with_ai,True,9169535,DEMO_9169535,AKIEC,AKIEC,True,1.0,biopsy,True,0.7841973517282999,,,generalPractitioner,Female
8df32733b5b34823d207f9bc010f20dff82b43c3,expert,feff6e6441eff8e9e8f6e4e87528d881a042b78e,4,5,without_ai,False,560689,DEMO_0560689,BCC,BCC,True,1.0,local_therapy,True,0.7841973517282999,,,generalPractitioner,Female
8df32733b5b34823d207f9bc010f20dff82b43c3,expert,feff6e6441eff8e9e8f6e4e87528d881a042b78e,4,5,with_ai,True,560689,DEMO_0560689,BCC,BCC,True,1.0,local_therapy,True,0.7841973517282999,,,generalPractitioner,Female
8df32733b5b34823d207f9bc010f20dff82b43c3,expert,feff6e6441eff8e9e8f6e4e87528d881a042b78e,4,6,without_ai,False,5135072,DEMO_5135072,NV,MEL,False,0.0,monitor,True,0.7841973517282999,,,generalPractitioner,Female
8df32733b5b34823d207f9bc010f20dff82b43c3,expert,feff6e6441eff8e9e8f6e4e87528d881a042b78e,4,6,with_ai,True,5135072,DEMO_5135072,NV,NV,True,1.0,monitor,True,0.7841973517282999,,,generalPractitioner,Female
8df32733b5b34823d207f9bc010f20dff82b43c3,expert,feff6e6441eff8e9e8f6e4e87528d881a042b78e,4,7,without_ai,False,5488285,DEMO_5488285,NV,NV,True,1.0,monitor,True,0.7841973517282999,,,generalPractitioner,Female
8df32733b5b34823d207f9bc010f20dff82b43c3,expert,feff6e6441eff8e9e8f6e4e87528d881a042b78e,4,7,with_ai,True,5488285,DEMO_5488285,NV,VASC,False,0.0,dismiss,True,0.7841973517282999,,,generalPractitioner,Female
8df32733b5b34823d207f9bc010f20dff82b43c3,expert,feff6e6441eff8e9e8f6e4e87528d881a042b78e,4,8,without_ai,False,3933403,DEMO_3933403,BCC,BCC,True,1.0,biopsy,True,0.7841973517282999,,,generalPractitioner,Female
8df32733b5b34823d207f9bc010f20dff82b43c3,expert,feff6e6441eff8e9e8f6e4e87528d881a042b78e,4,8,with_ai,True,3933403,DEMO_3933403,BCC,BCC,True,1.0,local_therapy,True,0.7841973517282999,,,generalPractitioner,Female
8df32733b5b34823d207f9bc010f20dff82b43c3,expert,feff6e6441eff8e9e8f6e4e87528d881a042b78e,4,9,without_ai,False,2493801,DEMO_2493801,BKL,BKL,True,1.0,dismiss,True,0.7841973517282999,,,generalPractitioner,Female
8df32733b5b34823d207f9bc010f20dff82b43c3,expert,feff6e6441eff8e9e8f6e4e87528d881a042b78e,4,9,with_ai,True,2493801,DEMO_2493801,BKL,BKL,True,1.0,dismiss,True,0.7841973517282999,,,generalPractitioner,Female
8df32733b5b34823d207f9bc010f20dff82b43c3,expert,feff6e6441eff8e9e8f6e4e87528d881a042b78e,4,10,without_ai,False,9968762,DEMO_9968762,BCC,BCC,True,1.0,biopsy,True,0.7841973517282999,,,generalPractitioner,Female
8df32733b5b34823d207f9bc010f20dff82b43c3,expert,feff6e6441eff8e9e8f6e4e87528d881a042b78e,4,10,with_ai,True,9968762,DEMO_9968762,BCC,AKIEC,False,0.0,monitor,True,0.7841973517282999,,,generalPractitioner,Female
8df32733b5b34823d207f9bc010f20dff82b43c3,expert,feff6e6441eff8e9e8f6e4e87528d881a042b78e,4,11,without_ai,False,3591996,DEMO_3591996,NV,NV,True,1.0,dismiss,True,0.7841973517282999,,,generalPractitioner,Female
8df32733b5b34823d207f9bc010f20dff82b43c3,expert,feff6e6441eff8e9e8f6e4e87528d881a042b78e,4,11,with_ai,True,3591996,DEMO_3591996,NV,NV,True,1.0,monitor,True,0.7841973517282999,,,generalPractitioner,Female
8df32733b5b34823d207f9bc010f20dff82b43c3,expert,feff6e6441eff8e9e8f6e4e87528d881a042b78e,4,12,without_ai,False,4382519,DEMO_4382519,SCCKA,SCCKA,True,1.0,local_therapy,True,0.7841973517282999,,,generalPractitioner,Female
8df32733b5b34823d207f9bc010f20dff82b43c3,expert,feff6e6441eff8e9e8f6e4e87528d881a042b78e,4,12,with_ai,True,4382519,DEMO_4382519,SCCKA,SCCKA,True,1.0,biopsy,True,0.7841973517282999,,,generalPractitioner,Female
8df32733b5b34823d207f9bc010f20dff82b43c3,expert,feff6e6441eff8e9e8f6e4e87528d881a042b78e,4,13,without_ai,False,3328484,DEMO_3328484,BCC,BCC,True,1.0,local_therapy,True,0.7841973517282999,,,generalPractitioner,Female
8df32733b5b34823d207f9bc010f20dff82b43c3,expert,feff6e6441eff8e9e8f6e4e87528d881a042b78e,4,13,with_ai,True,3328484,DEMO_3328484,BCC,BCC,True,1.0,local_therapy,True,0.7841973517282999,,,generalPractitioner,Female
8df32733b5b34823d207f9bc010f20dff82b43c3,expert,feff6e6441eff8e9e8f6e4e87528d881a042b78e,4,14,without_ai,False,8407717,DEMO_8407717,AKIEC,AKIEC,True,1.0,local_therapy,True,0.7841973517282999,,,generalPractitioner,Female
8df32733b5b34823d207f9bc010f20dff82b43c3,expert,feff6e6441eff8e9e8f6e4e87528d881a042b78e,4,14,with_ai,True,8407717,DEMO_8407717,AKIEC,AKIEC,True,1.0,local_therapy,True,0.7841973517282999,,,generalPractitioner,Female
8df32733b5b34823d207f9bc010f20dff82b43c3,expert,feff6e6441eff8e9e8f6e4e87528d881a042b78e,4,15,without_ai,False,4709672,DEMO_4709672,BKL,OTHER_BENIGN,False,0.0,monitor,True,0.7841973517282999,,,generalPractitioner,Female
8df32733b5b34823d207f9bc010f20dff82b43c3,expert,feff6e6441eff8e9e8f6e4e87528d881a042b78e,4,15,with_ai,True,4709672,DEMO_4709672,BKL,BKL,True,1.0,dismiss,True,0.7841973517282999,,,generalPractitioner,Female
1f53de5120eb68a341d5617f6b7fe7c58270dc94,expert,a7845f5f90f9fcb3871de269cfbfd5138d272da4,2,1,without_ai,False,3903030,DEMO_3903030,MEL,MEL,True,1.0,local_therapy,True,0.7448928172895233,,,dermatologyResident,Male
1f53de5120eb68a341d5617f6b7fe7c58270dc94,expert,a7845f5f90f9fcb3871de269cfbfd5138d272da4,2,1,with_ai,True,3903030,DEMO_3903030,MEL,MEL,True,1.0,monitor,True,0.7448928172895233,,,dermatologyResident,Male
1f53de5120eb68a341d5617f6b7fe7c58270dc94,expert,a7845f5f90f9fcb3871de269cfbfd5138d272da4,2,2,without_ai,False,4400062,DEMO_4400062,SCCKA,INF,False,0.0,biopsy,True,0.7448928172895233,,,dermatologyResident,Male
1f53de5120eb68a341d5617f6b7fe7c58270dc94,expert,a7845f5f90f9fcb3871de269cfbfd5138d272da4,2,2,with_ai,True,4400062,DEMO_4400062,SCCKA,SCCKA,True,1.0,local_therapy,True,0.7448928172895233,,,dermatologyResident,Male
1f53de5120eb68a341d5617f6b7fe7c58270dc94,expert,a7845f5f90f9fcb3871de269cfbfd5138d272da4,2,3,without_ai,False,4136296,DEMO_4136296,AKIEC,AKIEC,True,1.0,biopsy,True,0.7448928172895233,,,dermatologyResident,Male
1f53de5120eb68a341d5617f6b7fe7c58270dc94,expert,a7845f5f90f9fcb3871de269cfbfd5138d272da4,2,3,with_ai,True,4136296,DEMO_4136296,AKIEC,AKIEC,True,1.0,biopsy,True,0.7448928172895233,,,dermatologyResident,Male
1f53de5120eb68a341d5617f6b7fe7c58270dc94,expert,a7845f5f90f9fcb3871de269cfbfd5138d272da4,2,4,without_ai,False,6254229,DEMO_6254229,BCC,BCC,True,1.0,local_therapy,True,0.7448928172895233,,,dermatologyResident,Male
1f53de5120eb68a341d5617f6b7fe7c58270dc94,expert,a7845f5f90f9fcb3871de269cfbfd5138d272da4,2,4,with_ai,True,6254229,DEMO_6254229,BCC,BKL,False,0.0,biopsy,True,0.7448928172895233,,,dermatologyResident,Male
1f53de5120eb68a341d5617f6b7fe7c58270dc94,expert,a7845f5f90f9fcb3871de269cfbfd5138d272da4,2,5,without_ai,False,6334250,DEMO_6334250,VASC,VASC,True,1.0,dismiss,True,0.7448928172895233,,,dermatologyResident,Male
1f53de5120eb68a341d5617f6b7fe7c58270dc94,expert,a7845f5f90f9fcb3871de269cfbfd5138d272da4,2,5,with_ai,True,6334250,DEMO_6334250,VASC,VASC,True,1.0,monitor,True,0.7448928172895233,,,dermatologyResident,Male
1f53de5120eb68a341d5617f6b7fe7c58270dc94,expert,a7845f5f90f9fcb3871de269cfbfd5138d272da4,2,6,without_ai,False,6885173,DEMO_6885173,VASC,BCC,False,0.0,monitor,True,0.7448928172895233,,,dermatologyResident,Male
1f53de5120eb68a341d5617f6b7fe7c58270dc94,expert,a7845f5f90f9fcb3871de269cfbfd5138d272da4,2,6,with_ai,True,6885173,DEMO_6885173,VASC,VASC,True,1.0,local_therapy,True,0.7448928172895233,,,dermatologyResident,Male
1f53de5120eb68a341d5617f6b7fe7c58270dc94,expert,a7845f5f90f9fcb3871de269cfbfd5138d272da4,2,7,without_ai,False,5911050,DEMO_5911050,NV,NV,True,1.0,monitor,True,0.7448928172895233,,,dermatologyResident,Male
1f53de5120eb68a341d5617f6b7fe7c58270dc94,expert,a7845f5f90f9fcb3871de269cfbfd5138d272da4,2,7,with_ai,True,5911050,DEMO_5911050,NV,NV,True,1.0,dismiss,True,0.7448928172895233,,,dermatologyResident,Male
1f53de5120eb68a341d5617f6b7fe7c58270dc94,expert,a7845f5f90f9fcb3871de269cfbfd5138d272da4,2,8,without_ai,False,3771549,DEMO_3771549,MEL,MEL,True,1.0,local_therapy,True,0.7448928172895233,,,dermatologyResident,Male
1f53de5120eb68a341d5617f6b7fe7c58270dc94,expert,a7845f5f90f9fcb3871de269cfbfd5138d272da4,2,8,with_ai,True,3771549,DEMO_3771549,MEL,OTHER_MALIGNANT,False,0.0,local_therapy,True,0.7448928172895233,,,dermatologyResident,Male
1f53de5120eb68a341d5617f6b7fe7c58270dc94,expert,a7845f5f90f9fcb3871de269cfbfd5138d272da4,2,9,without_ai,False,9614025,DEMO_9614025,NV,NV,True,1.0,dismiss,True,0.7448928172895233,,,dermatologyResident,Male
1f53de5120eb68a341d5617f6b7fe7c58270dc94,expert,a7845f5f90f9fcb3871de269cfbfd5138d272da4,2,9,with_ai,True,9614025,DEMO_9614025,NV,NV,True,1.0,monitor,True,0.7448928172895233,,,dermatologyResident,Male
1f53de5120eb68a341d5617f6b7fe7c58270dc94,expert,a7845f5f90f9fcb3871de269cfbfd5138d272da4,2,10,without_ai,False,240794,DEMO_0240794,SCCKA,SCCKA,True,1.0,biopsy,True,0.7448928172895233,,,dermatologyResident,Male
1f53de5120eb68a341d5617f6b7fe7c58270dc94,expert,a7845f5f90f9fcb3871de269cfbfd5138d272da4,2,10,with_ai,True,240794,DEMO_0240794,SCCKA,SCCKA,True,1.0,biopsy,True,0.7448928172895233,,,dermatologyResident,Male
1f53de5120eb68a341d5617f6b7fe7c58270dc94,expert,a7845f5f90f9fcb3871de269cfbfd5138d272da4,2,11,without_ai,False,7982525,DEMO_7982525,OTHER_BENIGN,OTHER_BENIGN,True,1.0,biopsy,True,0.7448928172895233,,,dermatologyResident,Male
1f53de5120eb68a341d5617f6b7fe7c58270dc94,expert,a7845f5f90f9fcb3871de269cfbfd5138d272da4,2,11,with_ai,True,7982525,DEMO_7982525,OTHER_BENIGN,OTHER_BENIGN,True,1.0,monitor,True,0.7448928172895233,,,dermatologyResident,Male
1f53de5120eb68a341d5617f6b7fe7c58270dc94,expert,a7845f5f90f9fcb3871de269cfbfd5138d272da4,2,12,without_ai,False,8313060,DEMO_8313060,MEL,MEL,True,1.0,biopsy,True,0.7448928172895233,,,dermatologyResident,Male
1f53de5120eb68a341d5617f6b7fe7c58270dc94,expert,a7845f5f90f9fcb3871de269cfbfd5138d272da4,2,12,with_ai,True,8313060,DEMO_8313060,MEL,MEL,True,1.0,biopsy,True,0.7448928172895233,,,dermatologyResident,Male
1f53de5120eb68a341d5617f6b7fe7c58270dc94,expert,a7845f5f90f9fcb3871de269cfbfd5138d272da4,2,13,without_ai,False,1745985,DEMO_1745985,AKIEC,AKIEC,True,1.0,dismiss,True,0.7448928172895233,,,dermatologyResident,Male
1f53de5120eb68a341d5617f6b7fe7c58270dc94,expert,a7845f5f90f9fcb3871de269cfbfd5138d272da4,2,13,with_ai,True,1745985,DEMO_1745985,AKIEC,AKIEC,True,1.0,local_therapy,True,0.7448928172895233,,,dermatologyResident,Male
1f53de5120eb68a341d5617f6b7fe7c58270dc94,expert,a7845f5f90f9fcb3871de269cfbfd5138d272da4,2,14,without_ai,False,1094904,DEMO_1094904,NV,NV,True,1.0,monitor,True,0.7448928172895233,,,dermatologyResident,Male
1f53de5120eb68a341d5617f6b7fe7c58270dc94,expert,a7845f5f90f9fcb3871de269cfbfd5138d272da4,2,14,with_ai,True,1094904,DEMO_1094904,NV,NV,True,1.0,monitor,True,0.7448928172895233,,,dermatologyResident,Male
1f53de5120eb68a341d5617f6b7fe7c58270dc94,expert,a7845f5f90f9fcb3871de269cfbfd5138d272da4,2,15,without_ai,False,6438674,DEMO_6438674,INF,INF,True,1.0,monitor,True,0.7448928172895233,,,dermatologyResident,Male
1f53de5120eb68a341d5617f6b7fe7c58270dc94,expert,a7845f5f90f9fcb3871de269cfbfd5138d272da4,2,15,with_ai,True,6438674,DEMO_6438674,INF,INF,True,1.0,monitor,True,0.7448928172895233,,,dermatologyResident,Male
1b4f38c7d32a0a1687cc5645b255204e900909ed,expert,4621086eee676cc643574e27425aa5d9c13662ee,1,1,without_ai,False,7131292,DEMO_7131292,BCC,BCC,True,1.0,biopsy,True,0.8408440873345907,,,generalPractitioner,Female
1b4f38c7d32a0a1687cc5645b255204e900909ed,expert,4621086eee676cc643574e27425aa5d9c13662ee,1,1,with_ai,True,7131292,DEMO_7131292,BCC,BCC,True,1.0,biopsy,True,0.8408440873345907,,,generalPractitioner,Female
1b4f38c7d32a0a1687cc5645b255204e900909ed,expert,4621086eee676cc643574e27425aa5d9c13662ee,1,2,without_ai,False,65387,DEMO_0065387,SCCKA,SCCKA,True,1.0,biopsy,True,0.8408440873345907,,,generalPractitioner,Female
1b4f38c7d32a0a1687cc5645b255204e900909ed,expert,4621086eee676cc643574e27425aa5d9c13662ee,1,2,with_ai,True,65387,DEMO_0065387,SCCKA,SCCKA,True,1.0,biopsy,True,0.8408440873345907,,,generalPractitioner,Female
1b4f38c7d32a0a1687cc5645b255204e900909ed,expert,4621086eee676cc643574e27425aa5d9c13662ee,1,3,without_ai,False,2158469,DEMO_2158469,NV,NV,True,1.0,biopsy,True,0.8408440873345907,,,generalPractitioner,Female
1b4f38c7d32a0a1687cc5645b255204e900909ed,expert,4621086eee676cc643574e27425aa5d9c13662ee,1,3,with_ai,True,2158469,DEMO_2158469,NV,NV,True,1.0,dismiss,True,0.8408440873345907,,,generalPractitioner,Female
1b4f38c7d32a0a1687cc5645b255204e900909ed,expert,4621086eee676cc643574e27425aa5d9c13662ee,1,4,without_ai,False,277944,DEMO_0277944,MEL,SCCKA,False,0.0,monitor,True,0.8408440873345907,,,generalPractitioner,Female
1b4f38c7d32a0a1687cc5645b255204e900909ed,expert,4621086eee676cc643574e27425aa5d9c13662ee,1,4,with_ai,True,277944,DEMO_0277944,MEL,MEL,True,1.0,local_therapy,True,0.8408440873345907,,,generalPractitioner,Female
1b4f38c7d32a0a1687cc5645b255204e900909ed,expert,4621086eee676cc643574e27425aa5d9c13662ee,1,5,without_ai,False,1658070,DEMO_1658070,BKL,OTHER_BENIGN,False,0.0,dismiss,True,0.8408440873345907,,,generalPractitioner,Female
1b4f38c7d32a0a1687cc5645b255204e900909ed,expert,4621086eee676cc643574e27425aa5d9c13662ee,1,5,with_ai,True,1658070,DEMO_1658070,BKL,BKL,True,1.0,dismiss,True,0.8408440873345907,,,generalPractitioner,Female
1b4f38c7d32a0a1687cc5645b255204e900909ed,expert,4621086eee676cc643574e27425aa5d9c13662ee,1,6,without_ai,False,192521,DEMO_0192521,BCC,MEL,False,0.0,local_therapy,True,0.8408440873345907,,,generalPractitioner,Female
1b4f38c7d32a0a1687cc5645b255204e900909ed,expert,4621086eee676cc643574e27425aa5d9c13662ee,1,6,with_ai,True,192521,DEMO_0192521,BCC,BCC,True,1.0,biopsy,True,0.8408440873345907,,,generalPractitioner,Female
1b4f38c7d32a0a1687cc5645b255204e900909ed,expert,4621086eee676cc643574e27425aa5d9c13662ee,1,7,without_ai,False,370263,DEMO_0370263,SCCKA,SCCKA,True,1.0,monitor,True,0.8408440873345907,,,generalPractitioner,Female
1b4f38c7d32a0a1687cc5645b255204e900909ed,expert,4621086eee676cc643574e27425aa5d9c13662ee,1,7,with_ai,True,370263,DEMO_0370263,SCCKA,SCCKA,True,1.0,local_therapy,True,0.8408440873345907,,,generalPractitioner,Female
1b4f38c7d32a0a1687cc5645b255204e900909ed,expert,4621086eee676cc643574e27425aa5d9c13662ee,1,8,without_ai,False,2414175,DEMO_2414175,MEL,MEL,True,1.0,local_therapy,True,0.8408440873345907,,,generalPractitioner,Female
1b4f38c7d32a0a1687cc5645b255204e900909ed,expert,4621086eee676cc643574e27425aa5d9c13662ee,1,8,with_ai,True,2414175,DEMO_2414175,MEL,MEL,True,1.0,biopsy,True,0.8408440873345907,,,generalPractitioner,Female
1b4f38c7d32a0a1687cc5645b255204e900909ed,expert,4621086eee676cc643574e27425aa5d9c13662ee,1,9,without_ai,False,6748531,DEMO_6748531,DF,DF,True,1.0,monitor,True,0.8408440873345907,,,generalPractitioner,Female
1b4f38c7d32a0a1687cc5645b255204e900909ed,expert,4621086eee676cc643574e27425aa5d9c13662ee,1,9,with_ai,True,6748531,DEMO_6748531,DF,INF,False,0.0,dismiss,True,0.8408440873345907,,,generalPractitioner,Female
1b4f38c7d32a0a1687cc5645b255204e900909ed,expert,4621086eee676cc643574e27425aa5d9c13662ee,1,10,without_ai,False,951602,DEMO_0951602,MEL,MEL,True,1.0,biopsy,True,0.8408440873345907,,,generalPractitioner,Female
1b4f38c7d32a0a1687cc5645b255204e900909ed,expert,4621086eee676cc643574e27425aa5d9c13662ee,1,10,with_ai,True,951602,DEMO_0951602,MEL,MEL,True,1.0,biopsy,True,0.8408440873345907,,,generalPractitioner,Female
1b4f38c7d32a0a1687cc5645b255204e900909ed,expert,4621086eee676cc643574e27425aa5d9c13662ee,1,11,without_ai,False,8682487,DEMO_8682487,BKL,BKL,True,1.0,biopsy,True,0.8408440873345907,,,generalPractitioner,Female
1b4f38c7d32a0a1687cc5645b255204e900909ed,expert,4621086eee676cc643574e27425aa5d9c13662ee,1,11,with_ai,True,8682487,DEMO_8682487,BKL,BKL,True,1.0,dismiss,True,0.8408440873345907,,,generalPractitioner,Female
1b4f38c7d32a0a1687cc5645b255204e900909ed,expert,4621086eee676cc643574e27425aa5d9c13662ee,1,12,without_ai,False,441701,DEMO_0441701,INF,INF,True,1.0,local_therapy,True,0.8408440873345907,,,generalPractitioner,Female
1b4f38c7d32a0a1687cc5645b255204e900909ed,expert,4621086eee676cc643574e27425aa5d9c13662ee,1,12,with_ai,True,441701,DEMO_0441701,INF,INF,True,1.0,local_therapy,True,0.8408440873345907,,,generalPractitioner,Female
1b4f38c7d32a0a1687cc5645b255204e900909ed,expert,4621086eee676cc643574e27425aa5d9c13662ee,1,13,without_ai,False,9835375,DEMO_9835375,BCC,BCC,True,1.0,biopsy,True,0.8408440873345907,,,generalPractitioner,Female
1b4f38c7d32a0a1687cc5645b255204e900909ed,expert,4621086eee676cc643574e27425aa5d9c13662ee,1,13,with_ai,True,9835375,DEMO_9835375,BCC,BCC,True,1.0,local_therapy,True,0.8408440873345907,,,generalPractitioner,Female
1b4f38c7d32a0a1687cc5645b255204e900909ed,expert,4621086eee676cc643574e27425aa5d9c13662ee,1,14,without_ai,False,9573147,DEMO_9573147,DF,DF,True,1.0,dismiss,True,0.8408440873345907,,,generalPractitioner,Female
1b4f38c7d32a0a1687cc5645b255204e900909ed,expert,4621086eee676cc643574e27425aa5d9c13662ee,1,14,with_ai,True,9573147,DEMO_9573147,DF,SCCKA,False,0.0,local_therapy,True,0.8408440873345907,,,generalPractitioner,Female
1b4f38c7d32a0a1687cc5645b255204e900909ed,expert,4621086eee676cc643574e27425aa5d9c13662ee,1,15,without_ai,False,5544929,DEMO_5544929,BKL,BKL,True,1.0,dismiss,True,0.8408440873345907,,,generalPractitioner,Female
1b4f38c7d32a0a1687cc5645b255204e900909ed,expert,4621086eee676cc643574e27425aa5d9c13662ee,1,15,with_ai,True,5544929,DEMO_5544929,BKL,BKL,True,1.0,monitor,True,0.8408440873345907,,,generalPractitioner,Female
1b4f38c7d32a0a1687cc5645b255204e900909ed,expert,bdd19144e665636f149bcef349ad611791beb4e4,2,1,without_ai,False,8307671,DEMO_8307671,BCC,BCC,True,1.0,biopsy,True,0.8408440873345907,,,generalPractitioner,Female
1b4f38c7d32a0a1687cc5645b255204e900909ed,expert,bdd19144e665636f149bcef349ad611791beb4e4,2,1,with_ai,True,8307671,DEMO_8307671,BCC,BCC,True,1.0,local_therapy,True,0.8408440873345907,,,generalPractitioner,Female
1b4f38c7d32a0a1687cc5645b255204e900909ed,expert,bdd19144e665636f149bcef349ad611791beb4e4,2,2,without_ai,False,7825649,DEMO_7825649,VASC,VASC,True,1.0,monitor,True,0.8408440873345907,,,generalPractitioner,Female
1b4f38c7d32a0a1687cc5645b255204e900909ed,expert,bdd19144e665636f149bcef349ad611791beb4e4,2,2,with_ai,True,7825649,DEMO_7825649,VASC,VASC,True,1.0,dismiss,True,0.8408440873345907,,,generalPractitioner,Female
1b4f38c7d32a0a1687cc5645b255204e900909ed,expert,bdd19144e665636f149bcef349ad611791beb4e4,2,3,without_ai,False,1054893,DEMO_1054893,NV,NV,True,1.0,biopsy,True,0.8408440873345907,,,generalPractitioner,Female
1b4f38c7d32a0a1687cc5645b255204e900909ed,expert,bdd19144e665636f149bcef349ad611791beb4e4,2,3,with_ai,True,1054893,DEMO_1054893,NV,NV,True,1.0,dismiss,True,0.8408440873345907,,,generalPractitioner,Female
1b4f38c7d32a0a1687cc5645b255204e900909ed,expert,bdd19144e665636f149bcef349ad611791beb4e4,2,4,without_ai,False,9818248,DEMO_9818248,INF,MEL,False,0.0,local_therapy,True,0.8408440873345907,,,generalPractitioner,Female
1b4f38c7d32a0a1687cc5645b255204e900909ed,expert,bdd19144e665636f149bcef349ad611791beb4e4,2,4,with_ai,True,9818248,DEMO_9818248,INF,INF,True,1.0,local_therapy,True,0.8408440873345907,,,generalPractitioner,Female
1b4f38c7d32a0a1687cc5645b255204e900909ed,expert,bdd19144e665636f149bcef349ad611791beb4e4,2,5,without_ai,False,9822457,DEMO_9822457,MEL,MEL,True,1.0,local_therapy,True,0.8408440873345907,,,generalPractitioner,Female
1b4f38c7d32a0a1687cc5645b255204e900909ed,expert,bdd19144e665636f149bcef349ad611791beb4e4,2,5,with_ai,True,9822457,DEMO_9822457,MEL,MEL,True,1.0,dismiss,True,0.8408440873345907,,,generalPractitioner,Female
1b4f38c7d32a0a1687cc5645b255204e900909ed,expert,bdd19144e665636f149bcef349ad611791beb4e4,2,6,without_ai,False,80727,DEMO_0080727,BKL,BKL,True,1.0,monitor,True,0.8408440873345907,,,generalPractitioner,Female
1b4f38c7d32a0a1687cc5645b255204e900909ed,expert,bdd19144e665636f149bcef349ad611791beb4e4,2,6,with_ai,True,80727,DEMO_0080727,BKL,DF,False,0.0,dismiss,True,0.8408440873345907,,,generalPractitioner,Female
1b4f38c7d32a0a1687cc5645b255204e900909ed,expert,bdd19144e665636f149bcef349ad611791beb4e4,2,7,without_ai,False,4008834,DEMO_4008834,BCC,BCC,True,1.0,monitor,True,0.8408440873345907,,,generalPractitioner,Female
1b4f38c7d32a0a1687cc5645b255204e900909ed,expert,bdd19144e665636f149bcef349ad611791beb4e4,2,7,with_ai,True,4008834,DEMO_4008834,BCC,BCC,True,1.0,local_therapy,True,0.8408440873345907,,,generalPractitioner,Female
1b4f38c7d32a0a1687cc5645b255204e900909ed,expert,bdd19144e665636f149bcef349ad611791beb4e4,2,8,without_ai,False,1141172,DEMO_1141172,AKIEC,AKIEC,True,1.0,biopsy,True,0.8408440873345907,,,generalPractitioner,Female
1b4f38c7d32a0a1687cc5645b255204e900909ed,expert,bdd19144e665636f149bcef349ad611791beb4e4,2,8,with_ai,True,1141172,DEMO_1141172,AKIEC,AKIEC,True,1.0,local_therapy,True,0.8408440873345907,,,generalPractitioner,Female
1b4f38c7d32a0a1687cc5645b255204e900909ed,expert,bdd19144e665636f149bcef349ad611791beb4e4,2,9,without_ai,False,6194701,DEMO_6194701,NV,NV,True,1.0,monitor,True,0.8408440873345907,,,generalPractitioner,Female
1b4f38c7d32a0a1687cc5645b255204e900909ed,expert,bdd19144e665636f149bcef349ad611791beb4e4,2,9,with_ai,True,6194701,DEMO_6194701,NV,NV,True,1.0,dismiss,True,0.8408440873345907,,,generalPractitioner,Female
1b4f38c7d32a0a1687cc5645b255204e900909ed,expert,bdd19144e665636f149bcef349ad611791beb4e4,2,10,without_ai,False,8860030,DEMO_8860030,SCCKA,SCCKA,True,1.0,biopsy,True,0.8408440873345907,,,generalPractitioner,Female
1b4f38c7d32a0a1687cc5645b255204e900909ed,expert,bdd19144e665636f149bcef349ad611791beb4e4,2,10,with_ai,True,8860030,DEMO_8860030,SCCKA,SCCKA,True,1.0,biopsy,True,0.8408440873345907,,,generalPractitioner,Female
1b4f38c7d32a0a1687cc5645b255204e900909ed,expert,bdd19144e665636f149bcef349ad611791beb4e4,2,11,without_ai,False,3752136,DEMO_3752136,BKL,BKL,True,1.0,monitor,True,0.8408440873345907,,,generalPractitioner,Female
1b4f38c7d32a0a1687cc5645b255204e900909ed,expert,bdd19144e665636f149bcef349ad611791beb4e4,2,11,with_ai,True,3752136,DEMO_3752136,BKL,OTHER_MALIGNANT,False,0.0,dismiss,True,0.8408440873345907,,,generalPractitioner,Female
1b4f38c7d32a0a1687cc5645b255204e900909ed,expert,bdd19144e665636f149bcef349ad611791beb4e4,2,12,without_ai,False,672933,DEMO_0672933,BCC,VASC,False,0.0,biopsy,True,0.8408440873345907,,,generalPractitioner,Female
1b4f38c7d32a0a1687cc5645b255204e900909ed,expert,bdd19144e665636f149bcef349ad611791beb4e4,2,12,with_ai,True,672933,DEMO_0672933,BCC,BCC,True,1.0,biopsy,True,0.8408440873345907,,,generalPractitioner,Female
1b4f38c7d32a0a1687cc5645b255204e900909ed,expert,bdd19144e665636f149bcef349ad611791beb4e4,2,13,without_ai,False,4271708,DEMO_4271708,SCCKA,SCCKA,True,1.0,biopsy,True,0.8408440873345907,,,generalPractitioner,Female
1b4f38c7d32a0a1687cc5645b255204e900909ed,expert,bdd19144e665636f149bcef349ad611791beb4e4,2,13,with_ai,True,4271708,DEMO_4271708,SCCKA,SCCKA,True,1.0,local_therapy,True,0.8408440873345907,,,generalPractitioner,Female
1b4f38c7d32a0a1687cc5645b255204e900909ed,expert,bdd19144e665636f149bcef349ad611791beb4e4,2,14,without_ai,False,2981008,DEMO_2981008,BKL,BKL,True,1.0,dismiss,True,0.8408440873345907,,,generalPractitioner,Female
1b4f38c7d32a0a1687cc5645b255204e900909ed,expert,bdd19144e665636f149bcef349ad611791beb4e4,2,14,with_ai,True,2981008,DEMO_2981008,BKL,BKL,True,1.0,monitor,True,0.8408440873345907,,,generalPractitioner,Female
1b4f38c7d32a0a1687cc5645b255204e900909ed,expert,bdd19144e665636f149bcef349ad611791beb4e4,2,15,without_ai,False,660474,DEMO_0660474,INF,INF,True,1.0,monitor,True,0.8408440873345907,,,generalPractitioner,Female
1b4f38c7d32a0a1687cc5645b255204e900909ed,expert,bdd19144e665636f149bcef349ad611791beb4e4,2,15,with_ai,True,660474,DEMO_0660474,INF,INF,True,1.0,monitor,True,0.8408440873345907,,,generalPractitioner,Female
1b4f38c7d32a0a1687cc5645b255204e900909ed,expert,f8c2466d4fbb7924834057169bb4c7821e3cd447,3,1,without_ai,False,6191264,DEMO_6191264,VASC,VASC,True,1.0,dismiss,True,0.8408440873345907,,,generalPractitioner,Female
1b4f38c7d32a0a1687cc5645b255204e900909ed,expert,f8c2466d4fbb7924834057169bb4c7821e3cd447,3,1,with_ai,True,6191264,DEMO_6191264,VASC,VASC,True,1.0,dismiss,True,0.8408440873345907,,,generalPractitioner,Female
1b4f38c7d32a0a1687cc5645b255204e900909ed,expert,f8c2466d4fbb7924834057169bb4c7821e3cd447,3,2,without_ai,False,9208371,DEMO_9208371,BCC,BCC,True,1.0,local_therapy,True,0.8408440873345907,,,generalPractitioner,Female
1b4f38c7d32a0a1687cc5645b255204e900909ed,expert,f8c2466d4fbb7924834057169bb4c7821e3cd447,3,2,with_ai,True,9208371,DEMO_9208371,BCC,BCC,True,1.0,biopsy,True,0.8408440873345907,,,generalPractitioner,Female
1b4f38c7d32a0a1687cc5645b255204e900909ed,expert,f8c2466d4fbb7924834057169bb4c7821e3cd447,3,3,without_ai,False,1022703,DEMO_1022703,BCC,BCC,True,1.0,biopsy,True,0.8408440873345907,,,generalPractitioner,Female
1b4f38c7d32a0a1687cc5645b255204e900909ed,expert,f8c2466d4fbb7924834057169bb4c7821e3cd447,3,3,with_ai,True,1022703,DEMO_1022703,BCC,BCC,True,1.0,biopsy,True,0.8408440873345907,,,generalPractitioner,Female
1b4f38c7d32a0a1687cc5645b255204e900909ed,expert,f8c2466d4fbb7924834057169bb4c7821e3cd447,3,4,without_ai,False,3519567,DEMO_3519567,NV,NV,True,1.0,biopsy,True,0.8408440873345907,,,generalPractitioner,Female
1b4f38c7d32a0a1687cc5645b255204e900909ed,expert,f8c2466d4fbb7924834057169bb4c7821e3cd447,3,4,with_ai,True,3519567,DEMO_3519567,NV,NV,True,1.0,dismiss,True,0.8408440873345907,,,generalPractitioner,Female
1b4f38c7d32a0a1687cc5645b255204e900909ed,expert,f8c2466d4fbb7924834057169bb4c7821e3cd447,3,5,without_ai,False,5963883,DEMO_5963883,MEL,MEL,True,1.0,local_therapy,True,0.8408440873345907,,,generalPractitioner,Female
1b4f38c7d32a0a1687cc5645b255204e900909ed,expert,f8c2466d4fbb7924834057169bb4c7821e3cd447,3,5,with_ai,True,5963883,DEMO_5963883,MEL,MEL,True,1.0,monitor,True,0.8408440873345907,,,generalPractitioner,Female
1b4f38c7d32a0a1687cc5645b255204e900909ed,expert,f8c2466d4fbb7924834057169bb4c7821e3cd447,3,6,without_ai,False,9179840,DEMO_9179840,DF,DF,True,1.0,dismiss,True,0.8408440873345907,,,generalPractitioner,Female
1b4f38c7d32a0a1687cc5645b255204e900909ed,expert,f8c2466d4fbb7924834057169bb4c7821e3cd447,3,6,with_ai,True,9179840,DEMO_9179840,DF,DF,True,1.0,monitor,True,0.8408440873345907,,,generalPractitioner,Female
1b4f38c7d32a0a1687cc5645b255204e900909ed,expert,f8c2466d4fbb7924834057169bb4c7821e3cd447,3,7,without_ai,False,2369556,DEMO_2369556,NV,NV,True,1.0,biopsy,True,0.8408440873345907,,,generalPractitioner,Female
1b4f38c7d32a0a1687cc5645b255204e900909ed,expert,f8c2466d4fbb7924834057169bb4c7821e3cd447,3,7,with_ai,True,2369556,DEMO_2369556,NV,NV,True,1.0,monitor,True,0.8408440873345907,,,generalPractitioner,Female
1b4f38c7d32a0a1687cc5645b255204e900909ed,expert,f8c2466d4fbb7924834057169bb4c7821e3cd447,3,8,without_ai,False,3494260,DEMO_3494260,BKL,OTHER_MALIGNANT,False,0.0,dismiss,True,0.8408440873345907,,,generalPractitioner,Female
1b4f38c7d32a0a1687cc5645b255204e900909ed,expert,f8c2466d4fbb7924834057169bb4c7821e3cd447,3,8,with_ai,True,3494260,DEMO_3494260,BKL,MEL,False,0.0,biopsy,True,0.8408440873345907,,,generalPractitioner,Female
1b4f38c7d32a0a1687cc5645b255204e900909ed,expert,f8c2466d4fbb7924834057169bb4c7821e3cd447,3,9,without_ai,False,6097266,DEMO_6097266,BKL,BKL,True,1.0,local_therapy,True,0.8408440873345907,,,generalPractitioner,Female
1b4f38c7d32a0a1687cc5645b255204e900909ed,expert,f8c2466d4fbb7924834057169bb4c7821e3cd447,3,9,with_ai,True,6097266,DEMO_6097266,BKL,BKL,True,1.0,dismiss,True,0.8408440873345907,,,generalPractitioner,Female
1b4f38c7d32a0a1687cc5645b255204e900909ed,expert,f8c2466d4fbb7924834057169bb4c7821e3cd447,3,10,without_ai,False,9839373,DEMO_9839373,MEL,MEL,True,1.0,monitor,True,0.8408440873345907,,,generalPractitioner,Female
1b4f38c7d32a0a1687cc5645b255204e900909ed,expert,f8c2466d4fbb7924834057169bb4c7821e3cd447,3,10,with_ai,True,9839373,DEMO_9839373,MEL,MEL,True,1.0,biopsy,True,0.8408440873345907,,,generalPractitioner,Female
1b4f38c7d32a0a1687cc5645b255204e900909ed,expert,f8c2466d4fbb7924834057169bb4c7821e3cd447,3,11,without_ai,False,103337,DEMO_0103337,MEL,MEL,True,1.0,biopsy,True,0.8408440873345907,,,generalPractitioner,Female
1b4f38c7d32a0a1687cc5645b255204e900909ed,expert,f8c2466d4fbb7924834057169bb4c7821e3cd447,3,11,with_ai,True,103337,DEMO_0103337,MEL,MEL,True,1.0,local_therapy,True,0.8408440873345907,,,generalPractitioner,Female
1b4f38c7d32a0a1687cc5645b255204e900909ed,expert,f8c2466d4fbb7924834057169bb4c7821e3cd447,3,12,without_ai,False,8530739,DEMO_8530739,NV,NV,True,1.0,monitor,True,0.8408440873345907,,,generalPractitioner,Female
1b4f38c7d32a0a1687cc5645b255204e900909ed,expert,f8c2466d4fbb7924834057169bb4c7821e3cd447,3,12,with_ai,True,8530739,DEMO_8530739,NV,NV,True,1.0,monitor,True,0.8408440873345907,,,generalPractitioner,Female
1b4f38c7d32a0a1687cc5645b255204e900909ed,expert,f8c2466d4fbb7924834057169bb4c7821e3cd447,3,13,without_ai,False,643544,DEMO_0643544,BCC,BCC,True,1.0,biopsy,True,0.8408440873345907,,,generalPractitioner,Female
1b4f38c7d32a0a1687cc5645b255204e900909ed,expert,f8c2466d4fbb7924834057169bb4c7821e3cd447,3,13,with_ai,True,643544,DEMO_0643544,BCC,BCC,True,1.0,biopsy,True,0.8408440873345907,,,generalPractitioner,Female
1b4f38c7d32a0a1687cc5645b255204e900909ed,expert,f8c2466d4fbb7924834057169bb4c7821e3cd447,3,14,without_ai,False,7039798,DEMO_7039798,BKL,BKL,True,1.0,monitor,True,0.8408440873345907,,,generalPractitioner,Female
1b4f38c7d32a0a1687cc5645b255204e900909ed,expert,f8c2466d4fbb7924834057169bb4c7821e3cd447,3,14,with_ai,True,7039798,DEMO_7039798,BKL,BKL,True,1.0,dismiss,True,0.8408440873345907,,,generalPractitioner,Female
1b4f38c7d32a0a1687cc5645b255204e900909ed,expert,f8c2466d4fbb7924834057169bb4c7821e3cd447,3,15,without_ai,False,7556559,DEMO_7556559,SCCKA,SCCKA,True,1.0,local_therapy,True,0.8408440873345907,,,generalPractitioner,Female
1b4f38c7d32a0a1687cc5645b255204e900909ed,expert,f8c2466d4fbb7924834057169bb4c7821e3cd447,3,15,with_ai,True,7556559,DEMO_7556559,SCCKA,SCCKA,True,1.0,monitor,True,0.8408440873345907,,,generalPractitioner,Female
4c5a22ca98cf7c6834bb3a768a1ffac447de4120,expert,c19dcf14c0c962ae0ff8a7803ac22649e71ac047,1,1,without_ai,False,8348796,DEMO_8348796,SCCKA,SCCKA,True,1.0,monitor,True,0.7127074443291047,,,boardCertifiedDermatologist,Male
4c5a22ca98cf7c6834bb3a768a1ffac447de4120,expert,c19dcf14c0c962ae0ff8a7803ac22649e71ac047,1,1,with_ai,True,8348796,DEMO_8348796,SCCKA,SCCKA,True,1.0,biopsy,True,0.7127074443291047,,,boardCertifiedDermatologist,Male
4c5a22ca98cf7c6834bb3a768a1ffac447de4120,expert,c19dcf14c0c962ae0ff8a7803ac22649e71ac047,1,2,without_ai,False,5775568,DEMO_5775568,BKL,BKL,True,1.0,biopsy,True,0.7127074443291047,,,boardCertifiedDermatologist,Male
4c5a22ca98cf7c6834bb3a768a1ffac447de4120,expert,c19dcf14c0c962ae0ff8a7803ac22649e71ac047,1,2,with_ai,True,5775568,DEMO_5775568,BKL,BKL,True,1.0,dismiss,True,0.7127074443291047,,,boardCertifiedDermatologist,Male
4c5a22ca98cf7c6834bb3a768a1ffac447de4120,expert,c19dcf14c0c962ae0ff8a7803ac22649e71ac047,1,3,without_ai,False,8361995,DEMO_8361995,BCC,MEL,False,0.0,local_therapy,True,0.7127074443291047,,,boardCertifiedDermatologist,Male
4c5a22ca98cf7c6834bb3a768a1ffac447de4120,expert,c19dcf14c0c962ae0ff8a7803ac22649e71ac047,1,3,with_ai,True,8361995,DEMO_8361995,BCC,BCC,True,1.0,biopsy,True,0.7127074443291047,,,boardCertifiedDermatologist,Male
4c5a22ca98cf7c6834bb3a768a1ffac447de4120,expert,c19dcf14c0c962ae0ff8a7803ac22649e71ac047,1,4,without_ai,False,965158,DEMO_0965158,BKL,BKL,True,1.0,dismiss,True,0.7127074443291047,,,boardCertifiedDermatologist,Male
4c5a22ca98cf7c6834bb3a768a1ffac447de4120,expert,c19dcf14c0c962ae0ff8a7803ac22649e71ac047,1,4,with_ai,True,965158,DEMO_0965158,BKL,BKL,True,1.0,dismiss,True,0.7127074443291047,,,boardCertifiedDermatologist,Male
4c5a22ca98cf7c6834bb3a768a1ffac447de4120,expert,c19dcf14c0c962ae0ff8a7803ac22649e71ac047,1,5,without_ai,False,6093712,DEMO_6093712,BKL,BKL,True,1.0,biopsy,True,0.7127074443291047,,,boardCertifiedDermatologist,Male
4c5a22ca98cf7c6834bb3a768a1ffac447de4120,expert,c19dcf14c0c962ae0ff8a7803ac22649e71ac047,1,5,with_ai,True,6093712,DEMO_6093712,BKL,BKL,True,1.0,monitor,True,0.7127074443291047,,,boardCertifiedDermatologist,Male
4c5a22ca98cf7c6834bb3a768a1ffac447de4120,expert,c19dcf14c0c962ae0ff8a7803ac22649e71ac047,1,6,without_ai,False,9793660,DEMO_9793660,DF,DF,True,1.0,dismiss,True,0.7127074443291047,,,boardCertifiedDermatologist,Male
4c5a22ca98cf7c6834bb3a768a1ffac447de4120,expert,c19dcf14c0c962ae0ff8a7803ac22649e71ac047,1,6,with_ai,True,9793660,DEMO_9793660,DF,INF,False,0.0,monitor,True,0.7127074443291047,,,boardCertifiedDermatologist,Male
4c5a22ca98cf7c6834bb3a768a1ffac447de4120,expert,c19dcf14c0c962ae0ff8a7803ac22649e71ac047,1,7,without_ai,False,4893399,DEMO_4893399,MEL,SCCKA,False,0.0,dismiss,True,0.7127074443291047,,,boardCertifiedDermatologist,Male
4c5a22ca98cf7c6834bb3a768a1ffac447de4120,expert,c19dcf14c0c962ae0ff8a7803ac22649e71ac047,1,7,with_ai,True,4893399,DEMO_4893399,MEL,MEL,True,1.0,biopsy,True,0.7127074443291047,,,boardCertifiedDermatologist,Male
4c5a22ca98cf7c6834bb3a768a1ffac447de4120,expert,c19dcf14c0c962ae0ff8a7803ac22649e71ac047,1,8,without_ai,False,3284056,DEMO_3284056,BCC,BCC,True,1.0,biopsy,True,0.7127074443291047,,,boardCertifiedDermatologist,Male
4c5a22ca98cf7c6834bb3a768a1ffac447de4120,expert,c19dcf14c0c962ae0ff8a7803ac22649e71ac047,1,8,with_ai,True,3284056,DEMO_3284056,BCC,BCC,True,1.0,monitor,True,0.7127074443291047,,,boardCertifiedDermatologist,Male
4c5a22ca98cf7c6834bb3a768a1ffac447de4120,expert,c19dcf14c0c962ae0ff8a7803ac22649e71ac047,1,9,without_ai,False,3772082,DEMO_3772082,MEL,MEL,True,1.0,biopsy,True,0.7127074443291047,,,boardCertifiedDermatologist,Male
4c5a22ca98cf7c6834bb3a768a1ffac447de4120,expert,c19dcf14c0c962ae0ff8a7803ac22649e71ac047,1,9,with_ai,True,3772082,DEMO_3772082,MEL,MEL,True,1.0,local_therapy,True,0.7127074443291047,,,boardCertifiedDermatologist,Male
4c5a22ca98cf7c6834bb3a768a1ffac447de4120,expert,c19dcf14c0c962ae0ff8a7803ac22649e71ac047,1,10,without_ai,False,5905294,DEMO_5905294,NV,OTHER_MALIGNANT,False,0.0,monitor,True,0.7127074443291047,,,boardCertifiedDermatologist,Male
4c5a22ca98cf7c6834bb3a768a1ffac447de4120,expert,c19dcf14c0c962ae0ff8a7803ac22649e71ac047,1,10,with_ai,True,5905294,DEMO_5905294,NV,NV,True,1.0,monitor,True,0.7127074443291047,,,boardCertifiedDermatologist,Male
4c5a22ca98cf7c6834bb3a768a1ffac447de4120,expert,c19dcf14c0c962ae0ff8a7803ac22649e71ac047,1,11,without_ai,False,6455078,DEMO_6455078,BKL,BKL,True,1.0,monitor,True,0.7127074443291047,,,boardCertifiedDermatologist,Male
4c5a22ca98cf7c6834bb3a768a1ffac447de4120,expert,c19dcf14c0c962ae0ff8a7803ac22649e71ac047,1,11,with_ai,True,6455078,DEMO_6455078,BKL,BKL,True,1.0,monitor,True,0.7127074443291047,,,boardCertifiedDermatologist,Male
4c5a22ca98cf7c6834bb3a768a1ffac447de4120,expert,c19dcf14c0c962ae0ff8a7803ac22649e71ac047,1,12,without_ai,False,201014,DEMO_0201014,DF,DF,True,1.0,monitor,True,0.7127074443291047,,,boardCertifiedDermatologist,Male
4c5a22ca98cf7c6834bb3a768a1ffac447de4120,expert,c19dcf14c0c962ae0ff8a7803ac22649e71ac047,1,12,with_ai,True,201014,DEMO_0201014,DF,DF,True,1.0,dismiss,True,0.7127074443291047,,,boardCertifiedDermatologist,Male
4c5a22ca98cf7c6834bb3a768a1ffac447de4120,expert,c19dcf14c0c962ae0ff8a7803ac22649e71ac047,1,13,without_ai,False,4539898,DEMO_4539898,NV,NV,True,1.0,dismiss,True,0.7127074443291047,,,boardCertifiedDermatologist,Male
4c5a22ca98cf7c6834bb3a768a1ffac447de4120,expert,c19dcf14c0c962ae0ff8a7803ac22649e71ac047,1,13,with_ai,True,4539898,DEMO_4539898,NV,NV,True,1.0,dismiss,True,0.7127074443291047,,,boardCertifiedDermatologist,Male
4c5a22ca98cf7c6834bb3a768a1ffac447de4120,expert,c19dcf14c0c962ae0ff8a7803ac22649e71ac047,1,14,without_ai,False,5073495,DEMO_5073495,VASC,VASC,True,1.0,local_therapy,True,0.7127074443291047,,,boardCertifiedDermatologist,Male
4c5a22ca98cf7c6834bb3a768a1ffac447de4120,expert,c19dcf14c0c962ae0ff8a7803ac22649e71ac047,1,14,with_ai,True,5073495,DEMO_5073495,VASC,VASC,True,1.0,monitor,True,0.7127074443291047,,,boardCertifiedDermatologist,Male
4c5a22ca98cf7c6834bb3a768a1ffac447de4120,expert,c19dcf14c0c962ae0ff8a7803ac22649e71ac047,1,15,without_ai,False,405020,DEMO_0405020,BCC,BCC,True,1.0,monitor,True,0.7127074443291047,,,boardCertifiedDermatologist,Male
4c5a22ca98cf7c6834bb3a768a1ffac447de4120,expert,c19dcf14c0c962ae0ff8a7803ac22649e71ac047,1,15,with_ai,True,405020,DEMO_0405020,BCC,BCC,True,1.0,biopsy,True,0.7127074443291047,,,boardCertifiedDermatologist,Male
fbadc057752e015c94c11438212589421d6b05f5,expert,36417c585b31232c9b92df6ebfe44cfadd6e4f63,1,1,without_ai,False,1458491,DEMO_1458491,AKIEC,DF,False,0.0,biopsy,True,0.8563479855561038,,,boardCertifiedDermatologist,Female
fbadc057752e015c94c11438212589421d6b05f5,expert,36417c585b31232c9b92df6ebfe44cfadd6e4f63,1,1,with_ai,True,1458491,DEMO_1458491,AKIEC,AKIEC,True,1.0,local_therapy,True,0.8563479855561038,,,boardCertifiedDermatologist,Female
fbadc057752e015c94c11438212589421d6b05f5,expert,36417c585b31232c9b92df6ebfe44cfadd6e4f63,1,2,without_ai,False,5432906,DEMO_5432906,BKL,BKL,True,1.0,monitor,True,0.8563479855561038,,,boardCertifiedDermatologist,Female
fbadc057752e015c94c11438212589421d6b05f5,expert,36417c585b31232c9b92df6ebfe44cfadd6e4f63,1,2,with_ai,True,5432906,DEMO_5432906,BKL,BKL,True,1.0,monitor,True,0.8563479855561038,,,boardCertifiedDermatologist,Female
fbadc057752e015c94c11438212589421d6b05f5,expert,36417c585b31232c9b92df6ebfe44cfadd6e4f63,1,3,without_ai,False,7123136,DEMO_7123136,NV,NV,True,1.0,monitor,True,0.8563479855561038,,,boardCertifiedDermatologist,Female
fbadc057752e015c94c11438212589421d6b05f5,expert,36417c585b31232c9b92df6ebfe44cfadd6e4f63,1,3,with_ai,True,7123136,DEMO_7123136,NV,NV,True,1.0,monitor,True,0.8563479855561038,,,boardCertifiedDermatologist,Female
fbadc057752e015c94c11438212589421d6b05f5,expert,36417c585b31232c9b92df6ebfe44cfadd6e4f63,1,4,without_ai,False,8696145,DEMO_8696145,VASC,VASC,True,1.0,dismiss,True,0.8563479855561038,,,boardCertifiedDermatologist,Female
fbadc057752e015c94c11438212589421d6b05f5,expert,36417c585b31232c9b92df6ebfe44cfadd6e4f63,1,4,with_ai,True,8696145,DEMO_8696145,VASC,VASC,True,1.0,dismiss,True,0.8563479855561038,,,boardCertifiedDermatologist,Female
fbadc057752e015c94c11438212589421d6b05f5,expert,36417c585b31232c9b92df6ebfe44cfadd6e4f63,1,5,without_ai,False,8219899,DEMO_8219899,AKIEC,AKIEC,True,1.0,biopsy,True,0.8563479855561038,,,boardCertifiedDermatologist,Female
fbadc057752e015c94c11438212589421d6b05f5,expert,36417c585b31232c9b92df6ebfe44cfadd6e4f63,1,5,with_ai,True,8219899,DEMO_8219899,AKIEC,NV,False,0.0,biopsy,True,0.8563479855561038,,,boardCertifiedDermatologist,Female
fbadc057752e015c94c11438212589421d6b05f5,expert,36417c585b31232c9b92df6ebfe44cfadd6e4f63,1,6,without_ai,False,1031745,DEMO_1031745,INF,INF,True,1.0,local_therapy,True,0.8563479855561038,,,boardCertifiedDermatologist,Female
fbadc057752e015c94c11438212589421d6b05f5,expert,36417c585b31232c9b92df6ebfe44cfadd6e4f63,1,6,with_ai,True,1031745,DEMO_1031745,INF,INF,True,1.0,local_therapy,True,0.8563479855561038,,,boardCertifiedDermatologist,Female
fbadc057752e015c94c11438212589421d6b05f5,expert,36417c585b31232c9b92df6ebfe44cfadd6e4f63,1,7,without_ai,False,757541,DEMO_0757541,VASC,OTHER_BENIGN,False,0.0,monitor,True,0.8563479855561038,,,boardCertifiedDermatologist,Female
fbadc057752e015c94c11438212589421d6b05f5,expert,36417c585b31232c9b92df6ebfe44cfadd6e4f63,1,7,with_ai,True,757541,DEMO_0757541,VASC,VASC,True,1.0,monitor,True,0.8563479855561038,,,boardCertifiedDermatologist,Female
fbadc057752e015c94c11438212589421d6b05f5,expert,36417c585b31232c9b92df6ebfe44cfadd6e4f63,1,8,without_ai,False,4984863,DEMO_4984863,BKL,MEL,False,0.0,biopsy,True,0.8563479855561038,,,boardCertifiedDermatologist,Female
fbadc057752e015c94c11438212589421d6b05f5,expert,36417c585b31232c9b92df6ebfe44cfadd6e4f63,1,8,with_ai,True,4984863,DEMO_4984863,BKL,BKL,True,1.0,dismiss,True,0.8563479855561038,,,boardCertifiedDermatologist,Female
fbadc057752e015c94c11438212589421d6b05f5,expert,36417c585b31232c9b92df6ebfe44cfadd6e4f63,1,9,without_ai,False,3735521,DEMO_3735521,NV,NV,True,1.0,monitor,True,0.8563479855561038,,,boardCertifiedDermatologist,Female
fbadc057752e015c94c11438212589421d6b05f5,expert,36417c585b31232c9b92df6ebfe44cfadd6e4f63,1,9,with_ai,True,3735521,DEMO_3735521,NV,NV,True,1.0,local_therapy,True,0.8563479855561038,,,boardCertifiedDermatologist,Female
fbadc057752e015c94c11438212589421d6b05f5,expert,36417c585b31232c9b92df6ebfe44cfadd6e4f63,1,10,without_ai,False,69756,DEMO_0069756,DF,DF,True,1.0,monitor,True,0.8563479855561038,,,boardCertifiedDermatologist,Female
fbadc057752e015c94c11438212589421d6b05f5,expert,36417c585b31232c9b92df6ebfe44cfadd6e4f63,1,10,with_ai,True,69756,DEMO_0069756,DF,DF,True,1.0,dismiss,True,0.8563479855561038,,,boardCertifiedDermatologist,Female
fbadc057752e015c94c11438212589421d6b05f5,expert,36417c585b31232c9b92df6ebfe44cfadd6e4f63,1,11,without_ai,False,3395751,DEMO_3395751,NV,NV,True,1.0,dismiss,True,0.8563479855561038,,,boardCertifiedDermatologist,Female
fbadc057752e015c94c11438212589421d6b05f5,expert,36417c585b31232c9b92df6ebfe44cfadd6e4f63,1,11,with_ai,True,3395751,DEMO_3395751,NV,NV,True,1.0,dismiss,True,0.8563479855561038,,,boardCertifiedDermatologist,Female
fbadc057752e015c94c11438212589421d6b05f5,expert,36417c585b31232c9b92df6ebfe44cfadd6e4f63,1,12,without_ai,False,9815598,DEMO_9815598,DF,DF,True,1.0,monitor,True,0.8563479855561038,,,boardCertifiedDermatologist,Female
fbadc057752e015c94c11438212589421d6b05f5,expert,36417c585b31232c9b92df6ebfe44cfadd6e4f63,1,12,with_ai,True,9815598,DEMO_9815598,DF,DF,True,1.0,monitor,True,0.8563479855561038,,,boardCertifiedDermatologist,Female
fbadc057752e015c94c11438212589421d6b05f5,expert,36417c585b31232c9b92df6ebfe44cfadd6e4f63,1,13,without_ai,False,13144,DEMO_0013144,BCC,BCC,True,1.0,local_therapy,True,0.8563479855561038,,,boardCertifiedDermatologist,Female
fbadc057752e015c94c11438212589421d6b05f5,expert,36417c585b31232c9b92df6ebfe44cfadd6e4f63,1,13,with_ai,True,13144,DEMO_0013144,BCC,BCC,True,1.0,local_therapy,True,0.8563479855561038,,,boardCertifiedDermatologist,Female
fbadc057752e015c94c11438212589421d6b05f5,expert,36417c585b31232c9b92df6ebfe44cfadd6e4f63,1,14,without_ai,False,2934153,DEMO_2934153,BCC,DF,False,0.0,dismiss,True,0.8563479855561038,,,boardCertifiedDermatologist,Female
fbadc057752e015c94c11438212589421d6b05f5,expert,36417c585b31232c9b92df6ebfe44cfadd6e4f63,1,14,with_ai,True,2934153,DEMO_2934153,BCC,BCC,True,1.0,biopsy,True,0.8563479855561038,,,boardCertifiedDermatologist,Female
fbadc057752e015c94c11438212589421d6b05f5,expert,36417c585b31232c9b92df6ebfe44cfadd6e4f63,1,15,without_ai,False,4794682,DEMO_4794682,BCC,BCC,True,1.0,biopsy,True,0.8563479855561038,,,boardCertifiedDermatologist,Female
fbadc057752e015c94c11438212589421d6b05f5,expert,36417c585b31232c9b92df6ebfe44cfadd6e4f63,1,15,with_ai,True,4794682,DEMO_4794682,BCC,BCC,True,1.0,local_therapy,True,0.8563479855561038,,,boardCertifiedDermatologist,Female
e67b5310bf46cfea7534ad9aac2f8b21af31a43e,non-expert,cabe6729dc74f1f427d9aa6f881ee21d202959ec,1,1,without_ai,False,3519336,DEMO_3519336,BCC,BCC,True,1.0,local_therapy,True,0.6722375380539944,,,generalPractitioner,Female
e67b5310bf46cfea7534ad9aac2f8b21af31a43e,non-expert,cabe6729dc74f1f427d9aa6f881ee21d202959ec,1,1,with_ai,True,3519336,DEMO_3519336,BCC,OTHER_MALIGNANT,False,0.0,dismiss,True,0.6722375380539944,,,generalPractitioner,Female
e67b5310bf46cfea7534ad9aac2f8b21af31a43e,non-expert,cabe6729dc74f1f427d9aa6f881ee21d202959ec,1,2,without_ai,False,7751041,DEMO_7751041,AKIEC,DF,False,0.0,local_therapy,True,0.6722375380539944,,,generalPractitioner,Female
e67b5310bf46cfea7534ad9aac2f8b21af31a43e,non-expert,cabe6729dc74f1f427d9aa6f881ee21d202959ec,1,2,with_ai,True,7751041,DEMO_7751041,AKIEC,AKIEC,True,1.0,biopsy,True,0.6722375380539944,,,generalPractitioner,Female
e67b5310bf46cfea7534ad9aac2f8b21af31a43e,non-expert,cabe6729dc74f1f427d9aa6f881ee21d202959ec,1,3,without_ai,False,9545598,DEMO_9545598,INF,INF,True,1.0,local_therapy,True,0.6722375380539944,,,generalPractitioner,Female
e67b5310bf46cfea7534ad9aac2f8b21af31a43e,non-expert,cabe6729dc74f1f427d9aa6f881ee21d202959ec,1,3,with_ai,True,9545598,DEMO_9545598,INF,INF,True,1.0,dismiss,True,0.6722375380539944,,,generalPractitioner,Female
e67b5310bf46cfea7534ad9aac2f8b21af31a43e,non-expert,cabe6729dc74f1f427d9aa6f881ee21d202959ec,1,4,without_ai,False,43989,DEMO_0043989,BCC,DF,False,0.0,local_therapy,True,0.6722375380539944,,,generalPractitioner,Female
e67b5310bf46cfea7534ad9aac2f8b21af31a43e,non-expert,cabe6729dc74f1f427d9aa6f881ee21d202959ec,1,4,with_ai,True,43989,DEMO_0043989,BCC,BCC,True,1.0,biopsy,True,0.6722375380539944,,,generalPractitioner,Female
e67b5310bf46cfea7534ad9aac2f8b21af31a43e,non-expert,cabe6729dc74f1f427d9aa6f881ee21d202959ec,1,5,without_ai,False,6563005,DEMO_6563005,NV,NV,True,1.0,dismiss,True,0.6722375380539944,,,generalPractitioner,Female
e67b5310bf46cfea7534ad9aac2f8b21af31a43e,non-expert,cabe6729dc74f1f427d9aa6f881ee21d202959ec,1,5,with_ai,True,6563005,DEMO_6563005,NV,VASC,False,0.0,dismiss,True,0.6722375380539944,,,generalPractitioner,Female
e67b5310bf46cfea7534ad9aac2f8b21af31a43e,non-expert,cabe6729dc74f1f427d9aa6f881ee21d202959ec,1,6,without_ai,False,856682,DEMO_0856682,VASC,VASC,True,1.0,biopsy,True,0.6722375380539944,,,generalPractitioner,Female
e67b5310bf46cfea7534ad9aac2f8b21af31a43e,non-expert,cabe6729dc74f1f427d9aa6f881ee21d202959ec,1,6,with_ai,True,856682,DEMO_0856682,VASC,VASC,True,1.0,monitor,True,0.6722375380539944,,,generalPractitioner,Female
e67b5310bf46cfea7534ad9aac2f8b21af31a43e,non-expert,cabe6729dc74f1f427d9aa6f881ee21d202959ec,1,7,without_ai,False,9410431,DEMO_9410431,SCCKA,SCCKA,True,1.0,biopsy,True,0.6722375380539944,,,generalPractitioner,Female
e67b5310bf46cfea7534ad9aac2f8b21af31a43e,non-expert,cabe6729dc74f1f427d9aa6f881ee21d202959ec,1,7,with_ai,True,9410431,DEMO_9410431,SCCKA,SCCKA,True,1.0,biopsy,True,0.6722375380539944,,,generalPractitioner,Female
e67b5310bf46cfea7534ad9aac2f8b21af31a43e,non-expert,cabe6729dc74f1f427d9aa6f881ee21d202959ec,1,8,without_ai,False,2054714,DEMO_2054714,DF,INF,False,0.0,biopsy,True,0.6722375380539944,,,generalPractitioner,Female
e67b5310bf46cfea7534ad9aac2f8b21af31a43e,non-expert,cabe6729dc74f1f427d9aa6f881ee21d202959ec,1,8,with_ai,True,2054714,DEMO_2054714,DF,OTHER_BENIGN,False,0.0,biopsy,True,0.6722375380539944,,,generalPractitioner,Female
e67b5310bf46cfea7534ad9aac2f8b21af31a43e,non-expert,cabe6729dc74f1f427d9aa6f881ee21d202959ec,1,9,without_ai,False,1285864,DEMO_1285864,INF,OTHER_BENIGN,False,0.0,local_therapy,True,0.6722375380539944,,,generalPractitioner,Female
e67b5310bf46cfea7534ad9aac2f8b21af31a43e,non-expert,cabe6729dc74f1f427d9aa6f881ee21d202959ec,1,9,with_ai,True,1285864,DEMO_1285864,INF,BKL,False,0.0,biopsy,True,0.6722375380539944,,,generalPractitioner,Female
e67b5310bf46cfea7534ad9aac2f8b21af31a43e,non-expert,cabe6729dc74f1f427d9aa6f881ee21d202959ec,1,10,without_ai,False,4957762,DEMO_4957762,MEL,AKIEC,False,0.0,local_therapy,True,0.6722375380539944,,,generalPractitioner,Female
e67b5310bf46cfea7534ad9aac2f8b21af31a43e,non-expert,cabe6729dc74f1f427d9aa6f881ee21d202959ec,1,10,with_ai,True,4957762,DEMO_4957762,MEL,VASC,False,0.0,biopsy,True,0.6722375380539944,,,generalPractitioner,Female
e67b5310bf46cfea7534ad9aac2f8b21af31a43e,non-expert,cabe6729dc74f1f427d9aa6f881ee21d202959ec,1,11,without_ai,False,228372,DEMO_0228372,BKL,BKL,True,1.0,dismiss,True,0.6722375380539944,,,generalPractitioner,Female
e67b5310bf46cfea7534ad9aac2f8b21af31a43e,non-expert,cabe6729dc74f1f427d9aa6f881ee21d202959ec,1,11,with_ai,True,228372,DEMO_0228372,BKL,OTHER_MALIGNANT,False,0.0,biopsy,True,0.6722375380539944,,,generalPractitioner,Female
e67b5310bf46cfea7534ad9aac2f8b21af31a43e,non-expert,cabe6729dc74f1f427d9aa6f881ee21d202959ec,1,12,without_ai,False,9412014,DEMO_9412014,NV,NV,True,1.0,monitor,True,0.6722375380539944,,,generalPractitioner,Female
e67b5310bf46cfea7534ad9aac2f8b21af31a43e,non-expert,cabe6729dc74f1f427d9aa6f881ee21d202959ec,1,12,with_ai,True,9412014,DEMO_9412014,NV,NV,True,1.0,monitor,True,0.6722375380539944,,,generalPractitioner,Female
e67b5310bf46cfea7534ad9aac2f8b21af31a43e,non-expert,cabe6729dc74f1f427d9aa6f881ee21d202959ec,1,13,without_ai,False,681459,DEMO_0681459,NV,BCC,False,0.0,monitor,True,0.6722375380539944,,,generalPractitioner,Female
e67b5310bf46cfea7534ad9aac2f8b21af31a43e,non-expert,cabe6729dc74f1f427d9aa6f881ee21d202959ec,1,13,with_ai,True,681459,DEMO_0681459,NV,DF,False,0.0,biopsy,True,0.6722375380539944,,,generalPractitioner,Female
e67b5310bf46cfea7534ad9aac2f8b21af31a43e,non-expert,cabe6729dc74f1f427d9aa6f881ee21d202959ec,1,14,without_ai,False,7780648,DEMO_7780648,NV,NV,True,1.0,monitor,True,0.6722375380539944,,,generalPractitioner,Female
e67b5310bf46cfea7534ad9aac2f8b21af31a43e,non-expert,cabe6729dc74f1f427d9aa6f881ee21d202959ec,1,14,with_ai,True,7780648,DEMO_7780648,NV,MEL,False,0.0,local_therapy,True,0.6722375380539944,,,generalPractitioner,Female
e67b5310bf46cfea7534ad9aac2f8b21af31a43e,non-expert,cabe6729dc74f1f427d9aa6f881ee21d202959ec,1,15,without_ai,False,5051305,DEMO_5051305,MEL,MEL,True,1.0,biopsy,True,0.6722375380539944,,,generalPractitioner,Female
e67b5310bf46cfea7534ad9aac2f8b21af31a43e,non-expert,cabe6729dc74f1f427d9aa6f881ee21d202959ec,1,15,with_ai,True,5051305,DEMO_5051305,MEL,VASC,False,0.0,local_therapy,True,0.6722375380539944,,,generalPractitioner,Female
cedc3d27820e41e3a018ad3f9d3731e754a26f74,non-expert,c2d74600bf519f2f2e55b33bb996a726b90e377c,1,1,without_ai,False,9156268,DEMO_9156268,BCC,NV,False,0.0,monitor,True,0.1724972166704973,,,dermatologyResident,Male
cedc3d27820e41e3a018ad3f9d3731e754a26f74,non-expert,c2d74600bf519f2f2e55b33bb996a726b90e377c,1,1,with_ai,True,9156268,DEMO_9156268,BCC,BCC,True,1.0,biopsy,True,0.1724972166704973,,,dermatologyResident,Male
cedc3d27820e41e3a018ad3f9d3731e754a26f74,non-expert,c2d74600bf519f2f2e55b33bb996a726b90e377c,1,2,without_ai,False,1664161,DEMO_1664161,NV,SCCKA,False,0.0,dismiss,True,0.1724972166704973,,,dermatologyResident,Male
cedc3d27820e41e3a018ad3f9d3731e754a26f74,non-expert,c2d74600bf519f2f2e55b33bb996a726b90e377c,1,2,with_ai,True,1664161,DEMO_1664161,NV,DF,False,0.0,dismiss,True,0.1724972166704973,,,dermatologyResident,Male
cedc3d27820e41e3a018ad3f9d3731e754a26f74,non-expert,c2d74600bf519f2f2e55b33bb996a726b90e377c,1,3,without_ai,False,9513261,DEMO_9513261,NV,NV,True,1.0,monitor,True,0.1724972166704973,,,dermatologyResident,Male
cedc3d27820e41e3a018ad3f9d3731e754a26f74,non-expert,c2d74600bf519f2f2e55b33bb996a726b90e377c,1,3,with_ai,True,9513261,DEMO_9513261,NV,NV,True,1.0,monitor,True,0.1724972166704973,,,dermatologyResident,Male
cedc3d27820e41e3a018ad3f9d3731e754a26f74,non-expert,c2d74600bf519f2f2e55b33bb996a726b90e377c,1,4,without_ai,False,4141100,DEMO_4141100,AKIEC,OTHER_BENIGN,False,0.0,local_therapy,True,0.1724972166704973,,,dermatologyResident,Male
cedc3d27820e41e3a018ad3f9d3731e754a26f74,non-expert,c2d74600bf519f2f2e55b33bb996a726b90e377c,1,4,with_ai,True,4141100,DEMO_4141100,AKIEC,OTHER_BENIGN,False,0.0,dismiss,True,0.1724972166704973,,,dermatologyResident,Male
cedc3d27820e41e3a018ad3f9d3731e754a26f74,non-expert,c2d74600bf519f2f2e55b33bb996a726b90e377c,1,5,without_ai,False,6104895,DEMO_6104895,NV,VASC,False,0.0,dismiss,True,0.1724972166704973,,,dermatologyResident,Male
cedc3d27820e41e3a018ad3f9d3731e754a26f74,non-expert,c2d74600bf519f2f2e55b33bb996a726b90e377c,1,5,with_ai,True,6104895,DEMO_6104895,NV,AKIEC,False,0.0,biopsy,True,0.1724972166704973,,,dermatologyResident,Male
cedc3d27820e41e3a018ad3f9d3731e754a26f74,non-expert,c2d74600bf519f2f2e55b33bb996a726b90e377c,1,6,without_ai,False,3631719,DEMO_3631719,VASC,SCCKA,False,0.0,dismiss,True,0.1724972166704973,,,dermatologyResident,Male
cedc3d27820e41e3a018ad3f9d3731e754a26f74,non-expert,c2d74600bf519f2f2e55b33bb996a726b90e377c,1,6,with_ai,True,3631719,DEMO_3631719,VASC,NV,False,0.0,monitor,True,0.1724972166704973,,,dermatologyResident,Male
cedc3d27820e41e3a018ad3f9d3731e754a26f74,non-expert,c2d74600bf519f2f2e55b33bb996a726b90e377c,1,7,without_ai,False,8240825,DEMO_8240825,VASC,OTHER_MALIGNANT,False,0.0,monitor,True,0.1724972166704973,,,dermatologyResident,Male
cedc3d27820e41e3a018ad3f9d3731e754a26f74,non-expert,c2d74600bf519f2f2e55b33bb996a726b90e377c,1,7,with_ai,True,8240825,DEMO_8240825,VASC,VASC,True,1.0,monitor,True,0.1724972166704973,,,dermatologyResident,Male
cedc3d27820e41e3a018ad3f9d3731e754a26f74,non-expert,c2d74600bf519f2f2e55b33bb996a726b90e377c,1,8,without_ai,False,1498831,DEMO_1498831,NV,SCCKA,False,0.0,local_therapy,True,0.1724972166704973,,,dermatologyResident,Male
cedc3d27820e41e3a018ad3f9d3731e754a26f74,non-expert,c2d74600bf519f2f2e55b33bb996a726b90e377c,1,8,with_ai,True,1498831,DEMO_1498831,NV,DF,False,0.0,dismiss,True,0.1724972166704973,,,dermatologyResident,Male
cedc3d27820e41e3a018ad3f9d3731e754a26f74,non-expert,c2d74600bf519f2f2e55b33bb996a726b90e377c,1,9,without_ai,False,795003,DEMO_0795003,BKL,OTHER_BENIGN,False,0.0,dismiss,True,0.1724972166704973,,,dermatologyResident,Male
cedc3d27820e41e3a018ad3f9d3731e754a26f74,non-expert,c2d74600bf519f2f2e55b33bb996a726b90e377c,1,9,with_ai,True,795003,DEMO_0795003,BKL,BCC,False,0.0,monitor,True,0.1724972166704973,,,dermatologyResident,Male
cedc3d27820e41e3a018ad3f9d3731e754a26f74,non-expert,c2d74600bf519f2f2e55b33bb996a726b90e377c,1,10,without_ai,False,8439657,DEMO_8439657,MEL,BCC,False,0.0,local_therapy,True,0.1724972166704973,,,dermatologyResident,Male
cedc3d27820e41e3a018ad3f9d3731e754a26f74,non-expert,c2d74600bf519f2f2e55b33bb996a726b90e377c,1,10,with_ai,True,8439657,DEMO_8439657,MEL,NV,False,0.0,dismiss,True,0.1724972166704973,,,dermatologyResident,Male
cedc3d27820e41e3a018ad3f9d3731e754a26f74,non-expert,c2d74600bf519f2f2e55b33bb996a726b90e377c,1,11,without_ai,False,8763598,DEMO_8763598,AKIEC,MEL,False,0.0,dismiss,True,0.1724972166704973,,,dermatologyResident,Male
cedc3d27820e41e3a018ad3f9d3731e754a26f74,non-expert,c2d74600bf519f2f2e55b33bb996a726b90e377c,1,11,with_ai,True,8763598,DEMO_8763598,AKIEC,INF,False,0.0,dismiss,True,0.1724972166704973,,,dermatologyResident,Male
cedc3d27820e41e3a018ad3f9d3731e754a26f74,non-expert,c2d74600bf519f2f2e55b33bb996a726b90e377c,1,12,without_ai,False,6664500,DEMO_6664500,BKL,OTHER_MALIGNANT,False,0.0,monitor,True,0.1724972166704973,,,dermatologyResident,Male
cedc3d27820e41e3a018ad3f9d3731e754a26f74,non-expert,c2d74600bf519f2f2e55b33bb996a726b90e377c,1,12,with_ai,True,6664500,DEMO_6664500,BKL,AKIEC,False,0.0,monitor,True,0.1724972166704973,,,dermatologyResident,Male
cedc3d27820e41e3a018ad3f9d3731e754a26f74,non-expert,c2d74600bf519f2f2e55b33bb996a726b90e377c,1,13,without_ai,False,6751434,DEMO_6751434,BKL,INF,False,0.0,monitor,True,0.1724972166704973,,,dermatologyResident,Male
cedc3d27820e41e3a018ad3f9d3731e754a26f74,non-expert,c2d74600bf519f2f2e55b33bb996a726b90e377c,1,13,with_ai,True,6751434,DEMO_6751434,BKL,MEL,False,0.0,monitor,True,0.1724972166704973,,,dermatologyResident,Male
cedc3d27820e41e3a018ad3f9d3731e754a26f74,non-expert,c2d74600bf519f2f2e55b33bb996a726b90e377c,1,14,without_ai,False,716783,DEMO_0716783,NV,BCC,False,0.0,monitor,True,0.1724972166704973,,,dermatologyResident,Male
cedc3d27820e41e3a018ad3f9d3731e754a26f74,non-expert,c2d74600bf519f2f2e55b33bb996a726b90e377c,1,14,with_ai,True,716783,DEMO_0716783,NV,SCCKA,False,0.0,biopsy,True,0.1724972166704973,,,dermatologyResident,Male
cedc3d27820e41e3a018ad3f9d3731e754a26f74,non-expert,c2d74600bf519f2f2e55b33bb996a726b90e377c,1,15,without_ai,False,3624621,DEMO_3624621,AKIEC,AKIEC,True,1.0,biopsy,True,0.1724972166704973,,,dermatologyResident,Male
cedc3d27820e41e3a018ad3f9d3731e754a26f74,non-expert,c2d74600bf519f2f2e55b33bb996a726b90e377c,1,15,with_ai,True,3624621,DEMO_3624621,AKIEC,OTHER_MALIGNANT,False,0.0,local_therapy,True,0.1724972166704973,,,dermatologyResident,Male
cedc3d27820e41e3a018ad3f9d3731e754a26f74,non-expert,f2b5f6826f69d751c3f5fd77dd5cc505065e1522,2,1,without_ai,False,9851554,DEMO_9851554,MEL,VASC,False,0.0,monitor,True,0.1724972166704973,,,dermatologyResident,Male
cedc3d27820e41e3a018ad3f9d3731e754a26f74,non-expert,f2b5f6826f69d751c3f5fd77dd5cc505065e1522,2,1,with_ai,True,9851554,DEMO_9851554,MEL,MEL,True,1.0,biopsy,True,0.1724972166704973,,,dermatologyResident,Male
cedc3d27820e41e3a018ad3f9d3731e754a26f74,non-expert,f2b5f6826f69d751c3f5fd77dd5cc505065e1522,2,2,without_ai,False,6607180,DEMO_6607180,NV,BCC,False,0.0,biopsy,True,0.1724972166704973,,,dermatologyResident,Male
cedc3d27820e41e3a018ad3f9d3731e754a26f74,non-expert,f2b5f6826f69d751c3f5fd77dd5cc505065e1522,2,2,with_ai,True,6607180,DEMO_6607180,NV,MEL,False,0.0,dismiss,True,0.1724972166704973,,,dermatologyResident,Male
cedc3d27820e41e3a018ad3f9d3731e754a26f74,non-expert,f2b5f6826f69d751c3f5fd77dd5cc505065e1522,2,3,without_ai,False,5721381,DEMO_5721381,VASC,SCCKA,False,0.0,biopsy,True,0.1724972166704973,,,dermatologyResident,Male
cedc3d27820e41e3a018ad3f9d3731e754a26f74,non-expert,f2b5f6826f69d751c3f5fd77dd5cc505065e1522,2,3,with_ai,True,5721381,DEMO_5721381,VASC,MEL,False,0.0,dismiss,True,0.1724972166704973,,,dermatologyResident,Male
cedc3d27820e41e3a018ad3f9d3731e754a26f74,non-expert,f2b5f6826f69d751c3f5fd77dd5cc505065e1522,2,4,without_ai,False,4247587,DEMO_4247587,DF,SCCKA,False,0.0,monitor,True,0.1724972166704973,,,dermatologyResident,Male
cedc3d27820e41e3a018ad3f9d3731e754a26f74,non-expert,f2b5f6826f69d751c3f5fd77dd5cc505065e1522,2,4,with_ai,True,4247587,DEMO_4247587,DF,INF,False,0.0,biopsy,True,0.1724972166704973,,,dermatologyResident,Male
cedc3d27820e41e3a018ad3f9d3731e754a26f74,non-expert,f2b5f6826f69d751c3f5fd77dd5cc505065e1522,2,5,without_ai,False,7259027,DEMO_7259027,NV,VASC,False,0.0,dismiss,True,0.1724972166704973,,,dermatologyResident,Male
cedc3d27820e41e3a018ad3f9d3731e754a26f74,non-expert,f2b5f6826f69d751c3f5fd77dd5cc505065e1522,2,5,with_ai,True,7259027,DEMO_7259027,NV,BCC,False,0.0,monitor,True,0.1724972166704973,,,dermatologyResident,Male
cedc3d27820e41e3a018ad3f9d3731e754a26f74,non-expert,f2b5f6826f69d751c3f5fd77dd5cc505065e1522,2,6,without_ai,False,2611270,DEMO_2611270,SCCKA,MEL,False,0.0,biopsy,True,0.1724972166704973,,,dermatologyResident,Male
cedc3d27820e41e3a018ad3f9d3731e754a26f74,non-expert,f2b5f6826f69d751c3f5fd77dd5cc505065e1522,2,6,with_ai,True,2611270,DEMO_2611270,SCCKA,SCCKA,True,1.0,local_therapy,True,0.1724972166704973,,,dermatologyResident,Male
cedc3d27820e41e3a018ad3f9d3731e754a26f74,non-expert,f2b5f6826f69d751c3f5fd77dd5cc505065e1522,2,7,without_ai,False,4757198,DEMO_4757198,BKL,AKIEC,False,0.0,monitor,True,0.1724972166704973,,,dermatologyResident,Male
cedc3d27820e41e3a018ad3f9d3731e754a26f74,non-expert,f2b5f6826f69d751c3f5fd77dd5cc505065e1522,2,7,with_ai,True,4757198,DEMO_4757198,BKL,INF,False,0.0,monitor,True,0.1724972166704973,,,dermatologyResident,Male
cedc3d27820e41e3a018ad3f9d3731e754a26f74,non-expert,f2b5f6826f69d751c3f5fd77dd5cc505065e1522,2,8,without_ai,False,2715131,DEMO_2715131,BKL,VASC,False,0.0,monitor,True,0.1724972166704973,,,dermatologyResident,Male
cedc3d27820e41e3a018ad3f9d3731e754a26f74,non-expert,f2b5f6826f69d751c3f5fd77dd5cc505065e1522,2,8,with_ai,True,2715131,DEMO_2715131,BKL,OTHER_MALIGNANT,False,0.0,dismiss,True,0.1724972166704973,,,dermatologyResident,Male
cedc3d27820e41e3a018ad3f9d3731e754a26f74,non-expert,f2b5f6826f69d751c3f5fd77dd5cc505065e1522,2,9,without_ai,False,4740202,DEMO_4740202,SCCKA,BKL,False,0.0,local_therapy,True,0.1724972166704973,,,dermatologyResident,Male
cedc3d27820e41e3a018ad3f9d3731e754a26f74,non-expert,f2b5f6826f69d751c3f5fd77dd5cc505065e1522,2,9,with_ai,True,4740202,DEMO_4740202,SCCKA,OTHER_MALIGNANT,False,0.0,biopsy,True,0.1724972166704973,,,dermatologyResident,Male
cedc3d27820e41e3a018ad3f9d3731e754a26f74,non-expert,f2b5f6826f69d751c3f5fd77dd5cc505065e1522,2,10,without_ai,False,576476,DEMO_0576476,MEL,SCCKA,False,0.0,dismiss,True,0.1724972166704973,,,dermatologyResident,Male
cedc3d27820e41e3a018ad3f9d3731e754a26f74,non-expert,f2b5f6826f69d751c3f5fd77dd5cc505065e1522,2,10,with_ai,True,576476,DEMO_0576476,MEL,MEL,True,1.0,dismiss,True,0.1724972166704973,,,dermatologyResident,Male
cedc3d27820e41e3a018ad3f9d3731e754a26f74,non-expert,f2b5f6826f69d751c3f5fd77dd5cc505065e1522,2,11,without_ai,False,775992,DEMO_0775992,OTHER_BENIGN,MEL,False,0.0,dismiss,True,0.1724972166704973,,,dermatologyResident,Male
cedc3d27820e41e3a018ad3f9d3731e754a26f74,non-expert,f2b5f6826f69d751c3f5fd77dd5cc505065e1522,2,11,with_ai,True,775992,DEMO_0775992,OTHER_BENIGN,NV,False,0.0,biopsy,True,0.1724972166704973,,,dermatologyResident,Male
cedc3d27820e41e3a018ad3f9d3731e754a26f74,non-expert,f2b5f6826f69d751c3f5fd77dd5cc505065e1522,2,12,without_ai,False,6261788,DEMO_6261788,INF,OTHER_BENIGN,False,0.0,local_therapy,True,0.1724972166704973,,,dermatologyResident,Male
cedc3d27820e41e3a018ad3f9d3731e754a26f74,non-expert,f2b5f6826f69d751c3f5fd77dd5cc505065e1522,2,12,with_ai,True,6261788,DEMO_6261788,INF,DF,False,0.0,monitor,True,0.1724972166704973,,,dermatologyResident,Male
cedc3d27820e41e3a018ad3f9d3731e754a26f74,non-expert,f2b5f6826f69d751c3f5fd77dd5cc505065e1522,2,13,without_ai,False,3058827,DEMO_3058827,NV,VASC,False,0.0,dismiss,True,0.1724972166704973,,,dermatologyResident,Male
cedc3d27820e41e3a018ad3f9d3731e754a26f74,non-expert,f2b5f6826f69d751c3f5fd77dd5cc505065e1522,2,13,with_ai,True,3058827,DEMO_3058827,NV,INF,False,0.0,dismiss,True,0.1724972166704973,,,dermatologyResident,Male
cedc3d27820e41e3a018ad3f9d3731e754a26f74,non-expert,f2b5f6826f69d751c3f5fd77dd5cc505065e1522,2,14,without_ai,False,6465785,DEMO_6465785,OTHER_BENIGN,OTHER_MALIGNANT,False,0.0,dismiss,True,0.1724972166704973,,,dermatologyResident,Male
cedc3d27820e41e3a018ad3f9d3731e754a26f74,non-expert,f2b5f6826f69d751c3f5fd77dd5cc505065e1522,2,14,with_ai,True,6465785,DEMO_6465785,OTHER_BENIGN,DF,False,0.0,monitor,True,0.1724972166704973,,,dermatologyResident,Male
cedc3d27820e41e3a018ad3f9d3731e754a26f74,non-expert,f2b5f6826f69d751c3f5fd77dd5cc505065e1522,2,15,without_ai,False,4002165,DEMO_4002165,NV,DF,False,0.0,monitor,True,0.1724972166704973,,,dermatologyResident,Male
cedc3d27820e41e3a018ad3f9d3731e754a26f74,non-expert,f2b5f6826f69d751c3f5fd77dd5cc505065e1522,2,15,with_ai,True,4002165,DEMO_4002165,NV,BCC,False,0.0,monitor,True,0.1724972166704973,,,dermatologyResident,Male
cedc3d27820e41e3a018ad3f9d3731e754a26f74,non-expert,32751b9d3031554e260ea284cce310400108feeb,3,1,without_ai,False,6268989,DEMO_6268989,MEL,SCCKA,False,0.0,biopsy,True,0.1724972166704973,,,dermatologyResident,Male
cedc3d27820e41e3a018ad3f9d3731e754a26f74,non-expert,32751b9d3031554e260ea284cce310400108feeb,3,1,with_ai,True,6268989,DEMO_6268989,MEL,MEL,True,1.0,local_therapy,True,0.1724972166704973,,,dermatologyResident,Male
cedc3d27820e41e3a018ad3f9d3731e754a26f74,non-expert,32751b9d3031554e260ea284cce310400108feeb,3,2,without_ai,False,2815859,DEMO_2815859,MEL,OTHER_BENIGN,False,0.0,local_therapy,True,0.1724972166704973,,,dermatologyResident,Male
cedc3d27820e41e3a018ad3f9d3731e754a26f74,non-expert,32751b9d3031554e260ea284cce310400108feeb,3,2,with_ai,True,2815859,DEMO_2815859,MEL,MEL,True,1.0,local_therapy,True,0.1724972166704973,,,dermatologyResident,Male
cedc3d27820e41e3a018ad3f9d3731e754a26f74,non-expert,32751b9d3031554e260ea284cce310400108feeb,3,3,without_ai,False,5623984,DEMO_5623984,MEL,SCCKA,False,0.0,dismiss,True,0.1724972166704973,,,dermatologyResident,Male
cedc3d27820e41e3a018ad3f9d3731e754a26f74,non-expert,32751b9d3031554e260ea284cce310400108feeb,3,3,with_ai,True,5623984,DEMO_5623984,MEL,MEL,True,1.0,local_therapy,True,0.1724972166704973,,,dermatologyResident,Male
cedc3d27820e41e3a018ad3f9d3731e754a26f74,non-expert,32751b9d3031554e260ea284cce310400108feeb,3,4,without_ai,False,148550,DEMO_0148550,OTHER_BENIGN,BCC,False,0.0,monitor,True,0.1724972166704973,,,dermatologyResident,Male
cedc3d27820e41e3a018ad3f9d3731e754a26f74,non-expert,32751b9d3031554e260ea284cce310400108feeb,3,4,with_ai,True,148550,DEMO_0148550,OTHER_BENIGN,DF,False,0.0,dismiss,True,0.1724972166704973,,,dermatologyResident,Male
cedc3d27820e41e3a018ad3f9d3731e754a26f74,non-expert,32751b9d3031554e260ea284cce310400108feeb,3,5,without_ai,False,6483970,DEMO_6483970,INF,OTHER_MALIGNANT,False,0.0,monitor,True,0.1724972166704973,,,dermatologyResident,Male
cedc3d27820e41e3a018ad3f9d3731e754a26f74,non-expert,32751b9d3031554e260ea284cce310400108feeb,3,5,with_ai,True,6483970,DEMO_6483970,INF,INF,True,1.0,biopsy,True,0.1724972166704973,,,dermatologyResident,Male
cedc3d27820e41e3a018ad3f9d3731e754a26f74,non-expert,32751b9d3031554e260ea284cce310400108feeb,3,6,without_ai,False,9151898,DEMO_9151898,NV,NV,True,1.0,monitor,True,0.1724972166704973,,,dermatologyResident,Male
cedc3d27820e41e3a018ad3f9d3731e754a26f74,non-expert,32751b9d3031554e260ea284cce310400108feeb,3,6,with_ai,True,9151898,DEMO_9151898,NV,SCCKA,False,0.0,biopsy,True,0.1724972166704973,,,dermatologyResident,Male
cedc3d27820e41e3a018ad3f9d3731e754a26f74,non-expert,32751b9d3031554e260ea284cce310400108feeb,3,7,without_ai,False,6822397,DEMO_6822397,BCC,BCC,True,1.0,local_therapy,True,0.1724972166704973,,,dermatologyResident,Male
cedc3d27820e41e3a018ad3f9d3731e754a26f74,non-expert,32751b9d3031554e260ea284cce310400108feeb,3,7,with_ai,True,6822397,DEMO_6822397,BCC,OTHER_MALIGNANT,False,0.0,monitor,True,0.1724972166704973,,,dermatologyResident,Male
cedc3d27820e41e3a018ad3f9d3731e754a26f74,non-expert,32751b9d3031554e260ea284cce310400108feeb,3,8,without_ai,False,5395359,DEMO_5395359,MEL,MEL,True,1.0,monitor,True,0.1724972166704973,,,dermatologyResident,Male
cedc3d27820e41e3a018ad3f9d3731e754a26f74,non-expert,32751b9d3031554e260ea284cce310400108feeb,3,8,with_ai,True,5395359,DEMO_5395359,MEL,MEL,True,1.0,biopsy,True,0.1724972166704973,,,dermatologyResident,Male
cedc3d27820e41e3a018ad3f9d3731e754a26f74,non-expert,32751b9d3031554e260ea284cce310400108feeb,3,9,without_ai,False,9548768,DEMO_9548768,INF,VASC,False,0.0,local_therapy,True,0.1724972166704973,,,dermatologyResident,Male
cedc3d27820e41e3a018ad3f9d3731e754a26f74,non-expert,32751b9d3031554e260ea284cce310400108feeb,3,9,with_ai,True,9548768,DEMO_9548768,INF,OTHER_BENIGN,False,0.0,monitor,True,0.1724972166704973,,,dermatologyResident,Male
cedc3d27820e41e3a018ad3f9d3731e754a26f74,non-expert,32751b9d3031554e260ea284cce310400108feeb,3,10,without_ai,False,2518948,DEMO_2518948,BCC,BCC,True,1.0,biopsy,True,0.1724972166704973,,,dermatologyResident,Male
cedc3d27820e41e3a018ad3f9d3731e754a26f74,non-expert,32751b9d3031554e260ea284cce310400108feeb,3,10,with_ai,True,2518948,DEMO_2518948,BCC,NV,False,0.0,dismiss,True,0.1724972166704973,,,dermatologyResident,Male
cedc3d27820e41e3a018ad3f9d3731e754a26f74,non-expert,32751b9d3031554e260ea284cce310400108feeb,3,11,without_ai,False,8353664,DEMO_8353664,NV,BCC,False,0.0,monitor,True,0.1724972166704973,,,dermatologyResident,Male
cedc3d27820e41e3a018ad3f9d3731e754a26f74,non-expert,32751b9d3031554e260ea284cce310400108feeb,3,11,with_ai,True,8353664,DEMO_8353664,NV,NV,True,1.0,dismiss,True,0.1724972166704973,,,dermatologyResident,Male
cedc3d27820e41e3a018ad3f9d3731e754a26f74,non-expert,32751b9d3031554e260ea284cce310400108feeb,3,12,without_ai,False,2201612,DEMO_2201612,AKIEC,BKL,False,0.0,biopsy,True,0.1724972166704973,,,dermatologyResident,Male
cedc3d27820e41e3a018ad3f9d3731e754a26f74,non-expert,32751b9d3031554e260ea284cce310400108feeb,3,12,with_ai,True,2201612,DEMO_2201612,AKIEC,BKL,False,0.0,local_therapy,True,0.1724972166704973,,,dermatologyResident,Male
cedc3d27820e41e3a018ad3f9d3731e754a26f74,non-expert,32751b9d3031554e260ea284cce310400108feeb,3,13,without_ai,False,7547873,DEMO_7547873,BCC,INF,False,0.0,dismiss,True,0.1724972166704973,,,dermatologyResident,Male
cedc3d27820e41e3a018ad3f9d3731e754a26f74,non-expert,32751b9d3031554e260ea284cce310400108feeb,3,13,with_ai,True,7547873,DEMO_7547873,BCC,BCC,True,1.0,local_therapy,True,0.1724972166704973,,,dermatologyResident,Male
cedc3d27820e41e3a018ad3f9d3731e754a26f74,non-expert,32751b9d3031554e260ea284cce310400108feeb,3,14,without_ai,False,9710137,DEMO_9710137,NV,INF,False,0.0,dismiss,True,0.1724972166704973,,,dermatologyResident,Male
cedc3d27820e41e3a018ad3f9d3731e754a26f74,non-expert,32751b9d3031554e260ea284cce310400108feeb,3,14,with_ai,True,9710137,DEMO_9710137,NV,INF,False,0.0,monitor,True,0.1724972166704973,,,dermatologyResident,Male
cedc3d27820e41e3a018ad3f9d3731e754a26f74,non-expert,32751b9d3031554e260ea284cce310400108feeb,3,15,without_ai,False,2220256,DEMO_2220256,NV,OTHER_MALIGNANT,False,0.0,biopsy,True,0.1724972166704973,,,dermatologyResident,Male
cedc3d27820e41e3a018ad3f9d3731e754a26f74,non-expert,32751b9d3031554e260ea284cce310400108feeb,3,15,with_ai,True,2220256,DEMO_2220256,NV,OTHER_BENIGN,False,0.0,monitor,True,0.1724972166704973,,,dermatologyResident,Male
a4ce055588ac584329c7531a6e71cd2a60ce9345,expert,b0e44091029578100b361db5de8e8e4c3cbea007,1,1,without_ai,False,5854038,DEMO_5854038,MEL,MEL,True,1.0,biopsy,True,0.8390087741579663,,,dermatologyResident,Male
a4ce055588ac584329c7531a6e71cd2a60ce9345,expert,b0e44091029578100b361db5de8e8e4c3cbea007,1,1,with_ai,True,5854038,DEMO_5854038,MEL,MEL,True,1.0,local_therapy,True,0.8390087741579663,,,dermatologyResident,Male
a4ce055588ac584329c7531a6e71cd2a60ce9345,expert,b0e44091029578100b361db5de8e8e4c3cbea007,1,2,without_ai,False,1450071,DEMO_1450071,BKL,BKL,True,1.0,dismiss,True,0.8390087741579663,,,dermatologyResident,Male
a4ce055588ac584329c7531a6e71cd2a60ce9345,expert,b0e44091029578100b361db5de8e8e4c3cbea007,1,2,with_ai,True,1450071,DEMO_1450071,BKL,BKL,True,1.0,monitor,True,0.8390087741579663,,,dermatologyResident,Male
a4ce055588ac584329c7531a6e71cd2a60ce9345,expert,b0e44091029578100b361db5de8e8e4c3cbea007,1,3,without_ai,False,6516506,DEMO_6516506,MEL,MEL,True,1.0,biopsy,True,0.8390087741579663,,,dermatologyResident,Male
a4ce055588ac584329c7531a6e71cd2a60ce9345,expert,b0e44091029578100b361db5de8e8e4c3cbea007,1,3,with_ai,True,6516506,DEMO_6516506,MEL,MEL,True,1.0,local_therapy,True,0.8390087741579663,,,dermatologyResident,Male
a4ce055588ac584329c7531a6e71cd2a60ce9345,expert,b0e44091029578100b361db5de8e8e4c3cbea007,1,4,without_ai,False,6433321,DEMO_6433321,BCC,BCC,True,1.0,biopsy,True,0.8390087741579663,,,dermatologyResident,Male
a4ce055588ac584329c7531a6e71cd2a60ce9345,expert,b0e44091029578100b361db5de8e8e4c3cbea007,1,4,with_ai,True,6433321,DEMO_6433321,BCC,BCC,True,1.0,dismiss,True,0.8390087741579663,,,dermatologyResident,Male
a4ce055588ac584329c7531a6e71cd2a60ce9345,expert,b0e44091029578100b361db5de8e8e4c3cbea007,1,5,without_ai,False,2961729,DEMO_2961729,BCC,BCC,True,1.0,biopsy,True,0.8390087741579663,,,dermatologyResident,Male
a4ce055588ac584329c7531a6e71cd2a60ce9345,expert,b0e44091029578100b361db5de8e8e4c3cbea007,1,5,with_ai,True,2961729,DEMO_2961729,BCC,DF,False,0.0,local_therapy,True,0.8390087741579663,,,dermatologyResident,Male
a4ce055588ac584329c7531a6e71cd2a60ce9345,expert,b0e44091029578100b361db5de8e8e4c3cbea007,1,6,without_ai,False,3037110,DEMO_3037110,MEL,MEL,True,1.0,local_therapy,True,0.8390087741579663,,,dermatologyResident,Male
a4ce055588ac584329c7531a6e71cd2a60ce9345,expert,b0e44091029578100b361db5de8e8e4c3cbea007,1,6,with_ai,True,3037110,DEMO_3037110,MEL,MEL,True,1.0,local_therapy,True,0.8390087741579663,,,dermatologyResident,Male
a4ce055588ac584329c7531a6e71cd2a60ce9345,expert,b0e44091029578100b361db5de8e8e4c3cbea007,1,7,without_ai,False,521065,DEMO_0521065,DF,VASC,False,0.0,dismiss,True,0.8390087741579663,,,dermatologyResident,Male
a4ce055588ac584329c7531a6e71cd2a60ce9345,expert,b0e44091029578100b361db5de8e8e4c3cbea007,1,7,with_ai,True,521065,DEMO_0521065,DF,DF,True,1.0,monitor,True,0.8390087741579663,,,dermatologyResident,Male
a4ce055588ac584329c7531a6e71cd2a60ce9345,expert,b0e44091029578100b361db5de8e8e4c3cbea007,1,8,without_ai,False,2387234,DEMO_2387234,BCC,BCC,True,1.0,biopsy,True,0.8390087741579663,,,dermatologyResident,Male
a4ce055588ac584329c7531a6e71cd2a60ce9345,expert,b0e44091029578100b361db5de8e8e4c3cbea007,1,8,with_ai,True,2387234,DEMO_2387234,BCC,BCC,True,1.0,local_therapy,True,0.8390087741579663,,,dermatologyResident,Male
a4ce055588ac584329c7531a6e71cd2a60ce9345,expert,b0e44091029578100b361db5de8e8e4c3cbea007,1,9,without_ai,False,8098626,DEMO_8098626,NV,NV,True,1.0,dismiss,True,0.8390087741579663,,,dermatologyResident,Male
a4ce055588ac584329c7531a6e71cd2a60ce9345,expert,b0e44091029578100b361db5de8e8e4c3cbea007,1,9,with_ai,True,8098626,DEMO_8098626,NV,NV,True,1.0,local_therapy,True,0.8390087741579663,,,dermatologyResident,Male
a4ce055588ac584329c7531a6e71cd2a60ce9345,expert,b0e44091029578100b361db5de8e8e4c3cbea007,1,10,without_ai,False,939879,DEMO_0939879,BKL,BKL,True,1.0,monitor,True,0.8390087741579663,,,dermatologyResident,Male
a4ce055588ac584329c7531a6e71cd2a60ce9345,expert,b0e44091029578100b361db5de8e8e4c3cbea007,1,10,with_ai,True,939879,DEMO_0939879,BKL,BKL,True,1.0,dismiss,True,0.8390087741579663,,,dermatologyResident,Male
a4ce055588ac584329c7531a6e71cd2a60ce9345,expert,b0e44091029578100b361db5de8e8e4c3cbea007,1,11,without_ai,False,8819619,DEMO_8819619,NV,NV,True,1.0,monitor,True,0.8390087741579663,,,dermatologyResident,Male
a4ce055588ac584329c7531a6e71cd2a60ce9345,expert,b0e44091029578100b361db5de8e8e4c3cbea007,1,11,with_ai,True,8819619,DEMO_8819619,NV,NV,True,1.0,local_therapy,True,0.8390087741579663,,,dermatologyResident,Male
a4ce055588ac584329c7531a6e71cd2a60ce9345,expert,b0e44091029578100b361db5de8e8e4c3cbea007,1,12,without_ai,False,7851756,DEMO_7851756,MEL,MEL,True,1.0,biopsy,True,0.8390087741579663,,,dermatologyResident,Male
a4ce055588ac584329c7531a6e71cd2a60ce9345,expert,b0e44091029578100b361db5de8e8e4c3cbea007,1,12,with_ai,True,7851756,DEMO_7851756,MEL,MEL,True,1.0,biopsy,True,0.8390087741579663,,,dermatologyResident,Male
a4ce055588ac584329c7531a6e71cd2a60ce9345,expert,b0e44091029578100b361db5de8e8e4c3cbea007,1,13,without_ai,False,819539,DEMO_0819539,NV,AKIEC,False,0.0,biopsy,True,0.8390087741579663,,,dermatologyResident,Male
a4ce055588ac584329c7531a6e71cd2a60ce9345,expert,b0e44091029578100b361db5de8e8e4c3cbea007,1,13,with_ai,True,819539,DEMO_0819539,NV,NV,True,1.0,dismiss,True,0.8390087741579663,,,dermatologyResident,Male
a4ce055588ac584329c7531a6e71cd2a60ce9345,expert,b0e44091029578100b361db5de8e8e4c3cbea007,1,14,without_ai,False,3815520,DEMO_3815520,BKL,BKL,True,1.0,biopsy,True,0.8390087741579663,,,dermatologyResident,Male
a4ce055588ac584329c7531a6e71cd2a60ce9345,expert,b0e44091029578100b361db5de8e8e4c3cbea007,1,14,with_ai,True,3815520,DEMO_3815520,BKL,BKL,True,1.0,monitor,True,0.8390087741579663,,,dermatologyResident,Male
a4ce055588ac584329c7531a6e71cd2a60ce9345,expert,b0e44091029578100b361db5de8e8e4c3cbea007,1,15,without_ai,False,2312250,DEMO_2312250,NV,NV,True,1.0,dismiss,True,0.8390087741579663,,,dermatologyResident,Male
a4ce055588ac584329c7531a6e71cd2a60ce9345,expert,b0e44091029578100b361db5de8e8e4c3cbea007,1,15,with_ai,True,2312250,DEMO_2312250,NV,NV,True,1.0,dismiss,True,0.8390087741579663,,,dermatologyResident,Male
a4ce055588ac584329c7531a6e71cd2a60ce9345,expert,950ef0e84dfdb35a901ae5ff5ba978fc2d3ef2f0,2,1,without_ai,False,8706248,DEMO_8706248,BCC,BCC,True,1.0,biopsy,True,0.8390087741579663,,,dermatologyResident,Male
a4ce055588ac584329c7531a6e71cd2a60ce9345,expert,950ef0e84dfdb35a901ae5ff5ba978fc2d3ef2f0,2,1,with_ai,True,8706248,DEMO_8706248,BCC,BCC,True,1.0,biopsy,True,0.8390087741579663,,,dermatologyResident,Male
a4ce055588ac584329c7531a6e71cd2a60ce9345,expert,950ef0e84dfdb35a901ae5ff5ba978fc2d3ef2f0,2,2,without_ai,False,1230261,DEMO_1230261,BKL,BKL,True,1.0,dismiss,True,0.8390087741579663,,,dermatologyResident,Male
a4ce055588ac584329c7531a6e71cd2a60ce9345,expert,950ef0e84dfdb35a901ae5ff5ba978fc2d3ef2f0,2,2,with_ai,True,1230261,DEMO_1230261,BKL,BKL,True,1.0,dismiss,True,0.8390087741579663,,,dermatologyResident,Male
a4ce055588ac584329c7531a6e71cd2a60ce9345,expert,950ef0e84dfdb35a901ae5ff5ba978fc2d3ef2f0,2,3,without_ai,False,1226317,DEMO_1226317,SCCKA,SCCKA,True,1.0,local_therapy,True,0.8390087741579663,,,dermatologyResident,Male
a4ce055588ac584329c7531a6e71cd2a60ce9345,expert,950ef0e84dfdb35a901ae5ff5ba978fc2d3ef2f0,2,3,with_ai,True,1226317,DEMO_1226317,SCCKA,SCCKA,True,1.0,biopsy,True,0.8390087741579663,,,dermatologyResident,Male
a4ce055588ac584329c7531a6e71cd2a60ce9345,expert,950ef0e84dfdb35a901ae5ff5ba978fc2d3ef2f0,2,4,without_ai,False,6033884,DEMO_6033884,AKIEC,AKIEC,True,1.0,biopsy,True,0.8390087741579663,,,dermatologyResident,Male
a4ce055588ac584329c7531a6e71cd2a60ce9345,expert,950ef0e84dfdb35a901ae5ff5ba978fc2d3ef2f0,2,4,with_ai,True,6033884,DEMO_6033884,AKIEC,AKIEC,True,1.0,local_therapy,True,0.8390087741579663,,,dermatologyResident,Male
a4ce055588ac584329c7531a6e71cd2a60ce9345,expert,950ef0e84dfdb35a901ae5ff5ba978fc2d3ef2f0,2,5,without_ai,False,4529692,DEMO_4529692,AKIEC,BCC,False,0.0,local_therapy,True,0.8390087741579663,,,dermatologyResident,Male
a4ce055588ac584329c7531a6e71cd2a60ce9345,expert,950ef0e84dfdb35a901ae5ff5ba978fc2d3ef2f0,2,5,with_ai,True,4529692,DEMO_4529692,AKIEC,DF,False,0.0,dismiss,True,0.8390087741579663,,,dermatologyResident,Male
a4ce055588ac584329c7531a6e71cd2a60ce9345,expert,950ef0e84dfdb35a901ae5ff5ba978fc2d3ef2f0,2,6,without_ai,False,2860572,DEMO_2860572,DF,DF,True,1.0,dismiss,True,0.8390087741579663,,,dermatologyResident,Male
a4ce055588ac584329c7531a6e71cd2a60ce9345,expert,950ef0e84dfdb35a901ae5ff5ba978fc2d3ef2f0,2,6,with_ai,True,2860572,DEMO_2860572,DF,DF,True,1.0,monitor,True,0.8390087741579663,,,dermatologyResident,Male
a4ce055588ac584329c7531a6e71cd2a60ce9345,expert,950ef0e84dfdb35a901ae5ff5ba978fc2d3ef2f0,2,7,without_ai,False,2188044,DEMO_2188044,NV,MEL,False,0.0,local_therapy,True,0.8390087741579663,,,dermatologyResident,Male
a4ce055588ac584329c7531a6e71cd2a60ce9345,expert,950ef0e84dfdb35a901ae5ff5ba978fc2d3ef2f0,2,7,with_ai,True,2188044,DEMO_2188044,NV,NV,True,1.0,dismiss,True,0.8390087741579663,,,dermatologyResident,Male
a4ce055588ac584329c7531a6e71cd2a60ce9345,expert,950ef0e84dfdb35a901ae5ff5ba978fc2d3ef2f0,2,8,without_ai,False,7922190,DEMO_7922190,AKIEC,AKIEC,True,1.0,local_therapy,True,0.8390087741579663,,,dermatologyResident,Male
a4ce055588ac584329c7531a6e71cd2a60ce9345,expert,950ef0e84dfdb35a901ae5ff5ba978fc2d3ef2f0,2,8,with_ai,True,7922190,DEMO_7922190,AKIEC,AKIEC,True,1.0,biopsy,True,0.8390087741579663,,,dermatologyResident,Male
a4ce055588ac584329c7531a6e71cd2a60ce9345,expert,950ef0e84dfdb35a901ae5ff5ba978fc2d3ef2f0,2,9,without_ai,False,5546045,DEMO_5546045,BKL,BKL,True,1.0,monitor,True,0.8390087741579663,,,dermatologyResident,Male
a4ce055588ac584329c7531a6e71cd2a60ce9345,expert,950ef0e84dfdb35a901ae5ff5ba978fc2d3ef2f0,2,9,with_ai,True,5546045,DEMO_5546045,BKL,BKL,True,1.0,dismiss,True,0.8390087741579663,,,dermatologyResident,Male
a4ce055588ac584329c7531a6e71cd2a60ce9345,expert,950ef0e84dfdb35a901ae5ff5ba978fc2d3ef2f0,2,10,without_ai,False,367157,DEMO_0367157,BCC,BCC,True,1.0,biopsy,True,0.8390087741579663,,,dermatologyResident,Male
a4ce055588ac584329c7531a6e71cd2a60ce9345,expert,950ef0e84dfdb35a901ae5ff5ba978fc2d3ef2f0,2,10,with_ai,True,367157,DEMO_0367157,BCC,BCC,True,1.0,biopsy,True,0.8390087741579663,,,dermatologyResident,Male
a4ce055588ac584329c7531a6e71cd2a60ce9345,expert,950ef0e84dfdb35a901ae5ff5ba978fc2d3ef2f0,2,11,without_ai,False,4850015,DEMO_4850015,NV,NV,True,1.0,monitor,True,0.8390087741579663,,,dermatologyResident,Male
a4ce055588ac584329c7531a6e71cd2a60ce9345,expert,950ef0e84dfdb35a901ae5ff5ba978fc2d3ef2f0,2,11,with_ai,True,4850015,DEMO_4850015,NV,NV,True,1.0,dismiss,True,0.8390087741579663,,,dermatologyResident,Male
a4ce055588ac584329c7531a6e71cd2a60ce9345,expert,950ef0e84dfdb35a901ae5ff5ba978fc2d3ef2f0,2,12,without_ai,False,6497006,DEMO_6497006,BKL,BKL,True,1.0,monitor,True,0.8390087741579663,,,dermatologyResident,Male
a4ce055588ac584329c7531a6e71cd2a60ce9345,expert,950ef0e84dfdb35a901ae5ff5ba978fc2d3ef2f0,2,12,with_ai,True,6497006,DEMO_6497006,BKL,BKL,True,1.0,dismiss,True,0.8390087741579663,,,dermatologyResident,Male
a4ce055588ac584329c7531a6e71cd2a60ce9345,expert,950ef0e84dfdb35a901ae5ff5ba978fc2d3ef2f0,2,13,without_ai,False,8750413,DEMO_8750413,MEL,MEL,True,1.0,local_therapy,True,0.8390087741579663,,,dermatologyResident,Male
a4ce055588ac584329c7531a6e71cd2a60ce9345,expert,950ef0e84dfdb35a901ae5ff5ba978fc2d3ef2f0,2,13,with_ai,True,8750413,DEMO_8750413,MEL,MEL,True,1.0,biopsy,True,0.8390087741579663,,,dermatologyResident,Male
a4ce055588ac584329c7531a6e71cd2a60ce9345,expert,950ef0e84dfdb35a901ae5ff5ba978fc2d3ef2f0,2,14,without_ai,False,6189493,DEMO_6189493,SCCKA,SCCKA,True,1.0,local_therapy,True,0.8390087741579663,,,dermatologyResident,Male
a4ce055588ac584329c7531a6e71cd2a60ce9345,expert,950ef0e84dfdb35a901ae5ff5ba978fc2d3ef2f0,2,14,with_ai,True,6189493,DEMO_6189493,SCCKA,SCCKA,True,1.0,biopsy,True,0.8390087741579663,,,dermatologyResident,Male
a4ce055588ac584329c7531a6e71cd2a60ce9345,expert,950ef0e84dfdb35a901ae5ff5ba978fc2d3ef2f0,2,15,without_ai,False,2595855,DEMO_2595855,INF,INF,True,1.0,local_therapy,True,0.8390087741579663,,,dermatologyResident,Male
a4ce055588ac584329c7531a6e71cd2a60ce9345,expert,950ef0e84dfdb35a901ae5ff5ba978fc2d3ef2f0,2,15,with_ai,True,2595855,DEMO_2595855,INF,INF,True,1.0,local_therapy,True,0.8390087741579663,,,dermatologyResident,Male
08b4a2f4871a53bae231e694acda42d142e6fc6f,non-expert,0b0acee6f3bc2adcff3c1faad8d41db8c3a5b95f,1,1,without_ai,False,8768663,DEMO_8768663,AKIEC,NV,False,0.0,dismiss,True,0.3112794328783718,,,resident,Male
08b4a2f4871a53bae231e694acda42d142e6fc6f,non-expert,0b0acee6f3bc2adcff3c1faad8d41db8c3a5b95f,1,1,with_ai,True,8768663,DEMO_8768663,AKIEC,NV,False,0.0,local_therapy,True,0.3112794328783718,,,resident,Male
08b4a2f4871a53bae231e694acda42d142e6fc6f,non-expert,0b0acee6f3bc2adcff3c1faad8d41db8c3a5b95f,1,2,without_ai,False,782811,DEMO_0782811,NV,MEL,False,0.0,dismiss,True,0.3112794328783718,,,resident,Male
08b4a2f4871a53bae231e694acda42d142e6fc6f,non-expert,0b0acee6f3bc2adcff3c1faad8d41db8c3a5b95f,1,2,with_ai,True,782811,DEMO_0782811,NV,NV,True,1.0,monitor,True,0.3112794328783718,,,resident,Male
08b4a2f4871a53bae231e694acda42d142e6fc6f,non-expert,0b0acee6f3bc2adcff3c1faad8d41db8c3a5b95f,1,3,without_ai,False,3118783,DEMO_3118783,BKL,AKIEC,False,0.0,local_therapy,True,0.3112794328783718,,,resident,Male
08b4a2f4871a53bae231e694acda42d142e6fc6f,non-expert,0b0acee6f3bc2adcff3c1faad8d41db8c3a5b95f,1,3,with_ai,True,3118783,DEMO_3118783,BKL,BKL,True,1.0,dismiss,True,0.3112794328783718,,,resident,Male
08b4a2f4871a53bae231e694acda42d142e6fc6f,non-expert,0b0acee6f3bc2adcff3c1faad8d41db8c3a5b95f,1,4,without_ai,False,8814308,DEMO_8814308,INF,SCCKA,False,0.0,local_therapy,True,0.3112794328783718,,,resident,Male
08b4a2f4871a53bae231e694acda42d142e6fc6f,non-expert,0b0acee6f3bc2adcff3c1faad8d41db8c3a5b95f,1,4,with_ai,True,8814308,DEMO_8814308,INF,MEL,False,0.0,local_therapy,True,0.3112794328783718,,,resident,Male
08b4a2f4871a53bae231e694acda42d142e6fc6f,non-expert,0b0acee6f3bc2adcff3c1faad8d41db8c3a5b95f,1,5,without_ai,False,4503083,DEMO_4503083,BCC,BKL,False,0.0,monitor,True,0.3112794328783718,,,resident,Male
08b4a2f4871a53bae231e694acda42d142e6fc6f,non-expert,0b0acee6f3bc2adcff3c1faad8d41db8c3a5b95f,1,5,with_ai,True,4503083,DEMO_4503083,BCC,BCC,True,1.0,biopsy,True,0.3112794328783718,,,resident,Male
08b4a2f4871a53bae231e694acda42d142e6fc6f,non-expert,0b0acee6f3bc2adcff3c1faad8d41db8c3a5b95f,1,6,without_ai,False,746369,DEMO_0746369,MEL,VASC,False,0.0,monitor,True,0.3112794328783718,,,resident,Male
08b4a2f4871a53bae231e694acda42d142e6fc6f,non-expert,0b0acee6f3bc2adcff3c1faad8d41db8c3a5b95f,1,6,with_ai,True,746369,DEMO_0746369,MEL,SCCKA,False,0.0,biopsy,True,0.3112794328783718,,,resident,Male
08b4a2f4871a53bae231e694acda42d142e6fc6f,non-expert,0b0acee6f3bc2adcff3c1faad8d41db8c3a5b95f,1,7,without_ai,False,7303953,DEMO_7303953,BKL,MEL,False,0.0,monitor,True,0.3112794328783718,,,resident,Male
08b4a2f4871a53bae231e694acda42d142e6fc6f,non-expert,0b0acee6f3bc2adcff3c1faad8d41db8c3a5b95f,1,7,with_ai,True,7303953,DEMO_7303953,BKL,VASC,False,0.0,dismiss,True,0.3112794328783718,,,resident,Male
08b4a2f4871a53bae231e694acda42d142e6fc6f,non-expert,0b0acee6f3bc2adcff3c1faad8d41db8c3a5b95f,1,8,without_ai,False,9326274,DEMO_9326274,MEL,MEL,True,1.0,monitor,True,0.3112794328783718,,,resident,Male
08b4a2f4871a53bae231e694acda42d142e6fc6f,non-expert,0b0acee6f3bc2adcff3c1faad8d41db8c3a5b95f,1,8,with_ai,True,9326274,DEMO_9326274,MEL,MEL,True,1.0,dismiss,True,0.3112794328783718,,,resident,Male
08b4a2f4871a53bae231e694acda42d142e6fc6f,non-expert,0b0acee6f3bc2adcff3c1faad8d41db8c3a5b95f,1,9,without_ai,False,1153143,DEMO_1153143,NV,BKL,False,0.0,monitor,True,0.3112794328783718,,,resident,Male
08b4a2f4871a53bae231e694acda42d142e6fc6f,non-expert,0b0acee6f3bc2adcff3c1faad8d41db8c3a5b95f,1,9,with_ai,True,1153143,DEMO_1153143,NV,INF,False,0.0,monitor,True,0.3112794328783718,,,resident,Male
08b4a2f4871a53bae231e694acda42d142e6fc6f,non-expert,0b0acee6f3bc2adcff3c1faad8d41db8c3a5b95f,1,10,without_ai,False,2366706,DEMO_2366706,BCC,INF,False,0.0,biopsy,True,0.3112794328783718,,,resident,Male
08b4a2f4871a53bae231e694acda42d142e6fc6f,non-expert,0b0acee6f3bc2adcff3c1faad8d41db8c3a5b95f,1,10,with_ai,True,2366706,DEMO_2366706,BCC,DF,False,0.0,local_therapy,True,0.3112794328783718,,,resident,Male
08b4a2f4871a53bae231e694acda42d142e6fc6f,non-expert,0b0acee6f3bc2adcff3c1faad8d41db8c3a5b95f,1,11,without_ai,False,4194279,DEMO_4194279,DF,INF,False,0.0,dismiss,True,0.3112794328783718,,,resident,Male
08b4a2f4871a53bae231e694acda42d142e6fc6f,non-expert,0b0acee6f3bc2adcff3c1faad8d41db8c3a5b95f,1,11,with_ai,True,4194279,DEMO_4194279,DF,DF,True,1.0,dismiss,True,0.3112794328783718,,,resident,Male
08b4a2f4871a53bae231e694acda42d142e6fc6f,non-expert,0b0acee6f3bc2adcff3c1faad8d41db8c3a5b95f,1,12,without_ai,False,9659358,DEMO_9659358,NV,BKL,False,0.0,biopsy,True,0.3112794328783718,,,resident,Male
08b4a2f4871a53bae231e694acda42d142e6fc6f,non-expert,0b0acee6f3bc2adcff3c1faad8d41db8c3a5b95f,1,12,with_ai,True,9659358,DEMO_9659358,NV,BCC,False,0.0,monitor,True,0.3112794328783718,,,resident,Male
08b4a2f4871a53bae231e694acda42d142e6fc6f,non-expert,0b0acee6f3bc2adcff3c1faad8d41db8c3a5b95f,1,13,without_ai,False,92846,DEMO_0092846,BCC,OTHER_MALIGNANT,False,0.0,biopsy,True,0.3112794328783718,,,resident,Male
08b4a2f4871a53bae231e694acda42d142e6fc6f,non-expert,0b0acee6f3bc2adcff3c1faad8d41db8c3a5b95f,1,13,with_ai,True,92846,DEMO_0092846,BCC,VASC,False,0.0,local_therapy,True,0.3112794328783718,,,resident,Male
08b4a2f4871a53bae231e694acda42d142e6fc6f,non-expert,0b0acee6f3bc2adcff3c1faad8d41db8c3a5b95f,1,14,without_ai,False,5004642,DEMO_5004642,NV,NV,True,1.0,monitor,True,0.3112794328783718,,,resident,Male
08b4a2f4871a53bae231e694acda42d142e6fc6f,non-expert,0b0acee6f3bc2adcff3c1faad8d41db8c3a5b95f,1,14,with_ai,True,5004642,DEMO_5004642,NV,NV,True,1.0,monitor,True,0.3112794328783718,,,resident,Male
08b4a2f4871a53bae231e694acda42d142e6fc6f,non-expert,0b0acee6f3bc2adcff3c1faad8d41db8c3a5b95f,1,15,without_ai,False,733526,DEMO_0733526,NV,NV,True,1.0,dismiss,True,0.3112794328783718,,,resident,Male
08b4a2f4871a53bae231e694acda42d142e6fc6f,non-expert,0b0acee6f3bc2adcff3c1faad8d41db8c3a5b95f,1,15,with_ai,True,733526,DEMO_0733526,NV,AKIEC,False,0.0,biopsy,True,0.3112794328783718,,,resident,Male
08b4a2f4871a53bae231e694acda42d142e6fc6f,non-expert,d9566fd1e519c718d1e959e8c20a3cc508fa5e5a,2,1,without_ai,False,1358055,DEMO_1358055,BKL,BKL,True,1.0,dismiss,True,0.3112794328783718,,,resident,Male
08b4a2f4871a53bae231e694acda42d142e6fc6f,non-expert,d9566fd1e519c718d1e959e8c20a3cc508fa5e5a,2,1,with_ai,True,1358055,DEMO_1358055,BKL,BKL,True,1.0,dismiss,True,0.3112794328783718,,,resident,Male
08b4a2f4871a53bae231e694acda42d142e6fc6f,non-expert,d9566fd1e519c718d1e959e8c20a3cc508fa5e5a,2,2,without_ai,False,4015660,DEMO_4015660,BCC,MEL,False,0.0,biopsy,True,0.3112794328783718,,,resident,Male
08b4a2f4871a53bae231e694acda42d142e6fc6f,non-expert,d9566fd1e519c718d1e959e8c20a3cc508fa5e5a,2,2,with_ai,True,4015660,DEMO_4015660,BCC,NV,False,0.0,dismiss,True,0.3112794328783718,,,resident,Male
08b4a2f4871a53bae231e694acda42d142e6fc6f,non-expert,d9566fd1e519c718d1e959e8c20a3cc508fa5e5a,2,3,without_ai,False,2841400,DEMO_2841400,INF,AKIEC,False,0.0,local_therapy,True,0.3112794328783718,,,resident,Male
08b4a2f4871a53bae231e694acda42d142e6fc6f,non-expert,d9566fd1e519c718d1e959e8c20a3cc508fa5e5a,2,3,with_ai,True,2841400,DEMO_2841400,INF,VASC,False,0.0,local_therapy,True,0.3112794328783718,,,resident,Male
08b4a2f4871a53bae231e694acda42d142e6fc6f,non-expert,d9566fd1e519c718d1e959e8c20a3cc508fa5e5a,2,4,without_ai,False,4587485,DEMO_4587485,BKL,OTHER_MALIGNANT,False,0.0,biopsy,True,0.3112794328783718,,,resident,Male
08b4a2f4871a53bae231e694acda42d142e6fc6f,non-expert,d9566fd1e519c718d1e959e8c20a3cc508fa5e5a,2,4,with_ai,True,4587485,DEMO_4587485,BKL,SCCKA,False,0.0,dismiss,True,0.3112794328783718,,,resident,Male
08b4a2f4871a53bae231e694acda42d142e6fc6f,non-expert,d9566fd1e519c718d1e959e8c20a3cc508fa5e5a,2,5,without_ai,False,1168052,DEMO_1168052,NV,VASC,False,0.0,dismiss,True,0.3112794328783718,,,resident,Male
08b4a2f4871a53bae231e694acda42d142e6fc6f,non-expert,d9566fd1e519c718d1e959e8c20a3cc508fa5e5a,2,5,with_ai,True,1168052,DEMO_1168052,NV,VASC,False,0.0,dismiss,True,0.3112794328783718,,,resident,Male
08b4a2f4871a53bae231e694acda42d142e6fc6f,non-expert,d9566fd1e519c718d1e959e8c20a3cc508fa5e5a,2,6,without_ai,False,519180,DEMO_0519180,BCC,BKL,False,0.0,biopsy,True,0.3112794328783718,,,resident,Male
08b4a2f4871a53bae231e694acda42d142e6fc6f,non-expert,d9566fd1e519c718d1e959e8c20a3cc508fa5e5a,2,6,with_ai,True,519180,DEMO_0519180,BCC,BCC,True,1.0,monitor,True,0.3112794328783718,,,resident,Male
08b4a2f4871a53bae231e694acda42d142e6fc6f,non-expert,d9566fd1e519c718d1e959e8c20a3cc508fa5e5a,2,7,without_ai,False,1263735,DEMO_1263735,MEL,SCCKA,False,0.0,monitor,True,0.3112794328783718,,,resident,Male
08b4a2f4871a53bae231e694acda42d142e6fc6f,non-expert,d9566fd1e519c718d1e959e8c20a3cc508fa5e5a,2,7,with_ai,True,1263735,DEMO_1263735,MEL,MEL,True,1.0,biopsy,True,0.3112794328783718,,,resident,Male
08b4a2f4871a53bae231e694acda42d142e6fc6f,non-expert,d9566fd1e519c718d1e959e8c20a3cc508fa5e5a,2,8,without_ai,False,9894975,DEMO_9894975,OTHER_BENIGN,NV,False,0.0,monitor,True,0.3112794328783718,,,resident,Male
08b4a2f4871a53bae231e694acda42d142e6fc6f,non-expert,d9566fd1e519c718d1e959e8c20a3cc508fa5e5a,2,8,with_ai,True,9894975,DEMO_9894975,OTHER_BENIGN,OTHER_BENIGN,True,1.0,dismiss,True,0.3112794328783718,,,resident,Male
08b4a2f4871a53bae231e694acda42d142e6fc6f,non-expert,d9566fd1e519c718d1e959e8c20a3cc508fa5e5a,2,9,without_ai,False,9158629,DEMO_9158629,MEL,BCC,False,0.0,local_therapy,True,0.3112794328783718,,,resident,Male
08b4a2f4871a53bae231e694acda42d142e6fc6f,non-expert,d9566fd1e519c718d1e959e8c20a3cc508fa5e5a,2,9,with_ai,True,9158629,DEMO_9158629,MEL,MEL,True,1.0,biopsy,True,0.3112794328783718,,,resident,Male
08b4a2f4871a53bae231e694acda42d142e6fc6f,non-expert,d9566fd1e519c718d1e959e8c20a3cc508fa5e5a,2,10,without_ai,False,1627818,DEMO_1627818,OTHER_BENIGN,OTHER_BENIGN,True,1.0,biopsy,True,0.3112794328783718,,,resident,Male
08b4a2f4871a53bae231e694acda42d142e6fc6f,non-expert,d9566fd1e519c718d1e959e8c20a3cc508fa5e5a,2,10,with_ai,True,1627818,DEMO_1627818,OTHER_BENIGN,DF,False,0.0,monitor,True,0.3112794328783718,,,resident,Male
08b4a2f4871a53bae231e694acda42d142e6fc6f,non-expert,d9566fd1e519c718d1e959e8c20a3cc508fa5e5a,2,11,without_ai,False,6018223,DEMO_6018223,BKL,SCCKA,False,0.0,dismiss,True,0.3112794328783718,,,resident,Male
08b4a2f4871a53bae231e694acda42d142e6fc6f,non-expert,d9566fd1e519c718d1e959e8c20a3cc508fa5e5a,2,11,with_ai,True,6018223,DEMO_6018223,BKL,BKL,True,1.0,dismiss,True,0.3112794328783718,,,resident,Male
08b4a2f4871a53bae231e694acda42d142e6fc6f,non-expert,d9566fd1e519c718d1e959e8c20a3cc508fa5e5a,2,12,without_ai,False,7055893,DEMO_7055893,BCC,VASC,False,0.0,monitor,True,0.3112794328783718,,,resident,Male
08b4a2f4871a53bae231e694acda42d142e6fc6f,non-expert,d9566fd1e519c718d1e959e8c20a3cc508fa5e5a,2,12,with_ai,True,7055893,DEMO_7055893,BCC,BCC,True,1.0,local_therapy,True,0.3112794328783718,,,resident,Male
08b4a2f4871a53bae231e694acda42d142e6fc6f,non-expert,d9566fd1e519c718d1e959e8c20a3cc508fa5e5a,2,13,without_ai,False,247962,DEMO_0247962,NV,AKIEC,False,0.0,biopsy,True,0.3112794328783718,,,resident,Male
08b4a2f4871a53bae231e694acda42d142e6fc6f,non-expert,d9566fd1e519c718d1e959e8c20a3cc508fa5e5a,2,13,with_ai,True,247962,DEMO_0247962,NV,BCC,False,0.0,dismiss,True,0.3112794328783718,,,resident,Male
08b4a2f4871a53bae231e694acda42d142e6fc6f,non-expert,d9566fd1e519c718d1e959e8c20a3cc508fa5e5a,2,14,without_ai,False,9169431,DEMO_9169431,MEL,BKL,False,0.0,local_therapy,True,0.3112794328783718,,,resident,Male
08b4a2f4871a53bae231e694acda42d142e6fc6f,non-expert,d9566fd1e519c718d1e959e8c20a3cc508fa5e5a,2,14,with_ai,True,9169431,DEMO_9169431,MEL,NV,False,0.0,monitor,True,0.3112794328783718,,,resident,Male
08b4a2f4871a53bae231e694acda42d142e6fc6f,non-expert,d9566fd1e519c718d1e959e8c20a3cc508fa5e5a,2,15,without_ai,False,4395551,DEMO_4395551,MEL,INF,False,0.0,monitor,True,0.3112794328783718,,,resident,Male
08b4a2f4871a53bae231e694acda42d142e6fc6f,non-expert,d9566fd1e519c718d1e959e8c20a3cc508fa5e5a,2,15,with_ai,True,4395551,DEMO_4395551,MEL,MEL,True,1.0,biopsy,True,0.3112794328783718,,,resident,Male
94b61f404b7c94b516f5999875365bc007bc0068,non-expert,c2329458b043a307e392a8791d0576fd6459b9dd,1,1,without_ai,False,8852892,DEMO_8852892,OTHER_BENIGN,OTHER_MALIGNANT,False,0.0,dismiss,True,0.5770808893240196,,,boardCertifiedDermatologist,Female
94b61f404b7c94b516f5999875365bc007bc0068,non-expert,c2329458b043a307e392a8791d0576fd6459b9dd,1,1,with_ai,True,8852892,DEMO_8852892,OTHER_BENIGN,OTHER_BENIGN,True,1.0,monitor,True,0.5770808893240196,,,boardCertifiedDermatologist,Female
94b61f404b7c94b516f5999875365bc007bc0068,non-expert,c2329458b043a307e392a8791d0576fd6459b9dd,1,2,without_ai,False,4968730,DEMO_4968730,INF,OTHER_MALIGNANT,False,0.0,local_therapy,True,0.5770808893240196,,,boardCertifiedDermatologist,Female
94b61f404b7c94b516f5999875365bc007bc0068,non-expert,c2329458b043a307e392a8791d0576fd6459b9dd,1,2,with_ai,True,4968730,DEMO_4968730,INF,INF,True,1.0,local_therapy,True,0.5770808893240196,,,boardCertifiedDermatologist,Female
94b61f404b7c94b516f5999875365bc007bc0068,non-expert,c2329458b043a307e392a8791d0576fd6459b9dd,1,3,without_ai,False,7610441,DEMO_7610441,INF,INF,True,1.0,monitor,True,0.5770808893240196,,,boardCertifiedDermatologist,Female
94b61f404b7c94b516f5999875365bc007bc0068,non-expert,c2329458b043a307e392a8791d0576fd6459b9dd,1,3,with_ai,True,7610441,DEMO_7610441,INF,INF,True,1.0,local_therapy,True,0.5770808893240196,,,boardCertifiedDermatologist,Female
94b61f404b7c94b516f5999875365bc007bc0068,non-expert,c2329458b043a307e392a8791d0576fd6459b9dd,1,4,without_ai,False,4422890,DEMO_4422890,MEL,MEL,True,1.0,dismiss,True,0.5770808893240196,,,boardCertifiedDermatologist,Female
94b61f404b7c94b516f5999875365bc007bc0068,non-expert,c2329458b043a307e392a8791d0576fd6459b9dd,1,4,with_ai,True,4422890,DEMO_4422890,MEL,MEL,True,1.0,biopsy,True,0.5770808893240196,,,boardCertifiedDermatologist,Female
94b61f404b7c94b516f5999875365bc007bc0068,non-expert,c2329458b043a307e392a8791d0576fd6459b9dd,1,5,without_ai,False,13445,DEMO_0013445,BCC,BCC,True,1.0,biopsy,True,0.5770808893240196,,,boardCertifiedDermatologist,Female
94b61f404b7c94b516f5999875365bc007bc0068,non-expert,c2329458b043a307e392a8791d0576fd6459b9dd,1,5,with_ai,True,13445,DEMO_0013445,BCC,BCC,True,1.0,local_therapy,True,0.5770808893240196,,,boardCertifiedDermatologist,Female
94b61f404b7c94b516f5999875365bc007bc0068,non-expert,c2329458b043a307e392a8791d0576fd6459b9dd,1,6,without_ai,False,9631887,DEMO_9631887,INF,INF,True,1.0,local_therapy,True,0.5770808893240196,,,boardCertifiedDermatologist,Female
94b61f404b7c94b516f5999875365bc007bc0068,non-expert,c2329458b043a307e392a8791d0576fd6459b9dd,1,6,with_ai,True,9631887,DEMO_9631887,INF,INF,True,1.0,monitor,True,0.5770808893240196,,,boardCertifiedDermatologist,Female
94b61f404b7c94b516f5999875365bc007bc0068,non-expert,c2329458b043a307e392a8791d0576fd6459b9dd,1,7,without_ai,False,957233,DEMO_0957233,SCCKA,SCCKA,True,1.0,local_therapy,True,0.5770808893240196,,,boardCertifiedDermatologist,Female
94b61f404b7c94b516f5999875365bc007bc0068,non-expert,c2329458b043a307e392a8791d0576fd6459b9dd,1,7,with_ai,True,957233,DEMO_0957233,SCCKA,SCCKA,True,1.0,biopsy,True,0.5770808893240196,,,boardCertifiedDermatologist,Female
94b61f404b7c94b516f5999875365bc007bc0068,non-expert,c2329458b043a307e392a8791d0576fd6459b9dd,1,8,without_ai,False,4994595,DEMO_4994595,NV,BCC,False,0.0,monitor,True,0.5770808893240196,,,boardCertifiedDermatologist,Female
94b61f404b7c94b516f5999875365bc007bc0068,non-expert,c2329458b043a307e392a8791d0576fd6459b9dd,1,8,with_ai,True,4994595,DEMO_4994595,NV,VASC,False,0.0,local_therapy,True,0.5770808893240196,,,boardCertifiedDermatologist,Female
94b61f404b7c94b516f5999875365bc007bc0068,non-expert,c2329458b043a307e392a8791d0576fd6459b9dd,1,9,without_ai,False,3067071,DEMO_3067071,NV,NV,True,1.0,monitor,True,0.5770808893240196,,,boardCertifiedDermatologist,Female
94b61f404b7c94b516f5999875365bc007bc0068,non-expert,c2329458b043a307e392a8791d0576fd6459b9dd,1,9,with_ai,True,3067071,DEMO_3067071,NV,NV,True,1.0,dismiss,True,0.5770808893240196,,,boardCertifiedDermatologist,Female
94b61f404b7c94b516f5999875365bc007bc0068,non-expert,c2329458b043a307e392a8791d0576fd6459b9dd,1,10,without_ai,False,5856744,DEMO_5856744,NV,NV,True,1.0,dismiss,True,0.5770808893240196,,,boardCertifiedDermatologist,Female
94b61f404b7c94b516f5999875365bc007bc0068,non-expert,c2329458b043a307e392a8791d0576fd6459b9dd,1,10,with_ai,True,5856744,DEMO_5856744,NV,OTHER_MALIGNANT,False,0.0,dismiss,True,0.5770808893240196,,,boardCertifiedDermatologist,Female
94b61f404b7c94b516f5999875365bc007bc0068,non-expert,c2329458b043a307e392a8791d0576fd6459b9dd,1,11,without_ai,False,3815499,DEMO_3815499,NV,INF,False,0.0,monitor,True,0.5770808893240196,,,boardCertifiedDermatologist,Female
94b61f404b7c94b516f5999875365bc007bc0068,non-expert,c2329458b043a307e392a8791d0576fd6459b9dd,1,11,with_ai,True,3815499,DEMO_3815499,NV,NV,True,1.0,dismiss,True,0.5770808893240196,,,boardCertifiedDermatologist,Female
94b61f404b7c94b516f5999875365bc007bc0068,non-expert,c2329458b043a307e392a8791d0576fd6459b9dd,1,12,without_ai,False,7199182,DEMO_7199182,NV,VASC,False,0.0,dismiss,True,0.5770808893240196,,,boardCertifiedDermatologist,Female
94b61f404b7c94b516f5999875365bc007bc0068,non-expert,c2329458b043a307e392a8791d0576fd6459b9dd,1,12,with_ai,True,7199182,DEMO_7199182,NV,NV,True,1.0,dismiss,True,0.5770808893240196,,,boardCertifiedDermatologist,Female
94b61f404b7c94b516f5999875365bc007bc0068,non-expert,c2329458b043a307e392a8791d0576fd6459b9dd,1,13,without_ai,False,6069060,DEMO_6069060,MEL,NV,False,0.0,biopsy,True,0.5770808893240196,,,boardCertifiedDermatologist,Female
94b61f404b7c94b516f5999875365bc007bc0068,non-expert,c2329458b043a307e392a8791d0576fd6459b9dd,1,13,with_ai,True,6069060,DEMO_6069060,MEL,MEL,True,1.0,biopsy,True,0.5770808893240196,,,boardCertifiedDermatologist,Female
94b61f404b7c94b516f5999875365bc007bc0068,non-expert,c2329458b043a307e392a8791d0576fd6459b9dd,1,14,without_ai,False,9483710,DEMO_9483710,MEL,MEL,True,1.0,biopsy,True,0.5770808893240196,,,boardCertifiedDermatologist,Female
94b61f404b7c94b516f5999875365bc007bc0068,non-expert,c2329458b043a307e392a8791d0576fd6459b9dd,1,14,with_ai,True,9483710,DEMO_9483710,MEL,DF,False,0.0,monitor,True,0.5770808893240196,,,boardCertifiedDermatologist,Female
94b61f404b7c94b516f5999875365bc007bc0068,non-expert,c2329458b043a307e392a8791d0576fd6459b9dd,1,15,without_ai,False,3588519,DEMO_3588519,AKIEC,BKL,False,0.0,biopsy,True,0.5770808893240196,,,boardCertifiedDermatologist,Female
94b61f404b7c94b516f5999875365bc007bc0068,non-expert,c2329458b043a307e392a8791d0576fd6459b9dd,1,15,with_ai,True,3588519,DEMO_3588519,AKIEC,AKIEC,True,1.0,biopsy,True,0.5770808893240196,,,boardCertifiedDermatologist,Female
94b61f404b7c94b516f5999875365bc007bc0068,non-expert,8edeccf5e14679bef0237c9e3a23da75138edbf3,2,1,without_ai,False,3521613,DEMO_3521613,NV,NV,True,1.0,monitor,True,0.5770808893240196,,,boardCertifiedDermatologist,Female
94b61f404b7c94b516f5999875365bc007bc0068,non-expert,8edeccf5e14679bef0237c9e3a23da75138edbf3,2,1,with_ai,True,3521613,DEMO_3521613,NV,INF,False,0.0,monitor,True,0.5770808893240196,,,boardCertifiedDermatologist,Female
94b61f404b7c94b516f5999875365bc007bc0068,non-expert,8edeccf5e14679bef0237c9e3a23da75138edbf3,2,2,without_ai,False,2445057,DEMO_2445057,SCCKA,SCCKA,True,1.0,biopsy,True,0.5770808893240196,,,boardCertifiedDermatologist,Female
94b61f404b7c94b516f5999875365bc007bc0068,non-expert,8edeccf5e14679bef0237c9e3a23da75138edbf3,2,2,with_ai,True,2445057,DEMO_2445057,SCCKA,SCCKA,True,1.0,biopsy,True,0.5770808893240196,,,boardCertifiedDermatologist,Female
94b61f404b7c94b516f5999875365bc007bc0068,non-expert,8edeccf5e14679bef0237c9e3a23da75138edbf3,2,3,without_ai,False,2950689,DEMO_2950689,BCC,BCC,True,1.0,biopsy,True,0.5770808893240196,,,boardCertifiedDermatologist,Female
94b61f404b7c94b516f5999875365bc007bc0068,non-expert,8edeccf5e14679bef0237c9e3a23da75138edbf3,2,3,with_ai,True,2950689,DEMO_2950689,BCC,VASC,False,0.0,monitor,True,0.5770808893240196,,,boardCertifiedDermatologist,Female
94b61f404b7c94b516f5999875365bc007bc0068,non-expert,8edeccf5e14679bef0237c9e3a23da75138edbf3,2,4,without_ai,False,4717252,DEMO_4717252,BCC,BCC,True,1.0,biopsy,True,0.5770808893240196,,,boardCertifiedDermatologist,Female
94b61f404b7c94b516f5999875365bc007bc0068,non-expert,8edeccf5e14679bef0237c9e3a23da75138edbf3,2,4,with_ai,True,4717252,DEMO_4717252,BCC,BCC,True,1.0,local_therapy,True,0.5770808893240196,,,boardCertifiedDermatologist,Female
94b61f404b7c94b516f5999875365bc007bc0068,non-expert,8edeccf5e14679bef0237c9e3a23da75138edbf3,2,5,without_ai,False,8019580,DEMO_8019580,OTHER_BENIGN,NV,False,0.0,dismiss,True,0.5770808893240196,,,boardCertifiedDermatologist,Female
94b61f404b7c94b516f5999875365bc007bc0068,non-expert,8edeccf5e14679bef0237c9e3a23da75138edbf3,2,5,with_ai,True,8019580,DEMO_8019580,OTHER_BENIGN,DF,False,0.0,monitor,True,0.5770808893240196,,,boardCertifiedDermatologist,Female
94b61f404b7c94b516f5999875365bc007bc0068,non-expert,8edeccf5e14679bef0237c9e3a23da75138edbf3,2,6,without_ai,False,8687711,DEMO_8687711,AKIEC,AKIEC,True,1.0,local_therapy,True,0.5770808893240196,,,boardCertifiedDermatologist,Female
94b61f404b7c94b516f5999875365bc007bc0068,non-expert,8edeccf5e14679bef0237c9e3a23da75138edbf3,2,6,with_ai,True,8687711,DEMO_8687711,AKIEC,AKIEC,True,1.0,biopsy,True,0.5770808893240196,,,boardCertifiedDermatologist,Female
94b61f404b7c94b516f5999875365bc007bc0068,non-expert,8edeccf5e14679bef0237c9e3a23da75138edbf3,2,7,without_ai,False,9840275,DEMO_9840275,BKL,INF,False,0.0,dismiss,True,0.5770808893240196,,,boardCertifiedDermatologist,Female
94b61f404b7c94b516f5999875365bc007bc0068,non-expert,8edeccf5e14679bef0237c9e3a23da75138edbf3,2,7,with_ai,True,9840275,DEMO_9840275,BKL,OTHER_MALIGNANT,False,0.0,dismiss,True,0.5770808893240196,,,boardCertifiedDermatologist,Female
94b61f404b7c94b516f5999875365bc007bc0068,non-expert,8edeccf5e14679bef0237c9e3a23da75138edbf3,2,8,without_ai,False,5523595,DEMO_5523595,AKIEC,MEL,False,0.0,local_therapy,True,0.5770808893240196,,,boardCertifiedDermatologist,Female
94b61f404b7c94b516f5999875365bc007bc0068,non-expert,8edeccf5e14679bef0237c9e3a23da75138edbf3,2,8,with_ai,True,5523595,DEMO_5523595,AKIEC,MEL,False,0.0,biopsy,True,0.5770808893240196,,,boardCertifiedDermatologist,Female
94b61f404b7c94b516f5999875365bc007bc0068,non-expert,8edeccf5e14679bef0237c9e3a23da75138edbf3,2,9,without_ai,False,5528095,DEMO_5528095,SCCKA,AKIEC,False,0.0,monitor,True,0.5770808893240196,,,boardCertifiedDermatologist,Female
94b61f404b7c94b516f5999875365bc007bc0068,non-expert,8edeccf5e14679bef0237c9e3a23da75138edbf3,2,9,with_ai,True,5528095,DEMO_5528095,SCCKA,SCCKA,True,1.0,biopsy,True,0.5770808893240196,,,boardCertifiedDermatologist,Female
94b61f404b7c94b516f5999875365bc007bc0068,non-expert,8edeccf5e14679bef0237c9e3a23da75138edbf3,2,10,without_ai,False,9690999,DEMO_9690999,NV,NV,True,1.0,local_therapy,True,0.5770808893240196,,,boardCertifiedDermatologist,Female
94b61f404b7c94b516f5999875365bc007bc0068,non-expert,8edeccf5e14679bef0237c9e3a23da75138edbf3,2,10,with_ai,True,9690999,DEMO_9690999,NV,VASC,False,0.0,dismiss,True,0.5770808893240196,,,boardCertifiedDermatologist,Female
94b61f404b7c94b516f5999875365bc007bc0068,non-expert,8edeccf5e14679bef0237c9e3a23da75138edbf3,2,11,without_ai,False,6854763,DEMO_6854763,NV,NV,True,1.0,dismiss,True,0.5770808893240196,,,boardCertifiedDermatologist,Female
94b61f404b7c94b516f5999875365bc007bc0068,non-expert,8edeccf5e14679bef0237c9e3a23da75138edbf3,2,11,with_ai,True,6854763,DEMO_6854763,NV,NV,True,1.0,monitor,True,0.5770808893240196,,,boardCertifiedDermatologist,Female
94b61f404b7c94b516f5999875365bc007bc0068,non-expert,8edeccf5e14679bef0237c9e3a23da75138edbf3,2,12,without_ai,False,8338521,DEMO_8338521,SCCKA,SCCKA,True,1.0,local_therapy,True,0.5770808893240196,,,boardCertifiedDermatologist,Female
94b61f404b7c94b516f5999875365bc007bc0068,non-expert,8edeccf5e14679bef0237c9e3a23da75138edbf3,2,12,with_ai,True,8338521,DEMO_8338521,SCCKA,OTHER_MALIGNANT,False,0.0,local_therapy,True,0.5770808893240196,,,boardCertifiedDermatologist,Female
94b61f404b7c94b516f5999875365bc007bc0068,non-expert,8edeccf5e14679bef0237c9e3a23da75138edbf3,2,13,without_ai,False,4910501,DEMO_4910501,SCCKA,SCCKA,True,1.0,biopsy,True,0.5770808893240196,,,boardCertifiedDermatologist,Female
94b61f404b7c94b516f5999875365bc007bc0068,non-expert,8edeccf5e14679bef0237c9e3a23da75138edbf3,2,13,with_ai,True,4910501,DEMO_4910501,SCCKA,SCCKA,True,1.0,biopsy,True,0.5770808893240196,,,boardCertifiedDermatologist,Female
94b61f404b7c94b516f5999875365bc007bc0068,non-expert,8edeccf5e14679bef0237c9e3a23da75138edbf3,2,14,without_ai,False,2993495,DEMO_2993495,BCC,MEL,False,0.0,monitor,True,0.5770808893240196,,,boardCertifiedDermatologist,Female
94b61f404b7c94b516f5999875365bc007bc0068,non-expert,8edeccf5e14679bef0237c9e3a23da75138edbf3,2,14,with_ai,True,2993495,DEMO_2993495,BCC,BCC,True,1.0,biopsy,True,0.5770808893240196,,,boardCertifiedDermatologist,Female
94b61f404b7c94b516f5999875365bc007bc0068,non-expert,8edeccf5e14679bef0237c9e3a23da75138edbf3,2,15,without_ai,False,5979953,DEMO_5979953,BKL,OTHER_MALIGNANT,False,0.0,local_therapy,True,0.5770808893240196,,,boardCertifiedDermatologist,Female
94b61f404b7c94b516f5999875365bc007bc0068,non-expert,8edeccf5e14679bef0237c9e3a23da75138edbf3,2,15,with_ai,True,5979953,DEMO_5979953,BKL,VASC,False,0.0,monitor,True,0.5770808893240196,,,boardCertifiedDermatologist,Female
94b61f404b7c94b516f5999875365bc007bc0068,non-expert,4559656d14a09e414b1bb8587ccd6a7b5e8f3d70,3,1,without_ai,False,4193129,DEMO_4193129,NV,NV,True,1.0,dismiss,True,0.5770808893240196,,,boardCertifiedDermatologist,Female
94b61f404b7c94b516f5999875365bc007bc0068,non-expert,4559656d14a09e414b1bb8587ccd6a7b5e8f3d70,3,1,with_ai,True,4193129,DEMO_4193129,NV,NV,True,1.0,monitor,True,0.5770808893240196,,,boardCertifiedDermatologist,Female
94b61f404b7c94b516f5999875365bc007bc0068,non-expert,4559656d14a09e414b1bb8587ccd6a7b5e8f3d70,3,2,without_ai,False,4570469,DEMO_4570469,INF,INF,True,1.0,local_therapy,True,0.5770808893240196,,,boardCertifiedDermatologist,Female
94b61f404b7c94b516f5999875365bc007bc0068,non-expert,4559656d14a09e414b1bb8587ccd6a7b5e8f3d70,3,2,with_ai,True,4570469,DEMO_4570469,INF,INF,True,1.0,local_therapy,True,0.5770808893240196,,,boardCertifiedDermatologist,Female
94b61f404b7c94b516f5999875365bc007bc0068,non-expert,4559656d14a09e414b1bb8587ccd6a7b5e8f3d70,3,3,without_ai,False,5659859,DEMO_5659859,MEL,SCCKA,False,0.0,local_therapy,True,0.5770808893240196,,,boardCertifiedDermatologist,Female
94b61f404b7c94b516f5999875365bc007bc0068,non-expert,4559656d14a09e414b1bb8587ccd6a7b5e8f3d70,3,3,with_ai,True,5659859,DEMO_5659859,MEL,MEL,True,1.0,monitor,True,0.5770808893240196,,,boardCertifiedDermatologist,Female
94b61f404b7c94b516f5999875365bc007bc0068,non-expert,4559656d14a09e414b1bb8587ccd6a7b5e8f3d70,3,4,without_ai,False,535640,DEMO_0535640,NV,DF,False,0.0,dismiss,True,0.5770808893240196,,,boardCertifiedDermatologist,Female
94b61f404b7c94b516f5999875365bc007bc0068,non-expert,4559656d14a09e414b1bb8587ccd6a7b5e8f3d70,3,4,with_ai,True,535640,DEMO_0535640,NV,SCCKA,False,0.0,monitor,True,0.5770808893240196,,,boardCertifiedDermatologist,Female
94b61f404b7c94b516f5999875365bc007bc0068,non-expert,4559656d14a09e414b1bb8587ccd6a7b5e8f3d70,3,5,without_ai,False,8443227,DEMO_8443227,DF,DF,True,1.0,dismiss,True,0.5770808893240196,,,boardCertifiedDermatologist,Female
94b61f404b7c94b516f5999875365bc007bc0068,non-expert,4559656d14a09e414b1bb8587ccd6a7b5e8f3d70,3,5,with_ai,True,8443227,DEMO_8443227,DF,NV,False,0.0,local_therapy,True,0.5770808893240196,,,boardCertifiedDermatologist,Female
94b61f404b7c94b516f5999875365bc007bc0068,non-expert,4559656d14a09e414b1bb8587ccd6a7b5e8f3d70,3,6,without_ai,False,3968146,DEMO_3968146,NV,NV,True,1.0,dismiss,True,0.5770808893240196,,,boardCertifiedDermatologist,Female
94b61f404b7c94b516f5999875365bc007bc0068,non-expert,4559656d14a09e414b1bb8587ccd6a7b5e8f3d70,3,6,with_ai,True,3968146,DEMO_3968146,NV,NV,True,1.0,dismiss,True,0.5770808893240196,,,boardCertifiedDermatologist,Female
94b61f404b7c94b516f5999875365bc007bc0068,non-expert,4559656d14a09e414b1bb8587ccd6a7b5e8f3d70,3,7,without_ai,False,8524969,DEMO_8524969,INF,OTHER_BENIGN,False,0.0,biopsy,True,0.5770808893240196,,,boardCertifiedDermatologist,Female
94b61f404b7c94b516f5999875365bc007bc0068,non-expert,4559656d14a09e414b1bb8587ccd6a7b5e8f3d70,3,7,with_ai,True,8524969,DEMO_8524969,INF,VASC,False,0.0,monitor,True,0.5770808893240196,,,boardCertifiedDermatologist,Female
94b61f404b7c94b516f5999875365bc007bc0068,non-expert,4559656d14a09e414b1bb8587ccd6a7b5e8f3d70,3,8,without_ai,False,4334375,DEMO_4334375,SCCKA,DF,False,0.0,local_therapy,True,0.5770808893240196,,,boardCertifiedDermatologist,Female
94b61f404b7c94b516f5999875365bc007bc0068,non-expert,4559656d14a09e414b1bb8587ccd6a7b5e8f3d70,3,8,with_ai,True,4334375,DEMO_4334375,SCCKA,SCCKA,True,1.0,biopsy,True,0.5770808893240196,,,boardCertifiedDermatologist,Female
94b61f404b7c94b516f5999875365bc007bc0068,non-expert,4559656d14a09e414b1bb8587ccd6a7b5e8f3d70,3,9,without_ai,False,2020255,DEMO_2020255,DF,DF,True,1.0,dismiss,True,0.5770808893240196,,,boardCertifiedDermatologist,Female
94b61f404b7c94b516f5999875365bc007bc0068,non-expert,4559656d14a09e414b1bb8587ccd6a7b5e8f3d70,3,9,with_ai,True,2020255,DEMO_2020255,DF,OTHER_MALIGNANT,False,0.0,local_therapy,True,0.5770808893240196,,,boardCertifiedDermatologist,Female
94b61f404b7c94b516f5999875365bc007bc0068,non-expert,4559656d14a09e414b1bb8587ccd6a7b5e8f3d70,3,10,without_ai,False,6407646,DEMO_6407646,BCC,BCC,True,1.0,biopsy,True,0.5770808893240196,,,boardCertifiedDermatologist,Female
94b61f404b7c94b516f5999875365bc007bc0068,non-expert,4559656d14a09e414b1bb8587ccd6a7b5e8f3d70,3,10,with_ai,True,6407646,DEMO_6407646,BCC,OTHER_BENIGN,False,0.0,biopsy,True,0.5770808893240196,,,boardCertifiedDermatologist,Female
94b61f404b7c94b516f5999875365bc007bc0068,non-expert,4559656d14a09e414b1bb8587ccd6a7b5e8f3d70,3,11,without_ai,False,775126,DEMO_0775126,BKL,OTHER_MALIGNANT,False,0.0,dismiss,True,0.5770808893240196,,,boardCertifiedDermatologist,Female
94b61f404b7c94b516f5999875365bc007bc0068,non-expert,4559656d14a09e414b1bb8587ccd6a7b5e8f3d70,3,11,with_ai,True,775126,DEMO_0775126,BKL,BKL,True,1.0,monitor,True,0.5770808893240196,,,boardCertifiedDermatologist,Female
94b61f404b7c94b516f5999875365bc007bc0068,non-expert,4559656d14a09e414b1bb8587ccd6a7b5e8f3d70,3,12,without_ai,False,5615519,DEMO_5615519,BCC,MEL,False,0.0,monitor,True,0.5770808893240196,,,boardCertifiedDermatologist,Female
94b61f404b7c94b516f5999875365bc007bc0068,non-expert,4559656d14a09e414b1bb8587ccd6a7b5e8f3d70,3,12,with_ai,True,5615519,DEMO_5615519,BCC,BCC,True,1.0,biopsy,True,0.5770808893240196,,,boardCertifiedDermatologist,Female
94b61f404b7c94b516f5999875365bc007bc0068,non-expert,4559656d14a09e414b1bb8587ccd6a7b5e8f3d70,3,13,without_ai,False,318464,DEMO_0318464,BCC,BCC,True,1.0,biopsy,True,0.5770808893240196,,,boardCertifiedDermatologist,Female
94b61f404b7c94b516f5999875365bc007bc0068,non-expert,4559656d14a09e414b1bb8587ccd6a7b5e8f3d70,3,13,with_ai,True,318464,DEMO_0318464,BCC,NV,False,0.0,biopsy,True,0.5770808893240196,,,boardCertifiedDermatologist,Female
94b61f404b7c94b516f5999875365bc007bc0068,non-expert,4559656d14a09e414b1bb8587ccd6a7b5e8f3d70,3,14,without_ai,False,99438,DEMO_0099438,DF,DF,True,1.0,dismiss,True,0.5770808893240196,,,boardCertifiedDermatologist,Female
94b61f404b7c94b516f5999875365bc007bc0068,non-expert,4559656d14a09e414b1bb8587ccd6a7b5e8f3d70,3,14,with_ai,True,99438,DEMO_0099438,DF,OTHER_BENIGN,False,0.0,monitor,True,0.5770808893240196,,,boardCertifiedDermatologist,Female
94b61f404b7c94b516f5999875365bc007bc0068,non-expert,4559656d14a09e414b1bb8587ccd6a7b5e8f3d70,3,15,without_ai,False,1916023,DEMO_1916023,MEL,SCCKA,False,0.0,biopsy,True,0.5770808893240196,,,boardCertifiedDermatologist,Female
94b61f404b7c94b516f5999875365bc007bc0068,non-expert,4559656d14a09e414b1bb8587ccd6a7b5e8f3d70,3,15,with_ai,True,1916023,DEMO_1916023,MEL,BCC,False,0.0,local_therapy,True,0.5770808893240196,,,boardCertifiedDermatologist,Female
94b61f404b7c94b516f5999875365bc007bc0068,non-expert,af6a13afa4e48f0b860afd577030f00865774b4b,4,1,without_ai,False,9683360,DEMO_9683360,BKL,OTHER_MALIGNANT,False,0.0,local_therapy,True,0.5770808893240196,,,boardCertifiedDermatologist,Female
94b61f404b7c94b516f5999875365bc007bc0068,non-expert,af6a13afa4e48f0b860afd577030f00865774b4b,4,1,with_ai,True,9683360,DEMO_9683360,BKL,BKL,True,1.0,dismiss,True,0.5770808893240196,,,boardCertifiedDermatologist,Female
94b61f404b7c94b516f5999875365bc007bc0068,non-expert,af6a13afa4e48f0b860afd577030f00865774b4b,4,2,without_ai,False,1560246,DEMO_1560246,BKL,BKL,True,1.0,monitor,True,0.5770808893240196,,,boardCertifiedDermatologist,Female
94b61f404b7c94b516f5999875365bc007bc0068,non-expert,af6a13afa4e48f0b860afd577030f00865774b4b,4,2,with_ai,True,1560246,DEMO_1560246,BKL,BKL,True,1.0,dismiss,True,0.5770808893240196,,,boardCertifiedDermatologist,Female
94b61f404b7c94b516f5999875365bc007bc0068,non-expert,af6a13afa4e48f0b860afd577030f00865774b4b,4,3,without_ai,False,5167379,DEMO_5167379,BCC,NV,False,0.0,monitor,True,0.5770808893240196,,,boardCertifiedDermatologist,Female
94b61f404b7c94b516f5999875365bc007bc0068,non-expert,af6a13afa4e48f0b860afd577030f00865774b4b,4,3,with_ai,True,5167379,DEMO_5167379,BCC,BCC,True,1.0,biopsy,True,0.5770808893240196,,,boardCertifiedDermatologist,Female
94b61f404b7c94b516f5999875365bc007bc0068,non-expert,af6a13afa4e48f0b860afd577030f00865774b4b,4,4,without_ai,False,1465552,DEMO_1465552,BCC,MEL,False,0.0,biopsy,True,0.5770808893240196,,,boardCertifiedDermatologist,Female
94b61f404b7c94b516f5999875365bc007bc0068,non-expert,af6a13afa4e48f0b860afd577030f00865774b4b,4,4,with_ai,True,1465552,DEMO_1465552,BCC,VASC,False,0.0,local_therapy,True,0.5770808893240196,,,boardCertifiedDermatologist,Female
94b61f404b7c94b516f5999875365bc007bc0068,non-expert,af6a13afa4e48f0b860afd577030f00865774b4b,4,5,without_ai,False,2911706,DEMO_2911706,BKL,BKL,True,1.0,monitor,True,0.5770808893240196,,,boardCertifiedDermatologist,Female
94b61f404b7c94b516f5999875365bc007bc0068,non-expert,af6a13afa4e48f0b860afd577030f00865774b4b,4,5,with_ai,True,2911706,DEMO_2911706,BKL,BKL,True,1.0,dismiss,True,0.5770808893240196,,,boardCertifiedDermatologist,Female
94b61f404b7c94b516f5999875365bc007bc0068,non-expert,af6a13afa4e48f0b860afd577030f00865774b4b,4,6,without_ai,False,4260158,DEMO_4260158,INF,OTHER_BENIGN,False,0.0,local_therapy,True,0.5770808893240196,,,boardCertifiedDermatologist,Female
94b61f404b7c94b516f5999875365bc007bc0068,non-expert,af6a13afa4e48f0b860afd577030f00865774b4b,4,6,with_ai,True,4260158,DEMO_4260158,INF,INF,True,1.0,dismiss,True,0.5770808893240196,,,boardCertifiedDermatologist,Female
94b61f404b7c94b516f5999875365bc007bc0068,non-expert,af6a13afa4e48f0b860afd577030f00865774b4b,4,7,without_ai,False,4912641,DEMO_4912641,MEL,MEL,True,1.0,local_therapy,True,0.5770808893240196,,,boardCertifiedDermatologist,Female
94b61f404b7c94b516f5999875365bc007bc0068,non-expert,af6a13afa4e48f0b860afd577030f00865774b4b,4,7,with_ai,True,4912641,DEMO_4912641,MEL,BCC,False,0.0,local_therapy,True,0.5770808893240196,,,boardCertifiedDermatologist,Female
94b61f404b7c94b516f5999875365bc007bc0068,non-expert,af6a13afa4e48f0b860afd577030f00865774b4b,4,8,without_ai,False,6507219,DEMO_6507219,MEL,INF,False,0.0,monitor,True,0.5770808893240196,,,boardCertifiedDermatologist,Female
94b61f404b7c94b516f5999875365bc007bc0068,non-expert,af6a13afa4e48f0b860afd577030f00865774b4b,4,8,with_ai,True,6507219,DEMO_6507219,MEL,MEL,True,1.0,biopsy,True,0.5770808893240196,,,boardCertifiedDermatologist,Female
94b61f404b7c94b516f5999875365bc007bc0068,non-expert,af6a13afa4e48f0b860afd577030f00865774b4b,4,9,without_ai,False,1584190,DEMO_1584190,NV,NV,True,1.0,monitor,True,0.5770808893240196,,,boardCertifiedDermatologist,Female
94b61f404b7c94b516f5999875365bc007bc0068,non-expert,af6a13afa4e48f0b860afd577030f00865774b4b,4,9,with_ai,True,1584190,DEMO_1584190,NV,NV,True,1.0,monitor,True,0.5770808893240196,,,boardCertifiedDermatologist,Female
94b61f404b7c94b516f5999875365bc007bc0068,non-expert,af6a13afa4e48f0b860afd577030f00865774b4b,4,10,without_ai,False,475388,DEMO_0475388,BKL,AKIEC,False,0.0,biopsy,True,0.5770808893240196,,,boardCertifiedDermatologist,Female
94b61f404b7c94b516f5999875365bc007bc0068,non-expert,af6a13afa4e48f0b860afd577030f00865774b4b,4,10,with_ai,True,475388,DEMO_0475388,BKL,BKL,True,1.0,monitor,True,0.5770808893240196,,,boardCertifiedDermatologist,Female
94b61f404b7c94b516f5999875365bc007bc0068,non-expert,af6a13afa4e48f0b860afd577030f00865774b4b,4,11,without_ai,False,7260851,DEMO_7260851,BCC,BCC,True,1.0,local_therapy,True,0.5770808893240196,,,boardCertifiedDermatologist,Female
94b61f404b7c94b516f5999875365bc007bc0068,non-expert,af6a13afa4e48f0b860afd577030f00865774b4b,4,11,with_ai,True,7260851,DEMO_7260851,BCC,AKIEC,False,0.0,biopsy,True,0.5770808893240196,,,boardCertifiedDermatologist,Female
94b61f404b7c94b516f5999875365bc007bc0068,non-expert,af6a13afa4e48f0b860afd577030f00865774b4b,4,12,without_ai,False,9878253,DEMO_9878253,BCC,BCC,True,1.0,local_therapy,True,0.5770808893240196,,,boardCertifiedDermatologist,Female
94b61f404b7c94b516f5999875365bc007bc0068,non-expert,af6a13afa4e48f0b860afd577030f00865774b4b,4,12,with_ai,True,9878253,DEMO_9878253,BCC,BCC,True,1.0,local_therapy,True,0.5770808893240196,,,boardCertifiedDermatologist,Female
94b61f404b7c94b516f5999875365bc007bc0068,non-expert,af6a13afa4e48f0b860afd577030f00865774b4b,4,13,without_ai,False,5311530,DEMO_5311530,AKIEC,AKIEC,True,1.0,biopsy,True,0.5770808893240196,,,boardCertifiedDermatologist,Female
94b61f404b7c94b516f5999875365bc007bc0068,non-expert,af6a13afa4e48f0b860afd577030f00865774b4b,4,13,with_ai,True,5311530,DEMO_5311530,AKIEC,AKIEC,True,1.0,local_therapy,True,0.5770808893240196,,,boardCertifiedDermatologist,Female
94b61f404b7c94b516f5999875365bc007bc0068,non-expert,af6a13afa4e48f0b860afd577030f00865774b4b,4,14,without_ai,False,3700571,DEMO_3700571,MEL,MEL,True,1.0,dismiss,True,0.5770808893240196,,,boardCertifiedDermatologist,Female
94b61f404b7c94b516f5999875365bc007bc0068,non-expert,af6a13afa4e48f0b860afd577030f00865774b4b,4,14,with_ai,True,3700571,DEMO_3700571,MEL,MEL,True,1.0,biopsy,True,0.5770808893240196,,,boardCertifiedDermatologist,Female
94b61f404b7c94b516f5999875365bc007bc0068,non-expert,af6a13afa4e48f0b860afd577030f00865774b4b,4,15,without_ai,False,8301709,DEMO_8301709,MEL,MEL,True,1.0,local_therapy,True,0.5770808893240196,,,boardCertifiedDermatologist,Female
94b61f404b7c94b516f5999875365bc007bc0068,non-expert,af6a13afa4e48f0b860afd577030f00865774b4b,4,15,with_ai,True,8301709,DEMO_8301709,MEL,MEL,True,1.0,biopsy,True,0.5770808893240196,,,boardCertifiedDermatologist,Female
94b61f404b7c94b516f5999875365bc007bc0068,non-expert,6eb05c6e3ecc67fffbab4a9433ceede56e3c20e3,5,1,without_ai,False,5252173,DEMO_5252173,BCC,BCC,True,1.0,biopsy,True,0.5770808893240196,,,boardCertifiedDermatologist,Female
94b61f404b7c94b516f5999875365bc007bc0068,non-expert,6eb05c6e3ecc67fffbab4a9433ceede56e3c20e3,5,1,with_ai,True,5252173,DEMO_5252173,BCC,OTHER_BENIGN,False,0.0,local_therapy,True,0.5770808893240196,,,boardCertifiedDermatologist,Female
94b61f404b7c94b516f5999875365bc007bc0068,non-expert,6eb05c6e3ecc67fffbab4a9433ceede56e3c20e3,5,2,without_ai,False,8489407,DEMO_8489407,BKL,INF,False,0.0,dismiss,True,0.5770808893240196,,,boardCertifiedDermatologist,Female
94b61f404b7c94b516f5999875365bc007bc0068,non-expert,6eb05c6e3ecc67fffbab4a9433ceede56e3c20e3,5,2,with_ai,True,8489407,DEMO_8489407,BKL,BKL,True,1.0,monitor,True,0.5770808893240196,,,boardCertifiedDermatologist,Female
94b61f404b7c94b516f5999875365bc007bc0068,non-expert,6eb05c6e3ecc67fffbab4a9433ceede56e3c20e3,5,3,without_ai,False,2530,DEMO_0002530,MEL,MEL,True,1.0,dismiss,True,0.5770808893240196,,,boardCertifiedDermatologist,Female
94b61f404b7c94b516f5999875365bc007bc0068,non-expert,6eb05c6e3ecc67fffbab4a9433ceede56e3c20e3,5,3,with_ai,True,2530,DEMO_0002530,MEL,OTHER_BENIGN,False,0.0,local_therapy,True,0.5770808893240196,,,boardCertifiedDermatologist,Female
94b61f404b7c94b516f5999875365bc007bc0068,non-expert,6eb05c6e3ecc67fffbab4a9433ceede56e3c20e3,5,4,without_ai,False,9443813,DEMO_9443813,SCCKA,SCCKA,True,1.0,biopsy,True,0.5770808893240196,,,boardCertifiedDermatologist,Female
94b61f404b7c94b516f5999875365bc007bc0068,non-expert,6eb05c6e3ecc67fffbab4a9433ceede56e3c20e3,5,4,with_ai,True,9443813,DEMO_9443813,SCCKA,SCCKA,True,1.0,biopsy,True,0.5770808893240196,,,boardCertifiedDermatologist,Female
94b61f404b7c94b516f5999875365bc007bc0068,non-expert,6eb05c6e3ecc67fffbab4a9433ceede56e3c20e3,5,5,without_ai,False,3621807,DEMO_3621807,DF,DF,True,1.0,monitor,True,0.5770808893240196,,,boardCertifiedDermatologist,Female
94b61f404b7c94b516f5999875365bc007bc0068,non-expert,6eb05c6e3ecc67fffbab4a9433ceede56e3c20e3,5,5,with_ai,True,3621807,DEMO_3621807,DF,DF,True,1.0,monitor,True,0.5770808893240196,,,boardCertifiedDermatologist,Female
94b61f404b7c94b516f5999875365bc007bc0068,non-expert,6eb05c6e3ecc67fffbab4a9433ceede56e3c20e3,5,6,without_ai,False,8840467,DEMO_8840467,BKL,OTHER_BENIGN,False,0.0,monitor,True,0.5770808893240196,,,boardCertifiedDermatologist,Female
94b61f404b7c94b516f5999875365bc007bc0068,non-expert,6eb05c6e3ecc67fffbab4a9433ceede56e3c20e3,5,6,with_ai,True,8840467,DEMO_8840467,BKL,BKL,True,1.0,local_therapy,True,0.5770808893240196,,,boardCertifiedDermatologist,Female
94b61f404b7c94b516f5999875365bc007bc0068,non-expert,6eb05c6e3ecc67fffbab4a9433ceede56e3c20e3,5,7,without_ai,False,5533649,DEMO_5533649,BCC,BCC,True,1.0,biopsy,True,0.5770808893240196,,,boardCertifiedDermatologist,Female
94b61f404b7c94b516f5999875365bc007bc0068,non-expert,6eb05c6e3ecc67fffbab4a9433ceede56e3c20e3,5,7,with_ai,True,5533649,DEMO_5533649,BCC,BCC,True,1.0,biopsy,True,0.5770808893240196,,,boardCertifiedDermatologist,Female
94b61f404b7c94b516f5999875365bc007bc0068,non-expert,6eb05c6e3ecc67fffbab4a9433ceede56e3c20e3,5,8,without_ai,False,3695049,DEMO_3695049,BCC,BCC,True,1.0,monitor,True,0.5770808893240196,,,boardCertifiedDermatologist,Female
94b61f404b7c94b516f5999875365bc007bc0068,non-expert,6eb05c6e3ecc67fffbab4a9433ceede56e3c20e3,5,8,with_ai,True,3695049,DEMO_3695049,BCC,BCC,True,1.0,local_therapy,True,0.5770808893240196,,,boardCertifiedDermatologist,Female
94b61f404b7c94b516f5999875365bc007bc0068,non-expert,6eb05c6e3ecc67fffbab4a9433ceede56e3c20e3,5,9,without_ai,False,6512944,DEMO_6512944,DF,NV,False,0.0,dismiss,True,0.5770808893240196,,,boardCertifiedDermatologist,Female
94b61f404b7c94b516f5999875365bc007bc0068,non-expert,6eb05c6e3ecc67fffbab4a9433ceede56e3c20e3,5,9,with_ai,True,6512944,DEMO_6512944,DF,DF,True,1.0,monitor,True,0.5770808893240196,,,boardCertifiedDermatologist,Female
94b61f404b7c94b516f5999875365bc007bc0068,non-expert,6eb05c6e3ecc67fffbab4a9433ceede56e3c20e3,5,10,without_ai,False,2099307,DEMO_2099307,OTHER_BENIGN,OTHER_BENIGN,True,1.0,dismiss,True,0.5770808893240196,,,boardCertifiedDermatologist,Female
94b61f404b7c94b516f5999875365bc007bc0068,non-expert,6eb05c6e3ecc67fffbab4a9433ceede56e3c20e3,5,10,with_ai,True,2099307,DEMO_2099307,OTHER_BENIGN,OTHER_BENIGN,True,1.0,dismiss,True,0.5770808893240196,,,boardCertifiedDermatologist,Female
94b61f404b7c94b516f5999875365bc007bc0068,non-expert,6eb05c6e3ecc67fffbab4a9433ceede56e3c20e3,5,11,without_ai,False,8143593,DEMO_8143593,DF,OTHER_BENIGN,False,0.0,monitor,True,0.5770808893240196,,,boardCertifiedDermatologist,Female
94b61f404b7c94b516f5999875365bc007bc0068,non-expert,6eb05c6e3ecc67fffbab4a9433ceede56e3c20e3,5,11,with_ai,True,8143593,DEMO_8143593,DF,DF,True,1.0,dismiss,True,0.5770808893240196,,,boardCertifiedDermatologist,Female
94b61f404b7c94b516f5999875365bc007bc0068,non-expert,6eb05c6e3ecc67fffbab4a9433ceede56e3c20e3,5,12,without_ai,False,4956800,DEMO_4956800,BKL,BKL,True,1.0,dismiss,True,0.5770808893240196,,,boardCertifiedDermatologist,Female
94b61f404b7c94b516f5999875365bc007bc0068,non-expert,6eb05c6e3ecc67fffbab4a9433ceede56e3c20e3,5,12,with_ai,True,4956800,DEMO_4956800,BKL,BKL,True,1.0,biopsy,True,0.5770808893240196,,,boardCertifiedDermatologist,Female
94b61f404b7c94b516f5999875365bc007bc0068,non-expert,6eb05c6e3ecc67fffbab4a9433ceede56e3c20e3,5,13,without_ai,False,8843365,DEMO_8843365,BKL,BKL,True,1.0,dismiss,True,0.5770808893240196,,,boardCertifiedDermatologist,Female
94b61f404b7c94b516f5999875365bc007bc0068,non-expert,6eb05c6e3ecc67fffbab4a9433ceede56e3c20e3,5,13,with_ai,True,8843365,DEMO_8843365,BKL,VASC,False,0.0,dismiss,True,0.5770808893240196,,,boardCertifiedDermatologist,Female
94b61f404b7c94b516f5999875365bc007bc0068,non-expert,6eb05c6e3ecc67fffbab4a9433ceede56e3c20e3,5,14,without_ai,False,6454179,DEMO_6454179,NV,NV,True,1.0,dismiss,True,0.5770808893240196,,,boardCertifiedDermatologist,Female
94b61f404b7c94b516f5999875365bc007bc0068,non-expert,6eb05c6e3ecc67fffbab4a9433ceede56e3c20e3,5,14,with_ai,True,6454179,DEMO_6454179,NV,NV,True,1.0,monitor,True,0.5770808893240196,,,boardCertifiedDermatologist,Female
94b61f404b7c94b516f5999875365bc007bc0068,non-expert,6eb05c6e3ecc67fffbab4a9433ceede56e3c20e3,5,15,without_ai,False,1940233,DEMO_1940233,MEL,OTHER_BENIGN,False,0.0,local_therapy,True,0.5770808893240196,,,boardCertifiedDermatologist,Female
94b61f404b7c94b516f5999875365bc007bc0068,non-expert,6eb05c6e3ecc67fffbab4a9433ceede56e3c20e3,5,15,with_ai,True,1940233,DEMO_1940233,MEL,MEL,True,1.0,biopsy,True,0.5770808893240196,,,boardCertifiedDermatologist,Female
7df3b1b11a39b3bb373673660f43f48f246d2254,non-expert,30c1c6c320a083c04bab77b44d1b80f476ab9b9f,1,1,without_ai,False,665552,DEMO_0665552,OTHER_MALIGNANT,OTHER_MALIGNANT,True,1.0,local_therapy,True,0.3151585935114041,,,generalPractitioner,Female
7df3b1b11a39b3bb373673660f43f48f246d2254,non-expert,30c1c6c320a083c04bab77b44d1b80f476ab9b9f,1,1,with_ai,True,665552,DEMO_0665552,OTHER_MALIGNANT,DF,False,0.0,biopsy,True,0.3151585935114041,,,generalPractitioner,Female
7df3b1b11a39b3bb373673660f43f48f246d2254,non-expert,30c1c6c320a083c04bab77b44d1b80f476ab9b9f,1,2,without_ai,False,8436826,DEMO_8436826,AKIEC,MEL,False,0.0,biopsy,True,0.3151585935114041,,,generalPractitioner,Female
7df3b1b11a39b3bb373673660f43f48f246d2254,non-expert,30c1c6c320a083c04bab77b44d1b80f476ab9b9f,1,2,with_ai,True,8436826,DEMO_8436826,AKIEC,BCC,False,0.0,dismiss,True,0.3151585935114041,,,generalPractitioner,Female
7df3b1b11a39b3bb373673660f43f48f246d2254,non-expert,30c1c6c320a083c04bab77b44d1b80f476ab9b9f,1,3,without_ai,False,9540143,DEMO_9540143,DF,DF,True,1.0,monitor,True,0.3151585935114041,,,generalPractitioner,Female
7df3b1b11a39b3bb373673660f43f48f246d2254,non-expert,30c1c6c320a083c04bab77b44d1b80f476ab9b9f,1,3,with_ai,True,9540143,DEMO_9540143,DF,OTHER_BENIGN,False,0.0,dismiss,True,0.3151585935114041,,,generalPractitioner,Female
7df3b1b11a39b3bb373673660f43f48f246d2254,non-expert,30c1c6c320a083c04bab77b44d1b80f476ab9b9f,1,4,without_ai,False,3959763,DEMO_3959763,DF,DF,True,1.0,monitor,True,0.3151585935114041,,,generalPractitioner,Female
7df3b1b11a39b3bb373673660f43f48f246d2254,non-expert,30c1c6c320a083c04bab77b44d1b80f476ab9b9f,1,4,with_ai,True,3959763,DEMO_3959763,DF,DF,True,1.0,dismiss,True,0.3151585935114041,,,generalPractitioner,Female
7df3b1b11a39b3bb373673660f43f48f246d2254,non-expert,30c1c6c320a083c04bab77b44d1b80f476ab9b9f,1,5,without_ai,False,1517370,DEMO_1517370,NV,NV,True,1.0,dismiss,True,0.3151585935114041,,,generalPractitioner,Female
7df3b1b11a39b3bb373673660f43f48f246d2254,non-expert,30c1c6c320a083c04bab77b44d1b80f476ab9b9f,1,5,with_ai,True,1517370,DEMO_1517370,NV,OTHER_MALIGNANT,False,0.0,monitor,True,0.3151585935114041,,,generalPractitioner,Female
7df3b1b11a39b3bb373673660f43f48f246d2254,non-expert,30c1c6c320a083c04bab77b44d1b80f476ab9b9f,1,6,without_ai,False,5073117,DEMO_5073117,NV,NV,True,1.0,dismiss,True,0.3151585935114041,,,generalPractitioner,Female
7df3b1b11a39b3bb373673660f43f48f246d2254,non-expert,30c1c6c320a083c04bab77b44d1b80f476ab9b9f,1,6,with_ai,True,5073117,DEMO_5073117,NV,MEL,False,0.0,dismiss,True,0.3151585935114041,,,generalPractitioner,Female
7df3b1b11a39b3bb373673660f43f48f246d2254,non-expert,30c1c6c320a083c04bab77b44d1b80f476ab9b9f,1,7,without_ai,False,7332964,DEMO_7332964,SCCKA,VASC,False,0.0,local_therapy,True,0.3151585935114041,,,generalPractitioner,Female
7df3b1b11a39b3bb373673660f43f48f246d2254,non-expert,30c1c6c320a083c04bab77b44d1b80f476ab9b9f,1,7,with_ai,True,7332964,DEMO_7332964,SCCKA,DF,False,0.0,biopsy,True,0.3151585935114041,,,generalPractitioner,Female
7df3b1b11a39b3bb373673660f43f48f246d2254,non-expert,30c1c6c320a083c04bab77b44d1b80f476ab9b9f,1,8,without_ai,False,8085814,DEMO_8085814,DF,VASC,False,0.0,local_therapy,True,0.3151585935114041,,,generalPractitioner,Female
7df3b1b11a39b3bb373673660f43f48f246d2254,non-expert,30c1c6c320a083c04bab77b44d1b80f476ab9b9f,1,8,with_ai,True,8085814,DEMO_8085814,DF,DF,True,1.0,monitor,True,0.3151585935114041,,,generalPractitioner,Female
7df3b1b11a39b3bb373673660f43f48f246d2254,non-expert,30c1c6c320a083c04bab77b44d1b80f476ab9b9f,1,9,without_ai,False,8985000,DEMO_8985000,SCCKA,AKIEC,False,0.0,local_therapy,True,0.3151585935114041,,,generalPractitioner,Female
7df3b1b11a39b3bb373673660f43f48f246d2254,non-expert,30c1c6c320a083c04bab77b44d1b80f476ab9b9f,1,9,with_ai,True,8985000,DEMO_8985000,SCCKA,AKIEC,False,0.0,local_therapy,True,0.3151585935114041,,,generalPractitioner,Female
7df3b1b11a39b3bb373673660f43f48f246d2254,non-expert,30c1c6c320a083c04bab77b44d1b80f476ab9b9f,1,10,without_ai,False,349906,DEMO_0349906,DF,AKIEC,False,0.0,dismiss,True,0.3151585935114041,,,generalPractitioner,Female
7df3b1b11a39b3bb373673660f43f48f246d2254,non-expert,30c1c6c320a083c04bab77b44d1b80f476ab9b9f,1,10,with_ai,True,349906,DEMO_0349906,DF,DF,True,1.0,dismiss,True,0.3151585935114041,,,generalPractitioner,Female
7df3b1b11a39b3bb373673660f43f48f246d2254,non-expert,30c1c6c320a083c04bab77b44d1b80f476ab9b9f,1,11,without_ai,False,8299579,DEMO_8299579,OTHER_BENIGN,OTHER_BENIGN,True,1.0,monitor,True,0.3151585935114041,,,generalPractitioner,Female
7df3b1b11a39b3bb373673660f43f48f246d2254,non-expert,30c1c6c320a083c04bab77b44d1b80f476ab9b9f,1,11,with_ai,True,8299579,DEMO_8299579,OTHER_BENIGN,OTHER_BENIGN,True,1.0,monitor,True,0.3151585935114041,,,generalPractitioner,Female
7df3b1b11a39b3bb373673660f43f48f246d2254,non-expert,30c1c6c320a083c04bab77b44d1b80f476ab9b9f,1,12,without_ai,False,7037442,DEMO_7037442,DF,VASC,False,0.0,dismiss,True,0.3151585935114041,,,generalPractitioner,Female
7df3b1b11a39b3bb373673660f43f48f246d2254,non-expert,30c1c6c320a083c04bab77b44d1b80f476ab9b9f,1,12,with_ai,True,7037442,DEMO_7037442,DF,BKL,False,0.0,monitor,True,0.3151585935114041,,,generalPractitioner,Female
7df3b1b11a39b3bb373673660f43f48f246d2254,non-expert,30c1c6c320a083c04bab77b44d1b80f476ab9b9f,1,13,without_ai,False,2996495,DEMO_2996495,NV,OTHER_MALIGNANT,False,0.0,dismiss,True,0.3151585935114041,,,generalPractitioner,Female
7df3b1b11a39b3bb373673660f43f48f246d2254,non-expert,30c1c6c320a083c04bab77b44d1b80f476ab9b9f,1,13,with_ai,True,2996495,DEMO_2996495,NV,NV,True,1.0,monitor,True,0.3151585935114041,,,generalPractitioner,Female
7df3b1b11a39b3bb373673660f43f48f246d2254,non-expert,30c1c6c320a083c04bab77b44d1b80f476ab9b9f,1,14,without_ai,False,4595445,DEMO_4595445,BCC,BCC,True,1.0,local_therapy,True,0.3151585935114041,,,generalPractitioner,Female
7df3b1b11a39b3bb373673660f43f48f246d2254,non-expert,30c1c6c320a083c04bab77b44d1b80f476ab9b9f,1,14,with_ai,True,4595445,DEMO_4595445,BCC,SCCKA,False,0.0,local_therapy,True,0.3151585935114041,,,generalPractitioner,Female
7df3b1b11a39b3bb373673660f43f48f246d2254,non-expert,30c1c6c320a083c04bab77b44d1b80f476ab9b9f,1,15,without_ai,False,4991083,DEMO_4991083,BKL,BKL,True,1.0,monitor,True,0.3151585935114041,,,generalPractitioner,Female
7df3b1b11a39b3bb373673660f43f48f246d2254,non-expert,30c1c6c320a083c04bab77b44d1b80f476ab9b9f,1,15,with_ai,True,4991083,DEMO_4991083,BKL,BKL,True,1.0,monitor,True,0.3151585935114041,,,generalPractitioner,Female
284a528fcc5d6b88bde54980daf196aaacbfccde,expert,6e7c11412be24b0190cc9ac71bf59fc81b07c364,1,1,without_ai,False,8727963,DEMO_8727963,AKIEC,BKL,False,0.0,local_therapy,True,0.7800755240355507,,,medicalStudent,Male
284a528fcc5d6b88bde54980daf196aaacbfccde,expert,6e7c11412be24b0190cc9ac71bf59fc81b07c364,1,1,with_ai,True,8727963,DEMO_8727963,AKIEC,AKIEC,True,1.0,local_therapy,True,0.7800755240355507,,,medicalStudent,Male
284a528fcc5d6b88bde54980daf196aaacbfccde,expert,6e7c11412be24b0190cc9ac71bf59fc81b07c364,1,2,without_ai,False,5126816,DEMO_5126816,MEL,MEL,True,1.0,local_therapy,True,0.7800755240355507,,,medicalStudent,Male
284a528fcc5d6b88bde54980daf196aaacbfccde,expert,6e7c11412be24b0190cc9ac71bf59fc81b07c364,1,2,with_ai,True,5126816,DEMO_5126816,MEL,MEL,True,1.0,biopsy,True,0.7800755240355507,,,medicalStudent,Male
284a528fcc5d6b88bde54980daf196aaacbfccde,expert,6e7c11412be24b0190cc9ac71bf59fc81b07c364,1,3,without_ai,False,5399886,DEMO_5399886,MEL,MEL,True,1.0,monitor,True,0.7800755240355507,,,medicalStudent,Male
284a528fcc5d6b88bde54980daf196aaacbfccde,expert,6e7c11412be24b0190cc9ac71bf59fc81b07c364,1,3,with_ai,True,5399886,DEMO_5399886,MEL,MEL,True,1.0,biopsy,True,0.7800755240355507,,,medicalStudent,Male
284a528fcc5d6b88bde54980daf196aaacbfccde,expert,6e7c11412be24b0190cc9ac71bf59fc81b07c364,1,4,without_ai,False,1553780,DEMO_1553780,NV,NV,True,1.0,dismiss,True,0.7800755240355507,,,medicalStudent,Male
284a528fcc5d6b88bde54980daf196aaacbfccde,expert,6e7c11412be24b0190cc9ac71bf59fc81b07c364,1,4,with_ai,True,1553780,DEMO_1553780,NV,NV,True,1.0,monitor,True,0.7800755240355507,,,medicalStudent,Male
284a528fcc5d6b88bde54980daf196aaacbfccde,expert,6e7c11412be24b0190cc9ac71bf59fc81b07c364,1,5,without_ai,False,5712030,DEMO_5712030,AKIEC,AKIEC,True,1.0,local_therapy,True,0.7800755240355507,,,medicalStudent,Male
284a528fcc5d6b88bde54980daf196aaacbfccde,expert,6e7c11412be24b0190cc9ac71bf59fc81b07c364,1,5,with_ai,True,5712030,DEMO_5712030,AKIEC,AKIEC,True,1.0,biopsy,True,0.7800755240355507,,,medicalStudent,Male
284a528fcc5d6b88bde54980daf196aaacbfccde,expert,6e7c11412be24b0190cc9ac71bf59fc81b07c364,1,6,without_ai,False,1441532,DEMO_1441532,BCC,BCC,True,1.0,local_therapy,True,0.7800755240355507,,,medicalStudent,Male
284a528fcc5d6b88bde54980daf196aaacbfccde,expert,6e7c11412be24b0190cc9ac71bf59fc81b07c364,1,6,with_ai,True,1441532,DEMO_1441532,BCC,BCC,True,1.0,monitor,True,0.7800755240355507,,,medicalStudent,Male
284a528fcc5d6b88bde54980daf196aaacbfccde,expert,6e7c11412be24b0190cc9ac71bf59fc81b07c364,1,7,without_ai,False,7312458,DEMO_7312458,NV,NV,True,1.0,local_therapy,True,0.7800755240355507,,,medicalStudent,Male
284a528fcc5d6b88bde54980daf196aaacbfccde,expert,6e7c11412be24b0190cc9ac71bf59fc81b07c364,1,7,with_ai,True,7312458,DEMO_7312458,NV,NV,True,1.0,local_therapy,True,0.7800755240355507,,,medicalStudent,Male
284a528fcc5d6b88bde54980daf196aaacbfccde,expert,6e7c11412be24b0190cc9ac71bf59fc81b07c364,1,8,without_ai,False,3408695,DEMO_3408695,BCC,BCC,True,1.0,biopsy,True,0.7800755240355507,,,medicalStudent,Male
284a528fcc5d6b88bde54980daf196aaacbfccde,expert,6e7c11412be24b0190cc9ac71bf59fc81b07c364,1,8,with_ai,True,3408695,DEMO_3408695,BCC,AKIEC,False,0.0,biopsy,True,0.7800755240355507,,,medicalStudent,Male
284a528fcc5d6b88bde54980daf196aaacbfccde,expert,6e7c11412be24b0190cc9ac71bf59fc81b07c364,1,9,without_ai,False,1525769,DEMO_1525769,MEL,MEL,True,1.0,local_therapy,True,0.7800755240355507,,,medicalStudent,Male
284a528fcc5d6b88bde54980daf196aaacbfccde,expert,6e7c11412be24b0190cc9ac71bf59fc81b07c364,1,9,with_ai,True,1525769,DEMO_1525769,MEL,MEL,True,1.0,local_therapy,True,0.7800755240355507,,,medicalStudent,Male
284a528fcc5d6b88bde54980daf196aaacbfccde,expert,6e7c11412be24b0190cc9ac71bf59fc81b07c364,1,10,without_ai,False,1902310,DEMO_1902310,OTHER_BENIGN,OTHER_BENIGN,True,1.0,monitor,True,0.7800755240355507,,,medicalStudent,Male
284a528fcc5d6b88bde54980daf196aaacbfccde,expert,6e7c11412be24b0190cc9ac71bf59fc81b07c364,1,10,with_ai,True,1902310,DEMO_1902310,OTHER_BENIGN,OTHER_BENIGN,True,1.0,biopsy,True,0.7800755240355507,,,medicalStudent,Male
284a528fcc5d6b88bde54980daf196aaacbfccde,expert,6e7c11412be24b0190cc9ac71bf59fc81b07c364,1,11,without_ai,False,4798189,DEMO_4798189,BCC,BCC,True,1.0,monitor,True,0.7800755240355507,,,medicalStudent,Male
284a528fcc5d6b88bde54980daf196aaacbfccde,expert,6e7c11412be24b0190cc9ac71bf59fc81b07c364,1,11,with_ai,True,4798189,DEMO_4798189,BCC,BCC,True,1.0,local_therapy,True,0.7800755240355507,,,medicalStudent,Male
284a528fcc5d6b88bde54980daf196aaacbfccde,expert,6e7c11412be24b0190cc9ac71bf59fc81b07c364,1,12,without_ai,False,4956078,DEMO_4956078,DF,AKIEC,False,0.0,dismiss,True,0.7800755240355507,,,medicalStudent,Male
284a528fcc5d6b88bde54980daf196aaacbfccde,expert,6e7c11412be24b0190cc9ac71bf59fc81b07c364,1,12,with_ai,True,4956078,DEMO_4956078,DF,DF,True,1.0,monitor,True,0.7800755240355507,,,medicalStudent,Male
284a528fcc5d6b88bde54980daf196aaacbfccde,expert,6e7c11412be24b0190cc9ac71bf59fc81b07c364,1,13,without_ai,False,9163050,DEMO_9163050,BKL,BKL,True,1.0,dismiss,True,0.7800755240355507,,,medicalStudent,Male
284a528fcc5d6b88bde54980daf196aaacbfccde,expert,6e7c11412be24b0190cc9ac71bf59fc81b07c364,1,13,with_ai,True,9163050,DEMO_9163050,BKL,BKL,True,1.0,dismiss,True,0.7800755240355507,,,medicalStudent,Male
284a528fcc5d6b88bde54980daf196aaacbfccde,expert,6e7c11412be24b0190cc9ac71bf59fc81b07c364,1,14,without_ai,False,8482366,DEMO_8482366,OTHER_BENIGN,OTHER_BENIGN,True,1.0,dismiss,True,0.7800755240355507,,,medicalStudent,Male
284a528fcc5d6b88bde54980daf196aaacbfccde,expert,6e7c11412be24b0190cc9ac71bf59fc81b07c364,1,14,with_ai,True,8482366,DEMO_8482366,OTHER_BENIGN,OTHER_BENIGN,True,1.0,local_therapy,True,0.7800755240355507,,,medicalStudent,Male
284a528fcc5d6b88bde54980daf196aaacbfccde,expert,6e7c11412be24b0190cc9ac71bf59fc81b07c364,1,15,without_ai,False,6129415,DEMO_6129415,BKL,BKL,True,1.0,dismiss,True,0.7800755240355507,,,medicalStudent,Male
284a528fcc5d6b88bde54980daf196aaacbfccde,expert,6e7c11412be24b0190cc9ac71bf59fc81b07c364,1,15,with_ai,True,6129415,DEMO_6129415,BKL,BKL,True,1.0,dismiss,True,0.7800755240355507,,,medicalStudent,Male
7c7699fdc52be9755134e3fb5eade0975fe0c561,expert,46d02d5de6fb5185609cd980a498c20da5f4c6ea,1,1,without_ai,False,9150963,DEMO_9150963,NV,NV,True,1.0,monitor,True,0.7552563415925483,31-40,,dermatologyResident,Female
7c7699fdc52be9755134e3fb5eade0975fe0c561,expert,46d02d5de6fb5185609cd980a498c20da5f4c6ea,1,1,with_ai,True,9150963,DEMO_9150963,NV,NV,True,1.0,monitor,True,0.7552563415925483,31-40,,dermatologyResident,Female
7c7699fdc52be9755134e3fb5eade0975fe0c561,expert,46d02d5de6fb5185609cd980a498c20da5f4c6ea,1,2,without_ai,False,22932,DEMO_0022932,BCC,BCC,True,1.0,local_therapy,True,0.7552563415925483,31-40,,dermatologyResident,Female
7c7699fdc52be9755134e3fb5eade0975fe0c561,expert,46d02d5de6fb5185609cd980a498c20da5f4c6ea,1,2,with_ai,True,22932,DEMO_0022932,BCC,BCC,True,1.0,local_therapy,True,0.7552563415925483,31-40,,dermatologyResident,Female
7c7699fdc52be9755134e3fb5eade0975fe0c561,expert,46d02d5de6fb5185609cd980a498c20da5f4c6ea,1,3,without_ai,False,2693203,DEMO_2693203,SCCKA,NV,False,0.0,monitor,True,0.7552563415925483,31-40,,dermatologyResident,Female
7c7699fdc52be9755134e3fb5eade0975fe0c561,expert,46d02d5de6fb5185609cd980a498c20da5f4c6ea,1,3,with_ai,True,2693203,DEMO_2693203,SCCKA,SCCKA,True,1.0,local_therapy,True,0.7552563415925483,31-40,,dermatologyResident,Female
7c7699fdc52be9755134e3fb5eade0975fe0c561,expert,46d02d5de6fb5185609cd980a498c20da5f4c6ea,1,4,without_ai,False,4337874,DEMO_4337874,OTHER_BENIGN,OTHER_BENIGN,True,1.0,dismiss,True,0.7552563415925483,31-40,,dermatologyResident,Female
7c7699fdc52be9755134e3fb5eade0975fe0c561,expert,46d02d5de6fb5185609cd980a498c20da5f4c6ea,1,4,with_ai,True,4337874,DEMO_4337874,OTHER_BENIGN,OTHER_BENIGN,True,1.0,biopsy,True,0.7552563415925483,31-40,,dermatologyResident,Female
7c7699fdc52be9755134e3fb5eade0975fe0c561,expert,46d02d5de6fb5185609cd980a498c20da5f4c6ea,1,5,without_ai,False,7606531,DEMO_7606531,NV,MEL,False,0.0,monitor,True,0.7552563415925483,31-40,,dermatologyResident,Female
7c7699fdc52be9755134e3fb5eade0975fe0c561,expert,46d02d5de6fb5185609cd980a498c20da5f4c6ea,1,5,with_ai,True,7606531,DEMO_7606531,NV,NV,True,1.0,dismiss,True,0.7552563415925483,31-40,,dermatologyResident,Female
7c7699fdc52be9755134e3fb5eade0975fe0c561,expert,46d02d5de6fb5185609cd980a498c20da5f4c6ea,1,6,without_ai,False,2890301,DEMO_2890301,BCC,BCC,True,1.0,biopsy,True,0.7552563415925483,31-40,,dermatologyResident,Female
7c7699fdc52be9755134e3fb5eade0975fe0c561,expert,46d02d5de6fb5185609cd980a498c20da5f4c6ea,1,6,with_ai,True,2890301,DEMO_2890301,BCC,BCC,True,1.0,biopsy,True,0.7552563415925483,31-40,,dermatologyResident,Female
7c7699fdc52be9755134e3fb5eade0975fe0c561,expert,46d02d5de6fb5185609cd980a498c20da5f4c6ea,1,7,without_ai,False,4543108,DEMO_4543108,BCC,BCC,True,1.0,biopsy,True,0.7552563415925483,31-40,,dermatologyResident,Female
7c7699fdc52be9755134e3fb5eade0975fe0c561,expert,46d02d5de6fb5185609cd980a498c20da5f4c6ea,1,7,with_ai,True,4543108,DEMO_4543108,BCC,BCC,True,1.0,local_therapy,True,0.7552563415925483,31-40,,dermatologyResident,Female
7c7699fdc52be9755134e3fb5eade0975fe0c561,expert,46d02d5de6fb5185609cd980a498c20da5f4c6ea,1,8,without_ai,False,4752384,DEMO_4752384,MEL,MEL,True,1.0,local_therapy,True,0.7552563415925483,31-40,,dermatologyResident,Female
7c7699fdc52be9755134e3fb5eade0975fe0c561,expert,46d02d5de6fb5185609cd980a498c20da5f4c6ea,1,8,with_ai,True,4752384,DEMO_4752384,MEL,SCCKA,False,0.0,biopsy,True,0.7552563415925483,31-40,,dermatologyResident,Female
7c7699fdc52be9755134e3fb5eade0975fe0c561,expert,46d02d5de6fb5185609cd980a498c20da5f4c6ea,1,9,without_ai,False,9342795,DEMO_9342795,BCC,MEL,False,0.0,biopsy,True,0.7552563415925483,31-40,,dermatologyResident,Female
7c7699fdc52be9755134e3fb5eade0975fe0c561,expert,46d02d5de6fb5185609cd980a498c20da5f4c6ea,1,9,with_ai,True,9342795,DEMO_9342795,BCC,BCC,True,1.0,biopsy,True,0.7552563415925483,31-40,,dermatologyResident,Female
7c7699fdc52be9755134e3fb5eade0975fe0c561,expert,46d02d5de6fb5185609cd980a498c20da5f4c6ea,1,10,without_ai,False,5804935,DEMO_5804935,BKL,BKL,True,1.0,monitor,True,0.7552563415925483,31-40,,dermatologyResident,Female
7c7699fdc52be9755134e3fb5eade0975fe0c561,expert,46d02d5de6fb5185609cd980a498c20da5f4c6ea,1,10,with_ai,True,5804935,DEMO_5804935,BKL,BKL,True,1.0,monitor,True,0.7552563415925483,31-40,,dermatologyResident,Female
7c7699fdc52be9755134e3fb5eade0975fe0c561,expert,46d02d5de6fb5185609cd980a498c20da5f4c6ea,1,11,without_ai,False,6022264,DEMO_6022264,BCC,BCC,True,1.0,monitor,True,0.7552563415925483,31-40,,dermatologyResident,Female
7c7699fdc52be9755134e3fb5eade0975fe0c561,expert,46d02d5de6fb5185609cd980a498c20da5f4c6ea,1,11,with_ai,True,6022264,DEMO_6022264,BCC,INF,False,0.0,dismiss,True,0.7552563415925483,31-40,,dermatologyResident,Female
7c7699fdc52be9755134e3fb5eade0975fe0c561,expert,46d02d5de6fb5185609cd980a498c20da5f4c6ea,1,12,without_ai,False,4253673,DEMO_4253673,DF,AKIEC,False,0.0,local_therapy,True,0.7552563415925483,31-40,,dermatologyResident,Female
7c7699fdc52be9755134e3fb5eade0975fe0c561,expert,46d02d5de6fb5185609cd980a498c20da5f4c6ea,1,12,with_ai,True,4253673,DEMO_4253673,DF,DF,True,1.0,monitor,True,0.7552563415925483,31-40,,dermatologyResident,Female
7c7699fdc52be9755134e3fb5eade0975fe0c561,expert,46d02d5de6fb5185609cd980a498c20da5f4c6ea,1,13,without_ai,False,1902455,DEMO_1902455,AKIEC,AKIEC,True,1.0,local_therapy,True,0.7552563415925483,31-40,,dermatologyResident,Female
7c7699fdc52be9755134e3fb5eade0975fe0c561,expert,46d02d5de6fb5185609cd980a498c20da5f4c6ea,1,13,with_ai,True,1902455,DEMO_1902455,AKIEC,AKIEC,True,1.0,dismiss,True,0.7552563415925483,31-40,,dermatologyResident,Female
7c7699fdc52be9755134e3fb5eade0975fe0c561,expert,46d02d5de6fb5185609cd980a498c20da5f4c6ea,1,14,without_ai,False,9568416,DEMO_9568416,AKIEC,AKIEC,True,1.0,biopsy,True,0.7552563415925483,31-40,,dermatologyResident,Female
7c7699fdc52be9755134e3fb5eade0975fe0c561,expert,46d02d5de6fb5185609cd980a498c20da5f4c6ea,1,14,with_ai,True,9568416,DEMO_9568416,AKIEC,AKIEC,True,1.0,biopsy,True,0.7552563415925483,31-40,,dermatologyResident,Female
7c7699fdc52be9755134e3fb5eade0975fe0c561,expert,46d02d5de6fb5185609cd980a498c20da5f4c6ea,1,15,without_ai,False,4056120,DEMO_4056120,NV,NV,True,1.0,dismiss,True,0.7552563415925483,31-40,,dermatologyResident,Female
7c7699fdc52be9755134e3fb5eade0975fe0c561,expert,46d02d5de6fb5185609cd980a498c20da5f4c6ea,1,15,with_ai,True,4056120,DEMO_4056120,NV,NV,True,1.0,dismiss,True,0.7552563415925483,31-40,,dermatologyResident,Female
7c7699fdc52be9755134e3fb5eade0975fe0c561,expert,ba283a84326d07bf1b8880a37a04e1178aa1aea4,2,1,without_ai,False,5754341,DEMO_5754341,SCCKA,SCCKA,True,1.0,dismiss,True,0.7552563415925483,31-40,,dermatologyResident,Female
7c7699fdc52be9755134e3fb5eade0975fe0c561,expert,ba283a84326d07bf1b8880a37a04e1178aa1aea4,2,1,with_ai,True,5754341,DEMO_5754341,SCCKA,SCCKA,True,1.0,local_therapy,True,0.7552563415925483,31-40,,dermatologyResident,Female
7c7699fdc52be9755134e3fb5eade0975fe0c561,expert,ba283a84326d07bf1b8880a37a04e1178aa1aea4,2,2,without_ai,False,1465497,DEMO_1465497,AKIEC,AKIEC,True,1.0,biopsy,True,0.7552563415925483,31-40,,dermatologyResident,Female
7c7699fdc52be9755134e3fb5eade0975fe0c561,expert,ba283a84326d07bf1b8880a37a04e1178aa1aea4,2,2,with_ai,True,1465497,DEMO_1465497,AKIEC,OTHER_BENIGN,False,0.0,local_therapy,True,0.7552563415925483,31-40,,dermatologyResident,Female
7c7699fdc52be9755134e3fb5eade0975fe0c561,expert,ba283a84326d07bf1b8880a37a04e1178aa1aea4,2,3,without_ai,False,9344914,DEMO_9344914,DF,DF,True,1.0,dismiss,True,0.7552563415925483,31-40,,dermatologyResident,Female
7c7699fdc52be9755134e3fb5eade0975fe0c561,expert,ba283a84326d07bf1b8880a37a04e1178aa1aea4,2,3,with_ai,True,9344914,DEMO_9344914,DF,MEL,False,0.0,dismiss,True,0.7552563415925483,31-40,,dermatologyResident,Female
7c7699fdc52be9755134e3fb5eade0975fe0c561,expert,ba283a84326d07bf1b8880a37a04e1178aa1aea4,2,4,without_ai,False,5985531,DEMO_5985531,SCCKA,SCCKA,True,1.0,biopsy,True,0.7552563415925483,31-40,,dermatologyResident,Female
7c7699fdc52be9755134e3fb5eade0975fe0c561,expert,ba283a84326d07bf1b8880a37a04e1178aa1aea4,2,4,with_ai,True,5985531,DEMO_5985531,SCCKA,SCCKA,True,1.0,biopsy,True,0.7552563415925483,31-40,,dermatologyResident,Female
7c7699fdc52be9755134e3fb5eade0975fe0c561,expert,ba283a84326d07bf1b8880a37a04e1178aa1aea4,2,5,without_ai,False,333609,DEMO_0333609,BKL,NV,False,0.0,dismiss,True,0.7552563415925483,31-40,,dermatologyResident,Female
7c7699fdc52be9755134e3fb5eade0975fe0c561,expert,ba283a84326d07bf1b8880a37a04e1178aa1aea4,2,5,with_ai,True,333609,DEMO_0333609,BKL,DF,False,0.0,dismiss,True,0.7552563415925483,31-40,,dermatologyResident,Female
7c7699fdc52be9755134e3fb5eade0975fe0c561,expert,ba283a84326d07bf1b8880a37a04e1178aa1aea4,2,6,without_ai,False,5603827,DEMO_5603827,NV,NV,True,1.0,dismiss,True,0.7552563415925483,31-40,,dermatologyResident,Female
7c7699fdc52be9755134e3fb5eade0975fe0c561,expert,ba283a84326d07bf1b8880a37a04e1178aa1aea4,2,6,with_ai,True,5603827,DEMO_5603827,NV,NV,True,1.0,dismiss,True,0.7552563415925483,31-40,,dermatologyResident,Female
7c7699fdc52be9755134e3fb5eade0975fe0c561,expert,ba283a84326d07bf1b8880a37a04e1178aa1aea4,2,7,without_ai,False,5985788,DEMO_5985788,MEL,MEL,True,1.0,biopsy,True,0.7552563415925483,31-40,,dermatologyResident,Female
7c7699fdc52be9755134e3fb5eade0975fe0c561,expert,ba283a84326d07bf1b8880a37a04e1178aa1aea4,2,7,with_ai,True,5985788,DEMO_5985788,MEL,MEL,True,1.0,biopsy,True,0.7552563415925483,31-40,,dermatologyResident,Female
7c7699fdc52be9755134e3fb5eade0975fe0c561,expert,ba283a84326d07bf1b8880a37a04e1178aa1aea4,2,8,without_ai,False,5691608,DEMO_5691608,BCC,BCC,True,1.0,monitor,True,0.7552563415925483,31-40,,dermatologyResident,Female
7c7699fdc52be9755134e3fb5eade0975fe0c561,expert,ba283a84326d07bf1b8880a37a04e1178aa1aea4,2,8,with_ai,True,5691608,DEMO_5691608,BCC,BCC,True,1.0,monitor,True,0.7552563415925483,31-40,,dermatologyResident,Female
7c7699fdc52be9755134e3fb5eade0975fe0c561,expert,ba283a84326d07bf1b8880a37a04e1178aa1aea4,2,9,without_ai,False,1961875,DEMO_1961875,NV,NV,True,1.0,monitor,True,0.7552563415925483,31-40,,dermatologyResident,Female
7c7699fdc52be9755134e3fb5eade0975fe0c561,expert,ba283a84326d07bf1b8880a37a04e1178aa1aea4,2,9,with_ai,True,1961875,DEMO_1961875,NV,NV,True,1.0,monitor,True,0.7552563415925483,31-40,,dermatologyResident,Female
7c7699fdc52be9755134e3fb5eade0975fe0c561,expert,ba283a84326d07bf1b8880a37a04e1178aa1aea4,2,10,without_ai,False,5812139,DEMO_5812139,NV,NV,True,1.0,monitor,True,0.7552563415925483,31-40,,dermatologyResident,Female
7c7699fdc52be9755134e3fb5eade0975fe0c561,expert,ba283a84326d07bf1b8880a37a04e1178aa1aea4,2,10,with_ai,True,5812139,DEMO_5812139,NV,NV,True,1.0,dismiss,True,0.7552563415925483,31-40,,dermatologyResident,Female
7c7699fdc52be9755134e3fb5eade0975fe0c561,expert,ba283a84326d07bf1b8880a37a04e1178aa1aea4,2,11,without_ai,False,8511831,DEMO_8511831,VASC,BKL,False,0.0,monitor,True,0.7552563415925483,31-40,,dermatologyResident,Female
7c7699fdc52be9755134e3fb5eade0975fe0c561,expert,ba283a84326d07bf1b8880a37a04e1178aa1aea4,2,11,with_ai,True,8511831,DEMO_8511831,VASC,VASC,True,1.0,monitor,True,0.7552563415925483,31-40,,dermatologyResident,Female
7c7699fdc52be9755134e3fb5eade0975fe0c561,expert,ba283a84326d07bf1b8880a37a04e1178aa1aea4,2,12,without_ai,False,6324267,DEMO_6324267,BCC,BCC,True,1.0,biopsy,True,0.7552563415925483,31-40,,dermatologyResident,Female
7c7699fdc52be9755134e3fb5eade0975fe0c561,expert,ba283a84326d07bf1b8880a37a04e1178aa1aea4,2,12,with_ai,True,6324267,DEMO_6324267,BCC,BCC,True,1.0,biopsy,True,0.7552563415925483,31-40,,dermatologyResident,Female
7c7699fdc52be9755134e3fb5eade0975fe0c561,expert,ba283a84326d07bf1b8880a37a04e1178aa1aea4,2,13,without_ai,False,4742129,DEMO_4742129,NV,NV,True,1.0,local_therapy,True,0.7552563415925483,31-40,,dermatologyResident,Female
7c7699fdc52be9755134e3fb5eade0975fe0c561,expert,ba283a84326d07bf1b8880a37a04e1178aa1aea4,2,13,with_ai,True,4742129,DEMO_4742129,NV,NV,True,1.0,monitor,True,0.7552563415925483,31-40,,dermatologyResident,Female
7c7699fdc52be9755134e3fb5eade0975fe0c561,expert,ba283a84326d07bf1b8880a37a04e1178aa1aea4,2,14,without_ai,False,9234998,DEMO_9234998,OTHER_BENIGN,OTHER_BENIGN,True,1.0,monitor,True,0.7552563415925483,31-40,,dermatologyResident,Female
7c7699fdc52be9755134e3fb5eade0975fe0c561,expert,ba283a84326d07bf1b8880a37a04e1178aa1aea4,2,14,with_ai,True,9234998,DEMO_9234998,OTHER_BENIGN,OTHER_BENIGN,True,1.0,dismiss,True,0.7552563415925483,31-40,,dermatologyResident,Female
7c7699fdc52be9755134e3fb5eade0975fe0c561,expert,ba283a84326d07bf1b8880a37a04e1178aa1aea4,2,15,without_ai,False,4278951,DEMO_4278951,NV,NV,True,1.0,dismiss,True,0.7552563415925483,31-40,,dermatologyResident,Female
7c7699fdc52be9755134e3fb5eade0975fe0c561,expert,ba283a84326d07bf1b8880a37a04e1178aa1aea4,2,15,with_ai,True,4278951,DEMO_4278951,NV,NV,True,1.0,monitor,True,0.7552563415925483,31-40,,dermatologyResident,Female
cad4aa0e4170c76e728da47df7397c487025f6c6,non-expert,d43ccbe76bd419b718b94b527742988af4eabcc2,1,1,without_ai,False,8731344,DEMO_8731344,VASC,VASC,True,1.0,dismiss,True,0.5243237764109285,,,medicalStudent,Male
cad4aa0e4170c76e728da47df7397c487025f6c6,non-expert,d43ccbe76bd419b718b94b527742988af4eabcc2,1,1,with_ai,True,8731344,DEMO_8731344,VASC,VASC,True,1.0,monitor,True,0.5243237764109285,,,medicalStudent,Male
cad4aa0e4170c76e728da47df7397c487025f6c6,non-expert,d43ccbe76bd419b718b94b527742988af4eabcc2,1,2,without_ai,False,2146829,DEMO_2146829,AKIEC,AKIEC,True,1.0,local_therapy,True,0.5243237764109285,,,medicalStudent,Male
cad4aa0e4170c76e728da47df7397c487025f6c6,non-expert,d43ccbe76bd419b718b94b527742988af4eabcc2,1,2,with_ai,True,2146829,DEMO_2146829,AKIEC,AKIEC,True,1.0,biopsy,True,0.5243237764109285,,,medicalStudent,Male
cad4aa0e4170c76e728da47df7397c487025f6c6,non-expert,d43ccbe76bd419b718b94b527742988af4eabcc2,1,3,without_ai,False,119769,DEMO_0119769,SCCKA,MEL,False,0.0,local_therapy,True,0.5243237764109285,,,medicalStudent,Male
cad4aa0e4170c76e728da47df7397c487025f6c6,non-expert,d43ccbe76bd419b718b94b527742988af4eabcc2,1,3,with_ai,True,119769,DEMO_0119769,SCCKA,DF,False,0.0,biopsy,True,0.5243237764109285,,,medicalStudent,Male
cad4aa0e4170c76e728da47df7397c487025f6c6,non-expert,d43ccbe76bd419b718b94b527742988af4eabcc2,1,4,without_ai,False,9047038,DEMO_9047038,BCC,BCC,True,1.0,biopsy,True,0.5243237764109285,,,medicalStudent,Male
cad4aa0e4170c76e728da47df7397c487025f6c6,non-expert,d43ccbe76bd419b718b94b527742988af4eabcc2,1,4,with_ai,True,9047038,DEMO_9047038,BCC,BCC,True,1.0,biopsy,True,0.5243237764109285,,,medicalStudent,Male
cad4aa0e4170c76e728da47df7397c487025f6c6,non-expert,d43ccbe76bd419b718b94b527742988af4eabcc2,1,5,without_ai,False,5237940,DEMO_5237940,MEL,SCCKA,False,0.0,biopsy,True,0.5243237764109285,,,medicalStudent,Male
cad4aa0e4170c76e728da47df7397c487025f6c6,non-expert,d43ccbe76bd419b718b94b527742988af4eabcc2,1,5,with_ai,True,5237940,DEMO_5237940,MEL,MEL,True,1.0,local_therapy,True,0.5243237764109285,,,medicalStudent,Male
cad4aa0e4170c76e728da47df7397c487025f6c6,non-expert,d43ccbe76bd419b718b94b527742988af4eabcc2,1,6,without_ai,False,7949234,DEMO_7949234,SCCKA,SCCKA,True,1.0,biopsy,True,0.5243237764109285,,,medicalStudent,Male
cad4aa0e4170c76e728da47df7397c487025f6c6,non-expert,d43ccbe76bd419b718b94b527742988af4eabcc2,1,6,with_ai,True,7949234,DEMO_7949234,SCCKA,SCCKA,True,1.0,local_therapy,True,0.5243237764109285,,,medicalStudent,Male
cad4aa0e4170c76e728da47df7397c487025f6c6,non-expert,d43ccbe76bd419b718b94b527742988af4eabcc2,1,7,without_ai,False,5905028,DEMO_5905028,OTHER_BENIGN,INF,False,0.0,monitor,True,0.5243237764109285,,,medicalStudent,Male
cad4aa0e4170c76e728da47df7397c487025f6c6,non-expert,d43ccbe76bd419b718b94b527742988af4eabcc2,1,7,with_ai,True,5905028,DEMO_5905028,OTHER_BENIGN,BKL,False,0.0,local_therapy,True,0.5243237764109285,,,medicalStudent,Male
cad4aa0e4170c76e728da47df7397c487025f6c6,non-expert,d43ccbe76bd419b718b94b527742988af4eabcc2,1,8,without_ai,False,1358366,DEMO_1358366,BKL,BKL,True,1.0,dismiss,True,0.5243237764109285,,,medicalStudent,Male
cad4aa0e4170c76e728da47df7397c487025f6c6,non-expert,d43ccbe76bd419b718b94b527742988af4eabcc2,1,8,with_ai,True,1358366,DEMO_1358366,BKL,BKL,True,1.0,dismiss,True,0.5243237764109285,,,medicalStudent,Male
cad4aa0e4170c76e728da47df7397c487025f6c6,non-expert,d43ccbe76bd419b718b94b527742988af4eabcc2,1,9,without_ai,False,3428124,DEMO_3428124,SCCKA,SCCKA,True,1.0,monitor,True,0.5243237764109285,,,medicalStudent,Male
cad4aa0e4170c76e728da47df7397c487025f6c6,non-expert,d43ccbe76bd419b718b94b527742988af4eabcc2,1,9,with_ai,True,3428124,DEMO_3428124,SCCKA,SCCKA,True,1.0,local_therapy,True,0.5243237764109285,,,medicalStudent,Male
cad4aa0e4170c76e728da47df7397c487025f6c6,non-expert,d43ccbe76bd419b718b94b527742988af4eabcc2,1,10,without_ai,False,5154118,DEMO_5154118,BCC,VASC,False,0.0,local_therapy,True,0.5243237764109285,,,medicalStudent,Male
cad4aa0e4170c76e728da47df7397c487025f6c6,non-expert,d43ccbe76bd419b718b94b527742988af4eabcc2,1,10,with_ai,True,5154118,DEMO_5154118,BCC,BCC,True,1.0,biopsy,True,0.5243237764109285,,,medicalStudent,Male
cad4aa0e4170c76e728da47df7397c487025f6c6,non-expert,d43ccbe76bd419b718b94b527742988af4eabcc2,1,11,without_ai,False,5957326,DEMO_5957326,MEL,SCCKA,False,0.0,biopsy,True,0.5243237764109285,,,medicalStudent,Male
cad4aa0e4170c76e728da47df7397c487025f6c6,non-expert,d43ccbe76bd419b718b94b527742988af4eabcc2,1,11,with_ai,True,5957326,DEMO_5957326,MEL,MEL,True,1.0,monitor,True,0.5243237764109285,,,medicalStudent,Male
cad4aa0e4170c76e728da47df7397c487025f6c6,non-expert,d43ccbe76bd419b718b94b527742988af4eabcc2,1,12,without_ai,False,599091,DEMO_0599091,BCC,BCC,True,1.0,biopsy,True,0.5243237764109285,,,medicalStudent,Male
cad4aa0e4170c76e728da47df7397c487025f6c6,non-expert,d43ccbe76bd419b718b94b527742988af4eabcc2,1,12,with_ai,True,599091,DEMO_0599091,BCC,BCC,True,1.0,dismiss,True,0.5243237764109285,,,medicalStudent,Male
cad4aa0e4170c76e728da47df7397c487025f6c6,non-expert,d43ccbe76bd419b718b94b527742988af4eabcc2,1,13,without_ai,False,8684572,DEMO_8684572,BCC,INF,False,0.0,dismiss,True,0.5243237764109285,,,medicalStudent,Male
cad4aa0e4170c76e728da47df7397c487025f6c6,non-expert,d43ccbe76bd419b718b94b527742988af4eabcc2,1,13,with_ai,True,8684572,DEMO_8684572,BCC,DF,False,0.0,local_therapy,True,0.5243237764109285,,,medicalStudent,Male
cad4aa0e4170c76e728da47df7397c487025f6c6,non-expert,d43ccbe76bd419b718b94b527742988af4eabcc2,1,14,without_ai,False,2014065,DEMO_2014065,BKL,BKL,True,1.0,dismiss,True,0.5243237764109285,,,medicalStudent,Male
cad4aa0e4170c76e728da47df7397c487025f6c6,non-expert,d43ccbe76bd419b718b94b527742988af4eabcc2,1,14,with_ai,True,2014065,DEMO_2014065,BKL,INF,False,0.0,local_therapy,True,0.5243237764109285,,,medicalStudent,Male
cad4aa0e4170c76e728da47df7397c487025f6c6,non-expert,d43ccbe76bd419b718b94b527742988af4eabcc2,1,15,without_ai,False,6050134,DEMO_6050134,VASC,VASC,True,1.0,monitor,True,0.5243237764109285,,,medicalStudent,Male
cad4aa0e4170c76e728da47df7397c487025f6c6,non-expert,d43ccbe76bd419b718b94b527742988af4eabcc2,1,15,with_ai,True,6050134,DEMO_6050134,VASC,VASC,True,1.0,dismiss,True,0.5243237764109285,,,medicalStudent,Male
