filename,true_label,predicted_label,probability_class_0,probability_class_1,probability_class_2,probability_class_3,probability_class_4,probability_class_5,probability_class_6
/home/share/Uni_Eval/HAM10000_clean/ISIC2018/ISIC_0025661.jpg,2,2,0.0067557893,0.09071788,0.75568056,0.002733437,0.09505948,0.04850504,0.0005478095
/home/share/Uni_Eval/HAM10000_clean/ISIC2018/ISIC_0027850.jpg,2,5,0.00016300885,0.006636578,0.2104585,1.4062343e-05,0.13564949,0.64679873,0.00027958455
/home/share/Uni_Eval/HAM10000_clean/ISIC2018/ISIC_0029068.jpg,2,1,0.0005142829,0.62893236,0.063957356,0.19806468,0.00041514658,0.10235446,0.005761695
/home/share/Uni_Eval/HAM10000_clean/ISIC2018/ISIC_0025984.jpg,2,1,0.00771792,0.47457153,0.055533662,0.0018617838,0.08171784,0.37413228,0.0044650286
/home/share/Uni_Eval/HAM10000_clean/ISIC2018/ISIC_0032417.jpg,2,2,0.00015620148,0.00048873754,0.99829286,9.742061e-05,0.0006179438,0.0002849681,6.183508e-05
/home/share/Uni_Eval/HAM10000_clean/ISIC2018/ISIC_0027310.jpg,2,5,0.00031279982,0.00018558414,0.12507047,0.0005162426,0.008624146,0.8652287,6.207179e-05
/home/share/Uni_Eval/HAM10000_clean/ISIC2018/ISIC_0025937.jpg,2,2,0.0001575432,0.00049361936,0.9845329,8.1441794e-05,6.0472677e-05,0.014616117,5.788526e-05
/home/share/Uni_Eval/HAM10000_clean/ISIC2018/ISIC_0027828.jpg,2,5,0.0027199406,0.00029174777,0.45082578,0.00042768862,0.026200335,0.5171881,0.0023465015
/home/share/Uni_Eval/HAM10000_clean/ISIC2018/ISIC_0030698.jpg,2,2,1.4688983e-06,7.059839e-05,0.6698934,1.1779114e-06,0.0012569829,0.32868636,9.001247e-05
/home/share/Uni_Eval/HAM10000_clean/ISIC2018/ISIC_0024981.jpg,2,5,1.332093e-05,7.061451e-05,0.008561861,1.483538e-05,0.15358618,0.83665496,0.0010982278
/home/share/Uni_Eval/HAM10000_clean/ISIC2018/ISIC_0027053.jpg,2,2,0.0017559533,5.7069654e-05,0.5659029,1.9884494e-06,0.09011679,0.34211832,4.693043e-05
/home/share/Uni_Eval/HAM10000_clean/ISIC2018/ISIC_0025819.jpg,2,2,0.0013409635,0.0036549591,0.98315626,0.0031607545,0.0029830013,0.0056442814,5.9757935e-05
/home/share/Uni_Eval/HAM10000_clean/ISIC2018/ISIC_0032013.jpg,2,2,0.001492696,0.00056556944,0.979365,0.00023550676,0.0010786281,0.01722404,3.8522165e-05
/home/share/Uni_Eval/HAM10000_clean/ISIC2018/ISIC_0025099.jpg,2,2,5.233235e-06,0.0004305148,0.8475255,2.605631e-05,0.043430094,0.10848133,0.00010120263
/home/share/Uni_Eval/HAM10000_clean/ISIC2018/ISIC_0029289.jpg,2,5,1.2245473e-06,0.00026233462,0.076305404,1.9747255e-05,0.30050597,0.6092336,0.0136717055
/home/share/Uni_Eval/HAM10000_clean/ISIC2018/ISIC_0032283.jpg,2,5,0.0018178184,0.011978842,0.20836167,0.008276503,0.021557624,0.747585,0.00042252024
/home/share/Uni_Eval/HAM10000_clean/ISIC2018/ISIC_0031624.jpg,2,2,0.0026403815,0.0011267974,0.8903965,0.0006992145,0.030506797,0.07392576,0.00070460717
/home/share/Uni_Eval/HAM10000_clean/ISIC2018/ISIC_0029060.jpg,2,2,0.012501859,0.0004043997,0.61524117,8.461672e-05,0.05988354,0.31094512,0.00093925773
/home/share/Uni_Eval/HAM10000_clean/ISIC2018/ISIC_0032306.jpg,2,2,0.021079723,0.000101367346,0.96931523,0.00068135187,0.0058690594,0.0029465996,6.6692037e-06
/home/share/Uni_Eval/HAM10000_clean/ISIC2018/ISIC_0027957.jpg,2,5,4.009064e-05,0.00021780208,0.20528875,9.567908e-05,0.08426478,0.70958453,0.0005084108
/home/share/Uni_Eval/HAM10000_clean/ISIC2018/ISIC_0032382.jpg,2,5,0.00083681865,0.023548337,0.16929448,2.417246e-05,0.09834145,0.7047523,0.003202355
/home/share/Uni_Eval/HAM10000_clean/ISIC2018/ISIC_0029674.jpg,2,2,0.0008764615,0.001380717,0.52473724,0.0007639375,0.034680285,0.43720448,0.00035686244
/home/share/Uni_Eval/HAM10000_clean/ISIC2018/ISIC_0024623.jpg,2,2,0.0027985051,0.0002711027,0.9527753,4.640549e-06,0.04394217,0.00019007054,1.8258876e-05
/home/share/Uni_Eval/HAM10000_clean/ISIC2018/ISIC_0032929.jpg,2,2,0.19423856,0.0013684002,0.6553886,0.0003529642,0.12295649,0.02512067,0.0005742971
/home/share/Uni_Eval/HAM10000_clean/ISIC2018/ISIC_0033900.jpg,2,4,0.0029648293,0.00025602995,0.34577218,2.9669702e-05,0.60475534,0.04622008,1.9519487e-06
/home/share/Uni_Eval/HAM10000_clean/ISIC2018/ISIC_0030276.jpg,2,2,0.04207455,0.06472701,0.7624525,0.0051983185,0.06070942,0.06482332,1.4981453e-05
/home/share/Uni_Eval/HAM10000_clean/ISIC2018/ISIC_0033465.jpg,2,2,0.00031916046,3.8424046e-06,0.87368035,0.006244364,0.04623281,0.07351843,1.0625049e-06
/home/share/Uni_Eval/HAM10000_clean/ISIC2018/ISIC_0029683.jpg,2,2,0.000119713,7.014626e-07,0.86130214,3.1906325e-06,0.13138838,0.0071855444,3.0491645e-07
/home/share/Uni_Eval/HAM10000_clean/ISIC2018/ISIC_0032514.jpg,2,2,0.0029001774,0.14888892,0.41254187,0.00050826353,0.1285178,0.3064743,0.00016872871
/home/share/Uni_Eval/HAM10000_clean/ISIC2018/ISIC_0033910.jpg,2,1,0.00731539,0.69847095,0.20008278,0.00050845766,0.04974197,0.04100311,0.002877244
/home/share/Uni_Eval/HAM10000_clean/ISIC2018/ISIC_0033212.jpg,2,2,0.0013340471,0.021267159,0.8165524,0.0004459798,0.048263274,0.0969254,0.0152117545
/home/share/Uni_Eval/HAM10000_clean/ISIC2018/ISIC_0033601.jpg,2,2,1.2798407e-05,0.00083184184,0.9906094,1.4988073e-07,0.006188431,0.0022064466,0.00015089035
/home/share/Uni_Eval/HAM10000_clean/ISIC2018/ISIC_0033677.jpg,2,2,0.00073334656,0.0057290923,0.96745914,0.0001069259,0.010822193,0.015145582,3.7540156e-06
/home/share/Uni_Eval/HAM10000_clean/ISIC2018/ISIC_0033262.jpg,2,2,0.0009847077,0.0035077753,0.80062366,0.0015029778,0.06855755,0.12474534,7.807358e-05
/home/share/Uni_Eval/HAM10000_clean/ISIC2018/ISIC_0032570.jpg,2,2,0.0020374735,0.0014955131,0.8920597,0.0007417135,0.026323078,0.07466923,0.0026733703
/home/share/Uni_Eval/HAM10000_clean/ISIC2018/ISIC_0033264.jpg,2,2,0.0159731,7.9775375e-05,0.5072989,5.2611413e-05,0.43463218,0.041962363,1.0807108e-06
/home/share/Uni_Eval/HAM10000_clean/ISIC2018/ISIC_0032665.jpg,2,2,0.0014330427,8.614195e-05,0.96637213,2.2133061e-07,0.0054610413,0.02660814,3.924895e-05
/home/share/Uni_Eval/HAM10000_clean/ISIC2018/ISIC_0033587.jpg,2,4,0.00019078444,6.7085257e-06,0.013644428,0.00010049607,0.8329559,0.15310173,8.191576e-08
/home/share/Uni_Eval/HAM10000_clean/ISIC2018/ISIC_0032675.jpg,2,5,0.00020764774,1.3450422e-05,0.42176548,5.1074665e-05,0.09160202,0.48635966,6.413613e-07
/home/share/Uni_Eval/HAM10000_clean/ISIC2018/ISIC_0033449.jpg,2,2,0.035442304,0.00044629752,0.82715476,0.0009184019,0.11739275,0.018645039,4.7519202e-07
/home/share/Uni_Eval/HAM10000_clean/ISIC2018/ISIC_0033758.jpg,2,2,0.00015917314,0.031472385,0.5309784,0.0020490473,0.023575086,0.3925687,0.019197294
/home/share/Uni_Eval/HAM10000_clean/ISIC2018/ISIC_0032876.jpg,2,2,0.0011580059,0.0009905219,0.69094,5.4604287e-05,0.15916668,0.14718714,0.0005030004
/home/share/Uni_Eval/HAM10000_clean/ISIC2018/ISIC_0025157.jpg,2,2,0.04730006,0.00020930408,0.930709,2.8527329e-05,0.009136331,0.01261136,5.2942946e-06
/home/share/Uni_Eval/HAM10000_clean/ISIC2018/ISIC_0026060.jpg,2,2,0.008050212,3.5046363e-05,0.9902034,0.0005607233,0.0009412149,0.00020358888,5.836121e-06
/home/share/Uni_Eval/HAM10000_clean/ISIC2018/ISIC_0029394.jpg,2,2,0.0048786793,1.9011016e-07,0.7600376,2.0177822e-05,0.08369516,0.1513676,5.4451294e-07
/home/share/Uni_Eval/HAM10000_clean/ISIC2018/ISIC_0026844.jpg,2,2,0.19628647,0.012103574,0.39183965,0.009003092,0.15121768,0.23936465,0.00018488737
/home/share/Uni_Eval/HAM10000_clean/ISIC2018/ISIC_0027374.jpg,2,2,0.00020207488,0.124335386,0.81565017,0.00076918956,0.004784207,0.045440413,0.008818544
/home/share/Uni_Eval/HAM10000_clean/ISIC2018/ISIC_0025507.jpg,2,4,0.0066642165,0.00011478638,0.1938745,9.04444e-07,0.77635485,0.02298772,3.0403228e-06
/home/share/Uni_Eval/HAM10000_clean/ISIC2018/ISIC_0028336.jpg,2,5,0.00044922586,0.21516171,0.031470373,0.002587225,0.0066590523,0.74366164,1.0825119e-05
/home/share/Uni_Eval/HAM10000_clean/ISIC2018/ISIC_0025838.jpg,2,4,0.005457218,1.2988843e-05,0.4129817,0.0039499886,0.5664936,0.011104514,3.016204e-08
/home/share/Uni_Eval/HAM10000_clean/ISIC2018/ISIC_0027780.jpg,2,2,0.060502645,0.0014040858,0.62679464,0.0031141262,0.12553686,0.18263699,1.0760069e-05
/home/share/Uni_Eval/HAM10000_clean/ISIC2018/ISIC_0024592.jpg,2,5,0.0010633618,0.023177652,0.077912696,0.05358215,0.0022827694,0.84183806,0.0001432375
/home/share/Uni_Eval/HAM10000_clean/ISIC2018/ISIC_0030721.jpg,2,2,0.0011738341,0.25434268,0.59448856,0.00039651338,0.012335027,0.12930964,0.007953698
/home/share/Uni_Eval/HAM10000_clean/ISIC2018/ISIC_0032168.jpg,2,2,0.0054817703,0.0037105773,0.5928965,0.007194119,0.06479065,0.32591164,1.4669775e-05
/home/share/Uni_Eval/HAM10000_clean/ISIC2018/ISIC_0024505.jpg,2,2,0.13859864,0.00022345138,0.62639993,0.00017039855,0.026078893,0.2085217,6.9175485e-06
/home/share/Uni_Eval/HAM10000_clean/ISIC2018/ISIC_0024626.jpg,2,2,0.017352395,6.9992544e-05,0.4808188,6.497342e-05,0.3967915,0.10490146,9.93007e-07
/home/share/Uni_Eval/HAM10000_clean/ISIC2018/ISIC_0024971.jpg,2,2,0.07547069,0.013371164,0.48277262,1.6300624e-05,0.34451294,0.08384807,8.208256e-06
/home/share/Uni_Eval/HAM10000_clean/ISIC2018/ISIC_0025485.jpg,2,2,0.11237964,0.0014897762,0.88260305,0.0009767666,0.0007926604,0.0017580843,1.9354598e-08
/home/share/Uni_Eval/HAM10000_clean/ISIC2018/ISIC_0028856.jpg,2,2,0.01206346,0.0075200764,0.8585724,0.0023533802,0.07634881,0.04312472,1.7229122e-05
/home/share/Uni_Eval/HAM10000_clean/ISIC2018/ISIC_0030095.jpg,2,2,0.02910208,0.010282513,0.87102264,0.004583628,0.033045474,0.051960915,2.8080638e-06
/home/share/Uni_Eval/HAM10000_clean/ISIC2018/ISIC_0024883.jpg,2,5,0.00012534257,0.002366442,0.0024966663,0.00035346881,0.01031848,0.9841575,0.0001820469
/home/share/Uni_Eval/HAM10000_clean/ISIC2018/ISIC_0027295.jpg,2,2,0.09931693,0.015762532,0.7200209,0.010127337,0.028495396,0.12627487,2.0730715e-06
/home/share/Uni_Eval/HAM10000_clean/ISIC2018/ISIC_0032156.jpg,2,2,0.007692034,0.004524963,0.48650768,6.8004454e-05,0.3568373,0.14436986,1.3825523e-07
/home/share/Uni_Eval/HAM10000_clean/ISIC2018/ISIC_0030783.jpg,2,4,0.004130509,0.014897718,0.29982853,0.00011560096,0.5240115,0.15701233,3.7768673e-06
/home/share/Uni_Eval/HAM10000_clean/ISIC2018/ISIC_0030459.jpg,2,2,0.06365015,0.014126586,0.8931424,0.00035303144,0.011351301,0.017370066,6.4031906e-06
/home/share/Uni_Eval/HAM10000_clean/ISIC2018/ISIC_0026861.jpg,2,2,0.26839033,0.041527394,0.6460256,0.00015119955,0.033631735,0.0102548795,1.8842093e-05
/home/share/Uni_Eval/HAM10000_clean/ISIC2018/ISIC_0030208.jpg,2,2,0.0032191752,0.016971534,0.90464056,0.0047755316,0.0007089254,0.06966956,1.4640494e-05
/home/share/Uni_Eval/HAM10000_clean/ISIC2018/ISIC_0030723.jpg,2,2,0.099869914,0.027558306,0.85984266,0.00021911415,0.009096692,0.003389977,2.3263878e-05
/home/share/Uni_Eval/HAM10000_clean/ISIC2018/ISIC_0027969.jpg,2,2,7.159804e-05,8.182584e-06,0.88856065,8.93622e-05,0.0053146803,0.10595435,1.1283681e-06
/home/share/Uni_Eval/HAM10000_clean/ISIC2018/ISIC_0031851.jpg,2,2,0.29388723,0.071094655,0.5894539,0.0004631201,0.035048336,0.0023906506,0.0076621845
/home/share/Uni_Eval/HAM10000_clean/ISIC2018/ISIC_0029420.jpg,2,2,0.054027144,1.8207626e-05,0.9197153,5.1021467e-05,0.009916644,0.016271593,1.0464677e-07
/home/share/Uni_Eval/HAM10000_clean/ISIC2018/ISIC_0024381.jpg,2,2,0.00010889123,8.114899e-05,0.99956435,2.5656003e-05,0.00011499923,0.00010482529,1.0749525e-07
/home/share/Uni_Eval/HAM10000_clean/ISIC2018/ISIC_0029991.jpg,2,1,0.11446551,0.5138433,0.18550996,0.050336264,0.09393455,0.04187514,3.5313806e-05
/home/share/Uni_Eval/HAM10000_clean/ISIC2018/ISIC_0031168.jpg,2,0,0.76212513,0.071331635,0.063719444,0.015471651,0.0455859,0.039538015,0.0022281364
/home/share/Uni_Eval/HAM10000_clean/ISIC2018/ISIC_0024547.jpg,2,2,0.03649435,0.0021303284,0.53872037,0.0016321659,0.3170816,0.10393919,1.9699592e-06
/home/share/Uni_Eval/HAM10000_clean/ISIC2018/ISIC_0029897.jpg,2,2,0.00034342747,0.008190872,0.9884526,0.00034988418,0.0022878349,0.00025476207,0.00012063121
/home/share/Uni_Eval/HAM10000_clean/ISIC2018/ISIC_0027006.jpg,2,2,0.04671854,0.057861984,0.6311502,0.00038760758,0.10514636,0.15860778,0.00012757634
/home/share/Uni_Eval/HAM10000_clean/ISIC2018/ISIC_0028881.jpg,2,2,0.016316578,0.01280306,0.75966895,0.0005731961,0.048133194,0.16248542,1.9541118e-05
/home/share/Uni_Eval/HAM10000_clean/ISIC2018/ISIC_0029311.jpg,2,2,0.010840085,0.012244964,0.90863514,0.0017668466,0.002492888,0.06401362,6.535319e-06
/home/share/Uni_Eval/HAM10000_clean/ISIC2018/ISIC_0025973.jpg,2,2,0.0061164903,0.002490953,0.6538418,0.00031433048,0.11321544,0.22397019,5.0805895e-05
/home/share/Uni_Eval/HAM10000_clean/ISIC2018/ISIC_0031580.jpg,2,2,0.033828653,0.052916884,0.6008721,0.0043881238,0.23290786,0.07474446,0.00034187047
/home/share/Uni_Eval/HAM10000_clean/ISIC2018/ISIC_0028389.jpg,2,2,0.0016185475,0.019515468,0.8940122,0.0008447708,0.0432739,0.040684983,5.007016e-05
/home/share/Uni_Eval/HAM10000_clean/ISIC2018/ISIC_0028750.jpg,2,2,0.023175094,1.2836838e-05,0.92775494,0.00030576912,0.02424019,0.024510697,5.0296137e-07
/home/share/Uni_Eval/HAM10000_clean/ISIC2018/ISIC_0026378.jpg,2,2,0.039079823,0.0020678584,0.8133422,0.0006699778,0.01532715,0.12951216,7.748363e-07
/home/share/Uni_Eval/HAM10000_clean/ISIC2018/ISIC_0030683.jpg,2,2,0.07457223,0.007400284,0.5281734,0.00034922894,0.0649704,0.32411575,0.00041877275
/home/share/Uni_Eval/HAM10000_clean/ISIC2018/ISIC_0025883.jpg,2,2,0.022884721,0.32612124,0.45853359,0.0008414591,0.03884981,0.13639495,0.016374165
/home/share/Uni_Eval/HAM10000_clean/ISIC2018/ISIC_0031050.jpg,2,2,0.04225323,0.0059756483,0.6683881,0.027192641,0.08546043,0.17072882,1.0104435e-06
/home/share/Uni_Eval/HAM10000_clean/ISIC2018/ISIC_0026316.jpg,2,5,0.0058307024,0.00089588796,0.23820907,0.0020057564,0.14834802,0.60469675,1.3801462e-05
/home/share/Uni_Eval/HAM10000_clean/ISIC2018/ISIC_0031522.jpg,2,1,0.010211881,0.9191359,0.024980519,0.0007055598,0.0306916,0.0126657,0.0016088326
/home/share/Uni_Eval/HAM10000_clean/ISIC2018/ISIC_0032024.jpg,2,0,0.7612507,0.03569613,0.19865453,0.0003208064,0.0013865387,0.0026749885,1.6293756e-05
/home/share/Uni_Eval/HAM10000_clean/ISIC2018/ISIC_0025374.jpg,2,2,0.014764249,0.000386922,0.86347157,0.00012774127,0.041132994,0.080115855,6.325002e-07
/home/share/Uni_Eval/HAM10000_clean/ISIC2018/ISIC_0026365.jpg,2,2,0.3709023,0.09289802,0.40516984,0.0027014709,0.08326747,0.044897106,0.00016379304
/home/share/Uni_Eval/HAM10000_clean/ISIC2018/ISIC_0028656.jpg,2,5,0.0012103332,2.3708182e-05,0.061710674,0.0002927775,0.048017107,0.88872755,1.786012e-05
/home/share/Uni_Eval/HAM10000_clean/ISIC2018/ISIC_0031716.jpg,2,1,0.05749255,0.5213487,0.3370228,0.0045022834,0.05636039,0.022599913,0.00067334186
/home/share/Uni_Eval/HAM10000_clean/ISIC2018/ISIC_0027893.jpg,2,5,0.01178164,0.0002496183,0.36220184,0.0015689667,0.028992074,0.5952058,1.2773039e-07
/home/share/Uni_Eval/HAM10000_clean/ISIC2018/ISIC_0030318.jpg,2,2,0.008747279,0.006865549,0.7766951,0.00012870829,0.019575464,0.18725502,0.0007328156
/home/share/Uni_Eval/HAM10000_clean/ISIC2018/ISIC_0028749.jpg,2,0,0.46631497,0.001100761,0.4049742,0.0063636205,0.07185455,0.049381226,1.0681147e-05
/home/share/Uni_Eval/HAM10000_clean/ISIC2018/ISIC_0026961.jpg,2,2,0.0073309005,0.0007251546,0.88846064,0.00049671356,0.077577256,0.025407601,1.773348e-06
/home/share/Uni_Eval/HAM10000_clean/ISIC2018/ISIC_0025040.jpg,2,5,0.00031814261,0.00025706692,0.0015849468,3.221214e-05,0.04078866,0.9570183,7.8981077e-07
/home/share/Uni_Eval/HAM10000_clean/ISIC2018/ISIC_0026704.jpg,2,2,0.0771473,0.0043881424,0.7551161,4.350316e-05,0.13276944,0.030519791,1.5679116e-05
/home/share/Uni_Eval/HAM10000_clean/ISIC2018/ISIC_0029302.jpg,2,2,0.04080665,0.000112368194,0.92206264,0.0010923153,0.017753309,0.018171804,9.025146e-07
/home/share/Uni_Eval/HAM10000_clean/ISIC2018/ISIC_0030310.jpg,2,2,0.023544513,4.698783e-06,0.9433476,8.1302634e-05,0.016063785,0.01695819,7.856776e-09
/home/share/Uni_Eval/HAM10000_clean/ISIC2018/ISIC_0028229.jpg,2,2,0.29787636,0.00047289225,0.53515774,0.00020009192,0.15917729,0.007115505,1.5149357e-07
/home/share/Uni_Eval/HAM10000_clean/ISIC2018/ISIC_0025068.jpg,2,2,0.0772373,0.0042139753,0.71935797,8.658001e-05,0.18506126,0.014025754,1.7193377e-05
/home/share/Uni_Eval/HAM10000_clean/ISIC2018/ISIC_0028943.jpg,2,0,0.33910698,0.01725392,0.2660027,0.0015708915,0.3036795,0.06894439,0.0034415503
/home/share/Uni_Eval/HAM10000_clean/ISIC2018/ISIC_0031980.jpg,2,2,0.007518772,0.0001277803,0.926666,9.635884e-05,0.063824594,0.0017651533,1.3788766e-06
/home/share/Uni_Eval/HAM10000_clean/ISIC2018/ISIC_0028611.jpg,2,0,0.40648523,0.3544637,0.012344054,0.14766078,0.020093098,0.05876536,0.00018769891
/home/share/Uni_Eval/HAM10000_clean/ISIC2018/ISIC_0027509.jpg,2,2,0.010217262,0.2326914,0.6691877,0.00057270355,0.02487681,0.06228909,0.00016499619
/home/share/Uni_Eval/HAM10000_clean/ISIC2018/ISIC_0030240.jpg,2,2,0.011009411,0.08930789,0.88764715,0.00033367574,0.005845905,0.005853034,2.917221e-06
/home/share/Uni_Eval/HAM10000_clean/ISIC2018/ISIC_0026871.jpg,2,2,0.25753936,0.0035739327,0.5202498,0.00037543543,0.15734184,0.060267907,0.000651724
/home/share/Uni_Eval/HAM10000_clean/ISIC2018/ISIC_0027859.jpg,2,0,0.46763578,0.000107886546,0.29074815,0.00010164535,0.0119442595,0.22939672,6.554993e-05
/home/share/Uni_Eval/HAM10000_clean/ISIC2018/ISIC_0029329.jpg,2,1,0.0085708,0.92010206,0.055482946,6.1454484e-05,0.007894054,0.005384112,0.0025046072
/home/share/Uni_Eval/HAM10000_clean/ISIC2018/ISIC_0028913.jpg,2,5,0.099519685,0.025980959,0.34654203,0.044785663,0.07110662,0.4119613,0.00010380535
/home/share/Uni_Eval/HAM10000_clean/ISIC2018/ISIC_0028165.jpg,2,2,0.024654813,0.00013392241,0.88437665,6.17786e-05,0.08953793,0.0012347128,1.8290861e-07
/home/share/Uni_Eval/HAM10000_clean/ISIC2018/ISIC_0031465.jpg,2,1,0.001354795,0.5856302,0.40797946,5.289009e-06,0.003526284,0.0015000197,3.9611145e-06
/home/share/Uni_Eval/HAM10000_clean/ISIC2018/ISIC_0031000.jpg,2,2,0.14734383,0.26019683,0.4297536,9.841905e-05,0.13899468,0.023184711,0.0004279628
/home/share/Uni_Eval/HAM10000_clean/ISIC2018/ISIC_0026276.jpg,2,2,0.0320828,0.0009176702,0.94478756,0.0056917067,0.014811126,0.0017024828,6.663541e-06
/home/share/Uni_Eval/HAM10000_clean/ISIC2018/ISIC_0027435.jpg,2,2,0.00010683264,0.006431129,0.9577348,0.002436123,0.0010672353,0.032140505,8.3361214e-05
/home/share/Uni_Eval/HAM10000_clean/ISIC2018/ISIC_0028294.jpg,2,2,0.016687213,0.011041387,0.92376274,0.00081280374,0.04037578,0.007231651,8.846944e-05
/home/share/Uni_Eval/HAM10000_clean/ISIC2018/ISIC_0026803.jpg,2,2,0.0011927058,0.0010669457,0.9947102,0.00028727416,0.002414739,0.00030502028,2.3081418e-05
/home/share/Uni_Eval/HAM10000_clean/ISIC2018/ISIC_0026016.jpg,2,2,0.010967898,0.015635716,0.7682332,6.9138114e-05,0.0049326136,0.1999258,0.00023565261
/home/share/Uni_Eval/HAM10000_clean/ISIC2018/ISIC_0029505.jpg,2,5,0.00036346138,0.040882103,0.3382166,0.00016178153,0.00864635,0.61117786,0.0005518097
/home/share/Uni_Eval/HAM10000_clean/ISIC2018/ISIC_0026069.jpg,2,2,0.0010308617,0.0020719792,0.69918436,0.0024635042,0.0015866702,0.29173777,0.0019248421
/home/share/Uni_Eval/HAM10000_clean/ISIC2018/ISIC_0031528.jpg,2,5,0.02213674,0.0055419346,0.2372766,0.0045191785,0.031435806,0.6989456,0.0001441545
/home/share/Uni_Eval/HAM10000_clean/ISIC2018/ISIC_0028490.jpg,2,2,0.00998156,1.0267883e-05,0.9684761,9.4505835e-05,0.02020282,0.0012183452,1.634933e-05
/home/share/Uni_Eval/HAM10000_clean/ISIC2018/ISIC_0031987.jpg,2,2,0.00025888294,2.334121e-05,0.9924373,0.00014031879,0.001654461,0.0054837624,1.9169775e-06
/home/share/Uni_Eval/HAM10000_clean/ISIC2018/ISIC_0026631.jpg,2,2,0.0056781755,0.0004706082,0.749367,3.4364708e-05,0.2238683,0.020580743,7.864351e-07
/home/share/Uni_Eval/HAM10000_clean/ISIC2018/ISIC_0025710.jpg,2,2,0.0018878728,9.763701e-05,0.9962999,6.4131586e-05,0.00025675303,0.0013897388,4.0602517e-06
/home/share/Uni_Eval/HAM10000_clean/ISIC2018/ISIC_0030123.jpg,2,2,0.00061293005,0.011088769,0.37646192,0.00072805013,0.36474314,0.2457064,0.00065878814
/home/share/Uni_Eval/HAM10000_clean/ISIC2018/ISIC_0029872.jpg,2,2,0.0005282608,0.0019029127,0.9887285,2.5736743e-05,0.0025225114,0.0049131243,0.0013789926
/home/share/Uni_Eval/HAM10000_clean/ISIC2018/ISIC_0026530.jpg,2,2,0.00073659205,0.0011526437,0.910878,4.012649e-05,0.0008764887,0.08614028,0.00017590648
/home/share/Uni_Eval/HAM10000_clean/ISIC2018/ISIC_0032498.jpg,2,2,0.0015805748,0.004567835,0.91008604,0.0003241561,0.041083198,0.042283714,7.449173e-05
/home/share/Uni_Eval/HAM10000_clean/ISIC2018/ISIC_0029778.jpg,2,2,0.031534422,0.01642828,0.68111825,0.0019835834,0.22119305,0.04773112,1.128637e-05
/home/share/Uni_Eval/HAM10000_clean/ISIC2018/ISIC_0029555.jpg,2,2,0.00032804845,4.3311954e-07,0.9689136,3.5857798e-07,0.014963368,0.015784102,1.000612e-05
/home/share/Uni_Eval/HAM10000_clean/ISIC2018/ISIC_0030173.jpg,2,2,7.4296586e-05,2.9219369e-05,0.882575,1.4897203e-05,0.05150882,0.06578395,1.3790042e-05
/home/share/Uni_Eval/HAM10000_clean/ISIC2018/ISIC_0029012.jpg,2,5,0.0038971005,0.0004190783,0.47807467,4.2958774e-05,0.02494562,0.49233982,0.00028080872
/home/share/Uni_Eval/HAM10000_clean/ISIC2018/ISIC_0032170.jpg,2,5,7.673818e-05,1.2536474e-05,0.057434548,0.00019215043,0.013692383,0.9284348,0.00015687723
/home/share/Uni_Eval/HAM10000_clean/ISIC2018/ISIC_0033460.jpg,2,2,0.004646263,0.002354899,0.966912,0.0003999857,0.024076996,0.0016096098,3.6097134e-07
/home/share/Uni_Eval/HAM10000_clean/ISIC2018/ISIC_0033199.jpg,2,2,0.011871868,0.0017067209,0.8580848,0.014118461,0.07758315,0.036536727,9.825781e-05
/home/share/Uni_Eval/HAM10000_clean/ISIC2018/ISIC_0028411.jpg,2,2,1.8586157e-05,4.797034e-05,0.6627741,1.9473335e-05,0.012630302,0.32449877,1.084848e-05
/home/share/Uni_Eval/HAM10000_clean/ISIC2018/ISIC_0032681.jpg,2,2,0.020569408,3.6912203e-05,0.6787031,0.0011974596,0.033315077,0.26616815,9.8517e-06
/home/share/Uni_Eval/HAM10000_clean/ISIC2018/ISIC_0033509.jpg,2,2,0.025825735,0.00020476997,0.86717314,0.000632004,0.07200495,0.034151725,7.601666e-06
/home/share/Uni_Eval/HAM10000_clean/ISIC2018/ISIC_0032636.jpg,2,5,8.5815765e-05,0.00020094357,0.4061087,5.096773e-08,0.043844223,0.54872096,0.0010393223
/home/share/Uni_Eval/HAM10000_clean/ISIC2018/ISIC_0034167.jpg,2,2,4.335238e-05,0.00015362953,0.6068647,6.9064954e-05,0.29737747,0.09345817,0.0020336718
/home/share/Uni_Eval/HAM10000_clean/ISIC2018/ISIC_0032271.jpg,2,2,0.0009621514,0.005388388,0.9699109,0.00017262797,0.0008839796,0.022624763,5.7191948e-05
/home/share/Uni_Eval/HAM10000_clean/ISIC2018/ISIC_0027142.jpg,2,5,0.013872868,0.0043406826,0.2208278,0.0013748746,0.0004876834,0.7583256,0.0007705352
/home/share/Uni_Eval/HAM10000_clean/ISIC2018/ISIC_0031396.jpg,2,2,0.0004448696,0.00012242365,0.64604104,0.00024863987,0.0121661415,0.33483562,0.006141361
/home/share/Uni_Eval/HAM10000_clean/ISIC2018/ISIC_0027370.jpg,2,2,2.6896672e-05,1.3539361e-05,0.99440813,1.2964745e-05,4.8437516e-05,0.005481045,9.008611e-06
/home/share/Uni_Eval/HAM10000_clean/ISIC2018/ISIC_0026566.jpg,2,2,0.0025867217,0.010064436,0.9148179,0.0013020145,0.008330069,0.0470713,0.015827436
/home/share/Uni_Eval/HAM10000_clean/ISIC2018/ISIC_0031511.jpg,2,2,1.5032272e-05,2.821597e-06,0.90942925,5.244282e-05,0.007159562,0.08324141,9.956446e-05
/home/share/Uni_Eval/HAM10000_clean/ISIC2018/ISIC_0030316.jpg,2,2,0.0042032893,0.0006699902,0.61733794,4.9592287e-05,0.030661523,0.34704718,3.050369e-05
/home/share/Uni_Eval/HAM10000_clean/ISIC2018/ISIC_0029345.jpg,2,2,0.00011722491,0.00063520035,0.6195479,4.091579e-06,0.08379575,0.29350886,0.0023909435
/home/share/Uni_Eval/HAM10000_clean/ISIC2018/ISIC_0026846.jpg,2,5,0.002002384,0.08150645,0.34312856,0.0011808153,0.0067629437,0.55939263,0.0060263486
/home/share/Uni_Eval/HAM10000_clean/ISIC2018/ISIC_0032460.jpg,2,2,0.0040224674,0.32906008,0.4905842,0.0051036766,0.00451759,0.14861938,0.018092653
/home/share/Uni_Eval/HAM10000_clean/ISIC2018/ISIC_0027025.jpg,2,2,0.0055991258,9.974645e-06,0.9527069,1.5026566e-06,2.4733978e-05,0.041654155,3.6366357e-06
/home/share/Uni_Eval/HAM10000_clean/ISIC2018/ISIC_0030088.jpg,2,2,0.0017778506,0.0003528917,0.9594266,5.1093826e-05,0.0011008378,0.037284363,6.415839e-06
/home/share/Uni_Eval/HAM10000_clean/ISIC2018/ISIC_0025392.jpg,2,2,3.9655045e-08,3.00071e-05,0.99967325,4.14266e-08,4.507453e-05,0.00025132977,2.6688332e-07
/home/share/Uni_Eval/HAM10000_clean/ISIC2018/ISIC_0026783.jpg,2,2,0.0022698042,0.00018410286,0.96384984,0.0004332948,0.004398398,0.028821696,4.2814485e-05
/home/share/Uni_Eval/HAM10000_clean/ISIC2018/ISIC_0025330.jpg,2,2,0.004106468,4.0899944e-05,0.9929796,1.938926e-05,7.92789e-05,0.0027573057,1.7070994e-05
/home/share/Uni_Eval/HAM10000_clean/ISIC2018/ISIC_0027275.jpg,2,2,9.299658e-05,2.2554248e-05,0.7629568,3.7050555e-05,1.0421119e-05,0.2355061,0.0013741233
/home/share/Uni_Eval/HAM10000_clean/ISIC2018/ISIC_0029233.jpg,2,2,0.00041239918,0.00026237147,0.7430003,0.00023016645,0.024283614,0.23174208,6.9120964e-05
/home/share/Uni_Eval/HAM10000_clean/ISIC2018/ISIC_0032359.jpg,2,2,0.0002105663,0.00027564674,0.93533105,6.451417e-05,0.008952593,0.049367744,0.0057978677
/home/share/Uni_Eval/HAM10000_clean/ISIC2018/ISIC_0029048.jpg,2,2,1.7468366e-07,0.000103496204,0.95932746,3.2062147e-07,3.5730136e-05,0.0404675,6.525662e-05
/home/share/Uni_Eval/HAM10000_clean/ISIC2018/ISIC_0028925.jpg,2,2,0.00676886,4.448221e-05,0.9488362,0.020893637,0.00070647587,0.022288468,0.0004618522
/home/share/Uni_Eval/HAM10000_clean/ISIC2018/ISIC_0027008.jpg,3,3,0.0041259117,0.012496582,0.05414088,0.8034152,0.025102338,0.09758076,0.0031383554
/home/share/Uni_Eval/HAM10000_clean/ISIC2018/ISIC_0032468.jpg,3,3,0.058727223,0.021042705,0.0024008872,0.70792246,0.10936272,0.07370946,0.026834585
/home/share/Uni_Eval/HAM10000_clean/ISIC2018/ISIC_0030555.jpg,3,3,0.0014039602,0.0021615427,0.0038085368,0.81101894,0.035408903,0.10799474,0.038203347
/home/share/Uni_Eval/HAM10000_clean/ISIC2018/ISIC_0030244.jpg,3,3,0.00038461926,0.0654777,0.029035985,0.8074616,0.003757696,0.08970022,0.0041822316
/home/share/Uni_Eval/HAM10000_clean/ISIC2018/ISIC_0025668.jpg,3,5,0.00096102443,0.00436696,0.028983718,0.10150635,0.028766384,0.83345294,0.0019626159
/home/share/Uni_Eval/HAM10000_clean/ISIC2018/ISIC_0033790.jpg,3,3,0.013933418,0.0002005366,0.005356381,0.6313409,0.103808686,0.24530856,5.1522493e-05
/home/share/Uni_Eval/HAM10000_clean/ISIC2018/ISIC_0029039.jpg,3,3,0.059763826,0.0017143646,0.13672206,0.4363845,0.011330986,0.35407513,9.153538e-06
/home/share/Uni_Eval/HAM10000_clean/ISIC2018/ISIC_0027107.jpg,3,3,0.017377984,0.0012556541,0.38385877,0.47846636,0.014255128,0.10478575,3.378949e-07
/home/share/Uni_Eval/HAM10000_clean/ISIC2018/ISIC_0024973.jpg,3,1,0.004236572,0.47414857,0.048233088,0.1078663,0.27448973,0.09089395,0.00013185936
/home/share/Uni_Eval/HAM10000_clean/ISIC2018/ISIC_0025622.jpg,3,3,0.0028522508,0.008167253,0.023526998,0.40070918,0.3443534,0.22028074,0.00011022124
/home/share/Uni_Eval/HAM10000_clean/ISIC2018/ISIC_0033626.jpg,3,3,0.00045056443,2.552228e-06,0.00013737232,0.9937018,0.00046385278,0.0052365423,7.331091e-06
/home/share/Uni_Eval/HAM10000_clean/ISIC2018/ISIC_0033891.jpg,3,3,0.000275969,0.004004859,0.001930073,0.97991496,0.0038044534,0.009298717,0.0007709855
/home/share/Uni_Eval/HAM10000_clean/ISIC2018/ISIC_0033005.jpg,3,3,4.0904353e-05,6.5244735e-06,2.6563237e-05,0.8896514,0.006863622,0.10335788,5.3055766e-05
/home/share/Uni_Eval/HAM10000_clean/ISIC2018/ISIC_0033847.jpg,3,3,9.9830984e-05,1.5912328e-06,0.00074049865,0.94760597,0.00019908954,0.051352408,6.8178997e-07
/home/share/Uni_Eval/HAM10000_clean/ISIC2018/ISIC_0026471.jpg,3,3,0.006484886,0.013645104,0.0041179834,0.70358115,0.0028802082,0.26211378,0.007176845
/home/share/Uni_Eval/HAM10000_clean/ISIC2018/ISIC_0026629.jpg,3,5,0.0035248762,0.0031808757,0.18464541,0.35910416,0.00088095025,0.4485951,6.8555004e-05
/home/share/Uni_Eval/HAM10000_clean/ISIC2018/ISIC_0025771.jpg,3,3,2.6116524e-05,6.045394e-05,0.0020218154,0.989251,0.0023371906,0.006198032,0.00010547607
/home/share/Uni_Eval/HAM10000_clean/ISIC2018/ISIC_0030623.jpg,4,5,7.2719106e-09,2.6161272e-06,0.016655909,2.8948804e-08,0.32890147,0.6537538,0.0006861213
/home/share/Uni_Eval/HAM10000_clean/ISIC2018/ISIC_0032396.jpg,4,4,0.0002788079,0.0002698042,0.15065762,0.0004934742,0.7391776,0.10829088,0.00083181233
/home/share/Uni_Eval/HAM10000_clean/ISIC2018/ISIC_0028445.jpg,4,5,0.0015349624,0.0046569337,0.026965976,0.0013688317,0.44927642,0.51580757,0.00038937552
/home/share/Uni_Eval/HAM10000_clean/ISIC2018/ISIC_0029512.jpg,4,4,0.02519172,0.0047352766,0.12388464,0.050130352,0.7388843,0.05656833,0.0006053402
/home/share/Uni_Eval/HAM10000_clean/ISIC2018/ISIC_0028579.jpg,4,5,1.4469462e-06,3.7924707e-05,0.0013795466,4.678663e-06,0.07211383,0.9264334,2.9254952e-05
/home/share/Uni_Eval/HAM10000_clean/ISIC2018/ISIC_0031953.jpg,4,4,3.0317928e-05,0.0013693059,0.0035716596,0.00010721949,0.712247,0.28224733,0.00042717377
/home/share/Uni_Eval/HAM10000_clean/ISIC2018/ISIC_0032079.jpg,4,4,0.0043205484,0.21637073,0.004490897,0.00064096967,0.65690434,0.11725924,1.32890345e-05
/home/share/Uni_Eval/HAM10000_clean/ISIC2018/ISIC_0026150.jpg,4,5,8.5504535e-06,0.00206899,0.02619213,0.00020484487,0.36973068,0.60148406,0.00031078016
/home/share/Uni_Eval/HAM10000_clean/ISIC2018/ISIC_0031642.jpg,4,4,6.694533e-06,0.00018220909,0.017324738,1.21734865e-05,0.5531029,0.42936438,6.801085e-06
/home/share/Uni_Eval/HAM10000_clean/ISIC2018/ISIC_0029000.jpg,4,4,0.000103577775,0.00059400435,0.0038495322,0.0021893857,0.563429,0.42487124,0.0049632345
/home/share/Uni_Eval/HAM10000_clean/ISIC2018/ISIC_0025751.jpg,4,5,2.5196403e-05,1.0438009e-05,0.0047393036,1.3976313e-05,0.3913905,0.6037972,2.3373263e-05
/home/share/Uni_Eval/HAM10000_clean/ISIC2018/ISIC_0026892.jpg,4,5,0.0010476415,0.2191708,0.2973715,0.0011572608,0.17461134,0.30474967,0.0018918177
/home/share/Uni_Eval/HAM10000_clean/ISIC2018/ISIC_0028291.jpg,4,4,0.005607291,0.0005148629,0.19659977,0.00019955247,0.5136269,0.28344497,6.7021606e-06
/home/share/Uni_Eval/HAM10000_clean/ISIC2018/ISIC_0027769.jpg,4,4,0.00014759687,0.04412297,0.030755276,0.00017041975,0.7039718,0.21345052,0.0073813894
/home/share/Uni_Eval/HAM10000_clean/ISIC2018/ISIC_0030445.jpg,4,2,0.0010103971,0.059317008,0.38434622,0.21139742,0.06230113,0.27778494,0.003842945
/home/share/Uni_Eval/HAM10000_clean/ISIC2018/ISIC_0025155.jpg,4,4,0.000622024,3.5576853e-05,0.03388532,1.8667099e-05,0.8972967,0.068107635,3.406855e-05
/home/share/Uni_Eval/HAM10000_clean/ISIC2018/ISIC_0027102.jpg,4,4,0.00089561037,8.4211984e-05,0.00014038871,1.0565042e-05,0.9900007,0.0088382065,3.0241785e-05
/home/share/Uni_Eval/HAM10000_clean/ISIC2018/ISIC_0032046.jpg,4,4,0.0018276862,0.008607958,0.08170523,0.00052642555,0.63192254,0.2753529,5.7255736e-05
/home/share/Uni_Eval/HAM10000_clean/ISIC2018/ISIC_0029630.jpg,4,4,0.01123825,0.03501013,0.1189721,0.00031260942,0.8274097,0.0069921603,6.501378e-05
/home/share/Uni_Eval/HAM10000_clean/ISIC2018/ISIC_0031941.jpg,4,4,0.00016792965,0.0014767258,0.00321372,6.036261e-05,0.94862354,0.04644768,9.930501e-06
/home/share/Uni_Eval/HAM10000_clean/ISIC2018/ISIC_0031586.jpg,4,4,0.001257672,1.2492873e-05,0.0069119013,3.1157806e-06,0.9246536,0.06716075,4.679436e-07
/home/share/Uni_Eval/HAM10000_clean/ISIC2018/ISIC_0027261.jpg,4,4,3.3072752e-06,0.00019364987,0.01211948,5.0718707e-05,0.7825746,0.20418173,0.00087657105
/home/share/Uni_Eval/HAM10000_clean/ISIC2018/ISIC_0024675.jpg,4,5,4.529313e-06,2.286497e-05,0.022977022,2.372904e-06,0.39596674,0.5809814,4.5036566e-05
/home/share/Uni_Eval/HAM10000_clean/ISIC2018/ISIC_0025891.jpg,4,4,6.211139e-06,2.3106471e-05,0.0035039985,1.798133e-06,0.5044945,0.4917096,0.00026083944
/home/share/Uni_Eval/HAM10000_clean/ISIC2018/ISIC_0031189.jpg,4,4,0.00013361017,0.0034466272,0.010449243,2.5968591e-05,0.91192645,0.073954605,6.343442e-05
/home/share/Uni_Eval/HAM10000_clean/ISIC2018/ISIC_0034006.jpg,4,2,0.00110734,0.05892462,0.7331901,5.0301915e-05,0.11260846,0.08120484,0.012914346
/home/share/Uni_Eval/HAM10000_clean/ISIC2018/ISIC_0028696.jpg,4,5,0.000104651306,0.0010330123,0.009106448,0.0018635787,0.27678216,0.7109672,0.0001429995
/home/share/Uni_Eval/HAM10000_clean/ISIC2018/ISIC_0028325.jpg,4,4,0.008899278,0.00022789669,0.01794386,0.0010452954,0.8170169,0.15482925,3.7618036e-05
/home/share/Uni_Eval/HAM10000_clean/ISIC2018/ISIC_0028489.jpg,4,5,3.9566803e-05,1.2854296e-05,0.29224315,6.358744e-08,0.019290885,0.6883616,5.1901465e-05
/home/share/Uni_Eval/HAM10000_clean/ISIC2018/ISIC_0028969.jpg,4,2,0.044790085,0.018286588,0.63237655,0.0007756966,0.28394562,0.019297695,0.0005277363
/home/share/Uni_Eval/HAM10000_clean/ISIC2018/ISIC_0033496.jpg,4,4,0.0028324719,1.0333643e-05,0.06508768,0.026493236,0.67066866,0.23477651,0.00013113934
/home/share/Uni_Eval/HAM10000_clean/ISIC2018/ISIC_0033573.jpg,4,4,0.0012291145,0.03361544,0.06420155,0.000644362,0.7591282,0.1358778,0.0053034895
/home/share/Uni_Eval/HAM10000_clean/ISIC2018/ISIC_0030828.jpg,4,4,0.00014593343,0.0010592231,0.014910279,1.5465279e-06,0.49920654,0.4839851,0.000691378
/home/share/Uni_Eval/HAM10000_clean/ISIC2018/ISIC_0033931.jpg,4,4,0.012805624,0.003653123,0.22440861,0.00016157133,0.7520088,0.0069360463,2.6143145e-05
/home/share/Uni_Eval/HAM10000_clean/ISIC2018/ISIC_0033268.jpg,4,4,0.00034676428,6.655033e-06,0.008318948,0.00011643052,0.5105646,0.480646,5.537904e-07
/home/share/Uni_Eval/HAM10000_clean/ISIC2018/ISIC_0033428.jpg,4,4,0.0004165554,1.6143522e-05,0.011561488,9.459691e-06,0.96251744,0.02543588,4.3093634e-05
/home/share/Uni_Eval/HAM10000_clean/ISIC2018/ISIC_0033152.jpg,4,5,4.821812e-05,9.153229e-05,0.06313408,3.6847991e-06,0.30266735,0.63274217,0.0013130172
/home/share/Uni_Eval/HAM10000_clean/ISIC2018/ISIC_0034236.jpg,4,4,0.0001238735,3.4673903e-05,0.0020602273,0.00097414776,0.8296021,0.16719998,4.9247096e-06
/home/share/Uni_Eval/HAM10000_clean/ISIC2018/ISIC_0025987.jpg,4,5,9.4454284e-05,3.678168e-05,0.028492555,0.00013752274,0.23730879,0.73389965,3.0292535e-05
/home/share/Uni_Eval/HAM10000_clean/ISIC2018/ISIC_0032447.jpg,4,4,0.0001812589,1.9286011e-07,0.00799459,2.4123085e-07,0.862958,0.12886418,1.5017736e-06
/home/share/Uni_Eval/HAM10000_clean/ISIC2018/ISIC_0033831.jpg,4,4,1.9284391e-06,4.3656584e-07,0.00364109,3.253923e-08,0.9864217,0.009933849,1.0939891e-06
/home/share/Uni_Eval/HAM10000_clean/ISIC2018/ISIC_0032583.jpg,4,4,0.019287156,0.040003467,0.13379104,0.12733173,0.35300168,0.32263875,0.0039462214
/home/share/Uni_Eval/HAM10000_clean/ISIC2018/ISIC_0034294.jpg,4,4,1.7757578e-05,7.645984e-07,0.0013945503,7.095783e-06,0.6133284,0.38525033,1.1600462e-06
/home/share/Uni_Eval/HAM10000_clean/ISIC2018/ISIC_0032984.jpg,4,4,0.010031946,0.05248174,0.036632676,0.004716276,0.8928015,0.0026863934,0.00064946094
/home/share/Uni_Eval/HAM10000_clean/ISIC2018/ISIC_0033802.jpg,4,5,0.0011619339,9.782004e-07,0.00409076,8.942584e-05,0.29061234,0.7040267,1.7725368e-05
/home/share/Uni_Eval/HAM10000_clean/ISIC2018/ISIC_0032993.jpg,4,4,1.778482e-07,9.833347e-09,5.445348e-05,7.8762675e-08,0.98523474,0.014710337,2.166774e-07
/home/share/Uni_Eval/HAM10000_clean/ISIC2018/ISIC_0033804.jpg,4,5,5.5473824e-06,6.3027437e-06,0.0018430643,0.0021695604,0.13489138,0.8610301,5.4079715e-05
/home/share/Uni_Eval/HAM10000_clean/ISIC2018/ISIC_0032774.jpg,4,2,0.0046167015,0.048410278,0.43621773,0.00040711544,0.3410704,0.117395744,0.051882077
/home/share/Uni_Eval/HAM10000_clean/ISIC2018/ISIC_0032840.jpg,4,4,0.0018107451,0.003863433,0.0006088304,0.0125689,0.6412823,0.32749698,0.01236881
/home/share/Uni_Eval/HAM10000_clean/ISIC2018/ISIC_0034208.jpg,4,4,0.12445507,0.06011321,0.027930314,0.009919382,0.76644284,0.011106283,3.2849086e-05
/home/share/Uni_Eval/HAM10000_clean/ISIC2018/ISIC_0033287.jpg,4,5,1.682541e-05,0.005285607,0.004960283,3.7784944e-06,0.46775448,0.5219669,1.2097445e-05
/home/share/Uni_Eval/HAM10000_clean/ISIC2018/ISIC_0033286.jpg,4,4,0.002027346,3.0929197e-05,0.002264601,2.3129713e-05,0.99312496,0.0025242232,4.8195307e-06
/home/share/Uni_Eval/HAM10000_clean/ISIC2018/ISIC_0033175.jpg,4,5,0.0009038101,0.00044700134,0.012596115,0.012264124,0.048293643,0.92546314,3.2145792e-05
/home/share/Uni_Eval/HAM10000_clean/ISIC2018/ISIC_0033942.jpg,4,4,0.048656307,0.0057128114,0.19290629,0.0010388307,0.72034156,0.03132959,1.4676107e-05
/home/share/Uni_Eval/HAM10000_clean/ISIC2018/ISIC_0032522.jpg,4,4,0.002047683,0.00020433591,0.25027695,8.371079e-06,0.7450695,0.0023925267,6.0329904e-07
/home/share/Uni_Eval/HAM10000_clean/ISIC2018/ISIC_0033272.jpg,4,5,0.012770325,3.672467e-05,0.31692386,0.0031809844,0.098410025,0.5686716,6.5228205e-06
/home/share/Uni_Eval/HAM10000_clean/ISIC2018/ISIC_0033004.jpg,4,5,2.1965472e-05,5.220116e-07,0.00893276,0.0003644611,0.042332433,0.94833994,7.915061e-06
/home/share/Uni_Eval/HAM10000_clean/ISIC2018/ISIC_0032511.jpg,4,4,0.018959343,0.006363718,0.06252987,9.988502e-05,0.9087145,0.0033312903,1.3529387e-06
/home/share/Uni_Eval/HAM10000_clean/ISIC2018/ISIC_0034085.jpg,4,4,0.00011572815,3.8045288e-05,0.015595626,0.008213904,0.7598996,0.21607769,5.9404054e-05
/home/share/Uni_Eval/HAM10000_clean/ISIC2018/ISIC_0033299.jpg,4,4,3.0816782e-06,1.6351146e-06,0.000904065,1.7287438e-06,0.99824536,0.0008418462,2.2139561e-06
/home/share/Uni_Eval/HAM10000_clean/ISIC2018/ISIC_0033779.jpg,4,4,1.9292504e-05,3.0234985e-06,0.0008683676,0.0008515638,0.799258,0.19899403,5.815016e-06
/home/share/Uni_Eval/HAM10000_clean/ISIC2018/ISIC_0034065.jpg,4,5,4.0407363e-06,0.00028971687,7.562265e-05,2.3802555e-05,0.30130187,0.69817376,0.00013124733
/home/share/Uni_Eval/HAM10000_clean/ISIC2018/ISIC_0033038.jpg,4,4,0.006266088,0.0007919971,0.05100238,0.0002946528,0.9045241,0.03711982,9.884571e-07
/home/share/Uni_Eval/HAM10000_clean/ISIC2018/ISIC_0033630.jpg,4,4,0.011164453,8.261896e-05,0.004391638,8.07886e-06,0.973975,0.0103649525,1.3252647e-05
/home/share/Uni_Eval/HAM10000_clean/ISIC2018/ISIC_0034150.jpg,4,4,0.03240588,0.0059807305,0.2559363,0.008264104,0.66155213,0.035823125,3.7731577e-05
/home/share/Uni_Eval/HAM10000_clean/ISIC2018/ISIC_0032915.jpg,4,0,0.89927655,0.017275052,0.075317815,0.0005662645,0.007119163,0.00028896143,0.00015623572
/home/share/Uni_Eval/HAM10000_clean/ISIC2018/ISIC_0028460.jpg,4,4,0.079772934,0.033036005,0.07973577,0.002208888,0.7787532,0.026428942,6.421311e-05
/home/share/Uni_Eval/HAM10000_clean/ISIC2018/ISIC_0033883.jpg,4,5,0.0019775855,4.659839e-05,0.01141869,0.0012704823,0.42462063,0.56066525,8.315455e-07
/home/share/Uni_Eval/HAM10000_clean/ISIC2018/ISIC_0034005.jpg,4,4,0.02733248,0.03941295,0.2559148,0.0022843664,0.43099976,0.24382302,0.0002325312
/home/share/Uni_Eval/HAM10000_clean/ISIC2018/ISIC_0033872.jpg,4,3,0.011225423,0.0029130862,0.005223698,0.39030862,0.3412601,0.24904446,2.4578523e-05
/home/share/Uni_Eval/HAM10000_clean/ISIC2018/ISIC_0032547.jpg,4,4,1.8049315e-07,6.4903367e-07,3.1217154e-05,4.138418e-07,0.98490727,0.015059556,5.870222e-07
/home/share/Uni_Eval/HAM10000_clean/ISIC2018/ISIC_0032806.jpg,4,4,0.000612814,1.4697235e-06,0.01863058,0.00032201628,0.61658347,0.3638495,1.9564028e-07
/home/share/Uni_Eval/HAM10000_clean/ISIC2018/ISIC_0033569.jpg,4,4,8.511767e-05,0.0003879865,0.00013962285,3.539179e-05,0.99701786,0.0023177578,1.6288865e-05
/home/share/Uni_Eval/HAM10000_clean/ISIC2018/ISIC_0032810.jpg,4,4,0.0042424286,0.004192195,0.010008155,0.0004750916,0.80692434,0.17350549,0.0006523094
/home/share/Uni_Eval/HAM10000_clean/ISIC2018/ISIC_0032517.jpg,4,4,3.7839916e-05,2.8254084e-05,0.009490573,0.00060222193,0.9485398,0.04128885,1.2441421e-05
/home/share/Uni_Eval/HAM10000_clean/ISIC2018/ISIC_0034022.jpg,4,5,0.00082071655,0.0010783538,0.00458303,8.119857e-06,0.07016615,0.92317724,0.00016636391
/home/share/Uni_Eval/HAM10000_clean/ISIC2018/ISIC_0033444.jpg,4,5,1.7476267e-06,4.1478794e-05,0.00041717512,0.00025528466,0.2147527,0.7845258,5.780392e-06
/home/share/Uni_Eval/HAM10000_clean/ISIC2018/ISIC_0032695.jpg,4,4,1.941659e-05,5.39105e-05,0.00012490177,6.398449e-10,0.9997031,4.9873608e-05,4.868276e-05
/home/share/Uni_Eval/HAM10000_clean/ISIC2018/ISIC_0026430.jpg,4,4,0.006001407,0.021394324,0.014849596,0.0027086176,0.89865863,0.05638451,2.9042792e-06
/home/share/Uni_Eval/HAM10000_clean/ISIC2018/ISIC_0032968.jpg,4,1,0.2170165,0.43669596,0.13042983,0.0012179657,0.20313555,0.011391433,0.000112749425
/home/share/Uni_Eval/HAM10000_clean/ISIC2018/ISIC_0029265.jpg,4,4,0.10525825,0.1647982,0.2378344,0.0012074342,0.4822387,0.00862835,3.464866e-05
/home/share/Uni_Eval/HAM10000_clean/ISIC2018/ISIC_0034205.jpg,4,5,0.000104474,2.5782103e-05,0.016105229,1.4952134e-05,0.090537034,0.89299846,0.00021415258
/home/share/Uni_Eval/HAM10000_clean/ISIC2018/ISIC_0033612.jpg,4,4,0.011450611,0.00029450667,0.013489073,1.9739431e-05,0.73779905,0.2366131,0.00033387405
/home/share/Uni_Eval/HAM10000_clean/ISIC2018/ISIC_0033616.jpg,4,5,1.5558488e-06,9.820918e-09,0.0053353244,3.3640966e-08,0.4032609,0.59140223,2.2692996e-08
/home/share/Uni_Eval/HAM10000_clean/ISIC2018/ISIC_0029606.jpg,4,4,0.00012484296,5.634781e-07,0.026491284,1.9520083e-07,0.8666196,0.10676288,6.88931e-07
/home/share/Uni_Eval/HAM10000_clean/ISIC2018/ISIC_0032597.jpg,4,4,0.00015937828,0.0009267137,0.026794568,9.336248e-05,0.76513153,0.20689133,3.1453364e-06
/home/share/Uni_Eval/HAM10000_clean/ISIC2018/ISIC_0032982.jpg,4,5,0.00086615764,0.021314723,0.0032186985,0.000451085,0.023859901,0.95026803,2.1381997e-05
/home/share/Uni_Eval/HAM10000_clean/ISIC2018/ISIC_0033226.jpg,4,5,2.8043716e-05,6.567924e-06,0.016368095,2.3105615e-06,0.14186698,0.8417269,1.1628841e-06
/home/share/Uni_Eval/HAM10000_clean/ISIC2018/ISIC_0033670.jpg,4,5,3.7196626e-06,2.2723663e-08,0.0029487333,1.18045255e-05,0.030549252,0.9664865,4.3331106e-08
/home/share/Uni_Eval/HAM10000_clean/ISIC2018/ISIC_0034107.jpg,4,5,0.0007449217,0.008539005,0.0020934746,0.008138528,0.18562083,0.79480976,5.351041e-05
/home/share/Uni_Eval/HAM10000_clean/ISIC2018/ISIC_0033055.jpg,4,4,0.008148874,0.00059761683,0.0064296573,0.021106604,0.8131896,0.15052448,3.208332e-06
/home/share/Uni_Eval/HAM10000_clean/ISIC2018/ISIC_0033061.jpg,4,4,0.0014820363,0.032496948,0.1420512,0.00033691977,0.72554624,0.024833884,0.0732528
/home/share/Uni_Eval/HAM10000_clean/ISIC2018/ISIC_0033696.jpg,4,4,0.0006142617,0.007044178,0.0011938049,1.8115199e-05,0.9859859,0.0014210996,0.0037227415
/home/share/Uni_Eval/HAM10000_clean/ISIC2018/ISIC_0027234.jpg,4,2,0.0027747848,0.00046940875,0.73520243,0.00037129148,0.16002211,0.10115653,3.49766e-06
/home/share/Uni_Eval/HAM10000_clean/ISIC2018/ISIC_0032918.jpg,4,4,0.005291784,4.0165527e-05,0.026132215,0.00026765568,0.48753113,0.4807283,8.705661e-06
/home/share/Uni_Eval/HAM10000_clean/ISIC2018/ISIC_0028520.jpg,4,4,2.646925e-06,5.012708e-07,0.002373647,1.04582426e-07,0.9511807,0.04643531,7.2394546e-06
/home/share/Uni_Eval/HAM10000_clean/ISIC2018/ISIC_0032807.jpg,4,4,5.8196452e-05,0.0030387065,0.00088119117,2.796975e-06,0.98671466,0.0092983,6.0759144e-06
/home/share/Uni_Eval/HAM10000_clean/ISIC2018/ISIC_0032645.jpg,4,5,0.000103472776,0.060898602,0.013189829,9.057623e-05,0.039149202,0.8865644,3.9918664e-06
/home/share/Uni_Eval/HAM10000_clean/ISIC2018/ISIC_0033807.jpg,4,4,0.09584741,0.02433571,0.16752847,0.001266714,0.69426423,0.008694452,0.008063028
/home/share/Uni_Eval/HAM10000_clean/ISIC2018/ISIC_0033454.jpg,4,5,0.00022332936,0.00049017236,0.024030706,5.9288126e-05,0.18425965,0.7907463,0.00019064208
/home/share/Uni_Eval/HAM10000_clean/ISIC2018/ISIC_0032960.jpg,4,4,0.0019494557,0.000305833,0.07953096,2.4764593e-05,0.9177362,0.00043876746,1.4126679e-05
/home/share/Uni_Eval/HAM10000_clean/ISIC2018/ISIC_0033773.jpg,4,4,0.0029087358,0.0005527639,0.011025758,0.00022911478,0.90615064,0.07913123,1.8109074e-06
/home/share/Uni_Eval/HAM10000_clean/ISIC2018/ISIC_0033730.jpg,4,4,5.073823e-06,4.4909478e-07,0.002023588,7.863021e-07,0.92280984,0.075158104,2.1562655e-06
/home/share/Uni_Eval/HAM10000_clean/ISIC2018/ISIC_0033805.jpg,4,4,0.00031191966,0.0026958445,0.007415294,3.3556453e-06,0.80986756,0.1796982,7.834035e-06
/home/share/Uni_Eval/HAM10000_clean/ISIC2018/ISIC_0027204.jpg,4,2,0.007865867,0.0032203395,0.9055034,0.00022962179,0.029482912,0.053668566,2.9237684e-05
/home/share/Uni_Eval/HAM10000_clean/ISIC2018/ISIC_0033178.jpg,4,4,1.2362511e-05,0.0006314313,0.0053358763,2.8809002e-06,0.7369379,0.25663242,0.00044712823
/home/share/Uni_Eval/HAM10000_clean/ISIC2018/ISIC_0033023.jpg,4,4,3.6652216e-06,2.5883028e-05,0.00014052688,3.3087784e-07,0.98369575,0.016130961,2.9057849e-06
/home/share/Uni_Eval/HAM10000_clean/ISIC2018/ISIC_0027069.jpg,4,2,0.1253581,0.0077187982,0.39419714,0.0036823752,0.27969536,0.18931153,3.6698806e-05
/home/share/Uni_Eval/HAM10000_clean/ISIC2018/ISIC_0026545.jpg,4,4,0.0029390408,0.001819524,0.1748643,0.00096916687,0.53176945,0.28759086,4.7625243e-05
/home/share/Uni_Eval/HAM10000_clean/ISIC2018/ISIC_0026268.jpg,4,5,0.0016036633,6.0982975e-06,0.22269823,1.5687609e-05,0.31316686,0.46248978,1.9710775e-05
/home/share/Uni_Eval/HAM10000_clean/ISIC2018/ISIC_0027282.jpg,4,1,0.021370206,0.39882192,0.2836341,0.0115961945,0.14219278,0.14230452,8.0329926e-05
/home/share/Uni_Eval/HAM10000_clean/ISIC2018/ISIC_0028463.jpg,4,4,0.0027941465,1.2245443e-05,0.0074620657,0.00041508058,0.8224469,0.16686934,2.2256086e-07
/home/share/Uni_Eval/HAM10000_clean/ISIC2018/ISIC_0024823.jpg,4,2,0.00010468117,0.0007646217,0.58620554,2.323109e-06,0.35563794,0.055230565,0.0020542857
/home/share/Uni_Eval/HAM10000_clean/ISIC2018/ISIC_0025512.jpg,4,4,0.00065809936,0.00012840652,0.005195175,8.2283295e-05,0.64542174,0.3485118,2.6308185e-06
/home/share/Uni_Eval/HAM10000_clean/ISIC2018/ISIC_0027622.jpg,4,4,4.0072428e-05,7.708069e-05,0.004285944,3.114533e-06,0.7927391,0.20285411,5.843356e-07
/home/share/Uni_Eval/HAM10000_clean/ISIC2018/ISIC_0026167.jpg,4,4,0.017082805,0.0010761183,0.018303603,5.509633e-05,0.7839847,0.17928927,0.0002084424
/home/share/Uni_Eval/HAM10000_clean/ISIC2018/ISIC_0032134.jpg,4,4,0.0023463967,0.00022317897,0.047731005,3.6616339e-06,0.93243587,0.017259287,5.829082e-07
/home/share/Uni_Eval/HAM10000_clean/ISIC2018/ISIC_0030756.jpg,4,5,0.00058527355,7.998028e-06,0.00791152,2.348712e-05,0.32413048,0.6673398,1.3810758e-06
/home/share/Uni_Eval/HAM10000_clean/ISIC2018/ISIC_0030034.jpg,4,5,0.005664177,0.030117769,0.0047819125,0.027090577,0.01875834,0.76498526,0.14860195
/home/share/Uni_Eval/HAM10000_clean/ISIC2018/ISIC_0025316.jpg,4,5,0.00012320183,9.5986425e-06,0.0010715906,8.3257015e-05,0.06501686,0.93369174,3.7102498e-06
/home/share/Uni_Eval/HAM10000_clean/ISIC2018/ISIC_0028760.jpg,4,5,5.0311343e-08,6.324593e-07,6.1948755e-05,1.6242497e-07,0.013406595,0.98645055,8.009757e-05
/home/share/Uni_Eval/HAM10000_clean/ISIC2018/ISIC_0028003.jpg,4,5,0.00014236127,1.0152686e-05,0.0029040272,0.0012556505,0.17242175,0.8227877,0.00047829546
/home/share/Uni_Eval/HAM10000_clean/ISIC2018/ISIC_0025145.jpg,4,4,1.4807989e-07,7.1083424e-09,0.000112378286,8.761074e-07,0.9625682,0.037317894,5.5448174e-07
/home/share/Uni_Eval/HAM10000_clean/ISIC2018/ISIC_0029172.jpg,4,5,0.017228875,0.0012313919,0.08583004,0.00064174156,0.31910026,0.57596576,1.9032052e-06
/home/share/Uni_Eval/HAM10000_clean/ISIC2018/ISIC_0028543.jpg,4,4,0.00032723666,0.0016207425,0.09999397,3.7385482e-07,0.73551655,0.16249724,4.39881e-05
/home/share/Uni_Eval/HAM10000_clean/ISIC2018/ISIC_0027130.jpg,4,5,0.0044974573,0.0021440368,0.0070819673,0.00012387194,0.30839288,0.67775786,1.9530175e-06
/home/share/Uni_Eval/HAM10000_clean/ISIC2018/ISIC_0026094.jpg,4,5,0.002392992,0.0070049013,0.0051090526,0.00012798511,0.17648089,0.8088658,1.842229e-05
/home/share/Uni_Eval/HAM10000_clean/ISIC2018/ISIC_0024525.jpg,4,2,0.05844595,0.0020528103,0.4806918,0.00014240619,0.16522428,0.29343042,1.2296058e-05
/home/share/Uni_Eval/HAM10000_clean/ISIC2018/ISIC_0026009.jpg,4,2,0.07630633,0.0007562466,0.7359844,0.0011936701,0.06472862,0.121026635,4.0889513e-06
/home/share/Uni_Eval/HAM10000_clean/ISIC2018/ISIC_0027030.jpg,4,4,0.0830783,0.010597038,0.16714229,0.18293332,0.47401315,0.082234755,1.1866085e-06
/home/share/Uni_Eval/HAM10000_clean/ISIC2018/ISIC_0026796.jpg,4,4,0.016541107,0.021403633,0.12684642,0.008446635,0.42056248,0.40618607,1.36928475e-05
/home/share/Uni_Eval/HAM10000_clean/ISIC2018/ISIC_0026604.jpg,4,2,0.01593606,9.6954725e-05,0.8982356,1.2442628e-05,0.08537023,0.00030410467,4.457717e-05
/home/share/Uni_Eval/HAM10000_clean/ISIC2018/ISIC_0024952.jpg,4,4,0.0033495382,0.0004011245,0.012071197,0.0006818799,0.9302606,0.05320051,3.5209978e-05
/home/share/Uni_Eval/HAM10000_clean/ISIC2018/ISIC_0032192.jpg,4,4,0.010231368,2.0733818e-05,0.018965958,4.2310403e-06,0.95917493,0.011601983,8.840201e-07
/home/share/Uni_Eval/HAM10000_clean/ISIC2018/ISIC_0024323.jpg,4,2,0.10639462,0.016348701,0.39742115,0.04557456,0.2870275,0.14721866,1.4766568e-05
/home/share/Uni_Eval/HAM10000_clean/ISIC2018/ISIC_0027436.jpg,4,1,0.09090348,0.3454767,0.29512167,0.0050017494,0.1291624,0.13428125,5.2790594e-05
/home/share/Uni_Eval/HAM10000_clean/ISIC2018/ISIC_0031915.jpg,4,5,0.0011442293,0.001956312,0.030413354,0.00096816814,0.18142761,0.78407645,1.3947624e-05
/home/share/Uni_Eval/HAM10000_clean/ISIC2018/ISIC_0026847.jpg,4,4,0.0056809527,0.004642984,0.0507497,4.6641104e-05,0.80555576,0.13332313,8.4990444e-07
/home/share/Uni_Eval/HAM10000_clean/ISIC2018/ISIC_0029958.jpg,4,2,0.022574544,2.3325661e-05,0.96288544,0.00039788987,0.0024857474,0.011632866,7.541979e-08
/home/share/Uni_Eval/HAM10000_clean/ISIC2018/ISIC_0031170.jpg,4,2,0.0019491115,0.0021081904,0.87052405,3.2508262e-05,0.066208005,0.059175115,3.0259694e-06
/home/share/Uni_Eval/HAM10000_clean/ISIC2018/ISIC_0024652.jpg,4,4,0.038371988,0.0030851706,0.23877971,0.00022821492,0.70669377,0.012840164,9.896253e-07
/home/share/Uni_Eval/HAM10000_clean/ISIC2018/ISIC_0030653.jpg,4,4,0.00049242616,0.00274943,0.051298335,0.00017859037,0.90653265,0.030719502,0.008028964
/home/share/Uni_Eval/HAM10000_clean/ISIC2018/ISIC_0026652.jpg,4,4,0.03296058,0.00043685414,0.06985238,0.04233615,0.60352284,0.25086287,2.827848e-05
/home/share/Uni_Eval/HAM10000_clean/ISIC2018/ISIC_0029885.jpg,4,0,0.73759174,0.010469235,0.1335343,0.016808897,0.03762789,0.06365047,0.00031742564
/home/share/Uni_Eval/HAM10000_clean/ISIC2018/ISIC_0025814.jpg,4,4,0.023897884,0.07833359,0.14108053,0.010036045,0.55462164,0.19167604,0.00035425424
/home/share/Uni_Eval/HAM10000_clean/ISIC2018/ISIC_0031550.jpg,4,5,0.0026426972,5.813278e-06,0.012673325,1.987649e-05,0.041233923,0.94342417,6.8982395e-08
/home/share/Uni_Eval/HAM10000_clean/ISIC2018/ISIC_0029893.jpg,4,4,0.2940788,0.0005855162,0.13158618,0.00025689002,0.56335753,0.010101918,3.3159413e-05
/home/share/Uni_Eval/HAM10000_clean/ISIC2018/ISIC_0031417.jpg,4,5,0.0044217026,0.00012560809,0.084569916,0.0008444134,0.05796871,0.8520536,1.606136e-05
/home/share/Uni_Eval/HAM10000_clean/ISIC2018/ISIC_0024647.jpg,4,2,0.14047073,0.009794944,0.8078949,0.0019786556,0.036742218,0.0031120386,6.4975475e-06
/home/share/Uni_Eval/HAM10000_clean/ISIC2018/ISIC_0028567.jpg,4,4,0.00026051162,1.6614102e-05,0.00021511597,5.848588e-07,0.9084737,0.09103162,1.9616516e-06
/home/share/Uni_Eval/HAM10000_clean/ISIC2018/ISIC_0031203.jpg,4,4,0.02705441,0.0025560511,0.051821165,0.0003201019,0.8284538,0.089785464,9.034949e-06
/home/share/Uni_Eval/HAM10000_clean/ISIC2018/ISIC_0024679.jpg,4,4,0.053067613,0.00027549005,0.027519513,0.00046409052,0.7776589,0.1410125,1.9151023e-06
/home/share/Uni_Eval/HAM10000_clean/ISIC2018/ISIC_0026690.jpg,4,2,0.021714933,0.00048396975,0.67110807,0.00013923024,0.118488565,0.18806438,8.835667e-07
/home/share/Uni_Eval/HAM10000_clean/ISIC2018/ISIC_0032269.jpg,4,2,0.17626056,0.02578027,0.5640712,0.0019235404,0.13897067,0.092987716,6.0696475e-06
/home/share/Uni_Eval/HAM10000_clean/ISIC2018/ISIC_0028218.jpg,4,2,0.006477139,0.005621667,0.63173497,0.0023143643,0.14635968,0.20749013,2.0477758e-06
/home/share/Uni_Eval/HAM10000_clean/ISIC2018/ISIC_0025105.jpg,4,4,0.0046375864,8.469955e-06,0.02900724,7.971034e-06,0.8430504,0.12328819,1.5840702e-07
/home/share/Uni_Eval/HAM10000_clean/ISIC2018/ISIC_0025766.jpg,4,1,0.2214331,0.3173423,0.05321826,0.014395577,0.1171213,0.2762931,0.00019633035
/home/share/Uni_Eval/HAM10000_clean/ISIC2018/ISIC_0031410.jpg,4,4,5.596039e-05,0.0017804845,0.00054641056,0.0011508429,0.98707366,0.009312355,8.0333506e-05
/home/share/Uni_Eval/HAM10000_clean/ISIC2018/ISIC_0025573.jpg,4,4,0.10852823,0.0025494485,0.087524384,0.0009773566,0.73045504,0.069953166,1.2381318e-05
/home/share/Uni_Eval/HAM10000_clean/ISIC2018/ISIC_0032149.jpg,4,5,0.020030715,0.011916974,0.13436228,0.00259425,0.25519136,0.5758934,1.1069675e-05
/home/share/Uni_Eval/HAM10000_clean/ISIC2018/ISIC_0026802.jpg,4,5,0.018454852,0.023089208,0.0017767455,4.101832e-05,0.45229307,0.50405884,0.00028626746
/home/share/Uni_Eval/HAM10000_clean/ISIC2018/ISIC_0031900.jpg,4,2,0.008049564,0.015982777,0.5452576,0.0012192836,0.31914937,0.1103347,6.649334e-06
/home/share/Uni_Eval/HAM10000_clean/ISIC2018/ISIC_0031377.jpg,4,5,8.9901296e-05,0.0013292539,0.0048107067,0.00052437163,0.2118134,0.78142107,1.13469305e-05
/home/share/Uni_Eval/HAM10000_clean/ISIC2018/ISIC_0031957.jpg,4,0,0.5178954,0.015537773,0.028624311,0.06485473,0.14202257,0.22714198,0.0039232587
/home/share/Uni_Eval/HAM10000_clean/ISIC2018/ISIC_0029021.jpg,4,4,0.004179995,0.0037016338,0.06537704,0.0002247601,0.55156606,0.37492812,2.2405877e-05
/home/share/Uni_Eval/HAM10000_clean/ISIC2018/ISIC_0025616.jpg,4,4,0.009410426,0.0024693415,0.34601203,1.3616413e-05,0.5986122,0.04347981,2.5734585e-06
/home/share/Uni_Eval/HAM10000_clean/ISIC2018/ISIC_0028968.jpg,4,4,0.101502456,0.13612562,0.1995087,0.0048154923,0.4911704,0.06685575,2.151861e-05
/home/share/Uni_Eval/HAM10000_clean/ISIC2018/ISIC_0027797.jpg,4,5,4.3332562e-05,5.245989e-06,0.020242207,5.309227e-05,0.0204447,0.9592101,1.311446e-06
/home/share/Uni_Eval/HAM10000_clean/ISIC2018/ISIC_0029486.jpg,6,4,0.009856756,0.11556218,0.052376293,0.08205538,0.25851384,0.25491965,0.2267159
/home/share/Uni_Eval/HAM10000_clean/ISIC2018/ISIC_0026092.jpg,6,6,0.0009272394,0.082200915,0.0050374325,0.003979025,0.0002257005,0.00017028904,0.9074595
/home/share/Uni_Eval/HAM10000_clean/ISIC2018/ISIC_0031217.jpg,6,6,9.839437e-06,0.01440648,0.0010698326,0.035735622,0.00661593,0.1468492,0.7953131
/home/share/Uni_Eval/HAM10000_clean/ISIC2018/ISIC_0032240.jpg,6,6,0.00012263583,0.002045875,8.8456465e-05,0.01740374,0.0005215068,0.0016607565,0.978157
/home/share/Uni_Eval/HAM10000_clean/ISIC2018/ISIC_0025807.jpg,6,6,1.566142e-06,0.00050308206,7.658457e-06,0.00035737245,0.00034839287,0.049729854,0.9490521
/home/share/Uni_Eval/HAM10000_clean/ISIC2018/ISIC_0032745.jpg,6,6,0.00021180228,0.1285573,0.108329326,0.00034925324,0.00015314246,0.0021458105,0.76025337
/home/share/Uni_Eval/HAM10000_clean/ISIC2018/ISIC_0032557.jpg,6,6,0.0015682048,0.02166167,0.024260044,0.00010391921,0.00023668224,0.00050817954,0.9516612
/home/share/Uni_Eval/HAM10000_clean/ISIC2018/ISIC_0033230.jpg,6,1,0.014952772,0.5300356,0.015910223,0.0043225884,0.09890582,0.026117321,0.3097557
/home/share/Uni_Eval/HAM10000_clean/ISIC2018/ISIC_0033762.jpg,6,1,0.0002665613,0.77097076,0.001013632,7.452421e-05,0.017670598,0.027182681,0.1828213
/home/share/Uni_Eval/HAM10000_clean/ISIC2018/ISIC_0031090.jpg,6,6,1.5687549e-05,0.007043818,0.0007954552,9.6482094e-05,0.0058642286,0.0014177589,0.9847666
/home/share/Uni_Eval/HAM10000_clean/ISIC2018/ISIC_0030606.jpg,6,6,2.526675e-06,0.005209422,0.00010203882,3.1507854e-05,0.006737923,0.071139865,0.91677666
/home/share/Uni_Eval/HAM10000_clean/ISIC2018/ISIC_0031346.jpg,6,6,0.002024848,0.26723024,0.031397216,0.004726675,0.048270147,0.28788072,0.3584701
/home/share/Uni_Eval/HAM10000_clean/ISIC2018/ISIC_0031996.jpg,6,6,7.98964e-07,0.00014142657,0.0007124866,1.4833126e-06,0.00034246143,0.05088245,0.9479189
/home/share/Uni_Eval/HAM10000_clean/ISIC2018/ISIC_0029439.jpg,6,6,4.850267e-09,7.8812644e-07,1.114236e-06,4.0937599e-07,6.3756142e-06,0.0011410823,0.9988502
/home/share/Uni_Eval/HAM10000_clean/ISIC2018/ISIC_0025707.jpg,6,6,4.3065065e-06,0.0005352279,0.0030112786,4.4342864e-06,0.0010613236,0.009952006,0.98543143
/home/share/Uni_Eval/HAM10000_clean/ISIC2018/ISIC_0027522.jpg,6,6,1.0510378e-06,0.000902383,0.00012030815,7.973731e-05,9.731549e-05,0.056344695,0.94245446
/home/share/Uni_Eval/HAM10000_clean/ISIC2018/ISIC_0028406.jpg,6,6,6.2042564e-06,0.0044897096,0.0013503326,0.00058723806,0.00035232317,0.00088328065,0.9923309
/home/share/Uni_Eval/HAM10000_clean/ISIC2018/ISIC_0025250.jpg,6,5,0.00041454533,0.32943448,0.078421354,0.0043804115,0.044860546,0.4172263,0.1252623
/home/share/Uni_Eval/HAM10000_clean/ISIC2018/ISIC_0027665.jpg,6,5,0.00022174223,0.00048318037,0.000115057235,1.655162e-05,0.0016088221,0.84974414,0.14781055
/home/share/Uni_Eval/HAM10000_clean/ISIC2018/ISIC_0026467.jpg,6,6,7.170916e-05,0.001325912,0.00024488365,4.6268585e-07,0.00026416185,0.16800019,0.83009267
/home/share/Uni_Eval/HAM10000_clean/ISIC2018/ISIC_0025680.jpg,6,6,1.2216193e-06,0.0008487483,7.4544034e-05,3.1151959e-07,8.6148284e-05,0.06447952,0.9345095
/home/share/Uni_Eval/HAM10000_clean/ISIC2018/ISIC_0025718.jpg,1,1,0.020144815,0.591349,0.028772436,0.0007889941,0.11099663,0.24627163,0.0016765484
/home/share/Uni_Eval/HAM10000_clean/ISIC2018/ISIC_0028807.jpg,1,1,0.0013205879,0.6626059,0.2909217,0.021536238,0.0023305216,0.020816132,0.00046892054
/home/share/Uni_Eval/HAM10000_clean/ISIC2018/ISIC_0024590.jpg,1,1,4.326087e-05,0.9996754,9.506846e-05,1.9779427e-05,2.2027429e-05,0.00014173983,2.8283089e-06
/home/share/Uni_Eval/HAM10000_clean/ISIC2018/ISIC_0025731.jpg,1,1,0.0058286344,0.7501079,0.16310027,0.0012983036,0.0759279,0.002289891,0.0014471937
/home/share/Uni_Eval/HAM10000_clean/ISIC2018/ISIC_0027858.jpg,1,2,0.005048279,0.008641292,0.9248937,0.0005475203,0.034214623,0.026187768,0.0004667844
/home/share/Uni_Eval/HAM10000_clean/ISIC2018/ISIC_0026643.jpg,1,1,0.09710489,0.4280057,0.12463384,0.16859493,0.15155481,0.0060757543,0.02403007
/home/share/Uni_Eval/HAM10000_clean/ISIC2018/ISIC_0032139.jpg,1,5,0.0014432784,0.26801366,0.14545946,0.0010427278,0.21400851,0.35572603,0.014306366
/home/share/Uni_Eval/HAM10000_clean/ISIC2018/ISIC_0027744.jpg,1,1,0.00024033232,0.96483105,0.00021796032,8.349661e-05,0.0009951101,0.031495176,0.002136812
/home/share/Uni_Eval/HAM10000_clean/ISIC2018/ISIC_0031640.jpg,1,5,0.00090081035,0.080210485,0.02578165,0.005138513,0.034901023,0.84976757,0.0032998873
/home/share/Uni_Eval/HAM10000_clean/ISIC2018/ISIC_0030659.jpg,1,2,0.075466916,0.08530122,0.66839534,0.003279546,0.12454972,0.042932563,7.470474e-05
/home/share/Uni_Eval/HAM10000_clean/ISIC2018/ISIC_0025513.jpg,1,5,0.00038501946,0.4294441,0.023658333,0.008006989,0.03274946,0.4838213,0.021934789
/home/share/Uni_Eval/HAM10000_clean/ISIC2018/ISIC_0027478.jpg,1,1,0.0038614376,0.9075674,0.052680027,0.013840683,0.0059853247,0.01464083,0.0014242943
/home/share/Uni_Eval/HAM10000_clean/ISIC2018/ISIC_0024573.jpg,1,1,0.020089103,0.8169889,0.124284856,0.00041995983,0.015706351,0.02228841,0.00022249288
/home/share/Uni_Eval/HAM10000_clean/ISIC2018/ISIC_0024572.jpg,1,1,0.00015753697,0.9722377,0.009869653,7.842732e-05,0.00092380936,0.004040455,0.012692305
/home/share/Uni_Eval/HAM10000_clean/ISIC2018/ISIC_0026439.jpg,1,1,0.0008167812,0.97043794,0.0067029977,9.278006e-05,0.0011670052,0.0036395378,0.017142998
/home/share/Uni_Eval/HAM10000_clean/ISIC2018/ISIC_0026453.jpg,1,1,5.148517e-05,0.958414,0.003868642,2.2441586e-06,0.002240485,0.035049003,0.0003740541
/home/share/Uni_Eval/HAM10000_clean/ISIC2018/ISIC_0033575.jpg,1,1,0.010792277,0.623473,0.33138376,0.0019800772,0.029983003,0.00025596077,0.0021318991
/home/share/Uni_Eval/HAM10000_clean/ISIC2018/ISIC_0032894.jpg,1,1,0.033840414,0.8542021,0.08479257,3.4150504e-05,0.024744444,0.0004798254,0.001906586
/home/share/Uni_Eval/HAM10000_clean/ISIC2018/ISIC_0034255.jpg,1,1,0.00083004846,0.9808239,0.0019211629,5.1024756e-05,0.0029339977,0.013062106,0.0003778307
/home/share/Uni_Eval/HAM10000_clean/ISIC2018/ISIC_0027544.jpg,1,1,0.0024026984,0.9854578,0.0075548403,0.000323582,0.0012428261,0.0021810655,0.0008372748
/home/share/Uni_Eval/HAM10000_clean/ISIC2018/ISIC_0033354.jpg,1,1,0.00026837148,0.9458093,0.0465456,1.4083668e-05,0.0067132553,0.0004233551,0.0002259731
/home/share/Uni_Eval/HAM10000_clean/ISIC2018/ISIC_0032857.jpg,1,1,4.535204e-05,0.92276204,0.0757213,2.5767431e-05,0.0011431105,0.00011311059,0.00018943615
/home/share/Uni_Eval/HAM10000_clean/ISIC2018/ISIC_0027786.jpg,1,1,0.0010837172,0.9837774,0.0075518214,0.0040774317,0.001562105,0.0011719754,0.0007755998
/home/share/Uni_Eval/HAM10000_clean/ISIC2018/ISIC_0034095.jpg,1,1,0.0003227021,0.9539576,0.01102451,0.0005005583,0.014123717,0.020047009,2.3920871e-05
/home/share/Uni_Eval/HAM10000_clean/ISIC2018/ISIC_0033551.jpg,1,2,0.0016308127,0.4620186,0.51337606,0.00019213643,0.0027959165,0.0048793955,0.0151071
/home/share/Uni_Eval/HAM10000_clean/ISIC2018/ISIC_0032536.jpg,1,1,0.00125305,0.99762243,0.0006997916,3.0253545e-05,0.00017427173,0.000170495,4.9752343e-05
/home/share/Uni_Eval/HAM10000_clean/ISIC2018/ISIC_0033468.jpg,1,1,0.000615379,0.88233376,0.046277475,0.00073102146,0.02935809,0.0018050598,0.038879234
/home/share/Uni_Eval/HAM10000_clean/ISIC2018/ISIC_0034015.jpg,1,1,0.0036665567,0.6072444,0.055009842,0.00067304267,0.33121482,0.0021548718,3.6485475e-05
/home/share/Uni_Eval/HAM10000_clean/ISIC2018/ISIC_0033372.jpg,1,1,7.489587e-07,0.9990133,2.2737046e-05,2.270244e-07,0.00017765198,0.0007436408,4.169601e-05
/home/share/Uni_Eval/HAM10000_clean/ISIC2018/ISIC_0029546.jpg,1,1,0.011239168,0.9004863,0.05818243,0.0036726175,0.022563843,0.003291077,0.00056463096
/home/share/Uni_Eval/HAM10000_clean/ISIC2018/ISIC_0031643.jpg,1,2,0.2098706,0.21180212,0.30806646,0.0035388537,0.22010036,0.04651342,0.00010817455
/home/share/Uni_Eval/HAM10000_clean/ISIC2018/ISIC_0026192.jpg,1,1,0.00064005185,0.98200595,0.015902663,3.2124842e-06,8.1928934e-05,5.245107e-05,0.0013137776
/home/share/Uni_Eval/HAM10000_clean/ISIC2018/ISIC_0024331.jpg,1,1,0.017015724,0.8585928,0.09755874,0.01830077,0.0011369924,0.0073386957,5.624488e-05
/home/share/Uni_Eval/HAM10000_clean/ISIC2018/ISIC_0031384.jpg,1,1,0.027816672,0.9160844,0.008387067,0.009321306,0.0047276686,0.03330104,0.00036189726
/home/share/Uni_Eval/HAM10000_clean/ISIC2018/ISIC_0024595.jpg,1,1,0.0046058414,0.9652532,0.028529005,0.0005969893,0.00034526287,0.0005427015,0.00012713012
/home/share/Uni_Eval/HAM10000_clean/ISIC2018/ISIC_0024665.jpg,1,1,0.02711072,0.5621393,0.07690326,0.0037872314,0.05459077,0.27409938,0.001369357
/home/share/Uni_Eval/HAM10000_clean/ISIC2018/ISIC_0029129.jpg,1,1,0.08420854,0.7870971,0.027154053,0.012353141,0.022494799,0.066545345,0.00014702651
/home/share/Uni_Eval/HAM10000_clean/ISIC2018/ISIC_0025433.jpg,1,3,0.014665647,0.10597183,0.014098312,0.42983958,0.06349831,0.37023836,0.0016880166
/home/share/Uni_Eval/HAM10000_clean/ISIC2018/ISIC_0026968.jpg,1,2,0.11904693,0.17380801,0.61829484,0.00040635958,0.034486815,0.05394225,1.4865419e-05
/home/share/Uni_Eval/HAM10000_clean/ISIC2018/ISIC_0026156.jpg,1,1,0.23143314,0.76775056,0.0006879263,1.4129714e-06,0.000119678545,6.9295515e-06,3.5948648e-07
/home/share/Uni_Eval/HAM10000_clean/ISIC2018/ISIC_0031597.jpg,1,2,0.01845321,0.27574363,0.6430865,0.0005345764,0.05237506,0.009737347,6.9632035e-05
/home/share/Uni_Eval/HAM10000_clean/ISIC2018/ISIC_0026798.jpg,1,2,0.28200775,0.053841922,0.5918585,0.0014476174,0.0019238531,0.06886923,5.1133862e-05
/home/share/Uni_Eval/HAM10000_clean/ISIC2018/ISIC_0027915.jpg,1,1,0.022195835,0.9608609,0.0047693523,0.0017995458,0.0060777897,0.0038431007,0.00045343573
/home/share/Uni_Eval/HAM10000_clean/ISIC2018/ISIC_0027189.jpg,1,1,0.21970545,0.74561614,0.023791548,0.0072907605,0.0031355855,0.00042118653,3.927858e-05
/home/share/Uni_Eval/HAM10000_clean/ISIC2018/ISIC_0025266.jpg,1,1,0.1122475,0.7003421,0.16297723,0.0005142189,0.019197078,0.002716571,0.0020053256
/home/share/Uni_Eval/HAM10000_clean/ISIC2018/ISIC_0032307.jpg,1,1,0.40479884,0.53284156,0.023659091,0.002534294,0.007864959,0.027803876,0.0004973416
/home/share/Uni_Eval/HAM10000_clean/ISIC2018/ISIC_0026845.jpg,1,1,0.3219122,0.5675969,0.06378264,0.01895496,0.015360461,0.001806304,0.010586519
/home/share/Uni_Eval/HAM10000_clean/ISIC2018/ISIC_0024448.jpg,1,1,0.019978553,0.9303446,0.02431559,0.0009817136,0.012563192,0.011680486,0.00013585472
/home/share/Uni_Eval/HAM10000_clean/ISIC2018/ISIC_0031258.jpg,1,1,0.005490812,0.98097897,0.0011196417,0.00019600659,4.0042945e-05,0.009938129,0.0022364056
/home/share/Uni_Eval/HAM10000_clean/ISIC2018/ISIC_0030197.jpg,1,1,0.01688924,0.9490179,0.0243185,0.0013391193,0.0035807719,0.004840614,1.38666055e-05
/home/share/Uni_Eval/HAM10000_clean/ISIC2018/ISIC_0028989.jpg,1,1,0.07993066,0.83447504,0.029616212,0.00047486884,0.01640312,0.039076403,2.3654145e-05
/home/share/Uni_Eval/HAM10000_clean/ISIC2018/ISIC_0031728.jpg,1,5,0.0104309665,0.20793349,0.010475668,0.0039996183,0.05222882,0.71293974,0.0019917286
/home/share/Uni_Eval/HAM10000_clean/ISIC2018/ISIC_0029082.jpg,1,1,0.00088234403,0.9983581,0.0003489931,0.00017290497,1.4971663e-05,0.00020853736,1.4125562e-05
/home/share/Uni_Eval/HAM10000_clean/ISIC2018/ISIC_0025601.jpg,1,1,0.0007012701,0.9803176,0.0052203434,8.100059e-05,0.00076177495,0.011595908,0.0013220763
/home/share/Uni_Eval/HAM10000_clean/ISIC2018/ISIC_0025362.jpg,1,1,0.06727368,0.8242416,0.09470952,0.0007655594,0.004892809,0.007683669,0.0004331528
/home/share/Uni_Eval/HAM10000_clean/ISIC2018/ISIC_0027093.jpg,1,1,0.017891884,0.9028064,0.0027257777,0.00013576867,0.004737082,0.070499204,0.0012038199
/home/share/Uni_Eval/HAM10000_clean/ISIC2018/ISIC_0032246.jpg,1,1,0.22289804,0.4567854,0.22217791,0.053245325,0.029540133,0.015107385,0.00024575047
/home/share/Uni_Eval/HAM10000_clean/ISIC2018/ISIC_0027229.jpg,1,1,0.013065272,0.9129498,0.03899714,9.987185e-05,0.025749814,0.008888876,0.00024920088
/home/share/Uni_Eval/HAM10000_clean/ISIC2018/ISIC_0027004.jpg,1,1,0.045399338,0.5026121,0.091909,0.000630666,0.07116404,0.28589526,0.0023896268
/home/share/Uni_Eval/HAM10000_clean/ISIC2018/ISIC_0031171.jpg,1,1,0.07276735,0.8178974,0.0071973354,0.022753026,0.017199695,0.05058084,0.011604384
/home/share/Uni_Eval/HAM10000_clean/ISIC2018/ISIC_0025530.jpg,1,0,0.49089822,0.18598926,0.14757714,0.13456503,0.03659878,0.004321717,4.9916962e-05
/home/share/Uni_Eval/HAM10000_clean/ISIC2018/ISIC_0024345.jpg,1,1,0.06269153,0.86248523,0.056558628,0.007744144,0.0017336549,0.008655389,0.00013148042
/home/share/Uni_Eval/HAM10000_clean/ISIC2018/ISIC_0024550.jpg,1,1,0.08623699,0.65917856,0.061468977,0.19160575,0.0009138348,0.0005757795,2.0137386e-05
/home/share/Uni_Eval/HAM10000_clean/ISIC2018/ISIC_0024833.jpg,1,1,0.020905966,0.5077843,0.2343735,0.03171366,0.118679255,0.086494565,4.874752e-05
/home/share/Uni_Eval/HAM10000_clean/ISIC2018/ISIC_0030915.jpg,1,5,0.076675944,0.112845324,0.31303138,0.00022746855,0.08153404,0.4155873,9.8519195e-05
/home/share/Uni_Eval/HAM10000_clean/ISIC2018/ISIC_0029745.jpg,1,1,0.0023764225,0.5449398,0.083985314,0.00034426147,0.31960195,0.048540384,0.00021191772
/home/share/Uni_Eval/HAM10000_clean/ISIC2018/ISIC_0029680.jpg,1,1,0.0034137878,0.97623414,0.0008810809,0.00017152977,0.0023493115,0.016925225,2.4987477e-05
/home/share/Uni_Eval/HAM10000_clean/ISIC2018/ISIC_0031298.jpg,1,1,0.014591707,0.94910127,0.035959203,4.921506e-05,0.00014470836,0.00015245119,1.4449571e-06
/home/share/Uni_Eval/HAM10000_clean/ISIC2018/ISIC_0027595.jpg,1,1,0.0028103602,0.9881229,0.0010881808,8.442235e-05,0.0032055264,0.004620408,6.817491e-05
/home/share/Uni_Eval/HAM10000_clean/ISIC2018/ISIC_0026154.jpg,1,1,0.036468603,0.6200219,0.1580667,0.0020824783,0.02811883,0.15519933,4.2129348e-05
/home/share/Uni_Eval/HAM10000_clean/ISIC2018/ISIC_0029501.jpg,1,2,0.027206903,0.37569705,0.5754117,0.0025061453,0.01004636,0.009105415,2.6414476e-05
/home/share/Uni_Eval/HAM10000_clean/ISIC2018/ISIC_0027920.jpg,1,1,0.003050791,0.65229756,0.08102451,0.00051143614,0.05004605,0.20800501,0.005064672
/home/share/Uni_Eval/HAM10000_clean/ISIC2018/ISIC_0027788.jpg,1,1,0.08952732,0.73145366,0.14999552,0.0029892812,0.009360668,0.016587948,8.570173e-05
/home/share/Uni_Eval/HAM10000_clean/ISIC2018/ISIC_0031263.jpg,1,2,0.011293277,0.051391732,0.9335459,0.00019535712,0.000864325,0.0024320667,0.00027729035
/home/share/Uni_Eval/HAM10000_clean/ISIC2018/ISIC_0024931.jpg,1,1,0.0027151727,0.98280555,0.007535194,5.5175835e-05,0.00014022991,0.006163151,0.00058545434
/home/share/Uni_Eval/HAM10000_clean/ISIC2018/ISIC_0031971.jpg,1,1,0.0027503723,0.951135,0.009184675,0.0023658872,0.013698504,0.012891371,0.007974281
/home/share/Uni_Eval/HAM10000_clean/ISIC2018/ISIC_0028978.jpg,1,3,0.002495324,0.07621852,0.019286739,0.75338507,0.07095726,0.06859902,0.009058096
/home/share/Uni_Eval/HAM10000_clean/ISIC2018/ISIC_0028502.jpg,5,5,2.836427e-08,7.2597675e-07,5.472776e-06,7.148415e-05,0.000118315795,0.9997063,9.759364e-05
/home/share/Uni_Eval/HAM10000_clean/ISIC2018/ISIC_0028239.jpg,5,5,4.4358567e-06,1.4763384e-06,0.0022923565,1.5258844e-05,0.006854111,0.9905158,0.000316543
/home/share/Uni_Eval/HAM10000_clean/ISIC2018/ISIC_0029624.jpg,5,5,1.649385e-06,1.6381905e-06,0.000335978,2.4975432e-05,0.038586564,0.96099126,5.7919842e-05
/home/share/Uni_Eval/HAM10000_clean/ISIC2018/ISIC_0029961.jpg,5,5,3.798532e-06,5.2867995e-07,0.0005860552,5.133844e-06,0.000270507,0.999126,8.057475e-06
/home/share/Uni_Eval/HAM10000_clean/ISIC2018/ISIC_0026583.jpg,5,5,8.274443e-06,7.452945e-05,0.002946726,0.0004807905,0.00014763011,0.99625164,9.044351e-05
/home/share/Uni_Eval/HAM10000_clean/ISIC2018/ISIC_0025457.jpg,5,5,0.00010685498,7.604503e-05,0.0026627283,0.00043575597,0.0015812889,0.99435717,0.0007801119
/home/share/Uni_Eval/HAM10000_clean/ISIC2018/ISIC_0028455.jpg,5,5,1.1198529e-05,3.3592718e-07,0.0065489984,1.5805346e-06,6.8257556e-05,0.99333197,3.7678645e-05
/home/share/Uni_Eval/HAM10000_clean/ISIC2018/ISIC_0025723.jpg,5,5,0.00015720121,1.8888924e-05,0.0012151272,9.272303e-06,0.0050503616,0.9935154,3.3826775e-05
/home/share/Uni_Eval/HAM10000_clean/ISIC2018/ISIC_0024872.jpg,5,5,1.8002922e-05,2.1694063e-05,0.0054862774,0.0003192002,0.005506736,0.9886192,2.8931636e-05
/home/share/Uni_Eval/HAM10000_clean/ISIC2018/ISIC_0025143.jpg,5,5,7.1755135e-06,3.349139e-07,0.00023044292,0.00010644455,0.000451382,0.999203,1.0958984e-06
/home/share/Uni_Eval/HAM10000_clean/ISIC2018/ISIC_0031926.jpg,5,5,0.0046053594,0.0008877457,0.242842,0.0011336826,0.08267488,0.6676297,0.00022664548
/home/share/Uni_Eval/HAM10000_clean/ISIC2018/ISIC_0028164.jpg,5,5,8.20803e-05,4.381696e-07,0.0051831915,0.0002912459,0.01050939,0.98391783,1.579812e-05
/home/share/Uni_Eval/HAM10000_clean/ISIC2018/ISIC_0032317.jpg,5,5,2.7946568e-05,0.00025595722,0.0018379302,4.588544e-05,0.0001686828,0.9975739,8.9740424e-05
/home/share/Uni_Eval/HAM10000_clean/ISIC2018/ISIC_0025053.jpg,5,5,2.6541445e-06,5.437788e-06,0.00036505994,7.0514136e-05,0.0018762767,0.9974861,0.00019387512
/home/share/Uni_Eval/HAM10000_clean/ISIC2018/ISIC_0024357.jpg,5,5,2.3384711e-05,3.100883e-05,0.026802687,0.0010859045,0.0002104604,0.97183615,1.04078945e-05
/home/share/Uni_Eval/HAM10000_clean/ISIC2018/ISIC_0028889.jpg,5,5,2.03754e-05,1.9930548e-07,0.00036284598,0.003033038,0.0048211534,0.9917502,1.2049768e-05
/home/share/Uni_Eval/HAM10000_clean/ISIC2018/ISIC_0028302.jpg,5,5,1.0081596e-05,0.0008629659,0.00026709493,0.0018371502,0.00074965874,0.9949752,0.0012978377
/home/share/Uni_Eval/HAM10000_clean/ISIC2018/ISIC_0026172.jpg,5,5,1.2814446e-05,3.673924e-05,1.7984958e-05,0.00053528,0.0022006251,0.9968178,0.00037869607
/home/share/Uni_Eval/HAM10000_clean/ISIC2018/ISIC_0031604.jpg,5,5,1.2124189e-06,8.699062e-05,0.002023041,2.9754474e-07,0.004171725,0.9932899,0.0004267517
/home/share/Uni_Eval/HAM10000_clean/ISIC2018/ISIC_0027808.jpg,5,5,7.2333745e-07,1.4609206e-07,0.002071985,3.644506e-05,0.0005756304,0.99730766,7.398017e-06
/home/share/Uni_Eval/HAM10000_clean/ISIC2018/ISIC_0025416.jpg,5,5,7.4040195e-06,1.145737e-05,0.009971824,0.00012767762,0.0069586276,0.98290294,1.9999394e-05
/home/share/Uni_Eval/HAM10000_clean/ISIC2018/ISIC_0027339.jpg,5,5,0.00010949185,4.9038303e-05,0.003921514,0.0016773762,0.019770412,0.9743164,0.00015575232
/home/share/Uni_Eval/HAM10000_clean/ISIC2018/ISIC_0031997.jpg,5,5,1.548121e-05,1.2645388e-05,0.0014399041,1.8031393e-06,0.011173516,0.98702466,0.0003321452
/home/share/Uni_Eval/HAM10000_clean/ISIC2018/ISIC_0030669.jpg,5,5,2.4629753e-07,3.5463665e-07,0.00022028787,1.9655401e-05,0.0061579794,0.99359834,3.0717733e-06
/home/share/Uni_Eval/HAM10000_clean/ISIC2018/ISIC_0025364.jpg,5,5,9.311428e-05,1.6745151e-06,0.00016953464,0.00014958628,0.0016505971,0.99791354,2.2045087e-05
/home/share/Uni_Eval/HAM10000_clean/ISIC2018/ISIC_0026234.jpg,5,5,5.8573045e-05,1.28012725e-05,0.0074373134,0.0005342195,0.00010237088,0.99177754,7.720354e-05
/home/share/Uni_Eval/HAM10000_clean/ISIC2018/ISIC_0024365.jpg,5,5,1.3916213e-06,6.251441e-07,9.8731645e-05,3.0664673e-05,6.205757e-05,0.99977154,3.5124845e-05
/home/share/Uni_Eval/HAM10000_clean/ISIC2018/ISIC_0029293.jpg,5,5,2.558893e-06,8.856396e-07,0.0001387196,5.1514708e-05,0.0023122127,0.997391,0.000103229126
/home/share/Uni_Eval/HAM10000_clean/ISIC2018/ISIC_0027717.jpg,5,5,1.1562206e-05,0.000100732934,0.0017360745,0.00010582666,0.0024682593,0.99555665,2.0826645e-05
/home/share/Uni_Eval/HAM10000_clean/ISIC2018/ISIC_0027732.jpg,5,5,2.570983e-07,1.3043628e-07,3.5495862e-06,5.010705e-06,0.00046799163,0.99950206,2.1023674e-05
/home/share/Uni_Eval/HAM10000_clean/ISIC2018/ISIC_0028395.jpg,5,5,6.866337e-05,0.0001122961,0.027284658,3.8271883e-05,0.0013247117,0.9708775,0.0002938839
/home/share/Uni_Eval/HAM10000_clean/ISIC2018/ISIC_0027426.jpg,5,5,6.0752166e-07,1.906084e-06,0.0006673768,1.2507923e-05,0.0009784563,0.9981744,0.00016468589
/home/share/Uni_Eval/HAM10000_clean/ISIC2018/ISIC_0027195.jpg,5,5,1.7035278e-06,1.05457715e-07,0.00053544895,0.0006385839,0.0022232002,0.99656785,3.310275e-05
/home/share/Uni_Eval/HAM10000_clean/ISIC2018/ISIC_0026098.jpg,5,5,3.044041e-05,7.57163e-07,0.00023109582,2.1169083e-06,0.0040492783,0.99568033,6.013328e-06
/home/share/Uni_Eval/HAM10000_clean/ISIC2018/ISIC_0029336.jpg,5,5,6.980565e-05,4.6403304e-05,0.02518707,0.00015570897,0.010552861,0.96367735,0.00031084544
/home/share/Uni_Eval/HAM10000_clean/ISIC2018/ISIC_0032100.jpg,5,5,3.933548e-07,4.578863e-07,0.00029837617,6.6783095e-06,0.00023718283,0.99944645,1.04782985e-05
/home/share/Uni_Eval/HAM10000_clean/ISIC2018/ISIC_0031453.jpg,5,5,1.8443452e-06,1.2843909e-05,0.00039413915,0.0015317561,0.0010186943,0.9970233,1.739988e-05
/home/share/Uni_Eval/HAM10000_clean/ISIC2018/ISIC_0026242.jpg,5,5,0.00042714213,6.7145105e-05,0.0009542607,0.0007120241,0.0053085824,0.99247205,5.872518e-05
/home/share/Uni_Eval/HAM10000_clean/ISIC2018/ISIC_0028282.jpg,5,5,6.4216816e-05,0.00079778326,0.0002309429,6.00147e-05,0.0006601844,0.9981521,3.4799992e-05
/home/share/Uni_Eval/HAM10000_clean/ISIC2018/ISIC_0028639.jpg,5,5,0.002450693,0.004139117,0.024858013,0.0031238527,0.026760856,0.92502964,0.013637885
/home/share/Uni_Eval/HAM10000_clean/ISIC2018/ISIC_0028136.jpg,5,5,1.361392e-06,2.4832784e-07,0.0015061988,0.00088116253,0.000635146,0.9969681,7.838104e-06
/home/share/Uni_Eval/HAM10000_clean/ISIC2018/ISIC_0026283.jpg,5,5,0.00011622894,2.2070874e-06,0.004528695,0.0043273484,0.00053308444,0.9903605,0.00013189984
/home/share/Uni_Eval/HAM10000_clean/ISIC2018/ISIC_0027416.jpg,5,5,0.001181914,4.5186785e-05,0.011726587,0.0004132867,0.00202325,0.9845147,9.511906e-05
/home/share/Uni_Eval/HAM10000_clean/ISIC2018/ISIC_0025930.jpg,5,5,7.0536544e-06,1.3676017e-05,0.000120946046,0.00034014697,0.0003129324,0.9990625,0.00014272689
/home/share/Uni_Eval/HAM10000_clean/ISIC2018/ISIC_0029815.jpg,5,5,4.0266823e-06,3.5425426e-05,9.4606374e-05,0.0017783523,0.00033832045,0.9972205,0.0005288455
/home/share/Uni_Eval/HAM10000_clean/ISIC2018/ISIC_0032011.jpg,5,5,1.7127753e-05,5.1792415e-07,0.004968292,4.7262794e-05,0.0055608205,0.98930323,0.000102741535
/home/share/Uni_Eval/HAM10000_clean/ISIC2018/ISIC_0030540.jpg,5,5,4.2893815e-05,3.7885184e-05,0.010700672,0.0007377435,0.0021877554,0.98569864,0.0005944415
/home/share/Uni_Eval/HAM10000_clean/ISIC2018/ISIC_0025366.jpg,2,5,1.0143663e-05,7.1500385e-06,0.004350215,2.5012855e-06,0.0024269396,0.99310935,9.3759576e-05
/home/share/Uni_Eval/HAM10000_clean/ISIC2018/ISIC_0031229.jpg,5,5,2.7249814e-06,1.0438437e-06,0.00030151266,0.00031109585,0.0007177173,0.9986118,5.413867e-05
/home/share/Uni_Eval/HAM10000_clean/ISIC2018/ISIC_0031777.jpg,5,5,1.2450796e-06,2.353712e-06,0.00042705392,0.00036595727,0.0015018907,0.99766004,4.139018e-05
/home/share/Uni_Eval/HAM10000_clean/ISIC2018/ISIC_0025558.jpg,5,5,2.3632869e-05,1.698064e-05,0.0032225656,0.0024620707,0.006628874,0.9875544,9.1411304e-05
/home/share/Uni_Eval/HAM10000_clean/ISIC2018/ISIC_0028007.jpg,5,5,8.1073705e-07,3.262746e-08,0.0002935653,0.0002456449,0.00035884,0.9990429,5.8114318e-05
/home/share/Uni_Eval/HAM10000_clean/ISIC2018/ISIC_0028768.jpg,5,5,1.7729059e-08,1.062714e-06,2.7900362e-05,3.582274e-06,9.943538e-05,0.99951935,0.00034865795
/home/share/Uni_Eval/HAM10000_clean/ISIC2018/ISIC_0028137.jpg,5,5,7.1818414e-07,2.5768375e-07,0.0008089453,0.00018617694,0.0021898118,0.9968081,5.8950845e-06
/home/share/Uni_Eval/HAM10000_clean/ISIC2018/ISIC_0025255.jpg,5,5,3.2762136e-06,2.7338578e-07,0.00183124,4.852356e-05,0.0039537624,0.9940175,0.00014557534
/home/share/Uni_Eval/HAM10000_clean/ISIC2018/ISIC_0032453.jpg,5,5,5.750281e-07,8.6737955e-08,0.0010756517,1.0366009e-05,0.16114964,0.83775723,6.4231076e-06
/home/share/Uni_Eval/HAM10000_clean/ISIC2018/ISIC_0028546.jpg,5,5,8.768831e-07,2.7105805e-05,0.0022393982,0.00039466936,0.0004566373,0.99679476,8.65827e-05
/home/share/Uni_Eval/HAM10000_clean/ISIC2018/ISIC_0031174.jpg,5,5,6.7020533e-06,1.3531252e-07,0.01029159,2.562588e-06,0.0020625447,0.9876249,1.1556907e-05
/home/share/Uni_Eval/HAM10000_clean/ISIC2018/ISIC_0026836.jpg,5,5,0.0013055577,0.00028149385,0.042700704,0.003015868,0.0043320595,0.94654423,0.001820086
/home/share/Uni_Eval/HAM10000_clean/ISIC2018/ISIC_0026613.jpg,5,5,1.17161164e-07,7.1733e-06,1.1541016e-06,0.00064985466,0.0004445313,0.9987205,0.00017674493
/home/share/Uni_Eval/HAM10000_clean/ISIC2018/ISIC_0027843.jpg,5,5,6.649825e-07,2.1752085e-09,5.7138845e-05,6.742622e-06,0.00021281856,0.9997205,2.0079985e-06
/home/share/Uni_Eval/HAM10000_clean/ISIC2018/ISIC_0030797.jpg,5,5,3.7146444e-06,2.3127106e-06,0.0018328711,1.5799816e-06,0.012859233,0.9852992,1.0581861e-06
/home/share/Uni_Eval/HAM10000_clean/ISIC2018/ISIC_0027939.jpg,5,5,0.00061853015,0.00010760411,0.01185142,0.0030598096,0.0522981,0.9320517,1.2874393e-05
/home/share/Uni_Eval/HAM10000_clean/ISIC2018/ISIC_0031947.jpg,5,5,6.795473e-08,3.371853e-08,0.00013067145,2.3256857e-06,0.00017618311,0.9996692,2.1493692e-05
/home/share/Uni_Eval/HAM10000_clean/ISIC2018/ISIC_0029675.jpg,5,5,3.5244497e-07,2.2665233e-06,1.7194614e-05,3.323577e-06,0.00018550537,0.99976784,2.3461316e-05
/home/share/Uni_Eval/HAM10000_clean/ISIC2018/ISIC_0032426.jpg,5,5,3.7982704e-07,5.7372796e-07,0.0008339192,9.6007025e-06,0.0010448364,0.9980835,2.717216e-05
/home/share/Uni_Eval/HAM10000_clean/ISIC2018/ISIC_0031571.jpg,5,5,7.9841666e-05,7.7803816e-05,0.00070791173,0.0002624722,0.0011329239,0.9976974,4.163017e-05
/home/share/Uni_Eval/HAM10000_clean/ISIC2018/ISIC_0030120.jpg,5,5,0.0077638426,0.00010911455,0.0117240595,0.0009988167,0.006400811,0.9728388,0.00016447032
/home/share/Uni_Eval/HAM10000_clean/ISIC2018/ISIC_0025878.jpg,5,5,0.00024458746,2.8581251e-05,0.0026883394,0.00022632333,0.0014776649,0.99530303,3.1573592e-05
/home/share/Uni_Eval/HAM10000_clean/ISIC2018/ISIC_0025613.jpg,5,5,7.1526476e-05,1.6813252e-06,0.00066734327,0.00019902393,0.00085894874,0.9981047,9.6755764e-05
/home/share/Uni_Eval/HAM10000_clean/ISIC2018/ISIC_0027085.jpg,5,5,4.988948e-06,0.00024042568,0.009413594,0.0005001964,0.005466998,0.98420435,0.00016943652
/home/share/Uni_Eval/HAM10000_clean/ISIC2018/ISIC_0028933.jpg,5,5,1.7315366e-05,5.0376053e-07,0.0020344842,6.7035966e-05,0.0025350114,0.9953194,2.620281e-05
/home/share/Uni_Eval/HAM10000_clean/ISIC2018/ISIC_0027356.jpg,5,5,0.000117257114,6.6656153e-06,0.0060314857,0.0056537474,0.003142079,0.9849296,0.00011915874
/home/share/Uni_Eval/HAM10000_clean/ISIC2018/ISIC_0030836.jpg,5,5,0.0002653381,0.0001377851,0.039642073,0.0022298293,9.689272e-05,0.95753306,9.501122e-05
/home/share/Uni_Eval/HAM10000_clean/ISIC2018/ISIC_0030204.jpg,5,5,3.660355e-05,3.4850045e-06,0.001595913,0.0009767917,0.00023003959,0.9971546,2.6355308e-06
/home/share/Uni_Eval/HAM10000_clean/ISIC2018/ISIC_0028242.jpg,5,5,5.769235e-07,1.5833585e-06,0.0014009313,5.7595542e-05,0.0016055645,0.9969097,2.4077977e-05
/home/share/Uni_Eval/HAM10000_clean/ISIC2018/ISIC_0024856.jpg,5,5,6.272888e-05,7.920899e-05,4.7524918e-05,0.0025008623,0.0023598503,0.99487066,7.9158846e-05
/home/share/Uni_Eval/HAM10000_clean/ISIC2018/ISIC_0028775.jpg,5,5,0.00025629322,0.0002783823,0.009915138,0.001332237,0.00021316319,0.9879412,6.3527536e-05
/home/share/Uni_Eval/HAM10000_clean/ISIC2018/ISIC_0025910.jpg,5,5,0.00011234987,0.0001118982,0.037503388,0.0022202919,0.0035447069,0.95394135,0.0025661176
/home/share/Uni_Eval/HAM10000_clean/ISIC2018/ISIC_0031392.jpg,5,5,0.0015585691,0.00015699388,0.039417975,0.00039109009,0.003107332,0.9552613,0.00010674203
/home/share/Uni_Eval/HAM10000_clean/ISIC2018/ISIC_0031909.jpg,5,5,8.890496e-07,1.3983879e-05,0.018351123,0.0001708476,0.0031965994,0.97752863,0.0007379994
/home/share/Uni_Eval/HAM10000_clean/ISIC2018/ISIC_0029274.jpg,5,5,0.00013834107,2.6308728e-05,0.008269448,0.000114605566,0.0013534231,0.9900926,5.2756427e-06
/home/share/Uni_Eval/HAM10000_clean/ISIC2018/ISIC_0029972.jpg,5,5,3.7546863e-07,4.7419412e-08,0.00017274937,0.0001604958,0.0025331597,0.996967,0.00016624412
/home/share/Uni_Eval/HAM10000_clean/ISIC2018/ISIC_0027373.jpg,5,5,4.439278e-08,5.8335763e-07,0.0010971949,1.04876135e-05,0.0046872944,0.9941825,2.1857668e-05
/home/share/Uni_Eval/HAM10000_clean/ISIC2018/ISIC_0024556.jpg,5,5,2.1403215e-05,0.00017720934,0.0032806173,6.856669e-05,0.002025534,0.994391,3.575689e-05
/home/share/Uni_Eval/HAM10000_clean/ISIC2018/ISIC_0027157.jpg,5,5,1.8178345e-07,1.4286409e-06,0.00031950197,5.2023086e-05,0.0019425894,0.99768424,8.8750795e-08
/home/share/Uni_Eval/HAM10000_clean/ISIC2018/ISIC_0032288.jpg,5,5,5.3499607e-06,2.126426e-06,0.0029473007,7.494059e-05,0.0035646018,0.993367,3.860669e-05
/home/share/Uni_Eval/HAM10000_clean/ISIC2018/ISIC_0024534.jpg,5,5,1.5504371e-08,1.7791442e-09,0.00020995787,0.00015489312,0.000988637,0.9986462,2.7589846e-07
/home/share/Uni_Eval/HAM10000_clean/ISIC2018/ISIC_0031313.jpg,5,5,3.3235232e-05,0.0003131532,0.0046997583,0.0018464503,0.0030576515,0.9891201,0.0009295574
/home/share/Uni_Eval/HAM10000_clean/ISIC2018/ISIC_0028813.jpg,5,5,7.40054e-05,7.896932e-05,0.0013133507,0.00025367033,0.0034283763,0.9947753,7.6347016e-05
/home/share/Uni_Eval/HAM10000_clean/ISIC2018/ISIC_0027482.jpg,5,5,1.0228491e-06,8.894997e-06,0.00091460504,1.7461576e-05,0.00077402045,0.9980331,0.00025088343
/home/share/Uni_Eval/HAM10000_clean/ISIC2018/ISIC_0026689.jpg,5,5,2.7849403e-06,2.7214835e-06,0.00020154072,4.338303e-07,0.027332937,0.97236115,9.8432036e-05
/home/share/Uni_Eval/HAM10000_clean/ISIC2018/ISIC_0032419.jpg,5,5,1.0106424e-06,2.946844e-06,2.0176702e-05,3.684737e-05,0.0010085854,0.99882454,0.00010590898
/home/share/Uni_Eval/HAM10000_clean/ISIC2018/ISIC_0028985.jpg,5,5,3.5945754e-07,2.5814386e-06,9.606321e-06,4.759322e-06,0.0014166294,0.9978746,0.0006914445
/home/share/Uni_Eval/HAM10000_clean/ISIC2018/ISIC_0029335.jpg,5,5,1.8043227e-06,1.5757143e-05,0.00047675526,0.00041609452,0.00023689866,0.998828,2.4709714e-05
/home/share/Uni_Eval/HAM10000_clean/ISIC2018/ISIC_0030351.jpg,5,5,1.6684194e-06,5.1062904e-07,0.00089542207,1.6627963e-06,0.00047921675,0.9986112,1.0280045e-05
/home/share/Uni_Eval/HAM10000_clean/ISIC2018/ISIC_0026994.jpg,5,5,6.185068e-05,1.1119699e-06,0.002218001,2.1108344e-06,5.863992e-05,0.9976471,1.1169946e-05
/home/share/Uni_Eval/HAM10000_clean/ISIC2018/ISIC_0029111.jpg,5,5,9.974611e-06,1.002246e-05,0.045596346,3.575989e-05,0.00046399527,0.9538383,4.5666948e-05
/home/share/Uni_Eval/HAM10000_clean/ISIC2018/ISIC_0031114.jpg,5,5,0.0050176713,7.904636e-06,0.0027582787,6.9049456e-05,0.0009976056,0.99105376,9.5802345e-05
/home/share/Uni_Eval/HAM10000_clean/ISIC2018/ISIC_0025146.jpg,5,5,3.5178623e-06,6.3979246e-07,0.0003697926,1.769946e-05,0.0007068164,0.99889827,3.2036944e-06
/home/share/Uni_Eval/HAM10000_clean/ISIC2018/ISIC_0027600.jpg,5,5,4.963918e-07,1.1392268e-05,2.5773255e-05,2.0479904e-06,0.00020035711,0.99963605,0.00012389604
/home/share/Uni_Eval/HAM10000_clean/ISIC2018/ISIC_0024804.jpg,5,5,0.00017480945,5.3435147e-06,0.0011074623,0.0005132876,0.0011318772,0.9968431,0.00022414983
/home/share/Uni_Eval/HAM10000_clean/ISIC2018/ISIC_0032266.jpg,5,5,4.5413104e-05,8.011991e-06,0.0016036739,0.00081851124,0.0032925094,0.9939418,0.00029008102
/home/share/Uni_Eval/HAM10000_clean/ISIC2018/ISIC_0026415.jpg,5,5,1.1563903e-05,4.7101107e-06,8.32224e-05,0.00011972225,0.0003233139,0.9989109,0.0005465531
/home/share/Uni_Eval/HAM10000_clean/ISIC2018/ISIC_0030524.jpg,5,5,0.0003445978,0.00026852064,0.015364908,0.0005480512,0.0001294912,0.9742803,0.009064081
/home/share/Uni_Eval/HAM10000_clean/ISIC2018/ISIC_0030679.jpg,5,5,1.4202077e-05,1.2842131e-06,0.0016915635,5.924241e-05,0.00085729087,0.997347,2.9422254e-05
/home/share/Uni_Eval/HAM10000_clean/ISIC2018/ISIC_0026740.jpg,5,5,4.6514717e-09,2.4076235e-07,2.5151426e-06,4.305128e-06,0.00032541537,0.9995983,6.923406e-05
/home/share/Uni_Eval/HAM10000_clean/ISIC2018/ISIC_0028712.jpg,5,5,3.9353342e-08,7.3964785e-08,1.9408626e-06,7.4592157e-07,0.0022934717,0.99768627,1.7391601e-05
/home/share/Uni_Eval/HAM10000_clean/ISIC2018/ISIC_0024379.jpg,5,5,1.4184911e-05,5.901182e-07,0.000110429275,0.00075603597,0.0015678045,0.99752754,2.3431123e-05
/home/share/Uni_Eval/HAM10000_clean/ISIC2018/ISIC_0030237.jpg,5,5,0.00019512478,3.281826e-06,0.0040404447,0.00012385144,0.0053868718,0.9902354,1.5048073e-05
/home/share/Uni_Eval/HAM10000_clean/ISIC2018/ISIC_0028177.jpg,5,5,6.2217937e-06,3.134323e-06,0.00037401821,0.0002255698,0.0003319933,0.99892694,0.00013212294
/home/share/Uni_Eval/HAM10000_clean/ISIC2018/ISIC_0024661.jpg,5,5,1.1813542e-05,1.3115239e-07,0.00035062258,3.9351748e-05,4.7438803e-05,0.99954504,5.655861e-06
/home/share/Uni_Eval/HAM10000_clean/ISIC2018/ISIC_0025474.jpg,5,5,1.1097882e-06,5.1421483e-07,0.00023826084,9.151655e-05,0.0010816521,0.9984681,0.00011889735
/home/share/Uni_Eval/HAM10000_clean/ISIC2018/ISIC_0025397.jpg,5,5,1.0333967e-05,1.076013e-06,0.0011292722,0.0006148234,0.0041475184,0.9940891,7.845601e-06
/home/share/Uni_Eval/HAM10000_clean/ISIC2018/ISIC_0024641.jpg,5,5,5.599435e-07,2.5316302e-07,5.0766517e-05,4.019776e-06,0.0001412216,0.9997365,6.669436e-05
/home/share/Uni_Eval/HAM10000_clean/ISIC2018/ISIC_0026267.jpg,5,5,0.0008216474,1.881681e-05,0.006150555,1.3908096e-05,0.0067352345,0.98624647,1.3389031e-05
/home/share/Uni_Eval/HAM10000_clean/ISIC2018/ISIC_0030407.jpg,5,5,7.200915e-05,7.5660555e-06,0.0005911994,6.483014e-05,0.014161544,0.98509175,1.1132332e-05
/home/share/Uni_Eval/HAM10000_clean/ISIC2018/ISIC_0030490.jpg,5,5,0.00018156879,6.7026355e-07,0.00027456676,3.811173e-05,0.0011109079,0.9983852,9.009079e-06
/home/share/Uni_Eval/HAM10000_clean/ISIC2018/ISIC_0029150.jpg,5,5,0.0060418956,0.013509814,0.074948266,0.0056029176,0.0003595568,0.8965818,0.0029556698
/home/share/Uni_Eval/HAM10000_clean/ISIC2018/ISIC_0030711.jpg,5,5,1.4320634e-06,5.77456e-07,0.00017668873,0.0010557154,0.0015459687,0.99717915,4.0507235e-05
/home/share/Uni_Eval/HAM10000_clean/ISIC2018/ISIC_0027541.jpg,5,5,1.7546719e-09,8.142246e-09,6.6522075e-06,7.309679e-10,0.0023283623,0.9976605,4.4972685e-06
/home/share/Uni_Eval/HAM10000_clean/ISIC2018/ISIC_0027557.jpg,5,5,2.9142234e-07,8.0462105e-06,3.8411992e-05,1.2075711e-06,0.00094423327,0.9989974,1.03349175e-05
/home/share/Uni_Eval/HAM10000_clean/ISIC2018/ISIC_0027892.jpg,5,5,9.289135e-06,4.3438074e-05,0.0025861987,0.0004393027,0.0010088999,0.99586296,4.9991006e-05
/home/share/Uni_Eval/HAM10000_clean/ISIC2018/ISIC_0028786.jpg,5,5,1.0409284e-05,1.4038616e-06,0.00061051233,0.00010228858,0.0069731576,0.99229574,6.4070746e-06
/home/share/Uni_Eval/HAM10000_clean/ISIC2018/ISIC_0031097.jpg,5,5,5.445647e-07,3.8186495e-06,5.7177163e-05,3.4484146e-06,0.0011823777,0.998696,5.668905e-05
/home/share/Uni_Eval/HAM10000_clean/ISIC2018/ISIC_0024392.jpg,5,5,1.1751508e-06,1.29792195e-08,7.682458e-05,1.8688144e-05,0.005906495,0.99399626,4.4835826e-07
/home/share/Uni_Eval/HAM10000_clean/ISIC2018/ISIC_0029004.jpg,5,5,2.5465406e-06,6.004683e-07,0.00010572199,2.566122e-06,0.0016817928,0.99817324,3.34422e-05
/home/share/Uni_Eval/HAM10000_clean/ISIC2018/ISIC_0025109.jpg,5,5,0.00019886579,6.4843276e-05,0.00010521219,8.571378e-05,0.00023776776,0.99922323,8.435256e-05
/home/share/Uni_Eval/HAM10000_clean/ISIC2018/ISIC_0029508.jpg,5,5,1.4793919e-06,2.8523925e-07,3.190619e-05,8.1036933e-07,0.001315088,0.9986488,1.6137159e-06
/home/share/Uni_Eval/HAM10000_clean/ISIC2018/ISIC_0030484.jpg,5,5,0.0002181715,8.848771e-06,0.0006401675,0.00029448193,0.00033917947,0.9984763,2.2885743e-05
/home/share/Uni_Eval/HAM10000_clean/ISIC2018/ISIC_0026515.jpg,5,5,1.28724305e-05,5.6112617e-07,0.0051075146,0.0008837715,0.00079343136,0.9930803,0.00012155017
/home/share/Uni_Eval/HAM10000_clean/ISIC2018/ISIC_0029706.jpg,5,5,8.3216626e-05,9.816818e-06,0.033110544,6.7410285e-05,0.0017427306,0.9646966,0.000289775
/home/share/Uni_Eval/HAM10000_clean/ISIC2018/ISIC_0030414.jpg,5,5,0.00033903393,0.00019595261,0.00038555305,0.0006729306,0.010217625,0.9880009,0.00018791851
/home/share/Uni_Eval/HAM10000_clean/ISIC2018/ISIC_0028021.jpg,5,5,0.0002864619,0.00010255195,0.0013049574,0.00079977117,0.00051345024,0.99685365,0.00013923369
/home/share/Uni_Eval/HAM10000_clean/ISIC2018/ISIC_0025944.jpg,5,5,3.27101e-05,6.379456e-05,0.0010628159,8.206928e-05,0.01780195,0.98075074,0.00020585184
/home/share/Uni_Eval/HAM10000_clean/ISIC2018/ISIC_0026628.jpg,5,5,2.3923965e-05,1.3163961e-07,0.00061272836,4.5395165e-05,0.001201779,0.9980725,4.3410037e-05
/home/share/Uni_Eval/HAM10000_clean/ISIC2018/ISIC_0027438.jpg,5,5,0.00039352447,7.2385537e-06,0.0014489007,0.00010976724,0.0020133383,0.9959009,0.00012627881
/home/share/Uni_Eval/HAM10000_clean/ISIC2018/ISIC_0024656.jpg,5,5,0.00054506963,7.21596e-05,0.0036279664,0.00088273664,0.0013053506,0.993454,0.00011271508
/home/share/Uni_Eval/HAM10000_clean/ISIC2018/ISIC_0029456.jpg,5,5,0.0001516725,6.6324406e-05,0.0009322825,0.00085330073,0.0010720737,0.9969054,1.9021209e-05
/home/share/Uni_Eval/HAM10000_clean/ISIC2018/ISIC_0030692.jpg,5,5,0.00014921441,5.315314e-06,0.0050239363,0.00036606094,0.019973159,0.9743489,0.00013340039
/home/share/Uni_Eval/HAM10000_clean/ISIC2018/ISIC_0028908.jpg,5,5,6.685549e-05,2.4772535e-07,0.001426515,1.0809199e-05,0.00696621,0.9915292,1.8486301e-07
/home/share/Uni_Eval/HAM10000_clean/ISIC2018/ISIC_0024395.jpg,5,5,0.0002472816,6.333539e-05,0.008609413,0.0010741178,0.0005213635,0.98932225,0.00016222493
/home/share/Uni_Eval/HAM10000_clean/ISIC2018/ISIC_0026791.jpg,5,5,1.609718e-05,2.7052245e-05,0.0022776166,3.691198e-05,0.0012809929,0.99628437,7.687551e-05
/home/share/Uni_Eval/HAM10000_clean/ISIC2018/ISIC_0024736.jpg,5,5,8.314481e-07,2.996238e-07,2.036452e-05,8.495726e-05,0.00057090755,0.9993168,5.84074e-06
/home/share/Uni_Eval/HAM10000_clean/ISIC2018/ISIC_0030775.jpg,5,5,3.6031096e-08,2.5550849e-08,2.7638152e-06,3.6221125e-05,0.00010070524,0.99985707,3.1915395e-06
/home/share/Uni_Eval/HAM10000_clean/ISIC2018/ISIC_0028318.jpg,5,5,9.272494e-08,6.120447e-09,8.5564214e-05,2.3668545e-07,0.0008671395,0.99903333,1.3710328e-05
/home/share/Uni_Eval/HAM10000_clean/ISIC2018/ISIC_0027901.jpg,5,5,2.4926283e-07,4.550703e-05,3.692691e-05,6.314522e-06,8.452977e-05,0.99956495,0.00026148383
/home/share/Uni_Eval/HAM10000_clean/ISIC2018/ISIC_0030866.jpg,5,5,1.487671e-08,5.4094675e-09,8.08066e-06,3.6166028e-07,0.0009781144,0.9990115,1.9411161e-06
/home/share/Uni_Eval/HAM10000_clean/ISIC2018/ISIC_0027477.jpg,5,5,0.00015361748,3.3895278e-06,0.0022669053,0.0003988715,0.00066455,0.9958269,0.00068571605
/home/share/Uni_Eval/HAM10000_clean/ISIC2018/ISIC_0027637.jpg,5,5,8.391026e-05,2.4498375e-05,0.00022442597,0.0015908502,0.0011522834,0.9966634,0.00026054532
/home/share/Uni_Eval/HAM10000_clean/ISIC2018/ISIC_0029264.jpg,5,5,3.3263987e-08,2.8063116e-08,0.00026479777,2.5271336e-07,0.000111435504,0.9987072,0.00091631175
/home/share/Uni_Eval/HAM10000_clean/ISIC2018/ISIC_0027617.jpg,5,5,3.955223e-06,2.7837797e-07,1.8790191e-05,8.1117787e-07,0.0001388733,0.9998368,5.290465e-07
/home/share/Uni_Eval/HAM10000_clean/ISIC2018/ISIC_0029711.jpg,5,5,2.6885532e-06,1.2461928e-07,2.7243937e-06,2.5384104e-05,0.0011661625,0.9987859,1.6988142e-05
/home/share/Uni_Eval/HAM10000_clean/ISIC2018/ISIC_0024977.jpg,5,5,1.4165052e-05,3.2452415e-06,6.954566e-05,5.7516127e-06,0.013535299,0.9863621,9.816291e-06
/home/share/Uni_Eval/HAM10000_clean/ISIC2018/ISIC_0031785.jpg,5,5,3.1151344e-06,4.04108e-06,3.9489198e-05,6.734989e-06,0.0023272638,0.99715555,0.00046372743
/home/share/Uni_Eval/HAM10000_clean/ISIC2018/ISIC_0025976.jpg,5,5,6.8408207e-07,1.3946157e-08,2.0085276e-05,1.3972972e-06,0.0029461663,0.9970085,2.3100532e-05
/home/share/Uni_Eval/HAM10000_clean/ISIC2018/ISIC_0030578.jpg,5,5,0.002262771,0.0040216395,0.007929366,0.0018100466,0.0014064056,0.98030007,0.0022696771
/home/share/Uni_Eval/HAM10000_clean/ISIC2018/ISIC_0028552.jpg,5,5,3.2892152e-05,2.364253e-07,0.0008364087,1.4454312e-06,0.000746511,0.99837303,9.453085e-06
/home/share/Uni_Eval/HAM10000_clean/ISIC2018/ISIC_0026945.jpg,5,5,1.4920893e-05,6.3274065e-06,2.8510649e-05,2.0833968e-05,0.0024364532,0.9974655,2.746692e-05
/home/share/Uni_Eval/HAM10000_clean/ISIC2018/ISIC_0029387.jpg,5,5,5.171645e-07,1.1077317e-07,2.8282011e-05,1.0523746e-06,0.0023587558,0.9975998,1.142483e-05
/home/share/Uni_Eval/HAM10000_clean/ISIC2018/ISIC_0024321.jpg,5,5,0.00013648572,0.0070524444,0.0005063212,0.0065519987,0.001011163,0.98468566,5.5982815e-05
/home/share/Uni_Eval/HAM10000_clean/ISIC2018/ISIC_0027807.jpg,5,5,1.14868776e-07,2.4181688e-07,0.00025026881,4.86626e-07,0.00058223464,0.9990244,0.00014226825
/home/share/Uni_Eval/HAM10000_clean/ISIC2018/ISIC_0025714.jpg,5,5,2.8008038e-05,9.729276e-06,0.0029372,0.0005486569,0.0005762224,0.995877,2.30726e-05
/home/share/Uni_Eval/HAM10000_clean/ISIC2018/ISIC_0028612.jpg,5,5,8.402174e-09,4.3134607e-09,8.631366e-06,1.6534892e-07,0.00026303425,0.999728,1.9097106e-07
/home/share/Uni_Eval/HAM10000_clean/ISIC2018/ISIC_0029795.jpg,5,5,1.158936e-06,8.4353275e-08,0.0066890717,6.294252e-07,0.0065894597,0.9867163,3.2764997e-06
/home/share/Uni_Eval/HAM10000_clean/ISIC2018/ISIC_0030562.jpg,5,5,2.0582092e-07,1.1274008e-06,6.7769084e-05,5.4628895e-06,0.005500432,0.9943758,4.914416e-05
/home/share/Uni_Eval/HAM10000_clean/ISIC2018/ISIC_0032198.jpg,5,5,0.04163072,0.0031146526,0.062160376,0.0010142301,0.0013804787,0.8906112,8.830316e-05
/home/share/Uni_Eval/HAM10000_clean/ISIC2018/ISIC_0030643.jpg,5,5,8.069386e-05,9.936805e-07,0.00041721997,0.00017516025,0.00026506663,0.99905974,1.1746398e-06
/home/share/Uni_Eval/HAM10000_clean/ISIC2018/ISIC_0027353.jpg,5,5,0.0007926848,5.0415954e-05,0.018639743,0.00010708948,0.0007681221,0.9795588,8.31087e-05
/home/share/Uni_Eval/HAM10000_clean/ISIC2018/ISIC_0026701.jpg,5,5,1.2177403e-05,6.261435e-06,0.00039829986,2.4334155e-05,0.00084314134,0.9987142,1.6296866e-06
/home/share/Uni_Eval/HAM10000_clean/ISIC2018/ISIC_0028616.jpg,5,5,7.96693e-05,2.6515421e-05,0.015105463,0.00026438574,0.00082136923,0.983597,0.00010559581
/home/share/Uni_Eval/HAM10000_clean/ISIC2018/ISIC_0026708.jpg,5,5,8.032132e-07,1.05509685e-07,3.2335298e-05,2.429636e-06,0.00508348,0.9948762,4.6537407e-06
/home/share/Uni_Eval/HAM10000_clean/ISIC2018/ISIC_0024820.jpg,5,5,4.505487e-07,4.0151397e-07,0.000934798,0.0003537064,0.0013827836,0.9973115,1.6510097e-05
/home/share/Uni_Eval/HAM10000_clean/ISIC2018/ISIC_0031275.jpg,5,5,6.016294e-05,0.00013061032,0.0019438032,0.0001205721,0.00010557797,0.99729556,0.0003436867
/home/share/Uni_Eval/HAM10000_clean/ISIC2018/ISIC_0031343.jpg,5,5,1.3601406e-05,3.0802373e-06,0.0013642757,3.7573133e-07,0.0055713616,0.99304163,5.670742e-06
/home/share/Uni_Eval/HAM10000_clean/ISIC2018/ISIC_0029423.jpg,5,5,4.880707e-07,1.4834329e-07,1.10536985e-05,2.3754639e-07,0.000120719684,0.9998084,5.9086095e-05
/home/share/Uni_Eval/HAM10000_clean/ISIC2018/ISIC_0031296.jpg,5,5,7.1125055e-07,8.918681e-07,3.702597e-06,5.8908652e-05,3.1606705e-05,0.9999021,2.0751868e-06
/home/share/Uni_Eval/HAM10000_clean/ISIC2018/ISIC_0025137.jpg,5,5,1.2113088e-06,2.6592318e-08,0.00015759276,3.6922947e-06,0.0033699768,0.99640036,6.722496e-05
/home/share/Uni_Eval/HAM10000_clean/ISIC2018/ISIC_0025890.jpg,5,5,0.0009437994,4.877261e-06,0.045748673,0.00014754434,0.0073412936,0.9457429,7.094272e-05
/home/share/Uni_Eval/HAM10000_clean/ISIC2018/ISIC_0027232.jpg,5,5,0.0020126274,1.6619987e-06,0.09318472,0.00035080785,7.682648e-05,0.90427953,9.392103e-05
/home/share/Uni_Eval/HAM10000_clean/ISIC2018/ISIC_0027259.jpg,5,5,1.0647026e-07,1.0951646e-06,7.7415604e-07,5.0183517e-06,0.00032201118,0.9990627,0.0006083352
/home/share/Uni_Eval/HAM10000_clean/ISIC2018/ISIC_0029556.jpg,5,5,4.0020723e-06,5.3357496e-07,0.00024062487,3.9689647e-05,0.0019676115,0.9977131,3.4420966e-05
/home/share/Uni_Eval/HAM10000_clean/ISIC2018/ISIC_0030613.jpg,5,5,3.2868658e-07,5.442853e-07,0.0011734525,1.4007147e-05,0.0001768122,0.9986253,9.553866e-06
/home/share/Uni_Eval/HAM10000_clean/ISIC2018/ISIC_0025698.jpg,5,5,2.0959294e-09,6.131673e-10,1.3746766e-05,3.0929087e-08,0.002949478,0.9970366,1.652153e-07
/home/share/Uni_Eval/HAM10000_clean/ISIC2018/ISIC_0031230.jpg,5,5,2.7087285e-07,1.00150054e-07,0.0045194565,8.645351e-07,0.0039250855,0.99153686,1.7444523e-05
/home/share/Uni_Eval/HAM10000_clean/ISIC2018/ISIC_0026300.jpg,5,5,2.2147976e-06,4.3710966e-07,4.060412e-05,0.00071382883,0.0011573113,0.9980697,1.588672e-05
/home/share/Uni_Eval/HAM10000_clean/ISIC2018/ISIC_0027474.jpg,5,5,0.004046824,0.0003437814,0.0027684374,0.0012238643,0.024526225,0.9669043,0.00018652379
/home/share/Uni_Eval/HAM10000_clean/ISIC2018/ISIC_0031635.jpg,5,5,2.0180555e-06,2.457202e-06,0.00014929177,2.0980694e-06,0.029739749,0.9697412,0.0003632306
/home/share/Uni_Eval/HAM10000_clean/ISIC2018/ISIC_0026972.jpg,5,5,2.5486227e-06,4.0874133e-07,0.00048719434,2.804825e-06,4.3697375e-05,0.99946207,1.3133093e-06
/home/share/Uni_Eval/HAM10000_clean/ISIC2018/ISIC_0024568.jpg,5,5,3.040641e-08,1.2127106e-08,7.004639e-06,1.3907987e-06,0.0010320327,0.9986872,0.00027229736
/home/share/Uni_Eval/HAM10000_clean/ISIC2018/ISIC_0030863.jpg,5,5,2.149216e-06,6.356386e-07,4.089888e-06,2.590669e-05,0.00025468622,0.9996997,1.2879528e-05
/home/share/Uni_Eval/HAM10000_clean/ISIC2018/ISIC_0027682.jpg,5,5,1.0982673e-08,6.9909e-07,4.0702332e-07,8.1071954e-07,0.0028702624,0.9969902,0.0001374864
/home/share/Uni_Eval/HAM10000_clean/ISIC2018/ISIC_0030975.jpg,5,5,5.090806e-06,0.0005351906,9.658188e-05,7.1843766e-05,0.00086840725,0.9982418,0.00018115237
/home/share/Uni_Eval/HAM10000_clean/ISIC2018/ISIC_0031763.jpg,5,5,1.6598709e-07,7.528336e-07,2.3645164e-06,0.00023823549,0.006426966,0.9932366,9.4955496e-05
/home/share/Uni_Eval/HAM10000_clean/ISIC2018/ISIC_0031030.jpg,5,5,6.4102904e-05,6.5440014e-05,0.002436288,9.8879245e-05,0.00032937818,0.99670273,0.0003031976
/home/share/Uni_Eval/HAM10000_clean/ISIC2018/ISIC_0031954.jpg,5,5,2.7381657e-06,5.173982e-06,8.299446e-05,4.0329537e-06,0.009760979,0.98974705,0.00039701205
/home/share/Uni_Eval/HAM10000_clean/ISIC2018/ISIC_0028595.jpg,5,5,0.003834966,9.67844e-05,0.0011061488,0.0006581681,0.0003404937,0.9938886,7.48193e-05
/home/share/Uni_Eval/HAM10000_clean/ISIC2018/ISIC_0026413.jpg,5,5,4.2153724e-06,1.4114552e-07,7.712313e-06,1.2643736e-05,0.00013133288,0.99973613,0.0001078461
/home/share/Uni_Eval/HAM10000_clean/ISIC2018/ISIC_0028157.jpg,5,5,1.7142564e-06,1.7137113e-07,0.00032691227,6.148404e-06,0.0047555366,0.9949043,5.2400846e-06
/home/share/Uni_Eval/HAM10000_clean/ISIC2018/ISIC_0024311.jpg,5,5,1.2478464e-06,2.629216e-07,0.0004998972,2.811084e-06,0.0006372744,0.9988582,3.3580397e-07
/home/share/Uni_Eval/HAM10000_clean/ISIC2018/ISIC_0026838.jpg,5,5,4.0528982e-07,3.1180107e-06,0.000104032515,1.3267542e-06,0.0012194789,0.99840754,0.0002642119
/home/share/Uni_Eval/HAM10000_clean/ISIC2018/ISIC_0029016.jpg,5,5,3.7534517e-10,7.072878e-12,7.762672e-07,5.5292344e-09,5.6907433e-05,0.9999423,7.3072397e-09
/home/share/Uni_Eval/HAM10000_clean/ISIC2018/ISIC_0028322.jpg,5,5,2.2727667e-05,5.9186464e-06,0.000109013024,9.819003e-05,1.9664465e-05,0.9997409,3.5425805e-06
/home/share/Uni_Eval/HAM10000_clean/ISIC2018/ISIC_0026695.jpg,5,5,3.5236587e-07,4.882586e-08,0.00036882563,5.8007237e-05,0.0050604944,0.99450964,2.7782253e-06
/home/share/Uni_Eval/HAM10000_clean/ISIC2018/ISIC_0029225.jpg,5,5,0.0001749039,6.730312e-06,0.00083887955,0.00023697263,0.00010010196,0.9986198,2.2547625e-05
/home/share/Uni_Eval/HAM10000_clean/ISIC2018/ISIC_0026184.jpg,5,5,0.00047045978,0.0001208795,0.0010946386,0.001140638,0.0036831712,0.99286664,0.00062359
/home/share/Uni_Eval/HAM10000_clean/ISIC2018/ISIC_0029903.jpg,5,5,0.0010135104,4.1301223e-06,0.005334202,0.009672367,0.034342047,0.9492889,0.00034484747
/home/share/Uni_Eval/HAM10000_clean/ISIC2018/ISIC_0024874.jpg,5,5,9.958119e-06,0.007338649,0.000632318,3.5133202e-05,0.00021489516,0.9871099,0.0046590827
/home/share/Uni_Eval/HAM10000_clean/ISIC2018/ISIC_0030769.jpg,5,5,4.1155618e-06,2.2501605e-07,1.5860209e-05,6.70412e-05,0.00048287274,0.99942845,1.3173659e-06
/home/share/Uni_Eval/HAM10000_clean/ISIC2018/ISIC_0029816.jpg,5,5,7.799767e-07,6.0266126e-07,2.0144047e-05,5.4536094e-06,0.001439497,0.9985241,9.370032e-06
/home/share/Uni_Eval/HAM10000_clean/ISIC2018/ISIC_0028896.jpg,5,5,2.897767e-05,5.466358e-05,0.00808065,0.00068684475,0.0032253454,0.9878852,3.8401406e-05
/home/share/Uni_Eval/HAM10000_clean/ISIC2018/ISIC_0025560.jpg,5,5,4.445992e-06,4.2149463e-07,6.7016376e-06,1.6260847e-06,0.00025297544,0.9997271,6.603165e-06
/home/share/Uni_Eval/HAM10000_clean/ISIC2018/ISIC_0030612.jpg,5,5,3.6954955e-08,2.8186653e-08,1.2441018e-05,5.3784838e-08,2.434361e-05,0.99996305,1.2443058e-07
/home/share/Uni_Eval/HAM10000_clean/ISIC2018/ISIC_0027885.jpg,5,5,4.2172135e-07,4.9938787e-08,0.00014133558,3.2022117e-06,0.0022721142,0.9975822,6.648473e-07
/home/share/Uni_Eval/HAM10000_clean/ISIC2018/ISIC_0028997.jpg,5,5,1.2970381e-05,0.00053568283,0.0030205771,0.0009310957,0.00014700403,0.99477214,0.00058052706
/home/share/Uni_Eval/HAM10000_clean/ISIC2018/ISIC_0031505.jpg,5,5,3.1313643e-06,0.000426318,0.0009212044,0.00026789802,6.0460046e-05,0.99649847,0.0018224738
/home/share/Uni_Eval/HAM10000_clean/ISIC2018/ISIC_0024625.jpg,5,5,3.4369303e-09,6.155627e-10,3.202249e-07,1.6168816e-08,0.004968144,0.99503076,7.5989135e-07
/home/share/Uni_Eval/HAM10000_clean/ISIC2018/ISIC_0024601.jpg,5,5,1.6891561e-06,4.6699697e-05,2.526032e-05,4.7536932e-06,0.002929508,0.99689794,9.420472e-05
/home/share/Uni_Eval/HAM10000_clean/ISIC2018/ISIC_0027696.jpg,5,5,8.97917e-08,2.184683e-06,6.242982e-05,0.00029187405,0.008413038,0.9911999,3.056249e-05
/home/share/Uni_Eval/HAM10000_clean/ISIC2018/ISIC_0025059.jpg,5,5,3.441412e-08,4.3399513e-08,5.020121e-06,2.558077e-06,0.004181033,0.99579203,1.9203811e-05
/home/share/Uni_Eval/HAM10000_clean/ISIC2018/ISIC_0032106.jpg,5,5,2.0936595e-05,4.8595506e-05,0.0032026838,0.000121907346,0.003107237,0.9934163,8.244463e-05
/home/share/Uni_Eval/HAM10000_clean/ISIC2018/ISIC_0030368.jpg,5,5,3.2696794e-06,1.8082292e-07,1.1159647e-05,7.591187e-05,0.00055343454,0.9989969,0.00035917253
/home/share/Uni_Eval/HAM10000_clean/ISIC2018/ISIC_0029090.jpg,5,5,4.3775883e-05,7.085768e-05,9.9939636e-05,6.636313e-05,0.00012639363,0.99927264,0.0003200143
/home/share/Uni_Eval/HAM10000_clean/ISIC2018/ISIC_0032137.jpg,5,5,1.6994421e-05,1.7368023e-07,0.00023589637,9.22957e-06,0.001832207,0.997898,7.458839e-06
/home/share/Uni_Eval/HAM10000_clean/ISIC2018/ISIC_0030701.jpg,5,5,5.3415256e-06,4.188588e-06,6.710796e-05,6.464982e-05,0.00028817682,0.9995378,3.2694643e-05
/home/share/Uni_Eval/HAM10000_clean/ISIC2018/ISIC_0028839.jpg,5,5,8.0213954e-07,2.4232554e-07,0.0010837956,0.00018755111,0.0015086642,0.9972095,9.3753915e-06
/home/share/Uni_Eval/HAM10000_clean/ISIC2018/ISIC_0026648.jpg,5,5,9.278913e-06,1.5436474e-06,0.00033195064,0.00025271878,0.001636464,0.9977295,3.856698e-05
/home/share/Uni_Eval/HAM10000_clean/ISIC2018/ISIC_0025408.jpg,5,5,1.5974182e-06,4.2447832e-07,0.00091805664,9.554494e-06,0.00022188957,0.998847,1.4190832e-06
/home/share/Uni_Eval/HAM10000_clean/ISIC2018/ISIC_0031884.jpg,5,5,0.00039011048,7.434472e-05,0.0002363955,0.0012278022,0.0027730106,0.99516886,0.0001294017
/home/share/Uni_Eval/HAM10000_clean/ISIC2018/ISIC_0024775.jpg,5,5,4.89139e-07,7.740716e-07,5.9849637e-05,0.00018115612,0.007901388,0.991475,0.00038126516
/home/share/Uni_Eval/HAM10000_clean/ISIC2018/ISIC_0024659.jpg,5,5,0.0027988309,0.00013502307,0.00066972617,0.0007200853,0.00088305445,0.9945293,0.0002639336
/home/share/Uni_Eval/HAM10000_clean/ISIC2018/ISIC_0032053.jpg,5,5,1.4936928e-06,6.631961e-08,0.000119824304,2.7743261e-05,0.002919362,0.99690896,2.2609423e-05
/home/share/Uni_Eval/HAM10000_clean/ISIC2018/ISIC_0030256.jpg,5,5,6.465494e-07,1.3960114e-06,0.004826866,1.9670224e-05,0.00039972208,0.9945146,0.00023714728
/home/share/Uni_Eval/HAM10000_clean/ISIC2018/ISIC_0026357.jpg,5,5,0.0017470794,0.00012147234,0.0048894035,0.00016932322,5.1237228e-05,0.9930031,1.850148e-05
/home/share/Uni_Eval/HAM10000_clean/ISIC2018/ISIC_0026155.jpg,5,5,0.00016161072,6.6840694e-05,0.0002222707,5.869816e-05,0.0036527386,0.99501604,0.0008216851
/home/share/Uni_Eval/HAM10000_clean/ISIC2018/ISIC_0028140.jpg,5,5,7.646547e-08,1.204447e-07,0.00031922924,1.0830254e-05,0.012245788,0.9873815,4.243788e-05
/home/share/Uni_Eval/HAM10000_clean/ISIC2018/ISIC_0025058.jpg,5,5,7.284957e-08,1.1123786e-05,0.00015404934,2.058785e-06,1.0882302e-05,0.999808,1.3904256e-05
/home/share/Uni_Eval/HAM10000_clean/ISIC2018/ISIC_0024956.jpg,5,5,5.0784878e-05,1.2810277e-05,0.0011386953,0.00033905925,0.0079788435,0.9902525,0.00022729533
/home/share/Uni_Eval/HAM10000_clean/ISIC2018/ISIC_0030103.jpg,5,5,1.2220772e-07,1.8417038e-09,4.1925346e-06,4.0020916e-07,0.0037365803,0.996258,7.7970645e-07
/home/share/Uni_Eval/HAM10000_clean/ISIC2018/ISIC_0027245.jpg,5,5,1.1027111e-05,5.6230327e-08,6.306245e-05,1.2341319e-06,0.0015074768,0.99841416,3.0968577e-06
/home/share/Uni_Eval/HAM10000_clean/ISIC2018/ISIC_0024532.jpg,5,5,0.00038365182,0.00018413382,0.0064727454,0.00033347413,0.0019798998,0.9901676,0.0004785323
/home/share/Uni_Eval/HAM10000_clean/ISIC2018/ISIC_0026380.jpg,5,5,3.2196536e-07,1.2114802e-08,9.2559485e-06,8.6354805e-07,0.0008118805,0.99917454,3.145126e-06
/home/share/Uni_Eval/HAM10000_clean/ISIC2018/ISIC_0027602.jpg,5,5,3.9149165e-07,5.4143345e-07,0.0001755786,5.457945e-07,0.0042127534,0.99556476,4.5334727e-05
/home/share/Uni_Eval/HAM10000_clean/ISIC2018/ISIC_0027372.jpg,5,5,0.000101909434,5.07655e-06,0.002747015,9.803652e-06,0.20287623,0.7938056,0.0004542987
/home/share/Uni_Eval/HAM10000_clean/ISIC2018/ISIC_0025852.jpg,5,5,4.0756444e-08,4.861113e-09,3.8722814e-05,4.01688e-06,0.004838243,0.99511755,1.4121663e-06
/home/share/Uni_Eval/HAM10000_clean/ISIC2018/ISIC_0032403.jpg,5,5,5.2208674e-05,7.0518145e-06,0.050362736,0.00042352657,0.06101371,0.88789374,0.00024704626
/home/share/Uni_Eval/HAM10000_clean/ISIC2018/ISIC_0025190.jpg,5,5,2.0694158e-06,9.3333273e-07,3.9842325e-05,2.7312995e-05,0.0024484147,0.9974733,8.00179e-06
/home/share/Uni_Eval/HAM10000_clean/ISIC2018/ISIC_0027321.jpg,5,5,2.5250616e-05,0.0002239812,0.00029921558,0.00021773214,0.0021463893,0.9966414,0.00044606446
/home/share/Uni_Eval/HAM10000_clean/ISIC2018/ISIC_0031878.jpg,5,5,0.00094225403,0.00045869907,0.008685263,0.0012708965,0.0018901166,0.98615825,0.0005944643
/home/share/Uni_Eval/HAM10000_clean/ISIC2018/ISIC_0029086.jpg,5,5,1.561824e-06,8.120985e-07,1.848476e-05,1.3842808e-05,0.0020021952,0.99795294,1.010607e-05
/home/share/Uni_Eval/HAM10000_clean/ISIC2018/ISIC_0024399.jpg,5,5,2.5321165e-06,6.177898e-07,1.9541832e-05,7.532162e-05,0.00028960098,0.9995963,1.6121374e-05
/home/share/Uni_Eval/HAM10000_clean/ISIC2018/ISIC_0024603.jpg,5,5,9.604858e-09,8.525841e-09,4.011107e-06,2.09769e-06,0.0010282845,0.99896467,8.3271095e-07
/home/share/Uni_Eval/HAM10000_clean/ISIC2018/ISIC_0025429.jpg,5,5,0.000106419844,1.8646306e-05,0.0017809577,0.00060831074,0.00021572153,0.997251,1.8927285e-05
/home/share/Uni_Eval/HAM10000_clean/ISIC2018/ISIC_0026548.jpg,5,5,5.937372e-06,7.8068615e-07,0.00062990794,2.7138161e-05,0.09887005,0.9003976,6.86679e-05
/home/share/Uni_Eval/HAM10000_clean/ISIC2018/ISIC_0031992.jpg,5,5,1.3102968e-07,2.9989174e-08,7.051053e-07,5.7055745e-06,0.001110257,0.9988813,1.881542e-06
/home/share/Uni_Eval/HAM10000_clean/ISIC2018/ISIC_0032416.jpg,5,5,6.1154867e-07,1.18942e-05,3.353603e-05,0.0003154271,5.238237e-05,0.9992275,0.0003585818
/home/share/Uni_Eval/HAM10000_clean/ISIC2018/ISIC_0029587.jpg,5,5,2.7810179e-06,1.5434401e-06,0.00023985538,4.331179e-06,0.002209585,0.99753547,6.5002696e-06
/home/share/Uni_Eval/HAM10000_clean/ISIC2018/ISIC_0026685.jpg,5,5,2.1379213e-07,7.0390214e-09,8.016201e-05,9.1429265e-06,0.000367066,0.999539,4.3739788e-06
/home/share/Uni_Eval/HAM10000_clean/ISIC2018/ISIC_0031022.jpg,5,5,4.866232e-05,0.00010931932,0.0015732158,7.291451e-05,0.00014102277,0.99794346,0.00011135518
/home/share/Uni_Eval/HAM10000_clean/ISIC2018/ISIC_0029019.jpg,5,5,6.3338026e-05,1.095215e-06,0.00017598696,1.0030577e-05,0.0012543257,0.99847335,2.193815e-05
/home/share/Uni_Eval/HAM10000_clean/ISIC2018/ISIC_0028204.jpg,5,5,1.0373623e-06,3.6063962e-08,3.326247e-05,2.0953094e-06,0.0032297317,0.996723,1.0899757e-05
/home/share/Uni_Eval/HAM10000_clean/ISIC2018/ISIC_0029941.jpg,5,5,4.769242e-08,8.798214e-09,9.160675e-05,1.6701613e-07,0.0062240576,0.9936805,3.709847e-06
/home/share/Uni_Eval/HAM10000_clean/ISIC2018/ISIC_0025728.jpg,5,5,1.5054745e-05,2.0070858e-07,2.4934247e-05,6.6557145e-06,0.000115327006,0.99982613,1.1682714e-05
/home/share/Uni_Eval/HAM10000_clean/ISIC2018/ISIC_0026066.jpg,5,5,1.9054983e-07,3.9153844e-07,1.2522218e-06,8.3812984e-07,0.00014538098,0.99983716,1.4818482e-05
/home/share/Uni_Eval/HAM10000_clean/ISIC2018/ISIC_0024645.jpg,5,5,1.6490851e-07,1.15532695e-08,0.00027483393,4.2436326e-07,0.0048968056,0.99482274,4.9651603e-06
/home/share/Uni_Eval/HAM10000_clean/ISIC2018/ISIC_0031608.jpg,5,5,9.059035e-07,1.6235047e-07,5.6587312e-05,0.00012864343,0.00080659724,0.99895847,4.8720827e-05
/home/share/Uni_Eval/HAM10000_clean/ISIC2018/ISIC_0025333.jpg,5,5,1.0084088e-06,2.3677527e-05,7.345095e-05,4.9359875e-05,0.00020227418,0.9996449,5.2978417e-06
/home/share/Uni_Eval/HAM10000_clean/ISIC2018/ISIC_0028161.jpg,5,5,1.314903e-05,7.105458e-07,0.00059844553,3.5274712e-05,6.381781e-05,0.99926585,2.2806735e-05
/home/share/Uni_Eval/HAM10000_clean/ISIC2018/ISIC_0025023.jpg,5,5,1.9101846e-07,4.572422e-08,6.2663974e-05,4.343888e-06,0.0009690732,0.9989448,1.8968874e-05
/home/share/Uni_Eval/HAM10000_clean/ISIC2018/ISIC_0030228.jpg,5,5,1.7294014e-09,5.0169428e-11,1.1949326e-06,3.739273e-06,0.00056058005,0.99943453,2.4888292e-08
/home/share/Uni_Eval/HAM10000_clean/ISIC2018/ISIC_0029433.jpg,5,5,5.0119297e-08,1.1486929e-07,4.533242e-06,7.465685e-09,0.0004782087,0.9995129,4.1220333e-06
/home/share/Uni_Eval/HAM10000_clean/ISIC2018/ISIC_0025586.jpg,5,5,7.349126e-09,2.5317432e-08,1.6600721e-05,2.0314127e-08,0.00021685757,0.9997588,7.795449e-06
/home/share/Uni_Eval/HAM10000_clean/ISIC2018/ISIC_0025114.jpg,5,5,2.9441418e-07,9.35236e-07,3.4045654e-05,1.6646543e-05,0.00022486663,0.99963033,9.282279e-05
/home/share/Uni_Eval/HAM10000_clean/ISIC2018/ISIC_0026418.jpg,5,5,1.7306476e-05,4.0981025e-08,0.0008730548,0.000105186184,0.00618573,0.9928181,5.622693e-07
/home/share/Uni_Eval/HAM10000_clean/ISIC2018/ISIC_0032062.jpg,5,5,0.0003573392,1.9123785e-08,8.237976e-05,2.5382667e-06,0.016826615,0.98272747,3.56451e-06
/home/share/Uni_Eval/HAM10000_clean/ISIC2018/ISIC_0032401.jpg,5,5,7.1656054e-06,1.2242199e-06,0.0005594576,2.5450618e-05,0.003437692,0.9959533,1.5804248e-05
/home/share/Uni_Eval/HAM10000_clean/ISIC2018/ISIC_0025204.jpg,5,5,1.1050551e-07,1.6691658e-05,9.284879e-06,5.8981226e-07,0.000117437194,0.9998011,5.483067e-05
/home/share/Uni_Eval/HAM10000_clean/ISIC2018/ISIC_0030713.jpg,5,5,1.2750939e-05,5.3173844e-06,1.3333666e-05,4.125534e-06,0.00089798844,0.9990433,2.3043895e-05
/home/share/Uni_Eval/HAM10000_clean/ISIC2018/ISIC_0025858.jpg,5,5,1.3478149e-06,9.357554e-08,0.00015783633,2.8637392e-05,0.0007840415,0.99902487,3.1871014e-06
/home/share/Uni_Eval/HAM10000_clean/ISIC2018/ISIC_0024844.jpg,5,5,0.0003097401,3.0634735e-06,0.044875186,0.0015500911,0.026652427,0.9117319,0.014877582
/home/share/Uni_Eval/HAM10000_clean/ISIC2018/ISIC_0027824.jpg,5,5,7.823834e-06,1.9308295e-07,8.845595e-05,0.0001387346,0.00033564935,0.999428,1.1982834e-06
/home/share/Uni_Eval/HAM10000_clean/ISIC2018/ISIC_0027611.jpg,5,5,0.000505418,0.00035969375,0.001253667,0.006427961,0.0031730863,0.98822355,5.6668046e-05
/home/share/Uni_Eval/HAM10000_clean/ISIC2018/ISIC_0032224.jpg,5,5,0.0027292816,0.0005341004,0.007423036,0.0004017611,0.0010154097,0.987588,0.00030836632
/home/share/Uni_Eval/HAM10000_clean/ISIC2018/ISIC_0025445.jpg,5,5,5.0517957e-07,2.9056898e-07,6.119124e-07,9.585299e-07,0.0006862313,0.99919087,0.000120639255
/home/share/Uni_Eval/HAM10000_clean/ISIC2018/ISIC_0024629.jpg,5,5,8.8779225e-06,1.0152393e-05,0.002575963,3.1473915e-05,0.00037810058,0.9969926,2.810011e-06
/home/share/Uni_Eval/HAM10000_clean/ISIC2018/ISIC_0028788.jpg,5,5,4.5120196e-05,1.3475701e-05,0.000101699814,2.7076778e-05,0.00053191994,0.9991708,0.000109974724
/home/share/Uni_Eval/HAM10000_clean/ISIC2018/ISIC_0030779.jpg,5,5,1.5378532e-07,3.3706414e-07,0.002217728,1.2502451e-06,0.0007478249,0.9969459,8.6741806e-05
/home/share/Uni_Eval/HAM10000_clean/ISIC2018/ISIC_0027913.jpg,5,5,4.791935e-07,3.2328106e-07,4.6806067e-06,7.313716e-07,0.002112293,0.99785125,3.0190322e-05
/home/share/Uni_Eval/HAM10000_clean/ISIC2018/ISIC_0024614.jpg,5,5,1.0618777e-06,2.8935264e-07,6.686943e-05,2.4573555e-05,0.0008386362,0.9990682,4.532947e-07
/home/share/Uni_Eval/HAM10000_clean/ISIC2018/ISIC_0027705.jpg,5,5,1.1026922e-05,0.0006235659,0.001391036,7.426092e-06,0.0024627852,0.9953453,0.000158895
/home/share/Uni_Eval/HAM10000_clean/ISIC2018/ISIC_0024347.jpg,5,5,7.824599e-08,1.4644257e-07,5.992684e-06,1.6083324e-07,0.020711696,0.9792422,3.9745726e-05
/home/share/Uni_Eval/HAM10000_clean/ISIC2018/ISIC_0029631.jpg,5,5,3.5621895e-07,6.1033894e-08,1.1042623e-05,4.1833223e-07,0.00048616354,0.9995012,6.426738e-07
/home/share/Uni_Eval/HAM10000_clean/ISIC2018/ISIC_0032167.jpg,5,5,0.00013440596,6.270979e-07,0.0007972143,4.6053697e-06,0.003027535,0.9960334,2.2136583e-06
/home/share/Uni_Eval/HAM10000_clean/ISIC2018/ISIC_0031058.jpg,5,5,3.7047016e-07,1.4598713e-07,0.00024260221,0.0012138408,0.00084118196,0.99768114,2.078994e-05
/home/share/Uni_Eval/HAM10000_clean/ISIC2018/ISIC_0030288.jpg,5,5,8.871616e-06,2.7300972e-05,0.00015681509,0.00012340998,0.0006754082,0.99892247,8.587482e-05
/home/share/Uni_Eval/HAM10000_clean/ISIC2018/ISIC_0030438.jpg,5,5,0.000360139,8.646651e-06,0.0013277121,0.00025166382,0.00049087696,0.9975206,4.032354e-05
/home/share/Uni_Eval/HAM10000_clean/ISIC2018/ISIC_0030212.jpg,5,5,1.1428837e-06,6.668413e-06,0.0014994332,4.585959e-07,0.00017069434,0.9979843,0.00033727803
/home/share/Uni_Eval/HAM10000_clean/ISIC2018/ISIC_0031129.jpg,5,5,0.00769161,0.0006137273,0.0044140844,0.043893382,0.07995406,0.53819185,0.3252412
/home/share/Uni_Eval/HAM10000_clean/ISIC2018/ISIC_0029451.jpg,5,5,1.1374581e-05,3.6207186e-06,5.8357804e-05,4.9633536e-07,0.0028626474,0.99704236,2.1252987e-05
/home/share/Uni_Eval/HAM10000_clean/ISIC2018/ISIC_0024622.jpg,5,5,5.968508e-05,2.4461443e-07,0.0017719246,0.00028280422,0.0010213554,0.99685645,7.509787e-06
/home/share/Uni_Eval/HAM10000_clean/ISIC2018/ISIC_0025203.jpg,5,5,9.17566e-08,6.5491764e-07,6.39091e-05,1.9755687e-06,0.00054560945,0.9993573,3.0493035e-05
/home/share/Uni_Eval/HAM10000_clean/ISIC2018/ISIC_0026627.jpg,5,5,2.9301266e-06,3.336067e-07,1.93777e-05,9.5244664e-05,4.6945646e-05,0.9998172,1.8039414e-05
/home/share/Uni_Eval/HAM10000_clean/ISIC2018/ISIC_0029487.jpg,5,5,0.00012265462,1.0463312e-05,0.0002672786,0.0001257127,0.010765233,0.98868775,2.084815e-05
/home/share/Uni_Eval/HAM10000_clean/ISIC2018/ISIC_0031994.jpg,5,5,1.4114574e-05,5.398387e-05,0.00013379805,5.6213146e-05,0.006403149,0.9933114,2.7341028e-05
/home/share/Uni_Eval/HAM10000_clean/ISIC2018/ISIC_0029186.jpg,5,5,2.4381322e-07,8.704002e-07,1.9527766e-05,3.9512547e-06,0.0016636263,0.9983053,6.541138e-06
/home/share/Uni_Eval/HAM10000_clean/ISIC2018/ISIC_0032286.jpg,5,5,1.1195731e-06,2.0991006e-07,0.00045851438,3.606639e-05,0.0012765282,0.9982089,1.8696746e-05
/home/share/Uni_Eval/HAM10000_clean/ISIC2018/ISIC_0026160.jpg,5,5,1.6173044e-05,6.406813e-07,0.001057506,2.9500683e-05,0.00387134,0.9949876,3.7281192e-05
/home/share/Uni_Eval/HAM10000_clean/ISIC2018/ISIC_0030476.jpg,5,5,1.4506416e-07,5.4326588e-08,2.2250044e-06,1.5628555e-07,0.0004726769,0.9995235,1.2955421e-06
/home/share/Uni_Eval/HAM10000_clean/ISIC2018/ISIC_0026047.jpg,5,5,0.0008113132,0.0024980402,0.0003277014,0.0033355055,0.00079029606,0.99105585,0.0011812522
/home/share/Uni_Eval/HAM10000_clean/ISIC2018/ISIC_0031549.jpg,5,5,5.813686e-05,5.5158766e-06,0.0060997517,7.448387e-07,0.00489926,0.9889037,3.2922875e-05
/home/share/Uni_Eval/HAM10000_clean/ISIC2018/ISIC_0029325.jpg,5,5,7.0275627e-07,3.104662e-06,9.406914e-05,3.622644e-05,0.0003078886,0.9994585,9.95633e-05
/home/share/Uni_Eval/HAM10000_clean/ISIC2018/ISIC_0027923.jpg,5,5,1.7902933e-07,2.8137617e-07,1.9071346e-06,3.3950804e-05,5.5091725e-05,0.9999045,4.073527e-06
/home/share/Uni_Eval/HAM10000_clean/ISIC2018/ISIC_0029283.jpg,5,5,8.866034e-06,1.5499569e-06,0.00022271623,4.0933777e-05,0.0023973854,0.99486214,0.002466393
/home/share/Uni_Eval/HAM10000_clean/ISIC2018/ISIC_0026721.jpg,5,5,5.002693e-05,1.585237e-05,3.0542e-05,3.2477543e-05,0.0017140313,0.9979424,0.00021467544
/home/share/Uni_Eval/HAM10000_clean/ISIC2018/ISIC_0026997.jpg,5,5,0.00067183544,1.4704731e-05,0.00010794166,0.008983444,0.0013028093,0.98871636,0.00020280176
/home/share/Uni_Eval/HAM10000_clean/ISIC2018/ISIC_0029709.jpg,5,5,0.0009307341,0.00010096357,0.049494196,0.0030322308,0.0005331733,0.94582844,8.03408e-05
/home/share/Uni_Eval/HAM10000_clean/ISIC2018/ISIC_0030419.jpg,5,5,8.702563e-09,4.179647e-09,7.718265e-06,4.724643e-07,0.000103259896,0.9998801,8.449729e-06
/home/share/Uni_Eval/HAM10000_clean/ISIC2018/ISIC_0031280.jpg,5,5,6.384032e-06,1.0005948e-07,0.0001463242,3.0616256e-06,0.00027503795,0.99955684,1.2156277e-05
/home/share/Uni_Eval/HAM10000_clean/ISIC2018/ISIC_0025110.jpg,5,5,7.30396e-07,1.4657775e-06,0.00021994191,5.909066e-06,0.009813535,0.9899228,3.5682686e-05
/home/share/Uni_Eval/HAM10000_clean/ISIC2018/ISIC_0029421.jpg,5,5,1.1229336e-06,1.1011464e-05,9.0089154e-05,1.6991218e-05,0.006501317,0.9933227,5.690143e-05
/home/share/Uni_Eval/HAM10000_clean/ISIC2018/ISIC_0025496.jpg,5,5,9.946732e-06,2.1189519e-05,0.00068689807,3.686756e-05,0.0005462624,0.99863917,5.959303e-05
/home/share/Uni_Eval/HAM10000_clean/ISIC2018/ISIC_0030750.jpg,5,5,3.5100653e-05,5.3400555e-07,0.0008499225,0.00018203894,0.010174201,0.9887438,1.4417223e-05
/home/share/Uni_Eval/HAM10000_clean/ISIC2018/ISIC_0025570.jpg,5,5,6.956326e-06,4.8016506e-07,5.6925383e-05,9.652469e-06,0.0012071441,0.9986878,3.1009058e-05
/home/share/Uni_Eval/HAM10000_clean/ISIC2018/ISIC_0025270.jpg,5,5,3.3247231e-06,6.615004e-06,0.0008946631,2.9455008e-05,0.008191793,0.99059945,0.00027479907
/home/share/Uni_Eval/HAM10000_clean/ISIC2018/ISIC_0030788.jpg,5,5,3.222631e-06,3.6843159e-07,6.695113e-05,3.571021e-06,0.00055785425,0.9993649,3.1612583e-06
/home/share/Uni_Eval/HAM10000_clean/ISIC2018/ISIC_0026278.jpg,5,5,1.0322099e-06,3.9673464e-06,0.000120687,1.2939609e-05,0.003591828,0.99616134,0.000108222965
/home/share/Uni_Eval/HAM10000_clean/ISIC2018/ISIC_0029981.jpg,5,5,0.00019158443,8.721036e-05,0.0041870833,0.019586666,0.0013527877,0.9744992,9.553371e-05
/home/share/Uni_Eval/HAM10000_clean/ISIC2018/ISIC_0027001.jpg,5,5,1.7763791e-06,3.2897667e-08,0.0005143488,1.3340212e-05,0.00092426897,0.99854195,4.388814e-06
/home/share/Uni_Eval/HAM10000_clean/ISIC2018/ISIC_0030864.jpg,5,5,1.234364e-07,4.951144e-07,5.9103808e-05,1.9795023e-06,0.0010333903,0.99557185,0.0033330661
/home/share/Uni_Eval/HAM10000_clean/ISIC2018/ISIC_0032295.jpg,5,5,1.1466196e-05,6.9141665e-06,0.00021031949,9.07969e-06,0.0030281676,0.9966647,6.9385904e-05
/home/share/Uni_Eval/HAM10000_clean/ISIC2018/ISIC_0024810.jpg,5,5,1.4162753e-06,9.2068126e-07,0.0015008183,3.7762657e-06,0.003943583,0.9945479,1.4894248e-06
/home/share/Uni_Eval/HAM10000_clean/ISIC2018/ISIC_0024627.jpg,5,5,1.9073666e-05,9.884775e-07,0.0001676137,9.487987e-06,0.031167498,0.96802586,0.00060948107
/home/share/Uni_Eval/HAM10000_clean/ISIC2018/ISIC_0031124.jpg,5,5,1.4578575e-05,1.0388353e-06,7.604879e-05,0.00013215268,9.9190205e-05,0.9996493,2.7668677e-05
/home/share/Uni_Eval/HAM10000_clean/ISIC2018/ISIC_0024384.jpg,5,5,1.0341059e-05,6.32752e-06,6.9755565e-06,5.38087e-05,0.0001850088,0.9997367,8.931504e-07
/home/share/Uni_Eval/HAM10000_clean/ISIC2018/ISIC_0029234.jpg,5,5,3.6610938e-06,1.4411418e-06,0.00011184036,1.2430754e-06,0.000363137,0.99951494,3.850224e-06
/home/share/Uni_Eval/HAM10000_clean/ISIC2018/ISIC_0031683.jpg,5,5,9.212699e-06,5.115158e-05,0.0017551292,9.10082e-06,0.00040829676,0.9977549,1.219278e-05
/home/share/Uni_Eval/HAM10000_clean/ISIC2018/ISIC_0027880.jpg,5,5,4.8806055e-06,2.6629786e-07,0.0002549612,2.8532902e-06,0.0014567212,0.9982778,2.5373283e-06
/home/share/Uni_Eval/HAM10000_clean/ISIC2018/ISIC_0029718.jpg,5,5,6.1692415e-05,3.0676314e-05,0.0001216162,1.286479e-05,0.0034962173,0.9962443,3.272319e-05
/home/share/Uni_Eval/HAM10000_clean/ISIC2018/ISIC_0029076.jpg,5,5,0.0011239983,0.045701843,0.037960052,0.016753223,0.23344825,0.6622411,0.0027716001
/home/share/Uni_Eval/HAM10000_clean/ISIC2018/ISIC_0030017.jpg,5,5,5.3112522e-08,4.0588866e-08,1.031697e-05,3.4013888e-07,0.00077840453,0.9992101,7.4900765e-07
/home/share/Uni_Eval/HAM10000_clean/ISIC2018/ISIC_0028893.jpg,5,5,4.70115e-06,5.4400388e-08,0.00016922655,8.237995e-07,0.00058921514,0.99922943,6.555415e-06
/home/share/Uni_Eval/HAM10000_clean/ISIC2018/ISIC_0030078.jpg,5,5,2.409169e-05,6.091031e-06,0.0032860248,0.00015804953,0.0010680504,0.9953555,0.000102305494
/home/share/Uni_Eval/HAM10000_clean/ISIC2018/ISIC_0028434.jpg,5,5,1.387108e-05,2.1655103e-06,0.00010509212,2.4702349e-05,0.00039289196,0.9994554,5.92996e-06
/home/share/Uni_Eval/HAM10000_clean/ISIC2018/ISIC_0024966.jpg,5,5,5.083223e-07,4.3350532e-08,3.960893e-06,1.53819e-05,0.00018765459,0.9997923,2.30942e-07
/home/share/Uni_Eval/HAM10000_clean/ISIC2018/ISIC_0031873.jpg,5,5,0.00027176226,0.00018475311,0.00021732914,0.00014742115,0.00096610404,0.99780494,0.0004078168
/home/share/Uni_Eval/HAM10000_clean/ISIC2018/ISIC_0024722.jpg,5,5,1.4940361e-05,8.707484e-06,0.00022002745,9.581133e-05,0.0007338635,0.9989176,9.065064e-06
/home/share/Uni_Eval/HAM10000_clean/ISIC2018/ISIC_0027699.jpg,5,5,1.5649517e-05,1.9563015e-05,0.0006512612,1.32341065e-05,0.0005193954,0.9987796,1.3368397e-06
/home/share/Uni_Eval/HAM10000_clean/ISIC2018/ISIC_0032438.jpg,5,5,8.284076e-07,2.8199345e-09,8.93366e-05,1.0484255e-06,0.0010570855,0.99885035,1.3258081e-06
/home/share/Uni_Eval/HAM10000_clean/ISIC2018/ISIC_0029765.jpg,5,5,1.0965382e-05,6.03371e-07,0.0014644463,1.8109678e-05,0.0008664795,0.9976381,1.3595204e-06
/home/share/Uni_Eval/HAM10000_clean/ISIC2018/ISIC_0025010.jpg,5,5,0.00039470592,2.8170654e-05,0.00093089143,0.0005922698,0.0011428581,0.9969056,5.4160487e-06
/home/share/Uni_Eval/HAM10000_clean/ISIC2018/ISIC_0028569.jpg,5,5,1.3488068e-07,7.1106854e-09,2.1740134e-06,3.2773758e-06,0.00025503183,0.99973303,6.404288e-06
/home/share/Uni_Eval/HAM10000_clean/ISIC2018/ISIC_0031788.jpg,5,5,9.172799e-06,7.828157e-07,0.00017573171,5.2219228e-05,0.02348929,0.9758247,0.00044802311
/home/share/Uni_Eval/HAM10000_clean/ISIC2018/ISIC_0031628.jpg,5,5,0.0010883755,5.433152e-06,0.0120495865,0.008990357,0.008348689,0.9693317,0.00018580121
/home/share/Uni_Eval/HAM10000_clean/ISIC2018/ISIC_0031859.jpg,5,5,3.9102915e-08,1.4962146e-07,0.000121278645,6.3291054e-07,0.00013541241,0.9997359,6.6258503e-06
/home/share/Uni_Eval/HAM10000_clean/ISIC2018/ISIC_0028333.jpg,5,5,5.8644884e-05,2.1671414e-05,0.039109122,0.0119389845,0.001973726,0.9455202,0.0013776544
/home/share/Uni_Eval/HAM10000_clean/ISIC2018/ISIC_0027792.jpg,5,5,0.00011634187,4.7213143e-06,0.0049372003,3.2754917e-05,0.0043026097,0.9905715,3.4960198e-05
/home/share/Uni_Eval/HAM10000_clean/ISIC2018/ISIC_0029078.jpg,5,5,0.00017259407,8.463499e-06,0.007343948,6.4263972e-06,8.750571e-05,0.99237764,3.3371457e-06
/home/share/Uni_Eval/HAM10000_clean/ISIC2018/ISIC_0027830.jpg,5,5,9.7062795e-08,5.8941194e-09,3.1239892e-06,7.4359614e-06,0.000100571386,0.99987745,1.1309696e-05
/home/share/Uni_Eval/HAM10000_clean/ISIC2018/ISIC_0026534.jpg,5,5,4.2103227e-07,6.236468e-07,2.6584583e-05,0.00012715372,0.0007015627,0.9990544,8.93235e-05
/home/share/Uni_Eval/HAM10000_clean/ISIC2018/ISIC_0027396.jpg,5,5,5.630626e-07,5.149554e-07,6.406899e-06,3.569026e-07,0.00031943235,0.9996629,9.886643e-06
/home/share/Uni_Eval/HAM10000_clean/ISIC2018/ISIC_0029901.jpg,5,5,3.9449282e-07,2.3006534e-08,4.9281378e-05,4.9465784e-06,0.000916322,0.9990226,6.362045e-06
/home/share/Uni_Eval/HAM10000_clean/ISIC2018/ISIC_0031425.jpg,5,5,1.1985153e-09,4.470711e-08,4.076116e-07,8.6191655e-08,0.00016226781,0.99983275,4.4253775e-06
/home/share/Uni_Eval/HAM10000_clean/ISIC2018/ISIC_0024802.jpg,5,5,1.2594484e-06,2.3976253e-07,0.00046409536,1.0991921e-05,0.0018336589,0.99767977,1.0013107e-05
/home/share/Uni_Eval/HAM10000_clean/ISIC2018/ISIC_0030638.jpg,5,5,0.0007547663,0.00018437432,0.002847058,0.002066229,0.0028803244,0.9898086,0.0014586851
/home/share/Uni_Eval/HAM10000_clean/ISIC2018/ISIC_0030983.jpg,5,5,0.00010898563,6.476551e-05,0.0027037058,0.0005681183,0.0073865214,0.9890057,0.00016221771
/home/share/Uni_Eval/HAM10000_clean/ISIC2018/ISIC_0026379.jpg,5,5,3.333785e-06,1.7803377e-08,0.0002594451,5.500299e-06,0.0014291448,0.9983021,5.2281865e-07
/home/share/Uni_Eval/HAM10000_clean/ISIC2018/ISIC_0024912.jpg,5,5,5.2787385e-05,2.3497364e-06,0.0012997572,1.8200795e-05,0.010639555,0.98798686,4.3729105e-07
/home/share/Uni_Eval/HAM10000_clean/ISIC2018/ISIC_0032431.jpg,5,5,5.739845e-05,4.793449e-06,0.0001775008,0.0006506879,8.6531974e-05,0.99900025,2.280652e-05
/home/share/Uni_Eval/HAM10000_clean/ISIC2018/ISIC_0029842.jpg,5,5,1.16828275e-07,6.439177e-08,5.3061767e-06,2.856215e-06,0.0006886814,0.9992611,4.1830674e-05
/home/share/Uni_Eval/HAM10000_clean/ISIC2018/ISIC_0031641.jpg,5,5,3.899211e-09,3.1078269e-09,2.0901172e-07,1.4099305e-07,9.791905e-06,0.99998856,1.2989601e-06
/home/share/Uni_Eval/HAM10000_clean/ISIC2018/ISIC_0031512.jpg,5,5,5.052741e-05,0.0002275151,3.8599024e-05,4.194438e-05,6.648426e-05,0.9994473,0.0001276418
/home/share/Uni_Eval/HAM10000_clean/ISIC2018/ISIC_0025037.jpg,5,5,0.00016382452,0.00018807863,7.24114e-05,1.7854429e-05,0.0031924755,0.9957605,0.00060496683
/home/share/Uni_Eval/HAM10000_clean/ISIC2018/ISIC_0031205.jpg,5,5,4.2875703e-07,1.2075702e-05,0.00035296418,1.13816654e-07,0.0064667137,0.9925605,0.0006072399
/home/share/Uni_Eval/HAM10000_clean/ISIC2018/ISIC_0025233.jpg,5,5,2.3656714e-05,1.9425725e-06,0.0005017192,1.2750963e-05,0.0051724557,0.9927758,0.0015116786
/home/share/Uni_Eval/HAM10000_clean/ISIC2018/ISIC_0029863.jpg,5,5,4.303532e-09,2.7095501e-08,5.875543e-07,6.4424853e-06,0.0002121449,0.99976975,1.1132158e-05
/home/share/Uni_Eval/HAM10000_clean/ISIC2018/ISIC_0027095.jpg,5,5,4.512967e-07,1.8267141e-07,9.9406796e-05,1.162987e-06,0.008945981,0.9883774,0.0025754045
/home/share/Uni_Eval/HAM10000_clean/ISIC2018/ISIC_0026197.jpg,5,5,5.6302943e-06,1.4946356e-05,0.00011351027,4.7163976e-06,0.00248848,0.99736845,4.179142e-06
/home/share/Uni_Eval/HAM10000_clean/ISIC2018/ISIC_0028722.jpg,5,5,8.6552643e-07,6.461422e-07,5.4911012e-05,3.822662e-07,0.021696065,0.9782452,1.9343315e-06
/home/share/Uni_Eval/HAM10000_clean/ISIC2018/ISIC_0025232.jpg,5,5,6.128513e-06,3.2063923e-07,0.000519638,5.140238e-06,0.0013329409,0.99812907,6.708477e-06
/home/share/Uni_Eval/HAM10000_clean/ISIC2018/ISIC_0029551.jpg,5,5,3.6313457e-07,5.889687e-07,0.00032075608,0.00013268339,0.006082996,0.99297595,0.0004866162
/home/share/Uni_Eval/HAM10000_clean/ISIC2018/ISIC_0032297.jpg,5,5,1.0966063e-05,2.7369547e-06,0.00042430565,5.0647527e-06,0.004582914,0.9949019,7.208072e-05
/home/share/Uni_Eval/HAM10000_clean/ISIC2018/ISIC_0024978.jpg,5,5,0.0001112694,0.00023535636,0.0011719927,0.0010158663,0.00013209727,0.99658066,0.000752731
/home/share/Uni_Eval/HAM10000_clean/ISIC2018/ISIC_0025889.jpg,5,5,9.509603e-07,5.6417193e-06,6.6639464e-06,5.7132682e-05,0.0002222747,0.9996927,1.47310575e-05
/home/share/Uni_Eval/HAM10000_clean/ISIC2018/ISIC_0030708.jpg,5,5,3.2559267e-08,1.2393412e-09,4.704794e-06,7.8644644e-07,0.0013458602,0.99863535,1.3197966e-05
/home/share/Uni_Eval/HAM10000_clean/ISIC2018/ISIC_0026542.jpg,5,5,0.0013401989,9.345787e-05,0.0072935503,6.488645e-05,0.008551578,0.9825287,0.0001276279
/home/share/Uni_Eval/HAM10000_clean/ISIC2018/ISIC_0025459.jpg,5,5,1.8627074e-07,1.3874688e-07,0.0001204989,1.3305215e-05,0.0008903447,0.99896824,7.236542e-06
/home/share/Uni_Eval/HAM10000_clean/ISIC2018/ISIC_0029256.jpg,5,5,9.478387e-06,5.076992e-06,0.00029770625,2.1922287e-05,0.0020199753,0.99764484,1.0426321e-06
/home/share/Uni_Eval/HAM10000_clean/ISIC2018/ISIC_0024527.jpg,5,5,5.517797e-06,3.0499732e-06,0.00011246503,0.00023417517,0.00017567787,0.99944574,2.333355e-05
/home/share/Uni_Eval/HAM10000_clean/ISIC2018/ISIC_0029910.jpg,5,5,4.9446535e-05,1.275367e-05,0.0059583196,2.4291308e-05,0.0005434277,0.99336255,4.9219718e-05
/home/share/Uni_Eval/HAM10000_clean/ISIC2018/ISIC_0025464.jpg,5,5,8.582476e-07,4.0585192e-07,2.5811129e-05,3.429296e-06,0.00024232389,0.99972254,4.5892943e-06
/home/share/Uni_Eval/HAM10000_clean/ISIC2018/ISIC_0029124.jpg,5,5,2.8876536e-06,2.6983315e-07,0.005128745,2.2062099e-05,6.2148436e-05,0.9947767,7.1622885e-06
/home/share/Uni_Eval/HAM10000_clean/ISIC2018/ISIC_0031265.jpg,5,5,5.026427e-06,4.3891095e-08,0.008387883,5.954247e-06,0.00929238,0.98230815,5.7731984e-07
/home/share/Uni_Eval/HAM10000_clean/ISIC2018/ISIC_0027499.jpg,5,5,2.1171586e-07,5.149865e-08,1.21075445e-05,2.2006447e-05,0.00011201393,0.9998524,1.1497905e-06
/home/share/Uni_Eval/HAM10000_clean/ISIC2018/ISIC_0025344.jpg,5,5,2.2755975e-08,2.4066454e-10,5.056373e-06,1.9318451e-05,3.9295992e-05,0.9999354,9.3555525e-07
/home/share/Uni_Eval/HAM10000_clean/ISIC2018/ISIC_0031047.jpg,5,5,1.19278e-05,2.1073414e-07,0.00014158232,1.8403869e-05,0.00517079,0.9946525,4.5367174e-06
/home/share/Uni_Eval/HAM10000_clean/ISIC2018/ISIC_0025595.jpg,5,5,1.7940795e-07,6.222098e-09,3.7996947e-06,6.425716e-07,0.0003663657,0.99961674,1.2290846e-05
/home/share/Uni_Eval/HAM10000_clean/ISIC2018/ISIC_0026732.jpg,5,5,0.00015717398,0.0010558781,0.027348656,0.00016809964,0.008443887,0.9624177,0.00040862823
/home/share/Uni_Eval/HAM10000_clean/ISIC2018/ISIC_0027635.jpg,5,5,1.2459218e-07,4.5956685e-07,1.0043221e-05,1.9216279e-07,7.209793e-05,0.9999064,1.0557032e-05
/home/share/Uni_Eval/HAM10000_clean/ISIC2018/ISIC_0029280.jpg,5,5,0.00018365563,9.124712e-06,0.0026784106,0.0033576875,0.0031556739,0.9906025,1.2968422e-05
/home/share/Uni_Eval/HAM10000_clean/ISIC2018/ISIC_0032472.jpg,5,5,2.1899962e-07,1.1384801e-08,2.4175853e-05,2.9636218e-05,0.005446058,0.9944899,9.973386e-06
/home/share/Uni_Eval/HAM10000_clean/ISIC2018/ISIC_0028433.jpg,5,5,0.00015246833,6.186225e-06,0.0060832673,0.0036641392,4.6541474e-05,0.9898358,0.00021155296
/home/share/Uni_Eval/HAM10000_clean/ISIC2018/ISIC_0030439.jpg,5,5,0.0013644707,0.0008191682,8.6152446e-05,0.0012726231,0.011560571,0.98487675,2.0319021e-05
/home/share/Uni_Eval/HAM10000_clean/ISIC2018/ISIC_0027726.jpg,5,5,0.0019698709,0.00022868311,0.014801618,9.3386116e-05,0.007746822,0.9738842,0.0012754215
/home/share/Uni_Eval/HAM10000_clean/ISIC2018/ISIC_0030343.jpg,5,5,5.1325373e-05,6.168491e-05,0.00020681146,0.00018900419,0.04105139,0.95800316,0.00043662114
/home/share/Uni_Eval/HAM10000_clean/ISIC2018/ISIC_0025679.jpg,5,5,0.0024785947,0.000771437,0.0046152137,0.00060047384,5.1591756e-05,0.9912786,0.0002041198
/home/share/Uni_Eval/HAM10000_clean/ISIC2018/ISIC_0031737.jpg,5,5,0.00013720304,0.00420186,0.00031681827,0.00016150303,8.680033e-05,0.99477994,0.00031584987
/home/share/Uni_Eval/HAM10000_clean/ISIC2018/ISIC_0025187.jpg,5,5,0.00010902528,8.077879e-06,0.00094386854,0.00037919177,0.01433536,0.98422146,2.9487426e-06
/home/share/Uni_Eval/HAM10000_clean/ISIC2018/ISIC_0024751.jpg,5,5,0.0007339076,0.0003540992,0.010044323,0.006654288,0.015769053,0.96549034,0.0009539576
/home/share/Uni_Eval/HAM10000_clean/ISIC2018/ISIC_0030749.jpg,5,5,1.6626001e-07,9.323825e-10,1.8650504e-05,1.0193892e-06,0.0016688624,0.99830925,1.9995382e-06
/home/share/Uni_Eval/HAM10000_clean/ISIC2018/ISIC_0025864.jpg,5,5,2.939863e-06,3.8837848e-06,0.00015031513,7.5465973e-06,0.0062608467,0.9935575,1.6875863e-05
/home/share/Uni_Eval/HAM10000_clean/ISIC2018/ISIC_0025688.jpg,5,5,0.00013912482,4.2599222e-05,0.047701683,0.00026730658,0.008366729,0.94289947,0.000583129
/home/share/Uni_Eval/HAM10000_clean/ISIC2018/ISIC_0030948.jpg,5,5,3.8601766e-07,9.12824e-06,1.5980628e-05,7.3827214e-06,0.00018386215,0.99944776,0.00033541105
/home/share/Uni_Eval/HAM10000_clean/ISIC2018/ISIC_0027413.jpg,5,5,5.193449e-07,3.156039e-05,1.4868671e-05,5.529552e-05,0.0132331075,0.9856667,0.0009978204
/home/share/Uni_Eval/HAM10000_clean/ISIC2018/ISIC_0026294.jpg,5,5,1.8420778e-06,1.8066445e-05,8.041613e-05,3.9900926e-05,0.0009973948,0.9988374,2.4936495e-05
/home/share/Uni_Eval/HAM10000_clean/ISIC2018/ISIC_0029327.jpg,5,5,3.528019e-06,1.4374433e-05,2.8667295e-05,8.3628634e-05,0.009545524,0.99013394,0.00019021911
/home/share/Uni_Eval/HAM10000_clean/ISIC2018/ISIC_0029796.jpg,5,5,2.6809942e-06,9.4606503e-07,6.3649413e-06,5.5584237e-06,0.0007429426,0.9992392,2.2236186e-06
/home/share/Uni_Eval/HAM10000_clean/ISIC2018/ISIC_0024533.jpg,5,5,4.7587924e-05,0.00019818,0.00057035004,0.00015299917,0.0034853516,0.99511576,0.00042970365
/home/share/Uni_Eval/HAM10000_clean/ISIC2018/ISIC_0028620.jpg,5,5,1.31137e-08,1.0920859e-07,2.958604e-07,0.00012703122,0.0002644969,0.9995789,2.9147772e-05
/home/share/Uni_Eval/HAM10000_clean/ISIC2018/ISIC_0032332.jpg,5,5,4.936265e-07,2.9909768e-07,3.8507724e-06,2.0631778e-06,0.00057150924,0.999418,3.7750203e-06
/home/share/Uni_Eval/HAM10000_clean/ISIC2018/ISIC_0025705.jpg,5,5,1.3208809e-05,1.1755403e-06,0.00054096937,3.3708925e-06,0.0045736865,0.99486357,4.1133276e-06
/home/share/Uni_Eval/HAM10000_clean/ISIC2018/ISIC_0030004.jpg,5,5,0.00022317428,6.6357103e-07,9.094097e-05,0.0052091503,0.0023949693,0.99201816,6.2847765e-05
/home/share/Uni_Eval/HAM10000_clean/ISIC2018/ISIC_0031445.jpg,5,5,0.00013622381,7.222245e-05,0.0002854087,1.627475e-05,0.004713571,0.9943961,0.00038026777
/home/share/Uni_Eval/HAM10000_clean/ISIC2018/ISIC_0025050.jpg,5,5,7.485605e-05,1.4806925e-05,0.00062159577,0.0023573895,1.2121558e-05,0.99691784,1.3536943e-06
/home/share/Uni_Eval/HAM10000_clean/ISIC2018/ISIC_0024681.jpg,5,5,1.2640888e-07,9.674296e-09,2.9988857e-06,1.3850754e-05,8.1722224e-05,0.9999,1.3483499e-06
/home/share/Uni_Eval/HAM10000_clean/ISIC2018/ISIC_0029707.jpg,5,5,1.5002865e-06,1.3250828e-05,6.808882e-05,0.0003719577,0.027510203,0.9719773,5.7812253e-05
/home/share/Uni_Eval/HAM10000_clean/ISIC2018/ISIC_0028240.jpg,5,5,2.5800923e-06,7.191822e-05,0.00040756553,0.00017976032,0.09797921,0.9001893,0.0011697144
/home/share/Uni_Eval/HAM10000_clean/ISIC2018/ISIC_0026325.jpg,5,5,6.7188444e-07,9.2608744e-08,6.491319e-05,0.00094818027,0.0044448287,0.99453247,8.797991e-06
/home/share/Uni_Eval/HAM10000_clean/ISIC2018/ISIC_0029817.jpg,5,5,8.565644e-08,1.7753115e-07,4.9134533e-06,5.685463e-05,0.00071972434,0.9992155,2.8075983e-06
/home/share/Uni_Eval/HAM10000_clean/ISIC2018/ISIC_0030530.jpg,5,5,6.377419e-07,6.429035e-08,3.5653167e-05,1.767372e-05,8.5072366e-05,0.9998246,3.6334008e-05
/home/share/Uni_Eval/HAM10000_clean/ISIC2018/ISIC_0028421.jpg,5,5,1.6977469e-06,2.41905e-07,3.2173317e-05,1.4304925e-05,0.00045434196,0.99937135,0.00012594691
/home/share/Uni_Eval/HAM10000_clean/ISIC2018/ISIC_0029445.jpg,5,5,0.039990183,0.0031403904,0.43028775,0.027577661,0.021856239,0.47452793,0.0026199573
/home/share/Uni_Eval/HAM10000_clean/ISIC2018/ISIC_0031315.jpg,5,5,0.00012355532,4.780161e-05,4.8162146e-05,2.8163284e-05,0.0003894603,0.9993487,1.4274566e-05
/home/share/Uni_Eval/HAM10000_clean/ISIC2018/ISIC_0031224.jpg,5,5,8.3998646e-05,9.316836e-08,0.00089804805,0.00035237693,0.0051905834,0.9934493,2.5706293e-05
/home/share/Uni_Eval/HAM10000_clean/ISIC2018/ISIC_0030317.jpg,5,5,4.3204697e-08,1.8216884e-09,3.0634892e-05,2.9407784e-07,0.00021988257,0.9996269,0.0001223531
/home/share/Uni_Eval/HAM10000_clean/ISIC2018/ISIC_0026375.jpg,5,5,9.788822e-05,0.0001330253,0.032216113,0.00019497142,2.9113906e-05,0.9670536,0.0002752552
/home/share/Uni_Eval/HAM10000_clean/ISIC2018/ISIC_0030515.jpg,5,5,8.7068125e-05,3.1853068e-07,3.955712e-05,4.5129444e-05,0.0005969573,0.9992022,2.8733992e-05
/home/share/Uni_Eval/HAM10000_clean/ISIC2018/ISIC_0029461.jpg,5,5,1.0460483e-05,3.3857168e-07,0.00039809753,0.00029784496,0.0016495736,0.9975473,9.625585e-05
/home/share/Uni_Eval/HAM10000_clean/ISIC2018/ISIC_0032458.jpg,5,5,4.0618755e-08,1.8692425e-06,0.000100365374,1.4333771e-06,0.0016531657,0.998231,1.2068812e-05
/home/share/Uni_Eval/HAM10000_clean/ISIC2018/ISIC_0026447.jpg,5,5,8.151326e-06,1.4173504e-06,1.964692e-05,0.00022853387,8.7227214e-05,0.99964833,6.6248335e-06
/home/share/Uni_Eval/HAM10000_clean/ISIC2018/ISIC_0029643.jpg,5,5,8.5425665e-07,2.3446489e-07,0.00031040516,2.0998285e-05,0.0006372366,0.99902844,1.8624547e-06
/home/share/Uni_Eval/HAM10000_clean/ISIC2018/ISIC_0026837.jpg,5,5,1.3596834e-06,1.6276049e-07,8.3478015e-05,1.1666719e-05,0.008149268,0.9917497,4.347772e-06
/home/share/Uni_Eval/HAM10000_clean/ISIC2018/ISIC_0032480.jpg,5,5,0.00096931326,5.831344e-06,0.03557186,0.00022250086,0.20159392,0.7616253,1.1219699e-05
/home/share/Uni_Eval/HAM10000_clean/ISIC2018/ISIC_0026971.jpg,5,5,5.29162e-06,6.844597e-07,0.00029020224,1.0341456e-05,0.004976954,0.99471277,3.7184072e-06
/home/share/Uni_Eval/HAM10000_clean/ISIC2018/ISIC_0030027.jpg,5,5,1.5329902e-05,0.0087764785,0.0005459825,0.00032995013,0.024566237,0.9379526,0.027813397
/home/share/Uni_Eval/HAM10000_clean/ISIC2018/ISIC_0030702.jpg,5,5,4.7432716e-09,1.7934872e-10,7.013421e-06,2.0700919e-09,0.004974423,0.9950146,3.9025663e-06
/home/share/Uni_Eval/HAM10000_clean/ISIC2018/ISIC_0027196.jpg,5,5,6.9158655e-06,9.194217e-08,3.4500834e-05,1.7935703e-07,0.007107652,0.99284875,1.8533576e-06
/home/share/Uni_Eval/HAM10000_clean/ISIC2018/ISIC_0031732.jpg,5,5,1.4828722e-05,6.0582997e-06,0.000118414515,2.1535598e-05,0.0030950813,0.9967367,7.40138e-06
/home/share/Uni_Eval/HAM10000_clean/ISIC2018/ISIC_0027168.jpg,5,5,1.4021553e-05,4.0805867e-06,0.00019547787,3.9234328e-05,0.0002111458,0.99953425,1.8640695e-06
/home/share/Uni_Eval/HAM10000_clean/ISIC2018/ISIC_0028257.jpg,5,5,7.28093e-06,1.8580595e-05,4.815493e-05,1.3854355e-05,0.001750963,0.99815506,6.128176e-06
/home/share/Uni_Eval/HAM10000_clean/ISIC2018/ISIC_0025329.jpg,5,5,0.00041352634,0.0009992366,0.00081036723,3.729639e-05,0.0017197375,0.99587846,0.00014138177
/home/share/Uni_Eval/HAM10000_clean/ISIC2018/ISIC_0029834.jpg,5,5,9.250177e-08,4.1744286e-07,8.239637e-06,9.2403246e-07,0.00079413905,0.99918896,7.111572e-06
/home/share/Uni_Eval/HAM10000_clean/ISIC2018/ISIC_0025279.jpg,5,5,2.644938e-08,3.6134176e-07,4.0203377e-06,6.6975986e-07,9.872898e-05,0.99989426,1.9006839e-06
/home/share/Uni_Eval/HAM10000_clean/ISIC2018/ISIC_0030595.jpg,5,5,2.3913365e-06,1.2930204e-05,9.606562e-05,6.692488e-05,0.000310443,0.9994905,2.0597974e-05
/home/share/Uni_Eval/HAM10000_clean/ISIC2018/ISIC_0030651.jpg,5,5,1.964403e-05,2.1662287e-05,0.00031141602,0.0003392901,2.2575861e-05,0.99926883,1.659955e-05
/home/share/Uni_Eval/HAM10000_clean/ISIC2018/ISIC_0027516.jpg,5,5,4.8534912e-05,0.00095473405,0.00024652388,7.03258e-05,0.00089391414,0.9972728,0.0005131445
/home/share/Uni_Eval/HAM10000_clean/ISIC2018/ISIC_0031241.jpg,5,5,3.305027e-05,4.8368533e-06,0.0001129224,7.7538325e-06,0.021775424,0.9779864,7.964147e-05
/home/share/Uni_Eval/HAM10000_clean/ISIC2018/ISIC_0029873.jpg,5,5,9.530962e-06,2.22741e-07,0.00017782008,4.619724e-06,0.0033028878,0.99650013,4.7181957e-06
/home/share/Uni_Eval/HAM10000_clean/ISIC2018/ISIC_0024389.jpg,5,5,6.5242435e-05,0.00014885244,0.00087117276,0.00032796123,0.00047756042,0.997538,0.0005711941
/home/share/Uni_Eval/HAM10000_clean/ISIC2018/ISIC_0029658.jpg,5,5,6.483673e-05,2.041274e-05,0.0012546941,0.00072388153,0.0013323326,0.99647504,0.00012880276
/home/share/Uni_Eval/HAM10000_clean/ISIC2018/ISIC_0027995.jpg,5,5,0.001844373,0.0032798403,0.009004861,0.00030824592,0.0050615426,0.9803274,0.00017369451
/home/share/Uni_Eval/HAM10000_clean/ISIC2018/ISIC_0031740.jpg,5,5,2.0561347e-05,1.938794e-05,4.0273713e-05,5.904107e-06,0.0019249818,0.99794346,4.5343695e-05
/home/share/Uni_Eval/HAM10000_clean/ISIC2018/ISIC_0028532.jpg,5,5,5.731217e-05,1.0010153e-05,0.008126871,0.00040828186,7.5821015e-05,0.99131167,1.00503485e-05
/home/share/Uni_Eval/HAM10000_clean/ISIC2018/ISIC_0026719.jpg,5,5,1.9171219e-05,6.5117033e-06,3.0454596e-05,0.0066603003,0.0047128764,0.98836875,0.00020198806
/home/share/Uni_Eval/HAM10000_clean/ISIC2018/ISIC_0029037.jpg,5,5,6.43949e-07,9.669231e-08,1.0956068e-05,2.2234035e-06,0.0023768258,0.99759907,1.0171171e-05
/home/share/Uni_Eval/HAM10000_clean/ISIC2018/ISIC_0031193.jpg,5,5,2.0546949e-07,6.502154e-07,7.235259e-05,2.6143663e-05,0.0011359551,0.9986191,0.0001455992
/home/share/Uni_Eval/HAM10000_clean/ISIC2018/ISIC_0030934.jpg,5,5,2.0218022e-05,3.2445087e-07,0.000384956,0.0007957369,0.0010603447,0.9972295,0.000508883
/home/share/Uni_Eval/HAM10000_clean/ISIC2018/ISIC_0028530.jpg,5,5,1.6767197e-09,6.8092945e-09,1.1263628e-06,1.1799706e-07,8.175192e-05,0.9999162,7.4751676e-07
/home/share/Uni_Eval/HAM10000_clean/ISIC2018/ISIC_0028959.jpg,5,5,0.00013852441,0.0016420557,0.0008298725,0.0032716088,0.0021315042,0.99182844,0.00015804783
/home/share/Uni_Eval/HAM10000_clean/ISIC2018/ISIC_0028754.jpg,5,5,1.1421851e-07,1.3736233e-08,3.2863623e-05,3.5321207e-08,0.011141524,0.9887595,6.592949e-05
/home/share/Uni_Eval/HAM10000_clean/ISIC2018/ISIC_0032353.jpg,5,5,4.6417983e-07,1.699439e-07,0.00012215861,1.5781738e-05,0.00016537643,0.9996574,3.8736365e-05
/home/share/Uni_Eval/HAM10000_clean/ISIC2018/ISIC_0029579.jpg,5,5,1.61844e-08,3.1795262e-09,3.2637188e-06,7.00859e-07,0.00029069895,0.999701,4.340672e-06
/home/share/Uni_Eval/HAM10000_clean/ISIC2018/ISIC_0032001.jpg,5,5,7.450814e-09,1.5723015e-10,1.0779099e-06,2.0395355e-06,0.00019346061,0.99980015,3.3400863e-06
/home/share/Uni_Eval/HAM10000_clean/ISIC2018/ISIC_0027894.jpg,5,5,5.858365e-06,1.1851684e-07,0.00018565301,3.0046044e-06,0.011426538,0.98837775,1.0466212e-06
/home/share/Uni_Eval/HAM10000_clean/ISIC2018/ISIC_0026763.jpg,5,5,9.095616e-08,1.1496697e-09,0.000110252215,2.6576836e-07,0.0006942293,0.9991903,4.869369e-06
/home/share/Uni_Eval/HAM10000_clean/ISIC2018/ISIC_0031432.jpg,5,5,3.2511272e-07,8.4144665e-09,3.0335243e-05,1.2205129e-07,0.0022296545,0.9977307,8.95621e-06
/home/share/Uni_Eval/HAM10000_clean/ISIC2018/ISIC_0030780.jpg,5,5,7.465895e-05,2.4147332e-07,0.00055266573,0.0001535253,0.0054507516,0.9937649,3.2813462e-06
/home/share/Uni_Eval/HAM10000_clean/ISIC2018/ISIC_0025787.jpg,5,5,2.9658459e-06,8.145493e-06,0.0006543019,1.3682958e-05,0.00020488111,0.99910057,1.554204e-05
/home/share/Uni_Eval/HAM10000_clean/ISIC2018/ISIC_0028286.jpg,5,5,1.6698633e-07,4.9529245e-07,2.7484564e-05,9.588125e-07,0.0006369699,0.9993216,1.2367913e-05
/home/share/Uni_Eval/HAM10000_clean/ISIC2018/ISIC_0031911.jpg,5,5,2.2597351e-07,2.3708745e-08,4.3960998e-05,6.157835e-07,0.0074074264,0.9925177,3.0059527e-05
/home/share/Uni_Eval/HAM10000_clean/ISIC2018/ISIC_0025138.jpg,5,5,2.0945945e-06,4.0420846e-07,0.00028135927,0.00028244,0.0022687984,0.9971615,3.4971806e-06
/home/share/Uni_Eval/HAM10000_clean/ISIC2018/ISIC_0026797.jpg,5,5,0.00011894302,9.336126e-06,0.0013438069,0.0003532746,0.0024989,0.9953779,0.0002978561
/home/share/Uni_Eval/HAM10000_clean/ISIC2018/ISIC_0027464.jpg,5,5,1.1849346e-06,5.923148e-08,4.9746393e-07,0.0001895083,0.004428593,0.99534225,3.8006878e-05
/home/share/Uni_Eval/HAM10000_clean/ISIC2018/ISIC_0027241.jpg,5,5,1.9172436e-05,4.4443868e-07,0.00013325516,2.9652681e-05,0.00015662216,0.9996574,3.4366874e-06
/home/share/Uni_Eval/HAM10000_clean/ISIC2018/ISIC_0031242.jpg,5,5,1.7579501e-06,2.2615252e-08,0.00019485402,5.7649237e-07,0.0009837152,0.998755,6.40388e-05
/home/share/Uni_Eval/HAM10000_clean/ISIC2018/ISIC_0030224.jpg,5,5,7.939094e-07,1.7527448e-07,0.00020721027,5.122222e-06,0.0010295424,0.9987569,2.7509589e-07
/home/share/Uni_Eval/HAM10000_clean/ISIC2018/ISIC_0025220.jpg,5,5,2.905815e-06,8.620052e-05,0.00080099795,6.094333e-06,0.00013190761,0.99794966,0.0010222414
/home/share/Uni_Eval/HAM10000_clean/ISIC2018/ISIC_0026408.jpg,5,5,1.268156e-06,3.3252152e-07,2.6211117e-05,7.828243e-06,0.00056767697,0.9993955,1.1756061e-06
/home/share/Uni_Eval/HAM10000_clean/ISIC2018/ISIC_0030496.jpg,5,5,0.000214957,0.0011046124,0.0027056425,0.0008583881,0.01166355,0.98302495,0.0004279564
/home/share/Uni_Eval/HAM10000_clean/ISIC2018/ISIC_0027733.jpg,5,5,9.995271e-07,2.474121e-07,2.6886059e-05,0.00010759152,0.0024650046,0.997382,1.7219765e-05
/home/share/Uni_Eval/HAM10000_clean/ISIC2018/ISIC_0028590.jpg,5,5,4.534652e-05,7.1815293e-06,0.055197544,0.0016427896,0.004822408,0.9380771,0.00020775461
/home/share/Uni_Eval/HAM10000_clean/ISIC2018/ISIC_0031161.jpg,5,5,0.0010478635,0.00091362174,0.025698848,0.0005921889,0.00063334656,0.9710916,2.2501481e-05
/home/share/Uni_Eval/HAM10000_clean/ISIC2018/ISIC_0027314.jpg,5,5,2.7862921e-05,1.1648783e-05,0.00021117425,6.0591383e-06,0.00021356308,0.9995259,3.7243713e-06
/home/share/Uni_Eval/HAM10000_clean/ISIC2018/ISIC_0030571.jpg,5,5,4.392295e-05,1.3651213e-05,2.645249e-05,0.00012646282,0.0048551187,0.9860307,0.00890373
/home/share/Uni_Eval/HAM10000_clean/ISIC2018/ISIC_0026873.jpg,5,5,3.3813928e-06,2.061478e-08,1.5253906e-05,6.131413e-06,0.0005883673,0.9993864,4.381215e-07
/home/share/Uni_Eval/HAM10000_clean/ISIC2018/ISIC_0032506.jpg,5,5,1.277928e-05,7.832073e-07,0.0003060284,2.8632545e-05,0.000103386934,0.99953806,1.0363654e-05
/home/share/Uni_Eval/HAM10000_clean/ISIC2018/ISIC_0024359.jpg,5,5,2.1801967e-05,3.9107097e-05,0.00045710846,3.3209486e-05,0.0059495163,0.9932987,0.00020067192
/home/share/Uni_Eval/HAM10000_clean/ISIC2018/ISIC_0031420.jpg,5,5,0.0002943289,2.4370904e-06,0.017325366,0.00035269719,0.0025082002,0.97950476,1.2109343e-05
/home/share/Uni_Eval/HAM10000_clean/ISIC2018/ISIC_0026785.jpg,5,5,1.1867478e-05,9.722652e-07,8.534314e-05,4.228218e-05,7.987019e-05,0.9997695,1.0130714e-05
/home/share/Uni_Eval/HAM10000_clean/ISIC2018/ISIC_0025229.jpg,5,5,0.007150876,0.003016835,0.006268438,0.0091005275,0.0002767188,0.97355384,0.0006327225
/home/share/Uni_Eval/HAM10000_clean/ISIC2018/ISIC_0030739.jpg,5,5,8.436002e-05,0.00013156525,3.4848825e-05,0.00034422104,0.00032831597,0.9988018,0.00027488184
/home/share/Uni_Eval/HAM10000_clean/ISIC2018/ISIC_0030611.jpg,5,5,3.2264407e-09,1.9694868e-09,1.085111e-06,1.1935475e-07,6.207472e-05,0.99993634,3.2756216e-07
/home/share/Uni_Eval/HAM10000_clean/ISIC2018/ISIC_0027363.jpg,5,5,3.734192e-07,1.871163e-07,5.944732e-06,1.6304411e-05,0.00024772374,0.99972695,2.4386666e-06
/home/share/Uni_Eval/HAM10000_clean/ISIC2018/ISIC_0030619.jpg,5,5,4.487058e-06,7.46868e-05,0.00011677059,1.2648267e-06,0.0006906023,0.99910635,5.7660695e-06
/home/share/Uni_Eval/HAM10000_clean/ISIC2018/ISIC_0029601.jpg,5,5,2.8019485e-06,1.0922188e-05,0.00047442326,4.8943944e-06,0.0033835396,0.996029,9.443009e-05
/home/share/Uni_Eval/HAM10000_clean/ISIC2018/ISIC_0027088.jpg,5,5,9.0567385e-09,1.8588128e-10,2.9635505e-06,7.672542e-09,0.00018261351,0.99981076,3.660854e-06
/home/share/Uni_Eval/HAM10000_clean/ISIC2018/ISIC_0027158.jpg,5,5,8.549745e-08,6.982808e-09,3.987446e-06,4.9968244e-06,2.4347411e-05,0.9999628,3.7193286e-06
/home/share/Uni_Eval/HAM10000_clean/ISIC2018/ISIC_0024502.jpg,5,5,3.5928867e-08,1.648066e-07,9.573551e-06,2.9634311e-05,0.00087689335,0.9990761,7.515198e-06
/home/share/Uni_Eval/HAM10000_clean/ISIC2018/ISIC_0027199.jpg,5,5,0.011265879,0.00013350406,0.0030427752,0.011547161,0.001822778,0.9720143,0.00017362002
/home/share/Uni_Eval/HAM10000_clean/ISIC2018/ISIC_0027929.jpg,5,5,9.677814e-08,1.3763225e-09,1.0602004e-06,7.4298356e-07,4.4125776e-05,0.999954,6.2593564e-08
/home/share/Uni_Eval/HAM10000_clean/ISIC2018/ISIC_0027029.jpg,5,5,6.744859e-05,0.00071931514,0.0007690647,0.0002750298,0.019497046,0.97853035,0.00014170748
/home/share/Uni_Eval/HAM10000_clean/ISIC2018/ISIC_0031920.jpg,5,5,0.0032724468,0.0008199696,0.022648357,0.001055621,0.004468289,0.96744287,0.0002924546
/home/share/Uni_Eval/HAM10000_clean/ISIC2018/ISIC_0029763.jpg,5,5,0.010897125,0.00096770533,0.0049899975,0.0099951355,0.0027546692,0.97018975,0.00020560218
/home/share/Uni_Eval/HAM10000_clean/ISIC2018/ISIC_0031841.jpg,5,5,0.00040113204,8.85795e-05,0.0010695559,2.2135628e-05,5.951048e-05,0.9982901,6.896684e-05
/home/share/Uni_Eval/HAM10000_clean/ISIC2018/ISIC_0028946.jpg,5,5,1.1789433e-07,7.0281635e-07,1.0211782e-05,4.1510796e-07,0.0031735236,0.99680436,1.0675017e-05
/home/share/Uni_Eval/HAM10000_clean/ISIC2018/ISIC_0031152.jpg,5,5,0.00011906006,2.3124183e-05,0.00081711577,0.00024825963,0.0004321794,0.998331,2.9283132e-05
/home/share/Uni_Eval/HAM10000_clean/ISIC2018/ISIC_0030075.jpg,5,5,2.7029483e-08,1.8198545e-09,2.0753605e-05,4.1403683e-07,0.0006195944,0.999358,1.2924845e-06
/home/share/Uni_Eval/HAM10000_clean/ISIC2018/ISIC_0028328.jpg,5,5,1.6399197e-07,1.5623618e-07,4.5452584e-06,6.775002e-07,0.00037017502,0.9996233,9.313221e-07
/home/share/Uni_Eval/HAM10000_clean/ISIC2018/ISIC_0027547.jpg,5,5,7.636164e-06,1.4532965e-05,0.0001672663,0.00021035511,0.0016424375,0.9979274,3.0334051e-05
/home/share/Uni_Eval/HAM10000_clean/ISIC2018/ISIC_0029750.jpg,5,5,7.4746407e-07,1.3359414e-07,1.3602458e-05,1.6397902e-07,0.0006617768,0.9993224,1.2373379e-06
/home/share/Uni_Eval/HAM10000_clean/ISIC2018/ISIC_0024991.jpg,5,5,2.8725142e-07,2.9254508e-07,0.00013138287,9.044743e-08,0.0012742203,0.99854505,4.8734626e-05
/home/share/Uni_Eval/HAM10000_clean/ISIC2018/ISIC_0031805.jpg,5,5,2.2874158e-07,1.07101506e-07,0.00053116673,3.4588736e-06,0.0024242322,0.9970283,1.25380575e-05
/home/share/Uni_Eval/HAM10000_clean/ISIC2018/ISIC_0031688.jpg,5,5,1.3894659e-06,1.2944052e-07,1.8921051e-05,3.357896e-05,6.777679e-05,0.99987805,1.620672e-07
/home/share/Uni_Eval/HAM10000_clean/ISIC2018/ISIC_0031731.jpg,5,5,2.7955794e-08,9.296101e-07,2.0230332e-06,1.2727694e-06,8.940392e-05,0.9998147,9.1558984e-05
/home/share/Uni_Eval/HAM10000_clean/ISIC2018/ISIC_0028444.jpg,5,5,3.855352e-06,2.0364891e-06,0.0006875512,6.872912e-05,0.009900922,0.9891984,0.00013854778
/home/share/Uni_Eval/HAM10000_clean/ISIC2018/ISIC_0025139.jpg,5,5,5.790825e-07,3.6780598e-08,4.2007305e-05,1.1585096e-05,6.4777705e-05,0.9998381,4.2965607e-05
/home/share/Uni_Eval/HAM10000_clean/ISIC2018/ISIC_0027690.jpg,5,5,5.558349e-05,4.2635893e-06,0.00011986185,5.5132923e-06,0.0004644573,0.9993424,7.954032e-06
/home/share/Uni_Eval/HAM10000_clean/ISIC2018/ISIC_0031658.jpg,5,5,5.7376543e-08,2.224974e-07,6.7982246e-06,1.553192e-05,0.0006662938,0.9992654,4.5753888e-05
/home/share/Uni_Eval/HAM10000_clean/ISIC2018/ISIC_0025828.jpg,5,5,1.6469322e-07,5.601227e-07,4.1726476e-06,6.234124e-06,0.016457155,0.9833678,0.0001639047
/home/share/Uni_Eval/HAM10000_clean/ISIC2018/ISIC_0026578.jpg,5,5,1.5846052e-06,4.264364e-06,0.00024828408,3.9141114e-06,0.0009878079,0.9987312,2.2965272e-05
/home/share/Uni_Eval/HAM10000_clean/ISIC2018/ISIC_0025349.jpg,5,5,2.3309296e-06,4.0750394e-05,7.715674e-05,1.2279651e-05,0.00019596505,0.9996258,4.5644938e-05
/home/share/Uni_Eval/HAM10000_clean/ISIC2018/ISIC_0027169.jpg,5,5,2.4697417e-07,4.462709e-07,9.428603e-06,1.0424477e-05,0.0002379189,0.99972683,1.4755958e-05
/home/share/Uni_Eval/HAM10000_clean/ISIC2018/ISIC_0025888.jpg,5,5,3.8864137e-08,1.7841563e-07,0.00019599378,2.2419093e-07,0.0014881094,0.9967554,0.0015599596
/home/share/Uni_Eval/HAM10000_clean/ISIC2018/ISIC_0026813.jpg,5,5,1.61011e-07,6.771874e-06,3.397034e-05,1.01455835e-05,0.017739851,0.9821859,2.310143e-05
/home/share/Uni_Eval/HAM10000_clean/ISIC2018/ISIC_0030449.jpg,5,5,9.57894e-06,1.7504974e-06,0.00023158743,4.059206e-06,0.0010646136,0.9986761,1.2197394e-05
/home/share/Uni_Eval/HAM10000_clean/ISIC2018/ISIC_0029520.jpg,5,5,3.5792252e-06,8.0863464e-07,0.0045820815,1.7834893e-05,0.12449386,0.8708284,7.345007e-05
/home/share/Uni_Eval/HAM10000_clean/ISIC2018/ISIC_0026517.jpg,5,5,1.0592139e-05,2.1733542e-06,0.0007919921,1.4737676e-06,0.018647341,0.98053116,1.5163482e-05
/home/share/Uni_Eval/HAM10000_clean/ISIC2018/ISIC_0031416.jpg,5,5,1.0923987e-06,1.285794e-07,1.8862695e-05,2.5604438e-06,0.030410074,0.9693294,0.0002378528
/home/share/Uni_Eval/HAM10000_clean/ISIC2018/ISIC_0027782.jpg,5,5,1.2193563e-07,2.6780437e-08,3.2117245e-05,8.626561e-07,0.00040623875,0.9995561,4.546895e-06
/home/share/Uni_Eval/HAM10000_clean/ISIC2018/ISIC_0031752.jpg,5,5,2.285285e-06,8.9424196e-07,4.9046237e-05,9.983918e-07,0.0013377523,0.99860436,4.618877e-06
/home/share/Uni_Eval/HAM10000_clean/ISIC2018/ISIC_0028152.jpg,5,5,8.359664e-06,8.766637e-06,4.263024e-05,2.3198514e-05,0.0034454805,0.9964535,1.8065211e-05
/home/share/Uni_Eval/HAM10000_clean/ISIC2018/ISIC_0025697.jpg,5,5,1.2171134e-05,1.5337226e-06,0.00014227061,0.00060570455,0.01021213,0.9889992,2.6950487e-05
/home/share/Uni_Eval/HAM10000_clean/ISIC2018/ISIC_0030905.jpg,5,5,5.363474e-06,1.2751947e-08,0.0044503137,6.4882756e-06,0.0031273726,0.99240714,3.3411584e-06
/home/share/Uni_Eval/HAM10000_clean/ISIC2018/ISIC_0026630.jpg,5,5,8.225291e-05,7.7248245e-05,0.00025743028,0.00014288595,0.121414095,0.8775239,0.000502246
/home/share/Uni_Eval/HAM10000_clean/ISIC2018/ISIC_0025360.jpg,5,5,4.94406e-07,1.0146729e-08,1.0013895e-06,2.5664252e-05,0.008860844,0.991104,8.000454e-06
/home/share/Uni_Eval/HAM10000_clean/ISIC2018/ISIC_0028253.jpg,5,5,0.004341174,0.024337975,0.017552104,0.0073505226,0.00014770783,0.94422644,0.0020439967
/home/share/Uni_Eval/HAM10000_clean/ISIC2018/ISIC_0025669.jpg,5,5,3.9620625e-07,6.5834143e-07,3.8982103e-06,1.1419625e-05,0.00040356367,0.9995454,3.4575463e-05
/home/share/Uni_Eval/HAM10000_clean/ISIC2018/ISIC_0027368.jpg,5,5,0.0009442745,0.00016842972,0.02142011,6.0220755e-05,0.020889012,0.9564848,3.313236e-05
/home/share/Uni_Eval/HAM10000_clean/ISIC2018/ISIC_0030777.jpg,5,5,2.0457385e-06,8.5451654e-07,0.00011714181,1.768318e-06,0.00508952,0.99470276,8.591145e-05
/home/share/Uni_Eval/HAM10000_clean/ISIC2018/ISIC_0029875.jpg,5,5,1.0606082e-05,9.747926e-07,0.00015125077,0.00086944323,0.0021961594,0.996269,0.00050254265
/home/share/Uni_Eval/HAM10000_clean/ISIC2018/ISIC_0029204.jpg,5,5,1.0402891e-05,7.822385e-06,0.0007376406,4.2196107e-06,0.002302259,0.99692434,1.3203743e-05
/home/share/Uni_Eval/HAM10000_clean/ISIC2018/ISIC_0032267.jpg,5,5,3.156298e-05,5.271814e-07,0.010470026,0.0007112085,0.00057634973,0.98807794,0.00013242183
/home/share/Uni_Eval/HAM10000_clean/ISIC2018/ISIC_0032069.jpg,5,5,5.0887065e-05,5.972961e-07,0.023716882,0.0016809253,0.0025650735,0.9714779,0.00050768646
/home/share/Uni_Eval/HAM10000_clean/ISIC2018/ISIC_0029657.jpg,5,5,3.952467e-06,1.549665e-06,0.008251248,0.00019439563,0.00175495,0.98973817,5.5690765e-05
/home/share/Uni_Eval/HAM10000_clean/ISIC2018/ISIC_0030646.jpg,5,5,1.574331e-06,2.913842e-07,0.0010130199,0.000854999,0.003367841,0.99453604,0.00022622076
/home/share/Uni_Eval/HAM10000_clean/ISIC2018/ISIC_0029018.jpg,5,5,4.5544567e-07,9.608566e-05,0.00017905669,2.0105665e-05,0.00072266243,0.996479,0.0025026498
/home/share/Uni_Eval/HAM10000_clean/ISIC2018/ISIC_0028247.jpg,5,5,3.177218e-05,0.031399928,0.018999767,0.00014835707,0.023529137,0.9229921,0.002899031
/home/share/Uni_Eval/HAM10000_clean/ISIC2018/ISIC_0027757.jpg,5,5,6.556487e-07,3.65217e-05,7.411414e-05,7.934694e-06,0.021538641,0.97824335,9.880118e-05
/home/share/Uni_Eval/HAM10000_clean/ISIC2018/ISIC_0032363.jpg,5,5,3.3529889e-06,0.0249085,0.00035112692,0.00076403836,0.031827677,0.9417481,0.00039717514
/home/share/Uni_Eval/HAM10000_clean/ISIC2018/ISIC_0025638.jpg,5,5,0.00033618533,0.014608784,0.00037020014,0.0042115264,0.017432503,0.9628125,0.00022825973
/home/share/Uni_Eval/HAM10000_clean/ISIC2018/ISIC_0031178.jpg,5,5,0.0049107294,0.021950634,0.17147888,0.00064311165,0.008899279,0.7845329,0.0075845006
/home/share/Uni_Eval/HAM10000_clean/ISIC2018/ISIC_0029534.jpg,5,5,0.00050745404,0.07022405,5.4548906e-05,0.011438114,0.0009944102,0.9140627,0.0027187364
/home/share/Uni_Eval/HAM10000_clean/ISIC2018/ISIC_0024594.jpg,5,5,4.9116634e-06,7.9659485e-06,0.01153286,1.4682549e-05,0.028946174,0.959395,9.841884e-05
/home/share/Uni_Eval/HAM10000_clean/ISIC2018/ISIC_0027444.jpg,5,5,6.203849e-05,7.7556324e-05,0.0027841667,2.889626e-05,0.086970165,0.9098125,0.0002646704
/home/share/Uni_Eval/HAM10000_clean/ISIC2018/ISIC_0027644.jpg,5,5,0.0009795057,0.00014597487,0.06503839,0.00083686144,0.062024496,0.8709679,6.8679683e-06
/home/share/Uni_Eval/HAM10000_clean/ISIC2018/ISIC_0032376.jpg,5,5,0.009709625,0.040102705,0.018476155,0.00035921086,0.16227396,0.4964135,0.27266484
/home/share/Uni_Eval/HAM10000_clean/ISIC2018/ISIC_0029790.jpg,5,5,2.3342973e-05,7.3433434e-06,0.05231131,6.2027364e-05,0.10191593,0.84551567,0.00016435482
/home/share/Uni_Eval/HAM10000_clean/ISIC2018/ISIC_0027305.jpg,5,5,5.850669e-06,4.2412637e-05,0.0017032924,2.921437e-05,0.010171619,0.9880306,1.7069186e-05
/home/share/Uni_Eval/HAM10000_clean/ISIC2018/ISIC_0028918.jpg,5,5,3.8338845e-07,1.8578713e-07,0.00040883597,9.3070554e-07,0.012986142,0.9865101,9.338397e-05
/home/share/Uni_Eval/HAM10000_clean/ISIC2018/ISIC_0030697.jpg,5,5,6.277215e-07,1.4075554e-06,0.00010329785,1.668303e-06,0.012951277,0.98664284,0.00029894302
/home/share/Uni_Eval/HAM10000_clean/ISIC2018/ISIC_0028293.jpg,5,5,3.318112e-05,3.3400316e-05,0.0012796881,0.00010727783,0.003526589,0.99496835,5.1463932e-05
/home/share/Uni_Eval/HAM10000_clean/ISIC2018/ISIC_0027264.jpg,5,5,5.5020982e-06,0.00049334933,9.731576e-05,0.00097600394,0.004298455,0.99335325,0.00077609275
/home/share/Uni_Eval/HAM10000_clean/ISIC2018/ISIC_0031404.jpg,5,4,0.0068771956,0.03818761,0.0172037,0.009729315,0.6922257,0.23568384,9.2662536e-05
/home/share/Uni_Eval/HAM10000_clean/ISIC2018/ISIC_0025152.jpg,5,5,9.900375e-05,0.025992064,0.0076329047,0.00030003084,0.017717661,0.8919015,0.056356855
/home/share/Uni_Eval/HAM10000_clean/ISIC2018/ISIC_0027235.jpg,5,5,7.831489e-07,1.0859711e-06,0.0021426524,3.8537682e-06,0.43682545,0.56102204,4.1222966e-06
/home/share/Uni_Eval/HAM10000_clean/ISIC2018/ISIC_0031160.jpg,5,5,1.458904e-07,2.2148151e-05,0.0059801266,2.7901432e-08,0.10138089,0.8925629,5.3820444e-05
/home/share/Uni_Eval/HAM10000_clean/ISIC2018/ISIC_0028010.jpg,5,5,1.3822049e-06,0.0003146882,0.0030400204,1.324678e-05,0.030466437,0.96613455,2.9694045e-05
/home/share/Uni_Eval/HAM10000_clean/ISIC2018/ISIC_0024934.jpg,5,5,5.7938516e-09,7.318724e-09,0.00411349,2.2217516e-06,0.00020441483,0.99567986,2.1132953e-09
/home/share/Uni_Eval/HAM10000_clean/ISIC2018/ISIC_0028461.jpg,5,5,0.00069420715,0.00021145456,0.002221537,0.05111756,0.11054486,0.8346702,0.00054019835
/home/share/Uni_Eval/HAM10000_clean/ISIC2018/ISIC_0028332.jpg,5,5,0.00010762746,6.0103034e-06,0.050875206,0.0004747759,0.40956143,0.5389712,3.8007433e-06
/home/share/Uni_Eval/HAM10000_clean/ISIC2018/ISIC_0032334.jpg,5,4,0.0012632866,4.5834873e-05,0.0029686769,0.000113344424,0.57609737,0.41948366,2.7781887e-05
/home/share/Uni_Eval/HAM10000_clean/ISIC2018/ISIC_0030858.jpg,5,5,1.6079604e-05,4.9414208e-05,0.031432193,2.8812497e-05,0.13535345,0.83311653,3.5251803e-06
/home/share/Uni_Eval/HAM10000_clean/ISIC2018/ISIC_0030609.jpg,5,5,3.5458058e-07,1.6636632e-07,3.41017e-05,1.74768e-08,0.0055257007,0.99443936,3.25101e-07
/home/share/Uni_Eval/HAM10000_clean/ISIC2018/ISIC_0027987.jpg,5,5,0.0002060783,0.0009056203,0.0038751739,0.002836221,0.10195688,0.88997227,0.0002478313
/home/share/Uni_Eval/HAM10000_clean/ISIC2018/ISIC_0026722.jpg,5,1,0.0012348378,0.7080005,0.05614261,0.00047231975,0.048124082,0.1841395,0.001886143
/home/share/Uni_Eval/HAM10000_clean/ISIC2018/ISIC_0031663.jpg,5,5,0.0027031354,0.03868289,0.08743946,0.006826233,0.036429532,0.81656975,0.011348982
/home/share/Uni_Eval/HAM10000_clean/ISIC2018/ISIC_0025568.jpg,5,5,2.7830285e-07,7.775831e-06,0.0049078637,1.0007982e-06,0.03969763,0.95531017,7.53113e-05
/home/share/Uni_Eval/HAM10000_clean/ISIC2018/ISIC_0030247.jpg,5,4,0.0007065295,0.016159404,0.021767024,0.0051162057,0.62375987,0.3321344,0.00035658278
/home/share/Uni_Eval/HAM10000_clean/ISIC2018/ISIC_0029756.jpg,5,5,1.8826206e-07,9.710921e-06,0.00090098777,2.9331653e-07,0.008249287,0.9900107,0.0008289795
/home/share/Uni_Eval/HAM10000_clean/ISIC2018/ISIC_0031629.jpg,5,5,2.3991697e-05,2.8877892e-05,0.0008644114,2.989928e-06,0.0062334687,0.9923592,0.00048703246
/home/share/Uni_Eval/HAM10000_clean/ISIC2018/ISIC_0027537.jpg,5,5,7.400336e-08,2.4928661e-07,0.004145817,1.4057198e-07,0.08211842,0.9137287,6.6101084e-06
/home/share/Uni_Eval/HAM10000_clean/ISIC2018/ISIC_0026223.jpg,5,5,6.713954e-07,6.241791e-07,0.010049078,8.094821e-07,0.011872808,0.9780548,2.1252186e-05
/home/share/Uni_Eval/HAM10000_clean/ISIC2018/ISIC_0024789.jpg,5,5,1.1182015e-06,0.00031436826,0.012785545,9.037208e-05,0.0016329887,0.9849695,0.0002060899
/home/share/Uni_Eval/HAM10000_clean/ISIC2018/ISIC_0029854.jpg,5,5,0.00035514546,0.055469744,0.26486427,1.6877519e-05,0.10847622,0.55360585,0.01721187
/home/share/Uni_Eval/HAM10000_clean/ISIC2018/ISIC_0027911.jpg,5,5,0.00042817392,0.01928165,0.018416164,0.0011744883,0.07913145,0.8784486,0.0031193807
/home/share/Uni_Eval/HAM10000_clean/ISIC2018/ISIC_0031435.jpg,5,5,1.6240498e-05,0.00025461317,0.00083854847,1.8765075e-05,0.14577869,0.85307837,1.4702869e-05
/home/share/Uni_Eval/HAM10000_clean/ISIC2018/ISIC_0026389.jpg,5,5,0.00013704554,0.011395104,0.09619233,7.42035e-06,0.016330568,0.8570116,0.018925797
/home/share/Uni_Eval/HAM10000_clean/ISIC2018/ISIC_0025847.jpg,5,5,8.777044e-05,0.0024089662,0.013081325,0.0018972042,0.16129479,0.81895673,0.0022732955
/home/share/Uni_Eval/HAM10000_clean/ISIC2018/ISIC_0027462.jpg,5,4,5.1378644e-05,0.00066242955,0.013653352,6.639342e-05,0.7858801,0.19892152,0.0007648817
/home/share/Uni_Eval/HAM10000_clean/ISIC2018/ISIC_0024824.jpg,5,5,0.0020127103,3.821067e-05,0.008706638,0.00029027608,0.04973456,0.93916756,5.003994e-05
/home/share/Uni_Eval/HAM10000_clean/ISIC2018/ISIC_0031293.jpg,5,5,2.234338e-08,8.7704376e-07,0.0002217238,1.1434727e-06,0.007905735,0.99186385,6.6686125e-06
/home/share/Uni_Eval/HAM10000_clean/ISIC2018/ISIC_0025809.jpg,5,5,0.0005393978,0.0004645042,0.003178965,4.591543e-05,0.106249824,0.8893583,0.00016314304
/home/share/Uni_Eval/HAM10000_clean/ISIC2018/ISIC_0029296.jpg,5,5,2.8039798e-07,5.6384175e-05,0.0010261054,2.1871432e-07,0.3012919,0.69750386,0.000121250356
/home/share/Uni_Eval/HAM10000_clean/ISIC2018/ISIC_0031646.jpg,5,5,0.00070951006,0.012390465,0.032340147,0.00041793802,0.09804359,0.85604924,4.908288e-05
/home/share/Uni_Eval/HAM10000_clean/ISIC2018/ISIC_0029986.jpg,5,4,5.2932362e-05,0.0069682966,0.013087593,0.00012786729,0.90140224,0.07823941,0.00012163354
/home/share/Uni_Eval/HAM10000_clean/ISIC2018/ISIC_0026501.jpg,5,5,0.00015400977,0.0052812407,0.010536714,0.00018668342,0.352512,0.62293273,0.008396657
/home/share/Uni_Eval/HAM10000_clean/ISIC2018/ISIC_0026006.jpg,5,5,1.2050592e-05,0.023740344,0.020165717,0.00029081295,0.089129075,0.85366184,0.013000115
/home/share/Uni_Eval/HAM10000_clean/ISIC2018/ISIC_0032364.jpg,5,5,5.230458e-05,1.8489105e-06,0.017086295,3.5179986e-05,0.0318277,0.9509965,2.2136508e-07
/home/share/Uni_Eval/HAM10000_clean/ISIC2018/ISIC_0032078.jpg,5,5,2.4963168e-05,5.8340306e-06,0.009007793,4.829004e-06,0.0072675585,0.98365754,3.147936e-05
/home/share/Uni_Eval/HAM10000_clean/ISIC2018/ISIC_0027049.jpg,5,5,0.00017976489,0.0005381015,0.002264628,0.0017242361,0.0808156,0.9142716,0.00020610794
/home/share/Uni_Eval/HAM10000_clean/ISIC2018/ISIC_0028966.jpg,5,5,1.5115107e-07,3.95924e-06,8.146997e-05,0.00022842805,0.019261995,0.98026973,0.00015427984
/home/share/Uni_Eval/HAM10000_clean/ISIC2018/ISIC_0032443.jpg,5,5,2.9200652e-07,1.7609943e-06,0.00033582337,0.00022254157,0.0029747535,0.9964624,2.462404e-06
/home/share/Uni_Eval/HAM10000_clean/ISIC2018/ISIC_0028527.jpg,5,5,0.00010407988,9.485248e-06,0.0041436576,2.4233583e-05,0.036245402,0.9594619,1.1162824e-05
/home/share/Uni_Eval/HAM10000_clean/ISIC2018/ISIC_0025863.jpg,5,5,1.1766689e-06,6.810777e-07,0.003763732,3.6806443e-07,0.01411537,0.9821186,8.419292e-08
/home/share/Uni_Eval/HAM10000_clean/ISIC2018/ISIC_0024387.jpg,5,5,8.048994e-06,8.421699e-07,1.8860439e-05,3.0157122e-07,0.009270653,0.99070096,2.794296e-07
/home/share/Uni_Eval/HAM10000_clean/ISIC2018/ISIC_0024924.jpg,5,5,0.0001957454,0.0005107441,0.06127703,2.1714877e-05,0.24831736,0.68965596,2.1501819e-05
/home/share/Uni_Eval/HAM10000_clean/ISIC2018/ISIC_0027099.jpg,5,4,2.4698702e-05,0.00087388983,0.21487975,4.2817603e-05,0.41070852,0.3729893,0.00048106592
/home/share/Uni_Eval/HAM10000_clean/ISIC2018/ISIC_0030125.jpg,5,5,0.00012769138,0.05808891,0.012147873,0.00018816984,0.0077737,0.90812594,0.013547731
/home/share/Uni_Eval/HAM10000_clean/ISIC2018/ISIC_0026911.jpg,5,5,1.8368063e-08,7.5972716e-06,0.00035877613,9.9593235e-05,0.003446582,0.9960788,8.569764e-06
/home/share/Uni_Eval/HAM10000_clean/ISIC2018/ISIC_0030464.jpg,5,5,1.2996294e-06,1.6027878e-06,0.0001694744,0.00067847193,0.0071664983,0.9919721,1.0626581e-05
/home/share/Uni_Eval/HAM10000_clean/ISIC2018/ISIC_0026781.jpg,5,5,0.00011890979,4.7104827e-06,0.023315307,6.1498504e-05,0.019852329,0.95659673,5.0651008e-05
/home/share/Uni_Eval/HAM10000_clean/ISIC2018/ISIC_0032309.jpg,5,5,9.582035e-05,0.01511725,0.006367047,0.03423545,0.028250132,0.9156402,0.00029421502
/home/share/Uni_Eval/HAM10000_clean/ISIC2018/ISIC_0029194.jpg,5,5,2.3080931e-08,4.064395e-05,1.069072e-05,5.6149718e-05,0.0009516688,0.99727625,0.0016646158
/home/share/Uni_Eval/HAM10000_clean/ISIC2018/ISIC_0027034.jpg,5,5,1.6753198e-08,2.3819679e-08,0.0005279656,1.270727e-06,0.0005619869,0.9989035,5.1612733e-06
/home/share/Uni_Eval/HAM10000_clean/ISIC2018/ISIC_0025094.jpg,5,5,6.0016e-07,1.4010122e-05,0.00097127235,4.726365e-09,2.398456e-05,0.99781585,0.0011742268
/home/share/Uni_Eval/HAM10000_clean/ISIC2018/ISIC_0031713.jpg,5,5,1.9502964e-05,0.00043420904,0.00227647,3.611884e-05,0.3100097,0.6871653,5.8612684e-05
/home/share/Uni_Eval/HAM10000_clean/ISIC2018/ISIC_0027645.jpg,5,5,9.471033e-06,0.031530038,0.0048952485,0.00043496286,0.048335165,0.8940052,0.020789988
/home/share/Uni_Eval/HAM10000_clean/ISIC2018/ISIC_0030979.jpg,5,5,3.1183317e-06,5.7688726e-07,0.018656163,3.0298943e-06,0.14879902,0.8322173,0.0003207435
/home/share/Uni_Eval/HAM10000_clean/ISIC2018/ISIC_0028831.jpg,5,5,2.837033e-07,1.1057901e-05,0.0019480383,4.222171e-07,0.054765806,0.94306695,0.00020743921
/home/share/Uni_Eval/HAM10000_clean/ISIC2018/ISIC_0030053.jpg,5,5,0.0008635536,0.0006644785,0.0018244628,0.00052780675,0.17578684,0.81974363,0.0005892107
/home/share/Uni_Eval/HAM10000_clean/ISIC2018/ISIC_0025671.jpg,5,5,4.3774727e-07,9.893683e-07,0.0024669298,2.7910155e-06,0.021753626,0.9757749,2.6962115e-07
/home/share/Uni_Eval/HAM10000_clean/ISIC2018/ISIC_0026608.jpg,5,5,1.3925883e-05,3.6041773e-05,0.009238705,1.6818423e-06,0.1327886,0.85786736,5.37643e-05
/home/share/Uni_Eval/HAM10000_clean/ISIC2018/ISIC_0030334.jpg,5,5,3.8613643e-06,4.3673972e-05,0.010428973,1.5444743e-06,0.17946017,0.80830777,0.0017540355
/home/share/Uni_Eval/HAM10000_clean/ISIC2018/ISIC_0030473.jpg,5,5,2.537656e-06,1.193702e-05,0.0010988894,2.1815804e-05,0.27342138,0.7253553,8.810554e-05
/home/share/Uni_Eval/HAM10000_clean/ISIC2018/ISIC_0030350.jpg,5,5,1.3362737e-05,0.0008550138,0.0027555313,7.5015946e-06,0.013092774,0.9832251,5.0719304e-05
/home/share/Uni_Eval/HAM10000_clean/ISIC2018/ISIC_0028823.jpg,5,5,2.0961759e-06,0.3431597,0.03979714,0.0060988357,0.06705698,0.52491736,0.018967872
/home/share/Uni_Eval/HAM10000_clean/ISIC2018/ISIC_0024317.jpg,5,5,4.7263957e-06,4.4325685e-07,0.005993555,5.1053736e-05,0.07054264,0.92340213,5.390743e-06
/home/share/Uni_Eval/HAM10000_clean/ISIC2018/ISIC_0033356.jpg,5,5,7.0420256e-06,4.6331996e-05,0.00015856387,0.001579952,0.0019780973,0.9962196,1.0413565e-05
/home/share/Uni_Eval/HAM10000_clean/ISIC2018/ISIC_0026544.jpg,5,2,0.070254125,0.21126452,0.55250406,0.013861832,0.026420237,0.12299587,0.002699449
/home/share/Uni_Eval/HAM10000_clean/ISIC2018/ISIC_0032470.jpg,5,2,0.07223181,0.033648532,0.7168998,0.006737017,0.014565862,0.15577395,0.00014303203
/home/share/Uni_Eval/HAM10000_clean/ISIC2018/ISIC_0025049.jpg,5,5,2.848976e-05,0.0002445238,0.02260133,2.422557e-05,0.38942268,0.5876603,1.84955e-05
/home/share/Uni_Eval/HAM10000_clean/ISIC2018/ISIC_0026432.jpg,5,5,1.0653114e-05,4.6462515e-05,8.486332e-05,4.146387e-06,0.0547158,0.94509774,4.039379e-05
/home/share/Uni_Eval/HAM10000_clean/ISIC2018/ISIC_0030462.jpg,5,5,1.3493244e-05,0.00011207751,0.0024794645,0.00011660766,0.37374768,0.6234349,9.5811694e-05
/home/share/Uni_Eval/HAM10000_clean/ISIC2018/ISIC_0032527.jpg,5,5,1.2035784e-05,2.6116324e-05,0.00087536685,2.1220052e-05,0.11509411,0.8828242,0.0011468695
/home/share/Uni_Eval/HAM10000_clean/ISIC2018/ISIC_0033963.jpg,5,5,0.0026915127,3.606914e-05,0.10034772,0.00042074203,0.39916342,0.49730015,4.048098e-05
/home/share/Uni_Eval/HAM10000_clean/ISIC2018/ISIC_0032924.jpg,5,5,0.002163725,2.0176176e-05,0.020934025,0.00029697997,0.23725533,0.7392882,4.1541476e-05
/home/share/Uni_Eval/HAM10000_clean/ISIC2018/ISIC_0030845.jpg,5,5,5.2927688e-05,4.4240815e-06,0.008739769,1.2872429e-06,0.27056667,0.7206044,3.0386047e-05
/home/share/Uni_Eval/HAM10000_clean/ISIC2018/ISIC_0033561.jpg,5,5,1.748491e-06,1.8898025e-05,0.010102461,4.3508626e-06,0.2349622,0.75487286,3.7473226e-05
/home/share/Uni_Eval/HAM10000_clean/ISIC2018/ISIC_0025619.jpg,5,5,3.8872106e-05,0.0007069934,0.044856384,8.643754e-06,0.085351564,0.8655266,0.0035108945
/home/share/Uni_Eval/HAM10000_clean/ISIC2018/ISIC_0034290.jpg,5,5,2.8349545e-05,1.612078e-05,0.014212147,0.00011636756,0.07273272,0.91108626,0.0018081791
/home/share/Uni_Eval/HAM10000_clean/ISIC2018/ISIC_0033165.jpg,5,5,9.799141e-06,4.4226695e-06,0.0029548407,9.934171e-05,0.33143085,0.6544819,0.011018858
/home/share/Uni_Eval/HAM10000_clean/ISIC2018/ISIC_0033767.jpg,5,5,2.4333757e-09,3.108789e-08,8.6963395e-05,4.123273e-07,0.0003343505,0.9995633,1.5072879e-05
/home/share/Uni_Eval/HAM10000_clean/ISIC2018/ISIC_0032590.jpg,5,5,9.580766e-07,2.1833088e-05,3.9738694e-05,4.9629216e-06,0.0011259384,0.9986908,0.000115838106
/home/share/Uni_Eval/HAM10000_clean/ISIC2018/ISIC_0033549.jpg,5,5,7.295419e-05,6.6803573e-06,9.5652234e-05,6.7169176e-06,0.012335608,0.987445,3.737902e-05
/home/share/Uni_Eval/HAM10000_clean/ISIC2018/ISIC_0032953.jpg,5,5,1.296791e-06,0.001565795,0.005990588,1.45622935e-05,0.075246915,0.5164407,0.40074012
/home/share/Uni_Eval/HAM10000_clean/ISIC2018/ISIC_0031904.jpg,5,5,0.00054655306,0.0001479896,0.12427297,0.0009943632,0.030056566,0.8439547,2.6864529e-05
/home/share/Uni_Eval/HAM10000_clean/ISIC2018/ISIC_0033511.jpg,5,5,7.634087e-05,0.000722075,0.0037288426,0.0008071477,0.15362747,0.8410071,3.0969473e-05
/home/share/Uni_Eval/HAM10000_clean/ISIC2018/ISIC_0025978.jpg,5,5,3.290343e-06,0.0031427802,0.005116705,2.8183373e-05,0.004699483,0.986291,0.0007185166
/home/share/Uni_Eval/HAM10000_clean/ISIC2018/ISIC_0027654.jpg,5,5,1.1058021e-05,1.7619528e-05,0.00027044115,2.0378993e-06,5.5487453e-07,0.99776995,0.0019284236
/home/share/Uni_Eval/HAM10000_clean/ISIC2018/ISIC_0025421.jpg,5,5,3.3873912e-05,0.0001632218,0.0105651,1.6290931e-05,0.15164775,0.83696306,0.0006107422
/home/share/Uni_Eval/HAM10000_clean/ISIC2018/ISIC_0024730.jpg,5,5,1.7597786e-08,1.2248064e-07,0.00058833644,2.4040252e-08,0.26079717,0.73857474,3.960011e-05
/home/share/Uni_Eval/HAM10000_clean/ISIC2018/ISIC_0031988.jpg,5,5,2.4596608e-05,4.839762e-06,0.001249428,1.0583642e-05,0.05072439,0.9479271,5.9033915e-05
/home/share/Uni_Eval/HAM10000_clean/ISIC2018/ISIC_0026084.jpg,5,0,0.42550287,0.0056139333,0.1182607,0.04595664,0.23291726,0.17161277,0.00013590156
/home/share/Uni_Eval/HAM10000_clean/ISIC2018/ISIC_0030085.jpg,5,2,2.3408225e-05,0.014483365,0.7794629,4.469703e-06,0.017236376,0.1860241,0.0027654457
/home/share/Uni_Eval/HAM10000_clean/ISIC2018/ISIC_0031757.jpg,5,5,1.184845e-07,1.3108586e-07,0.21085258,3.0102314e-08,0.007996397,0.7810744,7.6356315e-05
/home/share/Uni_Eval/HAM10000_clean/ISIC2018/ISIC_0025117.jpg,5,5,1.6773539e-06,0.0007523709,0.0007714618,7.77749e-05,0.0019428286,0.992963,0.0034909053
/home/share/Uni_Eval/HAM10000_clean/ISIC2018/ISIC_0032641.jpg,5,5,4.4197644e-05,0.004703189,0.0034510135,0.0002231373,0.45046484,0.5409861,0.0001274665
/home/share/Uni_Eval/HAM10000_clean/ISIC2018/ISIC_0032743.jpg,5,5,8.867362e-08,9.797016e-09,5.9916063e-05,1.6702094e-07,0.061126217,0.9388137,5.4513134e-08
/home/share/Uni_Eval/HAM10000_clean/ISIC2018/ISIC_0033157.jpg,5,5,3.4319785e-06,1.3417001e-06,0.0037931362,0.000293707,0.0197456,0.9761627,3.35162e-08
/home/share/Uni_Eval/HAM10000_clean/ISIC2018/ISIC_0032623.jpg,5,5,0.00026477905,0.00024365168,0.17790419,2.2988293e-05,0.17661816,0.64492077,2.5461793e-05
/home/share/Uni_Eval/HAM10000_clean/ISIC2018/ISIC_0032595.jpg,5,5,1.2100577e-05,9.678726e-06,0.005463703,9.782529e-06,0.034367774,0.9601323,4.600914e-06
/home/share/Uni_Eval/HAM10000_clean/ISIC2018/ISIC_0034281.jpg,5,5,0.00015462597,0.0007418625,0.018433033,0.0017090637,0.0021412882,0.9767934,2.6704703e-05
/home/share/Uni_Eval/HAM10000_clean/ISIC2018/ISIC_0032957.jpg,5,5,1.6778833e-07,3.442757e-05,0.00070365355,2.03648e-06,0.0052596605,0.993853,0.00014706147
/home/share/Uni_Eval/HAM10000_clean/ISIC2018/ISIC_0033070.jpg,5,5,6.168869e-05,0.0023759305,0.006716499,7.887884e-05,0.14314723,0.84736496,0.00025476413
/home/share/Uni_Eval/HAM10000_clean/ISIC2018/ISIC_0032742.jpg,5,5,2.030941e-06,5.5052413e-07,0.00020743758,3.0560518e-06,0.047440957,0.9523089,3.7109457e-05
/home/share/Uni_Eval/HAM10000_clean/ISIC2018/ISIC_0034112.jpg,5,5,6.429846e-07,6.530949e-08,0.00018962297,6.571509e-06,0.12116812,0.8786205,1.4471026e-05
/home/share/Uni_Eval/HAM10000_clean/ISIC2018/ISIC_0033409.jpg,5,5,4.1877493e-07,6.402376e-08,3.2626547e-05,7.278637e-05,0.0012205273,0.9986609,1.2587342e-05
/home/share/Uni_Eval/HAM10000_clean/ISIC2018/ISIC_0034184.jpg,5,5,0.00066920725,0.0041230945,0.019195696,0.00087533944,0.0018284608,0.97327685,3.1329837e-05
/home/share/Uni_Eval/HAM10000_clean/ISIC2018/ISIC_0033471.jpg,5,4,0.0013016314,7.815987e-06,0.028882494,2.8194902e-06,0.9564379,0.013365607,1.6839895e-06
/home/share/Uni_Eval/HAM10000_clean/ISIC2018/ISIC_0032568.jpg,5,5,0.0001301537,0.00022106977,0.002523371,0.010592629,0.17429231,0.81194514,0.00029533607
/home/share/Uni_Eval/HAM10000_clean/ISIC2018/ISIC_0032516.jpg,5,5,4.344956e-06,6.3431646e-05,0.00058109616,0.0005863188,0.037146322,0.961616,2.4985723e-06
/home/share/Uni_Eval/HAM10000_clean/ISIC2018/ISIC_0034102.jpg,5,5,2.5770114e-05,4.636159e-06,0.0005059076,0.0014857203,0.01357009,0.9843439,6.4040134e-05
/home/share/Uni_Eval/HAM10000_clean/ISIC2018/ISIC_0033988.jpg,5,5,3.2455416e-06,2.8784852e-06,0.002044533,7.8770345e-06,0.00441606,0.99352187,3.500383e-06
/home/share/Uni_Eval/HAM10000_clean/ISIC2018/ISIC_0032859.jpg,5,5,3.1255777e-06,9.879009e-06,0.00037452782,4.9251157e-05,0.015830023,0.98370945,2.3766162e-05
/home/share/Uni_Eval/HAM10000_clean/ISIC2018/ISIC_0032728.jpg,5,5,3.0890188e-10,2.8668876e-09,5.5383775e-06,3.1354728e-07,0.029017296,0.97094786,2.896624e-05
/home/share/Uni_Eval/HAM10000_clean/ISIC2018/ISIC_0032802.jpg,5,5,2.3097731e-05,5.115685e-07,7.3697774e-05,0.008360201,0.029507183,0.96198255,5.2784122e-05
/home/share/Uni_Eval/HAM10000_clean/ISIC2018/ISIC_0033222.jpg,5,5,0.0003526116,0.00043167235,0.00041409035,0.00013216441,0.18857819,0.8100822,9.037856e-06
/home/share/Uni_Eval/HAM10000_clean/ISIC2018/ISIC_0032546.jpg,5,5,0.0014741719,0.20029895,0.068824224,0.00015754701,0.13359284,0.5953124,0.0003398559
/home/share/Uni_Eval/HAM10000_clean/ISIC2018/ISIC_0032521.jpg,5,5,7.994069e-06,0.00037640685,0.019363388,1.744015e-05,0.027080212,0.95040596,0.0027486628
/home/share/Uni_Eval/HAM10000_clean/ISIC2018/ISIC_0033618.jpg,5,5,4.7714923e-07,0.00020013833,0.00014111967,6.38689e-06,0.2634833,0.7358467,0.0003218733
/home/share/Uni_Eval/HAM10000_clean/ISIC2018/ISIC_0033016.jpg,5,5,3.5090723e-06,0.0009453264,0.0013066285,7.552318e-05,0.2742551,0.7232665,0.00014746306
/home/share/Uni_Eval/HAM10000_clean/ISIC2018/ISIC_0032895.jpg,5,5,1.3832055e-05,2.7120527e-06,0.019598639,6.022133e-05,0.04704348,0.933278,3.1465406e-06
/home/share/Uni_Eval/HAM10000_clean/ISIC2018/ISIC_0033237.jpg,5,5,2.3314955e-05,2.656549e-05,0.0023438632,1.807009e-05,0.0698844,0.9276903,1.3528747e-05
/home/share/Uni_Eval/HAM10000_clean/ISIC2018/ISIC_0033373.jpg,5,5,4.002493e-05,0.004023032,0.055761598,0.00031174105,0.035245106,0.9044082,0.00021031406
/home/share/Uni_Eval/HAM10000_clean/ISIC2018/ISIC_0033411.jpg,5,5,0.0008530321,0.02616626,0.15044428,0.0062797107,0.12729564,0.6887836,0.00017741317
/home/share/Uni_Eval/HAM10000_clean/ISIC2018/ISIC_0033824.jpg,5,5,5.8575813e-07,3.0537421e-07,0.00025137386,8.458383e-05,0.03218198,0.9674123,6.8892725e-05
/home/share/Uni_Eval/HAM10000_clean/ISIC2018/ISIC_0032838.jpg,5,5,2.7426811e-08,5.1713275e-08,6.3632964e-05,1.6705235e-06,0.038202576,0.9617129,1.9096735e-05
/home/share/Uni_Eval/HAM10000_clean/ISIC2018/ISIC_0034307.jpg,5,5,0.000106029605,0.0012528783,0.026773201,0.00032009737,0.17294648,0.79850394,9.731141e-05
/home/share/Uni_Eval/HAM10000_clean/ISIC2018/ISIC_0034137.jpg,5,5,0.0023409806,4.2208817e-06,0.0612589,0.0038978837,0.09136063,0.84113556,1.8805775e-06
/home/share/Uni_Eval/HAM10000_clean/ISIC2018/ISIC_0033972.jpg,5,5,0.040221937,0.023718556,0.15218763,0.00067188917,0.0019011793,0.781152,0.0001468002
/home/share/Uni_Eval/HAM10000_clean/ISIC2018/ISIC_0033367.jpg,5,5,0.003438326,0.0057187183,0.13001029,0.008322091,0.04027295,0.8121646,7.308885e-05
/home/share/Uni_Eval/HAM10000_clean/ISIC2018/ISIC_0033289.jpg,5,4,1.00611105e-05,1.8910333e-07,0.004668217,7.3266324e-06,0.5642785,0.43103537,3.0538436e-07
/home/share/Uni_Eval/HAM10000_clean/ISIC2018/ISIC_0033283.jpg,5,5,0.000160032,5.3218675e-05,0.023196528,0.00024168215,0.10116127,0.8751012,8.603868e-05
/home/share/Uni_Eval/HAM10000_clean/ISIC2018/ISIC_0034179.jpg,5,5,5.005813e-05,5.996455e-07,0.15332922,3.083212e-05,0.00725455,0.8385679,0.0007668955
/home/share/Uni_Eval/HAM10000_clean/ISIC2018/ISIC_0033983.jpg,5,5,9.545754e-06,8.323668e-06,0.011974042,1.1462403e-05,0.061128266,0.9268583,1.0071236e-05
/home/share/Uni_Eval/HAM10000_clean/ISIC2018/ISIC_0032541.jpg,5,5,6.5973886e-08,2.8053464e-07,6.627656e-05,1.2013425e-07,0.0020387408,0.99789006,4.4891754e-06
/home/share/Uni_Eval/HAM10000_clean/ISIC2018/ISIC_0033961.jpg,5,5,1.44305154e-08,1.8272003e-08,8.562997e-06,6.1701954e-08,0.0018803345,0.9981097,1.2691179e-06
/home/share/Uni_Eval/HAM10000_clean/ISIC2018/ISIC_0033702.jpg,5,5,8.2496456e-08,3.1181943e-07,8.2583254e-05,4.047141e-07,0.008364226,0.99154645,5.9862195e-06
/home/share/Uni_Eval/HAM10000_clean/ISIC2018/ISIC_0032942.jpg,5,5,2.5325487e-06,1.7490624e-05,0.0004953322,1.1293614e-05,0.015558465,0.98390365,1.1341428e-05
/home/share/Uni_Eval/HAM10000_clean/ISIC2018/ISIC_0034153.jpg,5,5,0.0010697905,0.0031234373,0.0018546999,0.0019162424,0.40466896,0.58718497,0.00018186004
/home/share/Uni_Eval/HAM10000_clean/ISIC2018/ISIC_0032860.jpg,5,6,9.046569e-05,0.083130084,0.010749847,0.010911668,0.021893127,0.41302532,0.46019953
/home/share/Uni_Eval/HAM10000_clean/ISIC2018/ISIC_0034116.jpg,5,5,4.663975e-08,1.8142383e-06,8.9306115e-05,2.4128983e-06,0.00433939,0.99556667,4.47615e-07
/home/share/Uni_Eval/HAM10000_clean/ISIC2018/ISIC_0034060.jpg,5,5,5.2420045e-08,1.4799125e-08,9.8903714e-05,8.716683e-07,0.018956698,0.98091286,3.0667034e-05
/home/share/Uni_Eval/HAM10000_clean/ISIC2018/ISIC_0033213.jpg,5,5,6.4913906e-06,9.393947e-06,0.002624175,5.668588e-05,0.16543885,0.8318328,3.1498676e-05
/home/share/Uni_Eval/HAM10000_clean/ISIC2018/ISIC_0033897.jpg,5,5,4.136263e-05,2.6481244e-05,0.019716436,1.1721701e-05,0.041786354,0.93820006,0.00021757622
/home/share/Uni_Eval/HAM10000_clean/ISIC2018/ISIC_0032908.jpg,5,5,0.0015643144,0.0070163016,0.13434501,0.0021798855,0.29049602,0.5643508,4.7689446e-05
/home/share/Uni_Eval/HAM10000_clean/ISIC2018/ISIC_0034203.jpg,5,5,0.00013944037,0.3470585,0.01050265,0.0052594543,0.028316014,0.50152457,0.10719934
/home/share/Uni_Eval/HAM10000_clean/ISIC2018/ISIC_0032746.jpg,5,4,0.0002572676,0.0040326966,0.03311641,0.00023101788,0.58965015,0.37249747,0.00021494292
/home/share/Uni_Eval/HAM10000_clean/ISIC2018/ISIC_0034121.jpg,5,5,7.098285e-07,8.175381e-06,0.00017354394,0.0006384149,0.112789325,0.886315,7.487796e-05
/home/share/Uni_Eval/HAM10000_clean/ISIC2018/ISIC_0034240.jpg,5,5,5.9787537e-05,1.1892462e-06,0.008770057,2.5448344e-06,0.005655363,0.98551095,4.1838195e-08
/home/share/Uni_Eval/HAM10000_clean/ISIC2018/ISIC_0032820.jpg,5,5,4.5248507e-06,5.46019e-07,0.00043179188,4.507599e-05,0.11279875,0.88671786,1.5067085e-06
/home/share/Uni_Eval/HAM10000_clean/ISIC2018/ISIC_0034148.jpg,5,5,0.0008751634,0.0019100076,0.0039530783,0.0036203945,0.042024013,0.9473993,0.00021798692
/home/share/Uni_Eval/HAM10000_clean/ISIC2018/ISIC_0033566.jpg,5,5,0.00020196503,0.0007214611,0.4782373,6.822231e-06,0.0006992007,0.5199124,0.00022083981
/home/share/Uni_Eval/HAM10000_clean/ISIC2018/ISIC_0033447.jpg,5,5,9.347834e-07,0.00010144609,5.1225325e-05,1.2500263e-05,0.30078343,0.6982369,0.0008135753
/home/share/Uni_Eval/HAM10000_clean/ISIC2018/ISIC_0033282.jpg,5,5,6.266625e-05,0.0007514928,0.007357558,0.12960109,0.06079131,0.79201406,0.0094217975
/home/share/Uni_Eval/HAM10000_clean/ISIC2018/ISIC_0034084.jpg,5,5,0.0008650772,0.003447178,0.03366282,0.0014794858,0.0077089844,0.9528241,1.2334863e-05
/home/share/Uni_Eval/HAM10000_clean/ISIC2018/ISIC_0034176.jpg,5,5,0.0042162705,0.010749352,0.019722695,0.0019359998,0.004129422,0.95719796,0.0020482894
/home/share/Uni_Eval/HAM10000_clean/ISIC2018/ISIC_0033104.jpg,5,5,1.0474692e-05,1.4627558e-05,0.00011196406,0.00031797375,0.0022651954,0.99727565,4.0806954e-06
/home/share/Uni_Eval/HAM10000_clean/ISIC2018/ISIC_0034213.jpg,5,5,0.0013475774,0.002719939,0.00071909255,0.09185226,0.0150907105,0.8881645,0.00010581407
/home/share/Uni_Eval/HAM10000_clean/ISIC2018/ISIC_0026279.jpg,5,5,3.5706873e-07,9.4968743e-07,0.014450078,5.6396345e-08,0.037211057,0.94821525,0.00012240533
/home/share/Uni_Eval/HAM10000_clean/ISIC2018/ISIC_0032601.jpg,5,5,2.4988861e-07,0.00010618226,0.0001529983,1.6389627e-05,0.0043039373,0.99541664,3.561098e-06
/home/share/Uni_Eval/HAM10000_clean/ISIC2018/ISIC_0033940.jpg,5,5,3.7042326e-05,0.000108855595,0.03926354,3.9694292e-05,0.10865891,0.85189116,7.993158e-07
/home/share/Uni_Eval/HAM10000_clean/ISIC2018/ISIC_0032649.jpg,5,5,2.0377941e-07,4.7454183e-08,3.0070756e-05,1.5904038e-07,0.03303156,0.9669375,6.213455e-07
/home/share/Uni_Eval/HAM10000_clean/ISIC2018/ISIC_0025769.jpg,5,5,3.8230304e-05,8.3168554e-05,0.0180409,3.8094375e-05,0.082148805,0.8992272,0.0004236222
/home/share/Uni_Eval/HAM10000_clean/ISIC2018/ISIC_0033978.jpg,5,5,6.4690234e-06,8.102471e-07,0.0634441,0.00019272938,0.36303034,0.57329464,3.0882184e-05
/home/share/Uni_Eval/HAM10000_clean/ISIC2018/ISIC_0032819.jpg,5,5,0.0013490733,0.0082696695,0.004929564,0.009868878,0.04742381,0.9278711,0.0002877972
/home/share/Uni_Eval/HAM10000_clean/ISIC2018/ISIC_0033552.jpg,5,5,1.3014602e-05,7.504807e-09,0.06141469,1.0491149e-07,0.45258385,0.48598802,2.5853612e-07
/home/share/Uni_Eval/HAM10000_clean/ISIC2018/ISIC_0034310.jpg,5,5,6.83664e-05,8.17171e-09,0.06813322,1.2735512e-06,0.099366345,0.8324306,1.8534875e-07
/home/share/Uni_Eval/HAM10000_clean/ISIC2018/ISIC_0033083.jpg,5,5,1.3265685e-05,3.950555e-06,0.21016717,4.655093e-07,0.019304628,0.7696758,0.0008347452
/home/share/Uni_Eval/HAM10000_clean/ISIC2018/ISIC_0033244.jpg,5,5,0.0010022871,0.12952596,0.018132426,0.018931333,0.022713369,0.8088175,0.0008771195
/home/share/Uni_Eval/HAM10000_clean/ISIC2018/ISIC_0034004.jpg,5,5,8.519183e-06,0.0032652493,0.0006857153,0.043078065,0.00054891943,0.87394655,0.07846704
/home/share/Uni_Eval/HAM10000_clean/ISIC2018/ISIC_0032737.jpg,5,5,5.3425174e-05,0.0040947073,0.020329066,0.0011516289,0.25766367,0.71639985,0.00030758476
/home/share/Uni_Eval/HAM10000_clean/ISIC2018/ISIC_0033010.jpg,5,5,3.0140964e-07,8.841922e-09,0.00088691554,6.75656e-07,0.002877063,0.9962351,6.7612427e-10
/home/share/Uni_Eval/HAM10000_clean/ISIC2018/ISIC_0034127.jpg,5,5,1.705308e-07,9.470686e-07,0.0001957542,1.7921218e-06,0.103018574,0.89677364,9.1197735e-06
/home/share/Uni_Eval/HAM10000_clean/ISIC2018/ISIC_0032792.jpg,5,5,2.6814806e-08,1.0691889e-06,1.981811e-05,2.8377792e-07,0.050388828,0.9495871,2.8105217e-06
/home/share/Uni_Eval/HAM10000_clean/ISIC2018/ISIC_0034187.jpg,5,5,2.9521593e-07,1.4682936e-07,0.0015071254,1.6924723e-08,2.5078125e-05,0.9984647,2.6862635e-06
/home/share/Uni_Eval/HAM10000_clean/ISIC2018/ISIC_0034251.jpg,5,5,1.1219465e-06,0.00029103077,0.0049211243,1.6499331e-06,0.004381273,0.9801502,0.010253534
/home/share/Uni_Eval/HAM10000_clean/ISIC2018/ISIC_0033673.jpg,5,5,0.00068588165,0.0033857329,0.1344823,0.00012359164,0.008945711,0.85235995,1.6910726e-05
/home/share/Uni_Eval/HAM10000_clean/ISIC2018/ISIC_0033932.jpg,5,4,4.646426e-05,1.2824991e-07,0.079788685,1.7804254e-06,0.6588693,0.26128152,1.1981006e-05
/home/share/Uni_Eval/HAM10000_clean/ISIC2018/ISIC_0032593.jpg,5,5,9.795059e-08,3.9250696e-09,1.1009669e-05,4.0599707e-07,0.015650835,0.98433393,3.806905e-06
/home/share/Uni_Eval/HAM10000_clean/ISIC2018/ISIC_0031290.jpg,5,5,0.0012479663,1.0598733e-06,0.017795421,6.6777125e-07,0.017154662,0.9637988,1.4246126e-06
/home/share/Uni_Eval/HAM10000_clean/ISIC2018/ISIC_0033703.jpg,5,5,9.610677e-05,9.2770915e-06,0.03943116,7.3336064e-06,0.0023160519,0.95810646,3.3667802e-05
/home/share/Uni_Eval/HAM10000_clean/ISIC2018/ISIC_0033574.jpg,5,5,4.094786e-06,6.1339284e-07,0.0001895646,0.0034141468,0.033652086,0.96273947,8.95312e-08
/home/share/Uni_Eval/HAM10000_clean/ISIC2018/ISIC_0032846.jpg,5,5,0.01038528,0.00010086615,0.014870999,0.005295409,0.1343836,0.8349444,1.9514786e-05
/home/share/Uni_Eval/HAM10000_clean/ISIC2018/ISIC_0033994.jpg,5,5,7.371818e-08,1.02615346e-07,0.0007751747,4.543261e-06,0.001766506,0.99739325,6.0339036e-05
/home/share/Uni_Eval/HAM10000_clean/ISIC2018/ISIC_0032760.jpg,5,5,4.7444128e-06,3.3209726e-05,0.0035183406,6.4843334e-05,0.0947028,0.90157,0.00010604496
/home/share/Uni_Eval/HAM10000_clean/ISIC2018/ISIC_0034271.jpg,5,5,2.8007908e-05,0.0072417893,0.0069736918,0.00023186214,0.0018230327,0.9836743,2.7372103e-05
/home/share/Uni_Eval/HAM10000_clean/ISIC2018/ISIC_0032670.jpg,5,5,2.9831457e-07,0.00011889827,0.0018106366,8.353799e-06,0.047076292,0.950828,0.00015750139
/home/share/Uni_Eval/HAM10000_clean/ISIC2018/ISIC_0033441.jpg,5,5,9.502524e-05,0.0029626258,0.0041023195,6.1597675e-05,0.102722,0.88981783,0.00023853486
/home/share/Uni_Eval/HAM10000_clean/ISIC2018/ISIC_0032663.jpg,5,5,4.360841e-06,8.255693e-06,0.19180349,4.44487e-10,0.018911874,0.789235,3.699048e-05
/home/share/Uni_Eval/HAM10000_clean/ISIC2018/ISIC_0034272.jpg,5,5,4.4339736e-06,0.00090701756,0.0063862316,0.004403051,0.0014383774,0.98678756,7.3448e-05
/home/share/Uni_Eval/HAM10000_clean/ISIC2018/ISIC_0032911.jpg,5,5,1.1911263e-05,0.00011234414,0.0058119805,0.00018750981,0.0011413834,0.99269015,4.474059e-05
/home/share/Uni_Eval/HAM10000_clean/ISIC2018/ISIC_0033926.jpg,5,5,4.9209534e-06,5.345515e-07,0.003937225,8.415929e-06,0.05126977,0.94477904,8.788341e-08
/home/share/Uni_Eval/HAM10000_clean/ISIC2018/ISIC_0033835.jpg,5,5,2.8077227e-07,1.6051351e-07,0.00028845752,3.8746395e-05,0.0038462745,0.99581087,1.5329253e-05
/home/share/Uni_Eval/HAM10000_clean/ISIC2018/ISIC_0033109.jpg,5,5,2.0778552e-06,1.3858203e-05,3.0013874e-05,0.0034720693,0.08455805,0.9097283,0.00219564
/home/share/Uni_Eval/HAM10000_clean/ISIC2018/ISIC_0033396.jpg,5,5,0.024505194,0.007159053,0.018860698,0.00016410043,0.21252076,0.73668516,0.00010498762
/home/share/Uni_Eval/HAM10000_clean/ISIC2018/ISIC_0032752.jpg,5,5,0.0005025592,4.3430675e-05,0.48048353,0.00013638474,0.017235568,0.50159514,3.4176023e-06
/home/share/Uni_Eval/HAM10000_clean/ISIC2018/ISIC_0032539.jpg,5,5,0.00023758669,6.5319177e-06,0.004223604,9.9843266e-05,0.0048171063,0.9906148,6.598274e-07
/home/share/Uni_Eval/HAM10000_clean/ISIC2018/ISIC_0033329.jpg,5,5,1.953224e-06,3.0271853e-05,0.00040258965,0.00010585583,0.017869435,0.9815624,2.7382895e-05
/home/share/Uni_Eval/HAM10000_clean/ISIC2018/ISIC_0034181.jpg,5,5,4.4405775e-07,2.5985325e-06,0.00077824056,4.565817e-05,0.002040604,0.9971017,3.067728e-05
/home/share/Uni_Eval/HAM10000_clean/ISIC2018/ISIC_0033197.jpg,5,5,4.941625e-07,2.7726193e-07,0.00020895933,1.1046603e-05,0.010739126,0.9890131,2.7031534e-05
/home/share/Uni_Eval/HAM10000_clean/ISIC2018/ISIC_0034171.jpg,5,5,1.5416614e-07,7.4989615e-08,4.3017502e-05,5.837314e-06,0.0021379015,0.9977786,3.4358647e-05
/home/share/Uni_Eval/HAM10000_clean/ISIC2018/ISIC_0032952.jpg,5,5,3.0772949e-06,3.2605442e-06,0.0012621771,2.9499139e-05,0.019723399,0.9789725,6.010365e-06
/home/share/Uni_Eval/HAM10000_clean/ISIC2018/ISIC_0033250.jpg,5,5,2.6818338e-05,0.00021650414,0.14847669,3.2586642e-05,0.015043079,0.8296877,0.006516676
/home/share/Uni_Eval/HAM10000_clean/ISIC2018/ISIC_0032720.jpg,5,5,4.4565388e-07,0.00016014717,4.1324052e-05,0.0001183363,0.13009399,0.86933947,0.0002462979
/home/share/Uni_Eval/HAM10000_clean/ISIC2018/ISIC_0033153.jpg,5,5,1.5007986e-06,1.6141886e-06,0.00030384932,0.0015931319,0.052281164,0.9458075,1.12880125e-05
/home/share/Uni_Eval/HAM10000_clean/ISIC2018/ISIC_0033757.jpg,5,5,9.589452e-06,5.0426372e-08,0.030958591,5.1824316e-07,0.18786013,0.7809323,0.00023874112
/home/share/Uni_Eval/HAM10000_clean/ISIC2018/ISIC_0030626.jpg,5,5,0.00029914101,0.001078568,0.026089055,8.631914e-07,0.023075856,0.94945544,1.0255833e-06
/home/share/Uni_Eval/HAM10000_clean/ISIC2018/ISIC_0031163.jpg,5,5,8.2561e-06,0.00014037077,0.0059403004,2.2390315e-08,0.00691558,0.9869953,2.3527649e-07
/home/share/Uni_Eval/HAM10000_clean/ISIC2018/ISIC_0029775.jpg,5,5,2.2227932e-05,0.00028600616,0.086042635,5.701815e-06,0.09743016,0.7246757,0.09153751
/home/share/Uni_Eval/HAM10000_clean/ISIC2018/ISIC_0031411.jpg,5,5,0.000317689,5.0612443e-06,0.0025589147,0.00020314845,0.12604757,0.8708674,1.9328782e-07
/home/share/Uni_Eval/HAM10000_clean/ISIC2018/ISIC_0026427.jpg,5,5,4.1689127e-05,0.003259205,0.0024730468,0.00059623964,0.14019081,0.853357,8.20325e-05
/home/share/Uni_Eval/HAM10000_clean/ISIC2018/ISIC_0024608.jpg,5,5,2.929576e-05,9.50655e-08,0.003695989,1.5698613e-06,0.12409618,0.8721769,2.1372642e-08
/home/share/Uni_Eval/HAM10000_clean/ISIC2018/ISIC_0028734.jpg,5,5,3.0776212e-06,8.295327e-06,0.00026805754,1.0045834e-06,0.19082108,0.80887544,2.3073488e-05
/home/share/Uni_Eval/HAM10000_clean/ISIC2018/ISIC_0026125.jpg,5,5,0.000110517125,0.00014447882,0.00033340644,3.435427e-06,0.23645575,0.7629207,3.1655596e-05
/home/share/Uni_Eval/HAM10000_clean/ISIC2018/ISIC_0025618.jpg,5,5,3.2818616e-07,1.5241725e-05,0.0010044551,1.3419705e-07,0.017799182,0.98117447,6.284958e-06
/home/share/Uni_Eval/HAM10000_clean/ISIC2018/ISIC_0031796.jpg,5,5,8.541184e-06,7.70716e-06,0.025780326,0.00027302597,0.0003461544,0.9735831,1.289265e-06
/home/share/Uni_Eval/HAM10000_clean/ISIC2018/ISIC_0030232.jpg,5,5,0.0032821002,9.3989314e-05,0.0017291617,0.00020924992,0.045400016,0.9492309,5.4586628e-05
/home/share/Uni_Eval/HAM10000_clean/ISIC2018/ISIC_0024682.jpg,5,5,4.7401904e-06,0.0003663173,0.001822945,3.9741924e-05,0.06090143,0.9367887,7.616516e-05
/home/share/Uni_Eval/HAM10000_clean/ISIC2018/ISIC_0026141.jpg,5,5,8.2842774e-07,1.5009874e-06,0.006924929,5.544803e-06,0.015009705,0.9780489,8.567443e-06
/home/share/Uni_Eval/HAM10000_clean/ISIC2018/ISIC_0030841.jpg,5,5,1.005569e-05,1.3947195e-07,0.0035611745,1.4679761e-05,0.17322733,0.8231865,7.113089e-08
/home/share/Uni_Eval/HAM10000_clean/ISIC2018/ISIC_0030074.jpg,5,5,1.1569858e-05,1.5382396e-07,0.00023991839,7.4287777e-06,0.003005015,0.99673516,7.402529e-07
/home/share/Uni_Eval/HAM10000_clean/ISIC2018/ISIC_0025734.jpg,5,5,0.024888264,0.00023005989,0.16466777,0.0072150645,0.08535023,0.7176426,5.953311e-06
/home/share/Uni_Eval/HAM10000_clean/ISIC2018/ISIC_0027942.jpg,5,5,8.211522e-07,1.3408196e-06,0.00013832103,5.71144e-06,0.11260994,0.8872417,2.0393336e-06
/home/share/Uni_Eval/HAM10000_clean/ISIC2018/ISIC_0026419.jpg,5,5,1.779648e-05,0.00041929143,0.0017186381,0.0016645559,0.038068667,0.9573242,0.00078676135
/home/share/Uni_Eval/HAM10000_clean/ISIC2018/ISIC_0028894.jpg,5,5,5.763649e-05,5.7072098e-06,0.036200833,6.817818e-05,0.43932924,0.52433807,3.7879585e-07
/home/share/Uni_Eval/HAM10000_clean/ISIC2018/ISIC_0032260.jpg,5,5,0.00032064563,6.377499e-05,0.013191015,0.000284361,0.2863097,0.69982237,8.120616e-06
/home/share/Uni_Eval/HAM10000_clean/ISIC2018/ISIC_0024936.jpg,5,5,7.488502e-08,5.772091e-09,0.00027153007,5.505683e-07,0.036892768,0.9628345,5.808703e-07
/home/share/Uni_Eval/HAM10000_clean/ISIC2018/ISIC_0025043.jpg,5,5,0.0026821974,0.00048679725,0.0050432477,0.00012745582,0.05962394,0.9320103,2.6139556e-05
/home/share/Uni_Eval/HAM10000_clean/ISIC2018/ISIC_0025227.jpg,5,5,9.4292445e-05,0.00012074563,0.0016887602,0.00018139018,0.011477082,0.98643744,1.9022156e-07
/home/share/Uni_Eval/HAM10000_clean/ISIC2018/ISIC_0029499.jpg,5,5,2.6683534e-05,0.00035722624,0.0013831722,0.00019809644,0.001173391,0.99686134,1.3999524e-07
/home/share/Uni_Eval/HAM10000_clean/ISIC2018/ISIC_0024658.jpg,5,5,0.00018982886,0.00013664713,0.015181437,0.0002913053,0.12081446,0.8633833,3.0382016e-06
/home/share/Uni_Eval/HAM10000_clean/ISIC2018/ISIC_0029027.jpg,5,5,3.850588e-06,1.7422721e-07,0.0023640776,1.3645456e-05,0.0030814172,0.9945358,1.1235237e-06
/home/share/Uni_Eval/HAM10000_clean/ISIC2018/ISIC_0025782.jpg,5,5,9.658802e-05,5.0921517e-07,0.035024423,0.0040654005,0.09862408,0.86218894,4.7504848e-08
/home/share/Uni_Eval/HAM10000_clean/ISIC2018/ISIC_0031308.jpg,5,2,0.0040613404,0.0014721222,0.64062446,2.6108485e-06,0.33598793,0.017848926,2.6927112e-06
/home/share/Uni_Eval/HAM10000_clean/ISIC2018/ISIC_0028981.jpg,5,4,0.0031812761,0.0014994117,0.22458501,4.331657e-06,0.73026836,0.040461402,2.1240609e-07
/home/share/Uni_Eval/HAM10000_clean/ISIC2018/ISIC_0031194.jpg,5,5,9.237272e-06,4.72383e-06,0.003085749,0.00024064278,0.0052018985,0.99145484,2.940787e-06
/home/share/Uni_Eval/HAM10000_clean/ISIC2018/ISIC_0029667.jpg,5,5,5.5966116e-06,2.1956582e-06,0.00010091079,0.00013273863,0.014335512,0.985421,2.0286216e-06
/home/share/Uni_Eval/HAM10000_clean/ISIC2018/ISIC_0027574.jpg,5,5,0.0019732544,0.020902801,0.0046790815,0.0056412946,0.0009021389,0.96548414,0.00041731447
/home/share/Uni_Eval/HAM10000_clean/ISIC2018/ISIC_0025945.jpg,5,5,2.6763953e-05,6.7745354e-06,0.036444932,6.0493194e-06,0.21060829,0.7524119,0.0004952718
/home/share/Uni_Eval/HAM10000_clean/ISIC2018/ISIC_0031149.jpg,5,5,2.5634103e-05,2.4458504e-07,0.091237366,2.8068691e-06,0.3998189,0.5083323,0.00058276806
/home/share/Uni_Eval/HAM10000_clean/ISIC2018/ISIC_0027208.jpg,5,5,1.3213191e-05,2.7816557e-06,0.0015262471,6.143199e-06,0.0074370257,0.99101406,4.9940064e-07
/home/share/Uni_Eval/HAM10000_clean/ISIC2018/ISIC_0029504.jpg,5,5,1.3656342e-05,8.215162e-06,0.0014071687,1.2680247e-05,0.009189484,0.989368,6.502079e-07
/home/share/Uni_Eval/HAM10000_clean/ISIC2018/ISIC_0026106.jpg,5,5,0.0024818908,2.2721133e-05,0.03507207,0.0011592458,0.01876257,0.94249445,7.063909e-06
/home/share/Uni_Eval/HAM10000_clean/ISIC2018/ISIC_0032227.jpg,5,5,0.00071482366,0.0002900888,0.017541632,5.896536e-05,0.06966771,0.9117228,3.990913e-06
/home/share/Uni_Eval/HAM10000_clean/ISIC2018/ISIC_0024394.jpg,5,5,6.2310275e-05,7.176794e-05,0.0007241845,8.1004043e-07,0.038925987,0.96021473,1.5570168e-07
/home/share/Uni_Eval/HAM10000_clean/ISIC2018/ISIC_0032165.jpg,5,5,1.1761279e-06,2.247879e-06,0.0023588224,3.7885147e-06,0.008007912,0.98961747,8.609747e-06
/home/share/Uni_Eval/HAM10000_clean/ISIC2018/ISIC_0024834.jpg,5,5,3.1139036e-06,5.32827e-06,0.0058580316,2.0365853e-06,0.012820972,0.98129785,1.2713289e-05
/home/share/Uni_Eval/HAM10000_clean/ISIC2018/ISIC_0027596.jpg,5,5,6.078953e-05,0.00032572058,0.004142811,0.00010049788,0.0004794156,0.9947417,0.00014905153
/home/share/Uni_Eval/HAM10000_clean/ISIC2018/ISIC_0031204.jpg,5,5,5.646523e-07,2.8296378e-07,5.179296e-06,2.9519224e-05,0.0011217616,0.9988417,1.0781517e-06
/home/share/Uni_Eval/HAM10000_clean/ISIC2018/ISIC_0031857.jpg,5,5,0.017086681,0.034579776,0.24877709,0.0029786155,0.040204182,0.65623236,0.00014131033
/home/share/Uni_Eval/HAM10000_clean/ISIC2018/ISIC_0028706.jpg,5,5,6.857007e-07,4.547907e-06,0.007713314,0.00018219295,0.003645696,0.97117513,0.017278349
/home/share/Uni_Eval/HAM10000_clean/ISIC2018/ISIC_0027364.jpg,5,5,6.2601193e-06,5.117797e-06,0.000925049,0.00020451119,0.0165175,0.9823408,7.881752e-07
/home/share/Uni_Eval/HAM10000_clean/ISIC2018/ISIC_0031756.jpg,5,4,0.0005694214,0.026555566,0.0024239481,0.009366931,0.5720016,0.34593162,0.043150946
/home/share/Uni_Eval/HAM10000_clean/ISIC2018/ISIC_0030397.jpg,5,5,5.8246373e-05,0.00042962295,0.002765257,7.537654e-05,0.003586375,0.99229455,0.0007905386
/home/share/Uni_Eval/HAM10000_clean/ISIC2018/ISIC_0031405.jpg,5,5,3.359356e-06,6.541907e-07,0.00021078443,0.0053482223,0.023513628,0.97078216,0.0001412687
/home/share/Uni_Eval/HAM10000_clean/ISIC2018/ISIC_0031092.jpg,5,5,6.477407e-07,3.2057906e-07,0.0013826998,0.00014361946,0.014571041,0.9838802,2.133502e-05
/home/share/Uni_Eval/HAM10000_clean/ISIC2018/ISIC_0027390.jpg,5,5,7.232144e-06,2.5598027e-07,0.0006607314,0.0016005822,0.017750934,0.97995526,2.5040346e-05
/home/share/Uni_Eval/HAM10000_clean/ISIC2018/ISIC_0028757.jpg,5,5,0.0020205302,0.0020630525,0.01410885,0.00109763,0.006742873,0.9739624,4.6244672e-06
/home/share/Uni_Eval/HAM10000_clean/ISIC2018/ISIC_0027978.jpg,5,5,3.0308775e-05,0.0006376647,0.007655017,0.006391914,0.073980875,0.9112604,4.3754077e-05
/home/share/Uni_Eval/HAM10000_clean/ISIC2018/ISIC_0025562.jpg,5,5,0.0005241895,2.8036991e-05,0.002853525,0.00014856526,0.05151672,0.94376755,0.0011613825
/home/share/Uni_Eval/HAM10000_clean/ISIC2018/ISIC_0028598.jpg,5,5,0.002125054,1.5276279e-05,0.0030645577,0.0020306783,0.016206516,0.976553,4.8985057e-06
/home/share/Uni_Eval/HAM10000_clean/ISIC2018/ISIC_0026759.jpg,5,5,0.002296288,2.6787302e-05,0.00020078314,0.002273333,0.036329214,0.95887315,5.00329e-07
/home/share/Uni_Eval/HAM10000_clean/ISIC2018/ISIC_0032015.jpg,5,4,0.010715394,5.1570947e-05,0.04106286,2.366742e-05,0.68862236,0.259524,1.8590077e-07
/home/share/Uni_Eval/HAM10000_clean/ISIC2018/ISIC_0031285.jpg,5,2,0.0045283367,0.0002023477,0.400579,7.4551426e-05,0.26430488,0.33030593,4.9701684e-06
/home/share/Uni_Eval/HAM10000_clean/ISIC2018/ISIC_0028304.jpg,5,5,0.00024902434,2.1927584e-05,0.014307277,0.00035634878,0.3931469,0.59191835,1.2683077e-07
/home/share/Uni_Eval/HAM10000_clean/ISIC2018/ISIC_0024862.jpg,5,2,0.018369012,0.0014580884,0.4645765,0.0011555876,0.22485213,0.28958574,2.9359223e-06
/home/share/Uni_Eval/HAM10000_clean/ISIC2018/ISIC_0028715.jpg,5,5,0.00072602375,0.0005632012,0.0006601198,0.00015708734,0.0013315623,0.9965578,4.185142e-06
/home/share/Uni_Eval/HAM10000_clean/ISIC2018/ISIC_0032136.jpg,5,5,0.0001628151,0.00040678922,0.017802859,0.0032638803,0.054266784,0.9240961,8.1589064e-07
/home/share/Uni_Eval/HAM10000_clean/ISIC2018/ISIC_0030592.jpg,5,5,7.1095856e-06,1.5696084e-07,2.9588573e-05,3.014794e-05,0.25131372,0.7486121,7.1197364e-06
/home/share/Uni_Eval/HAM10000_clean/ISIC2018/ISIC_0024841.jpg,5,5,5.1359744e-05,0.00026537705,0.00282995,1.2392109e-05,0.16757861,0.82926226,9.9757784e-08
/home/share/Uni_Eval/HAM10000_clean/ISIC2018/ISIC_0029457.jpg,5,5,1.942522e-06,1.0928828e-05,0.00026136052,6.9894116e-07,0.0028715995,0.9968532,2.4836007e-07
/home/share/Uni_Eval/HAM10000_clean/ISIC2018/ISIC_0031126.jpg,5,5,0.045321114,0.06408804,0.16249812,0.043266017,0.032952275,0.65101993,0.0008545307
/home/share/Uni_Eval/HAM10000_clean/ISIC2018/ISIC_0025506.jpg,5,5,0.0021557463,0.00015140422,0.0044185766,0.0072748056,0.012102847,0.97389627,3.0657893e-07
/home/share/Uni_Eval/HAM10000_clean/ISIC2018/ISIC_0030914.jpg,5,2,0.004795523,0.005936099,0.4924824,0.006149276,0.116439655,0.37418973,7.286761e-06
/home/share/Uni_Eval/HAM10000_clean/ISIC2018/ISIC_0028408.jpg,5,5,0.0012244014,0.00068978383,0.0024447509,0.000572841,0.033338234,0.9617195,1.0339704e-05
/home/share/Uni_Eval/HAM10000_clean/ISIC2018/ISIC_0028998.jpg,5,5,0.00060029776,9.5858595e-05,0.0003241169,0.00021624514,0.0023129387,0.99644476,5.8564633e-06
/home/share/Uni_Eval/HAM10000_clean/ISIC2018/ISIC_0025118.jpg,5,5,0.00017601975,8.2382085e-06,0.00028114626,3.5079243e-05,0.030544363,0.9689452,9.993095e-06
/home/share/Uni_Eval/HAM10000_clean/ISIC2018/ISIC_0025563.jpg,5,5,0.00037762558,0.4266496,0.015377111,0.004791916,0.0076630968,0.5450833,5.7322548e-05
/home/share/Uni_Eval/HAM10000_clean/ISIC2018/ISIC_0024790.jpg,5,5,0.036531195,1.38423875e-05,0.09332601,1.33916e-05,0.3473239,0.52279055,1.1546597e-06
/home/share/Uni_Eval/HAM10000_clean/ISIC2018/ISIC_0025225.jpg,5,5,0.0012694943,2.1256075e-05,0.02984113,0.00031744572,0.09018789,0.87836117,1.5663257e-06
/home/share/Uni_Eval/HAM10000_clean/ISIC2018/ISIC_0025926.jpg,5,1,0.023261964,0.48033726,0.037918877,0.0075640334,0.20860676,0.2421889,0.0001222324
/home/share/Uni_Eval/HAM10000_clean/ISIC2018/ISIC_0026741.jpg,5,5,4.3255153e-05,4.4065168e-08,0.0011853542,3.2882787e-07,0.027073022,0.9716979,9.036585e-08
/home/share/Uni_Eval/HAM10000_clean/ISIC2018/ISIC_0031117.jpg,5,5,0.0005736395,8.261862e-05,0.11975386,0.0010775295,0.028183037,0.8502657,6.3634354e-05
/home/share/Uni_Eval/HAM10000_clean/ISIC2018/ISIC_0027471.jpg,5,5,0.016372217,9.163345e-05,0.14657815,2.2002137e-05,0.23283908,0.603931,0.00016589856
/home/share/Uni_Eval/HAM10000_clean/ISIC2018/ISIC_0029109.jpg,5,5,0.00663708,8.0194095e-06,0.05644501,0.008186994,0.028453005,0.90026885,9.81441e-07
/home/share/Uni_Eval/HAM10000_clean/ISIC2018/ISIC_0026654.jpg,5,5,0.05221,0.0031753383,0.025772749,0.00023377466,0.3007568,0.61785,1.2641251e-06
/home/share/Uni_Eval/HAM10000_clean/ISIC2018/ISIC_0026921.jpg,5,5,0.0041862475,0.0001258257,0.009060133,0.0025684773,0.17465717,0.80938363,1.8561239e-05
/home/share/Uni_Eval/HAM10000_clean/ISIC2018/ISIC_0031942.jpg,5,4,0.0015171872,2.227832e-05,0.07074015,0.00013504931,0.58038694,0.34719825,1.600002e-07
/home/share/Uni_Eval/HAM10000_clean/ISIC2018/ISIC_0026712.jpg,5,5,0.0021603887,0.0003161816,0.027110772,0.002772665,0.012218426,0.95538193,3.9619852e-05
/home/share/Uni_Eval/HAM10000_clean/ISIC2018/ISIC_0028983.jpg,5,1,0.00042161017,0.56752414,0.08644704,8.389173e-05,0.042573974,0.3029402,9.198275e-06
/home/share/Uni_Eval/HAM10000_clean/ISIC2018/ISIC_0028744.jpg,5,5,0.00046715443,0.0007589009,0.011639349,0.02426763,0.010617481,0.95224595,3.557772e-06
/home/share/Uni_Eval/HAM10000_clean/ISIC2018/ISIC_0026588.jpg,5,5,0.00083730376,0.01695567,0.039464857,0.00029570604,0.13796386,0.80439633,8.622311e-05
/home/share/Uni_Eval/HAM10000_clean/ISIC2018/ISIC_0028364.jpg,5,4,0.21755749,0.007416253,0.31823432,0.0005502526,0.37754902,0.07864502,4.7617592e-05
/home/share/Uni_Eval/HAM10000_clean/ISIC2018/ISIC_0027490.jpg,5,5,0.0010512713,0.0032733153,0.00036675145,0.0011194967,0.007144088,0.98703706,8.109621e-06
/home/share/Uni_Eval/HAM10000_clean/ISIC2018/ISIC_0030082.jpg,5,5,2.205585e-05,1.1911554e-07,6.292331e-05,3.423993e-05,0.093205325,0.9066516,2.3710745e-05
/home/share/Uni_Eval/HAM10000_clean/ISIC2018/ISIC_0026974.jpg,5,5,0.00016960503,1.8157923e-05,0.005942298,0.00023142365,0.07906085,0.9145773,2.585338e-07
/home/share/Uni_Eval/HAM10000_clean/ISIC2018/ISIC_0026097.jpg,5,5,0.00062286813,0.00088567234,0.00024749665,0.008852953,0.08167505,0.90760165,0.00011435058
/home/share/Uni_Eval/HAM10000_clean/ISIC2018/ISIC_0027883.jpg,5,5,0.053279124,0.0012912366,0.053438567,0.00064401666,0.15319,0.73801994,0.00013708402
/home/share/Uni_Eval/HAM10000_clean/ISIC2018/ISIC_0031700.jpg,5,5,0.0033402413,0.00082960393,0.24246962,0.0006438806,0.056840543,0.695876,5.3478978e-08
/home/share/Uni_Eval/HAM10000_clean/ISIC2018/ISIC_0030209.jpg,5,4,0.012884734,0.00013638838,0.022099445,0.0003752024,0.56942177,0.39507613,6.3365633e-06
/home/share/Uni_Eval/HAM10000_clean/ISIC2018/ISIC_0027073.jpg,5,2,0.0052143326,0.007311772,0.5930239,0.0020422353,0.0106831575,0.38172433,2.0112779e-07
/home/share/Uni_Eval/HAM10000_clean/ISIC2018/ISIC_0030219.jpg,5,2,0.12779385,0.0033974804,0.41754353,0.0021683127,0.04073582,0.40832132,3.976503e-05
/home/share/Uni_Eval/HAM10000_clean/ISIC2018/ISIC_0025476.jpg,5,4,0.10991614,0.08674995,0.27623603,0.0005433987,0.29701278,0.2292421,0.0002995483
/home/share/Uni_Eval/HAM10000_clean/ISIC2018/ISIC_0024476.jpg,5,2,0.005086799,0.0019337358,0.80420065,6.951815e-05,0.099848375,0.08886053,3.8103812e-07
/home/share/Uni_Eval/HAM10000_clean/ISIC2018/ISIC_0026560.jpg,5,5,0.0034072653,6.113948e-06,0.0018736465,1.9262222e-06,0.20300812,0.79170084,2.1330711e-06
/home/share/Uni_Eval/HAM10000_clean/ISIC2018/ISIC_0032281.jpg,5,5,8.851403e-05,0.0035765227,0.0015671871,0.001141992,0.28414032,0.7094832,2.283753e-06
/home/share/Uni_Eval/HAM10000_clean/ISIC2018/ISIC_0030425.jpg,5,5,0.012109202,0.0002162034,0.03563561,0.0026573788,0.01896762,0.93041337,6.4670655e-07
/home/share/Uni_Eval/HAM10000_clean/ISIC2018/ISIC_0028130.jpg,5,5,0.042540304,0.0010324729,0.34439802,6.376685e-05,0.05640405,0.5555583,3.0215476e-06
/home/share/Uni_Eval/HAM10000_clean/ISIC2018/ISIC_0026359.jpg,5,5,0.002307393,0.0012690073,0.0017528048,0.0016135896,0.017814564,0.97523504,7.585542e-06
/home/share/Uni_Eval/HAM10000_clean/ISIC2018/ISIC_0030444.jpg,5,5,4.1416763e-05,5.6641585e-07,0.0098238485,2.2626796e-06,0.1529458,0.83718604,5.103833e-08
/home/share/Uni_Eval/HAM10000_clean/ISIC2018/ISIC_0032292.jpg,5,5,4.08904e-05,6.578009e-07,0.0796175,5.980091e-06,0.0069579678,0.9133769,8.7497845e-08
/home/share/Uni_Eval/HAM10000_clean/ISIC2018/ISIC_0032107.jpg,5,5,1.8123208e-05,2.1422197e-07,0.0042433557,6.192343e-07,0.09169662,0.9040406,4.1140797e-07
/home/share/Uni_Eval/HAM10000_clean/ISIC2018/ISIC_0030253.jpg,5,5,0.0015399894,0.0008744968,0.0083675925,0.0005770514,0.02836094,0.9598444,0.0004355267
/home/share/Uni_Eval/HAM10000_clean/ISIC2018/ISIC_0030340.jpg,5,5,0.006222841,0.014231638,0.06145204,0.0064939074,0.43740293,0.47417986,1.6675513e-05
/home/share/Uni_Eval/HAM10000_clean/ISIC2018/ISIC_0028580.jpg,5,5,6.150488e-05,3.2032265e-06,0.00042040116,5.238807e-05,0.00077257527,0.9986885,1.4665998e-06
/home/share/Uni_Eval/HAM10000_clean/ISIC2018/ISIC_0026922.jpg,5,5,1.840349e-05,1.3704207e-06,0.000108377586,1.14216045e-05,0.00061201345,0.99924797,3.3426682e-07
/home/share/Uni_Eval/HAM10000_clean/ISIC2018/ISIC_0026964.jpg,5,5,0.0015370421,2.015744e-06,0.1746125,0.0005962798,0.11281213,0.71043813,1.8262298e-06
/home/share/Uni_Eval/HAM10000_clean/ISIC2018/ISIC_0028905.jpg,5,5,6.546677e-05,0.0010548766,0.0006298932,6.5255466e-05,0.06734294,0.9305451,0.00029653314
/home/share/Uni_Eval/HAM10000_clean/ISIC2018/ISIC_0032327.jpg,5,5,0.0008474523,3.528327e-08,0.22375259,3.563332e-05,0.17176145,0.60360277,8.228994e-08
/home/share/Uni_Eval/HAM10000_clean/ISIC2018/ISIC_0025310.jpg,5,5,0.00036170942,7.602911e-05,0.067325726,1.1876995e-05,0.17102648,0.7611967,1.4905112e-06
/home/share/Uni_Eval/HAM10000_clean/ISIC2018/ISIC_0032423.jpg,5,5,0.020552596,0.0026488518,0.10185642,0.00013164947,0.33573028,0.53905326,2.6924745e-05
/home/share/Uni_Eval/HAM10000_clean/ISIC2018/ISIC_0030873.jpg,5,2,0.063172646,0.00079799356,0.53374463,0.00022154558,0.21996407,0.18201278,8.6341985e-05
/home/share/Uni_Eval/HAM10000_clean/ISIC2018/ISIC_0024363.jpg,5,5,0.00014854179,2.300137e-05,0.0019770556,0.00016383834,0.06000106,0.9376817,4.749372e-06
/home/share/Uni_Eval/HAM10000_clean/ISIC2018/ISIC_0025169.jpg,5,5,0.0044898,0.00011175735,0.030605743,0.00016730957,0.18497771,0.7796164,3.134837e-05
/home/share/Uni_Eval/HAM10000_clean/ISIC2018/ISIC_0030008.jpg,5,5,3.1072777e-05,0.0038417012,0.0053517357,3.403826e-05,0.0043372074,0.98639154,1.2727917e-05
/home/share/Uni_Eval/HAM10000_clean/ISIC2018/ISIC_0031583.jpg,5,5,2.6583542e-05,0.0001547758,0.008075995,2.6817344e-05,0.039255004,0.9523021,0.00015884441
/home/share/Uni_Eval/HAM10000_clean/ISIC2018/ISIC_0025533.jpg,5,5,0.00044098863,0.0074723028,0.019973038,0.00015756198,0.02216585,0.9497399,5.038386e-05
/home/share/Uni_Eval/HAM10000_clean/ISIC2018/ISIC_0028183.jpg,5,5,5.299949e-06,0.00024552277,0.0028754962,1.8208373e-05,0.0014217596,0.9954182,1.557568e-05
/home/share/Uni_Eval/HAM10000_clean/ISIC2018/ISIC_0026658.jpg,5,5,0.00041223745,4.8339978e-05,0.0077251643,0.0054489663,0.0061108917,0.98025286,1.4817588e-06
/home/share/Uni_Eval/HAM10000_clean/ISIC2018/ISIC_0032195.jpg,5,5,0.0001498997,0.00012775829,0.00022325428,5.669337e-05,0.19258226,0.80685806,2.1186675e-06
/home/share/Uni_Eval/HAM10000_clean/ISIC2018/ISIC_0027066.jpg,5,5,0.0045592785,3.1378822e-05,0.01699993,4.2078696e-05,0.025809463,0.95255715,7.4519545e-07
/home/share/Uni_Eval/HAM10000_clean/ISIC2018/ISIC_0024680.jpg,5,5,0.000352194,5.8483114e-05,0.02282565,4.1028812e-05,0.02951867,0.94685715,0.0003468579
/home/share/Uni_Eval/HAM10000_clean/ISIC2018/ISIC_0027091.jpg,5,5,4.316952e-06,1.4506942e-06,0.0029002472,1.43679545e-05,0.0053084283,0.99177104,6.844713e-08
/home/share/Uni_Eval/HAM10000_clean/ISIC2018/ISIC_0024497.jpg,5,2,0.0022200951,0.0016118053,0.8683963,0.00094778306,0.088165015,0.03865735,1.6201047e-06
/home/share/Uni_Eval/HAM10000_clean/ISIC2018/ISIC_0031960.jpg,5,5,0.0031241705,4.5497003e-05,0.010494041,0.001656989,0.0069684805,0.9775289,0.00018200051
/home/share/Uni_Eval/HAM10000_clean/ISIC2018/ISIC_0029554.jpg,5,5,0.020946965,0.01682306,0.019542696,0.0001284232,0.0170143,0.92549795,4.6653913e-05
/home/share/Uni_Eval/HAM10000_clean/ISIC2018/ISIC_0024578.jpg,5,5,0.0035949668,0.0009612739,0.032114033,0.0023264016,0.07675544,0.88386315,0.00038470814
/home/share/Uni_Eval/HAM10000_clean/ISIC2018/ISIC_0027036.jpg,5,5,0.001959131,7.297616e-05,0.12505384,0.00070971437,0.08513203,0.78705394,1.8440885e-05
/home/share/Uni_Eval/HAM10000_clean/ISIC2018/ISIC_0026023.jpg,5,5,0.0012073277,0.19170004,0.01791056,1.6040875e-06,0.23655163,0.54900724,0.0036215545
/home/share/Uni_Eval/HAM10000_clean/ISIC2018/ISIC_0025936.jpg,5,5,2.7257443e-05,8.797325e-07,0.0058821305,2.9332235e-05,0.4922308,0.5018291,5.0929094e-07
/home/share/Uni_Eval/HAM10000_clean/ISIC2018/ISIC_0026216.jpg,5,5,0.0013738088,0.006876323,0.0293006,8.585769e-05,0.40463585,0.5577189,8.69337e-06
/home/share/Uni_Eval/HAM10000_clean/ISIC2018/ISIC_0028987.jpg,5,2,0.14630255,0.00017882587,0.42774847,0.00083147397,0.39085025,0.034082517,5.9114036e-06
/home/share/Uni_Eval/HAM10000_clean/ISIC2018/ISIC_0029075.jpg,5,5,0.0008804787,4.3483058e-05,0.012898857,0.00017111453,0.08865428,0.8973516,2.3047936e-07
/home/share/Uni_Eval/HAM10000_clean/ISIC2018/ISIC_0030451.jpg,5,2,0.014355666,0.000815581,0.58915585,9.176576e-06,0.053230934,0.3424055,2.7306833e-05
/home/share/Uni_Eval/HAM10000_clean/ISIC2018/ISIC_0027137.jpg,5,5,0.00052796205,6.751684e-05,0.0029824197,9.231038e-05,0.1059643,0.89036447,1.0609933e-06
/home/share/Uni_Eval/HAM10000_clean/ISIC2018/ISIC_0030833.jpg,5,2,0.070910975,0.0027010576,0.6263137,0.00050452555,0.04958612,0.24997142,1.215979e-05
/home/share/Uni_Eval/HAM10000_clean/ISIC2018/ISIC_0030635.jpg,5,5,0.0026531382,0.0009465813,0.1697367,0.0009933133,0.004852529,0.819926,0.0008917625
/home/share/Uni_Eval/HAM10000_clean/ISIC2018/ISIC_0031991.jpg,5,5,0.0063883085,0.00023425226,0.22845082,0.01237563,0.01571839,0.7368321,4.2961406e-07
/home/share/Uni_Eval/HAM10000_clean/ISIC2018/ISIC_0029470.jpg,5,5,1.968708e-05,1.3699416e-06,0.0028954714,0.00020259811,0.14799273,0.8488877,4.747992e-07
/home/share/Uni_Eval/HAM10000_clean/ISIC2018/ISIC_0026488.jpg,5,5,0.0016408762,0.008778532,0.14121543,0.00024275082,0.065648854,0.7822799,0.00019364455
/home/share/Uni_Eval/HAM10000_clean/ISIC2018/ISIC_0027098.jpg,5,4,0.007995913,0.008576845,0.03424501,0.00038824,0.7032419,0.24555162,5.077579e-07
/home/share/Uni_Eval/HAM10000_clean/ISIC2018/ISIC_0025571.jpg,5,5,0.0021396978,0.0156373,0.024413813,0.0028296744,0.3022655,0.6526747,3.9349507e-05
/home/share/Uni_Eval/HAM10000_clean/ISIC2018/ISIC_0024466.jpg,5,2,0.016860768,0.0043320768,0.4893294,0.0027480295,0.07832907,0.40829974,0.00010093381
/home/share/Uni_Eval/HAM10000_clean/ISIC2018/ISIC_0025892.jpg,5,5,0.001131104,0.000864243,0.0047758105,1.9588282e-05,0.2217883,0.77141917,1.7392504e-06
/home/share/Uni_Eval/HAM10000_clean/ISIC2018/ISIC_0025488.jpg,5,5,4.047391e-07,0.00020157346,3.3895547e-05,0.00014227428,0.004221237,0.9953986,2.027186e-06
/home/share/Uni_Eval/HAM10000_clean/ISIC2018/ISIC_0027997.jpg,5,5,0.012730048,0.36383346,0.047200043,0.000852753,0.07097426,0.4991311,0.0052783396
/home/share/Uni_Eval/HAM10000_clean/ISIC2018/ISIC_0027578.jpg,5,5,0.0011494567,2.9585453e-06,0.0090731885,2.8509062e-06,0.029513272,0.9602583,5.744253e-09
/home/share/Uni_Eval/HAM10000_clean/ISIC2018/ISIC_0027475.jpg,5,5,1.0861659e-06,5.6993636e-06,0.000767933,0.00012402204,0.03794401,0.9611516,5.6998797e-06
/home/share/Uni_Eval/HAM10000_clean/ISIC2018/ISIC_0031304.jpg,5,5,0.027227676,0.0016999192,0.03297088,0.00019909372,0.05871595,0.87917733,9.041588e-06
/home/share/Uni_Eval/HAM10000_clean/ISIC2018/ISIC_0028809.jpg,5,5,3.9108683e-05,0.0015542903,0.014164519,6.56751e-05,0.022921547,0.9612496,5.2327237e-06
/home/share/Uni_Eval/HAM10000_clean/ISIC2018/ISIC_0028464.jpg,5,5,0.0023788176,0.20561102,0.08783364,0.008606174,0.05468695,0.6408705,1.28814e-05
/home/share/Uni_Eval/HAM10000_clean/ISIC2018/ISIC_0027798.jpg,5,5,1.7465545e-05,4.4104763e-06,0.003756777,7.887055e-07,0.018369498,0.97784525,5.768739e-06
/home/share/Uni_Eval/HAM10000_clean/ISIC2018/ISIC_0024916.jpg,5,5,2.2302056e-06,1.11000045e-05,0.0005394435,0.00048943557,0.003094188,0.9332423,0.06262132
/home/share/Uni_Eval/HAM10000_clean/ISIC2018/ISIC_0030839.jpg,5,2,0.06275025,0.00031674886,0.75459266,0.0021194653,0.045980856,0.13423924,8.1896576e-07
/home/share/Uni_Eval/HAM10000_clean/ISIC2018/ISIC_0030593.jpg,5,5,7.219268e-05,1.9636293e-07,0.0011868798,6.301269e-05,0.052393675,0.9462836,3.8028318e-07
/home/share/Uni_Eval/HAM10000_clean/ISIC2018/ISIC_0030847.jpg,5,4,0.004607038,0.0016325793,0.13166523,0.0008578861,0.5705848,0.29064348,9.025739e-06
/home/share/Uni_Eval/HAM10000_clean/ISIC2018/ISIC_0029560.jpg,5,5,0.0019603693,0.00013184907,0.0021320404,0.00048409484,0.02025608,0.9750309,4.730987e-06
/home/share/Uni_Eval/HAM10000_clean/ISIC2018/ISIC_0027849.jpg,5,2,0.04389432,0.005474535,0.38318703,0.0008800438,0.1958482,0.3707073,8.598622e-06
/home/share/Uni_Eval/HAM10000_clean/ISIC2018/ISIC_0025681.jpg,5,5,0.0012497212,9.481928e-05,0.007855961,0.002086894,0.07325422,0.9154573,1.0832059e-06
/home/share/Uni_Eval/HAM10000_clean/ISIC2018/ISIC_0030912.jpg,5,4,0.0010973413,0.25364205,0.013915733,6.826324e-05,0.3891214,0.33687595,0.00527931
/home/share/Uni_Eval/HAM10000_clean/ISIC2018/ISIC_0027783.jpg,5,5,0.00043402784,0.018196035,0.41714495,0.00031787076,0.032579023,0.53123313,9.50643e-05
/home/share/Uni_Eval/HAM10000_clean/ISIC2018/ISIC_0026991.jpg,5,5,7.5304393e-07,0.00022796459,0.00041482033,1.434843e-05,0.0080396775,0.9912417,6.0804963e-05
/home/share/Uni_Eval/HAM10000_clean/ISIC2018/ISIC_0025065.jpg,5,5,7.356234e-05,0.0014124461,0.0026649984,0.0009756385,0.0771937,0.91767216,7.671865e-06
/home/share/Uni_Eval/HAM10000_clean/ISIC2018/ISIC_0026333.jpg,5,5,6.031884e-07,3.18912e-08,0.0012323017,1.0524032e-07,0.06696393,0.93179953,3.5913704e-06
/home/share/Uni_Eval/HAM10000_clean/ISIC2018/ISIC_0028477.jpg,5,5,1.28821375e-05,0.0003112656,0.000578649,1.4499159e-05,0.005968417,0.9930656,4.8726644e-05
/home/share/Uni_Eval/HAM10000_clean/ISIC2018/ISIC_0026603.jpg,5,5,5.675964e-07,8.738938e-05,0.0004978831,2.8221984e-06,0.012073266,0.9873169,2.1223472e-05
/home/share/Uni_Eval/HAM10000_clean/ISIC2018/ISIC_0025323.jpg,5,5,2.7707256e-07,3.318206e-07,0.0002585554,2.1889877e-05,0.006782446,0.9929234,1.30737235e-05
/home/share/Uni_Eval/HAM10000_clean/ISIC2018/ISIC_0024857.jpg,5,5,1.6306486e-06,0.00016445557,0.02835304,1.3631e-06,9.7692406e-05,0.9711185,0.00026325733
/home/share/Uni_Eval/HAM10000_clean/ISIC2018/ISIC_0026295.jpg,5,5,1.3012786e-05,0.00039086342,0.0004702243,0.0023895826,0.037197474,0.95767856,0.0018602351
/home/share/Uni_Eval/HAM10000_clean/ISIC2018/ISIC_0030485.jpg,5,5,7.9817164e-07,9.643588e-08,0.0015320571,4.758625e-07,0.0035392218,0.9949269,4.4187388e-07
/home/share/Uni_Eval/HAM10000_clean/ISIC2018/ISIC_0029055.jpg,5,5,1.3238495e-07,1.1444568e-05,0.01810732,1.6637994e-06,0.009137151,0.97271425,2.7994616e-05
/home/share/Uni_Eval/HAM10000_clean/ISIC2018/ISIC_0028067.jpg,5,5,1.6588959e-07,2.8245236e-07,0.00041238387,1.0958762e-06,0.0412715,0.9582427,7.1931725e-05
/home/share/Uni_Eval/HAM10000_clean/ISIC2018/ISIC_0030977.jpg,5,5,1.7512169e-06,1.6300548e-06,0.00024713503,8.851477e-06,0.0039966255,0.99573636,7.555101e-06
/home/share/Uni_Eval/HAM10000_clean/ISIC2018/ISIC_0024821.jpg,5,5,0.00035404146,0.0006982126,0.020000132,0.00052789494,0.005691392,0.97261375,0.00011457512
/home/share/Uni_Eval/HAM10000_clean/ISIC2018/ISIC_0029759.jpg,5,5,1.0791308e-07,1.3311496e-06,0.00016244531,3.1941468e-07,0.0002898902,0.99842864,0.0011172538
/home/share/Uni_Eval/HAM10000_clean/ISIC2018/ISIC_0030348.jpg,5,5,5.022491e-06,2.0402093e-05,0.0010081332,1.4343849e-06,0.034070686,0.9647683,0.00012621118
/home/share/Uni_Eval/HAM10000_clean/ISIC2018/ISIC_0024617.jpg,5,5,7.2659736e-07,2.8302557e-06,0.042834476,4.088381e-07,0.037361216,0.9197869,1.3455488e-05
/home/share/Uni_Eval/HAM10000_clean/ISIC2018/ISIC_0026942.jpg,5,5,1.9178056e-05,6.745179e-07,0.11768611,0.000692685,0.017111616,0.86447763,1.2001492e-05
/home/share/Uni_Eval/HAM10000_clean/ISIC2018/ISIC_0030710.jpg,5,5,6.472892e-08,7.3354686e-06,0.019565795,9.375039e-05,0.0038105687,0.97651553,7.008972e-06
/home/share/Uni_Eval/HAM10000_clean/ISIC2018/ISIC_0030963.jpg,5,5,1.6744337e-08,7.563418e-09,6.091653e-05,1.0185597e-06,0.0059657088,0.9939615,1.0809634e-05
/home/share/Uni_Eval/HAM10000_clean/ISIC2018/ISIC_0030890.jpg,5,5,3.0688685e-08,2.2599952e-06,0.00128105,3.095535e-06,0.07307495,0.92476237,0.0008762812
/home/share/Uni_Eval/HAM10000_clean/ISIC2018/ISIC_0031896.jpg,5,5,8.887576e-09,4.2247703e-07,0.00026896578,8.30293e-08,0.06462109,0.9348809,0.00022847152
/home/share/Uni_Eval/HAM10000_clean/ISIC2018/ISIC_0025956.jpg,5,5,9.2493416e-08,9.867446e-10,0.008403896,1.1187718e-06,0.11780038,0.8737945,2.5142306e-08
/home/share/Uni_Eval/HAM10000_clean/ISIC2018/ISIC_0025860.jpg,5,5,4.110494e-07,3.811045e-07,0.00035430535,1.9022799e-06,0.0012374842,0.9984041,1.5043537e-06
/home/share/Uni_Eval/HAM10000_clean/ISIC2018/ISIC_0025473.jpg,5,5,2.0343516e-05,0.00013981754,0.002767758,4.2429943e-05,0.0013471452,0.99547017,0.00021226669
/home/share/Uni_Eval/HAM10000_clean/ISIC2018/ISIC_0024540.jpg,5,5,8.3476024e-08,1.3346505e-05,0.020105334,3.1361162e-07,0.0794323,0.9003211,0.0001275366
/home/share/Uni_Eval/HAM10000_clean/ISIC2018/ISIC_0032020.jpg,5,5,1.6436724e-07,6.823815e-09,0.07755343,3.2242163e-08,0.004655091,0.9177896,1.7377527e-06
/home/share/Uni_Eval/HAM10000_clean/ISIC2018/ISIC_0028632.jpg,5,2,0.013556344,0.00353165,0.7528017,0.014215546,0.09799159,0.1175771,0.00032613988
/home/share/Uni_Eval/HAM10000_clean/ISIC2018/ISIC_0029537.jpg,5,5,2.1811358e-05,3.2725318e-08,0.00016508595,7.754245e-08,0.01860966,0.981201,2.3107543e-06
/home/share/Uni_Eval/HAM10000_clean/ISIC2018/ISIC_0027431.jpg,5,5,5.530354e-05,2.0508045e-05,0.049718823,2.109523e-05,0.083949946,0.8660394,0.00019498784
/home/share/Uni_Eval/HAM10000_clean/ISIC2018/ISIC_0031395.jpg,5,4,0.025099518,0.010733421,0.022495082,0.0006850727,0.59466165,0.34625456,7.063142e-05
/home/share/Uni_Eval/HAM10000_clean/ISIC2018/ISIC_0025897.jpg,5,5,0.00069090264,1.527878e-05,0.00773965,0.0002198543,0.023649542,0.9674693,0.00021553306
/home/share/Uni_Eval/HAM10000_clean/ISIC2018/ISIC_0033537.jpg,5,5,0.0020019324,0.0026810758,0.1894357,0.014358466,0.19230643,0.59875,0.0004664019
/home/share/Uni_Eval/HAM10000_clean/ISIC2018/ISIC_0032682.jpg,5,5,0.0028511574,0.0008731076,0.14296305,0.0065880567,0.07885314,0.76778495,8.654875e-05
/home/share/Uni_Eval/HAM10000_clean/ISIC2018/ISIC_0032616.jpg,5,5,0.00054002024,0.0003106679,0.039357066,0.00039941288,0.0076250737,0.95137984,0.0003879318
/home/share/Uni_Eval/HAM10000_clean/ISIC2018/ISIC_0033139.jpg,5,5,0.0029632861,0.004641083,0.18368322,0.0037452409,0.004922118,0.7999748,7.02357e-05
/home/share/Uni_Eval/HAM10000_clean/ISIC2018/ISIC_0033418.jpg,5,5,3.6962956e-05,1.1370141e-05,0.0016835524,0.016635003,0.090249054,0.8913789,5.1625393e-06
/home/share/Uni_Eval/HAM10000_clean/ISIC2018/ISIC_0033364.jpg,5,4,0.2818461,3.5535213e-05,0.18360074,0.03468926,0.347882,0.1519209,2.5504605e-05
/home/share/Uni_Eval/HAM10000_clean/ISIC2018/ISIC_0034098.jpg,5,5,4.0958735e-06,0.00027970455,4.5258064e-05,0.00017401967,0.023165159,0.9763315,2.8973724e-07
/home/share/Uni_Eval/HAM10000_clean/ISIC2018/ISIC_0033040.jpg,5,5,4.1170933e-06,8.8339e-07,0.0009872952,0.00021798136,0.002454574,0.99633396,1.2256481e-06
/home/share/Uni_Eval/HAM10000_clean/ISIC2018/ISIC_0032868.jpg,5,5,4.3815216e-05,5.453315e-06,0.0014170193,0.003054102,7.5927586e-05,0.99540305,5.5953035e-07
/home/share/Uni_Eval/HAM10000_clean/ISIC2018/ISIC_0034018.jpg,5,5,9.677073e-07,9.066928e-08,0.0006599401,3.2269313e-06,0.0018401928,0.99749506,5.618287e-07
/home/share/Uni_Eval/HAM10000_clean/ISIC2018/ISIC_0033464.jpg,5,5,3.3647736e-06,6.805169e-08,0.0006971189,1.5266098e-05,0.0012691702,0.99801457,4.4555796e-07
/home/share/Uni_Eval/HAM10000_clean/ISIC2018/ISIC_0033970.jpg,5,5,4.7201385e-05,6.2273775e-06,0.015648859,4.8799906e-05,0.025849322,0.95835423,4.528905e-05
/home/share/Uni_Eval/HAM10000_clean/ISIC2018/ISIC_0033896.jpg,5,5,0.00092566886,6.127813e-05,0.0664335,0.010231965,0.11384247,0.8084611,4.3972705e-05
/home/share/Uni_Eval/HAM10000_clean/ISIC2018/ISIC_0032402.jpg,5,5,9.627228e-06,0.00016752302,0.00023684988,0.0019128636,0.0122805005,0.98503125,0.00036133075
/home/share/Uni_Eval/HAM10000_clean/ISIC2018/ISIC_0034309.jpg,5,5,5.1741386e-06,8.702396e-07,0.00063356943,0.0007975019,0.0010250302,0.99753594,1.9418753e-06
/home/share/Uni_Eval/HAM10000_clean/ISIC2018/ISIC_0033043.jpg,5,5,4.2692565e-05,4.6375962e-06,0.014161159,0.0034624836,0.09079593,0.8912851,0.00024794423
/home/share/Uni_Eval/HAM10000_clean/ISIC2018/ISIC_0032562.jpg,5,5,5.5791366e-05,6.045523e-09,0.005778833,8.58117e-05,0.024467882,0.96961087,8.9656623e-07
/home/share/Uni_Eval/HAM10000_clean/ISIC2018/ISIC_0033421.jpg,5,5,0.00079687,0.0009850481,0.0053559407,0.006177562,0.15649599,0.83018345,5.2077667e-06
/home/share/Uni_Eval/HAM10000_clean/ISIC2018/ISIC_0033467.jpg,5,5,1.0165408e-06,1.3646795e-07,9.0576985e-05,9.1533975e-06,0.011669479,0.9882295,6.5828914e-08
/home/share/Uni_Eval/HAM10000_clean/ISIC2018/ISIC_0032996.jpg,5,5,9.451042e-07,5.192512e-05,0.00010032586,4.2847318e-05,0.00609823,0.9936672,3.8557824e-05
/home/share/Uni_Eval/HAM10000_clean/ISIC2018/ISIC_0033623.jpg,5,5,5.887988e-05,0.0008858685,0.0010657401,0.009788755,0.009297552,0.97885495,4.8130107e-05
/home/share/Uni_Eval/HAM10000_clean/ISIC2018/ISIC_0033383.jpg,5,5,1.4096148e-06,2.0113253e-06,9.795053e-05,0.0004298273,0.018793693,0.9806738,1.3517275e-06
/home/share/Uni_Eval/HAM10000_clean/ISIC2018/ISIC_0032634.jpg,5,5,0.0021935082,0.00024550798,0.107388176,0.0072991117,0.09676001,0.78568584,0.00042787386
/home/share/Uni_Eval/HAM10000_clean/ISIC2018/ISIC_0033751.jpg,5,5,4.2828773e-07,1.2768667e-06,0.0012105323,0.00018589731,0.0044635357,0.9941338,4.459172e-06
/home/share/Uni_Eval/HAM10000_clean/ISIC2018/ISIC_0033065.jpg,5,5,2.58851e-08,2.1768511e-09,0.00038584712,7.859431e-08,0.0055872775,0.99401975,7.0193364e-06
/home/share/Uni_Eval/HAM10000_clean/ISIC2018/ISIC_0033353.jpg,5,5,8.839928e-05,0.002302829,0.0018085474,0.081148006,0.01437138,0.9001618,0.00011908397
/home/share/Uni_Eval/HAM10000_clean/ISIC2018/ISIC_0034019.jpg,5,5,0.00042056583,0.00019785596,0.00059740007,0.0012762389,0.005555471,0.99189633,5.6219753e-05
/home/share/Uni_Eval/HAM10000_clean/ISIC2018/ISIC_0034154.jpg,5,5,6.373354e-06,3.251677e-07,0.009687314,1.3272864e-07,0.032870825,0.95500135,0.002433685
/home/share/Uni_Eval/HAM10000_clean/ISIC2018/ISIC_0033597.jpg,5,5,0.00022438356,6.0284467e-05,0.07155525,0.0009700051,0.046605814,0.8805426,4.1695796e-05
/home/share/Uni_Eval/HAM10000_clean/ISIC2018/ISIC_0033330.jpg,5,5,3.2300409e-06,2.8391458e-05,5.9890837e-05,0.00018571664,0.0014773624,0.9981317,0.000113666814
/home/share/Uni_Eval/HAM10000_clean/ISIC2018/ISIC_0033982.jpg,5,5,4.6746092e-07,1.062966e-06,0.0007571661,0.001362669,0.0046183453,0.9932087,5.1632844e-05
/home/share/Uni_Eval/HAM10000_clean/ISIC2018/ISIC_0027265.jpg,5,5,0.00033874618,0.00011697391,0.25725272,0.00035960236,0.2483837,0.49354002,8.238188e-06
/home/share/Uni_Eval/HAM10000_clean/ISIC2018/ISIC_0030038.jpg,5,5,4.9585856e-06,0.00044057047,0.00059748447,0.00017814632,0.052677903,0.94516224,0.0009387522
/home/share/Uni_Eval/HAM10000_clean/ISIC2018/ISIC_0027345.jpg,5,5,7.4201644e-08,3.9941064e-05,0.0002641166,3.2379162e-06,0.06215688,0.93744916,8.6623746e-05
/home/share/Uni_Eval/HAM10000_clean/ISIC2018/ISIC_0031299.jpg,5,5,3.947727e-06,1.8965369e-06,5.500489e-05,9.1261296e-05,0.0107841,0.98896796,9.591824e-05
/home/share/Uni_Eval/HAM10000_clean/ISIC2018/ISIC_0029915.jpg,0,5,0.0109378705,0.05948018,0.11992214,0.1126777,0.12246788,0.53795576,0.036558352
/home/share/Uni_Eval/HAM10000_clean/ISIC2018/ISIC_0033456.jpg,0,0,0.99313194,0.0004529275,0.004944428,0.00051349425,0.00095413736,2.6788102e-06,3.9267866e-07
/home/share/Uni_Eval/HAM10000_clean/ISIC2018/ISIC_0031191.jpg,0,2,0.11723543,8.6541935e-05,0.6851257,0.00014885112,0.18016548,0.017215617,2.2339009e-05
/home/share/Uni_Eval/HAM10000_clean/ISIC2018/ISIC_0025948.jpg,0,4,0.011933169,0.28661275,0.20190315,0.00035356748,0.46753946,0.03164663,1.1296427e-05
/home/share/Uni_Eval/HAM10000_clean/ISIC2018/ISIC_0030803.jpg,0,2,0.102676965,0.06366999,0.5594943,0.15770979,0.109797485,0.0065188007,0.00013263659
/home/share/Uni_Eval/HAM10000_clean/ISIC2018/ISIC_0025069.jpg,0,0,0.4359417,0.029456789,0.35793087,0.00030772164,0.15845257,0.017831644,7.868674e-05
/home/share/Uni_Eval/HAM10000_clean/ISIC2018/ISIC_0028232.jpg,0,0,0.8836034,0.0007202856,0.0072562373,0.000288747,0.10777964,0.00032451897,2.7201912e-05
/home/share/Uni_Eval/HAM10000_clean/ISIC2018/ISIC_0029067.jpg,0,0,0.5100932,0.0302412,0.33782968,0.0067498116,0.108756386,0.0062678186,6.189292e-05
/home/share/Uni_Eval/HAM10000_clean/ISIC2018/ISIC_0025539.jpg,0,2,0.09329301,0.0030418583,0.6929172,0.001122754,0.05303967,0.15657303,1.2461731e-05
/home/share/Uni_Eval/HAM10000_clean/ISIC2018/ISIC_0030191.jpg,0,4,0.27418905,0.0006138025,0.18649764,0.00010879463,0.3538721,0.1847175,1.1158778e-06
/home/share/Uni_Eval/HAM10000_clean/ISIC2018/ISIC_0031043.jpg,0,4,0.020188916,0.005618993,0.1940223,0.0021779703,0.48990202,0.28799668,9.307413e-05
/home/share/Uni_Eval/HAM10000_clean/ISIC2018/ISIC_0032455.jpg,0,0,0.9236358,0.001479601,0.06781034,0.0023129287,0.0022343812,0.0025204928,6.4273354e-06
/home/share/Uni_Eval/HAM10000_clean/ISIC2018/ISIC_0027896.jpg,0,0,0.91697305,0.00456158,0.07121647,0.00012526805,0.0014348092,0.005688684,1.39036e-07
/home/share/Uni_Eval/HAM10000_clean/ISIC2018/ISIC_0031044.jpg,0,0,0.9986625,0.00024143199,0.00024916668,0.0003627358,0.0004260445,5.6207497e-05,1.9111067e-06
/home/share/Uni_Eval/HAM10000_clean/ISIC2018/ISIC_0031012.jpg,0,4,0.1458675,0.0031429539,0.014354991,0.00019095474,0.82201886,0.014418441,6.283542e-06
/home/share/Uni_Eval/HAM10000_clean/ISIC2018/ISIC_0029533.jpg,0,0,0.58274317,0.018578848,0.07632236,0.0010416501,0.311793,0.009511321,9.58424e-06
/home/share/Uni_Eval/HAM10000_clean/ISIC2018/ISIC_0026992.jpg,0,0,0.95812297,0.0046172384,0.022269377,0.002887185,0.011660361,0.00044269173,2.3273836e-07
/home/share/Uni_Eval/HAM10000_clean/ISIC2018/ISIC_0025825.jpg,0,0,0.98255527,5.661226e-05,0.014384989,2.795575e-05,0.000393516,0.0025815952,1.1393453e-07
/home/share/Uni_Eval/HAM10000_clean/ISIC2018/ISIC_0026645.jpg,0,4,0.36981282,0.009162767,0.1118138,0.00020425074,0.5018951,0.0071089286,2.3370344e-06
/home/share/Uni_Eval/HAM10000_clean/ISIC2018/ISIC_0029811.jpg,0,0,0.83292246,0.016254677,0.064616956,0.020019738,0.049778208,0.01610813,0.00029981075
/home/share/Uni_Eval/HAM10000_clean/ISIC2018/ISIC_0027178.jpg,0,2,0.3367212,0.0005382386,0.3771954,0.00039068624,0.22331864,0.06183166,4.1720255e-06
/home/share/Uni_Eval/HAM10000_clean/ISIC2018/ISIC_0028872.jpg,0,0,0.900393,0.0025221785,0.021967545,0.015668264,0.017492637,0.0419512,5.1686156e-06
/home/share/Uni_Eval/HAM10000_clean/ISIC2018/ISIC_0031292.jpg,0,0,0.8127,0.007098351,0.15669179,0.0014833353,0.014946228,0.0070770183,3.2996722e-06
/home/share/Uni_Eval/HAM10000_clean/ISIC2018/ISIC_0033494.jpg,0,2,0.12274169,0.018633561,0.8242879,0.029988714,0.003965716,0.0003698624,1.2532698e-05
/home/share/Uni_Eval/HAM10000_clean/ISIC2018/ISIC_0026014.jpg,0,0,0.5848505,0.18354838,0.079725966,0.0125932535,0.1289658,0.010304266,1.187464e-05
/home/share/Uni_Eval/HAM10000_clean/ISIC2018/ISIC_0026549.jpg,0,0,0.5104528,0.07681371,0.0358786,0.0009386537,0.10391587,0.2712244,0.0007759854
/home/share/Uni_Eval/HAM10000_clean/ISIC2018/ISIC_0030387.jpg,0,0,0.5036958,0.112605445,0.1576124,0.009676194,0.0044026696,0.21167564,0.0003318165
/home/share/Uni_Eval/HAM10000_clean/ISIC2018/ISIC_0029573.jpg,0,2,0.29127553,0.1276968,0.48524663,0.034877416,0.02120126,0.03906577,0.00063668017
/home/share/Uni_Eval/HAM10000_clean/ISIC2018/ISIC_0029268.jpg,0,5,0.18581846,0.0028043967,0.07717285,0.0047372784,0.16722934,0.56222355,1.4101869e-05
/home/share/Uni_Eval/HAM10000_clean/ISIC2018/ISIC_0029598.jpg,0,2,0.006702119,0.14092514,0.7951157,0.014041473,0.004252134,0.038863413,0.00010005174
/home/share/Uni_Eval/HAM10000_clean/ISIC2018/ISIC_0029781.jpg,0,0,0.78942335,0.0009966505,0.16126451,0.0006998449,0.047336698,0.00026614784,1.2757436e-05
/home/share/Uni_Eval/HAM10000_clean/ISIC2018/ISIC_0025247.jpg,0,0,0.82047766,0.014441728,0.08147446,0.04947419,0.00049922295,0.033587165,4.5579873e-05
/home/share/Uni_Eval/HAM10000_clean/ISIC2018/ISIC_0028499.jpg,0,0,0.8332194,0.019642022,0.13013794,0.0033354643,0.006569635,0.007085512,1.0067383e-05
/home/share/Uni_Eval/HAM10000_clean/ISIC2018/ISIC_0030591.jpg,0,0,0.85044634,0.0019238415,0.011147925,0.030245345,0.0847002,0.021518856,1.7525463e-05
/home/share/Uni_Eval/HAM10000_clean/ISIC2018/ISIC_0029638.jpg,0,0,0.9448476,0.0007566609,0.0065353275,0.020012438,0.00592231,0.021924183,1.5312638e-06
/home/share/Uni_Eval/HAM10000_clean/ISIC2018/ISIC_0026132.jpg,0,0,0.38991767,0.1321743,0.2767922,0.012459964,0.1566008,0.031844776,0.00021028993
/home/share/Uni_Eval/HAM10000_clean/ISIC2018/ISIC_0024763.jpg,0,0,0.9081503,6.908117e-05,0.0039215055,3.9798673e-05,0.085080124,0.0024929314,0.0002462532
/home/share/Uni_Eval/HAM10000_clean/ISIC2018/ISIC_0028076.jpg,0,0,0.7783111,0.0017586441,0.07000167,0.0009384383,0.1462154,0.0027717347,2.985458e-06
/home/share/Uni_Eval/HAM10000_clean/ISIC2018/ISIC_0025957.jpg,0,0,0.6481784,0.16839527,0.12873751,0.0008889783,0.024488091,0.029275939,3.591295e-05
/home/share/Uni_Eval/HAM10000_clean/ISIC2018/ISIC_0031927.jpg,0,2,0.11001097,0.0037004142,0.5408748,0.001802805,0.010614658,0.3329936,2.6962437e-06
/home/share/Uni_Eval/HAM10000_clean/ISIC2018/ISIC_0025264.jpg,0,2,0.11329146,0.20599365,0.32996532,0.027333492,0.21587671,0.10634766,0.0011917842
/home/share/Uni_Eval/HAM10000_clean/ISIC2018/ISIC_0026457.jpg,0,2,0.20856379,0.0025670042,0.75718474,5.2999934e-05,0.0072139427,0.024414297,3.263408e-06
/home/share/Uni_Eval/HAM10000_clean/ISIC2018/ISIC_0028763.jpg,0,4,0.022159612,0.21017519,0.122770034,0.00062998844,0.5403153,0.10374503,0.0002048785
/home/share/Uni_Eval/HAM10000_clean/ISIC2018/ISIC_0025780.jpg,0,0,0.9368405,7.117392e-05,0.04057526,0.00034753245,0.019426126,0.0027338164,5.760858e-06
/home/share/Uni_Eval/HAM10000_clean/ISIC2018/ISIC_0027452.jpg,0,0,0.67287093,0.0050414545,0.22437021,0.0020536205,0.06520189,0.03036543,9.642171e-05
/home/share/Uni_Eval/HAM10000_clean/ISIC2018/ISIC_0027884.jpg,0,0,0.44170752,0.42897904,0.057184972,0.00017580259,0.030544974,0.041086894,0.0003207561
/home/share/Uni_Eval/HAM10000_clean/ISIC2018/ISIC_0027950.jpg,0,5,0.2844439,0.00657474,0.048506193,0.00016865975,0.13171409,0.52853966,5.2698084e-05
/home/share/Uni_Eval/HAM10000_clean/ISIC2018/ISIC_0033536.jpg,0,0,0.8421709,0.020870974,0.054444816,0.019430947,0.0136815915,0.04936364,3.7214366e-05
/home/share/Uni_Eval/HAM10000_clean/ISIC2018/ISIC_0032854.jpg,0,0,0.82185215,0.00048004568,0.16772875,0.00021630502,0.009359602,0.00036153165,1.5705222e-06
