filename,true_label,predicted_label,probability_class_0,probability_class_1,probability_class_2,probability_class_3,probability_class_4,probability_class_5,probability_class_6
/home/share/Uni_Eval/HAM10000_clean/ISIC2018/ISIC_0025661.jpg,2,2,0.102974124,0.1644028,0.31746787,0.022538813,0.20395997,0.16940767,0.019248798
/home/share/Uni_Eval/HAM10000_clean/ISIC2018/ISIC_0027850.jpg,2,4,0.08206659,0.15503749,0.23915084,0.019555124,0.34202343,0.13601008,0.026156507
/home/share/Uni_Eval/HAM10000_clean/ISIC2018/ISIC_0029068.jpg,2,5,0.067453384,0.24888463,0.21130705,0.026413005,0.11792771,0.27672997,0.051284257
/home/share/Uni_Eval/HAM10000_clean/ISIC2018/ISIC_0025984.jpg,2,5,0.034511827,0.06668947,0.14413078,0.014079011,0.104275,0.6214908,0.014823126
/home/share/Uni_Eval/HAM10000_clean/ISIC2018/ISIC_0032417.jpg,2,5,0.034416426,0.045882866,0.19083996,0.013913292,0.10770327,0.59502363,0.012220534
/home/share/Uni_Eval/HAM10000_clean/ISIC2018/ISIC_0027310.jpg,2,5,0.044134755,0.07461492,0.19389252,0.01775602,0.18471399,0.46775386,0.017133886
/home/share/Uni_Eval/HAM10000_clean/ISIC2018/ISIC_0025937.jpg,2,5,0.059598587,0.12370363,0.24241601,0.021647016,0.17040116,0.358902,0.023331597
/home/share/Uni_Eval/HAM10000_clean/ISIC2018/ISIC_0027828.jpg,2,5,0.02321616,0.0413976,0.10267625,0.01123824,0.19117953,0.61562073,0.014671589
/home/share/Uni_Eval/HAM10000_clean/ISIC2018/ISIC_0030698.jpg,2,5,0.01640049,0.020185268,0.1105349,0.00817565,0.07324353,0.7627793,0.008680901
/home/share/Uni_Eval/HAM10000_clean/ISIC2018/ISIC_0024981.jpg,2,5,0.04343074,0.07975765,0.21221556,0.017011732,0.23189142,0.39803928,0.017653706
/home/share/Uni_Eval/HAM10000_clean/ISIC2018/ISIC_0027053.jpg,2,5,0.03743345,0.065091245,0.13272396,0.013163992,0.26559633,0.47298008,0.013011027
/home/share/Uni_Eval/HAM10000_clean/ISIC2018/ISIC_0025819.jpg,2,5,0.059867367,0.062994294,0.2744827,0.01666008,0.10743092,0.46945307,0.009111575
/home/share/Uni_Eval/HAM10000_clean/ISIC2018/ISIC_0032013.jpg,2,5,0.04879821,0.0439201,0.21546626,0.0142454365,0.08489508,0.58513564,0.0075392947
/home/share/Uni_Eval/HAM10000_clean/ISIC2018/ISIC_0025099.jpg,2,5,0.027015109,0.06732363,0.09570085,0.013846681,0.1808696,0.5909608,0.024283323
/home/share/Uni_Eval/HAM10000_clean/ISIC2018/ISIC_0029289.jpg,2,5,0.02389428,0.049842227,0.07858026,0.011488918,0.07426872,0.74931806,0.0126076015
/home/share/Uni_Eval/HAM10000_clean/ISIC2018/ISIC_0032283.jpg,2,5,0.073191345,0.14486708,0.25564796,0.019332161,0.17863603,0.3033746,0.024950912
/home/share/Uni_Eval/HAM10000_clean/ISIC2018/ISIC_0031624.jpg,2,5,0.04061118,0.060576558,0.21798638,0.01557029,0.24159144,0.4038056,0.019858478
/home/share/Uni_Eval/HAM10000_clean/ISIC2018/ISIC_0029060.jpg,2,5,0.030219816,0.033550926,0.15744984,0.011786896,0.10934386,0.64954394,0.00810477
/home/share/Uni_Eval/HAM10000_clean/ISIC2018/ISIC_0032306.jpg,2,5,0.052786686,0.04470501,0.22001329,0.014589176,0.12916102,0.52981955,0.008925273
/home/share/Uni_Eval/HAM10000_clean/ISIC2018/ISIC_0027957.jpg,2,5,0.038819224,0.0857319,0.13058394,0.017538087,0.16002753,0.54663855,0.020660764
/home/share/Uni_Eval/HAM10000_clean/ISIC2018/ISIC_0032382.jpg,2,5,0.04622811,0.099769674,0.17103074,0.016773637,0.11837626,0.5297313,0.018090283
/home/share/Uni_Eval/HAM10000_clean/ISIC2018/ISIC_0029674.jpg,2,5,0.03561665,0.07286271,0.15234584,0.01444702,0.1273614,0.5776877,0.019678755
/home/share/Uni_Eval/HAM10000_clean/ISIC2018/ISIC_0024623.jpg,2,2,0.07131259,0.13562648,0.36430606,0.017447485,0.28651604,0.08981856,0.03497281
/home/share/Uni_Eval/HAM10000_clean/ISIC2018/ISIC_0032929.jpg,2,2,0.121659994,0.11611689,0.2977218,0.023344673,0.12672964,0.29293483,0.02149218
/home/share/Uni_Eval/HAM10000_clean/ISIC2018/ISIC_0033900.jpg,2,5,0.032918956,0.063638315,0.112765,0.013837464,0.16156632,0.59893656,0.016337398
/home/share/Uni_Eval/HAM10000_clean/ISIC2018/ISIC_0030276.jpg,2,2,0.075251676,0.14649226,0.32424816,0.020711152,0.25330266,0.1381767,0.041817334
/home/share/Uni_Eval/HAM10000_clean/ISIC2018/ISIC_0033465.jpg,2,5,0.06692298,0.051124945,0.32918635,0.014336695,0.14709671,0.38260365,0.008728723
/home/share/Uni_Eval/HAM10000_clean/ISIC2018/ISIC_0029683.jpg,2,5,0.026850369,0.03136061,0.16016422,0.009122797,0.35094604,0.41112602,0.010429972
/home/share/Uni_Eval/HAM10000_clean/ISIC2018/ISIC_0032514.jpg,2,5,0.04595569,0.052842785,0.2364633,0.014465011,0.13473496,0.50232846,0.013209813
/home/share/Uni_Eval/HAM10000_clean/ISIC2018/ISIC_0033910.jpg,2,5,0.035639875,0.058536004,0.09489346,0.01369997,0.124714404,0.6578812,0.014635059
/home/share/Uni_Eval/HAM10000_clean/ISIC2018/ISIC_0033212.jpg,2,2,0.05385395,0.102791175,0.2879409,0.018704917,0.25832212,0.23580986,0.042577077
/home/share/Uni_Eval/HAM10000_clean/ISIC2018/ISIC_0033601.jpg,2,5,0.025000451,0.03229092,0.16347227,0.009208299,0.23111188,0.5253037,0.013612445
/home/share/Uni_Eval/HAM10000_clean/ISIC2018/ISIC_0033677.jpg,2,5,0.021033626,0.024165008,0.10598394,0.009409893,0.1275987,0.70269495,0.009113951
/home/share/Uni_Eval/HAM10000_clean/ISIC2018/ISIC_0033262.jpg,2,5,0.029992897,0.0423307,0.14102674,0.012977785,0.11871202,0.64190924,0.013050633
/home/share/Uni_Eval/HAM10000_clean/ISIC2018/ISIC_0032570.jpg,2,5,0.03962616,0.062972374,0.21972896,0.016495263,0.1712152,0.46759772,0.02236422
/home/share/Uni_Eval/HAM10000_clean/ISIC2018/ISIC_0033264.jpg,2,5,0.03177565,0.051905606,0.1512346,0.013068017,0.3149744,0.42342556,0.013616218
/home/share/Uni_Eval/HAM10000_clean/ISIC2018/ISIC_0032665.jpg,2,5,0.0451851,0.07347036,0.17886098,0.016226279,0.24931641,0.4146151,0.022325762
/home/share/Uni_Eval/HAM10000_clean/ISIC2018/ISIC_0033587.jpg,2,5,0.026949733,0.032182205,0.10985069,0.010062845,0.20572193,0.6037918,0.011440837
/home/share/Uni_Eval/HAM10000_clean/ISIC2018/ISIC_0032675.jpg,2,5,0.013322554,0.014901469,0.061866622,0.0066787857,0.11739456,0.77739495,0.008440993
/home/share/Uni_Eval/HAM10000_clean/ISIC2018/ISIC_0033449.jpg,2,5,0.038475376,0.035025522,0.20352414,0.012335629,0.13130839,0.5709396,0.00839136
/home/share/Uni_Eval/HAM10000_clean/ISIC2018/ISIC_0033758.jpg,2,5,0.037763003,0.07927623,0.18155497,0.015506938,0.26879206,0.38028398,0.036822893
/home/share/Uni_Eval/HAM10000_clean/ISIC2018/ISIC_0032876.jpg,2,5,0.021176476,0.02346496,0.121305,0.007858742,0.17348896,0.64089894,0.0118068755
/home/share/Uni_Eval/HAM10000_clean/ISIC2018/ISIC_0025157.jpg,2,5,0.046559274,0.053677842,0.18852136,0.015058628,0.1261937,0.555816,0.014173221
/home/share/Uni_Eval/HAM10000_clean/ISIC2018/ISIC_0026060.jpg,2,5,0.05354106,0.08063425,0.2602013,0.018303696,0.2087281,0.34016192,0.038429674
/home/share/Uni_Eval/HAM10000_clean/ISIC2018/ISIC_0029394.jpg,2,5,0.018960042,0.014407133,0.10152905,0.006956942,0.0987655,0.7537702,0.0056111407
/home/share/Uni_Eval/HAM10000_clean/ISIC2018/ISIC_0026844.jpg,2,5,0.026202885,0.03239368,0.069664136,0.011077043,0.070413634,0.7789133,0.011335244
/home/share/Uni_Eval/HAM10000_clean/ISIC2018/ISIC_0027374.jpg,2,5,0.024089899,0.038910832,0.09587775,0.009802334,0.2010663,0.6113325,0.018920433
/home/share/Uni_Eval/HAM10000_clean/ISIC2018/ISIC_0025507.jpg,2,5,0.05521702,0.044966303,0.31351486,0.013834597,0.19272037,0.36327034,0.016476614
/home/share/Uni_Eval/HAM10000_clean/ISIC2018/ISIC_0028336.jpg,2,2,0.067231014,0.10123975,0.33356375,0.016659016,0.15979402,0.29046524,0.031047245
/home/share/Uni_Eval/HAM10000_clean/ISIC2018/ISIC_0025838.jpg,2,5,0.0295144,0.029013697,0.13122791,0.009490493,0.35607532,0.4357233,0.008954824
/home/share/Uni_Eval/HAM10000_clean/ISIC2018/ISIC_0027780.jpg,2,5,0.056233272,0.0686335,0.25430366,0.014747541,0.1229619,0.46789667,0.015223424
/home/share/Uni_Eval/HAM10000_clean/ISIC2018/ISIC_0024592.jpg,2,2,0.12428471,0.2131887,0.3959639,0.022111958,0.15446198,0.03761542,0.05237333
/home/share/Uni_Eval/HAM10000_clean/ISIC2018/ISIC_0030721.jpg,2,5,0.031959224,0.07544177,0.12883285,0.015112695,0.1504807,0.5756398,0.022533001
/home/share/Uni_Eval/HAM10000_clean/ISIC2018/ISIC_0032168.jpg,2,5,0.058298353,0.092417926,0.19124079,0.021570163,0.19866261,0.4156726,0.022137618
/home/share/Uni_Eval/HAM10000_clean/ISIC2018/ISIC_0024505.jpg,2,5,0.03962581,0.044910114,0.16234228,0.012492968,0.17658684,0.55437475,0.009667267
/home/share/Uni_Eval/HAM10000_clean/ISIC2018/ISIC_0024626.jpg,2,5,0.047099493,0.055698577,0.2621874,0.014281307,0.22703767,0.37925193,0.014443689
/home/share/Uni_Eval/HAM10000_clean/ISIC2018/ISIC_0024971.jpg,2,5,0.068636,0.08465015,0.29164413,0.017274633,0.17313913,0.34366712,0.020988775
/home/share/Uni_Eval/HAM10000_clean/ISIC2018/ISIC_0025485.jpg,2,2,0.06812217,0.07691803,0.4125614,0.016616436,0.11328588,0.3013157,0.011180424
/home/share/Uni_Eval/HAM10000_clean/ISIC2018/ISIC_0028856.jpg,2,5,0.060869593,0.09354887,0.1966228,0.016862806,0.15913822,0.45465013,0.018307546
/home/share/Uni_Eval/HAM10000_clean/ISIC2018/ISIC_0030095.jpg,2,5,0.074635364,0.09875002,0.2931458,0.020143734,0.17752019,0.3214493,0.014355613
/home/share/Uni_Eval/HAM10000_clean/ISIC2018/ISIC_0024883.jpg,2,5,0.023102667,0.041846946,0.088503085,0.010265274,0.107692,0.71370506,0.014885054
/home/share/Uni_Eval/HAM10000_clean/ISIC2018/ISIC_0027295.jpg,2,5,0.06906218,0.11384764,0.26277274,0.021127151,0.16415891,0.3460725,0.02295889
/home/share/Uni_Eval/HAM10000_clean/ISIC2018/ISIC_0032156.jpg,2,5,0.03216081,0.03458388,0.14000262,0.011208944,0.13643664,0.63612795,0.009479151
/home/share/Uni_Eval/HAM10000_clean/ISIC2018/ISIC_0030783.jpg,2,5,0.028131718,0.042990096,0.08215182,0.010762537,0.21503153,0.60808456,0.012847762
/home/share/Uni_Eval/HAM10000_clean/ISIC2018/ISIC_0030459.jpg,2,5,0.07149685,0.0632735,0.33612812,0.016506726,0.1375198,0.3627892,0.012285858
/home/share/Uni_Eval/HAM10000_clean/ISIC2018/ISIC_0026861.jpg,2,5,0.0374386,0.04151326,0.15620063,0.012410755,0.206988,0.5329412,0.01250753
/home/share/Uni_Eval/HAM10000_clean/ISIC2018/ISIC_0030208.jpg,2,5,0.0481187,0.06931936,0.28662637,0.016098497,0.1428884,0.42012197,0.016826728
/home/share/Uni_Eval/HAM10000_clean/ISIC2018/ISIC_0030723.jpg,2,5,0.0867147,0.17424946,0.23301142,0.027040312,0.21272053,0.23303705,0.033226535
/home/share/Uni_Eval/HAM10000_clean/ISIC2018/ISIC_0027969.jpg,2,5,0.02173512,0.025515217,0.14913343,0.008824905,0.10659883,0.6783901,0.009802394
/home/share/Uni_Eval/HAM10000_clean/ISIC2018/ISIC_0031851.jpg,2,4,0.055074643,0.10770294,0.12400944,0.016154785,0.4697916,0.19209997,0.035166707
/home/share/Uni_Eval/HAM10000_clean/ISIC2018/ISIC_0029420.jpg,2,5,0.041162238,0.039176285,0.21684077,0.01267261,0.16475128,0.5162276,0.009169151
/home/share/Uni_Eval/HAM10000_clean/ISIC2018/ISIC_0024381.jpg,2,5,0.053882923,0.061453786,0.27079433,0.014609755,0.23989639,0.3491203,0.010242478
/home/share/Uni_Eval/HAM10000_clean/ISIC2018/ISIC_0029991.jpg,2,5,0.07925337,0.15813342,0.18466087,0.024189925,0.11962466,0.41201597,0.022121783
/home/share/Uni_Eval/HAM10000_clean/ISIC2018/ISIC_0031168.jpg,2,2,0.10550734,0.17793532,0.28536892,0.023499826,0.13171402,0.25404462,0.021929942
/home/share/Uni_Eval/HAM10000_clean/ISIC2018/ISIC_0024547.jpg,2,5,0.036573026,0.035585724,0.14756876,0.012033705,0.17168425,0.58728653,0.009267987
/home/share/Uni_Eval/HAM10000_clean/ISIC2018/ISIC_0029897.jpg,2,2,0.088937834,0.16106884,0.31219923,0.022720013,0.20022146,0.17266555,0.042187087
/home/share/Uni_Eval/HAM10000_clean/ISIC2018/ISIC_0027006.jpg,2,2,0.05268006,0.07010705,0.2976717,0.016731482,0.26204523,0.2890151,0.01174928
/home/share/Uni_Eval/HAM10000_clean/ISIC2018/ISIC_0028881.jpg,2,5,0.04784642,0.06697121,0.13923107,0.014863364,0.14282688,0.57459503,0.013666016
/home/share/Uni_Eval/HAM10000_clean/ISIC2018/ISIC_0029311.jpg,2,5,0.06391951,0.0800129,0.24205025,0.018152585,0.16316758,0.41917634,0.013520838
/home/share/Uni_Eval/HAM10000_clean/ISIC2018/ISIC_0025973.jpg,2,5,0.063859746,0.06891316,0.23110479,0.01519556,0.15522048,0.45253712,0.013169116
/home/share/Uni_Eval/HAM10000_clean/ISIC2018/ISIC_0031580.jpg,2,5,0.030189652,0.034616813,0.11242737,0.010231328,0.07119401,0.7315987,0.0097421305
/home/share/Uni_Eval/HAM10000_clean/ISIC2018/ISIC_0028389.jpg,2,5,0.039368547,0.058964472,0.14974128,0.015631154,0.13866623,0.5806781,0.016950224
/home/share/Uni_Eval/HAM10000_clean/ISIC2018/ISIC_0028750.jpg,2,5,0.043346286,0.027438536,0.26489905,0.010736294,0.08150023,0.55914927,0.012930374
/home/share/Uni_Eval/HAM10000_clean/ISIC2018/ISIC_0026378.jpg,2,2,0.08333802,0.0722989,0.46754545,0.016158804,0.12159111,0.22914526,0.009922448
/home/share/Uni_Eval/HAM10000_clean/ISIC2018/ISIC_0030683.jpg,2,5,0.056251645,0.06633637,0.21690302,0.015381643,0.13359864,0.49957603,0.011952631
/home/share/Uni_Eval/HAM10000_clean/ISIC2018/ISIC_0025883.jpg,2,5,0.027637977,0.04440658,0.1486935,0.011692384,0.20867275,0.53635657,0.022540279
/home/share/Uni_Eval/HAM10000_clean/ISIC2018/ISIC_0031050.jpg,2,5,0.062407725,0.071927436,0.31322944,0.01666075,0.14848968,0.37562877,0.011656217
/home/share/Uni_Eval/HAM10000_clean/ISIC2018/ISIC_0026316.jpg,2,5,0.032008786,0.039820746,0.13981558,0.011438926,0.078488655,0.6899658,0.0084615005
/home/share/Uni_Eval/HAM10000_clean/ISIC2018/ISIC_0031522.jpg,2,2,0.08795493,0.16201411,0.27973187,0.021813521,0.19551232,0.1940011,0.058972176
/home/share/Uni_Eval/HAM10000_clean/ISIC2018/ISIC_0032024.jpg,2,5,0.1135676,0.14849767,0.22009301,0.023599565,0.18785977,0.28737718,0.019005215
/home/share/Uni_Eval/HAM10000_clean/ISIC2018/ISIC_0025374.jpg,2,5,0.044003,0.042772282,0.21544068,0.01296372,0.15962377,0.5159144,0.009282155
/home/share/Uni_Eval/HAM10000_clean/ISIC2018/ISIC_0026365.jpg,2,5,0.05678832,0.11900213,0.20899062,0.019459588,0.14855303,0.4308928,0.016313503
/home/share/Uni_Eval/HAM10000_clean/ISIC2018/ISIC_0028656.jpg,2,5,0.013109034,0.011175969,0.04964279,0.0055336584,0.063139856,0.8525885,0.0048102224
/home/share/Uni_Eval/HAM10000_clean/ISIC2018/ISIC_0031716.jpg,2,5,0.09751952,0.15531728,0.28425092,0.02503378,0.10229752,0.3167643,0.018816607
/home/share/Uni_Eval/HAM10000_clean/ISIC2018/ISIC_0027893.jpg,2,5,0.048799213,0.05286313,0.24204655,0.013666599,0.17043589,0.4628274,0.00936114
/home/share/Uni_Eval/HAM10000_clean/ISIC2018/ISIC_0030318.jpg,2,2,0.07601788,0.076809235,0.4111333,0.014976007,0.11926495,0.28386456,0.017934132
/home/share/Uni_Eval/HAM10000_clean/ISIC2018/ISIC_0028749.jpg,2,5,0.07544344,0.09259623,0.3461743,0.019381639,0.09493574,0.3546053,0.016863342
/home/share/Uni_Eval/HAM10000_clean/ISIC2018/ISIC_0026961.jpg,2,5,0.056993026,0.06500863,0.29264376,0.014712035,0.2163541,0.3430443,0.011244092
/home/share/Uni_Eval/HAM10000_clean/ISIC2018/ISIC_0025040.jpg,2,5,0.020116825,0.036849104,0.0879218,0.008996222,0.124094084,0.7097061,0.012315831
/home/share/Uni_Eval/HAM10000_clean/ISIC2018/ISIC_0026704.jpg,2,5,0.06909204,0.07620992,0.2712136,0.01600836,0.2490866,0.30616158,0.012227832
/home/share/Uni_Eval/HAM10000_clean/ISIC2018/ISIC_0029302.jpg,2,5,0.034576368,0.03532651,0.1921885,0.0123210475,0.10811574,0.6061974,0.011274356
/home/share/Uni_Eval/HAM10000_clean/ISIC2018/ISIC_0030310.jpg,2,5,0.066372715,0.057345327,0.31117097,0.015042787,0.19404824,0.3472184,0.008801535
/home/share/Uni_Eval/HAM10000_clean/ISIC2018/ISIC_0028229.jpg,2,2,0.0828578,0.11819488,0.3254385,0.0167533,0.26776528,0.17255853,0.016431702
/home/share/Uni_Eval/HAM10000_clean/ISIC2018/ISIC_0025068.jpg,2,5,0.14770685,0.16944528,0.24006912,0.024454935,0.12352751,0.26701897,0.02777735
/home/share/Uni_Eval/HAM10000_clean/ISIC2018/ISIC_0028943.jpg,2,5,0.061995983,0.1114968,0.1807339,0.016827146,0.19634786,0.39934298,0.03325545
/home/share/Uni_Eval/HAM10000_clean/ISIC2018/ISIC_0031980.jpg,2,5,0.0648535,0.06588882,0.28754258,0.016732374,0.15606457,0.3978527,0.011065437
/home/share/Uni_Eval/HAM10000_clean/ISIC2018/ISIC_0028611.jpg,2,5,0.060418557,0.1505313,0.10449591,0.020018917,0.16732948,0.47105935,0.02614648
/home/share/Uni_Eval/HAM10000_clean/ISIC2018/ISIC_0027509.jpg,2,2,0.121952966,0.14646779,0.40179354,0.019479051,0.17762804,0.09434144,0.038337115
/home/share/Uni_Eval/HAM10000_clean/ISIC2018/ISIC_0030240.jpg,2,2,0.10581996,0.11018586,0.43665788,0.020249238,0.12525497,0.17338794,0.028444167
/home/share/Uni_Eval/HAM10000_clean/ISIC2018/ISIC_0026871.jpg,2,5,0.053210516,0.056043502,0.17101257,0.014206515,0.08349675,0.61045015,0.011580014
/home/share/Uni_Eval/HAM10000_clean/ISIC2018/ISIC_0027859.jpg,2,5,0.038578976,0.033757444,0.14524302,0.0111312885,0.13681157,0.6254827,0.00899501
/home/share/Uni_Eval/HAM10000_clean/ISIC2018/ISIC_0029329.jpg,2,5,0.029516743,0.05406818,0.15585694,0.012705331,0.18131977,0.54456544,0.021967623
/home/share/Uni_Eval/HAM10000_clean/ISIC2018/ISIC_0028913.jpg,2,5,0.052786317,0.1401107,0.12926836,0.022968812,0.10641763,0.5022527,0.04619559
/home/share/Uni_Eval/HAM10000_clean/ISIC2018/ISIC_0028165.jpg,2,2,0.06351835,0.053691477,0.35859603,0.014157551,0.16451721,0.33653334,0.008986066
/home/share/Uni_Eval/HAM10000_clean/ISIC2018/ISIC_0031465.jpg,2,2,0.0640485,0.07451863,0.3932541,0.013765138,0.13136669,0.3071163,0.01593066
/home/share/Uni_Eval/HAM10000_clean/ISIC2018/ISIC_0031000.jpg,2,5,0.08201225,0.09029654,0.27710786,0.019316629,0.1671535,0.3531977,0.01091557
/home/share/Uni_Eval/HAM10000_clean/ISIC2018/ISIC_0026276.jpg,2,2,0.088423654,0.13855956,0.33587337,0.023201926,0.13129865,0.26502976,0.017613137
/home/share/Uni_Eval/HAM10000_clean/ISIC2018/ISIC_0027435.jpg,2,5,0.07340742,0.10391285,0.2813045,0.01965701,0.080919854,0.42363283,0.017165558
/home/share/Uni_Eval/HAM10000_clean/ISIC2018/ISIC_0028294.jpg,2,5,0.064295225,0.10256159,0.30073377,0.018557725,0.09719314,0.40105134,0.015607291
/home/share/Uni_Eval/HAM10000_clean/ISIC2018/ISIC_0026803.jpg,2,5,0.04720125,0.05325708,0.27633289,0.014235382,0.11653777,0.4820843,0.010351325
/home/share/Uni_Eval/HAM10000_clean/ISIC2018/ISIC_0026016.jpg,2,5,0.056770325,0.07504835,0.25887156,0.016716318,0.1100308,0.4697223,0.01284041
/home/share/Uni_Eval/HAM10000_clean/ISIC2018/ISIC_0029505.jpg,2,2,0.065053575,0.10054185,0.3675386,0.017665962,0.11514569,0.3154513,0.01860305
/home/share/Uni_Eval/HAM10000_clean/ISIC2018/ISIC_0026069.jpg,2,5,0.039692443,0.04309124,0.2191508,0.013222741,0.11416493,0.5612405,0.009437379
/home/share/Uni_Eval/HAM10000_clean/ISIC2018/ISIC_0031528.jpg,2,5,0.056161437,0.06787073,0.19078554,0.015225351,0.08669119,0.5722226,0.011043187
/home/share/Uni_Eval/HAM10000_clean/ISIC2018/ISIC_0028490.jpg,2,5,0.0569503,0.057403784,0.20177771,0.015924938,0.16992506,0.48343468,0.014583529
/home/share/Uni_Eval/HAM10000_clean/ISIC2018/ISIC_0031987.jpg,2,5,0.061872616,0.068883516,0.21187449,0.019779881,0.13208617,0.4860881,0.019415192
/home/share/Uni_Eval/HAM10000_clean/ISIC2018/ISIC_0026631.jpg,2,2,0.07850632,0.08444413,0.34712058,0.017769959,0.162165,0.29900977,0.010984258
/home/share/Uni_Eval/HAM10000_clean/ISIC2018/ISIC_0025710.jpg,2,5,0.06449001,0.06264661,0.30034435,0.016504025,0.112564296,0.4353605,0.0080901515
/home/share/Uni_Eval/HAM10000_clean/ISIC2018/ISIC_0030123.jpg,2,5,0.030066594,0.057500463,0.16818644,0.013138346,0.16982628,0.5447353,0.016546587
/home/share/Uni_Eval/HAM10000_clean/ISIC2018/ISIC_0029872.jpg,2,5,0.040866125,0.06136761,0.16079865,0.015576262,0.15916598,0.54670477,0.015520642
/home/share/Uni_Eval/HAM10000_clean/ISIC2018/ISIC_0026530.jpg,2,5,0.039468292,0.03971948,0.1965918,0.0128039,0.09392168,0.6101926,0.007302241
/home/share/Uni_Eval/HAM10000_clean/ISIC2018/ISIC_0032498.jpg,2,5,0.060513813,0.098748334,0.2812466,0.017372247,0.13789067,0.39070976,0.013518616
/home/share/Uni_Eval/HAM10000_clean/ISIC2018/ISIC_0029778.jpg,2,5,0.06831355,0.085008405,0.27103892,0.018049091,0.10329354,0.44336554,0.010931037
/home/share/Uni_Eval/HAM10000_clean/ISIC2018/ISIC_0029555.jpg,2,5,0.028039156,0.03394397,0.14581534,0.011398946,0.13108024,0.6375481,0.012174232
/home/share/Uni_Eval/HAM10000_clean/ISIC2018/ISIC_0030173.jpg,2,5,0.03529296,0.042879157,0.14181018,0.011619787,0.20615587,0.55254394,0.009698142
/home/share/Uni_Eval/HAM10000_clean/ISIC2018/ISIC_0029012.jpg,2,5,0.04143974,0.060557052,0.22163096,0.0130480165,0.2061345,0.4424824,0.014707415
/home/share/Uni_Eval/HAM10000_clean/ISIC2018/ISIC_0032170.jpg,2,5,0.016556773,0.018488867,0.08678703,0.0076218373,0.048044894,0.81343997,0.009060625
/home/share/Uni_Eval/HAM10000_clean/ISIC2018/ISIC_0033460.jpg,2,5,0.065585665,0.06978244,0.26064163,0.016529143,0.18424185,0.39088595,0.012333272
/home/share/Uni_Eval/HAM10000_clean/ISIC2018/ISIC_0033199.jpg,2,5,0.038708426,0.05020197,0.14986022,0.014042973,0.10684592,0.6308559,0.009484531
/home/share/Uni_Eval/HAM10000_clean/ISIC2018/ISIC_0028411.jpg,2,5,0.021991268,0.027754612,0.096568435,0.009935385,0.14643483,0.6871865,0.010128919
/home/share/Uni_Eval/HAM10000_clean/ISIC2018/ISIC_0032681.jpg,2,5,0.0494482,0.045154538,0.22025023,0.014804506,0.10264806,0.5590076,0.008686853
/home/share/Uni_Eval/HAM10000_clean/ISIC2018/ISIC_0033509.jpg,2,5,0.038793437,0.037995514,0.18421577,0.013151834,0.113962114,0.6030796,0.008801723
/home/share/Uni_Eval/HAM10000_clean/ISIC2018/ISIC_0032636.jpg,2,5,0.03903277,0.09088696,0.12062353,0.01578085,0.20958182,0.50072795,0.023366142
/home/share/Uni_Eval/HAM10000_clean/ISIC2018/ISIC_0034167.jpg,2,5,0.033331946,0.060692456,0.11633336,0.0131700225,0.3229921,0.42205167,0.03142836
/home/share/Uni_Eval/HAM10000_clean/ISIC2018/ISIC_0032271.jpg,2,5,0.06076221,0.055896994,0.240049,0.014959303,0.1428573,0.47580808,0.009667157
/home/share/Uni_Eval/HAM10000_clean/ISIC2018/ISIC_0027142.jpg,2,5,0.04810471,0.06344246,0.19101256,0.015374071,0.05994759,0.6117212,0.010397404
/home/share/Uni_Eval/HAM10000_clean/ISIC2018/ISIC_0031396.jpg,2,5,0.038333926,0.047930546,0.15713729,0.014088142,0.09495458,0.6354482,0.012107251
/home/share/Uni_Eval/HAM10000_clean/ISIC2018/ISIC_0027370.jpg,2,5,0.019487444,0.019763106,0.09457269,0.008377548,0.076125816,0.774654,0.0070193904
/home/share/Uni_Eval/HAM10000_clean/ISIC2018/ISIC_0026566.jpg,2,5,0.03674998,0.07870097,0.100209795,0.016767953,0.111431554,0.62910193,0.027037824
/home/share/Uni_Eval/HAM10000_clean/ISIC2018/ISIC_0031511.jpg,2,5,0.0306348,0.025495647,0.13055894,0.011062158,0.14276437,0.64723605,0.012248067
/home/share/Uni_Eval/HAM10000_clean/ISIC2018/ISIC_0030316.jpg,2,5,0.05198038,0.04885124,0.16725652,0.015056747,0.05743205,0.6478725,0.011550557
/home/share/Uni_Eval/HAM10000_clean/ISIC2018/ISIC_0029345.jpg,2,5,0.022853762,0.025212968,0.10941802,0.009285941,0.13283423,0.6905423,0.009852852
/home/share/Uni_Eval/HAM10000_clean/ISIC2018/ISIC_0026846.jpg,2,5,0.07926985,0.15220809,0.2490655,0.021992456,0.10598613,0.36153308,0.029944874
/home/share/Uni_Eval/HAM10000_clean/ISIC2018/ISIC_0032460.jpg,2,5,0.07239682,0.15080547,0.22611305,0.02362888,0.1216328,0.37462938,0.030793665
/home/share/Uni_Eval/HAM10000_clean/ISIC2018/ISIC_0027025.jpg,2,5,0.05677633,0.057430238,0.23311587,0.017190767,0.10896884,0.51504,0.011477983
/home/share/Uni_Eval/HAM10000_clean/ISIC2018/ISIC_0030088.jpg,2,5,0.070564784,0.050265133,0.3388768,0.0148024,0.111074604,0.40459865,0.0098175835
/home/share/Uni_Eval/HAM10000_clean/ISIC2018/ISIC_0025392.jpg,2,5,0.026169105,0.03598638,0.1427238,0.010834129,0.10790375,0.6602348,0.016147986
/home/share/Uni_Eval/HAM10000_clean/ISIC2018/ISIC_0026783.jpg,2,5,0.053286377,0.059903227,0.21791267,0.016711874,0.12989162,0.5102456,0.012048594
/home/share/Uni_Eval/HAM10000_clean/ISIC2018/ISIC_0025330.jpg,2,5,0.031188402,0.037455793,0.14763239,0.012092986,0.07153048,0.6894554,0.01064462
/home/share/Uni_Eval/HAM10000_clean/ISIC2018/ISIC_0027275.jpg,2,5,0.0214018,0.024565078,0.09393015,0.008840896,0.070104726,0.7724986,0.008658697
/home/share/Uni_Eval/HAM10000_clean/ISIC2018/ISIC_0029233.jpg,2,5,0.020142099,0.021473194,0.09918041,0.008654673,0.062090036,0.7809322,0.007527396
/home/share/Uni_Eval/HAM10000_clean/ISIC2018/ISIC_0032359.jpg,2,5,0.022788264,0.026538424,0.09467158,0.009630591,0.14265744,0.6938395,0.009874264
/home/share/Uni_Eval/HAM10000_clean/ISIC2018/ISIC_0029048.jpg,2,5,0.026222933,0.032227486,0.1585241,0.009294375,0.109040566,0.6489482,0.015742345
/home/share/Uni_Eval/HAM10000_clean/ISIC2018/ISIC_0028925.jpg,2,5,0.063765824,0.0947681,0.1555725,0.021725943,0.035872836,0.604597,0.023697862
/home/share/Uni_Eval/HAM10000_clean/ISIC2018/ISIC_0027008.jpg,3,1,0.06662046,0.29469472,0.09257926,0.022990214,0.2903855,0.182465,0.050264847
/home/share/Uni_Eval/HAM10000_clean/ISIC2018/ISIC_0032468.jpg,3,5,0.053134672,0.08468637,0.116558924,0.021284696,0.12254813,0.57852155,0.023265554
/home/share/Uni_Eval/HAM10000_clean/ISIC2018/ISIC_0030555.jpg,3,5,0.040494286,0.051204003,0.12494044,0.017697988,0.08091889,0.6553195,0.029424878
/home/share/Uni_Eval/HAM10000_clean/ISIC2018/ISIC_0030244.jpg,3,5,0.0805482,0.24346973,0.14744084,0.03184103,0.1248996,0.3237274,0.04807318
/home/share/Uni_Eval/HAM10000_clean/ISIC2018/ISIC_0025668.jpg,3,5,0.021496685,0.029377477,0.082699224,0.0102476,0.057934154,0.79075176,0.0074930154
/home/share/Uni_Eval/HAM10000_clean/ISIC2018/ISIC_0033790.jpg,3,5,0.047803458,0.04384812,0.1200973,0.015032118,0.19607592,0.56552017,0.011622914
/home/share/Uni_Eval/HAM10000_clean/ISIC2018/ISIC_0029039.jpg,3,5,0.022751672,0.027605033,0.11782546,0.009761805,0.08059227,0.7324619,0.009001818
/home/share/Uni_Eval/HAM10000_clean/ISIC2018/ISIC_0027107.jpg,3,2,0.09369184,0.14907116,0.2843825,0.024002772,0.19022866,0.24049085,0.018132165
/home/share/Uni_Eval/HAM10000_clean/ISIC2018/ISIC_0024973.jpg,3,5,0.05676589,0.123465754,0.18955824,0.018823747,0.22680973,0.36934286,0.015233794
/home/share/Uni_Eval/HAM10000_clean/ISIC2018/ISIC_0025622.jpg,3,5,0.06092239,0.10313943,0.2059887,0.019858701,0.16685994,0.4261687,0.017062133
/home/share/Uni_Eval/HAM10000_clean/ISIC2018/ISIC_0033626.jpg,3,5,0.015081251,0.021583058,0.052836314,0.008315408,0.058146466,0.835049,0.008988511
/home/share/Uni_Eval/HAM10000_clean/ISIC2018/ISIC_0033891.jpg,3,5,0.053766295,0.089900985,0.18583876,0.021017786,0.06708829,0.5647432,0.017644642
/home/share/Uni_Eval/HAM10000_clean/ISIC2018/ISIC_0033005.jpg,3,5,0.023124041,0.039375037,0.04868154,0.01249904,0.051261395,0.8054087,0.019650163
/home/share/Uni_Eval/HAM10000_clean/ISIC2018/ISIC_0033847.jpg,3,5,0.038441997,0.05064807,0.118091516,0.014635823,0.062091228,0.7048476,0.0112438025
/home/share/Uni_Eval/HAM10000_clean/ISIC2018/ISIC_0026471.jpg,3,5,0.06385653,0.091552906,0.13972653,0.022924704,0.057369307,0.6025208,0.022049194
/home/share/Uni_Eval/HAM10000_clean/ISIC2018/ISIC_0026629.jpg,3,5,0.051857628,0.06934579,0.15978946,0.017602349,0.12861162,0.5550224,0.017770695
/home/share/Uni_Eval/HAM10000_clean/ISIC2018/ISIC_0025771.jpg,3,5,0.035713635,0.06550345,0.1096507,0.017499762,0.093652315,0.6626944,0.0152857555
/home/share/Uni_Eval/HAM10000_clean/ISIC2018/ISIC_0030623.jpg,4,5,0.014801418,0.029060058,0.059939466,0.00803178,0.12937179,0.745669,0.013126484
/home/share/Uni_Eval/HAM10000_clean/ISIC2018/ISIC_0032396.jpg,4,5,0.039813142,0.053092737,0.15890525,0.014313766,0.17514676,0.5474634,0.011264913
/home/share/Uni_Eval/HAM10000_clean/ISIC2018/ISIC_0028445.jpg,4,5,0.03642705,0.06668536,0.11950253,0.013962663,0.21247408,0.5341256,0.016822714
/home/share/Uni_Eval/HAM10000_clean/ISIC2018/ISIC_0029512.jpg,4,5,0.05083349,0.08316153,0.2387063,0.01808499,0.095764995,0.49277145,0.020677166
/home/share/Uni_Eval/HAM10000_clean/ISIC2018/ISIC_0028579.jpg,4,5,0.018404372,0.028886693,0.08492093,0.008806209,0.09836932,0.75291723,0.0076952493
/home/share/Uni_Eval/HAM10000_clean/ISIC2018/ISIC_0031953.jpg,4,5,0.033418044,0.06027505,0.14427926,0.014591236,0.1797615,0.55361634,0.014058584
/home/share/Uni_Eval/HAM10000_clean/ISIC2018/ISIC_0032079.jpg,4,2,0.072623745,0.08257357,0.33063295,0.015183544,0.22588752,0.261808,0.011290648
/home/share/Uni_Eval/HAM10000_clean/ISIC2018/ISIC_0026150.jpg,4,5,0.021762094,0.029694587,0.103841305,0.010071592,0.1454925,0.67833036,0.010807478
/home/share/Uni_Eval/HAM10000_clean/ISIC2018/ISIC_0031642.jpg,4,5,0.021783913,0.029758275,0.10772575,0.009806447,0.2156838,0.60528547,0.00995628
/home/share/Uni_Eval/HAM10000_clean/ISIC2018/ISIC_0029000.jpg,4,5,0.028703576,0.052084487,0.079378605,0.012817242,0.16782461,0.6437172,0.015474243
/home/share/Uni_Eval/HAM10000_clean/ISIC2018/ISIC_0025751.jpg,4,5,0.010368955,0.011587175,0.051528126,0.0054809023,0.104318544,0.8114158,0.0053004688
/home/share/Uni_Eval/HAM10000_clean/ISIC2018/ISIC_0026892.jpg,4,5,0.04511403,0.11325496,0.21232918,0.017363695,0.1434408,0.45074573,0.017751623
/home/share/Uni_Eval/HAM10000_clean/ISIC2018/ISIC_0028291.jpg,4,5,0.033323538,0.042254265,0.12749206,0.011803149,0.1910775,0.5840977,0.009951744
/home/share/Uni_Eval/HAM10000_clean/ISIC2018/ISIC_0027769.jpg,4,5,0.034647655,0.074023455,0.11014392,0.014507097,0.18306018,0.5651985,0.018419184
/home/share/Uni_Eval/HAM10000_clean/ISIC2018/ISIC_0030445.jpg,4,1,0.12618725,0.3146191,0.14967611,0.03455789,0.13913862,0.18671401,0.049107034
/home/share/Uni_Eval/HAM10000_clean/ISIC2018/ISIC_0025155.jpg,4,5,0.048158277,0.076170735,0.20550667,0.016602665,0.17119417,0.46569014,0.016677331
/home/share/Uni_Eval/HAM10000_clean/ISIC2018/ISIC_0027102.jpg,4,5,0.041163817,0.044789985,0.12753022,0.013567343,0.3204119,0.43391764,0.018619105
/home/share/Uni_Eval/HAM10000_clean/ISIC2018/ISIC_0032046.jpg,4,5,0.03655631,0.050093662,0.17777286,0.012533668,0.107956305,0.606228,0.008859277
/home/share/Uni_Eval/HAM10000_clean/ISIC2018/ISIC_0029630.jpg,4,2,0.1122741,0.14860165,0.28082943,0.023697255,0.21690007,0.2008997,0.016797762
/home/share/Uni_Eval/HAM10000_clean/ISIC2018/ISIC_0031941.jpg,4,5,0.044148456,0.06346986,0.15423112,0.01612984,0.19932117,0.5094436,0.013256011
/home/share/Uni_Eval/HAM10000_clean/ISIC2018/ISIC_0031586.jpg,4,5,0.01850677,0.023103159,0.06549099,0.008144969,0.13551725,0.7405555,0.008681316
/home/share/Uni_Eval/HAM10000_clean/ISIC2018/ISIC_0027261.jpg,4,5,0.07045081,0.2057595,0.22812624,0.023531191,0.18802844,0.24526355,0.03884022
/home/share/Uni_Eval/HAM10000_clean/ISIC2018/ISIC_0024675.jpg,4,5,0.03675116,0.068208404,0.15637152,0.013442202,0.16593951,0.5434332,0.015853994
/home/share/Uni_Eval/HAM10000_clean/ISIC2018/ISIC_0025891.jpg,4,5,0.015448925,0.024179041,0.059414588,0.008173023,0.121710464,0.7612471,0.00982691
/home/share/Uni_Eval/HAM10000_clean/ISIC2018/ISIC_0031189.jpg,4,5,0.04504288,0.09839765,0.13077289,0.01763258,0.2503147,0.43605673,0.021782577
/home/share/Uni_Eval/HAM10000_clean/ISIC2018/ISIC_0034006.jpg,4,5,0.033515994,0.07202488,0.16366129,0.015141386,0.29437426,0.39928514,0.021997014
/home/share/Uni_Eval/HAM10000_clean/ISIC2018/ISIC_0028696.jpg,4,5,0.024203336,0.0356142,0.09661041,0.010768722,0.11947146,0.7050766,0.008255237
/home/share/Uni_Eval/HAM10000_clean/ISIC2018/ISIC_0028325.jpg,4,5,0.048486706,0.06841114,0.2227528,0.015402649,0.22846188,0.40546513,0.011019682
/home/share/Uni_Eval/HAM10000_clean/ISIC2018/ISIC_0028489.jpg,4,5,0.010192897,0.013276047,0.05840631,0.0050930716,0.07842774,0.827459,0.0071449
/home/share/Uni_Eval/HAM10000_clean/ISIC2018/ISIC_0028969.jpg,4,5,0.051341996,0.061085247,0.23452659,0.016211657,0.20288707,0.41975814,0.01418929
/home/share/Uni_Eval/HAM10000_clean/ISIC2018/ISIC_0033496.jpg,4,5,0.038178977,0.049706925,0.12299929,0.014091125,0.18897183,0.57389045,0.012161396
/home/share/Uni_Eval/HAM10000_clean/ISIC2018/ISIC_0033573.jpg,4,5,0.038394082,0.057778858,0.124314256,0.015077347,0.19028935,0.55807525,0.01607092
/home/share/Uni_Eval/HAM10000_clean/ISIC2018/ISIC_0030828.jpg,4,5,0.0237902,0.041225437,0.06983414,0.009849295,0.19010743,0.6478639,0.017329566
/home/share/Uni_Eval/HAM10000_clean/ISIC2018/ISIC_0033931.jpg,4,5,0.07907379,0.096682414,0.25417125,0.019180283,0.2395943,0.29661065,0.014687337
/home/share/Uni_Eval/HAM10000_clean/ISIC2018/ISIC_0033268.jpg,4,5,0.023487167,0.024214195,0.11619206,0.008994048,0.13279907,0.684999,0.009314417
/home/share/Uni_Eval/HAM10000_clean/ISIC2018/ISIC_0033428.jpg,4,5,0.029462807,0.043425076,0.13187811,0.011631079,0.35226232,0.41494355,0.016397044
/home/share/Uni_Eval/HAM10000_clean/ISIC2018/ISIC_0033152.jpg,4,5,0.015139459,0.026428577,0.057360124,0.008107088,0.10373376,0.76808614,0.021144876
/home/share/Uni_Eval/HAM10000_clean/ISIC2018/ISIC_0034236.jpg,4,5,0.021017114,0.027364539,0.07058584,0.00957967,0.088381894,0.7739376,0.009133347
/home/share/Uni_Eval/HAM10000_clean/ISIC2018/ISIC_0025987.jpg,4,5,0.020082347,0.027192393,0.088768765,0.009056534,0.1644009,0.67940426,0.011094746
/home/share/Uni_Eval/HAM10000_clean/ISIC2018/ISIC_0032447.jpg,4,5,0.040659703,0.06055287,0.13912846,0.013425244,0.2609592,0.46891364,0.016360922
/home/share/Uni_Eval/HAM10000_clean/ISIC2018/ISIC_0033831.jpg,4,5,0.025237095,0.031604,0.10315854,0.009545409,0.270661,0.5474687,0.01232527
/home/share/Uni_Eval/HAM10000_clean/ISIC2018/ISIC_0032583.jpg,4,5,0.036779936,0.06729816,0.10142332,0.01550627,0.20745191,0.54627746,0.025262967
/home/share/Uni_Eval/HAM10000_clean/ISIC2018/ISIC_0034294.jpg,4,5,0.0465936,0.07111591,0.1565044,0.016349584,0.25476182,0.43963194,0.015042717
/home/share/Uni_Eval/HAM10000_clean/ISIC2018/ISIC_0032984.jpg,4,5,0.054722197,0.14337753,0.12709358,0.020082572,0.20051423,0.42252702,0.03168288
/home/share/Uni_Eval/HAM10000_clean/ISIC2018/ISIC_0033802.jpg,4,5,0.02179861,0.023084428,0.11067272,0.009240303,0.14089832,0.68753916,0.00676652
/home/share/Uni_Eval/HAM10000_clean/ISIC2018/ISIC_0032993.jpg,4,5,0.031082556,0.046323437,0.12865287,0.0115183275,0.36968672,0.3964774,0.016258646
/home/share/Uni_Eval/HAM10000_clean/ISIC2018/ISIC_0033804.jpg,4,5,0.0138744535,0.020404447,0.042564284,0.006757704,0.11935331,0.78609425,0.010951622
/home/share/Uni_Eval/HAM10000_clean/ISIC2018/ISIC_0032774.jpg,4,5,0.035492044,0.06739016,0.12364064,0.014641974,0.20491838,0.534276,0.01964081
/home/share/Uni_Eval/HAM10000_clean/ISIC2018/ISIC_0032840.jpg,4,5,0.037951138,0.08225603,0.077844426,0.016695332,0.121357396,0.6408082,0.023087446
/home/share/Uni_Eval/HAM10000_clean/ISIC2018/ISIC_0034208.jpg,4,5,0.07879735,0.11089673,0.2617622,0.020318804,0.20171973,0.3139328,0.012572371
/home/share/Uni_Eval/HAM10000_clean/ISIC2018/ISIC_0033287.jpg,4,5,0.025770692,0.04452235,0.08950242,0.0107643055,0.08813805,0.72938573,0.011916488
/home/share/Uni_Eval/HAM10000_clean/ISIC2018/ISIC_0033286.jpg,4,5,0.051827163,0.0691344,0.18046564,0.01603198,0.20945263,0.4599188,0.013169305
/home/share/Uni_Eval/HAM10000_clean/ISIC2018/ISIC_0033175.jpg,4,5,0.039950486,0.06832037,0.17112893,0.016086046,0.10281541,0.5871346,0.014564165
/home/share/Uni_Eval/HAM10000_clean/ISIC2018/ISIC_0033942.jpg,4,5,0.05791937,0.087289676,0.17658707,0.020341728,0.19476444,0.44538474,0.017712958
/home/share/Uni_Eval/HAM10000_clean/ISIC2018/ISIC_0032522.jpg,4,5,0.0529931,0.06904708,0.2226924,0.015764462,0.2918953,0.33397633,0.0136313215
/home/share/Uni_Eval/HAM10000_clean/ISIC2018/ISIC_0033272.jpg,4,5,0.071052514,0.067592986,0.27449796,0.018345667,0.11409634,0.44304693,0.0113676805
/home/share/Uni_Eval/HAM10000_clean/ISIC2018/ISIC_0033004.jpg,4,5,0.021428652,0.028540023,0.092737615,0.009221376,0.07340751,0.7682417,0.006423195
/home/share/Uni_Eval/HAM10000_clean/ISIC2018/ISIC_0032511.jpg,4,4,0.06824952,0.13408592,0.2797721,0.018039271,0.31496096,0.17123564,0.01365661
/home/share/Uni_Eval/HAM10000_clean/ISIC2018/ISIC_0034085.jpg,4,5,0.039579693,0.08471586,0.13167742,0.018152097,0.19276433,0.5147999,0.018310674
/home/share/Uni_Eval/HAM10000_clean/ISIC2018/ISIC_0033299.jpg,4,4,0.046409205,0.10955534,0.2834251,0.017726736,0.3167197,0.19703764,0.029126335
/home/share/Uni_Eval/HAM10000_clean/ISIC2018/ISIC_0033779.jpg,4,5,0.01957334,0.031631503,0.06723887,0.010487676,0.11580292,0.7415608,0.013704832
/home/share/Uni_Eval/HAM10000_clean/ISIC2018/ISIC_0034065.jpg,4,5,0.016434811,0.038618088,0.04300156,0.008451824,0.09464602,0.7832957,0.015551932
/home/share/Uni_Eval/HAM10000_clean/ISIC2018/ISIC_0033038.jpg,4,5,0.052833967,0.07740965,0.19516088,0.015303415,0.29481998,0.34987968,0.01459242
/home/share/Uni_Eval/HAM10000_clean/ISIC2018/ISIC_0033630.jpg,4,5,0.039778262,0.036136538,0.12924953,0.012142872,0.19370311,0.5772467,0.011742946
/home/share/Uni_Eval/HAM10000_clean/ISIC2018/ISIC_0034150.jpg,4,5,0.054675695,0.09133122,0.19583261,0.017619394,0.13298929,0.49330744,0.0142442975
/home/share/Uni_Eval/HAM10000_clean/ISIC2018/ISIC_0032915.jpg,4,5,0.11247633,0.2243666,0.16301738,0.030382015,0.18958898,0.23157899,0.048589636
/home/share/Uni_Eval/HAM10000_clean/ISIC2018/ISIC_0028460.jpg,4,5,0.04504754,0.06058261,0.14259328,0.012652231,0.25237757,0.47306895,0.013677833
/home/share/Uni_Eval/HAM10000_clean/ISIC2018/ISIC_0033883.jpg,4,5,0.025438562,0.02969274,0.12447134,0.0103214085,0.120808,0.6806734,0.008594489
/home/share/Uni_Eval/HAM10000_clean/ISIC2018/ISIC_0034005.jpg,4,2,0.08056907,0.15772769,0.30835915,0.021601018,0.1445661,0.2702976,0.016879397
/home/share/Uni_Eval/HAM10000_clean/ISIC2018/ISIC_0033872.jpg,4,5,0.0661382,0.12171257,0.1971656,0.021124322,0.23625004,0.3352664,0.022342792
/home/share/Uni_Eval/HAM10000_clean/ISIC2018/ISIC_0032547.jpg,4,5,0.024357753,0.031045103,0.09903738,0.009498729,0.31854662,0.5070343,0.010480151
/home/share/Uni_Eval/HAM10000_clean/ISIC2018/ISIC_0032806.jpg,4,5,0.028315466,0.030385915,0.11511149,0.010102123,0.22073552,0.58713466,0.0082147345
/home/share/Uni_Eval/HAM10000_clean/ISIC2018/ISIC_0033569.jpg,4,5,0.033513304,0.068434626,0.14313118,0.014562233,0.33231318,0.3861842,0.021861302
/home/share/Uni_Eval/HAM10000_clean/ISIC2018/ISIC_0032810.jpg,4,5,0.03629056,0.05843334,0.15284978,0.01362081,0.21924888,0.50596756,0.013589066
/home/share/Uni_Eval/HAM10000_clean/ISIC2018/ISIC_0032517.jpg,4,5,0.029299198,0.052387092,0.12078496,0.012249492,0.2549033,0.5162019,0.014174108
/home/share/Uni_Eval/HAM10000_clean/ISIC2018/ISIC_0034022.jpg,4,5,0.030850356,0.04748025,0.1317327,0.011202189,0.15537736,0.6129139,0.010443206
/home/share/Uni_Eval/HAM10000_clean/ISIC2018/ISIC_0033444.jpg,4,5,0.03355229,0.06770836,0.11909092,0.013974574,0.077102356,0.6716239,0.01694761
/home/share/Uni_Eval/HAM10000_clean/ISIC2018/ISIC_0032695.jpg,4,5,0.023907343,0.027443044,0.10684225,0.009352919,0.29967734,0.5184088,0.014368356
/home/share/Uni_Eval/HAM10000_clean/ISIC2018/ISIC_0026430.jpg,4,2,0.10152135,0.13096999,0.27029192,0.023930682,0.23428036,0.22338636,0.015619366
/home/share/Uni_Eval/HAM10000_clean/ISIC2018/ISIC_0032968.jpg,4,5,0.05113823,0.07499765,0.18229339,0.01644569,0.18006843,0.4822915,0.012765095
/home/share/Uni_Eval/HAM10000_clean/ISIC2018/ISIC_0029265.jpg,4,5,0.085854754,0.14965412,0.22721441,0.021209069,0.24730787,0.25003895,0.018720891
/home/share/Uni_Eval/HAM10000_clean/ISIC2018/ISIC_0034205.jpg,4,5,0.023076983,0.048544895,0.09676833,0.010800468,0.13095325,0.6728177,0.017038342
/home/share/Uni_Eval/HAM10000_clean/ISIC2018/ISIC_0033612.jpg,4,5,0.015294314,0.016450655,0.06434637,0.0068369894,0.11024613,0.7782348,0.008590723
/home/share/Uni_Eval/HAM10000_clean/ISIC2018/ISIC_0033616.jpg,4,5,0.0052401456,0.0039526243,0.023474136,0.002638533,0.0483358,0.9126509,0.0037079046
/home/share/Uni_Eval/HAM10000_clean/ISIC2018/ISIC_0029606.jpg,4,5,0.009690146,0.011583438,0.042170558,0.005059587,0.1035171,0.8194492,0.008530074
/home/share/Uni_Eval/HAM10000_clean/ISIC2018/ISIC_0032597.jpg,4,5,0.04555846,0.05490762,0.18702754,0.014296854,0.21231046,0.47381306,0.012085989
/home/share/Uni_Eval/HAM10000_clean/ISIC2018/ISIC_0032982.jpg,4,5,0.022989362,0.03891415,0.11577432,0.010164751,0.14797567,0.64974546,0.014436345
/home/share/Uni_Eval/HAM10000_clean/ISIC2018/ISIC_0033226.jpg,4,5,0.02035558,0.022567788,0.11398304,0.008207801,0.17169835,0.6562306,0.006956897
/home/share/Uni_Eval/HAM10000_clean/ISIC2018/ISIC_0033670.jpg,4,5,0.01753628,0.018847004,0.062239703,0.0070207757,0.11984816,0.7691389,0.005369173
/home/share/Uni_Eval/HAM10000_clean/ISIC2018/ISIC_0034107.jpg,4,5,0.023918891,0.030942349,0.07739516,0.010015592,0.1351665,0.7129134,0.0096480865
/home/share/Uni_Eval/HAM10000_clean/ISIC2018/ISIC_0033055.jpg,4,5,0.04953397,0.060262863,0.2164871,0.016121458,0.18372193,0.462834,0.0110386815
/home/share/Uni_Eval/HAM10000_clean/ISIC2018/ISIC_0033061.jpg,4,5,0.05605569,0.109962285,0.20944159,0.02047371,0.25289455,0.3153357,0.03583643
/home/share/Uni_Eval/HAM10000_clean/ISIC2018/ISIC_0033696.jpg,4,5,0.05785512,0.15151909,0.13368487,0.020592615,0.27977312,0.3117365,0.044838697
/home/share/Uni_Eval/HAM10000_clean/ISIC2018/ISIC_0027234.jpg,4,5,0.039214283,0.03955451,0.21514338,0.012044777,0.12812778,0.55709416,0.008821065
/home/share/Uni_Eval/HAM10000_clean/ISIC2018/ISIC_0032918.jpg,4,5,0.048774477,0.05511882,0.24386442,0.014616067,0.12477115,0.50110185,0.011753224
/home/share/Uni_Eval/HAM10000_clean/ISIC2018/ISIC_0028520.jpg,4,5,0.02767451,0.046887968,0.088745125,0.011394689,0.2945728,0.51591784,0.014807029
/home/share/Uni_Eval/HAM10000_clean/ISIC2018/ISIC_0032807.jpg,4,5,0.05289488,0.077914305,0.17593051,0.015425013,0.21373901,0.45222703,0.011869276
/home/share/Uni_Eval/HAM10000_clean/ISIC2018/ISIC_0032645.jpg,4,5,0.031138275,0.049188767,0.14785807,0.012971507,0.15247644,0.5936663,0.012700563
/home/share/Uni_Eval/HAM10000_clean/ISIC2018/ISIC_0033807.jpg,4,5,0.05100754,0.08784507,0.12740862,0.020830743,0.23190095,0.45696774,0.024039378
/home/share/Uni_Eval/HAM10000_clean/ISIC2018/ISIC_0033454.jpg,4,5,0.021982696,0.027987031,0.12075482,0.0093516,0.17501986,0.63560104,0.009302951
/home/share/Uni_Eval/HAM10000_clean/ISIC2018/ISIC_0032960.jpg,4,2,0.089365676,0.11114515,0.33955428,0.019567195,0.12307561,0.3018221,0.015470026
/home/share/Uni_Eval/HAM10000_clean/ISIC2018/ISIC_0033773.jpg,4,5,0.027459672,0.032395855,0.12547891,0.010348508,0.22496761,0.570689,0.008660357
/home/share/Uni_Eval/HAM10000_clean/ISIC2018/ISIC_0033730.jpg,4,5,0.012575115,0.015842067,0.060446855,0.006446879,0.18953966,0.705432,0.009717411
/home/share/Uni_Eval/HAM10000_clean/ISIC2018/ISIC_0033805.jpg,4,5,0.010641645,0.013952193,0.031657815,0.0049659954,0.074235626,0.85748553,0.0070611965
/home/share/Uni_Eval/HAM10000_clean/ISIC2018/ISIC_0027204.jpg,4,2,0.0783703,0.08419983,0.34400252,0.018940566,0.17605327,0.28704664,0.011386858
/home/share/Uni_Eval/HAM10000_clean/ISIC2018/ISIC_0033178.jpg,4,5,0.03649658,0.06370444,0.1681675,0.012159436,0.32389838,0.37605453,0.019519158
/home/share/Uni_Eval/HAM10000_clean/ISIC2018/ISIC_0033023.jpg,4,4,0.047030725,0.08949679,0.17231233,0.015483793,0.3586704,0.2980102,0.018995779
/home/share/Uni_Eval/HAM10000_clean/ISIC2018/ISIC_0027069.jpg,4,2,0.13440928,0.214596,0.288373,0.029815126,0.15323408,0.14980136,0.029771186
/home/share/Uni_Eval/HAM10000_clean/ISIC2018/ISIC_0026545.jpg,4,5,0.030166771,0.031862453,0.1399942,0.010907716,0.20662771,0.5711993,0.009241861
/home/share/Uni_Eval/HAM10000_clean/ISIC2018/ISIC_0026268.jpg,4,5,0.055563197,0.058595967,0.22408314,0.013800695,0.2969833,0.331865,0.019108735
/home/share/Uni_Eval/HAM10000_clean/ISIC2018/ISIC_0027282.jpg,4,5,0.03725322,0.0482726,0.13477223,0.012259455,0.1513237,0.6053978,0.0107210055
/home/share/Uni_Eval/HAM10000_clean/ISIC2018/ISIC_0028463.jpg,4,5,0.05058176,0.08040022,0.2473654,0.01558423,0.11543905,0.47601303,0.014616342
/home/share/Uni_Eval/HAM10000_clean/ISIC2018/ISIC_0024823.jpg,4,5,0.0252287,0.05424009,0.09455333,0.013382285,0.16127197,0.6226024,0.028721163
/home/share/Uni_Eval/HAM10000_clean/ISIC2018/ISIC_0025512.jpg,4,5,0.04224832,0.079194665,0.17866409,0.014794123,0.2317606,0.43716994,0.016168287
/home/share/Uni_Eval/HAM10000_clean/ISIC2018/ISIC_0027622.jpg,4,5,0.015735483,0.019166963,0.058551982,0.006462953,0.15411228,0.7376798,0.008290592
/home/share/Uni_Eval/HAM10000_clean/ISIC2018/ISIC_0026167.jpg,4,5,0.046499245,0.061947837,0.20081817,0.013794228,0.27412075,0.3902219,0.012597813
/home/share/Uni_Eval/HAM10000_clean/ISIC2018/ISIC_0032134.jpg,4,5,0.041585796,0.065945394,0.1347656,0.01489763,0.30075818,0.42256218,0.019485276
/home/share/Uni_Eval/HAM10000_clean/ISIC2018/ISIC_0030756.jpg,4,5,0.03492461,0.042930678,0.15053305,0.012886284,0.23238018,0.51566905,0.010676129
/home/share/Uni_Eval/HAM10000_clean/ISIC2018/ISIC_0030034.jpg,4,5,0.030528594,0.049780305,0.075849466,0.014970875,0.10833432,0.7016145,0.01892197
/home/share/Uni_Eval/HAM10000_clean/ISIC2018/ISIC_0025316.jpg,4,5,0.013866914,0.018944444,0.04876447,0.0063342936,0.10016212,0.8039634,0.007964397
/home/share/Uni_Eval/HAM10000_clean/ISIC2018/ISIC_0028760.jpg,4,5,0.0087801125,0.011050666,0.029030133,0.0043787123,0.0654159,0.87302244,0.008322077
/home/share/Uni_Eval/HAM10000_clean/ISIC2018/ISIC_0028003.jpg,4,5,0.012111025,0.011898918,0.050457817,0.0060295146,0.06793453,0.8446469,0.006921336
/home/share/Uni_Eval/HAM10000_clean/ISIC2018/ISIC_0025145.jpg,4,4,0.07328896,0.15877873,0.1300006,0.021823877,0.3041161,0.28583768,0.026154047
/home/share/Uni_Eval/HAM10000_clean/ISIC2018/ISIC_0029172.jpg,4,5,0.050514624,0.052220274,0.22204754,0.014264613,0.16426402,0.4883371,0.008351853
/home/share/Uni_Eval/HAM10000_clean/ISIC2018/ISIC_0028543.jpg,4,5,0.034307905,0.051027704,0.16124606,0.011457411,0.3558237,0.37346733,0.012669909
/home/share/Uni_Eval/HAM10000_clean/ISIC2018/ISIC_0027130.jpg,4,5,0.04974134,0.081015676,0.17442106,0.016436968,0.22246854,0.4400179,0.015898546
/home/share/Uni_Eval/HAM10000_clean/ISIC2018/ISIC_0026094.jpg,4,5,0.031586755,0.038533423,0.12488741,0.011069979,0.16956173,0.61569893,0.008661747
/home/share/Uni_Eval/HAM10000_clean/ISIC2018/ISIC_0024525.jpg,4,5,0.039772186,0.042479523,0.23703915,0.012784632,0.15532207,0.50226206,0.010340338
/home/share/Uni_Eval/HAM10000_clean/ISIC2018/ISIC_0026009.jpg,4,5,0.06522074,0.10702128,0.19038163,0.018439637,0.27157828,0.32995972,0.017398665
/home/share/Uni_Eval/HAM10000_clean/ISIC2018/ISIC_0027030.jpg,4,5,0.067323714,0.07587407,0.26337656,0.01600064,0.18782559,0.37483948,0.014759837
/home/share/Uni_Eval/HAM10000_clean/ISIC2018/ISIC_0026796.jpg,4,5,0.087305106,0.11258681,0.2450085,0.020349799,0.20786005,0.31290495,0.01398473
/home/share/Uni_Eval/HAM10000_clean/ISIC2018/ISIC_0026604.jpg,4,5,0.0459594,0.049708992,0.2149223,0.013866474,0.12207527,0.54344594,0.01002161
/home/share/Uni_Eval/HAM10000_clean/ISIC2018/ISIC_0024952.jpg,4,5,0.025168939,0.031080231,0.084338754,0.011093354,0.1757861,0.6615098,0.011022845
/home/share/Uni_Eval/HAM10000_clean/ISIC2018/ISIC_0032192.jpg,4,5,0.046887033,0.06347389,0.1607119,0.015144462,0.3079174,0.39329803,0.012567392
/home/share/Uni_Eval/HAM10000_clean/ISIC2018/ISIC_0024323.jpg,4,5,0.049729314,0.06517097,0.16353561,0.015740015,0.11121518,0.58246225,0.01214666
/home/share/Uni_Eval/HAM10000_clean/ISIC2018/ISIC_0027436.jpg,4,5,0.054592926,0.0646178,0.20071322,0.016505212,0.11570481,0.5360296,0.011836408
/home/share/Uni_Eval/HAM10000_clean/ISIC2018/ISIC_0031915.jpg,4,5,0.037933126,0.044741623,0.15219893,0.012998851,0.121709265,0.6170988,0.013319453
/home/share/Uni_Eval/HAM10000_clean/ISIC2018/ISIC_0026847.jpg,4,5,0.04841973,0.05605196,0.15598539,0.0132012535,0.24312524,0.47224113,0.010975333
/home/share/Uni_Eval/HAM10000_clean/ISIC2018/ISIC_0029958.jpg,4,2,0.09355629,0.082492135,0.4182183,0.017138219,0.14665346,0.23195156,0.009990021
/home/share/Uni_Eval/HAM10000_clean/ISIC2018/ISIC_0031170.jpg,4,5,0.058944985,0.09230469,0.193441,0.016080707,0.1774907,0.4486141,0.013123879
/home/share/Uni_Eval/HAM10000_clean/ISIC2018/ISIC_0024652.jpg,4,5,0.062341213,0.08760333,0.23450175,0.016372895,0.25895357,0.3262388,0.013988427
/home/share/Uni_Eval/HAM10000_clean/ISIC2018/ISIC_0030653.jpg,4,5,0.027114367,0.042738,0.094352864,0.010067027,0.20676292,0.5920604,0.026904395
/home/share/Uni_Eval/HAM10000_clean/ISIC2018/ISIC_0026652.jpg,4,5,0.037940305,0.036074996,0.0926762,0.012991771,0.15197316,0.65833753,0.010005923
/home/share/Uni_Eval/HAM10000_clean/ISIC2018/ISIC_0029885.jpg,4,5,0.029979276,0.05029392,0.059975706,0.012569595,0.063995674,0.7687118,0.014474063
/home/share/Uni_Eval/HAM10000_clean/ISIC2018/ISIC_0025814.jpg,4,5,0.056622084,0.074665956,0.14082105,0.01631106,0.13047394,0.5671649,0.013941089
/home/share/Uni_Eval/HAM10000_clean/ISIC2018/ISIC_0031550.jpg,4,5,0.020363184,0.025478505,0.087954484,0.008456483,0.1536156,0.69431454,0.009817243
/home/share/Uni_Eval/HAM10000_clean/ISIC2018/ISIC_0029893.jpg,4,5,0.055742107,0.057940792,0.25999138,0.013472071,0.18865706,0.40546092,0.018735614
/home/share/Uni_Eval/HAM10000_clean/ISIC2018/ISIC_0031417.jpg,4,5,0.01759704,0.021787457,0.09316189,0.008134821,0.08626556,0.7642851,0.008768156
/home/share/Uni_Eval/HAM10000_clean/ISIC2018/ISIC_0024647.jpg,4,2,0.072419286,0.08363295,0.42193273,0.01745813,0.11585584,0.27506396,0.013637051
/home/share/Uni_Eval/HAM10000_clean/ISIC2018/ISIC_0028567.jpg,4,5,0.034693345,0.035888623,0.10781262,0.009968015,0.08512568,0.71725273,0.009258945
/home/share/Uni_Eval/HAM10000_clean/ISIC2018/ISIC_0031203.jpg,4,5,0.047216073,0.069674686,0.12574814,0.014068943,0.21140191,0.5171992,0.014691088
/home/share/Uni_Eval/HAM10000_clean/ISIC2018/ISIC_0024679.jpg,4,5,0.08195168,0.09938181,0.21855696,0.019741688,0.2265072,0.3322308,0.021629827
/home/share/Uni_Eval/HAM10000_clean/ISIC2018/ISIC_0026690.jpg,4,5,0.028628487,0.02787709,0.14357576,0.010749567,0.14360473,0.6380173,0.007547014
/home/share/Uni_Eval/HAM10000_clean/ISIC2018/ISIC_0032269.jpg,4,5,0.06369862,0.07551564,0.32590225,0.016148677,0.16303466,0.34529403,0.010406067
/home/share/Uni_Eval/HAM10000_clean/ISIC2018/ISIC_0028218.jpg,4,5,0.05505704,0.066286564,0.21878059,0.016203852,0.13155898,0.5007688,0.011344194
/home/share/Uni_Eval/HAM10000_clean/ISIC2018/ISIC_0025105.jpg,4,5,0.026981365,0.028604437,0.089710705,0.008935666,0.21764426,0.61834425,0.009779292
/home/share/Uni_Eval/HAM10000_clean/ISIC2018/ISIC_0025766.jpg,4,5,0.025972586,0.029932747,0.08681421,0.008975779,0.1062876,0.7312531,0.010763963
/home/share/Uni_Eval/HAM10000_clean/ISIC2018/ISIC_0031410.jpg,4,4,0.05411475,0.07758531,0.25327057,0.017253695,0.33463338,0.24264014,0.02050215
/home/share/Uni_Eval/HAM10000_clean/ISIC2018/ISIC_0025573.jpg,4,5,0.03291882,0.042096592,0.11488661,0.011866783,0.17818977,0.61020803,0.009833388
/home/share/Uni_Eval/HAM10000_clean/ISIC2018/ISIC_0032149.jpg,4,2,0.11483132,0.14270361,0.36119604,0.02038484,0.15224053,0.19385497,0.014788663
/home/share/Uni_Eval/HAM10000_clean/ISIC2018/ISIC_0026802.jpg,4,5,0.0326663,0.038330037,0.08838391,0.010200761,0.26084578,0.54602593,0.023547223
/home/share/Uni_Eval/HAM10000_clean/ISIC2018/ISIC_0031900.jpg,4,5,0.08694108,0.09822667,0.22388315,0.020676613,0.19987625,0.35473126,0.015664967
/home/share/Uni_Eval/HAM10000_clean/ISIC2018/ISIC_0031377.jpg,4,5,0.026546158,0.03691411,0.09598396,0.010957311,0.17037788,0.646799,0.012421584
/home/share/Uni_Eval/HAM10000_clean/ISIC2018/ISIC_0031957.jpg,4,5,0.05403544,0.09998524,0.12478619,0.017536474,0.1503401,0.5358467,0.017469805
/home/share/Uni_Eval/HAM10000_clean/ISIC2018/ISIC_0029021.jpg,4,5,0.04533193,0.049340907,0.15215527,0.0130458055,0.17058378,0.5599095,0.009632769
/home/share/Uni_Eval/HAM10000_clean/ISIC2018/ISIC_0025616.jpg,4,5,0.040945493,0.03721206,0.1723471,0.011797896,0.16894355,0.55959225,0.009161688
/home/share/Uni_Eval/HAM10000_clean/ISIC2018/ISIC_0028968.jpg,4,5,0.10247965,0.20738398,0.17563027,0.026947422,0.087971576,0.37390393,0.025683187
/home/share/Uni_Eval/HAM10000_clean/ISIC2018/ISIC_0027797.jpg,4,5,0.018744476,0.02661913,0.076801695,0.008299368,0.11322104,0.7455529,0.010761311
/home/share/Uni_Eval/HAM10000_clean/ISIC2018/ISIC_0029486.jpg,6,5,0.029344538,0.051528297,0.082483515,0.013533991,0.0846226,0.72549593,0.012991123
/home/share/Uni_Eval/HAM10000_clean/ISIC2018/ISIC_0026092.jpg,6,5,0.04105747,0.11243124,0.11827251,0.019225681,0.22925858,0.4264338,0.05332074
/home/share/Uni_Eval/HAM10000_clean/ISIC2018/ISIC_0031217.jpg,6,5,0.04626044,0.12825541,0.09004912,0.022625277,0.09377348,0.56078154,0.05825472
/home/share/Uni_Eval/HAM10000_clean/ISIC2018/ISIC_0032240.jpg,6,5,0.0485646,0.25439927,0.075912364,0.024343878,0.11462696,0.37697417,0.10517879
/home/share/Uni_Eval/HAM10000_clean/ISIC2018/ISIC_0025807.jpg,6,5,0.03346485,0.18237576,0.042929564,0.018714892,0.04448548,0.51744264,0.16058686
/home/share/Uni_Eval/HAM10000_clean/ISIC2018/ISIC_0032745.jpg,6,5,0.043649606,0.12148873,0.1717072,0.020791968,0.24477284,0.34675696,0.050832663
/home/share/Uni_Eval/HAM10000_clean/ISIC2018/ISIC_0032557.jpg,6,5,0.04758262,0.1331411,0.173363,0.021782203,0.2507853,0.31558037,0.057765402
/home/share/Uni_Eval/HAM10000_clean/ISIC2018/ISIC_0033230.jpg,6,5,0.064825855,0.19202414,0.0902547,0.021917298,0.12177295,0.4590719,0.050133117
/home/share/Uni_Eval/HAM10000_clean/ISIC2018/ISIC_0033762.jpg,6,1,0.1140126,0.3668755,0.15770954,0.028442368,0.18152623,0.103718534,0.04771529
/home/share/Uni_Eval/HAM10000_clean/ISIC2018/ISIC_0031090.jpg,6,1,0.123642124,0.40987644,0.15488811,0.029600658,0.06160475,0.16254197,0.057845995
/home/share/Uni_Eval/HAM10000_clean/ISIC2018/ISIC_0030606.jpg,6,5,0.024476692,0.07008306,0.02813081,0.013346537,0.035371415,0.675959,0.15263249
/home/share/Uni_Eval/HAM10000_clean/ISIC2018/ISIC_0031346.jpg,6,5,0.044351287,0.110504866,0.10189894,0.01873604,0.08250579,0.61117935,0.030823767
/home/share/Uni_Eval/HAM10000_clean/ISIC2018/ISIC_0031996.jpg,6,5,0.040610306,0.054186,0.12806508,0.016443457,0.19689183,0.5016605,0.062142834
/home/share/Uni_Eval/HAM10000_clean/ISIC2018/ISIC_0029439.jpg,6,5,0.014709102,0.04162673,0.02472174,0.00958114,0.018447768,0.8333286,0.057584997
/home/share/Uni_Eval/HAM10000_clean/ISIC2018/ISIC_0025707.jpg,6,5,0.026260916,0.044841148,0.06343072,0.0126596745,0.043869447,0.7849357,0.024002396
/home/share/Uni_Eval/HAM10000_clean/ISIC2018/ISIC_0027522.jpg,6,5,0.027569024,0.07789475,0.045839585,0.013383027,0.026739687,0.7737197,0.034854155
/home/share/Uni_Eval/HAM10000_clean/ISIC2018/ISIC_0028406.jpg,6,5,0.028152375,0.089405715,0.037564576,0.014068928,0.024933787,0.73793495,0.067939684
/home/share/Uni_Eval/HAM10000_clean/ISIC2018/ISIC_0025250.jpg,6,5,0.06123587,0.1548009,0.086610906,0.021216178,0.04474895,0.5695374,0.06184975
/home/share/Uni_Eval/HAM10000_clean/ISIC2018/ISIC_0027665.jpg,6,5,0.01005329,0.015047941,0.016490288,0.005637231,0.021755038,0.91677606,0.014240293
/home/share/Uni_Eval/HAM10000_clean/ISIC2018/ISIC_0026467.jpg,6,5,0.019700611,0.041305054,0.033604886,0.010307671,0.027311498,0.8317821,0.03598813
/home/share/Uni_Eval/HAM10000_clean/ISIC2018/ISIC_0025680.jpg,6,5,0.016729154,0.04124601,0.01912201,0.008889092,0.0243368,0.7643922,0.12528478
/home/share/Uni_Eval/HAM10000_clean/ISIC2018/ISIC_0025718.jpg,1,5,0.08405152,0.2611563,0.1385278,0.028467227,0.15523842,0.27959606,0.052962683
/home/share/Uni_Eval/HAM10000_clean/ISIC2018/ISIC_0028807.jpg,1,5,0.05746778,0.09663079,0.18126765,0.020397138,0.089284375,0.53857267,0.016379572
/home/share/Uni_Eval/HAM10000_clean/ISIC2018/ISIC_0024590.jpg,1,2,0.09194157,0.1837328,0.31934768,0.021950861,0.16399314,0.19982737,0.019206587
/home/share/Uni_Eval/HAM10000_clean/ISIC2018/ISIC_0025731.jpg,1,5,0.0803666,0.19392526,0.24259126,0.020752072,0.15777269,0.2818422,0.02274993
/home/share/Uni_Eval/HAM10000_clean/ISIC2018/ISIC_0027858.jpg,1,2,0.09505758,0.15459798,0.28797162,0.025970628,0.18997721,0.20425819,0.042166773
/home/share/Uni_Eval/HAM10000_clean/ISIC2018/ISIC_0026643.jpg,1,5,0.07940228,0.19344707,0.1672083,0.027660822,0.18979003,0.2975544,0.044937097
/home/share/Uni_Eval/HAM10000_clean/ISIC2018/ISIC_0032139.jpg,1,5,0.053773772,0.22026606,0.13689825,0.023889454,0.18690024,0.32337767,0.054894604
/home/share/Uni_Eval/HAM10000_clean/ISIC2018/ISIC_0027744.jpg,1,5,0.065618485,0.13238199,0.11525527,0.02027532,0.14207299,0.5008774,0.023518538
/home/share/Uni_Eval/HAM10000_clean/ISIC2018/ISIC_0031640.jpg,1,2,0.13841882,0.2604248,0.28482717,0.031646073,0.07140293,0.1805322,0.032748032
/home/share/Uni_Eval/HAM10000_clean/ISIC2018/ISIC_0030659.jpg,1,5,0.07886128,0.11995036,0.2334331,0.021772357,0.12683749,0.40015143,0.018993936
/home/share/Uni_Eval/HAM10000_clean/ISIC2018/ISIC_0025513.jpg,1,5,0.06328956,0.1519719,0.13369569,0.023398254,0.14088264,0.4507141,0.036047842
/home/share/Uni_Eval/HAM10000_clean/ISIC2018/ISIC_0027478.jpg,1,1,0.10181528,0.2985004,0.17921746,0.024332356,0.14889313,0.20654504,0.040696338
/home/share/Uni_Eval/HAM10000_clean/ISIC2018/ISIC_0024573.jpg,1,5,0.06406327,0.13217917,0.20378481,0.017777674,0.1751576,0.3876596,0.019377831
/home/share/Uni_Eval/HAM10000_clean/ISIC2018/ISIC_0024572.jpg,1,5,0.043663476,0.118327536,0.09485446,0.018106896,0.051107414,0.63636184,0.037578322
/home/share/Uni_Eval/HAM10000_clean/ISIC2018/ISIC_0026439.jpg,1,2,0.09850224,0.1613111,0.29731384,0.027975874,0.13877404,0.2374013,0.038721595
/home/share/Uni_Eval/HAM10000_clean/ISIC2018/ISIC_0026453.jpg,1,5,0.04601675,0.09979382,0.15580115,0.014112714,0.32612765,0.32827035,0.029877556
/home/share/Uni_Eval/HAM10000_clean/ISIC2018/ISIC_0033575.jpg,1,5,0.06387132,0.1612268,0.14435251,0.02471154,0.16545212,0.4052395,0.03514627
/home/share/Uni_Eval/HAM10000_clean/ISIC2018/ISIC_0032894.jpg,1,5,0.05855297,0.11163938,0.16060786,0.02310271,0.11353826,0.5015376,0.031021146
/home/share/Uni_Eval/HAM10000_clean/ISIC2018/ISIC_0034255.jpg,1,5,0.058169726,0.13138768,0.111505374,0.019315904,0.21804303,0.44053614,0.02104208
/home/share/Uni_Eval/HAM10000_clean/ISIC2018/ISIC_0027544.jpg,1,1,0.077925585,0.27201056,0.18791007,0.023388024,0.20642303,0.19350535,0.038837418
/home/share/Uni_Eval/HAM10000_clean/ISIC2018/ISIC_0033354.jpg,1,5,0.050737884,0.085731655,0.1839763,0.015963703,0.27474496,0.3732801,0.015565432
/home/share/Uni_Eval/HAM10000_clean/ISIC2018/ISIC_0032857.jpg,1,5,0.040756524,0.08021296,0.113149896,0.014415486,0.22339118,0.507316,0.020757942
/home/share/Uni_Eval/HAM10000_clean/ISIC2018/ISIC_0027786.jpg,1,5,0.08223058,0.23000345,0.11415949,0.027311338,0.13690414,0.3653897,0.044001304
/home/share/Uni_Eval/HAM10000_clean/ISIC2018/ISIC_0034095.jpg,1,5,0.050223056,0.0846428,0.19594125,0.01606217,0.20533931,0.43361166,0.014179752
/home/share/Uni_Eval/HAM10000_clean/ISIC2018/ISIC_0033551.jpg,1,5,0.055311404,0.12664168,0.19385718,0.01898641,0.14871918,0.437777,0.018707177
/home/share/Uni_Eval/HAM10000_clean/ISIC2018/ISIC_0032536.jpg,1,5,0.07433124,0.15685119,0.12110755,0.025595214,0.12160373,0.46260276,0.037908375
/home/share/Uni_Eval/HAM10000_clean/ISIC2018/ISIC_0033468.jpg,1,4,0.052670598,0.1232929,0.08897099,0.01617432,0.47531563,0.21616404,0.027411474
/home/share/Uni_Eval/HAM10000_clean/ISIC2018/ISIC_0034015.jpg,1,5,0.04433481,0.06571577,0.20643133,0.015059096,0.17130658,0.48436183,0.012790673
/home/share/Uni_Eval/HAM10000_clean/ISIC2018/ISIC_0033372.jpg,1,5,0.09012381,0.18377088,0.19602413,0.022341887,0.23685947,0.24543193,0.025447948
/home/share/Uni_Eval/HAM10000_clean/ISIC2018/ISIC_0029546.jpg,1,5,0.060515065,0.111732215,0.14655794,0.019973429,0.15954708,0.47840393,0.023270328
/home/share/Uni_Eval/HAM10000_clean/ISIC2018/ISIC_0031643.jpg,1,4,0.10430812,0.26411253,0.2107769,0.021496281,0.27781656,0.09623822,0.025251403
/home/share/Uni_Eval/HAM10000_clean/ISIC2018/ISIC_0026192.jpg,1,5,0.035560958,0.083988965,0.09619496,0.014771963,0.1228984,0.62547797,0.021106863
/home/share/Uni_Eval/HAM10000_clean/ISIC2018/ISIC_0024331.jpg,1,5,0.07419842,0.1566832,0.23620693,0.020761259,0.105860226,0.38203737,0.024252528
/home/share/Uni_Eval/HAM10000_clean/ISIC2018/ISIC_0031384.jpg,1,5,0.056380805,0.089469254,0.20418501,0.017304987,0.16377737,0.4565122,0.012370337
/home/share/Uni_Eval/HAM10000_clean/ISIC2018/ISIC_0024595.jpg,1,5,0.06928449,0.11548384,0.27712342,0.015775021,0.15225133,0.3474764,0.022605529
/home/share/Uni_Eval/HAM10000_clean/ISIC2018/ISIC_0024665.jpg,1,5,0.047819093,0.09672876,0.09366347,0.015554449,0.24465817,0.46479145,0.03678462
/home/share/Uni_Eval/HAM10000_clean/ISIC2018/ISIC_0029129.jpg,1,5,0.08655837,0.21538931,0.13078561,0.024455113,0.15286349,0.35792142,0.03202665
/home/share/Uni_Eval/HAM10000_clean/ISIC2018/ISIC_0025433.jpg,1,5,0.049692743,0.078410424,0.17318805,0.016332489,0.12126355,0.5468206,0.014292167
/home/share/Uni_Eval/HAM10000_clean/ISIC2018/ISIC_0026968.jpg,1,5,0.088938765,0.22844379,0.19428985,0.02056143,0.18710223,0.2492801,0.03138394
/home/share/Uni_Eval/HAM10000_clean/ISIC2018/ISIC_0026156.jpg,1,1,0.11734829,0.33721447,0.29251963,0.021535452,0.09680114,0.07428006,0.060300924
/home/share/Uni_Eval/HAM10000_clean/ISIC2018/ISIC_0031597.jpg,1,5,0.05605718,0.07414855,0.23569794,0.015576009,0.18973877,0.4185534,0.010228156
/home/share/Uni_Eval/HAM10000_clean/ISIC2018/ISIC_0026798.jpg,1,5,0.07384932,0.15582025,0.13540064,0.023378454,0.046763662,0.53364545,0.031142263
/home/share/Uni_Eval/HAM10000_clean/ISIC2018/ISIC_0027915.jpg,1,5,0.043047324,0.06610927,0.119682975,0.014730825,0.19951726,0.5419072,0.015005192
/home/share/Uni_Eval/HAM10000_clean/ISIC2018/ISIC_0027189.jpg,1,1,0.13898696,0.3629125,0.24556032,0.028711451,0.11762891,0.07821249,0.027987331
/home/share/Uni_Eval/HAM10000_clean/ISIC2018/ISIC_0025266.jpg,1,5,0.046680063,0.108245134,0.17185485,0.016944919,0.27836102,0.3516818,0.026232192
/home/share/Uni_Eval/HAM10000_clean/ISIC2018/ISIC_0032307.jpg,1,5,0.056845292,0.09637557,0.20623353,0.02024208,0.14751059,0.45403495,0.018758027
/home/share/Uni_Eval/HAM10000_clean/ISIC2018/ISIC_0026845.jpg,1,5,0.06411033,0.15965268,0.19104987,0.023164507,0.2651431,0.26893798,0.02794153
/home/share/Uni_Eval/HAM10000_clean/ISIC2018/ISIC_0024448.jpg,1,2,0.09367911,0.18230504,0.28955245,0.020757545,0.19533277,0.19953626,0.018836865
/home/share/Uni_Eval/HAM10000_clean/ISIC2018/ISIC_0031258.jpg,1,5,0.0879796,0.22164623,0.13892646,0.023662038,0.13774906,0.35386342,0.036173146
/home/share/Uni_Eval/HAM10000_clean/ISIC2018/ISIC_0030197.jpg,1,5,0.05037085,0.0831422,0.14470385,0.018341355,0.11149861,0.57559127,0.01635191
/home/share/Uni_Eval/HAM10000_clean/ISIC2018/ISIC_0028989.jpg,1,5,0.043172296,0.06573737,0.15284598,0.01421209,0.16044176,0.5512381,0.012352419
/home/share/Uni_Eval/HAM10000_clean/ISIC2018/ISIC_0031728.jpg,1,5,0.015952101,0.019911407,0.05432962,0.0074307704,0.10570162,0.7863585,0.010316077
/home/share/Uni_Eval/HAM10000_clean/ISIC2018/ISIC_0029082.jpg,1,1,0.11009674,0.33192784,0.12623157,0.02765766,0.111356884,0.25778288,0.034946356
/home/share/Uni_Eval/HAM10000_clean/ISIC2018/ISIC_0025601.jpg,1,5,0.09290517,0.16512468,0.26851267,0.02213145,0.1415422,0.27007028,0.039713483
/home/share/Uni_Eval/HAM10000_clean/ISIC2018/ISIC_0025362.jpg,1,5,0.06703832,0.14590845,0.27242482,0.018740581,0.12342923,0.34691173,0.025546888
/home/share/Uni_Eval/HAM10000_clean/ISIC2018/ISIC_0027093.jpg,1,5,0.06548982,0.13156317,0.19159186,0.018438794,0.07962948,0.48605773,0.027229067
/home/share/Uni_Eval/HAM10000_clean/ISIC2018/ISIC_0032246.jpg,1,5,0.087903,0.14289051,0.19874933,0.023271661,0.16141747,0.36772066,0.018047322
/home/share/Uni_Eval/HAM10000_clean/ISIC2018/ISIC_0027229.jpg,1,5,0.047213078,0.08675793,0.21669342,0.014611236,0.2736821,0.34264442,0.018397825
/home/share/Uni_Eval/HAM10000_clean/ISIC2018/ISIC_0027004.jpg,1,5,0.032724705,0.05233489,0.15239945,0.011434311,0.24003842,0.495653,0.0154152615
/home/share/Uni_Eval/HAM10000_clean/ISIC2018/ISIC_0031171.jpg,1,5,0.0562709,0.11443747,0.07756474,0.02194244,0.05463679,0.6384234,0.03672429
/home/share/Uni_Eval/HAM10000_clean/ISIC2018/ISIC_0025530.jpg,1,5,0.06965445,0.16340032,0.14799075,0.024529297,0.22924027,0.34073648,0.024448453
/home/share/Uni_Eval/HAM10000_clean/ISIC2018/ISIC_0024345.jpg,1,5,0.10568228,0.15742327,0.14658043,0.027884228,0.09258886,0.44724068,0.022600237
/home/share/Uni_Eval/HAM10000_clean/ISIC2018/ISIC_0024550.jpg,1,5,0.07360741,0.25607648,0.13044354,0.023995677,0.12393282,0.3459154,0.04602869
/home/share/Uni_Eval/HAM10000_clean/ISIC2018/ISIC_0024833.jpg,1,5,0.05305455,0.082893215,0.15601031,0.01774642,0.15498134,0.52055347,0.014760728
/home/share/Uni_Eval/HAM10000_clean/ISIC2018/ISIC_0030915.jpg,1,5,0.06657346,0.06642623,0.26428667,0.016919622,0.12890701,0.44743142,0.009455636
/home/share/Uni_Eval/HAM10000_clean/ISIC2018/ISIC_0029745.jpg,1,5,0.048903234,0.0617428,0.23255053,0.013703561,0.19874866,0.431497,0.012854189
/home/share/Uni_Eval/HAM10000_clean/ISIC2018/ISIC_0029680.jpg,1,1,0.103649914,0.23516114,0.2252729,0.027763646,0.14340772,0.2317995,0.032945145
/home/share/Uni_Eval/HAM10000_clean/ISIC2018/ISIC_0031298.jpg,1,2,0.08935475,0.18916956,0.33169678,0.018600736,0.16551796,0.18685508,0.018805176
/home/share/Uni_Eval/HAM10000_clean/ISIC2018/ISIC_0027595.jpg,1,5,0.054425005,0.11461789,0.11912048,0.01643985,0.17293364,0.49729836,0.02516482
/home/share/Uni_Eval/HAM10000_clean/ISIC2018/ISIC_0026154.jpg,1,5,0.0932555,0.1527659,0.22065753,0.022376519,0.2164898,0.2731584,0.021296367
/home/share/Uni_Eval/HAM10000_clean/ISIC2018/ISIC_0029501.jpg,1,5,0.070442766,0.10553198,0.28860962,0.017684663,0.18659812,0.31663024,0.014502608
/home/share/Uni_Eval/HAM10000_clean/ISIC2018/ISIC_0027920.jpg,1,5,0.05202373,0.09568026,0.11792649,0.019612283,0.12851264,0.56511176,0.021132808
/home/share/Uni_Eval/HAM10000_clean/ISIC2018/ISIC_0027788.jpg,1,5,0.07609197,0.13117056,0.22399442,0.020411234,0.12950407,0.4029658,0.015861949
/home/share/Uni_Eval/HAM10000_clean/ISIC2018/ISIC_0031263.jpg,1,5,0.0808037,0.21608014,0.2591671,0.023216167,0.122147374,0.26981986,0.028765617
/home/share/Uni_Eval/HAM10000_clean/ISIC2018/ISIC_0024931.jpg,1,5,0.031173682,0.07095547,0.13343407,0.012638961,0.09823814,0.63850427,0.0150554525
/home/share/Uni_Eval/HAM10000_clean/ISIC2018/ISIC_0031971.jpg,1,5,0.043489624,0.06950693,0.12208155,0.017149389,0.112209536,0.6189749,0.016588073
/home/share/Uni_Eval/HAM10000_clean/ISIC2018/ISIC_0028978.jpg,1,5,0.06517612,0.16356806,0.13996483,0.02675233,0.09991715,0.4621185,0.042502962
/home/share/Uni_Eval/HAM10000_clean/ISIC2018/ISIC_0028502.jpg,5,5,0.014630863,0.019331861,0.03717867,0.007881983,0.04636148,0.86484104,0.009774153
/home/share/Uni_Eval/HAM10000_clean/ISIC2018/ISIC_0028239.jpg,5,5,0.0192667,0.021909647,0.051768348,0.008324611,0.055716768,0.8355691,0.007444817
/home/share/Uni_Eval/HAM10000_clean/ISIC2018/ISIC_0029624.jpg,5,5,0.017469713,0.01849151,0.058276456,0.007214244,0.058126073,0.834982,0.0054400167
/home/share/Uni_Eval/HAM10000_clean/ISIC2018/ISIC_0029961.jpg,5,5,0.018487152,0.021581126,0.08479436,0.008146743,0.07899996,0.78102076,0.006969854
/home/share/Uni_Eval/HAM10000_clean/ISIC2018/ISIC_0026583.jpg,5,5,0.042548813,0.071145676,0.09616106,0.017053792,0.073890686,0.67708594,0.022114018
/home/share/Uni_Eval/HAM10000_clean/ISIC2018/ISIC_0025457.jpg,5,5,0.025261914,0.02197301,0.061899677,0.008698595,0.07469378,0.7993513,0.008121824
/home/share/Uni_Eval/HAM10000_clean/ISIC2018/ISIC_0028455.jpg,5,5,0.017920023,0.019097198,0.07164289,0.007754836,0.060986955,0.8159103,0.006687768
/home/share/Uni_Eval/HAM10000_clean/ISIC2018/ISIC_0025723.jpg,5,5,0.032872707,0.038569927,0.08452615,0.0121541945,0.11176285,0.70904464,0.011069471
/home/share/Uni_Eval/HAM10000_clean/ISIC2018/ISIC_0024872.jpg,5,5,0.030771414,0.044013765,0.1157033,0.011612169,0.124014765,0.6632636,0.010620934
/home/share/Uni_Eval/HAM10000_clean/ISIC2018/ISIC_0025143.jpg,5,5,0.0162687,0.01875161,0.053869024,0.0076486105,0.066758506,0.8290577,0.007645865
/home/share/Uni_Eval/HAM10000_clean/ISIC2018/ISIC_0031926.jpg,5,5,0.02106257,0.026579969,0.07325406,0.009051595,0.11486009,0.7453767,0.009815056
/home/share/Uni_Eval/HAM10000_clean/ISIC2018/ISIC_0028164.jpg,5,5,0.02028879,0.023538362,0.055377197,0.009022505,0.09147563,0.7910502,0.009247351
/home/share/Uni_Eval/HAM10000_clean/ISIC2018/ISIC_0032317.jpg,5,5,0.044422016,0.058595482,0.13840717,0.014854235,0.11439641,0.6163251,0.012999601
/home/share/Uni_Eval/HAM10000_clean/ISIC2018/ISIC_0025053.jpg,5,5,0.026586495,0.030365575,0.076273315,0.010379988,0.06766071,0.7797434,0.008990523
/home/share/Uni_Eval/HAM10000_clean/ISIC2018/ISIC_0024357.jpg,5,5,0.031401083,0.04347652,0.08873173,0.011837281,0.049005173,0.76473755,0.010810683
/home/share/Uni_Eval/HAM10000_clean/ISIC2018/ISIC_0028889.jpg,5,5,0.015819466,0.016669929,0.055387303,0.006999356,0.10223064,0.7954368,0.0074563883
/home/share/Uni_Eval/HAM10000_clean/ISIC2018/ISIC_0028302.jpg,5,5,0.01815264,0.034732163,0.03974406,0.008648825,0.09132629,0.79322845,0.014167579
/home/share/Uni_Eval/HAM10000_clean/ISIC2018/ISIC_0026172.jpg,5,5,0.023230448,0.034663487,0.06405182,0.009870646,0.06771966,0.7895839,0.010880027
/home/share/Uni_Eval/HAM10000_clean/ISIC2018/ISIC_0031604.jpg,5,5,0.016558496,0.020465204,0.06438609,0.0072303778,0.099915445,0.78037274,0.011071675
/home/share/Uni_Eval/HAM10000_clean/ISIC2018/ISIC_0027808.jpg,5,5,0.023657467,0.025129383,0.06728423,0.009352676,0.05329249,0.81322414,0.008059635
/home/share/Uni_Eval/HAM10000_clean/ISIC2018/ISIC_0025416.jpg,5,5,0.013899213,0.014267088,0.05262474,0.006554284,0.064949825,0.841918,0.0057868143
/home/share/Uni_Eval/HAM10000_clean/ISIC2018/ISIC_0027339.jpg,5,5,0.012236373,0.013028041,0.04166013,0.00593687,0.06750254,0.8529336,0.0067024687
/home/share/Uni_Eval/HAM10000_clean/ISIC2018/ISIC_0031997.jpg,5,5,0.013285442,0.016804833,0.06423951,0.006654054,0.07099778,0.82088363,0.007134661
/home/share/Uni_Eval/HAM10000_clean/ISIC2018/ISIC_0030669.jpg,5,5,0.018250577,0.026040236,0.053598657,0.008985112,0.07824536,0.8054883,0.009391784
/home/share/Uni_Eval/HAM10000_clean/ISIC2018/ISIC_0025364.jpg,5,5,0.025461383,0.030736007,0.071411856,0.00886416,0.09798663,0.7570333,0.00850662
/home/share/Uni_Eval/HAM10000_clean/ISIC2018/ISIC_0026234.jpg,5,5,0.022601746,0.028998856,0.10340801,0.009497441,0.07236524,0.7547739,0.00835484
/home/share/Uni_Eval/HAM10000_clean/ISIC2018/ISIC_0024365.jpg,5,5,0.03127831,0.033350777,0.096264794,0.011869524,0.107398726,0.70841503,0.011422879
/home/share/Uni_Eval/HAM10000_clean/ISIC2018/ISIC_0029293.jpg,5,5,0.011079425,0.013698661,0.037384644,0.0058520734,0.052146394,0.87301236,0.0068265125
/home/share/Uni_Eval/HAM10000_clean/ISIC2018/ISIC_0027717.jpg,5,5,0.050176833,0.06229097,0.15541899,0.015583784,0.135459,0.56841695,0.012653474
/home/share/Uni_Eval/HAM10000_clean/ISIC2018/ISIC_0027732.jpg,5,5,0.024777839,0.058654305,0.047369793,0.0118124895,0.06376393,0.7778513,0.01577031
/home/share/Uni_Eval/HAM10000_clean/ISIC2018/ISIC_0028395.jpg,5,5,0.038088534,0.04166318,0.11078805,0.013632806,0.092928775,0.6932286,0.009670049
/home/share/Uni_Eval/HAM10000_clean/ISIC2018/ISIC_0027426.jpg,5,5,0.008045965,0.009219248,0.025337964,0.004448717,0.028045526,0.9203805,0.0045221066
/home/share/Uni_Eval/HAM10000_clean/ISIC2018/ISIC_0027195.jpg,5,5,0.02373401,0.023729455,0.09688126,0.009319703,0.068033956,0.77185434,0.006447172
/home/share/Uni_Eval/HAM10000_clean/ISIC2018/ISIC_0026098.jpg,5,5,0.019329777,0.019061154,0.0678722,0.007979297,0.07378331,0.8055278,0.0064464165
/home/share/Uni_Eval/HAM10000_clean/ISIC2018/ISIC_0029336.jpg,5,5,0.033418816,0.036032185,0.11587296,0.011875147,0.10513521,0.6874552,0.0102105355
/home/share/Uni_Eval/HAM10000_clean/ISIC2018/ISIC_0032100.jpg,5,5,0.014547287,0.021716101,0.040803716,0.007256564,0.042000763,0.8643227,0.009352823
/home/share/Uni_Eval/HAM10000_clean/ISIC2018/ISIC_0031453.jpg,5,5,0.02633633,0.031545624,0.09205301,0.010047064,0.07663754,0.75478566,0.008594755
/home/share/Uni_Eval/HAM10000_clean/ISIC2018/ISIC_0026242.jpg,5,5,0.025246788,0.037529677,0.095157064,0.010336602,0.06744399,0.75455517,0.009730725
/home/share/Uni_Eval/HAM10000_clean/ISIC2018/ISIC_0028282.jpg,5,5,0.05392157,0.062012818,0.13919577,0.015024595,0.045149513,0.66606206,0.01863369
/home/share/Uni_Eval/HAM10000_clean/ISIC2018/ISIC_0028639.jpg,5,5,0.040901676,0.057587452,0.09162212,0.015242378,0.080006875,0.6999946,0.014644837
/home/share/Uni_Eval/HAM10000_clean/ISIC2018/ISIC_0028136.jpg,5,5,0.012206464,0.014356444,0.042819183,0.006153594,0.046857867,0.87227094,0.005335414
/home/share/Uni_Eval/HAM10000_clean/ISIC2018/ISIC_0026283.jpg,5,5,0.01623528,0.020389903,0.0466114,0.008075038,0.045663808,0.8558681,0.007156435
/home/share/Uni_Eval/HAM10000_clean/ISIC2018/ISIC_0027416.jpg,5,5,0.040017337,0.04509458,0.11171115,0.013957851,0.06941734,0.70677155,0.013030154
/home/share/Uni_Eval/HAM10000_clean/ISIC2018/ISIC_0025930.jpg,5,5,0.013035998,0.016590916,0.0438626,0.006163888,0.06408758,0.84874,0.0075190673
/home/share/Uni_Eval/HAM10000_clean/ISIC2018/ISIC_0029815.jpg,5,5,0.01602843,0.02436188,0.04663554,0.007422875,0.04983984,0.84695977,0.008751737
/home/share/Uni_Eval/HAM10000_clean/ISIC2018/ISIC_0032011.jpg,5,5,0.011762998,0.01306021,0.045153856,0.0057980176,0.052884307,0.8660428,0.005297821
/home/share/Uni_Eval/HAM10000_clean/ISIC2018/ISIC_0030540.jpg,5,5,0.026664305,0.032176502,0.09948313,0.009877141,0.06687851,0.7566523,0.008268138
/home/share/Uni_Eval/HAM10000_clean/ISIC2018/ISIC_0025366.jpg,2,5,0.013381793,0.016486077,0.046639413,0.0067153005,0.048560593,0.861609,0.0066078925
/home/share/Uni_Eval/HAM10000_clean/ISIC2018/ISIC_0031229.jpg,5,5,0.039131008,0.0491599,0.09946356,0.014253678,0.07277393,0.7140471,0.011170817
/home/share/Uni_Eval/HAM10000_clean/ISIC2018/ISIC_0031777.jpg,5,5,0.013092348,0.01669869,0.043673847,0.0065460303,0.04525201,0.8682757,0.006461313
/home/share/Uni_Eval/HAM10000_clean/ISIC2018/ISIC_0025558.jpg,5,5,0.030742478,0.03734725,0.09755066,0.011164517,0.08199175,0.73231095,0.008892446
/home/share/Uni_Eval/HAM10000_clean/ISIC2018/ISIC_0028007.jpg,5,5,0.016754288,0.019353045,0.048963204,0.007497674,0.051286217,0.84905756,0.0070880987
/home/share/Uni_Eval/HAM10000_clean/ISIC2018/ISIC_0028768.jpg,5,5,0.01844372,0.022305645,0.069467716,0.008107746,0.037550364,0.8337931,0.010331734
/home/share/Uni_Eval/HAM10000_clean/ISIC2018/ISIC_0028137.jpg,5,5,0.017291656,0.02268268,0.07371405,0.008101214,0.056641005,0.8139703,0.0075990753
/home/share/Uni_Eval/HAM10000_clean/ISIC2018/ISIC_0025255.jpg,5,5,0.015266822,0.01802291,0.056034487,0.006836825,0.0768293,0.8201984,0.006811236
/home/share/Uni_Eval/HAM10000_clean/ISIC2018/ISIC_0032453.jpg,5,5,0.016148727,0.019730467,0.06275803,0.0073963352,0.096800745,0.7903669,0.0067987903
/home/share/Uni_Eval/HAM10000_clean/ISIC2018/ISIC_0028546.jpg,5,5,0.016115079,0.02239426,0.062860474,0.0078198,0.03242613,0.8515475,0.006836737
/home/share/Uni_Eval/HAM10000_clean/ISIC2018/ISIC_0031174.jpg,5,5,0.027476426,0.021750525,0.086329885,0.009282394,0.105781704,0.74120265,0.008176379
/home/share/Uni_Eval/HAM10000_clean/ISIC2018/ISIC_0026836.jpg,5,5,0.03615014,0.03871855,0.13572954,0.012228192,0.08716548,0.68071437,0.009293709
/home/share/Uni_Eval/HAM10000_clean/ISIC2018/ISIC_0026613.jpg,5,5,0.027928542,0.05685046,0.07490195,0.012558492,0.091823265,0.72084355,0.015093702
/home/share/Uni_Eval/HAM10000_clean/ISIC2018/ISIC_0027843.jpg,5,5,0.017435428,0.021115115,0.053584054,0.007831186,0.056765337,0.83592933,0.007339511
/home/share/Uni_Eval/HAM10000_clean/ISIC2018/ISIC_0030797.jpg,5,5,0.025199544,0.029615872,0.0798979,0.010016731,0.07914211,0.7658139,0.010313917
/home/share/Uni_Eval/HAM10000_clean/ISIC2018/ISIC_0027939.jpg,5,5,0.022934679,0.023160372,0.08119813,0.008797053,0.10769247,0.74861753,0.007599823
/home/share/Uni_Eval/HAM10000_clean/ISIC2018/ISIC_0031947.jpg,5,5,0.010878707,0.016294766,0.029897217,0.005545437,0.028439121,0.90288085,0.006063878
/home/share/Uni_Eval/HAM10000_clean/ISIC2018/ISIC_0029675.jpg,5,5,0.01824228,0.02608547,0.05945862,0.008312151,0.032656703,0.84831256,0.006932284
/home/share/Uni_Eval/HAM10000_clean/ISIC2018/ISIC_0032426.jpg,5,5,0.01813214,0.015573828,0.065976,0.0072271843,0.0893322,0.7965104,0.0072481786
/home/share/Uni_Eval/HAM10000_clean/ISIC2018/ISIC_0031571.jpg,5,5,0.020807898,0.020737348,0.056924947,0.008419799,0.06712501,0.8177352,0.008249843
/home/share/Uni_Eval/HAM10000_clean/ISIC2018/ISIC_0030120.jpg,5,5,0.045722246,0.07145767,0.10418241,0.015763167,0.042093486,0.7064588,0.0143222185
/home/share/Uni_Eval/HAM10000_clean/ISIC2018/ISIC_0025878.jpg,5,5,0.036397025,0.045960683,0.085650705,0.012391031,0.041361943,0.7680453,0.01019325
/home/share/Uni_Eval/HAM10000_clean/ISIC2018/ISIC_0025613.jpg,5,5,0.048166186,0.06063625,0.11634661,0.017246043,0.08341254,0.65815556,0.0160368
/home/share/Uni_Eval/HAM10000_clean/ISIC2018/ISIC_0027085.jpg,5,5,0.017763037,0.018101763,0.059077073,0.0074567725,0.052068144,0.8391154,0.0064177443
/home/share/Uni_Eval/HAM10000_clean/ISIC2018/ISIC_0028933.jpg,5,5,0.016976142,0.020274542,0.05210565,0.007657662,0.05935155,0.836661,0.006973521
/home/share/Uni_Eval/HAM10000_clean/ISIC2018/ISIC_0027356.jpg,5,5,0.011190055,0.011787074,0.043555066,0.0055448273,0.036416627,0.8862532,0.0052531925
/home/share/Uni_Eval/HAM10000_clean/ISIC2018/ISIC_0030836.jpg,5,5,0.03792943,0.044568073,0.082856715,0.013577185,0.051791243,0.7595739,0.00970356
/home/share/Uni_Eval/HAM10000_clean/ISIC2018/ISIC_0030204.jpg,5,5,0.023175409,0.025230095,0.1051858,0.009355098,0.06380781,0.7664789,0.006766907
/home/share/Uni_Eval/HAM10000_clean/ISIC2018/ISIC_0028242.jpg,5,5,0.020249927,0.020432029,0.06771981,0.007904564,0.05296878,0.82445955,0.0062654195
/home/share/Uni_Eval/HAM10000_clean/ISIC2018/ISIC_0024856.jpg,5,5,0.012962062,0.022293696,0.03323855,0.006698527,0.042507626,0.8738444,0.008455088
/home/share/Uni_Eval/HAM10000_clean/ISIC2018/ISIC_0028775.jpg,5,5,0.04287976,0.05610964,0.11481758,0.015123492,0.07393708,0.6841144,0.013018095
/home/share/Uni_Eval/HAM10000_clean/ISIC2018/ISIC_0025910.jpg,5,5,0.03223001,0.046543375,0.06794718,0.013385164,0.046614837,0.7768545,0.016424956
/home/share/Uni_Eval/HAM10000_clean/ISIC2018/ISIC_0031392.jpg,5,5,0.028371412,0.03325385,0.11684171,0.01036109,0.1201585,0.68190074,0.009112709
/home/share/Uni_Eval/HAM10000_clean/ISIC2018/ISIC_0031909.jpg,5,5,0.034448404,0.062327866,0.069065206,0.014621863,0.089793615,0.7083779,0.021365246
/home/share/Uni_Eval/HAM10000_clean/ISIC2018/ISIC_0029274.jpg,5,5,0.035414305,0.04062368,0.13310722,0.011773113,0.06715093,0.699394,0.012536723
/home/share/Uni_Eval/HAM10000_clean/ISIC2018/ISIC_0029972.jpg,5,5,0.015010898,0.026667863,0.029406132,0.007898726,0.027257428,0.88204056,0.011718433
/home/share/Uni_Eval/HAM10000_clean/ISIC2018/ISIC_0027373.jpg,5,5,0.015138332,0.020305885,0.064086236,0.007843577,0.063962445,0.8209266,0.007736949
/home/share/Uni_Eval/HAM10000_clean/ISIC2018/ISIC_0024556.jpg,5,5,0.035312433,0.061698724,0.09434565,0.012543282,0.061863445,0.71919566,0.015040853
/home/share/Uni_Eval/HAM10000_clean/ISIC2018/ISIC_0027157.jpg,5,5,0.03596803,0.041686874,0.123727605,0.0123925945,0.09144269,0.68341684,0.011365356
/home/share/Uni_Eval/HAM10000_clean/ISIC2018/ISIC_0032288.jpg,5,5,0.030126173,0.030575087,0.10290213,0.009786102,0.10730375,0.71183157,0.0074752094
/home/share/Uni_Eval/HAM10000_clean/ISIC2018/ISIC_0024534.jpg,5,5,0.0120480135,0.012431098,0.042536866,0.0055022147,0.072995216,0.8496759,0.004810683
/home/share/Uni_Eval/HAM10000_clean/ISIC2018/ISIC_0031313.jpg,5,5,0.05078389,0.07027972,0.17032275,0.018272057,0.13135318,0.54091716,0.018071292
/home/share/Uni_Eval/HAM10000_clean/ISIC2018/ISIC_0028813.jpg,5,5,0.023012247,0.023774669,0.08459032,0.007934509,0.11520698,0.7364161,0.009065185
/home/share/Uni_Eval/HAM10000_clean/ISIC2018/ISIC_0027482.jpg,5,5,0.016426327,0.019230137,0.055485755,0.007171281,0.081432946,0.81000406,0.010249459
/home/share/Uni_Eval/HAM10000_clean/ISIC2018/ISIC_0026689.jpg,5,5,0.015634684,0.017522385,0.05830006,0.0072358055,0.062551826,0.83057916,0.00817604
/home/share/Uni_Eval/HAM10000_clean/ISIC2018/ISIC_0032419.jpg,5,5,0.015482744,0.023714129,0.063668095,0.007892694,0.061433557,0.82047564,0.007333107
/home/share/Uni_Eval/HAM10000_clean/ISIC2018/ISIC_0028985.jpg,5,5,0.02232021,0.031184644,0.07099662,0.009824768,0.08534209,0.77004266,0.010289034
/home/share/Uni_Eval/HAM10000_clean/ISIC2018/ISIC_0029335.jpg,5,5,0.030919556,0.04159847,0.12166893,0.012761652,0.089797035,0.6920725,0.0111818835
/home/share/Uni_Eval/HAM10000_clean/ISIC2018/ISIC_0030351.jpg,5,5,0.015757049,0.017367795,0.055331465,0.0071634087,0.039767805,0.8589166,0.0056958986
/home/share/Uni_Eval/HAM10000_clean/ISIC2018/ISIC_0026994.jpg,5,5,0.047191434,0.04254803,0.14478923,0.012130034,0.07308119,0.67158526,0.008674869
/home/share/Uni_Eval/HAM10000_clean/ISIC2018/ISIC_0029111.jpg,5,5,0.02337317,0.025484452,0.08013129,0.009116129,0.07064339,0.78225505,0.008996503
/home/share/Uni_Eval/HAM10000_clean/ISIC2018/ISIC_0031114.jpg,5,5,0.017700322,0.026328402,0.019977707,0.00713471,0.022254301,0.8921689,0.014435723
/home/share/Uni_Eval/HAM10000_clean/ISIC2018/ISIC_0025146.jpg,5,5,0.013156617,0.019646695,0.058080714,0.007178633,0.034299165,0.8615428,0.0060953908
/home/share/Uni_Eval/HAM10000_clean/ISIC2018/ISIC_0027600.jpg,5,5,0.012114896,0.020141609,0.036857408,0.006105795,0.035059325,0.8820662,0.007654907
/home/share/Uni_Eval/HAM10000_clean/ISIC2018/ISIC_0024804.jpg,5,5,0.009732091,0.01215437,0.031963322,0.0052261134,0.035947364,0.8993999,0.005576927
/home/share/Uni_Eval/HAM10000_clean/ISIC2018/ISIC_0032266.jpg,5,5,0.017027171,0.02142389,0.052878805,0.0074153948,0.05997365,0.8332703,0.008010834
/home/share/Uni_Eval/HAM10000_clean/ISIC2018/ISIC_0026415.jpg,5,5,0.01602583,0.020218251,0.04446055,0.0072856285,0.036956824,0.8676285,0.0074243126
/home/share/Uni_Eval/HAM10000_clean/ISIC2018/ISIC_0030524.jpg,5,5,0.05235197,0.06380175,0.15315095,0.013971647,0.08164173,0.6164905,0.01859141
/home/share/Uni_Eval/HAM10000_clean/ISIC2018/ISIC_0030679.jpg,5,5,0.010062975,0.013272326,0.026145415,0.0054001193,0.025666509,0.9129321,0.0065205027
/home/share/Uni_Eval/HAM10000_clean/ISIC2018/ISIC_0026740.jpg,5,5,0.007365929,0.010268261,0.02233413,0.0041204533,0.029294914,0.9210565,0.005559798
/home/share/Uni_Eval/HAM10000_clean/ISIC2018/ISIC_0028712.jpg,5,5,0.011505215,0.01851647,0.022161128,0.005576169,0.025395129,0.9078598,0.008986081
/home/share/Uni_Eval/HAM10000_clean/ISIC2018/ISIC_0024379.jpg,5,5,0.006585804,0.005766343,0.018830623,0.0031859777,0.031876612,0.9287924,0.004962181
/home/share/Uni_Eval/HAM10000_clean/ISIC2018/ISIC_0030237.jpg,5,5,0.010926339,0.009419843,0.04009676,0.0050870623,0.045604914,0.8848293,0.0040357485
/home/share/Uni_Eval/HAM10000_clean/ISIC2018/ISIC_0028177.jpg,5,5,0.016472103,0.018986996,0.058378518,0.0071562333,0.080525294,0.81061876,0.007862059
/home/share/Uni_Eval/HAM10000_clean/ISIC2018/ISIC_0024661.jpg,5,5,0.010071681,0.009149369,0.03289899,0.0047291527,0.02779897,0.911237,0.0041148453
/home/share/Uni_Eval/HAM10000_clean/ISIC2018/ISIC_0025474.jpg,5,5,0.021721635,0.026987832,0.051448155,0.009396113,0.03804577,0.8448832,0.007517256
/home/share/Uni_Eval/HAM10000_clean/ISIC2018/ISIC_0025397.jpg,5,5,0.013098806,0.013368468,0.047145672,0.006194656,0.040123735,0.8751054,0.00496328
/home/share/Uni_Eval/HAM10000_clean/ISIC2018/ISIC_0024641.jpg,5,5,0.014214448,0.02021863,0.05040286,0.0073595024,0.05159652,0.8478091,0.0083989985
/home/share/Uni_Eval/HAM10000_clean/ISIC2018/ISIC_0026267.jpg,5,5,0.046817686,0.05735332,0.09932638,0.014527259,0.05507593,0.7124307,0.01446878
/home/share/Uni_Eval/HAM10000_clean/ISIC2018/ISIC_0030407.jpg,5,5,0.009827275,0.011291638,0.031872127,0.004853482,0.038951844,0.89881057,0.004392978
/home/share/Uni_Eval/HAM10000_clean/ISIC2018/ISIC_0030490.jpg,5,5,0.009334262,0.010575855,0.037021622,0.0049240836,0.046081685,0.88674355,0.0053189136
/home/share/Uni_Eval/HAM10000_clean/ISIC2018/ISIC_0029150.jpg,5,5,0.035111364,0.041077,0.13268471,0.012323138,0.03980244,0.72846097,0.010540463
/home/share/Uni_Eval/HAM10000_clean/ISIC2018/ISIC_0030711.jpg,5,5,0.01831822,0.018104592,0.048297543,0.008169464,0.06011644,0.83773357,0.009260082
/home/share/Uni_Eval/HAM10000_clean/ISIC2018/ISIC_0027541.jpg,5,5,0.008059826,0.009589795,0.028524116,0.004496732,0.036386676,0.90673774,0.0062051853
/home/share/Uni_Eval/HAM10000_clean/ISIC2018/ISIC_0027557.jpg,5,5,0.018779378,0.026369007,0.051615857,0.009009403,0.050804116,0.8328876,0.010534692
/home/share/Uni_Eval/HAM10000_clean/ISIC2018/ISIC_0027892.jpg,5,5,0.042758785,0.05048573,0.11737476,0.01492371,0.10145067,0.65908444,0.013921906
/home/share/Uni_Eval/HAM10000_clean/ISIC2018/ISIC_0028786.jpg,5,5,0.017632792,0.015938697,0.059981834,0.007411978,0.068647735,0.8250939,0.0052930997
/home/share/Uni_Eval/HAM10000_clean/ISIC2018/ISIC_0031097.jpg,5,5,0.013295333,0.017402153,0.056972355,0.0068803695,0.05136308,0.84700614,0.007080595
/home/share/Uni_Eval/HAM10000_clean/ISIC2018/ISIC_0024392.jpg,5,5,0.008761565,0.010425172,0.032037158,0.0046940614,0.03566782,0.9039071,0.0045070406
/home/share/Uni_Eval/HAM10000_clean/ISIC2018/ISIC_0029004.jpg,5,5,0.011248986,0.013270677,0.038082704,0.005552467,0.069885686,0.85454303,0.0074164444
/home/share/Uni_Eval/HAM10000_clean/ISIC2018/ISIC_0025109.jpg,5,5,0.023528945,0.027734412,0.04932617,0.009261916,0.01761146,0.86346126,0.009075917
/home/share/Uni_Eval/HAM10000_clean/ISIC2018/ISIC_0029508.jpg,5,5,0.013228592,0.013866162,0.04198821,0.0055606454,0.0775051,0.8426579,0.005193353
/home/share/Uni_Eval/HAM10000_clean/ISIC2018/ISIC_0030484.jpg,5,5,0.028226372,0.045289773,0.08271153,0.011906134,0.07775203,0.74320894,0.010905264
/home/share/Uni_Eval/HAM10000_clean/ISIC2018/ISIC_0026515.jpg,5,5,0.017416134,0.019950442,0.02826231,0.00815004,0.032647595,0.8831659,0.010407587
/home/share/Uni_Eval/HAM10000_clean/ISIC2018/ISIC_0029706.jpg,5,5,0.035373338,0.042428397,0.108113855,0.012980156,0.08634342,0.70331955,0.011441391
/home/share/Uni_Eval/HAM10000_clean/ISIC2018/ISIC_0030414.jpg,5,5,0.019479772,0.029187305,0.0465591,0.00853977,0.06462807,0.82346547,0.008140522
/home/share/Uni_Eval/HAM10000_clean/ISIC2018/ISIC_0028021.jpg,5,5,0.039601848,0.05165185,0.08370445,0.0150348935,0.054620314,0.74138683,0.013999811
/home/share/Uni_Eval/HAM10000_clean/ISIC2018/ISIC_0025944.jpg,5,5,0.020954529,0.029625319,0.06810333,0.009010253,0.10663775,0.75300705,0.012661715
/home/share/Uni_Eval/HAM10000_clean/ISIC2018/ISIC_0026628.jpg,5,5,0.02017581,0.028418366,0.045078147,0.009734706,0.053785782,0.8333014,0.0095056975
/home/share/Uni_Eval/HAM10000_clean/ISIC2018/ISIC_0027438.jpg,5,5,0.017270748,0.023659391,0.028132284,0.007592154,0.016260412,0.8969556,0.010129389
/home/share/Uni_Eval/HAM10000_clean/ISIC2018/ISIC_0024656.jpg,5,5,0.024612417,0.024425844,0.106720485,0.009427132,0.062012892,0.7650359,0.007765378
/home/share/Uni_Eval/HAM10000_clean/ISIC2018/ISIC_0029456.jpg,5,5,0.014170094,0.015064032,0.03600217,0.0056581995,0.07078287,0.85151535,0.0068072965
/home/share/Uni_Eval/HAM10000_clean/ISIC2018/ISIC_0030692.jpg,5,5,0.018698514,0.024766557,0.054079812,0.008944366,0.05503105,0.8292811,0.009198509
/home/share/Uni_Eval/HAM10000_clean/ISIC2018/ISIC_0028908.jpg,5,5,0.010686122,0.007924275,0.029143069,0.0044299336,0.059246123,0.8835532,0.005017295
/home/share/Uni_Eval/HAM10000_clean/ISIC2018/ISIC_0024395.jpg,5,5,0.034586124,0.03958834,0.082483426,0.013080514,0.038192336,0.78000426,0.012065071
/home/share/Uni_Eval/HAM10000_clean/ISIC2018/ISIC_0026791.jpg,5,5,0.017948993,0.022259362,0.053906664,0.008385325,0.05122752,0.8392878,0.0069843535
/home/share/Uni_Eval/HAM10000_clean/ISIC2018/ISIC_0024736.jpg,5,5,0.009849129,0.010362712,0.025727466,0.0046457844,0.05086893,0.8940564,0.0044895113
/home/share/Uni_Eval/HAM10000_clean/ISIC2018/ISIC_0030775.jpg,5,5,0.007841733,0.010640828,0.020512026,0.004124041,0.02579753,0.92396355,0.0071202535
/home/share/Uni_Eval/HAM10000_clean/ISIC2018/ISIC_0028318.jpg,5,5,0.0079788985,0.0094196005,0.02267399,0.0045027393,0.021015596,0.92946976,0.0049394066
/home/share/Uni_Eval/HAM10000_clean/ISIC2018/ISIC_0027901.jpg,5,5,0.023529034,0.034557667,0.048928164,0.010767305,0.042201478,0.8280954,0.011920917
/home/share/Uni_Eval/HAM10000_clean/ISIC2018/ISIC_0030866.jpg,5,5,0.010224154,0.013849564,0.037923545,0.0055055534,0.030351048,0.896521,0.0056251623
/home/share/Uni_Eval/HAM10000_clean/ISIC2018/ISIC_0027477.jpg,5,5,0.014546145,0.019647984,0.045459133,0.007943081,0.039650552,0.8650198,0.007733328
/home/share/Uni_Eval/HAM10000_clean/ISIC2018/ISIC_0027637.jpg,5,5,0.039006587,0.07009852,0.05656402,0.015515135,0.04141612,0.7568603,0.020539375
/home/share/Uni_Eval/HAM10000_clean/ISIC2018/ISIC_0029264.jpg,5,5,0.010976012,0.014477308,0.027700944,0.0062699,0.038144514,0.8887256,0.013705748
/home/share/Uni_Eval/HAM10000_clean/ISIC2018/ISIC_0027617.jpg,5,5,0.011529465,0.011304345,0.03916112,0.004980826,0.049130984,0.8779795,0.0059137656
/home/share/Uni_Eval/HAM10000_clean/ISIC2018/ISIC_0029711.jpg,5,5,0.010041882,0.012680401,0.034174744,0.0053554554,0.035192866,0.89744467,0.005110014
/home/share/Uni_Eval/HAM10000_clean/ISIC2018/ISIC_0024977.jpg,5,5,0.017467607,0.022606805,0.046767496,0.0074589425,0.10385852,0.79400635,0.007834293
/home/share/Uni_Eval/HAM10000_clean/ISIC2018/ISIC_0031785.jpg,5,5,0.014584747,0.027392339,0.046868492,0.008404937,0.070609145,0.8204202,0.011720145
/home/share/Uni_Eval/HAM10000_clean/ISIC2018/ISIC_0025976.jpg,5,5,0.006600037,0.0068120128,0.019905422,0.0036096391,0.015962878,0.94283164,0.0042784004
/home/share/Uni_Eval/HAM10000_clean/ISIC2018/ISIC_0030578.jpg,5,5,0.05350399,0.08597052,0.115776934,0.01752968,0.07891921,0.63086987,0.017429767
/home/share/Uni_Eval/HAM10000_clean/ISIC2018/ISIC_0028552.jpg,5,5,0.019356925,0.019721424,0.0666754,0.007880722,0.08810637,0.7900891,0.008170121
/home/share/Uni_Eval/HAM10000_clean/ISIC2018/ISIC_0026945.jpg,5,5,0.020333067,0.024501342,0.0618951,0.008218001,0.08986568,0.7838003,0.011386512
/home/share/Uni_Eval/HAM10000_clean/ISIC2018/ISIC_0029387.jpg,5,5,0.0097900415,0.013892796,0.02760732,0.004623099,0.036234748,0.9002206,0.007631392
/home/share/Uni_Eval/HAM10000_clean/ISIC2018/ISIC_0024321.jpg,5,5,0.022902662,0.03382934,0.050418776,0.009150873,0.027979668,0.8459349,0.009783833
/home/share/Uni_Eval/HAM10000_clean/ISIC2018/ISIC_0027807.jpg,5,5,0.008259001,0.008978468,0.03343492,0.0043375646,0.036246188,0.9046825,0.0040613883
/home/share/Uni_Eval/HAM10000_clean/ISIC2018/ISIC_0025714.jpg,5,5,0.0202488,0.025727946,0.065998636,0.008837469,0.06448134,0.8068293,0.007876495
/home/share/Uni_Eval/HAM10000_clean/ISIC2018/ISIC_0028612.jpg,5,5,0.0068682195,0.010627125,0.020357855,0.0038673363,0.041422315,0.9099624,0.006894614
/home/share/Uni_Eval/HAM10000_clean/ISIC2018/ISIC_0029795.jpg,5,5,0.02664985,0.028765121,0.088027604,0.010818112,0.10802458,0.7291093,0.008605439
/home/share/Uni_Eval/HAM10000_clean/ISIC2018/ISIC_0030562.jpg,5,5,0.009682344,0.012268653,0.03275187,0.005159809,0.058824327,0.8742695,0.007043501
/home/share/Uni_Eval/HAM10000_clean/ISIC2018/ISIC_0032198.jpg,5,5,0.039371073,0.049373038,0.13500942,0.012636192,0.0450154,0.7093841,0.00921084
/home/share/Uni_Eval/HAM10000_clean/ISIC2018/ISIC_0030643.jpg,5,5,0.058298614,0.075997405,0.13645001,0.016382894,0.053508807,0.6468851,0.012477184
/home/share/Uni_Eval/HAM10000_clean/ISIC2018/ISIC_0027353.jpg,5,5,0.038712263,0.04421119,0.111181855,0.013546517,0.0918131,0.68874097,0.011794047
/home/share/Uni_Eval/HAM10000_clean/ISIC2018/ISIC_0026701.jpg,5,5,0.01892431,0.015416338,0.060486536,0.0064071454,0.08352079,0.8093685,0.0058764215
/home/share/Uni_Eval/HAM10000_clean/ISIC2018/ISIC_0028616.jpg,5,5,0.03269523,0.045058046,0.07397623,0.012715576,0.08372193,0.7405813,0.0112517355
/home/share/Uni_Eval/HAM10000_clean/ISIC2018/ISIC_0026708.jpg,5,5,0.007817176,0.00696079,0.023747252,0.0034639465,0.076807946,0.8769784,0.0042245267
/home/share/Uni_Eval/HAM10000_clean/ISIC2018/ISIC_0024820.jpg,5,5,0.017879622,0.01887662,0.04244999,0.007754573,0.04600344,0.86019033,0.006845486
/home/share/Uni_Eval/HAM10000_clean/ISIC2018/ISIC_0031275.jpg,5,5,0.038435936,0.07642299,0.07723604,0.014937487,0.03591525,0.73871076,0.018341491
/home/share/Uni_Eval/HAM10000_clean/ISIC2018/ISIC_0031343.jpg,5,5,0.019500367,0.02096538,0.053947046,0.0076862024,0.09455381,0.7962416,0.007105593
/home/share/Uni_Eval/HAM10000_clean/ISIC2018/ISIC_0029423.jpg,5,5,0.008784022,0.012424964,0.022442237,0.004629952,0.02977803,0.91348714,0.008453722
/home/share/Uni_Eval/HAM10000_clean/ISIC2018/ISIC_0031296.jpg,5,5,0.015139447,0.017936097,0.032659702,0.006767084,0.043257236,0.8769322,0.007308249
/home/share/Uni_Eval/HAM10000_clean/ISIC2018/ISIC_0025137.jpg,5,5,0.008165952,0.0090944385,0.02464058,0.0042350763,0.027295107,0.9225969,0.003972015
/home/share/Uni_Eval/HAM10000_clean/ISIC2018/ISIC_0025890.jpg,5,5,0.027088588,0.032999124,0.07030165,0.010565615,0.04899722,0.80065215,0.009395684
/home/share/Uni_Eval/HAM10000_clean/ISIC2018/ISIC_0027232.jpg,5,5,0.061844006,0.044565484,0.17977434,0.017643616,0.03473346,0.644743,0.01669604
/home/share/Uni_Eval/HAM10000_clean/ISIC2018/ISIC_0027259.jpg,5,5,0.013518259,0.032808032,0.036269568,0.007921157,0.044408526,0.84653217,0.018542308
/home/share/Uni_Eval/HAM10000_clean/ISIC2018/ISIC_0029556.jpg,5,5,0.016345508,0.018049832,0.046580154,0.007293262,0.052388318,0.8524347,0.0069082184
/home/share/Uni_Eval/HAM10000_clean/ISIC2018/ISIC_0030613.jpg,5,5,0.012483209,0.012166935,0.040814932,0.005408109,0.03241975,0.89155215,0.005154898
/home/share/Uni_Eval/HAM10000_clean/ISIC2018/ISIC_0025698.jpg,5,5,0.019839738,0.019753926,0.06104592,0.007871541,0.08860099,0.7964196,0.006468331
/home/share/Uni_Eval/HAM10000_clean/ISIC2018/ISIC_0031230.jpg,5,5,0.015127383,0.016732393,0.053088367,0.0068273516,0.084862374,0.81605434,0.00730776
/home/share/Uni_Eval/HAM10000_clean/ISIC2018/ISIC_0026300.jpg,5,5,0.014367764,0.016514279,0.03834551,0.0073122536,0.04030172,0.8767043,0.006454266
/home/share/Uni_Eval/HAM10000_clean/ISIC2018/ISIC_0027474.jpg,5,5,0.028919356,0.031852808,0.08131004,0.011840271,0.06030646,0.77441806,0.011353015
/home/share/Uni_Eval/HAM10000_clean/ISIC2018/ISIC_0031635.jpg,5,5,0.008723329,0.010790715,0.033191904,0.0048103933,0.053632453,0.88115734,0.0076939175
/home/share/Uni_Eval/HAM10000_clean/ISIC2018/ISIC_0026972.jpg,5,5,0.01899855,0.016059954,0.08326725,0.0070943558,0.05660263,0.81160885,0.0063684164
/home/share/Uni_Eval/HAM10000_clean/ISIC2018/ISIC_0024568.jpg,5,5,0.008083151,0.011105507,0.020491779,0.004664835,0.018642396,0.93021685,0.006795559
/home/share/Uni_Eval/HAM10000_clean/ISIC2018/ISIC_0030863.jpg,5,5,0.008419058,0.00973005,0.018597675,0.0042951526,0.03295149,0.9199071,0.0060995077
/home/share/Uni_Eval/HAM10000_clean/ISIC2018/ISIC_0027682.jpg,5,5,0.013980498,0.03166243,0.026222955,0.0062126294,0.039869446,0.86287975,0.01917232
/home/share/Uni_Eval/HAM10000_clean/ISIC2018/ISIC_0030975.jpg,5,5,0.012351143,0.017094644,0.043015458,0.0062851883,0.03296871,0.88157636,0.0067086522
/home/share/Uni_Eval/HAM10000_clean/ISIC2018/ISIC_0031763.jpg,5,5,0.02817446,0.043268953,0.058666017,0.012228726,0.042999607,0.79763716,0.01702508
/home/share/Uni_Eval/HAM10000_clean/ISIC2018/ISIC_0031030.jpg,5,5,0.03985401,0.057863265,0.08644124,0.014749829,0.046831347,0.73955965,0.014700649
/home/share/Uni_Eval/HAM10000_clean/ISIC2018/ISIC_0031954.jpg,5,5,0.011647119,0.01569933,0.03658313,0.006512372,0.049649768,0.8719297,0.007978558
/home/share/Uni_Eval/HAM10000_clean/ISIC2018/ISIC_0028595.jpg,5,5,0.016825648,0.019178133,0.04933641,0.007953855,0.045222264,0.8526108,0.008872863
/home/share/Uni_Eval/HAM10000_clean/ISIC2018/ISIC_0026413.jpg,5,5,0.016368048,0.024459124,0.04878847,0.0075863656,0.051001225,0.84417844,0.007618397
/home/share/Uni_Eval/HAM10000_clean/ISIC2018/ISIC_0028157.jpg,5,5,0.01320469,0.016201105,0.03611947,0.005403266,0.040421885,0.8792069,0.009442755
/home/share/Uni_Eval/HAM10000_clean/ISIC2018/ISIC_0024311.jpg,5,5,0.01280338,0.011533943,0.04625695,0.005359673,0.053918127,0.8641668,0.00596113
/home/share/Uni_Eval/HAM10000_clean/ISIC2018/ISIC_0026838.jpg,5,5,0.009977886,0.01346551,0.032575916,0.0049571837,0.039108485,0.89104354,0.008871444
/home/share/Uni_Eval/HAM10000_clean/ISIC2018/ISIC_0029016.jpg,5,5,0.0052779973,0.0051189656,0.01600056,0.0025827116,0.031903915,0.93620527,0.0029105607
/home/share/Uni_Eval/HAM10000_clean/ISIC2018/ISIC_0028322.jpg,5,5,0.022952177,0.028446004,0.05597345,0.009386309,0.037478015,0.8367509,0.0090131415
/home/share/Uni_Eval/HAM10000_clean/ISIC2018/ISIC_0026695.jpg,5,5,0.010420763,0.010886882,0.03315605,0.0052231597,0.045622207,0.88960946,0.0050814743
/home/share/Uni_Eval/HAM10000_clean/ISIC2018/ISIC_0029225.jpg,5,5,0.012987654,0.017694855,0.029661685,0.006199929,0.01928462,0.9080265,0.0061446535
/home/share/Uni_Eval/HAM10000_clean/ISIC2018/ISIC_0026184.jpg,5,5,0.03172808,0.039202683,0.07949832,0.011971545,0.05150374,0.7751653,0.010930389
/home/share/Uni_Eval/HAM10000_clean/ISIC2018/ISIC_0029903.jpg,5,5,0.024265183,0.031247064,0.054732725,0.010145153,0.048432168,0.8217488,0.009428924
/home/share/Uni_Eval/HAM10000_clean/ISIC2018/ISIC_0024874.jpg,5,5,0.0325851,0.07754435,0.054008365,0.012467918,0.083258994,0.69987684,0.040258415
/home/share/Uni_Eval/HAM10000_clean/ISIC2018/ISIC_0030769.jpg,5,5,0.03387612,0.036638856,0.09137164,0.011841086,0.113168456,0.7011652,0.011938606
/home/share/Uni_Eval/HAM10000_clean/ISIC2018/ISIC_0029816.jpg,5,5,0.01633653,0.02957175,0.05135982,0.009173221,0.047956433,0.83210677,0.013495481
/home/share/Uni_Eval/HAM10000_clean/ISIC2018/ISIC_0028896.jpg,5,5,0.024654849,0.031956565,0.08743886,0.01004367,0.05879734,0.7786049,0.008503788
/home/share/Uni_Eval/HAM10000_clean/ISIC2018/ISIC_0025560.jpg,5,5,0.023378393,0.024132907,0.08140605,0.008916856,0.048816975,0.8061634,0.0071855085
/home/share/Uni_Eval/HAM10000_clean/ISIC2018/ISIC_0030612.jpg,5,5,0.01188285,0.012985715,0.04196347,0.005872745,0.03988423,0.8818214,0.0055896635
/home/share/Uni_Eval/HAM10000_clean/ISIC2018/ISIC_0027885.jpg,5,5,0.007907814,0.0062703276,0.030544598,0.003875293,0.03810158,0.9094849,0.003815447
/home/share/Uni_Eval/HAM10000_clean/ISIC2018/ISIC_0028997.jpg,5,5,0.05753717,0.08740208,0.09941528,0.019566463,0.03314848,0.6804585,0.022471994
/home/share/Uni_Eval/HAM10000_clean/ISIC2018/ISIC_0031505.jpg,5,5,0.02335513,0.026557745,0.08389719,0.009043171,0.047967363,0.8012188,0.007960564
/home/share/Uni_Eval/HAM10000_clean/ISIC2018/ISIC_0024625.jpg,5,5,0.008215902,0.008538809,0.033546902,0.0041472935,0.050911758,0.89018995,0.0044493177
/home/share/Uni_Eval/HAM10000_clean/ISIC2018/ISIC_0024601.jpg,5,5,0.01799505,0.020588776,0.05120144,0.0074633765,0.06527681,0.82839423,0.009080274
/home/share/Uni_Eval/HAM10000_clean/ISIC2018/ISIC_0027696.jpg,5,5,0.014515959,0.019308697,0.036342017,0.0070490264,0.054680407,0.86067724,0.0074266153
/home/share/Uni_Eval/HAM10000_clean/ISIC2018/ISIC_0025059.jpg,5,5,0.016980458,0.02388192,0.045854446,0.008062391,0.05787228,0.83734685,0.010001555
/home/share/Uni_Eval/HAM10000_clean/ISIC2018/ISIC_0032106.jpg,5,5,0.016299656,0.030088346,0.04108069,0.008646838,0.04969809,0.84423876,0.00994755
/home/share/Uni_Eval/HAM10000_clean/ISIC2018/ISIC_0030368.jpg,5,5,0.013160088,0.01976815,0.017272567,0.006722733,0.015698466,0.9184349,0.008943096
/home/share/Uni_Eval/HAM10000_clean/ISIC2018/ISIC_0029090.jpg,5,5,0.03345412,0.054118615,0.061349463,0.01285398,0.03393045,0.79238135,0.011911968
/home/share/Uni_Eval/HAM10000_clean/ISIC2018/ISIC_0032137.jpg,5,5,0.01843432,0.023010904,0.058326747,0.007976749,0.08438438,0.7995954,0.008271468
/home/share/Uni_Eval/HAM10000_clean/ISIC2018/ISIC_0030701.jpg,5,5,0.011839003,0.017755063,0.03019628,0.0059392247,0.030071825,0.8980646,0.0061339363
/home/share/Uni_Eval/HAM10000_clean/ISIC2018/ISIC_0028839.jpg,5,5,0.011476703,0.012124589,0.03827321,0.0057787625,0.032741588,0.89485174,0.0047532856
/home/share/Uni_Eval/HAM10000_clean/ISIC2018/ISIC_0026648.jpg,5,5,0.0073047527,0.008632603,0.019677358,0.003935502,0.037307642,0.9165622,0.0065798694
/home/share/Uni_Eval/HAM10000_clean/ISIC2018/ISIC_0025408.jpg,5,5,0.008114678,0.0073293084,0.028629253,0.0038320334,0.026705252,0.92112094,0.004268499
/home/share/Uni_Eval/HAM10000_clean/ISIC2018/ISIC_0031884.jpg,5,5,0.041799083,0.04941256,0.121090874,0.014376527,0.08581639,0.67701083,0.010493686
/home/share/Uni_Eval/HAM10000_clean/ISIC2018/ISIC_0024775.jpg,5,5,0.015733533,0.021181986,0.045238875,0.0072669396,0.034699365,0.86910325,0.006776042
/home/share/Uni_Eval/HAM10000_clean/ISIC2018/ISIC_0024659.jpg,5,5,0.044355415,0.062152576,0.07865371,0.016047843,0.042222288,0.73658013,0.019988079
/home/share/Uni_Eval/HAM10000_clean/ISIC2018/ISIC_0032053.jpg,5,5,0.013889949,0.016217815,0.043972414,0.0067244153,0.054596297,0.8554139,0.009185219
/home/share/Uni_Eval/HAM10000_clean/ISIC2018/ISIC_0030256.jpg,5,5,0.013308805,0.016335597,0.051665545,0.006710209,0.059116475,0.8409932,0.011870089
/home/share/Uni_Eval/HAM10000_clean/ISIC2018/ISIC_0026357.jpg,5,5,0.024170186,0.022845244,0.07680177,0.0086558,0.03170946,0.8287792,0.0070383577
/home/share/Uni_Eval/HAM10000_clean/ISIC2018/ISIC_0026155.jpg,5,5,0.022734988,0.03419626,0.057948407,0.009482462,0.052299958,0.8124703,0.01086757
/home/share/Uni_Eval/HAM10000_clean/ISIC2018/ISIC_0028140.jpg,5,5,0.016764294,0.022653569,0.07257728,0.008058465,0.06686917,0.8058104,0.00726677
/home/share/Uni_Eval/HAM10000_clean/ISIC2018/ISIC_0025058.jpg,5,5,0.012097165,0.014305992,0.03856194,0.00597487,0.031797353,0.8905903,0.0066724713
/home/share/Uni_Eval/HAM10000_clean/ISIC2018/ISIC_0024956.jpg,5,5,0.009513749,0.011811496,0.031811107,0.004738162,0.024832979,0.9125146,0.004777941
/home/share/Uni_Eval/HAM10000_clean/ISIC2018/ISIC_0030103.jpg,5,5,0.009538796,0.010706005,0.033714164,0.004833805,0.04834813,0.8880835,0.0047755674
/home/share/Uni_Eval/HAM10000_clean/ISIC2018/ISIC_0027245.jpg,5,5,0.008753819,0.008704537,0.03085935,0.00428719,0.05114773,0.8909634,0.0052839955
/home/share/Uni_Eval/HAM10000_clean/ISIC2018/ISIC_0024532.jpg,5,5,0.016571108,0.020552482,0.056846756,0.007667306,0.050176032,0.84146106,0.0067251846
/home/share/Uni_Eval/HAM10000_clean/ISIC2018/ISIC_0026380.jpg,5,5,0.009006175,0.010248703,0.029283436,0.0045008147,0.020905845,0.92066646,0.0053885756
/home/share/Uni_Eval/HAM10000_clean/ISIC2018/ISIC_0027602.jpg,5,5,0.014529361,0.01923109,0.054442283,0.0064716954,0.03962923,0.85867536,0.007020994
/home/share/Uni_Eval/HAM10000_clean/ISIC2018/ISIC_0027372.jpg,5,5,0.026862524,0.03258565,0.06337353,0.008873185,0.049683724,0.810965,0.0076564546
/home/share/Uni_Eval/HAM10000_clean/ISIC2018/ISIC_0025852.jpg,5,5,0.021795653,0.02115506,0.071738295,0.008762751,0.06880689,0.7985256,0.009215781
/home/share/Uni_Eval/HAM10000_clean/ISIC2018/ISIC_0032403.jpg,5,5,0.017968968,0.02387345,0.04342622,0.00875989,0.027577097,0.8687062,0.009688263
/home/share/Uni_Eval/HAM10000_clean/ISIC2018/ISIC_0025190.jpg,5,5,0.012955022,0.0141632045,0.037155364,0.0059152013,0.037979852,0.8861277,0.005703652
/home/share/Uni_Eval/HAM10000_clean/ISIC2018/ISIC_0027321.jpg,5,5,0.0154162925,0.021559557,0.052343328,0.007011395,0.028138887,0.8691705,0.006360039
/home/share/Uni_Eval/HAM10000_clean/ISIC2018/ISIC_0031878.jpg,5,5,0.04088324,0.04254644,0.12352997,0.012618752,0.05646365,0.7133755,0.010582534
/home/share/Uni_Eval/HAM10000_clean/ISIC2018/ISIC_0029086.jpg,5,5,0.008954132,0.012343665,0.030366745,0.0049455687,0.025055952,0.91251093,0.0058229924
/home/share/Uni_Eval/HAM10000_clean/ISIC2018/ISIC_0024399.jpg,5,5,0.015714232,0.020056888,0.035141416,0.0069688894,0.06271187,0.8527452,0.006661554
/home/share/Uni_Eval/HAM10000_clean/ISIC2018/ISIC_0024603.jpg,5,5,0.006438709,0.0073820124,0.02020971,0.0036900982,0.022977533,0.9360158,0.0032861333
/home/share/Uni_Eval/HAM10000_clean/ISIC2018/ISIC_0025429.jpg,5,5,0.016495086,0.019204384,0.058289967,0.006917974,0.051324654,0.8412512,0.006516746
/home/share/Uni_Eval/HAM10000_clean/ISIC2018/ISIC_0026548.jpg,5,5,0.008154326,0.009879074,0.03366923,0.004420899,0.06143074,0.87664425,0.005801411
/home/share/Uni_Eval/HAM10000_clean/ISIC2018/ISIC_0031992.jpg,5,5,0.009768916,0.012873362,0.02683696,0.0047440333,0.04952813,0.8892172,0.007031408
/home/share/Uni_Eval/HAM10000_clean/ISIC2018/ISIC_0032416.jpg,5,5,0.012454621,0.018156983,0.026379308,0.0067207054,0.022710348,0.9041999,0.00937811
/home/share/Uni_Eval/HAM10000_clean/ISIC2018/ISIC_0029587.jpg,5,5,0.010116412,0.012702904,0.032966457,0.0052890894,0.032654718,0.90088075,0.0053896336
/home/share/Uni_Eval/HAM10000_clean/ISIC2018/ISIC_0026685.jpg,5,5,0.025819069,0.038562227,0.07584823,0.011438256,0.06156745,0.76918375,0.017581036
/home/share/Uni_Eval/HAM10000_clean/ISIC2018/ISIC_0031022.jpg,5,5,0.027126972,0.036382217,0.04638239,0.010946088,0.024298873,0.84105325,0.0138101
/home/share/Uni_Eval/HAM10000_clean/ISIC2018/ISIC_0029019.jpg,5,5,0.01471587,0.018858222,0.034460105,0.006475007,0.035067424,0.8830209,0.0074024843
/home/share/Uni_Eval/HAM10000_clean/ISIC2018/ISIC_0028204.jpg,5,5,0.009986715,0.009294432,0.034508426,0.004818727,0.03561396,0.90122056,0.004557185
/home/share/Uni_Eval/HAM10000_clean/ISIC2018/ISIC_0029941.jpg,5,5,0.01691097,0.019813294,0.051009394,0.007472963,0.06682183,0.8288032,0.009168426
/home/share/Uni_Eval/HAM10000_clean/ISIC2018/ISIC_0025728.jpg,5,5,0.025782147,0.02711119,0.059900377,0.009514798,0.03495561,0.83390754,0.008828385
/home/share/Uni_Eval/HAM10000_clean/ISIC2018/ISIC_0026066.jpg,5,5,0.011686571,0.013868767,0.0380419,0.0055484665,0.041300986,0.88351434,0.006039017
/home/share/Uni_Eval/HAM10000_clean/ISIC2018/ISIC_0024645.jpg,5,5,0.0083692195,0.007892342,0.026630307,0.0038982073,0.031075558,0.91795343,0.004181045
/home/share/Uni_Eval/HAM10000_clean/ISIC2018/ISIC_0031608.jpg,5,5,0.008298444,0.011802988,0.020214248,0.004496431,0.024141528,0.9258647,0.005181606
/home/share/Uni_Eval/HAM10000_clean/ISIC2018/ISIC_0025333.jpg,5,5,0.01692866,0.02382273,0.034530155,0.006553777,0.050676327,0.8584626,0.009025747
/home/share/Uni_Eval/HAM10000_clean/ISIC2018/ISIC_0028161.jpg,5,5,0.010535223,0.011762378,0.030972563,0.0057651484,0.032159645,0.9007745,0.008030586
/home/share/Uni_Eval/HAM10000_clean/ISIC2018/ISIC_0025023.jpg,5,5,0.019223416,0.016456297,0.0716401,0.007492611,0.07936594,0.7971672,0.008654397
/home/share/Uni_Eval/HAM10000_clean/ISIC2018/ISIC_0030228.jpg,5,5,0.008063516,0.006856463,0.02786203,0.0037896072,0.039698876,0.9102086,0.003520906
/home/share/Uni_Eval/HAM10000_clean/ISIC2018/ISIC_0029433.jpg,5,5,0.03094651,0.036862344,0.09078087,0.010621996,0.09413668,0.72509086,0.011560769
/home/share/Uni_Eval/HAM10000_clean/ISIC2018/ISIC_0025586.jpg,5,5,0.018772813,0.029886356,0.06187869,0.008426906,0.06708921,0.8023468,0.011599147
/home/share/Uni_Eval/HAM10000_clean/ISIC2018/ISIC_0025114.jpg,5,5,0.011942534,0.015925445,0.03181165,0.0058397716,0.033214517,0.89496005,0.0063060243
/home/share/Uni_Eval/HAM10000_clean/ISIC2018/ISIC_0026418.jpg,5,5,0.012775937,0.0108735105,0.039659925,0.00531909,0.062478963,0.86365974,0.0052328133
/home/share/Uni_Eval/HAM10000_clean/ISIC2018/ISIC_0032062.jpg,5,5,0.0074005825,0.0074266857,0.020784913,0.0037190642,0.038020585,0.91868395,0.0039642565
/home/share/Uni_Eval/HAM10000_clean/ISIC2018/ISIC_0032401.jpg,5,5,0.012114974,0.015887432,0.04332249,0.0063163303,0.030740697,0.88560313,0.006014943
/home/share/Uni_Eval/HAM10000_clean/ISIC2018/ISIC_0025204.jpg,5,5,0.01383498,0.015214531,0.045149308,0.0066536395,0.057312552,0.85245246,0.009382478
/home/share/Uni_Eval/HAM10000_clean/ISIC2018/ISIC_0030713.jpg,5,5,0.010013201,0.011768127,0.035348244,0.00542977,0.03641382,0.895892,0.005134862
/home/share/Uni_Eval/HAM10000_clean/ISIC2018/ISIC_0025858.jpg,5,5,0.01611687,0.018406827,0.048246,0.0071609234,0.032629307,0.87082714,0.0066130045
/home/share/Uni_Eval/HAM10000_clean/ISIC2018/ISIC_0024844.jpg,5,5,0.023080135,0.02580595,0.048817188,0.008841666,0.039111298,0.8440801,0.010263615
/home/share/Uni_Eval/HAM10000_clean/ISIC2018/ISIC_0027824.jpg,5,5,0.025794353,0.032293603,0.061421465,0.009248088,0.023695884,0.8379992,0.009547338
/home/share/Uni_Eval/HAM10000_clean/ISIC2018/ISIC_0027611.jpg,5,5,0.017224953,0.026468037,0.05597203,0.0089853825,0.050155956,0.8317213,0.009472376
/home/share/Uni_Eval/HAM10000_clean/ISIC2018/ISIC_0032224.jpg,5,5,0.030249907,0.03446358,0.09746545,0.011673361,0.047791697,0.7688579,0.009498103
/home/share/Uni_Eval/HAM10000_clean/ISIC2018/ISIC_0025445.jpg,5,5,0.009030488,0.015999338,0.016501008,0.0046041394,0.051791232,0.8901751,0.011898677
/home/share/Uni_Eval/HAM10000_clean/ISIC2018/ISIC_0024629.jpg,5,5,0.024617407,0.019793209,0.07437687,0.007898507,0.054893292,0.8092739,0.009146866
/home/share/Uni_Eval/HAM10000_clean/ISIC2018/ISIC_0028788.jpg,5,5,0.015125706,0.016404623,0.045682553,0.0070430404,0.053244006,0.85563195,0.0068680784
/home/share/Uni_Eval/HAM10000_clean/ISIC2018/ISIC_0030779.jpg,5,5,0.028512722,0.03688292,0.11468994,0.0116455555,0.07796517,0.7180701,0.01223369
/home/share/Uni_Eval/HAM10000_clean/ISIC2018/ISIC_0027913.jpg,5,5,0.010329758,0.0135980565,0.025120337,0.004998325,0.025347494,0.9112968,0.0093093
/home/share/Uni_Eval/HAM10000_clean/ISIC2018/ISIC_0024614.jpg,5,5,0.012344669,0.015009576,0.0369136,0.0062534204,0.036772177,0.8863601,0.0063464814
/home/share/Uni_Eval/HAM10000_clean/ISIC2018/ISIC_0027705.jpg,5,5,0.017155606,0.026518878,0.06464412,0.007738536,0.06751157,0.8022438,0.014187486
/home/share/Uni_Eval/HAM10000_clean/ISIC2018/ISIC_0024347.jpg,5,5,0.010514996,0.010894622,0.035592135,0.004717254,0.06825052,0.8583401,0.01169038
/home/share/Uni_Eval/HAM10000_clean/ISIC2018/ISIC_0029631.jpg,5,5,0.022506276,0.020533707,0.08052263,0.0072794994,0.084614374,0.7764618,0.008081702
/home/share/Uni_Eval/HAM10000_clean/ISIC2018/ISIC_0032167.jpg,5,5,0.016977435,0.01789795,0.05069545,0.0070646713,0.118286535,0.7825574,0.0065204785
/home/share/Uni_Eval/HAM10000_clean/ISIC2018/ISIC_0031058.jpg,5,5,0.012586924,0.019441992,0.030561969,0.0066936687,0.027282005,0.89577085,0.007662591
/home/share/Uni_Eval/HAM10000_clean/ISIC2018/ISIC_0030288.jpg,5,5,0.017212499,0.016199224,0.04274672,0.006751999,0.060685094,0.8498383,0.0065661487
/home/share/Uni_Eval/HAM10000_clean/ISIC2018/ISIC_0030438.jpg,5,5,0.011364028,0.014544234,0.03490276,0.005911882,0.0399328,0.8871639,0.0061804242
/home/share/Uni_Eval/HAM10000_clean/ISIC2018/ISIC_0030212.jpg,5,5,0.02821002,0.053376477,0.093981184,0.010619043,0.08533143,0.70139885,0.027083013
/home/share/Uni_Eval/HAM10000_clean/ISIC2018/ISIC_0031129.jpg,5,5,0.06346411,0.16448683,0.11775616,0.022655966,0.028271174,0.5585234,0.04484242
/home/share/Uni_Eval/HAM10000_clean/ISIC2018/ISIC_0029451.jpg,5,5,0.015025181,0.022505293,0.061687585,0.007689785,0.07938917,0.8026256,0.011077415
/home/share/Uni_Eval/HAM10000_clean/ISIC2018/ISIC_0024622.jpg,5,5,0.019056467,0.022216532,0.062059708,0.007922002,0.07474187,0.8067814,0.00722203
/home/share/Uni_Eval/HAM10000_clean/ISIC2018/ISIC_0025203.jpg,5,5,0.008187916,0.00928498,0.028172005,0.004295063,0.03502475,0.9091635,0.0058718342
/home/share/Uni_Eval/HAM10000_clean/ISIC2018/ISIC_0026627.jpg,5,5,0.0083608795,0.010515384,0.021275727,0.0048149456,0.020796053,0.9279874,0.006249594
/home/share/Uni_Eval/HAM10000_clean/ISIC2018/ISIC_0029487.jpg,5,5,0.016688181,0.021049565,0.05765383,0.0076344293,0.052250642,0.8373246,0.007398777
/home/share/Uni_Eval/HAM10000_clean/ISIC2018/ISIC_0031994.jpg,5,5,0.021596592,0.031507805,0.06802899,0.0092145335,0.06734034,0.7934798,0.00883196
/home/share/Uni_Eval/HAM10000_clean/ISIC2018/ISIC_0029186.jpg,5,5,0.020755634,0.025673257,0.054380886,0.008265602,0.056446895,0.82537085,0.009106828
/home/share/Uni_Eval/HAM10000_clean/ISIC2018/ISIC_0032286.jpg,5,5,0.027058922,0.029866084,0.1007732,0.00998239,0.0817106,0.74167585,0.008932958
/home/share/Uni_Eval/HAM10000_clean/ISIC2018/ISIC_0026160.jpg,5,5,0.01634742,0.02169006,0.05655765,0.007997178,0.051084787,0.83958226,0.006740702
/home/share/Uni_Eval/HAM10000_clean/ISIC2018/ISIC_0030476.jpg,5,5,0.008916142,0.009402987,0.0318067,0.0045030355,0.048538122,0.89046746,0.0063654953
/home/share/Uni_Eval/HAM10000_clean/ISIC2018/ISIC_0026047.jpg,5,5,0.03155019,0.041252673,0.0836325,0.012029721,0.044652008,0.7717867,0.015096283
/home/share/Uni_Eval/HAM10000_clean/ISIC2018/ISIC_0031549.jpg,5,5,0.012001652,0.012750752,0.038759965,0.005674802,0.060237598,0.8650759,0.0054993597
/home/share/Uni_Eval/HAM10000_clean/ISIC2018/ISIC_0029325.jpg,5,5,0.010432453,0.013190334,0.036810085,0.0058923657,0.030453026,0.8958049,0.0074168495
/home/share/Uni_Eval/HAM10000_clean/ISIC2018/ISIC_0027923.jpg,5,5,0.013866848,0.018337056,0.036563635,0.0061015384,0.08730774,0.83130467,0.0065185907
/home/share/Uni_Eval/HAM10000_clean/ISIC2018/ISIC_0029283.jpg,5,5,0.018779308,0.028898114,0.046956412,0.00978879,0.052785225,0.8266778,0.01611439
/home/share/Uni_Eval/HAM10000_clean/ISIC2018/ISIC_0026721.jpg,5,5,0.017670315,0.023802873,0.0574079,0.008122411,0.057420194,0.82701564,0.008560779
/home/share/Uni_Eval/HAM10000_clean/ISIC2018/ISIC_0026997.jpg,5,5,0.020077508,0.036597177,0.04224729,0.009898978,0.022699704,0.8566146,0.011864775
/home/share/Uni_Eval/HAM10000_clean/ISIC2018/ISIC_0029709.jpg,5,5,0.0177593,0.016741069,0.05642283,0.0073965965,0.05328595,0.84097385,0.0074204174
/home/share/Uni_Eval/HAM10000_clean/ISIC2018/ISIC_0030419.jpg,5,5,0.00805201,0.010629682,0.026072755,0.004533813,0.028387876,0.917579,0.004744829
/home/share/Uni_Eval/HAM10000_clean/ISIC2018/ISIC_0031280.jpg,5,5,0.032207076,0.050969128,0.072955295,0.012682436,0.021830447,0.77390414,0.035451435
/home/share/Uni_Eval/HAM10000_clean/ISIC2018/ISIC_0025110.jpg,5,5,0.010683885,0.011099147,0.039052214,0.0051260395,0.062118225,0.8658673,0.0060531353
/home/share/Uni_Eval/HAM10000_clean/ISIC2018/ISIC_0029421.jpg,5,5,0.015505881,0.018419446,0.042145185,0.0070132078,0.042718988,0.8676326,0.0065647457
/home/share/Uni_Eval/HAM10000_clean/ISIC2018/ISIC_0025496.jpg,5,5,0.02668168,0.033039916,0.08554551,0.01089225,0.09199584,0.74040776,0.011437033
/home/share/Uni_Eval/HAM10000_clean/ISIC2018/ISIC_0030750.jpg,5,5,0.015012386,0.015327345,0.046017934,0.006393487,0.033166256,0.8787974,0.005285282
/home/share/Uni_Eval/HAM10000_clean/ISIC2018/ISIC_0025570.jpg,5,5,0.02987577,0.038652122,0.06487815,0.0110626845,0.04893912,0.79585266,0.010739458
/home/share/Uni_Eval/HAM10000_clean/ISIC2018/ISIC_0025270.jpg,5,5,0.021054722,0.03685639,0.081375144,0.010658451,0.095753394,0.7428518,0.011450165
/home/share/Uni_Eval/HAM10000_clean/ISIC2018/ISIC_0030788.jpg,5,5,0.01894235,0.016805407,0.055243865,0.007412955,0.06311783,0.83238155,0.006096027
/home/share/Uni_Eval/HAM10000_clean/ISIC2018/ISIC_0026278.jpg,5,5,0.012956302,0.014666564,0.044089127,0.006390035,0.0371756,0.8783199,0.0064023198
/home/share/Uni_Eval/HAM10000_clean/ISIC2018/ISIC_0029981.jpg,5,5,0.016960341,0.020101931,0.07126753,0.008081725,0.062005796,0.81321067,0.0083720395
/home/share/Uni_Eval/HAM10000_clean/ISIC2018/ISIC_0027001.jpg,5,5,0.0075654215,0.008516904,0.023583092,0.0041615036,0.023497278,0.92822725,0.004448564
/home/share/Uni_Eval/HAM10000_clean/ISIC2018/ISIC_0030864.jpg,5,5,0.009353398,0.015256327,0.027639443,0.0049199886,0.03437247,0.8988928,0.009565611
/home/share/Uni_Eval/HAM10000_clean/ISIC2018/ISIC_0032295.jpg,5,5,0.03414625,0.042869035,0.08786126,0.011613333,0.04335832,0.7681276,0.012024259
/home/share/Uni_Eval/HAM10000_clean/ISIC2018/ISIC_0024810.jpg,5,5,0.019182473,0.019458346,0.06249198,0.0072138514,0.11303677,0.77129,0.0073266667
/home/share/Uni_Eval/HAM10000_clean/ISIC2018/ISIC_0024627.jpg,5,5,0.013959705,0.015179072,0.048291393,0.0058402005,0.07851872,0.83089626,0.0073146555
/home/share/Uni_Eval/HAM10000_clean/ISIC2018/ISIC_0031124.jpg,5,5,0.0138908895,0.022980552,0.033179995,0.0068641906,0.023585139,0.8915573,0.007941855
/home/share/Uni_Eval/HAM10000_clean/ISIC2018/ISIC_0024384.jpg,5,5,0.016260646,0.020817103,0.04030857,0.0072913715,0.021998944,0.8860715,0.00725195
/home/share/Uni_Eval/HAM10000_clean/ISIC2018/ISIC_0029234.jpg,5,5,0.012932723,0.015347622,0.041811377,0.005742499,0.03467131,0.8833809,0.00611366
/home/share/Uni_Eval/HAM10000_clean/ISIC2018/ISIC_0031683.jpg,5,5,0.019244608,0.030598791,0.05008597,0.00793237,0.02270272,0.8601966,0.009239014
/home/share/Uni_Eval/HAM10000_clean/ISIC2018/ISIC_0027880.jpg,5,5,0.018708643,0.021154158,0.053071007,0.008042274,0.06620474,0.825866,0.0069532343
/home/share/Uni_Eval/HAM10000_clean/ISIC2018/ISIC_0029718.jpg,5,5,0.028208379,0.030196676,0.092309825,0.010054879,0.11656026,0.712792,0.009878079
/home/share/Uni_Eval/HAM10000_clean/ISIC2018/ISIC_0029076.jpg,5,5,0.024644043,0.029391963,0.06502961,0.009479888,0.075393654,0.78792006,0.008140802
/home/share/Uni_Eval/HAM10000_clean/ISIC2018/ISIC_0030017.jpg,5,5,0.012574657,0.0146771185,0.04639423,0.005702672,0.06961903,0.84396696,0.0070653097
/home/share/Uni_Eval/HAM10000_clean/ISIC2018/ISIC_0028893.jpg,5,5,0.014418474,0.015935918,0.064715825,0.006538688,0.05412933,0.83821094,0.006050768
/home/share/Uni_Eval/HAM10000_clean/ISIC2018/ISIC_0030078.jpg,5,5,0.017501513,0.022800855,0.050749682,0.0074399207,0.036177408,0.85885197,0.0064787976
/home/share/Uni_Eval/HAM10000_clean/ISIC2018/ISIC_0028434.jpg,5,5,0.02627364,0.02736149,0.082752086,0.008988249,0.059926018,0.7870569,0.0076415306
/home/share/Uni_Eval/HAM10000_clean/ISIC2018/ISIC_0024966.jpg,5,5,0.008018863,0.008690886,0.028007353,0.0041479394,0.035427768,0.9108518,0.004855333
/home/share/Uni_Eval/HAM10000_clean/ISIC2018/ISIC_0031873.jpg,5,5,0.017903585,0.034573216,0.047783997,0.008699719,0.04751481,0.8315703,0.0119543765
/home/share/Uni_Eval/HAM10000_clean/ISIC2018/ISIC_0024722.jpg,5,5,0.022610636,0.02155161,0.07609042,0.008904227,0.08142222,0.78312415,0.0062967446
/home/share/Uni_Eval/HAM10000_clean/ISIC2018/ISIC_0027699.jpg,5,5,0.01159599,0.00888147,0.042798594,0.0046067876,0.034770127,0.89170444,0.0056426185
/home/share/Uni_Eval/HAM10000_clean/ISIC2018/ISIC_0032438.jpg,5,5,0.008579819,0.008684061,0.024886563,0.004454764,0.023524255,0.9260495,0.0038211201
/home/share/Uni_Eval/HAM10000_clean/ISIC2018/ISIC_0029765.jpg,5,5,0.014803526,0.01728535,0.040845253,0.006767043,0.05925805,0.85400754,0.0070331967
/home/share/Uni_Eval/HAM10000_clean/ISIC2018/ISIC_0025010.jpg,5,5,0.029746296,0.044071622,0.07039273,0.012281686,0.0617788,0.7682814,0.013447435
/home/share/Uni_Eval/HAM10000_clean/ISIC2018/ISIC_0028569.jpg,5,5,0.010811489,0.011649897,0.024453156,0.0053263614,0.05013491,0.88962746,0.007996689
/home/share/Uni_Eval/HAM10000_clean/ISIC2018/ISIC_0031788.jpg,5,5,0.0133352205,0.018252164,0.03193483,0.0060788943,0.04501902,0.87677443,0.008605453
/home/share/Uni_Eval/HAM10000_clean/ISIC2018/ISIC_0031628.jpg,5,5,0.014624702,0.014668263,0.05015926,0.0068394328,0.07232359,0.83367085,0.0077139162
/home/share/Uni_Eval/HAM10000_clean/ISIC2018/ISIC_0031859.jpg,5,5,0.036276437,0.034812354,0.12225067,0.011398957,0.08702128,0.697567,0.010673319
/home/share/Uni_Eval/HAM10000_clean/ISIC2018/ISIC_0028333.jpg,5,5,0.023863614,0.037025,0.06396114,0.011347329,0.04082634,0.80790645,0.015070157
/home/share/Uni_Eval/HAM10000_clean/ISIC2018/ISIC_0027792.jpg,5,5,0.013217193,0.013200867,0.040425636,0.0060686814,0.07329506,0.84814876,0.0056437654
/home/share/Uni_Eval/HAM10000_clean/ISIC2018/ISIC_0029078.jpg,5,5,0.017277809,0.021063311,0.05974546,0.0075639654,0.0553031,0.8306025,0.008443829
/home/share/Uni_Eval/HAM10000_clean/ISIC2018/ISIC_0027830.jpg,5,5,0.010534609,0.010976198,0.03464297,0.0050891116,0.052921098,0.87998545,0.0058506615
/home/share/Uni_Eval/HAM10000_clean/ISIC2018/ISIC_0026534.jpg,5,5,0.0143215405,0.015835237,0.046361577,0.0068337927,0.049122512,0.8614701,0.006055398
/home/share/Uni_Eval/HAM10000_clean/ISIC2018/ISIC_0027396.jpg,5,5,0.014870637,0.020069178,0.049200963,0.007360011,0.047511384,0.8532618,0.007725972
/home/share/Uni_Eval/HAM10000_clean/ISIC2018/ISIC_0029901.jpg,5,5,0.0113284765,0.017600004,0.035519708,0.0063767335,0.037356216,0.8853692,0.006449609
/home/share/Uni_Eval/HAM10000_clean/ISIC2018/ISIC_0031425.jpg,5,5,0.012082301,0.02241301,0.028461972,0.005999239,0.037483525,0.8867763,0.0067835306
/home/share/Uni_Eval/HAM10000_clean/ISIC2018/ISIC_0024802.jpg,5,5,0.015722297,0.013111696,0.05011314,0.0061515993,0.059430942,0.84935886,0.0061114626
/home/share/Uni_Eval/HAM10000_clean/ISIC2018/ISIC_0030638.jpg,5,5,0.016130554,0.019816173,0.036736194,0.007161725,0.025660273,0.88753515,0.0069598192
/home/share/Uni_Eval/HAM10000_clean/ISIC2018/ISIC_0030983.jpg,5,5,0.012741993,0.015943443,0.037686396,0.0060472335,0.030326204,0.8895142,0.0077405246
/home/share/Uni_Eval/HAM10000_clean/ISIC2018/ISIC_0026379.jpg,5,5,0.011493686,0.0099491,0.038890302,0.004991515,0.03918415,0.89082426,0.0046669086
/home/share/Uni_Eval/HAM10000_clean/ISIC2018/ISIC_0024912.jpg,5,5,0.0103509845,0.009947692,0.031582933,0.0045198416,0.056605022,0.88111717,0.0058763437
/home/share/Uni_Eval/HAM10000_clean/ISIC2018/ISIC_0032431.jpg,5,5,0.022384753,0.026849756,0.05331973,0.009534866,0.030639093,0.84845376,0.008818014
/home/share/Uni_Eval/HAM10000_clean/ISIC2018/ISIC_0029842.jpg,5,5,0.013902555,0.015340489,0.042698022,0.00646266,0.05540246,0.8595852,0.0066086305
/home/share/Uni_Eval/HAM10000_clean/ISIC2018/ISIC_0031641.jpg,5,5,0.011489532,0.0132895745,0.0364562,0.0054940525,0.031033747,0.89684063,0.00539617
/home/share/Uni_Eval/HAM10000_clean/ISIC2018/ISIC_0031512.jpg,5,5,0.069765136,0.088375546,0.15055765,0.0203396,0.05939092,0.5860585,0.02551271
/home/share/Uni_Eval/HAM10000_clean/ISIC2018/ISIC_0025037.jpg,5,5,0.026106343,0.029168108,0.07827408,0.01050928,0.0861569,0.7604625,0.009322785
/home/share/Uni_Eval/HAM10000_clean/ISIC2018/ISIC_0031205.jpg,5,5,0.021444667,0.02886224,0.08867379,0.0085191615,0.121417455,0.71737576,0.013706885
/home/share/Uni_Eval/HAM10000_clean/ISIC2018/ISIC_0025233.jpg,5,5,0.016976777,0.03687152,0.04570056,0.009180056,0.04326601,0.8354225,0.012582544
/home/share/Uni_Eval/HAM10000_clean/ISIC2018/ISIC_0029863.jpg,5,5,0.01061182,0.018047085,0.027205465,0.005875152,0.033081967,0.8975157,0.0076627997
/home/share/Uni_Eval/HAM10000_clean/ISIC2018/ISIC_0027095.jpg,5,5,0.014297466,0.022663636,0.03274827,0.00741926,0.027042225,0.885826,0.01000322
/home/share/Uni_Eval/HAM10000_clean/ISIC2018/ISIC_0026197.jpg,5,5,0.029222885,0.03189463,0.09401206,0.009136759,0.08912395,0.73196685,0.01464289
/home/share/Uni_Eval/HAM10000_clean/ISIC2018/ISIC_0028722.jpg,5,5,0.0113117155,0.010787354,0.035756595,0.00483469,0.047628045,0.8829254,0.006756156
/home/share/Uni_Eval/HAM10000_clean/ISIC2018/ISIC_0025232.jpg,5,5,0.03024492,0.024859784,0.074585505,0.009402642,0.061691962,0.7900896,0.009125559
/home/share/Uni_Eval/HAM10000_clean/ISIC2018/ISIC_0029551.jpg,5,5,0.014188426,0.020661699,0.049579777,0.0077038095,0.056307435,0.8401635,0.0113952095
/home/share/Uni_Eval/HAM10000_clean/ISIC2018/ISIC_0032297.jpg,5,5,0.020666081,0.019723237,0.054858595,0.007918757,0.07589023,0.81167114,0.009272077
/home/share/Uni_Eval/HAM10000_clean/ISIC2018/ISIC_0024978.jpg,5,5,0.031625457,0.053239975,0.052084498,0.013138631,0.038760774,0.7919027,0.01924795
/home/share/Uni_Eval/HAM10000_clean/ISIC2018/ISIC_0025889.jpg,5,5,0.014737613,0.0144197345,0.036791507,0.0064622513,0.04462185,0.8769401,0.006026971
/home/share/Uni_Eval/HAM10000_clean/ISIC2018/ISIC_0030708.jpg,5,5,0.009005013,0.011513947,0.026754463,0.0048752865,0.05225862,0.888017,0.0075757103
/home/share/Uni_Eval/HAM10000_clean/ISIC2018/ISIC_0026542.jpg,5,5,0.033429462,0.03359272,0.09446063,0.01175491,0.06926352,0.7471944,0.010304317
/home/share/Uni_Eval/HAM10000_clean/ISIC2018/ISIC_0025459.jpg,5,5,0.0052579185,0.0067675007,0.015602636,0.0032622616,0.018646736,0.94702035,0.0034424835
/home/share/Uni_Eval/HAM10000_clean/ISIC2018/ISIC_0029256.jpg,5,5,0.017506959,0.023876974,0.034524728,0.0078012953,0.03247979,0.8757383,0.008071904
/home/share/Uni_Eval/HAM10000_clean/ISIC2018/ISIC_0024527.jpg,5,5,0.021765657,0.029720739,0.0615131,0.009656785,0.038498223,0.8307943,0.008051214
/home/share/Uni_Eval/HAM10000_clean/ISIC2018/ISIC_0029910.jpg,5,5,0.02767746,0.02927029,0.08578723,0.011094397,0.056923423,0.77905,0.01019712
/home/share/Uni_Eval/HAM10000_clean/ISIC2018/ISIC_0025464.jpg,5,5,0.036975864,0.053720072,0.09192061,0.012514356,0.03749267,0.7570323,0.010344246
/home/share/Uni_Eval/HAM10000_clean/ISIC2018/ISIC_0029124.jpg,5,5,0.037537746,0.035736952,0.14945279,0.011098883,0.029063482,0.72605646,0.011053683
/home/share/Uni_Eval/HAM10000_clean/ISIC2018/ISIC_0031265.jpg,5,5,0.015171213,0.014621836,0.059359197,0.0062723258,0.06477399,0.834623,0.005178349
/home/share/Uni_Eval/HAM10000_clean/ISIC2018/ISIC_0027499.jpg,5,5,0.013986809,0.013484139,0.03975163,0.006192602,0.05160238,0.8695647,0.005417803
/home/share/Uni_Eval/HAM10000_clean/ISIC2018/ISIC_0025344.jpg,5,5,0.009600615,0.009437279,0.029927181,0.0047224457,0.038193543,0.90424037,0.0038786144
/home/share/Uni_Eval/HAM10000_clean/ISIC2018/ISIC_0031047.jpg,5,5,0.010744881,0.011100332,0.04067826,0.0052282317,0.057484075,0.8700363,0.0047279256
/home/share/Uni_Eval/HAM10000_clean/ISIC2018/ISIC_0025595.jpg,5,5,0.013007961,0.016646411,0.039401475,0.0062632784,0.04138453,0.8764358,0.006860525
/home/share/Uni_Eval/HAM10000_clean/ISIC2018/ISIC_0026732.jpg,5,5,0.017790537,0.022520613,0.061389517,0.008185304,0.07418812,0.80826163,0.0076642185
/home/share/Uni_Eval/HAM10000_clean/ISIC2018/ISIC_0027635.jpg,5,5,0.015792752,0.025996244,0.045055263,0.007617509,0.06022236,0.832501,0.012814914
/home/share/Uni_Eval/HAM10000_clean/ISIC2018/ISIC_0029280.jpg,5,5,0.038955707,0.041336283,0.090967804,0.013144081,0.09249104,0.7104082,0.012696876
/home/share/Uni_Eval/HAM10000_clean/ISIC2018/ISIC_0032472.jpg,5,5,0.012017219,0.014750509,0.03001316,0.0058888793,0.046659276,0.88462514,0.006045842
/home/share/Uni_Eval/HAM10000_clean/ISIC2018/ISIC_0028433.jpg,5,5,0.0134427585,0.020441845,0.036144473,0.0069464114,0.019145364,0.8963079,0.007571304
/home/share/Uni_Eval/HAM10000_clean/ISIC2018/ISIC_0030439.jpg,5,5,0.045930736,0.05878907,0.11722586,0.01546833,0.083766356,0.66522694,0.013592673
/home/share/Uni_Eval/HAM10000_clean/ISIC2018/ISIC_0027726.jpg,5,5,0.013110912,0.018234337,0.03811386,0.0072364537,0.037107732,0.87677586,0.009420886
/home/share/Uni_Eval/HAM10000_clean/ISIC2018/ISIC_0030343.jpg,5,5,0.022649316,0.033064418,0.05714468,0.009563094,0.07353591,0.79337066,0.010671866
/home/share/Uni_Eval/HAM10000_clean/ISIC2018/ISIC_0025679.jpg,5,5,0.06334804,0.08609368,0.17245577,0.018904239,0.067405924,0.57660323,0.015189146
/home/share/Uni_Eval/HAM10000_clean/ISIC2018/ISIC_0031737.jpg,5,5,0.048007526,0.071876645,0.108713135,0.015730197,0.07045296,0.67214215,0.0130774155
/home/share/Uni_Eval/HAM10000_clean/ISIC2018/ISIC_0025187.jpg,5,5,0.018948125,0.015993834,0.0605886,0.0074979872,0.07690063,0.81347555,0.0065952903
/home/share/Uni_Eval/HAM10000_clean/ISIC2018/ISIC_0024751.jpg,5,5,0.033396114,0.0408822,0.09252399,0.012807304,0.06970616,0.7385909,0.012093347
/home/share/Uni_Eval/HAM10000_clean/ISIC2018/ISIC_0030749.jpg,5,5,0.006238378,0.0072217947,0.02058981,0.0035282588,0.027360283,0.9315941,0.0034674616
/home/share/Uni_Eval/HAM10000_clean/ISIC2018/ISIC_0025864.jpg,5,5,0.009726936,0.012182714,0.029435206,0.0049995114,0.049164772,0.8885601,0.0059307823
/home/share/Uni_Eval/HAM10000_clean/ISIC2018/ISIC_0025688.jpg,5,5,0.026928239,0.047015946,0.10795922,0.010402844,0.051253106,0.7413267,0.015113999
/home/share/Uni_Eval/HAM10000_clean/ISIC2018/ISIC_0030948.jpg,5,5,0.016169852,0.030959304,0.053193938,0.008916553,0.058238737,0.81808394,0.014437705
/home/share/Uni_Eval/HAM10000_clean/ISIC2018/ISIC_0027413.jpg,5,5,0.025446622,0.05013754,0.051595006,0.011239922,0.040707313,0.80606747,0.014806074
/home/share/Uni_Eval/HAM10000_clean/ISIC2018/ISIC_0026294.jpg,5,5,0.022407454,0.026754372,0.06734304,0.009295519,0.081481546,0.78255564,0.01016248
/home/share/Uni_Eval/HAM10000_clean/ISIC2018/ISIC_0029327.jpg,5,5,0.019807879,0.028919866,0.043141544,0.00863489,0.06650829,0.82052535,0.012462216
/home/share/Uni_Eval/HAM10000_clean/ISIC2018/ISIC_0029796.jpg,5,5,0.016816827,0.018512292,0.055538353,0.006718293,0.06425917,0.8308036,0.007351581
/home/share/Uni_Eval/HAM10000_clean/ISIC2018/ISIC_0024533.jpg,5,5,0.0144754145,0.019881595,0.041062344,0.0066450257,0.08391587,0.82258916,0.011430533
/home/share/Uni_Eval/HAM10000_clean/ISIC2018/ISIC_0028620.jpg,5,5,0.014841885,0.02122567,0.04499959,0.0072894245,0.071686566,0.8300899,0.009867013
/home/share/Uni_Eval/HAM10000_clean/ISIC2018/ISIC_0032332.jpg,5,5,0.017960042,0.022165226,0.049976967,0.007965093,0.047760528,0.84549284,0.008679319
/home/share/Uni_Eval/HAM10000_clean/ISIC2018/ISIC_0025705.jpg,5,5,0.028141802,0.027902057,0.09079998,0.009430997,0.120842166,0.7142269,0.008656078
/home/share/Uni_Eval/HAM10000_clean/ISIC2018/ISIC_0030004.jpg,5,5,0.019684486,0.02920318,0.042606477,0.00894643,0.03663181,0.8546727,0.008254955
/home/share/Uni_Eval/HAM10000_clean/ISIC2018/ISIC_0031445.jpg,5,5,0.01706607,0.022508463,0.046785668,0.007990091,0.048191037,0.8492238,0.0082349
/home/share/Uni_Eval/HAM10000_clean/ISIC2018/ISIC_0025050.jpg,5,5,0.025123551,0.0316064,0.05315703,0.0099766925,0.039557055,0.83092654,0.009652696
/home/share/Uni_Eval/HAM10000_clean/ISIC2018/ISIC_0024681.jpg,5,5,0.0113902725,0.01092294,0.034347232,0.0052952785,0.025849815,0.90746063,0.004733764
/home/share/Uni_Eval/HAM10000_clean/ISIC2018/ISIC_0029707.jpg,5,5,0.01570944,0.0195515,0.045663394,0.007158097,0.0654406,0.8390464,0.0074306037
/home/share/Uni_Eval/HAM10000_clean/ISIC2018/ISIC_0028240.jpg,5,5,0.018396342,0.023000188,0.054008827,0.007951211,0.054182317,0.8345758,0.0078853965
/home/share/Uni_Eval/HAM10000_clean/ISIC2018/ISIC_0026325.jpg,5,5,0.018976847,0.029461384,0.051757965,0.008473938,0.063913584,0.8165147,0.010901573
/home/share/Uni_Eval/HAM10000_clean/ISIC2018/ISIC_0029817.jpg,5,5,0.0074796597,0.009920376,0.025477506,0.0040156073,0.02111733,0.92830473,0.0036848367
/home/share/Uni_Eval/HAM10000_clean/ISIC2018/ISIC_0030530.jpg,5,5,0.010887813,0.016947873,0.029419072,0.0059458055,0.038244046,0.89155585,0.006999484
/home/share/Uni_Eval/HAM10000_clean/ISIC2018/ISIC_0028421.jpg,5,5,0.015806247,0.02574582,0.048955254,0.00804388,0.041105192,0.85038936,0.00995423
/home/share/Uni_Eval/HAM10000_clean/ISIC2018/ISIC_0029445.jpg,5,5,0.037512183,0.061829466,0.094607115,0.015375028,0.060553484,0.7127319,0.017390803
/home/share/Uni_Eval/HAM10000_clean/ISIC2018/ISIC_0031315.jpg,5,5,0.04890196,0.08811017,0.10430604,0.015343657,0.061038848,0.65722245,0.025076889
/home/share/Uni_Eval/HAM10000_clean/ISIC2018/ISIC_0031224.jpg,5,5,0.010441215,0.009843877,0.03589211,0.0050190743,0.059847564,0.8728601,0.0060960273
/home/share/Uni_Eval/HAM10000_clean/ISIC2018/ISIC_0030317.jpg,5,5,0.009781921,0.010403868,0.030039992,0.0048950133,0.03433879,0.904237,0.006303384
/home/share/Uni_Eval/HAM10000_clean/ISIC2018/ISIC_0026375.jpg,5,5,0.022657828,0.032197714,0.06846398,0.0094399415,0.040959287,0.81395197,0.012329312
/home/share/Uni_Eval/HAM10000_clean/ISIC2018/ISIC_0030515.jpg,5,5,0.009227458,0.01229134,0.028928481,0.0051467293,0.03986342,0.8989351,0.005607486
/home/share/Uni_Eval/HAM10000_clean/ISIC2018/ISIC_0029461.jpg,5,5,0.020572884,0.02846196,0.056447543,0.009157998,0.06499023,0.80947167,0.010897722
/home/share/Uni_Eval/HAM10000_clean/ISIC2018/ISIC_0032458.jpg,5,5,0.012081653,0.014188845,0.04437842,0.0055900244,0.048784208,0.8682273,0.006749565
/home/share/Uni_Eval/HAM10000_clean/ISIC2018/ISIC_0026447.jpg,5,5,0.016752359,0.020138567,0.06400454,0.0073636496,0.042271152,0.84207845,0.007391304
/home/share/Uni_Eval/HAM10000_clean/ISIC2018/ISIC_0029643.jpg,5,5,0.02124602,0.01873392,0.05971772,0.008292083,0.064629726,0.8196689,0.0077115702
/home/share/Uni_Eval/HAM10000_clean/ISIC2018/ISIC_0026837.jpg,5,5,0.014329628,0.014010363,0.052898668,0.006661494,0.03957195,0.86755055,0.0049774093
/home/share/Uni_Eval/HAM10000_clean/ISIC2018/ISIC_0032480.jpg,5,5,0.0673063,0.08324367,0.15151007,0.018224554,0.15869552,0.5067502,0.01426971
/home/share/Uni_Eval/HAM10000_clean/ISIC2018/ISIC_0026971.jpg,5,5,0.014964201,0.013183947,0.04390745,0.0057647172,0.057829514,0.8592551,0.005095199
/home/share/Uni_Eval/HAM10000_clean/ISIC2018/ISIC_0030027.jpg,5,5,0.04575652,0.10837191,0.04816214,0.017519774,0.06150625,0.67448276,0.04420068
/home/share/Uni_Eval/HAM10000_clean/ISIC2018/ISIC_0030702.jpg,5,5,0.0059912596,0.005454061,0.020323213,0.0032079685,0.041214798,0.91618556,0.007623217
/home/share/Uni_Eval/HAM10000_clean/ISIC2018/ISIC_0027196.jpg,5,5,0.012329891,0.012523174,0.040748037,0.005590416,0.061026327,0.8615051,0.0062770485
/home/share/Uni_Eval/HAM10000_clean/ISIC2018/ISIC_0031732.jpg,5,5,0.02172222,0.022656728,0.071339555,0.0084738545,0.077931434,0.78888613,0.008990089
/home/share/Uni_Eval/HAM10000_clean/ISIC2018/ISIC_0027168.jpg,5,5,0.02307443,0.02132134,0.06151556,0.008075602,0.04158892,0.83618724,0.008236953
/home/share/Uni_Eval/HAM10000_clean/ISIC2018/ISIC_0028257.jpg,5,5,0.016619451,0.018944394,0.06291618,0.006977775,0.060252305,0.8275333,0.0067566005
/home/share/Uni_Eval/HAM10000_clean/ISIC2018/ISIC_0025329.jpg,5,5,0.026798515,0.042308874,0.06897291,0.010293135,0.088031374,0.75269175,0.010903474
/home/share/Uni_Eval/HAM10000_clean/ISIC2018/ISIC_0029834.jpg,5,5,0.013796144,0.0208042,0.03720193,0.00683246,0.053260423,0.85919696,0.008907962
/home/share/Uni_Eval/HAM10000_clean/ISIC2018/ISIC_0025279.jpg,5,5,0.009461299,0.0138844885,0.035737474,0.0050631384,0.031201012,0.8982325,0.006420039
/home/share/Uni_Eval/HAM10000_clean/ISIC2018/ISIC_0030595.jpg,5,5,0.02751065,0.038492426,0.062913865,0.011008076,0.062533796,0.78392273,0.013618553
/home/share/Uni_Eval/HAM10000_clean/ISIC2018/ISIC_0030651.jpg,5,5,0.031188903,0.034859326,0.043758858,0.010519632,0.033743802,0.83200246,0.013927081
/home/share/Uni_Eval/HAM10000_clean/ISIC2018/ISIC_0027516.jpg,5,5,0.04011585,0.0611938,0.08560945,0.012757739,0.05612186,0.72879386,0.015407483
/home/share/Uni_Eval/HAM10000_clean/ISIC2018/ISIC_0031241.jpg,5,5,0.016025826,0.012159882,0.03875338,0.0054862406,0.06933068,0.84072274,0.017521156
/home/share/Uni_Eval/HAM10000_clean/ISIC2018/ISIC_0029873.jpg,5,5,0.01062821,0.010396523,0.037859827,0.0051089823,0.055389218,0.875921,0.0046962784
/home/share/Uni_Eval/HAM10000_clean/ISIC2018/ISIC_0024389.jpg,5,5,0.025869993,0.050129276,0.054098416,0.011344641,0.047075354,0.79445654,0.017025866
/home/share/Uni_Eval/HAM10000_clean/ISIC2018/ISIC_0029658.jpg,5,5,0.014681935,0.024224143,0.030917551,0.0073967874,0.023106573,0.88949484,0.0101782195
/home/share/Uni_Eval/HAM10000_clean/ISIC2018/ISIC_0027995.jpg,5,5,0.033843376,0.051368617,0.108025,0.01309247,0.10361419,0.678869,0.011187338
/home/share/Uni_Eval/HAM10000_clean/ISIC2018/ISIC_0031740.jpg,5,5,0.008625628,0.012135385,0.030407084,0.004525365,0.030759903,0.90744376,0.006102939
/home/share/Uni_Eval/HAM10000_clean/ISIC2018/ISIC_0028532.jpg,5,5,0.017770147,0.01782692,0.05760495,0.0078030224,0.03251171,0.85919166,0.007291517
/home/share/Uni_Eval/HAM10000_clean/ISIC2018/ISIC_0026719.jpg,5,5,0.01570012,0.023691554,0.02954411,0.0076939547,0.040304407,0.87436354,0.008702312
/home/share/Uni_Eval/HAM10000_clean/ISIC2018/ISIC_0029037.jpg,5,5,0.01154059,0.011481026,0.036116086,0.0054380153,0.048378613,0.88204426,0.0050014188
/home/share/Uni_Eval/HAM10000_clean/ISIC2018/ISIC_0031193.jpg,5,5,0.012940493,0.019361805,0.02698399,0.006795024,0.051179666,0.87108916,0.011649821
/home/share/Uni_Eval/HAM10000_clean/ISIC2018/ISIC_0030934.jpg,5,5,0.00814077,0.008826804,0.020445192,0.0041487846,0.03150929,0.9220374,0.0048918435
/home/share/Uni_Eval/HAM10000_clean/ISIC2018/ISIC_0028530.jpg,5,5,0.008708414,0.010081744,0.025803372,0.004706738,0.023559786,0.92231804,0.0048219087
/home/share/Uni_Eval/HAM10000_clean/ISIC2018/ISIC_0028959.jpg,5,5,0.011631944,0.010903066,0.036260415,0.0054241433,0.04158641,0.88816506,0.0060289875
/home/share/Uni_Eval/HAM10000_clean/ISIC2018/ISIC_0028754.jpg,5,5,0.0063679195,0.005839501,0.024139952,0.0032215728,0.036924668,0.9188946,0.0046117953
/home/share/Uni_Eval/HAM10000_clean/ISIC2018/ISIC_0032353.jpg,5,5,0.015886134,0.01715676,0.0525464,0.0069799707,0.057961896,0.84201944,0.0074493987
/home/share/Uni_Eval/HAM10000_clean/ISIC2018/ISIC_0029579.jpg,5,5,0.0094816,0.012382126,0.03146088,0.005043834,0.039986294,0.8963862,0.0052590794
/home/share/Uni_Eval/HAM10000_clean/ISIC2018/ISIC_0032001.jpg,5,5,0.006877693,0.008385388,0.019686932,0.0038173022,0.014899433,0.9425721,0.0037611714
/home/share/Uni_Eval/HAM10000_clean/ISIC2018/ISIC_0027894.jpg,5,5,0.017988613,0.020045925,0.04603098,0.006960795,0.07416537,0.82652384,0.008284481
/home/share/Uni_Eval/HAM10000_clean/ISIC2018/ISIC_0026763.jpg,5,5,0.012994984,0.011767015,0.042432416,0.005702319,0.048033513,0.873406,0.005663715
/home/share/Uni_Eval/HAM10000_clean/ISIC2018/ISIC_0031432.jpg,5,5,0.007998933,0.009108853,0.02787881,0.0042858403,0.047907125,0.89748245,0.005337934
/home/share/Uni_Eval/HAM10000_clean/ISIC2018/ISIC_0030780.jpg,5,5,0.011715089,0.0122845,0.03384953,0.005359381,0.060188077,0.87166196,0.004941481
/home/share/Uni_Eval/HAM10000_clean/ISIC2018/ISIC_0025787.jpg,5,5,0.01667385,0.020306371,0.08519869,0.0077130035,0.05698061,0.8050076,0.008119858
/home/share/Uni_Eval/HAM10000_clean/ISIC2018/ISIC_0028286.jpg,5,5,0.0065409765,0.006485953,0.019320361,0.0035698486,0.025090653,0.9345831,0.004409171
/home/share/Uni_Eval/HAM10000_clean/ISIC2018/ISIC_0031911.jpg,5,5,0.01672689,0.023733351,0.056894664,0.007644892,0.063863516,0.82029456,0.010842179
/home/share/Uni_Eval/HAM10000_clean/ISIC2018/ISIC_0025138.jpg,5,5,0.012920915,0.018575028,0.034097135,0.0061267526,0.060848612,0.8552262,0.012205304
/home/share/Uni_Eval/HAM10000_clean/ISIC2018/ISIC_0026797.jpg,5,5,0.014589216,0.0153554585,0.051363356,0.0071193795,0.046655625,0.8584909,0.006426106
/home/share/Uni_Eval/HAM10000_clean/ISIC2018/ISIC_0027464.jpg,5,5,0.0077050305,0.009750638,0.02090898,0.0042016236,0.045533497,0.90535456,0.0065457155
/home/share/Uni_Eval/HAM10000_clean/ISIC2018/ISIC_0027241.jpg,5,5,0.010835847,0.011088748,0.03876339,0.0051491153,0.047606982,0.8812002,0.005355686
/home/share/Uni_Eval/HAM10000_clean/ISIC2018/ISIC_0031242.jpg,5,5,0.00656628,0.009501476,0.017694723,0.004016575,0.037507333,0.9170751,0.007638539
/home/share/Uni_Eval/HAM10000_clean/ISIC2018/ISIC_0030224.jpg,5,5,0.025271302,0.027850188,0.083991244,0.0096553,0.08239635,0.7606042,0.010231403
/home/share/Uni_Eval/HAM10000_clean/ISIC2018/ISIC_0025220.jpg,5,5,0.01228968,0.014255856,0.030524652,0.006233734,0.039453268,0.8877981,0.009444809
/home/share/Uni_Eval/HAM10000_clean/ISIC2018/ISIC_0026408.jpg,5,5,0.009012117,0.009221575,0.032476667,0.004636192,0.030356236,0.9095586,0.0047386712
/home/share/Uni_Eval/HAM10000_clean/ISIC2018/ISIC_0030496.jpg,5,5,0.047007516,0.10005822,0.12004132,0.019282723,0.07959878,0.6061017,0.027909787
/home/share/Uni_Eval/HAM10000_clean/ISIC2018/ISIC_0027733.jpg,5,5,0.010149805,0.013221533,0.027967818,0.0051672873,0.02563803,0.9129199,0.0049355864
/home/share/Uni_Eval/HAM10000_clean/ISIC2018/ISIC_0028590.jpg,5,5,0.02258228,0.029483443,0.050115813,0.009537752,0.031093497,0.847727,0.009460195
/home/share/Uni_Eval/HAM10000_clean/ISIC2018/ISIC_0031161.jpg,5,5,0.023074685,0.022073623,0.101241596,0.008485877,0.056542464,0.7812571,0.007324634
/home/share/Uni_Eval/HAM10000_clean/ISIC2018/ISIC_0027314.jpg,5,5,0.033335708,0.02890371,0.113741875,0.010838386,0.08029272,0.72498035,0.0079072695
/home/share/Uni_Eval/HAM10000_clean/ISIC2018/ISIC_0030571.jpg,5,5,0.021048818,0.023053866,0.042952906,0.008419115,0.056529853,0.8397024,0.008292973
/home/share/Uni_Eval/HAM10000_clean/ISIC2018/ISIC_0026873.jpg,5,5,0.017764602,0.017108,0.05406514,0.0074826437,0.05799959,0.8388784,0.006701641
/home/share/Uni_Eval/HAM10000_clean/ISIC2018/ISIC_0032506.jpg,5,5,0.015543459,0.022056127,0.030294353,0.0071845907,0.013132886,0.90230626,0.009482254
/home/share/Uni_Eval/HAM10000_clean/ISIC2018/ISIC_0024359.jpg,5,5,0.01713676,0.018398415,0.05313187,0.007179822,0.09439448,0.8009494,0.008809166
/home/share/Uni_Eval/HAM10000_clean/ISIC2018/ISIC_0031420.jpg,5,5,0.0417214,0.041097283,0.13291235,0.012871731,0.08250067,0.677833,0.0110634845
/home/share/Uni_Eval/HAM10000_clean/ISIC2018/ISIC_0026785.jpg,5,5,0.015682831,0.020845022,0.049151234,0.00751949,0.039722532,0.8575243,0.009554608
/home/share/Uni_Eval/HAM10000_clean/ISIC2018/ISIC_0025229.jpg,5,5,0.020303125,0.03149016,0.054203082,0.008108009,0.046614226,0.8283367,0.010944795
/home/share/Uni_Eval/HAM10000_clean/ISIC2018/ISIC_0030739.jpg,5,5,0.047282267,0.10095665,0.09026771,0.018354839,0.055823535,0.6641794,0.02313564
/home/share/Uni_Eval/HAM10000_clean/ISIC2018/ISIC_0030611.jpg,5,5,0.011711074,0.015950164,0.04490172,0.0061885677,0.036157813,0.8777872,0.0073035792
/home/share/Uni_Eval/HAM10000_clean/ISIC2018/ISIC_0027363.jpg,5,5,0.012634519,0.015773889,0.04006104,0.0062089628,0.0362986,0.8835285,0.005494524
/home/share/Uni_Eval/HAM10000_clean/ISIC2018/ISIC_0030619.jpg,5,5,0.029695561,0.038543344,0.108392715,0.011095907,0.09651501,0.70218974,0.013567751
/home/share/Uni_Eval/HAM10000_clean/ISIC2018/ISIC_0029601.jpg,5,5,0.014273532,0.019989144,0.043790482,0.0065241666,0.052069753,0.8546859,0.008666992
/home/share/Uni_Eval/HAM10000_clean/ISIC2018/ISIC_0027088.jpg,5,5,0.008236158,0.0067699244,0.033992488,0.0039360276,0.036781244,0.90513927,0.005144882
/home/share/Uni_Eval/HAM10000_clean/ISIC2018/ISIC_0027158.jpg,5,5,0.00632984,0.00725692,0.01637669,0.0034711,0.029154727,0.9322364,0.00517443
/home/share/Uni_Eval/HAM10000_clean/ISIC2018/ISIC_0024502.jpg,5,5,0.0074604317,0.009543539,0.017323498,0.004223187,0.0311714,0.923129,0.0071488977
/home/share/Uni_Eval/HAM10000_clean/ISIC2018/ISIC_0027199.jpg,5,5,0.06545948,0.078073606,0.17196669,0.019634191,0.056795962,0.5906045,0.017465543
/home/share/Uni_Eval/HAM10000_clean/ISIC2018/ISIC_0027929.jpg,5,5,0.014204571,0.014412893,0.041512877,0.0062853936,0.058149498,0.8596484,0.005786349
/home/share/Uni_Eval/HAM10000_clean/ISIC2018/ISIC_0027029.jpg,5,5,0.026077185,0.026828367,0.10619511,0.008992677,0.071500584,0.7536815,0.006724697
/home/share/Uni_Eval/HAM10000_clean/ISIC2018/ISIC_0031920.jpg,5,5,0.034003325,0.043987542,0.10565719,0.011940752,0.07836301,0.7146168,0.011431386
/home/share/Uni_Eval/HAM10000_clean/ISIC2018/ISIC_0029763.jpg,5,5,0.038840972,0.05599243,0.097980194,0.014785649,0.06348787,0.71544737,0.013465606
/home/share/Uni_Eval/HAM10000_clean/ISIC2018/ISIC_0031841.jpg,5,5,0.040988766,0.053405628,0.10277974,0.01216889,0.026263904,0.7528859,0.01150718
/home/share/Uni_Eval/HAM10000_clean/ISIC2018/ISIC_0028946.jpg,5,5,0.013033157,0.01823387,0.04127054,0.0060342457,0.047319625,0.86630803,0.007800405
/home/share/Uni_Eval/HAM10000_clean/ISIC2018/ISIC_0031152.jpg,5,5,0.020733679,0.02780021,0.06259037,0.0086018,0.058542266,0.8103599,0.011371807
/home/share/Uni_Eval/HAM10000_clean/ISIC2018/ISIC_0030075.jpg,5,5,0.0072302967,0.0082886955,0.027275903,0.0042121056,0.038845886,0.90865415,0.005492937
/home/share/Uni_Eval/HAM10000_clean/ISIC2018/ISIC_0028328.jpg,5,5,0.019152982,0.027961498,0.076813884,0.00920439,0.05952777,0.7989287,0.008410795
/home/share/Uni_Eval/HAM10000_clean/ISIC2018/ISIC_0027547.jpg,5,5,0.016864948,0.02215183,0.043201897,0.0075438344,0.040195182,0.86183125,0.0082110185
/home/share/Uni_Eval/HAM10000_clean/ISIC2018/ISIC_0029750.jpg,5,5,0.009504971,0.009235044,0.03175453,0.0045377086,0.04299361,0.8974747,0.0044994233
/home/share/Uni_Eval/HAM10000_clean/ISIC2018/ISIC_0024991.jpg,5,5,0.012018776,0.012662351,0.044053294,0.005685411,0.0556342,0.8640806,0.005865287
/home/share/Uni_Eval/HAM10000_clean/ISIC2018/ISIC_0031805.jpg,5,5,0.009292335,0.011255785,0.03715007,0.005055553,0.06123865,0.8703746,0.005632975
/home/share/Uni_Eval/HAM10000_clean/ISIC2018/ISIC_0031688.jpg,5,5,0.007635042,0.009446914,0.022265738,0.0039795153,0.02560265,0.9262247,0.0048453053
/home/share/Uni_Eval/HAM10000_clean/ISIC2018/ISIC_0031731.jpg,5,5,0.010370221,0.018908571,0.027321078,0.0055261524,0.03240189,0.89505535,0.010416813
/home/share/Uni_Eval/HAM10000_clean/ISIC2018/ISIC_0028444.jpg,5,5,0.015483582,0.017759802,0.058015868,0.007223249,0.07696312,0.8179411,0.0066133006
/home/share/Uni_Eval/HAM10000_clean/ISIC2018/ISIC_0025139.jpg,5,5,0.014930652,0.016980916,0.04283946,0.0071583968,0.04496859,0.86657554,0.006546488
/home/share/Uni_Eval/HAM10000_clean/ISIC2018/ISIC_0027690.jpg,5,5,0.01702948,0.022556555,0.050303377,0.0075847777,0.04810796,0.8452656,0.009152226
/home/share/Uni_Eval/HAM10000_clean/ISIC2018/ISIC_0031658.jpg,5,5,0.008553277,0.011288586,0.022266492,0.0045793126,0.017550714,0.93022645,0.0055352733
/home/share/Uni_Eval/HAM10000_clean/ISIC2018/ISIC_0025828.jpg,5,5,0.013203071,0.017893266,0.037052657,0.0064654895,0.03519288,0.8841058,0.0060868557
/home/share/Uni_Eval/HAM10000_clean/ISIC2018/ISIC_0026578.jpg,5,5,0.02001644,0.030616555,0.04714913,0.008446034,0.037578493,0.8439195,0.012273886
/home/share/Uni_Eval/HAM10000_clean/ISIC2018/ISIC_0025349.jpg,5,5,0.01121311,0.01708628,0.03173709,0.005876277,0.020927088,0.9056261,0.007534084
/home/share/Uni_Eval/HAM10000_clean/ISIC2018/ISIC_0027169.jpg,5,5,0.011273757,0.01338793,0.03058564,0.005411199,0.05710302,0.8746294,0.007609104
/home/share/Uni_Eval/HAM10000_clean/ISIC2018/ISIC_0025888.jpg,5,5,0.0078426795,0.012085852,0.018995233,0.004501465,0.020609148,0.9297332,0.0062324097
/home/share/Uni_Eval/HAM10000_clean/ISIC2018/ISIC_0026813.jpg,5,5,0.014823689,0.02018232,0.04499458,0.0069438526,0.056318007,0.85003245,0.0067050285
/home/share/Uni_Eval/HAM10000_clean/ISIC2018/ISIC_0030449.jpg,5,5,0.021513794,0.02444506,0.09198328,0.008510337,0.078069255,0.7667354,0.008742783
/home/share/Uni_Eval/HAM10000_clean/ISIC2018/ISIC_0029520.jpg,5,5,0.015270482,0.019034732,0.052368756,0.0073180725,0.11149041,0.78613317,0.008384405
/home/share/Uni_Eval/HAM10000_clean/ISIC2018/ISIC_0026517.jpg,5,5,0.019779073,0.022150926,0.054751016,0.007797505,0.11207363,0.77592576,0.007522008
/home/share/Uni_Eval/HAM10000_clean/ISIC2018/ISIC_0031416.jpg,5,5,0.009137918,0.010551407,0.031357,0.00454943,0.04153119,0.8970316,0.0058414307
/home/share/Uni_Eval/HAM10000_clean/ISIC2018/ISIC_0027782.jpg,5,5,0.012680207,0.016246848,0.03185658,0.0062312586,0.03255563,0.89435506,0.0060744695
/home/share/Uni_Eval/HAM10000_clean/ISIC2018/ISIC_0031752.jpg,5,5,0.020079408,0.018529192,0.073572956,0.0073693986,0.06871165,0.80199546,0.009741996
/home/share/Uni_Eval/HAM10000_clean/ISIC2018/ISIC_0028152.jpg,5,5,0.06491149,0.06744474,0.16327205,0.01779625,0.08082703,0.5914246,0.01432389
/home/share/Uni_Eval/HAM10000_clean/ISIC2018/ISIC_0025697.jpg,5,5,0.012648707,0.015681978,0.042462975,0.006391968,0.04006777,0.8775419,0.00520478
/home/share/Uni_Eval/HAM10000_clean/ISIC2018/ISIC_0030905.jpg,5,5,0.02473039,0.025416633,0.09304422,0.009203077,0.112942405,0.7260282,0.008635054
/home/share/Uni_Eval/HAM10000_clean/ISIC2018/ISIC_0026630.jpg,5,5,0.024986947,0.038554177,0.05652991,0.010326695,0.0604262,0.79478645,0.014389541
/home/share/Uni_Eval/HAM10000_clean/ISIC2018/ISIC_0025360.jpg,5,5,0.011250485,0.018891698,0.024882112,0.0058581587,0.038521614,0.8938744,0.0067215604
/home/share/Uni_Eval/HAM10000_clean/ISIC2018/ISIC_0028253.jpg,5,5,0.04332885,0.05978783,0.118865974,0.014828154,0.053942204,0.69413704,0.01510993
/home/share/Uni_Eval/HAM10000_clean/ISIC2018/ISIC_0025669.jpg,5,5,0.025987964,0.043697905,0.051232506,0.011007087,0.06412834,0.79049754,0.0134486435
/home/share/Uni_Eval/HAM10000_clean/ISIC2018/ISIC_0027368.jpg,5,5,0.040771157,0.062445026,0.11513838,0.014049183,0.106678344,0.6454374,0.015480492
/home/share/Uni_Eval/HAM10000_clean/ISIC2018/ISIC_0030777.jpg,5,5,0.035469893,0.042437952,0.076606035,0.011734821,0.08464994,0.73669976,0.012401576
/home/share/Uni_Eval/HAM10000_clean/ISIC2018/ISIC_0029875.jpg,5,5,0.023955304,0.028021147,0.053668093,0.009658343,0.048311226,0.82745093,0.008935059
/home/share/Uni_Eval/HAM10000_clean/ISIC2018/ISIC_0029204.jpg,5,5,0.044045035,0.061642017,0.07016033,0.013816937,0.05619504,0.7390964,0.015044199
/home/share/Uni_Eval/HAM10000_clean/ISIC2018/ISIC_0032267.jpg,5,5,0.024683451,0.025798103,0.079169646,0.009755209,0.057513267,0.79507136,0.008008942
/home/share/Uni_Eval/HAM10000_clean/ISIC2018/ISIC_0032069.jpg,5,5,0.022660168,0.023589047,0.084841415,0.009189685,0.06337108,0.7898708,0.006477773
/home/share/Uni_Eval/HAM10000_clean/ISIC2018/ISIC_0029657.jpg,5,5,0.021119615,0.020568172,0.07662509,0.00863872,0.072725005,0.7940607,0.006262671
/home/share/Uni_Eval/HAM10000_clean/ISIC2018/ISIC_0030646.jpg,5,5,0.010660162,0.013922938,0.026377285,0.005151052,0.04525742,0.8905642,0.008066994
/home/share/Uni_Eval/HAM10000_clean/ISIC2018/ISIC_0029018.jpg,5,5,0.007586273,0.019437978,0.028502526,0.005295259,0.052191403,0.8713396,0.015646927
/home/share/Uni_Eval/HAM10000_clean/ISIC2018/ISIC_0028247.jpg,5,5,0.02730164,0.06440269,0.13035432,0.011637407,0.06554089,0.6861472,0.014615826
/home/share/Uni_Eval/HAM10000_clean/ISIC2018/ISIC_0027757.jpg,5,5,0.0108882105,0.024108492,0.049570996,0.006747591,0.08346701,0.8129254,0.012292343
/home/share/Uni_Eval/HAM10000_clean/ISIC2018/ISIC_0032363.jpg,5,5,0.035106923,0.08913023,0.1031266,0.017265728,0.15229227,0.5804911,0.022587098
/home/share/Uni_Eval/HAM10000_clean/ISIC2018/ISIC_0025638.jpg,5,5,0.05965373,0.21934023,0.1653863,0.023947675,0.12337363,0.37157482,0.03672366
/home/share/Uni_Eval/HAM10000_clean/ISIC2018/ISIC_0031178.jpg,5,5,0.018455265,0.024116512,0.06270566,0.009266835,0.045166995,0.8288062,0.011482444
/home/share/Uni_Eval/HAM10000_clean/ISIC2018/ISIC_0029534.jpg,5,5,0.062469278,0.267982,0.18509734,0.025737943,0.121224485,0.28618887,0.05130013
/home/share/Uni_Eval/HAM10000_clean/ISIC2018/ISIC_0024594.jpg,5,5,0.019990832,0.040440235,0.06759538,0.010747409,0.09120208,0.7591922,0.010831826
/home/share/Uni_Eval/HAM10000_clean/ISIC2018/ISIC_0027444.jpg,5,5,0.016004791,0.022279443,0.06297493,0.0077435076,0.10042963,0.7832877,0.0072799874
/home/share/Uni_Eval/HAM10000_clean/ISIC2018/ISIC_0027644.jpg,5,5,0.02238062,0.032075226,0.09991512,0.009518873,0.10898793,0.7177935,0.009328749
/home/share/Uni_Eval/HAM10000_clean/ISIC2018/ISIC_0032376.jpg,5,5,0.045859367,0.07866786,0.116657116,0.019471923,0.09529949,0.61580145,0.028242806
/home/share/Uni_Eval/HAM10000_clean/ISIC2018/ISIC_0029790.jpg,5,5,0.013486542,0.014552025,0.05868106,0.0065970253,0.067821324,0.8330074,0.0058545726
/home/share/Uni_Eval/HAM10000_clean/ISIC2018/ISIC_0027305.jpg,5,5,0.033930548,0.05960108,0.1465151,0.012949661,0.19421719,0.5393317,0.013454744
/home/share/Uni_Eval/HAM10000_clean/ISIC2018/ISIC_0028918.jpg,5,5,0.009689263,0.013836019,0.041531578,0.00564646,0.047805745,0.87587637,0.0056145485
/home/share/Uni_Eval/HAM10000_clean/ISIC2018/ISIC_0030697.jpg,5,5,0.013070317,0.023202416,0.06436554,0.007019711,0.06658101,0.8169233,0.008837732
/home/share/Uni_Eval/HAM10000_clean/ISIC2018/ISIC_0028293.jpg,5,5,0.02639515,0.038971603,0.08338132,0.009963008,0.0793412,0.753575,0.008372696
/home/share/Uni_Eval/HAM10000_clean/ISIC2018/ISIC_0027264.jpg,5,5,0.017365536,0.031994294,0.051987674,0.008556522,0.07386044,0.8057504,0.01048522
/home/share/Uni_Eval/HAM10000_clean/ISIC2018/ISIC_0031404.jpg,5,5,0.08023414,0.11890326,0.22279513,0.021134833,0.17309183,0.3617244,0.022116428
/home/share/Uni_Eval/HAM10000_clean/ISIC2018/ISIC_0025152.jpg,5,5,0.023519652,0.052030537,0.08907494,0.012950708,0.0903834,0.71821415,0.01382658
/home/share/Uni_Eval/HAM10000_clean/ISIC2018/ISIC_0027235.jpg,5,5,0.024940616,0.049283333,0.117839456,0.012148603,0.20744728,0.57096505,0.017375633
/home/share/Uni_Eval/HAM10000_clean/ISIC2018/ISIC_0031160.jpg,5,5,0.012092253,0.01884004,0.06020151,0.0065225186,0.123660944,0.77184844,0.006834325
/home/share/Uni_Eval/HAM10000_clean/ISIC2018/ISIC_0028010.jpg,5,5,0.01908138,0.029409597,0.11098915,0.008778234,0.060667496,0.76175505,0.009319023
/home/share/Uni_Eval/HAM10000_clean/ISIC2018/ISIC_0024934.jpg,5,5,0.0195508,0.020771738,0.106104426,0.008505442,0.12104157,0.71829516,0.0057307943
/home/share/Uni_Eval/HAM10000_clean/ISIC2018/ISIC_0028461.jpg,5,5,0.03759149,0.07102078,0.10584268,0.017057298,0.14681849,0.60098016,0.020689135
/home/share/Uni_Eval/HAM10000_clean/ISIC2018/ISIC_0028332.jpg,5,5,0.030741433,0.037075102,0.111636795,0.012033893,0.17274055,0.6268394,0.00893284
/home/share/Uni_Eval/HAM10000_clean/ISIC2018/ISIC_0032334.jpg,5,5,0.040412046,0.06353516,0.15508781,0.014325981,0.15375589,0.5562542,0.01662898
/home/share/Uni_Eval/HAM10000_clean/ISIC2018/ISIC_0030858.jpg,5,5,0.03618231,0.06125565,0.21289429,0.012809092,0.09914772,0.562598,0.015112949
/home/share/Uni_Eval/HAM10000_clean/ISIC2018/ISIC_0030609.jpg,5,5,0.021857237,0.018819865,0.10834197,0.0076562795,0.14231306,0.6915111,0.009500433
/home/share/Uni_Eval/HAM10000_clean/ISIC2018/ISIC_0027987.jpg,5,5,0.031526998,0.047872007,0.08876904,0.012594942,0.09551112,0.7113843,0.01234168
/home/share/Uni_Eval/HAM10000_clean/ISIC2018/ISIC_0026722.jpg,5,5,0.04846844,0.119771264,0.16431257,0.018868348,0.14867625,0.4826323,0.01727086
/home/share/Uni_Eval/HAM10000_clean/ISIC2018/ISIC_0031663.jpg,5,5,0.04018279,0.09882502,0.14549984,0.016912803,0.12003541,0.55384547,0.024698654
/home/share/Uni_Eval/HAM10000_clean/ISIC2018/ISIC_0025568.jpg,5,5,0.023132049,0.07229839,0.0638427,0.009955752,0.08633201,0.7186746,0.025764463
/home/share/Uni_Eval/HAM10000_clean/ISIC2018/ISIC_0030247.jpg,5,5,0.050093696,0.116621576,0.15455616,0.019673394,0.083057255,0.55425644,0.02174144
/home/share/Uni_Eval/HAM10000_clean/ISIC2018/ISIC_0029756.jpg,5,5,0.01294684,0.024637105,0.0710879,0.0073203417,0.090773046,0.781842,0.011392703
/home/share/Uni_Eval/HAM10000_clean/ISIC2018/ISIC_0031629.jpg,5,5,0.029365858,0.052558817,0.14663692,0.012541545,0.16249065,0.5812451,0.015161108
/home/share/Uni_Eval/HAM10000_clean/ISIC2018/ISIC_0027537.jpg,5,5,0.011977014,0.020683149,0.057535276,0.006951074,0.10044384,0.7931444,0.009265217
/home/share/Uni_Eval/HAM10000_clean/ISIC2018/ISIC_0026223.jpg,5,5,0.013897539,0.025189724,0.067869656,0.0073998477,0.061721727,0.8149312,0.008990321
/home/share/Uni_Eval/HAM10000_clean/ISIC2018/ISIC_0024789.jpg,5,5,0.044675138,0.11397219,0.15645339,0.01719395,0.08225903,0.5559367,0.029509613
/home/share/Uni_Eval/HAM10000_clean/ISIC2018/ISIC_0029854.jpg,5,5,0.023487214,0.054323256,0.0914722,0.011882712,0.10581268,0.6970513,0.015970627
/home/share/Uni_Eval/HAM10000_clean/ISIC2018/ISIC_0027911.jpg,5,5,0.040627535,0.07095842,0.18762797,0.015048917,0.14837687,0.52387583,0.013484423
/home/share/Uni_Eval/HAM10000_clean/ISIC2018/ISIC_0031435.jpg,5,5,0.021270307,0.02927007,0.10605874,0.00879875,0.09398147,0.72099674,0.019623924
/home/share/Uni_Eval/HAM10000_clean/ISIC2018/ISIC_0026389.jpg,5,5,0.045033656,0.10627944,0.13210702,0.01502547,0.08416983,0.5928223,0.024562195
/home/share/Uni_Eval/HAM10000_clean/ISIC2018/ISIC_0025847.jpg,5,5,0.033263043,0.06659927,0.13188188,0.013441634,0.13569269,0.6010061,0.0181154
/home/share/Uni_Eval/HAM10000_clean/ISIC2018/ISIC_0027462.jpg,5,5,0.016658144,0.02443188,0.081731796,0.008368394,0.11611687,0.7423584,0.010334538
/home/share/Uni_Eval/HAM10000_clean/ISIC2018/ISIC_0024824.jpg,5,5,0.018470028,0.03889059,0.07366852,0.009916936,0.0745778,0.7742396,0.010236564
/home/share/Uni_Eval/HAM10000_clean/ISIC2018/ISIC_0031293.jpg,5,5,0.02277655,0.04084505,0.11600892,0.01014872,0.10253407,0.69505674,0.012629943
/home/share/Uni_Eval/HAM10000_clean/ISIC2018/ISIC_0025809.jpg,5,5,0.0329144,0.053802107,0.12959263,0.012840536,0.17968152,0.57859915,0.012569653
/home/share/Uni_Eval/HAM10000_clean/ISIC2018/ISIC_0029296.jpg,5,5,0.019992016,0.04556352,0.06529854,0.008530464,0.14033106,0.7040322,0.016252162
/home/share/Uni_Eval/HAM10000_clean/ISIC2018/ISIC_0031646.jpg,5,5,0.028582774,0.045428764,0.13982378,0.011723173,0.078282565,0.68281776,0.013341243
/home/share/Uni_Eval/HAM10000_clean/ISIC2018/ISIC_0029986.jpg,5,5,0.049869124,0.08766543,0.118161425,0.017467435,0.23235641,0.47548795,0.018992301
/home/share/Uni_Eval/HAM10000_clean/ISIC2018/ISIC_0026501.jpg,5,5,0.035857815,0.10955871,0.123246066,0.018153613,0.10702887,0.5843119,0.02184311
/home/share/Uni_Eval/HAM10000_clean/ISIC2018/ISIC_0026006.jpg,5,5,0.04277645,0.1663559,0.120011635,0.018140348,0.100957096,0.52136594,0.030392637
/home/share/Uni_Eval/HAM10000_clean/ISIC2018/ISIC_0032364.jpg,5,5,0.016762443,0.015687944,0.09374815,0.006841817,0.11017152,0.74955827,0.007229767
/home/share/Uni_Eval/HAM10000_clean/ISIC2018/ISIC_0032078.jpg,5,5,0.040180948,0.07403485,0.18138498,0.01619983,0.13487239,0.536122,0.017205033
/home/share/Uni_Eval/HAM10000_clean/ISIC2018/ISIC_0027049.jpg,5,5,0.021031564,0.04123602,0.07588515,0.010518212,0.088536926,0.7486079,0.014184204
/home/share/Uni_Eval/HAM10000_clean/ISIC2018/ISIC_0028966.jpg,5,5,0.01461567,0.023763483,0.069583766,0.007942482,0.05389543,0.8219869,0.008212256
/home/share/Uni_Eval/HAM10000_clean/ISIC2018/ISIC_0032443.jpg,5,5,0.02932513,0.03874095,0.118550874,0.01185377,0.11740697,0.672308,0.011814253
/home/share/Uni_Eval/HAM10000_clean/ISIC2018/ISIC_0028527.jpg,5,5,0.04770739,0.056052994,0.21523438,0.015523782,0.21332037,0.4389831,0.013177985
/home/share/Uni_Eval/HAM10000_clean/ISIC2018/ISIC_0025863.jpg,5,5,0.0105622215,0.01256527,0.041707616,0.0051954,0.084364526,0.84004873,0.0055562444
/home/share/Uni_Eval/HAM10000_clean/ISIC2018/ISIC_0024387.jpg,5,5,0.021811415,0.037384786,0.0699637,0.009005132,0.08089311,0.7697902,0.011151789
/home/share/Uni_Eval/HAM10000_clean/ISIC2018/ISIC_0024924.jpg,5,5,0.018059017,0.030834978,0.075881794,0.009139528,0.17538528,0.68195117,0.008748299
/home/share/Uni_Eval/HAM10000_clean/ISIC2018/ISIC_0027099.jpg,5,5,0.026503397,0.046281856,0.13910608,0.013298822,0.22996141,0.5236848,0.021163639
/home/share/Uni_Eval/HAM10000_clean/ISIC2018/ISIC_0030125.jpg,5,5,0.02986374,0.06654731,0.07149367,0.013769576,0.10154092,0.69657385,0.020211
/home/share/Uni_Eval/HAM10000_clean/ISIC2018/ISIC_0026911.jpg,5,5,0.022851732,0.04090594,0.088967055,0.01047902,0.04880511,0.77582043,0.012170753
/home/share/Uni_Eval/HAM10000_clean/ISIC2018/ISIC_0030464.jpg,5,5,0.011750424,0.018080866,0.047543876,0.0065305876,0.061160684,0.8468612,0.008072317
/home/share/Uni_Eval/HAM10000_clean/ISIC2018/ISIC_0026781.jpg,5,5,0.021402132,0.028409747,0.0860504,0.009696189,0.08870033,0.7578179,0.007923238
/home/share/Uni_Eval/HAM10000_clean/ISIC2018/ISIC_0032309.jpg,5,5,0.030811848,0.048162863,0.14079161,0.012565342,0.075879015,0.67982656,0.011962744
/home/share/Uni_Eval/HAM10000_clean/ISIC2018/ISIC_0029194.jpg,5,5,0.017855255,0.05459546,0.04706185,0.009729325,0.05592769,0.79102546,0.023804912
/home/share/Uni_Eval/HAM10000_clean/ISIC2018/ISIC_0027034.jpg,5,5,0.0123092625,0.013285643,0.06037648,0.006180048,0.072103545,0.8275736,0.008171465
/home/share/Uni_Eval/HAM10000_clean/ISIC2018/ISIC_0025094.jpg,5,5,0.021370638,0.032646395,0.121190675,0.009532649,0.10715933,0.69605273,0.012047615
/home/share/Uni_Eval/HAM10000_clean/ISIC2018/ISIC_0031713.jpg,5,5,0.021193996,0.03195864,0.09784985,0.009778626,0.10609162,0.72378683,0.009340503
/home/share/Uni_Eval/HAM10000_clean/ISIC2018/ISIC_0027645.jpg,5,5,0.034191806,0.08376684,0.10956816,0.013378094,0.11058896,0.6321337,0.01637245
/home/share/Uni_Eval/HAM10000_clean/ISIC2018/ISIC_0030979.jpg,5,5,0.012878743,0.018966053,0.07237351,0.0067620445,0.06315384,0.8185536,0.007312144
/home/share/Uni_Eval/HAM10000_clean/ISIC2018/ISIC_0028831.jpg,5,5,0.015253081,0.019053703,0.06866872,0.0069840495,0.10777979,0.7749395,0.007321165
/home/share/Uni_Eval/HAM10000_clean/ISIC2018/ISIC_0030053.jpg,5,5,0.024710199,0.041336637,0.10692694,0.010236551,0.14384754,0.6613452,0.011596994
/home/share/Uni_Eval/HAM10000_clean/ISIC2018/ISIC_0025671.jpg,5,5,0.024162132,0.035378076,0.10269806,0.009961945,0.16349716,0.6518485,0.012454088
/home/share/Uni_Eval/HAM10000_clean/ISIC2018/ISIC_0026608.jpg,5,5,0.017273895,0.026442438,0.09142242,0.009187099,0.13254422,0.7129656,0.0101642655
/home/share/Uni_Eval/HAM10000_clean/ISIC2018/ISIC_0030334.jpg,5,5,0.016998164,0.02864258,0.07870455,0.00842901,0.109017946,0.74687934,0.011328451
/home/share/Uni_Eval/HAM10000_clean/ISIC2018/ISIC_0030473.jpg,5,5,0.011768715,0.01365728,0.053880025,0.006282657,0.07926392,0.828644,0.0065034986
/home/share/Uni_Eval/HAM10000_clean/ISIC2018/ISIC_0030350.jpg,5,5,0.03538574,0.08842201,0.11910619,0.01339237,0.09885551,0.61991906,0.024919096
/home/share/Uni_Eval/HAM10000_clean/ISIC2018/ISIC_0028823.jpg,5,5,0.030368539,0.114068925,0.099807434,0.014849281,0.06478055,0.6545827,0.021542657
/home/share/Uni_Eval/HAM10000_clean/ISIC2018/ISIC_0024317.jpg,5,5,0.010180208,0.011017533,0.050495427,0.0051976624,0.070034444,0.8484179,0.0046568294
/home/share/Uni_Eval/HAM10000_clean/ISIC2018/ISIC_0033356.jpg,5,5,0.015723845,0.02481413,0.059197064,0.007835074,0.06283234,0.8204618,0.009135697
/home/share/Uni_Eval/HAM10000_clean/ISIC2018/ISIC_0026544.jpg,5,5,0.05567967,0.08082495,0.16290715,0.01870871,0.0874843,0.57643634,0.017958857
/home/share/Uni_Eval/HAM10000_clean/ISIC2018/ISIC_0032470.jpg,5,5,0.0693249,0.09656751,0.22309504,0.0203468,0.09900725,0.47701758,0.014640903
/home/share/Uni_Eval/HAM10000_clean/ISIC2018/ISIC_0025049.jpg,5,5,0.029250175,0.053921502,0.115131795,0.011845392,0.24152002,0.5307286,0.017602565
/home/share/Uni_Eval/HAM10000_clean/ISIC2018/ISIC_0026432.jpg,5,5,0.0107199075,0.0165903,0.030098325,0.0051470962,0.09629202,0.83128375,0.009868623
/home/share/Uni_Eval/HAM10000_clean/ISIC2018/ISIC_0030462.jpg,5,5,0.018120296,0.022839932,0.08249839,0.0076630623,0.16458519,0.6939367,0.010356517
/home/share/Uni_Eval/HAM10000_clean/ISIC2018/ISIC_0032527.jpg,5,5,0.011341231,0.023421012,0.037322327,0.006450623,0.036900174,0.87202966,0.012534929
/home/share/Uni_Eval/HAM10000_clean/ISIC2018/ISIC_0033963.jpg,5,5,0.029458797,0.04267343,0.100536056,0.011462654,0.15318075,0.64874,0.0139483325
/home/share/Uni_Eval/HAM10000_clean/ISIC2018/ISIC_0032924.jpg,5,5,0.024849903,0.030664619,0.116532475,0.010199982,0.14118676,0.66783327,0.008733094
/home/share/Uni_Eval/HAM10000_clean/ISIC2018/ISIC_0030845.jpg,5,5,0.005235847,0.008726212,0.016792126,0.003386041,0.08366808,0.87607217,0.0061195516
/home/share/Uni_Eval/HAM10000_clean/ISIC2018/ISIC_0033561.jpg,5,5,0.017805068,0.036360968,0.06996652,0.008387585,0.119254276,0.73431927,0.013906308
/home/share/Uni_Eval/HAM10000_clean/ISIC2018/ISIC_0025619.jpg,5,5,0.02138003,0.046290625,0.08270388,0.010151493,0.2650582,0.54887116,0.02554465
/home/share/Uni_Eval/HAM10000_clean/ISIC2018/ISIC_0034290.jpg,5,5,0.029619746,0.067598976,0.10592619,0.014447113,0.17786656,0.5811233,0.023418168
/home/share/Uni_Eval/HAM10000_clean/ISIC2018/ISIC_0033165.jpg,5,5,0.026365984,0.053261336,0.08226551,0.01309922,0.1598893,0.6446027,0.02051596
/home/share/Uni_Eval/HAM10000_clean/ISIC2018/ISIC_0033767.jpg,5,5,0.021318594,0.047842275,0.07476676,0.010006258,0.06614358,0.76016164,0.019760877
/home/share/Uni_Eval/HAM10000_clean/ISIC2018/ISIC_0032590.jpg,5,5,0.019704757,0.047590606,0.036792044,0.009126658,0.0573406,0.7947063,0.034739085
/home/share/Uni_Eval/HAM10000_clean/ISIC2018/ISIC_0033549.jpg,5,5,0.0061159376,0.008529906,0.018242167,0.0035735236,0.03533115,0.92185515,0.0063521615
/home/share/Uni_Eval/HAM10000_clean/ISIC2018/ISIC_0032953.jpg,5,5,0.017549159,0.0495843,0.061078046,0.009363726,0.0758356,0.75935745,0.027231704
/home/share/Uni_Eval/HAM10000_clean/ISIC2018/ISIC_0031904.jpg,5,5,0.036456164,0.037618835,0.21870123,0.012331553,0.16989425,0.5160953,0.008902693
/home/share/Uni_Eval/HAM10000_clean/ISIC2018/ISIC_0033511.jpg,5,5,0.011509081,0.015141219,0.047237977,0.00570124,0.06640383,0.84704334,0.006963257
/home/share/Uni_Eval/HAM10000_clean/ISIC2018/ISIC_0025978.jpg,5,5,0.032410897,0.08712461,0.1591394,0.015248659,0.11905148,0.56548893,0.021535922
/home/share/Uni_Eval/HAM10000_clean/ISIC2018/ISIC_0027654.jpg,5,5,0.035836864,0.054827027,0.14992118,0.013759911,0.19303735,0.5168072,0.03581055
/home/share/Uni_Eval/HAM10000_clean/ISIC2018/ISIC_0025421.jpg,5,5,0.015946943,0.03325791,0.053602528,0.010198922,0.09754727,0.7700702,0.019376291
/home/share/Uni_Eval/HAM10000_clean/ISIC2018/ISIC_0024730.jpg,5,5,0.014236661,0.024795368,0.059136126,0.0078002834,0.09334765,0.7916946,0.008989303
/home/share/Uni_Eval/HAM10000_clean/ISIC2018/ISIC_0031988.jpg,5,5,0.02676576,0.04623485,0.13675594,0.012132627,0.14760363,0.61576915,0.014738113
/home/share/Uni_Eval/HAM10000_clean/ISIC2018/ISIC_0026084.jpg,5,5,0.06993331,0.12539777,0.19759183,0.019859226,0.18439452,0.38667855,0.016144805
/home/share/Uni_Eval/HAM10000_clean/ISIC2018/ISIC_0030085.jpg,5,5,0.023137236,0.05393167,0.12135416,0.011298713,0.23455547,0.53447086,0.02125195
/home/share/Uni_Eval/HAM10000_clean/ISIC2018/ISIC_0031757.jpg,5,5,0.011328963,0.016089544,0.06393295,0.005910766,0.17219909,0.7154153,0.0151233785
/home/share/Uni_Eval/HAM10000_clean/ISIC2018/ISIC_0025117.jpg,5,5,0.023596352,0.073793516,0.10006817,0.013804069,0.09681842,0.6620802,0.029839206
/home/share/Uni_Eval/HAM10000_clean/ISIC2018/ISIC_0032641.jpg,5,5,0.01929692,0.034406133,0.07739634,0.008934026,0.08462491,0.76417285,0.011168875
/home/share/Uni_Eval/HAM10000_clean/ISIC2018/ISIC_0032743.jpg,5,5,0.018350553,0.011414297,0.10358214,0.0063914345,0.19806856,0.65546674,0.0067263576
/home/share/Uni_Eval/HAM10000_clean/ISIC2018/ISIC_0033157.jpg,5,5,0.016741281,0.021478085,0.072275415,0.007030418,0.0749066,0.79969555,0.007872655
/home/share/Uni_Eval/HAM10000_clean/ISIC2018/ISIC_0032623.jpg,5,5,0.010561597,0.009871647,0.041270625,0.0047930838,0.089841016,0.83608776,0.007574259
/home/share/Uni_Eval/HAM10000_clean/ISIC2018/ISIC_0032595.jpg,5,5,0.018185133,0.02107775,0.063592725,0.00794094,0.108269595,0.7725089,0.008424998
/home/share/Uni_Eval/HAM10000_clean/ISIC2018/ISIC_0034281.jpg,5,5,0.03728844,0.07491723,0.10716756,0.015225588,0.14196977,0.60138637,0.022045093
/home/share/Uni_Eval/HAM10000_clean/ISIC2018/ISIC_0032957.jpg,5,5,0.010995652,0.016605748,0.0399449,0.0055481764,0.13568065,0.78045315,0.010771691
/home/share/Uni_Eval/HAM10000_clean/ISIC2018/ISIC_0033070.jpg,5,5,0.029452885,0.06631507,0.11937813,0.012937512,0.14063984,0.613446,0.01783048
/home/share/Uni_Eval/HAM10000_clean/ISIC2018/ISIC_0032742.jpg,5,5,0.021262467,0.036839142,0.09691309,0.010477343,0.11295607,0.710439,0.011112907
/home/share/Uni_Eval/HAM10000_clean/ISIC2018/ISIC_0034112.jpg,5,5,0.015809583,0.024772808,0.065811664,0.007963176,0.10241856,0.77518797,0.008036193
/home/share/Uni_Eval/HAM10000_clean/ISIC2018/ISIC_0033409.jpg,5,5,0.011413032,0.01864536,0.04807142,0.006191069,0.066542365,0.8386208,0.0105159925
/home/share/Uni_Eval/HAM10000_clean/ISIC2018/ISIC_0034184.jpg,5,5,0.026956012,0.040771876,0.117824785,0.01145034,0.07662195,0.71289676,0.013478328
/home/share/Uni_Eval/HAM10000_clean/ISIC2018/ISIC_0033471.jpg,5,5,0.029310446,0.040951602,0.12194005,0.011846232,0.17138106,0.61372274,0.010847907
/home/share/Uni_Eval/HAM10000_clean/ISIC2018/ISIC_0032568.jpg,5,5,0.02124379,0.03324741,0.10798104,0.010220518,0.04708366,0.77103215,0.00919143
/home/share/Uni_Eval/HAM10000_clean/ISIC2018/ISIC_0032516.jpg,5,5,0.02490879,0.05165015,0.08903469,0.010286274,0.13313994,0.6783217,0.012658546
/home/share/Uni_Eval/HAM10000_clean/ISIC2018/ISIC_0034102.jpg,5,5,0.02135866,0.037558746,0.09033195,0.0107326545,0.1320824,0.69087833,0.01705731
/home/share/Uni_Eval/HAM10000_clean/ISIC2018/ISIC_0033988.jpg,5,5,0.015869854,0.017251825,0.06785,0.0071848915,0.07643888,0.8104273,0.0049772942
/home/share/Uni_Eval/HAM10000_clean/ISIC2018/ISIC_0032859.jpg,5,5,0.024497615,0.03322176,0.11653066,0.010426414,0.08363033,0.72322845,0.008464772
/home/share/Uni_Eval/HAM10000_clean/ISIC2018/ISIC_0032728.jpg,5,5,0.010619644,0.022771461,0.041965637,0.0064637507,0.052556645,0.85698676,0.008636167
/home/share/Uni_Eval/HAM10000_clean/ISIC2018/ISIC_0032802.jpg,5,5,0.013219076,0.014656771,0.054627325,0.006559709,0.05671117,0.8467696,0.007456406
/home/share/Uni_Eval/HAM10000_clean/ISIC2018/ISIC_0033222.jpg,5,5,0.05183775,0.07055968,0.21875861,0.014628796,0.24146014,0.38672784,0.016027153
/home/share/Uni_Eval/HAM10000_clean/ISIC2018/ISIC_0032546.jpg,5,5,0.043608148,0.07883142,0.22322093,0.01494326,0.21527953,0.4067534,0.017363328
/home/share/Uni_Eval/HAM10000_clean/ISIC2018/ISIC_0032521.jpg,5,5,0.024612654,0.055805206,0.08287698,0.01232749,0.15608084,0.6407605,0.027536366
/home/share/Uni_Eval/HAM10000_clean/ISIC2018/ISIC_0033618.jpg,5,5,0.031338453,0.06254952,0.09238119,0.014931185,0.22659943,0.5447147,0.0274856
/home/share/Uni_Eval/HAM10000_clean/ISIC2018/ISIC_0033016.jpg,5,5,0.040417958,0.05507662,0.1556252,0.015822941,0.19955781,0.5181646,0.015334897
/home/share/Uni_Eval/HAM10000_clean/ISIC2018/ISIC_0032895.jpg,5,5,0.020392017,0.026682513,0.08831308,0.008739561,0.10388384,0.741034,0.01095503
/home/share/Uni_Eval/HAM10000_clean/ISIC2018/ISIC_0033237.jpg,5,5,0.023007967,0.047032867,0.10003918,0.010629752,0.13200317,0.6705629,0.016724112
/home/share/Uni_Eval/HAM10000_clean/ISIC2018/ISIC_0033373.jpg,5,5,0.032336466,0.07130961,0.14913695,0.015198532,0.16997752,0.5307324,0.03130852
/home/share/Uni_Eval/HAM10000_clean/ISIC2018/ISIC_0033411.jpg,5,5,0.039841108,0.0650294,0.19717366,0.014700498,0.12819055,0.54324794,0.011816839
/home/share/Uni_Eval/HAM10000_clean/ISIC2018/ISIC_0033824.jpg,5,5,0.015633373,0.030361237,0.09132471,0.009115782,0.11802784,0.7194423,0.016094731
/home/share/Uni_Eval/HAM10000_clean/ISIC2018/ISIC_0032838.jpg,5,5,0.01389539,0.023401907,0.057197288,0.0073952144,0.102834426,0.7851449,0.010130758
/home/share/Uni_Eval/HAM10000_clean/ISIC2018/ISIC_0034307.jpg,5,5,0.02485232,0.039481897,0.13191628,0.0105869435,0.08763358,0.6935014,0.01202756
/home/share/Uni_Eval/HAM10000_clean/ISIC2018/ISIC_0034137.jpg,5,5,0.017925467,0.020182375,0.0859709,0.0078166835,0.08200211,0.7793089,0.006793575
/home/share/Uni_Eval/HAM10000_clean/ISIC2018/ISIC_0033972.jpg,5,5,0.055749506,0.076406986,0.17706385,0.017911775,0.14920254,0.51228786,0.011377488
/home/share/Uni_Eval/HAM10000_clean/ISIC2018/ISIC_0033367.jpg,5,5,0.040382296,0.06398523,0.14553551,0.014879544,0.09242889,0.6290165,0.013771975
/home/share/Uni_Eval/HAM10000_clean/ISIC2018/ISIC_0033289.jpg,5,5,0.021123111,0.02576469,0.09063876,0.009114975,0.17208096,0.6741703,0.0071072276
/home/share/Uni_Eval/HAM10000_clean/ISIC2018/ISIC_0033283.jpg,5,5,0.029202191,0.04785225,0.14170511,0.012309994,0.18907884,0.56461036,0.015241249
/home/share/Uni_Eval/HAM10000_clean/ISIC2018/ISIC_0034179.jpg,5,5,0.012438949,0.01460946,0.05626923,0.005836446,0.07858124,0.82574046,0.0065242006
/home/share/Uni_Eval/HAM10000_clean/ISIC2018/ISIC_0033983.jpg,5,5,0.03274013,0.036259156,0.16966183,0.011833273,0.15793504,0.5782175,0.013353093
/home/share/Uni_Eval/HAM10000_clean/ISIC2018/ISIC_0032541.jpg,5,5,0.011297331,0.019161003,0.053841203,0.006175467,0.07099617,0.83075553,0.0077733807
/home/share/Uni_Eval/HAM10000_clean/ISIC2018/ISIC_0033961.jpg,5,5,0.0140307965,0.014590917,0.06326058,0.0064870506,0.10745206,0.7860407,0.0081377635
/home/share/Uni_Eval/HAM10000_clean/ISIC2018/ISIC_0033702.jpg,5,5,0.014194355,0.018305788,0.07334892,0.006933907,0.11401968,0.7629263,0.010271108
/home/share/Uni_Eval/HAM10000_clean/ISIC2018/ISIC_0032942.jpg,5,5,0.020769881,0.02409806,0.10431239,0.009446628,0.1346043,0.6984195,0.008349211
/home/share/Uni_Eval/HAM10000_clean/ISIC2018/ISIC_0034153.jpg,5,2,0.0542312,0.10734119,0.34876254,0.017549446,0.18183288,0.2622784,0.028004393
/home/share/Uni_Eval/HAM10000_clean/ISIC2018/ISIC_0032860.jpg,5,5,0.0518396,0.19486587,0.08100676,0.02464472,0.21081372,0.34877232,0.088057086
/home/share/Uni_Eval/HAM10000_clean/ISIC2018/ISIC_0034116.jpg,5,5,0.01757445,0.036566634,0.051435255,0.008822838,0.13035695,0.7435263,0.011717523
/home/share/Uni_Eval/HAM10000_clean/ISIC2018/ISIC_0034060.jpg,5,5,0.013459678,0.02129268,0.04678551,0.0071093943,0.042490512,0.86100584,0.007856462
/home/share/Uni_Eval/HAM10000_clean/ISIC2018/ISIC_0033213.jpg,5,5,0.032190852,0.05546573,0.11586117,0.013366082,0.13822752,0.62818795,0.016700797
/home/share/Uni_Eval/HAM10000_clean/ISIC2018/ISIC_0033897.jpg,5,5,0.01988774,0.037148334,0.054744676,0.009851813,0.09597979,0.76810193,0.014285721
/home/share/Uni_Eval/HAM10000_clean/ISIC2018/ISIC_0032908.jpg,5,5,0.043831587,0.06878347,0.18194987,0.016165493,0.14428394,0.5304254,0.014560234
/home/share/Uni_Eval/HAM10000_clean/ISIC2018/ISIC_0034203.jpg,5,5,0.0290196,0.06180471,0.053048935,0.012864812,0.05981646,0.7592919,0.024153661
/home/share/Uni_Eval/HAM10000_clean/ISIC2018/ISIC_0032746.jpg,5,5,0.03274884,0.048196293,0.13629927,0.01287541,0.11648708,0.6423522,0.011040872
/home/share/Uni_Eval/HAM10000_clean/ISIC2018/ISIC_0034121.jpg,5,5,0.023044687,0.0538925,0.08693495,0.012058317,0.07764747,0.7282513,0.018170783
/home/share/Uni_Eval/HAM10000_clean/ISIC2018/ISIC_0034240.jpg,5,5,0.018144695,0.018306071,0.059547264,0.0068524946,0.10272962,0.7862383,0.008181512
/home/share/Uni_Eval/HAM10000_clean/ISIC2018/ISIC_0032820.jpg,5,5,0.01303741,0.017252473,0.04426968,0.0064921454,0.10687367,0.8058363,0.0062382477
/home/share/Uni_Eval/HAM10000_clean/ISIC2018/ISIC_0034148.jpg,5,5,0.04579827,0.091936305,0.12896398,0.017448517,0.21938822,0.46718368,0.029281031
/home/share/Uni_Eval/HAM10000_clean/ISIC2018/ISIC_0033566.jpg,5,5,0.035361905,0.04149365,0.16917546,0.01252578,0.20539336,0.5195876,0.016462302
/home/share/Uni_Eval/HAM10000_clean/ISIC2018/ISIC_0033447.jpg,5,5,0.022458136,0.03957675,0.07363618,0.010702806,0.09394608,0.7433373,0.016342768
/home/share/Uni_Eval/HAM10000_clean/ISIC2018/ISIC_0033282.jpg,5,5,0.014926626,0.023349477,0.056015767,0.007703742,0.10531228,0.78331304,0.009379125
/home/share/Uni_Eval/HAM10000_clean/ISIC2018/ISIC_0034084.jpg,5,5,0.019384582,0.026846202,0.06902519,0.008783324,0.09180142,0.7716797,0.012479579
/home/share/Uni_Eval/HAM10000_clean/ISIC2018/ISIC_0034176.jpg,5,5,0.013905571,0.014071761,0.055658665,0.006004366,0.104136094,0.7961392,0.010084337
/home/share/Uni_Eval/HAM10000_clean/ISIC2018/ISIC_0033104.jpg,5,5,0.025804104,0.037816104,0.08849036,0.01122284,0.12851588,0.69706273,0.011087999
/home/share/Uni_Eval/HAM10000_clean/ISIC2018/ISIC_0034213.jpg,5,5,0.012855623,0.015625363,0.025152396,0.0054385746,0.11096835,0.82126373,0.00869595
/home/share/Uni_Eval/HAM10000_clean/ISIC2018/ISIC_0026279.jpg,5,5,0.020824363,0.039203897,0.07140376,0.00986288,0.15433839,0.69152534,0.012841392
/home/share/Uni_Eval/HAM10000_clean/ISIC2018/ISIC_0032601.jpg,5,5,0.0367925,0.068242215,0.11388204,0.012426515,0.19842993,0.54752564,0.022701165
/home/share/Uni_Eval/HAM10000_clean/ISIC2018/ISIC_0033940.jpg,5,5,0.019611718,0.022034286,0.07862351,0.007690602,0.0930556,0.7699467,0.00903757
/home/share/Uni_Eval/HAM10000_clean/ISIC2018/ISIC_0032649.jpg,5,5,0.008789378,0.01590002,0.035705004,0.005590104,0.059663568,0.8684511,0.005900794
/home/share/Uni_Eval/HAM10000_clean/ISIC2018/ISIC_0025769.jpg,5,5,0.0246472,0.043120943,0.08760505,0.010816284,0.049156472,0.77414554,0.010508417
/home/share/Uni_Eval/HAM10000_clean/ISIC2018/ISIC_0033978.jpg,5,5,0.027697084,0.037447635,0.1229958,0.011754388,0.102678165,0.6863762,0.011050675
/home/share/Uni_Eval/HAM10000_clean/ISIC2018/ISIC_0032819.jpg,5,5,0.025437078,0.031637143,0.09149099,0.010420532,0.07972169,0.75273985,0.008552739
/home/share/Uni_Eval/HAM10000_clean/ISIC2018/ISIC_0033552.jpg,5,5,0.020626659,0.027177755,0.10681229,0.008632935,0.170927,0.653556,0.012267341
/home/share/Uni_Eval/HAM10000_clean/ISIC2018/ISIC_0034310.jpg,5,5,0.021972807,0.02481896,0.119247526,0.008529603,0.17138657,0.64549404,0.008550488
/home/share/Uni_Eval/HAM10000_clean/ISIC2018/ISIC_0033083.jpg,5,5,0.017786877,0.024199726,0.061905928,0.00793508,0.110599585,0.76465255,0.012920165
/home/share/Uni_Eval/HAM10000_clean/ISIC2018/ISIC_0033244.jpg,5,5,0.066936255,0.1184331,0.30829018,0.019741174,0.11928241,0.35084563,0.016471222
/home/share/Uni_Eval/HAM10000_clean/ISIC2018/ISIC_0034004.jpg,5,5,0.051878385,0.19353482,0.17791837,0.022146184,0.11969975,0.3977521,0.037070382
/home/share/Uni_Eval/HAM10000_clean/ISIC2018/ISIC_0032737.jpg,5,5,0.022083579,0.049250953,0.09477391,0.010619139,0.1748993,0.6287997,0.019573411
/home/share/Uni_Eval/HAM10000_clean/ISIC2018/ISIC_0033010.jpg,5,5,0.011638566,0.010410922,0.047937073,0.0055891806,0.097197495,0.82134455,0.005882235
/home/share/Uni_Eval/HAM10000_clean/ISIC2018/ISIC_0034127.jpg,5,5,0.016896922,0.035948306,0.07182161,0.009371951,0.20434599,0.6461133,0.015501912
/home/share/Uni_Eval/HAM10000_clean/ISIC2018/ISIC_0032792.jpg,5,5,0.011245915,0.012105478,0.046086453,0.0052631036,0.08046148,0.8388828,0.005954668
/home/share/Uni_Eval/HAM10000_clean/ISIC2018/ISIC_0034187.jpg,5,5,0.05052307,0.059744157,0.25007197,0.016596096,0.16450696,0.4336534,0.024904365
/home/share/Uni_Eval/HAM10000_clean/ISIC2018/ISIC_0034251.jpg,5,5,0.01136772,0.017596342,0.03902896,0.005878219,0.119371615,0.7871562,0.01960096
/home/share/Uni_Eval/HAM10000_clean/ISIC2018/ISIC_0033673.jpg,5,5,0.022015052,0.02614927,0.10765862,0.009196579,0.13884382,0.6834214,0.012715337
/home/share/Uni_Eval/HAM10000_clean/ISIC2018/ISIC_0033932.jpg,5,5,0.013065084,0.017388854,0.055018615,0.007012634,0.118396774,0.7804425,0.008675545
/home/share/Uni_Eval/HAM10000_clean/ISIC2018/ISIC_0032593.jpg,5,5,0.012174719,0.018563705,0.041485574,0.006312292,0.0991185,0.80916476,0.013180379
/home/share/Uni_Eval/HAM10000_clean/ISIC2018/ISIC_0031290.jpg,5,5,0.00649987,0.0058900295,0.025479069,0.003370966,0.07064976,0.88249147,0.005618858
/home/share/Uni_Eval/HAM10000_clean/ISIC2018/ISIC_0033703.jpg,5,5,0.029225089,0.033728898,0.13909224,0.010916227,0.23725913,0.53697217,0.012806226
/home/share/Uni_Eval/HAM10000_clean/ISIC2018/ISIC_0033574.jpg,5,5,0.0241529,0.030221337,0.07640117,0.00958647,0.08036652,0.7687882,0.01048344
/home/share/Uni_Eval/HAM10000_clean/ISIC2018/ISIC_0032846.jpg,5,5,0.021302506,0.027231175,0.088268645,0.008447506,0.15983859,0.68631357,0.008598028
/home/share/Uni_Eval/HAM10000_clean/ISIC2018/ISIC_0033994.jpg,5,5,0.016337162,0.018546013,0.04563518,0.0068913503,0.059410125,0.8445472,0.00863303
/home/share/Uni_Eval/HAM10000_clean/ISIC2018/ISIC_0032760.jpg,5,5,0.014739623,0.02451084,0.057507925,0.0076711862,0.050489455,0.8365798,0.008501113
/home/share/Uni_Eval/HAM10000_clean/ISIC2018/ISIC_0034271.jpg,5,5,0.033253536,0.07077916,0.1041826,0.013672991,0.10635894,0.64461696,0.027135836
/home/share/Uni_Eval/HAM10000_clean/ISIC2018/ISIC_0032670.jpg,5,5,0.022063822,0.05272596,0.067861445,0.0102032395,0.07349932,0.752503,0.021143282
/home/share/Uni_Eval/HAM10000_clean/ISIC2018/ISIC_0033441.jpg,5,5,0.014764518,0.02329019,0.045430783,0.007350824,0.07764075,0.82202,0.009503002
/home/share/Uni_Eval/HAM10000_clean/ISIC2018/ISIC_0032663.jpg,5,5,0.017507697,0.020933097,0.076094754,0.007349088,0.1650494,0.70201737,0.011048582
/home/share/Uni_Eval/HAM10000_clean/ISIC2018/ISIC_0034272.jpg,5,5,0.026958682,0.05360881,0.07658981,0.0115540065,0.070265934,0.7469374,0.014085354
/home/share/Uni_Eval/HAM10000_clean/ISIC2018/ISIC_0032911.jpg,5,5,0.018337982,0.03164803,0.05267855,0.00940885,0.06757109,0.8077759,0.0125796255
/home/share/Uni_Eval/HAM10000_clean/ISIC2018/ISIC_0033926.jpg,5,5,0.014744938,0.014690063,0.07038324,0.0066804443,0.13347846,0.75331277,0.006710036
/home/share/Uni_Eval/HAM10000_clean/ISIC2018/ISIC_0033835.jpg,5,5,0.009246134,0.010921344,0.035251174,0.005069008,0.06369023,0.8693813,0.006440798
/home/share/Uni_Eval/HAM10000_clean/ISIC2018/ISIC_0033109.jpg,5,5,0.016087703,0.030385274,0.043956164,0.009181145,0.10523415,0.7773682,0.017787386
/home/share/Uni_Eval/HAM10000_clean/ISIC2018/ISIC_0033396.jpg,5,5,0.022323947,0.02484946,0.06671441,0.008713791,0.13742532,0.73060644,0.009366699
/home/share/Uni_Eval/HAM10000_clean/ISIC2018/ISIC_0032752.jpg,5,5,0.019521728,0.018730441,0.1058803,0.0083573265,0.08382282,0.7567639,0.006923512
/home/share/Uni_Eval/HAM10000_clean/ISIC2018/ISIC_0032539.jpg,5,5,0.017042335,0.015258379,0.07370998,0.0070392764,0.11764318,0.76142347,0.007883318
/home/share/Uni_Eval/HAM10000_clean/ISIC2018/ISIC_0033329.jpg,5,5,0.017258294,0.022868264,0.07178173,0.0077749756,0.105625965,0.7665376,0.008153232
/home/share/Uni_Eval/HAM10000_clean/ISIC2018/ISIC_0034181.jpg,5,5,0.01108026,0.017393429,0.048399452,0.0059353737,0.06810634,0.8379784,0.011106779
/home/share/Uni_Eval/HAM10000_clean/ISIC2018/ISIC_0033197.jpg,5,5,0.024623105,0.030368479,0.112314075,0.009566276,0.16724035,0.644896,0.010991721
/home/share/Uni_Eval/HAM10000_clean/ISIC2018/ISIC_0034171.jpg,5,5,0.009339411,0.013217517,0.03758835,0.005271689,0.09027557,0.8365987,0.007708703
/home/share/Uni_Eval/HAM10000_clean/ISIC2018/ISIC_0032952.jpg,5,5,0.010842253,0.009211311,0.03751342,0.005042441,0.09788629,0.82961756,0.009886833
/home/share/Uni_Eval/HAM10000_clean/ISIC2018/ISIC_0033250.jpg,5,5,0.019287704,0.043630883,0.06660989,0.011363894,0.13353387,0.7087606,0.016813075
/home/share/Uni_Eval/HAM10000_clean/ISIC2018/ISIC_0032720.jpg,5,5,0.012267762,0.024748754,0.04355233,0.0072730053,0.064117394,0.8359331,0.012107633
/home/share/Uni_Eval/HAM10000_clean/ISIC2018/ISIC_0033153.jpg,5,5,0.0139566185,0.015885742,0.04585843,0.007298928,0.055235613,0.85417145,0.007593239
/home/share/Uni_Eval/HAM10000_clean/ISIC2018/ISIC_0033757.jpg,5,5,0.014189992,0.014922867,0.07201017,0.0064179404,0.15770513,0.724008,0.010745896
/home/share/Uni_Eval/HAM10000_clean/ISIC2018/ISIC_0030626.jpg,5,5,0.024431804,0.029254891,0.12210431,0.009115972,0.15904629,0.6493597,0.006686966
/home/share/Uni_Eval/HAM10000_clean/ISIC2018/ISIC_0031163.jpg,5,5,0.016550487,0.019344306,0.099079505,0.0068137744,0.15275267,0.6991739,0.0062852874
/home/share/Uni_Eval/HAM10000_clean/ISIC2018/ISIC_0029775.jpg,5,5,0.015872197,0.028863637,0.06891703,0.008464573,0.121569365,0.7410011,0.015312075
/home/share/Uni_Eval/HAM10000_clean/ISIC2018/ISIC_0031411.jpg,5,5,0.010839568,0.008446103,0.04684994,0.004954842,0.10200543,0.8222303,0.0046738596
/home/share/Uni_Eval/HAM10000_clean/ISIC2018/ISIC_0026427.jpg,5,5,0.027609097,0.04378556,0.11842401,0.010805381,0.17751804,0.6087355,0.013122355
/home/share/Uni_Eval/HAM10000_clean/ISIC2018/ISIC_0024608.jpg,5,5,0.033868246,0.039238792,0.1548381,0.011797023,0.30087942,0.44698915,0.012389287
/home/share/Uni_Eval/HAM10000_clean/ISIC2018/ISIC_0028734.jpg,5,5,0.022524554,0.031117808,0.10943095,0.009488197,0.18738979,0.62908757,0.010961169
/home/share/Uni_Eval/HAM10000_clean/ISIC2018/ISIC_0026125.jpg,5,5,0.02044094,0.023958413,0.090677746,0.00868361,0.18024637,0.66760856,0.008384363
/home/share/Uni_Eval/HAM10000_clean/ISIC2018/ISIC_0025618.jpg,5,5,0.043306623,0.06752099,0.24999377,0.014968513,0.12668061,0.47332215,0.024207326
/home/share/Uni_Eval/HAM10000_clean/ISIC2018/ISIC_0031796.jpg,5,5,0.021351524,0.018608816,0.08902845,0.008634052,0.11404364,0.7415281,0.0068053836
/home/share/Uni_Eval/HAM10000_clean/ISIC2018/ISIC_0030232.jpg,5,5,0.04192876,0.04830892,0.1662898,0.013846866,0.15302007,0.5665861,0.010019586
/home/share/Uni_Eval/HAM10000_clean/ISIC2018/ISIC_0024682.jpg,5,4,0.051515575,0.08810115,0.22499286,0.016019385,0.3164741,0.28889385,0.014003051
/home/share/Uni_Eval/HAM10000_clean/ISIC2018/ISIC_0026141.jpg,5,5,0.026815845,0.040369764,0.10715301,0.0110611515,0.17811628,0.6231483,0.013335666
/home/share/Uni_Eval/HAM10000_clean/ISIC2018/ISIC_0030841.jpg,5,5,0.031470526,0.03339041,0.13823684,0.010972194,0.3155454,0.4593226,0.011062024
/home/share/Uni_Eval/HAM10000_clean/ISIC2018/ISIC_0030074.jpg,5,5,0.01176596,0.013814729,0.03992842,0.0052999356,0.05732703,0.86756414,0.004299676
/home/share/Uni_Eval/HAM10000_clean/ISIC2018/ISIC_0025734.jpg,5,2,0.09251287,0.11233708,0.3116686,0.017526427,0.26228958,0.18265611,0.021009265
/home/share/Uni_Eval/HAM10000_clean/ISIC2018/ISIC_0027942.jpg,5,5,0.020077666,0.021647375,0.08700002,0.008240143,0.21358399,0.6397466,0.00970415
/home/share/Uni_Eval/HAM10000_clean/ISIC2018/ISIC_0026419.jpg,5,5,0.025303736,0.050273065,0.118907474,0.012640163,0.12712054,0.6465629,0.019192178
/home/share/Uni_Eval/HAM10000_clean/ISIC2018/ISIC_0028894.jpg,5,5,0.036613505,0.037912138,0.1386953,0.01324117,0.21649905,0.5435689,0.013469876
/home/share/Uni_Eval/HAM10000_clean/ISIC2018/ISIC_0032260.jpg,5,5,0.028215654,0.03488463,0.09929576,0.010821649,0.14448188,0.67271215,0.009588268
/home/share/Uni_Eval/HAM10000_clean/ISIC2018/ISIC_0024936.jpg,5,5,0.020224048,0.022210395,0.094307445,0.008318991,0.18530872,0.65964127,0.009989128
/home/share/Uni_Eval/HAM10000_clean/ISIC2018/ISIC_0025043.jpg,5,5,0.057576176,0.119095296,0.20327057,0.020116081,0.15346108,0.42502165,0.021459157
/home/share/Uni_Eval/HAM10000_clean/ISIC2018/ISIC_0025227.jpg,5,5,0.022049943,0.020122476,0.060717206,0.007325275,0.18246235,0.6986621,0.008660708
/home/share/Uni_Eval/HAM10000_clean/ISIC2018/ISIC_0029499.jpg,5,5,0.063305065,0.08321804,0.19900393,0.016390968,0.11454053,0.50681317,0.016728288
/home/share/Uni_Eval/HAM10000_clean/ISIC2018/ISIC_0024658.jpg,5,5,0.02264152,0.021138096,0.098019965,0.008594478,0.15430848,0.6876421,0.0076552555
/home/share/Uni_Eval/HAM10000_clean/ISIC2018/ISIC_0029027.jpg,5,5,0.010009697,0.008984947,0.04493043,0.004749496,0.08351228,0.842721,0.005092276
/home/share/Uni_Eval/HAM10000_clean/ISIC2018/ISIC_0025782.jpg,5,4,0.040057752,0.04755139,0.10720876,0.011588922,0.4264625,0.355521,0.011609755
/home/share/Uni_Eval/HAM10000_clean/ISIC2018/ISIC_0031308.jpg,5,2,0.091184445,0.07182733,0.40035328,0.016126256,0.18087386,0.20372255,0.035912275
/home/share/Uni_Eval/HAM10000_clean/ISIC2018/ISIC_0028981.jpg,5,2,0.08675972,0.068906814,0.3874945,0.01575721,0.17008297,0.2432619,0.027736926
/home/share/Uni_Eval/HAM10000_clean/ISIC2018/ISIC_0031194.jpg,5,5,0.025757032,0.048126113,0.09064827,0.011991082,0.14244816,0.66285557,0.01817385
/home/share/Uni_Eval/HAM10000_clean/ISIC2018/ISIC_0029667.jpg,5,5,0.019734979,0.025281249,0.059670392,0.007723134,0.122708134,0.75252044,0.012361693
/home/share/Uni_Eval/HAM10000_clean/ISIC2018/ISIC_0027574.jpg,5,5,0.022231113,0.032925464,0.0825769,0.010089783,0.11771826,0.7213247,0.013133762
/home/share/Uni_Eval/HAM10000_clean/ISIC2018/ISIC_0025945.jpg,5,5,0.013167423,0.014360297,0.044554677,0.00582353,0.08657403,0.8285225,0.0069975825
/home/share/Uni_Eval/HAM10000_clean/ISIC2018/ISIC_0031149.jpg,5,5,0.011680993,0.013243767,0.039238863,0.005222349,0.09668938,0.82700527,0.006919435
/home/share/Uni_Eval/HAM10000_clean/ISIC2018/ISIC_0027208.jpg,5,5,0.012402345,0.011452139,0.054622363,0.00555378,0.10132341,0.8098787,0.004767249
/home/share/Uni_Eval/HAM10000_clean/ISIC2018/ISIC_0029504.jpg,5,5,0.015522029,0.015309471,0.06387595,0.006713534,0.118479796,0.7740743,0.0060248924
/home/share/Uni_Eval/HAM10000_clean/ISIC2018/ISIC_0026106.jpg,5,5,0.030931344,0.033113398,0.15885161,0.0113161225,0.13341345,0.6227695,0.009604698
/home/share/Uni_Eval/HAM10000_clean/ISIC2018/ISIC_0032227.jpg,5,5,0.023798533,0.024958631,0.09182584,0.008344912,0.16136053,0.6813934,0.00831819
/home/share/Uni_Eval/HAM10000_clean/ISIC2018/ISIC_0024394.jpg,5,5,0.028220288,0.025916936,0.12690316,0.009830985,0.14108156,0.6604691,0.0075779217
/home/share/Uni_Eval/HAM10000_clean/ISIC2018/ISIC_0032165.jpg,5,5,0.014658023,0.020093286,0.062087134,0.0065048644,0.18109007,0.70665616,0.008910441
/home/share/Uni_Eval/HAM10000_clean/ISIC2018/ISIC_0024834.jpg,5,5,0.014507619,0.018689781,0.059831534,0.0064757275,0.15846501,0.73391473,0.008115634
/home/share/Uni_Eval/HAM10000_clean/ISIC2018/ISIC_0027596.jpg,5,5,0.014869344,0.03139018,0.037162874,0.0075757937,0.05826294,0.8385844,0.012154504
/home/share/Uni_Eval/HAM10000_clean/ISIC2018/ISIC_0031204.jpg,5,5,0.05686005,0.06820929,0.21333307,0.0152822565,0.20709324,0.4240831,0.015138989
/home/share/Uni_Eval/HAM10000_clean/ISIC2018/ISIC_0031857.jpg,5,5,0.046632487,0.06233291,0.19435285,0.014888955,0.18675543,0.4814407,0.0135966595
/home/share/Uni_Eval/HAM10000_clean/ISIC2018/ISIC_0028706.jpg,5,5,0.016519982,0.026987517,0.10414983,0.010735461,0.085741445,0.7329946,0.022871135
/home/share/Uni_Eval/HAM10000_clean/ISIC2018/ISIC_0027364.jpg,5,5,0.024234528,0.026690416,0.10408421,0.009271373,0.11124206,0.71687776,0.007599673
/home/share/Uni_Eval/HAM10000_clean/ISIC2018/ISIC_0031756.jpg,5,5,0.049721207,0.10476748,0.1836025,0.021933543,0.15123937,0.4702207,0.018515272
/home/share/Uni_Eval/HAM10000_clean/ISIC2018/ISIC_0030397.jpg,5,5,0.01920988,0.02127498,0.0723459,0.00785641,0.08813047,0.78291965,0.008262759
/home/share/Uni_Eval/HAM10000_clean/ISIC2018/ISIC_0031405.jpg,5,5,0.02054818,0.021928968,0.065100804,0.008882312,0.08093895,0.79607314,0.006527665
/home/share/Uni_Eval/HAM10000_clean/ISIC2018/ISIC_0031092.jpg,5,5,0.012285914,0.013480259,0.04251741,0.00639407,0.049504478,0.86964494,0.0061729485
/home/share/Uni_Eval/HAM10000_clean/ISIC2018/ISIC_0027390.jpg,5,5,0.016549578,0.013895376,0.044249136,0.006776074,0.079562865,0.8325233,0.006443547
/home/share/Uni_Eval/HAM10000_clean/ISIC2018/ISIC_0028757.jpg,5,5,0.03328555,0.036945894,0.11615012,0.010134693,0.1440124,0.65086037,0.008610925
/home/share/Uni_Eval/HAM10000_clean/ISIC2018/ISIC_0027978.jpg,5,5,0.051427387,0.10092648,0.12701558,0.015943978,0.18324058,0.4911576,0.030288436
/home/share/Uni_Eval/HAM10000_clean/ISIC2018/ISIC_0025562.jpg,5,5,0.026484512,0.054126438,0.06050461,0.011734478,0.16028285,0.6559401,0.030926995
/home/share/Uni_Eval/HAM10000_clean/ISIC2018/ISIC_0028598.jpg,5,5,0.011996009,0.019666897,0.04539598,0.006314683,0.060596317,0.8476918,0.008338343
/home/share/Uni_Eval/HAM10000_clean/ISIC2018/ISIC_0026759.jpg,5,5,0.014038286,0.016024351,0.046865016,0.006217964,0.092251785,0.8158112,0.008791439
/home/share/Uni_Eval/HAM10000_clean/ISIC2018/ISIC_0032015.jpg,5,5,0.018391166,0.016634092,0.093037516,0.0069718827,0.12198631,0.73578054,0.0071985293
/home/share/Uni_Eval/HAM10000_clean/ISIC2018/ISIC_0031285.jpg,5,5,0.02168682,0.029801818,0.091441825,0.0095276795,0.15566571,0.68045425,0.011421913
/home/share/Uni_Eval/HAM10000_clean/ISIC2018/ISIC_0028304.jpg,5,5,0.018344905,0.017139547,0.08022177,0.007663511,0.14325258,0.7271284,0.006249293
/home/share/Uni_Eval/HAM10000_clean/ISIC2018/ISIC_0024862.jpg,5,5,0.041985437,0.045696426,0.20762902,0.012234583,0.18613316,0.4945944,0.011727005
/home/share/Uni_Eval/HAM10000_clean/ISIC2018/ISIC_0028715.jpg,5,5,0.024315823,0.040071648,0.07470919,0.0105321305,0.10048918,0.7353318,0.014550283
/home/share/Uni_Eval/HAM10000_clean/ISIC2018/ISIC_0032136.jpg,5,5,0.029447509,0.04035578,0.090041146,0.011024684,0.13010657,0.6865558,0.01246849
/home/share/Uni_Eval/HAM10000_clean/ISIC2018/ISIC_0030592.jpg,5,5,0.008950694,0.009633674,0.03613631,0.0045255907,0.092060484,0.8421416,0.0065516224
/home/share/Uni_Eval/HAM10000_clean/ISIC2018/ISIC_0024841.jpg,5,5,0.03441236,0.03508557,0.16570269,0.0106311105,0.22224535,0.51886463,0.013058229
/home/share/Uni_Eval/HAM10000_clean/ISIC2018/ISIC_0029457.jpg,5,5,0.016924791,0.02006157,0.08526837,0.006746303,0.12671037,0.7319643,0.012324293
/home/share/Uni_Eval/HAM10000_clean/ISIC2018/ISIC_0031126.jpg,5,5,0.035441976,0.05971579,0.106126755,0.013304683,0.09033283,0.6824987,0.012579293
/home/share/Uni_Eval/HAM10000_clean/ISIC2018/ISIC_0025506.jpg,5,5,0.033626,0.045448624,0.11683802,0.011862176,0.15694755,0.6251809,0.010096727
/home/share/Uni_Eval/HAM10000_clean/ISIC2018/ISIC_0030914.jpg,5,5,0.02975607,0.032133706,0.12526202,0.009969495,0.08326715,0.7102543,0.0093571795
/home/share/Uni_Eval/HAM10000_clean/ISIC2018/ISIC_0028408.jpg,5,5,0.020517437,0.023499418,0.058392454,0.008295188,0.09551899,0.782875,0.010901563
/home/share/Uni_Eval/HAM10000_clean/ISIC2018/ISIC_0028998.jpg,5,5,0.016234515,0.021183291,0.071297824,0.007785172,0.043686025,0.8319344,0.007878737
/home/share/Uni_Eval/HAM10000_clean/ISIC2018/ISIC_0025118.jpg,5,5,0.01529789,0.019080589,0.061515085,0.006625116,0.110588364,0.7771576,0.009735347
/home/share/Uni_Eval/HAM10000_clean/ISIC2018/ISIC_0025563.jpg,5,5,0.035795446,0.08055097,0.12947859,0.013840996,0.09392971,0.6335611,0.012843302
/home/share/Uni_Eval/HAM10000_clean/ISIC2018/ISIC_0024790.jpg,5,5,0.011435899,0.011573902,0.04377505,0.005197298,0.075310245,0.8466041,0.006103527
/home/share/Uni_Eval/HAM10000_clean/ISIC2018/ISIC_0025225.jpg,5,5,0.014623039,0.016390413,0.0603329,0.0066631343,0.08218999,0.8136868,0.0061136805
/home/share/Uni_Eval/HAM10000_clean/ISIC2018/ISIC_0025926.jpg,5,5,0.05498431,0.103317335,0.12805595,0.018205918,0.1578831,0.5102382,0.027315259
/home/share/Uni_Eval/HAM10000_clean/ISIC2018/ISIC_0026741.jpg,5,5,0.009546677,0.010524881,0.041478783,0.0049298625,0.087236084,0.8400715,0.006212211
/home/share/Uni_Eval/HAM10000_clean/ISIC2018/ISIC_0031117.jpg,5,5,0.013680474,0.0176176,0.049078267,0.006792642,0.12575363,0.77673244,0.010344829
/home/share/Uni_Eval/HAM10000_clean/ISIC2018/ISIC_0027471.jpg,5,5,0.018912409,0.024016986,0.1124867,0.008325425,0.083148114,0.74107766,0.012032732
/home/share/Uni_Eval/HAM10000_clean/ISIC2018/ISIC_0029109.jpg,5,5,0.019533977,0.019732617,0.079150856,0.0075374404,0.10620498,0.75973517,0.008104988
/home/share/Uni_Eval/HAM10000_clean/ISIC2018/ISIC_0026654.jpg,5,5,0.048978172,0.046458837,0.21393359,0.01285164,0.19016142,0.47707853,0.010537796
/home/share/Uni_Eval/HAM10000_clean/ISIC2018/ISIC_0026921.jpg,5,5,0.032344878,0.037560385,0.102962054,0.011621608,0.20670414,0.5967186,0.012088312
/home/share/Uni_Eval/HAM10000_clean/ISIC2018/ISIC_0031942.jpg,5,5,0.010118254,0.009781434,0.035050783,0.0047146105,0.06660937,0.86959434,0.0041312287
/home/share/Uni_Eval/HAM10000_clean/ISIC2018/ISIC_0026712.jpg,5,5,0.018964877,0.02959376,0.061756194,0.008834302,0.11724403,0.7492043,0.014402607
/home/share/Uni_Eval/HAM10000_clean/ISIC2018/ISIC_0028983.jpg,5,5,0.0316018,0.03744732,0.13057305,0.0105128335,0.15398596,0.6259598,0.00991911
/home/share/Uni_Eval/HAM10000_clean/ISIC2018/ISIC_0028744.jpg,5,5,0.029544087,0.039347578,0.09886694,0.011486709,0.13037068,0.680565,0.009818986
/home/share/Uni_Eval/HAM10000_clean/ISIC2018/ISIC_0026588.jpg,5,5,0.028232377,0.04249165,0.11306848,0.010679798,0.11782127,0.67336255,0.0143438745
/home/share/Uni_Eval/HAM10000_clean/ISIC2018/ISIC_0028364.jpg,5,5,0.035879992,0.044687178,0.14156292,0.0118720485,0.17502972,0.58180606,0.009162015
/home/share/Uni_Eval/HAM10000_clean/ISIC2018/ISIC_0027490.jpg,5,5,0.041625906,0.046833087,0.20432597,0.014625082,0.18297522,0.49744794,0.01216678
/home/share/Uni_Eval/HAM10000_clean/ISIC2018/ISIC_0030082.jpg,5,5,0.0072527756,0.0087624155,0.025613986,0.004037638,0.103197515,0.84302783,0.008107875
/home/share/Uni_Eval/HAM10000_clean/ISIC2018/ISIC_0026974.jpg,5,5,0.018719226,0.0231197,0.084595606,0.0074866507,0.12601314,0.73323584,0.0068298047
/home/share/Uni_Eval/HAM10000_clean/ISIC2018/ISIC_0026097.jpg,5,5,0.029871242,0.0398162,0.10230068,0.012018557,0.18501732,0.61645555,0.014520497
/home/share/Uni_Eval/HAM10000_clean/ISIC2018/ISIC_0027883.jpg,5,5,0.023258137,0.023133334,0.07847519,0.008889051,0.08818482,0.7697904,0.008269017
/home/share/Uni_Eval/HAM10000_clean/ISIC2018/ISIC_0031700.jpg,5,5,0.036813226,0.037520085,0.16511875,0.011230393,0.0891929,0.6503048,0.009819895
/home/share/Uni_Eval/HAM10000_clean/ISIC2018/ISIC_0030209.jpg,5,5,0.0073438054,0.0080387695,0.025250169,0.0039052253,0.07010345,0.8805893,0.004769329
/home/share/Uni_Eval/HAM10000_clean/ISIC2018/ISIC_0027073.jpg,5,5,0.044879436,0.062476095,0.19970109,0.015336889,0.12157465,0.54084665,0.015185207
/home/share/Uni_Eval/HAM10000_clean/ISIC2018/ISIC_0030219.jpg,5,5,0.024200361,0.026702369,0.07903038,0.008729191,0.16821982,0.68414444,0.008973413
/home/share/Uni_Eval/HAM10000_clean/ISIC2018/ISIC_0025476.jpg,5,5,0.0356888,0.048567902,0.15364851,0.012579468,0.14344881,0.5931015,0.012965039
/home/share/Uni_Eval/HAM10000_clean/ISIC2018/ISIC_0024476.jpg,5,5,0.04131681,0.05435091,0.15456691,0.012979677,0.21210252,0.51328033,0.0114028035
/home/share/Uni_Eval/HAM10000_clean/ISIC2018/ISIC_0026560.jpg,5,5,0.013863143,0.019710328,0.05926355,0.006655704,0.12363582,0.7656338,0.011237587
/home/share/Uni_Eval/HAM10000_clean/ISIC2018/ISIC_0032281.jpg,5,5,0.029312998,0.0509052,0.08758285,0.012206611,0.17312855,0.6320643,0.0147995325
/home/share/Uni_Eval/HAM10000_clean/ISIC2018/ISIC_0030425.jpg,5,5,0.034758165,0.03248447,0.14869301,0.010720607,0.107893065,0.65729916,0.008151421
/home/share/Uni_Eval/HAM10000_clean/ISIC2018/ISIC_0028130.jpg,5,5,0.024978371,0.03032306,0.099813215,0.0096101705,0.13911134,0.6876459,0.008517903
/home/share/Uni_Eval/HAM10000_clean/ISIC2018/ISIC_0026359.jpg,5,5,0.037665896,0.047032204,0.15512489,0.01230331,0.12926388,0.6096175,0.008992339
/home/share/Uni_Eval/HAM10000_clean/ISIC2018/ISIC_0030444.jpg,5,5,0.01535914,0.014279763,0.06160307,0.006184916,0.14925392,0.74498427,0.008334914
/home/share/Uni_Eval/HAM10000_clean/ISIC2018/ISIC_0032292.jpg,5,5,0.02624577,0.04056092,0.08615693,0.011449041,0.14141008,0.6790264,0.015150801
/home/share/Uni_Eval/HAM10000_clean/ISIC2018/ISIC_0032107.jpg,5,5,0.011722069,0.009388268,0.048731968,0.005323142,0.12649406,0.7925508,0.005789755
/home/share/Uni_Eval/HAM10000_clean/ISIC2018/ISIC_0030253.jpg,5,5,0.015377072,0.020982668,0.05948815,0.0072052605,0.10092219,0.7882313,0.00779339
/home/share/Uni_Eval/HAM10000_clean/ISIC2018/ISIC_0030340.jpg,5,5,0.026541613,0.033952113,0.097465575,0.009147611,0.1435458,0.6734363,0.015910953
/home/share/Uni_Eval/HAM10000_clean/ISIC2018/ISIC_0028580.jpg,5,5,0.01818592,0.025224783,0.09026985,0.008422689,0.103909835,0.74321353,0.010773408
/home/share/Uni_Eval/HAM10000_clean/ISIC2018/ISIC_0026922.jpg,5,5,0.015152383,0.020078659,0.0821326,0.0073544416,0.07647225,0.7899576,0.008852139
/home/share/Uni_Eval/HAM10000_clean/ISIC2018/ISIC_0026964.jpg,5,5,0.056516584,0.07461082,0.18464871,0.018192679,0.07221975,0.57881343,0.014998083
/home/share/Uni_Eval/HAM10000_clean/ISIC2018/ISIC_0028905.jpg,5,5,0.018972829,0.03636843,0.066726714,0.00896272,0.1515202,0.69873565,0.018713487
/home/share/Uni_Eval/HAM10000_clean/ISIC2018/ISIC_0032327.jpg,5,5,0.026653966,0.017864723,0.18308899,0.0075954273,0.14596358,0.6059161,0.01291725
/home/share/Uni_Eval/HAM10000_clean/ISIC2018/ISIC_0025310.jpg,5,5,0.020692877,0.024259685,0.08107629,0.008081182,0.17213014,0.68573576,0.008024046
/home/share/Uni_Eval/HAM10000_clean/ISIC2018/ISIC_0032423.jpg,5,5,0.025845261,0.031635314,0.09453305,0.009831532,0.18609035,0.6400149,0.012049544
/home/share/Uni_Eval/HAM10000_clean/ISIC2018/ISIC_0030873.jpg,5,5,0.062017187,0.06310205,0.24313222,0.014384822,0.17230329,0.42679048,0.018269997
/home/share/Uni_Eval/HAM10000_clean/ISIC2018/ISIC_0024363.jpg,5,5,0.018686196,0.022125196,0.07026307,0.008503755,0.07229244,0.798167,0.0099624265
/home/share/Uni_Eval/HAM10000_clean/ISIC2018/ISIC_0025169.jpg,5,5,0.021691455,0.029933894,0.08026218,0.008933197,0.07509206,0.77570856,0.008378611
/home/share/Uni_Eval/HAM10000_clean/ISIC2018/ISIC_0030008.jpg,5,5,0.03598848,0.056012694,0.19883615,0.013273665,0.13603094,0.5475745,0.012283564
/home/share/Uni_Eval/HAM10000_clean/ISIC2018/ISIC_0031583.jpg,5,5,0.017097855,0.032724738,0.08141694,0.008103987,0.10672899,0.74322844,0.010699105
/home/share/Uni_Eval/HAM10000_clean/ISIC2018/ISIC_0025533.jpg,5,5,0.010729429,0.0147482455,0.04705923,0.0050471043,0.05946747,0.85591716,0.0070314235
/home/share/Uni_Eval/HAM10000_clean/ISIC2018/ISIC_0028183.jpg,5,5,0.015746774,0.0213643,0.054649018,0.007844479,0.097267106,0.7921347,0.010993711
/home/share/Uni_Eval/HAM10000_clean/ISIC2018/ISIC_0026658.jpg,5,5,0.021678582,0.025613489,0.11322851,0.008937472,0.10480457,0.71713036,0.008607016
/home/share/Uni_Eval/HAM10000_clean/ISIC2018/ISIC_0032195.jpg,5,5,0.015281273,0.019647472,0.07236522,0.0069212746,0.14065981,0.7362935,0.008831469
/home/share/Uni_Eval/HAM10000_clean/ISIC2018/ISIC_0027066.jpg,5,5,0.033153668,0.027822876,0.10016553,0.00900187,0.19955605,0.62091017,0.009389803
/home/share/Uni_Eval/HAM10000_clean/ISIC2018/ISIC_0024680.jpg,5,5,0.012877234,0.015139383,0.061074413,0.0054907086,0.09983381,0.7931275,0.012456905
/home/share/Uni_Eval/HAM10000_clean/ISIC2018/ISIC_0027091.jpg,5,5,0.016189096,0.018685937,0.08686089,0.0074959383,0.090237565,0.77277476,0.007755814
/home/share/Uni_Eval/HAM10000_clean/ISIC2018/ISIC_0024497.jpg,5,5,0.032478545,0.035014976,0.1297971,0.0104046315,0.18013057,0.58953285,0.02264132
/home/share/Uni_Eval/HAM10000_clean/ISIC2018/ISIC_0031960.jpg,5,5,0.013791671,0.018196044,0.039424997,0.0066031916,0.049073424,0.86547446,0.007436278
/home/share/Uni_Eval/HAM10000_clean/ISIC2018/ISIC_0029554.jpg,5,5,0.06834787,0.087309815,0.24267589,0.017808858,0.17074193,0.3986534,0.014462336
/home/share/Uni_Eval/HAM10000_clean/ISIC2018/ISIC_0024578.jpg,5,5,0.017490195,0.023828842,0.049715366,0.007771656,0.056562267,0.8364976,0.008134068
/home/share/Uni_Eval/HAM10000_clean/ISIC2018/ISIC_0027036.jpg,5,5,0.01165682,0.012853606,0.047331,0.0052479254,0.07537398,0.84012425,0.0074124476
/home/share/Uni_Eval/HAM10000_clean/ISIC2018/ISIC_0026023.jpg,5,5,0.026600525,0.063162394,0.10829132,0.011239802,0.11056609,0.6619302,0.018209735
/home/share/Uni_Eval/HAM10000_clean/ISIC2018/ISIC_0025936.jpg,5,5,0.008052779,0.006931055,0.031238932,0.003942071,0.088461064,0.85646343,0.004910579
/home/share/Uni_Eval/HAM10000_clean/ISIC2018/ISIC_0026216.jpg,5,5,0.021741528,0.034266092,0.087190606,0.00885623,0.112332344,0.7237115,0.011901704
/home/share/Uni_Eval/HAM10000_clean/ISIC2018/ISIC_0028987.jpg,5,5,0.030486738,0.04210146,0.11968161,0.012088757,0.18320337,0.6014484,0.010989659
/home/share/Uni_Eval/HAM10000_clean/ISIC2018/ISIC_0029075.jpg,5,5,0.021781491,0.017922428,0.105482765,0.0069895554,0.12343198,0.7174413,0.006950484
/home/share/Uni_Eval/HAM10000_clean/ISIC2018/ISIC_0030451.jpg,5,5,0.03684112,0.048081856,0.17779991,0.012429061,0.2673536,0.4449938,0.012500695
/home/share/Uni_Eval/HAM10000_clean/ISIC2018/ISIC_0027137.jpg,5,5,0.016543355,0.0221348,0.08919164,0.0077327257,0.11575297,0.7412356,0.0074088043
/home/share/Uni_Eval/HAM10000_clean/ISIC2018/ISIC_0030833.jpg,5,5,0.027319122,0.032758765,0.1316354,0.010188054,0.17925897,0.6064895,0.012350191
/home/share/Uni_Eval/HAM10000_clean/ISIC2018/ISIC_0030635.jpg,5,5,0.06265203,0.10426081,0.25176212,0.017933069,0.052902717,0.48968577,0.020803507
/home/share/Uni_Eval/HAM10000_clean/ISIC2018/ISIC_0031991.jpg,5,5,0.037788734,0.045207284,0.18044385,0.013591742,0.10513918,0.6072016,0.0106276255
/home/share/Uni_Eval/HAM10000_clean/ISIC2018/ISIC_0029470.jpg,5,5,0.01021701,0.0102073,0.041572783,0.004887146,0.0905923,0.83655083,0.005972632
/home/share/Uni_Eval/HAM10000_clean/ISIC2018/ISIC_0026488.jpg,5,5,0.033665508,0.053245846,0.14262892,0.012556271,0.16537733,0.5771483,0.015377862
/home/share/Uni_Eval/HAM10000_clean/ISIC2018/ISIC_0027098.jpg,5,5,0.033271853,0.03278978,0.1551096,0.01039862,0.17738092,0.58159,0.009459242
/home/share/Uni_Eval/HAM10000_clean/ISIC2018/ISIC_0025571.jpg,5,5,0.017713938,0.019143937,0.101768315,0.007364142,0.0654192,0.78212345,0.0064669466
/home/share/Uni_Eval/HAM10000_clean/ISIC2018/ISIC_0024466.jpg,5,5,0.05388579,0.07728046,0.1966062,0.017695602,0.102512315,0.53344876,0.018570796
/home/share/Uni_Eval/HAM10000_clean/ISIC2018/ISIC_0025892.jpg,5,5,0.015627008,0.019570658,0.07675399,0.0070571573,0.11091821,0.76212436,0.007948651
/home/share/Uni_Eval/HAM10000_clean/ISIC2018/ISIC_0025488.jpg,5,5,0.01500783,0.024488049,0.0437827,0.0071403985,0.052441336,0.8475379,0.009601888
/home/share/Uni_Eval/HAM10000_clean/ISIC2018/ISIC_0027997.jpg,5,5,0.04809583,0.10910314,0.18154106,0.01674949,0.20253643,0.42257017,0.019403787
/home/share/Uni_Eval/HAM10000_clean/ISIC2018/ISIC_0027578.jpg,5,5,0.028899387,0.02599949,0.13812105,0.009577717,0.21747904,0.56908303,0.010840293
/home/share/Uni_Eval/HAM10000_clean/ISIC2018/ISIC_0027475.jpg,5,5,0.018106092,0.024798704,0.09014426,0.008644247,0.07064678,0.78030694,0.0073529193
/home/share/Uni_Eval/HAM10000_clean/ISIC2018/ISIC_0031304.jpg,5,5,0.06028555,0.084414296,0.2459422,0.016338984,0.21571139,0.3636308,0.013676731
/home/share/Uni_Eval/HAM10000_clean/ISIC2018/ISIC_0028809.jpg,5,5,0.03217442,0.0653667,0.15405098,0.012688373,0.096735194,0.62031746,0.018666876
/home/share/Uni_Eval/HAM10000_clean/ISIC2018/ISIC_0028464.jpg,5,5,0.024242703,0.03778081,0.12216941,0.010530251,0.082488574,0.71193177,0.010856418
/home/share/Uni_Eval/HAM10000_clean/ISIC2018/ISIC_0027798.jpg,5,5,0.010074452,0.011013445,0.04626846,0.00504099,0.08762899,0.83450073,0.0054729823
/home/share/Uni_Eval/HAM10000_clean/ISIC2018/ISIC_0024916.jpg,5,5,0.02244389,0.043826513,0.06923884,0.011980895,0.085497454,0.7340228,0.032989636
/home/share/Uni_Eval/HAM10000_clean/ISIC2018/ISIC_0030839.jpg,5,5,0.034723517,0.051781267,0.13700937,0.012742081,0.153607,0.5995694,0.01056739
/home/share/Uni_Eval/HAM10000_clean/ISIC2018/ISIC_0030593.jpg,5,5,0.011134055,0.008832543,0.052085616,0.0042830817,0.11610718,0.8027306,0.004826877
/home/share/Uni_Eval/HAM10000_clean/ISIC2018/ISIC_0030847.jpg,5,5,0.05611219,0.09037877,0.22374025,0.016181238,0.2135848,0.38161767,0.018385183
/home/share/Uni_Eval/HAM10000_clean/ISIC2018/ISIC_0029560.jpg,5,5,0.014321066,0.017781764,0.04305134,0.006553636,0.08583557,0.82556355,0.006893073
/home/share/Uni_Eval/HAM10000_clean/ISIC2018/ISIC_0027849.jpg,5,5,0.026947247,0.036505878,0.09949209,0.011113451,0.119200975,0.6962623,0.010478094
/home/share/Uni_Eval/HAM10000_clean/ISIC2018/ISIC_0025681.jpg,5,5,0.03655057,0.040717024,0.15560877,0.012311205,0.13601638,0.60960305,0.0091929715
/home/share/Uni_Eval/HAM10000_clean/ISIC2018/ISIC_0030912.jpg,5,5,0.025394663,0.059036255,0.07907776,0.011011363,0.10073697,0.70091546,0.023827497
/home/share/Uni_Eval/HAM10000_clean/ISIC2018/ISIC_0027783.jpg,5,5,0.025765426,0.036820415,0.106384054,0.010130062,0.1229518,0.68527615,0.01267217
/home/share/Uni_Eval/HAM10000_clean/ISIC2018/ISIC_0026991.jpg,5,5,0.01700058,0.035766583,0.06987566,0.008978013,0.06903427,0.781779,0.017565994
/home/share/Uni_Eval/HAM10000_clean/ISIC2018/ISIC_0025065.jpg,5,5,0.023007996,0.040698968,0.10834397,0.009723654,0.11960704,0.6846758,0.013942526
/home/share/Uni_Eval/HAM10000_clean/ISIC2018/ISIC_0026333.jpg,5,5,0.007872905,0.010644272,0.035847604,0.0044025904,0.048584253,0.8863073,0.006341039
/home/share/Uni_Eval/HAM10000_clean/ISIC2018/ISIC_0028477.jpg,5,5,0.013841013,0.028271552,0.053485744,0.0070563154,0.040762663,0.8465012,0.010081564
/home/share/Uni_Eval/HAM10000_clean/ISIC2018/ISIC_0026603.jpg,5,5,0.01748735,0.033230398,0.07041198,0.008779392,0.077792704,0.78227216,0.010026079
/home/share/Uni_Eval/HAM10000_clean/ISIC2018/ISIC_0025323.jpg,5,5,0.00913804,0.01343438,0.031095862,0.0050093797,0.05180702,0.8816492,0.007866083
/home/share/Uni_Eval/HAM10000_clean/ISIC2018/ISIC_0024857.jpg,5,5,0.035133976,0.06699885,0.17751612,0.014934652,0.073822744,0.60560143,0.025992256
/home/share/Uni_Eval/HAM10000_clean/ISIC2018/ISIC_0026295.jpg,5,5,0.02073383,0.041851666,0.081385985,0.011265071,0.086659655,0.7432243,0.0148795415
/home/share/Uni_Eval/HAM10000_clean/ISIC2018/ISIC_0030485.jpg,5,5,0.023484435,0.019216476,0.10275425,0.007076196,0.1258265,0.7097208,0.011921322
/home/share/Uni_Eval/HAM10000_clean/ISIC2018/ISIC_0029055.jpg,5,5,0.026437687,0.059115954,0.1036092,0.0111169545,0.09221486,0.68932474,0.018180605
/home/share/Uni_Eval/HAM10000_clean/ISIC2018/ISIC_0028067.jpg,5,5,0.0075227697,0.010909674,0.022051845,0.0042887456,0.047522996,0.9011016,0.0066024465
/home/share/Uni_Eval/HAM10000_clean/ISIC2018/ISIC_0030977.jpg,5,5,0.039727326,0.06125832,0.14984699,0.014198963,0.18672988,0.53727585,0.010962662
/home/share/Uni_Eval/HAM10000_clean/ISIC2018/ISIC_0024821.jpg,5,5,0.031666573,0.07030315,0.13440634,0.012721393,0.10004936,0.6338826,0.016970672
/home/share/Uni_Eval/HAM10000_clean/ISIC2018/ISIC_0029759.jpg,5,5,0.02521367,0.086218245,0.044024557,0.011066982,0.08498408,0.72328043,0.025212005
/home/share/Uni_Eval/HAM10000_clean/ISIC2018/ISIC_0030348.jpg,5,5,0.056093518,0.14982693,0.19034675,0.019366188,0.12773098,0.42731053,0.029325169
/home/share/Uni_Eval/HAM10000_clean/ISIC2018/ISIC_0024617.jpg,5,5,0.022688815,0.023426976,0.12637323,0.008576364,0.16260803,0.6466125,0.00971398
/home/share/Uni_Eval/HAM10000_clean/ISIC2018/ISIC_0026942.jpg,5,5,0.01625421,0.019772893,0.08930076,0.007975056,0.058312185,0.8002705,0.008114388
/home/share/Uni_Eval/HAM10000_clean/ISIC2018/ISIC_0030710.jpg,5,5,0.021095393,0.030070396,0.08424795,0.0100625185,0.08310713,0.76376194,0.0076547624
/home/share/Uni_Eval/HAM10000_clean/ISIC2018/ISIC_0030963.jpg,5,5,0.008966336,0.0103149945,0.040360585,0.00484818,0.051170565,0.8793437,0.004995677
/home/share/Uni_Eval/HAM10000_clean/ISIC2018/ISIC_0030890.jpg,5,5,0.017285204,0.040293608,0.054914724,0.009187788,0.06783049,0.79657125,0.013916927
/home/share/Uni_Eval/HAM10000_clean/ISIC2018/ISIC_0031896.jpg,5,5,0.012372032,0.018300204,0.0612256,0.0066730874,0.09083381,0.80170155,0.008893755
/home/share/Uni_Eval/HAM10000_clean/ISIC2018/ISIC_0025956.jpg,5,5,0.026555024,0.020278165,0.1517021,0.008097906,0.27303106,0.51032394,0.010011797
/home/share/Uni_Eval/HAM10000_clean/ISIC2018/ISIC_0025860.jpg,5,5,0.052943133,0.1014469,0.20583405,0.016168123,0.06633502,0.5325692,0.024703516
/home/share/Uni_Eval/HAM10000_clean/ISIC2018/ISIC_0025473.jpg,5,5,0.039530225,0.07113081,0.21607873,0.013742374,0.0759054,0.56623924,0.017373223
/home/share/Uni_Eval/HAM10000_clean/ISIC2018/ISIC_0024540.jpg,5,5,0.013056778,0.020672468,0.061445955,0.006805791,0.08569918,0.8020257,0.010294163
/home/share/Uni_Eval/HAM10000_clean/ISIC2018/ISIC_0032020.jpg,5,5,0.015049603,0.023101222,0.08159634,0.008585342,0.12949716,0.7302417,0.011928601
/home/share/Uni_Eval/HAM10000_clean/ISIC2018/ISIC_0028632.jpg,5,5,0.0492214,0.058616534,0.20374858,0.01678148,0.12418852,0.53757393,0.009869548
/home/share/Uni_Eval/HAM10000_clean/ISIC2018/ISIC_0029537.jpg,5,5,0.02641535,0.024503786,0.19917707,0.008412472,0.03660231,0.694024,0.010864964
/home/share/Uni_Eval/HAM10000_clean/ISIC2018/ISIC_0027431.jpg,5,5,0.020703126,0.031393975,0.10143435,0.010002713,0.06741057,0.7572813,0.011773931
/home/share/Uni_Eval/HAM10000_clean/ISIC2018/ISIC_0031395.jpg,5,5,0.036880128,0.047825962,0.14472207,0.012281198,0.24457297,0.503123,0.010594706
/home/share/Uni_Eval/HAM10000_clean/ISIC2018/ISIC_0025897.jpg,5,5,0.022196088,0.031892795,0.078340895,0.009651454,0.12185048,0.7268464,0.009221874
/home/share/Uni_Eval/HAM10000_clean/ISIC2018/ISIC_0033537.jpg,5,5,0.02648606,0.03213424,0.13152282,0.01102199,0.13231964,0.655813,0.01070229
/home/share/Uni_Eval/HAM10000_clean/ISIC2018/ISIC_0032682.jpg,5,5,0.043756276,0.07464556,0.15375644,0.015917255,0.10810022,0.5874265,0.01639779
/home/share/Uni_Eval/HAM10000_clean/ISIC2018/ISIC_0032616.jpg,5,5,0.023806721,0.039666224,0.09789778,0.0113717485,0.0798614,0.7326028,0.014793323
/home/share/Uni_Eval/HAM10000_clean/ISIC2018/ISIC_0033139.jpg,5,5,0.05110374,0.0515919,0.2655145,0.015147407,0.08671414,0.5189756,0.010952745
/home/share/Uni_Eval/HAM10000_clean/ISIC2018/ISIC_0033418.jpg,5,5,0.016537065,0.020020613,0.084132634,0.007990953,0.079752885,0.78388274,0.00768312
/home/share/Uni_Eval/HAM10000_clean/ISIC2018/ISIC_0033364.jpg,5,5,0.044029336,0.04475847,0.296602,0.013823202,0.08448561,0.50451636,0.011784975
/home/share/Uni_Eval/HAM10000_clean/ISIC2018/ISIC_0034098.jpg,5,5,0.024185007,0.031784084,0.06787238,0.009376267,0.103298835,0.7525109,0.010972436
/home/share/Uni_Eval/HAM10000_clean/ISIC2018/ISIC_0033040.jpg,5,5,0.022059305,0.023926085,0.07255815,0.008912969,0.098537505,0.76617503,0.007831002
/home/share/Uni_Eval/HAM10000_clean/ISIC2018/ISIC_0032868.jpg,5,5,0.021515472,0.02302532,0.1063591,0.008854397,0.06683773,0.76655316,0.006854788
/home/share/Uni_Eval/HAM10000_clean/ISIC2018/ISIC_0034018.jpg,5,5,0.013395719,0.021581564,0.05474243,0.0066668787,0.05532897,0.84123313,0.0070512705
/home/share/Uni_Eval/HAM10000_clean/ISIC2018/ISIC_0033464.jpg,5,5,0.012548571,0.012629799,0.06747505,0.0063130623,0.090501145,0.80458236,0.00594999
/home/share/Uni_Eval/HAM10000_clean/ISIC2018/ISIC_0033970.jpg,5,5,0.023242561,0.03527268,0.093617395,0.009144671,0.1502864,0.67792624,0.01051015
/home/share/Uni_Eval/HAM10000_clean/ISIC2018/ISIC_0033896.jpg,5,5,0.022809777,0.028753191,0.07182596,0.009682856,0.109937094,0.74886984,0.008121311
/home/share/Uni_Eval/HAM10000_clean/ISIC2018/ISIC_0032402.jpg,5,5,0.017961483,0.028634068,0.057562675,0.008218716,0.049408335,0.82849395,0.009720693
/home/share/Uni_Eval/HAM10000_clean/ISIC2018/ISIC_0034309.jpg,5,5,0.018633062,0.01943136,0.04326809,0.008184832,0.05858168,0.8434621,0.008438752
/home/share/Uni_Eval/HAM10000_clean/ISIC2018/ISIC_0033043.jpg,5,5,0.020827293,0.02968323,0.05802635,0.010080422,0.09741745,0.7728405,0.01112478
/home/share/Uni_Eval/HAM10000_clean/ISIC2018/ISIC_0032562.jpg,5,5,0.014626908,0.014413794,0.07024618,0.006686376,0.0922732,0.7961894,0.0055641634
/home/share/Uni_Eval/HAM10000_clean/ISIC2018/ISIC_0033421.jpg,5,5,0.016039783,0.020409495,0.0622324,0.0074462914,0.120405994,0.7641783,0.009287755
/home/share/Uni_Eval/HAM10000_clean/ISIC2018/ISIC_0033467.jpg,5,5,0.012370549,0.012970971,0.056467373,0.0060454486,0.10018118,0.8058231,0.006141324
/home/share/Uni_Eval/HAM10000_clean/ISIC2018/ISIC_0032996.jpg,5,5,0.02125826,0.029708494,0.06930705,0.009648459,0.09433307,0.7654596,0.010285076
/home/share/Uni_Eval/HAM10000_clean/ISIC2018/ISIC_0033623.jpg,5,5,0.0136493435,0.014961142,0.04441495,0.0061185122,0.084374055,0.82921904,0.0072628753
/home/share/Uni_Eval/HAM10000_clean/ISIC2018/ISIC_0033383.jpg,5,5,0.017671337,0.020177765,0.058618445,0.0075565493,0.11980234,0.76751566,0.008657887
/home/share/Uni_Eval/HAM10000_clean/ISIC2018/ISIC_0032634.jpg,5,5,0.02621366,0.026633628,0.123172514,0.0098037915,0.11510619,0.6894725,0.009597771
/home/share/Uni_Eval/HAM10000_clean/ISIC2018/ISIC_0033751.jpg,5,5,0.024267979,0.03418205,0.07083406,0.00997355,0.04241645,0.80681854,0.011507386
/home/share/Uni_Eval/HAM10000_clean/ISIC2018/ISIC_0033065.jpg,5,5,0.008813399,0.013771607,0.029504344,0.0050136647,0.035060573,0.8997952,0.008041204
/home/share/Uni_Eval/HAM10000_clean/ISIC2018/ISIC_0033353.jpg,5,5,0.030198952,0.05853343,0.12012307,0.014053563,0.08068291,0.6803044,0.01610365
/home/share/Uni_Eval/HAM10000_clean/ISIC2018/ISIC_0034019.jpg,5,5,0.010935095,0.015374889,0.033832572,0.0053270045,0.046311878,0.8834696,0.004748974
/home/share/Uni_Eval/HAM10000_clean/ISIC2018/ISIC_0034154.jpg,5,5,0.017107865,0.034377396,0.048127595,0.008377153,0.09987442,0.77710664,0.015028909
/home/share/Uni_Eval/HAM10000_clean/ISIC2018/ISIC_0033597.jpg,5,5,0.030748498,0.042158563,0.12531643,0.010439307,0.04114707,0.73680526,0.01338483
/home/share/Uni_Eval/HAM10000_clean/ISIC2018/ISIC_0033330.jpg,5,5,0.022772335,0.03528,0.1022101,0.009337653,0.10602891,0.7106636,0.013707403
/home/share/Uni_Eval/HAM10000_clean/ISIC2018/ISIC_0033982.jpg,5,5,0.014309836,0.0212088,0.06688288,0.0072081294,0.05826343,0.8243122,0.00781481
/home/share/Uni_Eval/HAM10000_clean/ISIC2018/ISIC_0027265.jpg,5,5,0.01618707,0.020662308,0.05907253,0.0074282456,0.08963538,0.79951584,0.0074986103
/home/share/Uni_Eval/HAM10000_clean/ISIC2018/ISIC_0030038.jpg,5,5,0.026724081,0.047558166,0.12067815,0.012375878,0.1230153,0.65759736,0.012051129
/home/share/Uni_Eval/HAM10000_clean/ISIC2018/ISIC_0027345.jpg,5,5,0.059205953,0.15379256,0.15230194,0.017677683,0.22412391,0.36957854,0.023319421
/home/share/Uni_Eval/HAM10000_clean/ISIC2018/ISIC_0031299.jpg,5,5,0.0173072,0.031193655,0.051418737,0.008506871,0.07510031,0.80586225,0.010610937
/home/share/Uni_Eval/HAM10000_clean/ISIC2018/ISIC_0029915.jpg,0,5,0.057949014,0.10013601,0.1570339,0.02142173,0.13299862,0.50783944,0.02262124
/home/share/Uni_Eval/HAM10000_clean/ISIC2018/ISIC_0033456.jpg,0,5,0.091867484,0.10599403,0.26804295,0.021493183,0.22863361,0.26934752,0.014621243
/home/share/Uni_Eval/HAM10000_clean/ISIC2018/ISIC_0031191.jpg,0,5,0.029433228,0.058383137,0.090908095,0.013171218,0.35841784,0.4184507,0.031235762
/home/share/Uni_Eval/HAM10000_clean/ISIC2018/ISIC_0025948.jpg,0,5,0.08078947,0.1109643,0.22675353,0.018286001,0.21526952,0.30994645,0.037990738
/home/share/Uni_Eval/HAM10000_clean/ISIC2018/ISIC_0030803.jpg,0,5,0.082203865,0.09582461,0.22395845,0.020667603,0.1167402,0.44578147,0.014823848
/home/share/Uni_Eval/HAM10000_clean/ISIC2018/ISIC_0025069.jpg,0,5,0.03523865,0.05657431,0.12219641,0.013460808,0.2937542,0.4663874,0.012388111
/home/share/Uni_Eval/HAM10000_clean/ISIC2018/ISIC_0028232.jpg,0,2,0.13745,0.20333967,0.25729537,0.02535934,0.15811718,0.19066778,0.027770672
/home/share/Uni_Eval/HAM10000_clean/ISIC2018/ISIC_0029067.jpg,0,5,0.060632475,0.09502158,0.21224988,0.018627126,0.17466632,0.4246649,0.014137776
/home/share/Uni_Eval/HAM10000_clean/ISIC2018/ISIC_0025539.jpg,0,5,0.046276204,0.09367539,0.1549715,0.017592337,0.26661375,0.3941314,0.026739419
/home/share/Uni_Eval/HAM10000_clean/ISIC2018/ISIC_0030191.jpg,0,5,0.042134237,0.055991776,0.16148238,0.014193038,0.1323206,0.58281535,0.011062598
/home/share/Uni_Eval/HAM10000_clean/ISIC2018/ISIC_0031043.jpg,0,5,0.06975006,0.07541709,0.23569018,0.015639642,0.24272569,0.34656674,0.01421059
/home/share/Uni_Eval/HAM10000_clean/ISIC2018/ISIC_0032455.jpg,0,4,0.075433046,0.15621383,0.20703666,0.026090277,0.25402316,0.22915353,0.0520495
/home/share/Uni_Eval/HAM10000_clean/ISIC2018/ISIC_0027896.jpg,0,2,0.10188501,0.13194567,0.38893476,0.022178171,0.08959727,0.24527277,0.02018635
/home/share/Uni_Eval/HAM10000_clean/ISIC2018/ISIC_0031044.jpg,0,5,0.0820896,0.09680832,0.18494816,0.01979158,0.164716,0.4339322,0.017714126
/home/share/Uni_Eval/HAM10000_clean/ISIC2018/ISIC_0031012.jpg,0,5,0.06943694,0.09165671,0.15076275,0.018807804,0.16137321,0.49005303,0.017909586
/home/share/Uni_Eval/HAM10000_clean/ISIC2018/ISIC_0029533.jpg,0,5,0.07578523,0.102217205,0.21598762,0.019046066,0.18617389,0.38358325,0.017206738
/home/share/Uni_Eval/HAM10000_clean/ISIC2018/ISIC_0026992.jpg,0,4,0.105641946,0.2184021,0.19683926,0.027252914,0.22963016,0.19412735,0.028106283
/home/share/Uni_Eval/HAM10000_clean/ISIC2018/ISIC_0025825.jpg,0,2,0.07806573,0.05233672,0.42275402,0.015066701,0.10364715,0.3161439,0.011985849
/home/share/Uni_Eval/HAM10000_clean/ISIC2018/ISIC_0026645.jpg,0,4,0.096115805,0.19068429,0.23299931,0.023513049,0.24122086,0.19347624,0.021990387
/home/share/Uni_Eval/HAM10000_clean/ISIC2018/ISIC_0029811.jpg,0,1,0.12211719,0.24583893,0.1384654,0.031360943,0.18741874,0.24445578,0.030343015
/home/share/Uni_Eval/HAM10000_clean/ISIC2018/ISIC_0027178.jpg,0,5,0.07250246,0.0897413,0.22389874,0.018494293,0.10989578,0.4688663,0.016601121
/home/share/Uni_Eval/HAM10000_clean/ISIC2018/ISIC_0028872.jpg,0,5,0.046652768,0.059027962,0.18528514,0.016045058,0.12865236,0.5530774,0.011259312
/home/share/Uni_Eval/HAM10000_clean/ISIC2018/ISIC_0031292.jpg,0,5,0.1041832,0.168894,0.26645732,0.025644895,0.13496733,0.28123066,0.018622635
/home/share/Uni_Eval/HAM10000_clean/ISIC2018/ISIC_0033494.jpg,0,2,0.084038965,0.19482501,0.25558737,0.024544332,0.20857194,0.2097252,0.022707213
/home/share/Uni_Eval/HAM10000_clean/ISIC2018/ISIC_0026014.jpg,0,2,0.109471165,0.1563498,0.36550817,0.022194417,0.1693954,0.15784933,0.019231703
/home/share/Uni_Eval/HAM10000_clean/ISIC2018/ISIC_0026549.jpg,0,5,0.08357318,0.14027493,0.24448003,0.020298446,0.21780154,0.27458942,0.018982463
/home/share/Uni_Eval/HAM10000_clean/ISIC2018/ISIC_0030387.jpg,0,5,0.04467199,0.09515571,0.12062967,0.01759144,0.08504012,0.6196082,0.017302824
/home/share/Uni_Eval/HAM10000_clean/ISIC2018/ISIC_0029573.jpg,0,5,0.083683915,0.16186193,0.22215943,0.022665627,0.07753537,0.40510276,0.02699097
/home/share/Uni_Eval/HAM10000_clean/ISIC2018/ISIC_0029268.jpg,0,5,0.035888057,0.039990094,0.15003441,0.01196318,0.10603512,0.6481303,0.007958758
/home/share/Uni_Eval/HAM10000_clean/ISIC2018/ISIC_0029598.jpg,0,5,0.07010915,0.15713349,0.22418682,0.02229281,0.11376184,0.38577762,0.026738275
/home/share/Uni_Eval/HAM10000_clean/ISIC2018/ISIC_0029781.jpg,0,2,0.11496202,0.12307037,0.27892697,0.02188697,0.17756014,0.2659183,0.017675262
/home/share/Uni_Eval/HAM10000_clean/ISIC2018/ISIC_0025247.jpg,0,5,0.05908563,0.07036961,0.26067278,0.015884016,0.10538327,0.4717186,0.016886007
/home/share/Uni_Eval/HAM10000_clean/ISIC2018/ISIC_0028499.jpg,0,2,0.0804051,0.10314609,0.35659972,0.01819161,0.113216676,0.31686732,0.0115735065
/home/share/Uni_Eval/HAM10000_clean/ISIC2018/ISIC_0030591.jpg,0,5,0.059908275,0.07557197,0.14206208,0.017561251,0.13400616,0.5556723,0.0152179515
/home/share/Uni_Eval/HAM10000_clean/ISIC2018/ISIC_0029638.jpg,0,5,0.04114682,0.043660115,0.13672377,0.013031393,0.13728772,0.6183955,0.009754722
/home/share/Uni_Eval/HAM10000_clean/ISIC2018/ISIC_0026132.jpg,0,2,0.069610246,0.09352768,0.33588004,0.015917515,0.16243416,0.305467,0.01716328
/home/share/Uni_Eval/HAM10000_clean/ISIC2018/ISIC_0024763.jpg,0,5,0.059419945,0.052478913,0.20028742,0.014620094,0.13976729,0.52086157,0.0125648305
/home/share/Uni_Eval/HAM10000_clean/ISIC2018/ISIC_0028076.jpg,0,2,0.10412033,0.19228393,0.28397015,0.02327528,0.1775584,0.19732666,0.02146519
/home/share/Uni_Eval/HAM10000_clean/ISIC2018/ISIC_0025957.jpg,0,5,0.042700715,0.049862698,0.1326732,0.013682902,0.22029822,0.52992606,0.010856258
/home/share/Uni_Eval/HAM10000_clean/ISIC2018/ISIC_0031927.jpg,0,5,0.063576356,0.08094521,0.23389243,0.017513108,0.15298325,0.4349356,0.016154023
/home/share/Uni_Eval/HAM10000_clean/ISIC2018/ISIC_0025264.jpg,0,5,0.032115273,0.044778034,0.113123186,0.012074027,0.21835852,0.56441617,0.015134832
/home/share/Uni_Eval/HAM10000_clean/ISIC2018/ISIC_0026457.jpg,0,2,0.10139253,0.12564075,0.37845814,0.020209685,0.17492115,0.18642867,0.012949082
/home/share/Uni_Eval/HAM10000_clean/ISIC2018/ISIC_0028763.jpg,0,5,0.04663731,0.05552091,0.13322675,0.014376987,0.10750641,0.62966424,0.013067425
/home/share/Uni_Eval/HAM10000_clean/ISIC2018/ISIC_0025780.jpg,0,5,0.069399625,0.099926546,0.19814041,0.020251656,0.087776266,0.5059539,0.018551538
/home/share/Uni_Eval/HAM10000_clean/ISIC2018/ISIC_0027452.jpg,0,5,0.041128978,0.0488278,0.15618517,0.013860074,0.14651957,0.58342856,0.0100499
/home/share/Uni_Eval/HAM10000_clean/ISIC2018/ISIC_0027884.jpg,0,5,0.09767508,0.11381918,0.26508668,0.023309192,0.0895327,0.3915885,0.018988684
/home/share/Uni_Eval/HAM10000_clean/ISIC2018/ISIC_0027950.jpg,0,2,0.15508577,0.13494162,0.2845141,0.022936255,0.19797751,0.18429644,0.020248288
/home/share/Uni_Eval/HAM10000_clean/ISIC2018/ISIC_0033536.jpg,0,5,0.06504645,0.096954845,0.21379179,0.022928642,0.13497256,0.44541496,0.020890698
/home/share/Uni_Eval/HAM10000_clean/ISIC2018/ISIC_0032854.jpg,0,5,0.058795236,0.047925547,0.25970155,0.014437615,0.12879597,0.4808318,0.0095123
