Cohort,Responder_ID,Clinician_Role,Experience_Band,Case ID,Source_Dataset,GT,Unaided_Dx_Text,PRE_Differential_1,PRE_Differential_2,Unaided_Dx_Score,Unaided_Top3_SpotOn,Unaided_Top3_Generic,Unaided_Mgmt_Grade,Unaided_Dx_Confidence,Unaided_Mgmt_Confidence,AI_Top1_Prediction,AI_Top1_Confidence,AI_Top2_Prediction,AI_Top2_Confidence,AI_Top3_Prediction,AI_Top3_Confidence,Assisted_Dx_Text,POST_Differential_1,POST_Differential_2,Assisted_Dx_Score,Assisted_Top3_SpotOn,Assisted_Top3_Generic,Assisted_Mgmt_Grade,Assisted_Dx_Confidence,Assisted_Mgmt_Confidence,Changed_Diagnosis,Changed_Management
EN,24,NP,6-10,100,SNU-134,erythema annulare centrifugum,erythema annulare centrigugum,ringwarm infection,pityriasis rosea,5,True,False,Inadequate but harmless,3,don't know,erythema annulare centrifugum,0.9998977,tinea corporis,0.000102299855,erythema multiforme,2.3586242e-08,erythema annulare centrigugum,ringwarm infection,pityriasis rosea,5,True,False,Inadequate but harmless,3,don't know,0.0,0.0
EN,24,NP,6-10,176,SNU-134,contact dermatitis,allergic contact dermatitis,atopic dermatitis,impetigo,5,True,False,Perfect,4,4,contact dermatitis,1.0,herpes zoster,1.0160636e-11,eczema herpeticum,1.2520361e-12,allergic contact dermatitis,atopic dermatitis,impetigo,5,True,False,Perfect,4,4,0.0,0.0
EN,24,NP,6-10,37,SNU-134,skin tag,warts,skin tag,don't know,2,True,False,Inadequate but harmless,don't know,don't know,skin tag,0.88109386,nevus spilus,0.11557435,epidermal nevus,0.0029851922,skin tag,warts,don't know,5,True,False,Inadequate but harmless,don't know,don't know,1.0,0.0
EN,24,NP,6-10,35,SNU-134,paronychia,paronychia,ingrown toenail,psoriasis,5,True,False,Adequate,don't know,don't know,paronychia,1.0,furuncle,6.42172e-11,subungual hematoma,9.545035e-12,paronychia,ingrown toenail,psoriasis,5,True,False,Adequate,don't know,don't know,0.0,0.0
EN,24,NP,6-10,81,SNU-134,lentigo,lentigo,seborrheic keratosis,lelasma,5,True,False,Perfect,4,don't know,xanthelasma,0.7771407,granuloma annulare,0.16289753,tinea faciale,0.028307348,lentigo,seborrheic keratosis,lelasma,5,True,False,Perfect,4,don't know,0.0,0.0
EN,24,NP,6-10,77,SNU-134,cellulitis,erythema nodosum,bite reaction,allergic contact dermatitis,1,False,False,Inadequate and dangerous,4,3,cellulitis,0.9998921,pyoderma gangrenosum,7.254106e-05,inflamed cyst,3.21899e-05,erythema nodosum,bite reaction,allergic contact dermatitis,1,False,False,Inadequate and dangerous,4,3,0.0,0.0
EN,24,NP,6-10,177,SNU-134,inflamed cyst,folliculitis,bee stings,erythema nodusum,3,True,False,Inadequate but harmless,3,don't know,inflamed cyst,0.99975306,furuncle,0.00019109363,epidermal cyst,5.4749245e-05,folliculitis,bee stings,erythema nodusum,3,True,False,Inadequate but harmless,3,don't know,0.0,0.0
EN,24,NP,6-10,59,SNU-134,herpes zoster,acne,folliculitis,prurigo nodular,1,False,False,Inadequate and dangerous,3,3,varicella,0.99999964,erythema multiforme,3.059022e-07,herpes zoster,2.7191263e-11,varicella,folliculitis,acne,2,False,False,Inadequate and dangerous,3,3,1.0,0.0
EN,24,NP,6-10,153,SNU-134,lupus erythematosus,guttate psoriasis,bedbug bites,pityriasis rosea,1,False,False,Inadequate and dangerous,don't know,don't know,insect bite,0.75048333,herpes zoster,0.24364626,erythema multiforme,0.005382847,guttate psoriasis,bedbug bites,pityriasis rosea,1,False,False,Inadequate and dangerous,3,3,0.0,0.0
EN,24,NP,6-10,148,SNU-134,vitiligo,vitiligo,halo congenital naevus,pityriasis versicolour,5,True,False,Adequate,4,4,vitiligo,0.99879336,tinea versicolor,0.0012065897,nevus spilus,2.6322888e-11,vitiligo,halo congenital naevus,pityriasis versicolour,5,True,False,adequate,4,4,0.0,0.0
EN,24,NP,6-10,110,SNU-134,lymphangioma,lymphangioma,basal cell carcinoma,melanocytic nevus,5,True,False,Adequate,3,3,nummular eczema,0.9997652,bowen disease,0.00016864159,nevus spilus,4.985036e-05,lymphangioma,basal cell carcinoma,melanocytic nevus,5,True,False,Adequate,3,3,0.0,0.0
EN,24,NP,6-10,91,SNU-134,malignant melanoma,malignant melanoma,pigmented onychomycosis,don't know,5,True,False,Perfect,3,3,subungual hematoma,0.8558512,malignant melanoma,0.14414886,melanocytic nevus,5.2664526e-09,malignant melanoma,pigmented onychomycosis,don't know,5,True,False,Perfect,3,3,0.0,0.0
EN,24,NP,6-10,184,SNU-134,folliculitis,folisculitis,acne,atopic dermatitis,4,True,False,Adequate,3,3,folliculitis,0.99744654,acne,0.0025509056,staphylococcal scalded skin syndrome,2.3999642e-06,folisculitis,acne,atopic dermatitis,4,False,True,Adequate,3,3,0.0,0.0
EN,24,NP,6-10,122,SKINTONE,atopic dermatitis,cellulitis,atopic dermatitis,don't know,1,True,False,Adequate,3,3,atopic dermatitis,0.9998029,xerotic eczema,0.00019716943,exfoliative dermatitis,9.2885155e-10,cellulitis,atopic dermatitis,don't know,1,True,False,Adequate,3,3,0.0,0.0
EN,75,GP,2-5,95,SNU-134,lichen amyloidosis,Benign Melanocytic lesions,melanosis,scratch reaction,1,False,False,Inadequate and dangerous,3,3,folliculitis,0.73357,confluent and reticulated papillomatosis,0.26156244,lichen amyloidosis,0.002729649,folliculitis,reticulated papillomatosis,benign melanocytic lesion,1,False,False,Inadequate and dangerous,4,4,1.0,1.0
EN,24,NP,6-10,175,SNU-134,confluent and reticulated papillomatosis,confluent reticulated papilomatosis,atopic dermatitis inflammatory markers,psoriasis,5,True,False,Inadequate but harmless,3,3,epidermal nevus,0.9647521,becker nevus,0.03199633,congenital nevus,0.0026264184,confluent reticulated papilomatosis,atopic dermatitis inflammatory markers,psoriasis,5,True,False,Inadequate but harmless,3,3,0.0,0.0
EN,75,GP,2-5,60,SKINTONE,pityriasis rosea,folliculitis,drug reaction,scabies,1,False,False,Inadequate and dangerous,3,4,pityriasis rosea,1.0,drug eruption,1.1761791e-12,varicella,2.2447772e-13,pityriasis rosea,drug reaction,varicella,5,True,False,Adequate,3,5,1.0,1.0
EN,75,GP,2-5,174,SNU-134,drug eruption,purpura,SJS,cellulitis,2,False,True,Adequate,3,5,acute generalized exanthematous pustulosis,0.99992967,drug eruption,7.031184e-05,pustular psoriasis,1.1760963e-12,acute generalised exantematous pustulosis,drug eruption,pustular psoriasis,4,True,True,Adequate,4,5,1.0,1.0
EN,75,GP,2-5,171,SNU-134,tinea pedis,tinea pedis,exfoliative dermatitis,dermatitis,5,True,False,Perfect,4,4,tinea pedis,0.99999905,pompholyx,9.132548e-07,palmoplantar pustulosis,2.3222926e-08,tinea pedis,exfoliative dermatitis,dermatitis,5,True,False,Perfect,4,4,0.0,0.0
EN,75,GP,2-5,85,SNU-134,onychomycosis,Fungal nail,onychogryphosis,trauma,4,True,True,Inadequate but harmless,4,4,onychomycosis,1.0,tinea pedis,9.23745e-09,paronychia,2.8780153e-10,Fungal nail,onychogryphosis,trauma,4,True,True,Inadequate but harmless,4,4,0.0,0.0
EN,75,GP,2-5,33,SNU-134,congenital nevus,malignant melanoma,benign melanocytic lesion,basal cell carcinoma,1,False,True,Adequate,4,4,congenital nevus,0.9523771,nevus spilus,0.044543274,becker nevus,0.002847556,congential naevus,benign melanocytic lesion,spilus,5,True,False,Adequate,4,4,1.0,0.0
EN,75,GP,2-5,129,SNU-134,prurigo pigmentosa,Prurigo nodularis,melasma,melanosis,3,False,False,Inadequate but harmless,3,4,prurigo pigmentosa,0.62015307,becker nevus,0.37614188,confluent and reticulated papillomatosis,0.0035741108,Prurigo nodularis,melasma,melanosis,3,False,False,Inadequate but harmless,3,4,0.0,0.0
EN,75,GP,2-5,118,SNU-134,organoid nevus,herpes zoster,varicella,herpes simplex,1,False,False,Inadequate and dangerous,4,4,epidermal nevus,1.0,organoid nevus,1.7257829e-08,nevus spilus,1.30268925e-08,epidermal nevus,varicella,herpes simplex,3,False,True,Inadequate but harmless,4,4,1.0,1.0
EN,75,GP,2-5,90,SNU-134,erythema multiforme,drug eruption,sjs,angioedema,3,False,True,Adequate,3,4,erythema multiforme,0.9993043,urticaria,0.00058834563,erythema annulare centrifugum,6.810595e-05,erythema multiforme,drug eruption,angioedema urticaria,5,True,False,Adequate,3,4,1.0,0.0
EN,75,GP,2-5,10,SNU-134,juvenile xanthogranuloma,pustular granuloma,pyogenic granuloma,amelanotic melanoma,3,False,False,Inadequate but harmless,3,4,pyogenic granuloma,0.8840393,juvenile xanthogranuloma,0.11596071,hemangioma,4.377673e-12,pyogenic granuloma,xanthogranuloma,amelanotic melanoma,3,False,True,Inadequate but harmless,4,4,1.0,1.0
EN,75,GP,2-5,43,SNU-134,nevus spilus,congenital nevus,spitz,malignant melanoma,4,False,True,Inadequate and dangerous,4,4,nevus spilus,0.89219856,congenital nevus,0.09403703,becker nevus,0.013130513,congenital nevus,spitz,malignant melanoma,4,False,True,Inadequate and dangerous,4,4,0.0,0.0
EN,75,GP,2-5,4,SNU-134,confluent and reticulated papillomatosis,malassezia furfur,chronic dermatitis with melanosis,psoriasis,1,False,False,Inadequate but harmless,3,4,tinea versicolor,0.99974436,confluent and reticulated papillomatosis,0.0002378178,becker nevus,1.7774324e-05,malassezia furfur,chronic dermatitis with melanosis,psoriasis,1,False,False,Inadequate but harmless,3,4,0.0,0.0
EN,75,GP,2-5,57,SNU-134,acute generalized exanthematous pustulosis,pustulosis dermatitis,varicella,mpox,4,False,True,Adequate,3,5,acute generalized exanthematous pustulosis,0.8740772,pustular psoriasis,0.12592277,palmoplantar pustulosis,1.6757559e-10,acute generalized exanthematous pustulosis,pustulosis psoriasis dermatitis,varicella,5,True,False,Adequate,3,5,1.0,0.0
EN,75,GP,2-5,16,PASSION,scabies,lichen sclerosis,syphilis,herpes simplex,1,False,False,Inadequate and dangerous,3,4,scabies,0.99997234,folliculitis,2.7535689e-05,tinea cruris,1.2553859e-07,scabies,folliculitis,tinea cruris,5,True,False,Adequate,3,4,1.0,0.0
EN,75,GP,2-5,17,SNU-134,tinea faciale,actinic keratosis,sunburn,varicella,1,False,False,Inadequate and dangerous,3,4,tinea faciale,1.0,tinea corporis,5.5475197e-10,seborrheic dermatitis,7.063504e-14,tinea faciale,tinea corporis,seb derm,5,True,False,Adequate,3,5,1.0,0.0
EN,113,GP,>10,13,PASSION,scabies,kwashiorkor,psoriasis,don't know,1,False,False,Inadequate and dangerous,3,2,urticaria pigmentosa,0.99550736,scabies,0.0041975565,varicella,0.00020255426,urticaria pigmentosa,psoriasis,don't know,1,False,False,Inadequate and dangerous,3,3,1.0,1.0
EN,113,GP,>10,185,SNU-134,staphylococcal scalded skin syndrome,Perioral dermatitis,contact dermatitis,don't know,1,False,False,Inadequate and dangerous,3,3,staphylococcal scalded skin syndrome,0.98926115,herpes simplex,0.0055259676,impetigo,0.0028668342,Perioral dermatitis,herpes simplex,don't know,1,False,False,Inadequate and dangerous,2,3,1.0,0.0
EN,113,GP,>10,195,SNU-134,lupus erythematosus,Discoid lupus,impetigo,don't know,4,True,False,Adequate,3,4,lupus erythematosus,0.9999988,herpes simplex,1.2098657e-06,erythema multiforme,4.4069356e-08,Discoid lupus,impetigo,don't know,4,True,False,Adequate,4,5,0.0,0.0
EN,113,GP,>10,67,SNU-134,hemangioma,Purpura,don't know,don't know,1,False,False,Inadequate but harmless,2,2,hemangioma,0.57419926,pyogenic granuloma,0.35932472,angiokeratoma,0.06646839,hemangioma,don't know,don't know,5,True,False,Inadequate but harmless,3,2,1.0,0.0
EN,113,GP,>10,88,SKINTONE,lichen planus,lichen planus,Lichen sclerosus,psoriasis,5,True,False,Adequate,2,4,lichen planus,1.0,psoriasis,1.8982569e-11,pityriasis rosea,1.3327856e-12,lichen planus,Lichen sclerosus,psoriasis,5,True,False,Adequate,4,4,0.0,0.0
EN,113,GP,>10,86,SNU-134,vasculitis,Dermatitis,Drug reaction,don't know,1,False,False,Adequate,2,2,vasculitis,1.0,drug eruption,2.3859587e-10,urticaria pigmentosa,2.9738465e-13,vasculitis,Drug reaction,don't know,5,True,False,Adequate,3,3,1.0,0.0
EN,113,GP,>10,28,SNU-134,insect bite,Eczema,Erythema migrans,don't know,1,False,False,Inadequate and dangerous,2,3,insect bite,1.0,contact dermatitis,3.3647407e-10,vasculitis,1.1270471e-10,insect bite,vasculitis,don't know,5,True,False,Inadequate but harmless,2,3,1.0,1.0
EN,113,GP,>10,128,SNU-134,melanocytic nevus,malignant melanoma,Atypical naevus,don't know,1,False,False,Inadequate and dangerous,4,4,melanocytic nevus,0.99988794,nevus spilus,9.6100885e-05,seborrheic keratosis,6.3385405e-06,malignant melanoma,Atypical naevus,don't know,1,False,False,Inadequate and dangerous,4,4,0.0,0.0
EN,113,GP,>10,172,SNU-134,steatocystoma multiplex,Cysts,Birt Hogg Dube,don't know,4,False,True,adequate,2,3,steatocystoma multiplex,1.0,epidermal cyst,2.789468e-10,sebaceous hyperplasia,3.165643e-13,Steatocytoma multiplex,Birt Hogg Dube,don't know,5,True,False,Adequate,4,4,1.0,0.0
EN,113,GP,>10,148,SNU-134,vitiligo,vitiligo,don't know,don't know,5,True,False,Inadequate but harmless,4,4,vitiligo,0.99879336,tinea versicolor,0.0012065897,nevus spilus,2.6322888e-11,vitiligo,don't know,don't know,5,True,False,Inadequate but harmless,4,4,0.0,0.0
EN,113,GP,>10,68,SNU-134,onychomycosis,onychomycosis,don't know,don't know,5,True,False,adequate,4,4,onychomycosis,0.9590408,paronychia,0.040840883,subungual hematoma,0.000118355034,onychomycosis,don't know,don't know,5,True,False,adequate,4,4,0.0,0.0
EN,113,GP,>10,82,SKINTONE,atopic dermatitis,vasculitis,Staph infection,don't know,1,False,False,Inadequate and dangerous,3,4,nummular eczema,0.9995571,contact dermatitis,0.00035693994,xerotic eczema,8.4780666e-05,Eczema,Staph infection,don't know,4,True,True,adequate,3,4,1.0,1.0
EN,113,GP,>10,49,SNU-134,herpes zoster,impetigo,Leprosy,don't know,1,False,False,Inadequate and dangerous,3,4,prurigo pigmentosa,0.987508,herpes zoster,0.012430891,pyoderma gangrenosum,5.9393802e-05,impetigo,Leprosy,don't know,1,False,False,Inadequate and dangerous,3,4,0.0,0.0
EN,113,GP,>10,103,SNU-134,tinea faciale,Dermatitis,don't know,don't know,2,False,False,Inadequate but harmless,2,2,tinea faciale,0.99997723,tinea corporis,2.2827999e-05,seborrheic dermatitis,5.0086603e-14,tinea faciale,don't know,don't know,5,True,False,adequate,3,3,1.0,1.0
EN,113,GP,>10,4,SNU-134,confluent and reticulated papillomatosis,Eczema,Pityriasis versicolour,don't know,1,False,False,Inadequate but harmless,2,3,tinea versicolor,0.99974436,confluent and reticulated papillomatosis,0.0002378178,becker nevus,1.7774324e-05,Eczema,Pityriasis versicolour,don't know,1,False,False,Inadequate but harmless,3,3,0.0,1.0
EN,113,GP,>10,23,SNU-134,amyloidosis,Eczema,don't know,don't know,1,False,False,Inadequate and dangerous,3,4,becker nevus,0.93455005,prurigo pigmentosa,0.046528503,confluent and reticulated papillomatosis,0.018220825,Eczema,don't know,don't know,1,False,False,Inadequate and dangerous,3,4,0.0,0.0
EN,113,GP,>10,43,SNU-134,nevus spilus,congenital nevus,Beckers naevus,don't know,4,False,True,Perfect,4,4,nevus spilus,0.89219856,congenital nevus,0.09403703,becker nevus,0.013130513,congenital nevus,Beckers naevus,don't know,4,False,True,Perfect,4,4,0.0,0.0
EN,113,GP,>10,26,SNU-134,vasculitis,Eczema,don't know,don't know,1,False,False,Inadequate and dangerous,3,3,juvenile xanthogranuloma,0.7474468,vasculitis,0.25036332,urticaria pigmentosa,0.0016869348,Eczema,don't know,don't know,1,False,False,Inadequate and dangerous,3,3,0.0,0.0
EN,113,GP,>10,5,SNU-134,keratoacanthoma,keratoacanthoma,squamous cell carcinoma,don't know,5,True,False,Adequate,5,5,keratoacanthoma,0.99944717,squamous cell carcinoma,0.0005527786,actinic keratosis,7.0808845e-20,keratoacanthoma,squamous cell carcinoma,don't know,5,True,False,Adequate,5,5,0.0,0.0
EN,113,GP,>10,117,SNU-134,urticaria pigmentosa,Purpura,don't know,don't know,1,False,False,Inadequate and dangerous,2,3,urticaria pigmentosa,0.99998736,juvenile xanthogranuloma,1.2606945e-05,congenital nevus,1.186097e-08,urticaria pigmentosa,don't know,don't know,5,True,False,Inadequate but harmless,3,3,1.0,1.0
EN,113,GP,>10,12,SNU-134,basal cell carcinoma,Pigmented BCC,malignant melanoma,don't know,5,True,False,Adequate,4,4,basal cell carcinoma,0.99990976,blue nevus,9.0280395e-05,malignant melanoma,4.413181e-11,Pigmented BCC,malignant melanoma,don't know,5,True,False,Adequate,4,4,0.0,0.0
EN,113,GP,>10,84,SNU-134,seborrheic dermatitis,seborrheic dermatitis,Eczema,psoriasis,5,True,False,Perfect,3,3,seborrheic dermatitis,0.99965405,alopecia areata,0.0003459916,folliculitis,5.158212e-11,seborrheic dermatitis,Eczema,psoriasis,5,True,False,Perfect,4,4,0.0,0.0
EN,113,GP,>10,27,SNU-134,hand eczema,Dermatitis,pompholyx,don't know,4,True,True,Adequate,3,3,granuloma annulare,0.9999368,lupus erythematosus,5.3074542e-05,hand eczema,1.0129453e-05,Dermatitis,pompholyx,don't know,4,True,True,Adequate,3,3,0.0,0.0
EN,113,GP,>10,190,SKINTONE,pityriasis rosea,pityriasis rosea,don't know,don't know,5,True,False,adequate,4,4,psoriasis,0.99939203,pityriasis rosea,0.0005702942,pustular psoriasis,3.761498e-05,pityriasis rosea,don't know,don't know,5,True,False,adequate,4,4,0.0,0.0
EN,113,GP,>10,85,SNU-134,onychomycosis,Onychogryphosis,Onychycomycosis,don't know,3,True,True,Adequate,3,3,onychomycosis,1.0,tinea pedis,9.23745e-09,paronychia,2.8780153e-10,Onychogryphosis,Onychycomycosis,don't know,3,True,True,adequate,3,3,0.0,0.0
EN,113,GP,>10,138,SNU-134,wart,wart,squamous cell carcinoma,don't know,5,True,False,Inadequate but harmless,3,3,wart,0.9101248,verruca plana,0.07952581,skin tag,0.009498005,wart,squamous cell carcinoma,don't know,5,True,False,Inadequate but harmless,4,4,0.0,0.0
EN,113,GP,>10,134,SNU-134,lichen amyloidosis,Cowdens,don't know,don't know,1,False,False,Adequate,3,3,lichen amyloidosis,0.99998736,amyloidosis,1.2606945e-05,lichen simplex chronicus,2.51475e-11,lichen amyloidosis,don't know,don't know,5,True,False,Adequate,3,3,1.0,0.0
EN,113,GP,>10,36,SNU-134,tinea cruris,tinea corporis,Erythema marginale,don't know,3,False,True,Inadequate but harmless,3,3,erythema annulare centrifugum,0.9896498,granuloma annulare,0.008298719,tinea corporis,0.0018516944,tinea corporis,Annular Erythema,don't know,3,False,True,Inadequate but harmless,3,3,0.0,0.0
EN,113,GP,>10,112,SNU-134,xanthelasma,Xanthogranuloma,don't know,don't know,2,False,False,Inadequate and dangerous,4,4,vitiligo,0.98934746,xanthelasma,0.010652511,morphea,8.394081e-16,Xanthogranuloma,xanthelasma,don't know,3,True,False,Inadequate and dangerous,4,4,0.0,0.0
EN,113,GP,>10,196,SNU-134,actinic keratosis,basal cell carcinoma,malignant melanoma,squamous cell carcinoma,1,False,False,adequate,4,4,basal cell carcinoma,0.9862732,malignant melanoma,0.013635593,squamous cell carcinoma,8.904917e-05,basal cell carcinoma,malignant melanoma,squamous cell carcinoma,1,False,False,adequate,4,4,0.0,0.0
EN,115,GP,6-10,122,SKINTONE,atopic dermatitis,eczema,contact dermatitis,don't know,4,False,True,Adequate,5,5,atopic dermatitis,0.9998029,xerotic eczema,0.00019716943,exfoliative dermatitis,9.2885155e-10,eczema,contact dermatitis,don't know,4,False,True,adequate,5,5,0.0,0.0
EN,115,GP,6-10,128,SNU-134,melanocytic nevus,nevus,malignant melanoma,don't know,4,True,True,Inadequate but harmless,3,3,melanocytic nevus,0.99988794,nevus spilus,9.6100885e-05,seborrheic keratosis,6.3385405e-06,nevus,malignant melanoma,don't know,4,True,True,Inadequate but harmless,3,3,0.0,0.0
EN,115,GP,6-10,118,SNU-134,organoid nevus,sebaceous nevus,herpes zoster,epidermal nevus,5,True,True,Inadequate but harmless,3,3,epidermal nevus,1.0,organoid nevus,1.7257829e-08,nevus spilus,1.30268925e-08,sebaceous nevus,herpes zoster,epidermal nevus,5,True,True,Inadequate and dangerous,4,4,0.0,1.0
EN,115,GP,6-10,56,SNU-134,neurofibroma,neurofibroma,benign nevus,skin tag,5,True,False,Perfect,3,3,juvenile xanthogranuloma,0.69211155,neurofibroma,0.2626959,epidermal cyst,0.033398036,neurofibroma,benign nevus,skin tag,5,True,False,Perfect,3,3,0.0,0.0
EN,115,GP,6-10,43,SNU-134,nevus spilus,nevus spills,don't know,don't know,4,True,False,Inadequate but harmless,5,5,nevus spilus,0.89219856,congenital nevus,0.09403703,becker nevus,0.013130513,nevus spills,don't know,don't know,4,True,False,Inadequate but harmless,5,5,0.0,0.0
EN,115,GP,6-10,185,SNU-134,staphylococcal scalded skin syndrome,staph scalded skin/bullous impetigo,herpes simplex,contact dermatitis with vesicles,4,True,False,Inadequate but harmless,3,3,staphylococcal scalded skin syndrome,0.98926115,herpes simplex,0.0055259676,impetigo,0.0028668342,staph scalded skin/bullous impetigo,herpes simplex,contact dermatitis with vesicles,4,True,False,Inadequate but harmless,4,4,0.0,0.0
EN,115,GP,6-10,150,SNU-134,folliculitis,folliculitis,acne,malassezia,5,True,False,Perfect,3,5,acne,0.9899822,folliculitis,0.010013528,steatocystoma multiplex,4.3132522e-06,folliculitis,acne,malassezia,5,True,False,Perfect,2,5,0.0,0.0
EN,115,GP,6-10,12,SNU-134,basal cell carcinoma,pig BCC,malignant melanoma,blue nevus,5,True,False,Adequate,2,5,basal cell carcinoma,0.99990976,blue nevus,9.0280395e-05,malignant melanoma,4.413181e-11,pig BCC,malignant melanoma,blue nevus,5,True,False,Adequate,4,5,0.0,0.0
EN,115,GP,6-10,169,SNU-134,neurofibromatosis,neurofibromas ( other stigmata of NF),pink nevi in a person with NF,Inflammatory.papules in a person with NF,4,True,False,Inadequate and dangerous,4,4,urticaria pigmentosa,0.98613065,neurofibromatosis,0.013214158,neurofibroma,0.0004966046,neurofibromas ( other stigmata of NF),pink nevi in a person with NF,Inflammatory.papules in a person with NF,4,True,False,Inadequate and dangerous,4,4,0.0,0.0
EN,115,GP,6-10,100,SNU-134,erythema annulare centrifugum,erythema multiforme,erythema annulare centrifugum,other annular erythemas,3,True,False,adequate,2,5,erythema annulare centrifugum,0.9998977,tinea corporis,0.000102299855,erythema multiforme,2.3586242e-08,erythema multiforme,erythema annulare centrifugum,other annular erythemas,3,True,False,adequate,2,5,0.0,0.0
EN,115,GP,6-10,91,SNU-134,malignant melanoma,acral melanoma,don't know,don't know,4,True,True,Adequate,5,5,subungual hematoma,0.8558512,malignant melanoma,0.14414886,melanocytic nevus,5.2664526e-09,acral melanoma,don't know,don't know,4,True,True,Adequate,5,5,0.0,0.0
EN,115,GP,6-10,18,SNU-134,pustular psoriasis,palmoplantar psoriasis,palmoplantar keratoderma,contact dermatitis,4,True,False,Inadequate but harmless,4,3,palmoplantar pustulosis,1.0,pustular psoriasis,1.1628234e-10,tinea pedis,4.15242e-14,palmoplantar psoriasis,palmoplantar keratoderma,contact dermatitis,4,True,True,Inadequate but harmless,4,3,0.0,0.0
EN,115,GP,6-10,129,SNU-134,prurigo pigmentosa,prurigo pimentos,phytophoto dermatitis,confluent and reticulated papillomatosis,4,True,False,Inadequate but harmless,1,4,prurigo pigmentosa,0.62015307,becker nevus,0.37614188,confluent and reticulated papillomatosis,0.0035741108,prurigo pimentos,phytophoto dermatitis,confluent and reticulated papillomatosis,4,True,False,Inadequate but harmless,3,4,0.0,0.0
EN,115,GP,6-10,39,SNU-134,abscess,boil /abscess,inflammation to a ? sting superior,don't know,5,True,False,Perfect,3,4,inflamed cyst,0.9994961,furuncle,0.00040444126,epidermal cyst,7.0281356e-05,boil /abscess,inflamed cyst,inflammation from sting etc,5,True,False,Perfect,3,4,0.0,0.0
EN,115,GP,6-10,59,SNU-134,herpes zoster,are those vesicles on temple/eyelid?  Zoster and refer opthal,acne -unusual eg occupational,don't know,4,True,False,Adequate,2,3,varicella,0.99999964,erythema multiforme,3.059022e-07,herpes zoster,2.7191263e-11,are those vesicles on temple/eyelid?  Zoster and refer opthal,acne -unusual eg occupational,don't know,4,False,True,Adequate,4,5,0.0,0.0
EN,115,GP,6-10,10,SNU-134,juvenile xanthogranuloma,juvenile xanthogranuloma,pyogenic granuloma,traumatised  lesion with haemorrhage,5,True,False,Inadequate but harmless,1,4,pyogenic granuloma,0.8840393,juvenile xanthogranuloma,0.11596071,hemangioma,4.377673e-12,juvenile xanthogranuloma,pyogenic granuloma,traumatised  lesion with haemorrhage,5,True,False,Inadequate but harmless,1,4,0.0,0.0
EN,115,GP,6-10,162,SNU-134,eczema herpeticum,eczema herpeticum,excoriated eczema,don't know,5,True,False,Adequate,5,5,atopic dermatitis,0.9867155,varicella,0.0093757985,eczema herpeticum,0.003908414,eczema herpeticum,excoriated eczema,don't know,5,True,False,Adequate,5,5,0.0,0.0
EN,115,GP,6-10,83,SNU-134,xerotic eczema,stasis dermatitis,eczema craquelee,lichen simplex chronics,3,False,True,Inadequate but harmless,3,3,nummular eczema,0.9999987,lichen planus,1.1726419e-06,lichen simplex chronicus,1.4908468e-07,eczema craquelee,lichen plants,lichen simplex chronicus,4,False,True,Inadequate but harmless,3,3,1.0,0.0
EN,115,GP,6-10,87,SKINTONE,atopic dermatitis,eczema herpeticum,bilateral vesicular rash of infective origin,contact dermatitis causes vesicles,1,False,False,Inadequate but harmless,2,5,atopic dermatitis,0.99701905,eczema herpeticum,0.002981033,contact dermatitis,3.1156734e-08,eczema herpeticum,bilateral vesicular rash of infective origin,contact dermatitis causes vesicles,1,False,False,adequate,4,5,0.0,0.0
EN,115,GP,6-10,14,SNU-134,herpes simplex,tinea faceii/barbae,staph infection,don't know,1,False,False,Inadequate and dangerous,4,5,folliculitis,0.8901158,herpes simplex,0.106309175,impetigo,0.0034173029,herpes simplex,staph,tinea faceii - superinfected,5,True,False,adequate,3,5,1.0,0.0
EN,115,GP,6-10,120,SNU-134,verruca plana,warts,syringomas ( are those eyelashes),don't know,4,True,True,Inadequate but harmless,3,3,sebaceous hyperplasia,0.9019066,verruca plana,0.0980778,wart,1.5541538e-05,verruca plana- it has formalised my subtype of wart,syringomas ( are those eyelashes),don't know,5,True,False,Inadequate but harmless,3,3,1.0,0.0
EN,115,GP,6-10,68,SNU-134,onychomycosis,onochymycosis,onychogryphosis,don't know,5,True,False,adequate,3,3,onychomycosis,0.9590408,paronychia,0.040840883,subungual hematoma,0.000118355034,onochymycosis,onychogryphosis,don't know,5,True,False,adequate,3,3,0.0,0.0
EN,115,GP,6-10,110,SNU-134,lymphangioma,lymphangioma,discoid eczema with central haemorrhage,don't know,5,True,False,Inadequate but harmless,3,3,nummular eczema,0.9997652,bowen disease,0.00016864159,nevus spilus,4.985036e-05,lymphangioma,discoid eczema with central haemorrhage,IEC,5,True,False,Adequate,3,3,0.0,0.0
EN,115,GP,6-10,64,SNU-134,angiofibroma,angiofibromas,monomorphic acne,don't know,5,True,False,Adequate,2,3,sebaceous hyperplasia,0.902559,angiofibroma,0.09512901,organoid nevus,0.0015864265,angiofibromas,monomorphic acne,don't know,5,True,False,Adequate,2,3,0.0,0.0
EN,115,GP,6-10,161,SNU-134,pompholyx,contact or irritant dermatitis,palmar psoriasis,don't know,3,False,False,Inadequate but harmless,3,3,palmoplantar pustulosis,0.99954176,pustular psoriasis,0.00045831292,hand eczema,3.430556e-08,palmar psoriasis,irritant or contact dermatitis,don't know,2,False,False,Inadequate but harmless,2,3,1.0,0.0
EN,115,GP,6-10,77,SNU-134,cellulitis,cellulitis,fixed drug eruption,don't know,5,True,False,Adequate,3,3,cellulitis,0.9998921,pyoderma gangrenosum,7.254106e-05,inflamed cyst,3.21899e-05,cellulitis,fixed drug eruption,don't know,5,True,False,adequate,3,3,0.0,0.0
EN,115,GP,6-10,31,SNU-134,morphea,lichen simplex chronicus,steroid overuse,localised scleroderma,2,False,False,Adequate,1,3,vasculitis,0.91017145,granuloma annulare,0.08734651,nummular eczema,0.00097033207,lichen simplex chronicus,steroid overuse,localised scleroderma,2,False,False,Adequate,1,3,0.0,0.0
EN,115,GP,6-10,80,SKINTONE,lichen planus,lichen planus,drug eruption,don't know,5,True,False,Adequate,3,3,lichen planus,0.88051784,prurigo pigmentosa,0.11916513,lichen amyloidosis,0.00026067268,lichen planus,drug eruption,lichen amyloidosis,5,True,False,Adequate,3,3,0.0,0.0
EN,115,GP,6-10,15,SNU-134,malignant melanoma,don't know,don't know,don't know,1,False,False,Inadequate and dangerous,don't know,don't know,subungual hematoma,0.9239385,malignant melanoma,0.075841494,paronychia,0.00017660238,malignant melanoma,haematoma,don't know,5,True,False,Adequate,3,5,1.0,1.0
EN,115,GP,6-10,84,SNU-134,seborrheic dermatitis,"not too sure if it's the ear or the scalp, solar lentigo ear, ???mild seb Derm scalp",don't know,don't know,2,False,False,Inadequate but harmless,1,2,seborrheic dermatitis,0.99965405,alopecia areata,0.0003459916,folliculitis,5.158212e-11,seb Derm,irritant dermatitis,mild /resolving psoriasis,5,True,False,Perfect,3,3,1.0,1.0
EN,115,GP,6-10,61,SKINTONE,atopic dermatitis,nummular eczema,cutaneous lymphoma,don't know,3,False,False,Inadequate but harmless,3,3,nummular eczema,0.9999999,xerotic eczema,6.615601e-08,hand eczema,3.081175e-11,nummular eczema,xerotic eczema,don't know,3,False,False,Inadequate but harmless,4,5,0.0,0.0
EN,115,GP,6-10,35,SNU-134,paronychia,acute paronychia,ingrown toenail,don't know,5,True,False,Perfect,3,3,paronychia,1.0,furuncle,6.42172e-11,subungual hematoma,9.545035e-12,acute paronychia,ingrown toenail,don't know,5,True,False,Inadequate but harmless,4,4,0.0,0.0
EN,115,GP,6-10,28,SNU-134,insect bite,mastocytomas,papular urticaria,don't know,3,True,False,Inadequate but harmless,1,3,insect bite,1.0,contact dermatitis,3.3647407e-10,vasculitis,1.1270471e-10,insect bite,papular urticaria,don't know,5,True,False,Perfect,3,3,1.0,1.0
EN,115,GP,6-10,135,PASSION,tinea corporis,tinea versicolor,fixed drug eruption,tinea corporis,3,False,True,Inadequate but harmless,3,3,tinea versicolor,0.53120714,pityriasis rosea,0.46878868,tinea corporis,4.1908656e-06,tinea versicolor,fixed drug eruption,tinea corporis,3,False,True,Inadequate but harmless,4,4,0.0,0.0
EN,115,GP,6-10,51,SNU-134,malignant melanoma,melanomas,don't know,don't know,4,True,False,Adequate,5,4,malignant melanoma,1.0,tinea pedis,1.6752058e-11,melanocytic nevus,1.3404176e-13,melanomas,don't know,don't know,4,True,False,Adequate,5,4,0.0,0.0
EN,115,GP,6-10,71,SNU-134,acne,folliculitis barbae,folliculitis,don't know,3,False,False,Inadequate but harmless,3,3,acne,0.6654094,folliculitis,0.33458886,cellulitis,1.2468967e-06,folliculitis,folliculitis barbae,don't know,3,False,False,Inadequate but harmless,4,4,1.0,0.0
EN,115,GP,6-10,156,SNU-134,angiokeratoma,lymphangiomas,don't know,don't know,1,False,False,Inadequate and dangerous,3,3,angiokeratoma,0.8933094,lymphangioma,0.1066906,hemangioma,3.4450864e-12,lymphangiomas,angiokeratomas,don't know,2,False,True,Inadequate and dangerous,3,3,0.0,0.0
EN,115,GP,6-10,90,SNU-134,erythema multiforme,erythema multiform,urticaria,SJS,4,True,False,Inadequate but harmless,3,3,erythema multiforme,0.9993043,urticaria,0.00058834563,erythema annulare centrifugum,6.810595e-05,erythema multiform,urticaria,erythema annualare centrifuge,4,True,False,Inadequate but harmless,3,3,0.0,0.0
EN,115,GP,6-10,103,SNU-134,tinea faciale,tinea faceii,dermatitis,don't know,4,True,False,Inadequate but harmless,3,3,tinea faciale,0.99997723,tinea corporis,2.2827999e-05,seborrheic dermatitis,5.0086603e-14,tinea faceii,dermatitis,don't know,4,False,True,Inadequate but harmless,4,4,0.0,0.0
EN,115,GP,6-10,137,SKINTONE,lichen planus,lichen plants,don't know,don't know,4,True,False,Inadequate but harmless,4,4,lichen planus,1.0,verruca plana,3.0988192e-12,granuloma annulare,1.480591e-14,lichen planus,don't know,don't know,5,True,False,Inadequate but harmless,4,4,0.0,0.0
EN,115,GP,6-10,53,SNU-134,malignant melanoma,malignant melanoma,nevus,don't know,5,True,False,Adequate,4,4,subungual hematoma,0.9294649,malignant melanoma,0.0694675,blue nevus,0.00072495843,malignant melanoma,haemorrhage,nevus,5,True,False,Adequate,4,4,0.0,0.0
EN,115,GP,6-10,60,SKINTONE,pityriasis rosea,pityriasis rosea,drug eruptions,syphilis,5,True,False,Perfect,3,3,pityriasis rosea,1.0,drug eruption,1.1761791e-12,varicella,2.2447772e-13,pityriasis rosea,drug eruptions,syphilis,5,True,False,Perfect,4,4,0.0,0.0
EN,115,GP,6-10,3,SNU-134,dermatofibroma,nevus,dermatofibroma,don't know,1,True,False,adequate,3,3,dermatofibroma,1.0,juvenile xanthogranuloma,1.6752058e-11,epidermal cyst,1.0815942e-11,dermatofibroma,nevus,don't know,5,True,False,Perfect,3,3,1.0,0.0
EN,115,GP,6-10,111,SNU-134,pyoderma gangrenosum,pyoderma gangrenosum,ecthyma,don't know,5,True,False,Adequate,3,3,pyoderma gangrenosum,1.0,pyogenic granuloma,2.4410817e-14,vasculitis,1.0075548e-15,pyoderma gangrenosum,ecthyma,vasculitis,5,True,False,Adequate,3,3,0.0,0.0
EN,115,GP,6-10,81,SNU-134,lentigo,solar lentigo,lentigo maligna,don't know,5,True,False,Inadequate but harmless,3,3,xanthelasma,0.7771407,granuloma annulare,0.16289753,tinea faciale,0.028307348,solar lentigo,lentigo maligna,don't know,5,True,False,Inadequate but harmless,3,3,0.0,0.0
EN,115,GP,6-10,198,SNU-134,furuncle,boils,infected folliculitis,infected acne,4,True,True,adequate,3,3,acne,0.8477091,folliculitis,0.15198587,cellulitis,0.0003027153,boils,infected folliculitis,infected acne,4,True,False,Inadequate but harmless,3,3,0.0,0.0
EN,115,GP,6-10,173,SNU-134,onychomycosis,onychomycosis,onychogryphosis with pseudomonas,don't know,5,True,False,adequate,3,3,onychomycosis,0.9956898,paronychia,0.0033734494,subungual hematoma,0.00093677314,onychomycosis,onychogryphosis with pseudomonas,don't know,5,True,False,adequate,4,4,0.0,0.0
EN,115,GP,6-10,196,SNU-134,actinic keratosis,pigmented BCC,malignant melanoma,ulceration with pigment,1,False,False,adequate,4,don't know,basal cell carcinoma,0.9862732,malignant melanoma,0.013635593,squamous cell carcinoma,8.904917e-05,pigmented BCC,malignant melanoma,ulceration with pigment,1,False,False,adequate,4,4,0.0,0.0
EN,115,GP,6-10,50,SNU-134,melanocytic nevus,nevus,don't know,don't know,4,True,True,Inadequate and dangerous,5,5,nevus spilus,0.99965405,skin tag,0.00018519597,blue nevus,0.00011589268,nevus,don't know,don't know,4,True,True,Inadequate and dangerous,5,5,0.0,0.0
EN,115,GP,6-10,188,SNU-134,staphylococcal scalded skin syndrome,staph scalded,candidiasis,don't know,4,True,False,Adequate,3,3,staphylococcal scalded skin syndrome,0.9871558,acute generalized exanthematous pustulosis,0.012820915,pustular psoriasis,2.3250654e-05,staph scalded,candidiasis,acute generalised exanthematous pustulosis,4,True,False,Adequate,4,4,0.0,0.0
EN,115,GP,6-10,116,SNU-134,eczema herpeticum,eczema herpeticum,eczema,don't know,5,True,False,Adequate,3,3,varicella,0.99991703,eczema herpeticum,4.8323967e-05,scabies,3.2190703e-05,eczema herpeticum,eczema,chicken pox,5,True,False,Adequate,3,3,0.0,0.0
EN,115,GP,6-10,66,SNU-134,herpes zoster,herpes zoster,molluscum,don't know,5,True,False,Adequate,3,3,herpes zoster,1.0,herpes simplex,5.905304e-10,varicella,6.0417356e-14,shingles/zoster,herpes simplex,don't know,5,True,False,adequate,3,3,0.0,0.0
EN,115,GP,6-10,174,SNU-134,drug eruption,drug eruption,DRESS,SJS,5,True,False,adequate,3,3,acute generalized exanthematous pustulosis,0.99992967,drug eruption,7.031184e-05,pustular psoriasis,1.1760963e-12,drug eruption,DRESS,SJS,5,True,False,adequate,3,3,0.0,0.0
EN,115,GP,6-10,138,SNU-134,wart,irritated seb K,squamous cell carcinoma,don't know,2,False,False,Inadequate but harmless,3,3,wart,0.9101248,verruca plana,0.07952581,skin tag,0.009498005,wart,irritated seb K,squamous cell carcinoma,5,True,False,Inadequate but harmless,3,3,1.0,0.0
EN,115,GP,6-10,184,SNU-134,folliculitis,impetigo,folliculitis,staph related,3,False,True,adequate,2,3,folliculitis,0.99744654,acne,0.0025509056,staphylococcal scalded skin syndrome,2.3999642e-06,folliculitis,staph related infection,sterile pustulosis,5,True,False,adequate,2,3,1.0,0.0
EN,116,GP,>10,29,SNU-134,herpes zoster,herpes zoster,don't know,don't know,5,True,False,adequate,5,5,herpes zoster,1.0,herpes simplex,1.2501529e-09,eczema herpeticum,1.7832473e-11,herpes zoster,don't know,don't know,5,True,False,adequate,5,5,0.0,0.0
EN,115,GP,6-10,168,SNU-134,becker nevus,phytophoto dermatitis,nevus,don't know,1,False,True,Inadequate but harmless,2,2,becker nevus,0.99941146,nevus spilus,0.00058840873,lichen simplex chronicus,6.4082876e-08,becker nevus,phytophotodermatitis,don't know,5,True,False,adequate,2,2,1.0,1.0
EN,115,GP,6-10,13,PASSION,scabies,viral exanthema,don't know,don't know,1,False,False,Adequate,1,1,urticaria pigmentosa,0.99550736,scabies,0.0041975565,varicella,0.00020255426,viral exanthema,don't know,don't know,1,False,False,Adequate,1,1,0.0,0.0
EN,115,GP,6-10,171,SNU-134,tinea pedis,tinea,dermatitis,xerosis,4,True,True,Perfect,3,3,tinea pedis,0.99999905,pompholyx,9.132548e-07,palmoplantar pustulosis,2.3222926e-08,tinea,dermatitis,xerosis,4,True,True,Perfect,4,4,0.0,0.0
EN,116,GP,>10,90,SNU-134,erythema multiforme,erythema multiforme,urticaria,Drug eruption (SJS),5,True,False,Adequate,4,5,erythema multiforme,0.9993043,urticaria,0.00058834563,erythema annulare centrifugum,6.810595e-05,erythema multiforme,urticaria,Drug eruption (SJS),5,True,False,Adequate,4,5,0.0,0.0
EN,116,GP,>10,88,SKINTONE,lichen planus,lichen planus,Post-inflammatory hyperpigmentation,don't know,5,True,False,Adequate,3,4,lichen planus,1.0,psoriasis,1.8982569e-11,pityriasis rosea,1.3327856e-12,lichen planus,Post-inflammatory hyperpigmentation,don't know,5,True,False,Adequate,3,4,0.0,0.0
EN,116,GP,>10,135,PASSION,tinea corporis,Solar lentigo,Lentigo maligna,don't know,1,False,False,Inadequate but harmless,3,4,tinea versicolor,0.53120714,pityriasis rosea,0.46878868,tinea corporis,4.1908656e-06,tinea versicolor,Pit rosea,don't know,2,False,False,Inadequate but harmless,3,4,1.0,0.0
EN,116,GP,>10,83,SNU-134,xerotic eczema,Varicose eczema(stasis dermatitis),Porokeratosis,don't know,3,False,False,Inadequate but harmless,4,5,nummular eczema,0.9999987,lichen planus,1.1726419e-06,lichen simplex chronicus,1.4908468e-07,Varicose eczema(stasis dermatitis),Porokeratosis,nummular eczema,3,False,False,Inadequate but harmless,4,5,0.0,0.0
EN,116,GP,>10,11,SNU-134,tinea pedis,eczema,ichthyosis,tinea pedis,1,False,True,adequate,3,4,tinea pedis,1.0,tinea cruris,4.6911644e-08,cellulitis,1.5079722e-09,tinea pedis,ichthyosis,eczema,5,True,False,Perfect,3,4,1.0,0.0
EN,116,GP,>10,164,SNU-134,psoriasis,psoriasis,Inflamed eczema,don't know,5,True,False,Inadequate but harmless,4,4,psoriasis,1.0,pustular psoriasis,1.344041e-08,lichen planus,2.9445064e-14,psoriasis,Inflamed eczema,don't know,5,True,False,Inadequate but harmless,4,4,0.0,0.0
EN,116,GP,>10,39,SNU-134,abscess,furuncle,Infected sebaceous cyst,insect bite,4,True,False,adequate,4,5,inflamed cyst,0.9994961,furuncle,0.00040444126,epidermal cyst,7.0281356e-05,furuncle,Infected sebaceous cyst,insect bite,4,True,False,adequate,4,5,0.0,0.0
EN,116,GP,>10,19,SNU-134,epidermal nevus,acanthosis nigricans,don't know,don't know,1,False,False,Inadequate and dangerous,2,2,epidermal nevus,0.9999999,nevus spilus,1.2359568e-07,congenital nevus,3.622886e-12,Linear epidermal naevus,don't know,don't know,5,True,False,Adequate,2,2,1.0,1.0
EN,116,GP,>10,149,SKINTONE,pityriasis rosea,Guttate psoriasis,urticaria,Steven Johnson sd,1,False,False,Adequate,3,5,pityriasis rosea,1.0,tinea corporis,1.3867054e-08,tinea versicolor,4.5019735e-09,pityriasis rosea,tinea versicolor,Guttate psoriasis,5,True,False,Perfect,3,5,1.0,1.0
EN,116,GP,>10,2,SNU-134,lentigo,Angioedema w alopecia of eyebrow,don't know,don't know,1,False,False,Adequate,3,3,lentigo,0.99999905,seborrheic keratosis,9.721546e-07,actinic keratosis,4.792321e-09,Angioedema w alopecia of eyebrow,don't know,don't know,1,False,False,Adequate,3,3,0.0,0.0
EN,116,GP,>10,95,SNU-134,lichen amyloidosis,nevus,don't know,don't know,1,False,False,adequate,1,3,folliculitis,0.73357,confluent and reticulated papillomatosis,0.26156244,lichen amyloidosis,0.002729649,Papillomatosis (confluent + reticulated),don't know,don't know,2,False,False,Adequate,1,3,1.0,1.0
EN,116,GP,>10,89,PASSION,scabies,scabies,Leprosy,don't know,5,True,False,Adequate,2,3,atopic dermatitis,0.95055836,urticaria pigmentosa,0.04309037,scabies,0.004135257,scabies,atopic dermatitis,leprosy,5,True,False,adequate,2,3,0.0,1.0
EN,116,GP,>10,199,SNU-134,squamous cell carcinoma,pyogenic granuloma,squamous cell carcinoma,insect bite,1,True,False,Adequate,3,3,squamous cell carcinoma,0.947068,bowen disease,0.04570103,basal cell carcinoma,0.007230953,squamous cell carcinoma,pyogenic granuloma,insect bite,5,True,False,Adequate,3,3,1.0,0.0
EN,116,GP,>10,5,SNU-134,keratoacanthoma,Kerato-acanthoma,squamous cell carcinoma,Nodular BCC,5,True,False,Inadequate and dangerous,4,4,keratoacanthoma,0.99944717,squamous cell carcinoma,0.0005527786,actinic keratosis,7.0808845e-20,Kerato-acanthoma,squamous cell carcinoma,Nodular BCC,5,True,False,Inadequate and dangerous,4,4,0.0,0.0
EN,116,GP,>10,147,SNU-134,nummular eczema,Hand irritant dermatitis,psoriasis,infected eczema,2,False,True,Inadequate but harmless,4,4,hand eczema,0.99999774,nummular eczema,1.8162217e-06,pustular psoriasis,3.576352e-07,Hand irritant dermatitis,psoriasis,infected eczema,2,False,True,Inadequate but harmless,4,4,0.0,0.0
EN,116,GP,>10,62,SNU-134,herpes simplex,herpes zoster,herpes simplex,folliculitis,3,True,False,adequate,4,5,herpes simplex,0.70574486,herpes zoster,0.29419824,tinea cruris,5.6233297e-05,herpes zoster,herpes simplex,folliculitis,3,True,False,adequate,4,5,0.0,0.0
EN,116,GP,>10,23,SNU-134,amyloidosis,Papillomatosis,folliculitis,don't know,1,False,False,Adequate,2,4,becker nevus,0.93455005,prurigo pigmentosa,0.046528503,confluent and reticulated papillomatosis,0.018220825,prurigo pigmentosa,folliculitis,don't know,2,False,False,Adequate,2,4,1.0,0.0
EN,116,GP,>10,76,SNU-134,subungual hematoma,Sublingual hematoma,onychomycosis,malignant melanoma,4,True,True,adequate,5,5,subungual hematoma,0.9999287,pyogenic granuloma,7.031178e-05,paronychia,9.421783e-07,Sublingual hematoma,onychomycosis,malignant melanoma,4,True,True,adequate,5,5,0.0,0.0
EN,116,GP,>10,50,SNU-134,melanocytic nevus,Flesh coloured unna naevus,don't know,don't know,3,False,True,Inadequate and dangerous,3,4,nevus spilus,0.99965405,skin tag,0.00018519597,blue nevus,0.00011589268,Flesh coloured unna naevus,don't know,don't know,3,False,True,Inadequate and dangerous,3,4,0.0,0.0
EN,116,GP,>10,15,SNU-134,malignant melanoma,Acral melanoma,don't know,don't know,5,True,False,Adequate,5,5,subungual hematoma,0.9239385,malignant melanoma,0.075841494,paronychia,0.00017660238,Acral melanoma,don't know,don't know,5,True,False,Adequate,5,5,0.0,0.0
EN,116,GP,>10,114,SNU-134,juvenile xanthogranuloma,Cyst,Nevus,don't know,1,False,False,Inadequate and dangerous,don't know,don't know,juvenile xanthogranuloma,1.0,organoid nevus,6.5700826e-15,pyogenic granuloma,4.8619843e-17,juvenile xanthogranuloma,don't know,don't know,5,True,False,Adequate,don't know,don't know,1.0,1.0
EN,116,GP,>10,63,SKINTONE,atopic dermatitis,Infected atopic eczema,don't know,don't know,4,True,True,adequate,5,5,atopic dermatitis,1.0,xerotic eczema,9.640144e-11,nummular eczema,1.213515e-12,Infected atopic eczema,don't know,don't know,4,True,True,adequate,5,5,0.0,0.0
EN,116,GP,>10,116,SNU-134,eczema herpeticum,varicella,folliculitis,molluscum contagiosum,1,False,False,Inadequate and dangerous,4,5,varicella,0.99991703,eczema herpeticum,4.8323967e-05,scabies,3.2190703e-05,varicella,eczema herpeticum,scabies,3,True,False,Inadequate but harmless,4,5,0.0,0.0
EN,116,GP,>10,112,SNU-134,xanthelasma,xanthelasma,don't know,don't know,5,True,False,Inadequate and dangerous,4,4,vitiligo,0.98934746,xanthelasma,0.010652511,morphea,8.394081e-16,xanthelasma,don't know,don't know,5,True,False,Adequate,4,4,0.0,1.0
EN,116,GP,>10,129,SNU-134,prurigo pigmentosa,Papillomatosis,prurigo pigmentosa,don't know,2,True,True,Adequate,1,4,prurigo pigmentosa,0.62015307,becker nevus,0.37614188,confluent and reticulated papillomatosis,0.0035741108,Papillomatosis,prurigo pigmentosa,don't know,3,True,True,Adequate,1,4,0.0,0.0
EN,116,GP,>10,21,SNU-134,furuncle,Folliculitis +/- cellulitis,insect bite,don't know,3,False,True,adequate,4,4,inflamed cyst,0.94845927,folliculitis,0.03564429,furuncle,0.015817055,Folliculitis +/- cellulitis,insect bite,don't know,3,False,True,adequate,4,4,0.0,0.0
EN,117,GP,2-5,117,SNU-134,urticaria pigmentosa,Bruising,don't know,don't know,1,False,False,Inadequate and dangerous,3,3,urticaria pigmentosa,0.99998736,juvenile xanthogranuloma,1.2606945e-05,congenital nevus,1.186097e-08,Bruising,don't know,don't know,1,False,False,Inadequate and dangerous,3,3,0.0,0.0
EN,117,GP,2-5,113,SKINTONE,pityriasis rosea,pityriasis rosea,Sebhorreic keratoses,don't know,5,True,False,Perfect,4,4,pityriasis rosea,1.0,drug eruption,1.8581864e-10,seborrheic dermatitis,3.9397066e-13,pityriasis rosea,Sebhorreic keratoses,don't know,5,True,False,adequate,4,4,0.0,0.0
EN,117,GP,2-5,91,SNU-134,malignant melanoma,malignant melanoma,Bruising,don't know,5,True,False,Adequate,4,5,subungual hematoma,0.8558512,malignant melanoma,0.14414886,melanocytic nevus,5.2664526e-09,malignant melanoma,Haematoma,don't know,5,True,False,Adequate,4,5,0.0,0.0
EN,117,GP,2-5,19,SNU-134,epidermal nevus,Verrucous liner eruption,don't know,don't know,3,False,False,adequate,4,5,epidermal nevus,0.9999999,nevus spilus,1.2359568e-07,congenital nevus,3.622886e-12,ILVEN,don't know,don't know,4,True,False,adequate,4,5,1.0,0.0
EN,117,GP,2-5,71,SNU-134,acne,acne,folliculitis,don't know,5,True,False,adequate,4,5,acne,0.6654094,folliculitis,0.33458886,cellulitis,1.2468967e-06,acne,folliculitis,don't know,5,True,False,adequate,4,5,0.0,0.0
EN,117,GP,2-5,168,SNU-134,becker nevus,Large congenital nevus,don't know,don't know,2,False,True,Inadequate and dangerous,4,4,becker nevus,0.99941146,nevus spilus,0.00058840873,lichen simplex chronicus,6.4082876e-08,Large congenital nevus,don't know,don't know,2,False,True,Inadequate and dangerous,4,4,0.0,0.0
EN,117,GP,2-5,74,SNU-134,lichen simplex chronicus,"Skin pigmentation, ethnicityrelated",don't know,don't know,1,False,False,Inadequate and dangerous,2,4,lichen amyloidosis,0.9985241,lichen simplex chronicus,0.00070912624,confluent and reticulated papillomatosis,0.0005028458,confluent and reticulated papillomatosis,don't know,don't know,1,False,False,Inadequate and dangerous,3,4,1.0,0.0
EN,117,GP,2-5,199,SNU-134,squamous cell carcinoma,malignant melanoma,Haematoma,don't know,1,False,False,Adequate,5,5,squamous cell carcinoma,0.947068,bowen disease,0.04570103,basal cell carcinoma,0.007230953,malignant melanoma,Haematoma,don't know,1,False,False,Adequate,5,5,0.0,0.0
EN,117,GP,2-5,198,SNU-134,furuncle,Bite reaction,acne,don't know,2,False,False,adequate,4,5,acne,0.8477091,folliculitis,0.15198587,cellulitis,0.0003027153,Bite reaction,acne,don't know,2,False,False,adequate,4,5,0.0,0.0
EN,117,GP,2-5,2,SNU-134,lentigo,Pigmented solar keratosis,Lentigo maligna melanoma,don't know,2,False,False,Inadequate but harmless,3,4,lentigo,0.99999905,seborrheic keratosis,9.721546e-07,actinic keratosis,4.792321e-09,Pigmented solar keratosis,Lentigo maligna melanoma,don't know,2,False,False,Inadequate but harmless,3,4,0.0,0.0
EN,117,GP,2-5,32,SNU-134,varicella,scabies,folliculitis,don't know,1,False,False,Inadequate and dangerous,3,4,prurigo pigmentosa,0.8442765,atopic dermatitis,0.129474,varicella,0.015954327,scabies,folliculitis,don't know,1,False,False,Inadequate and dangerous,3,4,0.0,0.0
EN,117,GP,2-5,66,SNU-134,herpes zoster,herpes zoster,don't know,don't know,5,True,False,adequate,5,5,herpes zoster,1.0,herpes simplex,5.905304e-10,varicella,6.0417356e-14,herpes zoster,don't know,don't know,5,True,False,adequate,5,5,0.0,0.0
EN,117,GP,2-5,86,SNU-134,vasculitis,psoriasis,don't know,don't know,1,False,False,adequate,2,4,vasculitis,1.0,drug eruption,2.3859587e-10,urticaria pigmentosa,2.9738465e-13,vasculitis,don't know,don't know,5,True,False,Adequate,3,4,1.0,0.0
EN,117,GP,2-5,89,PASSION,scabies,"Pigmentation due to ethnicity, non concerning",don't know,don't know,1,False,False,Inadequate and dangerous,1,4,atopic dermatitis,0.95055836,urticaria pigmentosa,0.04309037,scabies,0.004135257,Urticaria pigments,don't know,don't know,1,False,False,Inadequate and dangerous,2,4,1.0,0.0
EN,117,GP,2-5,171,SNU-134,tinea pedis,Vesicular foot dermatitis,don't know,don't know,2,False,False,Inadequate and dangerous,3,4,tinea pedis,0.99999905,pompholyx,9.132548e-07,palmoplantar pustulosis,2.3222926e-08,Vesicular foot dermatitis,don't know,don't know,2,False,False,Inadequate and dangerous,3,4,0.0,0.0
EN,21,NP,2-5,59,SNU-134,herpes zoster,herpes zoster,folliculitis,acne,5,True,False,Perfect,4,5,varicella,0.99999964,erythema multiforme,3.059022e-07,herpes zoster,2.7191263e-11,herpes zoster,folliculitis,acne,5,True,False,Perfect,4,5,0.0,0.0
EN,21,NP,2-5,150,SNU-134,folliculitis,acne,folliculitis,don't know,4,True,True,Adequate,4,5,acne,0.9899822,folliculitis,0.010013528,steatocystoma multiplex,4.3132522e-06,acne,folliculitis,don't know,4,True,True,Adequate,4,5,0.0,0.0
EN,21,NP,2-5,169,SNU-134,neurofibromatosis,Cutaneous neurofibromatosis,don't know,don't know,4,True,False,Inadequate but harmless,5,5,urticaria pigmentosa,0.98613065,neurofibromatosis,0.013214158,neurofibroma,0.0004966046,Cutaneous neurofibromatosis,don't know,don't know,4,True,False,Inadequate but harmless,5,5,0.0,0.0
EN,21,NP,2-5,39,SNU-134,abscess,inflamed cyst,don't know,don't know,4,True,False,Inadequate but harmless,4,4,inflamed cyst,0.9994961,furuncle,0.00040444126,epidermal cyst,7.0281356e-05,inflamed cyst,don't know,don't know,4,True,False,Inadequate but harmless,4,4,0.0,0.0
EN,21,NP,2-5,128,SNU-134,melanocytic nevus,epidermal nevus,malignant melanoma,don't know,2,False,False,Inadequate but harmless,5,5,melanocytic nevus,0.99988794,nevus spilus,9.6100885e-05,seborrheic keratosis,6.3385405e-06,epidermal nevus,malignant melanoma,don't know,2,False,False,Inadequate but harmless,5,5,0.0,0.0
EN,21,NP,2-5,135,PASSION,tinea corporis,tinea versicolor,tinea corporis,don't know,3,True,False,Inadequate but harmless,3,5,tinea versicolor,0.53120714,pityriasis rosea,0.46878868,tinea corporis,4.1908656e-06,tinea versicolor,tinea corporis,don't know,3,False,True,Inadequate but harmless,3,5,0.0,0.0
EN,21,NP,2-5,64,SNU-134,angiofibroma,angiofibroma,wart,Molluscum,5,True,False,Perfect,4,4,sebaceous hyperplasia,0.902559,angiofibroma,0.09512901,organoid nevus,0.0015864265,angiofibroma,wart,Molluscum,5,True,False,Perfect,4,4,0.0,0.0
EN,21,NP,2-5,57,SNU-134,acute generalized exanthematous pustulosis,pustular psoriasis,Acute generalized pustulosis,don't know,3,False,True,Inadequate but harmless,3,4,acute generalized exanthematous pustulosis,0.8740772,pustular psoriasis,0.12592277,palmoplantar pustulosis,1.6757559e-10,pustular psoriasis,Acute generalized pustulosis,don't know,3,False,True,Inadequate but harmless,3,4,0.0,0.0
EN,21,NP,2-5,144,SNU-134,nummular eczema,impetigo,nummular eczema,don't know,1,False,False,Inadequate and dangerous,3,4,nummular eczema,0.99987566,bowen disease,6.604829e-05,lichen simplex chronicus,5.8287416e-05,impetigo,nummular eczema,don't know,1,False,False,Inadequate and dangerous,3,4,0.0,0.0
EN,21,NP,2-5,198,SNU-134,furuncle,acne,folliculitis,don't know,3,False,True,Inadequate but harmless,5,5,acne,0.8477091,folliculitis,0.15198587,cellulitis,0.0003027153,acne,folliculitis,don't know,2,False,False,Inadequate but harmless,5,5,0.0,0.0
EN,21,NP,2-5,116,SNU-134,eczema herpeticum,eczema herpeticum,scabies,atopic dermatitis,5,True,False,Inadequate but harmless,3,3,varicella,0.99991703,eczema herpeticum,4.8323967e-05,scabies,3.2190703e-05,eczema herpeticum,scabies,atopic dermatitis,5,True,False,Inadequate but harmless,3,3,0.0,0.0
EN,21,NP,2-5,67,SNU-134,hemangioma,angiokeratoma,Kaposi,insect bite,3,False,False,Inadequate but harmless,3,3,hemangioma,0.57419926,pyogenic granuloma,0.35932472,angiokeratoma,0.06646839,hemangioma,Kaposi,insect bite,5,True,False,Inadequate but harmless,4,3,1.0,0.0
EN,21,NP,2-5,15,SNU-134,malignant melanoma,malignant melanoma,onychomycosis,don't know,5,True,False,Adequate,4,4,subungual hematoma,0.9239385,malignant melanoma,0.075841494,paronychia,0.00017660238,malignant melanoma,onychomycosis,don't know,5,True,False,Adequate,4,4,0.0,0.0
EN,21,NP,2-5,24,SNU-134,wart,wart,Verruciform epidermodyslpasia,don't know,5,True,False,Inadequate but harmless,4,4,bowen disease,0.86689454,verruca plana,0.13294259,epidermal nevus,0.00015087062,Bowen,wart,don't know,1,False,False,Inadequate and dangerous,5,5,1.0,0.0
EN,21,NP,2-5,37,SNU-134,skin tag,skin tag,Nevus,don't know,5,True,False,Perfect,5,5,skin tag,0.88109386,nevus spilus,0.11557435,epidermal nevus,0.0029851922,skin tag,Nevus,don't know,5,True,False,Perfect,5,5,0.0,0.0
EN,21,NP,2-5,18,SNU-134,pustular psoriasis,pompholyx,psoriasis,don't know,3,False,True,Inadequate but harmless,4,4,palmoplantar pustulosis,1.0,pustular psoriasis,1.1628234e-10,tinea pedis,4.15242e-14,Palmo plantar pustulosis,psoriasis,pompholyx,4,True,True,Inadequate but harmless,4,4,1.0,0.0
EN,21,NP,2-5,148,SNU-134,vitiligo,vitiligo,tinea versicolor,Hypopigmentation,5,True,False,Inadequate but harmless,5,5,vitiligo,0.99879336,tinea versicolor,0.0012065897,nevus spilus,2.6322888e-11,vitiligo,tinea versicolor,Hypopigmentation,5,True,False,Inadequate but harmless,5,5,0.0,0.0
EN,21,NP,2-5,68,SNU-134,onychomycosis,onychomycosis,Onychodystrophy,don't know,5,True,False,Inadequate but harmless,4,5,onychomycosis,0.9590408,paronychia,0.040840883,subungual hematoma,0.000118355034,onychomycosis,Onychodystrophy,don't know,5,True,False,Inadequate but harmless,4,5,0.0,0.0
EN,21,NP,2-5,45,SNU-134,impetigo,don't know,don't know,don't know,1,False,False,Inadequate and dangerous,don't know,don't know,impetigo,0.9998111,eczema herpeticum,0.00018522506,herpes simplex,3.7259492e-06,eczema herpeticum,impetigo,herpes zoster,3,True,False,Inadequate but harmless,5,4,0.0,1.0
EN,21,NP,2-5,190,SKINTONE,pityriasis rosea,pityriasis rosea,Secondary syphylis,don't know,5,True,False,Inadequate but harmless,4,4,psoriasis,0.99939203,pityriasis rosea,0.0005702942,pustular psoriasis,3.761498e-05,pityriasis rosea,Secondary syphylis,don't know,5,True,False,Inadequate but harmless,4,4,0.0,0.0
EN,21,NP,2-5,33,SNU-134,congenital nevus,congenital nevus,malignant melanoma,don't know,5,True,False,Inadequate but harmless,4,5,congenital nevus,0.9523771,nevus spilus,0.044543274,becker nevus,0.002847556,congenital nevus,malignant melanoma,don't know,5,True,False,Inadequate but harmless,4,5,0.0,0.0
EN,21,NP,2-5,117,SNU-134,urticaria pigmentosa,urticaria pigmentosa,Ashy dermatitis,don't know,5,True,False,Inadequate but harmless,4,4,urticaria pigmentosa,0.99998736,juvenile xanthogranuloma,1.2606945e-05,congenital nevus,1.186097e-08,urticaria pigmentosa,Ashy dermatitis,don't know,5,True,False,Inadequate but harmless,5,4,0.0,0.0
EN,21,NP,2-5,62,SNU-134,herpes simplex,tinea corporis,impetigo,nummular eczema,1,False,False,Inadequate and dangerous,4,4,herpes simplex,0.70574486,herpes zoster,0.29419824,tinea cruris,5.6233297e-05,herpes simplex,impetigo,tinea corporis,5,True,False,Inadequate but harmless,4,4,1.0,0.0
EN,21,NP,2-5,181,SNU-134,tinea faciale,tinea faciale,contact dermatitis,atopic dermatitis,5,True,False,Perfect,4,4,tinea faciale,0.76629364,tinea corporis,0.23370634,tinea cruris,3.1148047e-13,tinea faciale,contact dermatitis,atopic dermatitis,5,True,False,Perfect,4,4,0.0,0.0
EN,21,NP,2-5,138,SNU-134,wart,seborrheic keratosis,Hypertrophic ak,wart,3,False,True,Inadequate but harmless,4,4,wart,0.9101248,verruca plana,0.07952581,skin tag,0.009498005,seborrheic keratosis,Hypertrophic ak,wart,3,True,False,Inadequate but harmless,4,4,0.0,0.0
EN,21,NP,2-5,137,SKINTONE,lichen planus,lichen planus,Drug reaction,don't know,5,True,False,Adequate,5,5,lichen planus,1.0,verruca plana,3.0988192e-12,granuloma annulare,1.480591e-14,lichen planus,Drug reaction,don't know,5,True,False,Inadequate but harmless,5,5,0.0,0.0
EN,21,NP,2-5,196,SNU-134,actinic keratosis,basal cell carcinoma,squamous cell carcinoma,don't know,1,False,False,Inadequate and dangerous,4,5,basal cell carcinoma,0.9862732,malignant melanoma,0.013635593,squamous cell carcinoma,8.904917e-05,basal cell carcinoma,squamous cell carcinoma,don't know,1,False,False,Inadequate and dangerous,4,5,0.0,0.0
EN,21,NP,2-5,32,SNU-134,varicella,varicella,insect bite,atopic dermatitis,5,True,False,Inadequate but harmless,4,5,prurigo pigmentosa,0.8442765,atopic dermatitis,0.129474,varicella,0.015954327,varicella,insect bite,atopic dermatitis,5,True,False,Inadequate but harmless,4,5,0.0,0.0
EN,21,NP,2-5,140,SNU-134,sebaceous hyperplasia,sebaceous hyperplasia,basal cell carcinoma,don't know,5,True,False,Inadequate but harmless,4,4,basal cell carcinoma,1.0,sebaceous hyperplasia,3.7378893e-12,epidermal cyst,6.9144e-13,basal cell carcinoma,sebaceous hyperplasia,don't know,1,False,False,Inadequate and dangerous,5,5,1.0,1.0
EN,21,NP,2-5,61,SKINTONE,atopic dermatitis,nummular eczema,tinea corporis,atopic dermatitis,3,False,True,Inadequate but harmless,4,5,nummular eczema,0.9999999,xerotic eczema,6.615601e-08,hand eczema,3.081175e-11,nummular eczema,tinea corporis,atopic dermatitis,3,True,True,Inadequate but harmless,4,5,0.0,0.0
EN,25,NP,>10,71,SNU-134,acne,hidradenitis suppurativa,ingrown hair,don't know,2,False,False,Inadequate but harmless,3,3,acne,0.6654094,folliculitis,0.33458886,cellulitis,1.2468967e-06,hidradenitis suppurativa,ingrown hair,don't know,2,False,False,Inadequate but harmless,3,3,1.0,0.0
EN,25,NP,>10,114,SNU-134,juvenile xanthogranuloma,juvenile xanthogranuloma,basal cell carcinoma,don't know,5,True,False,Perfect,4,4,juvenile xanthogranuloma,1.0,organoid nevus,6.5700826e-15,pyogenic granuloma,4.8619843e-17,juvenile xanthogranuloma,basal cell carcinoma,don't know,5,True,False,Perfect,4,4,0.0,0.0
EN,25,NP,>10,119,SNU-134,urticaria pigmentosa,insect bite,don't know,don't know,1,False,False,Inadequate and dangerous,3,3,insect bite,0.99929035,urticaria,0.0007096704,urticaria pigmentosa,1.9963207e-09,insect bite,don't know,don't know,1,False,False,Inadequate and dangerous,3,3,0.0,0.0
EN,25,NP,>10,89,PASSION,scabies,tinea versicolor,don't know,don't know,1,False,False,Inadequate and dangerous,3,3,atopic dermatitis,0.95055836,urticaria pigmentosa,0.04309037,scabies,0.004135257,atopic dermatitis,don't know,don't know,1,False,False,Inadequate and dangerous,3,3,1.0,1.0
EN,25,NP,>10,81,SNU-134,lentigo,lichen planus like keratotis,superficial seborrheic keratosis,melasma,1,False,False,Inadequate but harmless,3,4,xanthelasma,0.7771407,granuloma annulare,0.16289753,tinea faciale,0.028307348,lichen planus like keratotis,superficial seborrheic keratosis,melasma,1,False,False,Inadequate but harmless,3,4,0.0,0.0
EN,25,NP,>10,83,SNU-134,xerotic eczema,psoriasis,pruitic rash,atopic dermatitis,1,False,False,Inadequate but harmless,4,4,nummular eczema,0.9999987,lichen planus,1.1726419e-06,lichen simplex chronicus,1.4908468e-07,lichen simplex chronicus,pruitic rash,atopic dermatitis,3,True,False,Inadequate but harmless,4,4,1.0,0.0
EN,25,NP,>10,38,SNU-134,squamous cell carcinoma,squamous cell carcinoma,keratocanthoma,don't know,5,True,False,Adequate,3,3,keratoacanthoma,0.99493533,squamous cell carcinoma,0.0050603095,pyogenic granuloma,2.179691e-06,keratoacanthoma,squamous cell carcinoma,don't know,3,True,False,Adequate,3,3,1.0,0.0
EN,25,NP,>10,111,SNU-134,pyoderma gangrenosum,venus ulcer,furuncle,don't know,1,False,False,Adequate,4,4,pyoderma gangrenosum,1.0,pyogenic granuloma,2.4410817e-14,vasculitis,1.0075548e-15,pyoderma gangrenosum,furuncle,don't know,5,True,False,Adequate,4,4,1.0,0.0
EN,25,NP,>10,11,SNU-134,tinea pedis,tinea pedis,don't know,don't know,5,True,False,Inadequate but harmless,4,5,tinea pedis,1.0,tinea cruris,4.6911644e-08,cellulitis,1.5079722e-09,tinea pedis,don't know,don't know,5,True,False,Perfect,4,5,0.0,0.0
EN,25,NP,>10,39,SNU-134,abscess,epidermal cyst,don't know,don't know,3,False,False,Inadequate but harmless,4,5,inflamed cyst,0.9994961,furuncle,0.00040444126,epidermal cyst,7.0281356e-05,epidermal cyst,don't know,don't know,3,True,False,Inadequate but harmless,4,5,0.0,0.0
EN,25,NP,>10,43,SNU-134,nevus spilus,malignant melanoma,congenital nevus,don't know,1,False,False,Inadequate and dangerous,4,5,nevus spilus,0.89219856,congenital nevus,0.09403703,becker nevus,0.013130513,malignant melanoma,congenital nevus,don't know,1,False,False,Inadequate and dangerous,4,5,0.0,1.0
EN,25,NP,>10,59,SNU-134,herpes zoster,acne,don't know,don't know,1,False,False,Adequate,4,4,varicella,0.99999964,erythema multiforme,3.059022e-07,herpes zoster,2.7191263e-11,varicella,acne,don't know,2,False,False,Inadequate but harmless,4,4,1.0,1.0
EN,25,NP,>10,190,SKINTONE,pityriasis rosea,pityriasis rosea,don't know,don't know,5,True,False,Inadequate but harmless,3,3,psoriasis,0.99939203,pityriasis rosea,0.0005702942,pustular psoriasis,3.761498e-05,pityriasis rosea,psoriasis,don't know,5,True,False,Inadequate but harmless,3,3,0.0,0.0
EN,25,NP,>10,180,SNU-134,basal cell carcinoma,malignant melanoma,hemangioma,don't know,1,False,False,Adequate,5,5,basal cell carcinoma,0.99871564,malignant melanoma,0.001284308,blue nevus,6.403826e-08,pigmented basal cell carcinoma,malignant melanoma,don't know,5,True,False,Adequate,5,5,1.0,0.0
EN,25,NP,>10,20,SNU-134,pompholyx,herpes simplex,impitigo,pustular psoriasis,1,False,False,Inadequate and dangerous,3,3,palmoplantar pustulosis,1.0,pustular psoriasis,1.1628234e-10,hand eczema,1.7283825e-11,pustular psoriasis,palmoplantar pustulosis,don't know,2,False,False,Adequate,3,3,1.0,0.0
EN,26,NP,2-5,73,SNU-134,sebaceous hyperplasia,seborroic keratosis,basal cell carcinoma,don't know,2,False,False,Inadequate and dangerous,4,4,sebaceous hyperplasia,0.99986434,seborrheic keratosis,0.00013552078,epidermal nevus,4.9930406e-08,seborroic keratosis,basal cell carcinoma,don't know,1,False,False,Inadequate and dangerous,4,4,0.0,0.0
EN,26,NP,2-5,19,SNU-134,epidermal nevus,sebaceous nevus,seborroic keratosis,don't know,2,False,False,Inadequate and dangerous,5,5,epidermal nevus,0.9999999,nevus spilus,1.2359568e-07,congenital nevus,3.622886e-12,sebaceous nevus,seborroic keratosis,don't know,2,False,False,Inadequate and dangerous,5,5,0.0,0.0
EN,26,NP,2-5,171,SNU-134,tinea pedis,tinea,eczema,psoriais,4,True,True,Inadequate but harmless,4,4,tinea pedis,0.99999905,pompholyx,9.132548e-07,palmoplantar pustulosis,2.3222926e-08,tinea,eczema,psoriais,4,True,True,Inadequate but harmless,4,4,0.0,0.0
EN,26,NP,2-5,62,SNU-134,herpes simplex,eczema,don't know,don't know,1,False,False,Inadequate and dangerous,3,3,herpes simplex,0.70574486,herpes zoster,0.29419824,tinea cruris,5.6233297e-05,eczema,herpes,don't know,1,False,False,Inadequate and dangerous,4,4,1.0,0.0
EN,26,NP,2-5,103,SNU-134,tinea faciale,tinea,eczema,don't know,4,True,True,Inadequate but harmless,5,5,tinea faciale,0.99997723,tinea corporis,2.2827999e-05,seborrheic dermatitis,5.0086603e-14,tinea,eczema,don't know,4,True,True,Inadequate but harmless,5,5,0.0,0.0
EN,26,NP,2-5,29,SNU-134,herpes zoster,zoster,don't know,don't know,4,True,False,Inadequate but harmless,5,5,herpes zoster,1.0,herpes simplex,1.2501529e-09,eczema herpeticum,1.7832473e-11,zoster,don't know,don't know,5,True,False,Inadequate but harmless,5,5,0.0,0.0
EN,26,NP,2-5,110,SNU-134,lymphangioma,Lymphangioma circumscriptum,don't know,don't know,5,True,False,Inadequate but harmless,4,4,nummular eczema,0.9997652,bowen disease,0.00016864159,nevus spilus,4.985036e-05,Lymphangioma circumscriptum,don't know,don't know,5,True,False,Inadequate but harmless,4,4,0.0,0.0
EN,26,NP,2-5,149,SKINTONE,pityriasis rosea,rosea,lichen planus,tinea versicolor,4,True,True,Perfect,3,3,pityriasis rosea,1.0,tinea corporis,1.3867054e-08,tinea versicolor,4.5019735e-09,rosea,lichen planus,tinea versicolor,4,True,True,Inadequate but harmless,3,3,0.0,0.0
EN,26,NP,2-5,38,SNU-134,squamous cell carcinoma,keratoachantoma,squamous cell carcinoma,don't know,3,True,False,Adequate,5,5,keratoacanthoma,0.99493533,squamous cell carcinoma,0.0050603095,pyogenic granuloma,2.179691e-06,keratoachantoma,squamous cell carcinoma,don't know,3,True,False,Adequate,5,5,0.0,0.0
EN,26,NP,2-5,57,SNU-134,acute generalized exanthematous pustulosis,pustular proriasis,sneddon wilkinson,sdrife,3,False,False,Inadequate but harmless,3,3,acute generalized exanthematous pustulosis,0.8740772,pustular psoriasis,0.12592277,palmoplantar pustulosis,1.6757559e-10,sdrife,acute generalized exanthematous pustulosis,pustular psoriasi,3,True,False,Inadequate but harmless,3,3,1.0,0.0
EN,26,NP,2-5,92,SNU-134,tinea corporis,tinea,eczema,don't know,4,True,True,Inadequate but harmless,4,4,tinea corporis,1.0,tinea faciale,2.5398397e-10,tinea cruris,2.3859587e-10,tinea,eczema,don't know,4,True,True,Inadequate but harmless,4,4,0.0,0.0
EN,26,NP,2-5,117,SNU-134,urticaria pigmentosa,mastocytosis,ashy dermatitis,don't know,4,True,False,Inadequate but harmless,4,4,urticaria pigmentosa,0.99998736,juvenile xanthogranuloma,1.2606945e-05,congenital nevus,1.186097e-08,mastocytosis,ashy dermatitis,don't know,4,True,False,Inadequate but harmless,4,4,0.0,0.0
EN,26,NP,2-5,85,SNU-134,onychomycosis,tinea,don't know,don't know,4,False,True,Inadequate but harmless,4,4,onychomycosis,1.0,tinea pedis,9.23745e-09,paronychia,2.8780153e-10,tinea,don't know,don't know,4,True,False,Inadequate but harmless,4,4,0.0,0.0
EN,26,NP,2-5,93,SNU-134,bowen disease,nummular eczema,tinea,psoriasis,1,False,False,Inadequate and dangerous,3,3,nummular eczema,0.7431656,bowen disease,0.25683117,pyoderma gangrenosum,2.3688965e-06,nummular eczema,tinea,psoriasis,1,False,False,Inadequate and dangerous,3,3,0.0,0.0
EN,26,NP,2-5,55,SNU-134,eczema herpeticum,bullous impetigo,eczema,don't know,2,False,False,Inadequate and dangerous,3,3,eczema herpeticum,0.9719661,herpes zoster,0.027572557,herpes simplex,0.0002619952,bullous impetigo,eczema,don't know,2,False,True,Inadequate but harmless,3,3,0.0,0.0
EN,26,NP,2-5,34,SNU-134,urticaria,urticaria,don't know,don't know,5,True,False,Inadequate but harmless,5,5,urticaria,1.0,urticaria pigmentosa,1.2917799e-12,erythema annulare centrifugum,4.6059836e-13,urticaria,don't know,don't know,5,True,False,Inadequate but harmless,5,5,0.0,0.0
EN,26,NP,2-5,151,SNU-134,exfoliative dermatitis,sezary syndrome,other causes of erythrodermia,don't know,3,False,False,Adequate,5,5,pustular psoriasis,0.9908742,acute generalized exanthematous pustulosis,0.009125635,exfoliative dermatitis,2.7598546e-07,sezary syndrome,other causes of erythrodermia,don't know,2,False,False,Adequate,5,5,0.0,0.0
EN,26,NP,2-5,52,SNU-134,pyogenic granuloma,pyogenic granuoma,don't know,don't know,5,True,False,Adequate,5,5,pyogenic granuloma,1.0,hemangioma,1.9614644e-14,angiokeratoma,1.2809622000000002e-16,pyogenic granuoma,don't know,don't know,5,True,False,Adequate,5,5,0.0,0.0
EN,26,NP,2-5,37,SNU-134,skin tag,skin tag,dermal nevus,don't know,5,True,False,Perfect,5,5,skin tag,0.88109386,nevus spilus,0.11557435,epidermal nevus,0.0029851922,skin tag,dermal nevus,don't know,5,True,False,Perfect,5,5,0.0,0.0
EN,26,NP,2-5,35,SNU-134,paronychia,squamous cell carcinoma,malignant melanoma,trauma,1,False,False,Adequate,4,4,paronychia,1.0,furuncle,6.42172e-11,subungual hematoma,9.545035e-12,granuloma,trauma,scc/melanoma,3,False,True,Adequate,4,4,1.0,1.0
EN,26,NP,2-5,74,SNU-134,lichen simplex chronicus,lichen simplex,grover,ashy dermatitis,4,True,False,Inadequate but harmless,3,3,lichen amyloidosis,0.9985241,lichen simplex chronicus,0.00070912624,confluent and reticulated papillomatosis,0.0005028458,lichen simplex,lichen amyloidosis,ashy dermatitis,4,True,False,Inadequate but harmless,4,4,0.0,1.0
EN,26,NP,2-5,193,PASSION,scabies,prurigo,eczema,don't know,2,False,False,Inadequate and dangerous,4,4,folliculitis,0.94353473,herpes zoster,0.054920305,scabies,0.0009158828,prurigo,eczema,don't know,2,False,False,Inadequate and dangerous,4,4,0.0,0.0
EN,26,NP,2-5,118,SNU-134,organoid nevus,sebaceous nevus,don't know,don't know,2,False,False,Inadequate and dangerous,5,5,epidermal nevus,1.0,organoid nevus,1.7257829e-08,nevus spilus,1.30268925e-08,sebaceous nevus,don't know,don't know,2,False,False,Inadequate and dangerous,5,5,0.0,0.0
EN,26,NP,2-5,42,SNU-134,acne,follicolitis,acne,don't know,3,False,True,Inadequate but harmless,4,4,folliculitis,0.9992066,acne,0.0007793552,varicella,1.3409546e-05,follicolitis,acne,don't know,3,False,True,Inadequate but harmless,4,4,0.0,0.0
EN,26,NP,2-5,59,SNU-134,herpes zoster,eczema herpeticum,don't know,don't know,2,False,False,Inadequate and dangerous,4,4,varicella,0.99999964,erythema multiforme,3.059022e-07,herpes zoster,2.7191263e-11,eczema herpeticum,don't know,don't know,2,False,False,Inadequate and dangerous,4,4,0.0,0.0
EN,26,NP,2-5,175,SNU-134,confluent and reticulated papillomatosis,parapsoriasis,mycosis fungoides,don't know,3,False,False,Adequate,3,3,epidermal nevus,0.9647521,becker nevus,0.03199633,congenital nevus,0.0026264184,parapsoriasis,mycosis fungoides,don't know,3,False,False,Adequate,3,3,0.0,0.0
EN,26,NP,2-5,147,SNU-134,nummular eczema,nummular eczema,don't know,don't know,5,True,False,Perfect,4,4,hand eczema,0.99999774,nummular eczema,1.8162217e-06,pustular psoriasis,3.576352e-07,nummular eczema,don't know,don't know,5,True,False,Inadequate but harmless,4,4,0.0,0.0
EN,26,NP,2-5,81,SNU-134,lentigo,solar lentigo,seborroic keratosis,lentigo maligna,5,True,False,Perfect,5,5,xanthelasma,0.7771407,granuloma annulare,0.16289753,tinea faciale,0.028307348,solar lentigo,seborroic keratosis,lentigo maligna,5,True,False,Perfect,5,5,0.0,0.0
EN,26,NP,2-5,148,SNU-134,vitiligo,vitiligo,don't know,don't know,5,True,False,Inadequate but harmless,3,3,vitiligo,0.99879336,tinea versicolor,0.0012065897,nevus spilus,2.6322888e-11,vitiligo,don't know,don't know,5,True,False,Inadequate but harmless,3,3,0.0,0.0
EN,26,NP,2-5,3,SNU-134,dermatofibroma,aspecific blistering disease,don't know,don't know,1,False,False,Inadequate and dangerous,3,3,dermatofibroma,1.0,juvenile xanthogranuloma,1.6752058e-11,epidermal cyst,1.0815942e-11,aspecific blistering disease,don't know,don't know,1,False,False,Inadequate and dangerous,3,3,0.0,0.0
EN,28,NP,>10,59,SNU-134,herpes zoster,varicella,don't know,don't know,2,False,False,Inadequate but harmless,4,4,varicella,0.99999964,erythema multiforme,3.059022e-07,herpes zoster,2.7191263e-11,varicella,don't know,don't know,2,False,False,Inadequate but harmless,5,5,0.0,0.0
EN,28,NP,>10,98,SNU-134,tinea pedis,tinea pedis,don't know,don't know,5,True,False,Perfect,4,4,tinea pedis,0.99978346,palmoplantar pustulosis,0.00021654404,tinea faciale,4.604986e-13,tinea pedis,don't know,don't know,5,True,False,Inadequate but harmless,5,5,0.0,0.0
EN,28,NP,>10,142,SNU-134,blue nevus,nevus,sebk,don't know,4,True,True,Inadequate but harmless,3,3,blue nevus,0.9999999,nevus spilus,7.265816e-08,melanocytic nevus,5.26334e-09,nevus,sebk,don't know,4,True,True,Inadequate but harmless,5,5,0.0,0.0
EN,28,NP,>10,184,SNU-134,folliculitis,folliciltis,don't know,don't know,5,True,False,Inadequate but harmless,3,3,folliculitis,0.99744654,acne,0.0025509056,staphylococcal scalded skin syndrome,2.3999642e-06,folliciltis,don't know,don't know,5,True,False,Inadequate but harmless,4,4,0.0,0.0
EN,28,NP,>10,89,PASSION,scabies,varicella,miliaria,don't know,1,False,False,Inadequate and dangerous,3,3,atopic dermatitis,0.95055836,urticaria pigmentosa,0.04309037,scabies,0.004135257,varicella,miliaria,don't know,1,False,False,Inadequate and dangerous,3,3,0.0,0.0
EN,28,NP,>10,111,SNU-134,pyoderma gangrenosum,pyoderma gang,don't know,don't know,4,True,False,Adequate,4,4,pyoderma gangrenosum,1.0,pyogenic granuloma,2.4410817e-14,vasculitis,1.0075548e-15,pyoderma gang,don't know,don't know,4,True,False,Adequate,5,5,0.0,0.0
EN,28,NP,>10,167,SNU-134,granuloma annulare,granuloma anulare,don't know,don't know,5,True,False,Inadequate but harmless,3,3,granuloma annulare,1.0,erythema annulare centrifugum,1.1628234e-10,tinea corporis,8.1766005e-15,granuloma anulare,don't know,don't know,5,True,False,Inadequate but harmless,5,5,0.0,0.0
EN,28,NP,>10,37,SNU-134,skin tag,skin tag (soft  fibroma),don't know,don't know,5,True,False,Perfect,5,5,skin tag,0.88109386,nevus spilus,0.11557435,epidermal nevus,0.0029851922,skin tag (soft  fibroma),don't know,don't know,5,True,False,Perfect,5,5,0.0,0.0
EN,28,NP,>10,2,SNU-134,lentigo,solar lentigo,don't know,don't know,5,True,False,Perfect,4,4,lentigo,0.99999905,seborrheic keratosis,9.721546e-07,actinic keratosis,4.792321e-09,solar lentigo,don't know,don't know,5,True,False,Perfect,4,4,0.0,0.0
EN,28,NP,>10,63,SKINTONE,atopic dermatitis,atopic dermatitis,don't know,don't know,5,True,False,Inadequate but harmless,4,4,atopic dermatitis,1.0,xerotic eczema,9.640144e-11,nummular eczema,1.213515e-12,atopic dermatitis,don't know,don't know,5,True,False,Inadequate but harmless,5,5,0.0,0.0
EN,28,NP,>10,175,SNU-134,confluent and reticulated papillomatosis,tinea versicolor,don't know,don't know,2,False,False,Inadequate but harmless,3,3,epidermal nevus,0.9647521,becker nevus,0.03199633,congenital nevus,0.0026264184,tinea versicolor,don't know,don't know,2,False,False,Inadequate but harmless,3,3,0.0,0.0
EN,32,NP,2-5,139,SNU-134,epidermal cyst,comedon,don't know,don't know,1,False,False,Inadequate and dangerous,5,5,epidermal cyst,0.9315932,inflamed cyst,0.059554756,skin tag,0.008852025,comedon,don't know,don't know,1,False,False,Inadequate and dangerous,5,5,0.0,0.0
EN,32,NP,2-5,56,SNU-134,neurofibroma,neurofibroma,IDN,don't know,5,True,False,Inadequate but harmless,4,5,juvenile xanthogranuloma,0.69211155,neurofibroma,0.2626959,epidermal cyst,0.033398036,neurofibroma,IDN,don't know,5,True,False,Inadequate but harmless,4,5,0.0,0.0
EN,28,NP,>10,5,SNU-134,keratoacanthoma,keratoacathoma,PLEP,don't know,5,True,False,Adequate,4,4,keratoacanthoma,0.99944717,squamous cell carcinoma,0.0005527786,actinic keratosis,7.0808845e-20,keratoacathoma,PLEP,don't know,5,True,False,Adequate,5,5,0.0,0.0
EN,32,NP,2-5,124,SNU-134,lichen planus,lichen,don't know,don't know,4,True,True,Adequate,4,4,lichen planus,0.9446937,lichen simplex chronicus,0.054987762,prurigo pigmentosa,0.00031690943,lichen,don't know,don't know,4,True,True,Adequate,4,4,0.0,0.0
EN,32,NP,2-5,126,SNU-134,tinea cruris,Intertrigo,micosys,DIC,3,True,False,Inadequate but harmless,4,5,tinea cruris,1.0,tinea corporis,1.4026326e-10,tinea pedis,1.4068618000000002e-16,Intertrigo,micosys,DIC,3,False,True,Inadequate but harmless,4,5,0.0,0.0
EN,32,NP,2-5,19,SNU-134,epidermal nevus,ILVEN,verrucoso nevus,don't know,3,False,False,Inadequate but harmless,5,5,epidermal nevus,0.9999999,nevus spilus,1.2359568e-07,congenital nevus,3.622886e-12,ILVEN,verrucoso nevus,don't know,3,False,False,Inadequate but harmless,5,5,0.0,0.0
EN,32,NP,2-5,4,SNU-134,confluent and reticulated papillomatosis,IPH,cafeaulait macules,genetical disease,2,False,False,Adequate,3,5,tinea versicolor,0.99974436,confluent and reticulated papillomatosis,0.0002378178,becker nevus,1.7774324e-05,IPH,cafeaulait macules,genetical disease,2,False,False,Adequate,3,5,0.0,0.0
EN,32,NP,2-5,40,SNU-134,tinea corporis,eczema,infection,bollous disease,1,False,False,Inadequate and dangerous,don't know,don't know,tinea corporis,0.9999995,pityriasis rosea,2.785271e-07,herpes zoster,1.9750529e-07,eczema,infection,bollous disease,1,False,False,Inadequate and dangerous,don't know,don't know,0.0,0.0
EN,32,NP,2-5,33,SNU-134,congenital nevus,congenital nevus,spitz nevus,malignant melanoma,5,True,False,Inadequate but harmless,4,5,congenital nevus,0.9523771,nevus spilus,0.044543274,becker nevus,0.002847556,congenital nevus,spitz nevus,malignant melanoma,5,True,False,Inadequate but harmless,4,5,0.0,0.0
EN,32,NP,2-5,41,SNU-134,herpes zoster,herpes zoster,pemfigo,bullous disease,5,True,False,Inadequate but harmless,5,5,herpes zoster,1.0,herpes simplex,4.470998e-16,epidermal nevus,1.363577e-16,herpes zoster,pemfigo,bullous disease,5,True,False,Inadequate but harmless,5,5,0.0,0.0
EN,32,NP,2-5,84,SNU-134,seborrheic dermatitis,psoriasis,DAC,LPP,1,False,False,Adequate,3,3,seborrheic dermatitis,0.99965405,alopecia areata,0.0003459916,folliculitis,5.158212e-11,psoriasis,DAC,LPP,1,False,False,Adequate,3,3,0.0,0.0
EN,32,NP,2-5,161,SNU-134,pompholyx,psoriasis,don't know,don't know,1,False,False,Inadequate and dangerous,5,5,palmoplantar pustulosis,0.99954176,pustular psoriasis,0.00045831292,hand eczema,3.430556e-08,psoriasis,hand eczema,don't know,1,False,False,Inadequate and dangerous,5,5,1.0,0.0
EN,32,NP,2-5,72,SNU-134,impetigo,Eczema,allergic dermatitis,DIC,1,False,False,Inadequate and dangerous,5,5,pyoderma gangrenosum,0.99329466,nummular eczema,0.006692767,pustular psoriasis,8.879832e-06,Eczema,allergic dermatitis,DIC,1,False,False,Inadequate and dangerous,5,5,1.0,1.0
EN,32,NP,2-5,181,SNU-134,tinea faciale,lineacorporis,don't know,don't know,2,False,False,Inadequate but harmless,5,5,tinea faciale,0.76629364,tinea corporis,0.23370634,tinea cruris,3.1148047e-13,lineacorporis,don't know,don't know,2,False,False,Inadequate but harmless,5,5,0.0,0.0
EN,32,NP,2-5,185,SNU-134,staphylococcal scalded skin syndrome,atopic dermatitis,perioral dermatitis,don't know,1,False,False,Inadequate and dangerous,5,5,staphylococcal scalded skin syndrome,0.98926115,herpes simplex,0.0055259676,impetigo,0.0028668342,atopic dermatitis,perioral dermatitis,don't know,1,False,False,Inadequate and dangerous,5,5,1.0,0.0
EN,32,NP,2-5,138,SNU-134,wart,sk,skin tag,sci,1,False,False,Inadequate and dangerous,5,5,wart,0.9101248,verruca plana,0.07952581,skin tag,0.009498005,sk,skin tag,sci,2,False,False,Inadequate but harmless,5,5,0.0,0.0
EN,32,NP,2-5,61,SKINTONE,atopic dermatitis,polimorfus erytema,led,drug eruption,1,False,False,Inadequate and dangerous,4,4,nummular eczema,0.9999999,xerotic eczema,6.615601e-08,hand eczema,3.081175e-11,polimorfus erytema,led,drug eruption,1,False,False,Inadequate and dangerous,4,4,0.0,0.0
EN,32,NP,2-5,36,SNU-134,tinea cruris,urticaria,nummular eczema,linea,1,False,False,Inadequate and dangerous,4,5,erythema annulare centrifugum,0.9896498,granuloma annulare,0.008298719,tinea corporis,0.0018516944,urticaria,nummular eczema,linea,1,False,False,Inadequate and dangerous,4,5,0.0,0.0
EN,32,NP,2-5,120,SNU-134,verruca plana,lichen,verruca v,don't know,3,False,True,Inadequate but harmless,5,5,sebaceous hyperplasia,0.9019066,verruca plana,0.0980778,wart,1.5541538e-05,lichen,verruca v,don't know,3,False,True,Inadequate but harmless,5,5,0.0,0.0
EN,32,NP,2-5,81,SNU-134,lentigo,solar lentigo,sk,pigmented ak,5,True,False,Perfect,5,5,xanthelasma,0.7771407,granuloma annulare,0.16289753,tinea faciale,0.028307348,solar lentigo,sk,pigmented ak,5,True,False,Perfect,5,5,0.0,0.0
EN,32,NP,2-5,109,SNU-134,subungual hematoma,malignant melanoma,trauma,don't know,1,False,False,Inadequate and dangerous,4,4,subungual hematoma,1.0,onychomycosis,3.8623525e-15,blue nevus,8.016056400000001e-17,malignant melanoma,trauma,don't know,1,True,False,Inadequate and dangerous,4,4,0.0,0.0
EN,32,NP,2-5,34,SNU-134,urticaria,urticaria,don't know,don't know,5,True,False,Inadequate and dangerous,5,5,urticaria,1.0,urticaria pigmentosa,1.2917799e-12,erythema annulare centrifugum,4.6059836e-13,urticaria,don't know,don't know,5,True,False,Inadequate and dangerous,5,5,0.0,0.0
EN,32,NP,2-5,149,SKINTONE,pityriasis rosea,lichen planus,LED,don't know,1,False,False,Inadequate but harmless,5,5,pityriasis rosea,1.0,tinea corporis,1.3867054e-08,tinea versicolor,4.5019735e-09,lichen planus,LED,don't know,1,False,False,Inadequate and dangerous,5,5,1.0,1.0
EN,32,NP,2-5,12,SNU-134,basal cell carcinoma,blu nevus,malignant melanoma,bcc pigmented,1,False,False,Inadequate and dangerous,5,5,basal cell carcinoma,0.99990976,blue nevus,9.0280395e-05,malignant melanoma,4.413181e-11,blu nevus,malignant melanoma,bcc pigmented,1,False,False,Inadequate and dangerous,5,5,0.0,0.0
EN,32,NP,2-5,14,SNU-134,herpes simplex,follicoulitis,linea,acne film,1,False,False,Inadequate and dangerous,4,don't know,folliculitis,0.8901158,herpes simplex,0.106309175,impetigo,0.0034173029,follicoulitis,linea,acne film,1,False,False,Inadequate and dangerous,4,don't know,0.0,0.0
EN,32,NP,2-5,176,SNU-134,contact dermatitis,herpes,bollous disease,eczema,1,False,False,Inadequate and dangerous,4,4,contact dermatitis,1.0,herpes zoster,1.0160636e-11,eczema herpeticum,1.2520361e-12,herpes,bollous disease,eczema,1,False,False,Inadequate and dangerous,4,4,0.0,0.0
EN,32,NP,2-5,119,SNU-134,urticaria pigmentosa,urticaria,insect bite,don't know,2,False,True,Inadequate but harmless,5,5,insect bite,0.99929035,urticaria,0.0007096704,urticaria pigmentosa,1.9963207e-09,urticaria,insect bite,don't know,2,False,True,Inadequate but harmless,5,5,0.0,0.0
EN,32,NP,2-5,85,SNU-134,onychomycosis,onychonal dystrofia,micosis,don't know,2,False,False,Inadequate and dangerous,4,4,onychomycosis,1.0,tinea pedis,9.23745e-09,paronychia,2.8780153e-10,onychonal dystrofia,micosis,don't know,2,False,False,Inadequate and dangerous,4,4,0.0,0.0
EN,32,NP,2-5,95,SNU-134,lichen amyloidosis,rare disease,PIH,don't know,2,False,True,Adequate,1,1,folliculitis,0.73357,confluent and reticulated papillomatosis,0.26156244,lichen amyloidosis,0.002729649,Lichen,PIH,rare disease,4,False,True,Adequate,1,1,1.0,0.0
EN,32,NP,2-5,162,SNU-134,eczema herpeticum,AD,Prurigo,Scabbia,4,True,True,Inadequate but harmless,5,5,atopic dermatitis,0.9867155,varicella,0.0093757985,eczema herpeticum,0.003908414,AD,Prurigo,Scabbia,4,True,False,Inadequate but harmless,5,5,0.0,0.0
EN,32,NP,2-5,53,SNU-134,malignant melanoma,blu nevus,malignant melanoma,don't know,1,False,False,Inadequate and dangerous,4,4,subungual hematoma,0.9294649,malignant melanoma,0.0694675,blue nevus,0.00072495843,blu nevus,malignant melanoma,don't know,1,False,False,Inadequate and dangerous,4,4,0.0,0.0
EN,32,NP,2-5,29,SNU-134,herpes zoster,herpes,DIC/DAC,bollosus disease,4,True,True,Inadequate but harmless,4,4,herpes zoster,1.0,herpes simplex,1.2501529e-09,eczema herpeticum,1.7832473e-11,herpes,DIC/DAC,bollosus disease,4,True,True,Inadequate but harmless,4,4,0.0,0.0
EN,35,NP,2-5,150,SNU-134,folliculitis,acne/folliculitis,viral infection,keratosis pilaris,4,True,True,Adequate,3,3,acne,0.9899822,folliculitis,0.010013528,steatocystoma multiplex,4.3132522e-06,acne/folliculitis,viral infection,keratosis pilaris,4,True,True,Perfect,4,4,0.0,1.0
EN,32,NP,2-5,157,SNU-134,alopecia areata,alopecia areata,alopecia,don't know,5,True,False,Inadequate but harmless,5,5,alopecia areata,1.0,vitiligo,1.1052617e-23,folliculitis,7.025470600000001e-24,alopecia areata,alopecia,don't know,5,True,False,Inadequate but harmless,5,5,0.0,0.0
EN,32,NP,2-5,64,SNU-134,angiofibroma,acne,angiofibromi,don't know,2,False,False,Adequate,5,4,sebaceous hyperplasia,0.902559,angiofibroma,0.09512901,organoid nevus,0.0015864265,acne,angiofibromi,don't know,2,False,False,Adequate,5,4,0.0,0.0
EN,32,NP,2-5,77,SNU-134,cellulitis,erisipela,nodule inflamed,cyst,3,True,False,Adequate,2,2,cellulitis,0.9998921,pyoderma gangrenosum,7.254106e-05,inflamed cyst,3.21899e-05,erisipela,nodule inflamed,cyst,3,True,False,Adequate,4,4,0.0,1.0
EN,35,NP,2-5,90,SNU-134,erythema multiforme,erythema multiforme,don't know,don't know,5,True,False,Adequate,3,5,erythema multiforme,0.9993043,urticaria,0.00058834563,erythema annulare centrifugum,6.810595e-05,erythema multiforme,don't know,don't know,5,True,False,Adequate,5,5,0.0,0.0
EN,35,NP,2-5,74,SNU-134,lichen simplex chronicus,nevus spilus,melasma,don't know,1,False,False,Inadequate and dangerous,3,3,lichen amyloidosis,0.9985241,lichen simplex chronicus,0.00070912624,confluent and reticulated papillomatosis,0.0005028458,nevus spilus,amyloidosis,don't know,1,False,False,Inadequate and dangerous,1,4,0.0,1.0
EN,32,NP,2-5,86,SNU-134,vasculitis,purpura,vasculitis,don't know,4,True,True,Adequate,5,5,vasculitis,1.0,drug eruption,2.3859587e-10,urticaria pigmentosa,2.9738465e-13,purpura,vasculitis,don't know,4,True,True,Adequate,5,5,0.0,0.0
EN,35,NP,2-5,134,SNU-134,lichen amyloidosis,viral infection,KP,don't know,1,False,False,Inadequate and dangerous,3,3,lichen amyloidosis,0.99998736,amyloidosis,1.2606945e-05,lichen simplex chronicus,2.51475e-11,viral infection,Amyloid,don't know,1,False,False,Adequate,3,3,0.0,1.0
EN,35,NP,2-5,72,SNU-134,impetigo,eczema,psoriasis,don't know,1,False,False,Inadequate and dangerous,4,4,pyoderma gangrenosum,0.99329466,nummular eczema,0.006692767,pustular psoriasis,8.879832e-06,eczema,psoriasis,don't know,1,False,False,Inadequate and dangerous,4,4,0.0,1.0
EN,35,NP,2-5,168,SNU-134,becker nevus,acanthosis nigricans,don't know,don't know,1,False,False,Inadequate and dangerous,3,3,becker nevus,0.99941146,nevus spilus,0.00058840873,lichen simplex chronicus,6.4082876e-08,acanthosis nigricans,nevus spilus,lichen simplex chronicus,1,False,False,Inadequate and dangerous,3,5,0.0,0.0
EN,35,NP,2-5,3,SNU-134,dermatofibroma,DF,amelanotic melanoma,basal cell carcinoma,4,True,True,Inadequate but harmless,3,5,dermatofibroma,1.0,juvenile xanthogranuloma,1.6752058e-11,epidermal cyst,1.0815942e-11,DF,amelanotic melanoma,basal cell carcinoma,4,True,True,Inadequate but harmless,5,5,0.0,0.0
EN,35,NP,2-5,126,SNU-134,tinea cruris,tinea,impetigo,congenital nevus,4,True,False,Perfect,4,4,tinea cruris,1.0,tinea corporis,1.4026326e-10,tinea pedis,1.4068618000000002e-16,tinea,impetigo,congenital nevus,4,True,False,Perfect,5,5,0.0,0.0
EN,35,NP,2-5,56,SNU-134,neurofibroma,skin tag,dermal naevus,don't know,1,False,False,Inadequate and dangerous,3,5,juvenile xanthogranuloma,0.69211155,neurofibroma,0.2626959,epidermal cyst,0.033398036,skin tag,dermal naevus,don't know,1,False,False,Inadequate and dangerous,3,5,0.0,0.0
EN,35,NP,2-5,116,SNU-134,eczema herpeticum,varicella,DH,scabies,1,False,False,Inadequate and dangerous,3,3,varicella,0.99991703,eczema herpeticum,4.8323967e-05,scabies,3.2190703e-05,varicella,DH,scabies,1,False,False,Inadequate and dangerous,5,4,0.0,0.0
EN,35,NP,2-5,142,SNU-134,blue nevus,malignant melanoma,melanocytic nevus,blue nevus,1,False,False,Inadequate and dangerous,3,5,blue nevus,0.9999999,nevus spilus,7.265816e-08,melanocytic nevus,5.26334e-09,malignant melanoma,melanocytic nevus,blue nevus,1,False,False,Inadequate and dangerous,3,5,0.0,0.0
EN,35,NP,2-5,157,SNU-134,alopecia areata,alopecia areata,discoid lupus,fungal infection,5,True,False,Inadequate but harmless,4,3,alopecia areata,1.0,vitiligo,1.1052617e-23,folliculitis,7.025470600000001e-24,alopecia areata,discoid lupus,fungal infection,5,True,False,Inadequate but harmless,5,5,0.0,0.0
EN,35,NP,2-5,158,SNU-134,inflamed cyst,blue nevus,infestation,don't know,1,False,False,Inadequate and dangerous,3,3,epidermal cyst,0.68594617,inflamed cyst,0.31404907,skin tag,4.6288314e-06,cyst,blue nevus,don't know,4,True,True,Inadequate but harmless,3,3,1.0,1.0
EN,35,NP,2-5,16,PASSION,scabies,STI?,don't know,don't know,1,False,False,Inadequate and dangerous,1,1,scabies,0.99997234,folliculitis,2.7535689e-05,tinea cruris,1.2553859e-07,scabies,STI,folliculitis,5,True,False,Inadequate but harmless,2,2,1.0,1.0
EN,35,NP,2-5,105,SNU-134,varicella,acne,folliculitis,don't know,1,False,False,Inadequate and dangerous,3,3,varicella,0.9999975,folliculitis,2.5612824e-06,eczema herpeticum,6.0927435e-10,varicella,acne,folliculitis,5,True,False,Inadequate but harmless,2,5,1.0,1.0
EN,35,NP,2-5,114,SNU-134,juvenile xanthogranuloma,xanthoma,seb K,folliculitis,2,False,False,Inadequate and dangerous,2,3,juvenile xanthogranuloma,1.0,organoid nevus,6.5700826e-15,pyogenic granuloma,4.8619843e-17,juvenile xanthogranuloma,xanthoma,folliculitis,5,True,False,Perfect,4,4,1.0,1.0
EN,35,NP,2-5,198,SNU-134,furuncle,folliculitis,pemphigus foliaceous,don't know,3,False,True,Adequate,1,1,acne,0.8477091,folliculitis,0.15198587,cellulitis,0.0003027153,folliculitis,acne,pemphigus,3,True,False,Inadequate but harmless,5,5,0.0,1.0
EN,35,NP,2-5,95,SNU-134,lichen amyloidosis,nevus spilus,erythema ab igne,vasculitis,1,False,False,Inadequate and dangerous,1,1,folliculitis,0.73357,confluent and reticulated papillomatosis,0.26156244,lichen amyloidosis,0.002729649,nevus spilus,amyloidosis,vasculitis,1,False,False,Adequate,1,1,0.0,0.0
EN,35,NP,2-5,132,SNU-134,herpes simplex,impetigo,herpes simplex,don't know,2,False,False,Inadequate but harmless,4,4,herpes simplex,0.9999695,impetigo,2.753561e-05,herpes zoster,2.9943585e-06,herpes simplex,impetigo,don't know,5,True,False,Inadequate but harmless,5,5,1.0,0.0
EN,35,NP,2-5,63,SKINTONE,atopic dermatitis,psoriasis,don't know,don't know,1,False,False,Inadequate and dangerous,3,3,atopic dermatitis,1.0,xerotic eczema,9.640144e-11,nummular eczema,1.213515e-12,eczema,psoriasis,don't know,4,True,True,Inadequate but harmless,3,3,1.0,1.0
EN,35,NP,2-5,28,SNU-134,insect bite,arthopod bites,vascular lesions,erythema multiforme,4,True,False,Adequate,1,1,insect bite,1.0,contact dermatitis,3.3647407e-10,vasculitis,1.1270471e-10,arthopod bites,vascular lesions,erythema multiforme,4,True,False,Adequate,2,3,0.0,0.0
EN,35,NP,2-5,11,SNU-134,tinea pedis,tinea,psoriasis,scabies,4,True,True,Perfect,2,2,tinea pedis,1.0,tinea cruris,4.6911644e-08,cellulitis,1.5079722e-09,tinea,psoriasis,scabies,4,True,False,Perfect,4,5,0.0,0.0
EN,76,NP,>10,14,SNU-134,herpes simplex,infected folliculitis,herpes simplex,impetigo,3,True,False,Inadequate but harmless,4,5,folliculitis,0.8901158,herpes simplex,0.106309175,impetigo,0.0034173029,infected folliculitis,herpes simplex,impetigo,3,True,False,Inadequate but harmless,4,5,0.0,0.0
EN,35,NP,2-5,103,SNU-134,tinea faciale,varicella,herpes simplex,impetigo,1,False,False,Inadequate and dangerous,4,4,tinea faciale,0.99997723,tinea corporis,2.2827999e-05,seborrheic dermatitis,5.0086603e-14,varicella,herpes simplex,tinea,1,False,False,Inadequate and dangerous,2,4,0.0,0.0
EN,35,NP,2-5,110,SNU-134,lymphangioma,skin cancer,fde,viral infection,1,False,False,Inadequate and dangerous,2,2,nummular eczema,0.9997652,bowen disease,0.00016864159,nevus spilus,4.985036e-05,skin cancer,eczema,fde,1,False,False,Inadequate and dangerous,3,4,0.0,0.0
EN,76,NP,>10,66,SNU-134,herpes zoster,Varicella zoster,don't know,don't know,4,True,False,Inadequate but harmless,5,5,herpes zoster,1.0,herpes simplex,5.905304e-10,varicella,6.0417356e-14,Varicella zoster,don't know,don't know,4,False,True,Inadequate but harmless,5,5,0.0,0.0
EN,35,NP,2-5,190,SKINTONE,pityriasis rosea,drug eruption,pre bullous BP,guttate psoriasis,2,False,True,Inadequate but harmless,3,3,psoriasis,0.99939203,pityriasis rosea,0.0005702942,pustular psoriasis,3.761498e-05,guttate psoriasis,pityriasis,pre bullous BP,3,True,True,Inadequate but harmless,3,3,1.0,0.0
EN,76,NP,>10,36,SNU-134,tinea cruris,vascular disorder,ITP,viral exanthem,1,False,False,Inadequate and dangerous,4,4,erythema annulare centrifugum,0.9896498,granuloma annulare,0.008298719,tinea corporis,0.0018516944,vascular disorder,ITP,viral exanthem,1,False,False,Inadequate and dangerous,4,4,0.0,0.0
EN,76,NP,>10,188,SNU-134,staphylococcal scalded skin syndrome,staph infection,psoriasis,infected follicutlitis,2,False,True,Inadequate but harmless,4,4,staphylococcal scalded skin syndrome,0.9871558,acute generalized exanthematous pustulosis,0.012820915,pustular psoriasis,2.3250654e-05,staph infection,psoriasis,infected follicutlitis,2,False,True,Inadequate but harmless,4,4,0.0,0.0
EN,76,NP,>10,113,SKINTONE,pityriasis rosea,contact dermatitis,viral rash,don't know,1,False,False,Inadequate and dangerous,3,4,pityriasis rosea,1.0,drug eruption,1.8581864e-10,seborrheic dermatitis,3.9397066e-13,contact dermatitis,viral rash,don't know,1,False,False,Inadequate and dangerous,3,4,0.0,0.0
EN,76,NP,>10,74,SNU-134,lichen simplex chronicus,folliculitis,don't know,don't know,1,False,False,Inadequate and dangerous,4,4,lichen amyloidosis,0.9985241,lichen simplex chronicus,0.00070912624,confluent and reticulated papillomatosis,0.0005028458,folliculitis,don't know,don't know,1,False,False,Inadequate and dangerous,4,4,0.0,0.0
EN,76,NP,>10,64,SNU-134,angiofibroma,acne,folliculitis,don't know,1,False,False,Inadequate and dangerous,don't know,4,sebaceous hyperplasia,0.902559,angiofibroma,0.09512901,organoid nevus,0.0015864265,acne,folliculitis,don't know,1,False,False,Inadequate and dangerous,don't know,4,0.0,0.0
EN,76,NP,>10,83,SNU-134,xerotic eczema,herpes simplex,Allergic reaction,autoimmune,1,False,False,Inadequate and dangerous,3,4,nummular eczema,0.9999987,lichen planus,1.1726419e-06,lichen simplex chronicus,1.4908468e-07,herpes simplex,Allergic reaction,autoimmune,1,False,False,Inadequate and dangerous,3,4,0.0,0.0
EN,76,NP,>10,42,SNU-134,acne,acne,seborrheic kerotoses,don't know,5,True,False,Perfect,4,4,folliculitis,0.9992066,acne,0.0007793552,varicella,1.3409546e-05,acne,seborrheic kerotoses,don't know,5,True,False,Perfect,4,4,0.0,0.0
EN,76,NP,>10,20,SNU-134,pompholyx,infected dermatitis,herpes simplex,don't know,2,False,True,Inadequate but harmless,3,4,palmoplantar pustulosis,1.0,pustular psoriasis,1.1628234e-10,hand eczema,1.7283825e-11,infected dermatitis,herpes simplex,don't know,2,False,False,Inadequate but harmless,3,4,0.0,0.0
EN,76,NP,>10,129,SNU-134,prurigo pigmentosa,scabies,heat rash,don't know,1,False,False,Adequate,3,3,prurigo pigmentosa,0.62015307,becker nevus,0.37614188,confluent and reticulated papillomatosis,0.0035741108,scabies,heat rash,don't know,1,False,False,Adequate,3,3,0.0,0.0
EN,76,NP,>10,51,SNU-134,malignant melanoma,Vascular disorder,pressure sore,don't know,1,False,False,Adequate,3,3,malignant melanoma,1.0,tinea pedis,1.6752058e-11,melanocytic nevus,1.3404176e-13,Vascular disorder,pressure sore,don't know,1,False,False,Adequate,3,3,0.0,0.0
EN,76,NP,>10,43,SNU-134,nevus spilus,hyperpigmentation,melasma,melanocytic nevus,2,False,True,Adequate,3,3,nevus spilus,0.89219856,congenital nevus,0.09403703,becker nevus,0.013130513,hyperpigmentation,melasma,melanocytic nevus,2,False,True,Adequate,3,3,0.0,0.0
EN,76,NP,>10,187,SNU-134,abscess,infected acne,abscess,don't know,4,True,True,Adequate,4,4,inflamed cyst,0.9243201,abscess,0.062900774,furuncle,0.012779067,infected acne,abscess,don't know,4,True,True,Adequate,4,4,0.0,0.0
EN,76,NP,>10,67,SNU-134,hemangioma,infected foreign body,cellulitis,don't know,1,False,False,Inadequate and dangerous,3,3,hemangioma,0.57419926,pyogenic granuloma,0.35932472,angiokeratoma,0.06646839,infected foreign body,cellulitis,don't know,1,False,False,Inadequate and dangerous,3,3,0.0,0.0
EN,76,NP,>10,35,SNU-134,paronychia,paronychia,don't know,don't know,5,True,False,Inadequate but harmless,5,5,paronychia,1.0,furuncle,6.42172e-11,subungual hematoma,9.545035e-12,paronychia,don't know,don't know,5,True,False,Inadequate but harmless,5,5,0.0,0.0
EN,76,NP,>10,196,SNU-134,actinic keratosis,malignant melanoma,nevus,don't know,1,False,False,Adequate,3,3,basal cell carcinoma,0.9862732,malignant melanoma,0.013635593,squamous cell carcinoma,8.904917e-05,malignant melanoma,nevus,don't know,1,False,False,Adequate,3,3,0.0,0.0
EN,76,NP,>10,198,SNU-134,furuncle,acne,infected acne,don't know,2,False,False,Inadequate but harmless,4,4,acne,0.8477091,folliculitis,0.15198587,cellulitis,0.0003027153,acne,infected acne,don't know,2,False,False,Inadequate but harmless,4,4,0.0,0.0
EN,76,NP,>10,37,SNU-134,skin tag,skin tag,don't know,don't know,5,True,False,Inadequate but harmless,4,3,skin tag,0.88109386,nevus spilus,0.11557435,epidermal nevus,0.0029851922,skin tag,don't know,don't know,5,True,False,Inadequate but harmless,4,3,0.0,0.0
EN,76,NP,>10,38,SNU-134,squamous cell carcinoma,umbilical granuloma,wart,infected granuloma,1,False,False,Inadequate and dangerous,3,3,keratoacanthoma,0.99493533,squamous cell carcinoma,0.0050603095,pyogenic granuloma,2.179691e-06,umbilical granuloma,wart,infected granuloma,1,False,False,Inadequate and dangerous,3,3,0.0,0.0
EN,76,NP,>10,144,SNU-134,nummular eczema,impetigo,infected blister,don't know,1,False,False,Inadequate and dangerous,4,4,nummular eczema,0.99987566,bowen disease,6.604829e-05,lichen simplex chronicus,5.8287416e-05,impetigo,infected blister,don't know,1,False,False,Inadequate and dangerous,4,4,0.0,0.0
EN,76,NP,>10,31,SNU-134,morphea,erythema,pressure injury,don't know,1,False,False,Inadequate and dangerous,4,4,vasculitis,0.91017145,granuloma annulare,0.08734651,nummular eczema,0.00097033207,erythema,pressure injury,don't know,1,False,False,Inadequate and dangerous,4,4,0.0,0.0
EN,76,NP,>10,132,SNU-134,herpes simplex,HSV 1,don't know,don't know,5,True,False,Inadequate but harmless,4,4,herpes simplex,0.9999695,impetigo,2.753561e-05,herpes zoster,2.9943585e-06,HSV 1,don't know,don't know,5,True,False,Inadequate but harmless,4,4,0.0,0.0
EN,76,NP,>10,93,SNU-134,bowen disease,infected cracked nipples,cellulitis,don't know,1,False,False,Inadequate and dangerous,3,3,nummular eczema,0.7431656,bowen disease,0.25683117,pyoderma gangrenosum,2.3688965e-06,infected cracked nipples,cellulitis,don't know,1,False,False,Inadequate and dangerous,3,3,0.0,0.0
EN,76,NP,>10,126,SNU-134,tinea cruris,contact dermatitis,don't know,don't know,1,False,False,Inadequate and dangerous,4,4,tinea cruris,1.0,tinea corporis,1.4026326e-10,tinea pedis,1.4068618000000002e-16,contact dermatitis,don't know,don't know,1,False,False,Inadequate and dangerous,4,4,0.0,0.0
EN,80,NP,2-5,134,SNU-134,lichen amyloidosis,herpes zoster,don't know,don't know,1,False,False,Inadequate and dangerous,3,3,lichen amyloidosis,0.99998736,amyloidosis,1.2606945e-05,lichen simplex chronicus,2.51475e-11,herpes zoster,don't know,don't know,1,False,False,Inadequate and dangerous,3,3,0.0,0.0
EN,80,NP,2-5,29,SNU-134,herpes zoster,herpes zoster,don't know,don't know,5,True,False,Inadequate but harmless,3,3,herpes zoster,1.0,herpes simplex,1.2501529e-09,eczema herpeticum,1.7832473e-11,herpes zoster,don't know,don't know,5,True,False,Inadequate but harmless,3,3,0.0,0.0
EN,80,NP,2-5,137,SKINTONE,lichen planus,atopic dermatitis,don't know,don't know,1,False,False,Adequate,3,3,lichen planus,1.0,verruca plana,3.0988192e-12,granuloma annulare,1.480591e-14,atopic dermatitis,don't know,don't know,1,False,False,Adequate,3,3,0.0,0.0
EN,76,NP,>10,114,SNU-134,juvenile xanthogranuloma,folliculitis,epidermal cyst,don't know,1,False,False,Inadequate and dangerous,4,don't know,juvenile xanthogranuloma,1.0,organoid nevus,6.5700826e-15,pyogenic granuloma,4.8619843e-17,folliculitis,epidermal cyst,don't know,1,False,False,Inadequate and dangerous,4,don't know,0.0,0.0
EN,80,NP,2-5,12,SNU-134,basal cell carcinoma,blue nevus,Pigmented BCC,malignant melanoma,1,False,False,Inadequate and dangerous,3,3,basal cell carcinoma,0.99990976,blue nevus,9.0280395e-05,malignant melanoma,4.413181e-11,blue nevus,Pigmented BCC,malignant melanoma,1,False,False,Inadequate and dangerous,3,3,0.0,0.0
EN,80,NP,2-5,161,SNU-134,pompholyx,hand eczema,Tinea,Irritant contact dermatitis,4,True,True,Adequate,3,3,palmoplantar pustulosis,0.99954176,pustular psoriasis,0.00045831292,hand eczema,3.430556e-08,pustular psoriasis,hand eczema,Irritant contact dermatitis,2,False,False,Adequate,3,3,1.0,0.0
EN,80,NP,2-5,93,SNU-134,bowen disease,Mammary Pagets,don't know,don't know,1,False,False,Adequate,3,3,nummular eczema,0.7431656,bowen disease,0.25683117,pyoderma gangrenosum,2.3688965e-06,Mammary Pagets,don't know,don't know,1,False,False,Adequate,3,3,0.0,0.0
EN,80,NP,2-5,5,SNU-134,keratoacanthoma,squamous cell carcinoma,keratoacanthoma,Sebaceous adenoma,3,True,False,Adequate,3,3,keratoacanthoma,0.99944717,squamous cell carcinoma,0.0005527786,actinic keratosis,7.0808845e-20,squamous cell carcinoma,keratoacanthoma,Sebaceous adenoma,3,True,False,Adequate,3,3,0.0,0.0
EN,80,NP,2-5,156,SNU-134,angiokeratoma,Angiofibromas,don't know,don't know,3,False,False,Adequate,3,3,angiokeratoma,0.8933094,lymphangioma,0.1066906,hemangioma,3.4450864e-12,Angiofibromas,don't know,don't know,3,False,False,Adequate,3,3,0.0,0.0
EN,80,NP,2-5,112,SNU-134,xanthelasma,xanthelasma,epidermal cyst,Adenoma,5,True,False,Inadequate but harmless,3,3,vitiligo,0.98934746,xanthelasma,0.010652511,morphea,8.394081e-16,xanthelasma,epidermal cyst,Adenoma,5,True,False,Inadequate but harmless,3,3,0.0,0.0
EN,80,NP,2-5,51,SNU-134,malignant melanoma,Dysplastic Naevus,malignant melanoma,don't know,4,True,True,Adequate,3,3,malignant melanoma,1.0,tinea pedis,1.6752058e-11,melanocytic nevus,1.3404176e-13,Dysplastic Naevus,malignant melanoma,don't know,4,True,True,Adequate,3,3,0.0,0.0
EN,80,NP,2-5,43,SNU-134,nevus spilus,congenital nevus,don't know,don't know,4,True,True,Inadequate and dangerous,3,3,nevus spilus,0.89219856,congenital nevus,0.09403703,becker nevus,0.013130513,congenital nevus,don't know,don't know,4,True,True,Inadequate and dangerous,3,3,0.0,0.0
EN,80,NP,2-5,2,SNU-134,lentigo,actinic keratosis,Solar lentigo,IEC,2,False,False,Inadequate and dangerous,3,3,lentigo,0.99999905,seborrheic keratosis,9.721546e-07,actinic keratosis,4.792321e-09,actinic keratosis,Solar lentigo,IEC,2,False,False,Inadequate and dangerous,3,3,0.0,0.0
EN,80,NP,2-5,182,PASSION,tinea corporis,alopecia areata,Androgenic alopecia,Tinea,1,False,False,Inadequate and dangerous,3,3,alopecia areata,0.8391155,tinea versicolor,0.160148,becker nevus,0.00046410164,alopecia areata,Androgenic alopecia,Tinea,1,False,False,Inadequate and dangerous,3,3,0.0,0.0
EN,80,NP,2-5,34,SNU-134,urticaria,Eczema,don't know,don't know,1,False,False,Inadequate and dangerous,3,3,urticaria,1.0,urticaria pigmentosa,1.2917799e-12,erythema annulare centrifugum,4.6059836e-13,urticaria,don't know,don't know,5,True,False,Inadequate but harmless,3,3,1.0,0.0
EN,80,NP,2-5,168,SNU-134,becker nevus,congenital nevus,don't know,don't know,2,False,True,Inadequate and dangerous,3,3,becker nevus,0.99941146,nevus spilus,0.00058840873,lichen simplex chronicus,6.4082876e-08,congenital nevus,don't know,don't know,2,False,True,Inadequate and dangerous,3,3,0.0,0.0
EN,80,NP,2-5,88,SKINTONE,lichen planus,Post inflammatory hyperpigmentation,don't know,don't know,1,False,False,Inadequate and dangerous,3,3,lichen planus,1.0,psoriasis,1.8982569e-11,pityriasis rosea,1.3327856e-12,Post inflammatory hyperpigmentation,don't know,don't know,1,False,False,Inadequate and dangerous,1,1,0.0,0.0
EN,80,NP,2-5,87,SKINTONE,atopic dermatitis,impetigo,don't know,don't know,1,False,False,Inadequate and dangerous,3,3,atopic dermatitis,0.99701905,eczema herpeticum,0.002981033,contact dermatitis,3.1156734e-08,AD with superimposed infection,don't know,don't know,4,True,False,Adequate,3,3,1.0,1.0
EN,80,NP,2-5,85,SNU-134,onychomycosis,Nail psoriasis,don't know,don't know,1,False,False,Inadequate and dangerous,3,3,onychomycosis,1.0,tinea pedis,9.23745e-09,paronychia,2.8780153e-10,onychomycosis,don't know,don't know,5,True,False,Adequate,3,3,1.0,1.0
EN,80,NP,2-5,19,SNU-134,epidermal nevus,Verrucous papilloma,don't know,don't know,2,False,False,Inadequate and dangerous,3,3,epidermal nevus,0.9999999,nevus spilus,1.2359568e-07,congenital nevus,3.622886e-12,Verrucous papilloma,don't know,don't know,2,False,False,Inadequate but harmless,1,1,0.0,1.0
EN,80,NP,2-5,64,SNU-134,angiofibroma,Sebaceous adenoma,M,don't know,1,False,False,Inadequate and dangerous,3,3,sebaceous hyperplasia,0.902559,angiofibroma,0.09512901,organoid nevus,0.0015864265,sebaceous hyperplasia,don't know,don't know,1,False,False,Inadequate and dangerous,3,3,1.0,0.0
EN,80,NP,2-5,185,SNU-134,staphylococcal scalded skin syndrome,Hand foot mouth,don't know,don't know,1,False,False,Inadequate and dangerous,3,3,staphylococcal scalded skin syndrome,0.98926115,herpes simplex,0.0055259676,impetigo,0.0028668342,impetigo,don't know,don't know,2,False,False,Inadequate but harmless,3,3,1.0,0.0
EN,80,NP,2-5,109,SNU-134,subungual hematoma,Melanonychia,don't know,don't know,2,False,False,Adequate,3,3,subungual hematoma,1.0,onychomycosis,3.8623525e-15,blue nevus,8.016056400000001e-17,subungual hematoma,don't know,don't know,5,True,False,Inadequate but harmless,3,3,1.0,1.0
EN,80,NP,2-5,155,SNU-134,palmoplantar pustulosis,scabies,don't know,don't know,1,False,False,Inadequate and dangerous,3,3,palmoplantar pustulosis,0.9999777,hand eczema,2.144493e-05,pustular psoriasis,8.0592724e-07,palmoplantar pustulosis,hand eczema,don't know,5,True,False,Adequate,3,3,1.0,1.0
EN,114,NP,2-5,198,SNU-134,furuncle,Subacute cutaneous lupus erythematosus,lichen planus,don't know,1,False,False,Inadequate and dangerous,3,4,acne,0.8477091,folliculitis,0.15198587,cellulitis,0.0003027153,Subacute cutaneous lupus erythematosus,lichen planus,don't know,1,False,False,Inadequate and dangerous,3,4,0.0,0.0
EN,114,NP,2-5,11,SNU-134,tinea pedis,tinea pedis,Candidiasis,don't know,5,True,False,Inadequate but harmless,3,4,tinea pedis,1.0,tinea cruris,4.6911644e-08,cellulitis,1.5079722e-09,tinea pedis,Candidiasis,don't know,5,True,False,Perfect,3,4,0.0,0.0
EN,114,NP,2-5,97,SNU-134,varicella,Varicella zoster,scabies,don't know,5,True,False,Inadequate but harmless,2,2,varicella,0.9585215,insect bite,0.04081877,pityriasis rosea,0.00049802347,varicella,scabies,Arthropod bite reaction,5,True,False,Inadequate but harmless,2,2,1.0,0.0
EN,80,NP,2-5,50,SNU-134,melanocytic nevus,wart,don't know,don't know,1,False,False,Inadequate and dangerous,3,3,nevus spilus,0.99965405,skin tag,0.00018519597,blue nevus,0.00011589268,wart,don't know,don't know,1,False,False,Inadequate and dangerous,3,3,0.0,0.0
EN,80,NP,2-5,73,SNU-134,sebaceous hyperplasia,intradermal naevus,don't know,don't know,1,False,False,Inadequate and dangerous,3,3,sebaceous hyperplasia,0.99986434,seborrheic keratosis,0.00013552078,epidermal nevus,4.9930406e-08,intradermal naevus,don't know,don't know,1,False,False,Inadequate and dangerous,3,3,0.0,0.0
EN,80,NP,2-5,55,SNU-134,eczema herpeticum,atopic dermatitis,impetigo,don't know,3,False,True,Inadequate but harmless,3,3,eczema herpeticum,0.9719661,herpes zoster,0.027572557,herpes simplex,0.0002619952,eczema herpeticum,varicella,don't know,5,True,False,Inadequate but harmless,3,3,1.0,0.0
EN,114,NP,2-5,40,SNU-134,tinea corporis,herpes zoster,herpes simplex,don't know,1,False,False,Inadequate and dangerous,3,4,tinea corporis,0.9999995,pityriasis rosea,2.785271e-07,herpes zoster,1.9750529e-07,herpes zoster,herpes simplex,don't know,1,False,False,Inadequate and dangerous,3,4,0.0,0.0
EN,114,NP,2-5,12,SNU-134,basal cell carcinoma,malignant melanoma,blue nevus,don't know,1,False,False,Adequate,4,3,basal cell carcinoma,0.99990976,blue nevus,9.0280395e-05,malignant melanoma,4.413181e-11,malignant melanoma,blue nevus,basal cell carcinoma,1,False,False,Adequate,4,3,0.0,0.0
EN,114,NP,2-5,67,SNU-134,hemangioma,Subcorneal haemorrhage,Verruca pedis,malignant melanoma,1,False,False,Inadequate and dangerous,2,3,hemangioma,0.57419926,pyogenic granuloma,0.35932472,angiokeratoma,0.06646839,Subcorneal haemorrhage,Verruca pedis,malignant melanoma,1,False,False,Inadequate and dangerous,2,3,0.0,0.0
EN,114,NP,2-5,48,SKINTONE,lichen planus,lichen planus,don't know,don't know,5,True,False,Adequate,2,4,lichen planus,1.0,pityriasis rosea,6.691586e-10,psoriasis,3.442477e-14,lichen planus,don't know,don't know,5,True,False,Adequate,2,4,0.0,0.0
EN,114,NP,2-5,66,SNU-134,herpes zoster,Molluscum contagiosum,lichen planus,herpes zoster,1,False,False,Inadequate and dangerous,4,4,herpes zoster,1.0,herpes simplex,5.905304e-10,varicella,6.0417356e-14,Molluscum contagiosum,lichen planus,herpes zoster,1,False,False,Inadequate and dangerous,4,4,0.0,0.0
EN,114,NP,2-5,86,SNU-134,vasculitis,Leukocytoclastic vasculitis,don't know,don't know,5,True,False,Adequate,2,4,vasculitis,1.0,drug eruption,2.3859587e-10,urticaria pigmentosa,2.9738465e-13,Leukocytoclastic vasculitis,don't know,don't know,5,True,False,Adequate,2,4,0.0,0.0
EN,114,NP,2-5,23,SNU-134,amyloidosis,vasculitis,Keratosis Pilaris,don't know,1,False,False,Inadequate and dangerous,2,4,becker nevus,0.93455005,prurigo pigmentosa,0.046528503,confluent and reticulated papillomatosis,0.018220825,vasculitis,Keratosis Pilaris,prurigo pigmentosa,1,False,False,Inadequate and dangerous,2,4,0.0,0.0
EN,114,NP,2-5,126,SNU-134,tinea cruris,Tinea,folliculitis,Candidiasis,4,True,True,Perfect,2,4,tinea cruris,1.0,tinea corporis,1.4026326e-10,tinea pedis,1.4068618000000002e-16,Tinea,folliculitis,Candidiasis,4,True,True,Adequate,2,4,0.0,0.0
EN,114,NP,2-5,131,SNU-134,squamous cell carcinoma,squamous cell carcinoma,keratoacanthoma,don't know,5,True,False,Adequate,4,4,squamous cell carcinoma,0.9999981,keratoacanthoma,1.9333584e-06,basal cell carcinoma,7.913097e-12,squamous cell carcinoma,keratoacanthoma,basal cell carcinoma,5,True,False,Adequate,4,4,0.0,0.0
EN,114,NP,2-5,35,SNU-134,paronychia,paronychia,onychomycosis,Nail psoriasis,5,True,False,Inadequate but harmless,4,4,paronychia,1.0,furuncle,6.42172e-11,subungual hematoma,9.545035e-12,paronychia,onychomycosis,Nail psoriasis,5,True,False,Perfect,4,4,0.0,0.0
EN,114,NP,2-5,156,SNU-134,angiokeratoma,Phytophotodermatosis,Viral infection,don't know,1,False,False,Inadequate and dangerous,1,2,angiokeratoma,0.8933094,lymphangioma,0.1066906,hemangioma,3.4450864e-12,angiokeratoma,Viral infection,Phytophotodermatosis,5,True,False,Adequate,1,2,1.0,0.0
EN,114,NP,2-5,165,SNU-134,seborrheic keratosis,malignant melanoma,pyogenic granuloma,wart,1,False,False,Inadequate and dangerous,2,3,seborrheic keratosis,1.0,seborrheic dermatitis,9.450863e-13,angiokeratoma,1.7859336e-14,seborrheic keratosis,malignant melanoma,wart,5,True,False,Inadequate but harmless,2,3,1.0,0.0
EN,114,NP,2-5,59,SNU-134,herpes zoster,Subacute cutaneous lupus erythematosus,Pyoderma faciale,don't know,1,False,False,Inadequate and dangerous,2,3,varicella,0.99999964,erythema multiforme,3.059022e-07,herpes zoster,2.7191263e-11,Subacute cutaneous lupus erythematosus,Pyoderma faciale,don't know,1,False,False,Inadequate and dangerous,2,3,0.0,0.0
EN,114,NP,2-5,81,SNU-134,lentigo,Solar lentigo,seborrheic keratosis,malignant melanoma,5,True,False,Inadequate but harmless,3,3,xanthelasma,0.7771407,granuloma annulare,0.16289753,tinea faciale,0.028307348,Solar lentigo,seborrheic keratosis,malignant melanoma,5,True,False,Inadequate but harmless,3,3,0.0,0.0
EN,114,NP,2-5,52,SNU-134,pyogenic granuloma,pyogenic granuloma,don't know,don't know,5,True,False,Inadequate and dangerous,4,4,pyogenic granuloma,1.0,hemangioma,1.9614644e-14,angiokeratoma,1.2809622000000002e-16,pyogenic granuloma,don't know,don't know,5,True,False,Inadequate and dangerous,4,4,0.0,0.0
EN,114,NP,2-5,92,SNU-134,tinea corporis,granuloma annulare,tinea corporis,don't know,3,False,True,Inadequate but harmless,2,3,tinea corporis,1.0,tinea faciale,2.5398397e-10,tinea cruris,2.3859587e-10,granuloma annulare,tinea corporis,don't know,3,False,True,Inadequate but harmless,2,3,0.0,0.0
EN,114,NP,2-5,174,SNU-134,drug eruption,drug eruption,Viral exanthem,don't know,5,True,False,Adequate,4,4,acute generalized exanthematous pustulosis,0.99992967,drug eruption,7.031184e-05,pustular psoriasis,1.1760963e-12,drug eruption,Viral exanthem,don't know,5,True,False,Adequate,4,4,0.0,0.0
EN,114,NP,2-5,181,SNU-134,tinea faciale,tinea,Granula parakeratosis,don't know,4,True,True,Inadequate but harmless,2,3,tinea faciale,0.76629364,tinea corporis,0.23370634,tinea cruris,3.1148047e-13,tinea,Granula parakeratosis,don't know,4,True,True,Inadequate but harmless,2,3,0.0,0.0
EN,114,NP,2-5,85,SNU-134,onychomycosis,onychomycosis,Nail psoriasis,don't know,5,True,False,Inadequate but harmless,3,4,onychomycosis,1.0,tinea pedis,9.23745e-09,paronychia,2.8780153e-10,onychomycosis,Nail psoriasis,don't know,5,True,False,Inadequate but harmless,3,4,0.0,0.0
EN,114,NP,2-5,175,SNU-134,confluent and reticulated papillomatosis,tinea versicolor,Terra firma-forme dermatosis,Sarcoidosis,2,False,False,Inadequate but harmless,2,3,epidermal nevus,0.9647521,becker nevus,0.03199633,congenital nevus,0.0026264184,tinea versicolor,Terra firma-forme dermatosis,epidermal nevus,1,False,False,Inadequate but harmless,2,3,0.0,0.0
EN,114,NP,2-5,43,SNU-134,nevus spilus,Naevus spillus,don't know,don't know,5,True,False,Perfect,3,3,nevus spilus,0.89219856,congenital nevus,0.09403703,becker nevus,0.013130513,Naevus spillus,don't know,don't know,5,True,False,Perfect,3,3,0.0,0.0
EN,114,NP,2-5,157,SNU-134,alopecia areata,alopecia areata,Tinea capitis,don't know,5,True,False,Inadequate but harmless,4,4,alopecia areata,1.0,vitiligo,1.1052617e-23,folliculitis,7.025470600000001e-24,alopecia areata,Tinea capitis,don't know,5,True,False,Inadequate but harmless,4,4,0.0,0.0
EN,114,NP,2-5,18,SNU-134,pustular psoriasis,tinea pedis,psoriasis,Plantar dermatitis,1,False,False,Inadequate and dangerous,3,4,palmoplantar pustulosis,1.0,pustular psoriasis,1.1628234e-10,tinea pedis,4.15242e-14,Plamoplantar pustulosis,psoriasis,tinea pedis,3,False,True,Adequate,3,4,1.0,0.0
EN,114,NP,2-5,164,SNU-134,psoriasis,psoriasis,Discoid lupus erythematosus,don't know,5,True,False,Inadequate but harmless,4,3,psoriasis,1.0,pustular psoriasis,1.344041e-08,lichen planus,2.9445064e-14,psoriasis,Discoid lupus erythematosus,lichen planus,5,True,False,Inadequate but harmless,4,3,0.0,0.0
EN,114,NP,2-5,169,SNU-134,neurofibromatosis,Naevi,don't know,don't know,1,False,False,Inadequate and dangerous,don't know,3,urticaria pigmentosa,0.98613065,neurofibromatosis,0.013214158,neurofibroma,0.0004966046,neurofibromatosis,Naevi,don't know,5,True,False,Inadequate but harmless,1,3,1.0,0.0
EN,28,NP,>10,10,SNU-134,juvenile xanthogranuloma,pyogneic granuloma,don't know,don't know,3,False,False,Inadequate but harmless,3,3,pyogenic granuloma,0.8840393,juvenile xanthogranuloma,0.11596071,hemangioma,4.377673e-12,pyogneic granuloma,don't know,don't know,3,False,False,Inadequate but harmless,4,4,False,False
EN,28,NP,>10,158,SNU-134,inflamed cyst,cyst,nevus,don't know,4,False,True,Inadequate but harmless,2,2,epidermal cyst,0.68594617,inflamed cyst,0.31404907,skin tag,4.6288314e-06,cyst,don't know,don't know,4,False,True,Inadequate but harmless,4,4,False,False
EN,28,NP,>10,55,SNU-134,eczema herpeticum,ekzema herpeticatum,don't know,don't know,5,True,False,Perfect,4,4,eczema herpeticum,0.9719661,herpes zoster,0.027572557,herpes simplex,0.0002619952,ekzema herpeticatum,don't know,don't know,5,True,False,Perfect,5,5,False,False
CN,10,GP,0-1,126,SNU-134,tinea cruris,allergic dermatitis,,,2,False,False,Adequate,4,4,tinea cruris,1.0,tinea corporis,1.4e-10,tinea pedis,1.41e-16,tinea cruris,,,5,True,False,Perfect,4,4,1.0,0.0
CN,10,GP,0-1,53,SNU-134,malignant melanoma,melanoma,,,5,True,False,Perfect,4,4,subungual hematoma,0.9294649,malignant melanoma,0.0694675,blue nevus,0.000724958,subungual hematoma,,,1,False,False,Inadequate and dangerous,5,5,1.0,1.0
CN,10,GP,0-1,120,SNU-134,verruca plana,wart,,,4,False,True,Adequate,2,2,sebaceous hyperplasia,0.9019066,verruca plana,0.0980778,wart,1.55e-05,sebaceous hyperplasia,,,2,False,False,Adequate,4,4,1.0,1.0
CN,10,GP,0-1,34,SNU-134,urticaria,tinea,,,2,False,False,Inadequate but harmless,3,3,urticaria,1.0,urticaria pigmentosa,1.29e-12,erythema annulare centrifugum,4.61e-13,urticaria,,,5,True,False,Perfect,5,5,1.0,0.0
CN,10,GP,0-1,111,SNU-134,pyoderma gangrenosum,pyoderma,,,4,False,True,Adequate,4,4,pyoderma gangrenosum,1.0,pyogenic granuloma,2.44e-14,vasculitis,1.01e-15,pyoderma gangrenosum,,,5,True,False,Perfect,4,4,1.0,1.0
CN,10,GP,0-1,48,SKINTONE,lichen planus,allergic purpura,,,2,False,False,Adequate,4,4,lichen planus,1.0,pityriasis rosea,6.69e-10,psoriasis,3.44e-14,allergic purpura,,,2,False,False,Adequate,3,3,0.0,0.0
CN,10,GP,0-1,20,SNU-134,pompholyx,burn,,,2,False,False,Inadequate but harmless,3,3,palmoplantar pustulosis,1.0,pustular psoriasis,1.16e-10,hand eczema,1.73e-11,palmoplantar pustulosis,,,3,False,False,Adequate,4,4,1.0,1.0
CN,10,GP,0-1,132,SNU-134,herpes simplex,herpes,,,4,False,True,Adequate,2,2,herpes simplex,0.9999695,impetigo,2.75e-05,herpes zoster,2.99e-06,herpes simplex,,,5,True,False,Perfect,5,5,1.0,1.0
CN,10,GP,0-1,148,SNU-134,vitiligo,vitiligo,,,5,True,False,Adequate,5,5,vitiligo,0.99879336,tinea versicolor,0.00120659,lentigo simplex,2.63e-11,vitiligo,,,5,True,False,Adequate,5,5,0.0,0.0
CN,10,GP,0-1,49,SNU-134,herpes zoster,gangrenous dermatitis,,,2,False,False,Adequate,3,3,prurigo pigmentosa,0.987508,herpes zoster,0.012430891,pyoderma gangrenosum,5.94e-05,prurigo pigmentosa,,,2,False,False,Adequate,4,4,1.0,1.0
CN,10,GP,0-1,175,SNU-134,confluent and reticulated papillomatosis,abnormal pigmentation,,,4,False,True,Adequate,1,1,epidermal nevus,0.9647521,becker nevus,0.03199633,congenital nevus,0.002626418,epidermal nevus,,,1,False,False,Inadequate and dangerous,4,4,1.0,1.0
CN,10,GP,0-1,77,SNU-134,cellulitis,erythema,,,2,False,False,Inadequate and dangerous,3,3,cellulitis,0.9998921,pyoderma gangrenosum,7.25e-05,inflamed cyst,3.22e-05,cellulitis,,,5,True,False,Adequate,5,5,1.0,1.0
CN,10,GP,0-1,110,SNU-134,lymphangioma,pyoderma gangrenosum,,,2,False,False,Adequate,3,3,nummular eczema,0.9997652,bowen disease,0.000168642,lentigo simplex,4.99e-05,nummular eczema,,,2,False,False,Inadequate but harmless,4,4,1.0,1.0
CN,10,GP,0-1,3,SNU-134,dermatofibroma,infectious pustule,,,2,False,False,Adequate,3,3,dermatofibroma,1.0,juvenile xanthogranuloma,1.68e-11,epidermal cyst,1.08e-11,dermatofibroma,,,5,True,False,Inadequate but harmless,4,4,1.0,1.0
CN,10,GP,0-1,81,SNU-134,lentigo,hyperpigmentation,,,4,False,True,Adequate,3,3,xanthelasma,0.7771407,granuloma annulare,0.16289753,tinea faciale,0.028307348,xanthelasma,,,1,False,False,Inadequate but harmless,5,5,1.0,0.0
CN,10,GP,0-1,112,SNU-134,xanthelasma,xanthelasma,,,5,True,False,Perfect,5,5,vitiligo,0.98934746,xanthelasma,0.010652511,morphea,8.39e-16,xanthelasma,,,5,True,False,Perfect,5,5,0.0,0.0
CN,10,GP,0-1,91,SNU-134,malignant melanoma,nail necrosis,,,1,False,False,Adequate,3,3,subungual hematoma,0.8558512,malignant melanoma,0.14414886,melanocytic nevus,5.27e-09,subungual hematoma,,,1,False,False,Inadequate and dangerous,4,4,1.0,1.0
CN,10,GP,0-1,168,SNU-134,becker nevus,abnormal pigmentation,,,4,False,True,Perfect,3,3,becker nevus,0.99941146,lentigo simplex,0.000588409,lichen simplex chronicus,6.41e-08,nevus,,,4,False,True,Perfect,3,3,1.0,0.0
CN,10,GP,0-1,193,PASSION,scabies,varicella,,,1,False,False,Inadequate and dangerous,3,3,folliculitis,0.94353473,herpes zoster,0.054920305,scabies,0.000915883,herpes zoster,,,1,False,False,Inadequate and dangerous,4,4,1.0,0.0
CN,10,GP,0-1,199,SNU-134,squamous cell carcinoma,ecthyma gangrenosum,,,1,False,False,Adequate,3,3,squamous cell carcinoma,0.947068,bowen disease,0.04570103,basal cell carcinoma,0.007230953,squamous cell carcinoma,,,5,True,False,Perfect,4,4,1.0,1.0
CN,10,GP,0-1,14,SNU-134,herpes simplex,pyoderma,,,1,False,False,Inadequate and dangerous,3,3,folliculitis,0.8901158,herpes simplex,0.106309175,impetigo,0.003417303,impetigo,,,2,False,False,Inadequate and dangerous,3,3,1.0,0.0
CN,10,GP,0-1,195,SNU-134,lupus erythematosus,tinea,,,2,False,False,Inadequate and dangerous,2,2,lupus erythematosus,0.9999988,herpes simplex,1.21e-06,erythema multiforme,4.41e-08,erythema multiforme,,,2,False,False,Adequate,3,3,1.0,1.0
CN,10,GP,0-1,109,SNU-134,subungual hematoma,onychomycosis,,,2,False,False,Adequate,4,4,subungual hematoma,1.0,onychomycosis,3.86e-15,blue nevus,8.02e-17,onychomycosis,,,2,False,False,Adequate,4,4,0.0,0.0
CN,10,GP,0-1,173,SNU-134,onychomycosis,onychomycosis,,,5,True,False,Perfect,3,3,onychomycosis,0.9956898,paronychia,0.003373449,subungual hematoma,0.000936773,onychomycosis,,,5,True,False,Perfect,3,3,0.0,0.0
CN,10,GP,0-1,28,SNU-134,insect bite,urticaria,,,3,False,False,Adequate,4,4,insect bite,1.0,contact dermatitis,3.36e-10,vasculitis,1.13e-10,insect bite,,,5,True,False,Perfect,5,5,1.0,0.0
CN,10,GP,0-1,73,SNU-134,sebaceous hyperplasia,sebaceous hyperplasia,,,5,True,False,Perfect,3,3,sebaceous hyperplasia,0.99986434,seborrheic keratosis,0.000135521,epidermal nevus,4.99e-08,sebaceous hyperplasia,,,5,True,False,Perfect,5,5,0.0,0.0
CN,10,GP,0-1,35,SNU-134,paronychia,subungual hematoma,,,2,False,False,Adequate,4,4,paronychia,1.0,furuncle,6.42e-11,subungual hematoma,9.55e-12,paronychia,,,5,True,False,Perfect,5,5,1.0,0.0
CN,10,GP,0-1,98,SNU-134,tinea pedis,tinea pedis,,,5,True,False,Perfect,5,5,tinea pedis,0.99978346,palmoplantar pustulosis,0.000216544,tinea faciale,4.6e-13,tinea pedis,,,5,True,False,Perfect,5,5,0.0,0.0
CN,10,GP,0-1,156,SNU-134,angiokeratoma,pyoderma gangrenosum,,,1,False,False,Adequate,3,3,angiokeratoma,0.8933094,lymphangioma,0.1066906,hemangioma,3.45e-12,angiokeratoma,,,5,True,False,Adequate,4,4,1.0,0.0
CN,10,GP,0-1,117,SNU-134,urticaria pigmentosa,nevus,,,2,False,True,Adequate,3,3,urticaria pigmentosa,0.99998736,juvenile xanthogranuloma,1.26e-05,congenital nevus,1.19e-08,urticaria pigmentosa,,,5,True,False,Perfect,4,4,1.0,1.0
CN,17,GP,0-1,126,SNU-134,tinea cruris,tinea cruris,,,5,True,False,Adequate,3,3,tinea cruris,1.0,tinea corporis,1.4e-10,tinea pedis,1.41e-16,tinea cruris,,,5,True,False,Adequate,3,3,0.0,0.0
CN,17,GP,0-1,195,SNU-134,lupus erythematosus,eczema,,,2,False,False,Adequate,3,3,lupus erythematosus,0.9999988,herpes simplex,1.21e-06,erythema multiforme,4.41e-08,lupus erythematosus,,,5,True,False,Perfect,3,3,1.0,1.0
CN,17,GP,0-1,144,SNU-134,nummular eczema,impetigo,,,2,False,False,Adequate,3,3,nummular eczema,0.99987566,bowen disease,6.6e-05,lichen simplex chronicus,5.83e-05,nummular eczema,,,5,True,False,Adequate,3,3,1.0,1.0
CN,17,GP,0-1,171,SNU-134,tinea pedis,tinea pedis,,,5,True,False,Perfect,3,3,tinea pedis,0.99999905,pompholyx,9.13e-07,palmoplantar pustulosis,2.32e-08,tinea pedis,,,5,True,False,Perfect,3,3,0.0,0.0
CN,17,GP,0-1,28,SNU-134,insect bite,eczema,,,2,False,False,Adequate,3,3,insect bite,1.0,contact dermatitis,3.36e-10,vasculitis,1.13e-10,don't know,,,1,False,False,Inadequate and dangerous,3,3,1.0,1.0
CN,17,GP,0-1,41,SNU-134,herpes zoster,herpes zoster,,,5,True,False,Perfect,3,3,herpes zoster,1.0,herpes simplex,4.47e-16,epidermal nevus,1.36e-16,herpes zoster,,,5,True,False,Perfect,3,3,0.0,0.0
CN,17,GP,0-1,100,SNU-134,erythema annulare centrifugum,urticaria,,,2,False,False,Adequate,3,3,erythema annulare centrifugum,0.9998977,tinea corporis,0.0001023,erythema multiforme,2.36e-08,erythema centrifugum,,,4,False,True,Adequate,3,3,1.0,1.0
CN,17,GP,0-1,111,SNU-134,pyoderma gangrenosum,eczema,,,2,False,False,Adequate,3,3,pyoderma gangrenosum,1.0,pyogenic granuloma,2.44e-14,vasculitis,1.01e-15,pyoderma gangrenosum,,,5,True,False,Perfect,3,2,1.0,0.0
CN,17,GP,0-1,72,SNU-134,impetigo,eczema,,,2,False,False,Adequate,3,3,pyoderma gangrenosum,0.99329466,nummular eczema,0.006692767,pustular psoriasis,8.88e-06,psoriasis,,,2,False,False,Adequate,3,3,1.0,0.0
CN,17,GP,0-1,58,SNU-134,basal cell carcinoma,folliculitis,,,1,False,False,Inadequate and dangerous,3,3,basal cell carcinoma,1.0,dermatofibroma,1.61e-15,insect bite,1.04e-15,basal cell carcinoma,,,5,True,False,Perfect,3,3,1.0,1.0
CN,17,GP,0-1,3,SNU-134,dermatofibroma,basal cell carcinoma,,,1,False,False,Adequate,3,3,dermatofibroma,1.0,juvenile xanthogranuloma,1.68e-11,epidermal cyst,1.08e-11,dermatofibroma,,,5,True,False,Inadequate but harmless,3,3,1.0,1.0
CN,17,GP,0-1,74,SNU-134,lichen simplex chronicus,miliaria,,,2,False,False,Adequate,3,3,lichen amyloidosis,0.9985241,lichen simplex chronicus,0.000709126,confluent and reticulated papillomatosis,0.000502846,lichen amyloidosis,,,3,False,False,Adequate,3,3,1.0,1.0
CN,17,GP,0-1,175,SNU-134,confluent and reticulated papillomatosis,vitiligo,,,2,False,False,Adequate,3,3,epidermal nevus,0.9647521,becker nevus,0.03199633,congenital nevus,0.002626418,vitiligo,,,2,False,False,Adequate,3,3,0.0,0.0
CN,17,GP,0-1,27,SNU-134,hand eczema,eczema,,,4,False,True,Adequate,3,3,granuloma annulare,0.9999368,lupus erythematosus,5.31e-05,hand eczema,1.01e-05,eczema,,,4,False,True,Adequate,3,3,0.0,0.0
CN,17,GP,0-1,48,SKINTONE,lichen planus,blood blister,,,2,False,False,Adequate,3,3,lichen planus,1.0,pityriasis rosea,6.69e-10,psoriasis,3.44e-14,blood blister,,,2,False,False,Adequate,3,3,0.0,1.0
CN,18,GP,0-1,17,SNU-134,tinea faciale,eczema,,,2,False,False,Adequate,3,3,tinea faciale,1.0,tinea corporis,5.55e-10,seborrheic dermatitis,7.06e-14,eczema,,,2,False,False,Adequate,3,3,0.0,0.0
CN,18,GP,0-1,29,SNU-134,herpes zoster,herpes zoster,,,5,True,False,Perfect,5,5,herpes zoster,1.0,herpes simplex,1.25e-09,eczema herpeticum,1.78e-11,herpes zoster,,,5,True,False,Perfect,5,5,0.0,0.0
CN,18,GP,0-1,142,SNU-134,blue nevus,melanoma,,,1,False,False,Adequate,5,5,blue nevus,0.9999999,lentigo simplex,7.27e-08,melanocytic nevus,5.26e-09,melanoma,,,1,False,False,Adequate,5,5,0.0,0.0
CN,18,GP,0-1,151,SNU-134,exfoliative dermatitis,exfoliative dermatitis,,,5,True,False,Perfect,3,3,pustular psoriasis,0.9908742,acute generalized exanthematous pustulosis,0.009125635,exfoliative dermatitis,2.76e-07,exfoliative dermatitis,,,5,True,False,Perfect,3,3,0.0,0.0
CN,18,GP,0-1,114,SNU-134,juvenile xanthogranuloma,impetigo,,,1,False,False,Inadequate and dangerous,4,4,juvenile xanthogranuloma,1.0,organoid nevus,6.57e-15,pyogenic granuloma,4.86e-17,impetigo,,,1,False,False,Inadequate and dangerous,4,4,1.0,1.0
CN,18,GP,0-1,39,SNU-134,abscess,sebaceous cyst,,,3,False,False,Adequate,5,5,inflamed cyst,0.9994961,furuncle,0.000404441,epidermal cyst,7.03e-05,sebaceous cyst,,,3,False,False,Adequate,5,5,0.0,0.0
CN,18,GP,0-1,11,SNU-134,tinea pedis,tinea pedis,,,5,True,False,Perfect,5,5,tinea pedis,1.0,tinea cruris,4.69e-08,cellulitis,1.51e-09,tinea pedis,,,5,True,False,Perfect,5,5,0.0,0.0
CN,18,GP,0-1,118,SNU-134,organoid nevus,xanthoma,,,2,False,False,Adequate,3,3,epidermal nevus,1.0,organoid nevus,1.73e-08,lentigo simplex,1.3e-08,xanthoma,,,2,False,False,Adequate,3,3,0.0,0.0
CN,18,GP,0-1,167,SNU-134,granuloma annulare,pityriasis rosea,,,2,False,False,Adequate,3,3,granuloma annulare,1.0,erythema annulare centrifugum,1.16e-10,tinea corporis,8.18e-15,pityriasis rosea,,,2,False,False,Adequate,3,3,0.0,0.0
CN,18,GP,0-1,199,SNU-134,squamous cell carcinoma,skin cancer,,,4,False,True,Perfect,3,3,squamous cell carcinoma,0.947068,bowen disease,0.04570103,basal cell carcinoma,0.007230953,skin cancer,,,4,False,True,Perfect,3,3,0.0,0.0
CN,18,GP,0-1,61,SKINTONE,atopic dermatitis,psoriasis,,,3,False,False,Adequate,3,3,nummular eczema,0.9999999,dry eczema,6.62e-08,hand eczema,3.08e-11,psoriasis,,,3,False,False,Adequate,3,3,0.0,0.0
CN,18,GP,0-1,1,SNU-134,onychomycosis,onychomycosis,,,5,True,False,Perfect,5,5,onychomycosis,1.0,subungual hematoma,4.32e-10,tinea pedis,6.42e-11,onychomycosis,,,5,True,False,Perfect,5,5,0.0,0.0
CN,18,GP,0-1,33,SNU-134,congenital nevus,xanthoma,,,2,False,False,Adequate,3,3,congenital nevus,0.9523771,lentigo simplex,0.044543274,becker nevus,0.002847556,xanthoma,,,2,False,False,Adequate,3,3,0.0,0.0
CN,18,GP,0-1,168,SNU-134,becker nevus,lichenification,,,2,False,False,Adequate,3,3,becker nevus,0.99941146,lentigo simplex,0.000588409,lichen simplex chronicus,6.41e-08,lichenification,,,2,False,False,Adequate,3,3,0.0,0.0
CN,20,GP,2-5,64,SNU-134,angiofibroma,eczema,,,2,False,False,Adequate,3,3,sebaceous hyperplasia,0.902559,angiofibroma,0.09512901,organoid nevus,0.001586427,eczema,,,2,False,False,Adequate,3,3,0.0,0.0
CN,20,GP,2-5,100,SNU-134,erythema annulare centrifugum,roseola,,,2,False,False,Adequate,3,3,erythema annulare centrifugum,0.9998977,tinea corporis,0.0001023,erythema multiforme,2.36e-08,roseola,,,2,False,False,Adequate,3,3,0.0,0.0
CN,20,GP,2-5,51,SNU-134,malignant melanoma,melanoma,,,5,True,False,Perfect,3,3,malignant melanoma,1.0,tinea pedis,1.68e-11,melanocytic nevus,1.34e-13,melanoma,,,5,True,False,Perfect,3,3,0.0,0.0
CN,20,GP,2-5,109,SNU-134,subungual hematoma,subcutaneous bruising,,,4,False,True,Adequate,3,3,subungual hematoma,1.0,onychomycosis,3.86e-15,blue nevus,8.02e-17,subungual hematoma,,,5,True,False,Perfect,3,3,1.0,0.0
CN,20,GP,2-5,98,SNU-134,tinea pedis,tinea pedis,,,5,True,False,Perfect,3,3,tinea pedis,0.99978346,palmoplantar pustulosis,0.000216544,tinea faciale,4.6e-13,tinea pedis,,,5,True,False,Perfect,3,3,0.0,0.0
CN,20,GP,2-5,93,SNU-134,bowen disease,breast cancer,,,1,False,False,Adequate,3,3,nummular eczema,0.7431656,bowen disease,0.25683117,pyoderma gangrenosum,2.37e-06,breast cancer,,,1,False,False,Adequate,3,3,0.0,0.0
CN,20,GP,2-5,56,SNU-134,neurofibroma,nummular eczema,,,2,False,False,Adequate,3,3,juvenile xanthogranuloma,0.69211155,neurofibroma,0.2626959,epidermal cyst,0.033398036,granuloma,,,2,False,False,Adequate,3,3,1.0,0.0
CN,20,GP,2-5,13,PASSION,scabies,varicella,,,2,False,False,Adequate,3,3,urticaria pigmentosa,0.99550736,scabies,0.004197557,varicella,0.000202554,varicella,,,2,False,False,Adequate,3,3,0.0,0.0
CN,20,GP,2-5,36,SNU-134,tinea cruris,erythema annulare,,,2,False,False,Adequate,3,3,erythema annulare centrifugum,0.9896498,granuloma annulare,0.008298719,tinea corporis,0.001851694,erythema annulare,,,2,False,False,Adequate,3,3,0.0,0.0
CN,20,GP,2-5,177,SNU-134,inflamed cyst,scabies,,,2,False,False,Adequate,3,3,inflamed cyst,0.99975306,furuncle,0.000191094,epidermal cyst,5.47e-05,scabies,,,1,False,False,Adequate,3,3,0.0,0.0
CN,20,GP,2-5,48,SKINTONE,lichen planus,herpes,,,2,False,False,Adequate,3,3,lichen planus,1.0,pityriasis rosea,6.69e-10,psoriasis,3.44e-14,herpes,,,2,False,False,Adequate,3,3,0.0,0.0
CN,20,GP,2-5,85,SNU-134,onychomycosis,onychomycosis,,,5,True,False,Perfect,3,3,onychomycosis,1.0,tinea pedis,9.24e-09,paronychia,2.88e-10,onychomycosis,,,5,True,False,Perfect,3,3,0.0,0.0
CN,20,GP,2-5,135,PASSION,tinea corporis,nummular eczema,,,3,False,False,Adequate,3,3,tinea versicolor,0.53120714,pityriasis rosea,0.46878868,tinea corporis,4.19e-06,tinea versicolor,,,3,False,False,Adequate,3,3,1.0,1.0
CN,20,GP,2-5,39,SNU-134,abscess,skin cyst,,,3,False,False,Adequate,3,3,inflamed cyst,0.9994961,furuncle,0.000404441,epidermal cyst,7.03e-05,skin cyst,,,3,False,False,Adequate,3,3,0.0,0.0
CN,20,GP,2-5,142,SNU-134,blue nevus,melanoma,,,1,False,False,Adequate,3,3,blue nevus,0.9999999,lentigo simplex,7.27e-08,melanocytic nevus,5.26e-09,melanoma,,,1,False,False,Adequate,3,3,0.0,0.0
CN,21,GP,0-1,124,SNU-134,lichen planus,herpes,,,2,False,False,Adequate,3,3,lichen planus,0.9446937,lichen simplex chronicus,0.054987762,prurigo pigmentosa,0.000316909,herpes,,,2,False,False,Adequate,3,3,0.0,0.0
CN,21,GP,0-1,58,SNU-134,basal cell carcinoma,furuncle,,,1,False,False,Adequate,3,3,basal cell carcinoma,1.0,dermatofibroma,1.61e-15,insect bite,1.04e-15,furuncle,,,1,False,False,Adequate,3,3,0.0,0.0
CN,21,GP,0-1,3,SNU-134,dermatofibroma,scar,,,2,False,False,Adequate,3,3,dermatofibroma,1.0,juvenile xanthogranuloma,1.68e-11,epidermal cyst,1.08e-11,scar,,,3,False,False,Adequate,3,3,0.0,0.0
CN,21,GP,0-1,85,SNU-134,onychomycosis,onychomycosis,,,5,True,False,Adequate,3,3,onychomycosis,1.0,tinea pedis,9.24e-09,paronychia,2.88e-10,onychomycosis,,,5,True,False,Adequate,3,3,0.0,0.0
CN,21,GP,0-1,174,SNU-134,drug eruption,urticaria,,,3,False,False,Adequate,3,3,acute generalized exanthematous pustulosis,0.99992967,drug eruption,7.03e-05,pustular psoriasis,1.18e-12,urticaria,,,3,False,False,Adequate,3,3,0.0,0.0
CN,21,GP,0-1,115,PASSION,scabies,herpes,,,1,False,False,Adequate,3,3,prurigo pigmentosa,0.99999905,multiple sebaceous cysts,4.89e-07,urticaria pigmentosa,4.66e-07,herpes,,,1,False,False,Adequate,3,3,0.0,0.0
CN,21,GP,0-1,49,SNU-134,herpes zoster,epidermolysis bullosa,,,1,False,False,Adequate,3,3,prurigo pigmentosa,0.987508,herpes zoster,0.012430891,pyoderma gangrenosum,5.94e-05,epidermolysis bullosa,,,1,False,False,Adequate,3,3,0.0,0.0
CN,21,GP,0-1,158,SNU-134,inflamed cyst,lichen,,,2,False,False,Adequate,3,3,epidermal cyst,0.68594617,inflamed cyst,0.31404907,skin tag,4.63e-06,lichen,,,2,False,False,Adequate,3,3,0.0,0.0
CN,21,GP,0-1,138,SNU-134,wart,sore,,,2,False,False,Adequate,3,3,wart,0.9101248,verruca plana,0.07952581,skin tag,0.009498005,sore,,,2,False,False,Adequate,3,3,0.0,0.0
CN,21,GP,0-1,14,SNU-134,herpes simplex,herpes,,,4,False,True,Adequate,3,3,folliculitis,0.8901158,herpes simplex,0.106309175,impetigo,0.003417303,herpes,,,4,False,True,Adequate,3,3,0.0,0.0
CN,21,GP,0-1,61,SKINTONE,atopic dermatitis,pigmented purpura,,,2,False,False,Adequate,3,3,nummular eczema,0.9999999,dry eczema,6.62e-08,hand eczema,3.08e-11,pigmented purpura,,,2,False,False,Adequate,3,3,0.0,0.0
CN,21,GP,0-1,161,SNU-134,pompholyx,tinea,,,2,False,False,Adequate,3,3,palmoplantar pustulosis,0.99954176,pustular psoriasis,0.000458313,hand eczema,3.43e-08,tinea,,,2,False,False,Adequate,3,3,0.0,0.0
CN,21,GP,0-1,15,SNU-134,malignant melanoma,onychomycosis,,,1,False,False,Adequate,3,3,subungual hematoma,0.9239385,malignant melanoma,0.075841494,paronychia,0.000176602,onychomycosis,,,1,False,False,Adequate,3,3,0.0,0.0
CN,21,GP,0-1,98,SNU-134,tinea pedis,fungal infection,,,4,False,True,Adequate,3,3,tinea pedis,0.99978346,palmoplantar pustulosis,0.000216544,tinea faciale,4.6e-13,fungal infection,,,4,False,True,Adequate,3,3,0.0,0.0
CN,21,GP,0-1,153,SNU-134,lupus erythematosus,urticaria,,,2,False,False,Adequate,3,3,insect bite,0.75048333,herpes zoster,0.24364626,erythema multiforme,0.005382847,urticaria,,,2,False,False,Adequate,3,3,0.0,0.0
CN,22,GP,0-1,67,SNU-134,hemangioma,subcutaneous hemorrhage,,,2,False,False,Adequate,3,3,hemangioma,0.57419926,pyogenic granuloma,0.35932472,angiokeratoma,0.06646839,subcutaneous hemorrhage,,,2,False,False,Adequate,3,3,0.0,0.0
CN,22,GP,0-1,2,SNU-134,lentigo,melasma,,,2,False,False,Adequate,3,3,lentigo,0.99999905,seborrheic keratosis,9.72e-07,actinic keratosis,4.79e-09,melasma,,,2,False,False,Adequate,3,3,0.0,0.0
CN,22,GP,0-1,193,PASSION,scabies,dermatitis,,,2,False,False,Adequate,3,3,folliculitis,0.94353473,herpes zoster,0.054920305,scabies,0.000915883,dermatitis,,,3,False,False,Adequate,3,3,0.0,0.0
CN,22,GP,0-1,10,SNU-134,juvenile xanthogranuloma,cyst,,,2,False,False,Adequate,3,3,pyogenic granuloma,0.8840393,juvenile xanthogranuloma,0.11596071,hemangioma,4.38e-12,cyst,,,2,False,False,Adequate,3,3,0.0,0.0
CN,22,GP,0-1,37,SNU-134,skin tag,molluscum contagiosum,,,2,False,False,Adequate,3,3,skin tag,0.88109386,lentigo simplex,0.11557435,epidermal nevus,0.002985192,molluscum contagiosum,,,2,False,False,Adequate,3,3,0.0,0.0
CN,22,GP,0-1,111,SNU-134,pyoderma gangrenosum,skin cancer,,,1,False,False,Adequate,3,3,pyoderma gangrenosum,1.0,pyogenic granuloma,2.44e-14,vasculitis,1.01e-15,skin cancer,,,1,False,False,Adequate,3,3,0.0,0.0
CN,22,GP,0-1,167,SNU-134,granuloma annulare,erythema annulare,,,3,False,False,Adequate,3,3,granuloma annulare,1.0,erythema annulare centrifugum,1.16e-10,tinea corporis,8.18e-15,don't know,,,1,False,False,Adequate,3,3,0.0,1.0
CN,22,GP,0-1,185,SNU-134,staphylococcal scalded skin syndrome,contact dermatitis,,,2,False,False,Adequate,3,3,staphylococcal scalded skin syndrome,0.98926115,herpes simplex,0.005525968,impetigo,0.002866834,contact dermatitis,,,2,False,False,Adequate,3,3,0.0,0.0
CN,22,GP,0-1,138,SNU-134,wart,skin tag,,,3,False,False,Adequate,3,3,wart,0.9101248,verruca plana,0.07952581,skin tag,0.009498005,skin tag,,,3,False,False,Adequate,3,3,0.0,0.0
CN,22,GP,0-1,190,SKINTONE,pityriasis rosea,allergic purpura,,,2,False,False,Adequate,3,3,psoriasis,0.99939203,pityriasis rosea,0.000570294,pustular psoriasis,3.76e-05,allergic purpura,,,2,False,False,Adequate,3,3,0.0,0.0
CN,22,GP,0-1,171,SNU-134,tinea pedis,tinea pedis,,,5,True,False,Adequate,3,3,tinea pedis,0.99999905,pompholyx,9.13e-07,palmoplantar pustulosis,2.32e-08,tinea pedis,,,5,True,False,Adequate,3,3,0.0,0.0
CN,22,GP,0-1,155,SNU-134,palmoplantar pustulosis,eczema,,,3,False,False,Adequate,3,3,palmoplantar pustulosis,0.9999777,hand eczema,2.14e-05,pustular psoriasis,8.06e-07,eczema,,,3,False,False,Adequate,3,3,0.0,0.0
CN,22,GP,0-1,134,SNU-134,lichen amyloidosis,verruca plana,,,2,False,False,Adequate,3,3,lichen amyloidosis,0.99998736,amyloidosis,1.26e-05,lichen simplex chronicus,2.51e-11,verruca plana,,,2,False,False,Adequate,3,3,0.0,0.0
CN,22,GP,0-1,36,SNU-134,tinea cruris,tinea,,,4,False,True,Adequate,3,3,erythema annulare centrifugum,0.9896498,granuloma annulare,0.008298719,tinea corporis,0.001851694,tinea,,,4,False,True,Adequate,3,3,1.0,1.0
CN,22,GP,0-1,132,SNU-134,herpes simplex,cheilitis,,,2,False,False,Adequate,3,3,herpes simplex,0.9999695,impetigo,2.75e-05,herpes zoster,2.99e-06,cheilitis,,,2,False,False,Adequate,3,3,0.0,0.0
CN,23,GP,0-1,52,SNU-134,pyogenic granuloma,eczema,,,2,False,False,Adequate,3,3,pyogenic granuloma,1.0,hemangioma,1.96e-14,angiokeratoma,1.28e-16,eczema,,,2,False,False,Adequate,3,3,0.0,0.0
CN,23,GP,0-1,13,PASSION,scabies,purpura,,,1,False,False,Adequate,3,3,urticaria pigmentosa,0.99550736,scabies,0.004197557,varicella,0.000202554,purpura,,,1,False,False,Adequate,3,3,1.0,0.0
CN,23,GP,0-1,90,SNU-134,erythema multiforme,erysipelas,,,2,False,False,Adequate,3,3,erythema multiforme,0.9993043,urticaria,0.000588346,erythema annulare centrifugum,6.81e-05,erysipelas,,,2,False,False,Adequate,3,3,0.0,0.0
CN,23,GP,0-1,175,SNU-134,confluent and reticulated papillomatosis,tinea,,,2,False,False,Adequate,3,3,epidermal nevus,0.9647521,becker nevus,0.03199633,congenital nevus,0.002626418,tinea,,,2,False,False,Adequate,3,3,0.0,0.0
CN,23,GP,0-1,131,SNU-134,squamous cell carcinoma,gangrene,,,1,False,False,Adequate,3,3,squamous cell carcinoma,0.9999981,keratoacanthoma,1.93e-06,basal cell carcinoma,7.91e-12,gangrene,,,1,False,False,Adequate,3,3,0.0,0.0
CN,23,GP,0-1,24,SNU-134,wart,fungal infection,,,2,False,False,Adequate,3,3,bowen disease,0.86689454,verruca plana,0.13294259,epidermal nevus,0.000150871,fungal infection,,,2,False,False,Adequate,3,3,0.0,0.0
CN,23,GP,0-1,124,SNU-134,lichen planus,neurodermatitis,,,3,False,False,Adequate,3,3,lichen planus,0.9446937,lichen simplex chronicus,0.054987762,prurigo pigmentosa,0.000316909,neurodermatitis,,,3,False,False,Adequate,3,3,0.0,0.0
CN,23,GP,0-1,63,SKINTONE,atopic dermatitis,chronic eczema,,,4,False,True,Adequate,3,3,atopic dermatitis,1.0,dry eczema,9.64e-11,nummular eczema,1.21e-12,chronic eczema,,,4,False,True,Adequate,3,3,0.0,0.0
CN,23,GP,0-1,153,SNU-134,lupus erythematosus,insect bite dermatitis,,,2,False,False,Adequate,3,3,insect bite,0.75048333,herpes zoster,0.24364626,erythema multiforme,0.005382847,insect bite dermatitis,,,2,False,False,Adequate,3,3,0.0,0.0
CN,23,GP,0-1,142,SNU-134,blue nevus,melanocytic nevus,,,4,False,True,Adequate,3,3,blue nevus,0.9999999,lentigo simplex,7.27e-08,melanocytic nevus,5.26e-09,melanocytic nevus,,,4,False,True,Adequate,3,3,0.0,0.0
CN,23,GP,0-1,157,SNU-134,alopecia areata,alopecia areata,,,5,True,False,Adequate,3,3,alopecia areata,1.0,vitiligo,1.11e-23,folliculitis,7.03e-24,alopecia areata,,,5,True,False,Adequate,3,3,0.0,0.0
CN,23,GP,0-1,34,SNU-134,urticaria,allergic dermatitis,,,3,False,False,Adequate,3,3,urticaria,1.0,urticaria pigmentosa,1.29e-12,erythema annulare centrifugum,4.61e-13,allergic dermatitis,,,3,False,False,Adequate,3,3,0.0,0.0
CN,23,GP,0-1,68,SNU-134,onychomycosis,onychomycosis,,,5,True,False,Adequate,3,3,onychomycosis,0.9590408,paronychia,0.040840883,subungual hematoma,0.000118355,onychomycosis,,,5,True,False,Adequate,3,3,0.0,0.0
CN,23,GP,0-1,17,SNU-134,tinea faciale,herpes zoster,,,1,False,False,Adequate,3,3,tinea faciale,1.0,tinea corporis,5.55e-10,seborrheic dermatitis,7.06e-14,herpes zoster,,,2,False,False,Adequate,3,3,0.0,0.0
CN,22,GP,0-1,11,SNU-134,tinea pedis,tinea pedis,,,5,True,False,Adequate,3,3,tinea pedis,1.0,tinea cruris,4.69e-08,cellulitis,1.51e-09,don't know,,,1,False,False,Adequate,3,3,1.0,1.0
CN,22,GP,0-1,26,SNU-134,vasculitis,subcutaneous hemorrhage,,,2,False,False,Adequate,3,3,juvenile xanthogranuloma,0.7474468,vasculitis,0.25036332,urticaria pigmentosa,0.001686935,subcutaneous hemorrhage,,,2,False,False,Adequate,3,3,0.0,0.0
CN,23,GP,0-1,62,SNU-134,herpes simplex,herpes zoster,,,3,False,False,Adequate,3,3,herpes simplex,0.70574486,herpes zoster,0.29419824,tinea cruris,5.62e-05,herpes zoster,,,3,False,False,Adequate,3,3,0.0,0.0
CN,23,GP,0-1,137,SKINTONE,lichen planus,eczema,,,3,False,False,Adequate,3,3,lichen planus,1.0,verruca plana,3.1e-12,granuloma annulare,1.48e-14,eczema,,,2,False,False,Adequate,3,3,0.0,0.0
CN,24,GP,6-10,2,SNU-134,lentigo,melasma,,,2,False,False,Adequate,3,3,lentigo,0.99999905,seborrheic keratosis,9.72e-07,actinic keratosis,4.79e-09,melasma,,,2,False,False,Adequate,3,3,0.0,0.0
CN,24,GP,6-10,74,SNU-134,lichen simplex chronicus,keratosis pilaris,,,2,False,False,Adequate,3,3,lichen amyloidosis,0.9985241,lichen simplex chronicus,0.000709126,confluent and reticulated papillomatosis,0.000502846,lichen amyloidosis,,,3,False,False,Adequate,3,3,1.0,0.0
CN,24,GP,6-10,32,SNU-134,varicella,allergic dermatitis,,,2,False,False,Adequate,3,3,prurigo pigmentosa,0.8442765,atopic dermatitis,0.129474,varicella,0.015954327,allergic dermatitis,,,2,False,False,Adequate,3,3,0.0,0.0
CN,24,GP,6-10,50,SNU-134,melanocytic nevus,skin growth,,,4,False,True,Adequate,3,3,lentigo simplex,0.99965405,skin tag,0.000185196,blue nevus,0.000115893,skin growth,,,4,False,True,Adequate,3,3,0.0,0.0
CN,24,GP,6-10,134,SNU-134,lichen amyloidosis,lichen amyloidosis,,,5,True,False,Adequate,3,3,lichen amyloidosis,0.99998736,amyloidosis,1.26e-05,lichen simplex chronicus,2.51e-11,lichen amyloidosis,,,5,True,False,Perfect,3,3,0.0,0.0
CN,23,GP,0-1,113,SKINTONE,pityriasis rosea,urticaria,,,2,False,False,Adequate,3,3,pityriasis rosea,1.0,drug eruption,1.86e-10,seborrheic dermatitis,3.94e-13,drug eruption,,,2,False,False,Adequate,3,3,0.0,0.0
CN,24,GP,6-10,142,SNU-134,blue nevus,pigmented nevus,,,4,False,True,Adequate,5,3,blue nevus,0.9999999,lentigo simplex,7.27e-08,melanocytic nevus,5.26e-09,melanocytic nevus,,,4,False,True,Adequate,5,3,1.0,0.0
CN,24,GP,6-10,12,SNU-134,basal cell carcinoma,melanoma,,,1,False,False,Adequate,5,3,basal cell carcinoma,0.99990976,blue nevus,9.03e-05,malignant melanoma,4.41e-11,basal cell carcinoma,,,5,True,False,Perfect,5,3,1.0,0.0
CN,24,GP,6-10,10,SNU-134,juvenile xanthogranuloma,granuloma,,,4,False,True,Adequate,3,3,pyogenic granuloma,0.8840393,juvenile xanthogranuloma,0.11596071,hemangioma,4.38e-12,granuloma,,,4,False,True,Adequate,3,3,0.0,0.0
CN,24,GP,6-10,137,SKINTONE,lichen planus,pemphigus,,,2,False,False,Adequate,3,3,lichen planus,1.0,verruca plana,3.1e-12,granuloma annulare,1.48e-14,lichen planus,,,5,True,False,Adequate,3,3,1.0,0.0
CN,24,GP,6-10,174,SNU-134,drug eruption,drug eruption,,,5,True,False,Perfect,4,4,acute generalized exanthematous pustulosis,0.99992967,drug eruption,7.03e-05,pustular psoriasis,1.18e-12,drug eruption,,,5,True,False,Perfect,4,4,0.0,0.0
CN,24,GP,6-10,168,SNU-134,becker nevus,blue nevus,,,3,False,False,Adequate,3,3,becker nevus,0.99941146,lentigo simplex,0.000588409,lichen simplex chronicus,6.41e-08,nevus,,,4,False,True,Adequate,3,3,1.0,0.0
CN,24,GP,6-10,122,SKINTONE,atopic dermatitis,allergic dermatitis,,,4,False,True,Adequate,3,3,atopic dermatitis,0.9998029,dry eczema,0.000197169,exfoliative dermatitis,9.29e-10,allergic dermatitis,,,4,False,True,Adequate,3,3,0.0,0.0
CN,25,GP,0-1,162,SNU-134,eczema herpeticum,rash,,,4,False,True,Adequate,3,1,atopic dermatitis,0.9867155,varicella,0.009375799,eczema herpeticum,0.003908414,atopic dermatitis,,,3,False,False,Adequate,4,3,1.0,1.0
CN,25,GP,0-1,62,SNU-134,herpes simplex,skin ulceration,,,4,False,True,Adequate,1,1,herpes simplex,0.70574486,herpes zoster,0.29419824,tinea cruris,5.62e-05,herpes simplex,,,5,True,False,Adequate,4,3,1.0,1.0
CN,25,GP,0-1,97,SNU-134,varicella,rubella,,,2,False,False,Adequate,3,1,varicella,0.9585215,insect bite,0.04081877,pityriasis rosea,0.000498023,pityriasis rosea,,,2,False,False,Adequate,3,3,1.0,1.0
CN,25,GP,0-1,199,SNU-134,squamous cell carcinoma,melanoma,,,1,False,False,Adequate,3,1,squamous cell carcinoma,0.947068,bowen disease,0.04570103,basal cell carcinoma,0.007230953,melanoma,,,1,False,False,Adequate,3,1,1.0,0.0
CN,25,GP,0-1,164,SNU-134,psoriasis,tinea,,,2,False,False,Adequate,1,1,psoriasis,1.0,pustular psoriasis,1.34e-08,lichen planus,2.94e-14,tinea,,,2,False,False,Adequate,3,1,1.0,0.0
CN,25,GP,0-1,21,SNU-134,furuncle,varicella,,,1,False,False,Adequate,3,3,inflamed cyst,0.94845927,folliculitis,0.03564429,furuncle,0.015817055,inflamed cyst,,,3,False,False,Adequate,5,3,1.0,1.0
CN,25,GP,0-1,184,SNU-134,folliculitis,dermatitis,,,3,False,False,Adequate,1,1,folliculitis,0.99744654,acne,0.002550906,staphylococcal scalded skin syndrome,2.4e-06,folliculitis,,,5,True,False,Adequate,4,3,1.0,1.0
CN,25,GP,0-1,53,SNU-134,malignant melanoma,birthmark,,,1,False,False,Adequate,1,1,subungual hematoma,0.9294649,malignant melanoma,0.0694675,blue nevus,0.000724958,malignant melanoma,,,5,True,False,Perfect,4,1,1.0,1.0
CN,25,GP,0-1,177,SNU-134,inflamed cyst,insect bite,,,2,False,False,Adequate,3,3,inflamed cyst,0.99975306,furuncle,0.000191094,epidermal cyst,5.47e-05,insect bite,,,2,False,False,Adequate,3,1,1.0,1.0
CN,25,GP,0-1,16,PASSION,scabies,cyst,,,1,False,False,Adequate,1,1,scabies,0.99997234,folliculitis,2.75e-05,tinea cruris,1.26e-07,cyst,,,1,False,False,Adequate,1,1,0.0,0.0
CN,25,GP,0-1,23,SNU-134,amyloidosis,dermatitis,,,1,False,False,Adequate,1,1,becker nevus,0.93455005,prurigo pigmentosa,0.046528503,confluent and reticulated papillomatosis,0.018220825,becker nevus,,,1,False,False,Adequate,3,1,1.0,0.0
CN,25,GP,0-1,43,SNU-134,lentigo simplex,melanocytic nevus,,,3,False,False,Adequate,3,1,lentigo simplex,0.89219856,congenital nevus,0.09403703,becker nevus,0.013130513,melanocytic nevus,,,3,False,False,Adequate,3,1,1.0,1.0
CN,25,GP,0-1,173,SNU-134,onychomycosis,onychomycosis,,,5,True,False,Adequate,3,1,onychomycosis,0.9956898,paronychia,0.003373449,subungual hematoma,0.000936773,onychomycosis,,,5,True,False,Adequate,3,1,1.0,1.0
CN,25,GP,0-1,27,SNU-134,hand eczema,dermatitis,,,4,False,True,Adequate,3,1,granuloma annulare,0.9999368,lupus erythematosus,5.31e-05,hand eczema,1.01e-05,hand eczema,,,5,True,False,Adequate,3,3,1.0,1.0
CN,25,GP,0-1,196,SNU-134,actinic keratosis,tumor,,,4,False,True,Adequate,1,1,basal cell carcinoma,0.9862732,malignant melanoma,0.013635593,squamous cell carcinoma,8.9e-05,tumor,,,4,False,True,Adequate,1,1,1.0,0.0
CN,25,GP,0-1,85,SNU-134,onychomycosis,onychomycosis,,,5,True,False,Adequate,3,1,onychomycosis,1.0,tinea pedis,9.24e-09,paronychia,2.88e-10,onychomycosis,,,5,True,False,Adequate,3,1,0.0,0.0
CN,25,GP,0-1,139,SNU-134,epidermal cyst,folliculitis,,,2,False,False,Adequate,3,1,epidermal cyst,0.9315932,inflamed cyst,0.059554756,skin tag,0.008852025,epidermal cyst,,,5,True,False,Adequate,3,1,1.0,1.0
CN,25,GP,0-1,167,SNU-134,granuloma annulare,burn,,,2,False,False,Adequate,1,1,granuloma annulare,1.0,erythema annulare centrifugum,1.16e-10,tinea corporis,8.18e-15,erythema annulare centrifugum,,,3,False,False,Adequate,3,1,1.0,0.0
CN,25,GP,0-1,42,SNU-134,acne,rash,,,4,False,True,Adequate,3,1,folliculitis,0.9992066,acne,0.000779355,varicella,1.34e-05,folliculitis,,,3,False,False,Adequate,3,1,1.0,0.0
CN,25,GP,0-1,93,SNU-134,bowen disease,tinea,,,2,False,False,Adequate,1,1,nummular eczema,0.7431656,bowen disease,0.25683117,pyoderma gangrenosum,2.37e-06,bowen disease,,,5,True,False,Adequate,1,1,1.0,1.0
CN,25,GP,0-1,156,SNU-134,angiokeratoma,melanoma,,,1,False,False,Adequate,3,1,angiokeratoma,0.8933094,lymphangioma,0.1066906,hemangioma,3.45e-12,angiokeratoma,,,5,True,False,Perfect,3,1,1.0,0.0
CN,25,GP,0-1,15,SNU-134,malignant melanoma,paronychia,,,1,False,False,Adequate,1,1,subungual hematoma,0.9239385,malignant melanoma,0.075841494,paronychia,0.000176602,subungual hematoma,,,1,False,False,Adequate,1,1,1.0,1.0
CN,25,GP,0-1,174,SNU-134,drug eruption,lupus erythematosus,,,2,False,False,Adequate,3,1,acute generalized exanthematous pustulosis,0.99992967,drug eruption,7.03e-05,pustular psoriasis,1.18e-12,acute generalized exanthematous pustulosis,,,3,False,False,Adequate,3,1,1.0,1.0
CN,25,GP,0-1,185,SNU-134,staphylococcal scalded skin syndrome,oral herpes,,,1,False,False,Adequate,1,1,staphylococcal scalded skin syndrome,0.98926115,herpes simplex,0.005525968,impetigo,0.002866834,staphylococcal scalded skin syndrome,,,5,True,False,Perfect,3,1,1.0,1.0
CN,25,GP,0-1,155,SNU-134,palmoplantar pustulosis,eczema,,,3,False,False,Adequate,3,1,palmoplantar pustulosis,0.9999777,hand eczema,2.14e-05,pustular psoriasis,8.06e-07,eczema,,,3,False,False,Adequate,3,1,1.0,0.0
CN,25,GP,0-1,115,PASSION,scabies,can't identify,,,2,False,False,Adequate,1,1,prurigo pigmentosa,0.99999905,multiple sebaceous cysts,4.89e-07,urticaria pigmentosa,4.66e-07,prurigo pigmentosa,,,2,False,False,Adequate,1,1,1.0,1.0
CN,25,GP,0-1,129,SNU-134,prurigo pigmentosa,rash,,,4,False,True,Adequate,1,1,prurigo pigmentosa,0.62015307,becker nevus,0.37614188,confluent and reticulated papillomatosis,0.003574111,prurigo pigmentosa,,,5,True,False,Perfect,4,2,1.0,0.0
CN,25,GP,0-1,198,SNU-134,furuncle,folliculitis,,,3,False,False,Adequate,3,1,acne,0.8477091,folliculitis,0.15198587,cellulitis,0.000302715,folliculitis,,,3,False,False,Adequate,4,2,0.0,0.0
CN,27,GP,>10,95,SNU-134,lichen amyloidosis,purpura,,,2,False,False,Adequate,3,3,folliculitis,0.73357,confluent and reticulated papillomatosis,0.26156244,lichen amyloidosis,0.002729649,purpura,,,2,False,False,Adequate,3,3,1.0,0.0
CN,27,GP,>10,58,SNU-134,basal cell carcinoma,hemangioma,,,1,False,False,Inadequate and dangerous,3,3,basal cell carcinoma,1.0,dermatofibroma,1.61e-15,insect bite,1.04e-15,hemangioma,,,1,False,False,Inadequate and dangerous,3,3,1.0,0.0
CN,27,GP,>10,56,SNU-134,neurofibroma,wart,,,2,False,False,Inadequate but harmless,3,3,juvenile xanthogranuloma,0.69211155,neurofibroma,0.2626959,epidermal cyst,0.033398036,wart,,,2,False,False,Inadequate but harmless,3,3,0.0,0.0
CN,27,GP,>10,63,SKINTONE,atopic dermatitis,atopic dermatitis,,,5,True,False,Adequate,3,3,atopic dermatitis,1.0,dry eczema,9.64e-11,nummular eczema,1.21e-12,atopic dermatitis,,,5,True,False,Adequate,3,3,0.0,0.0
CN,27,GP,>10,193,PASSION,scabies,eczema,,,2,False,False,Inadequate and dangerous,3,3,folliculitis,0.94353473,herpes zoster,0.054920305,scabies,0.000915883,eczema,,,2,False,False,Inadequate but harmless,3,3,0.0,0.0
CN,27,GP,>10,74,SNU-134,lichen simplex chronicus,eczema,,,4,False,True,Adequate,3,3,lichen amyloidosis,0.9985241,lichen simplex chronicus,0.000709126,confluent and reticulated papillomatosis,0.000502846,eczema,,,4,False,True,Adequate,3,3,0.0,0.0
CN,27,GP,>10,29,SNU-134,herpes zoster,herpes zoster,,,5,True,False,Perfect,3,3,herpes zoster,1.0,herpes simplex,1.25e-09,eczema herpeticum,1.78e-11,herpes zoster,,,5,True,False,Perfect,3,3,0.0,0.0
CN,27,GP,>10,158,SNU-134,inflamed cyst,tick bite,,,2,False,False,Adequate,3,3,epidermal cyst,0.68594617,inflamed cyst,0.31404907,skin tag,4.63e-06,tick bite,,,2,False,False,Adequate,3,3,0.0,0.0
CN,27,GP,>10,184,SNU-134,folliculitis,eczema,,,2,False,False,Adequate,3,3,folliculitis,0.99744654,acne,0.002550906,staphylococcal scalded skin syndrome,2.4e-06,eczema,,,2,False,False,Adequate,3,3,0.0,0.0
CN,27,GP,>10,128,SNU-134,melanocytic nevus,dermatofibroma,,,3,False,False,Adequate,3,3,melanocytic nevus,0.99988794,lentigo simplex,9.61e-05,seborrheic keratosis,6.34e-06,dermatofibroma,,,3,False,False,Adequate,3,3,0.0,0.0
CN,27,GP,>10,17,SNU-134,tinea faciale,tinea faciale,,,5,True,False,Perfect,3,3,tinea faciale,1.0,tinea corporis,5.55e-10,seborrheic dermatitis,7.06e-14,tinea faciale,,,5,True,False,Perfect,3,3,0.0,0.0
CN,27,GP,>10,31,SNU-134,morphea,dermatitis,,,2,False,False,Inadequate but harmless,3,3,vasculitis,0.91017145,granuloma annulare,0.08734651,nummular eczema,0.000970332,dermatitis,,,2,False,False,Inadequate but harmless,3,3,0.0,0.0
CN,27,GP,>10,84,SNU-134,seborrheic dermatitis,psoriasis,,,3,False,False,Adequate,3,3,seborrheic dermatitis,0.99965405,alopecia areata,0.000345992,folliculitis,5.16e-11,psoriasis,,,3,False,False,Adequate,3,3,0.0,0.0
CN,24,GP,6-10,59,SNU-134,herpes zoster,acne,,,1,False,False,Inadequate and dangerous,3,3,varicella,0.99999964,erythema multiforme,3.06e-07,herpes zoster,2.72e-11,varicella,,,3,False,False,Adequate,3,3,1.0,0.0
CN,24,GP,6-10,11,SNU-134,tinea pedis,tinea pedis,,,5,True,False,Perfect,3,3,tinea pedis,1.0,tinea cruris,4.69e-08,cellulitis,1.51e-09,tinea pedis,,,5,True,False,Perfect,3,3,1.0,0.0
CN,24,GP,6-10,58,SNU-134,basal cell carcinoma,furuncle,,,1,False,False,Inadequate and dangerous,3,3,basal cell carcinoma,1.0,dermatofibroma,1.61e-15,insect bite,1.04e-15,furuncle,,,1,False,False,Inadequate and dangerous,3,3,0.0,0.0
CN,27,GP,>10,36,SNU-134,tinea cruris,tinea cruris,,,5,True,False,Perfect,3,3,erythema annulare centrifugum,0.9896498,granuloma annulare,0.008298719,tinea corporis,0.001851694,tinea cruris,,,5,True,False,Perfect,3,3,0.0,0.0
CN,24,GP,6-10,131,SNU-134,squamous cell carcinoma,basal cell carcinoma,,,1,False,False,Adequate,3,3,squamous cell carcinoma,0.9999981,keratoacanthoma,1.93e-06,basal cell carcinoma,7.91e-12,basal cell carcinoma,,,1,False,False,Adequate,3,3,0.0,0.0
CN,24,GP,6-10,109,SNU-134,subungual hematoma,onychomycosis,,,2,False,False,Adequate,3,3,subungual hematoma,1.0,onychomycosis,3.86e-15,blue nevus,8.02e-17,subungual hematoma,,,5,True,False,Adequate,3,3,1.0,0.0
CN,24,GP,6-10,188,SNU-134,staphylococcal scalded skin syndrome,pemphigus,,,2,False,False,Adequate,3,3,staphylococcal scalded skin syndrome,0.9871558,acute generalized exanthematous pustulosis,0.012820915,pustular psoriasis,2.33e-05,impetigo,,,3,False,False,Adequate,3,3,1.0,0.0
CN,24,GP,6-10,84,SNU-134,seborrheic dermatitis,neurodermatitis,,,3,False,False,Adequate,3,3,seborrheic dermatitis,0.99965405,alopecia areata,0.000345992,folliculitis,5.16e-11,seborrheic dermatitis,,,5,True,False,Perfect,3,3,1.0,0.0
CN,24,GP,6-10,97,SNU-134,varicella,varicella,,,5,True,False,Adequate,3,3,varicella,0.9585215,insect bite,0.04081877,pityriasis rosea,0.000498023,varicella,,,5,True,False,Adequate,3,3,0.0,0.0
CN,24,GP,6-10,55,SNU-134,eczema herpeticum,herpes zoster,,,2,False,False,Adequate,3,3,eczema herpeticum,0.9719661,herpes zoster,0.027572557,herpes simplex,0.000261995,herpes zoster,,,2,False,False,Adequate,3,3,0.0,0.0
CN,24,GP,6-10,165,SNU-134,seborrheic keratosis,seborrheic keratosis,,,5,True,False,Adequate,3,3,seborrheic keratosis,1.0,seborrheic dermatitis,9.45e-13,angiokeratoma,1.79e-14,seborrheic keratosis,,,5,True,False,Adequate,3,3,0.0,0.0
CN,24,GP,6-10,164,SNU-134,psoriasis,psoriasis,,,5,True,False,Perfect,3,3,psoriasis,1.0,pustular psoriasis,1.34e-08,lichen planus,2.94e-14,psoriasis,,,5,True,False,Perfect,3,3,0.0,0.0
CN,24,GP,6-10,193,PASSION,scabies,eczema,,,2,False,False,Adequate,3,3,folliculitis,0.94353473,herpes zoster,0.054920305,scabies,0.000915883,eczema,,,2,False,False,Inadequate and dangerous,3,3,0.0,0.0
CN,24,GP,6-10,111,SNU-134,pyoderma gangrenosum,pressure ulcer,,,2,False,False,Adequate,3,3,pyoderma gangrenosum,1.0,pyogenic granuloma,2.44e-14,vasculitis,1.01e-15,pyoderma gangrenosum,,,5,True,False,Perfect,3,3,1.0,1.0
CN,27,GP,>10,86,SNU-134,vasculitis,purpura,,,4,False,True,Adequate,3,3,vasculitis,1.0,drug eruption,2.39e-10,urticaria pigmentosa,2.97e-13,purpura,,,4,False,True,Adequate,3,3,0.0,0.0
CN,27,GP,>10,173,SNU-134,onychomycosis,onychomycosis,,,5,True,False,Perfect,3,3,onychomycosis,0.9956898,paronychia,0.003373449,subungual hematoma,0.000936773,onychomycosis,,,5,True,False,Perfect,3,3,0.0,0.0
CN,27,GP,>10,156,SNU-134,angiokeratoma,purpura,,,2,False,False,Adequate,3,3,angiokeratoma,0.8933094,lymphangioma,0.1066906,hemangioma,3.45e-12,purpura,,,2,False,False,Inadequate but harmless,3,3,0.0,0.0
CN,27,GP,>10,59,SNU-134,herpes zoster,varicella,,,3,False,False,Adequate,3,3,varicella,0.99999964,erythema multiforme,3.06e-07,herpes zoster,2.72e-11,varicella,,,3,False,False,Adequate,3,3,0.0,0.0
CN,27,GP,>10,50,SNU-134,melanocytic nevus,verruca vulgaris,,,2,False,False,Adequate,3,3,lentigo simplex,0.99965405,skin tag,0.000185196,blue nevus,0.000115893,verruca vulgaris,,,2,False,False,Inadequate but harmless,3,3,0.0,0.0
CN,27,GP,>10,118,SNU-134,organoid nevus,sebaceous nevus,,,4,False,True,Adequate,3,3,epidermal nevus,1.0,organoid nevus,1.73e-08,lentigo simplex,1.3e-08,sebaceous nevus,,,3,False,False,Adequate,3,3,0.0,0.0
CN,27,GP,>10,76,SNU-134,subungual hematoma,subungual hematoma,,,5,True,False,Perfect,3,3,subungual hematoma,0.9999287,pyogenic granuloma,7.03e-05,paronychia,9.42e-07,subungual hematoma,,,5,True,False,Perfect,3,3,0.0,0.0
CN,27,GP,>10,3,SNU-134,dermatofibroma,fibroma,,,4,False,True,Adequate,3,3,dermatofibroma,1.0,juvenile xanthogranuloma,1.68e-11,epidermal cyst,1.08e-11,fibroma,,,4,False,True,Adequate,3,3,0.0,0.0
CN,27,GP,>10,24,SNU-134,wart,epidermal nevus,,,3,False,False,Adequate,3,3,bowen disease,0.86689454,verruca plana,0.13294259,epidermal nevus,0.000150871,epidermal nevus,,,3,False,False,Adequate,3,3,0.0,0.0
CN,25,GP,0-1,150,SNU-134,folliculitis,folliculitis,,,5,True,False,Perfect,3,1,acne,0.9899822,folliculitis,0.010013528,multiple sebaceous cysts,4.31e-06,folliculitis,,,5,True,False,Perfect,3,1,1.0,1.0
CN,27,GP,>10,4,SNU-134,confluent and reticulated papillomatosis,pityriasis rosea,,,2,False,False,Adequate,3,3,tinea versicolor,0.99974436,confluent and reticulated papillomatosis,0.000237818,becker nevus,1.78e-05,pityriasis rosea,,,2,False,False,Adequate,3,3,0.0,0.0
CN,27,GP,>10,120,SNU-134,verruca plana,sebaceous nevus,,,2,False,False,Adequate,3,3,sebaceous hyperplasia,0.9019066,verruca plana,0.0980778,wart,1.55e-05,sebaceous nevus,,,2,False,False,Adequate,3,3,0.0,0.0
CN,27,GP,>10,112,SNU-134,xanthelasma,xanthelasma,,,5,True,False,Adequate,3,3,vitiligo,0.98934746,xanthelasma,0.010652511,morphea,8.39e-16,xanthelasma,,,5,True,False,Adequate,3,3,0.0,0.0
CN,29,GP,0-1,134,SNU-134,lichen amyloidosis,amyloidosis,,,4,False,True,Adequate,3,3,lichen amyloidosis,0.99998736,amyloidosis,1.26e-05,lichen simplex chronicus,2.51e-11,amyloidosis,,,4,False,True,Adequate,3,3,0.0,0.0
CN,29,GP,0-1,116,SNU-134,eczema herpeticum,eczema,,,4,False,True,Inadequate and dangerous,3,3,varicella,0.99991703,eczema herpeticum,4.83e-05,scabies,3.22e-05,eczema,,,4,False,True,Inadequate and dangerous,3,3,0.0,0.0
CN,29,GP,0-1,175,SNU-134,confluent and reticulated papillomatosis,tinea cruris,,,2,False,False,Inadequate but harmless,3,3,epidermal nevus,0.9647521,becker nevus,0.03199633,congenital nevus,0.002626418,tinea cruris,,,2,False,False,Adequate,3,3,0.0,0.0
CN,29,GP,0-1,18,SNU-134,pustular psoriasis,tinea pedis,,,1,False,False,Inadequate and dangerous,3,3,palmoplantar pustulosis,1.0,pustular psoriasis,1.16e-10,tinea pedis,4.15e-14,tinea pedis,,,1,False,False,Inadequate and dangerous,3,3,0.0,0.0
CN,29,GP,0-1,124,SNU-134,lichen planus,neurodermatitis,,,3,False,False,Adequate,3,3,lichen planus,0.9446937,lichen simplex chronicus,0.054987762,prurigo pigmentosa,0.000316909,neurodermatitis,,,3,False,False,Adequate,3,3,0.0,0.0
CN,29,GP,0-1,182,PASSION,tinea corporis,eczema,,,2,False,False,Inadequate but harmless,3,3,alopecia areata,0.8391155,tinea versicolor,0.160148,becker nevus,0.000464102,tinea capitis,,,3,False,False,Adequate,3,3,1.0,0.0
CN,29,GP,0-1,199,SNU-134,squamous cell carcinoma,nevus,,,1,False,False,Adequate,3,3,squamous cell carcinoma,0.947068,bowen disease,0.04570103,basal cell carcinoma,0.007230953,nevus,,,1,False,False,Adequate,3,3,0.0,0.0
CN,29,GP,0-1,115,PASSION,scabies,prurigo nodularis,,,2,False,False,Inadequate but harmless,3,3,prurigo pigmentosa,0.99999905,multiple sebaceous cysts,4.89e-07,urticaria pigmentosa,4.66e-07,prurigo nodularis,,,2,False,False,Inadequate but harmless,3,3,0.0,0.0
CN,29,GP,0-1,151,SNU-134,exfoliative dermatitis,erythroderma,,,4,False,True,Adequate,3,3,pustular psoriasis,0.9908742,acute generalized exanthematous pustulosis,0.009125635,exfoliative dermatitis,2.76e-07,erythroderma,,,4,False,True,Adequate,3,3,0.0,0.0
CN,29,GP,0-1,93,SNU-134,bowen disease,pemphigus,,,1,False,False,Adequate,3,3,nummular eczema,0.7431656,bowen disease,0.25683117,pyoderma gangrenosum,2.37e-06,pemphigus,,,1,False,False,Adequate,3,3,0.0,0.0
CN,29,GP,0-1,26,SNU-134,vasculitis,purpura,,,4,False,True,Adequate,3,3,juvenile xanthogranuloma,0.7474468,vasculitis,0.25036332,urticaria pigmentosa,0.001686935,purpura,,,4,False,True,Adequate,3,3,0.0,0.0
CN,29,GP,0-1,122,SKINTONE,atopic dermatitis,atopic dermatitis,,,5,True,False,Perfect,3,3,atopic dermatitis,0.9998029,dry eczema,0.000197169,exfoliative dermatitis,9.29e-10,atopic dermatitis,,,5,True,False,Perfect,3,3,0.0,0.0
CN,24,GP,6-10,87,SKINTONE,atopic dermatitis,eczema,,,4,False,True,Adequate,3,3,atopic dermatitis,0.99701905,eczema herpeticum,0.002981033,contact dermatitis,3.12e-08,eczema,,,4,False,True,Adequate,3,3,0.0,0.0
CN,24,GP,6-10,113,SKINTONE,pityriasis rosea,pityriasis rosea,,,5,True,False,Perfect,3,3,pityriasis rosea,1.0,drug eruption,1.86e-10,seborrheic dermatitis,3.94e-13,pityriasis rosea,,,5,True,False,Perfect,3,3,1.0,0.0
CN,29,GP,0-1,155,SNU-134,palmoplantar pustulosis,eczema,,,3,False,False,Adequate,3,3,palmoplantar pustulosis,0.9999777,hand eczema,2.14e-05,pustular psoriasis,8.06e-07,palmoplantar pustulosis,,,5,True,False,Perfect,3,3,1.0,0.0
CN,29,GP,0-1,91,SNU-134,malignant melanoma,gangrene,,,1,False,False,Inadequate and dangerous,3,3,subungual hematoma,0.8558512,malignant melanoma,0.14414886,melanocytic nevus,5.27e-09,malignant melanoma,,,5,True,False,Adequate,3,3,1.0,0.0
CN,29,GP,0-1,110,SNU-134,lymphangioma,tinea,,,2,False,False,Inadequate but harmless,3,3,nummular eczema,0.9997652,bowen disease,0.000168642,lentigo simplex,4.99e-05,don't know,,,1,False,False,Adequate,3,3,1.0,1.0
CN,29,GP,0-1,187,SNU-134,abscess,hemangioma,,,2,False,False,Adequate,3,3,inflamed cyst,0.9243201,abscess,0.062900774,furuncle,0.012779067,furuncle,,,3,False,False,Adequate,3,3,1.0,1.0
CN,29,GP,0-1,164,SNU-134,psoriasis,psoriasis,,,5,True,False,Perfect,3,3,psoriasis,1.0,pustular psoriasis,1.34e-08,lichen planus,2.94e-14,psoriasis,,,5,True,False,Adequate,3,3,0.0,0.0
CN,29,GP,0-1,2,SNU-134,lentigo,plaque,,,4,False,True,Adequate,3,3,lentigo,0.99999905,seborrheic keratosis,9.72e-07,actinic keratosis,4.79e-09,plaque,,,4,False,True,Adequate,3,3,0.0,0.0
CN,29,GP,0-1,90,SNU-134,erythema multiforme,drug eruption,,,3,False,False,Adequate,3,3,erythema multiforme,0.9993043,urticaria,0.000588346,erythema annulare centrifugum,6.81e-05,erythema annulare,,,3,False,False,Adequate,3,3,1.0,0.0
CN,29,GP,0-1,158,SNU-134,inflamed cyst,eczema,,,2,False,False,Adequate,3,3,epidermal cyst,0.68594617,inflamed cyst,0.31404907,skin tag,4.63e-06,eczema,,,2,False,False,Adequate,3,3,0.0,0.0
CN,29,GP,0-1,137,SKINTONE,lichen planus,eczema,,,3,False,False,Adequate,3,3,lichen planus,1.0,verruca plana,3.1e-12,granuloma annulare,1.48e-14,lichen planus,,,5,True,False,Adequate,3,3,1.0,1.0
CN,29,GP,0-1,42,SNU-134,acne,folliculitis,,,3,False,False,Adequate,3,3,folliculitis,0.9992066,acne,0.000779355,varicella,1.34e-05,folliculitis,,,3,False,False,Adequate,3,3,0.0,0.0
CN,29,GP,0-1,13,PASSION,scabies,eczema,,,2,False,False,Inadequate and dangerous,3,3,urticaria pigmentosa,0.99550736,scabies,0.004197557,varicella,0.000202554,eczema,,,2,False,False,Inadequate and dangerous,3,3,0.0,0.0
CN,21,GP,0-1,84,SNU-134,seborrheic dermatitis,seborrheic dermatitis,,,5,True,False,Adequate,3,3,seborrheic dermatitis,0.99965405,alopecia areata,0.000345992,folliculitis,5.16e-11,seborrheic dermatitis,,,5,True,False,Adequate,3,3,0.0,0.0
CN,21,GP,0-1,139,SNU-134,epidermal cyst,omphalitis,,,2,False,False,Adequate,3,3,epidermal cyst,0.9315932,inflamed cyst,0.059554756,skin tag,0.008852025,omphalitis,,,1,False,False,Adequate,3,3,0.0,0.0
CN,21,GP,0-1,28,SNU-134,insect bite,papular urticaria,,,3,False,False,Adequate,3,3,insect bite,1.0,contact dermatitis,3.36e-10,vasculitis,1.13e-10,papular urticaria,,,3,False,False,Adequate,3,3,0.0,0.0
CN,29,GP,0-1,180,SNU-134,basal cell carcinoma,pigmented nevus,,,1,False,False,Adequate,3,3,basal cell carcinoma,0.99871564,malignant melanoma,0.001284308,blue nevus,6.4e-08,pigmented nevus,,,1,False,False,Adequate,3,3,1.0,1.0
CN,21,GP,0-1,89,PASSION,scabies,severe hypoxia,,,1,False,False,Adequate,3,3,atopic dermatitis,0.95055836,urticaria pigmentosa,0.04309037,scabies,0.004135257,severe hypoxia,,,1,False,False,Adequate,3,3,0.0,0.0
CN,21,GP,0-1,26,SNU-134,vasculitis,urticaria,,,2,False,False,Adequate,3,3,juvenile xanthogranuloma,0.7474468,vasculitis,0.25036332,urticaria pigmentosa,0.001686935,urticaria,,,2,False,False,Adequate,3,3,0.0,0.0
CN,21,GP,0-1,45,SNU-134,impetigo,impetigo,,,5,True,False,Adequate,3,3,impetigo,0.9998111,eczema herpeticum,0.000185225,herpes simplex,3.73e-06,impetigo,,,5,True,False,Adequate,3,3,0.0,0.0
CN,21,GP,0-1,142,SNU-134,blue nevus,seborrheic keratosis,,,1,False,False,Adequate,3,3,blue nevus,0.9999999,lentigo simplex,7.27e-08,melanocytic nevus,5.26e-09,seborrheic keratosis,,,1,False,False,Adequate,3,3,0.0,0.0
CN,21,GP,0-1,71,SNU-134,acne,eczema,,,2,False,False,Adequate,3,3,acne,0.6654094,folliculitis,0.33458886,cellulitis,1.25e-06,eczema,,,2,False,False,Adequate,3,3,0.0,0.0
CN,21,GP,0-1,122,SKINTONE,atopic dermatitis,allergic dermatitis,,,4,False,True,Adequate,3,3,atopic dermatitis,0.9998029,dry eczema,0.000197169,exfoliative dermatitis,9.29e-10,allergic dermatitis,,,4,False,True,Adequate,3,3,0.0,0.0
CN,27,GP,>10,150,SNU-134,folliculitis,folliculitis,,,5,True,False,Adequate,3,3,acne,0.9899822,folliculitis,0.010013528,multiple sebaceous cysts,4.31e-06,folliculitis,,,5,True,False,Adequate,3,3,0.0,0.0
CN,21,GP,0-1,62,SNU-134,herpes simplex,papular urticaria,,,1,False,False,Adequate,3,3,herpes simplex,0.70574486,herpes zoster,0.29419824,tinea cruris,5.62e-05,papular urticaria,,,1,False,False,Adequate,3,3,0.0,0.0
CN,21,GP,0-1,88,SKINTONE,lichen planus,tinea corporis,,,2,False,False,Adequate,3,3,lichen planus,1.0,psoriasis,1.9e-11,pityriasis rosea,1.33e-12,tinea corporis,,,2,False,False,Adequate,3,3,0.0,0.0
CN,21,GP,0-1,147,SNU-134,nummular eczema,chronic eczema,,,4,False,True,Adequate,3,3,hand eczema,0.99999774,nummular eczema,1.82e-06,pustular psoriasis,3.58e-07,chronic eczema,,,4,False,True,Adequate,3,3,0.0,0.0
CN,21,GP,0-1,171,SNU-134,tinea pedis,dermatitis,,,3,False,False,Adequate,3,3,tinea pedis,0.99999905,pompholyx,9.13e-07,palmoplantar pustulosis,2.32e-08,dermatitis,,,3,False,False,Adequate,3,3,0.0,0.0
CN,35,GP,0-1,1,SNU-134,onychomycosis,tinea pedis,,,3,True,False,Adequate,3,5,onychomycosis,1.0,subungual hematoma,4.32e-10,tinea pedis,6.42e-11,tinea pedis,,,3,True,False,Adequate,3,5,0.0,0.0
CN,35,GP,0-1,56,SNU-134,neurofibroma,verruca vulgaris,,,2,False,False,Adequate,5,3,juvenile xanthogranuloma,0.69211155,neurofibroma,0.2626959,epidermal cyst,0.033398036,epidermal cyst,,,2,False,False,Adequate,5,3,1.0,1.0
CN,35,GP,0-1,14,SNU-134,herpes simplex,seborrheic dermatitis,,,1,False,False,Inadequate and dangerous,3,3,folliculitis,0.8901158,herpes simplex,0.106309175,impetigo,0.003417303,folliculitis,,,2,False,False,Adequate,5,3,1.0,1.0
CN,35,GP,0-1,187,SNU-134,abscess,oral thrush,,,1,False,False,Inadequate and dangerous,3,3,inflamed cyst,0.9243201,abscess,0.062900774,furuncle,0.012779067,oral thrush,,,1,False,False,Inadequate and dangerous,3,3,0.0,0.0
CN,29,GP,0-1,184,SNU-134,folliculitis,folliculitis,,,5,True,False,Perfect,3,3,folliculitis,0.99744654,acne,0.002550906,staphylococcal scalded skin syndrome,2.4e-06,folliculitis,,,5,True,False,Perfect,3,3,0.0,0.0
CN,35,GP,0-1,31,SNU-134,morphea,don't know,,,2,False,False,Adequate,3,3,vasculitis,0.91017145,granuloma annulare,0.08734651,nummular eczema,0.000970332,nummular eczema,,,2,False,False,Adequate,3,3,1.0,1.0
CN,35,GP,0-1,164,SNU-134,psoriasis,psoriasis,,,5,True,False,Perfect,3,3,psoriasis,1.0,pustular psoriasis,1.34e-08,lichen planus,2.94e-14,psoriasis,,,5,True,False,Perfect,5,3,0.0,0.0
CN,35,GP,0-1,140,SNU-134,sebaceous hyperplasia,don't know,,,2,False,False,Adequate,3,3,basal cell carcinoma,1.0,sebaceous hyperplasia,3.74e-12,epidermal cyst,6.91e-13,don't know,,,2,False,False,Adequate,3,3,0.0,0.0
CN,35,GP,0-1,195,SNU-134,lupus erythematosus,herpes simplex,,,1,False,False,Adequate,3,3,lupus erythematosus,0.9999988,herpes simplex,1.21e-06,erythema multiforme,4.41e-08,herpes simplex,,,1,False,False,Adequate,3,3,0.0,0.0
CN,35,GP,0-1,109,SNU-134,subungual hematoma,subungual hematoma,,,5,True,False,Perfect,3,3,subungual hematoma,1.0,onychomycosis,3.86e-15,blue nevus,8.02e-17,subungual hematoma,,,5,True,False,Perfect,5,3,0.0,0.0
CN,35,GP,0-1,43,SNU-134,lentigo simplex,blue nevus,,,2,False,False,Inadequate but harmless,3,3,lentigo simplex,0.89219856,congenital nevus,0.09403703,becker nevus,0.013130513,blue nevus,,,2,False,False,Adequate,3,3,0.0,0.0
CN,35,GP,0-1,33,SNU-134,congenital nevus,melanoma,,,1,False,False,Inadequate but harmless,3,3,congenital nevus,0.9523771,lentigo simplex,0.044543274,becker nevus,0.002847556,melanoma,,,1,False,False,Inadequate and dangerous,3,3,0.0,0.0
CN,35,GP,0-1,155,SNU-134,palmoplantar pustulosis,tinea corporis,,,1,False,False,Inadequate and dangerous,5,3,palmoplantar pustulosis,0.9999777,hand eczema,2.14e-05,pustular psoriasis,8.06e-07,hand eczema,,,3,False,False,Adequate,5,3,1.0,0.0
CN,35,GP,0-1,175,SNU-134,confluent and reticulated papillomatosis,allergic purpura,,,1,False,False,Adequate,3,3,epidermal nevus,0.9647521,becker nevus,0.03199633,congenital nevus,0.002626418,epidermal nevus,,,2,False,False,Adequate,3,3,1.0,1.0
CN,29,GP,0-1,19,SNU-134,epidermal nevus,tinea corporis,,,2,False,False,Inadequate but harmless,3,3,epidermal nevus,0.9999999,lentigo simplex,1.24e-07,congenital nevus,3.62e-12,epidermal nevus,,,5,True,False,Inadequate but harmless,3,3,0.0,0.0
CN,27,GP,>10,72,SNU-134,impetigo,palmoplantar pustulosis,,,2,False,False,Adequate,3,3,pyoderma gangrenosum,0.99329466,nummular eczema,0.006692767,pustular psoriasis,8.88e-06,pyoderma gangrenosum,,,2,False,False,Adequate,3,3,0.0,0.0
CN,56,GP,0-1,195,SNU-134,lupus erythematosus,herpes simplex,,,1,False,False,Adequate,2,3,lupus erythematosus,0.9999988,herpes simplex,1.21e-06,erythema multiforme,4.41e-08,herpes simplex,,,1,False,False,Adequate,2,3,0.0,0.0
CN,56,GP,0-1,29,SNU-134,herpes zoster,herpes zoster,,,5,True,False,Perfect,5,5,herpes zoster,1.0,herpes simplex,1.25e-09,eczema herpeticum,1.78e-11,herpes zoster,,,5,True,False,Perfect,5,5,0.0,0.0
CN,24,GP,6-10,36,SNU-134,tinea cruris,lupus erythematosus,,,1,False,False,Adequate,5,5,erythema annulare centrifugum,0.9896498,granuloma annulare,0.008298719,tinea corporis,0.001851694,tinea corporis,,,3,False,False,Adequate,5,5,0.0,0.0
CN,56,GP,0-1,182,PASSION,tinea corporis,don't know,,,2,False,False,Adequate,1,3,alopecia areata,0.8391155,tinea versicolor,0.160148,becker nevus,0.000464102,tinea versicolor,,,3,False,False,Adequate,3,3,1.0,1.0
CN,56,GP,0-1,196,SNU-134,actinic keratosis,basal cell carcinoma,,,1,False,False,Adequate,4,3,basal cell carcinoma,0.9862732,malignant melanoma,0.013635593,squamous cell carcinoma,8.9e-05,basal cell carcinoma,,,1,False,False,Adequate,4,3,0.0,0.0
CN,56,GP,0-1,172,SNU-134,multiple sebaceous cysts,don't know,,,2,False,False,Adequate,1,2,multiple sebaceous cysts,1.0,epidermal cyst,2.79e-10,sebaceous hyperplasia,3.17e-13,multiple sebaceous cysts,,,5,True,False,Perfect,4,4,1.0,1.0
CN,56,GP,0-1,155,SNU-134,palmoplantar pustulosis,contact dermatitis,,,2,False,False,Inadequate but harmless,3,3,palmoplantar pustulosis,0.9999777,hand eczema,2.14e-05,pustular psoriasis,8.06e-07,palmoplantar pustulosis,,,5,True,False,Perfect,3,3,1.0,1.0
CN,56,GP,0-1,187,SNU-134,abscess,sebaceous cyst,,,3,False,False,Inadequate but harmless,3,3,inflamed cyst,0.9243201,abscess,0.062900774,furuncle,0.012779067,inflamed cyst,,,3,False,False,Inadequate but harmless,3,3,1.0,0.0
CN,56,GP,0-1,105,SNU-134,varicella,folliculitis,,,1,False,False,Inadequate and dangerous,3,3,varicella,0.9999975,folliculitis,2.56e-06,eczema herpeticum,6.09e-10,folliculitis,,,1,False,False,Inadequate and dangerous,3,3,0.0,0.0
CN,56,GP,0-1,173,SNU-134,onychomycosis,onychomycosis,,,5,True,False,Adequate,3,3,onychomycosis,0.9956898,paronychia,0.003373449,subungual hematoma,0.000936773,onychomycosis,,,5,True,False,Adequate,3,3,0.0,0.0
CN,56,GP,0-1,175,SNU-134,confluent and reticulated papillomatosis,vitiligo,,,1,False,False,Adequate,3,3,epidermal nevus,0.9647521,becker nevus,0.03199633,congenital nevus,0.002626418,becker nevus,,,1,False,False,Adequate,3,3,1.0,0.0
CN,59,GP,0-1,185,SNU-134,staphylococcal scalded skin syndrome,eczema,,,1,False,False,Adequate,2,3,staphylococcal scalded skin syndrome,0.98926115,herpes simplex,0.005525968,impetigo,0.002866834,staphylococcal scalded skin syndrome,,,5,True,False,Adequate,3,3,1.0,0.0
CN,59,GP,0-1,67,SNU-134,hemangioma,don't know,,,2,False,False,Adequate,1,1,hemangioma,0.57419926,pyogenic granuloma,0.35932472,angiokeratoma,0.06646839,hemangioma,,,5,True,False,Adequate,2,3,1.0,0.0
CN,21,GP,0-1,180,SNU-134,basal cell carcinoma,melanoma,,,1,False,False,Adequate,3,3,basal cell carcinoma,0.99871564,malignant melanoma,0.001284308,blue nevus,6.4e-08,basal cell carcinoma,,,5,True,False,Perfect,3,3,0.0,0.0
CN,59,GP,0-1,172,SNU-134,multiple sebaceous cysts,lipoma,,,2,False,False,Adequate,2,3,multiple sebaceous cysts,1.0,epidermal cyst,2.79e-10,sebaceous hyperplasia,3.17e-13,multiple sebaceous cysts,,,5,True,False,Adequate,2,3,1.0,1.0
CN,59,GP,0-1,137,SKINTONE,lichen planus,don't know,,,2,False,False,Adequate,1,1,lichen planus,1.0,verruca plana,3.1e-12,granuloma annulare,1.48e-14,lichen planus,,,5,True,False,Adequate,2,3,1.0,0.0
CN,59,GP,0-1,153,SNU-134,lupus erythematosus,eczema,,,2,False,False,Adequate,1,3,insect bite,0.75048333,herpes zoster,0.24364626,erythema multiforme,0.005382847,insect bite,,,1,False,False,Adequate,2,3,1.0,0.0
CN,59,GP,0-1,40,SNU-134,tinea corporis,dermatitis,,,2,False,False,Adequate,1,3,tinea corporis,0.9999995,pityriasis rosea,2.79e-07,herpes zoster,1.98e-07,tinea corporis,,,5,True,False,Adequate,2,3,1.0,0.0
CN,59,GP,0-1,17,SNU-134,tinea faciale,seborrheic dermatitis,,,2,False,False,Adequate,1,3,tinea faciale,1.0,tinea corporis,5.55e-10,seborrheic dermatitis,7.06e-14,tinea faciale,,,5,True,False,Adequate,2,3,1.0,0.0
CN,59,GP,0-1,33,SNU-134,congenital nevus,melanoma,,,1,False,False,Adequate,2,3,congenital nevus,0.9523771,lentigo simplex,0.044543274,becker nevus,0.002847556,congenital nevus,,,5,True,False,Perfect,2,3,1.0,1.0
CN,59,GP,0-1,174,SNU-134,drug eruption,drug eruption,,,5,True,False,Adequate,1,3,acute generalized exanthematous pustulosis,0.99992967,drug eruption,7.03e-05,pustular psoriasis,1.18e-12,acute generalized exanthematous pustulosis,,,3,False,False,Adequate,2,3,1.0,0.0
CN,29,GP,0-1,113,SKINTONE,pityriasis rosea,don't know,,,2,False,False,Adequate,3,3,pityriasis rosea,1.0,drug eruption,1.86e-10,seborrheic dermatitis,3.94e-13,pityriasis rosea,,,5,True,False,Adequate,3,3,0.0,0.0
CN,59,GP,0-1,155,SNU-134,palmoplantar pustulosis,don't know,,,1,False,False,Adequate,1,3,palmoplantar pustulosis,0.9999777,hand eczema,2.14e-05,pustular psoriasis,8.06e-07,palmoplantar pustulosis,,,5,True,False,Adequate,1,3,1.0,0.0
CN,24,GP,6-10,49,SNU-134,herpes zoster,don't know,,,2,False,False,Adequate,3,3,prurigo pigmentosa,0.987508,herpes zoster,0.012430891,pyoderma gangrenosum,5.94e-05,prurigo pigmentosa,,,2,False,False,Adequate,3,3,0.0,0.0
CN,59,GP,0-1,4,SNU-134,confluent and reticulated papillomatosis,tinea,,,2,False,False,Adequate,1,3,tinea versicolor,0.99974436,confluent and reticulated papillomatosis,0.000237818,becker nevus,1.78e-05,tinea versicolor,,,2,False,False,Adequate,1,3,1.0,0.0
CN,59,GP,0-1,164,SNU-134,psoriasis,psoriasis,,,5,True,False,Adequate,1,3,psoriasis,1.0,pustular psoriasis,1.34e-08,lichen planus,2.94e-14,psoriasis,,,5,True,False,Perfect,3,3,0.0,0.0
CN,60,GP,0-1,61,SKINTONE,atopic dermatitis,vasculitis,,,1,False,False,Adequate,2,2,nummular eczema,0.9999999,dry eczema,6.62e-08,hand eczema,3.08e-11,eczema,,,4,False,True,Adequate,4,4,1.0,1.0
CN,60,GP,0-1,109,SNU-134,subungual hematoma,onychomycosis,,,2,False,False,Adequate,3,3,subungual hematoma,1.0,onychomycosis,3.86e-15,blue nevus,8.02e-17,subungual hematoma,,,5,True,False,Adequate,3,3,1.0,1.0
CN,60,GP,0-1,190,SKINTONE,pityriasis rosea,allergic rash,,,2,False,False,Adequate,3,3,psoriasis,0.99939203,pityriasis rosea,0.000570294,pustular psoriasis,3.76e-05,psoriasis,,,2,False,False,Adequate,3,3,1.0,1.0
CN,60,GP,0-1,95,SNU-134,lichen amyloidosis,dermatitis,,,3,False,False,Adequate,2,2,folliculitis,0.73357,confluent and reticulated papillomatosis,0.26156244,lichen amyloidosis,0.002729649,dermatitis,,,3,False,False,Adequate,2,2,0.0,1.0
CN,60,GP,0-1,18,SNU-134,pustular psoriasis,eczematous pustule,,,3,False,False,Adequate,2,2,palmoplantar pustulosis,1.0,pustular psoriasis,1.16e-10,tinea pedis,4.15e-14,eczematous pustule,,,3,False,False,Adequate,4,4,0.0,0.0
CN,60,GP,0-1,169,SNU-134,neurofibromatosis,folliculitis,,,1,False,False,Adequate,2,2,urticaria pigmentosa,0.98613065,neurofibromatosis,0.013214158,neurofibroma,0.000496605,urticaria,,,1,False,False,Adequate,3,3,1.0,0.0
CN,60,GP,0-1,155,SNU-134,palmoplantar pustulosis,eczema,,,3,False,False,Adequate,2,2,palmoplantar pustulosis,0.9999777,hand eczema,2.14e-05,pustular psoriasis,8.06e-07,palmoplantar pustulosis,,,5,True,False,Perfect,3,3,1.0,1.0
CN,60,GP,0-1,34,SNU-134,urticaria,urticaria,,,5,True,False,Perfect,3,3,urticaria,1.0,urticaria pigmentosa,1.29e-12,erythema annulare centrifugum,4.61e-13,urticaria,,,5,True,False,Perfect,4,4,0.0,0.0
CN,60,GP,0-1,182,PASSION,tinea corporis,tinea capitis,,,3,False,False,Adequate,3,3,alopecia areata,0.8391155,tinea versicolor,0.160148,becker nevus,0.000464102,alopecia areata,,,1,False,False,Adequate,3,3,1.0,1.0
CN,60,GP,0-1,156,SNU-134,angiokeratoma,skin cancer,,,1,False,False,Adequate,2,2,angiokeratoma,0.8933094,lymphangioma,0.1066906,hemangioma,3.45e-12,angiokeratoma,,,5,True,False,Perfect,3,3,1.0,0.0
CN,60,GP,0-1,21,SNU-134,furuncle,folliculitis,,,3,False,False,Adequate,2,2,inflamed cyst,0.94845927,folliculitis,0.03564429,furuncle,0.015817055,inflamed cyst,,,3,False,False,Adequate,3,3,1.0,0.0
CN,60,GP,0-1,55,SNU-134,eczema herpeticum,pemphigus,,,2,False,False,Adequate,2,2,eczema herpeticum,0.9719661,herpes zoster,0.027572557,herpes simplex,0.000261995,eczema herpeticum,,,5,True,False,Perfect,3,3,1.0,0.0
CN,18,GP,0-1,176,SNU-134,contact dermatitis,insect bite,,,2,False,False,Perfect,5,5,contact dermatitis,1.0,herpes zoster,1.02e-11,eczema herpeticum,1.25e-12,insect bite,,,2,False,False,Perfect,5,5,False,False
CN,35,GP,0-1,184,SNU-134,folliculitis,folliculitis,,,5,True,False,Perfect,3,3,folliculitis,0.99744654,acne,0.002550906,staphylococcal scalded skin syndrome,2.4e-06,folliculitis,,,5,True,False,Perfect,5,3,False,False
CN,35,GP,0-1,35,SNU-134,paronychia,paronychia,,,5,True,False,Perfect,4,3,paronychia,1.0,furuncle,6.42e-11,subungual hematoma,9.55e-12,paronychia,,,5,True,False,Perfect,4,3,False,False
CN,56,GP,0-1,73,SNU-134,sebaceous hyperplasia,insect bite dermatitis,,,2,False,False,Inadequate but harmless,2,3,sebaceous hyperplasia,0.99986434,seborrheic keratosis,0.000135521,epidermal nevus,4.99e-08,epidermal nevus,,,2,False,False,Inadequate but harmless,2,3,True,True
CN,56,GP,0-1,28,SNU-134,insect bite,don't know,,,1,False,False,Adequate,1,3,insect bite,1.0,contact dermatitis,3.36e-10,vasculitis,1.13e-10,insect bite dermatitis,,,5,True,False,Perfect,3,3,True,True
CN,56,GP,0-1,27,SNU-134,hand eczema,contact dermatitis,,,4,False,True,Perfect,3,4,granuloma annulare,0.9999368,lupus erythematosus,5.31e-05,hand eczema,1.01e-05,hand eczema,,,5,True,False,Perfect,5,5,True,True
CN,56,GP,0-1,36,SNU-134,tinea cruris,lupus erythematosus,,,1,False,False,Inadequate but harmless,3,3,erythema annulare centrifugum,0.9896498,granuloma annulare,0.008298719,tinea corporis,0.001851694,tinea corporis,,,4,False,True,Inadequate but harmless,3,3,True,True
CN,56,GP,0-1,103,SNU-134,tinea faciale,insect bite dermatitis,,,2,False,False,Perfect,3,3,tinea faciale,0.99997723,tinea corporis,2.28e-05,seborrheic dermatitis,5.01e-14,tinea faciale,,,5,True,False,Adequate,3,3,True,True
CN,59,GP,0-1,180,SNU-134,basal cell carcinoma,melanoma,,,3,False,False,Adequate,2,3,basal cell carcinoma,0.99871564,malignant melanoma,0.001284308,blue nevus,6.4e-08,basal cell carcinoma,,,5,True,False,Adequate,3,3,True,False
CN,59,GP,0-1,113,SKINTONE,pityriasis rosea,don't know,,,1,False,False,Adequate,1,3,pityriasis rosea,1.0,drug eruption,1.86e-10,seborrheic dermatitis,3.94e-13,pityriasis rosea,,,5,True,False,Adequate,2,3,True,False
CN,59,GP,0-1,49,SNU-134,herpes zoster,don't know,,,1,False,False,Adequate,1,3,prurigo pigmentosa,0.987508,herpes zoster,0.012430891,pyoderma gangrenosum,5.94e-05,prurigo pigmentosa,,,2,False,False,Adequate,1,3,True,False
CN,60,GP,0-1,168,SNU-134,becker nevus,lichenoid changes,,,2,False,False,Inadequate but harmless,3,3,becker nevus,0.99941146,lentigo simplex,0.000588409,lichen simplex chronicus,6.41e-08,becker nevus,,,5,True,False,Inadequate but harmless,3,3,True,False
CN,60,GP,0-1,72,SNU-134,impetigo,pustulosis,,,3,False,False,Inadequate but harmless,2,2,pyoderma gangrenosum,0.99329466,nummular eczema,0.006692767,pustular psoriasis,8.88e-06,pustulosis,,,3,False,False,Inadequate but harmless,4,4,False,False
CN,60,GP,0-1,27,SNU-134,hand eczema,cellulitis,,,1,False,False,Perfect,2,2,granuloma annulare,0.9999368,lupus erythematosus,5.31e-05,hand eczema,1.01e-05,granuloma annulare,,,2,False,False,Inadequate but harmless,3,3,True,True
CN,28,GP,0-1,77,SNU-134,cellulitis,scabies,folliculitis,,1,False,False,Inadequate and dangerous,3,5,cellulitis,0.9998921,pyoderma gangrenosum,7.25e-05,inflamed cyst,3.22e-05,scabies,folliculitis,,1,False,False,Inadequate and dangerous,3,5,False,False
CN,28,GP,0-1,12,SNU-134,basal cell carcinoma,nevus,tumor,,1,False,False,Inadequate and dangerous,3,5,basal cell carcinoma,0.99990976,blue nevus,9.03e-05,malignant melanoma,4.41e-11,nevus,tumor,,1,False,False,Inadequate and dangerous,3,5,False,False
CN,28,GP,0-1,111,SNU-134,pyoderma gangrenosum,pressure ulcer,skin ulcer,,2,False,False,Adequate,3,5,pyoderma gangrenosum,1.0,pyogenic granuloma,2.44e-14,vasculitis,1.01e-15,pressure ulcer,skin ulcer,,2,False,True,Adequate,3,5,True,False
CN,28,GP,0-1,153,SNU-134,lupus erythematosus,allergic dermatitis,urticaria,,2,False,False,Adequate,3,5,insect bite,0.75048333,herpes zoster,0.24364626,erythema multiforme,0.005382847,allergic dermatitis,urticaria,,2,False,False,Adequate,3,5,False,False
CN,28,GP,0-1,45,SNU-134,impetigo,impetigo,,,5,True,False,Inadequate but harmless,3,5,impetigo,0.9998111,eczema herpeticum,0.000185225,herpes simplex,3.73e-06,impetigo,,,5,True,False,Inadequate but harmless,3,5,False,False
CN,28,GP,0-1,120,SNU-134,verruca plana,wart,cyst,,4,False,True,Adequate,3,3,sebaceous hyperplasia,0.9019066,verruca plana,0.0980778,wart,1.55e-05,wart,cyst,,4,False,True,Adequate,3,3,False,False
CN,28,GP,0-1,172,SNU-134,multiple sebaceous cysts,urticaria,,,1,False,False,Inadequate but harmless,3,3,multiple sebaceous cysts,1.0,epidermal cyst,2.79e-10,sebaceous hyperplasia,3.17e-13,epidermal cyst,,,4,False,True,Adequate,3,3,True,False
CN,28,GP,0-1,92,SNU-134,tinea corporis,contact dermatitis,,,2,False,False,Adequate,3,3,tinea corporis,1.0,tinea faciale,2.54e-10,tinea cruris,2.39e-10,tinea corporis,,,5,True,False,Inadequate but harmless,3,3,True,False
CN,28,GP,0-1,105,SNU-134,varicella,dermatitis,,,2,False,False,Adequate,3,3,varicella,0.9999975,folliculitis,2.56e-06,eczema herpeticum,6.09e-10,dermatitis,,,2,False,False,Adequate,3,3,False,False
CN,28,GP,0-1,16,PASSION,scabies,tinea cruris,,,2,False,False,Adequate,3,3,scabies,0.99997234,folliculitis,2.75e-05,tinea cruris,1.26e-07,tinea cruris,,,2,False,False,Adequate,3,3,False,False
CN,28,GP,0-1,55,SNU-134,eczema herpeticum,herpes,,,3,False,False,Perfect,3,3,eczema herpeticum,0.9719661,herpes zoster,0.027572557,herpes simplex,0.000261995,herpes,,,3,False,False,Perfect,3,3,False,False
CN,28,GP,0-1,167,SNU-134,granuloma annulare,hemangioma,tinea corporis,,2,False,False,Adequate,3,3,granuloma annulare,1.0,erythema annulare centrifugum,1.16e-10,tinea corporis,8.18e-15,hemangioma,tinea corporis,,2,False,False,Adequate,3,3,False,False
CN,28,GP,0-1,164,SNU-134,psoriasis,tinea corporis,,,2,False,False,Adequate,3,3,psoriasis,1.0,pustular psoriasis,1.34e-08,lichen planus,2.94e-14,tinea corporis,,,2,False,False,Adequate,3,3,False,False
CN,28,GP,0-1,165,SNU-134,seborrheic keratosis,melanoma,wart,,1,False,False,Inadequate but harmless,3,3,seborrheic keratosis,1.0,seborrheic dermatitis,9.45e-13,angiokeratoma,1.79e-14,melanoma,wart,,1,False,False,Inadequate but harmless,3,3,False,False
CN,28,GP,0-1,37,SNU-134,skin tag,granuloma,sarcoma,,2,False,False,Adequate,3,3,skin tag,0.88109386,lentigo simplex,0.11557435,epidermal nevus,0.002985192,granuloma,sarcoma,,2,False,False,Adequate,3,3,False,False
CN,30,GP,0-1,29,SNU-134,herpes zoster,herpes zoster,,,5,True,False,Perfect,3,3,herpes zoster,1.0,herpes simplex,1.25e-09,eczema herpeticum,1.78e-11,herpes zoster,,,5,True,False,Perfect,3,3,False,False
CN,30,GP,0-1,126,SNU-134,tinea cruris,tinea,,,4,False,True,Inadequate but harmless,3,3,tinea cruris,1.0,tinea corporis,1.4e-10,tinea pedis,1.41e-16,tinea,,,4,False,True,Inadequate but harmless,3,3,False,False
CN,30,GP,0-1,190,SKINTONE,pityriasis rosea,tinea,,,2,False,False,Inadequate but harmless,3,3,psoriasis,0.99939203,pityriasis rosea,0.000570294,pustular psoriasis,3.76e-05,tinea,,,2,False,False,Inadequate but harmless,3,3,False,False
CN,30,GP,0-1,131,SNU-134,squamous cell carcinoma,carbuncle,,,1,False,False,Inadequate and dangerous,3,3,squamous cell carcinoma,0.9999981,keratoacanthoma,1.93e-06,basal cell carcinoma,7.91e-12,carbuncle,,,1,False,False,Inadequate and dangerous,3,3,False,False
CN,30,GP,0-1,120,SNU-134,verruca plana,wart,,,4,False,True,Adequate,3,3,sebaceous hyperplasia,0.9019066,verruca plana,0.0980778,wart,1.55e-05,wart,,,4,False,True,Adequate,3,3,False,False
CN,30,GP,0-1,87,SKINTONE,atopic dermatitis,eczema,,,4,False,True,Inadequate but harmless,3,3,atopic dermatitis,0.99701905,eczema herpeticum,0.002981033,contact dermatitis,3.12e-08,eczema,,,4,False,True,Inadequate but harmless,3,3,False,False
CN,30,GP,0-1,14,SNU-134,herpes simplex,herpes,,,4,False,True,Adequate,3,3,folliculitis,0.8901158,herpes simplex,0.106309175,impetigo,0.003417303,herpes,,,4,False,True,Adequate,3,3,False,False
CN,30,GP,0-1,171,SNU-134,tinea pedis,tinea,,,4,False,True,Inadequate but harmless,3,3,tinea pedis,0.99999905,pompholyx,9.13e-07,palmoplantar pustulosis,2.32e-08,tinea,,,4,False,True,Inadequate but harmless,3,3,False,False
CN,30,GP,0-1,51,SNU-134,malignant melanoma,melanoma,,,5,True,False,Perfect,3,3,malignant melanoma,1.0,tinea pedis,1.68e-11,melanocytic nevus,1.34e-13,melanoma,,,5,True,False,Perfect,3,3,False,False
CN,30,GP,0-1,134,SNU-134,lichen amyloidosis,herpes,,,1,False,False,Inadequate but harmless,3,3,lichen amyloidosis,0.99998736,amyloidosis,1.26e-05,lichen simplex chronicus,2.51e-11,herpes,,,1,False,False,Inadequate but harmless,3,3,False,False
CN,30,GP,0-1,67,SNU-134,hemangioma,don't know,,,1,False,False,Inadequate but harmless,3,3,hemangioma,0.57419926,pyogenic granuloma,0.35932472,angiokeratoma,0.06646839,don't know,,,1,False,False,Inadequate but harmless,3,3,False,False
CN,30,GP,0-1,77,SNU-134,cellulitis,furuncle,,,3,False,False,Adequate,3,3,cellulitis,0.9998921,pyoderma gangrenosum,7.25e-05,inflamed cyst,3.22e-05,furuncle,,,3,False,False,Adequate,3,3,False,False
CN,30,GP,0-1,42,SNU-134,acne,eczema,,,1,False,False,Inadequate but harmless,3,3,folliculitis,0.9992066,acne,0.000779355,varicella,1.34e-05,eczema,,,1,False,False,Inadequate but harmless,3,3,False,False
CN,30,GP,0-1,103,SNU-134,tinea faciale,tinea,,,4,False,True,Inadequate but harmless,3,3,tinea faciale,0.99997723,tinea corporis,2.28e-05,seborrheic dermatitis,5.01e-14,tinea,,,4,False,True,Inadequate but harmless,1,3,False,False
CN,30,GP,0-1,24,SNU-134,wart,psoriasis,,,2,False,False,Inadequate but harmless,3,3,bowen disease,0.86689454,verruca plana,0.13294259,epidermal nevus,0.000150871,psoriasis,,,2,False,False,Adequate,3,3,False,False
CN,103,GP,0-1,59,SNU-134,带状疱疹,closed comedones,,,1,False,False,Inadequate and dangerous,4,4.0,水痘,0.99999964,多形红斑,3.059022e-07,带状疱疹,2.7191263e-11,chickenpox,,,1,False,False,Inadequate and dangerous,5,5.0,True,False
CN,103,GP,0-1,122,SKINTONE,特应性皮炎,amyloidosis,ichthyosis,,1,False,False,Inadequate and dangerous,4,4.0,特应性皮炎,0.9998029,干性湿疹,0.00019716943,剥脱性皮炎,9.2885155e-10,atopic dermatitis,dry eczema,,5,True,False,Adequate,4,4.0,True,True
CN,103,GP,0-1,60,SKINTONE,玫瑰糠疹,allergic dermatitis,,,1,False,False,Inadequate and dangerous,5,5.0,玫瑰糠疹,1.0,药疹,1.1761791e-12,水痘,2.2447772e-13,pityriasis rosea,,,5,True,False,Perfect,5,5.0,True,True
CN,103,GP,0-1,98,SNU-134,足癣,skin keratosis,,,1,False,False,Inadequate and dangerous,5,5.0,足癣,0.99978346,掌跖脓疱病,0.00021654404,面癣,4.604986e-13,skin keratosis,,,1,False,False,Inadequate and dangerous,5,5.0,False,False
CN,103,GP,0-1,132,SNU-134,单纯疱疹,oral herpes,,,5,True,False,Perfect,5,5.0,单纯疱疹,0.9999695,脓疱疮,2.753561e-05,带状疱疹,2.9943585e-06,oral herpes,,,5,True,False,Perfect,5,5.0,False,False
CN,103,GP,0-1,85,SNU-134,甲癣,onychomycosis,,,3,True,False,Inadequate but harmless,5,5.0,甲癣,1.0,足癣,9.23745e-09,甲沟炎,2.8780153e-10,onychomycosis (tinea unguium),,,4,True,False,Inadequate but harmless,5,5.0,True,False
CN,103,GP,0-1,198,SNU-134,疖,folliculitis,,,3,True,False,Inadequate but harmless,5,5.0,痤疮,0.8477091,毛囊炎,0.15198587,蜂窝织炎,0.0003027153,folliculitis,,,3,True,False,Inadequate but harmless,5,5.0,False,False
CN,103,GP,0-1,128,SNU-134,黑色素细胞痣,melanoma,,,1,False,False,Adequate,3,3.0,黑色素细胞痣,0.99988794,斑点状雀斑样痣,9.6100885e-05,脂溢性角化,6.3385405e-06,lentigo maligna,,,2,False,False,Adequate,5,5.0,True,False
CN,103,GP,0-1,167,SNU-134,环状肉芽肿,tinea,,,1,False,False,Inadequate and dangerous,5,5.0,环状肉芽肿,1.0,离心性环状红斑,1.1628234e-10,体癣,8.1766005e-15,tinea corporis,erythema annulare,,1,False,False,Adequate,5,5.0,True,True
CN,103,GP,0-1,131,SNU-134,鳞状细胞癌,skin ulcer,,,1,False,False,Adequate,4,4.0,鳞状细胞癌,0.9999981,角化棘皮瘤,1.9333584e-06,基底细胞癌,7.913097e-12,keratoacanthoma,,,3,True,False,Adequate,5,5.0,True,True
CN,103,GP,0-1,35,SNU-134,甲沟炎,Paronychia,,,5,True,False,Perfect,5,5.0,甲沟炎,1.0,疖,6.42172e-11,甲下血肿,9.545035e-12,Paronychia,,,5,True,False,Perfect,5,5.0,False,False
CN,103,GP,0-1,144,SNU-134,钱币状湿疹,Dermatitis,,,4,False,True,Adequate,3,3.0,钱币状湿疹,0.99987566,鲍温病,6.604829e-05,慢性单纯性苔藓,5.8287416e-05,Nummular eczema,,,5,True,False,Adequate,4,4.0,True,False
CN,103,GP,0-1,111,SNU-134,坏疽性脓皮病,Skin ulcer,,,2,False,True,Adequate,4,4.0,坏疽性脓皮病,1.0,化脓性肉芽肿,2.4410817e-14,血管炎,1.0075548e-15,Vasculitis,Pyogenic granuloma,,3,False,False,Adequate,4,4.0,True,False
CN,103,GP,0-1,151,SNU-134,剥脱性皮炎,Exfoliative dermatitis,Erythroderma,,5,True,False,Adequate,4,4.0,脓疱型银屑病,0.9908742,急性泛发性发疹性脓疱病,0.009125635,剥脱性皮炎,2.7598546e-07,Pustular psoriasis,,,1,False,False,Inadequate and dangerous,5,5.0,True,False
CN,106,GP,0-1,53,SNU-134,恶性黑色素瘤,Mole,,,1,False,False,Adequate,4,4.0,甲下血肿,0.9294649,恶性黑色素瘤,0.0694675,蓝痣,0.00072495843,Malignant melanoma,,,5,True,False,Adequate,5,5.0,True,False
CN,106,GP,0-1,93,SNU-134,鲍温病,Skin ulcer,,,1,False,False,Adequate,4,4.0,钱币状湿疹,0.7431656,鲍温病,0.25683117,坏疽性脓皮病,2.3688965e-06,Skin ulcer,,,1,False,False,Adequate,4,4.0,False,False
CN,106,GP,0-1,97,SNU-134,水痘,Chickenpox?,,,4,True,True,Perfect,3,3.0,水痘,0.9585215,虫咬皮炎,0.04081877,玫瑰糠疹,0.00049802347,Chickenpox,,,5,True,False,Perfect,4,4.0,True,False
CN,106,GP,0-1,28,SNU-134,虫咬皮炎,Allergic dermatitis,,,4,True,True,Perfect,3,3.0,虫咬皮炎,1.0,接触性皮炎,3.3647407e-10,血管炎,1.1270471e-10,Allergic dermatitis,,,4,True,True,Perfect,4,4.0,False,False
CN,103,GP,0-1,74,SNU-134,慢性单纯性苔藓,Wart,,,1,False,False,Adequate,3,3.0,淀粉样变性苔藓,0.9985241,慢性单纯性苔藓,0.00070912624,融合性网状乳头瘤病,0.0005028458,Amyloidosis,Papilloma,,1,False,False,Inadequate and dangerous,4,4.0,True,False
CN,106,GP,0-1,86,SNU-134,血管炎,Pityriasis rosea?,,,1,False,False,Inadequate and dangerous,3,3.0,血管炎,1.0,药疹,2.3859587e-10,色素性荨麻疹,2.9738465e-13,Drug rash,,,1,False,False,Adequate,4,4.0,True,True
CN,106,GP,0-1,67,SNU-134,血管瘤,rash,,,1,False,False,Adequate,2,2.0,血管瘤,0.57419926,化脓性肉芽肿,0.35932472,血管角化瘤,0.06646839,pyogenic granuloma,,,3,True,False,Adequate,4,4.0,True,False
CN,106,GP,0-1,48,SKINTONE,扁平苔藓,rash pending investigation,,,2,False,False,Adequate,2,2.0,扁平苔藓,1.0,玫瑰糠疹,6.691586e-10,银屑病,3.442477e-14,lichen planus,,,5,True,False,Adequate,4,4.0,True,False
CN,106,GP,0-1,57,SNU-134,急性泛发性发疹性脓疱病,rash,,,2,False,True,Adequate,2,2.0,急性泛发性发疹性脓疱病,0.8740772,脓疱型银屑病,0.12592277,掌跖脓疱病,1.6757559e-10,acute generalized exanthematous pustulosis,,,5,True,False,Adequate,4,4.0,True,True
CN,106,GP,0-1,34,SNU-134,荨麻疹,vitiligo,,,1,False,False,Inadequate and dangerous,4,,荨麻疹,1.0,色素性荨麻疹,1.2917799e-12,离心性环状红斑,4.6059836e-13,urticaria,,,5,True,False,Perfect,4,4.0,True,True
CN,106,GP,0-1,177,SNU-134,炎性囊肿,cellulitis,,,1,False,False,Inadequate and dangerous,3,3.0,炎性囊肿,0.99975306,疖,0.00019109363,表皮样囊肿,5.4749245e-05,inflammatory cyst,,,5,True,False,Perfect,4,4.0,True,False
CN,106,GP,0-1,110,SNU-134,淋巴管瘤,eczema,,,1,False,False,Inadequate and dangerous,3,3.0,钱币状湿疹,0.9997652,鲍温病,0.00016864159,斑点状雀斑样痣,4.985036e-05,eczema,,,1,False,False,Inadequate and dangerous,4,4.0,False,False
CN,106,GP,0-1,72,SNU-134,脓疱疮,necrotizing dermatitis,,,1,False,False,Adequate,4,4.0,坏疽性脓皮病,0.99329466,钱币状湿疹,0.006692767,脓疱型银屑病,8.879832e-06,necrotizing fasciitis,,,1,False,False,Inadequate and dangerous,5,5.0,True,False
CN,106,GP,0-1,50,SNU-134,黑色素细胞痣,wart,,,1,False,False,Adequate,3,3.0,斑点状雀斑样痣,0.99965405,皮赘,0.00018519597,蓝痣,0.00011589268,wart,,,1,False,False,Adequate,3,3.0,False,False
CN,106,GP,0-1,12,SNU-134,基底细胞癌,melanoma?,,,1,False,False,Adequate,2,2.0,基底细胞癌,0.99990976,蓝痣,9.0280395e-05,恶性黑色素瘤,4.413181e-11,basal cell carcinoma,,,5,True,False,Adequate,4,4.0,True,False
CN,106,GP,0-1,33,SNU-134,先天性痣,melanoma,,,1,True,False,Adequate,4,4.0,先天性痣,0.9523771,斑点状雀斑样痣,0.044543274,贝克痣,0.002847556,melanoma,,,1,True,False,Adequate,4,4.0,False,False
CN,108,GP,0-1,80,SKINTONE,扁平苔藓,chickenpox,,,1,False,False,Inadequate and dangerous,1,5.0,扁平苔藓,0.88051784,色素性痒疹,0.11916513,淀粉样变性苔藓,0.00026067268,lichen planus,,,5,True,False,Adequate,4,5.0,True,False
CN,108,GP,0-1,109,SNU-134,甲下血肿,subungual hemorrhage,,,5,True,False,Perfect,3,3.0,甲下血肿,1.0,甲癣,3.8623525e-15,蓝痣,8.016056400000001e-17,subungual hematoma,,,5,True,False,Perfect,5,5.0,True,False
CN,108,GP,0-1,21,SNU-134,疖,folliculitis,,,3,False,True,Inadequate but harmless,3,3.0,炎性囊肿,0.94845927,毛囊炎,0.03564429,疖,0.015817055,folliculitis,,,3,True,False,Inadequate but harmless,3,3.0,False,False
CN,108,GP,0-1,118,SNU-134,器官样痣,herpes simplex,shingles,,1,False,False,Inadequate and dangerous,2,3.0,表皮痣,1.0,器官样痣,1.7257829e-08,斑点状雀斑样痣,1.30268925e-08,epidermal nevus,shingles,,4,True,True,Adequate,3,3.0,True,False
CN,108,GP,0-1,116,SNU-134,疱疹性湿疹,dermatitis,allergic purpura,,4,True,True,Adequate,1,5.0,水痘,0.99991703,疱疹性湿疹,4.8323967e-05,疥疮,3.2190703e-05,chickenpox,herpetic eczema,scabies,3,True,False,Adequate,1,5.0,True,False
CN,108,GP,0-1,92,SNU-134,体癣,erythema,,,2,False,False,Adequate,1,5.0,体癣,1.0,面癣,2.5398397e-10,股癣,2.3859587e-10,tinea corporis,tinea faciei,tinea cruris,5,True,False,Adequate,1,5.0,True,False
CN,108,GP,0-1,36,SNU-134,股癣,viral dermatitis,,,1,False,False,Adequate,1,5.0,离心性环状红斑,0.9896498,环状肉芽肿,0.008298719,体癣,0.0018516944,centrifugal annular erythema,,,2,False,False,Adequate,1,5.0,True,False
CN,108,GP,0-1,120,SNU-134,扁平疣,common wart,flat wart,genital wart,4,True,True,Adequate,3,5.0,皮脂腺增生,0.9019066,扁平疣,0.0980778,疣,1.5541538e-05,common wart,flat wart,genital wart,4,True,True,Adequate,3,5.0,False,False
CN,108,GP,0-1,147,SNU-134,钱币状湿疹,chilblains,,,1,False,False,Adequate,3,5.0,手部湿疹,0.99999774,钱币状湿疹,1.8162217e-06,脓疱型银屑病,3.576352e-07,hand eczema,,,4,True,True,Adequate,3,5.0,True,False
CN,108,GP,0-1,64,SNU-134,血管纤维瘤,common wart,,,1,True,False,Inadequate and dangerous,3,5.0,皮脂腺增生,0.902559,血管纤维瘤,0.09512901,器官样痣,0.0015864265,sebaceous gland hyperplasia,angioma,organoid nevus,1,False,False,Inadequate but harmless,5,5.0,True,False
CN,108,GP,0-1,16,PASSION,疥疮,Genital warts,Scrotal eczema,,1,False,False,Inadequate and dangerous,1,5.0,疥疮,0.99997234,毛囊炎,2.7535689e-05,股癣,1.2553859e-07,Scabies,Folliculitis,Tinea cruris,5,True,False,Adequate,1,5.0,True,False
CN,108,GP,0-1,113,SKINTONE,玫瑰糠疹,Dermatitis,,,2,False,True,Adequate,1,5.0,玫瑰糠疹,1.0,药疹,1.8581864e-10,脂溢性皮炎,3.9397066e-13,Pityriasis rosea,,,5,True,False,Adequate,1,5.0,True,False
CN,108,GP,0-1,199,SNU-134,鳞状细胞癌,Skin infection,,,1,False,False,Adequate,3,5.0,鳞状细胞癌,0.947068,鲍温病,0.04570103,基底细胞癌,0.007230953,Squamous cell carcinoma,Bowen's disease,Basal cell carcinoma,5,True,False,Adequate,3,5.0,True,True
CN,108,GP,0-1,2,SNU-134,雀斑样痣,Conjunctivitis,,,1,False,False,Inadequate and dangerous,3,5.0,雀斑样痣,0.99999905,脂溢性角化,9.721546e-07,日光性角化,4.792321e-09,Lentigo,Seborrheic keratosis,Actinic keratosis,4,True,True,Adequate,1,5.0,True,False
CN,108,GP,0-1,68,SNU-134,甲癣,Paronychia,,,1,False,False,Inadequate and dangerous,5,5.0,甲癣,0.9590408,甲沟炎,0.040840883,甲下血肿,0.000118355034,Paronychia,,,1,False,False,Inadequate and dangerous,5,5.0,False,False
CN,108,GP,0-1,105,SNU-134,水痘,Boil,,,1,False,False,Inadequate and dangerous,3,3.0,水痘,0.9999975,毛囊炎,2.5612824e-06,疱疹性湿疹,6.0927435e-10,Boil,Chickenpox,Herpetic eczema,1,False,False,Inadequate and dangerous,3,3.0,False,False
CN,108,GP,0-1,15,SNU-134,恶性黑色素瘤,Paronychia,,,1,False,False,Adequate,3,5.0,甲下血肿,0.9239385,恶性黑色素瘤,0.075841494,甲沟炎,0.00017660238,Paronychia,Subungual hematoma,Malignant melanoma,1,False,False,Adequate,3,5.0,False,False
CN,108,GP,0-1,24,SNU-134,疣,Dermatitis herpetiformis,,,1,False,False,Inadequate and dangerous,3,5.0,鲍温病,0.86689454,扁平疣,0.13294259,表皮痣,0.00015087062,Bowen's disease,Plane wart,Epidermal nevus,1,False,False,Inadequate and dangerous,3,5.0,True,False
CN,108,GP,0-1,59,SNU-134,带状疱疹,Sebaceous gland inflammation,,,1,False,False,Inadequate and dangerous,3,5.0,水痘,0.99999964,多形红斑,3.059022e-07,带状疱疹,2.7191263e-11,Chickenpox,Erythema multiforme,Shingles,3,False,True,Adequate,3,5.0,True,False
CN,108,GP,0-1,198,SNU-134,疖,Boil,,,5,True,False,Adequate,3,5.0,痤疮,0.8477091,毛囊炎,0.15198587,蜂窝织炎,0.0003027153,Acne,Folliculitis,Cellulitis,2,False,False,Adequate,3,5.0,True,False
CN,108,GP,0-1,122,SKINTONE,特应性皮炎,Dermatitis awaiting diagnosis,,,2,False,False,Adequate,1,5.0,特应性皮炎,0.9998029,干性湿疹,0.00019716943,剥脱性皮炎,9.2885155e-10,Atopic dermatitis,Dry eczema,,5,True,False,Adequate,1,5.0,True,False
CN,108,GP,0-1,134,SNU-134,淀粉样变性苔藓,Chickenpox,,,1,False,False,Inadequate and dangerous,3,3.0,淀粉样变性苔藓,0.99998736,淀粉样变性,1.2606945e-05,慢性单纯性苔藓,2.51475e-11,Amyloidosis lichen,Amyloidosis,,5,True,False,Adequate,3,5.0,True,False
CN,108,GP,0-1,27,SNU-134,手部湿疹,Eczema,,,5,True,False,Perfect,3,5.0,环状肉芽肿,0.9999368,红斑狼疮,5.3074542e-05,手部湿疹,1.0129453e-05,Eczema,Systemic lupus erythematosus,Granuloma annulare,5,True,False,Perfect,3,5.0,False,False
CN,108,GP,0-1,52,SNU-134,化脓性肉芽肿,Dermatitis awaiting diagnosis,,,1,False,False,Inadequate and dangerous,3,5.0,化脓性肉芽肿,1.0,血管瘤,1.9614644e-14,血管角化瘤,1.2809622e-16,Pyogenic granuloma,Vascular keratosis,Hemangioma,5,True,False,Adequate,3,5.0,True,False
CN,108,GP,0-1,3,SNU-134,皮肤纤维瘤,Dermatitis awaiting diagnosis,,,1,False,False,Inadequate and dangerous,3,5.0,皮肤纤维瘤,1.0,幼年性黄色肉芽肿,1.6752058e-11,表皮样囊肿,1.0815942e-11,Epidermoid cyst,Dermatofibroma,Juvenile xanthogranuloma,3,False,True,Inadequate but harmless,3,5.0,True,False
CN,108,GP,0-1,144,SNU-134,钱币状湿疹,Dermatitis awaiting diagnosis,,,2,False,False,Adequate,3,5.0,钱币状湿疹,0.99987566,鲍温病,6.604829e-05,慢性单纯性苔藓,5.8287416e-05,Bowen's disease,Chronic simplex lichen,Nummular eczema,1,False,False,Adequate,3,5.0,True,False
CN,108,GP,0-1,71,SNU-134,痤疮,Cellulitis,Furuncle,,1,False,False,Inadequate and dangerous,3,5.0,痤疮,0.6654094,毛囊炎,0.33458886,蜂窝织炎,1.2468967e-06,Cellulitis,Acne,Folliculitis,1,False,False,Inadequate and dangerous,3,5.0,False,False
CN,108,GP,0-1,14,SNU-134,单纯疱疹,Dermatitis awaiting diagnosis,,,1,False,False,Inadequate and dangerous,1,5.0,毛囊炎,0.8901158,单纯疱疹,0.106309175,脓疱疮,0.0034173029,Folliculitis,Herpes simplex,Impetigo,2,False,True,Adequate,1,5.0,True,False
CN,108,GP,0-1,112,SNU-134,眼睑黄斑瘤,Cyst,,,1,False,False,Adequate,3,5.0,白癜风,0.98934746,眼睑黄斑瘤,0.010652511,硬斑病,8.394081e-16,Vitiligo,Xanthelasma,,1,False,False,Inadequate and dangerous,3,5.0,True,False
CN,108,GP,0-1,4,SNU-134,融合性网状乳头瘤病,Dermatitis awaiting diagnosis,,,1,False,False,Inadequate and dangerous,1,5.0,花斑癣,0.99974436,融合性网状乳头瘤病,0.0002378178,贝克痣,1.7774324e-05,Becker's nevus,Tinea Versicolor,Confluent and reticulated papillomatosis,1,False,False,Inadequate and dangerous,1,5.0,True,False
CN,116,GP,0-1,23,SNU-134,淀粉样变性,rash pending diagnosis,,,1,False,False,Adequate,1,1.0,贝克痣,0.93455005,色素性痒疹,0.046528503,融合性网状乳头瘤病,0.018220825,rash pending diagnosis,,,1,False,False,Adequate,1,1.0,False,False
CN,116,GP,0-1,181,SNU-134,面癣,eczema,,,1,False,False,Inadequate and dangerous,5,5.0,面癣,0.76629364,体癣,0.23370634,股癣,3.1148047e-13,eczema,,,1,False,False,Inadequate and dangerous,5,5.0,False,False
CN,116,GP,0-1,188,SNU-134,葡萄球菌性烫伤样皮肤综合征,eczema,,,1,False,False,Inadequate and dangerous,5,4.0,葡萄球菌性烫伤样皮肤综合征,0.9871558,急性泛发性发疹性脓疱病,0.012820915,脓疱型银屑病,2.3250654e-05,eczema,,,1,False,False,Inadequate and dangerous,5,4.0,False,False
CN,116,GP,0-1,135,PASSION,体癣,rash pending diagnosis,,,2,False,False,Adequate,3,3.0,花斑癣,0.53120714,玫瑰糠疹,0.46878868,体癣,4.1908656e-06,rash pending diagnosis,,,2,False,False,Adequate,3,3.0,False,False
CN,116,GP,0-1,51,SNU-134,恶性黑色素瘤,melanoma,,,5,True,False,Adequate,3,3.0,恶性黑色素瘤,1.0,足癣,1.6752058e-11,黑色素细胞痣,1.3404176e-13,melanoma,,,5,True,False,Adequate,3,3.0,False,False
CN,116,GP,0-1,29,SNU-134,带状疱疹,herpes,,,4,True,True,Inadequate but harmless,4,4.0,带状疱疹,1.0,单纯疱疹,1.2501529e-09,疱疹性湿疹,1.7832473e-11,herpes,,,4,True,True,Inadequate but harmless,4,4.0,False,False
CN,116,GP,0-1,134,SNU-134,淀粉样变性苔藓,rash pending diagnosis,,,1,False,False,Adequate,2,2.0,淀粉样变性苔藓,0.99998736,淀粉样变性,1.2606945e-05,慢性单纯性苔藓,2.51475e-11,rash pending diagnosis,,,1,False,False,Adequate,2,2.0,False,False
CN,116,GP,0-1,67,SNU-134,血管瘤,rash pending diagnosis,,,1,False,False,Inadequate and dangerous,2,2.0,血管瘤,0.57419926,化脓性肉芽肿,0.35932472,血管角化瘤,0.06646839,rash pending diagnosis,,,1,False,False,Inadequate and dangerous,2,2.0,False,False
CN,116,GP,0-1,137,SKINTONE,扁平苔藓,infectious rash,,,1,False,False,Inadequate and dangerous,2,2.0,扁平苔藓,1.0,扁平疣,3.0988192e-12,环状肉芽肿,1.480591e-14,infectious rash,,,1,False,False,Inadequate and dangerous,2,2.0,False,False
CN,116,GP,0-1,198,SNU-134,疖,chickenpox,,,1,False,False,Inadequate and dangerous,4,4.0,痤疮,0.8477091,毛囊炎,0.15198587,蜂窝织炎,0.0003027153,chickenpox,,,1,False,False,Inadequate and dangerous,4,4.0,False,False
CN,116,GP,0-1,57,SNU-134,急性泛发性发疹性脓疱病,Rash pending diagnosis,,,1,False,False,Adequate,2,1.0,急性泛发性发疹性脓疱病,0.8740772,脓疱型银屑病,0.12592277,掌跖脓疱病,1.6757559e-10,Rash pending diagnosis,,,1,False,False,Adequate,2,1.0,False,False
CN,116,GP,0-1,157,SNU-134,斑秃,Alopecia areata,,,5,True,False,Perfect,4,4.0,斑秃,1.0,白癜风,1.1052617e-23,毛囊炎,7.025470600000001e-24,Alopecia areata,,,5,True,False,Perfect,4,4.0,False,False
CN,116,GP,0-1,74,SNU-134,慢性单纯性苔藓,Rash pending diagnosis,,,1,False,False,Adequate,1,1.0,淀粉样变性苔藓,0.9985241,慢性单纯性苔藓,0.00070912624,融合性网状乳头瘤病,0.0005028458,Rash pending diagnosis,,,1,False,False,Adequate,1,1.0,False,False
CN,116,GP,0-1,28,SNU-134,虫咬皮炎,Rash pending diagnosis,,,2,False,False,Adequate,1,1.0,虫咬皮炎,1.0,接触性皮炎,3.3647407e-10,血管炎,1.1270471e-10,Rash pending diagnosis,,,2,False,False,Adequate,1,1.0,False,False
CN,116,GP,0-1,35,SNU-134,甲沟炎,Paronychia,,,5,True,False,Perfect,5,5.0,甲沟炎,1.0,疖,6.42172e-11,甲下血肿,9.545035e-12,Paronychia,,,5,True,False,Perfect,5,5.0,False,False
CN,116,GP,0-1,2,SNU-134,雀斑样痣,Rash pending diagnosis,,,1,False,False,Adequate,1,1.0,雀斑样痣,0.99999905,脂溢性角化,9.721546e-07,日光性角化,4.792321e-09,Rash pending diagnosis,,,1,False,False,Adequate,1,1.0,False,False
CN,116,GP,0-1,139,SNU-134,表皮样囊肿,Sebaceous cyst,,,4,True,True,Perfect,5,5.0,表皮样囊肿,0.9315932,炎性囊肿,0.059554756,皮赘,0.008852025,Sebaceous cyst,,,4,True,True,Perfect,5,5.0,False,False
CN,116,GP,0-1,90,SNU-134,多形红斑,Exfoliative dermatitis,,,2,False,False,Adequate,2,2.0,多形红斑,0.9993043,荨麻疹,0.00058834563,离心性环状红斑,6.810595e-05,Exfoliative dermatitis,,,2,False,False,Adequate,2,2.0,False,False
CN,116,GP,0-1,105,SNU-134,水痘,Contact dermatitis,,,1,False,False,Inadequate and dangerous,3,3.0,水痘,0.9999975,毛囊炎,2.5612824e-06,疱疹性湿疹,6.0927435e-10,Contact dermatitis,,,1,False,False,Inadequate and dangerous,3,3.0,False,False
CN,116,GP,0-1,199,SNU-134,鳞状细胞癌,Rash pending diagnosis,,,1,False,False,Adequate,1,1.0,鳞状细胞癌,0.947068,鲍温病,0.04570103,基底细胞癌,0.007230953,Rash pending diagnosis,,,1,False,False,Adequate,1,1.0,False,False
CN,116,GP,0-1,180,SNU-134,基底细胞癌,melanoma,,,1,False,False,Adequate,3,3.0,基底细胞癌,0.99871564,恶性黑色素瘤,0.001284308,蓝痣,6.403826e-08,melanoma,,,1,False,False,Adequate,3,3.0,False,False
CN,116,GP,0-1,77,SNU-134,蜂窝织炎,folliculitis,,,2,False,False,Inadequate and dangerous,3,,蜂窝织炎,0.9998921,坏疽性脓皮病,7.254106e-05,炎性囊肿,3.21899e-05,folliculitis,,,2,False,False,Inadequate and dangerous,3,,False,False
CN,116,GP,0-1,80,SKINTONE,扁平苔藓,rash pending diagnosis,,,2,False,False,Adequate,2,2.0,扁平苔藓,0.88051784,色素性痒疹,0.11916513,淀粉样变性苔藓,0.00026067268,rash pending diagnosis,,,1,False,False,Adequate,2,2.0,False,False
CN,116,GP,0-1,45,SNU-134,脓疱疮,rash pending diagnosis,,,1,False,False,Adequate,3,3.0,脓疱疮,0.9998111,疱疹性湿疹,0.00018522506,单纯疱疹,3.7259492e-06,rash pending diagnosis,,,1,False,False,Adequate,3,3.0,False,False
CN,116,GP,0-1,162,SNU-134,疱疹性湿疹,allergic dermatitis,,,2,False,True,Inadequate and dangerous,3,3.0,特应性皮炎,0.9867155,水痘,0.0093757985,疱疹性湿疹,0.003908414,allergic dermatitis,,,2,False,True,Inadequate but harmless,3,3.0,False,False
CN,116,GP,0-1,3,SNU-134,皮肤纤维瘤,burn,,,1,False,False,Inadequate and dangerous,4,4.0,皮肤纤维瘤,1.0,幼年性黄色肉芽肿,1.6752058e-11,表皮样囊肿,1.0815942e-11,burn,,,1,False,False,Inadequate and dangerous,4,4.0,False,False
CN,116,GP,0-1,19,SNU-134,表皮痣,flat warts,,,1,False,False,Inadequate but harmless,4,4.0,表皮痣,0.9999999,斑点状雀斑样痣,1.2359568e-07,先天性痣,3.622886e-12,flat warts,,,1,False,False,Inadequate but harmless,4,4.0,False,False
CN,116,GP,0-1,119,SNU-134,色素性荨麻疹,dermatographism,,,1,False,False,Inadequate and dangerous,3,3.0,虫咬皮炎,0.99929035,荨麻疹,0.0007096704,色素性荨麻疹,1.9963207e-09,dermatographism,,,1,False,False,Inadequate and dangerous,3,3.0,False,False
CN,116,GP,0-1,71,SNU-134,痤疮,herpes,,,1,False,False,Inadequate and dangerous,4,4.0,痤疮,0.6654094,毛囊炎,0.33458886,蜂窝织炎,1.2468967e-06,herpes,,,1,False,False,Inadequate and dangerous,4,4.0,False,False
CN,116,GP,0-1,49,SNU-134,带状疱疹,exfoliative dermatitis,,,1,False,False,Inadequate and dangerous,2,2.0,色素性痒疹,0.987508,带状疱疹,0.012430891,坏疽性脓皮病,5.9393802e-05,exfoliative dermatitis,,,1,False,False,Inadequate and dangerous,2,2.0,False,False
CN,122,GP,0-1,140,SNU-134,皮脂腺增生,Skin infection,,,1,False,False,Inadequate and dangerous,2,4.0,基底细胞癌,1.0,皮脂腺增生,3.7378893e-12,表皮样囊肿,6.9144e-13,Basal cell carcinoma,,,1,False,False,Inadequate and dangerous,4,3.0,True,True
CN,122,GP,0-1,103,SNU-134,面癣,Neurodermatitis,,,1,False,False,Inadequate and dangerous,4,4.0,面癣,0.99997723,体癣,2.2827999e-05,脂溢性皮炎,5.0086603e-14,Neurodermatitis,,,1,False,False,Inadequate and dangerous,3,3.0,False,False
CN,122,GP,0-1,105,SNU-134,水痘,Acne,,,1,False,False,Inadequate and dangerous,3,3.0,水痘,0.9999975,毛囊炎,2.5612824e-06,疱疹性湿疹,6.0927435e-10,Folliculitis,,,1,False,False,Inadequate and dangerous,4,4.0,True,True
CN,122,GP,0-1,193,PASSION,疥疮,Herpes zoster,,,1,False,False,Inadequate and dangerous,4,4.0,毛囊炎,0.94353473,带状疱疹,0.054920305,疥疮,0.0009158828,Herpes zoster,,,1,False,False,Inadequate and dangerous,4,4.0,False,False
CN,122,GP,0-1,180,SNU-134,基底细胞癌,Skin cancer,,,2,False,True,Adequate,5,5.0,基底细胞癌,0.99871564,恶性黑色素瘤,0.001284308,蓝痣,6.403826e-08,Skin cancer,,,2,False,True,Adequate,5,5.0,False,False
CN,122,GP,0-1,84,SNU-134,脂溢性皮炎,Tinea capitis,,,1,False,False,Inadequate and dangerous,3,3.0,脂溢性皮炎,0.99965405,斑秃,0.0003459916,毛囊炎,5.158212e-11,Seborrheic dermatitis,,,5,True,False,Adequate,4,4.0,True,True
CN,122,GP,0-1,36,SNU-134,股癣,Tinea,,,4,True,True,Perfect,3,3.0,离心性环状红斑,0.9896498,环状肉芽肿,0.008298719,体癣,0.0018516944,Tinea,,,4,True,True,Perfect,2,2.0,False,False
CN,122,GP,0-1,172,SNU-134,多发性皮脂囊肿,.,,,1,False,False,Inadequate and dangerous,1,1.0,多发性皮脂囊肿,1.0,表皮样囊肿,2.789468e-10,皮脂腺增生,3.165643e-13,Multiple sebaceous cysts,,,5,True,False,Adequate,3,3.0,True,True
CN,122,GP,0-1,195,SNU-134,红斑狼疮,.,,,1,False,False,Inadequate and dangerous,1,1.0,红斑狼疮,0.9999988,单纯疱疹,1.2098657e-06,多形红斑,4.4069356e-08,Herpes simplex,,,1,False,False,Inadequate and dangerous,3,3.0,True,True
CN,122,GP,0-1,10,SNU-134,幼年性黄色肉芽肿,Folliculitis,,,1,False,False,Inadequate and dangerous,3,3.0,化脓性肉芽肿,0.8840393,幼年性黄色肉芽肿,0.11596071,血管瘤,4.377673e-12,Pyogenic granuloma,,,2,True,False,Adequate,3,3.0,True,False
CN,122,GP,0-1,132,SNU-134,单纯疱疹,perioral herpes,,,5,True,False,Perfect,3,3.0,单纯疱疹,0.9999695,脓疱疮,2.753561e-05,带状疱疹,2.9943585e-06,perioral herpes,,,5,True,False,Perfect,3,3.0,False,False
CN,122,GP,0-1,61,SKINTONE,特应性皮炎,tinea versicolor,,,1,True,False,Inadequate and dangerous,3,3.0,钱币状湿疹,0.9999999,干性湿疹,6.615601e-08,手部湿疹,3.081175e-11,nummular eczema,,,3,True,False,Perfect,3,3.0,True,True
CN,122,GP,0-1,64,SNU-134,血管纤维瘤,folliculitis,,,1,False,False,Inadequate and dangerous,3,3.0,皮脂腺增生,0.902559,血管纤维瘤,0.09512901,器官样痣,0.0015864265,sebaceous gland hyperplasia,,,1,False,False,Adequate,3,3.0,True,True
CN,122,GP,0-1,5,SNU-134,角化棘皮瘤,basal cell carcinoma,,,1,True,False,Adequate,3,3.0,角化棘皮瘤,0.99944717,鳞状细胞癌,0.0005527786,日光性角化,7.0808845e-20,skin cancer,,,2,False,True,Adequate,3,3.0,True,False
CN,122,GP,0-1,24,SNU-134,疣,tinea cruris,,,1,False,False,Inadequate and dangerous,3,3.0,鲍温病,0.86689454,扁平疣,0.13294259,表皮痣,0.00015087062,Bowen's disease,,,1,False,False,Inadequate and dangerous,3,3.0,True,True
CN,122,GP,0-1,114,SNU-134,幼年性黄色肉芽肿,sebaceous cyst,,,1,False,False,Inadequate and dangerous,3,3.0,幼年性黄色肉芽肿,1.0,器官样痣,6.5700826e-15,化脓性肉芽肿,4.8619843e-17,granuloma,,,4,True,True,Adequate,3,3.0,True,False
CN,122,GP,0-1,185,SNU-134,葡萄球菌性烫伤样皮肤综合征,drool rash,,,1,False,False,Inadequate and dangerous,3,3.0,葡萄球菌性烫伤样皮肤综合征,0.98926115,单纯疱疹,0.0055259676,脓疱疮,0.0028668342,drool rash,,,1,False,False,Inadequate and dangerous,3,3.0,False,False
CN,122,GP,0-1,63,SKINTONE,特应性皮炎,neurodermatitis,,,3,False,False,Inadequate but harmless,3,3.0,特应性皮炎,1.0,干性湿疹,9.640144e-11,钱币状湿疹,1.213515e-12,neurodermatitis,,,3,False,False,Inadequate but harmless,3,3.0,False,False
CN,122,GP,0-1,164,SNU-134,银屑病,lichenification,,,2,False,False,Adequate,3,3.0,银屑病,1.0,脓疱型银屑病,1.344041e-08,扁平苔藓,2.9445064e-14,psoriasis,,,5,True,False,Adequate,3,3.0,True,True
CN,122,GP,0-1,29,SNU-134,带状疱疹,herpes zoster,,,5,True,False,Inadequate and dangerous,3,3.0,带状疱疹,1.0,单纯疱疹,1.2501529e-09,疱疹性湿疹,1.7832473e-11,herpes zoster,,,5,True,False,Inadequate and dangerous,3,3.0,False,False
CN,122,GP,0-1,32,SNU-134,水痘,hemangioma,,,1,False,False,Inadequate and dangerous,3,3.0,色素性痒疹,0.8442765,特应性皮炎,0.129474,水痘,0.015954327,hemangioma,,,1,False,False,Inadequate and dangerous,3,3.0,False,False
CN,122,GP,0-1,198,SNU-134,疖,folliculitis,,,3,True,False,Inadequate but harmless,3,3.0,痤疮,0.8477091,毛囊炎,0.15198587,蜂窝织炎,0.0003027153,folliculitis,,,3,True,False,Inadequate but harmless,3,3.0,False,False
CN,122,GP,0-1,72,SNU-134,脓疱疮,tinea pedis,,,1,False,False,Inadequate and dangerous,3,3.0,坏疽性脓皮病,0.99329466,钱币状湿疹,0.006692767,脓疱型银屑病,8.879832e-06,tinea pedis,,,1,False,False,Inadequate and dangerous,3,3.0,False,True
CN,122,GP,0-1,92,SNU-134,体癣,tinea corporis,,,5,True,False,Perfect,3,3.0,体癣,1.0,面癣,2.5398397e-10,股癣,2.3859587e-10,tinea corporis,,,5,True,False,Perfect,3,3.0,False,False
CN,122,GP,0-1,91,SNU-134,恶性黑色素瘤,gangrene,,,1,False,False,Inadequate and dangerous,3,3.0,甲下血肿,0.8558512,恶性黑色素瘤,0.14414886,黑色素细胞痣,5.2664526e-09,malignant melanoma,,,5,True,False,Adequate,3,3.0,True,False
CN,123,GP,0-1,164,SNU-134,银屑病,fungal infection,,,1,False,False,Inadequate and dangerous,3,3.0,银屑病,1.0,脓疱型银屑病,1.344041e-08,扁平苔藓,2.9445064e-14,psoriasis,,,5,True,False,Adequate,3,3.0,True,False
CN,123,GP,0-1,35,SNU-134,甲沟炎,paronychia,,,5,True,False,Perfect,3,3.0,甲沟炎,1.0,疖,6.42172e-11,甲下血肿,9.545035e-12,paronychia,,,5,True,False,Perfect,3,3.0,False,False
CN,123,GP,0-1,149,SKINTONE,玫瑰糠疹,chronic urticaria,,,1,False,False,Inadequate and dangerous,3,3.0,玫瑰糠疹,1.0,体癣,1.3867054e-08,花斑癣,4.5019735e-09,pityriasis rosea,,,5,True,False,Adequate,3,3.0,True,False
CN,122,GP,0-1,199,SNU-134,鳞状细胞癌,skin cancer,,,2,False,True,Adequate,3,3.0,鳞状细胞癌,0.947068,鲍温病,0.04570103,基底细胞癌,0.007230953,skin cancer,,,4,True,True,Adequate,3,3.0,False,False
CN,123,GP,0-1,142,SNU-134,蓝痣,necrotizing dermatitis,,,1,False,False,Inadequate and dangerous,3,3.0,蓝痣,0.9999999,斑点状雀斑样痣,7.265816e-08,黑色素细胞痣,5.26334e-09,melanocytic nevus,,,4,True,False,Adequate,3,3.0,True,False
CN,123,GP,0-1,88,SKINTONE,扁平苔藓,necrotizing dermatitis,,,1,False,False,Inadequate and dangerous,3,3.0,扁平苔藓,1.0,银屑病,1.8982569e-11,玫瑰糠疹,1.3327856e-12,lichen planus,,,5,True,False,Adequate,3,3.0,True,False
CN,123,GP,0-1,93,SNU-134,鲍温病,inflammatory granuloma,,,1,False,False,Adequate,3,3.0,钱币状湿疹,0.7431656,鲍温病,0.25683117,坏疽性脓皮病,2.3688965e-06,nummular eczema,,,1,False,False,Adequate,3,3.0,True,False
CN,123,GP,0-1,19,SNU-134,表皮痣,multiple warts,,,1,False,False,Inadequate but harmless,3,3.0,表皮痣,0.9999999,斑点状雀斑样痣,1.2359568e-07,先天性痣,3.622886e-12,epidermal nevus,,,5,True,False,Adequate,3,3.0,True,False
CN,123,GP,0-1,98,SNU-134,足癣,tinea pedis,,,5,True,False,Adequate,3,3.0,足癣,0.99978346,掌跖脓疱病,0.00021654404,面癣,4.604986e-13,tinea pedis,,,5,True,False,Adequate,3,3.0,False,False
CN,122,GP,0-1,93,SNU-134,鲍温病,skin cancer,,,1,False,True,Adequate,3,3.0,钱币状湿疹,0.7431656,鲍温病,0.25683117,坏疽性脓皮病,2.3688965e-06,nummular eczema,,,1,False,False,Adequate,3,3.0,True,True
CN,123,GP,0-1,72,SNU-134,脓疱疮,impetigo,,,5,True,False,Adequate,3,3.0,坏疽性脓皮病,0.99329466,钱币状湿疹,0.006692767,脓疱型银屑病,8.879832e-06,impetigo,,,5,True,False,Adequate,3,3.0,False,False
CN,123,GP,0-1,15,SNU-134,恶性黑色素瘤,nail bed necrosis,,,1,False,False,Adequate,3,3.0,甲下血肿,0.9239385,恶性黑色素瘤,0.075841494,甲沟炎,0.00017660238,subungual hematoma,,,1,False,False,Adequate,3,3.0,True,False
CN,123,GP,0-1,37,SNU-134,皮赘,wart,,,5,True,False,Adequate,3,3.0,皮赘,0.88109386,斑点状雀斑样痣,0.11557435,表皮痣,0.0029851922,skin tag,,,5,True,False,Adequate,3,3.0,True,False
CN,123,GP,0-1,26,SNU-134,血管炎,allergic purpura,,,3,False,True,Adequate,3,3.0,幼年性黄色肉芽肿,0.7474468,血管炎,0.25036332,色素性荨麻疹,0.0016869348,vasculitis,,,5,True,False,Adequate,3,3.0,True,False
CN,123,GP,0-1,156,SNU-134,血管角化瘤,herpes zoster,,,1,False,False,Inadequate and dangerous,3,3.0,血管角化瘤,0.8933094,淋巴管瘤,0.1066906,血管瘤,3.4450864e-12,angiokeratoma,,,5,True,False,Adequate,3,3.0,True,False
