filename,true_label,predicted_label,probability_class_0,probability_class_1,probability_class_2,probability_class_3,probability_class_4,probability_class_5,probability_class_6
/home/share/Uni_Eval/HAM10000_clean/ISIC2018/ISIC_0025661.jpg,2,0,0.326979,0.274064,0.19810645,0.14064382,0.029182918,0.03072293,0.00030086626
/home/share/Uni_Eval/HAM10000_clean/ISIC2018/ISIC_0027850.jpg,2,5,0.0026110362,0.19606857,0.055103935,0.00024557475,0.042036492,0.7037023,0.00023219617
/home/share/Uni_Eval/HAM10000_clean/ISIC2018/ISIC_0029068.jpg,2,1,0.012552171,0.6436938,0.26333728,0.015129085,0.011789702,0.042427767,0.011070169
/home/share/Uni_Eval/HAM10000_clean/ISIC2018/ISIC_0025984.jpg,2,5,0.0061311065,0.2566076,0.24207586,0.00049689796,0.04131707,0.45309073,0.00028072123
/home/share/Uni_Eval/HAM10000_clean/ISIC2018/ISIC_0032417.jpg,2,2,0.00019404026,3.9882558e-05,0.9993636,6.490556e-06,2.6275024e-05,0.00033724113,3.2538188e-05
/home/share/Uni_Eval/HAM10000_clean/ISIC2018/ISIC_0027310.jpg,2,5,0.0015032176,0.047768746,0.41040766,0.014575675,0.09015277,0.4261825,0.009409441
/home/share/Uni_Eval/HAM10000_clean/ISIC2018/ISIC_0025937.jpg,2,2,0.002488831,0.0842441,0.86368155,0.0031384681,0.039427314,0.0068536033,0.0001662004
/home/share/Uni_Eval/HAM10000_clean/ISIC2018/ISIC_0027828.jpg,2,2,0.0014952994,0.00048119278,0.50226676,0.00013453102,0.30435133,0.18955043,0.0017204442
/home/share/Uni_Eval/HAM10000_clean/ISIC2018/ISIC_0030698.jpg,2,2,2.0621417e-05,0.00036802958,0.9132335,9.831996e-06,0.0036773891,0.08261305,7.7651894e-05
/home/share/Uni_Eval/HAM10000_clean/ISIC2018/ISIC_0024981.jpg,2,4,0.0009416527,0.0032878944,0.035658155,1.9861822e-05,0.6486347,0.31145152,6.1789497e-06
/home/share/Uni_Eval/HAM10000_clean/ISIC2018/ISIC_0027053.jpg,2,2,0.00078447576,0.0010843342,0.6296447,0.00011620167,0.050393797,0.31787324,0.000103196195
/home/share/Uni_Eval/HAM10000_clean/ISIC2018/ISIC_0025819.jpg,2,2,0.00044684467,0.00023126703,0.9911712,0.0018511997,0.0048310314,0.0014670417,1.3691158e-06
/home/share/Uni_Eval/HAM10000_clean/ISIC2018/ISIC_0032013.jpg,2,2,0.03857575,0.00336748,0.94071704,0.004496465,0.0012057464,0.011634531,2.8741445e-06
/home/share/Uni_Eval/HAM10000_clean/ISIC2018/ISIC_0025099.jpg,2,2,1.9409192e-05,0.0004942049,0.78364193,1.1271433e-05,0.014992255,0.20064236,0.00019855532
/home/share/Uni_Eval/HAM10000_clean/ISIC2018/ISIC_0029289.jpg,2,5,0.00011550839,0.0007425991,0.024414213,0.00020308558,0.17430016,0.7970874,0.0031371047
/home/share/Uni_Eval/HAM10000_clean/ISIC2018/ISIC_0032283.jpg,2,2,0.0050409283,0.020481357,0.7100694,0.0013643065,0.14889312,0.1141157,3.5250883e-05
/home/share/Uni_Eval/HAM10000_clean/ISIC2018/ISIC_0031624.jpg,2,2,3.81671e-05,9.569037e-05,0.996579,1.6977883e-05,0.00016063251,0.0030629989,4.6550937e-05
/home/share/Uni_Eval/HAM10000_clean/ISIC2018/ISIC_0029060.jpg,2,2,0.0053222748,0.004214771,0.82923913,0.0008124672,0.015667377,0.14473715,6.8145637e-06
/home/share/Uni_Eval/HAM10000_clean/ISIC2018/ISIC_0032306.jpg,2,2,0.017488923,0.0001688905,0.94268185,0.018019503,0.002691369,0.01894338,6.0272077e-06
/home/share/Uni_Eval/HAM10000_clean/ISIC2018/ISIC_0027957.jpg,2,5,0.00064474804,0.00036361985,0.085747644,0.0022566176,0.06051319,0.84699345,0.0034807976
/home/share/Uni_Eval/HAM10000_clean/ISIC2018/ISIC_0032382.jpg,2,2,0.006777398,0.08142281,0.70203924,0.0001336345,0.0963506,0.113143526,0.00013271676
/home/share/Uni_Eval/HAM10000_clean/ISIC2018/ISIC_0029674.jpg,2,2,0.005068323,0.0014374149,0.9270781,0.00011970675,0.009537086,0.056748014,1.14175255e-05
/home/share/Uni_Eval/HAM10000_clean/ISIC2018/ISIC_0024623.jpg,2,2,0.0012224772,0.00013919422,0.9973289,1.5662354e-05,0.0009115293,0.00030957136,7.274526e-05
/home/share/Uni_Eval/HAM10000_clean/ISIC2018/ISIC_0032929.jpg,2,2,0.14863114,0.00059096055,0.6065062,0.0015758212,0.22465529,0.018001808,3.876948e-05
/home/share/Uni_Eval/HAM10000_clean/ISIC2018/ISIC_0033900.jpg,2,2,0.0013509697,0.01707789,0.46200672,0.0002693298,0.44904688,0.07020725,4.0987223e-05
/home/share/Uni_Eval/HAM10000_clean/ISIC2018/ISIC_0030276.jpg,2,2,0.005235704,0.014622332,0.96597266,6.1005157e-05,0.013801566,0.00020073412,0.0001059325
/home/share/Uni_Eval/HAM10000_clean/ISIC2018/ISIC_0033465.jpg,2,2,0.00014951451,1.0856311e-06,0.8423107,0.0002165719,0.031117357,0.12620474,8.983467e-09
/home/share/Uni_Eval/HAM10000_clean/ISIC2018/ISIC_0029683.jpg,2,2,0.0012191815,0.00016902275,0.46684465,4.274861e-05,0.45503384,0.07669022,3.4203384e-07
/home/share/Uni_Eval/HAM10000_clean/ISIC2018/ISIC_0032514.jpg,2,2,0.007396367,0.0035606078,0.9030905,0.0006184223,0.037036877,0.048293065,4.1431927e-06
/home/share/Uni_Eval/HAM10000_clean/ISIC2018/ISIC_0033910.jpg,2,2,0.07734352,0.1710869,0.3832323,0.001720258,0.15861872,0.20436391,0.0036343827
/home/share/Uni_Eval/HAM10000_clean/ISIC2018/ISIC_0033212.jpg,2,2,2.9524575e-05,1.8006733e-05,0.99354714,6.358649e-06,0.0041871183,0.0020074865,0.00020446444
/home/share/Uni_Eval/HAM10000_clean/ISIC2018/ISIC_0033601.jpg,2,2,2.4917829e-06,3.5680874e-05,0.9775857,1.6133153e-07,0.0101174805,0.012247952,1.0462263e-05
/home/share/Uni_Eval/HAM10000_clean/ISIC2018/ISIC_0033677.jpg,2,2,0.0062070717,0.002442517,0.97759503,0.0031645289,0.00058414513,0.010004673,2.1464662e-06
/home/share/Uni_Eval/HAM10000_clean/ISIC2018/ISIC_0033262.jpg,2,5,0.0012105837,0.022461297,0.46427527,0.00747784,0.005520709,0.4990219,3.2412227e-05
/home/share/Uni_Eval/HAM10000_clean/ISIC2018/ISIC_0032570.jpg,2,2,0.017326249,0.00188737,0.94278103,0.022240669,0.0044263722,0.0058297142,0.0055085435
/home/share/Uni_Eval/HAM10000_clean/ISIC2018/ISIC_0033264.jpg,2,4,0.007720169,0.00062204513,0.114297755,9.2663984e-05,0.867803,0.009463944,4.1954155e-07
/home/share/Uni_Eval/HAM10000_clean/ISIC2018/ISIC_0032665.jpg,2,2,0.0012471073,0.0047459267,0.6545433,1.4793164e-05,0.04958559,0.28671175,0.003151574
/home/share/Uni_Eval/HAM10000_clean/ISIC2018/ISIC_0033587.jpg,2,5,0.0005526426,6.9584053e-06,0.057770416,0.00023620208,0.40182167,0.5396111,1.0259616e-06
/home/share/Uni_Eval/HAM10000_clean/ISIC2018/ISIC_0032675.jpg,2,2,0.0009782634,3.630868e-05,0.8616839,0.00027320895,0.01723657,0.11979085,9.540016e-07
/home/share/Uni_Eval/HAM10000_clean/ISIC2018/ISIC_0033449.jpg,2,2,0.096751206,0.0018582891,0.7754371,0.0024915582,0.05665792,0.066802196,1.7834478e-06
/home/share/Uni_Eval/HAM10000_clean/ISIC2018/ISIC_0033758.jpg,2,2,0.00021482327,0.020474384,0.68761384,0.0003495629,0.04891412,0.2329025,0.009530798
/home/share/Uni_Eval/HAM10000_clean/ISIC2018/ISIC_0032876.jpg,2,2,0.0006652854,0.013857021,0.80359024,1.653435e-05,0.05992789,0.121240996,0.00070201466
/home/share/Uni_Eval/HAM10000_clean/ISIC2018/ISIC_0025157.jpg,2,2,0.14795133,0.008117438,0.82969236,0.00023163705,0.0070342324,0.0069727553,3.218249e-07
/home/share/Uni_Eval/HAM10000_clean/ISIC2018/ISIC_0026060.jpg,2,2,0.0048591825,0.00011553215,0.9942983,5.853729e-05,0.00028442938,0.00026705937,0.00011699572
/home/share/Uni_Eval/HAM10000_clean/ISIC2018/ISIC_0029394.jpg,2,5,0.0111905895,0.0001442689,0.2831387,0.00064799155,0.03453474,0.6703436,1.6960063e-07
/home/share/Uni_Eval/HAM10000_clean/ISIC2018/ISIC_0026844.jpg,2,2,0.07860823,0.22888191,0.46028534,0.015073646,0.013898014,0.20289801,0.00035481073
/home/share/Uni_Eval/HAM10000_clean/ISIC2018/ISIC_0027374.jpg,2,2,0.00028701554,0.0381739,0.8531142,0.00011066892,0.025700837,0.07920366,0.003409706
/home/share/Uni_Eval/HAM10000_clean/ISIC2018/ISIC_0025507.jpg,2,2,0.018574953,0.00033423648,0.77903914,8.342062e-05,0.13417648,0.06779181,5.3801714e-09
/home/share/Uni_Eval/HAM10000_clean/ISIC2018/ISIC_0028336.jpg,2,2,0.008868375,0.044661686,0.8323063,0.0035762445,0.006726492,0.10383128,2.9555877e-05
/home/share/Uni_Eval/HAM10000_clean/ISIC2018/ISIC_0025838.jpg,2,2,0.005298021,0.00021145708,0.5078219,0.008218341,0.25025612,0.22819342,8.1464043e-07
/home/share/Uni_Eval/HAM10000_clean/ISIC2018/ISIC_0027780.jpg,2,2,0.0037892216,0.00051889446,0.90814793,0.0040285075,0.0270032,0.056511927,3.2333023e-07
/home/share/Uni_Eval/HAM10000_clean/ISIC2018/ISIC_0024592.jpg,2,2,0.00021334998,5.9530146e-05,0.98111755,0.00035275036,0.0015442823,0.016675793,3.67466e-05
/home/share/Uni_Eval/HAM10000_clean/ISIC2018/ISIC_0030721.jpg,2,1,0.0032121155,0.62073123,0.0948994,8.172643e-05,0.031355906,0.22042918,0.02929051
/home/share/Uni_Eval/HAM10000_clean/ISIC2018/ISIC_0032168.jpg,2,2,0.00333448,7.538545e-05,0.94579345,0.00045052372,0.019450035,0.030892178,3.9883193e-06
/home/share/Uni_Eval/HAM10000_clean/ISIC2018/ISIC_0024505.jpg,2,2,0.02870915,0.00021873171,0.8321652,0.00064125034,0.05205737,0.08620762,6.7905535e-07
/home/share/Uni_Eval/HAM10000_clean/ISIC2018/ISIC_0024626.jpg,2,2,0.03896451,0.0019585635,0.86797136,0.0008891369,0.045703076,0.044512693,7.751803e-07
/home/share/Uni_Eval/HAM10000_clean/ISIC2018/ISIC_0024971.jpg,2,2,0.035469964,0.009843315,0.91683054,0.00011434955,0.032673422,0.005065225,3.1974137e-06
/home/share/Uni_Eval/HAM10000_clean/ISIC2018/ISIC_0025485.jpg,2,2,0.010657886,0.00023342363,0.948319,0.002791579,0.005578464,0.032419596,2.4786088e-08
/home/share/Uni_Eval/HAM10000_clean/ISIC2018/ISIC_0028856.jpg,2,2,0.016242044,0.027924469,0.5778698,0.0011033561,0.21656775,0.16026634,2.6266214e-05
/home/share/Uni_Eval/HAM10000_clean/ISIC2018/ISIC_0030095.jpg,2,2,0.04226373,0.0022642007,0.9087028,0.00023890198,0.013528956,0.033001296,1.3156271e-07
/home/share/Uni_Eval/HAM10000_clean/ISIC2018/ISIC_0024883.jpg,2,5,0.0012166145,0.0024667124,0.01667832,0.0010737067,0.011942675,0.96650285,0.00011915677
/home/share/Uni_Eval/HAM10000_clean/ISIC2018/ISIC_0027295.jpg,2,2,0.070267305,0.001231872,0.8514522,0.017251326,0.021102794,0.038645092,4.9385715e-05
/home/share/Uni_Eval/HAM10000_clean/ISIC2018/ISIC_0032156.jpg,2,2,0.0005358149,0.00017544565,0.9633647,3.668598e-05,0.031273052,0.0046143155,1.6135596e-08
/home/share/Uni_Eval/HAM10000_clean/ISIC2018/ISIC_0030783.jpg,2,2,0.0020609677,0.0041630194,0.9594145,9.928404e-06,0.018749611,0.0155956475,6.31549e-06
/home/share/Uni_Eval/HAM10000_clean/ISIC2018/ISIC_0030459.jpg,2,2,0.010991278,0.0006582384,0.98038495,0.0002972317,0.005761838,0.0019064499,2.5116933e-08
/home/share/Uni_Eval/HAM10000_clean/ISIC2018/ISIC_0026861.jpg,2,2,0.12157547,0.043718778,0.74831975,0.0008130315,0.060493156,0.025075246,4.589792e-06
/home/share/Uni_Eval/HAM10000_clean/ISIC2018/ISIC_0030208.jpg,2,2,0.009542438,0.002075371,0.96247125,0.0017635709,0.0024020008,0.021741211,4.13978e-06
/home/share/Uni_Eval/HAM10000_clean/ISIC2018/ISIC_0030723.jpg,2,2,0.19413413,0.007274702,0.7537184,0.00014590505,0.043796968,0.0009151889,1.4819953e-05
/home/share/Uni_Eval/HAM10000_clean/ISIC2018/ISIC_0027969.jpg,2,2,0.0015270654,0.00020589468,0.6258604,7.316407e-05,0.003059072,0.36927384,6.200595e-07
/home/share/Uni_Eval/HAM10000_clean/ISIC2018/ISIC_0031851.jpg,2,0,0.43997338,0.0796138,0.42819208,0.0011359681,0.04978574,0.0011257211,0.0001732849
/home/share/Uni_Eval/HAM10000_clean/ISIC2018/ISIC_0029420.jpg,2,2,0.00061348785,4.7657677e-06,0.9848225,8.2488805e-05,0.010186833,0.00428985,5.8384186e-09
/home/share/Uni_Eval/HAM10000_clean/ISIC2018/ISIC_0024381.jpg,2,2,0.09160136,0.005829162,0.8714752,0.00091567065,0.025610015,0.004563278,5.349772e-06
/home/share/Uni_Eval/HAM10000_clean/ISIC2018/ISIC_0029991.jpg,2,2,0.2868674,0.079564504,0.60239416,0.013474726,0.005432825,0.012226375,3.996708e-05
/home/share/Uni_Eval/HAM10000_clean/ISIC2018/ISIC_0031168.jpg,2,1,0.3319337,0.39848098,0.18862812,0.013271139,0.04822367,0.019452376,9.974201e-06
/home/share/Uni_Eval/HAM10000_clean/ISIC2018/ISIC_0024547.jpg,2,5,0.0026729952,0.00053594436,0.29554084,0.0013957417,0.08270741,0.61714685,1.6496882e-07
/home/share/Uni_Eval/HAM10000_clean/ISIC2018/ISIC_0029897.jpg,2,2,0.0014640711,0.0014899967,0.9960299,0.00031641932,0.0001793601,0.00031098357,0.00020920901
/home/share/Uni_Eval/HAM10000_clean/ISIC2018/ISIC_0027006.jpg,2,2,0.0018195182,0.0005994895,0.9609755,0.00024428667,0.004292556,0.03202413,4.441575e-05
/home/share/Uni_Eval/HAM10000_clean/ISIC2018/ISIC_0028881.jpg,2,2,0.05841847,0.024163086,0.47112733,0.004957323,0.3729646,0.06834384,2.5289588e-05
/home/share/Uni_Eval/HAM10000_clean/ISIC2018/ISIC_0029311.jpg,2,2,0.010676331,0.0867361,0.767046,0.0039758384,0.0005256951,0.13103145,8.669908e-06
/home/share/Uni_Eval/HAM10000_clean/ISIC2018/ISIC_0025973.jpg,2,2,0.019560693,0.068498924,0.7779317,0.00092159346,0.0425012,0.09058582,1.1050402e-07
/home/share/Uni_Eval/HAM10000_clean/ISIC2018/ISIC_0031580.jpg,2,2,0.004035566,0.0014401906,0.80206895,0.00023633678,0.030974524,0.16124168,2.8391448e-06
/home/share/Uni_Eval/HAM10000_clean/ISIC2018/ISIC_0028389.jpg,2,2,0.00011405698,0.00057664554,0.95938057,0.0007962549,0.00082695094,0.03830491,5.573089e-07
/home/share/Uni_Eval/HAM10000_clean/ISIC2018/ISIC_0028750.jpg,2,2,0.063315436,1.6234493e-05,0.7268181,0.0002941737,0.19737387,0.012182212,1.859694e-08
/home/share/Uni_Eval/HAM10000_clean/ISIC2018/ISIC_0026378.jpg,2,2,0.038549293,0.00033532394,0.84969354,0.00046535346,0.08707025,0.023886256,2.1284501e-08
/home/share/Uni_Eval/HAM10000_clean/ISIC2018/ISIC_0030683.jpg,2,5,0.015285287,0.020609358,0.45588416,0.00028640477,0.031514328,0.47619376,0.00022671667
/home/share/Uni_Eval/HAM10000_clean/ISIC2018/ISIC_0025883.jpg,2,2,0.0054315208,0.2485687,0.71561784,0.0005165589,0.01683087,0.009855311,0.0031791814
/home/share/Uni_Eval/HAM10000_clean/ISIC2018/ISIC_0031050.jpg,2,5,0.00057582045,0.008575721,0.37797207,0.0527194,0.081295654,0.47885588,5.4038665e-06
/home/share/Uni_Eval/HAM10000_clean/ISIC2018/ISIC_0026316.jpg,2,4,0.0016103608,0.00153511,0.121030666,0.00017558703,0.52821803,0.34743005,2.477337e-07
/home/share/Uni_Eval/HAM10000_clean/ISIC2018/ISIC_0031522.jpg,2,2,0.022197649,0.14684638,0.4407143,0.0017361846,0.017990116,0.3698655,0.0006498174
/home/share/Uni_Eval/HAM10000_clean/ISIC2018/ISIC_0032024.jpg,2,0,0.43199342,0.048317753,0.41511065,0.08697419,0.012808816,0.0047948095,4.1233596e-07
/home/share/Uni_Eval/HAM10000_clean/ISIC2018/ISIC_0025374.jpg,2,2,0.0010343868,0.00019148899,0.86850035,3.242017e-05,0.107415296,0.0228256,4.3094082e-07
/home/share/Uni_Eval/HAM10000_clean/ISIC2018/ISIC_0026365.jpg,2,2,0.020022852,0.031649914,0.7039331,0.0014506691,0.013857155,0.22908221,3.9872193e-06
/home/share/Uni_Eval/HAM10000_clean/ISIC2018/ISIC_0028656.jpg,2,5,0.0004176114,1.4045516e-05,0.1616054,0.001503961,0.08350452,0.75295436,8.822017e-08
/home/share/Uni_Eval/HAM10000_clean/ISIC2018/ISIC_0031716.jpg,2,1,0.053732827,0.58820003,0.30953664,0.03858176,0.0019549336,0.007973844,1.9922652e-05
/home/share/Uni_Eval/HAM10000_clean/ISIC2018/ISIC_0027893.jpg,2,2,0.000590392,1.4056773e-05,0.67198384,0.00010534289,0.086544774,0.24076146,1.670597e-07
/home/share/Uni_Eval/HAM10000_clean/ISIC2018/ISIC_0030318.jpg,2,2,0.0037012065,0.0005910384,0.97007835,1.0764625e-05,0.0052786246,0.020339804,2.0190197e-07
/home/share/Uni_Eval/HAM10000_clean/ISIC2018/ISIC_0028749.jpg,2,2,0.04108569,0.00013123243,0.71365696,0.0022735808,0.21628462,0.026567359,6.04721e-07
/home/share/Uni_Eval/HAM10000_clean/ISIC2018/ISIC_0026961.jpg,2,2,0.0018686521,0.00023518864,0.6220132,0.0013470362,0.13653924,0.2379965,2.0957167e-07
/home/share/Uni_Eval/HAM10000_clean/ISIC2018/ISIC_0025040.jpg,2,5,0.0003142356,0.00093122333,0.0432637,0.00019396417,0.019577263,0.93571687,2.822668e-06
/home/share/Uni_Eval/HAM10000_clean/ISIC2018/ISIC_0026704.jpg,2,2,0.010520711,0.00056304765,0.93237853,0.005817443,0.01521736,0.035502713,2.0818324e-07
/home/share/Uni_Eval/HAM10000_clean/ISIC2018/ISIC_0029302.jpg,2,2,0.0013334734,4.9328753e-07,0.983051,1.0401575e-05,0.012942952,0.0026617153,7.54626e-09
/home/share/Uni_Eval/HAM10000_clean/ISIC2018/ISIC_0030310.jpg,2,2,0.0046286313,0.00016121488,0.7716329,0.0003854165,0.17314632,0.050045438,2.8873102e-09
/home/share/Uni_Eval/HAM10000_clean/ISIC2018/ISIC_0028229.jpg,2,2,0.0060404735,0.0030147734,0.98029923,0.00044284703,0.008777299,0.0014237203,1.5087658e-06
/home/share/Uni_Eval/HAM10000_clean/ISIC2018/ISIC_0025068.jpg,2,4,0.37316296,0.015584299,0.015747977,0.0010454919,0.59358555,0.0008723074,1.4710477e-06
/home/share/Uni_Eval/HAM10000_clean/ISIC2018/ISIC_0028943.jpg,2,2,0.2470773,0.08182778,0.4109922,0.00011055571,0.25854906,0.001204178,0.00023895776
/home/share/Uni_Eval/HAM10000_clean/ISIC2018/ISIC_0031980.jpg,2,2,0.0067306967,0.0007941646,0.950988,0.0017967996,0.03631073,0.0033765724,3.058322e-06
/home/share/Uni_Eval/HAM10000_clean/ISIC2018/ISIC_0028611.jpg,2,4,0.0167132,0.12374456,0.0029019513,0.014106208,0.7741653,0.06833786,3.0935687e-05
/home/share/Uni_Eval/HAM10000_clean/ISIC2018/ISIC_0027509.jpg,2,2,0.05302571,0.029966155,0.77054894,0.0005595066,0.09579672,0.05008533,1.7675446e-05
/home/share/Uni_Eval/HAM10000_clean/ISIC2018/ISIC_0030240.jpg,2,2,0.026871752,0.007164524,0.94307745,0.0006907032,0.018942188,0.0032495793,3.801084e-06
/home/share/Uni_Eval/HAM10000_clean/ISIC2018/ISIC_0026871.jpg,2,5,0.12305806,0.0075585456,0.10729514,0.010977517,0.012308348,0.73876613,3.6388265e-05
/home/share/Uni_Eval/HAM10000_clean/ISIC2018/ISIC_0027859.jpg,2,2,0.13901724,0.0007583011,0.66785926,0.047732558,0.011070106,0.1335595,3.0621952e-06
/home/share/Uni_Eval/HAM10000_clean/ISIC2018/ISIC_0029329.jpg,2,1,0.00847119,0.6425729,0.32441324,0.00012692668,0.012920706,0.011459324,3.576027e-05
/home/share/Uni_Eval/HAM10000_clean/ISIC2018/ISIC_0028913.jpg,2,2,0.059124064,0.05566824,0.8120351,0.0023605144,0.022109685,0.0484885,0.0002139162
/home/share/Uni_Eval/HAM10000_clean/ISIC2018/ISIC_0028165.jpg,2,2,0.08000803,0.00029831508,0.7113615,0.0012739658,0.015478206,0.19157991,4.21144e-08
/home/share/Uni_Eval/HAM10000_clean/ISIC2018/ISIC_0031465.jpg,2,2,0.00035085058,0.0016224675,0.9115395,2.6843525e-06,0.02005524,0.066429205,5.533903e-09
/home/share/Uni_Eval/HAM10000_clean/ISIC2018/ISIC_0031000.jpg,2,2,0.06402476,0.1073113,0.76167434,0.013915758,0.04184101,0.011203128,2.966787e-05
/home/share/Uni_Eval/HAM10000_clean/ISIC2018/ISIC_0026276.jpg,2,2,0.012440278,0.0006536245,0.9628953,0.0026060229,0.009819404,0.0115850745,3.8816313e-07
/home/share/Uni_Eval/HAM10000_clean/ISIC2018/ISIC_0027435.jpg,2,2,0.00024601095,0.06416963,0.8844402,0.0027258045,0.0034160353,0.044984646,1.7679677e-05
/home/share/Uni_Eval/HAM10000_clean/ISIC2018/ISIC_0028294.jpg,2,2,0.0026272098,0.002771484,0.97376156,1.162021e-05,0.020507695,0.00031991713,6.098823e-07
/home/share/Uni_Eval/HAM10000_clean/ISIC2018/ISIC_0026803.jpg,2,2,3.5920413e-05,1.3233184e-05,0.994234,0.00013350724,0.00029102934,0.005291982,1.8284675e-07
/home/share/Uni_Eval/HAM10000_clean/ISIC2018/ISIC_0026016.jpg,2,2,0.00021201739,4.9692695e-05,0.88810134,3.4483943e-05,0.0068747415,0.10472672,1.0989168e-06
/home/share/Uni_Eval/HAM10000_clean/ISIC2018/ISIC_0029505.jpg,2,2,0.00025911705,0.00019565542,0.9699476,0.0001071159,0.0013986791,0.028091708,1.9577627e-07
/home/share/Uni_Eval/HAM10000_clean/ISIC2018/ISIC_0026069.jpg,2,2,0.00045436138,0.0024205663,0.8426993,0.0009185496,0.0025888965,0.15090859,9.734692e-06
/home/share/Uni_Eval/HAM10000_clean/ISIC2018/ISIC_0031528.jpg,2,2,0.0075716847,0.0036378119,0.53768843,0.00878028,0.05914056,0.38313794,4.331132e-05
/home/share/Uni_Eval/HAM10000_clean/ISIC2018/ISIC_0028490.jpg,2,2,0.025467375,5.083953e-05,0.9202252,0.0068387277,0.04046632,0.006948271,3.282633e-06
/home/share/Uni_Eval/HAM10000_clean/ISIC2018/ISIC_0031987.jpg,2,2,0.019617416,0.003754249,0.96827936,0.00020969314,0.0035742351,0.0045508957,1.4107518e-05
/home/share/Uni_Eval/HAM10000_clean/ISIC2018/ISIC_0026631.jpg,2,2,0.029127335,0.0011031855,0.69750977,0.0026120695,0.22698177,0.042665057,8.454762e-07
/home/share/Uni_Eval/HAM10000_clean/ISIC2018/ISIC_0025710.jpg,2,2,0.0076602865,0.008635914,0.97613907,0.0009947158,0.004485715,0.0020820245,2.2478928e-06
/home/share/Uni_Eval/HAM10000_clean/ISIC2018/ISIC_0030123.jpg,2,2,0.0012284457,0.008761251,0.42369276,0.0005390765,0.3020046,0.26345742,0.00031640133
/home/share/Uni_Eval/HAM10000_clean/ISIC2018/ISIC_0029872.jpg,2,2,0.00025233973,0.0010560508,0.94982916,1.8386429e-05,0.025209393,0.02333537,0.00029934978
/home/share/Uni_Eval/HAM10000_clean/ISIC2018/ISIC_0026530.jpg,2,2,0.00070115866,0.00024534616,0.72293174,0.00031444975,0.0017912732,0.2740149,1.1071845e-06
/home/share/Uni_Eval/HAM10000_clean/ISIC2018/ISIC_0032498.jpg,2,2,0.004623089,0.0005372052,0.9352739,0.00030585163,0.011503089,0.04775637,5.776717e-07
/home/share/Uni_Eval/HAM10000_clean/ISIC2018/ISIC_0029778.jpg,2,2,0.003234143,0.0010211224,0.8727525,0.00034984935,0.03899253,0.083649784,5.964304e-08
/home/share/Uni_Eval/HAM10000_clean/ISIC2018/ISIC_0029555.jpg,2,2,0.0002756262,1.0882088e-06,0.99309313,3.40399e-06,0.0006614508,0.005965168,2.6912306e-07
/home/share/Uni_Eval/HAM10000_clean/ISIC2018/ISIC_0030173.jpg,2,2,0.0014774009,0.0015535285,0.49054798,0.0008289065,0.14785822,0.35765862,7.537579e-05
/home/share/Uni_Eval/HAM10000_clean/ISIC2018/ISIC_0029012.jpg,2,5,0.0003138526,0.0008513274,0.27410817,0.0006221834,0.090925716,0.63316226,1.6492642e-05
/home/share/Uni_Eval/HAM10000_clean/ISIC2018/ISIC_0032170.jpg,2,2,5.5091928e-06,4.8355023e-06,0.7998125,3.7086345e-05,0.00021262407,0.1999273,1.3965952e-07
/home/share/Uni_Eval/HAM10000_clean/ISIC2018/ISIC_0033460.jpg,2,2,0.014047032,0.002020708,0.6012927,0.011420824,0.2242534,0.14696443,9.393647e-07
/home/share/Uni_Eval/HAM10000_clean/ISIC2018/ISIC_0033199.jpg,2,2,0.0043868315,0.0024736458,0.8895657,0.014167011,0.030628875,0.058776863,1.1749232e-06
/home/share/Uni_Eval/HAM10000_clean/ISIC2018/ISIC_0028411.jpg,2,2,1.9687139e-05,0.00040359213,0.98365235,8.41579e-05,0.0020188356,0.013798066,2.3184182e-05
/home/share/Uni_Eval/HAM10000_clean/ISIC2018/ISIC_0032681.jpg,2,2,0.09258792,0.0013249019,0.55637944,0.0030351612,0.19823393,0.14843181,6.9144103e-06
/home/share/Uni_Eval/HAM10000_clean/ISIC2018/ISIC_0033509.jpg,2,2,0.027699053,0.0003063515,0.6156612,0.0030195105,0.174439,0.178873,1.9270656e-06
/home/share/Uni_Eval/HAM10000_clean/ISIC2018/ISIC_0032636.jpg,2,2,0.0030530533,0.22857311,0.46246478,3.6348843e-05,0.26351127,0.041711435,0.00065000966
/home/share/Uni_Eval/HAM10000_clean/ISIC2018/ISIC_0034167.jpg,2,4,0.00017139978,0.0022369567,0.29120606,0.00013449794,0.644176,0.061031975,0.0010431302
/home/share/Uni_Eval/HAM10000_clean/ISIC2018/ISIC_0032271.jpg,2,2,0.025970716,0.119455606,0.49862278,0.009511192,0.020841083,0.32551077,8.792099e-05
/home/share/Uni_Eval/HAM10000_clean/ISIC2018/ISIC_0027142.jpg,2,2,0.0054063653,0.039681934,0.5099009,0.002116275,0.0015297101,0.44067594,0.00068879704
/home/share/Uni_Eval/HAM10000_clean/ISIC2018/ISIC_0031396.jpg,2,2,0.00092353456,0.0022651742,0.9438146,0.007564274,0.0038462854,0.039002657,0.0025834597
/home/share/Uni_Eval/HAM10000_clean/ISIC2018/ISIC_0027370.jpg,2,2,5.5553255e-06,2.2506216e-05,0.9981975,2.9296643e-05,1.4433417e-05,0.0016957488,3.5016707e-05
/home/share/Uni_Eval/HAM10000_clean/ISIC2018/ISIC_0026566.jpg,2,2,0.004418209,0.04513713,0.84885824,0.0075534484,0.008417075,0.06830699,0.017308924
/home/share/Uni_Eval/HAM10000_clean/ISIC2018/ISIC_0031511.jpg,2,2,3.7292328e-05,1.8621666e-05,0.80425316,0.003020281,0.0066158073,0.18579882,0.00025596627
/home/share/Uni_Eval/HAM10000_clean/ISIC2018/ISIC_0030316.jpg,2,2,0.0028608101,0.002789414,0.8739119,0.004820397,0.0004043603,0.11506107,0.00015202345
/home/share/Uni_Eval/HAM10000_clean/ISIC2018/ISIC_0029345.jpg,2,2,2.0728652e-05,0.0002131763,0.99653757,3.0017443e-06,0.0006053368,0.0024817328,0.00013857328
/home/share/Uni_Eval/HAM10000_clean/ISIC2018/ISIC_0026846.jpg,2,2,0.00016043393,0.0055693514,0.9690841,0.0028040572,0.0073743113,0.01396678,0.0010409864
/home/share/Uni_Eval/HAM10000_clean/ISIC2018/ISIC_0032460.jpg,2,2,0.0002388567,0.0068701045,0.98054564,0.002775904,0.00031675227,0.008834729,0.00041817361
/home/share/Uni_Eval/HAM10000_clean/ISIC2018/ISIC_0027025.jpg,2,2,0.00021535507,0.00020355041,0.9944818,0.0002235259,0.0019564559,0.0029140417,5.2128485e-06
/home/share/Uni_Eval/HAM10000_clean/ISIC2018/ISIC_0030088.jpg,2,2,4.556852e-05,1.5658534e-05,0.9869675,0.0005085924,0.0023718728,0.010090453,3.4962525e-07
/home/share/Uni_Eval/HAM10000_clean/ISIC2018/ISIC_0025392.jpg,2,2,7.9567224e-07,1.2194711e-05,0.9697892,9.442023e-07,0.0006497628,0.029516205,3.083387e-05
/home/share/Uni_Eval/HAM10000_clean/ISIC2018/ISIC_0026783.jpg,2,2,0.0014911955,0.002537768,0.941077,0.0011520302,0.034743275,0.018835275,0.00016350042
/home/share/Uni_Eval/HAM10000_clean/ISIC2018/ISIC_0025330.jpg,2,2,0.0006746533,0.0009283037,0.9945028,0.00017254191,0.00021495746,0.0034596366,4.7123933e-05
/home/share/Uni_Eval/HAM10000_clean/ISIC2018/ISIC_0027275.jpg,2,2,0.00016943201,0.00065336307,0.75991935,0.0012011772,0.0007865408,0.22880302,0.00846715
/home/share/Uni_Eval/HAM10000_clean/ISIC2018/ISIC_0029233.jpg,2,2,0.00013290643,0.0036746648,0.9692488,0.0005593158,0.005644371,0.02022537,0.00051447406
/home/share/Uni_Eval/HAM10000_clean/ISIC2018/ISIC_0032359.jpg,2,2,2.8655082e-05,0.00021979342,0.9926481,2.8178907e-05,0.0007741389,0.004895558,0.00140552
/home/share/Uni_Eval/HAM10000_clean/ISIC2018/ISIC_0029048.jpg,2,2,2.1080395e-07,2.4575398e-05,0.9956921,5.768352e-07,1.2337621e-05,0.0040462436,0.00022397516
/home/share/Uni_Eval/HAM10000_clean/ISIC2018/ISIC_0028925.jpg,2,2,0.0001261638,0.0016176964,0.95892525,0.020511802,0.00020692406,0.018469961,0.00014215283
/home/share/Uni_Eval/HAM10000_clean/ISIC2018/ISIC_0027008.jpg,3,3,0.011675488,0.26099512,0.0017604697,0.37561592,0.08084043,0.26782867,0.0012838439
/home/share/Uni_Eval/HAM10000_clean/ISIC2018/ISIC_0032468.jpg,3,3,0.022728544,0.016873382,0.00046867668,0.9486315,0.0066261822,0.0032108396,0.0014609062
/home/share/Uni_Eval/HAM10000_clean/ISIC2018/ISIC_0030555.jpg,3,3,0.008700763,0.0024638977,0.061994284,0.5226633,0.11102163,0.106660515,0.18649556
/home/share/Uni_Eval/HAM10000_clean/ISIC2018/ISIC_0030244.jpg,3,3,0.0017040288,0.14561217,0.0034874782,0.8234147,0.0035048528,0.019105403,0.0031714323
/home/share/Uni_Eval/HAM10000_clean/ISIC2018/ISIC_0025668.jpg,3,5,0.0026556714,0.026290238,0.0668244,0.096809365,0.0038406283,0.80355793,2.1687072e-05
/home/share/Uni_Eval/HAM10000_clean/ISIC2018/ISIC_0033790.jpg,3,3,0.012857305,0.00019228438,0.001066974,0.82092136,0.02686318,0.13808028,1.859522e-05
/home/share/Uni_Eval/HAM10000_clean/ISIC2018/ISIC_0029039.jpg,3,5,0.07007233,0.024373753,0.20630085,0.047287952,0.00091563014,0.651048,1.4414845e-06
/home/share/Uni_Eval/HAM10000_clean/ISIC2018/ISIC_0027107.jpg,3,2,0.32612523,0.020172643,0.39553294,0.19305316,0.007832982,0.057282172,8.409033e-07
/home/share/Uni_Eval/HAM10000_clean/ISIC2018/ISIC_0024973.jpg,3,4,0.01896527,0.20271525,0.009692595,0.060692556,0.67997205,0.02795359,8.639087e-06
/home/share/Uni_Eval/HAM10000_clean/ISIC2018/ISIC_0025622.jpg,3,5,0.0013289126,0.0023459564,0.06569355,0.27777788,0.18906209,0.4637823,9.343208e-06
/home/share/Uni_Eval/HAM10000_clean/ISIC2018/ISIC_0033626.jpg,3,3,0.0001661344,0.00016508301,0.00066743797,0.68155164,0.022114001,0.295314,2.1702122e-05
/home/share/Uni_Eval/HAM10000_clean/ISIC2018/ISIC_0033891.jpg,3,3,3.796399e-05,0.0003037251,0.0017227534,0.9695999,0.00034129134,0.02795793,3.6435904e-05
/home/share/Uni_Eval/HAM10000_clean/ISIC2018/ISIC_0033005.jpg,3,3,0.000103698716,0.00024135657,1.6463444e-05,0.99440235,0.00046478576,0.0046364884,0.0001348666
/home/share/Uni_Eval/HAM10000_clean/ISIC2018/ISIC_0033847.jpg,3,3,0.0011134878,6.346797e-05,0.0018695229,0.8003045,0.00081764197,0.19582514,6.252068e-06
/home/share/Uni_Eval/HAM10000_clean/ISIC2018/ISIC_0026471.jpg,3,3,0.015612927,0.056127947,0.23835967,0.4857213,0.008097251,0.19471659,0.0013642828
/home/share/Uni_Eval/HAM10000_clean/ISIC2018/ISIC_0026629.jpg,3,3,0.0020299111,0.0013927598,0.1226626,0.7658829,0.000429633,0.10756807,3.4125434e-05
/home/share/Uni_Eval/HAM10000_clean/ISIC2018/ISIC_0025771.jpg,3,3,1.8227312e-06,1.7754404e-05,0.00016435109,0.99956435,6.0936954e-06,0.00022513072,2.0562497e-05
/home/share/Uni_Eval/HAM10000_clean/ISIC2018/ISIC_0030623.jpg,4,4,7.839109e-06,0.00018910241,0.004363533,1.0673307e-06,0.5049895,0.48975608,0.00069293095
/home/share/Uni_Eval/HAM10000_clean/ISIC2018/ISIC_0032396.jpg,4,5,0.0124394335,0.008254877,0.066522196,0.009950638,0.24018547,0.66234326,0.00030411905
/home/share/Uni_Eval/HAM10000_clean/ISIC2018/ISIC_0028445.jpg,4,4,0.0009877561,0.0032860301,0.013937985,0.0005598749,0.6380879,0.34307274,6.767464e-05
/home/share/Uni_Eval/HAM10000_clean/ISIC2018/ISIC_0029512.jpg,4,4,0.006823936,0.036572203,0.023144973,0.0682055,0.7408401,0.12264888,0.0017644158
/home/share/Uni_Eval/HAM10000_clean/ISIC2018/ISIC_0028579.jpg,4,4,0.00014282072,8.154141e-05,0.008416444,1.640343e-05,0.5408264,0.45051292,3.4579343e-06
/home/share/Uni_Eval/HAM10000_clean/ISIC2018/ISIC_0031953.jpg,4,5,0.00050439755,0.026600504,0.10612158,0.00013739437,0.27869147,0.5866561,0.0012885188
/home/share/Uni_Eval/HAM10000_clean/ISIC2018/ISIC_0032079.jpg,4,4,0.03794687,0.10139303,0.01041767,0.0017669532,0.6041372,0.24433711,1.202699e-06
/home/share/Uni_Eval/HAM10000_clean/ISIC2018/ISIC_0026150.jpg,4,5,0.00048481984,0.0011750254,0.03532401,0.00019920367,0.36827037,0.59453285,1.3660294e-05
/home/share/Uni_Eval/HAM10000_clean/ISIC2018/ISIC_0031642.jpg,4,4,0.00012340095,0.00069197774,0.1318116,0.00014904613,0.54203635,0.32515606,3.1572014e-05
/home/share/Uni_Eval/HAM10000_clean/ISIC2018/ISIC_0029000.jpg,4,5,0.0019083073,0.0054583848,0.004294738,0.0012211076,0.255719,0.73088574,0.0005126265
/home/share/Uni_Eval/HAM10000_clean/ISIC2018/ISIC_0025751.jpg,4,4,4.2084972e-05,2.2568242e-05,0.008362696,4.1977266e-05,0.8935393,0.09799067,7.24995e-07
/home/share/Uni_Eval/HAM10000_clean/ISIC2018/ISIC_0026892.jpg,4,5,7.1421295e-05,0.012096406,0.26145545,0.0010674639,0.27280596,0.45244056,6.2777886e-05
/home/share/Uni_Eval/HAM10000_clean/ISIC2018/ISIC_0028291.jpg,4,4,0.007204164,0.0006376807,0.19033714,0.0003765728,0.65901715,0.14242561,1.6854592e-06
/home/share/Uni_Eval/HAM10000_clean/ISIC2018/ISIC_0027769.jpg,4,4,0.0024334716,0.04914747,0.150826,0.0019837518,0.5521877,0.2431624,0.0002592054
/home/share/Uni_Eval/HAM10000_clean/ISIC2018/ISIC_0030445.jpg,4,4,0.009448408,0.055190064,0.17482644,0.04549454,0.34416598,0.09604015,0.27483433
/home/share/Uni_Eval/HAM10000_clean/ISIC2018/ISIC_0025155.jpg,4,4,6.1201e-05,0.00028580008,0.4071125,0.00042825722,0.48638523,0.10572523,1.7675923e-06
/home/share/Uni_Eval/HAM10000_clean/ISIC2018/ISIC_0027102.jpg,4,4,0.00031447195,0.0005498323,8.03366e-06,0.0002961231,0.9975458,0.0012807598,5.063327e-06
/home/share/Uni_Eval/HAM10000_clean/ISIC2018/ISIC_0032046.jpg,4,5,0.0034066038,0.0014643245,0.24531233,0.0010558576,0.22396824,0.52479106,1.5553492e-06
/home/share/Uni_Eval/HAM10000_clean/ISIC2018/ISIC_0029630.jpg,4,4,0.01718426,0.00030246115,0.15501209,0.00029567507,0.82477456,0.002426497,4.4649305e-06
/home/share/Uni_Eval/HAM10000_clean/ISIC2018/ISIC_0031941.jpg,4,4,3.42551e-05,0.00024875297,0.006753735,5.2823416e-06,0.97670376,0.016253885,3.8614806e-07
/home/share/Uni_Eval/HAM10000_clean/ISIC2018/ISIC_0031586.jpg,4,4,3.3914443e-05,4.2326927e-05,0.008258032,2.190761e-05,0.7178936,0.27375025,7.3808025e-08
/home/share/Uni_Eval/HAM10000_clean/ISIC2018/ISIC_0027261.jpg,4,5,0.0013798388,0.007090951,0.029629156,0.0011238768,0.46475154,0.49477848,0.0012461508
/home/share/Uni_Eval/HAM10000_clean/ISIC2018/ISIC_0024675.jpg,4,4,0.00013035318,0.0034170942,0.021659411,0.0004985094,0.676148,0.2979673,0.00017937055
/home/share/Uni_Eval/HAM10000_clean/ISIC2018/ISIC_0025891.jpg,4,4,0.00061981723,0.00091952103,0.07964649,0.0002659176,0.51621324,0.4015942,0.00074082974
/home/share/Uni_Eval/HAM10000_clean/ISIC2018/ISIC_0031189.jpg,4,4,0.0002334954,0.0042079967,0.031810492,0.00078127935,0.90179473,0.06091782,0.00025419082
/home/share/Uni_Eval/HAM10000_clean/ISIC2018/ISIC_0034006.jpg,4,2,3.9173472e-05,0.039158568,0.7074727,7.459117e-06,0.2354066,0.014564103,0.0033514916
/home/share/Uni_Eval/HAM10000_clean/ISIC2018/ISIC_0028696.jpg,4,5,1.5793043e-05,5.3856067e-05,0.0022789964,5.7229026e-05,0.32713616,0.6704542,3.7254824e-06
/home/share/Uni_Eval/HAM10000_clean/ISIC2018/ISIC_0028325.jpg,4,4,0.0030330345,0.0021462338,0.10669984,0.004036823,0.68116754,0.20288754,2.8975883e-05
/home/share/Uni_Eval/HAM10000_clean/ISIC2018/ISIC_0028489.jpg,4,5,0.00023707157,2.541119e-05,0.083581485,1.8456927e-07,0.13398728,0.782155,1.3582678e-05
/home/share/Uni_Eval/HAM10000_clean/ISIC2018/ISIC_0028969.jpg,4,2,0.042359803,0.0024125152,0.41152945,0.0016402717,0.39641488,0.1456034,3.9738152e-05
/home/share/Uni_Eval/HAM10000_clean/ISIC2018/ISIC_0033496.jpg,4,4,4.6241064e-05,6.1249907e-06,0.0031462894,0.0005884664,0.70042616,0.29576793,1.8739469e-05
/home/share/Uni_Eval/HAM10000_clean/ISIC2018/ISIC_0033573.jpg,4,4,0.002069356,0.011953994,0.016352147,0.00024736836,0.867359,0.10179997,0.00021809559
/home/share/Uni_Eval/HAM10000_clean/ISIC2018/ISIC_0030828.jpg,4,5,0.0006363302,0.004717092,0.048948172,0.00018782783,0.4438689,0.50154984,9.181484e-05
/home/share/Uni_Eval/HAM10000_clean/ISIC2018/ISIC_0033931.jpg,4,4,0.06259137,0.0045816894,0.3816315,0.0011855568,0.528411,0.0215934,5.4744587e-06
/home/share/Uni_Eval/HAM10000_clean/ISIC2018/ISIC_0033268.jpg,4,5,0.00024656695,1.8027702e-05,0.014842109,0.00022784447,0.48131818,0.5033469,3.765255e-07
/home/share/Uni_Eval/HAM10000_clean/ISIC2018/ISIC_0033428.jpg,4,4,0.00027694728,0.000102535014,0.029162368,3.659487e-05,0.95487976,0.015530195,1.1575832e-05
/home/share/Uni_Eval/HAM10000_clean/ISIC2018/ISIC_0033152.jpg,4,5,0.0003134606,0.0145896925,0.2828953,0.000107568514,0.16969413,0.5294226,0.0029773107
/home/share/Uni_Eval/HAM10000_clean/ISIC2018/ISIC_0034236.jpg,4,4,0.022890737,0.00014802584,0.043988086,0.0015576832,0.7581634,0.17317408,7.78956e-05
/home/share/Uni_Eval/HAM10000_clean/ISIC2018/ISIC_0025987.jpg,4,5,3.1359425e-05,2.6505202e-05,0.00010331467,8.70855e-07,0.0026332445,0.9972024,2.3387713e-06
/home/share/Uni_Eval/HAM10000_clean/ISIC2018/ISIC_0032447.jpg,4,5,0.00029736396,0.0022528262,0.003018304,3.0078212e-07,0.24883443,0.74557483,2.1961601e-05
/home/share/Uni_Eval/HAM10000_clean/ISIC2018/ISIC_0033831.jpg,4,4,6.654247e-05,4.1448384e-05,0.007454457,4.752186e-06,0.89305353,0.09933918,4.011783e-05
/home/share/Uni_Eval/HAM10000_clean/ISIC2018/ISIC_0032583.jpg,4,4,0.025561143,0.05392591,0.05266318,0.025413984,0.5307999,0.3111587,0.0004771599
/home/share/Uni_Eval/HAM10000_clean/ISIC2018/ISIC_0034294.jpg,4,4,4.3509262e-05,2.0144733e-05,0.005011521,7.44856e-05,0.96739274,0.027455963,1.6805129e-06
/home/share/Uni_Eval/HAM10000_clean/ISIC2018/ISIC_0032984.jpg,4,4,0.0071560373,0.41223094,0.009140072,0.00108939,0.5131406,0.05711897,0.00012398553
/home/share/Uni_Eval/HAM10000_clean/ISIC2018/ISIC_0033802.jpg,4,4,0.00019295746,4.853391e-05,0.014508048,0.00011998255,0.75539035,0.2297394,7.136159e-07
/home/share/Uni_Eval/HAM10000_clean/ISIC2018/ISIC_0032993.jpg,4,4,2.4301859e-05,0.00012406404,0.00066071487,1.1450835e-05,0.95712334,0.04205098,5.1384145e-06
/home/share/Uni_Eval/HAM10000_clean/ISIC2018/ISIC_0033804.jpg,4,5,4.3885088e-05,3.6008667e-05,0.0010717589,0.0011274285,0.34094584,0.6567358,3.932664e-05
/home/share/Uni_Eval/HAM10000_clean/ISIC2018/ISIC_0032774.jpg,4,4,3.6241785e-05,0.004248762,0.0021928698,8.193855e-05,0.95436513,0.03800203,0.0010729498
/home/share/Uni_Eval/HAM10000_clean/ISIC2018/ISIC_0032840.jpg,4,4,0.0054282793,0.029950472,0.015719602,0.06185324,0.44771928,0.37233177,0.06699735
/home/share/Uni_Eval/HAM10000_clean/ISIC2018/ISIC_0034208.jpg,4,4,0.043435346,0.22960183,0.25436854,0.059784554,0.38466018,0.028105615,4.385648e-05
/home/share/Uni_Eval/HAM10000_clean/ISIC2018/ISIC_0033287.jpg,4,4,0.00043554086,0.0055139633,0.0988763,0.00026231504,0.5553043,0.33957878,2.8835962e-05
/home/share/Uni_Eval/HAM10000_clean/ISIC2018/ISIC_0033286.jpg,4,4,0.007191824,0.00012729438,0.0047160727,7.801619e-05,0.98178977,0.006092508,4.5753022e-06
/home/share/Uni_Eval/HAM10000_clean/ISIC2018/ISIC_0033175.jpg,4,5,0.0077143493,0.0031908362,0.120692365,0.022870664,0.35361707,0.49191317,1.6133716e-06
/home/share/Uni_Eval/HAM10000_clean/ISIC2018/ISIC_0033942.jpg,4,4,0.014045006,0.0017229359,0.34683067,0.0049797236,0.56943417,0.062981315,6.142573e-06
/home/share/Uni_Eval/HAM10000_clean/ISIC2018/ISIC_0032522.jpg,4,4,0.008393613,0.00018670294,0.09703647,0.00017926662,0.86475146,0.029450485,2.069116e-06
/home/share/Uni_Eval/HAM10000_clean/ISIC2018/ISIC_0033272.jpg,4,4,0.17423277,0.000100308425,0.19678679,0.018236278,0.54589045,0.0647509,2.4374772e-06
/home/share/Uni_Eval/HAM10000_clean/ISIC2018/ISIC_0033004.jpg,4,5,5.1158826e-05,1.3741815e-06,0.0064710714,0.0010280025,0.2718045,0.7206438,1.3031543e-07
/home/share/Uni_Eval/HAM10000_clean/ISIC2018/ISIC_0032511.jpg,4,4,0.0069766063,0.00044443682,0.02802001,0.0005180456,0.95702106,0.0070199044,2.8167436e-08
/home/share/Uni_Eval/HAM10000_clean/ISIC2018/ISIC_0034085.jpg,4,4,3.8153343e-05,3.0321326e-05,0.0015045925,0.0002739485,0.83594704,0.16220376,2.1680785e-06
/home/share/Uni_Eval/HAM10000_clean/ISIC2018/ISIC_0033299.jpg,4,4,0.00012574512,0.0005060794,0.0028418156,0.00031884515,0.8770083,0.11902787,0.00017132009
/home/share/Uni_Eval/HAM10000_clean/ISIC2018/ISIC_0033779.jpg,4,4,0.0001664875,0.00019685688,0.0036403842,0.0025645844,0.7993325,0.19405672,4.2513562e-05
/home/share/Uni_Eval/HAM10000_clean/ISIC2018/ISIC_0034065.jpg,4,4,2.1319056e-05,0.00032794077,0.001276036,9.149581e-05,0.5464778,0.4513594,0.0004460283
/home/share/Uni_Eval/HAM10000_clean/ISIC2018/ISIC_0033038.jpg,4,4,0.0061802138,0.0011914514,0.054764085,0.009693091,0.78092945,0.14724149,2.1745142e-07
/home/share/Uni_Eval/HAM10000_clean/ISIC2018/ISIC_0033630.jpg,4,4,0.020014234,0.0014716958,0.040209804,0.00017886392,0.916644,0.021433052,4.8362697e-05
/home/share/Uni_Eval/HAM10000_clean/ISIC2018/ISIC_0034150.jpg,4,4,0.028985953,0.00065155857,0.29571247,0.019340312,0.64068097,0.01462727,1.4311938e-06
/home/share/Uni_Eval/HAM10000_clean/ISIC2018/ISIC_0032915.jpg,4,4,0.10344643,0.22086446,0.039647516,0.0035243456,0.6304078,0.0019527576,0.00015671071
/home/share/Uni_Eval/HAM10000_clean/ISIC2018/ISIC_0028460.jpg,4,4,0.0013534821,0.00078722095,0.0019760726,2.3496887e-05,0.9740602,0.021799382,2.4537155e-07
/home/share/Uni_Eval/HAM10000_clean/ISIC2018/ISIC_0033883.jpg,4,4,0.00029471144,4.8779388e-05,0.012030674,0.00045698966,0.7485148,0.23865393,8.70532e-08
/home/share/Uni_Eval/HAM10000_clean/ISIC2018/ISIC_0034005.jpg,4,1,0.057346538,0.37359786,0.14010999,0.009421355,0.2631835,0.15632075,1.998322e-05
/home/share/Uni_Eval/HAM10000_clean/ISIC2018/ISIC_0033872.jpg,4,4,0.028183825,0.005348638,0.014412205,0.1088664,0.7967161,0.046456516,1.6264037e-05
/home/share/Uni_Eval/HAM10000_clean/ISIC2018/ISIC_0032547.jpg,4,4,3.5454964e-06,9.355782e-07,0.00015772392,7.3613876e-07,0.96631396,0.033522964,1.030486e-07
/home/share/Uni_Eval/HAM10000_clean/ISIC2018/ISIC_0032806.jpg,4,4,0.00026892195,2.5448403e-06,0.019868497,1.2581311e-05,0.63289154,0.34695587,8.7382126e-08
/home/share/Uni_Eval/HAM10000_clean/ISIC2018/ISIC_0033569.jpg,4,4,5.529769e-05,0.0029412906,0.002513415,3.3892862e-05,0.9655565,0.028863713,3.5932175e-05
/home/share/Uni_Eval/HAM10000_clean/ISIC2018/ISIC_0032810.jpg,4,4,0.0011868272,0.0022065819,0.040637698,0.0011762073,0.86574435,0.089014255,3.4081004e-05
/home/share/Uni_Eval/HAM10000_clean/ISIC2018/ISIC_0032517.jpg,4,4,0.00017456777,0.00014665454,0.0243256,0.001077915,0.8886162,0.08565544,3.5957044e-06
/home/share/Uni_Eval/HAM10000_clean/ISIC2018/ISIC_0034022.jpg,4,5,0.0014942838,0.000818165,0.0014952788,2.7180557e-05,0.16313578,0.8330246,4.7044955e-06
/home/share/Uni_Eval/HAM10000_clean/ISIC2018/ISIC_0033444.jpg,4,4,7.695172e-05,0.00028037216,0.006970571,9.130829e-05,0.5270623,0.46551624,2.2444694e-06
/home/share/Uni_Eval/HAM10000_clean/ISIC2018/ISIC_0032695.jpg,4,4,0.0008567878,0.00061413535,0.0105141355,1.9191493e-06,0.98583984,0.0021419132,3.1248503e-05
/home/share/Uni_Eval/HAM10000_clean/ISIC2018/ISIC_0026430.jpg,4,4,0.02135968,0.020256322,0.06863199,0.00085548055,0.8723688,0.016526138,1.5491186e-06
/home/share/Uni_Eval/HAM10000_clean/ISIC2018/ISIC_0032968.jpg,4,1,0.01860374,0.6295054,0.1588165,0.017394584,0.15108518,0.024538063,5.649214e-05
/home/share/Uni_Eval/HAM10000_clean/ISIC2018/ISIC_0029265.jpg,4,4,0.023416897,0.11716008,0.102194175,0.008671533,0.7465772,0.0019674913,1.2629128e-05
/home/share/Uni_Eval/HAM10000_clean/ISIC2018/ISIC_0034205.jpg,4,5,9.303258e-05,0.0036358137,0.041936822,1.465033e-05,0.0852706,0.8689994,4.9687973e-05
/home/share/Uni_Eval/HAM10000_clean/ISIC2018/ISIC_0033612.jpg,4,5,0.0027709207,0.0011739207,0.055399694,0.000103415805,0.44285777,0.49751988,0.00017439075
/home/share/Uni_Eval/HAM10000_clean/ISIC2018/ISIC_0033616.jpg,4,5,6.494843e-05,3.8843973e-06,0.016903274,1.0032271e-05,0.23644337,0.74657434,5.3863772e-08
/home/share/Uni_Eval/HAM10000_clean/ISIC2018/ISIC_0029606.jpg,4,5,3.67687e-05,0.00043995256,0.0042988504,6.9127594e-08,0.031075355,0.9641319,1.7055989e-05
/home/share/Uni_Eval/HAM10000_clean/ISIC2018/ISIC_0032597.jpg,4,4,0.00059856434,0.0016203407,0.059597883,0.00024186632,0.8006763,0.13726212,2.928101e-06
/home/share/Uni_Eval/HAM10000_clean/ISIC2018/ISIC_0032982.jpg,4,5,0.0023592042,0.0025477754,0.0038855437,0.0013547429,0.02027268,0.9695041,7.592334e-05
/home/share/Uni_Eval/HAM10000_clean/ISIC2018/ISIC_0033226.jpg,4,4,0.00027348127,3.257979e-05,0.039989293,6.3668034e-05,0.49380296,0.46583712,9.276702e-07
/home/share/Uni_Eval/HAM10000_clean/ISIC2018/ISIC_0033670.jpg,4,5,1.116378e-05,6.90458e-08,0.0070459996,4.4537414e-06,0.49404964,0.49888846,1.8352885e-07
/home/share/Uni_Eval/HAM10000_clean/ISIC2018/ISIC_0034107.jpg,4,5,0.0010610222,0.0017153899,0.00071050815,0.00022179146,0.22599743,0.77007085,0.00022302252
/home/share/Uni_Eval/HAM10000_clean/ISIC2018/ISIC_0033055.jpg,4,4,0.0008472823,0.00013592758,0.006071236,0.0034637726,0.9264649,0.063011564,5.2134e-06
/home/share/Uni_Eval/HAM10000_clean/ISIC2018/ISIC_0033061.jpg,4,2,0.0003885031,0.0007321748,0.5820147,0.00031565895,0.19678368,0.030810315,0.18895502
/home/share/Uni_Eval/HAM10000_clean/ISIC2018/ISIC_0033696.jpg,4,4,1.981332e-05,0.0007118372,0.00043442793,1.4262753e-05,0.98494416,0.0028267847,0.011048766
/home/share/Uni_Eval/HAM10000_clean/ISIC2018/ISIC_0027234.jpg,4,4,0.0007525913,0.00031209187,0.11766217,0.0017741246,0.7896866,0.08981228,1.0558509e-08
/home/share/Uni_Eval/HAM10000_clean/ISIC2018/ISIC_0032918.jpg,4,2,0.016451186,0.0032151483,0.54245234,0.0005785965,0.20257035,0.23472401,8.341002e-06
/home/share/Uni_Eval/HAM10000_clean/ISIC2018/ISIC_0028520.jpg,4,4,3.1261116e-05,0.000107133215,0.0033757433,3.4407713e-06,0.9605842,0.035894338,3.895675e-06
/home/share/Uni_Eval/HAM10000_clean/ISIC2018/ISIC_0032807.jpg,4,4,0.000114815215,0.005036071,0.0032178378,5.0015537e-06,0.8578606,0.1337649,7.8014466e-07
/home/share/Uni_Eval/HAM10000_clean/ISIC2018/ISIC_0032645.jpg,4,4,0.000119638906,0.0027904785,0.013279825,0.00012607954,0.5058927,0.4777882,3.1066643e-06
/home/share/Uni_Eval/HAM10000_clean/ISIC2018/ISIC_0033807.jpg,4,4,0.0070485007,0.084536426,0.13198474,0.01285121,0.7024002,0.032196343,0.02898265
/home/share/Uni_Eval/HAM10000_clean/ISIC2018/ISIC_0033454.jpg,4,5,6.341464e-05,0.0029856875,0.15766951,4.8081914e-05,0.28296188,0.5562487,2.270241e-05
/home/share/Uni_Eval/HAM10000_clean/ISIC2018/ISIC_0032960.jpg,4,4,0.20641299,0.053534277,0.04825174,0.010053045,0.6621818,0.019515198,5.097208e-05
/home/share/Uni_Eval/HAM10000_clean/ISIC2018/ISIC_0033773.jpg,4,4,0.032628834,0.004171604,0.21462835,0.0006577111,0.6578094,0.09009882,5.2793966e-06
/home/share/Uni_Eval/HAM10000_clean/ISIC2018/ISIC_0033730.jpg,4,4,0.00041408587,0.00011543698,0.021473296,1.24572825e-05,0.87707686,0.100906074,1.854621e-06
/home/share/Uni_Eval/HAM10000_clean/ISIC2018/ISIC_0033805.jpg,4,5,0.0041362895,0.02299579,0.0038366988,0.00016007635,0.4431706,0.5255631,0.00013737519
/home/share/Uni_Eval/HAM10000_clean/ISIC2018/ISIC_0027204.jpg,4,2,0.014397314,4.116133e-05,0.7802852,0.00017830796,0.1929586,0.012139132,2.4020665e-07
/home/share/Uni_Eval/HAM10000_clean/ISIC2018/ISIC_0033178.jpg,4,4,1.4992879e-05,0.00035738098,0.00010103314,3.2129492e-06,0.9600776,0.039406314,3.9562092e-05
/home/share/Uni_Eval/HAM10000_clean/ISIC2018/ISIC_0033023.jpg,4,4,0.00015478965,0.00031616137,0.0008279749,1.4480536e-05,0.994259,0.0044259382,1.7530066e-06
/home/share/Uni_Eval/HAM10000_clean/ISIC2018/ISIC_0027069.jpg,4,4,0.14687338,0.041069813,0.04959741,0.0050605442,0.63091403,0.12647447,1.0331516e-05
/home/share/Uni_Eval/HAM10000_clean/ISIC2018/ISIC_0026545.jpg,4,4,0.0019669398,0.0005616735,0.115006655,0.00026051482,0.7244523,0.1577459,5.9958215e-06
/home/share/Uni_Eval/HAM10000_clean/ISIC2018/ISIC_0026268.jpg,4,2,0.00534726,0.0005233451,0.6499791,0.00031983876,0.27791014,0.06586906,5.1283e-05
/home/share/Uni_Eval/HAM10000_clean/ISIC2018/ISIC_0027282.jpg,4,4,0.010052426,0.030236315,0.19812518,0.0007988322,0.5527013,0.20808089,5.0644644e-06
/home/share/Uni_Eval/HAM10000_clean/ISIC2018/ISIC_0028463.jpg,4,4,0.0004472699,0.00015388949,0.033587404,0.014516492,0.5690552,0.38223842,1.3387413e-06
/home/share/Uni_Eval/HAM10000_clean/ISIC2018/ISIC_0024823.jpg,4,4,4.3160624e-05,0.13994221,0.043034527,0.00043876757,0.46549618,0.17081417,0.18023098
/home/share/Uni_Eval/HAM10000_clean/ISIC2018/ISIC_0025512.jpg,4,4,0.00022826377,0.00048026632,0.006342763,0.00032844386,0.5672093,0.4254102,7.546452e-07
/home/share/Uni_Eval/HAM10000_clean/ISIC2018/ISIC_0027622.jpg,4,4,0.00032843245,4.616195e-05,0.017622484,9.420576e-05,0.9358022,0.046105947,5.615784e-07
/home/share/Uni_Eval/HAM10000_clean/ISIC2018/ISIC_0026167.jpg,4,4,0.00511887,0.0052491613,0.16757417,9.19975e-05,0.6208518,0.20108551,2.8495557e-05
/home/share/Uni_Eval/HAM10000_clean/ISIC2018/ISIC_0032134.jpg,4,4,0.0023440921,0.00031483205,0.08379983,0.0002444308,0.89838105,0.014914542,1.2355778e-06
/home/share/Uni_Eval/HAM10000_clean/ISIC2018/ISIC_0030756.jpg,4,4,7.327867e-05,8.932891e-06,0.01202829,1.1919914e-05,0.847299,0.14057843,1.798839e-07
/home/share/Uni_Eval/HAM10000_clean/ISIC2018/ISIC_0030034.jpg,4,5,0.0008624152,0.096768476,0.03210635,0.13488048,0.0640015,0.6165156,0.054865215
/home/share/Uni_Eval/HAM10000_clean/ISIC2018/ISIC_0025316.jpg,4,5,0.0005026035,0.00011799215,0.0047737285,0.00022496647,0.05420511,0.94017386,1.7349512e-06
/home/share/Uni_Eval/HAM10000_clean/ISIC2018/ISIC_0028760.jpg,4,5,6.4208643e-07,9.496661e-06,7.1597174e-06,7.078885e-07,0.006917849,0.99292326,0.00014095256
/home/share/Uni_Eval/HAM10000_clean/ISIC2018/ISIC_0028003.jpg,4,5,1.5217366e-05,1.9458813e-07,0.0021385886,0.0009652754,0.074413545,0.92244714,2.0031865e-05
/home/share/Uni_Eval/HAM10000_clean/ISIC2018/ISIC_0025145.jpg,4,4,4.079922e-05,1.7082433e-05,0.0003205641,0.00013912094,0.86966395,0.1298088,9.582075e-06
/home/share/Uni_Eval/HAM10000_clean/ISIC2018/ISIC_0029172.jpg,4,4,0.0077936365,0.0010401048,0.010903562,0.002437985,0.8547946,0.12303003,4.4041368e-08
/home/share/Uni_Eval/HAM10000_clean/ISIC2018/ISIC_0028543.jpg,4,4,0.005874085,0.000110247965,0.08783712,1.3936695e-05,0.83596104,0.07020124,2.3276787e-06
/home/share/Uni_Eval/HAM10000_clean/ISIC2018/ISIC_0027130.jpg,4,4,0.017355828,0.00298894,0.3659101,0.0011644436,0.38662282,0.22595738,5.0031986e-07
/home/share/Uni_Eval/HAM10000_clean/ISIC2018/ISIC_0026094.jpg,4,5,0.010415002,0.005190665,0.020016145,0.00034290605,0.27993345,0.6840994,2.4826993e-06
/home/share/Uni_Eval/HAM10000_clean/ISIC2018/ISIC_0024525.jpg,4,2,0.03322096,0.000507061,0.6930161,0.00035945984,0.12191438,0.1509817,3.6761355e-07
/home/share/Uni_Eval/HAM10000_clean/ISIC2018/ISIC_0026009.jpg,4,2,0.018159289,0.0025401835,0.6777943,0.00014109464,0.12387108,0.17749412,3.9293706e-08
/home/share/Uni_Eval/HAM10000_clean/ISIC2018/ISIC_0027030.jpg,4,4,0.0016651372,0.0005445647,0.033347104,0.004596601,0.7778904,0.18195616,2.5324738e-08
/home/share/Uni_Eval/HAM10000_clean/ISIC2018/ISIC_0026796.jpg,4,4,0.032620963,0.016448416,0.37398705,0.0059416904,0.40929222,0.16170529,4.3312175e-06
/home/share/Uni_Eval/HAM10000_clean/ISIC2018/ISIC_0026604.jpg,4,4,0.26257455,0.033223383,0.30946672,0.025931776,0.31805435,0.050712377,3.686561e-05
/home/share/Uni_Eval/HAM10000_clean/ISIC2018/ISIC_0024952.jpg,4,4,0.0015083763,0.00021378274,0.023801675,5.2994485e-05,0.88059676,0.09381599,1.0366009e-05
/home/share/Uni_Eval/HAM10000_clean/ISIC2018/ISIC_0032192.jpg,4,4,0.235511,0.0013238774,0.025175227,0.0024386735,0.6789091,0.056640893,1.289062e-06
/home/share/Uni_Eval/HAM10000_clean/ISIC2018/ISIC_0024323.jpg,4,5,0.0035967561,0.00021601074,0.03398726,0.006715362,0.4167294,0.5387515,3.7887085e-06
/home/share/Uni_Eval/HAM10000_clean/ISIC2018/ISIC_0027436.jpg,4,4,0.007943805,0.0033939462,0.1291415,0.002004558,0.7266148,0.13089842,3.0449319e-06
/home/share/Uni_Eval/HAM10000_clean/ISIC2018/ISIC_0031915.jpg,4,5,0.0011865608,0.00041459047,0.16997482,0.0007296841,0.3052039,0.5224898,6.287294e-07
/home/share/Uni_Eval/HAM10000_clean/ISIC2018/ISIC_0026847.jpg,4,4,0.0109632015,0.012443585,0.011497986,0.0003406276,0.94926035,0.015493923,2.489247e-07
/home/share/Uni_Eval/HAM10000_clean/ISIC2018/ISIC_0029958.jpg,4,2,0.21174069,0.00013924172,0.7372328,0.003424244,0.04026765,0.0071953833,2.6097615e-08
/home/share/Uni_Eval/HAM10000_clean/ISIC2018/ISIC_0031170.jpg,4,4,0.005230298,0.0027806326,0.08168205,0.0003144753,0.8071844,0.102807924,1.8343977e-07
/home/share/Uni_Eval/HAM10000_clean/ISIC2018/ISIC_0024652.jpg,4,4,0.0014669161,0.00046614188,0.05002528,9.859422e-05,0.77083224,0.17711075,8.706461e-09
/home/share/Uni_Eval/HAM10000_clean/ISIC2018/ISIC_0030653.jpg,4,4,0.0011260965,0.11096462,0.21027133,9.497223e-05,0.44356775,0.21003897,0.0239362
/home/share/Uni_Eval/HAM10000_clean/ISIC2018/ISIC_0026652.jpg,4,4,0.2700457,0.00090403267,0.22143602,0.032759354,0.31618303,0.158667,4.8935735e-06
/home/share/Uni_Eval/HAM10000_clean/ISIC2018/ISIC_0029885.jpg,4,5,0.026508143,0.21300147,0.021625705,0.33914006,0.011239346,0.3880917,0.00039354345
/home/share/Uni_Eval/HAM10000_clean/ISIC2018/ISIC_0025814.jpg,4,4,0.011326929,0.0029509435,0.045638464,0.016305057,0.8558572,0.067907386,1.4019826e-05
/home/share/Uni_Eval/HAM10000_clean/ISIC2018/ISIC_0031550.jpg,4,5,0.00075759285,6.591e-05,0.010846284,4.727409e-05,0.07246054,0.9158224,1.6002822e-08
/home/share/Uni_Eval/HAM10000_clean/ISIC2018/ISIC_0029893.jpg,4,4,0.1271719,0.0007045023,0.27218583,0.000354514,0.5849044,0.014677647,1.2217406e-06
/home/share/Uni_Eval/HAM10000_clean/ISIC2018/ISIC_0031417.jpg,4,5,0.0090697715,0.0009301272,0.014828223,0.00052500743,0.024916315,0.94972557,4.967566e-06
/home/share/Uni_Eval/HAM10000_clean/ISIC2018/ISIC_0024647.jpg,4,4,0.13064243,0.007413007,0.10153782,0.024317436,0.43125036,0.30483705,1.8585974e-06
/home/share/Uni_Eval/HAM10000_clean/ISIC2018/ISIC_0028567.jpg,4,5,0.00016225448,1.4725353e-05,0.0015080725,6.46398e-05,0.1969097,0.80134046,1.1171081e-07
/home/share/Uni_Eval/HAM10000_clean/ISIC2018/ISIC_0031203.jpg,4,2,0.009395172,0.00897127,0.43406495,0.00036262482,0.21161224,0.33559233,1.4636367e-06
/home/share/Uni_Eval/HAM10000_clean/ISIC2018/ISIC_0024679.jpg,4,4,0.07639136,0.0009918896,0.13551939,0.0027530338,0.7506062,0.033737913,2.3203114e-07
/home/share/Uni_Eval/HAM10000_clean/ISIC2018/ISIC_0026690.jpg,4,4,0.022592071,0.00016034102,0.28587925,0.0006706308,0.42144865,0.26924884,1.3468853e-07
/home/share/Uni_Eval/HAM10000_clean/ISIC2018/ISIC_0032269.jpg,4,2,0.11674415,0.010355936,0.3051539,0.013861705,0.2923327,0.26155105,5.306854e-07
/home/share/Uni_Eval/HAM10000_clean/ISIC2018/ISIC_0028218.jpg,4,4,0.0073759393,0.00093797565,0.08722618,0.00069328677,0.6170511,0.2867154,1.4835942e-07
/home/share/Uni_Eval/HAM10000_clean/ISIC2018/ISIC_0025105.jpg,4,4,0.015683413,0.00019871193,0.0076087355,0.0004488779,0.8447086,0.1313516,8.946113e-09
/home/share/Uni_Eval/HAM10000_clean/ISIC2018/ISIC_0025766.jpg,4,5,0.011160525,0.0037993416,0.009470261,0.00071646104,0.43900955,0.53584266,1.1849904e-06
/home/share/Uni_Eval/HAM10000_clean/ISIC2018/ISIC_0031410.jpg,4,4,0.0007963328,0.00027398035,0.030119743,0.013657178,0.953422,0.0016548819,7.586047e-05
/home/share/Uni_Eval/HAM10000_clean/ISIC2018/ISIC_0025573.jpg,4,4,0.019962966,7.372665e-05,0.02606103,0.00017767929,0.9165619,0.03716241,2.7609e-07
/home/share/Uni_Eval/HAM10000_clean/ISIC2018/ISIC_0032149.jpg,4,4,0.03388858,0.005424791,0.18721157,0.0016387379,0.61780363,0.15403265,9.947611e-08
/home/share/Uni_Eval/HAM10000_clean/ISIC2018/ISIC_0026802.jpg,4,4,0.036419764,0.0041824454,0.0064736516,4.180708e-05,0.9208324,0.032040477,9.480239e-06
/home/share/Uni_Eval/HAM10000_clean/ISIC2018/ISIC_0031900.jpg,4,2,0.05818482,0.016580096,0.5635116,0.010404842,0.26406586,0.08724371,9.095326e-06
/home/share/Uni_Eval/HAM10000_clean/ISIC2018/ISIC_0031377.jpg,4,5,0.00048425593,0.008445675,0.05172535,0.001437129,0.22355098,0.7143332,2.3418092e-05
/home/share/Uni_Eval/HAM10000_clean/ISIC2018/ISIC_0031957.jpg,4,4,0.046266973,0.008471331,0.003679819,0.0023966525,0.7993636,0.13981795,3.6918896e-06
/home/share/Uni_Eval/HAM10000_clean/ISIC2018/ISIC_0029021.jpg,4,5,0.0035274136,0.00022656046,0.051137455,0.0006539506,0.43549812,0.5089547,1.8084302e-06
/home/share/Uni_Eval/HAM10000_clean/ISIC2018/ISIC_0025616.jpg,4,4,0.0006544767,0.00065839995,0.13448726,0.00015051886,0.49987146,0.36417773,1.3906592e-07
/home/share/Uni_Eval/HAM10000_clean/ISIC2018/ISIC_0028968.jpg,4,4,0.13707253,0.09286737,0.05025003,0.0040128003,0.66195804,0.05383775,1.4985624e-06
/home/share/Uni_Eval/HAM10000_clean/ISIC2018/ISIC_0027797.jpg,4,5,3.176482e-05,0.00014674882,0.0005472298,2.0350004e-05,0.011234104,0.98801583,3.928839e-06
/home/share/Uni_Eval/HAM10000_clean/ISIC2018/ISIC_0029486.jpg,6,5,0.053920876,0.20671645,0.07896082,0.18391806,0.05695505,0.37029344,0.049235266
/home/share/Uni_Eval/HAM10000_clean/ISIC2018/ISIC_0026092.jpg,6,6,6.445522e-05,0.0032697278,0.0007172771,0.00048172977,0.0022965753,0.0023478698,0.9908223
/home/share/Uni_Eval/HAM10000_clean/ISIC2018/ISIC_0031217.jpg,6,6,8.3297e-05,0.015167704,0.0009608905,0.0030425235,0.00031312762,0.33058217,0.6498503
/home/share/Uni_Eval/HAM10000_clean/ISIC2018/ISIC_0032240.jpg,6,6,1.4270778e-06,0.0011917253,1.9427469e-05,0.0018777422,6.543335e-05,0.005784791,0.9910595
/home/share/Uni_Eval/HAM10000_clean/ISIC2018/ISIC_0025807.jpg,6,6,5.8315978e-05,9.554174e-06,2.472475e-05,0.00012431278,7.5471767e-06,0.001468597,0.998307
/home/share/Uni_Eval/HAM10000_clean/ISIC2018/ISIC_0032745.jpg,6,6,0.0103714615,0.22227587,0.2495362,0.006263909,0.1804358,0.013914555,0.31720224
/home/share/Uni_Eval/HAM10000_clean/ISIC2018/ISIC_0032557.jpg,6,6,0.022683501,0.22113192,0.13923663,0.0025165128,0.043269858,0.019578218,0.55158335
/home/share/Uni_Eval/HAM10000_clean/ISIC2018/ISIC_0033230.jpg,6,6,0.045452777,0.4132587,0.007108971,0.004872967,0.0052450844,0.0057589095,0.5183026
/home/share/Uni_Eval/HAM10000_clean/ISIC2018/ISIC_0033762.jpg,6,6,0.03154393,0.3262844,0.053423785,0.008313751,0.18706183,0.0030413973,0.39033088
/home/share/Uni_Eval/HAM10000_clean/ISIC2018/ISIC_0031090.jpg,6,4,0.017015595,0.121330805,0.0070368396,0.0020326304,0.78702486,0.024022652,0.04153662
/home/share/Uni_Eval/HAM10000_clean/ISIC2018/ISIC_0030606.jpg,6,6,1.9984316e-06,0.002946898,4.370918e-05,0.00020945919,0.00017114989,0.09211069,0.9045161
/home/share/Uni_Eval/HAM10000_clean/ISIC2018/ISIC_0031346.jpg,6,6,0.000690502,0.03978869,0.05188157,0.0027400407,0.018973064,0.106714055,0.7792121
/home/share/Uni_Eval/HAM10000_clean/ISIC2018/ISIC_0031996.jpg,6,6,1.7050332e-05,5.1764047e-05,0.0050299377,0.00012879272,0.00015460036,0.036825668,0.95779216
/home/share/Uni_Eval/HAM10000_clean/ISIC2018/ISIC_0029439.jpg,6,6,2.4633172e-07,0.00020981695,3.493426e-05,6.334092e-06,5.3989406e-05,0.014718811,0.98497576
/home/share/Uni_Eval/HAM10000_clean/ISIC2018/ISIC_0025707.jpg,6,6,8.618812e-06,0.0039312746,0.0007505056,9.761846e-05,0.0004371275,0.1048858,0.889889
/home/share/Uni_Eval/HAM10000_clean/ISIC2018/ISIC_0027522.jpg,6,6,7.137737e-06,0.0056180707,0.00014953851,0.0002747212,0.0007053491,0.14461447,0.8486307
/home/share/Uni_Eval/HAM10000_clean/ISIC2018/ISIC_0028406.jpg,6,6,3.5570934e-06,0.00028090345,0.0009508126,2.8679102e-05,2.8279046e-05,0.001601648,0.99710613
/home/share/Uni_Eval/HAM10000_clean/ISIC2018/ISIC_0025250.jpg,6,6,0.00013367426,0.06293199,0.0029172385,8.331325e-05,0.010441077,0.06554761,0.8579452
/home/share/Uni_Eval/HAM10000_clean/ISIC2018/ISIC_0027665.jpg,6,5,0.0007492809,0.0007404368,0.00014468913,0.0001241848,9.7256394e-05,0.90577835,0.09236588
/home/share/Uni_Eval/HAM10000_clean/ISIC2018/ISIC_0026467.jpg,6,6,0.0003059776,0.0015360595,6.705641e-05,6.761753e-05,2.0652295e-05,0.37008837,0.6279142
/home/share/Uni_Eval/HAM10000_clean/ISIC2018/ISIC_0025680.jpg,6,6,8.140249e-06,0.00047679222,4.704514e-05,7.3744627e-06,1.4066498e-05,0.040989738,0.9584569
/home/share/Uni_Eval/HAM10000_clean/ISIC2018/ISIC_0025718.jpg,1,1,0.012488224,0.863258,0.0070616966,0.004407783,0.09081691,0.020343354,0.0016240723
/home/share/Uni_Eval/HAM10000_clean/ISIC2018/ISIC_0028807.jpg,1,1,0.0214103,0.9288412,0.0051375474,0.030214092,0.0013335033,0.01284118,0.00022224778
/home/share/Uni_Eval/HAM10000_clean/ISIC2018/ISIC_0024590.jpg,1,1,0.0008310235,0.9982602,0.0003489614,0.00019809538,6.209591e-05,0.00029800835,1.60393e-06
/home/share/Uni_Eval/HAM10000_clean/ISIC2018/ISIC_0025731.jpg,1,1,0.001005367,0.9916536,0.004312456,2.1988282e-05,0.0014878854,0.0012972294,0.00022142983
/home/share/Uni_Eval/HAM10000_clean/ISIC2018/ISIC_0027858.jpg,1,2,0.022008415,0.021523122,0.54327637,0.0005519714,0.35051504,0.05805708,0.0040679737
/home/share/Uni_Eval/HAM10000_clean/ISIC2018/ISIC_0026643.jpg,1,2,0.2002822,0.17556609,0.33855796,0.059494738,0.0802152,0.035715435,0.11016836
/home/share/Uni_Eval/HAM10000_clean/ISIC2018/ISIC_0032139.jpg,1,1,0.0070250374,0.3693091,0.2732898,0.014243121,0.26330805,0.065357074,0.0074678278
/home/share/Uni_Eval/HAM10000_clean/ISIC2018/ISIC_0027744.jpg,1,1,0.005040309,0.94921845,0.0019746223,0.00012600477,0.018126598,0.025333019,0.00018084276
/home/share/Uni_Eval/HAM10000_clean/ISIC2018/ISIC_0031640.jpg,1,5,0.0029661725,0.06852743,0.40127063,0.0033809177,0.070261694,0.45108426,0.00250896
/home/share/Uni_Eval/HAM10000_clean/ISIC2018/ISIC_0030659.jpg,1,1,0.17882743,0.46613374,0.20679687,0.05713758,0.014896903,0.075984396,0.00022301539
/home/share/Uni_Eval/HAM10000_clean/ISIC2018/ISIC_0025513.jpg,1,5,0.016382456,0.35361743,0.099198714,0.0150389075,0.036094658,0.464385,0.0152829345
/home/share/Uni_Eval/HAM10000_clean/ISIC2018/ISIC_0027478.jpg,1,1,0.06670592,0.8041661,0.050305624,0.012626683,0.05720363,0.008491378,0.00050076225
/home/share/Uni_Eval/HAM10000_clean/ISIC2018/ISIC_0024573.jpg,1,1,0.0012325076,0.8940031,0.009651026,0.0001266131,0.0043355213,0.090648256,2.9608993e-06
/home/share/Uni_Eval/HAM10000_clean/ISIC2018/ISIC_0024572.jpg,1,5,0.00068502466,0.19239306,0.051984265,0.0028354882,0.0034826612,0.5784785,0.17014106
/home/share/Uni_Eval/HAM10000_clean/ISIC2018/ISIC_0026439.jpg,1,1,0.01274535,0.8066064,0.08439197,0.00081245863,0.004243797,0.07211007,0.019090045
/home/share/Uni_Eval/HAM10000_clean/ISIC2018/ISIC_0026453.jpg,1,1,0.00042197068,0.785763,0.008769511,1.322227e-05,0.09897544,0.10558379,0.0004730645
/home/share/Uni_Eval/HAM10000_clean/ISIC2018/ISIC_0033575.jpg,1,1,0.022240818,0.76268214,0.19889866,0.001777743,0.0039429558,0.00097318075,0.009484493
/home/share/Uni_Eval/HAM10000_clean/ISIC2018/ISIC_0032894.jpg,1,1,0.0272531,0.79104555,0.15079702,8.239366e-05,0.027148815,0.00030462493,0.003368476
/home/share/Uni_Eval/HAM10000_clean/ISIC2018/ISIC_0034255.jpg,1,1,0.0024364088,0.7604758,0.10602343,0.00080517936,0.022451963,0.10766404,0.00014304902
/home/share/Uni_Eval/HAM10000_clean/ISIC2018/ISIC_0027544.jpg,1,1,0.002304353,0.9896708,0.007052981,3.0324945e-05,0.00023115666,0.00069334276,1.7084905e-05
/home/share/Uni_Eval/HAM10000_clean/ISIC2018/ISIC_0033354.jpg,1,1,0.0011880146,0.88651973,0.10004056,0.00015453497,0.0105076805,0.0013465772,0.00024286225
/home/share/Uni_Eval/HAM10000_clean/ISIC2018/ISIC_0032857.jpg,1,1,0.0016735457,0.90886426,0.01462197,0.001259106,0.06259351,0.010099089,0.0008885536
/home/share/Uni_Eval/HAM10000_clean/ISIC2018/ISIC_0027786.jpg,1,1,0.06450652,0.8973562,0.02534833,0.0026987107,0.0029592116,0.0067442902,0.00038665556
/home/share/Uni_Eval/HAM10000_clean/ISIC2018/ISIC_0034095.jpg,1,1,0.0011861888,0.5364277,0.0024052334,0.009467924,0.014560992,0.4359234,2.8549399e-05
/home/share/Uni_Eval/HAM10000_clean/ISIC2018/ISIC_0033551.jpg,1,1,0.0019974874,0.9418714,0.04310901,0.00016976737,0.001866106,0.010695002,0.0002912156
/home/share/Uni_Eval/HAM10000_clean/ISIC2018/ISIC_0032536.jpg,1,1,0.36446616,0.39413816,0.0033992485,0.00082258444,0.16459124,0.0722567,0.0003259128
/home/share/Uni_Eval/HAM10000_clean/ISIC2018/ISIC_0033468.jpg,1,4,0.0035357473,0.045262836,0.09844935,0.006584608,0.8233209,0.004282702,0.01856377
/home/share/Uni_Eval/HAM10000_clean/ISIC2018/ISIC_0034015.jpg,1,2,0.020823428,0.024351493,0.45988446,0.0007615602,0.28843832,0.20572828,1.2448138e-05
/home/share/Uni_Eval/HAM10000_clean/ISIC2018/ISIC_0033372.jpg,1,1,0.00754982,0.7994695,0.05276939,7.243249e-05,0.07833759,0.059323456,0.0024778917
/home/share/Uni_Eval/HAM10000_clean/ISIC2018/ISIC_0029546.jpg,1,1,0.009989796,0.8502039,0.0070510185,0.005482396,0.035337567,0.091344446,0.0005908415
/home/share/Uni_Eval/HAM10000_clean/ISIC2018/ISIC_0031643.jpg,1,1,0.05721734,0.9037813,0.008193622,0.0015398327,0.027214302,0.0020481152,5.464368e-06
/home/share/Uni_Eval/HAM10000_clean/ISIC2018/ISIC_0026192.jpg,1,1,0.0005492771,0.9599103,0.0297245,8.211436e-06,0.0031971796,0.0060675223,0.0005430081
/home/share/Uni_Eval/HAM10000_clean/ISIC2018/ISIC_0024331.jpg,1,1,0.006763496,0.987643,0.0019931383,0.00079889136,0.0010467054,0.0017370932,1.7706245e-05
/home/share/Uni_Eval/HAM10000_clean/ISIC2018/ISIC_0031384.jpg,1,1,0.11217024,0.55050766,0.02760145,0.0032070843,0.116961725,0.18954751,4.371924e-06
/home/share/Uni_Eval/HAM10000_clean/ISIC2018/ISIC_0024595.jpg,1,1,0.00917403,0.7738496,0.2132466,0.00095397414,0.0009205194,0.0017725624,8.265664e-05
/home/share/Uni_Eval/HAM10000_clean/ISIC2018/ISIC_0024665.jpg,1,1,0.002508807,0.67613065,0.001814511,0.005926793,0.0032965473,0.30995798,0.00036468686
/home/share/Uni_Eval/HAM10000_clean/ISIC2018/ISIC_0029129.jpg,1,1,0.2801941,0.69328374,0.0040033255,0.003618742,0.012097553,0.0067462474,5.6312685e-05
/home/share/Uni_Eval/HAM10000_clean/ISIC2018/ISIC_0025433.jpg,1,1,0.29507136,0.4964631,0.05310767,0.008631293,0.007144856,0.13955249,2.923581e-05
/home/share/Uni_Eval/HAM10000_clean/ISIC2018/ISIC_0026968.jpg,1,1,0.09228868,0.7056507,0.032184374,0.0015736772,0.012658836,0.15563217,1.1595636e-05
/home/share/Uni_Eval/HAM10000_clean/ISIC2018/ISIC_0026156.jpg,1,1,0.17670058,0.7221067,0.082701035,8.1824066e-05,0.0038043875,0.014558708,4.6810186e-05
/home/share/Uni_Eval/HAM10000_clean/ISIC2018/ISIC_0031597.jpg,1,2,0.011324688,0.03664826,0.49791127,0.009169034,0.031558666,0.4133879,2.1040243e-07
/home/share/Uni_Eval/HAM10000_clean/ISIC2018/ISIC_0026798.jpg,1,0,0.9583193,0.0032260595,0.019242547,0.00084366155,0.00028181722,0.018078988,7.604952e-06
/home/share/Uni_Eval/HAM10000_clean/ISIC2018/ISIC_0027915.jpg,1,1,0.04355712,0.8884368,0.0029845918,0.00029882998,0.050157547,0.014548042,1.7054455e-05
/home/share/Uni_Eval/HAM10000_clean/ISIC2018/ISIC_0027189.jpg,1,1,0.25152987,0.7090693,0.016711522,0.0010539861,0.021416202,0.00021433427,4.7883195e-06
/home/share/Uni_Eval/HAM10000_clean/ISIC2018/ISIC_0025266.jpg,1,1,0.010144362,0.9775679,0.0035212182,0.00017968121,0.008356758,0.00012765182,0.000102444705
/home/share/Uni_Eval/HAM10000_clean/ISIC2018/ISIC_0032307.jpg,1,1,0.34266376,0.46028104,0.1566318,0.0015043376,0.020540183,0.018300138,7.87425e-05
/home/share/Uni_Eval/HAM10000_clean/ISIC2018/ISIC_0026845.jpg,1,1,0.05375966,0.67497,0.15963319,0.009019094,0.08012749,0.002593149,0.019897444
/home/share/Uni_Eval/HAM10000_clean/ISIC2018/ISIC_0024448.jpg,1,1,0.010181082,0.9740146,0.007213061,0.00011758665,0.0056956927,0.0027761199,1.8438088e-06
/home/share/Uni_Eval/HAM10000_clean/ISIC2018/ISIC_0031258.jpg,1,1,0.00083320617,0.9951178,0.0019130891,0.00043744317,7.575822e-05,0.0015371349,8.548054e-05
/home/share/Uni_Eval/HAM10000_clean/ISIC2018/ISIC_0030197.jpg,1,1,0.09405187,0.8165033,0.07140761,0.003626305,0.011265021,0.0030607502,8.513837e-05
/home/share/Uni_Eval/HAM10000_clean/ISIC2018/ISIC_0028989.jpg,1,1,0.12733003,0.59851646,0.1985668,0.0025981723,0.00932179,0.063665874,8.219961e-07
/home/share/Uni_Eval/HAM10000_clean/ISIC2018/ISIC_0031728.jpg,1,1,0.094007835,0.4562025,0.01994624,0.043391395,0.10001317,0.2856294,0.00080945186
/home/share/Uni_Eval/HAM10000_clean/ISIC2018/ISIC_0029082.jpg,1,1,0.020519232,0.9777309,0.00060524215,0.0010559362,9.615617e-06,7.868989e-05,4.302251e-07
/home/share/Uni_Eval/HAM10000_clean/ISIC2018/ISIC_0025601.jpg,1,1,0.018708343,0.9443181,0.010808369,0.00045354242,0.0027093184,0.022381976,0.00062026974
/home/share/Uni_Eval/HAM10000_clean/ISIC2018/ISIC_0025362.jpg,1,1,0.23458666,0.37857872,0.25309995,0.00017870302,0.03271172,0.10076449,7.9781355e-05
/home/share/Uni_Eval/HAM10000_clean/ISIC2018/ISIC_0027093.jpg,1,1,0.034415413,0.898845,0.00662446,3.4924782e-05,0.0014023012,0.057981905,0.00069596467
/home/share/Uni_Eval/HAM10000_clean/ISIC2018/ISIC_0032246.jpg,1,1,0.1706927,0.8168748,0.00035404318,0.00907414,0.002298702,0.000705298,3.0572124e-07
/home/share/Uni_Eval/HAM10000_clean/ISIC2018/ISIC_0027229.jpg,1,4,0.00044484346,0.21386279,0.051396333,3.3533084e-05,0.6740451,0.060086384,0.00013105404
/home/share/Uni_Eval/HAM10000_clean/ISIC2018/ISIC_0027004.jpg,1,1,0.00688879,0.6358243,0.0557928,0.0003118027,0.052083105,0.24844569,0.00065349764
/home/share/Uni_Eval/HAM10000_clean/ISIC2018/ISIC_0031171.jpg,1,5,0.3620966,0.09441964,0.09218323,0.019277344,0.0273781,0.40352863,0.0011164884
/home/share/Uni_Eval/HAM10000_clean/ISIC2018/ISIC_0025530.jpg,1,1,0.31046215,0.60049844,0.0079564955,0.07251615,0.0041165776,0.0044173147,3.2839704e-05
/home/share/Uni_Eval/HAM10000_clean/ISIC2018/ISIC_0024345.jpg,1,0,0.8386387,0.06003118,0.0742503,0.024867825,0.0017471606,0.00046303892,1.7615698e-06
/home/share/Uni_Eval/HAM10000_clean/ISIC2018/ISIC_0024550.jpg,1,1,0.0665899,0.8592498,0.008988909,0.06065278,0.0023903514,0.0019614662,0.0001668669
/home/share/Uni_Eval/HAM10000_clean/ISIC2018/ISIC_0024833.jpg,1,1,0.061897196,0.5560656,0.075991884,0.056232974,0.016784959,0.23301952,7.774269e-06
/home/share/Uni_Eval/HAM10000_clean/ISIC2018/ISIC_0030915.jpg,1,1,0.069985524,0.5751741,0.16364242,0.010716427,0.018955184,0.16152354,2.8517268e-06
/home/share/Uni_Eval/HAM10000_clean/ISIC2018/ISIC_0029745.jpg,1,5,0.03597276,0.2618738,0.0479124,0.00045579928,0.21132293,0.4423043,0.00015797073
/home/share/Uni_Eval/HAM10000_clean/ISIC2018/ISIC_0029680.jpg,1,1,0.017246636,0.9754146,0.0009107279,0.0020589244,0.0018792024,0.0024851514,4.8457914e-06
/home/share/Uni_Eval/HAM10000_clean/ISIC2018/ISIC_0031298.jpg,1,1,0.11836194,0.81137073,0.06898787,0.0006467248,0.00045926418,0.00017260661,7.9124453e-07
/home/share/Uni_Eval/HAM10000_clean/ISIC2018/ISIC_0027595.jpg,1,1,0.006743884,0.95328623,0.011500746,0.0040527354,0.007148842,0.017221948,4.5532484e-05
/home/share/Uni_Eval/HAM10000_clean/ISIC2018/ISIC_0026154.jpg,1,1,0.17360812,0.6502831,0.000215019,8.378292e-05,0.17088383,0.0049198912,6.181038e-06
/home/share/Uni_Eval/HAM10000_clean/ISIC2018/ISIC_0029501.jpg,1,2,0.0024226548,0.45802975,0.53532,0.00050505006,0.0020364341,0.0016717752,1.4349005e-05
/home/share/Uni_Eval/HAM10000_clean/ISIC2018/ISIC_0027920.jpg,1,1,0.016857395,0.8051098,0.059723902,0.0005457194,0.0025300134,0.11225978,0.0029734394
/home/share/Uni_Eval/HAM10000_clean/ISIC2018/ISIC_0027788.jpg,1,1,0.0033299732,0.99489814,0.00070924754,0.0008327201,7.88649e-05,0.00015091682,2.6082265e-07
/home/share/Uni_Eval/HAM10000_clean/ISIC2018/ISIC_0031263.jpg,1,1,0.053321227,0.51143503,0.43185678,0.0005539054,0.00067436,0.0021400684,1.862949e-05
/home/share/Uni_Eval/HAM10000_clean/ISIC2018/ISIC_0024931.jpg,1,1,0.0010743468,0.97693604,0.0025967981,2.9879986e-06,3.734391e-05,0.019348055,4.3397e-06
/home/share/Uni_Eval/HAM10000_clean/ISIC2018/ISIC_0031971.jpg,1,1,0.014021622,0.8867344,0.052404247,0.002968257,0.025067568,0.018098509,0.00070531474
/home/share/Uni_Eval/HAM10000_clean/ISIC2018/ISIC_0028978.jpg,1,1,0.015084169,0.4472434,0.10134197,0.29280296,0.046290617,0.092275575,0.0049612615
/home/share/Uni_Eval/HAM10000_clean/ISIC2018/ISIC_0028502.jpg,5,5,6.478215e-08,4.947619e-07,7.0129e-05,0.00013990162,0.00022888364,0.9991523,0.00040823608
/home/share/Uni_Eval/HAM10000_clean/ISIC2018/ISIC_0028239.jpg,5,5,6.1801475e-06,2.4577455e-05,0.0020605614,9.140153e-05,0.007431668,0.99036014,2.5532832e-05
/home/share/Uni_Eval/HAM10000_clean/ISIC2018/ISIC_0029624.jpg,5,5,1.0113974e-05,9.764614e-07,0.0020387385,3.2027336e-05,0.38834533,0.60956925,3.5309906e-06
/home/share/Uni_Eval/HAM10000_clean/ISIC2018/ISIC_0029961.jpg,5,5,4.598943e-05,6.512699e-06,0.0007373426,1.9378998e-05,0.01174741,0.987427,1.6328702e-05
/home/share/Uni_Eval/HAM10000_clean/ISIC2018/ISIC_0026583.jpg,5,5,0.00013217404,0.0004502319,0.0026617711,0.00026494436,0.0022643583,0.9936552,0.0005712626
/home/share/Uni_Eval/HAM10000_clean/ISIC2018/ISIC_0025457.jpg,5,5,0.012787169,0.0007602579,0.01324153,0.055881586,0.025424065,0.89175785,0.0001475744
/home/share/Uni_Eval/HAM10000_clean/ISIC2018/ISIC_0028455.jpg,5,5,7.32064e-07,2.0908877e-07,9.2047165e-05,4.2921303e-07,0.0003412306,0.9995629,2.3741482e-06
/home/share/Uni_Eval/HAM10000_clean/ISIC2018/ISIC_0025723.jpg,5,5,9.880619e-05,3.1002262e-06,0.0004736663,7.367378e-05,0.004963656,0.99438417,2.924913e-06
/home/share/Uni_Eval/HAM10000_clean/ISIC2018/ISIC_0024872.jpg,5,5,6.164244e-05,0.0004488359,0.00029857885,0.0017100739,0.039553083,0.9579262,1.6393146e-06
/home/share/Uni_Eval/HAM10000_clean/ISIC2018/ISIC_0025143.jpg,5,5,2.4732102e-05,1.383848e-06,0.0012546997,0.000102426784,0.009066293,0.9895437,6.753763e-06
/home/share/Uni_Eval/HAM10000_clean/ISIC2018/ISIC_0031926.jpg,5,5,0.0009606724,0.0017656978,0.022417584,0.00034990002,0.071472086,0.9030128,2.1217098e-05
/home/share/Uni_Eval/HAM10000_clean/ISIC2018/ISIC_0028164.jpg,5,5,4.1647523e-05,6.0420854e-07,0.0054720948,0.000101424805,0.014437414,0.9799392,7.6806455e-06
/home/share/Uni_Eval/HAM10000_clean/ISIC2018/ISIC_0032317.jpg,5,5,2.0407737e-05,0.00029497247,0.0013886347,0.00023496989,0.0017741804,0.9962716,1.5194507e-05
/home/share/Uni_Eval/HAM10000_clean/ISIC2018/ISIC_0025053.jpg,5,5,2.1738873e-07,2.1835e-06,3.7131984e-05,5.6632744e-05,0.00044703673,0.9994287,2.8212206e-05
/home/share/Uni_Eval/HAM10000_clean/ISIC2018/ISIC_0024357.jpg,5,5,8.220772e-06,1.2737073e-05,0.0032537994,0.00036165514,0.0012830199,0.9950708,9.810108e-06
/home/share/Uni_Eval/HAM10000_clean/ISIC2018/ISIC_0028889.jpg,5,5,1.2694027e-05,1.7503062e-07,0.00017243695,0.000312863,0.004006533,0.99549437,1.036548e-06
/home/share/Uni_Eval/HAM10000_clean/ISIC2018/ISIC_0028302.jpg,5,5,6.064791e-05,0.0005985343,0.0007387273,0.0024593193,0.010010472,0.9840497,0.0020825795
/home/share/Uni_Eval/HAM10000_clean/ISIC2018/ISIC_0026172.jpg,5,5,3.7956403e-07,2.6927562e-06,3.6777856e-06,3.0226525e-05,0.012201965,0.98774105,2.0029509e-05
/home/share/Uni_Eval/HAM10000_clean/ISIC2018/ISIC_0031604.jpg,5,5,1.9768475e-05,0.00057080894,0.0039389813,7.2998205e-06,0.051579062,0.9410834,0.0028007822
/home/share/Uni_Eval/HAM10000_clean/ISIC2018/ISIC_0027808.jpg,5,5,6.2266133e-07,6.696344e-07,6.916451e-05,1.49162925e-05,0.0017100767,0.9982027,1.8836846e-06
/home/share/Uni_Eval/HAM10000_clean/ISIC2018/ISIC_0025416.jpg,5,5,2.76831e-06,7.9183765e-06,0.00020396379,9.379565e-05,0.0041885213,0.9954965,6.5331674e-06
/home/share/Uni_Eval/HAM10000_clean/ISIC2018/ISIC_0027339.jpg,5,5,1.541348e-05,7.173681e-05,0.011221863,0.0019646743,0.005423734,0.981267,3.55271e-05
/home/share/Uni_Eval/HAM10000_clean/ISIC2018/ISIC_0031997.jpg,5,5,4.2685755e-05,0.00010874574,0.000517976,7.481138e-05,0.08457239,0.9143035,0.00037992606
/home/share/Uni_Eval/HAM10000_clean/ISIC2018/ISIC_0030669.jpg,5,5,3.6286903e-07,5.6742674e-06,3.0892632e-05,0.00012158005,0.0017748278,0.99806184,4.743786e-06
/home/share/Uni_Eval/HAM10000_clean/ISIC2018/ISIC_0025364.jpg,5,5,0.0001279737,2.3811052e-05,0.001462621,0.0011904949,0.0007230349,0.9964617,1.0486914e-05
/home/share/Uni_Eval/HAM10000_clean/ISIC2018/ISIC_0026234.jpg,5,5,0.00012192149,0.0001937045,0.009364669,0.0020992092,0.0016873131,0.9864873,4.576575e-05
/home/share/Uni_Eval/HAM10000_clean/ISIC2018/ISIC_0024365.jpg,5,5,1.3824115e-06,1.2871865e-05,0.00543746,0.00086469355,0.00029588354,0.99325836,0.00012936998
/home/share/Uni_Eval/HAM10000_clean/ISIC2018/ISIC_0029293.jpg,5,5,0.00018528232,4.4813743e-05,0.0035021948,0.0016390241,0.117829084,0.875585,0.0012146136
/home/share/Uni_Eval/HAM10000_clean/ISIC2018/ISIC_0027717.jpg,5,5,0.0009454205,0.00034056292,0.009502049,0.00019961788,0.0056294207,0.98329943,8.358804e-05
/home/share/Uni_Eval/HAM10000_clean/ISIC2018/ISIC_0027732.jpg,5,5,4.3585687e-06,2.4194212e-06,1.0098261e-05,0.00013919375,0.0003497352,0.9994868,7.375536e-06
/home/share/Uni_Eval/HAM10000_clean/ISIC2018/ISIC_0028395.jpg,5,5,0.0026788795,0.015446162,0.1773328,0.004012277,0.027741667,0.7725603,0.00022790702
/home/share/Uni_Eval/HAM10000_clean/ISIC2018/ISIC_0027426.jpg,5,5,1.1413938e-07,1.1672022e-06,1.8082163e-05,4.204982e-05,0.0007723025,0.9991135,5.273385e-05
/home/share/Uni_Eval/HAM10000_clean/ISIC2018/ISIC_0027195.jpg,5,5,4.876781e-06,1.1999604e-06,0.00011890098,0.00010958876,0.00048005625,0.99926454,2.0866308e-05
/home/share/Uni_Eval/HAM10000_clean/ISIC2018/ISIC_0026098.jpg,5,5,2.709228e-06,3.395346e-05,0.0039192685,1.5357387e-05,0.0036662412,0.99230486,5.759765e-05
/home/share/Uni_Eval/HAM10000_clean/ISIC2018/ISIC_0029336.jpg,5,5,0.00019363657,0.00047547475,0.0054849754,0.0017261553,0.013823848,0.9781351,0.00016072826
/home/share/Uni_Eval/HAM10000_clean/ISIC2018/ISIC_0032100.jpg,5,5,2.5586365e-07,5.45155e-06,0.002601851,6.16256e-05,0.00018647981,0.9969549,0.00018939999
/home/share/Uni_Eval/HAM10000_clean/ISIC2018/ISIC_0031453.jpg,5,5,6.6630414e-06,2.4282213e-05,0.0002849165,0.00063785835,0.017150925,0.9818573,3.8082297e-05
/home/share/Uni_Eval/HAM10000_clean/ISIC2018/ISIC_0026242.jpg,5,5,1.44199175e-05,1.3070846e-06,0.0010698002,7.208133e-06,0.00047067017,0.9984363,2.3783585e-07
/home/share/Uni_Eval/HAM10000_clean/ISIC2018/ISIC_0028282.jpg,5,5,0.0003180683,0.00014240695,0.0018962955,0.002302131,0.010741888,0.98447126,0.00012798408
/home/share/Uni_Eval/HAM10000_clean/ISIC2018/ISIC_0028639.jpg,5,5,0.0011073542,0.003496388,0.034186985,0.00064014253,0.024465507,0.92606246,0.010041039
/home/share/Uni_Eval/HAM10000_clean/ISIC2018/ISIC_0028136.jpg,5,5,1.2342443e-06,7.487556e-07,0.002948485,0.0009356426,0.0025371856,0.9935743,2.4692952e-06
/home/share/Uni_Eval/HAM10000_clean/ISIC2018/ISIC_0026283.jpg,5,5,5.5241355e-05,2.6906213e-05,0.0055213976,0.011295874,0.0004945451,0.98252296,8.302664e-05
/home/share/Uni_Eval/HAM10000_clean/ISIC2018/ISIC_0027416.jpg,5,5,0.001909324,1.9969726e-05,0.0346136,0.004495351,0.0012897016,0.9573848,0.0002871857
/home/share/Uni_Eval/HAM10000_clean/ISIC2018/ISIC_0025930.jpg,5,5,2.048024e-05,0.000121733116,0.00010324431,0.00024456825,0.0061651263,0.9925047,0.000840154
/home/share/Uni_Eval/HAM10000_clean/ISIC2018/ISIC_0029815.jpg,5,5,1.4276975e-06,7.328231e-05,1.8430972e-06,5.207249e-05,0.0006966349,0.9991233,5.1513412e-05
/home/share/Uni_Eval/HAM10000_clean/ISIC2018/ISIC_0032011.jpg,5,5,6.823054e-07,8.2177274e-07,0.00014273688,1.568197e-05,0.0035100298,0.996314,1.6103799e-05
/home/share/Uni_Eval/HAM10000_clean/ISIC2018/ISIC_0030540.jpg,5,5,1.4975979e-05,3.8020673e-05,0.0062018204,3.5477784e-05,0.020254724,0.97338223,7.267748e-05
/home/share/Uni_Eval/HAM10000_clean/ISIC2018/ISIC_0025366.jpg,2,5,2.0254278e-05,0.00011194584,0.0011303519,4.7172576e-05,0.0024018502,0.99624544,4.2991112e-05
/home/share/Uni_Eval/HAM10000_clean/ISIC2018/ISIC_0031229.jpg,5,5,2.501861e-06,3.5754874e-07,0.0020553996,0.0006702397,0.0046517667,0.9926087,1.09628245e-05
/home/share/Uni_Eval/HAM10000_clean/ISIC2018/ISIC_0031777.jpg,5,5,8.2668697e-07,3.1306618e-06,0.000114490555,5.1819214e-05,0.0025870115,0.9971589,8.3891784e-05
/home/share/Uni_Eval/HAM10000_clean/ISIC2018/ISIC_0025558.jpg,5,5,7.501603e-06,3.387439e-05,0.0036206483,6.5389264e-05,0.013931866,0.98228145,5.9370614e-05
/home/share/Uni_Eval/HAM10000_clean/ISIC2018/ISIC_0028007.jpg,5,5,4.0914549e-07,2.4012635e-07,0.00023621411,7.08497e-05,0.0005122966,0.9989687,0.00021130688
/home/share/Uni_Eval/HAM10000_clean/ISIC2018/ISIC_0028768.jpg,5,5,1.8960039e-07,4.8501392e-06,0.0009786802,0.0012122337,0.0006679158,0.996079,0.0010570468
/home/share/Uni_Eval/HAM10000_clean/ISIC2018/ISIC_0028137.jpg,5,5,2.3990633e-06,7.959184e-08,0.00068063656,4.8350856e-05,0.001746727,0.997521,6.8756276e-07
/home/share/Uni_Eval/HAM10000_clean/ISIC2018/ISIC_0025255.jpg,5,5,1.0613614e-06,1.3203969e-06,0.000843123,9.303293e-05,0.00333401,0.99570674,2.0744403e-05
/home/share/Uni_Eval/HAM10000_clean/ISIC2018/ISIC_0032453.jpg,5,5,4.7008566e-06,5.843647e-06,0.0010807946,2.862765e-05,0.013077391,0.9857518,5.0779956e-05
/home/share/Uni_Eval/HAM10000_clean/ISIC2018/ISIC_0028546.jpg,5,5,6.11656e-06,0.00046827225,0.0016913534,0.0015933011,0.0013928539,0.99410963,0.00073854777
/home/share/Uni_Eval/HAM10000_clean/ISIC2018/ISIC_0031174.jpg,5,5,1.283453e-05,1.2517775e-06,0.0014228586,2.2859109e-05,0.010475559,0.98805386,1.076931e-05
/home/share/Uni_Eval/HAM10000_clean/ISIC2018/ISIC_0026836.jpg,5,5,5.547026e-05,2.317124e-05,0.014761323,0.00015933465,0.010113521,0.97482216,6.501733e-05
/home/share/Uni_Eval/HAM10000_clean/ISIC2018/ISIC_0026613.jpg,5,5,5.7690227e-07,3.062658e-05,0.000116895666,0.0011496407,0.0014683914,0.9963959,0.0008380066
/home/share/Uni_Eval/HAM10000_clean/ISIC2018/ISIC_0027843.jpg,5,5,4.1200612e-05,1.0565382e-05,0.003656412,0.0013639554,0.0025483486,0.9923636,1.59913e-05
/home/share/Uni_Eval/HAM10000_clean/ISIC2018/ISIC_0030797.jpg,5,5,8.7770306e-05,1.767314e-05,0.0030212826,0.00028250663,0.0144576365,0.98211044,2.2629138e-05
/home/share/Uni_Eval/HAM10000_clean/ISIC2018/ISIC_0027939.jpg,5,5,6.5722284e-05,2.5792946e-05,0.02974891,0.0039310157,0.035326052,0.93090063,1.9571671e-06
/home/share/Uni_Eval/HAM10000_clean/ISIC2018/ISIC_0031947.jpg,5,5,1.1072534e-07,4.560596e-08,0.0015446759,7.438471e-06,0.00063027284,0.99779874,1.8733355e-05
/home/share/Uni_Eval/HAM10000_clean/ISIC2018/ISIC_0029675.jpg,5,5,1.4276055e-06,7.0622928e-06,6.4785396e-05,1.9173589e-05,0.00046588384,0.999424,1.775765e-05
/home/share/Uni_Eval/HAM10000_clean/ISIC2018/ISIC_0032426.jpg,5,5,8.961379e-07,4.191327e-07,7.8554796e-05,1.588197e-05,0.0027775003,0.99711967,6.963197e-06
/home/share/Uni_Eval/HAM10000_clean/ISIC2018/ISIC_0031571.jpg,5,5,3.3735e-05,1.7459935e-06,0.004839723,0.00018781646,0.008354439,0.9865768,5.680996e-06
/home/share/Uni_Eval/HAM10000_clean/ISIC2018/ISIC_0030120.jpg,5,5,0.002826386,2.8155571e-05,0.0036237766,0.00011675905,0.0005760781,0.99278474,4.406375e-05
/home/share/Uni_Eval/HAM10000_clean/ISIC2018/ISIC_0025878.jpg,5,5,0.00256807,2.119839e-05,0.00047265354,0.000166919,0.0002558181,0.99651176,3.6186777e-06
/home/share/Uni_Eval/HAM10000_clean/ISIC2018/ISIC_0025613.jpg,5,5,0.002742224,8.310608e-05,0.02340041,0.003873094,0.0067037125,0.96265846,0.00053897605
/home/share/Uni_Eval/HAM10000_clean/ISIC2018/ISIC_0027085.jpg,5,5,4.2777832e-05,4.456411e-05,0.00085552194,0.0010024575,0.0018894095,0.995647,0.00051831006
/home/share/Uni_Eval/HAM10000_clean/ISIC2018/ISIC_0028933.jpg,5,5,7.4511254e-06,3.4389168e-06,0.00078207307,0.00012624456,0.0028558974,0.99619126,3.3615568e-05
/home/share/Uni_Eval/HAM10000_clean/ISIC2018/ISIC_0027356.jpg,5,5,6.590158e-06,8.298531e-06,0.0010818733,0.0006068117,0.00917335,0.9890458,7.721612e-05
/home/share/Uni_Eval/HAM10000_clean/ISIC2018/ISIC_0030836.jpg,5,5,0.00083293393,0.0011041772,0.20524974,0.026022593,0.010179246,0.7565389,7.238937e-05
/home/share/Uni_Eval/HAM10000_clean/ISIC2018/ISIC_0030204.jpg,5,5,0.00013949363,0.00058496086,0.013153026,0.01636862,0.001016388,0.9687262,1.1304485e-05
/home/share/Uni_Eval/HAM10000_clean/ISIC2018/ISIC_0028242.jpg,5,5,3.5693351e-06,3.2362663e-05,0.0021238937,4.058212e-05,0.0043197796,0.9934769,2.852289e-06
/home/share/Uni_Eval/HAM10000_clean/ISIC2018/ISIC_0024856.jpg,5,5,0.0017454945,0.00056642276,0.0012155077,0.023597986,0.0028488152,0.96846974,0.001556062
/home/share/Uni_Eval/HAM10000_clean/ISIC2018/ISIC_0028775.jpg,5,5,0.0002863224,0.00038795467,0.046492394,0.0042598816,0.0020920073,0.9464377,4.35986e-05
/home/share/Uni_Eval/HAM10000_clean/ISIC2018/ISIC_0025910.jpg,5,5,1.3506355e-05,0.00029863327,0.012392823,0.0009759151,0.009775094,0.9710518,0.005492157
/home/share/Uni_Eval/HAM10000_clean/ISIC2018/ISIC_0031392.jpg,5,5,0.00016864754,2.1330708e-05,0.010004022,9.839394e-05,0.0052498747,0.984452,5.768727e-06
/home/share/Uni_Eval/HAM10000_clean/ISIC2018/ISIC_0031909.jpg,5,5,1.5379128e-05,3.7297672e-05,0.0017317376,0.0005682377,0.0009436549,0.9960465,0.00065711484
/home/share/Uni_Eval/HAM10000_clean/ISIC2018/ISIC_0029274.jpg,5,5,3.2256507e-05,0.00012683646,0.005240129,3.1711414e-05,0.0013679852,0.99313277,6.829719e-05
/home/share/Uni_Eval/HAM10000_clean/ISIC2018/ISIC_0029972.jpg,5,5,1.1770743e-07,4.5521563e-08,5.9447946e-05,3.012322e-05,1.7067194e-05,0.99980086,9.233858e-05
/home/share/Uni_Eval/HAM10000_clean/ISIC2018/ISIC_0027373.jpg,5,5,2.7041913e-06,2.440822e-05,0.000454389,1.37665065e-05,0.0075886035,0.9916632,0.00025307675
/home/share/Uni_Eval/HAM10000_clean/ISIC2018/ISIC_0024556.jpg,5,5,3.2150833e-06,2.3093673e-05,0.00013657629,0.00047455894,0.00046460185,0.9988839,1.4110619e-05
/home/share/Uni_Eval/HAM10000_clean/ISIC2018/ISIC_0027157.jpg,5,5,1.0466739e-06,9.296097e-06,0.00056245865,0.0007129876,0.016381545,0.9823155,1.7185663e-05
/home/share/Uni_Eval/HAM10000_clean/ISIC2018/ISIC_0032288.jpg,5,5,2.3447328e-05,2.4849845e-05,0.0028657669,0.00032650412,0.0009832035,0.99575007,2.6154465e-05
/home/share/Uni_Eval/HAM10000_clean/ISIC2018/ISIC_0024534.jpg,5,5,3.444718e-06,1.9593635e-06,0.0042312024,6.440146e-05,0.010976025,0.98472184,1.0146371e-06
/home/share/Uni_Eval/HAM10000_clean/ISIC2018/ISIC_0031313.jpg,5,5,4.588637e-05,0.00012319535,0.0046401597,0.00034683573,0.0065435707,0.98782223,0.00047820853
/home/share/Uni_Eval/HAM10000_clean/ISIC2018/ISIC_0028813.jpg,5,5,4.5968718e-05,3.0352767e-05,0.0028994735,0.00044856177,0.012675793,0.98388666,1.3244659e-05
/home/share/Uni_Eval/HAM10000_clean/ISIC2018/ISIC_0027482.jpg,5,5,4.0940736e-06,3.9139422e-06,0.0008591972,5.366115e-05,0.015985884,0.98290586,0.00018743785
/home/share/Uni_Eval/HAM10000_clean/ISIC2018/ISIC_0026689.jpg,5,5,2.0537588e-07,2.8301548e-07,1.1730403e-05,3.9795313e-07,0.0028511474,0.9970976,3.8714887e-05
/home/share/Uni_Eval/HAM10000_clean/ISIC2018/ISIC_0032419.jpg,5,5,4.361673e-05,0.000117653246,0.002980607,0.00020636915,0.076726876,0.9192034,0.0007215071
/home/share/Uni_Eval/HAM10000_clean/ISIC2018/ISIC_0028985.jpg,5,5,8.428286e-07,1.2560955e-05,3.4850407e-05,2.1916307e-05,0.016021734,0.98295367,0.00095453335
/home/share/Uni_Eval/HAM10000_clean/ISIC2018/ISIC_0029335.jpg,5,5,8.869254e-06,0.00027573344,0.00495317,0.001413826,0.005638464,0.9876989,1.0984106e-05
/home/share/Uni_Eval/HAM10000_clean/ISIC2018/ISIC_0030351.jpg,5,5,7.78767e-06,2.185521e-05,0.0009392059,7.634564e-05,0.003350958,0.99559635,7.613162e-06
/home/share/Uni_Eval/HAM10000_clean/ISIC2018/ISIC_0026994.jpg,5,5,6.3948886e-05,1.5113807e-05,0.008398391,7.550673e-05,0.0020967084,0.989344,6.3706525e-06
/home/share/Uni_Eval/HAM10000_clean/ISIC2018/ISIC_0029111.jpg,5,5,3.2718049e-06,1.1578468e-05,0.00044350364,0.0002520847,0.0023310634,0.99691975,3.8800565e-05
/home/share/Uni_Eval/HAM10000_clean/ISIC2018/ISIC_0031114.jpg,5,5,0.0009894207,0.00078500714,0.0008848423,0.013170873,8.932538e-05,0.98361164,0.0004689068
/home/share/Uni_Eval/HAM10000_clean/ISIC2018/ISIC_0025146.jpg,5,5,0.0005040132,5.5015695e-05,0.023842912,0.0009796399,0.002462137,0.9721342,2.211493e-05
/home/share/Uni_Eval/HAM10000_clean/ISIC2018/ISIC_0027600.jpg,5,5,4.33711e-06,1.8334686e-05,3.9630202e-05,0.00010028647,9.1283655e-05,0.9996277,0.0001183057
/home/share/Uni_Eval/HAM10000_clean/ISIC2018/ISIC_0024804.jpg,5,5,5.7131987e-05,1.0207135e-06,0.00077596353,0.00010641615,0.0030931553,0.9959598,6.504359e-06
/home/share/Uni_Eval/HAM10000_clean/ISIC2018/ISIC_0032266.jpg,5,5,0.0002673054,1.0811981e-05,0.00078061945,0.0022379193,0.00058232393,0.99594915,0.0001719507
/home/share/Uni_Eval/HAM10000_clean/ISIC2018/ISIC_0026415.jpg,5,5,3.5664777e-06,3.503732e-06,0.00026452277,4.6355355e-05,0.0012797189,0.9983581,4.43685e-05
/home/share/Uni_Eval/HAM10000_clean/ISIC2018/ISIC_0030524.jpg,5,5,0.00030046605,3.226321e-05,0.0012686078,0.00010446156,9.0781316e-05,0.9946379,0.0035655699
/home/share/Uni_Eval/HAM10000_clean/ISIC2018/ISIC_0030679.jpg,5,5,2.9118112e-06,2.976051e-06,0.0021878965,4.720523e-05,0.001380349,0.99634016,3.8545797e-05
/home/share/Uni_Eval/HAM10000_clean/ISIC2018/ISIC_0026740.jpg,5,5,6.171831e-08,1.9106444e-06,5.964774e-06,1.0978823e-05,0.0016543542,0.9979498,0.00037702976
/home/share/Uni_Eval/HAM10000_clean/ISIC2018/ISIC_0028712.jpg,5,5,8.224108e-08,1.0472751e-07,3.363832e-05,2.6204361e-06,0.0020516566,0.9978728,3.9016337e-05
/home/share/Uni_Eval/HAM10000_clean/ISIC2018/ISIC_0024379.jpg,5,5,4.247772e-05,1.2250675e-07,1.7121925e-05,0.00019777605,0.00025883078,0.9994836,5.5090617e-08
/home/share/Uni_Eval/HAM10000_clean/ISIC2018/ISIC_0030237.jpg,5,5,1.1848026e-05,4.822176e-07,0.00010575974,1.5516769e-05,0.00063632976,0.9992298,2.5798994e-07
/home/share/Uni_Eval/HAM10000_clean/ISIC2018/ISIC_0028177.jpg,5,5,7.7552046e-05,3.164138e-05,0.0004314563,0.00010255544,0.0010815508,0.99823076,4.442567e-05
/home/share/Uni_Eval/HAM10000_clean/ISIC2018/ISIC_0024661.jpg,5,5,0.000107984,3.2446014e-06,0.0009986846,0.00020156895,0.0010394222,0.9976427,6.3688667e-06
/home/share/Uni_Eval/HAM10000_clean/ISIC2018/ISIC_0025474.jpg,5,5,2.152995e-05,8.8948955e-06,0.0001848042,0.00025127377,0.0013312312,0.99818355,1.8668265e-05
/home/share/Uni_Eval/HAM10000_clean/ISIC2018/ISIC_0025397.jpg,5,5,1.1774188e-06,3.90915e-07,1.3605262e-05,2.1720962e-05,0.0014979012,0.9984633,1.9839867e-06
/home/share/Uni_Eval/HAM10000_clean/ISIC2018/ISIC_0024641.jpg,5,5,4.576833e-06,1.9023518e-06,6.530435e-05,1.3612185e-05,0.0002166622,0.99921334,0.00048461882
/home/share/Uni_Eval/HAM10000_clean/ISIC2018/ISIC_0026267.jpg,5,5,0.0001605351,3.9250986e-07,0.0017799984,2.3873818e-05,0.0021860201,0.99584645,2.8026213e-06
/home/share/Uni_Eval/HAM10000_clean/ISIC2018/ISIC_0030407.jpg,5,5,1.8550289e-05,2.4677593e-06,0.00011899541,0.00021138365,0.0091746785,0.9904717,2.2818558e-06
/home/share/Uni_Eval/HAM10000_clean/ISIC2018/ISIC_0030490.jpg,5,5,5.993262e-05,1.3160145e-06,0.0001505926,0.00039287988,0.004824511,0.9945688,1.890997e-06
/home/share/Uni_Eval/HAM10000_clean/ISIC2018/ISIC_0029150.jpg,5,5,0.0022489484,0.013885986,0.07241526,0.0024941068,4.273692e-05,0.90882504,8.794179e-05
/home/share/Uni_Eval/HAM10000_clean/ISIC2018/ISIC_0030711.jpg,5,5,8.549655e-07,9.692436e-07,3.499191e-05,0.0005659755,0.00029347977,0.9989643,0.00013940799
/home/share/Uni_Eval/HAM10000_clean/ISIC2018/ISIC_0027541.jpg,5,5,5.334258e-09,3.3066325e-08,1.5650694e-06,3.3620434e-08,0.00012773798,0.99985313,1.7585871e-05
/home/share/Uni_Eval/HAM10000_clean/ISIC2018/ISIC_0027557.jpg,5,5,5.495202e-06,3.6501962e-05,4.5514855e-05,4.9840386e-05,0.00018050984,0.99941933,0.00026293573
/home/share/Uni_Eval/HAM10000_clean/ISIC2018/ISIC_0027892.jpg,5,5,0.0014013705,0.009517135,0.0032721176,0.002755682,0.02062415,0.9622294,0.00020015427
/home/share/Uni_Eval/HAM10000_clean/ISIC2018/ISIC_0028786.jpg,5,5,6.155739e-05,6.119674e-06,0.0005644269,0.00017705729,0.0024868627,0.9967008,3.1044926e-06
/home/share/Uni_Eval/HAM10000_clean/ISIC2018/ISIC_0031097.jpg,5,5,8.566435e-06,3.1868062e-06,3.3840963e-05,1.2562248e-06,0.002552816,0.9973894,1.0870615e-05
/home/share/Uni_Eval/HAM10000_clean/ISIC2018/ISIC_0024392.jpg,5,5,1.2331345e-06,9.979653e-08,1.4984765e-05,4.33342e-06,0.0052709565,0.9947078,5.1318483e-07
/home/share/Uni_Eval/HAM10000_clean/ISIC2018/ISIC_0029004.jpg,5,5,9.818064e-06,3.0575218e-06,0.00017692475,7.126335e-06,0.00082394254,0.99897313,5.9887866e-06
/home/share/Uni_Eval/HAM10000_clean/ISIC2018/ISIC_0025109.jpg,5,5,0.00079261634,4.4153808e-06,0.00030933783,0.00038683004,0.0005250886,0.99791855,6.311951e-05
/home/share/Uni_Eval/HAM10000_clean/ISIC2018/ISIC_0029508.jpg,5,5,6.243083e-05,3.817741e-06,0.0003546597,1.69789e-05,0.0011452716,0.9984157,1.1295753e-06
/home/share/Uni_Eval/HAM10000_clean/ISIC2018/ISIC_0030484.jpg,5,5,0.00012716437,7.0732117e-06,0.00048261732,4.8478973e-06,0.00054218643,0.9988141,2.1992693e-05
/home/share/Uni_Eval/HAM10000_clean/ISIC2018/ISIC_0026515.jpg,5,5,1.7937184e-05,4.6911546e-06,0.00034982702,0.0017129726,2.6214515e-05,0.99764806,0.00024035005
/home/share/Uni_Eval/HAM10000_clean/ISIC2018/ISIC_0029706.jpg,5,5,3.9633484e-05,4.975573e-05,0.00061428995,4.4286426e-05,0.0059560295,0.99328905,6.9487814e-06
/home/share/Uni_Eval/HAM10000_clean/ISIC2018/ISIC_0030414.jpg,5,5,0.00044225654,0.00014493796,0.0006776163,0.0031632131,0.038990732,0.9563147,0.0002666023
/home/share/Uni_Eval/HAM10000_clean/ISIC2018/ISIC_0028021.jpg,5,5,0.00016505105,4.5473702e-05,0.0009138351,0.00021126485,0.0007742903,0.99788743,2.6965397e-06
/home/share/Uni_Eval/HAM10000_clean/ISIC2018/ISIC_0025944.jpg,5,5,8.720019e-06,1.3580701e-05,8.274096e-05,0.0003305443,0.0030225914,0.9965287,1.3257037e-05
/home/share/Uni_Eval/HAM10000_clean/ISIC2018/ISIC_0026628.jpg,5,5,1.5947911e-05,3.925304e-06,0.00025528952,0.00013119703,0.0010022507,0.99857426,1.7085707e-05
/home/share/Uni_Eval/HAM10000_clean/ISIC2018/ISIC_0027438.jpg,5,5,0.00019242258,7.5861776e-06,0.00018173139,0.00021333146,0.00020518666,0.9987286,0.00047105495
/home/share/Uni_Eval/HAM10000_clean/ISIC2018/ISIC_0024656.jpg,5,5,3.238295e-05,2.1591331e-05,0.00032366635,6.2792096e-05,0.0002457524,0.9993124,1.5099816e-06
/home/share/Uni_Eval/HAM10000_clean/ISIC2018/ISIC_0029456.jpg,5,5,1.7884087e-05,3.6436042e-05,4.5052057e-05,6.9512185e-05,0.00079125183,0.99902916,1.0678486e-05
/home/share/Uni_Eval/HAM10000_clean/ISIC2018/ISIC_0030692.jpg,5,5,0.0001244792,8.1779835e-05,0.0011401874,0.00015324597,0.0033441992,0.99499536,0.00016076115
/home/share/Uni_Eval/HAM10000_clean/ISIC2018/ISIC_0028908.jpg,5,5,1.6782817e-05,2.3468694e-07,1.9864961e-05,0.00011462751,0.0005811943,0.99926716,1.2262726e-07
/home/share/Uni_Eval/HAM10000_clean/ISIC2018/ISIC_0024395.jpg,5,5,0.0004076645,0.000109696666,0.0005480694,0.0075456,0.00010546891,0.9906433,0.0006401846
/home/share/Uni_Eval/HAM10000_clean/ISIC2018/ISIC_0026791.jpg,5,5,2.9060571e-05,1.1496051e-05,0.00028375647,4.111664e-05,0.00018240517,0.9994247,2.7554303e-05
/home/share/Uni_Eval/HAM10000_clean/ISIC2018/ISIC_0024736.jpg,5,5,2.0834361e-06,1.0150701e-06,8.6774715e-05,9.596103e-05,0.0013297857,0.9984824,2.007699e-06
/home/share/Uni_Eval/HAM10000_clean/ISIC2018/ISIC_0030775.jpg,5,5,5.909964e-07,5.4573146e-08,6.177402e-07,1.7780047e-05,9.14093e-06,0.999928,4.3841163e-05
/home/share/Uni_Eval/HAM10000_clean/ISIC2018/ISIC_0028318.jpg,5,5,8.840881e-08,2.757344e-07,0.00013668413,5.644442e-06,0.00011563936,0.9993943,0.00034744837
/home/share/Uni_Eval/HAM10000_clean/ISIC2018/ISIC_0027901.jpg,5,5,6.872715e-07,1.4226933e-05,2.7841972e-05,3.6838705e-05,6.4348475e-05,0.99982834,2.7712511e-05
/home/share/Uni_Eval/HAM10000_clean/ISIC2018/ISIC_0030866.jpg,5,5,6.9479535e-07,2.436162e-07,2.4308152e-05,7.869013e-06,0.0005768404,0.9993468,4.3247186e-05
/home/share/Uni_Eval/HAM10000_clean/ISIC2018/ISIC_0027477.jpg,5,5,0.0005207384,0.00012808832,0.012269157,0.0021539375,0.0004196129,0.98439217,0.00011631274
/home/share/Uni_Eval/HAM10000_clean/ISIC2018/ISIC_0027637.jpg,5,5,9.948363e-06,4.369249e-06,4.5448407e-05,2.7996935e-05,0.00026937755,0.9996282,1.46190605e-05
/home/share/Uni_Eval/HAM10000_clean/ISIC2018/ISIC_0029264.jpg,5,5,3.0097598e-07,1.1351362e-06,0.00022637252,3.3239146e-06,0.00014070005,0.99758446,0.0020435797
/home/share/Uni_Eval/HAM10000_clean/ISIC2018/ISIC_0027617.jpg,5,5,3.3268038e-06,3.6715376e-06,3.2126023e-05,5.16406e-05,0.00042925443,0.9994491,3.0988012e-05
/home/share/Uni_Eval/HAM10000_clean/ISIC2018/ISIC_0029711.jpg,5,5,2.6906616e-06,2.5728054e-06,7.2621815e-06,5.2681477e-05,0.001244747,0.99866784,2.2104397e-05
/home/share/Uni_Eval/HAM10000_clean/ISIC2018/ISIC_0024977.jpg,5,5,4.3872104e-05,3.739982e-05,0.00021416727,1.5449748e-05,0.005032409,0.994616,4.0783427e-05
/home/share/Uni_Eval/HAM10000_clean/ISIC2018/ISIC_0031785.jpg,5,5,1.3048345e-06,1.3693792e-05,0.00012309954,5.467361e-07,0.00068746647,0.9990872,8.6592096e-05
/home/share/Uni_Eval/HAM10000_clean/ISIC2018/ISIC_0025976.jpg,5,5,1.665618e-06,1.3113006e-06,0.00021481932,4.214323e-05,0.0064848326,0.99317956,7.5677315e-05
/home/share/Uni_Eval/HAM10000_clean/ISIC2018/ISIC_0030578.jpg,5,5,0.0052257003,0.048387684,0.0022094417,0.0047610025,0.00075292686,0.93781626,0.00084697735
/home/share/Uni_Eval/HAM10000_clean/ISIC2018/ISIC_0028552.jpg,5,5,5.279122e-05,9.075616e-06,0.0045967004,2.025852e-05,0.0004285503,0.9948797,1.2797277e-05
/home/share/Uni_Eval/HAM10000_clean/ISIC2018/ISIC_0026945.jpg,5,5,0.00027181834,9.997797e-05,0.00028723569,0.00045272196,0.010861391,0.9878663,0.00016063947
/home/share/Uni_Eval/HAM10000_clean/ISIC2018/ISIC_0029387.jpg,5,5,2.676376e-05,4.107725e-05,2.9949444e-05,0.00010036749,0.0031076751,0.9966749,1.9244755e-05
/home/share/Uni_Eval/HAM10000_clean/ISIC2018/ISIC_0024321.jpg,5,5,5.4127185e-07,0.00017772501,1.3309859e-06,0.00095780287,8.5676744e-05,0.99872094,5.59291e-05
/home/share/Uni_Eval/HAM10000_clean/ISIC2018/ISIC_0027807.jpg,5,5,2.5701692e-07,1.8102284e-06,3.9338236e-05,1.1305489e-06,0.0012449359,0.9986541,5.8432855e-05
/home/share/Uni_Eval/HAM10000_clean/ISIC2018/ISIC_0025714.jpg,5,5,2.8631026e-05,5.832716e-06,8.137364e-05,0.0005578537,0.00014315076,0.999181,2.2463244e-06
/home/share/Uni_Eval/HAM10000_clean/ISIC2018/ISIC_0028612.jpg,5,5,3.1739942e-06,3.1913464e-06,0.00010844433,4.993125e-05,0.0018090472,0.99764794,0.0003782385
/home/share/Uni_Eval/HAM10000_clean/ISIC2018/ISIC_0029795.jpg,5,5,1.57539e-05,1.7405529e-07,0.00013727888,2.0338678e-06,0.0034515182,0.9963916,1.760814e-06
/home/share/Uni_Eval/HAM10000_clean/ISIC2018/ISIC_0030562.jpg,5,5,3.7767265e-07,1.8818374e-06,1.5808779e-05,2.9753091e-06,0.0016823874,0.99822193,7.4611075e-05
/home/share/Uni_Eval/HAM10000_clean/ISIC2018/ISIC_0032198.jpg,5,5,0.0056064767,2.9614523e-05,0.040420968,0.00068215525,0.00027535818,0.9529539,3.1519718e-05
/home/share/Uni_Eval/HAM10000_clean/ISIC2018/ISIC_0030643.jpg,5,5,5.6114222e-05,1.7112067e-06,0.00018730016,2.4208815e-05,7.950295e-05,0.99964523,6.0190605e-06
/home/share/Uni_Eval/HAM10000_clean/ISIC2018/ISIC_0027353.jpg,5,5,6.123981e-05,1.7545339e-06,0.0004854052,4.0547297e-06,0.00029945673,0.99914587,2.2318895e-06
/home/share/Uni_Eval/HAM10000_clean/ISIC2018/ISIC_0026701.jpg,5,5,0.00011160649,1.1209369e-05,9.367213e-05,4.5986424e-05,0.0021943722,0.99753606,7.072573e-06
/home/share/Uni_Eval/HAM10000_clean/ISIC2018/ISIC_0028616.jpg,5,5,0.00024478554,0.00010079077,0.0027677284,0.00036356496,0.00079553644,0.99572456,3.0660906e-06
/home/share/Uni_Eval/HAM10000_clean/ISIC2018/ISIC_0026708.jpg,5,5,7.35125e-06,7.4316504e-06,1.4869672e-05,3.908328e-06,0.005419632,0.9945431,3.6373908e-06
/home/share/Uni_Eval/HAM10000_clean/ISIC2018/ISIC_0024820.jpg,5,5,9.60972e-06,1.7370818e-06,8.7488315e-06,0.0005842132,0.0005028099,0.9988856,7.254918e-06
/home/share/Uni_Eval/HAM10000_clean/ISIC2018/ISIC_0031275.jpg,5,5,2.673558e-05,0.00020693819,0.00014451354,5.812518e-05,6.621721e-05,0.9993955,0.00010197998
/home/share/Uni_Eval/HAM10000_clean/ISIC2018/ISIC_0031343.jpg,5,5,0.00018615423,2.9699666e-05,0.0013018752,2.4883204e-05,0.004771801,0.99367034,1.5139665e-05
/home/share/Uni_Eval/HAM10000_clean/ISIC2018/ISIC_0029423.jpg,5,5,2.1605634e-05,4.839755e-06,0.0004446634,6.066041e-05,0.0008237147,0.99497074,0.0036738599
/home/share/Uni_Eval/HAM10000_clean/ISIC2018/ISIC_0031296.jpg,5,5,2.6465455e-06,4.526408e-06,1.2980991e-05,0.001391034,2.8011385e-05,0.9984174,0.00014341439
/home/share/Uni_Eval/HAM10000_clean/ISIC2018/ISIC_0025137.jpg,5,5,1.236132e-07,1.7344931e-07,1.4164901e-06,1.4799301e-06,9.795239e-05,0.99984026,5.8642356e-05
/home/share/Uni_Eval/HAM10000_clean/ISIC2018/ISIC_0025890.jpg,5,5,0.0001886586,9.816302e-06,0.0004638713,4.2862277e-05,0.00018567067,0.9990558,5.3342654e-05
/home/share/Uni_Eval/HAM10000_clean/ISIC2018/ISIC_0027232.jpg,5,5,0.0059631704,0.051544327,0.0978785,0.0043806992,0.011336152,0.8287725,0.00012460334
/home/share/Uni_Eval/HAM10000_clean/ISIC2018/ISIC_0027259.jpg,5,5,2.788152e-06,7.1766085e-06,4.942509e-05,3.0806175e-05,0.00632646,0.9915284,0.00205484
/home/share/Uni_Eval/HAM10000_clean/ISIC2018/ISIC_0029556.jpg,5,5,4.15191e-06,1.3538856e-07,4.5492332e-05,3.9427914e-06,0.00042958072,0.99951375,2.9783641e-06
/home/share/Uni_Eval/HAM10000_clean/ISIC2018/ISIC_0030613.jpg,5,5,5.0404583e-07,3.8536436e-06,2.343937e-05,2.9130126e-05,6.4355176e-05,0.99987435,4.400286e-06
/home/share/Uni_Eval/HAM10000_clean/ISIC2018/ISIC_0025698.jpg,5,5,6.6824407e-07,1.0352791e-06,7.0308226e-05,1.6362203e-06,0.012833378,0.987084,8.9599225e-06
/home/share/Uni_Eval/HAM10000_clean/ISIC2018/ISIC_0031230.jpg,5,5,1.6417607e-05,4.622327e-06,0.001879912,1.1272534e-05,0.040978547,0.95706505,4.4080334e-05
/home/share/Uni_Eval/HAM10000_clean/ISIC2018/ISIC_0026300.jpg,5,5,1.0035761e-05,9.79214e-07,0.00031391619,0.0016225809,0.0031289265,0.99491537,8.254341e-06
/home/share/Uni_Eval/HAM10000_clean/ISIC2018/ISIC_0027474.jpg,5,5,0.00068753137,5.42774e-05,0.00094599056,0.0015486069,0.0028798236,0.993769,0.00011476234
/home/share/Uni_Eval/HAM10000_clean/ISIC2018/ISIC_0031635.jpg,5,5,7.1477974e-05,1.6102134e-05,0.0007498172,5.560606e-06,0.11966127,0.87920094,0.00029480126
/home/share/Uni_Eval/HAM10000_clean/ISIC2018/ISIC_0026972.jpg,5,5,1.2087307e-06,6.468173e-07,8.499306e-06,1.29480595e-05,2.120916e-05,0.99995387,1.5740289e-06
/home/share/Uni_Eval/HAM10000_clean/ISIC2018/ISIC_0024568.jpg,5,5,1.1967052e-06,1.5363341e-07,1.2224882e-05,3.1460083e-06,0.00088902045,0.99723464,0.0018597732
/home/share/Uni_Eval/HAM10000_clean/ISIC2018/ISIC_0030863.jpg,5,5,1.1690535e-06,1.4144266e-06,1.3680654e-05,4.972231e-05,8.5555155e-05,0.99983203,1.6354434e-05
/home/share/Uni_Eval/HAM10000_clean/ISIC2018/ISIC_0027682.jpg,5,5,1.6149424e-07,5.5581827e-06,6.069136e-06,6.2503773e-06,0.0006780658,0.9986547,0.000649068
/home/share/Uni_Eval/HAM10000_clean/ISIC2018/ISIC_0030975.jpg,5,5,9.2807807e-07,8.102491e-06,5.611334e-06,3.5286997e-05,6.013734e-05,0.9997664,0.00012352508
/home/share/Uni_Eval/HAM10000_clean/ISIC2018/ISIC_0031763.jpg,5,5,2.758417e-07,7.3974246e-07,1.8407694e-05,0.00041014212,7.896296e-05,0.9993237,0.00016780765
/home/share/Uni_Eval/HAM10000_clean/ISIC2018/ISIC_0031030.jpg,5,5,0.00015066029,9.113509e-05,4.9166505e-05,0.00031340282,6.941511e-06,0.99927706,0.00011166307
/home/share/Uni_Eval/HAM10000_clean/ISIC2018/ISIC_0031954.jpg,5,5,1.0615508e-06,1.0187453e-05,1.5237362e-05,1.0528334e-05,0.0007706265,0.9988311,0.00036127906
/home/share/Uni_Eval/HAM10000_clean/ISIC2018/ISIC_0028595.jpg,5,5,0.00046109015,0.0001631783,0.0059082354,5.2994576e-05,0.00062878145,0.9927713,1.4343216e-05
/home/share/Uni_Eval/HAM10000_clean/ISIC2018/ISIC_0026413.jpg,5,5,1.0469582e-05,4.580502e-07,0.00019728162,6.931136e-05,0.0015789712,0.9980428,0.00010062014
/home/share/Uni_Eval/HAM10000_clean/ISIC2018/ISIC_0028157.jpg,5,5,1.9237991e-06,2.7417235e-07,2.729332e-05,8.133198e-06,0.00011168681,0.99982697,2.3825869e-05
/home/share/Uni_Eval/HAM10000_clean/ISIC2018/ISIC_0024311.jpg,5,5,6.886298e-07,7.7111633e-07,8.0512444e-05,1.953584e-06,0.00032277545,0.99959046,3.000712e-06
/home/share/Uni_Eval/HAM10000_clean/ISIC2018/ISIC_0026838.jpg,5,5,3.4327247e-06,4.3879186e-06,4.3770084e-05,1.0484582e-05,0.0015452922,0.9962619,0.0021307669
/home/share/Uni_Eval/HAM10000_clean/ISIC2018/ISIC_0029016.jpg,5,5,6.916474e-09,9.219429e-09,6.495091e-07,1.2997344e-07,0.0012700113,0.9987251,4.0515033e-06
/home/share/Uni_Eval/HAM10000_clean/ISIC2018/ISIC_0028322.jpg,5,5,5.498309e-05,0.00019230576,8.346218e-05,0.00013698354,0.0006131011,0.99890494,1.42471235e-05
/home/share/Uni_Eval/HAM10000_clean/ISIC2018/ISIC_0026695.jpg,5,5,6.064821e-07,5.371246e-08,2.5160687e-05,3.1731877e-06,0.00018287994,0.9997857,2.4080991e-06
/home/share/Uni_Eval/HAM10000_clean/ISIC2018/ISIC_0029225.jpg,5,5,0.00019026689,3.1451334e-06,0.0017971474,2.0231535e-05,0.0001722456,0.99778384,3.322381e-05
/home/share/Uni_Eval/HAM10000_clean/ISIC2018/ISIC_0026184.jpg,5,5,0.00093715347,6.789471e-05,0.00043888492,6.0257138e-05,0.00029024837,0.9981943,1.123999e-05
/home/share/Uni_Eval/HAM10000_clean/ISIC2018/ISIC_0029903.jpg,5,5,2.495358e-05,6.665097e-07,0.00011144632,1.3567324e-05,0.0007642035,0.9990728,1.224905e-05
/home/share/Uni_Eval/HAM10000_clean/ISIC2018/ISIC_0024874.jpg,5,5,1.2050188e-05,0.0032165677,1.1237431e-05,2.4449679e-05,0.00019499648,0.9890304,0.007510267
/home/share/Uni_Eval/HAM10000_clean/ISIC2018/ISIC_0030769.jpg,5,5,7.206288e-07,1.7724898e-07,1.8781544e-05,5.692744e-05,0.00088961306,0.9990326,1.1926094e-06
/home/share/Uni_Eval/HAM10000_clean/ISIC2018/ISIC_0029816.jpg,5,5,2.0117348e-06,1.9771518e-05,0.0002448794,1.0713737e-05,0.00016840092,0.99884784,0.0007063175
/home/share/Uni_Eval/HAM10000_clean/ISIC2018/ISIC_0028896.jpg,5,5,4.755538e-05,4.3508558e-06,0.0024051059,0.00028801672,0.0007082822,0.99654657,1.7562934e-07
/home/share/Uni_Eval/HAM10000_clean/ISIC2018/ISIC_0025560.jpg,5,5,9.212084e-07,1.5088911e-07,6.50753e-07,3.2342018e-07,1.724931e-05,0.99997675,3.926437e-06
/home/share/Uni_Eval/HAM10000_clean/ISIC2018/ISIC_0030612.jpg,5,5,1.2801742e-06,9.389014e-06,1.5539563e-05,1.0874789e-05,5.7215766e-05,0.999905,7.31191e-07
/home/share/Uni_Eval/HAM10000_clean/ISIC2018/ISIC_0027885.jpg,5,5,1.0915172e-06,8.128201e-07,7.4788327e-06,3.8578623e-06,0.0003317753,0.9996382,1.6757502e-05
/home/share/Uni_Eval/HAM10000_clean/ISIC2018/ISIC_0028997.jpg,5,5,0.00093418086,0.00022321432,0.0006920116,0.0004986131,3.885559e-05,0.984289,0.013324169
/home/share/Uni_Eval/HAM10000_clean/ISIC2018/ISIC_0031505.jpg,5,5,9.612579e-06,3.8513874e-05,0.00011410077,7.879943e-05,3.6717215e-06,0.9997441,1.1253729e-05
/home/share/Uni_Eval/HAM10000_clean/ISIC2018/ISIC_0024625.jpg,5,5,3.0140777e-07,7.945021e-07,3.0460244e-06,6.3208427e-07,0.006079304,0.9939115,4.4859353e-06
/home/share/Uni_Eval/HAM10000_clean/ISIC2018/ISIC_0024601.jpg,5,5,1.5202521e-07,6.2764164e-05,4.9959103e-06,4.0071286e-06,0.00016753384,0.9995702,0.00019025285
/home/share/Uni_Eval/HAM10000_clean/ISIC2018/ISIC_0027696.jpg,5,5,1.8818492e-06,7.6087013e-06,1.0497153e-05,3.9867307e-05,0.0018836764,0.9980312,2.5225516e-05
/home/share/Uni_Eval/HAM10000_clean/ISIC2018/ISIC_0025059.jpg,5,5,1.1155353e-06,9.742403e-06,0.00012316661,0.00013611917,0.0015233819,0.99716264,0.0010438485
/home/share/Uni_Eval/HAM10000_clean/ISIC2018/ISIC_0032106.jpg,5,5,3.168244e-05,2.144927e-05,0.0018434596,1.3765183e-05,0.00092168583,0.99700695,0.0001611089
/home/share/Uni_Eval/HAM10000_clean/ISIC2018/ISIC_0030368.jpg,5,5,7.858525e-06,2.4516274e-07,9.640958e-05,0.0015877915,0.0001217067,0.99808913,9.6812306e-05
/home/share/Uni_Eval/HAM10000_clean/ISIC2018/ISIC_0029090.jpg,5,5,4.321076e-05,8.661802e-05,0.00022969284,0.00034749362,0.00047811898,0.99855655,0.0002582575
/home/share/Uni_Eval/HAM10000_clean/ISIC2018/ISIC_0032137.jpg,5,5,8.17065e-05,1.5698828e-05,0.00057754165,1.033575e-05,0.0014794657,0.9978046,3.0657302e-05
/home/share/Uni_Eval/HAM10000_clean/ISIC2018/ISIC_0030701.jpg,5,5,1.9296713e-06,2.0784844e-06,9.280611e-06,4.2583946e-05,7.989038e-05,0.9998611,3.2174091e-06
/home/share/Uni_Eval/HAM10000_clean/ISIC2018/ISIC_0028839.jpg,5,5,1.858463e-06,9.405424e-07,2.034083e-05,4.0467585e-05,0.00089254655,0.9990429,8.029923e-07
/home/share/Uni_Eval/HAM10000_clean/ISIC2018/ISIC_0026648.jpg,5,5,1.4911834e-05,1.6790764e-06,8.407036e-05,7.054437e-05,0.0003605654,0.9993081,0.00016009976
/home/share/Uni_Eval/HAM10000_clean/ISIC2018/ISIC_0025408.jpg,5,5,5.0026683e-06,1.6519627e-06,1.9148241e-05,1.2737938e-05,0.00023064842,0.999726,4.806525e-06
/home/share/Uni_Eval/HAM10000_clean/ISIC2018/ISIC_0031884.jpg,5,5,0.0010903056,0.0025516574,0.0018083481,0.00081668963,0.003393278,0.9903003,3.932648e-05
/home/share/Uni_Eval/HAM10000_clean/ISIC2018/ISIC_0024775.jpg,5,5,1.2979149e-07,4.358091e-07,2.209908e-06,1.1493112e-05,7.848785e-05,0.99979156,0.00011569194
/home/share/Uni_Eval/HAM10000_clean/ISIC2018/ISIC_0024659.jpg,5,5,0.00034806642,3.1662685e-06,0.0019914513,4.1412924e-05,0.00024328912,0.9973556,1.7040233e-05
/home/share/Uni_Eval/HAM10000_clean/ISIC2018/ISIC_0032053.jpg,5,5,2.6866005e-06,1.0718791e-06,0.0003136955,1.7036169e-05,0.0025882693,0.9969722,0.00010508585
/home/share/Uni_Eval/HAM10000_clean/ISIC2018/ISIC_0030256.jpg,5,5,6.9260153e-07,2.1418931e-07,3.892014e-05,2.613077e-05,2.2654294e-05,0.99959356,0.00031790772
/home/share/Uni_Eval/HAM10000_clean/ISIC2018/ISIC_0026357.jpg,5,5,0.00039940298,0.00030336741,0.00265057,0.0008763492,0.00021839504,0.9955467,5.2766463e-06
/home/share/Uni_Eval/HAM10000_clean/ISIC2018/ISIC_0026155.jpg,5,5,6.537945e-05,6.776638e-05,3.3448552e-05,2.9228207e-05,0.00027568833,0.9990677,0.0004608544
/home/share/Uni_Eval/HAM10000_clean/ISIC2018/ISIC_0028140.jpg,5,5,1.7738059e-05,1.6019652e-05,0.00041739875,8.834815e-05,0.0032208506,0.99612063,0.000118944285
/home/share/Uni_Eval/HAM10000_clean/ISIC2018/ISIC_0025058.jpg,5,5,4.269749e-06,1.7497807e-05,0.0019805352,4.9932634e-05,3.0513924e-05,0.99770135,0.00021585808
/home/share/Uni_Eval/HAM10000_clean/ISIC2018/ISIC_0024956.jpg,5,5,9.078758e-06,3.1819725e-06,6.314366e-05,0.00019558058,0.00090641,0.9988117,1.0775146e-05
/home/share/Uni_Eval/HAM10000_clean/ISIC2018/ISIC_0030103.jpg,5,5,3.3441626e-07,5.8600205e-07,2.5913796e-05,5.488944e-07,0.022437949,0.97752243,1.2171583e-05
/home/share/Uni_Eval/HAM10000_clean/ISIC2018/ISIC_0027245.jpg,5,5,2.304302e-06,1.3914935e-06,1.3103781e-05,1.355271e-05,0.00080244185,0.9991509,1.6314469e-05
/home/share/Uni_Eval/HAM10000_clean/ISIC2018/ISIC_0024532.jpg,5,5,6.418557e-05,5.835189e-06,0.00029042593,0.00086739246,0.00037722787,0.99837935,1.5544216e-05
/home/share/Uni_Eval/HAM10000_clean/ISIC2018/ISIC_0026380.jpg,5,5,6.151175e-06,9.025376e-08,7.6636796e-05,3.6431666e-05,0.00017110218,0.99968493,2.4566272e-05
/home/share/Uni_Eval/HAM10000_clean/ISIC2018/ISIC_0027602.jpg,5,5,1.3191584e-06,1.0575962e-07,0.0001834064,1.24725975e-05,0.00015932301,0.9996,4.338138e-05
/home/share/Uni_Eval/HAM10000_clean/ISIC2018/ISIC_0027372.jpg,5,5,2.6997698e-06,1.7107895e-07,2.3763085e-05,1.2134762e-05,0.0016103431,0.99824274,0.00010817639
/home/share/Uni_Eval/HAM10000_clean/ISIC2018/ISIC_0025852.jpg,5,5,6.6516793e-07,2.0695352e-07,2.317206e-05,2.8992754e-06,0.003189938,0.99676967,1.34381135e-05
/home/share/Uni_Eval/HAM10000_clean/ISIC2018/ISIC_0032403.jpg,5,5,4.1659714e-06,8.909244e-07,4.930213e-05,3.1283875e-05,0.0002311259,0.99966264,2.0539743e-05
/home/share/Uni_Eval/HAM10000_clean/ISIC2018/ISIC_0025190.jpg,5,5,1.7218803e-06,1.8613777e-06,4.044712e-06,5.190492e-06,0.00032469103,0.99954337,0.00011894324
/home/share/Uni_Eval/HAM10000_clean/ISIC2018/ISIC_0027321.jpg,5,5,2.778881e-05,0.00016869874,0.0011809084,6.552633e-05,0.00080463977,0.9976082,0.00014415842
/home/share/Uni_Eval/HAM10000_clean/ISIC2018/ISIC_0031878.jpg,5,5,0.000756965,3.8223825e-05,0.0022380112,0.00013340154,0.0007354519,0.9960699,2.808317e-05
/home/share/Uni_Eval/HAM10000_clean/ISIC2018/ISIC_0029086.jpg,5,5,4.79578e-06,4.1946805e-05,0.00012743719,2.7191072e-05,0.00032292647,0.9982487,0.0012271134
/home/share/Uni_Eval/HAM10000_clean/ISIC2018/ISIC_0024399.jpg,5,5,3.6437134e-05,4.865743e-05,3.9491042e-05,0.0002775569,0.00066650857,0.99891245,1.88078e-05
/home/share/Uni_Eval/HAM10000_clean/ISIC2018/ISIC_0024603.jpg,5,5,4.722594e-08,1.2466262e-07,8.790685e-07,1.1087866e-06,0.00015548442,0.9998338,8.54266e-06
/home/share/Uni_Eval/HAM10000_clean/ISIC2018/ISIC_0025429.jpg,5,5,6.247217e-05,4.65533e-06,9.204251e-05,0.00021015081,0.003699074,0.99593097,6.6967584e-07
/home/share/Uni_Eval/HAM10000_clean/ISIC2018/ISIC_0026548.jpg,5,5,1.3385611e-05,1.1857258e-06,0.001370145,9.3506715e-06,0.024305433,0.97416544,0.0001350072
/home/share/Uni_Eval/HAM10000_clean/ISIC2018/ISIC_0031992.jpg,5,5,8.826359e-07,1.3583221e-07,5.430685e-06,1.3103581e-05,0.00013806319,0.9998172,2.5201127e-05
/home/share/Uni_Eval/HAM10000_clean/ISIC2018/ISIC_0032416.jpg,5,5,1.1464027e-06,3.0132053e-06,1.2390954e-05,0.0002182787,5.5251026e-06,0.9995834,0.00017618749
/home/share/Uni_Eval/HAM10000_clean/ISIC2018/ISIC_0029587.jpg,5,5,1.341087e-05,1.0097496e-05,8.475277e-05,1.4675918e-05,0.0046671256,0.99520725,2.6785165e-06
/home/share/Uni_Eval/HAM10000_clean/ISIC2018/ISIC_0026685.jpg,5,5,2.404688e-06,4.2399208e-08,4.1040654e-05,0.00020660649,0.0035321775,0.99620867,9.031045e-06
/home/share/Uni_Eval/HAM10000_clean/ISIC2018/ISIC_0031022.jpg,5,5,0.00013404369,0.0004835226,0.0021659783,0.00072647457,0.00013942366,0.99622226,0.00012835616
/home/share/Uni_Eval/HAM10000_clean/ISIC2018/ISIC_0029019.jpg,5,5,4.6698744e-05,7.0896465e-07,0.00034935193,5.4111574e-06,0.0004757706,0.9991105,1.1554849e-05
/home/share/Uni_Eval/HAM10000_clean/ISIC2018/ISIC_0028204.jpg,5,5,8.9224635e-08,1.0290785e-08,2.7495405e-06,5.1425013e-07,0.0007155713,0.9992797,1.4829901e-06
/home/share/Uni_Eval/HAM10000_clean/ISIC2018/ISIC_0029941.jpg,5,5,1.5641767e-08,2.473543e-08,3.5109465e-06,2.3372215e-07,0.00022173143,0.9997738,7.6783704e-07
/home/share/Uni_Eval/HAM10000_clean/ISIC2018/ISIC_0025728.jpg,5,5,4.960066e-05,3.5728685e-06,1.8993313e-05,1.9773819e-05,0.00021777075,0.9995635,0.00012680705
/home/share/Uni_Eval/HAM10000_clean/ISIC2018/ISIC_0026066.jpg,5,5,9.277862e-06,1.0613262e-06,5.727488e-06,1.9747276e-05,9.317573e-05,0.9998072,6.383278e-05
/home/share/Uni_Eval/HAM10000_clean/ISIC2018/ISIC_0024645.jpg,5,5,9.872994e-06,1.4737223e-06,0.0028152894,4.7403802e-05,0.11972924,0.8773896,7.126459e-06
/home/share/Uni_Eval/HAM10000_clean/ISIC2018/ISIC_0031608.jpg,5,5,6.245346e-06,6.429007e-07,0.0001221632,0.00018341052,0.0018513122,0.9978223,1.3946106e-05
/home/share/Uni_Eval/HAM10000_clean/ISIC2018/ISIC_0025333.jpg,5,5,4.532013e-06,0.00044868703,2.493035e-05,0.00019737628,0.00014887564,0.9988398,0.0003358675
/home/share/Uni_Eval/HAM10000_clean/ISIC2018/ISIC_0028161.jpg,5,5,1.04348765e-05,3.8667135e-05,3.6498313e-05,0.000139176,0.00036440787,0.9993383,7.241802e-05
/home/share/Uni_Eval/HAM10000_clean/ISIC2018/ISIC_0025023.jpg,5,5,2.7010694e-07,1.3837561e-07,8.6857384e-05,2.243595e-06,0.0001970859,0.9996996,1.3809718e-05
/home/share/Uni_Eval/HAM10000_clean/ISIC2018/ISIC_0030228.jpg,5,5,1.8037808e-08,4.2898907e-09,9.1542546e-07,1.1873162e-05,0.0005202021,0.9994655,1.4925373e-06
/home/share/Uni_Eval/HAM10000_clean/ISIC2018/ISIC_0029433.jpg,5,5,3.9551017e-07,2.0478215e-05,2.8380973e-06,1.8226315e-07,0.00039241285,0.9995751,8.502255e-06
/home/share/Uni_Eval/HAM10000_clean/ISIC2018/ISIC_0025586.jpg,5,5,8.2226144e-08,7.756568e-07,1.1946639e-07,9.868666e-07,0.00079576165,0.99918646,1.5796326e-05
/home/share/Uni_Eval/HAM10000_clean/ISIC2018/ISIC_0025114.jpg,5,5,1.3875708e-06,1.427113e-06,3.8475304e-05,1.1263622e-05,0.00086718303,0.99898297,9.723244e-05
/home/share/Uni_Eval/HAM10000_clean/ISIC2018/ISIC_0026418.jpg,5,5,4.9026135e-06,5.6823797e-07,0.0011475307,6.842313e-05,0.0035338816,0.9952413,3.4203276e-06
/home/share/Uni_Eval/HAM10000_clean/ISIC2018/ISIC_0032062.jpg,5,5,0.00016662257,6.699972e-06,0.00089270243,4.6425666e-05,0.05036768,0.9485127,7.1697823e-06
/home/share/Uni_Eval/HAM10000_clean/ISIC2018/ISIC_0032401.jpg,5,5,2.0368798e-06,5.065526e-07,7.404441e-06,6.595766e-06,2.9816858e-05,0.99994874,4.9852256e-06
/home/share/Uni_Eval/HAM10000_clean/ISIC2018/ISIC_0025204.jpg,5,5,6.394507e-06,0.00018791661,0.00032918804,9.2869195e-05,0.00044413737,0.9987099,0.0002296567
/home/share/Uni_Eval/HAM10000_clean/ISIC2018/ISIC_0030713.jpg,5,5,9.828128e-06,1.3341076e-05,2.8805267e-05,4.7002704e-05,0.00035218426,0.9995022,4.6683876e-05
/home/share/Uni_Eval/HAM10000_clean/ISIC2018/ISIC_0025858.jpg,5,5,2.7742726e-06,7.769131e-08,9.560362e-06,4.562986e-05,5.7917026e-05,0.9998809,3.0124152e-06
/home/share/Uni_Eval/HAM10000_clean/ISIC2018/ISIC_0024844.jpg,5,5,6.52067e-05,3.1005306e-06,0.0013946583,0.00010008479,0.00035008212,0.99803525,5.1645708e-05
/home/share/Uni_Eval/HAM10000_clean/ISIC2018/ISIC_0027824.jpg,5,5,4.975037e-06,1.3676714e-07,0.00015599166,2.7359312e-05,2.3308494e-05,0.99973387,5.43536e-05
/home/share/Uni_Eval/HAM10000_clean/ISIC2018/ISIC_0027611.jpg,5,5,0.00013153096,0.0006397168,0.000542961,0.015132655,0.0005299111,0.98294246,8.07657e-05
/home/share/Uni_Eval/HAM10000_clean/ISIC2018/ISIC_0032224.jpg,5,5,0.0006656038,0.0011283314,0.028531024,0.0025592346,0.005340537,0.9616819,9.340125e-05
/home/share/Uni_Eval/HAM10000_clean/ISIC2018/ISIC_0025445.jpg,5,5,1.3571424e-05,4.593437e-06,7.224748e-06,2.3696717e-05,0.012521824,0.98672044,0.0007086509
/home/share/Uni_Eval/HAM10000_clean/ISIC2018/ISIC_0024629.jpg,5,5,7.258119e-05,9.071525e-05,0.0008818288,0.00027863422,0.0018332205,0.9966972,0.0001458865
/home/share/Uni_Eval/HAM10000_clean/ISIC2018/ISIC_0028788.jpg,5,5,1.6176187e-05,3.0301295e-05,0.00018634905,0.00014127843,0.0006945442,0.9988187,0.00011266577
/home/share/Uni_Eval/HAM10000_clean/ISIC2018/ISIC_0030779.jpg,5,5,8.344529e-07,7.743175e-08,4.932834e-06,3.5051846e-07,6.309477e-05,0.9999294,1.1729834e-06
/home/share/Uni_Eval/HAM10000_clean/ISIC2018/ISIC_0027913.jpg,5,5,2.2131191e-05,1.36673e-06,0.00018567064,2.1667192e-05,0.01223387,0.9869767,0.00055855646
/home/share/Uni_Eval/HAM10000_clean/ISIC2018/ISIC_0024614.jpg,5,5,7.7286944e-07,2.70605e-07,4.145903e-06,2.9042589e-05,0.00018300545,0.9997813,1.5073141e-06
/home/share/Uni_Eval/HAM10000_clean/ISIC2018/ISIC_0027705.jpg,5,5,5.5549834e-05,0.00044979254,6.679789e-05,1.3094047e-05,0.00030285923,0.9980878,0.0010241605
/home/share/Uni_Eval/HAM10000_clean/ISIC2018/ISIC_0024347.jpg,5,5,1.623655e-05,3.0370936e-06,0.00021645558,8.1992075e-06,0.033308636,0.9660563,0.00039123246
/home/share/Uni_Eval/HAM10000_clean/ISIC2018/ISIC_0029631.jpg,5,5,6.301768e-07,2.7848105e-07,9.299219e-07,1.0605042e-06,0.00039756246,0.9995988,8.0063273e-07
/home/share/Uni_Eval/HAM10000_clean/ISIC2018/ISIC_0032167.jpg,5,5,0.00022036824,9.042428e-05,0.0010775768,0.0005026001,0.010787865,0.9873117,9.52042e-06
/home/share/Uni_Eval/HAM10000_clean/ISIC2018/ISIC_0031058.jpg,5,5,5.471656e-07,1.1227983e-07,0.00016234045,0.00032619687,0.00012994595,0.99936694,1.3945094e-05
/home/share/Uni_Eval/HAM10000_clean/ISIC2018/ISIC_0030288.jpg,5,5,6.700025e-05,9.01063e-06,0.00011465131,0.00013111946,0.00019199784,0.9994822,4.001655e-06
/home/share/Uni_Eval/HAM10000_clean/ISIC2018/ISIC_0030438.jpg,5,5,6.898214e-05,6.210755e-06,0.00019164555,1.7024684e-05,0.0011124456,0.99859065,1.3035402e-05
/home/share/Uni_Eval/HAM10000_clean/ISIC2018/ISIC_0030212.jpg,5,5,1.6036305e-06,4.08762e-06,5.301185e-05,5.2077405e-07,0.002079842,0.99774456,0.0001164685
/home/share/Uni_Eval/HAM10000_clean/ISIC2018/ISIC_0031129.jpg,5,5,1.1209511e-06,9.3653354e-05,1.4624004e-06,1.5645404e-05,3.174632e-05,0.99982363,3.272056e-05
/home/share/Uni_Eval/HAM10000_clean/ISIC2018/ISIC_0029451.jpg,5,5,7.5763974e-06,9.369638e-06,9.224379e-05,1.8595572e-06,0.03657116,0.96322453,9.320795e-05
/home/share/Uni_Eval/HAM10000_clean/ISIC2018/ISIC_0024622.jpg,5,5,1.3646454e-05,2.5248266e-06,0.00022081025,0.00016021768,0.002745249,0.9968477,9.848671e-06
/home/share/Uni_Eval/HAM10000_clean/ISIC2018/ISIC_0025203.jpg,5,5,1.16138956e-07,8.999498e-08,2.0248167e-06,5.6471794e-07,0.00030552223,0.9996879,3.6988465e-06
/home/share/Uni_Eval/HAM10000_clean/ISIC2018/ISIC_0026627.jpg,5,5,3.526334e-06,4.868829e-06,7.17046e-06,0.000156659,6.534027e-05,0.999658,0.00010434525
/home/share/Uni_Eval/HAM10000_clean/ISIC2018/ISIC_0029487.jpg,5,5,3.0950363e-05,1.1600139e-06,0.00065496494,4.539406e-05,0.0033189508,0.9959431,5.416896e-06
/home/share/Uni_Eval/HAM10000_clean/ISIC2018/ISIC_0031994.jpg,5,5,1.3348076e-06,2.2537302e-05,8.050351e-06,2.1405005e-05,0.0003411504,0.99958867,1.6805147e-05
/home/share/Uni_Eval/HAM10000_clean/ISIC2018/ISIC_0029186.jpg,5,5,9.239228e-06,1.1483442e-06,6.666788e-05,5.400627e-06,0.0004388615,0.99939585,8.281e-05
/home/share/Uni_Eval/HAM10000_clean/ISIC2018/ISIC_0032286.jpg,5,5,3.797072e-06,4.2281727e-07,8.1939485e-05,5.8344576e-06,0.0021943517,0.9977119,1.7332266e-06
/home/share/Uni_Eval/HAM10000_clean/ISIC2018/ISIC_0026160.jpg,5,5,1.5370555e-05,1.4593414e-06,0.00013138114,7.250168e-05,0.001187481,0.9985843,7.6013966e-06
/home/share/Uni_Eval/HAM10000_clean/ISIC2018/ISIC_0030476.jpg,5,5,5.137865e-06,1.1888754e-06,1.12183625e-05,1.2037083e-05,0.00037611925,0.9995863,8.040028e-06
/home/share/Uni_Eval/HAM10000_clean/ISIC2018/ISIC_0026047.jpg,5,5,0.058683142,0.0072867437,0.30641195,0.015833784,0.012145447,0.594925,0.004713965
/home/share/Uni_Eval/HAM10000_clean/ISIC2018/ISIC_0031549.jpg,5,5,6.040994e-05,1.5099663e-05,0.0010960997,2.0497893e-05,0.00825905,0.9904997,4.912015e-05
/home/share/Uni_Eval/HAM10000_clean/ISIC2018/ISIC_0029325.jpg,5,5,1.3411642e-06,3.3887493e-06,0.0004697693,0.0008641739,0.00023766325,0.9983021,0.00012151785
/home/share/Uni_Eval/HAM10000_clean/ISIC2018/ISIC_0027923.jpg,5,5,3.075589e-06,1.6187721e-06,2.845718e-05,5.65985e-05,0.00025702533,0.999642,1.1179331e-05
/home/share/Uni_Eval/HAM10000_clean/ISIC2018/ISIC_0029283.jpg,5,5,5.880004e-06,1.0448258e-05,5.014346e-05,5.118773e-05,0.00086607464,0.99287474,0.0061415997
/home/share/Uni_Eval/HAM10000_clean/ISIC2018/ISIC_0026721.jpg,5,5,2.7176085e-05,1.556878e-05,0.0006424465,3.0702988e-05,0.005175759,0.99396425,0.00014417984
/home/share/Uni_Eval/HAM10000_clean/ISIC2018/ISIC_0026997.jpg,5,5,1.3399696e-05,1.6703107e-05,7.162925e-05,0.0011771497,0.0005014785,0.9981737,4.5916837e-05
/home/share/Uni_Eval/HAM10000_clean/ISIC2018/ISIC_0029709.jpg,5,5,6.266998e-05,7.742736e-06,0.0008448482,2.8455657e-05,0.00049470644,0.9985586,3.0168005e-06
/home/share/Uni_Eval/HAM10000_clean/ISIC2018/ISIC_0030419.jpg,5,5,2.1643935e-08,1.1089871e-07,4.162247e-07,8.0032174e-07,5.4129923e-05,0.99989116,5.326257e-05
/home/share/Uni_Eval/HAM10000_clean/ISIC2018/ISIC_0031280.jpg,5,5,0.00017303127,0.000650279,0.0026102283,0.0023901733,0.0006795561,0.9819624,0.01153434
/home/share/Uni_Eval/HAM10000_clean/ISIC2018/ISIC_0025110.jpg,5,5,3.6769174e-07,1.6757e-07,3.6997352e-07,2.1610207e-07,0.0011964878,0.9988011,1.3257628e-06
/home/share/Uni_Eval/HAM10000_clean/ISIC2018/ISIC_0029421.jpg,5,5,6.5532726e-07,2.3295804e-06,0.00041612794,1.0080228e-05,0.00042458004,0.99913967,6.466245e-06
/home/share/Uni_Eval/HAM10000_clean/ISIC2018/ISIC_0025496.jpg,5,5,6.822118e-05,5.8989124e-05,0.0033894593,0.0001788656,0.00037717842,0.99590176,2.5507838e-05
/home/share/Uni_Eval/HAM10000_clean/ISIC2018/ISIC_0030750.jpg,5,5,1.0312135e-06,5.2888385e-07,2.7798776e-06,3.6658905e-05,0.0008274991,0.9991273,4.264896e-06
/home/share/Uni_Eval/HAM10000_clean/ISIC2018/ISIC_0025570.jpg,5,5,4.176314e-06,3.8488668e-07,2.1898877e-05,1.8052184e-05,2.9246505e-05,0.99978846,0.00013783414
/home/share/Uni_Eval/HAM10000_clean/ISIC2018/ISIC_0025270.jpg,5,5,0.0002722004,9.1910355e-05,0.0017587969,0.00037997888,0.08494813,0.9105199,0.002029042
/home/share/Uni_Eval/HAM10000_clean/ISIC2018/ISIC_0030788.jpg,5,5,4.5756602e-05,2.8735922e-05,0.00092428224,0.00014063425,0.0019911875,0.9968659,3.4997636e-06
/home/share/Uni_Eval/HAM10000_clean/ISIC2018/ISIC_0026278.jpg,5,5,1.379939e-07,1.1162921e-07,3.7976563e-06,3.8028825e-06,1.6122633e-05,0.999966,1.0024805e-05
/home/share/Uni_Eval/HAM10000_clean/ISIC2018/ISIC_0029981.jpg,5,5,0.00027323051,0.0002611098,0.0037704248,0.0012104112,0.0016470142,0.9927458,9.199864e-05
/home/share/Uni_Eval/HAM10000_clean/ISIC2018/ISIC_0027001.jpg,5,5,8.5357465e-07,5.0453787e-07,1.1117514e-05,1.8422055e-05,0.00023714457,0.9997285,3.4546904e-06
/home/share/Uni_Eval/HAM10000_clean/ISIC2018/ISIC_0030864.jpg,5,5,1.0989471e-06,3.5981424e-07,2.4361188e-05,2.163946e-06,0.00011636356,0.9996749,0.00018073637
/home/share/Uni_Eval/HAM10000_clean/ISIC2018/ISIC_0032295.jpg,5,5,1.6155072e-05,2.2489006e-05,0.0004782235,6.7829783e-06,0.0036717479,0.99572635,7.830668e-05
/home/share/Uni_Eval/HAM10000_clean/ISIC2018/ISIC_0024810.jpg,5,5,4.282998e-05,2.9477373e-05,0.002269503,3.0363964e-05,0.041982334,0.95561737,2.8034767e-05
/home/share/Uni_Eval/HAM10000_clean/ISIC2018/ISIC_0024627.jpg,5,5,5.97053e-06,9.413139e-06,0.0007054612,4.0692365e-05,0.012906848,0.985671,0.0006607451
/home/share/Uni_Eval/HAM10000_clean/ISIC2018/ISIC_0031124.jpg,5,5,8.983767e-05,4.8901056e-06,0.00039093397,1.6994487e-05,0.00014598887,0.999297,5.4312026e-05
/home/share/Uni_Eval/HAM10000_clean/ISIC2018/ISIC_0024384.jpg,5,5,2.8711562e-05,6.511665e-06,0.0003217771,1.4052581e-05,0.00020698582,0.99934524,7.6698925e-05
/home/share/Uni_Eval/HAM10000_clean/ISIC2018/ISIC_0029234.jpg,5,5,1.750351e-05,1.2858918e-07,5.6765377e-05,1.0875741e-06,0.0001810969,0.9997222,2.1194664e-05
/home/share/Uni_Eval/HAM10000_clean/ISIC2018/ISIC_0031683.jpg,5,5,1.1530128e-05,1.424089e-07,8.804753e-05,1.0835691e-06,3.1002528e-05,0.99985623,1.1962255e-05
/home/share/Uni_Eval/HAM10000_clean/ISIC2018/ISIC_0027880.jpg,5,5,6.8066956e-06,2.210959e-06,2.2938642e-05,1.1984852e-05,0.0019592845,0.9979956,1.150353e-06
/home/share/Uni_Eval/HAM10000_clean/ISIC2018/ISIC_0029718.jpg,5,5,0.0006810637,0.00032787173,0.007087198,0.00045296815,0.053883035,0.93755066,1.7178954e-05
/home/share/Uni_Eval/HAM10000_clean/ISIC2018/ISIC_0029076.jpg,5,5,0.001148296,0.004235085,0.0037964452,0.0011155254,0.019826816,0.9684938,0.0013840932
/home/share/Uni_Eval/HAM10000_clean/ISIC2018/ISIC_0030017.jpg,5,5,1.5980475e-05,1.082299e-05,0.00020960764,7.255758e-05,0.0018616506,0.99778974,3.9690876e-05
/home/share/Uni_Eval/HAM10000_clean/ISIC2018/ISIC_0028893.jpg,5,5,1.1383592e-06,4.2234694e-07,0.00014778334,1.2712159e-06,0.0016333427,0.99817824,3.773447e-05
/home/share/Uni_Eval/HAM10000_clean/ISIC2018/ISIC_0030078.jpg,5,5,5.553119e-05,4.7752597e-05,0.0005057776,0.00015096065,0.00012371951,0.99910694,9.3354765e-06
/home/share/Uni_Eval/HAM10000_clean/ISIC2018/ISIC_0028434.jpg,5,5,3.8132366e-05,9.946928e-06,0.0002709329,3.386973e-05,0.00063427695,0.99899715,1.5666574e-05
/home/share/Uni_Eval/HAM10000_clean/ISIC2018/ISIC_0024966.jpg,5,5,7.5831105e-07,1.7967857e-07,5.744066e-06,0.00016704967,7.454619e-05,0.9997507,9.575389e-07
/home/share/Uni_Eval/HAM10000_clean/ISIC2018/ISIC_0031873.jpg,5,5,3.2546235e-05,1.6808868e-05,9.2775656e-05,0.000513034,0.0010841986,0.9981856,7.5131655e-05
/home/share/Uni_Eval/HAM10000_clean/ISIC2018/ISIC_0024722.jpg,5,5,1.5800066e-05,6.374092e-05,0.00030441038,4.0595867e-05,0.0011293722,0.9984427,3.3189374e-06
/home/share/Uni_Eval/HAM10000_clean/ISIC2018/ISIC_0027699.jpg,5,5,1.645885e-05,4.1992123e-05,0.00022241495,3.2618027e-05,0.00054252415,0.99913836,5.5829e-06
/home/share/Uni_Eval/HAM10000_clean/ISIC2018/ISIC_0032438.jpg,5,5,3.8795356e-06,2.5197102e-07,1.3672829e-05,7.357075e-06,0.000522256,0.9994517,8.237148e-07
/home/share/Uni_Eval/HAM10000_clean/ISIC2018/ISIC_0029765.jpg,5,5,0.00051389995,6.792591e-05,0.016391117,0.00024129896,0.007898655,0.974647,0.00024012409
/home/share/Uni_Eval/HAM10000_clean/ISIC2018/ISIC_0025010.jpg,5,5,0.0002621407,0.00019140782,0.00021533472,0.00433196,0.0064422498,0.9885019,5.501075e-05
/home/share/Uni_Eval/HAM10000_clean/ISIC2018/ISIC_0028569.jpg,5,5,1.0352509e-07,1.0658746e-07,1.2571618e-05,7.274756e-06,0.00016331446,0.99972373,9.288415e-05
/home/share/Uni_Eval/HAM10000_clean/ISIC2018/ISIC_0031788.jpg,5,5,3.9299026e-05,8.549355e-06,0.00031286397,4.3850134e-05,0.0049698297,0.99430954,0.00031605992
/home/share/Uni_Eval/HAM10000_clean/ISIC2018/ISIC_0031628.jpg,5,5,8.245876e-05,4.665342e-06,0.00048220193,9.873785e-05,0.0052912543,0.99401677,2.3933424e-05
/home/share/Uni_Eval/HAM10000_clean/ISIC2018/ISIC_0031859.jpg,5,5,0.00026508357,0.00042863018,0.0006101521,4.31467e-05,0.006529463,0.99188554,0.00023800039
/home/share/Uni_Eval/HAM10000_clean/ISIC2018/ISIC_0028333.jpg,5,5,0.0007213499,0.0026279164,0.013751564,0.01082221,0.0027537977,0.9659506,0.0033725358
/home/share/Uni_Eval/HAM10000_clean/ISIC2018/ISIC_0027792.jpg,5,5,0.000109610985,1.402805e-05,0.0008152374,6.753568e-05,0.002424771,0.99646735,0.000101401434
/home/share/Uni_Eval/HAM10000_clean/ISIC2018/ISIC_0029078.jpg,5,5,4.3111617e-05,5.7890416e-06,0.0031938995,5.030655e-05,2.736171e-05,0.9966665,1.3041552e-05
/home/share/Uni_Eval/HAM10000_clean/ISIC2018/ISIC_0027830.jpg,5,5,1.5550512e-06,2.216232e-07,2.372364e-06,8.877199e-06,0.0006352597,0.9993482,3.4412221e-06
/home/share/Uni_Eval/HAM10000_clean/ISIC2018/ISIC_0026534.jpg,5,5,8.091647e-07,2.2801457e-07,3.09684e-05,0.000629649,0.0012726315,0.99806243,3.2622593e-06
/home/share/Uni_Eval/HAM10000_clean/ISIC2018/ISIC_0027396.jpg,5,5,8.960374e-07,2.6285005e-07,1.3302047e-05,4.459844e-06,0.0012034038,0.9987055,7.2213734e-05
/home/share/Uni_Eval/HAM10000_clean/ISIC2018/ISIC_0029901.jpg,5,5,5.117341e-07,5.4339836e-07,1.17558275e-05,1.30679055e-05,0.001527656,0.9983929,5.3480035e-05
/home/share/Uni_Eval/HAM10000_clean/ISIC2018/ISIC_0031425.jpg,5,5,5.807834e-08,3.6404406e-06,5.758835e-06,4.7752847e-06,0.0042306944,0.9955877,0.00016732608
/home/share/Uni_Eval/HAM10000_clean/ISIC2018/ISIC_0024802.jpg,5,5,5.0973034e-07,5.543557e-08,5.183135e-06,2.3453229e-06,0.0004887416,0.99950194,1.1854479e-06
/home/share/Uni_Eval/HAM10000_clean/ISIC2018/ISIC_0030638.jpg,5,5,0.0002969898,1.5428366e-05,0.00024890152,0.0009996615,0.00029125967,0.99753976,0.0006080585
/home/share/Uni_Eval/HAM10000_clean/ISIC2018/ISIC_0030983.jpg,5,5,5.552532e-06,4.877022e-07,1.8121933e-05,0.00024141249,0.00013443627,0.99958223,1.781313e-05
/home/share/Uni_Eval/HAM10000_clean/ISIC2018/ISIC_0026379.jpg,5,5,6.0062857e-06,5.364623e-07,2.9000037e-05,0.00054289243,0.0006361008,0.99878496,4.2272134e-07
/home/share/Uni_Eval/HAM10000_clean/ISIC2018/ISIC_0024912.jpg,5,5,1.8650235e-05,7.3196657e-06,1.955147e-05,1.9095627e-05,0.0059501627,0.99398476,4.3440247e-07
/home/share/Uni_Eval/HAM10000_clean/ISIC2018/ISIC_0032431.jpg,5,5,4.8572663e-05,2.2537002e-05,0.00013108955,0.008199127,9.894374e-05,0.99149305,6.6708003e-06
/home/share/Uni_Eval/HAM10000_clean/ISIC2018/ISIC_0029842.jpg,5,5,5.7369397e-07,1.4925487e-06,5.1686242e-05,5.0663793e-06,0.00044035257,0.99899,0.00051067636
/home/share/Uni_Eval/HAM10000_clean/ISIC2018/ISIC_0031641.jpg,5,5,5.4124392e-08,1.9270408e-07,1.8834497e-07,8.249211e-07,0.00010555441,0.99989164,1.4632252e-06
/home/share/Uni_Eval/HAM10000_clean/ISIC2018/ISIC_0031512.jpg,5,5,0.00033893873,0.00037541863,0.005070163,0.0002040678,0.0018251413,0.9921163,7.003921e-05
/home/share/Uni_Eval/HAM10000_clean/ISIC2018/ISIC_0025037.jpg,5,5,9.541938e-05,0.00040111484,0.00021452477,0.00023415271,0.0021106047,0.99693394,1.029712e-05
/home/share/Uni_Eval/HAM10000_clean/ISIC2018/ISIC_0031205.jpg,5,5,6.076461e-05,0.00015127362,6.871579e-05,1.4940446e-06,0.0015343151,0.9979924,0.00019096005
/home/share/Uni_Eval/HAM10000_clean/ISIC2018/ISIC_0025233.jpg,5,5,8.494413e-06,4.188358e-06,0.00055381795,1.2634256e-05,0.0022168907,0.99509853,0.002105369
/home/share/Uni_Eval/HAM10000_clean/ISIC2018/ISIC_0029863.jpg,5,5,1.5751397e-07,3.8562135e-07,3.796161e-05,7.2500734e-05,0.0003277185,0.999403,0.00015821062
/home/share/Uni_Eval/HAM10000_clean/ISIC2018/ISIC_0027095.jpg,5,5,6.2242225e-07,2.14219e-07,3.6343816e-05,3.2953955e-07,2.1518219e-05,0.9998779,6.297784e-05
/home/share/Uni_Eval/HAM10000_clean/ISIC2018/ISIC_0026197.jpg,5,5,4.2411116e-06,1.23643995e-05,9.818011e-05,1.4408204e-06,0.00018806077,0.99967813,1.7557071e-05
/home/share/Uni_Eval/HAM10000_clean/ISIC2018/ISIC_0028722.jpg,5,5,2.9686942e-06,2.2966426e-06,1.529177e-05,3.9074807e-06,0.0027740304,0.99720013,1.4484965e-06
/home/share/Uni_Eval/HAM10000_clean/ISIC2018/ISIC_0025232.jpg,5,5,2.4754707e-05,1.8562675e-07,1.7546552e-05,1.506856e-06,0.004174966,0.99578035,6.034588e-07
/home/share/Uni_Eval/HAM10000_clean/ISIC2018/ISIC_0029551.jpg,5,5,1.4102697e-05,8.513986e-06,0.00014525029,0.00018655967,0.008761422,0.990334,0.0005502587
/home/share/Uni_Eval/HAM10000_clean/ISIC2018/ISIC_0032297.jpg,5,5,1.4416789e-05,2.1042004e-05,0.00016507831,3.3271273e-05,0.0009523193,0.9987739,4.0019684e-05
/home/share/Uni_Eval/HAM10000_clean/ISIC2018/ISIC_0024978.jpg,5,5,7.17569e-05,0.00013423018,0.00025738165,0.00030863655,1.1872751e-05,0.99912125,9.4908624e-05
/home/share/Uni_Eval/HAM10000_clean/ISIC2018/ISIC_0025889.jpg,5,5,2.6650118e-06,1.6114983e-06,2.1566791e-05,5.784952e-05,7.362324e-05,0.9998172,2.55186e-05
/home/share/Uni_Eval/HAM10000_clean/ISIC2018/ISIC_0030708.jpg,5,5,4.3230506e-05,1.2657858e-06,0.00022014853,0.000104321785,0.011735182,0.9878006,9.5278105e-05
/home/share/Uni_Eval/HAM10000_clean/ISIC2018/ISIC_0026542.jpg,5,5,0.0038926785,6.2981104e-05,0.00562326,5.8768976e-05,0.0060216775,0.984338,2.5641564e-06
/home/share/Uni_Eval/HAM10000_clean/ISIC2018/ISIC_0025459.jpg,5,5,5.5944855e-07,2.152398e-06,1.2052169e-05,1.0098913e-05,0.00017246418,0.9997887,1.3929655e-05
/home/share/Uni_Eval/HAM10000_clean/ISIC2018/ISIC_0029256.jpg,5,5,1.42285335e-05,1.20688055e-05,0.000111420566,2.436683e-05,0.0006615248,0.99913055,4.5842964e-05
/home/share/Uni_Eval/HAM10000_clean/ISIC2018/ISIC_0024527.jpg,5,5,3.414338e-05,3.6844533e-05,4.036913e-05,1.7994013e-05,0.00012924074,0.99973375,7.668598e-06
/home/share/Uni_Eval/HAM10000_clean/ISIC2018/ISIC_0029910.jpg,5,5,0.00016296278,0.00033050688,0.0035587673,0.0005191902,8.8419e-05,0.99486524,0.00047483685
/home/share/Uni_Eval/HAM10000_clean/ISIC2018/ISIC_0025464.jpg,5,5,6.275231e-06,8.270264e-08,6.925916e-05,1.782272e-06,9.735345e-06,0.9998547,5.8108868e-05
/home/share/Uni_Eval/HAM10000_clean/ISIC2018/ISIC_0029124.jpg,5,5,1.1967405e-05,5.1305744e-07,0.001303084,0.0003592011,0.00038826957,0.9978733,6.365653e-05
/home/share/Uni_Eval/HAM10000_clean/ISIC2018/ISIC_0031265.jpg,5,5,1.9414188e-06,1.5894732e-07,0.00011244485,9.720379e-06,0.010255753,0.9896197,4.103449e-07
/home/share/Uni_Eval/HAM10000_clean/ISIC2018/ISIC_0027499.jpg,5,5,2.6585526e-06,1.0305904e-06,8.270893e-05,0.00011287863,0.0011650339,0.9986331,2.5117197e-06
/home/share/Uni_Eval/HAM10000_clean/ISIC2018/ISIC_0025344.jpg,5,5,2.9349007e-07,2.0112664e-08,8.7075205e-06,3.6690075e-05,3.3983426e-05,0.9999198,5.0750117e-07
/home/share/Uni_Eval/HAM10000_clean/ISIC2018/ISIC_0031047.jpg,5,5,1.037384e-05,6.7918137e-07,0.00040761224,2.0653308e-05,0.005151402,0.99437934,2.9875562e-05
/home/share/Uni_Eval/HAM10000_clean/ISIC2018/ISIC_0025595.jpg,5,5,3.104915e-07,1.5149128e-07,1.1997177e-05,1.2483047e-06,0.00018145553,0.9997998,5.146466e-06
/home/share/Uni_Eval/HAM10000_clean/ISIC2018/ISIC_0026732.jpg,5,5,0.00015541984,0.00019175049,0.00024559314,0.00054728345,0.00067910424,0.99816114,1.9768404e-05
/home/share/Uni_Eval/HAM10000_clean/ISIC2018/ISIC_0027635.jpg,5,5,2.3719456e-05,3.8444286e-06,8.281387e-06,3.8042479e-06,0.0036436128,0.99629503,2.1756403e-05
/home/share/Uni_Eval/HAM10000_clean/ISIC2018/ISIC_0029280.jpg,5,5,0.00029354324,0.00035093864,0.005081542,0.0012285135,0.007385224,0.9856484,1.1764953e-05
/home/share/Uni_Eval/HAM10000_clean/ISIC2018/ISIC_0032472.jpg,5,5,6.1019705e-07,1.8703753e-08,7.2532284e-06,1.3296554e-05,0.000873308,0.99910456,9.2943554e-07
/home/share/Uni_Eval/HAM10000_clean/ISIC2018/ISIC_0028433.jpg,5,5,6.347772e-06,4.356947e-06,7.003133e-05,0.00011097915,5.36593e-07,0.9997087,9.901803e-05
/home/share/Uni_Eval/HAM10000_clean/ISIC2018/ISIC_0030439.jpg,5,5,0.0017553935,0.0013533876,0.0021431642,0.00040258086,0.04589759,0.94843745,1.0366337e-05
/home/share/Uni_Eval/HAM10000_clean/ISIC2018/ISIC_0027726.jpg,5,5,0.00039635,7.8088044e-05,0.007719431,0.00022646372,0.00045637492,0.98741364,0.0037096862
/home/share/Uni_Eval/HAM10000_clean/ISIC2018/ISIC_0030343.jpg,5,5,1.4855473e-05,3.3524804e-05,3.7710637e-05,3.662843e-05,0.0009373485,0.9978618,0.0010781594
/home/share/Uni_Eval/HAM10000_clean/ISIC2018/ISIC_0025679.jpg,5,5,0.040404644,0.0035431443,0.0033841615,0.0022843361,0.0005118862,0.9498541,1.7740253e-05
/home/share/Uni_Eval/HAM10000_clean/ISIC2018/ISIC_0031737.jpg,5,5,0.0005037513,0.115847304,0.00064161036,0.000621376,0.00025440525,0.8820541,7.74577e-05
/home/share/Uni_Eval/HAM10000_clean/ISIC2018/ISIC_0025187.jpg,5,5,6.933542e-05,1.8563014e-06,0.0010769962,9.624021e-05,0.0018445717,0.9969079,3.0381693e-06
/home/share/Uni_Eval/HAM10000_clean/ISIC2018/ISIC_0024751.jpg,5,5,1.0237842e-05,3.6060578e-07,5.6617275e-05,5.610667e-06,0.0008111729,0.99911183,4.1232724e-06
/home/share/Uni_Eval/HAM10000_clean/ISIC2018/ISIC_0030749.jpg,5,5,3.704042e-07,2.0179448e-06,1.40224965e-05,1.3526172e-05,0.0016694968,0.9982973,3.241276e-06
/home/share/Uni_Eval/HAM10000_clean/ISIC2018/ISIC_0025864.jpg,5,5,5.1223114e-06,3.5209262e-06,0.00016820122,1.6708487e-05,0.004159375,0.9955895,5.7543188e-05
/home/share/Uni_Eval/HAM10000_clean/ISIC2018/ISIC_0025688.jpg,5,5,3.8907865e-06,7.01319e-07,5.4013402e-05,4.6788923e-06,5.843824e-05,0.9998745,3.79573e-06
/home/share/Uni_Eval/HAM10000_clean/ISIC2018/ISIC_0030948.jpg,5,5,1.4996293e-06,5.931163e-05,1.4774313e-05,1.4020411e-05,0.00069653237,0.99808025,0.001133617
/home/share/Uni_Eval/HAM10000_clean/ISIC2018/ISIC_0027413.jpg,5,5,1.0234799e-06,4.3412405e-05,2.4295584e-06,1.727872e-05,0.0005596056,0.999225,0.00015123372
/home/share/Uni_Eval/HAM10000_clean/ISIC2018/ISIC_0026294.jpg,5,5,2.9210548e-07,1.1278614e-06,8.393745e-07,1.7720483e-06,5.0823466e-05,0.9999441,1.1255094e-06
/home/share/Uni_Eval/HAM10000_clean/ISIC2018/ISIC_0029327.jpg,5,5,6.7870583e-06,1.7269745e-06,8.1380684e-05,2.2176515e-05,0.00048180335,0.99936384,4.241592e-05
/home/share/Uni_Eval/HAM10000_clean/ISIC2018/ISIC_0029796.jpg,5,5,1.327693e-05,1.5921609e-05,7.2247574e-05,8.6527194e-05,0.010011251,0.9897826,1.821613e-05
/home/share/Uni_Eval/HAM10000_clean/ISIC2018/ISIC_0024533.jpg,5,5,2.207998e-05,0.00041446855,0.00015123964,6.4149775e-05,0.006764549,0.9924159,0.00016767258
/home/share/Uni_Eval/HAM10000_clean/ISIC2018/ISIC_0028620.jpg,5,5,1.3477505e-07,3.227839e-07,1.7461596e-05,4.8533166e-05,4.3558943e-05,0.999889,9.990721e-07
/home/share/Uni_Eval/HAM10000_clean/ISIC2018/ISIC_0032332.jpg,5,5,1.1237458e-06,5.5457326e-06,1.1998723e-05,0.00012857899,0.0003373825,0.99932504,0.00019035606
/home/share/Uni_Eval/HAM10000_clean/ISIC2018/ISIC_0025705.jpg,5,5,1.1825582e-05,3.7515283e-06,4.4680724e-05,4.59435e-05,0.0038230135,0.99606895,1.7334844e-06
/home/share/Uni_Eval/HAM10000_clean/ISIC2018/ISIC_0030004.jpg,5,5,0.0003403653,1.7699554e-06,0.00012829276,0.0001780934,0.001261394,0.9980842,5.824463e-06
/home/share/Uni_Eval/HAM10000_clean/ISIC2018/ISIC_0031445.jpg,5,5,5.1922434e-05,1.1714685e-05,0.00020623903,9.268696e-06,0.00025681677,0.99926716,0.00019694786
/home/share/Uni_Eval/HAM10000_clean/ISIC2018/ISIC_0025050.jpg,5,5,0.00023204263,4.551694e-05,0.0004660661,0.00044536855,0.0016597462,0.99714977,1.5195367e-06
/home/share/Uni_Eval/HAM10000_clean/ISIC2018/ISIC_0024681.jpg,5,5,4.9087366e-06,6.906767e-08,0.000107365704,9.8331875e-05,7.4614145e-05,0.9997092,5.4414054e-06
/home/share/Uni_Eval/HAM10000_clean/ISIC2018/ISIC_0029707.jpg,5,5,1.604148e-05,0.00025210608,0.000106400825,0.00015219238,0.0099763675,0.9893239,0.00017297395
/home/share/Uni_Eval/HAM10000_clean/ISIC2018/ISIC_0028240.jpg,5,5,9.503861e-06,4.5890687e-05,2.839064e-05,4.5693643e-05,0.0007276527,0.99902856,0.00011431329
/home/share/Uni_Eval/HAM10000_clean/ISIC2018/ISIC_0026325.jpg,5,5,1.8332044e-06,4.4581117e-07,4.265424e-05,0.0003173356,0.0019679326,0.997629,4.0834515e-05
/home/share/Uni_Eval/HAM10000_clean/ISIC2018/ISIC_0029817.jpg,5,5,1.1173078e-06,2.6068717e-06,5.7634343e-06,2.7188462e-05,0.0014380144,0.99837935,0.00014602559
/home/share/Uni_Eval/HAM10000_clean/ISIC2018/ISIC_0030530.jpg,5,5,8.127746e-07,1.7623022e-07,1.434865e-05,1.7833494e-05,1.33608755e-05,0.99994266,1.0817943e-05
/home/share/Uni_Eval/HAM10000_clean/ISIC2018/ISIC_0028421.jpg,5,5,5.320031e-07,6.84603e-07,1.4795395e-06,2.386707e-06,2.3412753e-05,0.9998634,0.00010807708
/home/share/Uni_Eval/HAM10000_clean/ISIC2018/ISIC_0029445.jpg,5,5,0.00041725868,0.0001770426,0.024209948,0.00336884,0.0043170503,0.96495,0.00255992
/home/share/Uni_Eval/HAM10000_clean/ISIC2018/ISIC_0031315.jpg,5,5,0.000997328,0.00053315354,9.373301e-06,0.0006727828,0.000572539,0.99709845,0.000116483585
/home/share/Uni_Eval/HAM10000_clean/ISIC2018/ISIC_0031224.jpg,5,5,1.7858829e-05,1.2997494e-07,2.6915748e-05,4.5316938e-05,0.00086001697,0.99904054,9.10499e-06
/home/share/Uni_Eval/HAM10000_clean/ISIC2018/ISIC_0030317.jpg,5,5,4.0890154e-07,1.4546229e-08,3.0274407e-05,2.368897e-06,0.0002793845,0.99948394,0.00020357876
/home/share/Uni_Eval/HAM10000_clean/ISIC2018/ISIC_0026375.jpg,5,5,3.8047936e-06,2.9522223e-05,7.856635e-06,7.320753e-06,7.465483e-06,0.9996369,0.00030712094
/home/share/Uni_Eval/HAM10000_clean/ISIC2018/ISIC_0030515.jpg,5,5,1.7829867e-05,7.193259e-07,8.688204e-05,1.0378589e-05,0.0014816757,0.99835676,4.5794837e-05
/home/share/Uni_Eval/HAM10000_clean/ISIC2018/ISIC_0029461.jpg,5,5,0.00020413043,3.841799e-06,0.0026740779,0.00089353055,0.0015202032,0.9946892,1.5133235e-05
/home/share/Uni_Eval/HAM10000_clean/ISIC2018/ISIC_0032458.jpg,5,5,2.993108e-07,2.4324506e-06,1.1851952e-05,2.8630345e-06,0.00036637444,0.9994437,0.00017249693
/home/share/Uni_Eval/HAM10000_clean/ISIC2018/ISIC_0026447.jpg,5,5,4.3284097e-05,1.1626913e-07,3.461189e-05,3.9925555e-05,0.00011450745,0.9997553,1.2191051e-05
/home/share/Uni_Eval/HAM10000_clean/ISIC2018/ISIC_0029643.jpg,5,5,6.6589655e-07,1.863048e-07,0.00013766522,7.3139354e-06,2.5282974e-05,0.9998248,4.035627e-06
/home/share/Uni_Eval/HAM10000_clean/ISIC2018/ISIC_0026837.jpg,5,5,1.5527953e-06,4.7279465e-07,3.6419075e-05,3.9019946e-05,0.0011052778,0.9988135,3.7640327e-06
/home/share/Uni_Eval/HAM10000_clean/ISIC2018/ISIC_0032480.jpg,5,5,0.0008131589,3.5206423e-05,0.0031411108,0.00028116684,0.0025102799,0.99321485,4.2672455e-06
/home/share/Uni_Eval/HAM10000_clean/ISIC2018/ISIC_0026971.jpg,5,5,4.6664163e-06,4.380932e-07,1.2961675e-05,1.3476646e-05,0.00028352984,0.9996841,7.9352264e-07
/home/share/Uni_Eval/HAM10000_clean/ISIC2018/ISIC_0030027.jpg,5,5,9.255196e-06,0.00062733,7.6617165e-05,0.00047135557,0.000121820325,0.98753834,0.011155294
/home/share/Uni_Eval/HAM10000_clean/ISIC2018/ISIC_0030702.jpg,5,5,6.963682e-08,6.5986164e-08,6.5938048e-06,1.3956801e-06,0.0069387737,0.99303997,1.3024618e-05
/home/share/Uni_Eval/HAM10000_clean/ISIC2018/ISIC_0027196.jpg,5,5,1.3812998e-05,2.3528933e-06,0.00018575895,2.7713828e-05,0.0005795395,0.999181,9.788691e-06
/home/share/Uni_Eval/HAM10000_clean/ISIC2018/ISIC_0031732.jpg,5,5,1.055778e-05,1.5176852e-05,7.846915e-06,1.0790034e-05,0.00082332233,0.9991289,3.4455725e-06
/home/share/Uni_Eval/HAM10000_clean/ISIC2018/ISIC_0027168.jpg,5,5,1.9889607e-05,1.8841232e-05,8.857213e-05,0.000105105704,0.0016499447,0.9981148,2.9265693e-06
/home/share/Uni_Eval/HAM10000_clean/ISIC2018/ISIC_0028257.jpg,5,5,2.6426573e-08,2.540068e-07,6.5482635e-07,8.7422956e-07,0.00037543927,0.99961734,5.438467e-06
/home/share/Uni_Eval/HAM10000_clean/ISIC2018/ISIC_0025329.jpg,5,5,0.00069069705,0.0020721257,0.00012411134,8.551257e-05,0.00013154242,0.99689096,5.086963e-06
/home/share/Uni_Eval/HAM10000_clean/ISIC2018/ISIC_0029834.jpg,5,5,2.4520163e-05,9.908845e-06,1.2875556e-05,4.8260947e-05,0.0016546125,0.9982369,1.29193195e-05
/home/share/Uni_Eval/HAM10000_clean/ISIC2018/ISIC_0025279.jpg,5,5,1.2283282e-05,3.1991221e-06,1.0628288e-05,1.7308235e-05,0.00056603766,0.9993647,2.5858619e-05
/home/share/Uni_Eval/HAM10000_clean/ISIC2018/ISIC_0030595.jpg,5,5,1.8863653e-05,3.328596e-05,0.00010456052,0.00075519364,0.00019182498,0.99842036,0.0004759196
/home/share/Uni_Eval/HAM10000_clean/ISIC2018/ISIC_0030651.jpg,5,5,0.0007261101,0.0017448135,0.0006431608,0.0024400202,0.00013069091,0.99419665,0.000118536125
/home/share/Uni_Eval/HAM10000_clean/ISIC2018/ISIC_0027516.jpg,5,5,4.0665553e-05,0.00022645676,0.00024780896,0.00014760296,0.000152657,0.9991566,2.8331495e-05
/home/share/Uni_Eval/HAM10000_clean/ISIC2018/ISIC_0031241.jpg,5,5,4.9516504e-05,5.522261e-06,8.405531e-05,7.881027e-06,0.057062846,0.9427729,1.7275088e-05
/home/share/Uni_Eval/HAM10000_clean/ISIC2018/ISIC_0029873.jpg,5,5,7.781204e-05,5.6323915e-06,0.00024898787,3.9354967e-05,0.0008706665,0.9987388,1.873572e-05
/home/share/Uni_Eval/HAM10000_clean/ISIC2018/ISIC_0024389.jpg,5,5,0.00010714567,5.732377e-05,0.00037317548,0.00048586258,0.00097089185,0.99772424,0.00028132857
/home/share/Uni_Eval/HAM10000_clean/ISIC2018/ISIC_0029658.jpg,5,5,0.00018001164,2.0876337e-06,9.567441e-05,5.4803728e-05,0.00012154668,0.999527,1.8803152e-05
/home/share/Uni_Eval/HAM10000_clean/ISIC2018/ISIC_0027995.jpg,5,5,0.00075428875,0.0008549947,0.0005953671,0.0005657004,0.013973028,0.9832481,8.597591e-06
/home/share/Uni_Eval/HAM10000_clean/ISIC2018/ISIC_0031740.jpg,5,5,0.00025410132,0.000117297925,0.0010925198,0.00018311678,0.003443748,0.99488163,2.7615984e-05
/home/share/Uni_Eval/HAM10000_clean/ISIC2018/ISIC_0028532.jpg,5,5,4.2424992e-05,2.5151374e-05,3.6857928e-05,0.00072270114,8.5486085e-05,0.9990859,1.5360238e-06
/home/share/Uni_Eval/HAM10000_clean/ISIC2018/ISIC_0026719.jpg,5,5,1.023535e-05,3.5014307e-06,1.590414e-05,4.9494658e-05,0.0002585243,0.9994917,0.00017077537
/home/share/Uni_Eval/HAM10000_clean/ISIC2018/ISIC_0029037.jpg,5,5,2.530325e-07,7.6919264e-08,7.320789e-07,1.8627571e-06,0.0003474862,0.99963665,1.2780468e-05
/home/share/Uni_Eval/HAM10000_clean/ISIC2018/ISIC_0031193.jpg,5,5,1.5411537e-06,1.3177886e-06,4.1425228e-05,9.760583e-05,0.0019061059,0.9978746,7.73523e-05
/home/share/Uni_Eval/HAM10000_clean/ISIC2018/ISIC_0030934.jpg,5,5,2.6430891e-05,1.9687911e-06,5.9292874e-05,0.0003798631,0.00018379072,0.9993358,1.2749382e-05
/home/share/Uni_Eval/HAM10000_clean/ISIC2018/ISIC_0028530.jpg,5,5,2.719317e-07,1.729786e-07,1.45149925e-05,1.8985122e-05,0.00025283438,0.99970055,1.2832239e-05
/home/share/Uni_Eval/HAM10000_clean/ISIC2018/ISIC_0028959.jpg,5,5,9.297833e-06,2.8105296e-06,1.37112365e-05,2.2833337e-05,0.007156951,0.992788,6.3155553e-06
/home/share/Uni_Eval/HAM10000_clean/ISIC2018/ISIC_0028754.jpg,5,5,8.030407e-07,2.9929274e-07,0.00017334124,2.503111e-07,0.011023627,0.98870057,0.00010106701
/home/share/Uni_Eval/HAM10000_clean/ISIC2018/ISIC_0032353.jpg,5,5,6.2248146e-06,4.1334192e-07,1.2550198e-05,3.7073207e-06,0.00023843603,0.999736,2.717271e-06
/home/share/Uni_Eval/HAM10000_clean/ISIC2018/ISIC_0029579.jpg,5,5,4.0633472e-07,2.929886e-07,1.8456308e-06,8.919858e-07,0.0021486797,0.99784386,4.1415365e-06
/home/share/Uni_Eval/HAM10000_clean/ISIC2018/ISIC_0032001.jpg,5,5,2.3548282e-08,2.5667287e-08,2.1040994e-06,5.9226863e-06,0.00019368813,0.9997919,6.272569e-06
/home/share/Uni_Eval/HAM10000_clean/ISIC2018/ISIC_0027894.jpg,5,5,1.0385017e-05,2.644546e-06,0.00012371427,1.7839991e-05,0.006187455,0.99365425,3.7487775e-06
/home/share/Uni_Eval/HAM10000_clean/ISIC2018/ISIC_0026763.jpg,5,5,2.1477615e-07,6.2484675e-09,3.9449205e-05,7.866621e-07,0.00038755612,0.9995639,8.014164e-06
/home/share/Uni_Eval/HAM10000_clean/ISIC2018/ISIC_0031432.jpg,5,5,7.0538897e-07,4.1244763e-07,1.0341034e-06,1.6000409e-07,0.0023320098,0.99765956,6.1744636e-06
/home/share/Uni_Eval/HAM10000_clean/ISIC2018/ISIC_0030780.jpg,5,5,8.644197e-05,5.3843946e-06,0.00016987033,1.4881471e-05,0.000527213,0.999164,3.222301e-05
/home/share/Uni_Eval/HAM10000_clean/ISIC2018/ISIC_0025787.jpg,5,5,3.4238303e-06,1.5090736e-05,1.077749e-05,2.4636372e-05,0.00027419103,0.99966097,1.0786117e-05
/home/share/Uni_Eval/HAM10000_clean/ISIC2018/ISIC_0028286.jpg,5,5,1.2184982e-07,5.345424e-07,2.253485e-07,1.2709692e-06,0.00025654217,0.9997278,1.3519822e-05
/home/share/Uni_Eval/HAM10000_clean/ISIC2018/ISIC_0031911.jpg,5,5,8.4690775e-08,1.0612052e-07,5.6968584e-05,1.1253637e-06,0.0037039423,0.99622357,1.4208176e-05
/home/share/Uni_Eval/HAM10000_clean/ISIC2018/ISIC_0025138.jpg,5,5,0.00078543625,1.4581517e-05,3.9869486e-05,0.00043049498,0.00082615006,0.99778396,0.00011946977
/home/share/Uni_Eval/HAM10000_clean/ISIC2018/ISIC_0026797.jpg,5,5,4.243941e-05,1.36621065e-05,4.7123052e-05,9.833678e-05,0.0011682154,0.99855274,7.746941e-05
/home/share/Uni_Eval/HAM10000_clean/ISIC2018/ISIC_0027464.jpg,5,5,1.301763e-05,1.6664679e-06,4.207163e-05,0.0003423477,0.003742903,0.9957487,0.00010935042
/home/share/Uni_Eval/HAM10000_clean/ISIC2018/ISIC_0027241.jpg,5,5,4.990021e-06,2.565837e-06,3.2045646e-05,4.898569e-05,0.0002260037,0.9996809,4.4616677e-06
/home/share/Uni_Eval/HAM10000_clean/ISIC2018/ISIC_0031242.jpg,5,5,2.2585482e-06,5.116386e-06,0.0001314908,9.283585e-06,0.0022824435,0.99725085,0.00031860205
/home/share/Uni_Eval/HAM10000_clean/ISIC2018/ISIC_0030224.jpg,5,5,3.7238013e-05,2.5255755e-05,0.0012637714,0.0001293094,0.005539389,0.9929911,1.4000005e-05
/home/share/Uni_Eval/HAM10000_clean/ISIC2018/ISIC_0025220.jpg,5,5,2.2067431e-06,1.260876e-05,0.00035161467,0.00027322347,0.00048243298,0.99811697,0.00076100335
/home/share/Uni_Eval/HAM10000_clean/ISIC2018/ISIC_0026408.jpg,5,5,1.587821e-05,3.6941237e-06,5.403549e-05,4.0535793e-05,0.0007451051,0.9991345,6.372467e-06
/home/share/Uni_Eval/HAM10000_clean/ISIC2018/ISIC_0030496.jpg,5,5,7.685456e-05,0.0005951127,0.00078475464,0.00032216602,0.00013386211,0.99674356,0.0013437808
/home/share/Uni_Eval/HAM10000_clean/ISIC2018/ISIC_0027733.jpg,5,5,1.6167199e-06,1.5936742e-07,5.0868734e-06,1.8147195e-05,0.00033777865,0.99963045,6.789724e-06
/home/share/Uni_Eval/HAM10000_clean/ISIC2018/ISIC_0028590.jpg,5,5,1.480975e-05,7.51395e-05,0.0068438267,7.083039e-05,0.00018541917,0.9927084,0.00010159773
/home/share/Uni_Eval/HAM10000_clean/ISIC2018/ISIC_0031161.jpg,5,5,0.0011971134,9.722221e-05,0.0010535216,1.9800511e-05,0.0004108956,0.9972132,8.257553e-06
/home/share/Uni_Eval/HAM10000_clean/ISIC2018/ISIC_0027314.jpg,5,5,0.0041147685,0.00085297914,0.0061114854,0.00022619378,0.015419935,0.97325486,1.9751835e-05
/home/share/Uni_Eval/HAM10000_clean/ISIC2018/ISIC_0030571.jpg,5,5,0.00021550649,1.6564232e-05,0.0004697655,0.00032456024,0.0062836516,0.9926237,6.620931e-05
/home/share/Uni_Eval/HAM10000_clean/ISIC2018/ISIC_0026873.jpg,5,5,6.863568e-05,2.135457e-06,0.00017078752,0.00042745448,0.00042717412,0.998892,1.1835055e-05
/home/share/Uni_Eval/HAM10000_clean/ISIC2018/ISIC_0032506.jpg,5,5,6.8088215e-05,5.765917e-07,0.00024441115,4.7510446e-05,0.00014495791,0.99900705,0.0004873865
/home/share/Uni_Eval/HAM10000_clean/ISIC2018/ISIC_0024359.jpg,5,5,7.981203e-06,3.672127e-05,2.7296015e-05,1.1575055e-05,0.0018530451,0.99802786,3.5520236e-05
/home/share/Uni_Eval/HAM10000_clean/ISIC2018/ISIC_0031420.jpg,5,5,0.00046896338,2.7287208e-06,0.00058049004,0.0008092292,9.446779e-05,0.9980319,1.2194526e-05
/home/share/Uni_Eval/HAM10000_clean/ISIC2018/ISIC_0026785.jpg,5,5,5.1480065e-06,7.991994e-06,0.0005711002,0.00041590608,6.533942e-05,0.99885035,8.421051e-05
/home/share/Uni_Eval/HAM10000_clean/ISIC2018/ISIC_0025229.jpg,5,5,0.00016883003,0.00036554667,0.00010336635,0.0005771655,1.0127126e-05,0.9987226,5.239181e-05
/home/share/Uni_Eval/HAM10000_clean/ISIC2018/ISIC_0030739.jpg,5,5,3.5845027e-05,0.00010165853,3.078939e-05,0.00014928152,0.00032956345,0.9990177,0.00033520552
/home/share/Uni_Eval/HAM10000_clean/ISIC2018/ISIC_0030611.jpg,5,5,5.8442502e-08,2.4895856e-08,3.0777701e-07,5.3777535e-07,4.495185e-05,0.99995375,3.2714422e-07
/home/share/Uni_Eval/HAM10000_clean/ISIC2018/ISIC_0027363.jpg,5,5,1.0921729e-06,3.321638e-07,1.2508904e-05,2.6407257e-05,0.0001423088,0.9998067,1.05947365e-05
/home/share/Uni_Eval/HAM10000_clean/ISIC2018/ISIC_0030619.jpg,5,5,6.083563e-06,0.00011028486,3.210272e-05,1.9113859e-05,0.0006443147,0.9991689,1.9279649e-05
/home/share/Uni_Eval/HAM10000_clean/ISIC2018/ISIC_0029601.jpg,5,5,1.8821871e-06,2.8531763e-06,0.00060264405,3.7865482e-06,2.4620243e-05,0.99867415,0.0006900508
/home/share/Uni_Eval/HAM10000_clean/ISIC2018/ISIC_0027088.jpg,5,5,1.8822124e-06,1.8771635e-07,2.9204898e-06,1.1457544e-06,0.0005287472,0.99946314,1.8874379e-06
/home/share/Uni_Eval/HAM10000_clean/ISIC2018/ISIC_0027158.jpg,5,5,3.9663946e-06,2.544194e-07,1.9310583e-06,2.1067706e-05,7.1175426e-05,0.9998995,2.0481316e-06
/home/share/Uni_Eval/HAM10000_clean/ISIC2018/ISIC_0024502.jpg,5,5,2.7032843e-06,1.5325068e-07,2.9959849e-05,0.00017260839,0.0001310212,0.9996051,5.847634e-05
/home/share/Uni_Eval/HAM10000_clean/ISIC2018/ISIC_0027199.jpg,5,5,0.0023700027,3.2321823e-05,0.01599649,0.0008906381,0.00025605157,0.9804324,2.204794e-05
/home/share/Uni_Eval/HAM10000_clean/ISIC2018/ISIC_0027929.jpg,5,5,2.5130913e-07,1.0445856e-07,5.3008503e-06,4.029576e-06,0.00012800575,0.9998615,7.352903e-07
/home/share/Uni_Eval/HAM10000_clean/ISIC2018/ISIC_0027029.jpg,5,5,2.632914e-05,1.9971578e-05,3.213374e-05,2.0044563e-05,0.00024851345,0.99964905,3.948145e-06
/home/share/Uni_Eval/HAM10000_clean/ISIC2018/ISIC_0031920.jpg,5,5,0.00032083163,6.702823e-05,0.00012189421,5.851438e-05,0.00046333138,0.9989588,9.547757e-06
/home/share/Uni_Eval/HAM10000_clean/ISIC2018/ISIC_0029763.jpg,5,5,0.058842685,0.0034611034,0.019585881,0.0033422646,0.004425172,0.90962714,0.00071586645
/home/share/Uni_Eval/HAM10000_clean/ISIC2018/ISIC_0031841.jpg,5,5,0.0021447167,8.383558e-05,0.0003975269,0.00011610847,0.00028229662,0.99694806,2.7528491e-05
/home/share/Uni_Eval/HAM10000_clean/ISIC2018/ISIC_0028946.jpg,5,5,4.3788527e-06,2.1637172e-06,3.838373e-05,4.2579827e-06,0.0061747488,0.99376464,1.13794e-05
/home/share/Uni_Eval/HAM10000_clean/ISIC2018/ISIC_0031152.jpg,5,5,0.001566368,0.0011326378,0.0024819646,0.0027555802,0.0011971407,0.9904265,0.00043987247
/home/share/Uni_Eval/HAM10000_clean/ISIC2018/ISIC_0030075.jpg,5,5,1.667661e-07,2.9943173e-08,1.0645655e-05,9.135115e-07,0.00014852792,0.9998271,1.2606427e-05
/home/share/Uni_Eval/HAM10000_clean/ISIC2018/ISIC_0028328.jpg,5,5,1.7105191e-06,2.0951045e-06,0.0005518028,0.00021747922,0.0030222808,0.9961921,1.246897e-05
/home/share/Uni_Eval/HAM10000_clean/ISIC2018/ISIC_0027547.jpg,5,5,2.2501915e-06,1.21265675e-05,2.3275537e-05,0.0002495357,0.00046970887,0.99918526,5.7809488e-05
/home/share/Uni_Eval/HAM10000_clean/ISIC2018/ISIC_0029750.jpg,5,5,1.3699835e-06,1.240063e-05,1.3929432e-05,2.9438547e-06,0.0010763811,0.99887294,1.9990262e-05
/home/share/Uni_Eval/HAM10000_clean/ISIC2018/ISIC_0024991.jpg,5,5,6.9515767e-07,3.0681801e-06,8.870102e-06,1.029279e-06,0.0012148158,0.99873203,3.945278e-05
/home/share/Uni_Eval/HAM10000_clean/ISIC2018/ISIC_0031805.jpg,5,5,2.843961e-06,2.0746293e-06,0.00010934062,5.463638e-06,0.0020841672,0.9977743,2.1837508e-05
/home/share/Uni_Eval/HAM10000_clean/ISIC2018/ISIC_0031688.jpg,5,5,9.0314757e-07,8.0043907e-07,1.0047711e-05,3.4869125e-05,5.4338336e-05,0.9998603,3.868113e-05
/home/share/Uni_Eval/HAM10000_clean/ISIC2018/ISIC_0031731.jpg,5,5,2.9006421e-06,1.5385089e-05,5.4292865e-05,1.1844133e-05,0.0013513899,0.99779713,0.00076703046
/home/share/Uni_Eval/HAM10000_clean/ISIC2018/ISIC_0028444.jpg,5,5,7.894488e-06,4.992118e-06,0.000105785046,3.2217664e-05,0.013413854,0.9864248,1.0431024e-05
/home/share/Uni_Eval/HAM10000_clean/ISIC2018/ISIC_0025139.jpg,5,5,9.3706916e-07,1.1250075e-06,0.000369475,7.311396e-05,2.8218847e-05,0.99946386,6.328548e-05
/home/share/Uni_Eval/HAM10000_clean/ISIC2018/ISIC_0027690.jpg,5,5,5.79482e-06,8.169727e-07,5.1082887e-05,3.049554e-05,2.5138783e-05,0.99988365,2.9250418e-06
/home/share/Uni_Eval/HAM10000_clean/ISIC2018/ISIC_0031658.jpg,5,5,1.4900857e-06,1.7219625e-05,1.9052462e-05,5.61141e-05,0.0006736669,0.9989235,0.0003088893
/home/share/Uni_Eval/HAM10000_clean/ISIC2018/ISIC_0025828.jpg,5,5,1.3856859e-06,2.3528976e-06,4.417613e-05,5.084295e-06,0.005802575,0.9940797,6.476148e-05
/home/share/Uni_Eval/HAM10000_clean/ISIC2018/ISIC_0026578.jpg,5,5,3.8794274e-06,5.3241547e-06,5.8559035e-05,0.00013085698,5.6297307e-05,0.9988187,0.000926311
/home/share/Uni_Eval/HAM10000_clean/ISIC2018/ISIC_0025349.jpg,5,5,9.3762986e-07,7.40736e-05,5.953195e-05,2.3783039e-05,8.222592e-06,0.9994917,0.00034166363
/home/share/Uni_Eval/HAM10000_clean/ISIC2018/ISIC_0027169.jpg,5,5,1.9003089e-06,4.0388845e-06,9.0248495e-06,7.0698945e-05,8.101036e-05,0.999801,3.2375956e-05
/home/share/Uni_Eval/HAM10000_clean/ISIC2018/ISIC_0025888.jpg,5,5,2.0570393e-07,9.043372e-07,3.244422e-05,3.0420167e-06,0.00035628874,0.9995573,4.9638256e-05
/home/share/Uni_Eval/HAM10000_clean/ISIC2018/ISIC_0026813.jpg,5,5,1.6006311e-08,1.6741644e-06,1.9455942e-06,5.355076e-07,0.00024038566,0.99975234,3.113068e-06
/home/share/Uni_Eval/HAM10000_clean/ISIC2018/ISIC_0030449.jpg,5,5,2.8875318e-06,1.5325829e-06,2.3502003e-05,6.76917e-06,0.00084993296,0.99911195,3.364614e-06
/home/share/Uni_Eval/HAM10000_clean/ISIC2018/ISIC_0029520.jpg,5,5,1.6109776e-06,3.0746045e-07,0.00090754527,1.1882971e-05,0.0027219402,0.99626416,9.2497336e-05
/home/share/Uni_Eval/HAM10000_clean/ISIC2018/ISIC_0026517.jpg,5,5,1.4431035e-05,1.2891549e-05,0.0016747105,8.5776865e-06,0.001297973,0.996974,1.7546874e-05
/home/share/Uni_Eval/HAM10000_clean/ISIC2018/ISIC_0031416.jpg,5,5,2.9568937e-06,6.9720227e-06,3.6790207e-05,1.7608996e-06,0.018906837,0.9809263,0.00011829498
/home/share/Uni_Eval/HAM10000_clean/ISIC2018/ISIC_0027782.jpg,5,5,3.7897273e-06,2.2940469e-07,0.00021854625,2.3712882e-06,0.0018268019,0.99788576,6.250984e-05
/home/share/Uni_Eval/HAM10000_clean/ISIC2018/ISIC_0031752.jpg,5,5,6.425478e-06,3.689891e-06,0.00013756107,4.11179e-05,0.0057754517,0.993929,0.00010678412
/home/share/Uni_Eval/HAM10000_clean/ISIC2018/ISIC_0028152.jpg,5,5,3.6342208e-05,0.00020150306,0.00072516897,0.0004792679,0.00022875704,0.9982797,4.9321716e-05
/home/share/Uni_Eval/HAM10000_clean/ISIC2018/ISIC_0025697.jpg,5,5,2.626328e-06,1.1008149e-05,3.719945e-05,4.1883657e-05,0.0012378992,0.9986345,3.482747e-05
/home/share/Uni_Eval/HAM10000_clean/ISIC2018/ISIC_0030905.jpg,5,5,3.5812565e-05,4.5897687e-06,0.0014806134,7.505844e-05,0.009921232,0.98835945,0.00012320782
/home/share/Uni_Eval/HAM10000_clean/ISIC2018/ISIC_0026630.jpg,5,5,1.6281587e-05,4.814788e-06,4.16569e-05,4.7382233e-05,0.013232439,0.98657423,8.320902e-05
/home/share/Uni_Eval/HAM10000_clean/ISIC2018/ISIC_0025360.jpg,5,5,6.163558e-07,1.7415582e-07,1.8981639e-06,3.4291763e-05,0.00054350775,0.9994098,9.725065e-06
/home/share/Uni_Eval/HAM10000_clean/ISIC2018/ISIC_0028253.jpg,5,5,0.0015483248,0.013908104,0.01640655,0.0053775017,0.0001287807,0.96215457,0.00047610913
/home/share/Uni_Eval/HAM10000_clean/ISIC2018/ISIC_0025669.jpg,5,5,1.8121254e-06,2.976052e-05,4.178666e-05,5.8201957e-05,0.0003306917,0.9995177,2.0129237e-05
/home/share/Uni_Eval/HAM10000_clean/ISIC2018/ISIC_0027368.jpg,5,5,0.00016346098,3.8683167e-05,0.0021890732,0.00023154014,0.006310961,0.99105537,1.0875031e-05
/home/share/Uni_Eval/HAM10000_clean/ISIC2018/ISIC_0030777.jpg,5,5,4.138268e-05,1.5685973e-05,0.00019485138,0.0010891156,0.0018392076,0.9968136,6.2494237e-06
/home/share/Uni_Eval/HAM10000_clean/ISIC2018/ISIC_0029875.jpg,5,5,4.6789355e-05,5.660865e-05,0.0026934366,0.0015851174,0.0007719306,0.99479276,5.331851e-05
/home/share/Uni_Eval/HAM10000_clean/ISIC2018/ISIC_0029204.jpg,5,5,0.00012410645,3.6938916e-05,0.0002922344,0.00032395223,0.010525965,0.9886857,1.1100323e-05
/home/share/Uni_Eval/HAM10000_clean/ISIC2018/ISIC_0032267.jpg,5,5,3.4366694e-06,2.9263913e-07,0.0031691606,0.00012677355,0.00032761015,0.9963638,9.043898e-06
/home/share/Uni_Eval/HAM10000_clean/ISIC2018/ISIC_0032069.jpg,5,5,1.2775954e-06,2.2277358e-07,0.0010785847,0.000112597736,0.0002670316,0.99853826,1.9535887e-06
/home/share/Uni_Eval/HAM10000_clean/ISIC2018/ISIC_0029657.jpg,5,5,1.4682284e-06,4.4081773e-07,0.0007052398,0.00012258235,0.0013499041,0.9978181,2.1225865e-06
/home/share/Uni_Eval/HAM10000_clean/ISIC2018/ISIC_0030646.jpg,5,5,9.664438e-07,1.6560994e-06,0.0006666807,0.00044374843,0.00044122725,0.9974885,0.0009571985
/home/share/Uni_Eval/HAM10000_clean/ISIC2018/ISIC_0029018.jpg,5,5,2.0813347e-06,0.0012032152,0.0017213908,9.829811e-06,0.0027823825,0.9940301,0.00025098008
/home/share/Uni_Eval/HAM10000_clean/ISIC2018/ISIC_0028247.jpg,5,5,2.00782e-05,0.0011180526,0.015912889,4.2384516e-05,0.020025583,0.9627955,8.558348e-05
/home/share/Uni_Eval/HAM10000_clean/ISIC2018/ISIC_0027757.jpg,5,5,2.251061e-05,0.0010534842,0.0011842003,6.1135e-05,0.12872598,0.8688954,5.732038e-05
/home/share/Uni_Eval/HAM10000_clean/ISIC2018/ISIC_0032363.jpg,5,5,5.1700124e-05,0.004132416,0.0007304719,0.005031794,0.046586476,0.9433885,7.862342e-05
/home/share/Uni_Eval/HAM10000_clean/ISIC2018/ISIC_0025638.jpg,5,5,0.0014020005,0.035676114,0.0019468088,0.011383845,0.034816906,0.9143199,0.00045446653
/home/share/Uni_Eval/HAM10000_clean/ISIC2018/ISIC_0031178.jpg,5,5,0.0018009773,0.022991318,0.038768876,0.0010062106,0.0018709821,0.9236736,0.009888089
/home/share/Uni_Eval/HAM10000_clean/ISIC2018/ISIC_0029534.jpg,5,5,0.0040121167,0.040984772,0.0120040355,0.031182978,0.00022038796,0.8863896,0.025206164
/home/share/Uni_Eval/HAM10000_clean/ISIC2018/ISIC_0024594.jpg,5,5,6.270179e-05,0.0005974745,0.0055512185,9.807204e-05,0.008281351,0.9853969,1.2248179e-05
/home/share/Uni_Eval/HAM10000_clean/ISIC2018/ISIC_0027444.jpg,5,5,0.00045557224,0.0027875798,0.014134631,8.784924e-05,0.16817296,0.81427,9.1377595e-05
/home/share/Uni_Eval/HAM10000_clean/ISIC2018/ISIC_0027644.jpg,5,5,0.0001470381,0.00031255398,0.05571626,0.00020195056,0.0025397413,0.9410806,1.915614e-06
/home/share/Uni_Eval/HAM10000_clean/ISIC2018/ISIC_0032376.jpg,5,5,0.00048202896,0.32320744,0.016037429,0.0015071984,0.004978615,0.634823,0.018964296
/home/share/Uni_Eval/HAM10000_clean/ISIC2018/ISIC_0029790.jpg,5,5,3.767336e-06,1.2898363e-06,0.0010038472,1.7725207e-06,0.021715973,0.9772701,3.3062033e-06
/home/share/Uni_Eval/HAM10000_clean/ISIC2018/ISIC_0027305.jpg,5,5,0.00020309465,0.005469514,0.006380676,0.0013922284,0.023819601,0.9627314,3.498421e-06
/home/share/Uni_Eval/HAM10000_clean/ISIC2018/ISIC_0028918.jpg,5,5,6.5480715e-05,3.4514993e-05,0.0039166566,4.3926553e-05,0.027570898,0.9682787,8.980599e-05
/home/share/Uni_Eval/HAM10000_clean/ISIC2018/ISIC_0030697.jpg,5,5,0.00030221554,6.977517e-05,0.0046968884,4.89493e-05,0.078484386,0.9163459,5.191485e-05
/home/share/Uni_Eval/HAM10000_clean/ISIC2018/ISIC_0028293.jpg,5,5,4.329662e-05,2.9501665e-05,0.0006183106,0.00010128096,0.0028321745,0.9963291,4.6369765e-05
/home/share/Uni_Eval/HAM10000_clean/ISIC2018/ISIC_0027264.jpg,5,5,0.00091128476,0.001169914,0.0007622013,0.0030414143,0.03083699,0.96318763,9.063924e-05
/home/share/Uni_Eval/HAM10000_clean/ISIC2018/ISIC_0031404.jpg,5,5,0.06135911,0.037318323,0.016179293,0.08474013,0.21723004,0.5830851,8.790546e-05
/home/share/Uni_Eval/HAM10000_clean/ISIC2018/ISIC_0025152.jpg,5,5,2.751105e-06,0.0013646007,0.0143858725,0.00036652063,0.007065183,0.9681827,0.00863233
/home/share/Uni_Eval/HAM10000_clean/ISIC2018/ISIC_0027235.jpg,5,4,0.00015167311,0.00030638312,0.013079024,6.0735558e-05,0.68514746,0.3012304,2.4331423e-05
/home/share/Uni_Eval/HAM10000_clean/ISIC2018/ISIC_0031160.jpg,5,5,2.478784e-05,8.7996676e-05,0.03500107,1.938237e-06,0.23901922,0.725809,5.6043824e-05
/home/share/Uni_Eval/HAM10000_clean/ISIC2018/ISIC_0028010.jpg,5,4,0.000119922544,0.00086410384,0.04244044,3.1411077e-05,0.55932045,0.39722082,2.821034e-06
/home/share/Uni_Eval/HAM10000_clean/ISIC2018/ISIC_0024934.jpg,5,5,0.0002716236,5.8733453e-06,0.023174725,5.9127164e-05,0.001055778,0.9754328,3.761232e-08
/home/share/Uni_Eval/HAM10000_clean/ISIC2018/ISIC_0028461.jpg,5,5,0.0072725997,0.013444152,0.08080499,0.010254053,0.32998204,0.55327415,0.004968005
/home/share/Uni_Eval/HAM10000_clean/ISIC2018/ISIC_0028332.jpg,5,5,0.0014419423,0.00019384734,0.007328372,0.005399547,0.024549292,0.9610868,1.6119358e-07
/home/share/Uni_Eval/HAM10000_clean/ISIC2018/ISIC_0032334.jpg,5,4,0.008436682,0.004783698,0.013283777,0.0013034864,0.60515773,0.36699903,3.5550285e-05
/home/share/Uni_Eval/HAM10000_clean/ISIC2018/ISIC_0030858.jpg,5,5,0.0006836445,0.0004844445,0.001835965,0.0009040737,0.16955772,0.82653105,3.0577053e-06
/home/share/Uni_Eval/HAM10000_clean/ISIC2018/ISIC_0030609.jpg,5,5,1.4014929e-05,1.9541922e-06,0.0061724647,4.4834233e-06,0.09850152,0.89530486,7.256714e-07
/home/share/Uni_Eval/HAM10000_clean/ISIC2018/ISIC_0027987.jpg,5,5,0.000371399,0.00029346842,0.002449043,0.003649714,0.03779418,0.95504683,0.00039536558
/home/share/Uni_Eval/HAM10000_clean/ISIC2018/ISIC_0026722.jpg,5,5,0.01136777,0.17909172,0.041348796,0.011384874,0.11028832,0.64633507,0.00018341288
/home/share/Uni_Eval/HAM10000_clean/ISIC2018/ISIC_0031663.jpg,5,5,0.008541321,0.06788087,0.063271455,0.0074976054,0.18711342,0.663416,0.002279274
/home/share/Uni_Eval/HAM10000_clean/ISIC2018/ISIC_0025568.jpg,5,5,2.946159e-07,0.000976568,0.0026868803,2.3698137e-06,0.13781887,0.85840845,0.0001065731
/home/share/Uni_Eval/HAM10000_clean/ISIC2018/ISIC_0030247.jpg,5,2,0.051346023,0.065918125,0.7579737,0.007919672,0.024402464,0.09141709,0.0010229653
/home/share/Uni_Eval/HAM10000_clean/ISIC2018/ISIC_0029756.jpg,5,5,1.01232745e-05,0.0006182061,0.008122625,0.00017593862,0.05842359,0.93231577,0.00033383892
/home/share/Uni_Eval/HAM10000_clean/ISIC2018/ISIC_0031629.jpg,5,5,2.9192033e-05,1.6848036e-05,0.0038683675,3.2685352e-07,0.030420698,0.96566206,2.5443599e-06
/home/share/Uni_Eval/HAM10000_clean/ISIC2018/ISIC_0027537.jpg,5,5,0.0001517534,0.00013226514,0.0818999,2.5192545e-05,0.03621759,0.8815541,1.9074183e-05
/home/share/Uni_Eval/HAM10000_clean/ISIC2018/ISIC_0026223.jpg,5,5,0.00022600479,0.00010861548,0.08463616,0.00011908764,0.18349974,0.73134243,6.7970606e-05
/home/share/Uni_Eval/HAM10000_clean/ISIC2018/ISIC_0024789.jpg,5,5,0.00025675778,0.009799644,0.0055090263,0.00013025658,0.00039875315,0.98385864,4.6871934e-05
/home/share/Uni_Eval/HAM10000_clean/ISIC2018/ISIC_0029854.jpg,5,5,1.8642508e-05,0.026460402,0.30160788,3.5838202e-05,0.05197942,0.6192972,0.00060062506
/home/share/Uni_Eval/HAM10000_clean/ISIC2018/ISIC_0027911.jpg,5,5,0.0018649775,0.004516348,0.044003334,0.0017478763,0.04765715,0.90006435,0.00014598371
/home/share/Uni_Eval/HAM10000_clean/ISIC2018/ISIC_0031435.jpg,5,5,5.0281515e-06,2.303124e-05,0.0027243074,1.2400562e-06,0.056219716,0.9410238,2.9134528e-06
/home/share/Uni_Eval/HAM10000_clean/ISIC2018/ISIC_0026389.jpg,5,5,8.9890265e-05,0.02935053,0.12628636,0.00027823864,0.0067775357,0.83467937,0.0025380796
/home/share/Uni_Eval/HAM10000_clean/ISIC2018/ISIC_0025847.jpg,5,5,0.000514748,0.002245658,0.008771111,0.00017217909,0.18753874,0.80073696,2.05628e-05
/home/share/Uni_Eval/HAM10000_clean/ISIC2018/ISIC_0027462.jpg,5,5,5.6443787e-05,0.0005498032,0.010935984,0.0002863915,0.3935663,0.59445983,0.00014531196
/home/share/Uni_Eval/HAM10000_clean/ISIC2018/ISIC_0024824.jpg,5,5,6.6298494e-06,0.0002936859,0.09195032,2.0737642e-05,0.0059649306,0.9017623,1.3849263e-06
/home/share/Uni_Eval/HAM10000_clean/ISIC2018/ISIC_0031293.jpg,5,5,5.1897036e-06,5.876977e-06,0.0015076149,9.375396e-07,0.012603594,0.98587555,1.2080222e-06
/home/share/Uni_Eval/HAM10000_clean/ISIC2018/ISIC_0025809.jpg,5,4,0.0014625,0.0023823709,0.16350272,0.0008790218,0.5403953,0.29131407,6.397383e-05
/home/share/Uni_Eval/HAM10000_clean/ISIC2018/ISIC_0029296.jpg,5,4,1.5590933e-06,0.0024991357,0.0014992963,6.5495806e-05,0.54167914,0.45410982,0.00014550559
/home/share/Uni_Eval/HAM10000_clean/ISIC2018/ISIC_0031646.jpg,5,4,0.0004937922,0.007813613,0.011312065,0.0020416132,0.7229989,0.25533354,6.520967e-06
/home/share/Uni_Eval/HAM10000_clean/ISIC2018/ISIC_0029986.jpg,5,4,0.00010941606,0.0010755989,0.0007810275,3.3092805e-05,0.9363111,0.061658043,3.176434e-05
/home/share/Uni_Eval/HAM10000_clean/ISIC2018/ISIC_0026501.jpg,5,5,0.00041474611,0.083037496,0.17013296,0.00029757555,0.165608,0.5782335,0.0022757628
/home/share/Uni_Eval/HAM10000_clean/ISIC2018/ISIC_0026006.jpg,5,5,0.00015176083,0.040665396,0.091335684,0.00012946718,0.12039097,0.746455,0.0008716491
/home/share/Uni_Eval/HAM10000_clean/ISIC2018/ISIC_0032364.jpg,5,2,0.0009328838,8.163837e-05,0.48710492,3.446772e-05,0.1594785,0.35236734,3.0928476e-07
/home/share/Uni_Eval/HAM10000_clean/ISIC2018/ISIC_0032078.jpg,5,5,0.0002633116,0.00052881724,0.13870862,0.00027428582,0.019629525,0.8401984,0.00039706085
/home/share/Uni_Eval/HAM10000_clean/ISIC2018/ISIC_0027049.jpg,5,5,1.0585897e-05,0.00067028444,0.0011181656,0.00079158694,0.0037489545,0.9936498,1.06402695e-05
/home/share/Uni_Eval/HAM10000_clean/ISIC2018/ISIC_0028966.jpg,5,5,9.565008e-07,3.968588e-06,0.0003961993,0.00037624984,0.016182361,0.98301893,2.1309574e-05
/home/share/Uni_Eval/HAM10000_clean/ISIC2018/ISIC_0032443.jpg,5,5,4.041429e-06,6.4722445e-07,0.0012024905,9.006469e-06,0.0013871912,0.99739563,1.0132065e-06
/home/share/Uni_Eval/HAM10000_clean/ISIC2018/ISIC_0028527.jpg,5,5,0.00067623093,0.00077441736,0.15016821,0.0040077567,0.058993526,0.7853429,3.691208e-05
/home/share/Uni_Eval/HAM10000_clean/ISIC2018/ISIC_0025863.jpg,5,5,1.211618e-06,5.885545e-06,0.011579847,3.0313371e-05,0.012900648,0.9754818,1.514399e-07
/home/share/Uni_Eval/HAM10000_clean/ISIC2018/ISIC_0024387.jpg,5,5,1.4909025e-06,3.250893e-05,0.004864329,5.0340208e-05,0.097043805,0.8980072,3.2988515e-07
/home/share/Uni_Eval/HAM10000_clean/ISIC2018/ISIC_0024924.jpg,5,4,6.257073e-05,0.00094730896,0.0404643,1.3183746e-05,0.66118324,0.29723382,9.561602e-05
/home/share/Uni_Eval/HAM10000_clean/ISIC2018/ISIC_0027099.jpg,5,5,8.056005e-05,0.0016906399,0.1193414,2.9946323e-05,0.37666643,0.5017018,0.00048926
/home/share/Uni_Eval/HAM10000_clean/ISIC2018/ISIC_0030125.jpg,5,5,0.000367468,0.0038480083,0.0026621362,0.00013137529,0.060746763,0.91946375,0.012780442
/home/share/Uni_Eval/HAM10000_clean/ISIC2018/ISIC_0026911.jpg,5,5,8.770562e-06,2.9853845e-05,0.00017601403,7.458221e-05,0.021482462,0.9782139,1.4299422e-05
/home/share/Uni_Eval/HAM10000_clean/ISIC2018/ISIC_0030464.jpg,5,5,4.894442e-07,1.6841533e-07,0.0058259293,3.0797495e-05,0.0075166156,0.9864753,0.00015072348
/home/share/Uni_Eval/HAM10000_clean/ISIC2018/ISIC_0026781.jpg,5,5,7.7966515e-06,2.9019877e-06,0.004440164,5.733975e-06,0.0066059832,0.9889368,4.7369713e-07
/home/share/Uni_Eval/HAM10000_clean/ISIC2018/ISIC_0032309.jpg,5,5,0.00033081303,0.0007099629,0.014571266,0.00044241594,0.026685707,0.95720965,5.0161056e-05
/home/share/Uni_Eval/HAM10000_clean/ISIC2018/ISIC_0029194.jpg,5,5,4.8421825e-06,0.00035960684,8.819834e-05,0.0001706544,0.014358789,0.9847254,0.0002925594
/home/share/Uni_Eval/HAM10000_clean/ISIC2018/ISIC_0027034.jpg,5,5,2.0153519e-05,8.860832e-06,0.0026966138,4.8373127e-05,0.026434558,0.97078294,8.510204e-06
/home/share/Uni_Eval/HAM10000_clean/ISIC2018/ISIC_0025094.jpg,5,5,5.2415576e-06,2.3983424e-05,0.15656394,5.4843426e-06,0.047698222,0.7924618,0.0032412678
/home/share/Uni_Eval/HAM10000_clean/ISIC2018/ISIC_0031713.jpg,5,5,2.0362357e-05,0.00018878018,0.028742298,1.0602587e-05,0.23754029,0.7334739,2.3830376e-05
/home/share/Uni_Eval/HAM10000_clean/ISIC2018/ISIC_0027645.jpg,5,5,3.399027e-05,0.010282073,0.023090394,0.00012931695,0.011969319,0.9541831,0.0003117732
/home/share/Uni_Eval/HAM10000_clean/ISIC2018/ISIC_0030979.jpg,5,5,9.710752e-06,5.720594e-07,0.001065122,4.0757422e-07,0.009463923,0.98945636,3.930449e-06
/home/share/Uni_Eval/HAM10000_clean/ISIC2018/ISIC_0028831.jpg,5,5,4.0643114e-05,0.00017854631,0.014616944,7.978504e-06,0.4113523,0.57367826,0.00012531383
/home/share/Uni_Eval/HAM10000_clean/ISIC2018/ISIC_0030053.jpg,5,5,0.0005981929,0.0013516569,0.15322152,0.0012060821,0.37706372,0.46649534,6.3451764e-05
/home/share/Uni_Eval/HAM10000_clean/ISIC2018/ISIC_0025671.jpg,5,5,4.60646e-05,4.449362e-06,0.0016038386,8.89131e-07,0.036180343,0.9621643,1.4644893e-07
/home/share/Uni_Eval/HAM10000_clean/ISIC2018/ISIC_0026608.jpg,5,5,0.00032479924,0.00053986144,0.121550776,1.6914151e-05,0.3260626,0.55146354,4.1475672e-05
/home/share/Uni_Eval/HAM10000_clean/ISIC2018/ISIC_0030334.jpg,5,5,0.00049464987,0.0005475766,0.052484438,4.033781e-06,0.3906703,0.5556788,0.000120259305
/home/share/Uni_Eval/HAM10000_clean/ISIC2018/ISIC_0030473.jpg,5,5,1.0180415e-05,1.1146441e-05,0.00078806997,5.0651556e-06,0.2031258,0.7960463,1.347998e-05
/home/share/Uni_Eval/HAM10000_clean/ISIC2018/ISIC_0030350.jpg,5,5,8.987375e-06,0.05025343,0.0036416613,0.0002330393,0.007728648,0.937684,0.0004501917
/home/share/Uni_Eval/HAM10000_clean/ISIC2018/ISIC_0028823.jpg,5,5,1.513382e-06,0.017132992,0.00069812173,0.00021163606,0.0011401214,0.9794781,0.0013374675
/home/share/Uni_Eval/HAM10000_clean/ISIC2018/ISIC_0024317.jpg,5,5,8.884559e-06,4.4968756e-06,0.01832078,0.00016453932,0.047535192,0.93396246,3.711304e-06
/home/share/Uni_Eval/HAM10000_clean/ISIC2018/ISIC_0033356.jpg,5,5,0.00011970239,0.0001693933,0.0013410578,0.00030673807,0.010010474,0.9880503,2.4113579e-06
/home/share/Uni_Eval/HAM10000_clean/ISIC2018/ISIC_0026544.jpg,5,1,0.10371246,0.73528695,0.006982801,0.0814871,0.005532673,0.0651617,0.0018363601
/home/share/Uni_Eval/HAM10000_clean/ISIC2018/ISIC_0032470.jpg,5,2,0.02656844,0.35240412,0.41128942,0.15752532,0.0018344544,0.04958647,0.0007918301
/home/share/Uni_Eval/HAM10000_clean/ISIC2018/ISIC_0025049.jpg,5,5,0.0003321965,4.522187e-05,0.029416764,0.00025418014,0.10286274,0.8670441,4.475653e-05
/home/share/Uni_Eval/HAM10000_clean/ISIC2018/ISIC_0026432.jpg,5,5,0.00019893312,0.004032899,8.518944e-05,8.3355894e-07,0.010902398,0.98455566,0.00022413649
/home/share/Uni_Eval/HAM10000_clean/ISIC2018/ISIC_0030462.jpg,5,5,2.6334044e-06,0.0012286418,0.0018253651,1.4304928e-05,0.16285913,0.8340646,5.298985e-06
/home/share/Uni_Eval/HAM10000_clean/ISIC2018/ISIC_0032527.jpg,5,5,1.7716822e-05,3.384607e-05,0.0015761583,0.00019602086,0.034300767,0.963604,0.0002715437
/home/share/Uni_Eval/HAM10000_clean/ISIC2018/ISIC_0033963.jpg,5,5,0.0013390961,0.00012211838,0.029367017,0.00016974828,0.24362405,0.72517854,0.00019932438
/home/share/Uni_Eval/HAM10000_clean/ISIC2018/ISIC_0032924.jpg,5,5,0.00013145279,6.3449224e-05,0.034598272,0.00020168968,0.056427218,0.90854937,2.8604289e-05
/home/share/Uni_Eval/HAM10000_clean/ISIC2018/ISIC_0030845.jpg,5,5,1.944963e-05,6.924316e-05,0.0005099763,2.1856777e-05,0.36940712,0.62991935,5.3064457e-05
/home/share/Uni_Eval/HAM10000_clean/ISIC2018/ISIC_0033561.jpg,5,5,7.790349e-05,0.00072103774,0.021361718,0.00017816275,0.439115,0.5384281,0.00011803396
/home/share/Uni_Eval/HAM10000_clean/ISIC2018/ISIC_0025619.jpg,5,5,0.00013248784,0.03498595,0.028510699,0.0003953648,0.021551639,0.8887064,0.025717374
/home/share/Uni_Eval/HAM10000_clean/ISIC2018/ISIC_0034290.jpg,5,5,1.3191747e-05,0.00014411425,0.011459594,0.00038136306,0.028618602,0.9324908,0.026892317
/home/share/Uni_Eval/HAM10000_clean/ISIC2018/ISIC_0033165.jpg,5,5,1.9815474e-05,0.0003095449,0.013601978,0.00049385574,0.14271028,0.7944762,0.04838844
/home/share/Uni_Eval/HAM10000_clean/ISIC2018/ISIC_0033767.jpg,5,5,1.90333e-06,1.5115301e-05,0.0006316184,6.299385e-06,0.01562243,0.98367995,4.2646847e-05
/home/share/Uni_Eval/HAM10000_clean/ISIC2018/ISIC_0032590.jpg,5,5,3.9305356e-05,0.0010231637,0.0031990279,1.4253524e-05,0.033753194,0.9610213,0.00094978145
/home/share/Uni_Eval/HAM10000_clean/ISIC2018/ISIC_0033549.jpg,5,5,4.6349633e-05,0.0009624195,0.032661226,3.611655e-05,0.11990138,0.845242,0.0011504551
/home/share/Uni_Eval/HAM10000_clean/ISIC2018/ISIC_0032953.jpg,5,5,1.3075965e-08,5.404024e-06,1.8978548e-05,3.1542202e-06,0.0005646098,0.9891895,0.010218275
/home/share/Uni_Eval/HAM10000_clean/ISIC2018/ISIC_0031904.jpg,5,5,0.00020792602,0.00027048335,0.01811126,0.00053974043,0.0035438961,0.9773266,9.7728396e-08
/home/share/Uni_Eval/HAM10000_clean/ISIC2018/ISIC_0033511.jpg,5,5,2.789099e-05,0.00020919341,0.006810351,3.7354563e-05,0.10279951,0.89010286,1.2793904e-05
/home/share/Uni_Eval/HAM10000_clean/ISIC2018/ISIC_0025978.jpg,5,5,5.725454e-05,0.0034731738,0.011628761,0.0021244534,0.003975354,0.97841144,0.00032959986
/home/share/Uni_Eval/HAM10000_clean/ISIC2018/ISIC_0027654.jpg,5,5,0.0006965017,7.36104e-06,0.0018929351,0.0001303216,5.871294e-05,0.910176,0.08703819
/home/share/Uni_Eval/HAM10000_clean/ISIC2018/ISIC_0025421.jpg,5,5,0.001885365,0.018969985,0.044999927,0.0021595573,0.3933965,0.5291105,0.009478204
/home/share/Uni_Eval/HAM10000_clean/ISIC2018/ISIC_0024730.jpg,5,5,4.4219843e-05,4.5231547e-05,0.0036947432,8.347389e-06,0.1311653,0.8650085,3.368084e-05
/home/share/Uni_Eval/HAM10000_clean/ISIC2018/ISIC_0031988.jpg,5,5,0.00020281636,0.00028445062,0.0075494293,2.0110765e-05,0.044547718,0.9473748,2.0587131e-05
/home/share/Uni_Eval/HAM10000_clean/ISIC2018/ISIC_0026084.jpg,5,5,0.036489733,0.04981872,0.040424734,0.009390802,0.20202756,0.6618288,1.9675395e-05
/home/share/Uni_Eval/HAM10000_clean/ISIC2018/ISIC_0030085.jpg,5,4,0.0013850109,0.006651886,0.101955876,4.52687e-06,0.64256626,0.2473488,8.765575e-05
/home/share/Uni_Eval/HAM10000_clean/ISIC2018/ISIC_0031757.jpg,5,5,1.2632639e-05,7.379885e-07,0.00387577,1.6177688e-06,0.00078210625,0.995327,6.730586e-08
/home/share/Uni_Eval/HAM10000_clean/ISIC2018/ISIC_0025117.jpg,5,5,1.332901e-05,0.0033171757,0.0054851263,0.0001630102,0.0059287744,0.96706724,0.01802533
/home/share/Uni_Eval/HAM10000_clean/ISIC2018/ISIC_0032641.jpg,5,5,9.0599664e-05,0.00036259778,0.0054784664,0.0001658369,0.09278574,0.901111,5.78938e-06
/home/share/Uni_Eval/HAM10000_clean/ISIC2018/ISIC_0032743.jpg,5,5,4.223167e-05,2.2890667e-07,0.006066208,2.366515e-06,0.17134252,0.82254446,2.0423897e-06
/home/share/Uni_Eval/HAM10000_clean/ISIC2018/ISIC_0033157.jpg,5,5,1.2195208e-05,4.984445e-06,0.0038923088,0.000125736,0.016495893,0.9794684,4.123355e-07
/home/share/Uni_Eval/HAM10000_clean/ISIC2018/ISIC_0032623.jpg,5,5,6.981088e-05,0.00015135872,0.015220727,8.9363675e-05,0.011587024,0.9728574,2.4302237e-05
/home/share/Uni_Eval/HAM10000_clean/ISIC2018/ISIC_0032595.jpg,5,5,4.7667556e-05,2.7939934e-05,0.0016943567,5.8627033e-06,0.0040590926,0.9941625,2.6480268e-06
/home/share/Uni_Eval/HAM10000_clean/ISIC2018/ISIC_0034281.jpg,5,5,8.711015e-05,0.00085474947,0.00560139,0.00054210797,0.002573525,0.99007785,0.0002632893
/home/share/Uni_Eval/HAM10000_clean/ISIC2018/ISIC_0032957.jpg,5,5,1.3789281e-05,0.0014105473,0.03177785,2.5181134e-05,0.019930901,0.94673127,0.00011052144
/home/share/Uni_Eval/HAM10000_clean/ISIC2018/ISIC_0033070.jpg,5,5,9.19787e-05,0.0022412841,0.044197053,0.0011252649,0.06320402,0.8890973,4.3137883e-05
/home/share/Uni_Eval/HAM10000_clean/ISIC2018/ISIC_0032742.jpg,5,5,3.5290108e-05,5.2531537e-05,0.0035394349,5.4476306e-05,0.056693744,0.9396035,2.109531e-05
/home/share/Uni_Eval/HAM10000_clean/ISIC2018/ISIC_0034112.jpg,5,5,7.460522e-06,5.0800368e-06,0.0007084709,2.1245492e-05,0.1355023,0.8637534,2.1186238e-06
/home/share/Uni_Eval/HAM10000_clean/ISIC2018/ISIC_0033409.jpg,5,5,1.5492611e-05,2.7201959e-06,0.00019914139,0.00012463197,0.022105098,0.9775072,4.5763918e-05
/home/share/Uni_Eval/HAM10000_clean/ISIC2018/ISIC_0034184.jpg,5,5,0.00053644856,0.004671655,0.026583457,0.00031852527,0.005017311,0.96282166,5.0930128e-05
/home/share/Uni_Eval/HAM10000_clean/ISIC2018/ISIC_0033471.jpg,5,4,0.00026988977,0.00021801298,0.016220262,6.0300576e-06,0.7153394,0.2679446,1.7751767e-06
/home/share/Uni_Eval/HAM10000_clean/ISIC2018/ISIC_0032568.jpg,5,5,2.7304006e-06,3.8778253e-06,0.00010375141,0.0009143316,0.012750037,0.9862251,1.3061727e-07
/home/share/Uni_Eval/HAM10000_clean/ISIC2018/ISIC_0032516.jpg,5,5,0.00019580362,0.0034634164,0.006871833,0.00038256755,0.050715066,0.93836933,2.0547202e-06
/home/share/Uni_Eval/HAM10000_clean/ISIC2018/ISIC_0034102.jpg,5,5,0.00022558673,9.302046e-05,0.0019600773,0.0012239681,0.08528463,0.91087246,0.00034019016
/home/share/Uni_Eval/HAM10000_clean/ISIC2018/ISIC_0033988.jpg,5,5,3.6729805e-05,0.00043754236,0.003654278,7.8162346e-05,0.0037572212,0.99203414,1.854136e-06
/home/share/Uni_Eval/HAM10000_clean/ISIC2018/ISIC_0032859.jpg,5,5,0.0004242073,0.00071947486,0.008298126,0.0008998635,0.007887057,0.98177,1.3309682e-06
/home/share/Uni_Eval/HAM10000_clean/ISIC2018/ISIC_0032728.jpg,5,5,6.613537e-09,3.1717454e-07,1.6021742e-05,6.329342e-07,0.005538092,0.99444336,1.6318054e-06
/home/share/Uni_Eval/HAM10000_clean/ISIC2018/ISIC_0032802.jpg,5,5,6.462418e-05,7.039084e-06,0.00035111004,0.000527459,0.04966345,0.94937336,1.29713135e-05
/home/share/Uni_Eval/HAM10000_clean/ISIC2018/ISIC_0033222.jpg,5,4,0.0007610637,2.3440893e-05,0.00078108185,2.685357e-05,0.5329801,0.46542737,1.11953746e-07
/home/share/Uni_Eval/HAM10000_clean/ISIC2018/ISIC_0032546.jpg,5,5,0.0022994194,0.03220312,0.09735985,0.00020791804,0.15752585,0.7104026,1.256689e-06
/home/share/Uni_Eval/HAM10000_clean/ISIC2018/ISIC_0032521.jpg,5,5,0.00043460514,0.0009904708,0.0004932284,0.0002862427,0.039621133,0.9528317,0.0053426027
/home/share/Uni_Eval/HAM10000_clean/ISIC2018/ISIC_0033618.jpg,5,5,5.4029188e-06,0.00028247607,0.00014224014,3.866082e-06,0.21185488,0.7877025,8.6609225e-06
/home/share/Uni_Eval/HAM10000_clean/ISIC2018/ISIC_0033016.jpg,5,5,1.5361069e-05,0.0030611428,0.00026102163,3.4629218e-05,0.42737266,0.56916326,9.1884e-05
/home/share/Uni_Eval/HAM10000_clean/ISIC2018/ISIC_0032895.jpg,5,5,9.664399e-06,3.615873e-05,0.0027669054,7.336805e-05,0.0122323185,0.98486394,1.7672377e-05
/home/share/Uni_Eval/HAM10000_clean/ISIC2018/ISIC_0033237.jpg,5,5,0.00011106695,0.00015745485,0.0031823718,5.366761e-05,0.03848074,0.95800686,7.796725e-06
/home/share/Uni_Eval/HAM10000_clean/ISIC2018/ISIC_0033373.jpg,5,2,0.00013735957,0.006278583,0.7342393,0.0007800242,0.035446476,0.22304623,7.202314e-05
/home/share/Uni_Eval/HAM10000_clean/ISIC2018/ISIC_0033411.jpg,5,5,0.00042585508,0.0020779364,0.046843346,0.0001250802,0.022144033,0.9283824,1.3160513e-06
/home/share/Uni_Eval/HAM10000_clean/ISIC2018/ISIC_0033824.jpg,5,5,5.348524e-07,9.0898544e-07,0.00020962137,0.00016606248,0.005676721,0.99394304,2.96982e-06
/home/share/Uni_Eval/HAM10000_clean/ISIC2018/ISIC_0032838.jpg,5,5,2.9528488e-05,3.4684894e-05,0.0017876828,6.732796e-06,0.15794243,0.8401959,3.0878066e-06
/home/share/Uni_Eval/HAM10000_clean/ISIC2018/ISIC_0034307.jpg,5,5,0.00060446345,0.00022177031,0.0057060863,0.00040325048,0.13143288,0.8616254,6.2282197e-06
/home/share/Uni_Eval/HAM10000_clean/ISIC2018/ISIC_0034137.jpg,5,5,0.0007278911,4.3581827e-06,0.054024782,0.00022768583,0.16103978,0.78397524,2.5997142e-07
/home/share/Uni_Eval/HAM10000_clean/ISIC2018/ISIC_0033972.jpg,5,5,0.0021032512,0.003700586,0.06217636,0.00223088,0.0065664765,0.9232066,1.5808306e-05
/home/share/Uni_Eval/HAM10000_clean/ISIC2018/ISIC_0033367.jpg,5,2,0.012454267,0.004921766,0.35013247,0.28433242,0.02622626,0.3213989,0.00053383934
/home/share/Uni_Eval/HAM10000_clean/ISIC2018/ISIC_0033289.jpg,5,5,0.0004512135,3.2096712e-05,0.086295165,1.1675599e-05,0.43899992,0.4742099,4.228416e-08
/home/share/Uni_Eval/HAM10000_clean/ISIC2018/ISIC_0033283.jpg,5,5,0.0003909236,7.940573e-05,0.004206967,0.00021210896,0.14347865,0.8516246,7.398467e-06
/home/share/Uni_Eval/HAM10000_clean/ISIC2018/ISIC_0034179.jpg,5,5,6.179056e-05,5.479574e-05,0.014242704,0.0005253555,0.00041150887,0.97794527,0.006758603
/home/share/Uni_Eval/HAM10000_clean/ISIC2018/ISIC_0033983.jpg,5,5,5.92005e-06,7.5282405e-06,0.004804632,2.123868e-05,0.033280443,0.9618695,1.07670685e-05
/home/share/Uni_Eval/HAM10000_clean/ISIC2018/ISIC_0032541.jpg,5,5,4.8452775e-06,6.102467e-05,0.0005788093,3.1396008e-05,0.02106218,0.978238,2.3794315e-05
/home/share/Uni_Eval/HAM10000_clean/ISIC2018/ISIC_0033961.jpg,5,5,3.9853143e-07,2.255169e-07,3.0553977e-06,3.41995e-07,0.004102252,0.99588567,8.072279e-06
/home/share/Uni_Eval/HAM10000_clean/ISIC2018/ISIC_0033702.jpg,5,5,1.3784355e-06,4.3859276e-07,3.363305e-05,2.1163328e-06,0.02838647,0.9715531,2.289534e-05
/home/share/Uni_Eval/HAM10000_clean/ISIC2018/ISIC_0032942.jpg,5,5,2.9611194e-06,1.2082317e-05,6.507012e-05,1.2772013e-05,0.0012358573,0.99856204,0.00010931627
/home/share/Uni_Eval/HAM10000_clean/ISIC2018/ISIC_0034153.jpg,5,2,0.025679706,0.00844468,0.43465453,0.002004212,0.3943594,0.1348086,4.8891987e-05
/home/share/Uni_Eval/HAM10000_clean/ISIC2018/ISIC_0032860.jpg,5,6,0.00019454933,0.29293537,0.022970397,0.0050785993,0.10240452,0.11713264,0.45928383
/home/share/Uni_Eval/HAM10000_clean/ISIC2018/ISIC_0034116.jpg,5,5,2.8628538e-06,0.000103842045,0.0025279452,2.9812363e-05,0.17038234,0.8269439,9.4443585e-06
/home/share/Uni_Eval/HAM10000_clean/ISIC2018/ISIC_0034060.jpg,5,5,1.5270983e-06,3.7476138e-06,6.0091825e-05,9.756317e-06,0.023175098,0.97668797,6.177394e-05
/home/share/Uni_Eval/HAM10000_clean/ISIC2018/ISIC_0033213.jpg,5,5,0.00041240596,0.0001780662,0.05008802,0.0056488304,0.18830805,0.7552536,0.00011098364
/home/share/Uni_Eval/HAM10000_clean/ISIC2018/ISIC_0033897.jpg,5,5,0.00092397485,0.0017837014,0.09158346,0.00050418265,0.07186073,0.83262295,0.0007209699
/home/share/Uni_Eval/HAM10000_clean/ISIC2018/ISIC_0032908.jpg,5,5,0.000246587,0.010422984,0.03865568,0.0003019029,0.17500703,0.7753228,4.299481e-05
/home/share/Uni_Eval/HAM10000_clean/ISIC2018/ISIC_0034203.jpg,5,5,0.0015273561,0.42589158,0.0012759276,0.000255943,0.013147038,0.5543487,0.0035534268
/home/share/Uni_Eval/HAM10000_clean/ISIC2018/ISIC_0032746.jpg,5,4,0.00037259108,0.0004942896,0.007625544,9.973332e-05,0.65373605,0.33766422,7.641049e-06
/home/share/Uni_Eval/HAM10000_clean/ISIC2018/ISIC_0034121.jpg,5,5,1.6308107e-06,1.890429e-05,0.00028976132,1.8263854e-05,0.027765773,0.97189325,1.2375009e-05
/home/share/Uni_Eval/HAM10000_clean/ISIC2018/ISIC_0034240.jpg,5,5,0.000117917414,8.094898e-07,0.00068776787,5.8735484e-05,0.008748967,0.9903853,6.0077394e-07
/home/share/Uni_Eval/HAM10000_clean/ISIC2018/ISIC_0032820.jpg,5,5,2.5256309e-06,3.9865795e-06,0.00011856567,1.0805163e-05,0.20875065,0.7911083,5.123055e-06
/home/share/Uni_Eval/HAM10000_clean/ISIC2018/ISIC_0034148.jpg,5,5,0.0013696993,0.0013541342,0.013040764,0.0014906385,0.17432229,0.80841553,6.9159937e-06
/home/share/Uni_Eval/HAM10000_clean/ISIC2018/ISIC_0033566.jpg,5,5,0.0003776735,0.0007072288,0.14423704,8.12523e-06,0.0070428615,0.8476008,2.6335641e-05
/home/share/Uni_Eval/HAM10000_clean/ISIC2018/ISIC_0033447.jpg,5,5,2.1797343e-05,4.6441834e-05,0.00015401136,4.250758e-05,0.07351807,0.9262065,1.0597293e-05
/home/share/Uni_Eval/HAM10000_clean/ISIC2018/ISIC_0033282.jpg,5,5,0.0005874408,0.0013296272,0.036503896,0.029553283,0.043163855,0.88839215,0.0004697631
/home/share/Uni_Eval/HAM10000_clean/ISIC2018/ISIC_0034084.jpg,5,5,0.0021916244,0.001926624,0.023400214,0.08196587,0.0043518185,0.8852423,0.0009215937
/home/share/Uni_Eval/HAM10000_clean/ISIC2018/ISIC_0034176.jpg,5,5,0.002776806,0.003987979,0.025086582,0.01920463,0.0016120232,0.94589037,0.0014415913
/home/share/Uni_Eval/HAM10000_clean/ISIC2018/ISIC_0033104.jpg,5,5,0.00018224688,6.606933e-05,0.0017630549,0.0025657718,0.45583606,0.5394943,9.254376e-05
/home/share/Uni_Eval/HAM10000_clean/ISIC2018/ISIC_0034213.jpg,5,5,0.008463507,0.009013662,0.0030985675,0.005622922,0.09441835,0.8793172,6.571314e-05
/home/share/Uni_Eval/HAM10000_clean/ISIC2018/ISIC_0026279.jpg,5,5,1.1144011e-06,3.514735e-05,0.0019381817,2.242932e-06,0.005035706,0.9929582,2.9465315e-05
/home/share/Uni_Eval/HAM10000_clean/ISIC2018/ISIC_0032601.jpg,5,5,6.11e-05,0.099183016,0.0006219387,0.0029468057,0.015199272,0.8818343,0.00015349907
/home/share/Uni_Eval/HAM10000_clean/ISIC2018/ISIC_0033940.jpg,5,5,0.00024213403,0.0006463746,0.008074626,0.00033021584,0.17993757,0.81076527,3.7088446e-06
/home/share/Uni_Eval/HAM10000_clean/ISIC2018/ISIC_0032649.jpg,5,5,5.6841e-06,8.549258e-06,0.002665044,1.7901575e-05,0.047378466,0.9499123,1.2172774e-05
/home/share/Uni_Eval/HAM10000_clean/ISIC2018/ISIC_0025769.jpg,5,5,6.479366e-06,0.00039139958,5.396762e-05,4.0991256e-07,0.0018359852,0.99768543,2.6401965e-05
/home/share/Uni_Eval/HAM10000_clean/ISIC2018/ISIC_0033978.jpg,5,5,3.94377e-05,1.663912e-05,0.0027711156,0.00035420092,0.068172336,0.9286445,1.8189828e-06
/home/share/Uni_Eval/HAM10000_clean/ISIC2018/ISIC_0032819.jpg,5,4,0.0060575185,0.0019894608,0.004430816,0.002281732,0.508881,0.47635695,2.5382678e-06
/home/share/Uni_Eval/HAM10000_clean/ISIC2018/ISIC_0033552.jpg,5,5,0.0004916012,3.3007786e-05,0.09127724,6.231454e-05,0.2533705,0.6547632,2.1240864e-06
/home/share/Uni_Eval/HAM10000_clean/ISIC2018/ISIC_0034310.jpg,5,5,0.00029269667,1.88148e-05,0.11097611,3.9053568e-05,0.09472647,0.7939464,3.9044102e-07
/home/share/Uni_Eval/HAM10000_clean/ISIC2018/ISIC_0033083.jpg,5,2,2.4755633e-05,6.916514e-05,0.5973324,2.8585946e-06,0.043307558,0.35239118,0.0068720845
/home/share/Uni_Eval/HAM10000_clean/ISIC2018/ISIC_0033244.jpg,5,5,0.0006224821,0.10960532,0.018311827,0.018761111,0.03963542,0.81305563,8.204963e-06
/home/share/Uni_Eval/HAM10000_clean/ISIC2018/ISIC_0034004.jpg,5,5,4.8039765e-05,0.016415812,0.014793623,0.0124826245,0.017455025,0.8242533,0.11455169
/home/share/Uni_Eval/HAM10000_clean/ISIC2018/ISIC_0032737.jpg,5,5,2.2142356e-06,6.008894e-05,0.014409283,9.956642e-05,0.052962102,0.932442,2.466657e-05
/home/share/Uni_Eval/HAM10000_clean/ISIC2018/ISIC_0033010.jpg,5,5,3.529978e-06,7.479494e-08,0.00019017358,7.1499408e-06,0.0059533003,0.99384516,6.04975e-07
/home/share/Uni_Eval/HAM10000_clean/ISIC2018/ISIC_0034127.jpg,5,5,5.899308e-06,1.773647e-05,0.0042406293,4.740618e-05,0.16461015,0.83106077,1.7293733e-05
/home/share/Uni_Eval/HAM10000_clean/ISIC2018/ISIC_0032792.jpg,5,5,7.983986e-07,1.9320936e-05,0.0011583478,1.1075855e-06,0.17305174,0.8257507,1.8070821e-05
/home/share/Uni_Eval/HAM10000_clean/ISIC2018/ISIC_0034187.jpg,5,5,3.7170765e-05,1.0666764e-06,0.03425294,0.00023252833,0.0035174745,0.9594283,0.0025305294
/home/share/Uni_Eval/HAM10000_clean/ISIC2018/ISIC_0034251.jpg,5,5,4.0540626e-06,0.005384664,0.19289532,6.5256477e-06,0.0452742,0.6299031,0.12653215
/home/share/Uni_Eval/HAM10000_clean/ISIC2018/ISIC_0033673.jpg,5,5,0.002525311,0.0017958625,0.14642833,0.0007187437,0.16818614,0.6803401,5.470365e-06
/home/share/Uni_Eval/HAM10000_clean/ISIC2018/ISIC_0033932.jpg,5,5,0.00080619426,0.00013687134,0.08469974,9.3458206e-05,0.16612473,0.7479524,0.00018659004
/home/share/Uni_Eval/HAM10000_clean/ISIC2018/ISIC_0032593.jpg,5,5,1.227028e-07,6.9158676e-07,4.5342742e-05,1.4813191e-06,0.01420337,0.9856719,7.6979435e-05
/home/share/Uni_Eval/HAM10000_clean/ISIC2018/ISIC_0031290.jpg,5,5,0.12949157,0.005516561,0.11823452,0.0005644402,0.015075569,0.7306988,0.00041845808
/home/share/Uni_Eval/HAM10000_clean/ISIC2018/ISIC_0033703.jpg,5,5,7.481308e-05,0.00072354346,0.09072385,0.000114288014,0.27889913,0.629072,0.0003923654
/home/share/Uni_Eval/HAM10000_clean/ISIC2018/ISIC_0033574.jpg,5,5,3.754678e-05,3.329615e-05,0.0009192626,0.001424077,0.06421167,0.93337387,2.904643e-07
/home/share/Uni_Eval/HAM10000_clean/ISIC2018/ISIC_0032846.jpg,5,5,0.00021345407,0.0008819789,0.088424005,0.00045861182,0.08065142,0.82936794,2.569829e-06
/home/share/Uni_Eval/HAM10000_clean/ISIC2018/ISIC_0033994.jpg,5,5,5.3250874e-06,0.00018009223,0.0010863576,0.0017323976,0.012107264,0.98483,5.8537964e-05
/home/share/Uni_Eval/HAM10000_clean/ISIC2018/ISIC_0032760.jpg,5,5,5.585782e-06,3.136579e-05,0.0012623146,0.0001192629,0.0043192985,0.9939306,0.00033148716
/home/share/Uni_Eval/HAM10000_clean/ISIC2018/ISIC_0034271.jpg,5,5,4.604459e-06,0.00047304077,6.6965324e-05,8.738429e-06,0.0010833475,0.9983564,6.9253215e-06
/home/share/Uni_Eval/HAM10000_clean/ISIC2018/ISIC_0032670.jpg,5,5,3.0469141e-06,0.0003253233,0.0010688544,3.6569683e-05,0.06996914,0.9285629,3.426334e-05
/home/share/Uni_Eval/HAM10000_clean/ISIC2018/ISIC_0033441.jpg,5,5,1.4034489e-05,0.000762451,0.010973642,6.838292e-06,0.039140273,0.94903225,7.05548e-05
/home/share/Uni_Eval/HAM10000_clean/ISIC2018/ISIC_0032663.jpg,5,5,0.0005853515,0.0009155215,0.11279204,1.9420527e-06,0.26192603,0.60274845,0.021030655
/home/share/Uni_Eval/HAM10000_clean/ISIC2018/ISIC_0034272.jpg,5,5,7.354523e-05,0.0024823658,0.0019177445,0.0007579399,0.00021916779,0.9945262,2.3033594e-05
/home/share/Uni_Eval/HAM10000_clean/ISIC2018/ISIC_0032911.jpg,5,5,0.0001050573,0.0002190921,0.008644243,0.00061801093,0.00052281166,0.9898857,5.0979997e-06
/home/share/Uni_Eval/HAM10000_clean/ISIC2018/ISIC_0033926.jpg,5,5,2.258451e-05,8.068945e-06,0.025120987,9.2293914e-05,0.07241329,0.9023405,2.3857078e-06
/home/share/Uni_Eval/HAM10000_clean/ISIC2018/ISIC_0033835.jpg,5,5,8.110046e-07,7.720526e-07,0.00012196389,8.449629e-06,0.008595482,0.9912579,1.4478189e-05
/home/share/Uni_Eval/HAM10000_clean/ISIC2018/ISIC_0033109.jpg,5,5,2.7944841e-05,0.00021333009,0.00032502005,0.010915909,0.0059501696,0.9796255,0.0029420801
/home/share/Uni_Eval/HAM10000_clean/ISIC2018/ISIC_0033396.jpg,5,5,0.029381033,0.005040937,0.06551473,0.00062983425,0.03127644,0.8680765,8.048618e-05
/home/share/Uni_Eval/HAM10000_clean/ISIC2018/ISIC_0032752.jpg,5,2,0.00069915864,4.8984944e-06,0.93888354,5.011004e-05,0.0038650685,0.05649708,5.825561e-08
/home/share/Uni_Eval/HAM10000_clean/ISIC2018/ISIC_0032539.jpg,5,5,0.00020744042,0.00046271627,0.013760699,4.952005e-05,0.13919245,0.8463254,1.8631758e-06
/home/share/Uni_Eval/HAM10000_clean/ISIC2018/ISIC_0033329.jpg,5,5,2.441043e-05,5.0309838e-05,0.002282077,0.0001577342,0.009828246,0.98765,7.3099545e-06
/home/share/Uni_Eval/HAM10000_clean/ISIC2018/ISIC_0034181.jpg,5,5,1.547265e-05,1.7008882e-05,0.00048913085,4.71902e-05,0.0049546137,0.9944711,5.5335945e-06
/home/share/Uni_Eval/HAM10000_clean/ISIC2018/ISIC_0033197.jpg,5,5,2.4726594e-06,3.3176311e-06,0.00015575087,1.313423e-05,0.019243563,0.980547,3.4843313e-05
/home/share/Uni_Eval/HAM10000_clean/ISIC2018/ISIC_0034171.jpg,5,5,2.9126719e-05,7.118024e-05,0.0038255998,0.00010183767,0.029868718,0.96608603,1.7550898e-05
/home/share/Uni_Eval/HAM10000_clean/ISIC2018/ISIC_0032952.jpg,5,5,0.00031424087,1.0039943e-05,0.00054128905,0.00010511055,0.014541731,0.98445857,2.8905151e-05
/home/share/Uni_Eval/HAM10000_clean/ISIC2018/ISIC_0033250.jpg,5,5,7.884178e-05,0.029141,0.36277387,0.000876365,0.17133385,0.4283105,0.0074855424
/home/share/Uni_Eval/HAM10000_clean/ISIC2018/ISIC_0032720.jpg,5,5,7.638508e-06,0.0012398546,0.00019074466,0.00019104575,0.0031449243,0.9952043,2.1536764e-05
/home/share/Uni_Eval/HAM10000_clean/ISIC2018/ISIC_0033153.jpg,5,5,2.6873167e-05,7.851592e-05,0.00060315063,0.0012288718,0.01564027,0.9823799,4.2444433e-05
/home/share/Uni_Eval/HAM10000_clean/ISIC2018/ISIC_0033757.jpg,5,5,1.9324168e-06,2.6707042e-07,0.24307655,8.2098115e-05,0.13972355,0.6170089,0.00010667231
/home/share/Uni_Eval/HAM10000_clean/ISIC2018/ISIC_0030626.jpg,5,5,0.00038274028,0.00011002177,0.017172787,4.83175e-05,0.21221183,0.77007234,2.0511143e-06
/home/share/Uni_Eval/HAM10000_clean/ISIC2018/ISIC_0031163.jpg,5,5,0.00013997615,2.0521926e-05,0.0083497055,2.8299877e-05,0.12005679,0.87140334,1.3972647e-06
/home/share/Uni_Eval/HAM10000_clean/ISIC2018/ISIC_0029775.jpg,5,5,3.7924696e-05,0.00017542641,0.019800963,5.429533e-06,0.3206154,0.6566864,0.002678469
/home/share/Uni_Eval/HAM10000_clean/ISIC2018/ISIC_0031411.jpg,5,4,0.0017994432,5.6048557e-05,0.094084516,0.00042245275,0.54683876,0.35679865,1.2474949e-07
/home/share/Uni_Eval/HAM10000_clean/ISIC2018/ISIC_0026427.jpg,5,5,3.543263e-05,0.00056887773,0.0038483862,0.00043576836,0.15023683,0.84487224,2.5111185e-06
/home/share/Uni_Eval/HAM10000_clean/ISIC2018/ISIC_0024608.jpg,5,4,9.4912946e-05,1.9250497e-06,0.016797213,6.663163e-05,0.63150454,0.35153463,2.0994202e-07
/home/share/Uni_Eval/HAM10000_clean/ISIC2018/ISIC_0028734.jpg,5,4,1.3566324e-05,1.3227691e-05,0.0032269051,1.3025894e-05,0.7198006,0.27682602,0.00010662247
/home/share/Uni_Eval/HAM10000_clean/ISIC2018/ISIC_0026125.jpg,5,4,0.0006023468,0.00040334617,0.008013778,5.780985e-06,0.73123926,0.25967094,6.456888e-05
/home/share/Uni_Eval/HAM10000_clean/ISIC2018/ISIC_0025618.jpg,5,5,0.00018273815,7.7035074e-05,0.0026122206,1.10102665e-05,0.0015999728,0.9955153,1.7423365e-06
/home/share/Uni_Eval/HAM10000_clean/ISIC2018/ISIC_0031796.jpg,5,5,0.00020117716,2.1343501e-05,0.15519305,0.0020533383,0.003702606,0.8388249,3.6752024e-06
/home/share/Uni_Eval/HAM10000_clean/ISIC2018/ISIC_0030232.jpg,5,5,0.00036101928,5.7993064e-05,0.0027956297,1.4157038e-05,0.013856017,0.98290896,6.240992e-06
/home/share/Uni_Eval/HAM10000_clean/ISIC2018/ISIC_0024682.jpg,5,4,2.1703832e-05,5.129017e-05,0.0011134752,7.580565e-05,0.69287616,0.3058545,7.013032e-06
/home/share/Uni_Eval/HAM10000_clean/ISIC2018/ISIC_0026141.jpg,5,5,2.2474602e-05,0.00048527346,0.17328854,3.186025e-05,0.26683834,0.5591377,0.00019584788
/home/share/Uni_Eval/HAM10000_clean/ISIC2018/ISIC_0030841.jpg,5,4,5.4435026e-05,1.8872737e-06,0.009752668,9.388224e-05,0.5110149,0.47908196,2.5760923e-07
/home/share/Uni_Eval/HAM10000_clean/ISIC2018/ISIC_0030074.jpg,5,5,7.4572126e-05,1.3937335e-05,0.0014578565,0.00010549212,0.0016150033,0.9967327,4.1779458e-07
/home/share/Uni_Eval/HAM10000_clean/ISIC2018/ISIC_0025734.jpg,5,2,0.031474914,0.0003750694,0.5199441,0.042963408,0.03654663,0.3686894,6.566828e-06
/home/share/Uni_Eval/HAM10000_clean/ISIC2018/ISIC_0027942.jpg,5,5,5.0294298e-06,3.7719235e-06,0.0026859478,8.70795e-05,0.059343126,0.9378689,6.058949e-06
/home/share/Uni_Eval/HAM10000_clean/ISIC2018/ISIC_0026419.jpg,5,5,9.9955205e-06,0.003993599,0.0041745007,0.0009847934,0.030855402,0.94970256,0.0102790985
/home/share/Uni_Eval/HAM10000_clean/ISIC2018/ISIC_0028894.jpg,5,4,0.00041036872,3.7610247e-05,0.16418199,0.0006893022,0.6150479,0.21963248,3.605157e-07
/home/share/Uni_Eval/HAM10000_clean/ISIC2018/ISIC_0032260.jpg,5,5,0.008947831,0.00027500538,0.05460277,0.0003511346,0.44994682,0.48587373,2.6382693e-06
/home/share/Uni_Eval/HAM10000_clean/ISIC2018/ISIC_0024936.jpg,5,5,3.6545873e-06,1.8695985e-06,0.0030703435,3.8098162e-05,0.035518155,0.9613605,7.4100913e-06
/home/share/Uni_Eval/HAM10000_clean/ISIC2018/ISIC_0025043.jpg,5,5,0.00825716,0.0073419693,0.028764237,0.37025678,0.013578989,0.5717768,2.4045614e-05
/home/share/Uni_Eval/HAM10000_clean/ISIC2018/ISIC_0025227.jpg,5,5,0.00073313364,1.3267653e-05,4.6127632e-05,4.2964853e-05,0.0046301815,0.99453425,5.8757553e-08
/home/share/Uni_Eval/HAM10000_clean/ISIC2018/ISIC_0029499.jpg,5,5,0.0025690957,0.00028062495,0.00051430496,0.0007585456,0.0005836335,0.9952886,5.1946618e-06
/home/share/Uni_Eval/HAM10000_clean/ISIC2018/ISIC_0024658.jpg,5,5,0.0013458846,0.00013888626,0.0018188792,0.0012045101,0.0057879454,0.98969436,9.638713e-06
/home/share/Uni_Eval/HAM10000_clean/ISIC2018/ISIC_0029027.jpg,5,5,2.3001303e-05,6.8661006e-07,0.00039425978,1.8397794e-05,0.009598256,0.98996514,2.0542531e-07
/home/share/Uni_Eval/HAM10000_clean/ISIC2018/ISIC_0025782.jpg,5,5,0.002818832,0.0006586453,0.05960038,0.006141073,0.055088654,0.87567234,2.0054498e-05
/home/share/Uni_Eval/HAM10000_clean/ISIC2018/ISIC_0031308.jpg,5,5,0.1648904,0.25205562,0.15541205,0.0008584264,0.13806885,0.28871304,1.6381135e-06
/home/share/Uni_Eval/HAM10000_clean/ISIC2018/ISIC_0028981.jpg,5,5,0.09211117,0.12865661,0.21311684,0.0028377483,0.20332311,0.3599463,8.147445e-06
/home/share/Uni_Eval/HAM10000_clean/ISIC2018/ISIC_0031194.jpg,5,5,0.00842912,0.0033946033,0.014099166,0.014586411,0.042348415,0.91692156,0.00022078141
/home/share/Uni_Eval/HAM10000_clean/ISIC2018/ISIC_0029667.jpg,5,5,0.023379955,0.0022344806,0.002008194,0.0008703545,0.019217536,0.95228064,8.8318275e-06
/home/share/Uni_Eval/HAM10000_clean/ISIC2018/ISIC_0027574.jpg,5,5,0.0068707247,0.017928768,0.08648544,0.000883947,0.004265475,0.8829041,0.0006614696
/home/share/Uni_Eval/HAM10000_clean/ISIC2018/ISIC_0025945.jpg,5,5,0.0003850801,1.6936172e-05,0.011729365,4.95974e-05,0.22825567,0.7595227,4.0674986e-05
/home/share/Uni_Eval/HAM10000_clean/ISIC2018/ISIC_0031149.jpg,5,5,0.0002794638,2.7922999e-05,0.0077952547,1.6888478e-05,0.14274405,0.84912235,1.4047209e-05
/home/share/Uni_Eval/HAM10000_clean/ISIC2018/ISIC_0027208.jpg,5,5,0.00012817529,1.2049805e-05,0.00012282375,0.000107973334,0.004675605,0.9949532,8.492484e-08
/home/share/Uni_Eval/HAM10000_clean/ISIC2018/ISIC_0029504.jpg,5,5,0.00015445879,2.1188347e-05,0.00045494697,0.0001570747,0.011876913,0.98733497,4.2734536e-07
/home/share/Uni_Eval/HAM10000_clean/ISIC2018/ISIC_0026106.jpg,5,5,7.71699e-05,1.2152965e-05,0.0007447853,4.7035956e-05,0.007375003,0.9917434,4.549378e-07
/home/share/Uni_Eval/HAM10000_clean/ISIC2018/ISIC_0032227.jpg,5,5,0.014893016,0.001059537,0.0048620743,0.0007291043,0.0056266338,0.9728291,5.938142e-07
/home/share/Uni_Eval/HAM10000_clean/ISIC2018/ISIC_0024394.jpg,5,5,0.0012205831,0.0004572753,0.017020395,7.483751e-05,0.22147141,0.75974727,8.311195e-06
/home/share/Uni_Eval/HAM10000_clean/ISIC2018/ISIC_0032165.jpg,5,5,3.1614007e-05,8.100583e-05,0.0036553375,4.711143e-05,0.010102774,0.9860766,5.5702403e-06
/home/share/Uni_Eval/HAM10000_clean/ISIC2018/ISIC_0024834.jpg,5,5,2.8923834e-05,8.8070614e-05,0.0035543486,5.8230158e-05,0.0133110555,0.9829533,5.9607723e-06
/home/share/Uni_Eval/HAM10000_clean/ISIC2018/ISIC_0027596.jpg,5,5,0.0018250301,0.009495095,0.030057544,0.019055573,0.0038502659,0.9036127,0.032103755
/home/share/Uni_Eval/HAM10000_clean/ISIC2018/ISIC_0031204.jpg,5,5,2.873587e-06,2.922473e-05,0.00071770966,1.2253711e-05,0.026647728,0.9725769,1.3283075e-05
/home/share/Uni_Eval/HAM10000_clean/ISIC2018/ISIC_0031857.jpg,5,5,0.3419495,0.055720385,0.13239904,0.009467743,0.024890292,0.4355322,4.0892653e-05
/home/share/Uni_Eval/HAM10000_clean/ISIC2018/ISIC_0028706.jpg,5,5,6.3276907e-06,0.00010757776,0.019446278,0.0018104311,0.08459029,0.8536911,0.040347937
/home/share/Uni_Eval/HAM10000_clean/ISIC2018/ISIC_0027364.jpg,5,5,8.820633e-06,1.6807844e-06,0.00022287406,2.7421049e-05,0.008009866,0.9917292,1.8053237e-07
/home/share/Uni_Eval/HAM10000_clean/ISIC2018/ISIC_0031756.jpg,5,4,0.0002918253,0.0020891747,0.0031941177,0.033245303,0.708565,0.2505564,0.0020581651
/home/share/Uni_Eval/HAM10000_clean/ISIC2018/ISIC_0030397.jpg,5,5,5.4473903e-06,5.0706763e-05,0.00039062786,1.9444275e-05,0.0050051776,0.9942059,0.00032273424
/home/share/Uni_Eval/HAM10000_clean/ISIC2018/ISIC_0031405.jpg,5,5,5.303093e-05,4.4585966e-05,0.0023935772,0.00336896,0.06722968,0.92674863,0.00016140724
/home/share/Uni_Eval/HAM10000_clean/ISIC2018/ISIC_0031092.jpg,5,5,4.9971595e-07,1.7518552e-06,0.00066514174,0.00013539677,0.0029315753,0.9961373,0.00012826592
/home/share/Uni_Eval/HAM10000_clean/ISIC2018/ISIC_0027390.jpg,5,5,8.284077e-06,2.6571183e-07,0.0030985358,0.012023007,0.012577803,0.9722331,5.9066115e-05
/home/share/Uni_Eval/HAM10000_clean/ISIC2018/ISIC_0028757.jpg,5,5,0.00071609835,0.0003751035,0.002044526,0.00071358785,0.0048969775,0.9912537,1.2684879e-08
/home/share/Uni_Eval/HAM10000_clean/ISIC2018/ISIC_0027978.jpg,5,5,0.0010315995,0.0049352217,0.0014987857,0.010463529,0.05823584,0.9236679,0.00016706364
/home/share/Uni_Eval/HAM10000_clean/ISIC2018/ISIC_0025562.jpg,5,5,0.002024719,0.017342517,0.06844607,0.0014308605,0.16585119,0.7435063,0.0013982679
/home/share/Uni_Eval/HAM10000_clean/ISIC2018/ISIC_0028598.jpg,5,5,0.00029561494,0.00019114239,0.0021845184,0.00040622696,0.05498065,0.94193524,6.6267125e-06
/home/share/Uni_Eval/HAM10000_clean/ISIC2018/ISIC_0026759.jpg,5,5,0.0014231754,6.568464e-05,0.0007373166,0.00030831769,0.06525228,0.932213,2.4173386e-07
/home/share/Uni_Eval/HAM10000_clean/ISIC2018/ISIC_0032015.jpg,5,5,0.012154679,0.00029379147,0.026543869,0.00037058018,0.42575657,0.5348805,9.205926e-09
/home/share/Uni_Eval/HAM10000_clean/ISIC2018/ISIC_0031285.jpg,5,5,6.7950525e-05,1.0483797e-05,0.04628822,4.480842e-05,0.22432907,0.7292594,9.917428e-08
/home/share/Uni_Eval/HAM10000_clean/ISIC2018/ISIC_0028304.jpg,5,5,0.00031609368,1.103019e-06,0.031409778,8.654592e-05,0.22349648,0.74469,3.181864e-09
/home/share/Uni_Eval/HAM10000_clean/ISIC2018/ISIC_0024862.jpg,5,5,0.0035614609,4.210266e-05,0.16046526,0.0008257751,0.09787786,0.73722696,6.065645e-07
/home/share/Uni_Eval/HAM10000_clean/ISIC2018/ISIC_0028715.jpg,5,5,0.0025623622,0.0035067205,0.0043026274,0.0009955483,0.030791521,0.957832,9.210707e-06
/home/share/Uni_Eval/HAM10000_clean/ISIC2018/ISIC_0032136.jpg,5,5,0.00016966101,0.00039283573,0.0043253885,7.257561e-05,0.042669624,0.9523695,4.347994e-07
/home/share/Uni_Eval/HAM10000_clean/ISIC2018/ISIC_0030592.jpg,5,5,7.204667e-05,0.00029605493,0.00043107508,0.0002561458,0.15319076,0.845732,2.1969872e-05
/home/share/Uni_Eval/HAM10000_clean/ISIC2018/ISIC_0024841.jpg,5,4,0.0018820886,0.0018123618,0.03922504,0.00031905144,0.52488315,0.43187797,3.347106e-07
/home/share/Uni_Eval/HAM10000_clean/ISIC2018/ISIC_0029457.jpg,5,5,0.00016248846,0.00033567494,0.0019122591,7.1319573e-06,0.11675671,0.88082415,1.5259401e-06
/home/share/Uni_Eval/HAM10000_clean/ISIC2018/ISIC_0031126.jpg,5,2,0.041985,0.11941938,0.3909033,0.017867284,0.041006777,0.3887893,2.901286e-05
/home/share/Uni_Eval/HAM10000_clean/ISIC2018/ISIC_0025506.jpg,5,5,0.007129462,0.0030217639,0.017302092,0.020338906,0.066681385,0.8855244,2.0273892e-06
/home/share/Uni_Eval/HAM10000_clean/ISIC2018/ISIC_0030914.jpg,5,5,0.01128863,0.00018205988,0.08190342,0.014497799,0.36066467,0.53144646,1.6984362e-05
/home/share/Uni_Eval/HAM10000_clean/ISIC2018/ISIC_0028408.jpg,5,5,0.015388191,0.0014749146,0.0038400607,0.00072912185,0.2743345,0.70418817,4.4947512e-05
/home/share/Uni_Eval/HAM10000_clean/ISIC2018/ISIC_0028998.jpg,5,5,0.00025095063,0.00014354028,0.004995018,0.00016240212,0.007307026,0.9871197,2.1350605e-05
/home/share/Uni_Eval/HAM10000_clean/ISIC2018/ISIC_0025118.jpg,5,5,1.4445116e-05,3.0078268e-06,9.393518e-05,3.0156507e-06,0.0084852,0.9913958,4.65526e-06
/home/share/Uni_Eval/HAM10000_clean/ISIC2018/ISIC_0025563.jpg,5,5,3.9346447e-05,0.0017063925,0.010772341,7.344073e-05,0.0070885136,0.98031944,5.0199907e-07
/home/share/Uni_Eval/HAM10000_clean/ISIC2018/ISIC_0024790.jpg,5,5,0.0011551033,5.6032113e-05,0.011492505,8.62458e-05,0.311949,0.6752611,5.9007306e-08
/home/share/Uni_Eval/HAM10000_clean/ISIC2018/ISIC_0025225.jpg,5,5,0.00086096197,0.00018305764,0.0048611728,0.0016885262,0.10220541,0.89020044,4.884696e-07
/home/share/Uni_Eval/HAM10000_clean/ISIC2018/ISIC_0025926.jpg,5,4,0.124632165,0.07124755,0.01503128,0.016922254,0.4350397,0.3370163,0.00011066048
/home/share/Uni_Eval/HAM10000_clean/ISIC2018/ISIC_0026741.jpg,5,5,0.00028029116,2.6871407e-06,0.00129078,2.2110562e-06,0.031487204,0.96693546,1.4226833e-06
/home/share/Uni_Eval/HAM10000_clean/ISIC2018/ISIC_0031117.jpg,5,5,0.0026057118,0.0002867471,0.0052652233,4.102864e-05,0.00820109,0.9835833,1.6857706e-05
/home/share/Uni_Eval/HAM10000_clean/ISIC2018/ISIC_0027471.jpg,5,2,0.0060976837,0.0027947214,0.6068131,9.257784e-06,0.038182788,0.34609836,4.1551507e-06
/home/share/Uni_Eval/HAM10000_clean/ISIC2018/ISIC_0029109.jpg,5,5,0.054629195,5.9248545e-05,0.013028649,0.0024230739,0.07841179,0.8514478,9.696691e-08
/home/share/Uni_Eval/HAM10000_clean/ISIC2018/ISIC_0026654.jpg,5,5,0.017909601,0.0003571328,0.005085302,0.0006169081,0.22056867,0.75546175,6.2388716e-07
/home/share/Uni_Eval/HAM10000_clean/ISIC2018/ISIC_0026921.jpg,5,4,0.003703841,6.129765e-05,0.038409673,0.0018579599,0.65699595,0.2989695,1.7200697e-06
/home/share/Uni_Eval/HAM10000_clean/ISIC2018/ISIC_0031942.jpg,5,5,0.0006103331,3.371966e-06,0.003769666,0.00031864972,0.19219999,0.8030975,5.048362e-07
/home/share/Uni_Eval/HAM10000_clean/ISIC2018/ISIC_0026712.jpg,5,5,0.0026491135,0.0003269536,0.0043932796,0.001825104,0.014815741,0.97598547,4.352678e-06
/home/share/Uni_Eval/HAM10000_clean/ISIC2018/ISIC_0028983.jpg,5,5,0.0012732431,0.036022753,0.04202625,0.0005288756,0.018580167,0.9015684,3.6928546e-07
/home/share/Uni_Eval/HAM10000_clean/ISIC2018/ISIC_0028744.jpg,5,5,0.0011245473,0.00018989589,0.002284103,0.0023882117,0.043638855,0.9503742,1.811157e-07
/home/share/Uni_Eval/HAM10000_clean/ISIC2018/ISIC_0026588.jpg,5,5,0.0012463228,0.0022680897,0.043878272,0.0012416827,0.102750815,0.8486075,7.396579e-06
/home/share/Uni_Eval/HAM10000_clean/ISIC2018/ISIC_0028364.jpg,5,4,0.10560114,0.027039032,0.06914881,0.00023179916,0.6617853,0.13619079,3.0349388e-06
/home/share/Uni_Eval/HAM10000_clean/ISIC2018/ISIC_0027490.jpg,5,5,0.061456546,0.004574997,0.180558,0.15900756,0.061291113,0.5303014,0.0028103592
/home/share/Uni_Eval/HAM10000_clean/ISIC2018/ISIC_0030082.jpg,5,5,2.4430645e-05,5.3470347e-05,9.410983e-05,0.00027239945,0.03110275,0.96832186,0.00013099267
/home/share/Uni_Eval/HAM10000_clean/ISIC2018/ISIC_0026974.jpg,5,5,3.3367316e-05,2.9805637e-06,0.0029840653,1.968424e-05,0.06177634,0.9351834,7.110161e-08
/home/share/Uni_Eval/HAM10000_clean/ISIC2018/ISIC_0026097.jpg,5,5,0.006670174,0.009506353,0.00083499076,0.0052934927,0.15106973,0.826589,3.6263948e-05
/home/share/Uni_Eval/HAM10000_clean/ISIC2018/ISIC_0027883.jpg,5,4,0.007635147,0.0011397918,0.09417465,0.0003996601,0.51561457,0.38103592,2.8179798e-07
/home/share/Uni_Eval/HAM10000_clean/ISIC2018/ISIC_0031700.jpg,5,5,0.001532149,9.422063e-05,0.1109816,0.00014274131,0.40429375,0.48295468,7.934505e-07
/home/share/Uni_Eval/HAM10000_clean/ISIC2018/ISIC_0030209.jpg,5,5,0.008243047,0.0015457193,0.0165316,0.0007488102,0.10264866,0.8702798,2.2792685e-06
/home/share/Uni_Eval/HAM10000_clean/ISIC2018/ISIC_0027073.jpg,5,5,0.03594996,0.00042151473,0.02750924,0.00013953673,0.44406238,0.49191725,1.3373844e-07
/home/share/Uni_Eval/HAM10000_clean/ISIC2018/ISIC_0030219.jpg,5,5,0.25303525,0.022776712,0.04835894,0.010251735,0.26615363,0.39941317,1.0587796e-05
/home/share/Uni_Eval/HAM10000_clean/ISIC2018/ISIC_0025476.jpg,5,5,0.006542615,0.030404832,0.22362551,0.00063364377,0.09995912,0.63883376,4.962376e-07
/home/share/Uni_Eval/HAM10000_clean/ISIC2018/ISIC_0024476.jpg,5,4,0.03644653,0.030063221,0.28607893,0.0003166258,0.36193153,0.28516024,2.9065195e-06
/home/share/Uni_Eval/HAM10000_clean/ISIC2018/ISIC_0026560.jpg,5,5,0.0004896272,0.00011721018,0.0006188919,3.2059063e-05,0.05865111,0.9400883,2.829285e-06
/home/share/Uni_Eval/HAM10000_clean/ISIC2018/ISIC_0032281.jpg,5,5,0.0055651176,0.015821029,0.0135267805,0.0019237441,0.33185014,0.6312941,1.9041416e-05
/home/share/Uni_Eval/HAM10000_clean/ISIC2018/ISIC_0030425.jpg,5,5,0.0018568886,5.4886037e-05,0.031568453,0.00025621383,0.046368238,0.9198953,3.0190403e-08
/home/share/Uni_Eval/HAM10000_clean/ISIC2018/ISIC_0028130.jpg,5,5,0.06729098,0.008611279,0.20117417,0.0015716049,0.06382439,0.6575275,8.9619434e-08
/home/share/Uni_Eval/HAM10000_clean/ISIC2018/ISIC_0026359.jpg,5,5,0.03189309,0.013036702,0.020243533,0.006795209,0.14185025,0.7861811,1.5808283e-07
/home/share/Uni_Eval/HAM10000_clean/ISIC2018/ISIC_0030444.jpg,5,5,8.19272e-05,1.8722069e-06,0.00012941404,1.2064884e-05,0.036130287,0.96364427,1.8210604e-07
/home/share/Uni_Eval/HAM10000_clean/ISIC2018/ISIC_0032292.jpg,5,5,0.0042315065,0.00019765423,0.0605508,7.402039e-05,0.107907906,0.8270379,2.302331e-07
/home/share/Uni_Eval/HAM10000_clean/ISIC2018/ISIC_0032107.jpg,5,5,0.0003702629,4.727107e-06,0.0036924034,8.820262e-06,0.030043257,0.96588033,1.9287396e-07
/home/share/Uni_Eval/HAM10000_clean/ISIC2018/ISIC_0030253.jpg,5,5,0.01151111,0.024891572,0.14774318,0.0038616962,0.16664244,0.6420372,0.0033127593
/home/share/Uni_Eval/HAM10000_clean/ISIC2018/ISIC_0030340.jpg,5,5,0.03586811,0.003394699,0.062815756,0.0007396334,0.26374027,0.63343924,2.2348597e-06
/home/share/Uni_Eval/HAM10000_clean/ISIC2018/ISIC_0028580.jpg,5,5,0.000120315075,2.2172286e-05,0.004280545,0.00017368415,0.038677488,0.95672405,1.8409373e-06
/home/share/Uni_Eval/HAM10000_clean/ISIC2018/ISIC_0026922.jpg,5,5,0.00059461646,5.2347117e-05,0.0014249044,0.00012210842,0.01987646,0.9779292,4.498681e-07
/home/share/Uni_Eval/HAM10000_clean/ISIC2018/ISIC_0026964.jpg,5,5,0.00085323205,1.7552773e-05,0.019641558,7.513582e-05,0.001311634,0.9779449,0.00015601914
/home/share/Uni_Eval/HAM10000_clean/ISIC2018/ISIC_0028905.jpg,5,5,0.00030928032,0.00013017471,0.0026666936,5.9242728e-05,0.007227357,0.9895835,2.3825134e-05
/home/share/Uni_Eval/HAM10000_clean/ISIC2018/ISIC_0032327.jpg,5,4,0.020237578,6.248605e-06,0.29812297,0.0014898173,0.37863675,0.30150652,1.5554268e-07
/home/share/Uni_Eval/HAM10000_clean/ISIC2018/ISIC_0025310.jpg,5,5,0.00020183821,2.8854898e-05,0.050078604,2.9852663e-06,0.16687815,0.78280926,3.5839508e-07
/home/share/Uni_Eval/HAM10000_clean/ISIC2018/ISIC_0032423.jpg,5,4,0.0032225717,0.0025532895,0.25754172,6.121861e-05,0.46386275,0.27275744,9.978544e-07
/home/share/Uni_Eval/HAM10000_clean/ISIC2018/ISIC_0030873.jpg,5,5,0.0066294097,0.00012210672,0.45844337,3.7421494e-06,0.07579739,0.45900288,1.1669729e-06
/home/share/Uni_Eval/HAM10000_clean/ISIC2018/ISIC_0024363.jpg,5,5,0.0003089445,8.5151005e-05,0.0050984984,0.0005767149,0.047086313,0.9467872,5.7268684e-05
/home/share/Uni_Eval/HAM10000_clean/ISIC2018/ISIC_0025169.jpg,5,5,0.000662942,2.5369154e-05,0.003964069,7.4675605e-05,0.088013,0.90725595,3.9884853e-06
/home/share/Uni_Eval/HAM10000_clean/ISIC2018/ISIC_0030008.jpg,5,5,0.00100463,0.0019972164,0.21666665,0.00038333575,0.026561162,0.7533756,1.1444908e-05
/home/share/Uni_Eval/HAM10000_clean/ISIC2018/ISIC_0031583.jpg,5,5,5.6386947e-05,0.001581657,0.006712256,3.3228345e-05,0.020139093,0.9714587,1.8685618e-05
/home/share/Uni_Eval/HAM10000_clean/ISIC2018/ISIC_0025533.jpg,5,5,0.0018997985,0.00056986883,0.001987917,7.392445e-05,0.051176976,0.9442773,1.418402e-05
/home/share/Uni_Eval/HAM10000_clean/ISIC2018/ISIC_0028183.jpg,5,5,0.0007583522,0.0006112928,0.014752375,0.00057392305,0.0031723469,0.9801092,2.2531118e-05
/home/share/Uni_Eval/HAM10000_clean/ISIC2018/ISIC_0026658.jpg,5,5,0.0012844832,3.148213e-05,0.0033266607,0.00035406495,0.009887497,0.9851157,1.4476318e-07
/home/share/Uni_Eval/HAM10000_clean/ISIC2018/ISIC_0032195.jpg,5,5,0.0001538454,0.00040216136,0.00031842053,2.2807188e-05,0.006140992,0.9929617,1.08821986e-07
/home/share/Uni_Eval/HAM10000_clean/ISIC2018/ISIC_0027066.jpg,5,4,0.0030534551,2.830304e-05,0.012251368,0.00036744168,0.5065775,0.47772142,5.284609e-07
/home/share/Uni_Eval/HAM10000_clean/ISIC2018/ISIC_0024680.jpg,5,5,0.0020971003,0.0029786155,0.015710969,3.2856467e-05,0.29213735,0.6868597,0.00018340728
/home/share/Uni_Eval/HAM10000_clean/ISIC2018/ISIC_0027091.jpg,5,5,2.104428e-05,1.4219228e-07,0.005389026,2.8943063e-05,0.15887739,0.83568347,9.946724e-09
/home/share/Uni_Eval/HAM10000_clean/ISIC2018/ISIC_0024497.jpg,5,5,0.012116871,0.00031365466,0.22807246,2.2805883e-05,0.36177722,0.3976689,2.8115135e-05
/home/share/Uni_Eval/HAM10000_clean/ISIC2018/ISIC_0031960.jpg,5,5,0.0031873102,0.0019173635,0.017422972,0.015944837,0.019633366,0.9415533,0.00034093333
/home/share/Uni_Eval/HAM10000_clean/ISIC2018/ISIC_0029554.jpg,5,5,0.018044211,0.13627739,0.0169664,0.0003349102,0.02004898,0.8083269,1.1227312e-06
/home/share/Uni_Eval/HAM10000_clean/ISIC2018/ISIC_0024578.jpg,5,5,0.008522205,0.008367574,0.04596351,0.011719989,0.012486063,0.91182095,0.0011197543
/home/share/Uni_Eval/HAM10000_clean/ISIC2018/ISIC_0027036.jpg,5,5,0.00027482305,4.9011214e-05,0.020367865,0.000117382566,0.03149013,0.9477002,5.9573506e-07
/home/share/Uni_Eval/HAM10000_clean/ISIC2018/ISIC_0026023.jpg,5,5,0.0008610118,0.025822401,0.00457517,7.996271e-05,0.012895861,0.9553688,0.00039688154
/home/share/Uni_Eval/HAM10000_clean/ISIC2018/ISIC_0025936.jpg,5,5,1.3216309e-05,5.3569277e-08,0.0001305056,3.851375e-05,0.02817912,0.97163796,6.123451e-07
/home/share/Uni_Eval/HAM10000_clean/ISIC2018/ISIC_0026216.jpg,5,5,0.00071110856,0.0016113934,0.0077390596,0.00031636364,0.13428311,0.8553371,1.7951686e-06
/home/share/Uni_Eval/HAM10000_clean/ISIC2018/ISIC_0028987.jpg,5,2,0.0040409705,0.002150149,0.7989791,0.0013175431,0.01138644,0.1821254,3.5570676e-07
/home/share/Uni_Eval/HAM10000_clean/ISIC2018/ISIC_0029075.jpg,5,5,0.00033462432,6.0778235e-05,0.013251195,4.7602814e-05,0.03729213,0.94901365,3.4233153e-08
/home/share/Uni_Eval/HAM10000_clean/ISIC2018/ISIC_0030451.jpg,5,2,0.06452097,0.003125043,0.46442384,0.0005365099,0.27810264,0.18929024,7.156986e-07
/home/share/Uni_Eval/HAM10000_clean/ISIC2018/ISIC_0027137.jpg,5,5,0.0026899835,0.00037920175,0.018387025,0.0001530659,0.016465915,0.96192473,2.3788205e-08
/home/share/Uni_Eval/HAM10000_clean/ISIC2018/ISIC_0030833.jpg,5,5,0.0059193373,0.00029715346,0.03828032,3.7851256e-05,0.2057222,0.74974304,2.9209218e-08
/home/share/Uni_Eval/HAM10000_clean/ISIC2018/ISIC_0030635.jpg,5,5,0.0006463516,0.019886414,0.027936649,0.00011260779,0.0062582833,0.9451597,2.7727799e-08
/home/share/Uni_Eval/HAM10000_clean/ISIC2018/ISIC_0031991.jpg,5,5,0.0033992801,0.00088238675,0.050758097,0.0032844527,0.008507627,0.9331682,4.240888e-08
/home/share/Uni_Eval/HAM10000_clean/ISIC2018/ISIC_0029470.jpg,5,5,5.7162724e-05,0.00014016645,0.019039454,3.729997e-05,0.4354797,0.545242,4.2786796e-06
/home/share/Uni_Eval/HAM10000_clean/ISIC2018/ISIC_0026488.jpg,5,5,0.000952326,0.011709267,0.2260023,0.0014052773,0.12077415,0.6385943,0.0005622929
/home/share/Uni_Eval/HAM10000_clean/ISIC2018/ISIC_0027098.jpg,5,5,0.00248112,0.013323516,0.07897579,0.0014620625,0.14810458,0.7556529,2.7277004e-08
/home/share/Uni_Eval/HAM10000_clean/ISIC2018/ISIC_0025571.jpg,5,5,0.004029127,0.0018010144,0.0091391215,0.10267576,0.056476556,0.82587725,1.2046975e-06
/home/share/Uni_Eval/HAM10000_clean/ISIC2018/ISIC_0024466.jpg,5,5,0.07944337,0.01533588,0.2970175,0.0027124947,0.09204997,0.5133914,4.9402133e-05
/home/share/Uni_Eval/HAM10000_clean/ISIC2018/ISIC_0025892.jpg,5,5,0.002160513,0.005899148,0.04588282,0.00018482798,0.3096509,0.63621217,9.617502e-06
/home/share/Uni_Eval/HAM10000_clean/ISIC2018/ISIC_0025488.jpg,5,5,0.00013865557,0.00044123436,0.0006246282,0.00011905622,0.008104417,0.9904563,0.00011577828
/home/share/Uni_Eval/HAM10000_clean/ISIC2018/ISIC_0027997.jpg,5,5,0.0006361597,0.21953672,0.028963223,0.0014633271,0.010473568,0.73855144,0.00037558956
/home/share/Uni_Eval/HAM10000_clean/ISIC2018/ISIC_0027578.jpg,5,4,0.002135208,8.064288e-06,0.020768186,0.00055183534,0.6220902,0.35444653,2.3031859e-08
/home/share/Uni_Eval/HAM10000_clean/ISIC2018/ISIC_0027475.jpg,5,5,3.0345702e-05,4.796374e-05,0.0003873681,0.00032412398,0.0016322825,0.99757034,7.5216826e-06
/home/share/Uni_Eval/HAM10000_clean/ISIC2018/ISIC_0031304.jpg,5,5,0.021882907,0.021611542,0.04243891,0.0005536563,0.033865772,0.87964696,2.2778872e-07
/home/share/Uni_Eval/HAM10000_clean/ISIC2018/ISIC_0028809.jpg,5,5,2.8026134e-05,0.0019491971,0.012158833,1.7078151e-05,0.0069148936,0.9789306,1.4192601e-06
/home/share/Uni_Eval/HAM10000_clean/ISIC2018/ISIC_0028464.jpg,5,5,0.0011739231,0.08675126,0.06279228,0.013573121,0.059900183,0.77580607,3.1112186e-06
/home/share/Uni_Eval/HAM10000_clean/ISIC2018/ISIC_0027798.jpg,5,5,0.00015772463,0.012019747,0.02839715,5.377309e-05,0.0033253245,0.95604366,2.619648e-06
/home/share/Uni_Eval/HAM10000_clean/ISIC2018/ISIC_0024916.jpg,5,5,0.0001246457,0.0013272015,0.0011533423,0.002903952,0.003580754,0.6738936,0.31701654
/home/share/Uni_Eval/HAM10000_clean/ISIC2018/ISIC_0030839.jpg,5,2,0.0052610156,0.0007575197,0.53721344,0.00012777868,0.15825732,0.2983829,1.14855085e-08
/home/share/Uni_Eval/HAM10000_clean/ISIC2018/ISIC_0030593.jpg,5,5,0.00031132603,3.80696e-06,0.0028526345,8.318524e-05,0.018068682,0.9786804,1.75728e-08
/home/share/Uni_Eval/HAM10000_clean/ISIC2018/ISIC_0030847.jpg,5,5,0.00013290555,0.00028393877,0.06698179,0.00020658877,0.082792334,0.8496024,7.826533e-08
/home/share/Uni_Eval/HAM10000_clean/ISIC2018/ISIC_0029560.jpg,5,5,0.0010985573,0.00022755374,0.0014539856,4.612963e-05,0.015808797,0.981365,6.250681e-08
/home/share/Uni_Eval/HAM10000_clean/ISIC2018/ISIC_0027849.jpg,5,2,0.012984199,0.005424089,0.57985705,0.0053163017,0.16703872,0.22937815,1.5505025e-06
/home/share/Uni_Eval/HAM10000_clean/ISIC2018/ISIC_0025681.jpg,5,5,0.002002876,0.00096501893,0.06455265,0.0019221082,0.177861,0.7526963,9.479045e-08
/home/share/Uni_Eval/HAM10000_clean/ISIC2018/ISIC_0030912.jpg,5,5,2.7286856e-05,0.056155317,0.030966755,2.1369713e-05,0.0030306806,0.90955937,0.00023917349
/home/share/Uni_Eval/HAM10000_clean/ISIC2018/ISIC_0027783.jpg,5,5,5.6399076e-05,0.00083708565,0.015007088,4.4044514e-06,0.008363352,0.9757312,3.6519424e-07
/home/share/Uni_Eval/HAM10000_clean/ISIC2018/ISIC_0026991.jpg,5,5,9.51688e-07,1.0111492e-05,8.559343e-05,1.1922705e-05,0.013776504,0.98611337,1.5511919e-06
/home/share/Uni_Eval/HAM10000_clean/ISIC2018/ISIC_0025065.jpg,5,5,0.0014864202,0.010647739,0.0068734684,0.00021047247,0.12976694,0.8510137,1.2484884e-06
/home/share/Uni_Eval/HAM10000_clean/ISIC2018/ISIC_0026333.jpg,5,5,9.5774165e-05,2.865411e-06,0.001070849,1.0790516e-06,0.0071698846,0.99165744,2.092712e-06
/home/share/Uni_Eval/HAM10000_clean/ISIC2018/ISIC_0028477.jpg,5,5,1.6880997e-05,0.00031426843,0.0030306673,8.6529624e-05,0.014691061,0.9816535,0.00020705773
/home/share/Uni_Eval/HAM10000_clean/ISIC2018/ISIC_0026603.jpg,5,5,1.9122268e-05,0.0005392024,0.0009536224,5.3681717e-05,0.010156065,0.987518,0.00076033827
/home/share/Uni_Eval/HAM10000_clean/ISIC2018/ISIC_0025323.jpg,5,5,1.1687244e-05,9.950818e-05,0.0034747175,5.641596e-05,0.01821484,0.97782886,0.00031395975
/home/share/Uni_Eval/HAM10000_clean/ISIC2018/ISIC_0024857.jpg,5,5,0.0011096259,0.0017708052,0.04629224,0.0022339309,0.0062056095,0.9423198,6.793672e-05
/home/share/Uni_Eval/HAM10000_clean/ISIC2018/ISIC_0026295.jpg,5,5,3.1126772e-05,0.00056986784,0.00057250325,0.002454843,0.009519031,0.9859491,0.00090352166
/home/share/Uni_Eval/HAM10000_clean/ISIC2018/ISIC_0030485.jpg,5,5,7.6271654e-06,1.3311568e-05,0.005692261,3.2837725e-05,0.08774972,0.90650064,3.6279594e-06
/home/share/Uni_Eval/HAM10000_clean/ISIC2018/ISIC_0029055.jpg,5,5,6.135089e-05,0.00024416513,0.0054572336,3.0047879e-05,0.078550145,0.91504496,0.0006121197
/home/share/Uni_Eval/HAM10000_clean/ISIC2018/ISIC_0028067.jpg,5,5,3.142327e-05,0.00028754916,0.00078679266,5.5951405e-05,0.03727199,0.9488835,0.012682771
/home/share/Uni_Eval/HAM10000_clean/ISIC2018/ISIC_0030977.jpg,5,5,0.0004785286,0.0036796427,0.043294158,0.0010874104,0.019660521,0.93177396,2.5797353e-05
/home/share/Uni_Eval/HAM10000_clean/ISIC2018/ISIC_0024821.jpg,5,5,0.0021451048,0.0066327327,0.07217683,0.0072563426,0.019527929,0.89214337,0.00011765715
/home/share/Uni_Eval/HAM10000_clean/ISIC2018/ISIC_0029759.jpg,5,5,2.1323847e-05,0.0005230155,0.0004349768,2.7473216e-05,0.023105223,0.9750864,0.00080163835
/home/share/Uni_Eval/HAM10000_clean/ISIC2018/ISIC_0030348.jpg,5,5,0.0015867028,5.898347e-05,0.0018342143,2.7962878e-06,0.0052252426,0.9912856,6.420348e-06
/home/share/Uni_Eval/HAM10000_clean/ISIC2018/ISIC_0024617.jpg,5,5,6.404143e-05,1.1751021e-05,0.028857812,4.3152875e-05,0.05070519,0.9202936,2.4524585e-05
/home/share/Uni_Eval/HAM10000_clean/ISIC2018/ISIC_0026942.jpg,5,2,6.283194e-05,5.0248605e-06,0.62108934,8.461761e-05,0.019461254,0.35929662,2.954091e-07
/home/share/Uni_Eval/HAM10000_clean/ISIC2018/ISIC_0030710.jpg,5,5,6.3872326e-06,0.00010494268,0.019502569,9.761958e-05,0.01115873,0.96912676,3.060346e-06
/home/share/Uni_Eval/HAM10000_clean/ISIC2018/ISIC_0030963.jpg,5,5,8.080263e-08,5.1445966e-07,3.9963925e-05,3.871684e-06,0.0023320783,0.9976192,4.2398306e-06
/home/share/Uni_Eval/HAM10000_clean/ISIC2018/ISIC_0030890.jpg,5,5,7.197243e-06,0.0007225902,0.0066661714,0.00010295559,0.20004639,0.7916754,0.00077927293
/home/share/Uni_Eval/HAM10000_clean/ISIC2018/ISIC_0031896.jpg,5,5,3.7679947e-06,7.669626e-06,0.0070596808,1.4653898e-06,0.05797189,0.93494457,1.0894843e-05
/home/share/Uni_Eval/HAM10000_clean/ISIC2018/ISIC_0025956.jpg,5,5,1.861977e-05,3.309226e-06,0.058042467,2.9120012e-05,0.092135005,0.849767,4.390037e-06
/home/share/Uni_Eval/HAM10000_clean/ISIC2018/ISIC_0025860.jpg,5,5,9.101493e-06,6.4283404e-06,0.0012894471,5.867081e-06,0.004801351,0.99388736,4.6380197e-07
/home/share/Uni_Eval/HAM10000_clean/ISIC2018/ISIC_0025473.jpg,5,5,0.00020631724,1.5240043e-05,0.020882612,2.5109837e-05,0.010037864,0.9688136,1.9335326e-05
/home/share/Uni_Eval/HAM10000_clean/ISIC2018/ISIC_0024540.jpg,5,5,7.60198e-07,0.00011436341,0.0022889343,1.2250028e-06,0.053359482,0.9441522,8.302028e-05
/home/share/Uni_Eval/HAM10000_clean/ISIC2018/ISIC_0032020.jpg,5,5,1.2189124e-05,2.4406534e-06,0.013060316,1.2029808e-06,0.018280149,0.9686406,3.0952363e-06
/home/share/Uni_Eval/HAM10000_clean/ISIC2018/ISIC_0028632.jpg,5,2,0.0074573434,0.027318891,0.50861627,0.0030932857,0.16993316,0.28349945,8.1669954e-05
/home/share/Uni_Eval/HAM10000_clean/ISIC2018/ISIC_0029537.jpg,5,5,3.6160359e-06,1.5183002e-07,0.00026234667,1.7336482e-08,0.000176189,0.9995577,5.247563e-09
/home/share/Uni_Eval/HAM10000_clean/ISIC2018/ISIC_0027431.jpg,5,5,0.00010262006,0.00013651112,0.002975421,0.00013314794,0.0070294375,0.9895934,2.9462863e-05
/home/share/Uni_Eval/HAM10000_clean/ISIC2018/ISIC_0031395.jpg,5,4,0.016221475,0.00665384,0.019801475,9.082793e-05,0.54159397,0.41550747,0.00013090865
/home/share/Uni_Eval/HAM10000_clean/ISIC2018/ISIC_0025897.jpg,5,5,0.0002754465,2.3187478e-05,0.00035160195,0.00013568785,0.012695679,0.986515,3.4269638e-06
/home/share/Uni_Eval/HAM10000_clean/ISIC2018/ISIC_0033537.jpg,5,5,0.0028334034,0.0035997988,0.13163958,0.0065457625,0.24307506,0.612213,9.33232e-05
/home/share/Uni_Eval/HAM10000_clean/ISIC2018/ISIC_0032682.jpg,5,5,9.181427e-05,4.4016557e-05,0.0046552,0.0008742909,0.017891003,0.9764291,1.4568026e-05
/home/share/Uni_Eval/HAM10000_clean/ISIC2018/ISIC_0032616.jpg,5,5,5.0928506e-06,9.520171e-06,0.0006936199,1.5356025e-05,0.0020092754,0.9972398,2.7386694e-05
/home/share/Uni_Eval/HAM10000_clean/ISIC2018/ISIC_0033139.jpg,5,5,0.013261546,0.0036289282,0.2075727,0.0016836817,0.025163366,0.7486675,2.2320011e-05
/home/share/Uni_Eval/HAM10000_clean/ISIC2018/ISIC_0033418.jpg,5,5,6.145096e-05,3.581468e-05,0.0029620072,0.00080697355,0.18772568,0.8084005,7.552988e-06
/home/share/Uni_Eval/HAM10000_clean/ISIC2018/ISIC_0033364.jpg,5,2,0.0049556135,2.0789208e-05,0.62292767,0.008226308,0.13003357,0.23383482,1.2821479e-06
/home/share/Uni_Eval/HAM10000_clean/ISIC2018/ISIC_0034098.jpg,5,5,0.00091310625,0.003521572,0.005370335,0.058850624,0.4189946,0.5122993,5.0473693e-05
/home/share/Uni_Eval/HAM10000_clean/ISIC2018/ISIC_0033040.jpg,5,5,2.3822282e-05,1.5303983e-06,0.00024392574,0.00055788236,0.015080865,0.9840916,3.20433e-07
/home/share/Uni_Eval/HAM10000_clean/ISIC2018/ISIC_0032868.jpg,5,5,0.00018773477,0.00013774387,0.024853243,0.0296138,0.020633006,0.92457294,1.3877205e-06
/home/share/Uni_Eval/HAM10000_clean/ISIC2018/ISIC_0034018.jpg,5,5,3.698731e-05,7.830031e-06,0.00026377497,6.0819726e-05,0.018206889,0.9814212,2.5004883e-06
/home/share/Uni_Eval/HAM10000_clean/ISIC2018/ISIC_0033464.jpg,5,5,1.4029698e-05,3.996592e-06,0.00027575338,2.9460127e-05,0.009008534,0.99066293,5.3431827e-06
/home/share/Uni_Eval/HAM10000_clean/ISIC2018/ISIC_0033970.jpg,5,5,0.00033947814,3.3734115e-05,0.0068865754,0.00039735445,0.054750685,0.93755686,3.533003e-05
/home/share/Uni_Eval/HAM10000_clean/ISIC2018/ISIC_0033896.jpg,5,5,0.0017764652,9.098893e-05,0.028948655,0.0047400827,0.022109427,0.94225883,7.564434e-05
/home/share/Uni_Eval/HAM10000_clean/ISIC2018/ISIC_0032402.jpg,5,5,1.2778571e-05,0.000110534755,2.4751716e-05,0.00010213137,0.00055423053,0.99897754,0.00021805757
/home/share/Uni_Eval/HAM10000_clean/ISIC2018/ISIC_0034309.jpg,5,5,6.787488e-06,2.3759442e-07,0.00020122337,0.0012024492,0.00038130043,0.99820113,6.910088e-06
/home/share/Uni_Eval/HAM10000_clean/ISIC2018/ISIC_0033043.jpg,5,5,2.1665019e-05,1.997242e-05,0.0011895102,0.008427104,0.0028795088,0.987339,0.00012322202
/home/share/Uni_Eval/HAM10000_clean/ISIC2018/ISIC_0032562.jpg,5,5,0.0008140456,1.5433764e-06,0.00243916,0.00048689145,0.09064385,0.90561426,2.421868e-07
/home/share/Uni_Eval/HAM10000_clean/ISIC2018/ISIC_0033421.jpg,5,5,0.0030639959,0.0008513803,0.0026325667,0.000867257,0.053326003,0.9392567,1.9971826e-06
/home/share/Uni_Eval/HAM10000_clean/ISIC2018/ISIC_0033467.jpg,5,5,7.2874165e-05,3.2517142e-05,0.0008281408,0.00017350343,0.013065824,0.9858268,4.3558495e-07
/home/share/Uni_Eval/HAM10000_clean/ISIC2018/ISIC_0032996.jpg,5,5,2.5214424e-05,0.00021401315,4.2493157e-05,0.00037396778,0.039564755,0.9596305,0.00014903824
/home/share/Uni_Eval/HAM10000_clean/ISIC2018/ISIC_0033623.jpg,5,5,0.00011246663,0.0006500773,2.4365798e-05,0.004498777,0.0076157325,0.9870974,1.1019786e-06
/home/share/Uni_Eval/HAM10000_clean/ISIC2018/ISIC_0033383.jpg,5,5,5.3486674e-06,1.3313347e-05,0.00014027723,0.00019906313,0.09344706,0.90589494,0.00030001276
/home/share/Uni_Eval/HAM10000_clean/ISIC2018/ISIC_0032634.jpg,5,5,0.010806523,0.0052899844,0.12072508,0.0042753117,0.05957948,0.7992676,5.6090877e-05
/home/share/Uni_Eval/HAM10000_clean/ISIC2018/ISIC_0033751.jpg,5,5,1.9943652e-06,2.5077063e-05,0.00028017125,0.00076952035,0.0011558553,0.99776554,1.7572187e-06
/home/share/Uni_Eval/HAM10000_clean/ISIC2018/ISIC_0033065.jpg,5,5,8.872494e-06,7.291889e-07,0.00045706218,0.00015948854,0.049191542,0.9501561,2.6208303e-05
/home/share/Uni_Eval/HAM10000_clean/ISIC2018/ISIC_0033353.jpg,5,5,0.0012703356,0.009436722,0.014101836,0.14912415,0.025420597,0.80038226,0.00026409677
/home/share/Uni_Eval/HAM10000_clean/ISIC2018/ISIC_0034019.jpg,5,5,0.00017961011,0.00015597939,0.004111107,0.00058300333,0.010359479,0.9840097,0.0006011116
/home/share/Uni_Eval/HAM10000_clean/ISIC2018/ISIC_0034154.jpg,5,5,7.4675525e-05,3.5495865e-05,0.010943479,2.745446e-05,0.19415309,0.79374427,0.0010215198
/home/share/Uni_Eval/HAM10000_clean/ISIC2018/ISIC_0033597.jpg,5,5,0.00011443924,0.0001144209,0.03429111,0.00065757585,0.01683037,0.9479903,1.8356668e-06
/home/share/Uni_Eval/HAM10000_clean/ISIC2018/ISIC_0033330.jpg,5,5,6.400249e-06,2.4565952e-06,0.00016047385,1.3088146e-05,0.0026750027,0.9971425,1.3977194e-08
/home/share/Uni_Eval/HAM10000_clean/ISIC2018/ISIC_0033982.jpg,5,5,9.031712e-07,1.6213806e-06,0.00013286865,0.00012279731,0.0052114725,0.9945123,1.7921931e-05
/home/share/Uni_Eval/HAM10000_clean/ISIC2018/ISIC_0027265.jpg,5,5,0.00060644286,0.00036359654,0.008262186,0.00016570484,0.05244121,0.93814695,1.3918015e-05
/home/share/Uni_Eval/HAM10000_clean/ISIC2018/ISIC_0030038.jpg,5,5,0.00036619682,0.005633375,0.0022928354,0.0006866404,0.02837135,0.96263075,1.8787194e-05
/home/share/Uni_Eval/HAM10000_clean/ISIC2018/ISIC_0027345.jpg,5,5,0.0007181225,0.013987715,0.0470994,0.000317438,0.08575971,0.85172373,0.00039392465
/home/share/Uni_Eval/HAM10000_clean/ISIC2018/ISIC_0031299.jpg,5,5,0.00017673783,0.00013080265,0.0011921076,0.0004021842,0.05956945,0.93816435,0.00036426497
/home/share/Uni_Eval/HAM10000_clean/ISIC2018/ISIC_0029915.jpg,0,1,0.01737285,0.86354345,0.045072384,0.037025295,0.0068471213,0.028225852,0.0019130394
/home/share/Uni_Eval/HAM10000_clean/ISIC2018/ISIC_0033456.jpg,0,0,0.9587274,0.002714206,0.021530334,0.015578356,0.001422946,2.2853768e-05,3.8866838e-06
/home/share/Uni_Eval/HAM10000_clean/ISIC2018/ISIC_0031191.jpg,0,2,0.012480549,0.012959276,0.49262935,0.0021947257,0.45193547,0.027442953,0.00035770913
/home/share/Uni_Eval/HAM10000_clean/ISIC2018/ISIC_0025948.jpg,0,0,0.43362632,0.14186355,0.073483475,0.0031494799,0.24694297,0.09752553,0.0034086588
/home/share/Uni_Eval/HAM10000_clean/ISIC2018/ISIC_0030803.jpg,0,0,0.8936974,0.031193664,0.03513424,0.022910245,0.015272548,0.0017776394,1.4382843e-05
/home/share/Uni_Eval/HAM10000_clean/ISIC2018/ISIC_0025069.jpg,0,0,0.31765398,0.21908304,0.09596962,0.013188157,0.29822558,0.05539011,0.0004894878
/home/share/Uni_Eval/HAM10000_clean/ISIC2018/ISIC_0028232.jpg,0,0,0.7546048,0.10954396,0.03189446,0.0010701449,0.09149734,0.01135565,3.3622917e-05
/home/share/Uni_Eval/HAM10000_clean/ISIC2018/ISIC_0029067.jpg,0,2,0.18092215,0.024123555,0.45319238,0.015468324,0.20675789,0.119488925,4.6798326e-05
/home/share/Uni_Eval/HAM10000_clean/ISIC2018/ISIC_0025539.jpg,0,2,0.274718,0.01034538,0.6245024,0.0016625698,0.0787159,0.010021809,3.3936092e-05
/home/share/Uni_Eval/HAM10000_clean/ISIC2018/ISIC_0030191.jpg,0,4,0.099313475,0.0026097586,0.33542308,0.0032073741,0.5241463,0.035299413,6.0536627e-07
/home/share/Uni_Eval/HAM10000_clean/ISIC2018/ISIC_0031043.jpg,0,4,0.18683909,0.06356823,0.060397472,0.02009915,0.44616914,0.22290963,1.7261118e-05
/home/share/Uni_Eval/HAM10000_clean/ISIC2018/ISIC_0032455.jpg,0,0,0.9123595,0.019988852,0.035565935,0.009298791,0.02182031,0.0007319679,0.00023466648
/home/share/Uni_Eval/HAM10000_clean/ISIC2018/ISIC_0027896.jpg,0,0,0.9210169,0.0056474917,0.06924289,0.00026235,0.00075437315,0.0030608196,1.5099761e-05
/home/share/Uni_Eval/HAM10000_clean/ISIC2018/ISIC_0031044.jpg,0,0,0.93986183,0.0012680779,0.008168846,0.0113817025,0.039052997,0.00026527786,1.2734665e-06
/home/share/Uni_Eval/HAM10000_clean/ISIC2018/ISIC_0031012.jpg,0,4,0.28658035,0.099465325,0.014548867,0.0068217427,0.57662356,0.015959146,1.0006056e-06
/home/share/Uni_Eval/HAM10000_clean/ISIC2018/ISIC_0029533.jpg,0,4,0.44211268,0.06174666,0.018419145,0.005538145,0.46578878,0.006394343,2.586881e-07
/home/share/Uni_Eval/HAM10000_clean/ISIC2018/ISIC_0026992.jpg,0,0,0.9812837,0.00823743,0.0026423298,0.0065456037,0.0007128262,0.0005746711,3.3551432e-06
/home/share/Uni_Eval/HAM10000_clean/ISIC2018/ISIC_0025825.jpg,0,0,0.97616744,9.452436e-05,0.021417562,0.00054017105,0.0014825565,0.00029776574,5.7632523e-08
/home/share/Uni_Eval/HAM10000_clean/ISIC2018/ISIC_0026645.jpg,0,0,0.6423664,0.28409937,0.06177981,0.00028123253,0.0040941695,0.007374807,4.236162e-06
/home/share/Uni_Eval/HAM10000_clean/ISIC2018/ISIC_0029811.jpg,0,0,0.88891345,0.029110856,0.054699942,0.009533171,0.010808279,0.0069112903,2.3028937e-05
/home/share/Uni_Eval/HAM10000_clean/ISIC2018/ISIC_0027178.jpg,0,0,0.6494595,0.014429657,0.22364186,0.0018188894,0.08447215,0.026168339,9.610501e-06
/home/share/Uni_Eval/HAM10000_clean/ISIC2018/ISIC_0028872.jpg,0,0,0.8285515,0.027177086,0.07943125,0.025500793,0.016398672,0.022936322,4.4483413e-06
/home/share/Uni_Eval/HAM10000_clean/ISIC2018/ISIC_0031292.jpg,0,0,0.8779264,0.026123248,0.083577834,0.00070740725,0.009793234,0.0018700735,1.7904008e-06
/home/share/Uni_Eval/HAM10000_clean/ISIC2018/ISIC_0033494.jpg,0,0,0.77435356,0.018638585,0.16636945,0.022027593,0.014080324,0.004273455,0.00025698135
/home/share/Uni_Eval/HAM10000_clean/ISIC2018/ISIC_0026014.jpg,0,4,0.19335586,0.08402891,0.10200307,0.0030014245,0.4980266,0.119580984,3.1557038e-06
/home/share/Uni_Eval/HAM10000_clean/ISIC2018/ISIC_0026549.jpg,0,1,0.16080241,0.41216603,0.09258163,0.00026520545,0.08514002,0.24904105,3.591622e-06
/home/share/Uni_Eval/HAM10000_clean/ISIC2018/ISIC_0030387.jpg,0,1,0.26285735,0.35337374,0.14814879,0.0052496046,0.002701367,0.22761893,5.025227e-05
/home/share/Uni_Eval/HAM10000_clean/ISIC2018/ISIC_0029573.jpg,0,0,0.9332177,0.00916257,0.020764278,0.002090433,0.020716425,0.013941444,0.000107109896
/home/share/Uni_Eval/HAM10000_clean/ISIC2018/ISIC_0029268.jpg,0,5,0.21173435,0.07731044,0.22142267,0.068771996,0.063439414,0.35731888,2.3106998e-06
/home/share/Uni_Eval/HAM10000_clean/ISIC2018/ISIC_0029598.jpg,0,2,0.2291527,0.30097535,0.37842706,0.01797329,0.061427068,0.011905472,0.00013913277
/home/share/Uni_Eval/HAM10000_clean/ISIC2018/ISIC_0029781.jpg,0,0,0.99225736,0.0048099854,0.00048650082,0.0014422314,0.0006736193,0.00032875643,1.5164206e-06
/home/share/Uni_Eval/HAM10000_clean/ISIC2018/ISIC_0025247.jpg,0,0,0.9431502,0.034070566,0.018415213,0.0017715724,0.0004216689,0.0021669222,3.8637154e-06
/home/share/Uni_Eval/HAM10000_clean/ISIC2018/ISIC_0028499.jpg,0,0,0.4589147,0.055698927,0.44886702,0.0038071407,0.016998393,0.01571334,4.1061858e-07
/home/share/Uni_Eval/HAM10000_clean/ISIC2018/ISIC_0030591.jpg,0,0,0.5560149,0.0040941075,0.0401386,0.033608444,0.10785692,0.25828412,2.9411442e-06
/home/share/Uni_Eval/HAM10000_clean/ISIC2018/ISIC_0029638.jpg,0,0,0.7989828,0.0057688495,0.027965914,0.0102672605,0.08408473,0.07293038,1.0787356e-07
/home/share/Uni_Eval/HAM10000_clean/ISIC2018/ISIC_0026132.jpg,0,0,0.68209875,0.13178992,0.117508546,0.0012833605,0.051530123,0.015784113,5.187468e-06
/home/share/Uni_Eval/HAM10000_clean/ISIC2018/ISIC_0024763.jpg,0,0,0.63651234,0.0009018663,0.30246884,0.00097593473,0.02316814,0.0357419,0.00023100954
/home/share/Uni_Eval/HAM10000_clean/ISIC2018/ISIC_0028076.jpg,0,0,0.8787273,0.03064127,0.06741358,0.0007496038,0.020625891,0.0018420538,3.2503854e-07
/home/share/Uni_Eval/HAM10000_clean/ISIC2018/ISIC_0025957.jpg,0,0,0.714777,0.0940589,0.11052672,0.017306224,0.044387385,0.01893458,9.209503e-06
/home/share/Uni_Eval/HAM10000_clean/ISIC2018/ISIC_0031927.jpg,0,0,0.8475818,0.023835862,0.08635808,0.013161418,0.015617651,0.013431752,1.3278287e-05
/home/share/Uni_Eval/HAM10000_clean/ISIC2018/ISIC_0025264.jpg,0,4,0.24559313,0.09262064,0.17315854,0.041117877,0.33003297,0.11660266,0.0008741655
/home/share/Uni_Eval/HAM10000_clean/ISIC2018/ISIC_0026457.jpg,0,0,0.7282438,0.019016638,0.20048687,0.00015330315,0.02789947,0.024199339,5.094847e-07
/home/share/Uni_Eval/HAM10000_clean/ISIC2018/ISIC_0028763.jpg,0,4,0.18849652,0.039065473,0.25406417,0.018072592,0.27856758,0.22127566,0.00045799193
/home/share/Uni_Eval/HAM10000_clean/ISIC2018/ISIC_0025780.jpg,0,0,0.95080453,0.0006789953,0.03259309,0.000513003,0.012128978,0.0032507742,3.060324e-05
/home/share/Uni_Eval/HAM10000_clean/ISIC2018/ISIC_0027452.jpg,0,0,0.7379331,0.004282271,0.15251245,0.0057042763,0.08205382,0.017513713,3.383259e-07
/home/share/Uni_Eval/HAM10000_clean/ISIC2018/ISIC_0027884.jpg,0,1,0.1940056,0.66931725,0.07036874,0.00021722369,0.05394859,0.011968064,0.00017460041
/home/share/Uni_Eval/HAM10000_clean/ISIC2018/ISIC_0027950.jpg,0,0,0.7057078,0.052904364,0.019048791,0.00057525834,0.14118049,0.080567695,1.5634376e-05
/home/share/Uni_Eval/HAM10000_clean/ISIC2018/ISIC_0033536.jpg,0,0,0.7400476,0.14520407,0.032101892,0.048745826,0.0140975,0.01977785,2.5317178e-05
/home/share/Uni_Eval/HAM10000_clean/ISIC2018/ISIC_0032854.jpg,0,0,0.85874784,0.00038776477,0.13878779,0.00012424955,0.0017460268,0.00020606161,2.5080828e-07
