filename,true_label,predicted_label,probability_class_0,probability_class_1,probability_class_2,probability_class_3,probability_class_4,probability_class_5,probability_class_6
/home/share/Uni_Eval/HAM10000_clean/ISIC2018/ISIC_0025661.jpg,2,0,0.40761122,0.28741348,0.16051824,0.04798885,0.04132154,0.05423229,0.0009143507
/home/share/Uni_Eval/HAM10000_clean/ISIC2018/ISIC_0027850.jpg,2,1,0.033112917,0.4720268,0.15334041,0.00065419375,0.06958549,0.27092972,0.00035048038
/home/share/Uni_Eval/HAM10000_clean/ISIC2018/ISIC_0029068.jpg,2,1,0.07095034,0.6244066,0.26870814,0.003505424,0.0035394374,0.012531132,0.016358932
/home/share/Uni_Eval/HAM10000_clean/ISIC2018/ISIC_0025984.jpg,2,5,0.0044435253,0.0479692,0.28559256,0.00059562497,0.060449105,0.60070807,0.00024188131
/home/share/Uni_Eval/HAM10000_clean/ISIC2018/ISIC_0032417.jpg,2,2,0.0006284621,0.00010215076,0.97233045,4.3287524e-05,0.010435886,0.013352787,0.0031069056
/home/share/Uni_Eval/HAM10000_clean/ISIC2018/ISIC_0027310.jpg,2,5,0.0007323464,0.013122527,0.3868984,0.0029544635,0.016615186,0.57607603,0.0036010894
/home/share/Uni_Eval/HAM10000_clean/ISIC2018/ISIC_0025937.jpg,2,2,0.038923666,0.05804668,0.81620616,0.0054420824,0.007869773,0.062425505,0.011086238
/home/share/Uni_Eval/HAM10000_clean/ISIC2018/ISIC_0027828.jpg,2,5,0.0027036327,0.010841548,0.39845055,0.00017384271,0.039452787,0.5466512,0.001726522
/home/share/Uni_Eval/HAM10000_clean/ISIC2018/ISIC_0030698.jpg,2,2,0.00088291615,0.0052477666,0.49246213,0.00031414838,0.08115679,0.41757765,0.0023585602
/home/share/Uni_Eval/HAM10000_clean/ISIC2018/ISIC_0024981.jpg,2,4,0.0016885251,0.0020244154,0.018376295,0.00058916234,0.68959755,0.28764227,8.176655e-05
/home/share/Uni_Eval/HAM10000_clean/ISIC2018/ISIC_0027053.jpg,2,5,0.0021910453,0.019590998,0.35515133,0.000649902,0.1897384,0.43047434,0.0022039253
/home/share/Uni_Eval/HAM10000_clean/ISIC2018/ISIC_0025819.jpg,2,2,0.0027296643,0.005292493,0.60426635,0.024345739,0.051656652,0.31115052,0.0005586453
/home/share/Uni_Eval/HAM10000_clean/ISIC2018/ISIC_0032013.jpg,2,2,0.0034759007,0.007071641,0.97632027,0.0032135176,0.0005769792,0.009326117,1.5623697e-05
/home/share/Uni_Eval/HAM10000_clean/ISIC2018/ISIC_0025099.jpg,2,2,0.0003691433,0.01711075,0.6942063,9.7745964e-05,0.10078397,0.1853516,0.0020804927
/home/share/Uni_Eval/HAM10000_clean/ISIC2018/ISIC_0029289.jpg,2,5,0.00012312454,0.00015836243,0.014844631,0.00010561382,0.06500449,0.9191189,0.0006449019
/home/share/Uni_Eval/HAM10000_clean/ISIC2018/ISIC_0032283.jpg,2,5,0.0064288685,0.007564367,0.097039,0.0023732889,0.0384055,0.8477565,0.00043246316
/home/share/Uni_Eval/HAM10000_clean/ISIC2018/ISIC_0031624.jpg,2,2,0.000119721975,0.0002220114,0.92149705,5.731453e-05,0.008807009,0.06834333,0.0009536038
/home/share/Uni_Eval/HAM10000_clean/ISIC2018/ISIC_0029060.jpg,2,2,0.021426754,0.01430108,0.6375827,0.010609442,0.1290288,0.18656157,0.0004895983
/home/share/Uni_Eval/HAM10000_clean/ISIC2018/ISIC_0032306.jpg,2,2,0.035629533,0.0010774933,0.86099154,0.030497361,0.0052492255,0.06642443,0.00013049686
/home/share/Uni_Eval/HAM10000_clean/ISIC2018/ISIC_0027957.jpg,2,5,0.0012315407,0.0025081967,0.21267654,0.0048937434,0.08552505,0.6806863,0.012478648
/home/share/Uni_Eval/HAM10000_clean/ISIC2018/ISIC_0032382.jpg,2,2,0.009875378,0.064608656,0.6023965,0.0021579838,0.0742317,0.24635205,0.00037770075
/home/share/Uni_Eval/HAM10000_clean/ISIC2018/ISIC_0029674.jpg,2,5,0.0015344704,8.3217725e-05,0.061466485,0.001497088,0.016962782,0.9182368,0.00021923361
/home/share/Uni_Eval/HAM10000_clean/ISIC2018/ISIC_0024623.jpg,2,2,0.0010491078,0.00029078682,0.9623176,0.00011783502,0.034834724,0.0013158534,7.413158e-05
/home/share/Uni_Eval/HAM10000_clean/ISIC2018/ISIC_0032929.jpg,2,2,0.038839553,0.016356668,0.7879718,0.00069855805,0.14447169,0.011585931,7.584617e-05
/home/share/Uni_Eval/HAM10000_clean/ISIC2018/ISIC_0033900.jpg,2,4,0.000750251,0.006655504,0.086644396,0.00041685178,0.7982676,0.10699228,0.00027313834
/home/share/Uni_Eval/HAM10000_clean/ISIC2018/ISIC_0030276.jpg,2,2,0.019487064,0.15435235,0.8095653,0.0012198542,0.0144423675,0.0009191322,1.3980903e-05
/home/share/Uni_Eval/HAM10000_clean/ISIC2018/ISIC_0033465.jpg,2,5,3.8539776e-05,3.5448288e-06,0.26973352,0.00052701525,0.07365505,0.65603966,2.6639327e-06
/home/share/Uni_Eval/HAM10000_clean/ISIC2018/ISIC_0029683.jpg,2,4,0.002068644,0.00048560568,0.20669904,9.643639e-05,0.52834827,0.26227716,2.4858635e-05
/home/share/Uni_Eval/HAM10000_clean/ISIC2018/ISIC_0032514.jpg,2,5,0.008657765,0.044873983,0.16266227,0.034637637,0.08433072,0.6643738,0.0004638941
/home/share/Uni_Eval/HAM10000_clean/ISIC2018/ISIC_0033910.jpg,2,1,0.043264855,0.35401285,0.10576736,0.01762649,0.34084767,0.13742962,0.0010510959
/home/share/Uni_Eval/HAM10000_clean/ISIC2018/ISIC_0033212.jpg,2,2,0.0022914286,0.0022018764,0.92713386,0.00016870686,0.031675287,0.027803883,0.008725055
/home/share/Uni_Eval/HAM10000_clean/ISIC2018/ISIC_0033601.jpg,2,2,0.0006880853,0.0020963952,0.8910615,1.74736e-05,0.04989817,0.055914406,0.0003239588
/home/share/Uni_Eval/HAM10000_clean/ISIC2018/ISIC_0033677.jpg,2,2,0.0014449866,0.0002455924,0.9352572,0.006605805,0.01675612,0.039681304,9.0127705e-06
/home/share/Uni_Eval/HAM10000_clean/ISIC2018/ISIC_0033262.jpg,2,2,0.0016382637,0.00518308,0.75507754,0.0035841386,0.014007929,0.22032775,0.00018126637
/home/share/Uni_Eval/HAM10000_clean/ISIC2018/ISIC_0032570.jpg,2,2,0.035243645,0.0014409173,0.727145,0.0028061033,0.05997935,0.16886245,0.004522595
/home/share/Uni_Eval/HAM10000_clean/ISIC2018/ISIC_0033264.jpg,2,4,0.0072106756,0.0011093498,0.24967265,7.8460405e-05,0.71828,0.023630023,1.8826402e-05
/home/share/Uni_Eval/HAM10000_clean/ISIC2018/ISIC_0032665.jpg,2,4,6.842504e-05,0.0053157685,0.18893218,2.9317136e-05,0.5548886,0.24018188,0.010583869
/home/share/Uni_Eval/HAM10000_clean/ISIC2018/ISIC_0033587.jpg,2,4,4.8418755e-05,6.305752e-05,0.05263449,0.0002650235,0.7545509,0.19238037,5.7710473e-05
/home/share/Uni_Eval/HAM10000_clean/ISIC2018/ISIC_0032675.jpg,2,5,0.00045367624,0.00043277995,0.3762303,0.00031386493,0.16227973,0.46002477,0.00026489174
/home/share/Uni_Eval/HAM10000_clean/ISIC2018/ISIC_0033449.jpg,2,2,0.24973497,0.0030012254,0.3368777,0.014760115,0.25215724,0.14339924,6.9486196e-05
/home/share/Uni_Eval/HAM10000_clean/ISIC2018/ISIC_0033758.jpg,2,2,0.00067094405,0.008531601,0.844654,0.0006685613,0.059877034,0.081802465,0.0037953448
/home/share/Uni_Eval/HAM10000_clean/ISIC2018/ISIC_0032876.jpg,2,2,0.00032099514,0.0017883619,0.9137244,1.1179388e-05,0.00088684214,0.08128646,0.0019816377
/home/share/Uni_Eval/HAM10000_clean/ISIC2018/ISIC_0025157.jpg,2,0,0.5013561,0.027039073,0.3159375,0.0010196484,0.0029783475,0.15166326,6.107679e-06
/home/share/Uni_Eval/HAM10000_clean/ISIC2018/ISIC_0026060.jpg,2,2,0.083176,0.003536148,0.8821018,0.011341403,0.009319481,0.0072203525,0.0033048089
/home/share/Uni_Eval/HAM10000_clean/ISIC2018/ISIC_0029394.jpg,2,5,0.00137729,2.6817179e-05,0.06849521,0.0010024131,0.07888629,0.85020906,2.9182945e-06
/home/share/Uni_Eval/HAM10000_clean/ISIC2018/ISIC_0026844.jpg,2,2,0.26000932,0.15968889,0.42949647,0.012313216,0.097159795,0.02463148,0.016700821
/home/share/Uni_Eval/HAM10000_clean/ISIC2018/ISIC_0027374.jpg,2,2,0.004594285,0.1574788,0.61391586,0.0026336855,0.1060625,0.10442453,0.0108903535
/home/share/Uni_Eval/HAM10000_clean/ISIC2018/ISIC_0025507.jpg,2,2,0.0042385515,0.0032449064,0.60423416,0.0003065731,0.3559967,0.03197872,4.2747146e-07
/home/share/Uni_Eval/HAM10000_clean/ISIC2018/ISIC_0028336.jpg,2,2,0.0987943,0.13507773,0.48300025,0.025907142,0.0506194,0.2063448,0.00025642128
/home/share/Uni_Eval/HAM10000_clean/ISIC2018/ISIC_0025838.jpg,2,4,0.016561786,0.0008057629,0.1979766,0.021692319,0.67942476,0.08343163,0.000107173386
/home/share/Uni_Eval/HAM10000_clean/ISIC2018/ISIC_0027780.jpg,2,4,0.04399849,0.002094603,0.34574357,0.0041606175,0.5206305,0.08336764,4.6077707e-06
/home/share/Uni_Eval/HAM10000_clean/ISIC2018/ISIC_0024592.jpg,2,2,0.00035865154,0.0056710998,0.9132929,0.004020219,0.03949419,0.035298396,0.0018645758
/home/share/Uni_Eval/HAM10000_clean/ISIC2018/ISIC_0030721.jpg,2,1,0.044223636,0.5456952,0.16332363,0.0023628962,0.01341805,0.10677776,0.12419881
/home/share/Uni_Eval/HAM10000_clean/ISIC2018/ISIC_0032168.jpg,2,2,0.0037803734,0.00037377936,0.9548766,0.00051301287,0.01942043,0.020988911,4.6958525e-05
/home/share/Uni_Eval/HAM10000_clean/ISIC2018/ISIC_0024505.jpg,2,2,0.039552033,0.00085067755,0.91169524,0.00044380932,0.026029779,0.021427551,9.90679e-07
/home/share/Uni_Eval/HAM10000_clean/ISIC2018/ISIC_0024626.jpg,2,2,0.16795905,0.104701184,0.5786243,0.0027785583,0.06055031,0.08533798,4.853592e-05
/home/share/Uni_Eval/HAM10000_clean/ISIC2018/ISIC_0024971.jpg,2,2,0.19374521,0.16584405,0.41646853,0.0022975274,0.1667489,0.05471836,0.00017741694
/home/share/Uni_Eval/HAM10000_clean/ISIC2018/ISIC_0025485.jpg,2,2,0.030256547,0.0007442176,0.8396421,0.0068353815,0.0034073577,0.119110644,3.6580998e-06
/home/share/Uni_Eval/HAM10000_clean/ISIC2018/ISIC_0028856.jpg,2,5,0.013138967,0.05335054,0.31366366,0.0021254078,0.119478986,0.49819434,4.8090595e-05
/home/share/Uni_Eval/HAM10000_clean/ISIC2018/ISIC_0030095.jpg,2,2,0.049508445,0.004964768,0.9255819,0.0004257303,0.006883951,0.012633221,1.97745e-06
/home/share/Uni_Eval/HAM10000_clean/ISIC2018/ISIC_0024883.jpg,2,5,5.7096346e-05,0.0006593785,0.0055669905,0.0023934767,0.07103862,0.9202041,8.040013e-05
/home/share/Uni_Eval/HAM10000_clean/ISIC2018/ISIC_0027295.jpg,2,2,0.014350359,0.004470853,0.7494986,0.03283971,0.019772887,0.17890957,0.00015803156
/home/share/Uni_Eval/HAM10000_clean/ISIC2018/ISIC_0032156.jpg,2,2,0.0028538036,0.0058105323,0.8189102,0.002708304,0.13784105,0.03178077,9.53845e-05
/home/share/Uni_Eval/HAM10000_clean/ISIC2018/ISIC_0030783.jpg,2,2,0.018127372,0.000417807,0.7330515,0.00025757987,0.2248419,0.02308166,0.00022216242
/home/share/Uni_Eval/HAM10000_clean/ISIC2018/ISIC_0030459.jpg,2,2,0.0020280771,0.001165575,0.96860933,0.0003245739,0.026930097,0.00094220723,2.7242848e-07
/home/share/Uni_Eval/HAM10000_clean/ISIC2018/ISIC_0026861.jpg,2,2,0.017266825,0.015154643,0.52340794,0.0001614356,0.42607057,0.017923951,1.4653286e-05
/home/share/Uni_Eval/HAM10000_clean/ISIC2018/ISIC_0030208.jpg,2,2,0.124869026,0.097664945,0.71617764,0.035884235,0.0053720004,0.019983998,4.8177542e-05
/home/share/Uni_Eval/HAM10000_clean/ISIC2018/ISIC_0030723.jpg,2,2,0.37296122,0.031485915,0.5827602,0.00056393625,0.010375547,0.0017604766,9.2611306e-05
/home/share/Uni_Eval/HAM10000_clean/ISIC2018/ISIC_0027969.jpg,2,2,0.0018840736,4.1830142e-05,0.65221137,0.00024871016,0.0041494844,0.34116235,0.00030223618
/home/share/Uni_Eval/HAM10000_clean/ISIC2018/ISIC_0031851.jpg,2,4,0.37471,0.012722236,0.11167726,0.00034725407,0.4919637,0.008392269,0.00018727816
/home/share/Uni_Eval/HAM10000_clean/ISIC2018/ISIC_0029420.jpg,2,2,0.048476517,0.0009961847,0.65880257,0.002004807,0.18668349,0.10303543,9.87484e-07
/home/share/Uni_Eval/HAM10000_clean/ISIC2018/ISIC_0024381.jpg,2,2,0.03530777,0.0024508939,0.9340472,9.370181e-05,0.02647757,0.001582751,4.007292e-05
/home/share/Uni_Eval/HAM10000_clean/ISIC2018/ISIC_0029991.jpg,2,1,0.07627813,0.88536894,0.024491578,0.009197231,0.0019269704,0.002473538,0.00026355888
/home/share/Uni_Eval/HAM10000_clean/ISIC2018/ISIC_0031168.jpg,2,0,0.60653424,0.17911404,0.18076244,0.0029898891,0.025607549,0.0049419045,4.994622e-05
/home/share/Uni_Eval/HAM10000_clean/ISIC2018/ISIC_0024547.jpg,2,2,0.0030841033,0.002511181,0.53138894,0.001547296,0.36994013,0.09152572,2.6183654e-06
/home/share/Uni_Eval/HAM10000_clean/ISIC2018/ISIC_0029897.jpg,2,2,0.016027657,0.021434736,0.91856307,0.0023748954,0.008633183,0.02942714,0.0035392859
/home/share/Uni_Eval/HAM10000_clean/ISIC2018/ISIC_0027006.jpg,2,5,0.07742827,0.044023808,0.19593987,0.039154258,0.034423232,0.6084924,0.00053826696
/home/share/Uni_Eval/HAM10000_clean/ISIC2018/ISIC_0028881.jpg,2,2,0.06887557,0.14349914,0.5610046,0.016723841,0.19975926,0.009063808,0.0010738126
/home/share/Uni_Eval/HAM10000_clean/ISIC2018/ISIC_0029311.jpg,2,2,0.009629396,0.015836274,0.60625863,0.00032727007,0.0021529542,0.3657899,5.5352157e-06
/home/share/Uni_Eval/HAM10000_clean/ISIC2018/ISIC_0025973.jpg,2,2,0.07190622,0.03370584,0.70388186,0.0033283795,0.15112974,0.036034666,1.3383461e-05
/home/share/Uni_Eval/HAM10000_clean/ISIC2018/ISIC_0031580.jpg,2,2,0.011516564,0.0062238807,0.56501037,0.023491647,0.252981,0.14074096,3.554169e-05
/home/share/Uni_Eval/HAM10000_clean/ISIC2018/ISIC_0028389.jpg,2,2,0.0045044087,0.023334514,0.77793884,0.013249512,0.01536579,0.16558148,2.538526e-05
/home/share/Uni_Eval/HAM10000_clean/ISIC2018/ISIC_0028750.jpg,2,2,0.017701553,1.60365e-05,0.9197671,0.0003060906,0.059956934,0.002252017,2.7945197e-07
/home/share/Uni_Eval/HAM10000_clean/ISIC2018/ISIC_0026378.jpg,2,2,0.0076325894,9.441472e-05,0.96294147,8.1851926e-05,0.004405078,0.02484366,9.355078e-07
/home/share/Uni_Eval/HAM10000_clean/ISIC2018/ISIC_0030683.jpg,2,2,0.014885037,0.04222484,0.75856805,0.0004828002,0.010021773,0.1730442,0.00077337783
/home/share/Uni_Eval/HAM10000_clean/ISIC2018/ISIC_0025883.jpg,2,2,0.0015060088,0.085834354,0.78868484,0.003905297,0.031117434,0.062912755,0.026039382
/home/share/Uni_Eval/HAM10000_clean/ISIC2018/ISIC_0031050.jpg,2,2,0.22298831,0.011374586,0.6078541,0.020491153,0.04258093,0.0945305,0.00018034579
/home/share/Uni_Eval/HAM10000_clean/ISIC2018/ISIC_0026316.jpg,2,5,0.0008485647,0.0018338213,0.025948491,0.002957299,0.2263227,0.7420754,1.3755253e-05
/home/share/Uni_Eval/HAM10000_clean/ISIC2018/ISIC_0031522.jpg,2,2,0.02772035,0.29548863,0.385381,0.016892832,0.13098037,0.13048536,0.013051453
/home/share/Uni_Eval/HAM10000_clean/ISIC2018/ISIC_0032024.jpg,2,0,0.61672896,0.14265253,0.22207272,0.011829269,0.0022069616,0.0045083174,1.1931329e-06
/home/share/Uni_Eval/HAM10000_clean/ISIC2018/ISIC_0025374.jpg,2,2,0.0018602671,0.0016843018,0.97025406,8.552342e-05,0.01683564,0.009177783,0.00010236369
/home/share/Uni_Eval/HAM10000_clean/ISIC2018/ISIC_0026365.jpg,2,5,0.028515102,0.069457866,0.23594569,0.0012721962,0.050193377,0.61434084,0.00027497104
/home/share/Uni_Eval/HAM10000_clean/ISIC2018/ISIC_0028656.jpg,2,5,0.0043215035,0.0047064447,0.12651575,0.022194274,0.05355861,0.7886885,1.4975691e-05
/home/share/Uni_Eval/HAM10000_clean/ISIC2018/ISIC_0031716.jpg,2,1,0.112632595,0.4325348,0.34593365,0.021210555,0.07156372,0.015906611,0.0002180765
/home/share/Uni_Eval/HAM10000_clean/ISIC2018/ISIC_0027893.jpg,2,2,0.005630765,0.00013923497,0.84233594,0.0048419437,0.057291403,0.089747295,1.330757e-05
/home/share/Uni_Eval/HAM10000_clean/ISIC2018/ISIC_0030318.jpg,2,2,0.003981154,0.0023435242,0.97009003,4.8308182e-05,0.0025161402,0.021020323,4.930727e-07
/home/share/Uni_Eval/HAM10000_clean/ISIC2018/ISIC_0028749.jpg,2,2,0.029335132,0.0003793589,0.7466211,0.0030476258,0.17549463,0.045109488,1.2756477e-05
/home/share/Uni_Eval/HAM10000_clean/ISIC2018/ISIC_0026961.jpg,2,2,0.0033415926,0.0002518368,0.7761312,0.00097493123,0.15779714,0.06149938,3.868864e-06
/home/share/Uni_Eval/HAM10000_clean/ISIC2018/ISIC_0025040.jpg,2,5,0.0008885037,0.0021540222,0.1332506,0.0011378254,0.10839113,0.7540493,0.00012857317
/home/share/Uni_Eval/HAM10000_clean/ISIC2018/ISIC_0026704.jpg,2,2,0.024526378,0.0019279221,0.8082964,0.008572347,0.017216353,0.13945593,4.6206474e-06
/home/share/Uni_Eval/HAM10000_clean/ISIC2018/ISIC_0029302.jpg,2,2,0.10271899,0.0002560467,0.57048637,0.0011367607,0.04025661,0.28513753,7.647353e-06
/home/share/Uni_Eval/HAM10000_clean/ISIC2018/ISIC_0030310.jpg,2,2,0.013194066,0.0005691135,0.81951636,0.00097378273,0.121403515,0.04434291,2.4907695e-07
/home/share/Uni_Eval/HAM10000_clean/ISIC2018/ISIC_0028229.jpg,2,2,0.06410496,0.009436014,0.81640804,0.010491287,0.06860871,0.030009279,0.00094175263
/home/share/Uni_Eval/HAM10000_clean/ISIC2018/ISIC_0025068.jpg,2,0,0.59582233,0.009709545,0.034725036,0.0002774677,0.35836437,0.0010987471,2.4837366e-06
/home/share/Uni_Eval/HAM10000_clean/ISIC2018/ISIC_0028943.jpg,2,2,0.05432977,0.011330365,0.5632991,0.00016051625,0.360498,0.009691569,0.0006906408
/home/share/Uni_Eval/HAM10000_clean/ISIC2018/ISIC_0031980.jpg,2,2,0.011167879,0.0004938592,0.84517723,0.000612326,0.14164399,0.0008735679,3.110238e-05
/home/share/Uni_Eval/HAM10000_clean/ISIC2018/ISIC_0028611.jpg,2,4,0.0030997507,0.021533318,0.004688181,0.016419597,0.50654167,0.4471402,0.0005772792
/home/share/Uni_Eval/HAM10000_clean/ISIC2018/ISIC_0027509.jpg,2,2,0.0017041806,0.0045469226,0.97924864,0.00010578925,0.012895213,0.0014846993,1.4611111e-05
/home/share/Uni_Eval/HAM10000_clean/ISIC2018/ISIC_0030240.jpg,2,2,0.0029274768,0.006095192,0.8719934,0.002177787,0.095111676,0.021651836,4.2603715e-05
/home/share/Uni_Eval/HAM10000_clean/ISIC2018/ISIC_0026871.jpg,2,5,0.008768545,0.00058101985,0.072418235,0.0050024893,0.002739418,0.91045123,3.914286e-05
/home/share/Uni_Eval/HAM10000_clean/ISIC2018/ISIC_0027859.jpg,2,2,0.38114536,0.0050089373,0.44215816,0.018709833,0.028948542,0.12402261,6.5892204e-06
/home/share/Uni_Eval/HAM10000_clean/ISIC2018/ISIC_0029329.jpg,2,1,0.004028295,0.82504636,0.08533641,0.0046926746,0.03950302,0.040971987,0.00042133755
/home/share/Uni_Eval/HAM10000_clean/ISIC2018/ISIC_0028913.jpg,2,2,0.023000572,0.017557537,0.7381054,0.009506573,0.03004762,0.18040624,0.0013760079
/home/share/Uni_Eval/HAM10000_clean/ISIC2018/ISIC_0028165.jpg,2,2,0.1362911,0.0038089484,0.6579058,0.0017290723,0.034305215,0.16595848,1.3330464e-06
/home/share/Uni_Eval/HAM10000_clean/ISIC2018/ISIC_0031465.jpg,2,2,0.0003579937,0.00051796186,0.9326934,1.1678447e-05,0.017038174,0.049380716,1.0633974e-07
/home/share/Uni_Eval/HAM10000_clean/ISIC2018/ISIC_0031000.jpg,2,2,0.11551051,0.06198523,0.5592249,0.01388021,0.24693948,0.0022483983,0.00021133784
/home/share/Uni_Eval/HAM10000_clean/ISIC2018/ISIC_0026276.jpg,2,2,0.0064787176,0.006688519,0.9281663,0.0017357502,0.044413876,0.012492831,2.4021947e-05
/home/share/Uni_Eval/HAM10000_clean/ISIC2018/ISIC_0027435.jpg,2,2,0.00059440173,0.020273264,0.93071634,0.0110382885,0.01990262,0.017297683,0.00017741606
/home/share/Uni_Eval/HAM10000_clean/ISIC2018/ISIC_0028294.jpg,2,2,0.016506672,0.0059124106,0.8987258,0.00017571244,0.07103122,0.0075870506,6.1115126e-05
/home/share/Uni_Eval/HAM10000_clean/ISIC2018/ISIC_0026803.jpg,2,2,0.0001953611,3.089293e-05,0.95415103,0.00047797812,0.011923198,0.033192612,2.8923716e-05
/home/share/Uni_Eval/HAM10000_clean/ISIC2018/ISIC_0026016.jpg,2,2,0.0008030926,0.0004487545,0.9333312,0.0009530441,0.027023178,0.037409898,3.093602e-05
/home/share/Uni_Eval/HAM10000_clean/ISIC2018/ISIC_0029505.jpg,2,2,0.00022853799,0.0006147521,0.9377106,0.00017404783,0.0016984999,0.05957209,1.4040755e-06
/home/share/Uni_Eval/HAM10000_clean/ISIC2018/ISIC_0026069.jpg,2,2,0.0015271343,0.0061303633,0.5839757,0.022310749,0.023384597,0.362071,0.00060052617
/home/share/Uni_Eval/HAM10000_clean/ISIC2018/ISIC_0031528.jpg,2,5,0.0018646294,0.0015022163,0.30041045,0.009760625,0.21760932,0.4683777,0.00047506232
/home/share/Uni_Eval/HAM10000_clean/ISIC2018/ISIC_0028490.jpg,2,2,0.08050846,0.00030608458,0.43648636,0.07924611,0.2091912,0.19413391,0.00012788393
/home/share/Uni_Eval/HAM10000_clean/ISIC2018/ISIC_0031987.jpg,2,2,0.003970791,0.0014438841,0.9659091,0.0027597276,0.020775786,0.0038370292,0.0013036937
/home/share/Uni_Eval/HAM10000_clean/ISIC2018/ISIC_0026631.jpg,2,2,0.0029113097,0.00014804477,0.982288,0.0030517688,0.010445408,0.0011099541,4.53773e-05
/home/share/Uni_Eval/HAM10000_clean/ISIC2018/ISIC_0025710.jpg,2,2,0.0050437306,0.001025218,0.98608416,0.0002903668,0.006225011,0.0013082217,2.3256529e-05
/home/share/Uni_Eval/HAM10000_clean/ISIC2018/ISIC_0030123.jpg,2,4,0.008562214,0.03912047,0.28046253,0.0008761098,0.5995292,0.06797321,0.0034762772
/home/share/Uni_Eval/HAM10000_clean/ISIC2018/ISIC_0029872.jpg,2,2,0.0008455851,0.0031098246,0.8543838,0.00023205162,0.10590272,0.034163292,0.0013627972
/home/share/Uni_Eval/HAM10000_clean/ISIC2018/ISIC_0026530.jpg,2,2,0.0013656109,0.0004387286,0.883911,0.00087727694,0.0058583966,0.10754283,6.2382437e-06
/home/share/Uni_Eval/HAM10000_clean/ISIC2018/ISIC_0032498.jpg,2,2,0.006654629,0.0022878451,0.945772,0.00067220395,0.011348862,0.03325898,5.402072e-06
/home/share/Uni_Eval/HAM10000_clean/ISIC2018/ISIC_0029778.jpg,2,2,0.0024622523,0.0006883284,0.9442506,0.0013889197,0.034848094,0.016361129,6.6121595e-07
/home/share/Uni_Eval/HAM10000_clean/ISIC2018/ISIC_0029555.jpg,2,2,0.00069912995,0.00040378503,0.81275445,5.5611563e-05,0.09753946,0.0883393,0.00020818121
/home/share/Uni_Eval/HAM10000_clean/ISIC2018/ISIC_0030173.jpg,2,5,0.00054777315,0.0023223734,0.40833354,0.0008368103,0.07487593,0.51300216,8.1454746e-05
/home/share/Uni_Eval/HAM10000_clean/ISIC2018/ISIC_0029012.jpg,2,2,0.0012240248,0.004845597,0.546556,7.47173e-05,0.054172583,0.39300075,0.00012624075
/home/share/Uni_Eval/HAM10000_clean/ISIC2018/ISIC_0032170.jpg,2,5,0.00032416466,7.9042875e-05,0.26735008,0.00066498,0.0011156654,0.7304314,3.4603505e-05
/home/share/Uni_Eval/HAM10000_clean/ISIC2018/ISIC_0033460.jpg,2,4,0.004920218,0.0017175794,0.18984385,0.0049213185,0.6364671,0.16212165,8.345661e-06
/home/share/Uni_Eval/HAM10000_clean/ISIC2018/ISIC_0033199.jpg,2,2,0.00034553465,0.00023595203,0.9201411,0.014415626,0.040408537,0.024365721,8.757317e-05
/home/share/Uni_Eval/HAM10000_clean/ISIC2018/ISIC_0028411.jpg,2,2,5.750477e-05,0.00048133003,0.9859693,4.448428e-05,0.009006852,0.003901341,0.0005393024
/home/share/Uni_Eval/HAM10000_clean/ISIC2018/ISIC_0032681.jpg,2,2,0.021069115,0.00018744815,0.6781469,0.011102135,0.121168904,0.16831283,1.2671172e-05
/home/share/Uni_Eval/HAM10000_clean/ISIC2018/ISIC_0033509.jpg,2,2,0.0294484,0.0028529756,0.6875851,0.018985394,0.16560192,0.09547803,4.8078964e-05
/home/share/Uni_Eval/HAM10000_clean/ISIC2018/ISIC_0032636.jpg,2,4,0.0013970458,0.04223226,0.13283603,8.536472e-05,0.7706172,0.05222461,0.00060752017
/home/share/Uni_Eval/HAM10000_clean/ISIC2018/ISIC_0034167.jpg,2,4,0.00033511996,0.00084776094,0.22629479,0.00031715014,0.49271524,0.27797037,0.0015195871
/home/share/Uni_Eval/HAM10000_clean/ISIC2018/ISIC_0032271.jpg,2,2,0.01861081,0.008488449,0.68061775,0.005118621,0.004238818,0.2822145,0.0007110511
/home/share/Uni_Eval/HAM10000_clean/ISIC2018/ISIC_0027142.jpg,2,5,0.0018186641,0.01345768,0.061760943,0.038369693,0.0026575918,0.88090664,0.0010288161
/home/share/Uni_Eval/HAM10000_clean/ISIC2018/ISIC_0031396.jpg,2,2,0.00051975483,0.00071890967,0.71094286,0.010685134,0.0022983102,0.26998976,0.004845336
/home/share/Uni_Eval/HAM10000_clean/ISIC2018/ISIC_0027370.jpg,2,2,0.00023628527,2.2619712e-05,0.84230196,0.00032853926,4.4111766e-05,0.15678906,0.00027743593
/home/share/Uni_Eval/HAM10000_clean/ISIC2018/ISIC_0026566.jpg,2,2,0.05479111,0.0411539,0.7483423,0.0048580826,0.0047612186,0.11918887,0.026904536
/home/share/Uni_Eval/HAM10000_clean/ISIC2018/ISIC_0031511.jpg,2,2,0.0006210017,0.00060120615,0.8852726,0.0036591978,0.017422557,0.09196547,0.00045788242
/home/share/Uni_Eval/HAM10000_clean/ISIC2018/ISIC_0030316.jpg,2,2,0.080621034,0.14794213,0.66599137,0.02118098,0.0049575083,0.07744238,0.0018645788
/home/share/Uni_Eval/HAM10000_clean/ISIC2018/ISIC_0029345.jpg,2,2,0.0016401496,0.0012537091,0.93915987,0.0013582077,0.011996868,0.041312817,0.0032784261
/home/share/Uni_Eval/HAM10000_clean/ISIC2018/ISIC_0026846.jpg,2,2,0.000117967335,5.0713654e-05,0.8575598,0.019202072,0.002973068,0.11862522,0.0014711524
/home/share/Uni_Eval/HAM10000_clean/ISIC2018/ISIC_0032460.jpg,2,2,0.0013476821,0.0046421327,0.9012511,0.0067387572,0.00475555,0.0783342,0.0029306938
/home/share/Uni_Eval/HAM10000_clean/ISIC2018/ISIC_0027025.jpg,2,2,0.0017587113,0.0011591713,0.9646212,0.0019625071,0.005995312,0.023738902,0.00076419563
/home/share/Uni_Eval/HAM10000_clean/ISIC2018/ISIC_0030088.jpg,2,2,0.00014653722,7.111297e-06,0.5535953,0.0010453862,0.00050385454,0.44470143,4.252004e-07
/home/share/Uni_Eval/HAM10000_clean/ISIC2018/ISIC_0025392.jpg,2,2,6.6467255e-05,0.0006742588,0.8357544,0.0006115515,0.000158345,0.15925853,0.0034765115
/home/share/Uni_Eval/HAM10000_clean/ISIC2018/ISIC_0026783.jpg,2,2,0.008776184,0.0008091012,0.57067436,0.028278716,0.0072734645,0.38312352,0.0010646988
/home/share/Uni_Eval/HAM10000_clean/ISIC2018/ISIC_0025330.jpg,2,2,0.00034953776,0.000116005234,0.98252964,0.000587609,1.9255806e-06,0.016354136,6.119252e-05
/home/share/Uni_Eval/HAM10000_clean/ISIC2018/ISIC_0027275.jpg,2,2,5.7774745e-05,0.0001421716,0.78845984,0.00023922678,0.0136405835,0.19336078,0.004099626
/home/share/Uni_Eval/HAM10000_clean/ISIC2018/ISIC_0029233.jpg,2,2,0.00063889136,0.0016875123,0.6562801,0.001995463,0.012348359,0.3263715,0.0006782096
/home/share/Uni_Eval/HAM10000_clean/ISIC2018/ISIC_0032359.jpg,2,2,0.0004715147,0.0016045357,0.9575522,1.5789163e-05,0.023589028,0.016166516,0.00060038484
/home/share/Uni_Eval/HAM10000_clean/ISIC2018/ISIC_0029048.jpg,2,2,3.6822883e-05,0.00092445634,0.9851741,0.00021523332,0.00017623497,0.007451975,0.006021111
/home/share/Uni_Eval/HAM10000_clean/ISIC2018/ISIC_0028925.jpg,2,2,0.00020982839,0.00020393859,0.88248724,0.057389364,0.00015403771,0.05877437,0.00078113197
/home/share/Uni_Eval/HAM10000_clean/ISIC2018/ISIC_0027008.jpg,3,5,0.050773047,0.29067278,0.083818406,0.01043784,0.26822338,0.29579166,0.00028292183
/home/share/Uni_Eval/HAM10000_clean/ISIC2018/ISIC_0032468.jpg,3,3,0.10306688,0.1794094,0.023879562,0.46729708,0.113471135,0.07272306,0.040152907
/home/share/Uni_Eval/HAM10000_clean/ISIC2018/ISIC_0030555.jpg,3,5,0.006062314,0.00872046,0.048776865,0.1318462,0.023625568,0.42636913,0.3545995
/home/share/Uni_Eval/HAM10000_clean/ISIC2018/ISIC_0030244.jpg,3,3,0.002675618,0.13299598,0.006539455,0.77042776,0.012731956,0.068462186,0.006167002
/home/share/Uni_Eval/HAM10000_clean/ISIC2018/ISIC_0025668.jpg,3,5,0.009699486,0.014814457,0.26278967,0.03344067,0.019701345,0.65937096,0.00018330538
/home/share/Uni_Eval/HAM10000_clean/ISIC2018/ISIC_0033790.jpg,3,3,0.083967,0.012148339,0.06937107,0.45630902,0.22822903,0.14926003,0.0007155335
/home/share/Uni_Eval/HAM10000_clean/ISIC2018/ISIC_0029039.jpg,3,5,0.034321304,0.049281515,0.1731743,0.032312453,0.002213341,0.7086742,2.2870161e-05
/home/share/Uni_Eval/HAM10000_clean/ISIC2018/ISIC_0027107.jpg,3,5,0.034428768,0.011973804,0.069686845,0.11023689,0.0026525022,0.7709871,3.410767e-05
/home/share/Uni_Eval/HAM10000_clean/ISIC2018/ISIC_0024973.jpg,3,4,0.036097776,0.36066467,0.0029998757,0.11883628,0.41669872,0.064525776,0.00017690257
/home/share/Uni_Eval/HAM10000_clean/ISIC2018/ISIC_0025622.jpg,3,5,0.00244558,0.005034964,0.13692288,0.033245455,0.05478981,0.7675245,3.682682e-05
/home/share/Uni_Eval/HAM10000_clean/ISIC2018/ISIC_0033626.jpg,3,5,0.0015299302,0.0005381881,0.0010227889,0.24558093,0.109385915,0.63999677,0.0019455147
/home/share/Uni_Eval/HAM10000_clean/ISIC2018/ISIC_0033891.jpg,3,3,0.003157269,0.006082755,0.024241364,0.8697122,0.0082074525,0.08638809,0.0022108825
/home/share/Uni_Eval/HAM10000_clean/ISIC2018/ISIC_0033005.jpg,3,3,0.0038502573,0.06569163,0.058163993,0.5693721,0.09030742,0.06945328,0.14316134
/home/share/Uni_Eval/HAM10000_clean/ISIC2018/ISIC_0033847.jpg,3,5,0.006633523,0.00050792756,0.0054060332,0.21891753,0.009477791,0.759009,4.8124184e-05
/home/share/Uni_Eval/HAM10000_clean/ISIC2018/ISIC_0026471.jpg,3,3,0.010552304,0.097261496,0.32208502,0.35720155,0.012026005,0.19722189,0.003651717
/home/share/Uni_Eval/HAM10000_clean/ISIC2018/ISIC_0026629.jpg,3,3,0.0011115297,0.00025194077,0.21831693,0.69213134,0.00010949513,0.08798245,9.62839e-05
/home/share/Uni_Eval/HAM10000_clean/ISIC2018/ISIC_0025771.jpg,3,3,4.4535645e-05,0.00017071672,0.002493048,0.9952199,1.1506143e-05,0.00087983476,0.0011805078
/home/share/Uni_Eval/HAM10000_clean/ISIC2018/ISIC_0030623.jpg,4,5,0.00020101834,0.002057621,0.017237782,3.334101e-05,0.17686497,0.8018027,0.0018025709
/home/share/Uni_Eval/HAM10000_clean/ISIC2018/ISIC_0032396.jpg,4,5,0.0911541,0.015258686,0.10762827,0.002697657,0.16001208,0.61969566,0.003553546
/home/share/Uni_Eval/HAM10000_clean/ISIC2018/ISIC_0028445.jpg,4,4,0.00023844322,0.0021990188,0.04256318,0.0006686869,0.5791171,0.37519616,1.7326587e-05
/home/share/Uni_Eval/HAM10000_clean/ISIC2018/ISIC_0029512.jpg,4,4,0.03994135,0.02876138,0.15050487,0.26411206,0.38796735,0.12494392,0.003769011
/home/share/Uni_Eval/HAM10000_clean/ISIC2018/ISIC_0028579.jpg,4,5,0.00020901415,0.00064086664,0.022584671,0.00041629313,0.32824674,0.6478206,8.17812e-05
/home/share/Uni_Eval/HAM10000_clean/ISIC2018/ISIC_0031953.jpg,4,4,0.0006434654,0.041351028,0.065707155,0.0007893261,0.71457916,0.17134757,0.0055822185
/home/share/Uni_Eval/HAM10000_clean/ISIC2018/ISIC_0032079.jpg,4,4,0.12499649,0.16375002,0.049518127,0.0082734395,0.40785682,0.24560007,5.11657e-06
/home/share/Uni_Eval/HAM10000_clean/ISIC2018/ISIC_0026150.jpg,4,4,0.0027352786,0.004722178,0.1454982,0.0008220883,0.6318104,0.21431164,0.000100101664
/home/share/Uni_Eval/HAM10000_clean/ISIC2018/ISIC_0031642.jpg,4,4,0.000500172,0.0060854536,0.10300403,0.00056695,0.5152504,0.3742893,0.00030367653
/home/share/Uni_Eval/HAM10000_clean/ISIC2018/ISIC_0029000.jpg,4,4,0.0023344997,0.016813112,0.05092968,0.020325026,0.5222779,0.38622802,0.00109173
/home/share/Uni_Eval/HAM10000_clean/ISIC2018/ISIC_0025751.jpg,4,4,8.6273845e-05,0.0003769674,0.018107599,0.00013338152,0.7586143,0.22262703,5.4432472e-05
/home/share/Uni_Eval/HAM10000_clean/ISIC2018/ISIC_0026892.jpg,4,5,0.0011997577,0.1948524,0.13918349,0.0044390424,0.119673476,0.5378613,0.0027906017
/home/share/Uni_Eval/HAM10000_clean/ISIC2018/ISIC_0028291.jpg,4,4,0.00024191516,0.0004356575,0.014354854,0.0007668643,0.61406016,0.3701251,1.552815e-05
/home/share/Uni_Eval/HAM10000_clean/ISIC2018/ISIC_0027769.jpg,4,4,0.000102070604,0.017241923,0.012776489,0.0057280017,0.8595192,0.10427436,0.0003580469
/home/share/Uni_Eval/HAM10000_clean/ISIC2018/ISIC_0030445.jpg,4,6,0.00046272864,0.06509265,0.09243897,0.06643801,0.040141247,0.06574334,0.66968304
/home/share/Uni_Eval/HAM10000_clean/ISIC2018/ISIC_0025155.jpg,4,2,0.009488276,0.015538475,0.5841309,0.00073879905,0.14602123,0.24386196,0.00022038464
/home/share/Uni_Eval/HAM10000_clean/ISIC2018/ISIC_0027102.jpg,4,5,0.00044344587,0.0108221,0.008312965,0.0019273609,0.37581143,0.6026517,3.0999727e-05
/home/share/Uni_Eval/HAM10000_clean/ISIC2018/ISIC_0032046.jpg,4,2,0.0013338758,0.005104472,0.40756777,0.002706897,0.3449979,0.23826863,2.045638e-05
/home/share/Uni_Eval/HAM10000_clean/ISIC2018/ISIC_0029630.jpg,4,2,0.08227548,0.0070645865,0.47189143,0.00068073935,0.43509826,0.0029368047,5.268608e-05
/home/share/Uni_Eval/HAM10000_clean/ISIC2018/ISIC_0031941.jpg,4,4,0.00082449045,0.0043595335,0.013318714,0.0005041502,0.9423887,0.03858142,2.2920318e-05
/home/share/Uni_Eval/HAM10000_clean/ISIC2018/ISIC_0031586.jpg,4,5,0.00021806404,0.00028552636,0.013240546,0.00014281228,0.36472496,0.62138414,3.927575e-06
/home/share/Uni_Eval/HAM10000_clean/ISIC2018/ISIC_0027261.jpg,4,5,0.007997024,0.0137506155,0.34834832,0.00034266396,0.07705173,0.5518576,0.00065202516
/home/share/Uni_Eval/HAM10000_clean/ISIC2018/ISIC_0024675.jpg,4,4,0.0017641876,0.001337781,0.009737206,0.00015334041,0.5424704,0.44444934,8.779789e-05
/home/share/Uni_Eval/HAM10000_clean/ISIC2018/ISIC_0025891.jpg,4,4,0.0017755664,0.003381514,0.04079159,0.00057965564,0.6471258,0.30316135,0.003184531
/home/share/Uni_Eval/HAM10000_clean/ISIC2018/ISIC_0031189.jpg,4,4,0.0008115924,0.003091054,0.12858102,0.0029405816,0.56000626,0.30379063,0.00077894295
/home/share/Uni_Eval/HAM10000_clean/ISIC2018/ISIC_0034006.jpg,4,2,0.007051077,0.07110834,0.80948544,5.0354207e-05,0.10098516,0.010044048,0.0012754652
/home/share/Uni_Eval/HAM10000_clean/ISIC2018/ISIC_0028696.jpg,4,5,0.0003274883,0.0038459497,0.005881829,0.0017037776,0.46737298,0.5199637,0.00090432336
/home/share/Uni_Eval/HAM10000_clean/ISIC2018/ISIC_0028325.jpg,4,5,0.004140892,0.008132373,0.051186495,0.0076314216,0.33217597,0.59665364,7.9252466e-05
/home/share/Uni_Eval/HAM10000_clean/ISIC2018/ISIC_0028489.jpg,4,5,1.8660909e-05,3.4382225e-05,0.0105086425,1.4460926e-06,0.08711243,0.90228677,3.768942e-05
/home/share/Uni_Eval/HAM10000_clean/ISIC2018/ISIC_0028969.jpg,4,5,0.009211916,0.012535236,0.11245245,0.003240683,0.39131147,0.47056833,0.0006799186
/home/share/Uni_Eval/HAM10000_clean/ISIC2018/ISIC_0033496.jpg,4,4,0.00017368686,0.00041463194,0.002662419,0.0004949969,0.5724506,0.42372212,8.153631e-05
/home/share/Uni_Eval/HAM10000_clean/ISIC2018/ISIC_0033573.jpg,4,4,0.0013868911,0.003105092,0.024962077,0.00040803134,0.9026666,0.067158,0.00031320687
/home/share/Uni_Eval/HAM10000_clean/ISIC2018/ISIC_0030828.jpg,4,5,0.0022238356,0.0024615815,0.12105913,0.0028831353,0.27915043,0.5771099,0.015112061
/home/share/Uni_Eval/HAM10000_clean/ISIC2018/ISIC_0033931.jpg,4,4,0.027624777,0.005651357,0.31648588,0.0037879145,0.6037308,0.042676058,4.3157637e-05
/home/share/Uni_Eval/HAM10000_clean/ISIC2018/ISIC_0033268.jpg,4,5,0.000505017,8.542072e-05,0.01902187,0.00024870184,0.47581264,0.5043247,1.6460062e-06
/home/share/Uni_Eval/HAM10000_clean/ISIC2018/ISIC_0033428.jpg,4,4,0.00032843306,0.0011470844,0.024939783,0.00027842747,0.89809597,0.07518822,2.2024053e-05
/home/share/Uni_Eval/HAM10000_clean/ISIC2018/ISIC_0033152.jpg,4,5,0.00018380643,0.016373107,0.14961211,0.00023786534,0.37460402,0.45103225,0.007956937
/home/share/Uni_Eval/HAM10000_clean/ISIC2018/ISIC_0034236.jpg,4,5,0.016227718,0.011133206,0.016037652,0.0015454591,0.39506295,0.5577538,0.0022392266
/home/share/Uni_Eval/HAM10000_clean/ISIC2018/ISIC_0025987.jpg,4,5,1.7887925e-05,4.2770484e-05,0.006077062,1.0589031e-05,0.047513243,0.94628847,5.0004095e-05
/home/share/Uni_Eval/HAM10000_clean/ISIC2018/ISIC_0032447.jpg,4,5,4.3954074e-05,9.5648946e-05,0.0022171366,1.9023076e-06,0.075157456,0.9224252,5.8675872e-05
/home/share/Uni_Eval/HAM10000_clean/ISIC2018/ISIC_0033831.jpg,4,4,0.0001315563,0.0001843017,0.011318545,3.408741e-05,0.949285,0.03899226,5.4301505e-05
/home/share/Uni_Eval/HAM10000_clean/ISIC2018/ISIC_0032583.jpg,4,4,0.0064144256,0.043309532,0.095158085,0.040387608,0.66853213,0.14136435,0.00483384
/home/share/Uni_Eval/HAM10000_clean/ISIC2018/ISIC_0034294.jpg,4,4,0.0004388977,0.0005610151,0.004918582,0.001139164,0.9306483,0.062250804,4.3147906e-05
/home/share/Uni_Eval/HAM10000_clean/ISIC2018/ISIC_0032984.jpg,4,4,0.0138794575,0.1322591,0.01219687,0.0003541765,0.80588526,0.034864563,0.0005605428
/home/share/Uni_Eval/HAM10000_clean/ISIC2018/ISIC_0033802.jpg,4,4,0.0016589417,0.0002461022,0.09692984,0.00018684546,0.865424,0.035543017,1.135724e-05
/home/share/Uni_Eval/HAM10000_clean/ISIC2018/ISIC_0032993.jpg,4,4,4.5216148e-05,2.7229495e-05,0.0011367387,1.9958186e-05,0.83019185,0.16857187,7.0782044e-06
/home/share/Uni_Eval/HAM10000_clean/ISIC2018/ISIC_0033804.jpg,4,4,0.00014626411,0.000121914316,0.0054561687,0.0013596617,0.56577736,0.42677048,0.00036802932
/home/share/Uni_Eval/HAM10000_clean/ISIC2018/ISIC_0032774.jpg,4,4,5.316786e-05,0.0038130125,0.014591868,0.00015116905,0.94073075,0.040145382,0.0005147066
/home/share/Uni_Eval/HAM10000_clean/ISIC2018/ISIC_0032840.jpg,4,4,0.0028598614,0.031131117,0.012502093,0.009180574,0.6359443,0.124681115,0.18370096
/home/share/Uni_Eval/HAM10000_clean/ISIC2018/ISIC_0034208.jpg,4,2,0.035737462,0.019471819,0.53445876,0.033204876,0.3616829,0.015374541,6.972703e-05
/home/share/Uni_Eval/HAM10000_clean/ISIC2018/ISIC_0033287.jpg,4,4,0.00085160846,0.005662763,0.094047345,5.3859996e-05,0.84122396,0.058156487,3.984925e-06
/home/share/Uni_Eval/HAM10000_clean/ISIC2018/ISIC_0033286.jpg,4,4,0.00064930564,2.5159055e-05,0.0011397331,0.0001273144,0.98886555,0.009182225,1.0701524e-05
/home/share/Uni_Eval/HAM10000_clean/ISIC2018/ISIC_0033175.jpg,4,5,0.007152884,0.015711473,0.06953271,0.014351239,0.1637286,0.7293092,0.00021392088
/home/share/Uni_Eval/HAM10000_clean/ISIC2018/ISIC_0033942.jpg,4,4,0.042036507,0.024031032,0.33097556,0.0022637018,0.5105407,0.09013014,2.2332604e-05
/home/share/Uni_Eval/HAM10000_clean/ISIC2018/ISIC_0032522.jpg,4,5,0.0014014316,0.003113855,0.03334639,0.0008819614,0.36378118,0.59743774,3.733147e-05
/home/share/Uni_Eval/HAM10000_clean/ISIC2018/ISIC_0033272.jpg,4,2,0.23359744,0.00036426532,0.4819355,0.041832235,0.21065146,0.03131475,0.00030429152
/home/share/Uni_Eval/HAM10000_clean/ISIC2018/ISIC_0033004.jpg,4,5,0.0018716495,0.0044596167,0.040832173,0.068035126,0.2069404,0.677841,2.0049554e-05
/home/share/Uni_Eval/HAM10000_clean/ISIC2018/ISIC_0032511.jpg,4,4,0.00043439708,2.302576e-05,0.006577002,0.00022424228,0.9908552,0.0018860165,1.2315483e-07
/home/share/Uni_Eval/HAM10000_clean/ISIC2018/ISIC_0034085.jpg,4,4,0.00054643105,0.0002928361,0.0072017936,0.005659849,0.58404833,0.40205994,0.00019081387
/home/share/Uni_Eval/HAM10000_clean/ISIC2018/ISIC_0033299.jpg,4,4,0.00013348059,0.0009112213,0.008461691,0.0012496157,0.53208005,0.45641157,0.0007524085
/home/share/Uni_Eval/HAM10000_clean/ISIC2018/ISIC_0033779.jpg,4,5,0.00010519652,8.288139e-05,0.002646251,0.0012888418,0.19897276,0.795981,0.00092311675
/home/share/Uni_Eval/HAM10000_clean/ISIC2018/ISIC_0034065.jpg,4,5,5.7991623e-05,0.0015325012,0.0013011937,0.00055974,0.19402602,0.7998488,0.0026737847
/home/share/Uni_Eval/HAM10000_clean/ISIC2018/ISIC_0033038.jpg,4,4,0.013407693,0.004976512,0.08512344,0.0119043235,0.7656322,0.1189464,9.356119e-06
/home/share/Uni_Eval/HAM10000_clean/ISIC2018/ISIC_0033630.jpg,4,4,0.046703756,0.03740593,0.11161073,0.0008333317,0.7729601,0.030427232,5.8925918e-05
/home/share/Uni_Eval/HAM10000_clean/ISIC2018/ISIC_0034150.jpg,4,4,0.026042953,0.0013236565,0.12410531,0.009060512,0.8366904,0.0027690104,8.140681e-06
/home/share/Uni_Eval/HAM10000_clean/ISIC2018/ISIC_0032915.jpg,4,4,0.07256512,0.14445941,0.023816023,0.0017402512,0.755775,0.0014199818,0.00022417592
/home/share/Uni_Eval/HAM10000_clean/ISIC2018/ISIC_0028460.jpg,4,4,0.015148311,0.0026704678,0.0189841,0.00027579875,0.888656,0.07423158,3.3770066e-05
/home/share/Uni_Eval/HAM10000_clean/ISIC2018/ISIC_0033883.jpg,4,4,2.732778e-05,1.8427447e-06,0.0039219246,0.00016474977,0.72376794,0.2721159,3.6617993e-07
/home/share/Uni_Eval/HAM10000_clean/ISIC2018/ISIC_0034005.jpg,4,1,0.08584033,0.3884303,0.12346643,0.0049405955,0.033391822,0.36383405,9.646472e-05
/home/share/Uni_Eval/HAM10000_clean/ISIC2018/ISIC_0033872.jpg,4,4,0.010669351,0.0040895883,0.0074883355,0.030931847,0.748077,0.198686,5.795069e-05
/home/share/Uni_Eval/HAM10000_clean/ISIC2018/ISIC_0032547.jpg,4,4,5.2286174e-05,0.00018386137,0.0009327688,2.5181767e-05,0.87739587,0.12140315,6.944939e-06
/home/share/Uni_Eval/HAM10000_clean/ISIC2018/ISIC_0032806.jpg,4,4,0.00065207155,0.000112704554,0.07865469,8.9685534e-05,0.83135474,0.08913522,8.473223e-07
/home/share/Uni_Eval/HAM10000_clean/ISIC2018/ISIC_0033569.jpg,4,4,7.383834e-05,0.004978483,0.0035714067,0.00033431526,0.9239253,0.067025185,9.150887e-05
/home/share/Uni_Eval/HAM10000_clean/ISIC2018/ISIC_0032810.jpg,4,4,0.00033078628,0.0019650478,0.04203133,0.0040313313,0.60486937,0.34624568,0.0005265555
/home/share/Uni_Eval/HAM10000_clean/ISIC2018/ISIC_0032517.jpg,4,4,0.0006383476,0.0023020983,0.2576746,0.0012694767,0.66949666,0.06847559,0.00014321016
/home/share/Uni_Eval/HAM10000_clean/ISIC2018/ISIC_0034022.jpg,4,5,0.009480493,0.008335311,0.0076350025,0.0014883997,0.15570658,0.81735075,3.3689184e-06
/home/share/Uni_Eval/HAM10000_clean/ISIC2018/ISIC_0033444.jpg,4,5,0.0013835151,0.0023739606,0.01882512,0.0007895962,0.25147218,0.7249257,0.00022992631
/home/share/Uni_Eval/HAM10000_clean/ISIC2018/ISIC_0032695.jpg,4,4,7.000336e-05,0.0005434345,0.0016391588,8.29005e-07,0.99660563,0.001134945,6.0226994e-06
/home/share/Uni_Eval/HAM10000_clean/ISIC2018/ISIC_0026430.jpg,4,4,0.006637197,0.0022493973,0.03499741,0.0058867056,0.9155804,0.033716917,0.00093208114
/home/share/Uni_Eval/HAM10000_clean/ISIC2018/ISIC_0032968.jpg,4,1,0.16191475,0.27347013,0.2055582,0.10134046,0.2445862,0.013043463,8.6773296e-05
/home/share/Uni_Eval/HAM10000_clean/ISIC2018/ISIC_0029265.jpg,4,4,0.059440304,0.05717504,0.09862634,0.014213986,0.7376743,0.03285905,1.0987263e-05
/home/share/Uni_Eval/HAM10000_clean/ISIC2018/ISIC_0034205.jpg,4,5,0.0003560791,0.0006682682,0.02497348,8.856599e-05,0.146994,0.8267194,0.00020012057
/home/share/Uni_Eval/HAM10000_clean/ISIC2018/ISIC_0033612.jpg,4,4,8.656557e-05,8.154199e-05,0.009562157,0.00017685784,0.60410845,0.38589025,9.4138064e-05
/home/share/Uni_Eval/HAM10000_clean/ISIC2018/ISIC_0033616.jpg,4,5,1.9993238e-05,3.7893595e-05,0.0066010384,1.9285248e-05,0.26680723,0.7265057,8.770842e-06
/home/share/Uni_Eval/HAM10000_clean/ISIC2018/ISIC_0029606.jpg,4,5,8.758763e-06,2.9451298e-06,0.001764536,1.2159464e-06,0.011587046,0.98662496,1.0570217e-05
/home/share/Uni_Eval/HAM10000_clean/ISIC2018/ISIC_0032597.jpg,4,4,0.00085149024,0.00035759885,0.03858839,9.7060845e-05,0.92672664,0.033362657,1.6143735e-05
/home/share/Uni_Eval/HAM10000_clean/ISIC2018/ISIC_0032982.jpg,4,5,0.0010965326,0.00186569,0.0052010072,0.0016155081,0.08022852,0.90961653,0.00037621378
/home/share/Uni_Eval/HAM10000_clean/ISIC2018/ISIC_0033226.jpg,4,5,0.00023326791,0.000108928725,0.08033987,0.00025489644,0.15535067,0.7636844,2.7916552e-05
/home/share/Uni_Eval/HAM10000_clean/ISIC2018/ISIC_0033670.jpg,4,5,0.00027839246,8.1731094e-05,0.04671911,0.00015309038,0.2231441,0.7295846,3.8979437e-05
/home/share/Uni_Eval/HAM10000_clean/ISIC2018/ISIC_0034107.jpg,4,5,0.0011660291,0.0061140084,0.005205399,0.0020857188,0.25791755,0.7202016,0.0073096706
/home/share/Uni_Eval/HAM10000_clean/ISIC2018/ISIC_0033055.jpg,4,4,0.0017388707,0.00031152117,0.011412607,0.001283666,0.9283898,0.056850675,1.2832277e-05
/home/share/Uni_Eval/HAM10000_clean/ISIC2018/ISIC_0033061.jpg,4,2,4.100241e-05,0.00028903384,0.43868434,0.00021128166,0.3237391,0.15886281,0.07817247
/home/share/Uni_Eval/HAM10000_clean/ISIC2018/ISIC_0033696.jpg,4,4,0.0030249045,0.014979742,0.11301469,0.00060020934,0.61221707,0.07561101,0.1805524
/home/share/Uni_Eval/HAM10000_clean/ISIC2018/ISIC_0027234.jpg,4,2,0.0006181693,8.327676e-05,0.9846467,0.00125833,0.008956388,0.0044347253,2.323757e-06
/home/share/Uni_Eval/HAM10000_clean/ISIC2018/ISIC_0032918.jpg,4,5,0.016114835,0.006742262,0.37889254,0.0028776145,0.07662664,0.5185964,0.00014976301
/home/share/Uni_Eval/HAM10000_clean/ISIC2018/ISIC_0028520.jpg,4,4,8.618413e-05,0.0008856902,0.029462863,1.4025795e-05,0.87663573,0.092814505,0.0001009269
/home/share/Uni_Eval/HAM10000_clean/ISIC2018/ISIC_0032807.jpg,4,4,0.0015071613,0.061156716,0.006122508,0.0001157135,0.8585839,0.07250934,4.6492974e-06
/home/share/Uni_Eval/HAM10000_clean/ISIC2018/ISIC_0032645.jpg,4,4,0.002650995,0.0047521973,0.0063473396,0.00065090606,0.5498613,0.43571642,2.085311e-05
/home/share/Uni_Eval/HAM10000_clean/ISIC2018/ISIC_0033807.jpg,4,4,0.01586895,0.028835183,0.24003004,0.011021534,0.6271119,0.06711549,0.01001694
/home/share/Uni_Eval/HAM10000_clean/ISIC2018/ISIC_0033454.jpg,4,4,0.0006667405,0.010372211,0.015397285,0.0014062832,0.62298465,0.3490785,9.4309136e-05
/home/share/Uni_Eval/HAM10000_clean/ISIC2018/ISIC_0032960.jpg,4,0,0.5120746,0.0057696966,0.4190974,0.0018146508,0.03920222,0.021751808,0.0002896316
/home/share/Uni_Eval/HAM10000_clean/ISIC2018/ISIC_0033773.jpg,4,4,0.0111735985,0.0249289,0.2502443,0.00032710406,0.4993286,0.21398954,7.909353e-06
/home/share/Uni_Eval/HAM10000_clean/ISIC2018/ISIC_0033730.jpg,4,4,6.729529e-05,0.00057364063,0.012646938,3.2563454e-05,0.540965,0.44571048,3.9773518e-06
/home/share/Uni_Eval/HAM10000_clean/ISIC2018/ISIC_0033805.jpg,4,5,0.00041470584,0.0008762569,0.00234338,0.00011429192,0.44782132,0.5481607,0.00026937958
/home/share/Uni_Eval/HAM10000_clean/ISIC2018/ISIC_0027204.jpg,4,0,0.54039013,0.0074491804,0.33773142,0.0035869386,0.101819195,0.009009831,1.3377096e-05
/home/share/Uni_Eval/HAM10000_clean/ISIC2018/ISIC_0033178.jpg,4,4,0.000105588864,0.0011975922,0.0030510076,2.7331453e-05,0.9416147,0.05383945,0.00016429162
/home/share/Uni_Eval/HAM10000_clean/ISIC2018/ISIC_0033023.jpg,4,4,0.00048177803,0.0027993987,0.034128204,0.00019120777,0.92987317,0.03248844,3.778615e-05
/home/share/Uni_Eval/HAM10000_clean/ISIC2018/ISIC_0027069.jpg,4,4,0.012308428,0.08685407,0.10093733,0.00037189398,0.7915238,0.007989161,1.5362382e-05
/home/share/Uni_Eval/HAM10000_clean/ISIC2018/ISIC_0026545.jpg,4,4,0.00035973592,0.00026708687,0.060601406,0.0019495847,0.8012706,0.13546371,8.786784e-05
/home/share/Uni_Eval/HAM10000_clean/ISIC2018/ISIC_0026268.jpg,4,4,0.001924156,0.00015255353,0.010709281,0.00037668418,0.96890646,0.017891305,3.9465154e-05
/home/share/Uni_Eval/HAM10000_clean/ISIC2018/ISIC_0027282.jpg,4,4,0.009849974,0.03333281,0.04890934,0.002858599,0.57307875,0.33194897,2.1478118e-05
/home/share/Uni_Eval/HAM10000_clean/ISIC2018/ISIC_0028463.jpg,4,5,0.0079799825,0.002132432,0.07767311,0.0044331276,0.007651135,0.89998645,0.00014381165
/home/share/Uni_Eval/HAM10000_clean/ISIC2018/ISIC_0024823.jpg,4,2,0.00018047077,0.0062069683,0.63991266,0.0022779782,0.14899866,0.18356536,0.018857865
/home/share/Uni_Eval/HAM10000_clean/ISIC2018/ISIC_0025512.jpg,4,4,0.0002666229,0.0030606694,0.0033580882,0.00012403232,0.8754957,0.11767231,2.2588782e-05
/home/share/Uni_Eval/HAM10000_clean/ISIC2018/ISIC_0027622.jpg,4,4,0.0002889479,0.000531231,0.01388969,0.00067212805,0.8308932,0.153683,4.178969e-05
/home/share/Uni_Eval/HAM10000_clean/ISIC2018/ISIC_0026167.jpg,4,4,0.0017385923,0.00618466,0.027773326,9.081242e-05,0.6840006,0.28002343,0.00018857226
/home/share/Uni_Eval/HAM10000_clean/ISIC2018/ISIC_0032134.jpg,4,4,0.00027990228,0.00081032945,0.006634813,0.0006611086,0.73831487,0.25329292,6.1266114e-06
/home/share/Uni_Eval/HAM10000_clean/ISIC2018/ISIC_0030756.jpg,4,5,9.603648e-05,9.5307705e-06,0.049438853,0.00074127986,0.11042322,0.8392116,7.9490725e-05
/home/share/Uni_Eval/HAM10000_clean/ISIC2018/ISIC_0030034.jpg,4,5,0.0018807708,0.055777505,0.00866042,0.022529531,0.054605227,0.7528901,0.103656456
/home/share/Uni_Eval/HAM10000_clean/ISIC2018/ISIC_0025316.jpg,4,5,1.1574963e-05,7.839652e-05,0.0022909646,3.2297336e-05,0.011533483,0.9860437,9.5155865e-06
/home/share/Uni_Eval/HAM10000_clean/ISIC2018/ISIC_0028760.jpg,4,5,4.6531954e-06,0.00097225263,0.00049152726,5.9938775e-06,0.011033032,0.9871934,0.00029904142
/home/share/Uni_Eval/HAM10000_clean/ISIC2018/ISIC_0028003.jpg,4,5,4.6322893e-06,2.8162815e-06,0.00047393993,0.0003257604,0.0072915363,0.9918394,6.187493e-05
/home/share/Uni_Eval/HAM10000_clean/ISIC2018/ISIC_0025145.jpg,4,4,0.0011934589,0.00050328666,0.0012923118,0.002569216,0.7307923,0.2635939,5.56474e-05
/home/share/Uni_Eval/HAM10000_clean/ISIC2018/ISIC_0029172.jpg,4,5,0.0524699,0.005993515,0.10949097,0.006420947,0.39456657,0.4310339,2.4220166e-05
/home/share/Uni_Eval/HAM10000_clean/ISIC2018/ISIC_0028543.jpg,4,4,0.00016976337,8.3003106e-05,0.04359128,7.745038e-05,0.7833227,0.17274877,7.055882e-06
/home/share/Uni_Eval/HAM10000_clean/ISIC2018/ISIC_0027130.jpg,4,4,0.087190956,0.00032201377,0.27242485,0.00042424334,0.42602834,0.21360573,3.8930643e-06
/home/share/Uni_Eval/HAM10000_clean/ISIC2018/ISIC_0026094.jpg,4,5,0.0013295927,0.0033550828,0.061455883,0.00033003435,0.32288712,0.61063236,9.861074e-06
/home/share/Uni_Eval/HAM10000_clean/ISIC2018/ISIC_0024525.jpg,4,2,0.028736843,0.008096243,0.5892556,0.00028929723,0.003865903,0.36973396,2.2202403e-05
/home/share/Uni_Eval/HAM10000_clean/ISIC2018/ISIC_0026009.jpg,4,2,0.030938566,0.0017553966,0.43144885,0.00021081409,0.2211659,0.31447464,5.8765486e-06
/home/share/Uni_Eval/HAM10000_clean/ISIC2018/ISIC_0027030.jpg,4,4,0.02887018,0.0022293099,0.038914576,0.014918037,0.90603876,0.009027217,1.8346469e-06
/home/share/Uni_Eval/HAM10000_clean/ISIC2018/ISIC_0026796.jpg,4,2,0.22570309,0.044923868,0.3768873,0.042836946,0.1903139,0.119266175,6.864743e-05
/home/share/Uni_Eval/HAM10000_clean/ISIC2018/ISIC_0026604.jpg,4,4,0.12715651,0.0024384102,0.1272447,0.004085822,0.72930276,0.0097297365,4.2066542e-05
/home/share/Uni_Eval/HAM10000_clean/ISIC2018/ISIC_0024952.jpg,4,4,0.03328305,0.009570306,0.103805766,0.00019917317,0.77462137,0.07811647,0.00040390866
/home/share/Uni_Eval/HAM10000_clean/ISIC2018/ISIC_0032192.jpg,4,4,0.26717684,0.002607609,0.08796838,0.0041429307,0.556586,0.081415094,0.00010312673
/home/share/Uni_Eval/HAM10000_clean/ISIC2018/ISIC_0024323.jpg,4,5,0.019255493,0.0013440744,0.17121676,0.008262416,0.14744134,0.6524498,3.0080468e-05
/home/share/Uni_Eval/HAM10000_clean/ISIC2018/ISIC_0027436.jpg,4,4,0.009242929,0.0007142309,0.05415474,0.00018623105,0.9237967,0.011902215,2.932856e-06
/home/share/Uni_Eval/HAM10000_clean/ISIC2018/ISIC_0031915.jpg,4,4,0.0060806884,0.0009934227,0.119847536,0.0004686114,0.58675843,0.28583902,1.23640275e-05
/home/share/Uni_Eval/HAM10000_clean/ISIC2018/ISIC_0026847.jpg,4,4,0.011936783,0.00079054537,0.00827183,0.00029781042,0.8860189,0.0926831,9.544426e-07
/home/share/Uni_Eval/HAM10000_clean/ISIC2018/ISIC_0029958.jpg,4,2,0.30141935,0.0007091412,0.5803315,0.00044967153,0.09434707,0.022742728,5.1994334e-07
/home/share/Uni_Eval/HAM10000_clean/ISIC2018/ISIC_0031170.jpg,4,2,0.026625654,0.0069851647,0.5614788,0.00035709678,0.34187546,0.06267086,7.049869e-06
/home/share/Uni_Eval/HAM10000_clean/ISIC2018/ISIC_0024652.jpg,4,4,0.0092364475,0.0002894982,0.10093226,0.0066890847,0.46000445,0.4228335,1.4714658e-05
/home/share/Uni_Eval/HAM10000_clean/ISIC2018/ISIC_0030653.jpg,4,4,0.0003350409,0.059113275,0.13388805,0.0004884447,0.7097046,0.07606405,0.020406604
/home/share/Uni_Eval/HAM10000_clean/ISIC2018/ISIC_0026652.jpg,4,2,0.14856635,0.005236085,0.45165607,0.03760797,0.2671766,0.08972553,3.136895e-05
/home/share/Uni_Eval/HAM10000_clean/ISIC2018/ISIC_0029885.jpg,4,5,0.045749802,0.0729529,0.03780659,0.3134471,0.0043385387,0.52478904,0.0009160398
/home/share/Uni_Eval/HAM10000_clean/ISIC2018/ISIC_0025814.jpg,4,4,0.02686471,0.004278871,0.060340546,0.0022344354,0.8490834,0.057133313,6.471459e-05
/home/share/Uni_Eval/HAM10000_clean/ISIC2018/ISIC_0031550.jpg,4,5,0.0005736065,0.00045362551,0.011411942,0.00031272564,0.21003678,0.7772058,5.567052e-06
/home/share/Uni_Eval/HAM10000_clean/ISIC2018/ISIC_0029893.jpg,4,4,0.091875315,8.688709e-05,0.103060514,0.00087722694,0.798176,0.0059074233,1.6564167e-05
/home/share/Uni_Eval/HAM10000_clean/ISIC2018/ISIC_0031417.jpg,4,5,0.0010607613,0.00026909326,0.007044951,0.00027603583,0.006805548,0.98453474,8.886699e-06
/home/share/Uni_Eval/HAM10000_clean/ISIC2018/ISIC_0024647.jpg,4,1,0.30745897,0.3711646,0.01906639,0.006322438,0.2853154,0.010654458,1.7774497e-05
/home/share/Uni_Eval/HAM10000_clean/ISIC2018/ISIC_0028567.jpg,4,5,4.2608635e-06,1.3203959e-06,2.0817813e-05,1.8918163e-06,0.0001913257,0.99978036,2.8093808e-08
/home/share/Uni_Eval/HAM10000_clean/ISIC2018/ISIC_0031203.jpg,4,4,0.030262671,0.003533111,0.20451677,0.00052736886,0.71251386,0.048638865,7.3436163e-06
/home/share/Uni_Eval/HAM10000_clean/ISIC2018/ISIC_0024679.jpg,4,4,0.011282483,0.00046049998,0.03272698,0.00020336376,0.9514358,0.003888933,1.9229758e-06
/home/share/Uni_Eval/HAM10000_clean/ISIC2018/ISIC_0026690.jpg,4,5,0.022689702,0.0006222992,0.25064984,0.00012330158,0.29326454,0.43264234,7.954418e-06
/home/share/Uni_Eval/HAM10000_clean/ISIC2018/ISIC_0032269.jpg,4,2,0.2726702,0.030502895,0.44916734,0.0038568142,0.124107905,0.119673595,2.1186082e-05
/home/share/Uni_Eval/HAM10000_clean/ISIC2018/ISIC_0028218.jpg,4,4,0.027497835,0.002265388,0.09615594,0.0018284782,0.43895847,0.43328658,7.3060037e-06
/home/share/Uni_Eval/HAM10000_clean/ISIC2018/ISIC_0025105.jpg,4,4,0.01784387,0.00027116266,0.0042086723,9.1306036e-05,0.9629081,0.01467682,1.0298785e-07
/home/share/Uni_Eval/HAM10000_clean/ISIC2018/ISIC_0025766.jpg,4,4,0.020849468,0.00064854434,0.062290687,0.0015792592,0.71761686,0.19700928,5.8529718e-06
/home/share/Uni_Eval/HAM10000_clean/ISIC2018/ISIC_0031410.jpg,4,4,0.0015258971,0.0027200342,0.058954157,0.002889006,0.9200635,0.013248983,0.0005984149
/home/share/Uni_Eval/HAM10000_clean/ISIC2018/ISIC_0025573.jpg,4,4,0.12337638,0.005072653,0.07701253,0.0079962155,0.66644317,0.12008315,1.5921521e-05
/home/share/Uni_Eval/HAM10000_clean/ISIC2018/ISIC_0032149.jpg,4,2,0.11133218,0.10686085,0.52140397,0.0015861407,0.16860726,0.090207346,2.240708e-06
/home/share/Uni_Eval/HAM10000_clean/ISIC2018/ISIC_0026802.jpg,4,4,0.010480037,0.005369536,0.026339674,0.00016075451,0.95029604,0.0072878986,6.602979e-05
/home/share/Uni_Eval/HAM10000_clean/ISIC2018/ISIC_0031900.jpg,4,2,0.013525427,0.003897047,0.7364887,0.00024814074,0.1806629,0.065149814,2.7952674e-05
/home/share/Uni_Eval/HAM10000_clean/ISIC2018/ISIC_0031377.jpg,4,5,0.014751967,0.083151445,0.15743789,0.012866067,0.26839498,0.46068907,0.0027086684
/home/share/Uni_Eval/HAM10000_clean/ISIC2018/ISIC_0031957.jpg,4,4,0.09378537,0.038220625,0.030719403,0.032524057,0.47692966,0.32777777,4.3124284e-05
/home/share/Uni_Eval/HAM10000_clean/ISIC2018/ISIC_0029021.jpg,4,4,0.0019904734,0.00022684014,0.08090608,8.131569e-05,0.8448547,0.071939416,1.1460277e-06
/home/share/Uni_Eval/HAM10000_clean/ISIC2018/ISIC_0025616.jpg,4,4,0.0026665651,0.00056334963,0.23827805,0.00033836823,0.71005195,0.04809268,9.078233e-06
/home/share/Uni_Eval/HAM10000_clean/ISIC2018/ISIC_0028968.jpg,4,4,0.2456467,0.14549658,0.20385686,0.0018904726,0.38816482,0.014929934,1.45951e-05
/home/share/Uni_Eval/HAM10000_clean/ISIC2018/ISIC_0027797.jpg,4,5,5.70504e-05,5.771139e-05,0.00054442656,2.4333589e-05,0.17965136,0.8196532,1.1819918e-05
/home/share/Uni_Eval/HAM10000_clean/ISIC2018/ISIC_0029486.jpg,6,1,0.07293046,0.45649868,0.019455137,0.21722463,0.03537468,0.18234116,0.016175257
/home/share/Uni_Eval/HAM10000_clean/ISIC2018/ISIC_0026092.jpg,6,6,2.0700902e-05,0.003571887,0.003273471,0.00033672052,0.0011289404,0.013388735,0.97827953
/home/share/Uni_Eval/HAM10000_clean/ISIC2018/ISIC_0031217.jpg,6,6,0.0027991417,0.06228657,0.0013325793,0.13870099,0.0006242788,0.21741597,0.57684046
/home/share/Uni_Eval/HAM10000_clean/ISIC2018/ISIC_0032240.jpg,6,6,9.258055e-06,0.022606956,0.0003165615,0.0020851127,0.00017071087,0.012213585,0.96259785
/home/share/Uni_Eval/HAM10000_clean/ISIC2018/ISIC_0025807.jpg,6,6,0.0048451363,0.0037048098,0.0005441411,0.013126195,9.519685e-05,0.03521998,0.9424646
/home/share/Uni_Eval/HAM10000_clean/ISIC2018/ISIC_0032745.jpg,6,4,0.0002438063,0.3143044,0.036134854,0.0008182463,0.3808871,0.005482379,0.2621292
/home/share/Uni_Eval/HAM10000_clean/ISIC2018/ISIC_0032557.jpg,6,6,0.0003356668,0.21478535,0.19281928,0.001715577,0.23518497,0.014327288,0.34083185
/home/share/Uni_Eval/HAM10000_clean/ISIC2018/ISIC_0033230.jpg,6,1,0.025522534,0.44329858,0.00726286,0.06877142,0.051962156,0.0130073065,0.39017528
/home/share/Uni_Eval/HAM10000_clean/ISIC2018/ISIC_0033762.jpg,6,1,0.14293727,0.63009,0.074963346,0.020246744,0.10260015,0.0036959832,0.025466507
/home/share/Uni_Eval/HAM10000_clean/ISIC2018/ISIC_0031090.jpg,6,1,0.096565954,0.54877716,0.011577856,0.0055339523,0.041460212,0.0092107225,0.28687418
/home/share/Uni_Eval/HAM10000_clean/ISIC2018/ISIC_0030606.jpg,6,6,3.910279e-06,0.0008697924,2.5628206e-05,0.0047601163,3.5699697e-05,0.008960775,0.9853441
/home/share/Uni_Eval/HAM10000_clean/ISIC2018/ISIC_0031346.jpg,6,6,0.0018298578,0.30613407,0.0055911047,0.016745042,0.009051524,0.10407868,0.5565697
/home/share/Uni_Eval/HAM10000_clean/ISIC2018/ISIC_0031996.jpg,6,6,2.5642037e-06,4.6094767e-05,0.0011706526,7.952477e-05,0.0010799064,0.3255838,0.6720374
/home/share/Uni_Eval/HAM10000_clean/ISIC2018/ISIC_0029439.jpg,6,6,7.701973e-06,0.00036119326,9.851364e-05,0.0011240579,0.0004710269,0.02960461,0.9683329
/home/share/Uni_Eval/HAM10000_clean/ISIC2018/ISIC_0025707.jpg,6,6,0.0002569054,0.003672625,0.0088012805,0.0035322339,0.0023004673,0.4112551,0.5701813
/home/share/Uni_Eval/HAM10000_clean/ISIC2018/ISIC_0027522.jpg,6,6,6.015362e-05,0.0096891,0.0008476696,0.0019767224,0.00071040937,0.062285244,0.9244307
/home/share/Uni_Eval/HAM10000_clean/ISIC2018/ISIC_0028406.jpg,6,6,4.10782e-05,0.0033288437,0.0014368179,0.00078644895,0.00029364615,0.046454307,0.94765884
/home/share/Uni_Eval/HAM10000_clean/ISIC2018/ISIC_0025250.jpg,6,6,0.00089338975,0.20734964,0.017059246,0.0011792475,0.0031504384,0.21986863,0.55049944
/home/share/Uni_Eval/HAM10000_clean/ISIC2018/ISIC_0027665.jpg,6,5,7.8540805e-05,0.012573023,2.4705641e-05,0.0047328086,0.00025349692,0.53924227,0.44309506
/home/share/Uni_Eval/HAM10000_clean/ISIC2018/ISIC_0026467.jpg,6,6,0.00036204324,0.022014828,0.0004519894,0.0077967513,8.31092e-05,0.16061635,0.8086748
/home/share/Uni_Eval/HAM10000_clean/ISIC2018/ISIC_0025680.jpg,6,6,9.792683e-05,0.0019243092,0.0007891687,0.00080573274,0.00010675085,0.13850231,0.8577738
/home/share/Uni_Eval/HAM10000_clean/ISIC2018/ISIC_0025718.jpg,1,1,0.004886111,0.7257906,0.0017139604,0.01298328,0.03898153,0.19824807,0.017396405
/home/share/Uni_Eval/HAM10000_clean/ISIC2018/ISIC_0028807.jpg,1,1,0.025752854,0.88061786,0.03643309,0.040516764,0.000787124,0.015765293,0.00012711335
/home/share/Uni_Eval/HAM10000_clean/ISIC2018/ISIC_0024590.jpg,1,1,0.009017898,0.9744384,0.008837878,0.0041663274,0.00063551293,0.0026759757,0.000228056
/home/share/Uni_Eval/HAM10000_clean/ISIC2018/ISIC_0025731.jpg,1,1,0.0023030585,0.9460558,0.008130834,0.00011695148,0.025580281,0.01711696,0.0006960948
/home/share/Uni_Eval/HAM10000_clean/ISIC2018/ISIC_0027858.jpg,1,1,0.047108717,0.33307782,0.24369654,0.0006406346,0.28960305,0.0824381,0.0034351433
/home/share/Uni_Eval/HAM10000_clean/ISIC2018/ISIC_0026643.jpg,1,1,0.05281525,0.5173291,0.17872173,0.043622673,0.07803471,0.09659057,0.032885984
/home/share/Uni_Eval/HAM10000_clean/ISIC2018/ISIC_0032139.jpg,1,4,0.00269798,0.105914876,0.29219833,0.0009219434,0.31163272,0.2800465,0.0065877014
/home/share/Uni_Eval/HAM10000_clean/ISIC2018/ISIC_0027744.jpg,1,1,0.012474576,0.906464,0.008597051,0.00029452847,0.010997343,0.058568127,0.0026043833
/home/share/Uni_Eval/HAM10000_clean/ISIC2018/ISIC_0031640.jpg,1,5,0.0027058485,0.008198087,0.0016575917,0.0015457121,0.049664408,0.934966,0.0012623059
/home/share/Uni_Eval/HAM10000_clean/ISIC2018/ISIC_0030659.jpg,1,1,0.16157576,0.64224505,0.11806015,0.024356458,0.010921174,0.042549185,0.00029223246
/home/share/Uni_Eval/HAM10000_clean/ISIC2018/ISIC_0025513.jpg,1,5,0.03977511,0.16396391,0.0870474,0.075562514,0.074200675,0.54682183,0.0126285525
/home/share/Uni_Eval/HAM10000_clean/ISIC2018/ISIC_0027478.jpg,1,1,0.07675721,0.33709037,0.32862243,0.024091411,0.21297514,0.020297391,0.00016603731
/home/share/Uni_Eval/HAM10000_clean/ISIC2018/ISIC_0024573.jpg,1,1,0.006105521,0.7846901,0.019426342,0.00025999677,0.0060043246,0.18349086,2.2867338e-05
/home/share/Uni_Eval/HAM10000_clean/ISIC2018/ISIC_0024572.jpg,1,5,0.007884783,0.36950684,0.022088028,0.011079632,0.009676969,0.4225116,0.1572521
/home/share/Uni_Eval/HAM10000_clean/ISIC2018/ISIC_0026439.jpg,1,1,0.03632148,0.76752895,0.025795683,0.0030797767,0.027582271,0.10947018,0.030221641
/home/share/Uni_Eval/HAM10000_clean/ISIC2018/ISIC_0026453.jpg,1,1,0.00080338283,0.695261,0.002183187,0.00028666772,0.049591087,0.25025138,0.001623206
/home/share/Uni_Eval/HAM10000_clean/ISIC2018/ISIC_0033575.jpg,1,1,0.13966134,0.62016946,0.11060936,0.013510177,0.083529204,0.008267581,0.024252925
/home/share/Uni_Eval/HAM10000_clean/ISIC2018/ISIC_0032894.jpg,1,2,0.15031181,0.12592497,0.648725,0.0005112022,0.054460622,0.00474239,0.015324086
/home/share/Uni_Eval/HAM10000_clean/ISIC2018/ISIC_0034255.jpg,1,1,0.0050023347,0.6343016,0.05627892,0.0009824471,0.14592303,0.15642661,0.0010850151
/home/share/Uni_Eval/HAM10000_clean/ISIC2018/ISIC_0027544.jpg,1,1,0.011798778,0.8962847,0.07505219,0.00039589874,0.005440624,0.0104801385,0.00054771255
/home/share/Uni_Eval/HAM10000_clean/ISIC2018/ISIC_0033354.jpg,1,1,0.0005503908,0.92021084,0.03354856,0.0004900469,0.036283154,0.00885554,6.147294e-05
/home/share/Uni_Eval/HAM10000_clean/ISIC2018/ISIC_0032857.jpg,1,1,0.0022962864,0.5082824,0.068187416,0.0018081933,0.35316515,0.06588229,0.00037828882
/home/share/Uni_Eval/HAM10000_clean/ISIC2018/ISIC_0027786.jpg,1,1,0.277303,0.53641725,0.08338312,0.024274785,0.016178422,0.057873785,0.0045696343
/home/share/Uni_Eval/HAM10000_clean/ISIC2018/ISIC_0034095.jpg,1,1,0.004864468,0.87597543,0.00062969344,0.0013855344,0.0018917756,0.11520218,5.100274e-05
/home/share/Uni_Eval/HAM10000_clean/ISIC2018/ISIC_0033551.jpg,1,1,0.002972974,0.72166735,0.17016552,0.0008638578,0.057496075,0.046508756,0.00032552236
/home/share/Uni_Eval/HAM10000_clean/ISIC2018/ISIC_0032536.jpg,1,1,0.013529353,0.77151877,0.07113152,0.0007584706,0.095312834,0.04602055,0.0017284413
/home/share/Uni_Eval/HAM10000_clean/ISIC2018/ISIC_0033468.jpg,1,4,0.00024111864,0.0065557817,0.03818937,0.001278844,0.89894336,0.053519722,0.001271808
/home/share/Uni_Eval/HAM10000_clean/ISIC2018/ISIC_0034015.jpg,1,5,0.05294573,0.05622877,0.070155494,0.0067254086,0.26091036,0.5526383,0.00039596445
/home/share/Uni_Eval/HAM10000_clean/ISIC2018/ISIC_0033372.jpg,1,1,0.0049944688,0.9052297,0.04732584,0.00013565784,0.005034846,0.034145128,0.0031343582
/home/share/Uni_Eval/HAM10000_clean/ISIC2018/ISIC_0029546.jpg,1,1,0.04506306,0.6996006,0.046959285,0.0054047043,0.10966254,0.091054514,0.0022554689
/home/share/Uni_Eval/HAM10000_clean/ISIC2018/ISIC_0031643.jpg,1,1,0.3072642,0.3752704,0.12399825,0.0057017836,0.14382108,0.043722156,0.0002221306
/home/share/Uni_Eval/HAM10000_clean/ISIC2018/ISIC_0026192.jpg,1,1,0.0021794657,0.97033924,0.0064190053,0.00014797034,0.0024507544,0.017280089,0.0011835312
/home/share/Uni_Eval/HAM10000_clean/ISIC2018/ISIC_0024331.jpg,1,1,0.0038135767,0.9705035,0.014922293,0.000617257,0.0023031284,0.007821564,1.8721032e-05
/home/share/Uni_Eval/HAM10000_clean/ISIC2018/ISIC_0031384.jpg,1,1,0.04279607,0.6402652,0.039309613,0.002391627,0.042018477,0.23319168,2.7308572e-05
/home/share/Uni_Eval/HAM10000_clean/ISIC2018/ISIC_0024595.jpg,1,1,0.025291895,0.86981326,0.040853452,0.016437083,0.0045138444,0.041787285,0.0013030566
/home/share/Uni_Eval/HAM10000_clean/ISIC2018/ISIC_0024665.jpg,1,1,0.0104057845,0.7416218,0.000938012,0.010662348,0.008351918,0.22587486,0.002145259
/home/share/Uni_Eval/HAM10000_clean/ISIC2018/ISIC_0029129.jpg,1,0,0.76748586,0.18949255,0.0049762423,0.008441708,0.0064151897,0.022832796,0.00035572995
/home/share/Uni_Eval/HAM10000_clean/ISIC2018/ISIC_0025433.jpg,1,1,0.18725969,0.768995,0.010103825,0.00023144628,0.00025858977,0.03310863,4.2797747e-05
/home/share/Uni_Eval/HAM10000_clean/ISIC2018/ISIC_0026968.jpg,1,1,0.40759403,0.5203085,0.008805736,0.002993953,0.002689059,0.057552114,5.6536715e-05
/home/share/Uni_Eval/HAM10000_clean/ISIC2018/ISIC_0026156.jpg,1,1,0.08034337,0.8792552,0.021460062,9.844166e-05,0.006268861,0.012552175,2.1884574e-05
/home/share/Uni_Eval/HAM10000_clean/ISIC2018/ISIC_0031597.jpg,1,2,0.020380087,0.03412409,0.49809423,0.0041150227,0.18405622,0.2592058,2.4442616e-05
/home/share/Uni_Eval/HAM10000_clean/ISIC2018/ISIC_0026798.jpg,1,0,0.5375734,0.41874346,0.005784101,0.017895145,0.004675006,0.015256461,7.2468276e-05
/home/share/Uni_Eval/HAM10000_clean/ISIC2018/ISIC_0027915.jpg,1,1,0.09329172,0.6176979,0.0256167,0.0053243297,0.171575,0.08644297,5.1369774e-05
/home/share/Uni_Eval/HAM10000_clean/ISIC2018/ISIC_0027189.jpg,1,1,0.3714103,0.5619342,0.031857572,0.0014671591,0.025867403,0.007285438,0.0001779916
/home/share/Uni_Eval/HAM10000_clean/ISIC2018/ISIC_0025266.jpg,1,1,0.030866021,0.9418612,0.009084682,0.0033204441,0.009052342,0.004430196,0.0013850847
/home/share/Uni_Eval/HAM10000_clean/ISIC2018/ISIC_0032307.jpg,1,1,0.03272202,0.36168095,0.22562243,0.0018706485,0.35981265,0.018124707,0.00016659724
/home/share/Uni_Eval/HAM10000_clean/ISIC2018/ISIC_0026845.jpg,1,1,0.046699684,0.8191799,0.11592394,0.0073481984,0.0063024224,0.001555865,0.002990091
/home/share/Uni_Eval/HAM10000_clean/ISIC2018/ISIC_0024448.jpg,1,1,0.035624724,0.64890146,0.19064571,0.0013142898,0.056355763,0.06714041,1.7649054e-05
/home/share/Uni_Eval/HAM10000_clean/ISIC2018/ISIC_0031258.jpg,1,1,0.016400488,0.9060683,0.059314404,0.0020358413,0.000868638,0.013660076,0.001652305
/home/share/Uni_Eval/HAM10000_clean/ISIC2018/ISIC_0030197.jpg,1,1,0.028907303,0.8845367,0.06907188,0.0012887563,0.011913587,0.0038751338,0.00040673127
/home/share/Uni_Eval/HAM10000_clean/ISIC2018/ISIC_0028989.jpg,1,5,0.055063855,0.13858962,0.028468544,0.00122172,0.016173141,0.76047784,5.278475e-06
/home/share/Uni_Eval/HAM10000_clean/ISIC2018/ISIC_0031728.jpg,1,5,0.006872487,0.419609,0.03604504,0.022483405,0.06407738,0.4495887,0.0013240351
/home/share/Uni_Eval/HAM10000_clean/ISIC2018/ISIC_0029082.jpg,1,1,0.026861848,0.9724511,0.00016650841,3.6824535e-05,0.00043408095,4.8736543e-05,9.69523e-07
/home/share/Uni_Eval/HAM10000_clean/ISIC2018/ISIC_0025601.jpg,1,1,0.052106384,0.8666314,0.012351287,0.0011113157,0.002193439,0.06358455,0.002021664
/home/share/Uni_Eval/HAM10000_clean/ISIC2018/ISIC_0025362.jpg,1,5,0.20377472,0.12052321,0.21985097,0.0025511903,0.006393862,0.44675407,0.00015199083
/home/share/Uni_Eval/HAM10000_clean/ISIC2018/ISIC_0027093.jpg,1,1,0.015067092,0.9455702,0.0034210521,0.00034503717,0.00094238366,0.03448785,0.00016637772
/home/share/Uni_Eval/HAM10000_clean/ISIC2018/ISIC_0032246.jpg,1,0,0.6684258,0.16254012,0.031379692,0.07131619,0.03059436,0.035700712,4.312644e-05
/home/share/Uni_Eval/HAM10000_clean/ISIC2018/ISIC_0027229.jpg,1,4,0.010608589,0.22712186,0.047566734,8.2240156e-05,0.68702435,0.02757384,2.234318e-05
/home/share/Uni_Eval/HAM10000_clean/ISIC2018/ISIC_0027004.jpg,1,4,0.05578696,0.22401227,0.04815011,0.0047722673,0.35693032,0.3100443,0.00030374044
/home/share/Uni_Eval/HAM10000_clean/ISIC2018/ISIC_0031171.jpg,1,1,0.2675156,0.5322418,0.04603519,0.066290826,0.016410064,0.068811975,0.0026944897
/home/share/Uni_Eval/HAM10000_clean/ISIC2018/ISIC_0025530.jpg,1,0,0.7625972,0.19439997,0.030193854,0.0069960896,0.0048830193,0.0008891354,4.0857634e-05
/home/share/Uni_Eval/HAM10000_clean/ISIC2018/ISIC_0024345.jpg,1,0,0.61378026,0.26511565,0.09465163,0.00424381,0.009232092,0.0129376035,3.893455e-05
/home/share/Uni_Eval/HAM10000_clean/ISIC2018/ISIC_0024550.jpg,1,1,0.08843974,0.906777,0.0011273711,0.0025598903,0.0009366731,7.9430494e-05,7.981167e-05
/home/share/Uni_Eval/HAM10000_clean/ISIC2018/ISIC_0024833.jpg,1,1,0.10706211,0.49363452,0.13286075,0.16150583,0.059014767,0.045448866,0.0004731537
/home/share/Uni_Eval/HAM10000_clean/ISIC2018/ISIC_0030915.jpg,1,2,0.24839167,0.16431691,0.29802114,0.0032291505,0.011399072,0.27458075,6.129113e-05
/home/share/Uni_Eval/HAM10000_clean/ISIC2018/ISIC_0029745.jpg,1,1,0.1307119,0.3402737,0.25258014,0.00038965401,0.25256568,0.023432648,4.6260495e-05
/home/share/Uni_Eval/HAM10000_clean/ISIC2018/ISIC_0029680.jpg,1,1,0.2286847,0.7362298,0.01510381,0.007211582,0.0045898873,0.008045273,0.00013492892
/home/share/Uni_Eval/HAM10000_clean/ISIC2018/ISIC_0031298.jpg,1,1,0.32467154,0.60115707,0.05766835,0.0057571856,0.0005597052,0.010168731,1.7394912e-05
/home/share/Uni_Eval/HAM10000_clean/ISIC2018/ISIC_0027595.jpg,1,1,0.054205418,0.5952042,0.02064206,0.0040398855,0.0095776,0.31591153,0.00041930616
/home/share/Uni_Eval/HAM10000_clean/ISIC2018/ISIC_0026154.jpg,1,1,0.19441865,0.76970965,0.014341296,0.00029686396,0.016395783,0.0048001353,3.75838e-05
/home/share/Uni_Eval/HAM10000_clean/ISIC2018/ISIC_0029501.jpg,1,2,0.037590705,0.2396668,0.6969711,0.0064848135,0.0036737905,0.015535734,7.702269e-05
/home/share/Uni_Eval/HAM10000_clean/ISIC2018/ISIC_0027920.jpg,1,1,0.0018934411,0.7732655,0.07063242,0.005266191,0.08307672,0.041327044,0.024538744
/home/share/Uni_Eval/HAM10000_clean/ISIC2018/ISIC_0027788.jpg,1,1,0.0057536857,0.9871133,0.0029177899,0.0008168595,0.0011258575,0.0022697998,2.6705254e-06
/home/share/Uni_Eval/HAM10000_clean/ISIC2018/ISIC_0031263.jpg,1,0,0.7540244,0.13315631,0.106575236,0.0044119307,0.000624172,0.0008255032,0.00038246362
/home/share/Uni_Eval/HAM10000_clean/ISIC2018/ISIC_0024931.jpg,1,1,0.00907362,0.93147516,0.004622251,0.00037643145,0.0005209145,0.053721774,0.00020990252
/home/share/Uni_Eval/HAM10000_clean/ISIC2018/ISIC_0031971.jpg,1,1,0.008413966,0.85192144,0.033093795,0.00057477417,0.028973613,0.07503707,0.0019853332
/home/share/Uni_Eval/HAM10000_clean/ISIC2018/ISIC_0028978.jpg,1,3,0.046152882,0.3120749,0.097312115,0.34372717,0.15676664,0.034638952,0.009327407
/home/share/Uni_Eval/HAM10000_clean/ISIC2018/ISIC_0028502.jpg,5,5,9.70259e-07,7.860039e-06,0.0006974532,0.00021139861,0.00036090516,0.99605983,0.0026615642
/home/share/Uni_Eval/HAM10000_clean/ISIC2018/ISIC_0028239.jpg,5,5,0.00014058227,0.0005181083,0.003418545,0.0015118712,0.013490739,0.9807761,0.00014420693
/home/share/Uni_Eval/HAM10000_clean/ISIC2018/ISIC_0029624.jpg,5,5,1.8600406e-06,6.3334926e-07,0.00051415345,2.9040651e-05,0.0029854842,0.99645257,1.636916e-05
/home/share/Uni_Eval/HAM10000_clean/ISIC2018/ISIC_0029961.jpg,5,5,2.3039547e-05,5.3367796e-05,0.004887141,3.7376587e-05,0.0082809385,0.986623,9.506239e-05
/home/share/Uni_Eval/HAM10000_clean/ISIC2018/ISIC_0026583.jpg,5,5,4.6504385e-05,0.0002773959,0.00027547748,8.186157e-05,0.00056932494,0.99852824,0.00022123019
/home/share/Uni_Eval/HAM10000_clean/ISIC2018/ISIC_0025457.jpg,5,5,0.0035388407,0.00085235,0.08099309,0.1447879,0.001445439,0.76763904,0.0007433761
/home/share/Uni_Eval/HAM10000_clean/ISIC2018/ISIC_0028455.jpg,5,5,8.319073e-06,3.544988e-06,0.00041265876,4.0396964e-05,0.00382641,0.9955188,0.0001898766
/home/share/Uni_Eval/HAM10000_clean/ISIC2018/ISIC_0025723.jpg,5,5,0.0013483077,0.00028107845,0.013291212,0.00014931808,0.08506007,0.8998556,1.4462795e-05
/home/share/Uni_Eval/HAM10000_clean/ISIC2018/ISIC_0024872.jpg,5,5,0.00011240847,0.00036814177,0.023996362,0.0006123888,0.0396834,0.9352038,2.3512666e-05
/home/share/Uni_Eval/HAM10000_clean/ISIC2018/ISIC_0025143.jpg,5,5,0.00038119403,4.492617e-05,0.015268629,0.00084991794,0.016442915,0.9669467,6.57015e-05
/home/share/Uni_Eval/HAM10000_clean/ISIC2018/ISIC_0031926.jpg,5,5,0.00045059438,0.0043238234,0.022438878,0.00051905034,0.029454717,0.9427775,3.547161e-05
/home/share/Uni_Eval/HAM10000_clean/ISIC2018/ISIC_0028164.jpg,5,5,0.0031154223,0.0004999343,0.04497807,0.0013689243,0.09545569,0.85372144,0.0008605259
/home/share/Uni_Eval/HAM10000_clean/ISIC2018/ISIC_0032317.jpg,5,5,0.00024190368,0.00032926988,0.031769343,0.00093049987,0.048687033,0.9177567,0.00028526958
/home/share/Uni_Eval/HAM10000_clean/ISIC2018/ISIC_0025053.jpg,5,5,1.9058998e-05,4.330494e-05,0.0009057501,0.00033717445,0.003659075,0.99470794,0.00032780517
/home/share/Uni_Eval/HAM10000_clean/ISIC2018/ISIC_0024357.jpg,5,5,6.65496e-05,4.6035435e-05,0.056449797,0.005817719,0.0012166426,0.9363042,9.9000994e-05
/home/share/Uni_Eval/HAM10000_clean/ISIC2018/ISIC_0028889.jpg,5,5,0.000100155165,5.116733e-05,0.0038038804,0.0012521314,0.03003671,0.9646915,6.44447e-05
/home/share/Uni_Eval/HAM10000_clean/ISIC2018/ISIC_0028302.jpg,5,5,3.2642438e-05,8.28601e-05,0.0005444226,0.0017932465,0.0021862958,0.9923556,0.003004962
/home/share/Uni_Eval/HAM10000_clean/ISIC2018/ISIC_0026172.jpg,5,5,5.627925e-05,0.00020990115,0.0010120401,0.00024733818,0.021072382,0.97716504,0.00023702967
/home/share/Uni_Eval/HAM10000_clean/ISIC2018/ISIC_0031604.jpg,5,5,6.818819e-06,2.3786177e-05,0.016892916,1.821271e-05,0.00068815675,0.97990865,0.0024614222
/home/share/Uni_Eval/HAM10000_clean/ISIC2018/ISIC_0027808.jpg,5,5,2.627447e-06,2.7362364e-07,0.0008733907,0.00038652294,0.00030007132,0.9984352,2.0437285e-06
/home/share/Uni_Eval/HAM10000_clean/ISIC2018/ISIC_0025416.jpg,5,5,5.2848172e-05,1.16903275e-05,0.0038531024,0.00015944877,0.008362218,0.98749965,6.120108e-05
/home/share/Uni_Eval/HAM10000_clean/ISIC2018/ISIC_0027339.jpg,5,5,5.8438494e-05,6.2644314e-05,0.015473627,0.013374021,0.001932569,0.96882844,0.00027032153
/home/share/Uni_Eval/HAM10000_clean/ISIC2018/ISIC_0031997.jpg,5,5,3.0518106e-05,7.078607e-05,0.009419386,6.033258e-05,0.002182886,0.98800546,0.00023064976
/home/share/Uni_Eval/HAM10000_clean/ISIC2018/ISIC_0030669.jpg,5,5,4.4840067e-06,5.835598e-05,0.00025517668,3.7509664e-05,0.0027308767,0.9968838,2.9671117e-05
/home/share/Uni_Eval/HAM10000_clean/ISIC2018/ISIC_0025364.jpg,5,5,3.7278107e-05,7.4568084e-06,0.002070151,0.0005240912,0.0005610847,0.9967542,4.5641867e-05
/home/share/Uni_Eval/HAM10000_clean/ISIC2018/ISIC_0026234.jpg,5,5,0.0019958436,0.00022934303,0.053506374,0.0053721885,0.0006945237,0.9380238,0.00017785562
/home/share/Uni_Eval/HAM10000_clean/ISIC2018/ISIC_0024365.jpg,5,5,4.010872e-06,5.2483083e-06,0.014973272,0.0015914183,0.0020213877,0.98109263,0.00031203177
/home/share/Uni_Eval/HAM10000_clean/ISIC2018/ISIC_0029293.jpg,5,5,0.00108825,0.00042197097,0.022703314,0.014665038,0.045703854,0.90912825,0.0062892684
/home/share/Uni_Eval/HAM10000_clean/ISIC2018/ISIC_0027717.jpg,5,5,0.0047310814,0.0036821198,0.10886926,0.0012666053,0.038968552,0.8399301,0.0025522464
/home/share/Uni_Eval/HAM10000_clean/ISIC2018/ISIC_0027732.jpg,5,5,1.4762086e-05,5.452373e-05,4.8041275e-05,0.000104114406,0.001153337,0.9985085,0.000116670795
/home/share/Uni_Eval/HAM10000_clean/ISIC2018/ISIC_0028395.jpg,5,5,0.05259615,0.019698313,0.37068826,0.006330467,0.103844695,0.44595695,0.0008852042
/home/share/Uni_Eval/HAM10000_clean/ISIC2018/ISIC_0027426.jpg,5,5,3.452589e-06,1.0086961e-06,2.8048145e-05,0.0003478401,0.0034105356,0.9952186,0.0009905054
/home/share/Uni_Eval/HAM10000_clean/ISIC2018/ISIC_0027195.jpg,5,5,4.688215e-05,0.00031214565,0.002393394,0.0019311297,0.0010611307,0.9938752,0.00038010973
/home/share/Uni_Eval/HAM10000_clean/ISIC2018/ISIC_0026098.jpg,5,5,0.00010699616,0.00030731998,0.038144924,0.0019549236,0.08791035,0.87070924,0.00086618797
/home/share/Uni_Eval/HAM10000_clean/ISIC2018/ISIC_0029336.jpg,5,5,0.00028309962,0.00012960701,0.0027444372,0.0001896773,0.0018346912,0.9947423,7.6176555e-05
/home/share/Uni_Eval/HAM10000_clean/ISIC2018/ISIC_0032100.jpg,5,5,7.5881303e-06,2.032795e-05,0.01825292,0.002906992,0.0002591023,0.9765954,0.001957546
/home/share/Uni_Eval/HAM10000_clean/ISIC2018/ISIC_0031453.jpg,5,5,0.00023313575,0.0005411295,0.0015254477,0.00075886864,0.011034253,0.9857789,0.0001281993
/home/share/Uni_Eval/HAM10000_clean/ISIC2018/ISIC_0026242.jpg,5,5,3.3416898e-05,7.0811784e-06,0.0006278554,6.7500456e-05,0.0003965817,0.99886596,1.648058e-06
/home/share/Uni_Eval/HAM10000_clean/ISIC2018/ISIC_0028282.jpg,5,5,2.4936228e-06,6.168728e-06,7.852761e-05,1.20293535e-05,0.00055619725,0.999335,9.52192e-06
/home/share/Uni_Eval/HAM10000_clean/ISIC2018/ISIC_0028639.jpg,5,5,0.0016686423,0.0027508165,0.11050621,0.0190074,0.008519126,0.84705913,0.010488733
/home/share/Uni_Eval/HAM10000_clean/ISIC2018/ISIC_0028136.jpg,5,5,0.00011772807,8.002703e-05,0.04744195,0.0031415338,0.10380681,0.8449928,0.00041924283
/home/share/Uni_Eval/HAM10000_clean/ISIC2018/ISIC_0026283.jpg,5,5,0.00010683602,6.908235e-05,0.03330174,0.003218796,0.0007777803,0.96179724,0.0007284772
/home/share/Uni_Eval/HAM10000_clean/ISIC2018/ISIC_0027416.jpg,5,5,0.01203391,0.0042208442,0.053646464,0.022306813,0.017968038,0.88911724,0.0007066683
/home/share/Uni_Eval/HAM10000_clean/ISIC2018/ISIC_0025930.jpg,5,5,8.014824e-06,0.00065971323,0.00024216769,0.00803737,0.0020716593,0.93039715,0.058583885
/home/share/Uni_Eval/HAM10000_clean/ISIC2018/ISIC_0029815.jpg,5,5,2.3159112e-06,0.00011685706,2.0933061e-05,0.00015543414,0.0076295305,0.9918572,0.00021777727
/home/share/Uni_Eval/HAM10000_clean/ISIC2018/ISIC_0032011.jpg,5,5,1.170109e-06,3.8626456e-07,0.00073916756,3.6033016e-05,0.0009228142,0.99814904,0.00015147551
/home/share/Uni_Eval/HAM10000_clean/ISIC2018/ISIC_0030540.jpg,5,5,5.4014945e-06,1.6895656e-05,0.0014717407,0.00039940636,0.003425736,0.99454546,0.00013529362
/home/share/Uni_Eval/HAM10000_clean/ISIC2018/ISIC_0025366.jpg,2,5,0.00013063615,0.00060765137,0.011293022,0.00020520481,0.0064021708,0.9812212,0.00014014974
/home/share/Uni_Eval/HAM10000_clean/ISIC2018/ISIC_0031229.jpg,5,5,6.890747e-06,1.4473673e-06,0.0013106479,0.000365846,0.010328648,0.9879125,7.413849e-05
/home/share/Uni_Eval/HAM10000_clean/ISIC2018/ISIC_0031777.jpg,5,5,3.031815e-06,1.9064471e-05,8.766378e-05,0.0010131662,0.0074103335,0.9867987,0.004668026
/home/share/Uni_Eval/HAM10000_clean/ISIC2018/ISIC_0025558.jpg,5,5,3.3892382e-05,4.2133113e-05,0.0050905305,0.00055864145,0.009720268,0.98355424,0.0010003491
/home/share/Uni_Eval/HAM10000_clean/ISIC2018/ISIC_0028007.jpg,5,5,4.7175695e-07,5.567335e-07,0.00026379933,0.0005150842,0.00019062642,0.9987783,0.00025114528
/home/share/Uni_Eval/HAM10000_clean/ISIC2018/ISIC_0028768.jpg,5,5,4.9303017e-06,7.492915e-05,0.0040524555,0.0011945621,0.00029234987,0.99315095,0.0012297899
/home/share/Uni_Eval/HAM10000_clean/ISIC2018/ISIC_0028137.jpg,5,5,1.9075226e-06,1.3429984e-06,0.0021250173,0.00013137057,0.0005351241,0.9971945,1.0763457e-05
/home/share/Uni_Eval/HAM10000_clean/ISIC2018/ISIC_0025255.jpg,5,5,1.31090055e-05,1.2346027e-05,0.002096718,0.00077857176,0.01398394,0.98290837,0.0002068897
/home/share/Uni_Eval/HAM10000_clean/ISIC2018/ISIC_0032453.jpg,5,5,1.6657114e-05,6.459163e-05,0.0027368958,0.00047405905,0.021142507,0.97545254,0.000112785136
/home/share/Uni_Eval/HAM10000_clean/ISIC2018/ISIC_0028546.jpg,5,5,4.7650643e-05,4.1543324e-05,0.0031352134,0.001798351,0.0010405293,0.9939075,2.9179497e-05
/home/share/Uni_Eval/HAM10000_clean/ISIC2018/ISIC_0031174.jpg,5,5,0.0057904758,0.0001358601,0.07887532,0.0010842233,0.09313832,0.82080346,0.00017241872
/home/share/Uni_Eval/HAM10000_clean/ISIC2018/ISIC_0026836.jpg,5,5,2.6706712e-06,8.710068e-06,0.0008192328,7.909598e-05,0.0016445348,0.99741566,3.0127687e-05
/home/share/Uni_Eval/HAM10000_clean/ISIC2018/ISIC_0026613.jpg,5,5,9.1261345e-06,7.4463576e-05,0.00018877043,0.00068331166,0.0010707799,0.9956454,0.0023282564
/home/share/Uni_Eval/HAM10000_clean/ISIC2018/ISIC_0027843.jpg,5,5,0.00047003318,0.000305241,0.0029087688,0.00071291695,0.0027635067,0.99257666,0.00026279464
/home/share/Uni_Eval/HAM10000_clean/ISIC2018/ISIC_0030797.jpg,5,5,0.0001083193,0.00030653714,0.005207408,0.0017674558,0.004980463,0.9875236,0.00010622301
/home/share/Uni_Eval/HAM10000_clean/ISIC2018/ISIC_0027939.jpg,5,5,0.000574905,5.6965477e-05,0.35741416,0.023501543,0.065994486,0.5524123,4.562178e-05
/home/share/Uni_Eval/HAM10000_clean/ISIC2018/ISIC_0031947.jpg,5,5,5.6923875e-07,1.8109765e-07,0.00014589827,0.000110014626,0.00017829995,0.9994523,0.000112783695
/home/share/Uni_Eval/HAM10000_clean/ISIC2018/ISIC_0029675.jpg,5,5,8.873087e-06,4.7545807e-05,0.00012843993,4.449887e-05,0.00038797283,0.99923205,0.0001506114
/home/share/Uni_Eval/HAM10000_clean/ISIC2018/ISIC_0032426.jpg,5,5,1.1630027e-05,8.024271e-06,0.0036611285,0.00023878191,0.023556571,0.97241545,0.00010844343
/home/share/Uni_Eval/HAM10000_clean/ISIC2018/ISIC_0031571.jpg,5,5,0.000135704,4.2699344e-06,0.0063129566,0.012055195,0.0013765981,0.98004824,6.704688e-05
/home/share/Uni_Eval/HAM10000_clean/ISIC2018/ISIC_0030120.jpg,5,5,0.0016338213,6.645789e-05,0.043972213,0.0019484751,0.08101211,0.8712895,7.7380726e-05
/home/share/Uni_Eval/HAM10000_clean/ISIC2018/ISIC_0025878.jpg,5,5,0.0006024805,0.0004523265,0.001891536,0.0046369033,0.0039741537,0.98842144,2.1096948e-05
/home/share/Uni_Eval/HAM10000_clean/ISIC2018/ISIC_0025613.jpg,5,5,0.0014687678,9.692333e-05,0.08739479,0.05224958,0.024024969,0.8338073,0.0009577354
/home/share/Uni_Eval/HAM10000_clean/ISIC2018/ISIC_0027085.jpg,5,5,8.749418e-05,9.6705204e-05,0.008915415,0.0009065469,0.001680007,0.98796767,0.00034628427
/home/share/Uni_Eval/HAM10000_clean/ISIC2018/ISIC_0028933.jpg,5,5,3.6474794e-05,0.00013404494,0.0016871237,0.0003452411,0.01303728,0.9847172,4.265686e-05
/home/share/Uni_Eval/HAM10000_clean/ISIC2018/ISIC_0027356.jpg,5,5,9.449473e-06,7.187779e-06,0.0003472581,0.00045472395,0.0013675131,0.99778026,3.361413e-05
/home/share/Uni_Eval/HAM10000_clean/ISIC2018/ISIC_0030836.jpg,5,5,0.00026969123,0.0002607031,0.18249549,0.005579513,0.0004946247,0.810596,0.00030398622
/home/share/Uni_Eval/HAM10000_clean/ISIC2018/ISIC_0030204.jpg,5,5,0.0004080281,3.4347944e-05,0.055729814,0.0061624097,0.00033849615,0.93732387,3.0199378e-06
/home/share/Uni_Eval/HAM10000_clean/ISIC2018/ISIC_0028242.jpg,5,5,2.8942293e-05,1.0455447e-05,0.053253267,0.00025777787,0.0071513206,0.9392824,1.5897167e-05
/home/share/Uni_Eval/HAM10000_clean/ISIC2018/ISIC_0024856.jpg,5,5,1.7573788e-05,6.642584e-05,4.6162106e-05,0.001724373,0.002023905,0.9959013,0.00022015568
/home/share/Uni_Eval/HAM10000_clean/ISIC2018/ISIC_0028775.jpg,5,5,8.032054e-05,7.817387e-05,0.0021648859,0.008642099,0.00014519117,0.98882127,6.799446e-05
/home/share/Uni_Eval/HAM10000_clean/ISIC2018/ISIC_0025910.jpg,5,5,5.59514e-06,3.4756606e-05,0.016598046,0.012006889,0.0022242062,0.9621074,0.0070231166
/home/share/Uni_Eval/HAM10000_clean/ISIC2018/ISIC_0031392.jpg,5,5,0.002046163,0.0033220786,0.11684203,0.000952835,0.027290028,0.8493207,0.000226138
/home/share/Uni_Eval/HAM10000_clean/ISIC2018/ISIC_0031909.jpg,5,5,6.506267e-05,9.024739e-05,0.0008666039,0.0028527135,0.0002764052,0.9940686,0.001780274
/home/share/Uni_Eval/HAM10000_clean/ISIC2018/ISIC_0029274.jpg,5,5,0.00046097042,0.0009750101,0.027293524,0.0030404963,0.0038779804,0.9625897,0.0017622536
/home/share/Uni_Eval/HAM10000_clean/ISIC2018/ISIC_0029972.jpg,5,5,6.692799e-06,8.17783e-06,0.00024686794,0.0034841981,0.00014617338,0.994888,0.0012199192
/home/share/Uni_Eval/HAM10000_clean/ISIC2018/ISIC_0027373.jpg,5,5,2.1374122e-05,9.178414e-06,0.0008929416,4.8465863e-05,0.019450022,0.97949135,8.661317e-05
/home/share/Uni_Eval/HAM10000_clean/ISIC2018/ISIC_0024556.jpg,5,5,1.3409392e-05,0.00011806451,0.00039137923,0.00049667445,0.00016073856,0.9987626,5.7032186e-05
/home/share/Uni_Eval/HAM10000_clean/ISIC2018/ISIC_0027157.jpg,5,5,8.670642e-06,4.056482e-05,0.0062214527,0.0039284243,0.0058327504,0.98343277,0.0005353862
/home/share/Uni_Eval/HAM10000_clean/ISIC2018/ISIC_0032288.jpg,5,5,0.0011826804,6.870894e-05,0.012933962,0.0033097523,0.016968084,0.9649715,0.0005653825
/home/share/Uni_Eval/HAM10000_clean/ISIC2018/ISIC_0024534.jpg,5,5,2.5058966e-05,9.493802e-06,0.0067796917,0.00018770526,0.035584603,0.9573891,2.4314262e-05
/home/share/Uni_Eval/HAM10000_clean/ISIC2018/ISIC_0031313.jpg,5,5,1.9076435e-06,1.0579998e-05,0.0035612686,0.00077261374,6.57405e-05,0.994696,0.0008918672
/home/share/Uni_Eval/HAM10000_clean/ISIC2018/ISIC_0028813.jpg,5,5,4.1020256e-05,3.6954825e-06,0.000775231,0.00021788114,0.011803799,0.98713034,2.7972557e-05
/home/share/Uni_Eval/HAM10000_clean/ISIC2018/ISIC_0027482.jpg,5,5,8.1575825e-05,0.00011679783,0.011486845,0.0012754377,0.10589978,0.88006544,0.0010741189
/home/share/Uni_Eval/HAM10000_clean/ISIC2018/ISIC_0026689.jpg,5,5,6.250608e-06,8.551749e-05,2.7141436e-05,1.4311277e-05,0.015723983,0.9839437,0.00019907279
/home/share/Uni_Eval/HAM10000_clean/ISIC2018/ISIC_0032419.jpg,5,5,4.8411337e-05,8.523196e-05,0.007836062,7.794755e-05,0.028436488,0.9631795,0.0003363321
/home/share/Uni_Eval/HAM10000_clean/ISIC2018/ISIC_0028985.jpg,5,5,4.797293e-06,1.2383448e-05,0.00015106774,0.00016233591,0.00126258,0.9968927,0.0015141557
/home/share/Uni_Eval/HAM10000_clean/ISIC2018/ISIC_0029335.jpg,5,5,4.2765347e-05,0.0018408634,0.01945994,0.014746872,0.014223124,0.94698286,0.0027036588
/home/share/Uni_Eval/HAM10000_clean/ISIC2018/ISIC_0030351.jpg,5,5,2.3440587e-06,9.746268e-07,0.0017793247,2.8772822e-05,7.1946015e-05,0.99809843,1.8204095e-05
/home/share/Uni_Eval/HAM10000_clean/ISIC2018/ISIC_0026994.jpg,5,5,1.0557284e-05,1.6247048e-05,0.0032430894,0.00017650214,0.00074130885,0.9957547,5.7555593e-05
/home/share/Uni_Eval/HAM10000_clean/ISIC2018/ISIC_0029111.jpg,5,5,1.089528e-05,7.219181e-05,0.014271893,0.00033712757,0.005215707,0.9799397,0.00015254378
/home/share/Uni_Eval/HAM10000_clean/ISIC2018/ISIC_0031114.jpg,5,5,0.0006914985,0.0010854445,0.04070881,0.0026928533,0.00045108638,0.95411557,0.00025473474
/home/share/Uni_Eval/HAM10000_clean/ISIC2018/ISIC_0025146.jpg,5,5,4.4797507e-06,1.731649e-05,0.0034841653,0.0003647432,0.00032876016,0.995777,2.3482582e-05
/home/share/Uni_Eval/HAM10000_clean/ISIC2018/ISIC_0027600.jpg,5,5,1.386424e-05,0.00015553068,0.00037819773,0.00022703983,0.0002936307,0.9982407,0.00069100194
/home/share/Uni_Eval/HAM10000_clean/ISIC2018/ISIC_0024804.jpg,5,5,1.1272395e-05,3.950584e-06,0.00068398996,1.5828276e-05,0.0006413651,0.9986394,4.1742283e-06
/home/share/Uni_Eval/HAM10000_clean/ISIC2018/ISIC_0032266.jpg,5,5,0.0005507876,0.0004944561,0.010056838,0.011856567,0.013390992,0.963174,0.0004764313
/home/share/Uni_Eval/HAM10000_clean/ISIC2018/ISIC_0026415.jpg,5,5,1.0193703e-05,1.796709e-05,0.0010322238,0.00015373334,0.00057814334,0.99802375,0.00018404702
/home/share/Uni_Eval/HAM10000_clean/ISIC2018/ISIC_0030524.jpg,5,5,0.0003598727,0.002649416,0.019487504,0.0015378896,0.0021059976,0.96395797,0.009901386
/home/share/Uni_Eval/HAM10000_clean/ISIC2018/ISIC_0030679.jpg,5,5,1.2057219e-06,3.4411594e-06,0.0016041704,0.00068707764,0.0012385274,0.99605125,0.00041442033
/home/share/Uni_Eval/HAM10000_clean/ISIC2018/ISIC_0026740.jpg,5,5,6.69127e-07,3.1870036e-06,0.00010534297,9.532395e-05,0.0017256693,0.9974929,0.00057685876
/home/share/Uni_Eval/HAM10000_clean/ISIC2018/ISIC_0028712.jpg,5,5,4.941776e-07,5.84679e-07,2.8818833e-05,1.3404737e-05,0.0008327399,0.999054,6.9895024e-05
/home/share/Uni_Eval/HAM10000_clean/ISIC2018/ISIC_0024379.jpg,5,5,4.464444e-07,1.878414e-07,0.0006579802,0.00031790545,0.00065336266,0.9983688,1.290271e-06
/home/share/Uni_Eval/HAM10000_clean/ISIC2018/ISIC_0030237.jpg,5,5,1.4664454e-06,1.1724146e-06,0.0007059862,1.8777857e-05,0.00058553775,0.9986823,4.643575e-06
/home/share/Uni_Eval/HAM10000_clean/ISIC2018/ISIC_0028177.jpg,5,5,0.00010763203,0.00026726848,0.007499091,0.000383714,0.0021053152,0.9895936,4.3248638e-05
/home/share/Uni_Eval/HAM10000_clean/ISIC2018/ISIC_0024661.jpg,5,5,1.1459149e-05,2.4294523e-06,0.0005763124,0.00021794134,0.000909811,0.99827945,2.671348e-06
/home/share/Uni_Eval/HAM10000_clean/ISIC2018/ISIC_0025474.jpg,5,5,1.4379956e-05,6.9642647e-06,0.00020318587,8.486396e-05,0.002147608,0.997517,2.5923002e-05
/home/share/Uni_Eval/HAM10000_clean/ISIC2018/ISIC_0025397.jpg,5,5,5.8443436e-07,1.4092641e-06,5.3454703e-05,1.7198568e-05,0.0015493202,0.9983512,2.677921e-05
/home/share/Uni_Eval/HAM10000_clean/ISIC2018/ISIC_0024641.jpg,5,5,3.257684e-05,1.9251964e-05,0.00071491615,0.0004837025,0.0007572314,0.99570847,0.002283875
/home/share/Uni_Eval/HAM10000_clean/ISIC2018/ISIC_0026267.jpg,5,5,0.0015436705,4.281979e-05,0.042631626,0.00078057713,0.012530459,0.94237196,9.8964316e-05
/home/share/Uni_Eval/HAM10000_clean/ISIC2018/ISIC_0030407.jpg,5,5,0.00010151515,2.6987975e-05,0.0012435252,0.00037377316,0.008089049,0.99013406,3.0939802e-05
/home/share/Uni_Eval/HAM10000_clean/ISIC2018/ISIC_0030490.jpg,5,5,5.5871697e-05,5.764984e-06,0.002273292,0.00097476604,0.0017722021,0.9948095,0.00010842524
/home/share/Uni_Eval/HAM10000_clean/ISIC2018/ISIC_0029150.jpg,5,5,0.00066729164,0.006448317,0.3599931,0.024666224,0.006660182,0.6010029,0.0005619684
/home/share/Uni_Eval/HAM10000_clean/ISIC2018/ISIC_0030711.jpg,5,5,7.3627452e-06,3.1909556e-05,0.00024901802,0.0018247665,0.0014581004,0.99430543,0.0021233878
/home/share/Uni_Eval/HAM10000_clean/ISIC2018/ISIC_0027541.jpg,5,5,1.0814185e-06,4.3783007e-06,1.07762235e-05,2.1708045e-06,0.0003607986,0.999471,0.00014975344
/home/share/Uni_Eval/HAM10000_clean/ISIC2018/ISIC_0027557.jpg,5,5,4.5231474e-05,0.0004525277,0.00060323044,9.2425005e-05,0.0015211527,0.9970053,0.00028022513
/home/share/Uni_Eval/HAM10000_clean/ISIC2018/ISIC_0027892.jpg,5,5,0.0020740447,0.00094159425,0.0013379507,0.0022496385,0.0011808538,0.9920316,0.00018440762
/home/share/Uni_Eval/HAM10000_clean/ISIC2018/ISIC_0028786.jpg,5,5,0.00030039754,7.571735e-05,0.005511316,0.000115326635,0.0019604068,0.9919674,6.9466245e-05
/home/share/Uni_Eval/HAM10000_clean/ISIC2018/ISIC_0031097.jpg,5,5,1.6126683e-05,4.3630043e-05,0.00017151261,3.5793935e-05,0.0017078336,0.9979982,2.6879075e-05
/home/share/Uni_Eval/HAM10000_clean/ISIC2018/ISIC_0024392.jpg,5,5,7.081898e-05,0.00010865005,0.0056492486,3.924472e-05,0.14669313,0.84734815,9.059526e-05
/home/share/Uni_Eval/HAM10000_clean/ISIC2018/ISIC_0029004.jpg,5,5,9.710235e-07,4.181012e-06,0.00012790927,9.353264e-06,0.00012202197,0.9997112,2.440088e-05
/home/share/Uni_Eval/HAM10000_clean/ISIC2018/ISIC_0025109.jpg,5,5,7.562546e-05,2.0014439e-05,0.0002586202,0.0004235376,0.00042184955,0.9987484,5.1946186e-05
/home/share/Uni_Eval/HAM10000_clean/ISIC2018/ISIC_0029508.jpg,5,5,0.0002021555,3.6243273e-05,0.0021922542,2.8153114e-05,0.003345563,0.994193,2.5779432e-06
/home/share/Uni_Eval/HAM10000_clean/ISIC2018/ISIC_0030484.jpg,5,5,0.0003178315,0.00019978757,0.0032667313,0.00014236418,0.013516163,0.9822375,0.00031958555
/home/share/Uni_Eval/HAM10000_clean/ISIC2018/ISIC_0026515.jpg,5,5,8.513713e-06,0.00017716529,0.0031833632,0.037886113,5.3117616e-05,0.94114405,0.017547686
/home/share/Uni_Eval/HAM10000_clean/ISIC2018/ISIC_0029706.jpg,5,5,4.3567412e-05,0.00016992728,0.0021553126,7.769762e-05,0.043089606,0.9544538,1.0098605e-05
/home/share/Uni_Eval/HAM10000_clean/ISIC2018/ISIC_0030414.jpg,5,5,0.00361456,0.0038292115,0.0070225345,0.06992892,0.008722453,0.9029427,0.003939476
/home/share/Uni_Eval/HAM10000_clean/ISIC2018/ISIC_0028021.jpg,5,5,0.00014480982,5.379986e-05,0.0027643056,0.0012138187,0.010723074,0.98508865,1.1659561e-05
/home/share/Uni_Eval/HAM10000_clean/ISIC2018/ISIC_0025944.jpg,5,5,1.6982527e-05,0.0007724983,8.395372e-05,0.0003319775,0.0060843104,0.9926916,1.8782319e-05
/home/share/Uni_Eval/HAM10000_clean/ISIC2018/ISIC_0026628.jpg,5,5,8.446328e-06,7.1853347e-06,0.0010411732,0.00016470964,0.00029344443,0.9984326,5.2516745e-05
/home/share/Uni_Eval/HAM10000_clean/ISIC2018/ISIC_0027438.jpg,5,5,0.0004560846,0.00043162855,0.0004184916,0.00067595637,0.0038738344,0.9939546,0.0001894122
/home/share/Uni_Eval/HAM10000_clean/ISIC2018/ISIC_0024656.jpg,5,5,0.0002820727,0.0003634951,0.021385873,0.001699519,0.0016713793,0.97447896,0.00011874441
/home/share/Uni_Eval/HAM10000_clean/ISIC2018/ISIC_0029456.jpg,5,5,2.7375563e-07,2.407976e-06,5.0777285e-06,8.697983e-06,0.000109700544,0.9998728,1.086587e-06
/home/share/Uni_Eval/HAM10000_clean/ISIC2018/ISIC_0030692.jpg,5,5,0.0002918358,0.00058526715,0.0014034065,8.264487e-05,0.015054948,0.9824866,9.523457e-05
/home/share/Uni_Eval/HAM10000_clean/ISIC2018/ISIC_0028908.jpg,5,5,7.3031995e-05,2.093643e-05,0.00076264626,0.00010285145,0.0038124423,0.9952253,2.7534895e-06
/home/share/Uni_Eval/HAM10000_clean/ISIC2018/ISIC_0024395.jpg,5,5,0.00019521116,0.00074049446,0.00030817234,0.004408404,0.00080447743,0.99280375,0.000739449
/home/share/Uni_Eval/HAM10000_clean/ISIC2018/ISIC_0026791.jpg,5,5,1.8507366e-05,2.3269446e-05,0.00080854626,0.000109649,6.787438e-05,0.9988667,0.000105591425
/home/share/Uni_Eval/HAM10000_clean/ISIC2018/ISIC_0024736.jpg,5,5,6.982418e-07,2.2035733e-06,0.00016895303,0.00012463282,0.0005863335,0.99909294,2.430047e-05
/home/share/Uni_Eval/HAM10000_clean/ISIC2018/ISIC_0030775.jpg,5,5,1.0372283e-06,4.6082417e-07,0.0001332398,2.7414419e-05,8.7523586e-05,0.99969757,5.2782034e-05
/home/share/Uni_Eval/HAM10000_clean/ISIC2018/ISIC_0028318.jpg,5,5,6.5273102e-06,9.968462e-06,0.0008025518,6.120031e-05,0.00010166997,0.9984053,0.0006127971
/home/share/Uni_Eval/HAM10000_clean/ISIC2018/ISIC_0027901.jpg,5,5,0.0002860983,0.003410547,0.0030858936,0.001231472,0.0024910688,0.98792076,0.001574109
/home/share/Uni_Eval/HAM10000_clean/ISIC2018/ISIC_0030866.jpg,5,5,9.28148e-07,1.1743031e-06,0.000121829165,4.5738575e-06,7.545739e-05,0.99978167,1.442729e-05
/home/share/Uni_Eval/HAM10000_clean/ISIC2018/ISIC_0027477.jpg,5,5,6.700704e-05,0.0005377129,0.0018172639,0.0037395789,0.00562452,0.9874142,0.0007997124
/home/share/Uni_Eval/HAM10000_clean/ISIC2018/ISIC_0027637.jpg,5,5,2.5250907e-05,0.0001732791,0.00013536765,0.00024220475,0.00051317894,0.99867,0.0002407358
/home/share/Uni_Eval/HAM10000_clean/ISIC2018/ISIC_0029264.jpg,5,5,2.8913335e-05,0.00018679845,0.00085594045,5.4313106e-05,0.00042308995,0.9933962,0.005054807
/home/share/Uni_Eval/HAM10000_clean/ISIC2018/ISIC_0027617.jpg,5,5,6.066102e-05,0.00019921591,0.00058017776,3.4290446e-05,0.00045832267,0.9978781,0.00078926864
/home/share/Uni_Eval/HAM10000_clean/ISIC2018/ISIC_0029711.jpg,5,5,1.6625095e-06,5.8324545e-06,1.2793478e-05,6.116302e-06,0.00045587073,0.9995003,1.7513132e-05
/home/share/Uni_Eval/HAM10000_clean/ISIC2018/ISIC_0024977.jpg,5,5,5.2793002e-05,5.2043066e-05,0.0010775649,7.271187e-06,0.0014502674,0.997332,2.8125833e-05
/home/share/Uni_Eval/HAM10000_clean/ISIC2018/ISIC_0031785.jpg,5,5,1.3615564e-05,7.243627e-05,0.00019275687,3.8617458e-05,0.0010180072,0.998582,8.2527265e-05
/home/share/Uni_Eval/HAM10000_clean/ISIC2018/ISIC_0025976.jpg,5,5,9.924539e-06,1.5992673e-05,0.00018424251,3.1060878e-05,0.0031384723,0.9964462,0.00017411157
/home/share/Uni_Eval/HAM10000_clean/ISIC2018/ISIC_0030578.jpg,5,5,0.000843271,0.026296439,0.012978157,0.020484608,0.0036617953,0.92714494,0.008590731
/home/share/Uni_Eval/HAM10000_clean/ISIC2018/ISIC_0028552.jpg,5,5,2.1227785e-05,1.6139578e-05,0.0102461465,9.299669e-05,5.848973e-05,0.98945016,0.000114866365
/home/share/Uni_Eval/HAM10000_clean/ISIC2018/ISIC_0026945.jpg,5,5,1.35583805e-05,0.00081878033,0.00057269045,9.777957e-05,0.020539105,0.977835,0.00012311086
/home/share/Uni_Eval/HAM10000_clean/ISIC2018/ISIC_0029387.jpg,5,5,5.4883394e-06,0.00017482233,0.00033627404,5.4281165e-05,0.0008128873,0.9986083,7.9832325e-06
/home/share/Uni_Eval/HAM10000_clean/ISIC2018/ISIC_0024321.jpg,5,5,8.6815835e-06,0.0017713091,5.3025622e-05,0.0023093908,0.0008845951,0.9949438,2.9233805e-05
/home/share/Uni_Eval/HAM10000_clean/ISIC2018/ISIC_0027807.jpg,5,5,2.8537359e-06,2.6406604e-05,0.00044480964,1.6746539e-05,0.0021621492,0.99729365,5.3364936e-05
/home/share/Uni_Eval/HAM10000_clean/ISIC2018/ISIC_0025714.jpg,5,5,2.6049654e-05,1.2891703e-05,0.0011415596,7.40399e-05,0.00047918523,0.9982503,1.5967966e-05
/home/share/Uni_Eval/HAM10000_clean/ISIC2018/ISIC_0028612.jpg,5,5,2.8342272e-06,1.9726396e-05,3.1925192e-05,1.0341173e-05,0.0026143924,0.9967765,0.00054423005
/home/share/Uni_Eval/HAM10000_clean/ISIC2018/ISIC_0029795.jpg,5,5,8.291987e-06,8.064855e-06,0.0009552413,1.6658178e-05,0.0027596906,0.99624866,3.3691115e-06
/home/share/Uni_Eval/HAM10000_clean/ISIC2018/ISIC_0030562.jpg,5,5,2.3330865e-06,6.6908497e-06,1.5432624e-05,9.713086e-06,0.00027252597,0.99964,5.3280888e-05
/home/share/Uni_Eval/HAM10000_clean/ISIC2018/ISIC_0032198.jpg,5,5,0.001589672,0.0020957163,0.018081741,0.0026482446,0.0023395866,0.9730217,0.00022323211
/home/share/Uni_Eval/HAM10000_clean/ISIC2018/ISIC_0030643.jpg,5,5,0.000105441155,2.1264312e-05,0.00058406417,0.00047858554,0.00055553543,0.9982369,1.8157862e-05
/home/share/Uni_Eval/HAM10000_clean/ISIC2018/ISIC_0027353.jpg,5,5,0.000104968705,2.3389652e-05,0.0025296095,6.7790534e-05,0.0013932412,0.99586844,1.2609447e-05
/home/share/Uni_Eval/HAM10000_clean/ISIC2018/ISIC_0026701.jpg,5,5,6.598873e-05,0.00011295376,0.0015320813,3.2309254e-05,0.0018822595,0.9963498,2.4585042e-05
/home/share/Uni_Eval/HAM10000_clean/ISIC2018/ISIC_0028616.jpg,5,5,8.068166e-05,2.8759016e-05,0.009462537,0.0015741001,0.0044331434,0.9844044,1.6391348e-05
/home/share/Uni_Eval/HAM10000_clean/ISIC2018/ISIC_0026708.jpg,5,5,1.2257545e-06,1.1436784e-05,2.5817471e-05,2.3661084e-06,0.00898232,0.9909637,1.3034489e-05
/home/share/Uni_Eval/HAM10000_clean/ISIC2018/ISIC_0024820.jpg,5,5,6.475921e-05,0.00011109026,0.00014727458,0.0020074225,0.022779455,0.97481173,7.8238285e-05
/home/share/Uni_Eval/HAM10000_clean/ISIC2018/ISIC_0031275.jpg,5,5,0.0005449841,0.0016526615,0.0107041765,0.0031783374,0.0011868324,0.9822448,0.00048822138
/home/share/Uni_Eval/HAM10000_clean/ISIC2018/ISIC_0031343.jpg,5,5,4.0054665e-06,9.617792e-06,0.0006488132,1.1788495e-05,0.0007470384,0.9985631,1.568305e-05
/home/share/Uni_Eval/HAM10000_clean/ISIC2018/ISIC_0029423.jpg,5,5,1.4030795e-05,6.300319e-06,0.0011996473,7.6172124e-05,0.000865826,0.99750865,0.00032926307
/home/share/Uni_Eval/HAM10000_clean/ISIC2018/ISIC_0031296.jpg,5,5,2.671215e-06,4.3847755e-05,2.0792128e-05,0.00025054143,5.734488e-05,0.99930894,0.00031593334
/home/share/Uni_Eval/HAM10000_clean/ISIC2018/ISIC_0025137.jpg,5,5,7.7707045e-07,2.5069244e-06,5.6667217e-05,5.291406e-06,0.0007421849,0.99890757,0.00028507208
/home/share/Uni_Eval/HAM10000_clean/ISIC2018/ISIC_0025890.jpg,5,5,0.00066781894,0.00010156835,0.0036583147,0.0006571625,0.0045700576,0.99018073,0.00016447272
/home/share/Uni_Eval/HAM10000_clean/ISIC2018/ISIC_0027232.jpg,5,5,0.0019194947,0.0014107366,0.099328935,0.041701395,0.014359115,0.8411026,0.00017772565
/home/share/Uni_Eval/HAM10000_clean/ISIC2018/ISIC_0027259.jpg,5,5,1.33708e-05,0.00013995671,8.677978e-05,3.290586e-05,0.011087496,0.98804015,0.00059944775
/home/share/Uni_Eval/HAM10000_clean/ISIC2018/ISIC_0029556.jpg,5,5,5.6758592e-05,2.427029e-05,0.0005369418,5.561637e-05,0.0011054166,0.99814236,7.8712124e-05
/home/share/Uni_Eval/HAM10000_clean/ISIC2018/ISIC_0030613.jpg,5,5,8.5653985e-05,0.00018783778,0.00050495984,0.00035474513,0.001977389,0.9967033,0.0001860404
/home/share/Uni_Eval/HAM10000_clean/ISIC2018/ISIC_0025698.jpg,5,5,0.00024067685,0.0003397797,0.0010519342,0.00016256969,0.041572124,0.95637643,0.0002564737
/home/share/Uni_Eval/HAM10000_clean/ISIC2018/ISIC_0031230.jpg,5,5,7.377092e-06,6.299532e-05,0.000435953,1.5200662e-05,0.014011998,0.98521775,0.00024877716
/home/share/Uni_Eval/HAM10000_clean/ISIC2018/ISIC_0026300.jpg,5,5,3.740909e-05,6.433478e-05,0.00065605174,0.0012405805,0.0018489866,0.9961194,3.329582e-05
/home/share/Uni_Eval/HAM10000_clean/ISIC2018/ISIC_0027474.jpg,5,5,0.0027825518,0.0065748747,0.0024131534,0.0039814697,0.004354109,0.9795424,0.0003513432
/home/share/Uni_Eval/HAM10000_clean/ISIC2018/ISIC_0031635.jpg,5,5,4.3977318e-05,0.00015151952,0.0019921793,1.1146758e-05,0.1870532,0.8104581,0.00028987753
/home/share/Uni_Eval/HAM10000_clean/ISIC2018/ISIC_0026972.jpg,5,5,0.00018104984,0.000116776115,0.00065870467,0.00026950968,0.0015296381,0.99720496,3.942365e-05
/home/share/Uni_Eval/HAM10000_clean/ISIC2018/ISIC_0024568.jpg,5,5,1.8549409e-06,1.111249e-06,0.00025536935,6.2521503e-06,0.00030923367,0.9988304,0.0005958253
/home/share/Uni_Eval/HAM10000_clean/ISIC2018/ISIC_0030863.jpg,5,5,5.448616e-06,3.4903693e-05,0.0001619206,0.000376604,0.00041843948,0.9989273,7.5333264e-05
/home/share/Uni_Eval/HAM10000_clean/ISIC2018/ISIC_0027682.jpg,5,5,1.4401405e-06,3.14819e-05,5.3391695e-06,1.0817857e-05,0.00014471609,0.9995915,0.0002146493
/home/share/Uni_Eval/HAM10000_clean/ISIC2018/ISIC_0030975.jpg,5,5,1.6818623e-05,0.00026428656,0.000116803414,6.6476074e-05,0.00044550005,0.9990326,5.7532772e-05
/home/share/Uni_Eval/HAM10000_clean/ISIC2018/ISIC_0031763.jpg,5,5,8.419078e-05,0.000376494,0.0021153868,0.00931378,0.00046075566,0.98648536,0.0011639183
/home/share/Uni_Eval/HAM10000_clean/ISIC2018/ISIC_0031030.jpg,5,5,0.00013916745,0.00023899705,0.0003330832,0.0051374775,8.0472906e-05,0.9926339,0.0014369015
/home/share/Uni_Eval/HAM10000_clean/ISIC2018/ISIC_0031954.jpg,5,5,5.772825e-06,8.7494744e-05,0.00066710974,8.3691266e-05,0.0023445343,0.99618524,0.0006261071
/home/share/Uni_Eval/HAM10000_clean/ISIC2018/ISIC_0028595.jpg,5,5,1.202244e-05,0.000108522014,0.0067124316,0.00024657405,0.00021122035,0.9926587,5.056826e-05
/home/share/Uni_Eval/HAM10000_clean/ISIC2018/ISIC_0026413.jpg,5,5,0.00011544878,5.2821535e-05,0.0006799115,0.00260943,0.0014446666,0.99485695,0.00024072563
/home/share/Uni_Eval/HAM10000_clean/ISIC2018/ISIC_0028157.jpg,5,5,4.563207e-05,2.5629124e-05,0.0007245844,2.4340887e-05,0.00011425379,0.99895525,0.00011040145
/home/share/Uni_Eval/HAM10000_clean/ISIC2018/ISIC_0024311.jpg,5,5,3.956612e-05,4.4596592e-05,0.004310105,1.9156809e-05,0.0009500525,0.99460125,3.5300178e-05
/home/share/Uni_Eval/HAM10000_clean/ISIC2018/ISIC_0026838.jpg,5,5,1.085272e-06,1.7603317e-05,0.00012734436,1.1651683e-05,0.0002655735,0.9991085,0.00046816465
/home/share/Uni_Eval/HAM10000_clean/ISIC2018/ISIC_0029016.jpg,5,5,3.9549045e-07,7.5159124e-07,4.6759986e-05,7.1604234e-07,0.0007115448,0.99915063,8.917692e-05
/home/share/Uni_Eval/HAM10000_clean/ISIC2018/ISIC_0028322.jpg,5,5,1.2096578e-05,6.622827e-05,0.0002016125,0.00011470753,0.0019238093,0.99766624,1.5338128e-05
/home/share/Uni_Eval/HAM10000_clean/ISIC2018/ISIC_0026695.jpg,5,5,3.4316506e-06,3.6482556e-06,9.976744e-05,4.5810793e-05,0.00055941683,0.9992686,1.9188863e-05
/home/share/Uni_Eval/HAM10000_clean/ISIC2018/ISIC_0029225.jpg,5,5,1.6982494e-05,2.6043363e-05,0.00064770295,0.0006989811,0.00093591824,0.9976266,4.7783906e-05
/home/share/Uni_Eval/HAM10000_clean/ISIC2018/ISIC_0026184.jpg,5,5,0.00012572958,0.0001192678,0.0004900942,0.00119828,0.0018291088,0.996194,4.361306e-05
/home/share/Uni_Eval/HAM10000_clean/ISIC2018/ISIC_0029903.jpg,5,5,0.00094772707,0.00028203946,0.00036995477,0.00021824082,0.025386762,0.9726753,0.00012002772
/home/share/Uni_Eval/HAM10000_clean/ISIC2018/ISIC_0024874.jpg,5,5,4.4149965e-05,0.013819286,0.00039285643,0.0017188998,0.001984747,0.96315676,0.018883256
/home/share/Uni_Eval/HAM10000_clean/ISIC2018/ISIC_0030769.jpg,5,5,9.2621616e-05,0.00031696216,8.327693e-05,9.479357e-05,0.0008707562,0.9984841,5.752153e-05
/home/share/Uni_Eval/HAM10000_clean/ISIC2018/ISIC_0029816.jpg,5,5,6.325301e-06,0.00011789386,5.997033e-05,5.9714284e-06,0.0014866671,0.9982316,9.1611684e-05
/home/share/Uni_Eval/HAM10000_clean/ISIC2018/ISIC_0028896.jpg,5,5,1.0885801e-05,1.736854e-05,0.0009947255,0.00042156258,0.00016543039,0.99838936,6.8172324e-07
/home/share/Uni_Eval/HAM10000_clean/ISIC2018/ISIC_0025560.jpg,5,5,9.099279e-05,5.8661408e-05,0.00050199934,3.9969855e-05,0.000579312,0.99869823,3.0769388e-05
/home/share/Uni_Eval/HAM10000_clean/ISIC2018/ISIC_0030612.jpg,5,5,4.8100806e-06,0.00010172357,3.83127e-05,2.1481763e-05,0.0014057808,0.998422,5.8548976e-06
/home/share/Uni_Eval/HAM10000_clean/ISIC2018/ISIC_0027885.jpg,5,5,5.937294e-06,4.4548357e-05,6.807534e-05,6.0258633e-05,0.001589667,0.998162,6.9620946e-05
/home/share/Uni_Eval/HAM10000_clean/ISIC2018/ISIC_0028997.jpg,5,5,0.0011057704,0.0014498031,0.0006876616,0.0023694048,0.004967281,0.98911804,0.0003019257
/home/share/Uni_Eval/HAM10000_clean/ISIC2018/ISIC_0031505.jpg,5,5,2.6498114e-05,0.00018683041,0.00023086916,0.0009874897,0.00012109659,0.998357,9.015292e-05
/home/share/Uni_Eval/HAM10000_clean/ISIC2018/ISIC_0024625.jpg,5,5,4.0929075e-07,1.0044024e-06,4.6328543e-05,7.315919e-07,0.001248826,0.99868983,1.29911605e-05
/home/share/Uni_Eval/HAM10000_clean/ISIC2018/ISIC_0024601.jpg,5,5,1.5219397e-06,3.024505e-06,2.5101843e-05,2.3419727e-05,0.00026402756,0.9994299,0.00025294052
/home/share/Uni_Eval/HAM10000_clean/ISIC2018/ISIC_0027696.jpg,5,5,2.6347075e-06,5.1726427e-05,4.84586e-05,0.00023720702,0.0043831067,0.995008,0.00026884154
/home/share/Uni_Eval/HAM10000_clean/ISIC2018/ISIC_0025059.jpg,5,5,1.1983226e-06,3.5534833e-06,4.163444e-05,5.69551e-05,0.00033773208,0.9991567,0.00040217154
/home/share/Uni_Eval/HAM10000_clean/ISIC2018/ISIC_0032106.jpg,5,5,2.0115129e-05,0.00018998371,0.0017642009,4.040799e-05,0.0010839817,0.99659246,0.0003088237
/home/share/Uni_Eval/HAM10000_clean/ISIC2018/ISIC_0030368.jpg,5,5,0.00031742416,0.0005373035,0.00066246715,0.010566123,0.0018604518,0.98467803,0.0013782807
/home/share/Uni_Eval/HAM10000_clean/ISIC2018/ISIC_0029090.jpg,5,5,0.00024667755,0.0018646455,0.00020470053,0.001077268,0.0034744507,0.9930195,0.0001127634
/home/share/Uni_Eval/HAM10000_clean/ISIC2018/ISIC_0032137.jpg,5,5,9.8555705e-05,4.4893826e-05,0.0011475192,2.3485618e-05,0.00042836292,0.99823076,2.6571737e-05
/home/share/Uni_Eval/HAM10000_clean/ISIC2018/ISIC_0030701.jpg,5,5,8.914532e-06,3.4038483e-06,0.0002444544,2.5957681e-05,0.0010104842,0.99862945,7.732043e-05
/home/share/Uni_Eval/HAM10000_clean/ISIC2018/ISIC_0028839.jpg,5,5,6.907788e-06,2.632102e-06,0.0001082247,0.0001189387,0.000780214,0.9989697,1.3353998e-05
/home/share/Uni_Eval/HAM10000_clean/ISIC2018/ISIC_0026648.jpg,5,5,1.4090347e-06,1.317058e-05,0.0002478784,7.656706e-05,0.00015883306,0.9991773,0.00032477398
/home/share/Uni_Eval/HAM10000_clean/ISIC2018/ISIC_0025408.jpg,5,5,4.12896e-06,2.0712323e-05,0.00032362406,2.6441769e-05,0.00047223916,0.99913895,1.3893362e-05
/home/share/Uni_Eval/HAM10000_clean/ISIC2018/ISIC_0031884.jpg,5,5,0.00017075648,5.6725883e-05,0.0019506268,0.00050068414,0.00030633423,0.9969927,2.214562e-05
/home/share/Uni_Eval/HAM10000_clean/ISIC2018/ISIC_0024775.jpg,5,5,3.0157811e-05,5.1144827e-05,6.936356e-06,5.734891e-05,0.0011897677,0.99823785,0.0004268095
/home/share/Uni_Eval/HAM10000_clean/ISIC2018/ISIC_0024659.jpg,5,5,0.0003959027,0.00045259067,0.0025763602,0.0036134417,0.0017677664,0.9911322,6.163329e-05
/home/share/Uni_Eval/HAM10000_clean/ISIC2018/ISIC_0032053.jpg,5,5,2.9801355e-05,3.2036925e-05,0.0007389886,5.32556e-05,0.0043296935,0.9946526,0.00016359075
/home/share/Uni_Eval/HAM10000_clean/ISIC2018/ISIC_0030256.jpg,5,5,1.6021151e-05,5.0398536e-05,0.00065115583,0.00046705073,0.00048780668,0.9947584,0.0035690537
/home/share/Uni_Eval/HAM10000_clean/ISIC2018/ISIC_0026357.jpg,5,5,6.444827e-05,0.0001028014,0.00031781627,0.000733604,1.1886095e-05,0.9987686,7.537439e-07
/home/share/Uni_Eval/HAM10000_clean/ISIC2018/ISIC_0026155.jpg,5,5,7.1711406e-06,5.0648574e-05,6.803438e-05,7.3528056e-05,0.00026105202,0.9993648,0.00017484152
/home/share/Uni_Eval/HAM10000_clean/ISIC2018/ISIC_0028140.jpg,5,5,2.779151e-05,0.00014491237,0.0039079464,0.0003929525,0.009170902,0.98619056,0.00016499398
/home/share/Uni_Eval/HAM10000_clean/ISIC2018/ISIC_0025058.jpg,5,5,1.0782536e-05,0.00017259992,0.005415594,0.0011149411,3.1942363e-05,0.99298406,0.00027013576
/home/share/Uni_Eval/HAM10000_clean/ISIC2018/ISIC_0024956.jpg,5,5,0.00010345411,5.2485426e-05,0.0011416188,0.00023267833,0.0008828673,0.9975432,4.376481e-05
/home/share/Uni_Eval/HAM10000_clean/ISIC2018/ISIC_0030103.jpg,5,5,1.8163022e-06,6.509561e-06,0.0005594373,3.2365383e-06,0.062183395,0.93707967,0.00016595732
/home/share/Uni_Eval/HAM10000_clean/ISIC2018/ISIC_0027245.jpg,5,5,1.7648064e-07,3.9958866e-07,9.7023685e-06,3.7229124e-06,0.00016583022,0.99977297,4.730368e-05
/home/share/Uni_Eval/HAM10000_clean/ISIC2018/ISIC_0024532.jpg,5,5,0.00022192458,7.981792e-05,0.0088487035,0.00017467186,0.0013827628,0.9890717,0.00022042594
/home/share/Uni_Eval/HAM10000_clean/ISIC2018/ISIC_0026380.jpg,5,5,2.7227131e-06,2.5622015e-07,0.00013418475,3.8310345e-06,7.341899e-05,0.99977034,1.5283827e-05
/home/share/Uni_Eval/HAM10000_clean/ISIC2018/ISIC_0027602.jpg,5,5,1.2506467e-06,6.621548e-07,1.48829695e-05,1.4171055e-05,0.00018994743,0.99974304,3.6007223e-05
/home/share/Uni_Eval/HAM10000_clean/ISIC2018/ISIC_0027372.jpg,5,5,7.5954245e-05,0.0004339583,4.01695e-05,5.9476784e-05,0.00532903,0.9939176,0.00014379504
/home/share/Uni_Eval/HAM10000_clean/ISIC2018/ISIC_0025852.jpg,5,5,3.403474e-06,4.3171704e-06,0.0005839023,2.565357e-05,0.018547805,0.9807757,5.924004e-05
/home/share/Uni_Eval/HAM10000_clean/ISIC2018/ISIC_0032403.jpg,5,5,1.0889174e-06,1.8412838e-06,0.00035733625,0.0002465673,0.00012609999,0.9989411,0.00032600472
/home/share/Uni_Eval/HAM10000_clean/ISIC2018/ISIC_0025190.jpg,5,5,1.1359241e-06,5.311435e-06,4.4417575e-06,1.913119e-05,0.00013801057,0.9997774,5.4508993e-05
/home/share/Uni_Eval/HAM10000_clean/ISIC2018/ISIC_0027321.jpg,5,5,6.359859e-05,0.000414762,0.0027076153,0.00037536968,0.0024314981,0.99356997,0.0004372039
/home/share/Uni_Eval/HAM10000_clean/ISIC2018/ISIC_0031878.jpg,5,5,4.1842446e-05,1.6651016e-05,0.00026366598,0.0002582375,0.00054220133,0.9988753,1.989181e-06
/home/share/Uni_Eval/HAM10000_clean/ISIC2018/ISIC_0029086.jpg,5,5,2.2134245e-05,0.00029673646,0.0007018147,8.0912294e-05,0.0041956417,0.9940451,0.0006577424
/home/share/Uni_Eval/HAM10000_clean/ISIC2018/ISIC_0024399.jpg,5,5,6.520185e-05,8.8214816e-05,0.00067518995,0.00016225745,0.006225067,0.99270505,7.902587e-05
/home/share/Uni_Eval/HAM10000_clean/ISIC2018/ISIC_0024603.jpg,5,5,2.0247127e-07,3.4172618e-07,4.5170605e-06,5.8904297e-06,0.00020872665,0.99972004,6.0252114e-05
/home/share/Uni_Eval/HAM10000_clean/ISIC2018/ISIC_0025429.jpg,5,5,1.4233677e-06,3.6485158e-06,2.4420395e-05,1.4351945e-05,0.000119597884,0.99983644,9.920295e-08
/home/share/Uni_Eval/HAM10000_clean/ISIC2018/ISIC_0026548.jpg,5,5,1.99342e-05,3.236516e-05,0.0019515173,5.1620605e-06,0.0060718753,0.99163765,0.00028137973
/home/share/Uni_Eval/HAM10000_clean/ISIC2018/ISIC_0031992.jpg,5,5,7.305237e-07,7.761881e-06,9.41131e-05,6.529235e-05,0.00019396044,0.9994956,0.00014247226
/home/share/Uni_Eval/HAM10000_clean/ISIC2018/ISIC_0032416.jpg,5,5,5.6739656e-05,0.0001296043,0.00015040988,0.0003724587,0.000487586,0.9981958,0.00060738437
/home/share/Uni_Eval/HAM10000_clean/ISIC2018/ISIC_0029587.jpg,5,5,1.0852228e-05,6.655814e-05,0.00012523956,6.203735e-05,0.0022567697,0.99746716,1.1299672e-05
/home/share/Uni_Eval/HAM10000_clean/ISIC2018/ISIC_0026685.jpg,5,5,1.0025311e-07,1.9957305e-07,9.251843e-05,7.374573e-05,6.0212475e-05,0.99972385,4.9338974e-05
/home/share/Uni_Eval/HAM10000_clean/ISIC2018/ISIC_0031022.jpg,5,5,0.0007878779,0.006593324,0.0069088214,0.0433168,0.00018559469,0.9418291,0.00037844563
/home/share/Uni_Eval/HAM10000_clean/ISIC2018/ISIC_0029019.jpg,5,5,0.00015517778,0.00011048126,0.0003903683,0.00022962021,0.0029447065,0.9960983,7.139822e-05
/home/share/Uni_Eval/HAM10000_clean/ISIC2018/ISIC_0028204.jpg,5,5,4.857492e-07,1.9285087e-06,7.820531e-06,7.223007e-06,0.00070146495,0.9992244,5.6642122e-05
/home/share/Uni_Eval/HAM10000_clean/ISIC2018/ISIC_0029941.jpg,5,5,1.1935399e-06,9.679728e-06,4.776717e-05,1.667665e-05,0.002685048,0.9972154,2.4327104e-05
/home/share/Uni_Eval/HAM10000_clean/ISIC2018/ISIC_0025728.jpg,5,5,1.8745282e-05,2.0421041e-05,3.2685683e-05,5.476134e-05,0.00033576755,0.9993857,0.00015194027
/home/share/Uni_Eval/HAM10000_clean/ISIC2018/ISIC_0026066.jpg,5,5,3.0603216e-05,2.4353541e-05,0.00011206282,9.7634125e-05,0.0019130944,0.9975406,0.00028166064
/home/share/Uni_Eval/HAM10000_clean/ISIC2018/ISIC_0024645.jpg,5,5,8.522329e-05,7.089139e-05,0.0026201487,0.00018503892,0.29548547,0.7015106,4.2550873e-05
/home/share/Uni_Eval/HAM10000_clean/ISIC2018/ISIC_0031608.jpg,5,5,5.3848516e-06,1.881144e-05,0.00029598206,0.0013425424,0.00079611497,0.99752635,1.4824641e-05
/home/share/Uni_Eval/HAM10000_clean/ISIC2018/ISIC_0025333.jpg,5,5,1.2422194e-06,2.928183e-05,2.8582575e-05,0.00011690011,5.6642042e-05,0.9993993,0.0003680854
/home/share/Uni_Eval/HAM10000_clean/ISIC2018/ISIC_0028161.jpg,5,5,0.0001474156,0.00010821317,0.00085725525,0.00015043971,0.0043842685,0.99414766,0.00020483734
/home/share/Uni_Eval/HAM10000_clean/ISIC2018/ISIC_0025023.jpg,5,5,0.000117786214,5.485681e-05,0.0028664186,6.2334904e-05,0.00450205,0.99188787,0.00050864555
/home/share/Uni_Eval/HAM10000_clean/ISIC2018/ISIC_0030228.jpg,5,5,5.3396757e-08,3.401624e-07,2.8320187e-06,1.8474355e-05,0.00010894264,0.9998627,6.6306984e-06
/home/share/Uni_Eval/HAM10000_clean/ISIC2018/ISIC_0029433.jpg,5,5,0.00020620158,0.00162523,0.00042710296,8.2266364e-05,0.0049605067,0.99230486,0.0003938732
/home/share/Uni_Eval/HAM10000_clean/ISIC2018/ISIC_0025586.jpg,5,5,2.7759407e-07,2.4947253e-06,2.8320981e-05,5.5175883e-06,0.0003148604,0.9996424,6.147559e-06
/home/share/Uni_Eval/HAM10000_clean/ISIC2018/ISIC_0025114.jpg,5,5,5.7886664e-06,1.8247369e-05,0.0003142439,4.539274e-05,0.0009795397,0.9985513,8.548704e-05
/home/share/Uni_Eval/HAM10000_clean/ISIC2018/ISIC_0026418.jpg,5,5,4.6290916e-06,6.6651605e-06,9.8019875e-05,0.00027506455,0.0025405325,0.9970715,3.575492e-06
/home/share/Uni_Eval/HAM10000_clean/ISIC2018/ISIC_0032062.jpg,5,5,2.3574168e-05,1.7827642e-06,0.00082198874,2.832142e-05,0.0006368602,0.99848217,5.3116614e-06
/home/share/Uni_Eval/HAM10000_clean/ISIC2018/ISIC_0032401.jpg,5,5,1.3959556e-05,8.702904e-06,0.0003094428,1.8025048e-05,0.00018245967,0.9994373,3.017013e-05
/home/share/Uni_Eval/HAM10000_clean/ISIC2018/ISIC_0025204.jpg,5,5,8.38066e-05,0.0008906247,0.001514236,0.0021949909,0.0005774031,0.9935183,0.0012206127
/home/share/Uni_Eval/HAM10000_clean/ISIC2018/ISIC_0030713.jpg,5,5,7.419231e-05,7.2946e-05,0.0009951105,7.173588e-05,0.0004925666,0.99790984,0.00038360065
/home/share/Uni_Eval/HAM10000_clean/ISIC2018/ISIC_0025858.jpg,5,5,6.6372563e-06,2.0004115e-06,0.00029385983,0.00012698922,0.00013787349,0.99941516,1.7447877e-05
/home/share/Uni_Eval/HAM10000_clean/ISIC2018/ISIC_0024844.jpg,5,5,0.00037671003,0.00014612758,0.008194565,0.0005697955,0.001466028,0.989127,0.00011983455
/home/share/Uni_Eval/HAM10000_clean/ISIC2018/ISIC_0027824.jpg,5,5,9.7420125e-06,7.749303e-06,0.00018525979,7.953273e-05,0.00048363622,0.9991998,3.4293455e-05
/home/share/Uni_Eval/HAM10000_clean/ISIC2018/ISIC_0027611.jpg,5,5,4.8186677e-05,0.00010246575,0.005023241,0.0070136543,0.00090978784,0.98642844,0.00047429994
/home/share/Uni_Eval/HAM10000_clean/ISIC2018/ISIC_0032224.jpg,5,5,0.00011072211,0.00027903286,0.016806513,0.0009902483,0.0019373493,0.97984225,3.3843164e-05
/home/share/Uni_Eval/HAM10000_clean/ISIC2018/ISIC_0025445.jpg,5,5,1.2638412e-05,3.488699e-05,5.8534355e-05,1.3489878e-05,0.008275647,0.99112904,0.0004758576
/home/share/Uni_Eval/HAM10000_clean/ISIC2018/ISIC_0024629.jpg,5,5,0.00065595144,0.0038827364,0.042072188,0.00046240343,0.0048808735,0.9479962,4.9678383e-05
/home/share/Uni_Eval/HAM10000_clean/ISIC2018/ISIC_0028788.jpg,5,5,5.6800698e-05,0.00061340956,0.0012133458,0.00072948885,0.0027177178,0.99387336,0.0007959567
/home/share/Uni_Eval/HAM10000_clean/ISIC2018/ISIC_0030779.jpg,5,5,2.325815e-05,2.0000012e-05,0.0014571656,0.00028272634,0.0030795094,0.9950577,7.964811e-05
/home/share/Uni_Eval/HAM10000_clean/ISIC2018/ISIC_0027913.jpg,5,5,1.03420255e-07,4.913788e-07,8.3037685e-06,3.86227e-06,7.847442e-05,0.99982077,8.814269e-05
/home/share/Uni_Eval/HAM10000_clean/ISIC2018/ISIC_0024614.jpg,5,5,3.10414e-05,6.9307994e-06,3.9605973e-05,5.242179e-06,0.00069435383,0.99920803,1.4814073e-05
/home/share/Uni_Eval/HAM10000_clean/ISIC2018/ISIC_0027705.jpg,5,5,8.6509735e-06,7.371401e-05,0.0003990907,3.519661e-06,0.002551484,0.99685425,0.00010934047
/home/share/Uni_Eval/HAM10000_clean/ISIC2018/ISIC_0024347.jpg,5,5,5.0551258e-05,3.1159147e-05,0.004291433,0.00012281163,0.019308263,0.97410846,0.0020873446
/home/share/Uni_Eval/HAM10000_clean/ISIC2018/ISIC_0029631.jpg,5,5,2.1899011e-06,9.812335e-07,2.8128126e-05,3.89588e-06,0.00018408927,0.9997789,1.7552857e-06
/home/share/Uni_Eval/HAM10000_clean/ISIC2018/ISIC_0032167.jpg,5,5,0.00013801362,0.00027317394,0.0020374034,0.0006685566,0.010705279,0.9861076,7.0047696e-05
/home/share/Uni_Eval/HAM10000_clean/ISIC2018/ISIC_0031058.jpg,5,5,5.844771e-06,2.15527e-05,0.00059836416,0.0009579781,0.003908916,0.99443734,6.9994094e-05
/home/share/Uni_Eval/HAM10000_clean/ISIC2018/ISIC_0030288.jpg,5,5,1.2062879e-05,4.653611e-05,0.0003256861,0.00025645905,0.0013208892,0.9979639,7.450854e-05
/home/share/Uni_Eval/HAM10000_clean/ISIC2018/ISIC_0030438.jpg,5,5,2.3611961e-05,3.3797493e-05,0.00010117914,1.9563397e-05,0.001493907,0.9983077,2.0311989e-05
/home/share/Uni_Eval/HAM10000_clean/ISIC2018/ISIC_0030212.jpg,5,5,4.9053015e-06,8.483493e-06,0.008761408,1.9709822e-05,5.0878298e-05,0.9911199,3.466671e-05
/home/share/Uni_Eval/HAM10000_clean/ISIC2018/ISIC_0031129.jpg,5,5,4.7928725e-06,0.00012054355,3.477675e-05,3.934819e-05,1.1207239e-05,0.9997807,8.711359e-06
/home/share/Uni_Eval/HAM10000_clean/ISIC2018/ISIC_0029451.jpg,5,5,3.2093216e-05,0.000115707524,0.00024988892,1.5090408e-05,0.0028053483,0.9964497,0.00033219645
/home/share/Uni_Eval/HAM10000_clean/ISIC2018/ISIC_0024622.jpg,5,5,2.8885947e-06,6.3857133e-06,0.00037544078,1.083358e-05,0.00039192964,0.99920434,8.094399e-06
/home/share/Uni_Eval/HAM10000_clean/ISIC2018/ISIC_0025203.jpg,5,5,1.3281633e-06,7.127947e-06,8.3594505e-06,4.2999427e-06,0.0005194857,0.9994241,3.5265766e-05
/home/share/Uni_Eval/HAM10000_clean/ISIC2018/ISIC_0026627.jpg,5,5,5.721518e-06,2.1898692e-05,3.2814376e-05,7.781341e-05,0.00022602784,0.99952734,0.00010838472
/home/share/Uni_Eval/HAM10000_clean/ISIC2018/ISIC_0029487.jpg,5,5,3.328467e-05,1.4781437e-05,0.0012230478,5.7489422e-05,0.0013528756,0.9973111,7.4099758e-06
/home/share/Uni_Eval/HAM10000_clean/ISIC2018/ISIC_0031994.jpg,5,5,9.476343e-06,0.00014750093,0.00023656496,2.826813e-05,0.0014298839,0.9980862,6.205969e-05
/home/share/Uni_Eval/HAM10000_clean/ISIC2018/ISIC_0029186.jpg,5,5,4.0911614e-06,3.813144e-05,0.00015969401,2.6127223e-05,0.00097665,0.99876994,2.538808e-05
/home/share/Uni_Eval/HAM10000_clean/ISIC2018/ISIC_0032286.jpg,5,5,0.00011759326,0.00074022944,0.0006091264,0.0004602231,0.0034849693,0.99457693,1.0923524e-05
/home/share/Uni_Eval/HAM10000_clean/ISIC2018/ISIC_0026160.jpg,5,5,0.00012617842,0.0002256621,0.0011169699,0.0001626774,0.0040422115,0.9942887,3.7621972e-05
/home/share/Uni_Eval/HAM10000_clean/ISIC2018/ISIC_0030476.jpg,5,5,2.0132306e-06,1.3838487e-06,0.00012419952,3.7239727e-06,0.00015892572,0.9997068,2.9248426e-06
/home/share/Uni_Eval/HAM10000_clean/ISIC2018/ISIC_0026047.jpg,5,5,0.0017869035,0.005080082,0.018791806,0.016119773,0.0055048247,0.9515685,0.0011481165
/home/share/Uni_Eval/HAM10000_clean/ISIC2018/ISIC_0031549.jpg,5,5,0.0003246617,0.00022705903,0.0028454054,8.883014e-05,0.0017980901,0.994288,0.00042797325
/home/share/Uni_Eval/HAM10000_clean/ISIC2018/ISIC_0029325.jpg,5,5,8.2061115e-06,1.7440232e-05,0.00042732264,0.00018727467,4.448502e-05,0.9992422,7.316526e-05
/home/share/Uni_Eval/HAM10000_clean/ISIC2018/ISIC_0027923.jpg,5,5,7.178942e-07,6.809398e-06,3.4581502e-05,1.6564545e-05,0.00012413188,0.9997868,3.0442958e-05
/home/share/Uni_Eval/HAM10000_clean/ISIC2018/ISIC_0029283.jpg,5,5,6.354356e-05,0.00025825176,0.0009814843,0.00070161116,0.002662392,0.99162865,0.003704103
/home/share/Uni_Eval/HAM10000_clean/ISIC2018/ISIC_0026721.jpg,5,5,3.8109156e-05,0.0003140311,0.0010107764,0.00011871403,0.0030740246,0.9953099,0.00013443494
/home/share/Uni_Eval/HAM10000_clean/ISIC2018/ISIC_0026997.jpg,5,5,7.710033e-06,3.9757495e-05,0.0008042153,0.00021812577,0.00025984205,0.99864787,2.2509455e-05
/home/share/Uni_Eval/HAM10000_clean/ISIC2018/ISIC_0029709.jpg,5,5,5.4262426e-05,5.034522e-05,0.023430327,0.00026028283,0.005250846,0.97093695,1.6894202e-05
/home/share/Uni_Eval/HAM10000_clean/ISIC2018/ISIC_0030419.jpg,5,5,1.882351e-07,7.523454e-07,4.8238558e-06,2.0505825e-06,6.108492e-05,0.9998442,8.6966436e-05
/home/share/Uni_Eval/HAM10000_clean/ISIC2018/ISIC_0031280.jpg,5,5,0.003767972,0.012064211,0.21452513,0.0001920083,0.0010488527,0.76505977,0.0033420925
/home/share/Uni_Eval/HAM10000_clean/ISIC2018/ISIC_0025110.jpg,5,5,1.2281864e-06,7.5280327e-06,2.3036107e-05,5.237421e-06,0.0012828484,0.99867153,8.671176e-06
/home/share/Uni_Eval/HAM10000_clean/ISIC2018/ISIC_0029421.jpg,5,5,4.739016e-06,3.476738e-05,0.0008705037,7.190976e-05,0.0010098177,0.9979475,6.08726e-05
/home/share/Uni_Eval/HAM10000_clean/ISIC2018/ISIC_0025496.jpg,5,5,8.4362364e-05,0.0007830787,0.019195825,0.00049024145,0.0016789505,0.9776264,0.00014115137
/home/share/Uni_Eval/HAM10000_clean/ISIC2018/ISIC_0030750.jpg,5,5,2.615344e-07,1.0837097e-06,3.5625526e-06,2.2537454e-06,0.0006909628,0.9992976,4.2876145e-06
/home/share/Uni_Eval/HAM10000_clean/ISIC2018/ISIC_0025570.jpg,5,5,7.195319e-05,0.0008137394,0.00010987834,0.0009043027,0.00076138414,0.99709904,0.00023966492
/home/share/Uni_Eval/HAM10000_clean/ISIC2018/ISIC_0025270.jpg,5,5,0.00043212128,0.0007247236,0.049922522,0.0008237106,0.011266582,0.9361299,0.0007004328
/home/share/Uni_Eval/HAM10000_clean/ISIC2018/ISIC_0030788.jpg,5,5,6.452209e-05,1.8742738e-05,0.004092518,0.00060719723,0.00082168676,0.9943895,5.866016e-06
/home/share/Uni_Eval/HAM10000_clean/ISIC2018/ISIC_0026278.jpg,5,5,2.081268e-05,3.5851644e-05,6.2060455e-05,5.915584e-05,0.00025480211,0.9994672,0.000100156816
/home/share/Uni_Eval/HAM10000_clean/ISIC2018/ISIC_0029981.jpg,5,5,0.00025537497,0.0005899895,0.02696,0.006891712,0.000964863,0.96396405,0.00037401883
/home/share/Uni_Eval/HAM10000_clean/ISIC2018/ISIC_0027001.jpg,5,5,9.022047e-06,5.0277404e-06,0.00028308405,4.2883792e-05,7.711857e-05,0.9995621,2.0734476e-05
/home/share/Uni_Eval/HAM10000_clean/ISIC2018/ISIC_0030864.jpg,5,5,1.4587199e-05,8.16504e-05,0.00019817571,4.0079947e-05,0.0032453272,0.9958832,0.00053695973
/home/share/Uni_Eval/HAM10000_clean/ISIC2018/ISIC_0032295.jpg,5,5,6.431959e-05,0.00012309459,0.0008963966,6.748251e-05,0.012821353,0.9859654,6.2012194e-05
/home/share/Uni_Eval/HAM10000_clean/ISIC2018/ISIC_0024810.jpg,5,5,2.9487872e-05,9.5665244e-05,0.0017978827,0.00018914462,0.14532647,0.85242224,0.00013918654
/home/share/Uni_Eval/HAM10000_clean/ISIC2018/ISIC_0024627.jpg,5,5,8.422785e-06,5.279843e-05,0.00033967334,2.2147236e-05,0.001087733,0.9982528,0.00023641002
/home/share/Uni_Eval/HAM10000_clean/ISIC2018/ISIC_0031124.jpg,5,5,0.00010504771,1.2435283e-05,0.00091458723,0.00015099961,0.00022672892,0.9985759,1.4354671e-05
/home/share/Uni_Eval/HAM10000_clean/ISIC2018/ISIC_0024384.jpg,5,5,1.30038125e-05,0.00016165468,0.00016363245,2.3378108e-05,0.00044293024,0.9990897,0.00010576821
/home/share/Uni_Eval/HAM10000_clean/ISIC2018/ISIC_0029234.jpg,5,5,2.0084303e-06,3.1679813e-06,3.5458612e-05,9.170018e-07,5.078069e-05,0.99989927,8.254898e-06
/home/share/Uni_Eval/HAM10000_clean/ISIC2018/ISIC_0031683.jpg,5,5,3.0276094e-06,3.8320595e-06,7.504938e-05,8.435175e-06,0.0004996654,0.99939334,1.6661257e-05
/home/share/Uni_Eval/HAM10000_clean/ISIC2018/ISIC_0027880.jpg,5,5,2.7902017e-05,1.1765535e-05,9.173015e-05,0.00010127761,0.0021591699,0.9975502,5.7937126e-05
/home/share/Uni_Eval/HAM10000_clean/ISIC2018/ISIC_0029718.jpg,5,5,0.001208882,0.0012601591,0.004953925,0.00026951713,0.046207488,0.94604284,5.7206962e-05
/home/share/Uni_Eval/HAM10000_clean/ISIC2018/ISIC_0029076.jpg,5,2,0.0051214513,0.053382386,0.47830594,0.0088310065,0.03371919,0.41809696,0.0025430801
/home/share/Uni_Eval/HAM10000_clean/ISIC2018/ISIC_0030017.jpg,5,5,3.582276e-05,6.40053e-05,0.0031871013,8.170132e-05,0.0011008893,0.9954755,5.5148186e-05
/home/share/Uni_Eval/HAM10000_clean/ISIC2018/ISIC_0028893.jpg,5,5,5.20015e-05,0.00023559063,0.0045889434,1.0839505e-05,0.003864357,0.9911471,0.00010120102
/home/share/Uni_Eval/HAM10000_clean/ISIC2018/ISIC_0030078.jpg,5,5,9.05843e-05,2.5304344e-05,0.005627568,0.0014118747,0.00020456947,0.9925001,0.00013994532
/home/share/Uni_Eval/HAM10000_clean/ISIC2018/ISIC_0028434.jpg,5,5,1.5005138e-05,1.6791599e-05,0.0005688645,1.9878202e-05,0.00085196615,0.9985065,2.093554e-05
/home/share/Uni_Eval/HAM10000_clean/ISIC2018/ISIC_0024966.jpg,5,5,1.2923638e-06,8.742929e-07,4.1277763e-05,7.725166e-05,1.27556605e-05,0.9998585,8.107435e-06
/home/share/Uni_Eval/HAM10000_clean/ISIC2018/ISIC_0031873.jpg,5,5,1.1701094e-05,0.00011360958,0.00020267938,0.0002043259,0.00013636622,0.9992812,5.0111103e-05
/home/share/Uni_Eval/HAM10000_clean/ISIC2018/ISIC_0024722.jpg,5,5,5.5178854e-05,0.00021329074,0.0073324894,0.0005915273,0.0018403005,0.98984843,0.00011870275
/home/share/Uni_Eval/HAM10000_clean/ISIC2018/ISIC_0027699.jpg,5,5,1.3581233e-05,0.0001937284,0.0013775184,9.504871e-05,0.00082518475,0.9973531,0.00014199868
/home/share/Uni_Eval/HAM10000_clean/ISIC2018/ISIC_0032438.jpg,5,5,1.7207054e-05,6.6340185e-06,0.0002540184,2.8950568e-05,0.0016587941,0.9980259,8.510023e-06
/home/share/Uni_Eval/HAM10000_clean/ISIC2018/ISIC_0029765.jpg,5,5,2.171893e-05,9.914305e-06,0.00040635353,6.127136e-05,0.0008472642,0.99862885,2.4645955e-05
/home/share/Uni_Eval/HAM10000_clean/ISIC2018/ISIC_0025010.jpg,5,5,4.366984e-05,0.00019467737,0.0003007064,0.00017813001,0.004068755,0.9951715,4.2549535e-05
/home/share/Uni_Eval/HAM10000_clean/ISIC2018/ISIC_0028569.jpg,5,5,4.0235088e-07,2.1881155e-07,2.3268682e-05,1.1599227e-05,0.00015864056,0.99976677,3.9159564e-05
/home/share/Uni_Eval/HAM10000_clean/ISIC2018/ISIC_0031788.jpg,5,5,0.00011312076,0.0006078625,0.00014095557,0.0007253219,0.0062607713,0.9918637,0.00028832842
/home/share/Uni_Eval/HAM10000_clean/ISIC2018/ISIC_0031628.jpg,5,5,6.0353665e-05,9.219156e-05,0.0020465215,0.00041762213,0.012895357,0.9844178,7.010575e-05
/home/share/Uni_Eval/HAM10000_clean/ISIC2018/ISIC_0031859.jpg,5,5,0.00045357703,0.0033791778,0.00014476592,0.00013594469,0.0051427386,0.99001056,0.0007331781
/home/share/Uni_Eval/HAM10000_clean/ISIC2018/ISIC_0028333.jpg,5,5,0.0024589547,0.02526735,0.0062614004,0.031725243,0.0098611675,0.9171804,0.0072455327
/home/share/Uni_Eval/HAM10000_clean/ISIC2018/ISIC_0027792.jpg,5,5,0.00039297264,0.00062549463,0.006144571,0.00027510733,0.0031906143,0.9879667,0.0014044938
/home/share/Uni_Eval/HAM10000_clean/ISIC2018/ISIC_0029078.jpg,5,5,0.00012716747,5.9812417e-05,0.009541886,0.0001716637,0.00043099496,0.98959106,7.7432924e-05
/home/share/Uni_Eval/HAM10000_clean/ISIC2018/ISIC_0027830.jpg,5,5,5.9311753e-07,2.8976956e-07,7.585692e-05,7.5320054e-06,0.00018756084,0.9997104,1.7822604e-05
/home/share/Uni_Eval/HAM10000_clean/ISIC2018/ISIC_0026534.jpg,5,5,1.3850945e-05,1.1596916e-05,0.00028356686,0.00074493495,0.0005760277,0.9983302,3.9899565e-05
/home/share/Uni_Eval/HAM10000_clean/ISIC2018/ISIC_0027396.jpg,5,5,2.4688907e-06,1.5734674e-06,2.7407827e-05,2.3863631e-06,0.00039029305,0.9995486,2.7208054e-05
/home/share/Uni_Eval/HAM10000_clean/ISIC2018/ISIC_0029901.jpg,5,5,3.3969723e-06,9.808479e-06,0.00035918597,2.421954e-05,0.002728758,0.99674606,0.0001285317
/home/share/Uni_Eval/HAM10000_clean/ISIC2018/ISIC_0031425.jpg,5,5,3.3623687e-07,1.2661348e-05,1.3749138e-05,4.155221e-06,0.00023380948,0.9995479,0.0001873861
/home/share/Uni_Eval/HAM10000_clean/ISIC2018/ISIC_0024802.jpg,5,5,7.662398e-05,0.00020114167,0.0011481185,4.873579e-05,0.0003513221,0.99799573,0.000178246
/home/share/Uni_Eval/HAM10000_clean/ISIC2018/ISIC_0030638.jpg,5,5,0.00043529912,5.1238916e-05,0.00023092006,0.0024114551,0.00033493008,0.9963008,0.00023534974
/home/share/Uni_Eval/HAM10000_clean/ISIC2018/ISIC_0030983.jpg,5,5,8.431439e-06,3.201628e-05,0.0010787456,0.00041685184,0.0005723758,0.9974027,0.000488835
/home/share/Uni_Eval/HAM10000_clean/ISIC2018/ISIC_0026379.jpg,5,5,2.9858315e-06,1.3750284e-06,0.00019815163,3.628068e-05,0.0005077127,0.9992524,9.308346e-07
/home/share/Uni_Eval/HAM10000_clean/ISIC2018/ISIC_0024912.jpg,5,5,7.217445e-07,2.6147322e-06,4.2252675e-05,8.495758e-07,0.0011793416,0.99877363,6.3317873e-07
/home/share/Uni_Eval/HAM10000_clean/ISIC2018/ISIC_0032431.jpg,5,5,1.2892675e-05,8.491923e-05,0.0023163962,0.008647607,0.0006738488,0.9881412,0.0001231617
/home/share/Uni_Eval/HAM10000_clean/ISIC2018/ISIC_0029842.jpg,5,5,1.6650298e-05,1.4645164e-05,0.00010916934,2.5619149e-05,0.00022607947,0.9991561,0.0004516769
/home/share/Uni_Eval/HAM10000_clean/ISIC2018/ISIC_0031641.jpg,5,5,3.7150167e-07,2.1640693e-05,1.9950434e-05,2.1814885e-06,0.000288314,0.99965894,8.594711e-06
/home/share/Uni_Eval/HAM10000_clean/ISIC2018/ISIC_0031512.jpg,5,5,4.5797087e-06,0.00029637507,0.0012647356,0.00087420567,0.00030922942,0.99636495,0.0008859795
/home/share/Uni_Eval/HAM10000_clean/ISIC2018/ISIC_0025037.jpg,5,5,0.00034804904,0.00024246862,0.0016087289,0.0009902356,0.0022169854,0.99456465,2.8934424e-05
/home/share/Uni_Eval/HAM10000_clean/ISIC2018/ISIC_0031205.jpg,5,5,0.00069867464,0.06667112,0.017693369,0.00032883507,0.024831355,0.8872526,0.002524069
/home/share/Uni_Eval/HAM10000_clean/ISIC2018/ISIC_0025233.jpg,5,5,8.657185e-06,9.221275e-06,0.0003789567,4.0803094e-05,0.00026308143,0.9990113,0.00028799538
/home/share/Uni_Eval/HAM10000_clean/ISIC2018/ISIC_0029863.jpg,5,5,6.360161e-07,2.0435205e-07,1.16449955e-05,3.0153344e-06,9.120822e-05,0.99984336,4.9931055e-05
/home/share/Uni_Eval/HAM10000_clean/ISIC2018/ISIC_0027095.jpg,5,5,4.031468e-05,0.00037911854,0.0007267482,0.0003227016,0.004681735,0.9894791,0.0043702624
/home/share/Uni_Eval/HAM10000_clean/ISIC2018/ISIC_0026197.jpg,5,5,0.00010522221,0.0007387069,0.020703958,3.833485e-05,0.0057595028,0.97248036,0.00017390335
/home/share/Uni_Eval/HAM10000_clean/ISIC2018/ISIC_0028722.jpg,5,5,9.1403845e-06,5.9110316e-05,0.00070753146,4.504112e-05,0.014017456,0.98512936,3.23305e-05
/home/share/Uni_Eval/HAM10000_clean/ISIC2018/ISIC_0025232.jpg,5,5,1.2484749e-05,4.2800435e-05,0.0019990501,7.7524935e-05,0.005374968,0.9924844,8.775653e-06
/home/share/Uni_Eval/HAM10000_clean/ISIC2018/ISIC_0029551.jpg,5,5,6.3956904e-06,1.2124301e-05,0.00016537924,0.00025409652,0.0007044982,0.9987766,8.09218e-05
/home/share/Uni_Eval/HAM10000_clean/ISIC2018/ISIC_0032297.jpg,5,5,1.4940638e-05,0.000112396745,0.00034227216,0.00029383495,0.0068858513,0.99207956,0.00027118853
/home/share/Uni_Eval/HAM10000_clean/ISIC2018/ISIC_0024978.jpg,5,5,0.00030165876,0.0009396539,0.008027049,0.0029369479,0.0003405269,0.9852858,0.0021683234
/home/share/Uni_Eval/HAM10000_clean/ISIC2018/ISIC_0025889.jpg,5,5,1.2168169e-05,3.0658033e-05,0.0006745134,0.00011160768,6.366794e-05,0.9989662,0.00014121416
/home/share/Uni_Eval/HAM10000_clean/ISIC2018/ISIC_0030708.jpg,5,5,3.505882e-06,3.4895038e-06,0.0007223404,0.00033612477,0.0006159655,0.9982516,6.697522e-05
/home/share/Uni_Eval/HAM10000_clean/ISIC2018/ISIC_0026542.jpg,5,5,0.0045658518,0.0028898257,0.017718239,0.0007023803,0.0019431869,0.97172326,0.00045730246
/home/share/Uni_Eval/HAM10000_clean/ISIC2018/ISIC_0025459.jpg,5,5,1.8054672e-06,4.1937155e-06,2.6717005e-05,5.3895357e-05,0.0004463383,0.9993767,9.0493035e-05
/home/share/Uni_Eval/HAM10000_clean/ISIC2018/ISIC_0029256.jpg,5,5,0.00017205591,7.4798256e-05,0.0012184231,4.6697154e-05,0.0019670553,0.9962412,0.0002797384
/home/share/Uni_Eval/HAM10000_clean/ISIC2018/ISIC_0024527.jpg,5,5,0.0001097158,0.0006959029,0.0042666392,0.00057198113,0.0021951613,0.9920868,7.3871524e-05
/home/share/Uni_Eval/HAM10000_clean/ISIC2018/ISIC_0029910.jpg,5,5,0.0028209523,0.0050250487,0.19052593,0.013919738,0.007817326,0.7783561,0.0015349074
/home/share/Uni_Eval/HAM10000_clean/ISIC2018/ISIC_0025464.jpg,5,5,1.9716924e-06,9.83493e-06,5.714699e-05,1.2208978e-05,0.00032049266,0.99911565,0.00048263947
/home/share/Uni_Eval/HAM10000_clean/ISIC2018/ISIC_0029124.jpg,5,5,1.6165393e-05,0.00014916601,0.00028757652,0.00043435933,6.116835e-05,0.9990237,2.7891208e-05
/home/share/Uni_Eval/HAM10000_clean/ISIC2018/ISIC_0031265.jpg,5,5,1.7229091e-06,3.549094e-06,0.0005354561,3.076065e-05,0.004602706,0.994822,3.7478897e-06
/home/share/Uni_Eval/HAM10000_clean/ISIC2018/ISIC_0027499.jpg,5,5,9.419785e-06,4.577045e-06,0.0003088094,0.00010603557,0.00072374626,0.9988337,1.3679277e-05
/home/share/Uni_Eval/HAM10000_clean/ISIC2018/ISIC_0025344.jpg,5,5,1.4370016e-06,9.447519e-07,1.7154078e-05,2.6225884e-05,0.00021266105,0.99973446,7.0535875e-06
/home/share/Uni_Eval/HAM10000_clean/ISIC2018/ISIC_0031047.jpg,5,5,4.0855202e-06,1.2340132e-05,0.00066045485,2.2441924e-05,0.0065423744,0.99267465,8.366583e-05
/home/share/Uni_Eval/HAM10000_clean/ISIC2018/ISIC_0025595.jpg,5,5,8.502851e-06,3.0733263e-06,3.3599197e-05,6.5375675e-06,0.00024736143,0.99968624,1.4644077e-05
/home/share/Uni_Eval/HAM10000_clean/ISIC2018/ISIC_0026732.jpg,5,5,6.2884654e-05,0.00018824573,0.00029260304,0.00025316016,0.000257597,0.9988965,4.9005223e-05
/home/share/Uni_Eval/HAM10000_clean/ISIC2018/ISIC_0027635.jpg,5,5,1.8107203e-06,0.00011271844,2.85067e-05,1.9864287e-05,0.0015127873,0.9983026,2.175366e-05
/home/share/Uni_Eval/HAM10000_clean/ISIC2018/ISIC_0029280.jpg,5,5,0.00027673866,0.00089182693,0.0013921807,0.002944705,0.0012199156,0.9931403,0.00013425938
/home/share/Uni_Eval/HAM10000_clean/ISIC2018/ISIC_0032472.jpg,5,5,1.1496317e-06,5.92832e-07,2.9393477e-05,3.5789653e-05,0.0004050567,0.9995103,1.7725546e-05
/home/share/Uni_Eval/HAM10000_clean/ISIC2018/ISIC_0028433.jpg,5,5,1.1122846e-05,4.116127e-05,0.00044186285,0.00013600387,5.918611e-06,0.99918026,0.00018353653
/home/share/Uni_Eval/HAM10000_clean/ISIC2018/ISIC_0030439.jpg,5,5,0.0012922145,0.0007584658,0.0018335932,0.00040145512,0.015308964,0.98037463,3.068419e-05
/home/share/Uni_Eval/HAM10000_clean/ISIC2018/ISIC_0027726.jpg,5,5,3.1294458e-05,0.00029274498,0.0047795186,0.0026736087,0.00038714154,0.98397714,0.007858451
/home/share/Uni_Eval/HAM10000_clean/ISIC2018/ISIC_0030343.jpg,5,5,0.00036775277,0.00364271,0.0003235771,0.0014096102,0.091074996,0.8910238,0.0121574355
/home/share/Uni_Eval/HAM10000_clean/ISIC2018/ISIC_0025679.jpg,5,5,0.006206332,0.0071654757,0.006709688,0.007353534,0.00092673773,0.97144634,0.00019193058
/home/share/Uni_Eval/HAM10000_clean/ISIC2018/ISIC_0031737.jpg,5,5,0.003984304,0.086537324,0.0033107928,0.008747026,0.0024342046,0.894448,0.00053845585
/home/share/Uni_Eval/HAM10000_clean/ISIC2018/ISIC_0025187.jpg,5,5,2.1434007e-05,6.560222e-06,0.0020818312,4.018271e-05,0.001067284,0.99678016,2.5131083e-06
/home/share/Uni_Eval/HAM10000_clean/ISIC2018/ISIC_0024751.jpg,5,5,9.864192e-05,0.00010837633,0.00064477033,0.00010592365,0.0037097235,0.9952657,6.684274e-05
/home/share/Uni_Eval/HAM10000_clean/ISIC2018/ISIC_0030749.jpg,5,5,1.2829283e-07,9.598161e-07,3.752795e-05,6.7920614e-06,0.0006554717,0.99928635,1.2796926e-05
/home/share/Uni_Eval/HAM10000_clean/ISIC2018/ISIC_0025864.jpg,5,5,3.100695e-05,0.00016881007,0.0009815085,8.523221e-06,0.004185889,0.99419075,0.00043351433
/home/share/Uni_Eval/HAM10000_clean/ISIC2018/ISIC_0025688.jpg,5,5,1.9032183e-05,6.126442e-06,0.00018413714,2.490312e-05,0.00044694936,0.99931157,7.321428e-06
/home/share/Uni_Eval/HAM10000_clean/ISIC2018/ISIC_0030948.jpg,5,5,5.706776e-07,2.737755e-05,9.485541e-06,3.464254e-05,0.0008848688,0.9984035,0.00063961616
/home/share/Uni_Eval/HAM10000_clean/ISIC2018/ISIC_0027413.jpg,5,5,3.0794586e-06,6.0878607e-05,1.0145223e-05,7.806932e-05,0.0008414141,0.998602,0.00040442374
/home/share/Uni_Eval/HAM10000_clean/ISIC2018/ISIC_0026294.jpg,5,5,2.749387e-06,4.1539115e-05,1.0495094e-05,3.2012857e-05,0.00022901072,0.9995622,0.000121885045
/home/share/Uni_Eval/HAM10000_clean/ISIC2018/ISIC_0029327.jpg,5,5,5.0178787e-05,0.00041411814,0.0005679598,0.00043799475,0.005603959,0.992861,6.478623e-05
/home/share/Uni_Eval/HAM10000_clean/ISIC2018/ISIC_0029796.jpg,5,5,4.7199574e-06,0.000102294245,4.1072148e-05,5.901002e-05,0.0009175546,0.9988422,3.319358e-05
/home/share/Uni_Eval/HAM10000_clean/ISIC2018/ISIC_0024533.jpg,5,5,1.2478733e-06,0.00012633562,0.00015318733,2.2945964e-05,0.0025053169,0.99696594,0.00022507588
/home/share/Uni_Eval/HAM10000_clean/ISIC2018/ISIC_0028620.jpg,5,5,3.4665902e-06,1.0161375e-05,0.00014720706,3.8853137e-05,0.00094519346,0.99884003,1.5216282e-05
/home/share/Uni_Eval/HAM10000_clean/ISIC2018/ISIC_0032332.jpg,5,5,8.8410125e-06,5.1677653e-05,4.0909556e-05,4.332753e-05,6.546101e-05,0.9997446,4.512489e-05
/home/share/Uni_Eval/HAM10000_clean/ISIC2018/ISIC_0025705.jpg,5,5,2.3628868e-06,1.8444683e-06,3.8976574e-05,3.2794534e-05,0.00078670227,0.9991335,3.9113324e-06
/home/share/Uni_Eval/HAM10000_clean/ISIC2018/ISIC_0030004.jpg,5,5,0.0032256122,0.0018953321,0.0004267054,0.005180122,0.01928784,0.96935004,0.00063430937
/home/share/Uni_Eval/HAM10000_clean/ISIC2018/ISIC_0031445.jpg,5,5,2.3512617e-05,5.6956484e-05,0.0004284766,0.00024283538,0.0016444577,0.99735415,0.00024965176
/home/share/Uni_Eval/HAM10000_clean/ISIC2018/ISIC_0025050.jpg,5,5,0.00017081489,3.7852602e-05,0.0019501162,0.0017605464,0.0007458206,0.9953317,3.106689e-06
/home/share/Uni_Eval/HAM10000_clean/ISIC2018/ISIC_0024681.jpg,5,5,2.3774437e-06,9.265911e-08,0.00054490933,9.547646e-05,0.00016549104,0.99918693,4.625924e-06
/home/share/Uni_Eval/HAM10000_clean/ISIC2018/ISIC_0029707.jpg,5,5,2.2223198e-06,2.0469703e-05,2.9541096e-05,7.838058e-05,0.0035337356,0.99627364,6.207473e-05
/home/share/Uni_Eval/HAM10000_clean/ISIC2018/ISIC_0028240.jpg,5,5,0.0002990083,0.0032298781,0.00022098831,0.0002391553,0.007645967,0.9872829,0.0010821238
/home/share/Uni_Eval/HAM10000_clean/ISIC2018/ISIC_0026325.jpg,5,5,4.7751346e-05,3.4683366e-05,0.00015982553,0.00018325188,0.0065947087,0.99295115,2.8642078e-05
/home/share/Uni_Eval/HAM10000_clean/ISIC2018/ISIC_0029817.jpg,5,5,1.6989995e-06,2.7243932e-06,4.399943e-05,6.0485568e-06,0.00035609232,0.999569,2.0384992e-05
/home/share/Uni_Eval/HAM10000_clean/ISIC2018/ISIC_0030530.jpg,5,5,1.7252181e-06,6.6997018e-06,1.8696954e-05,0.00012309958,3.5514808e-05,0.99977285,4.1405394e-05
/home/share/Uni_Eval/HAM10000_clean/ISIC2018/ISIC_0028421.jpg,5,5,1.6017617e-05,8.347387e-05,1.6446702e-05,4.056805e-05,9.264581e-05,0.99943656,0.0003142095
/home/share/Uni_Eval/HAM10000_clean/ISIC2018/ISIC_0029445.jpg,5,5,0.00027420305,0.0013480505,0.047263633,0.004994366,0.01533771,0.9282971,0.00248485
/home/share/Uni_Eval/HAM10000_clean/ISIC2018/ISIC_0031315.jpg,5,5,9.180568e-06,6.114996e-05,0.00018908441,0.0003993042,9.074343e-05,0.999215,3.560297e-05
/home/share/Uni_Eval/HAM10000_clean/ISIC2018/ISIC_0031224.jpg,5,5,6.209855e-06,2.642394e-06,0.00019725913,3.288339e-05,0.0024650316,0.9972108,8.519879e-05
/home/share/Uni_Eval/HAM10000_clean/ISIC2018/ISIC_0030317.jpg,5,5,1.2821915e-05,3.1626747e-05,0.00042978625,2.9022334e-05,0.00048400162,0.99791557,0.0010971247
/home/share/Uni_Eval/HAM10000_clean/ISIC2018/ISIC_0026375.jpg,5,5,2.4351098e-06,0.00017577416,2.5579564e-05,2.0050535e-05,0.00037478915,0.9990299,0.00037150612
/home/share/Uni_Eval/HAM10000_clean/ISIC2018/ISIC_0030515.jpg,5,5,4.405948e-06,1.1466214e-05,1.5580628e-05,6.725781e-06,0.00060697965,0.9993389,1.5975094e-05
/home/share/Uni_Eval/HAM10000_clean/ISIC2018/ISIC_0029461.jpg,5,5,0.00012437152,1.4224813e-05,0.008184785,0.0031305475,0.004313276,0.9841339,9.892565e-05
/home/share/Uni_Eval/HAM10000_clean/ISIC2018/ISIC_0032458.jpg,5,5,2.257996e-06,3.2610726e-06,6.488749e-05,7.4159225e-06,0.000121506004,0.99925154,0.00054913515
/home/share/Uni_Eval/HAM10000_clean/ISIC2018/ISIC_0026447.jpg,5,5,0.0001322115,2.9743246e-06,5.8164707e-05,0.00010448602,0.00036645823,0.99933344,2.2319832e-06
/home/share/Uni_Eval/HAM10000_clean/ISIC2018/ISIC_0029643.jpg,5,5,7.5199847e-07,7.014947e-07,4.7597958e-05,2.8037868e-05,4.776553e-05,0.99985313,2.1950185e-05
/home/share/Uni_Eval/HAM10000_clean/ISIC2018/ISIC_0026837.jpg,5,5,7.9527933e-07,8.0814725e-06,2.8456769e-05,2.328793e-05,0.0014355223,0.9984871,1.6629045e-05
/home/share/Uni_Eval/HAM10000_clean/ISIC2018/ISIC_0032480.jpg,5,5,8.692598e-05,1.4626272e-06,0.0022882635,0.00020228888,0.0010581,0.99635386,9.105921e-06
/home/share/Uni_Eval/HAM10000_clean/ISIC2018/ISIC_0026971.jpg,5,5,3.334537e-06,8.9264114e-07,6.553007e-05,1.3895429e-05,0.0009029421,0.9990103,3.0275057e-06
/home/share/Uni_Eval/HAM10000_clean/ISIC2018/ISIC_0030027.jpg,5,5,0.00025021046,0.032725044,0.0004801366,0.008182567,0.0039309757,0.9148283,0.03960267
/home/share/Uni_Eval/HAM10000_clean/ISIC2018/ISIC_0030702.jpg,5,5,5.313175e-06,3.3696495e-05,0.000183976,1.1955773e-05,0.0070718373,0.99253017,0.00016297879
/home/share/Uni_Eval/HAM10000_clean/ISIC2018/ISIC_0027196.jpg,5,5,6.552636e-05,0.00011971564,0.0022220449,8.229717e-05,0.00517567,0.9923281,6.588223e-06
/home/share/Uni_Eval/HAM10000_clean/ISIC2018/ISIC_0031732.jpg,5,5,3.6756464e-06,1.5918054e-05,6.7805806e-05,2.6371488e-05,0.0015642906,0.99830866,1.3193133e-05
/home/share/Uni_Eval/HAM10000_clean/ISIC2018/ISIC_0027168.jpg,5,5,5.4919783e-05,1.8921359e-05,0.00044849707,0.000121470344,0.00020732757,0.99914694,1.9322456e-06
/home/share/Uni_Eval/HAM10000_clean/ISIC2018/ISIC_0028257.jpg,5,5,2.3842657e-07,1.8866123e-06,1.51535805e-05,2.9864593e-06,0.0007092381,0.9992575,1.3017997e-05
/home/share/Uni_Eval/HAM10000_clean/ISIC2018/ISIC_0025329.jpg,5,5,0.0012112755,0.002311966,0.002214452,0.0028796846,0.005548684,0.9857895,4.4453267e-05
/home/share/Uni_Eval/HAM10000_clean/ISIC2018/ISIC_0029834.jpg,5,5,2.99617e-05,0.00011582875,0.00084527023,0.00016666793,0.012122028,0.9866861,3.405531e-05
/home/share/Uni_Eval/HAM10000_clean/ISIC2018/ISIC_0025279.jpg,5,5,1.4565746e-05,1.2493998e-05,0.00022411896,0.000118465156,0.0008338667,0.9987801,1.6381255e-05
/home/share/Uni_Eval/HAM10000_clean/ISIC2018/ISIC_0030595.jpg,5,5,0.00026600432,0.0011766101,0.0004978236,0.0005424565,0.0012219406,0.9960353,0.0002598584
/home/share/Uni_Eval/HAM10000_clean/ISIC2018/ISIC_0030651.jpg,5,5,7.958631e-05,8.465587e-05,0.00073726213,0.00020271528,0.00057427835,0.9980933,0.0002281094
/home/share/Uni_Eval/HAM10000_clean/ISIC2018/ISIC_0027516.jpg,5,5,0.00013262562,0.0015153929,0.0042022993,0.00033544315,0.001735292,0.9918955,0.00018342595
/home/share/Uni_Eval/HAM10000_clean/ISIC2018/ISIC_0031241.jpg,5,5,7.530406e-05,0.00069432816,0.00048445,0.00050042215,0.003716283,0.99443936,8.986391e-05
/home/share/Uni_Eval/HAM10000_clean/ISIC2018/ISIC_0029873.jpg,5,5,0.00060293026,0.0019945991,0.021834368,0.0001224181,0.0073590917,0.96795267,0.00013383642
/home/share/Uni_Eval/HAM10000_clean/ISIC2018/ISIC_0024389.jpg,5,5,0.0003452991,0.00090542476,0.0033688622,0.0015448375,0.03179225,0.96084434,0.0011990502
/home/share/Uni_Eval/HAM10000_clean/ISIC2018/ISIC_0029658.jpg,5,5,0.00028830458,3.0925243e-05,0.0002280031,5.5698256e-05,0.0019304497,0.9974522,1.4413001e-05
/home/share/Uni_Eval/HAM10000_clean/ISIC2018/ISIC_0027995.jpg,5,5,0.000104594976,0.0009149244,0.0011339069,0.0023663715,0.012993385,0.982385,0.000101725476
/home/share/Uni_Eval/HAM10000_clean/ISIC2018/ISIC_0031740.jpg,5,5,0.00029442136,0.0002321175,0.00217805,7.5202086e-05,0.006258823,0.9908981,6.332053e-05
/home/share/Uni_Eval/HAM10000_clean/ISIC2018/ISIC_0028532.jpg,5,5,3.0404226e-05,0.000134789,0.00019753215,0.0005503486,0.0010258747,0.99803406,2.695194e-05
/home/share/Uni_Eval/HAM10000_clean/ISIC2018/ISIC_0026719.jpg,5,5,1.6440974e-05,7.0680166e-05,1.0523728e-05,0.00025498215,0.0006870338,0.9988103,0.00015010683
/home/share/Uni_Eval/HAM10000_clean/ISIC2018/ISIC_0029037.jpg,5,5,3.4533057e-06,1.1054382e-05,0.00013420929,6.833292e-05,0.0031038728,0.99664575,3.3331147e-05
/home/share/Uni_Eval/HAM10000_clean/ISIC2018/ISIC_0031193.jpg,5,5,2.843468e-07,2.7173103e-06,4.386207e-05,0.00011038212,0.00015783367,0.9996294,5.554116e-05
/home/share/Uni_Eval/HAM10000_clean/ISIC2018/ISIC_0030934.jpg,5,5,4.460976e-06,3.1717034e-06,0.0004418553,0.00047559,0.00034873773,0.99869317,3.2963566e-05
/home/share/Uni_Eval/HAM10000_clean/ISIC2018/ISIC_0028530.jpg,5,5,1.9219131e-07,6.619988e-07,5.188062e-05,8.101198e-06,0.00013502111,0.99976593,3.8114933e-05
/home/share/Uni_Eval/HAM10000_clean/ISIC2018/ISIC_0028959.jpg,5,5,7.3434654e-05,5.1020805e-05,0.0011290632,0.00022670648,0.00022654654,0.99819046,0.00010271093
/home/share/Uni_Eval/HAM10000_clean/ISIC2018/ISIC_0028754.jpg,5,5,1.860812e-05,1.536521e-05,0.0050434717,1.5341117e-06,0.06642046,0.9280108,0.0004897176
/home/share/Uni_Eval/HAM10000_clean/ISIC2018/ISIC_0032353.jpg,5,5,3.2442425e-05,5.5250668e-05,0.0012723103,0.00015030181,0.0015642747,0.99687374,5.1561554e-05
/home/share/Uni_Eval/HAM10000_clean/ISIC2018/ISIC_0029579.jpg,5,5,6.8668123e-07,7.119049e-06,2.9779882e-05,1.7363296e-05,0.0010770125,0.99884963,1.8344508e-05
/home/share/Uni_Eval/HAM10000_clean/ISIC2018/ISIC_0032001.jpg,5,5,9.3583395e-07,2.9804613e-07,2.7224121e-05,1.0263017e-05,0.0006824739,0.99922264,5.607836e-05
/home/share/Uni_Eval/HAM10000_clean/ISIC2018/ISIC_0027894.jpg,5,5,2.6934147e-05,7.954581e-05,0.00021105209,6.454909e-05,0.0024616402,0.997145,1.1331023e-05
/home/share/Uni_Eval/HAM10000_clean/ISIC2018/ISIC_0026763.jpg,5,5,6.9823254e-05,1.3806723e-05,0.0042408835,0.00017908074,0.0041002333,0.9911146,0.00028149696
/home/share/Uni_Eval/HAM10000_clean/ISIC2018/ISIC_0031432.jpg,5,5,1.1534181e-07,6.378719e-07,2.3670182e-06,1.4047396e-06,0.0007348306,0.9992495,1.1092822e-05
/home/share/Uni_Eval/HAM10000_clean/ISIC2018/ISIC_0030780.jpg,5,5,6.215742e-05,7.7643526e-05,0.00026697866,5.7414883e-05,0.0035107106,0.99598384,4.122983e-05
/home/share/Uni_Eval/HAM10000_clean/ISIC2018/ISIC_0025787.jpg,5,5,1.2343036e-05,3.3119522e-05,0.00032679725,0.00013129743,0.00034736452,0.9991203,2.8814095e-05
/home/share/Uni_Eval/HAM10000_clean/ISIC2018/ISIC_0028286.jpg,5,5,9.732073e-07,3.2513924e-06,3.4216832e-06,8.820712e-06,0.00014785577,0.9995735,0.0002622155
/home/share/Uni_Eval/HAM10000_clean/ISIC2018/ISIC_0031911.jpg,5,5,1.898948e-05,0.00011380939,0.0002430716,7.5547546e-06,0.012347192,0.98706716,0.00020232933
/home/share/Uni_Eval/HAM10000_clean/ISIC2018/ISIC_0025138.jpg,5,5,0.00030472374,0.00014202452,0.00110385,0.00019399535,0.0040380335,0.9941954,2.2041362e-05
/home/share/Uni_Eval/HAM10000_clean/ISIC2018/ISIC_0026797.jpg,5,5,0.0009069714,0.00046819553,0.0012210135,0.0031601242,0.0035539246,0.9873661,0.003323685
/home/share/Uni_Eval/HAM10000_clean/ISIC2018/ISIC_0027464.jpg,5,5,3.2575836e-06,1.4250962e-05,0.00057311886,0.00015312624,0.0029925331,0.9960477,0.0002159424
/home/share/Uni_Eval/HAM10000_clean/ISIC2018/ISIC_0027241.jpg,5,5,2.0317602e-05,6.781799e-06,0.00024633738,3.995948e-05,0.00012138357,0.99954885,1.6370912e-05
/home/share/Uni_Eval/HAM10000_clean/ISIC2018/ISIC_0031242.jpg,5,5,2.6739894e-05,2.5021778e-05,0.0006470854,7.4989125e-06,0.0058303652,0.99256825,0.0008951175
/home/share/Uni_Eval/HAM10000_clean/ISIC2018/ISIC_0030224.jpg,5,5,3.3697175e-05,5.4810214e-05,0.0017857912,0.0001810274,0.0018183136,0.9961138,1.2584571e-05
/home/share/Uni_Eval/HAM10000_clean/ISIC2018/ISIC_0025220.jpg,5,5,1.094121e-05,8.563372e-05,0.000493143,0.00030030566,0.00073713285,0.99763906,0.0007338072
/home/share/Uni_Eval/HAM10000_clean/ISIC2018/ISIC_0026408.jpg,5,5,8.071255e-06,2.5463419e-06,0.00022663515,3.5512985e-05,0.00058872456,0.9991239,1.4692773e-05
/home/share/Uni_Eval/HAM10000_clean/ISIC2018/ISIC_0030496.jpg,5,5,0.00060013816,0.010295882,0.002591043,0.0033599893,0.0018815917,0.97998834,0.0012830778
/home/share/Uni_Eval/HAM10000_clean/ISIC2018/ISIC_0027733.jpg,5,5,2.0254754e-06,6.622772e-06,0.00014875291,2.243964e-05,0.00015014151,0.9996118,5.8182577e-05
/home/share/Uni_Eval/HAM10000_clean/ISIC2018/ISIC_0028590.jpg,5,5,6.948308e-05,0.000118269585,0.002951601,0.00051673065,0.0005202904,0.9956867,0.00013694493
/home/share/Uni_Eval/HAM10000_clean/ISIC2018/ISIC_0031161.jpg,5,5,0.002030917,0.003124602,0.0023907877,0.0003071163,0.0030741785,0.98883283,0.00023966374
/home/share/Uni_Eval/HAM10000_clean/ISIC2018/ISIC_0027314.jpg,5,5,0.0026680469,0.00023407077,0.027519286,0.0012754975,0.00787708,0.9604048,2.1248004e-05
/home/share/Uni_Eval/HAM10000_clean/ISIC2018/ISIC_0030571.jpg,5,5,2.2783557e-05,6.8284375e-05,0.000608577,0.00087247393,0.0013760419,0.9970059,4.592001e-05
/home/share/Uni_Eval/HAM10000_clean/ISIC2018/ISIC_0026873.jpg,5,5,4.5689274e-05,1.26771965e-05,0.00054085394,0.00016868758,0.004678278,0.9945234,3.0389909e-05
/home/share/Uni_Eval/HAM10000_clean/ISIC2018/ISIC_0032506.jpg,5,5,1.4488644e-05,5.2676505e-06,5.972205e-05,0.0005187829,8.676581e-05,0.9992924,2.2621114e-05
/home/share/Uni_Eval/HAM10000_clean/ISIC2018/ISIC_0024359.jpg,5,5,0.00072134787,0.0013612218,0.0018604948,0.0001276188,0.014486152,0.9809316,0.00051157025
/home/share/Uni_Eval/HAM10000_clean/ISIC2018/ISIC_0031420.jpg,5,5,0.000106855994,4.2302745e-05,0.016844492,0.0004929416,0.0010366358,0.9814228,5.4008706e-05
/home/share/Uni_Eval/HAM10000_clean/ISIC2018/ISIC_0026785.jpg,5,5,0.00021848304,0.000654824,0.0012826012,0.000886088,0.0007677815,0.9954379,0.000752393
/home/share/Uni_Eval/HAM10000_clean/ISIC2018/ISIC_0025229.jpg,5,5,5.6088837e-05,0.0003573299,0.008738405,0.0028447465,0.0006209413,0.98701626,0.00036628847
/home/share/Uni_Eval/HAM10000_clean/ISIC2018/ISIC_0030739.jpg,5,5,0.0001890652,0.0019476576,0.0022063958,0.00060660526,0.004552641,0.9899005,0.0005971757
/home/share/Uni_Eval/HAM10000_clean/ISIC2018/ISIC_0030611.jpg,5,5,3.9156984e-07,7.519256e-07,3.0733217e-06,2.8295522e-06,0.00010678817,0.99988306,3.055326e-06
/home/share/Uni_Eval/HAM10000_clean/ISIC2018/ISIC_0027363.jpg,5,5,5.366429e-07,8.9581033e-07,2.4308109e-05,3.746666e-06,5.018384e-05,0.9999161,4.2600077e-06
/home/share/Uni_Eval/HAM10000_clean/ISIC2018/ISIC_0030619.jpg,5,5,1.38541245e-05,0.00013450174,0.00011457407,1.3930557e-05,0.00023985392,0.99946064,2.264111e-05
/home/share/Uni_Eval/HAM10000_clean/ISIC2018/ISIC_0029601.jpg,5,5,7.867839e-05,0.0004621364,0.002000755,0.00013741739,0.00019272449,0.99655735,0.00057087897
/home/share/Uni_Eval/HAM10000_clean/ISIC2018/ISIC_0027088.jpg,5,5,7.578166e-07,4.0781495e-07,3.5799083e-05,4.1020408e-07,9.847298e-05,0.99985373,1.0450865e-05
/home/share/Uni_Eval/HAM10000_clean/ISIC2018/ISIC_0027158.jpg,5,5,3.047131e-07,8.0057305e-08,7.992888e-05,9.554624e-06,8.572469e-05,0.9998223,2.0531868e-06
/home/share/Uni_Eval/HAM10000_clean/ISIC2018/ISIC_0024502.jpg,5,5,1.1829405e-06,9.223875e-06,0.00014801856,0.00016095465,0.00011438106,0.9992187,0.00034761894
/home/share/Uni_Eval/HAM10000_clean/ISIC2018/ISIC_0027199.jpg,5,5,0.00046081352,6.428002e-05,0.005987581,0.003693277,0.002073209,0.9876853,3.5427805e-05
/home/share/Uni_Eval/HAM10000_clean/ISIC2018/ISIC_0027929.jpg,5,5,3.8263144e-07,3.8759316e-07,6.7089e-05,5.4658644e-06,0.00027508588,0.99964905,2.571382e-06
/home/share/Uni_Eval/HAM10000_clean/ISIC2018/ISIC_0027029.jpg,5,5,2.156692e-05,0.00014238078,0.00017915067,0.00027951636,0.0006436186,0.99871206,2.1636348e-05
/home/share/Uni_Eval/HAM10000_clean/ISIC2018/ISIC_0031920.jpg,5,5,0.0009945483,0.0017583651,0.007268417,0.0007649149,0.018552458,0.9706129,4.834759e-05
/home/share/Uni_Eval/HAM10000_clean/ISIC2018/ISIC_0029763.jpg,5,5,0.0030842563,0.062745534,0.0036984116,0.012952213,0.004548183,0.910908,0.0020633042
/home/share/Uni_Eval/HAM10000_clean/ISIC2018/ISIC_0031841.jpg,5,5,0.0010186196,0.0001994793,0.0010485689,0.00048877497,0.00033653883,0.9968874,2.0583628e-05
/home/share/Uni_Eval/HAM10000_clean/ISIC2018/ISIC_0028946.jpg,5,5,2.989932e-06,0.00027707682,0.00035941787,6.385651e-05,0.0043033776,0.994919,7.4326206e-05
/home/share/Uni_Eval/HAM10000_clean/ISIC2018/ISIC_0031152.jpg,5,5,0.000243381,0.000965441,0.005366772,0.0019009927,0.001370005,0.99004996,0.00010344057
/home/share/Uni_Eval/HAM10000_clean/ISIC2018/ISIC_0030075.jpg,5,5,2.451279e-06,5.070795e-06,0.00038174537,1.892219e-06,0.00019705748,0.9993506,6.1145605e-05
/home/share/Uni_Eval/HAM10000_clean/ISIC2018/ISIC_0028328.jpg,5,5,4.407325e-06,6.0734833e-06,0.0009686807,3.3527354e-05,0.0002790792,0.9986993,8.814275e-06
/home/share/Uni_Eval/HAM10000_clean/ISIC2018/ISIC_0027547.jpg,5,5,1.8709942e-06,5.469429e-06,6.452905e-05,2.4762017e-05,0.000110008754,0.999724,6.929655e-05
/home/share/Uni_Eval/HAM10000_clean/ISIC2018/ISIC_0029750.jpg,5,5,1.252062e-06,3.5185444e-06,5.3732118e-05,1.3876031e-06,0.0004019057,0.9995209,1.7216567e-05
/home/share/Uni_Eval/HAM10000_clean/ISIC2018/ISIC_0024991.jpg,5,5,1.2664818e-05,6.478216e-05,0.00033878256,2.6658343e-05,0.007519396,0.99192494,0.000112758185
/home/share/Uni_Eval/HAM10000_clean/ISIC2018/ISIC_0031805.jpg,5,5,3.2295027e-06,4.040649e-06,4.221433e-05,6.207321e-06,0.00062209193,0.9992729,4.9364284e-05
/home/share/Uni_Eval/HAM10000_clean/ISIC2018/ISIC_0031688.jpg,5,5,6.3724674e-06,2.2963231e-06,0.0002611791,1.9260573e-05,3.7608155e-05,0.9996482,2.5026524e-05
/home/share/Uni_Eval/HAM10000_clean/ISIC2018/ISIC_0031731.jpg,5,5,2.2194254e-06,2.6163485e-05,2.235e-05,2.82512e-06,0.00025138163,0.99961543,7.9505204e-05
/home/share/Uni_Eval/HAM10000_clean/ISIC2018/ISIC_0028444.jpg,5,5,0.00010920101,8.29922e-05,0.0015990791,0.00014827547,0.016943768,0.9811034,1.3206512e-05
/home/share/Uni_Eval/HAM10000_clean/ISIC2018/ISIC_0025139.jpg,5,5,1.0302374e-05,8.852502e-06,0.00020189863,4.460677e-05,0.0006402514,0.99904007,5.393077e-05
/home/share/Uni_Eval/HAM10000_clean/ISIC2018/ISIC_0027690.jpg,5,5,8.540807e-05,0.0001035794,0.00062946003,0.00063077005,0.00079274486,0.9976821,7.5811535e-05
/home/share/Uni_Eval/HAM10000_clean/ISIC2018/ISIC_0031658.jpg,5,5,6.34863e-07,1.1761798e-05,3.9818384e-05,8.3730865e-06,0.00013563302,0.9997577,4.6089765e-05
/home/share/Uni_Eval/HAM10000_clean/ISIC2018/ISIC_0025828.jpg,5,5,4.971288e-06,2.4910905e-05,0.00017186083,1.6011683e-05,0.002501227,0.99719775,8.3229796e-05
/home/share/Uni_Eval/HAM10000_clean/ISIC2018/ISIC_0026578.jpg,5,5,3.5284673e-05,0.00032319545,0.0006581335,0.0007619219,0.0004768581,0.9898155,0.0079291025
/home/share/Uni_Eval/HAM10000_clean/ISIC2018/ISIC_0025349.jpg,5,5,2.5749182e-07,4.6476578e-07,6.878862e-05,1.6019403e-06,2.7007928e-07,0.99981934,0.000109294946
/home/share/Uni_Eval/HAM10000_clean/ISIC2018/ISIC_0027169.jpg,5,5,2.608903e-06,7.5434405e-06,8.191987e-05,0.0003197373,8.5864056e-05,0.9991535,0.000348976
/home/share/Uni_Eval/HAM10000_clean/ISIC2018/ISIC_0025888.jpg,5,5,0.00014559511,0.0009533407,0.0008119347,0.00040177623,0.0019362798,0.9947606,0.0009905389
/home/share/Uni_Eval/HAM10000_clean/ISIC2018/ISIC_0026813.jpg,5,5,1.0038347e-07,8.741611e-06,4.1651983e-05,1.4594611e-05,0.000851818,0.9990458,3.7328653e-05
/home/share/Uni_Eval/HAM10000_clean/ISIC2018/ISIC_0030449.jpg,5,5,1.2809545e-05,1.6793601e-05,0.00044167973,1.1738356e-05,0.0009895349,0.99850285,2.4538065e-05
/home/share/Uni_Eval/HAM10000_clean/ISIC2018/ISIC_0029520.jpg,5,5,2.8526229e-05,1.258482e-05,0.00072295323,0.00027381093,0.003891805,0.9942789,0.00079139916
/home/share/Uni_Eval/HAM10000_clean/ISIC2018/ISIC_0026517.jpg,5,5,3.0148967e-06,4.992111e-06,0.00095934595,9.677276e-06,0.0006732516,0.998312,3.7743594e-05
/home/share/Uni_Eval/HAM10000_clean/ISIC2018/ISIC_0031416.jpg,5,5,5.0813152e-05,0.00011306887,0.0006288443,4.1321397e-05,0.026704507,0.9717762,0.00068522827
/home/share/Uni_Eval/HAM10000_clean/ISIC2018/ISIC_0027782.jpg,5,5,1.1482815e-06,1.4988403e-06,3.257342e-05,2.4342994e-06,9.759077e-05,0.99984753,1.7173696e-05
/home/share/Uni_Eval/HAM10000_clean/ISIC2018/ISIC_0031752.jpg,5,5,5.913487e-06,0.00016389105,0.0015167999,2.2568967e-05,0.00060483086,0.9971866,0.0004993801
/home/share/Uni_Eval/HAM10000_clean/ISIC2018/ISIC_0028152.jpg,5,5,0.000532089,0.000795114,0.0005691728,0.011376896,0.00063193846,0.9859601,0.00013466313
/home/share/Uni_Eval/HAM10000_clean/ISIC2018/ISIC_0025697.jpg,5,5,4.029568e-06,4.1676365e-05,0.00012426304,7.037803e-05,0.0019235117,0.9978021,3.4021265e-05
/home/share/Uni_Eval/HAM10000_clean/ISIC2018/ISIC_0030905.jpg,5,5,0.0012535648,0.0003715862,0.019804066,0.0012674443,0.056370765,0.92080337,0.00012914038
/home/share/Uni_Eval/HAM10000_clean/ISIC2018/ISIC_0026630.jpg,5,5,2.3609578e-05,0.00011551386,9.188898e-05,7.030191e-05,0.0022119465,0.99739045,9.630957e-05
/home/share/Uni_Eval/HAM10000_clean/ISIC2018/ISIC_0025360.jpg,5,5,1.6406604e-05,3.5709196e-05,1.0230944e-05,0.00010065765,0.00046009757,0.99892247,0.00045449706
/home/share/Uni_Eval/HAM10000_clean/ISIC2018/ISIC_0028253.jpg,5,5,0.00016460507,0.0060308794,0.012715814,0.01699706,0.00013507169,0.9614726,0.0024839458
/home/share/Uni_Eval/HAM10000_clean/ISIC2018/ISIC_0025669.jpg,5,5,8.610657e-06,2.888529e-05,0.00024264921,3.2676675e-05,0.00018000425,0.9995022,5.0299955e-06
/home/share/Uni_Eval/HAM10000_clean/ISIC2018/ISIC_0027368.jpg,5,5,0.00028968748,0.00039668416,0.005220906,0.002445963,0.0040420094,0.9871973,0.00040747153
/home/share/Uni_Eval/HAM10000_clean/ISIC2018/ISIC_0030777.jpg,5,5,0.000384162,0.0008510909,0.006824658,0.03256662,0.028052928,0.9305895,0.00073109457
/home/share/Uni_Eval/HAM10000_clean/ISIC2018/ISIC_0029875.jpg,5,5,2.3644825e-05,0.0002990852,0.00051918253,0.0015047034,0.00048611045,0.99682295,0.00034424203
/home/share/Uni_Eval/HAM10000_clean/ISIC2018/ISIC_0029204.jpg,5,5,0.00047203485,0.0004964731,0.0039387327,0.0057745227,0.006595834,0.9824682,0.00025424076
/home/share/Uni_Eval/HAM10000_clean/ISIC2018/ISIC_0032267.jpg,5,5,2.5476593e-06,7.2795063e-07,0.019372277,0.0012262831,0.00013308277,0.9792529,1.2241481e-05
/home/share/Uni_Eval/HAM10000_clean/ISIC2018/ISIC_0032069.jpg,5,5,3.623979e-06,3.916623e-07,0.0014003207,0.00032273153,0.00027730633,0.99797446,2.1162758e-05
/home/share/Uni_Eval/HAM10000_clean/ISIC2018/ISIC_0029657.jpg,5,5,5.3360814e-06,6.5369704e-07,0.013405309,0.00049952394,0.00035828,0.98568463,4.619308e-05
/home/share/Uni_Eval/HAM10000_clean/ISIC2018/ISIC_0030646.jpg,5,5,4.690278e-06,1.384061e-05,0.0005259021,0.002510512,0.00080522534,0.9954052,0.00073456723
/home/share/Uni_Eval/HAM10000_clean/ISIC2018/ISIC_0029018.jpg,5,5,0.00096151454,0.006270018,0.0020135615,0.00069062086,0.017071396,0.97193897,0.0010538612
/home/share/Uni_Eval/HAM10000_clean/ISIC2018/ISIC_0028247.jpg,5,5,0.0002659125,0.030535735,0.13233015,0.00019019483,0.12925419,0.7071379,0.00028590302
/home/share/Uni_Eval/HAM10000_clean/ISIC2018/ISIC_0027757.jpg,5,5,0.00012937443,0.0019019939,0.00045040954,0.0004695381,0.012466701,0.98369586,0.00088608643
/home/share/Uni_Eval/HAM10000_clean/ISIC2018/ISIC_0032363.jpg,5,5,0.00024603112,0.01379255,0.0010343333,0.0067043942,0.13977589,0.83778644,0.00066044787
/home/share/Uni_Eval/HAM10000_clean/ISIC2018/ISIC_0025638.jpg,5,5,6.1106526e-05,0.022688176,0.0027331647,0.003373582,0.06899656,0.90207344,7.401545e-05
/home/share/Uni_Eval/HAM10000_clean/ISIC2018/ISIC_0031178.jpg,5,5,0.03857912,0.0864606,0.30683923,0.0051587448,0.03707953,0.50261116,0.023271618
/home/share/Uni_Eval/HAM10000_clean/ISIC2018/ISIC_0029534.jpg,5,6,0.0020007233,0.018809931,0.17265208,0.052743483,0.00591589,0.33385906,0.41401884
/home/share/Uni_Eval/HAM10000_clean/ISIC2018/ISIC_0024594.jpg,5,5,8.491065e-05,0.0014685809,0.0014354968,0.0010558919,0.008828276,0.9870854,4.142317e-05
/home/share/Uni_Eval/HAM10000_clean/ISIC2018/ISIC_0027444.jpg,5,5,0.00014607368,0.0049633617,0.0073743183,3.738465e-05,0.31031162,0.67704934,0.00011792712
/home/share/Uni_Eval/HAM10000_clean/ISIC2018/ISIC_0027644.jpg,5,5,0.00059236377,0.0011053586,0.01871656,0.0004853076,0.0003482161,0.97854805,0.00020419873
/home/share/Uni_Eval/HAM10000_clean/ISIC2018/ISIC_0032376.jpg,5,4,0.022019483,0.28616783,0.16370209,0.11974027,0.32056117,0.040549953,0.0472592
/home/share/Uni_Eval/HAM10000_clean/ISIC2018/ISIC_0029790.jpg,5,5,2.9565486e-05,2.3613711e-05,0.0015372091,3.7697126e-05,0.012907494,0.9853998,6.4580345e-05
/home/share/Uni_Eval/HAM10000_clean/ISIC2018/ISIC_0027305.jpg,5,5,0.0005039433,0.006560634,0.02357397,0.0017946691,0.011338835,0.95592034,0.00030772787
/home/share/Uni_Eval/HAM10000_clean/ISIC2018/ISIC_0028918.jpg,5,5,5.3714662e-05,7.700128e-05,0.010062998,0.00014520342,0.075893424,0.9136859,8.173022e-05
/home/share/Uni_Eval/HAM10000_clean/ISIC2018/ISIC_0030697.jpg,5,5,4.0687228e-05,0.00013226207,0.0037364413,0.00031885787,0.092417374,0.9032954,5.8986487e-05
/home/share/Uni_Eval/HAM10000_clean/ISIC2018/ISIC_0028293.jpg,5,5,0.0026569548,0.017161783,0.045577463,0.020307424,0.04592878,0.86743355,0.0009339998
/home/share/Uni_Eval/HAM10000_clean/ISIC2018/ISIC_0027264.jpg,5,5,0.0005206471,0.0019290409,0.0002586597,0.0012470507,0.007998051,0.9878946,0.00015203688
/home/share/Uni_Eval/HAM10000_clean/ISIC2018/ISIC_0031404.jpg,5,5,0.0048684785,0.02721355,0.08932676,0.010272411,0.060525328,0.80772424,6.925296e-05
/home/share/Uni_Eval/HAM10000_clean/ISIC2018/ISIC_0025152.jpg,5,5,0.00084868533,0.079531506,0.01824426,0.0032201498,0.0057563228,0.8843302,0.00806889
/home/share/Uni_Eval/HAM10000_clean/ISIC2018/ISIC_0027235.jpg,5,5,0.00028448738,0.0008198704,0.019563781,0.00010946846,0.226975,0.7518358,0.00041159656
/home/share/Uni_Eval/HAM10000_clean/ISIC2018/ISIC_0031160.jpg,5,5,1.6072338e-05,0.00010335378,0.0149477795,3.2885833e-05,0.026776148,0.9580393,8.4534404e-05
/home/share/Uni_Eval/HAM10000_clean/ISIC2018/ISIC_0028010.jpg,5,5,0.00032709306,0.00074846216,0.04655368,0.00052537496,0.13563153,0.81610835,0.00010557681
/home/share/Uni_Eval/HAM10000_clean/ISIC2018/ISIC_0024934.jpg,5,5,0.0001644367,0.00037446132,0.0022735894,0.00017095859,0.002392054,0.9946227,1.794156e-06
/home/share/Uni_Eval/HAM10000_clean/ISIC2018/ISIC_0028461.jpg,5,5,0.02749223,0.022947947,0.2049045,0.019332372,0.29047924,0.43279555,0.0020482005
/home/share/Uni_Eval/HAM10000_clean/ISIC2018/ISIC_0028332.jpg,5,5,0.0015160956,0.0014556515,0.022982549,0.009502152,0.0068265074,0.9577141,3.050635e-06
/home/share/Uni_Eval/HAM10000_clean/ISIC2018/ISIC_0032334.jpg,5,5,0.004740232,0.0054596066,0.0145882005,0.004545076,0.103073746,0.867445,0.00014812216
/home/share/Uni_Eval/HAM10000_clean/ISIC2018/ISIC_0030858.jpg,5,5,0.007342837,0.015797097,0.007835557,0.00076644256,0.18456529,0.7836487,4.4013657e-05
/home/share/Uni_Eval/HAM10000_clean/ISIC2018/ISIC_0030609.jpg,5,5,6.7374924e-05,0.00011123056,0.009498489,0.00020738119,0.18878394,0.8012509,8.064053e-05
/home/share/Uni_Eval/HAM10000_clean/ISIC2018/ISIC_0027987.jpg,5,5,4.0818362e-05,9.557876e-05,0.0004261481,0.00022118175,0.003355266,0.9957917,6.934913e-05
/home/share/Uni_Eval/HAM10000_clean/ISIC2018/ISIC_0026722.jpg,5,1,0.031500336,0.6745157,0.014829166,0.002852607,0.13870342,0.13543779,0.0021609557
/home/share/Uni_Eval/HAM10000_clean/ISIC2018/ISIC_0031663.jpg,5,5,0.0008086797,0.006303279,0.034881096,0.055962183,0.02520036,0.8700372,0.0068072365
/home/share/Uni_Eval/HAM10000_clean/ISIC2018/ISIC_0025568.jpg,5,5,5.9877144e-05,0.0044067223,0.007979486,2.1224618e-05,0.07983339,0.90745497,0.00024434848
/home/share/Uni_Eval/HAM10000_clean/ISIC2018/ISIC_0030247.jpg,5,1,0.0086144665,0.88316727,0.048905965,0.0067014745,0.0054445183,0.04367721,0.003489087
/home/share/Uni_Eval/HAM10000_clean/ISIC2018/ISIC_0029756.jpg,5,5,1.3886734e-05,0.0011285186,0.017662557,0.0018062195,0.07631378,0.9020313,0.001043715
/home/share/Uni_Eval/HAM10000_clean/ISIC2018/ISIC_0031629.jpg,5,5,0.00018665621,0.0009167734,0.010229473,6.8040026e-05,0.15881893,0.8297114,6.864996e-05
/home/share/Uni_Eval/HAM10000_clean/ISIC2018/ISIC_0027537.jpg,5,5,0.000105494604,0.00063439144,0.027378362,0.0019942622,0.05625438,0.9130809,0.00055227644
/home/share/Uni_Eval/HAM10000_clean/ISIC2018/ISIC_0026223.jpg,5,5,2.5760606e-05,3.905209e-05,0.0061152093,0.00021952656,0.09980965,0.8937221,6.86029e-05
/home/share/Uni_Eval/HAM10000_clean/ISIC2018/ISIC_0024789.jpg,5,5,0.009984271,0.25494605,0.05585015,0.017637013,0.0031153704,0.65659446,0.0018727185
/home/share/Uni_Eval/HAM10000_clean/ISIC2018/ISIC_0029854.jpg,5,5,8.45221e-05,0.025636073,0.16186689,0.0002853843,0.046158906,0.7647444,0.0012239801
/home/share/Uni_Eval/HAM10000_clean/ISIC2018/ISIC_0027911.jpg,5,5,0.0023202107,0.004563671,0.06597631,0.0022701537,0.0818766,0.84286416,0.00012888326
/home/share/Uni_Eval/HAM10000_clean/ISIC2018/ISIC_0031435.jpg,5,5,0.00011299945,0.002561343,0.0059705176,8.733845e-05,0.10575531,0.8843846,0.0011279312
/home/share/Uni_Eval/HAM10000_clean/ISIC2018/ISIC_0026389.jpg,5,2,0.0029033371,0.012265567,0.6956778,0.005258939,0.010074794,0.2732748,0.00054477743
/home/share/Uni_Eval/HAM10000_clean/ISIC2018/ISIC_0025847.jpg,5,5,0.0016610171,0.012403921,0.02247565,0.0006360799,0.24074689,0.72164613,0.0004303788
/home/share/Uni_Eval/HAM10000_clean/ISIC2018/ISIC_0027462.jpg,5,5,0.00049834914,0.00095343357,0.022866873,0.00037859572,0.30822828,0.6663581,0.0007163259
/home/share/Uni_Eval/HAM10000_clean/ISIC2018/ISIC_0024824.jpg,5,5,0.0006487989,0.008470047,0.032537002,0.00043504615,0.024323428,0.9334662,0.00011943129
/home/share/Uni_Eval/HAM10000_clean/ISIC2018/ISIC_0031293.jpg,5,5,4.4521694e-05,1.1175138e-05,0.0026540635,6.858955e-06,0.005769671,0.99150485,8.82531e-06
/home/share/Uni_Eval/HAM10000_clean/ISIC2018/ISIC_0025809.jpg,5,5,0.02973677,0.018788375,0.26208648,0.024471324,0.1914607,0.47316137,0.00029493918
/home/share/Uni_Eval/HAM10000_clean/ISIC2018/ISIC_0029296.jpg,5,5,1.42491235e-05,0.0006049067,0.000108058994,3.6604182e-05,0.00956319,0.9894901,0.00018291447
/home/share/Uni_Eval/HAM10000_clean/ISIC2018/ISIC_0031646.jpg,5,4,0.0019266505,0.002203932,0.038905717,0.0033663989,0.55193096,0.40165707,9.223506e-06
/home/share/Uni_Eval/HAM10000_clean/ISIC2018/ISIC_0029986.jpg,5,5,0.0004825986,0.081276886,0.012996726,0.0010728555,0.36078012,0.54235834,0.0010324332
/home/share/Uni_Eval/HAM10000_clean/ISIC2018/ISIC_0026501.jpg,5,5,0.00075261405,0.026290417,0.12805627,0.00056145835,0.0344848,0.80929774,0.0005567181
/home/share/Uni_Eval/HAM10000_clean/ISIC2018/ISIC_0026006.jpg,5,5,0.0009929881,0.013814815,0.08921524,0.0026254945,0.13386083,0.7580927,0.0013978895
/home/share/Uni_Eval/HAM10000_clean/ISIC2018/ISIC_0032364.jpg,5,2,0.0006635922,0.00057383656,0.64500314,0.000656384,0.12366869,0.22938754,4.690685e-05
/home/share/Uni_Eval/HAM10000_clean/ISIC2018/ISIC_0032078.jpg,5,5,0.00022050155,0.0010614677,0.44876975,0.000828401,0.014504293,0.5333246,0.0012909452
/home/share/Uni_Eval/HAM10000_clean/ISIC2018/ISIC_0027049.jpg,5,5,0.0005682929,0.0016435079,0.0015153401,0.0035362935,0.011079389,0.9809801,0.000677055
/home/share/Uni_Eval/HAM10000_clean/ISIC2018/ISIC_0028966.jpg,5,5,5.605501e-06,4.395642e-05,3.7497222e-05,0.00013449829,0.003112419,0.99661875,4.72392e-05
/home/share/Uni_Eval/HAM10000_clean/ISIC2018/ISIC_0032443.jpg,5,5,1.8993622e-06,1.0839205e-05,0.00019322596,5.956244e-05,0.0010745525,0.9986512,8.793667e-06
/home/share/Uni_Eval/HAM10000_clean/ISIC2018/ISIC_0028527.jpg,5,5,0.0029801207,0.013472267,0.3206099,0.0073542045,0.13677332,0.51826805,0.0005421114
/home/share/Uni_Eval/HAM10000_clean/ISIC2018/ISIC_0025863.jpg,5,5,2.8233846e-05,0.003762613,0.026655158,0.0003130497,0.13967997,0.8294308,0.00013009127
/home/share/Uni_Eval/HAM10000_clean/ISIC2018/ISIC_0024387.jpg,5,5,1.6436815e-06,5.2761767e-05,0.013844634,4.7649653e-05,0.17235316,0.81368697,1.3244062e-05
/home/share/Uni_Eval/HAM10000_clean/ISIC2018/ISIC_0024924.jpg,5,4,6.80977e-05,0.0011032076,0.055936936,5.6742345e-05,0.8484747,0.094166175,0.00019421258
/home/share/Uni_Eval/HAM10000_clean/ISIC2018/ISIC_0027099.jpg,5,5,0.00039950226,0.0041683037,0.024421783,0.00011364925,0.25606385,0.71377003,0.0010629083
/home/share/Uni_Eval/HAM10000_clean/ISIC2018/ISIC_0030125.jpg,5,5,0.013705634,0.10865361,0.007686514,0.0015686515,0.03245933,0.80597013,0.029956153
/home/share/Uni_Eval/HAM10000_clean/ISIC2018/ISIC_0026911.jpg,5,5,9.5715455e-05,0.000110811525,0.00025841768,0.0004020121,0.0030877534,0.99603254,1.2754138e-05
/home/share/Uni_Eval/HAM10000_clean/ISIC2018/ISIC_0030464.jpg,5,5,6.235632e-05,4.8818267e-05,0.0057864403,0.0017769721,0.0018848601,0.98904675,0.0013939043
/home/share/Uni_Eval/HAM10000_clean/ISIC2018/ISIC_0026781.jpg,5,5,0.00011860854,0.00033744972,0.012270871,0.0005324106,0.039588872,0.9466711,0.0004807216
/home/share/Uni_Eval/HAM10000_clean/ISIC2018/ISIC_0032309.jpg,5,5,0.008386845,0.16261119,0.04569284,0.0070108264,0.17360975,0.60069865,0.0019899632
/home/share/Uni_Eval/HAM10000_clean/ISIC2018/ISIC_0029194.jpg,5,5,4.6035315e-05,0.0013943703,0.0039843703,0.00062594254,0.02609041,0.9671458,0.0007130623
/home/share/Uni_Eval/HAM10000_clean/ISIC2018/ISIC_0027034.jpg,5,5,5.5928384e-05,7.285461e-05,0.0023652879,0.0008833784,0.01140338,0.9842584,0.00096070045
/home/share/Uni_Eval/HAM10000_clean/ISIC2018/ISIC_0025094.jpg,5,5,1.0973281e-05,0.0002118742,0.038540423,1.8023859e-05,0.07366903,0.8786361,0.008913519
/home/share/Uni_Eval/HAM10000_clean/ISIC2018/ISIC_0031713.jpg,5,5,0.00012219824,0.0032388854,0.022693207,0.000140467,0.109549284,0.86399686,0.00025902916
/home/share/Uni_Eval/HAM10000_clean/ISIC2018/ISIC_0027645.jpg,5,5,0.0008482719,0.028082596,0.016145378,0.00077785476,0.09980517,0.8530254,0.0013153787
/home/share/Uni_Eval/HAM10000_clean/ISIC2018/ISIC_0030979.jpg,5,5,8.745358e-05,8.019698e-05,0.029984906,4.4902208e-05,0.04073955,0.9289751,8.7996035e-05
/home/share/Uni_Eval/HAM10000_clean/ISIC2018/ISIC_0028831.jpg,5,5,5.6391767e-05,0.00023324174,0.017245995,3.037539e-05,0.48615533,0.4952803,0.0009985171
/home/share/Uni_Eval/HAM10000_clean/ISIC2018/ISIC_0030053.jpg,5,5,0.0040804367,0.0106612835,0.17105012,0.0045839027,0.1284487,0.6810129,0.00016259648
/home/share/Uni_Eval/HAM10000_clean/ISIC2018/ISIC_0025671.jpg,5,5,0.002050443,0.0007388227,0.014069797,0.00045866033,0.046707455,0.93591386,6.102898e-05
/home/share/Uni_Eval/HAM10000_clean/ISIC2018/ISIC_0026608.jpg,5,5,0.00061765534,0.00572127,0.13742872,0.0002240801,0.38697767,0.46853787,0.00049273064
/home/share/Uni_Eval/HAM10000_clean/ISIC2018/ISIC_0030334.jpg,5,4,0.00082817854,0.006863112,0.25461754,0.0005278065,0.53696024,0.1988262,0.0013769083
/home/share/Uni_Eval/HAM10000_clean/ISIC2018/ISIC_0030473.jpg,5,5,1.3961411e-06,9.32187e-06,0.00085353845,4.4132944e-06,0.050448228,0.94862443,5.8742276e-05
/home/share/Uni_Eval/HAM10000_clean/ISIC2018/ISIC_0030350.jpg,5,1,5.043639e-05,0.85436755,0.009232556,5.8757596e-06,0.004934444,0.12698664,0.0044224565
/home/share/Uni_Eval/HAM10000_clean/ISIC2018/ISIC_0028823.jpg,5,5,0.00039710783,0.091055006,0.017972715,0.0028116873,0.010085342,0.8661734,0.011504797
/home/share/Uni_Eval/HAM10000_clean/ISIC2018/ISIC_0024317.jpg,5,5,1.1231539e-05,6.8345114e-05,0.029094502,0.00040126865,0.021622641,0.9487017,0.000100401056
/home/share/Uni_Eval/HAM10000_clean/ISIC2018/ISIC_0033356.jpg,5,5,0.0001607245,0.00036550337,0.0017697173,0.00012810201,0.13527988,0.8622866,9.428608e-06
/home/share/Uni_Eval/HAM10000_clean/ISIC2018/ISIC_0026544.jpg,5,1,0.3551376,0.5188922,0.019104103,0.071060345,0.008371784,0.021868004,0.0055660135
/home/share/Uni_Eval/HAM10000_clean/ISIC2018/ISIC_0032470.jpg,5,1,0.14638293,0.34458324,0.28085467,0.19545385,0.012120662,0.02040712,0.00019749645
/home/share/Uni_Eval/HAM10000_clean/ISIC2018/ISIC_0025049.jpg,5,5,0.00013398736,0.00021835604,0.002896035,0.00020937383,0.0479545,0.9483675,0.00022034142
/home/share/Uni_Eval/HAM10000_clean/ISIC2018/ISIC_0026432.jpg,5,5,2.3082577e-05,9.001894e-05,0.00070605514,3.111489e-06,0.081826,0.91733414,1.765669e-05
/home/share/Uni_Eval/HAM10000_clean/ISIC2018/ISIC_0030462.jpg,5,5,1.836532e-05,0.00022951385,0.004568751,0.00015821245,0.05980665,0.9348729,0.00034561148
/home/share/Uni_Eval/HAM10000_clean/ISIC2018/ISIC_0032527.jpg,5,5,5.8168156e-05,0.00021794252,0.0003840598,0.00025163547,0.040271398,0.9583763,0.00044049878
/home/share/Uni_Eval/HAM10000_clean/ISIC2018/ISIC_0033963.jpg,5,5,0.001885367,0.00034968037,0.011494684,0.00026394098,0.30756706,0.6781514,0.0002878424
/home/share/Uni_Eval/HAM10000_clean/ISIC2018/ISIC_0032924.jpg,5,5,0.00054515054,0.0012347744,0.0537606,0.00026995942,0.18139905,0.7625297,0.0002607345
/home/share/Uni_Eval/HAM10000_clean/ISIC2018/ISIC_0030845.jpg,5,5,0.0002067572,0.0019627188,0.0015437928,0.00013803453,0.07818105,0.9172085,0.00075920054
/home/share/Uni_Eval/HAM10000_clean/ISIC2018/ISIC_0033561.jpg,5,5,3.6202688e-05,0.00053193094,0.004551097,4.9954087e-05,0.108840026,0.8857991,0.00019176716
/home/share/Uni_Eval/HAM10000_clean/ISIC2018/ISIC_0025619.jpg,5,5,0.00049402413,0.08177791,0.09219672,0.0012242307,0.033627134,0.78570604,0.004973865
/home/share/Uni_Eval/HAM10000_clean/ISIC2018/ISIC_0034290.jpg,5,5,0.0005391941,0.008948703,0.0522916,0.0020680386,0.08021869,0.8460937,0.0098399855
/home/share/Uni_Eval/HAM10000_clean/ISIC2018/ISIC_0033165.jpg,5,5,0.00087626296,0.007941603,0.06707649,0.0014090923,0.13761811,0.7673866,0.017691791
/home/share/Uni_Eval/HAM10000_clean/ISIC2018/ISIC_0033767.jpg,5,5,8.279246e-06,1.1940126e-05,0.004136965,3.3792078e-06,0.064800106,0.9309322,0.00010707067
/home/share/Uni_Eval/HAM10000_clean/ISIC2018/ISIC_0032590.jpg,5,5,0.00022551227,0.0009161852,0.0075077196,8.110634e-05,0.1446092,0.8464683,0.00019185431
/home/share/Uni_Eval/HAM10000_clean/ISIC2018/ISIC_0033549.jpg,5,5,3.793313e-05,0.0019502119,0.02568751,0.00012722528,0.18627751,0.7854421,0.0004775619
/home/share/Uni_Eval/HAM10000_clean/ISIC2018/ISIC_0032953.jpg,5,5,3.296402e-05,0.0018954737,5.2554373e-05,0.00037460093,0.008281641,0.9787394,0.010623314
/home/share/Uni_Eval/HAM10000_clean/ISIC2018/ISIC_0031904.jpg,5,5,0.0012281494,0.00080822816,0.010174062,0.0040044207,0.022516482,0.96124345,2.5193824e-05
/home/share/Uni_Eval/HAM10000_clean/ISIC2018/ISIC_0033511.jpg,5,5,2.2161397e-05,0.00052533875,0.00047083225,0.0008980084,0.033153344,0.9648551,7.539853e-05
/home/share/Uni_Eval/HAM10000_clean/ISIC2018/ISIC_0025978.jpg,5,5,0.00069290434,0.0054013003,0.018201012,0.07781793,0.010228204,0.8729503,0.014708287
/home/share/Uni_Eval/HAM10000_clean/ISIC2018/ISIC_0027654.jpg,5,5,0.00036887673,0.004938694,0.11203013,0.0009688878,0.015357371,0.5743436,0.2919925
/home/share/Uni_Eval/HAM10000_clean/ISIC2018/ISIC_0025421.jpg,5,5,0.00023123002,0.0029688694,0.034199256,0.0008262348,0.1432368,0.8159142,0.002623366
/home/share/Uni_Eval/HAM10000_clean/ISIC2018/ISIC_0024730.jpg,5,5,1.4101725e-05,0.0001704441,0.0034029689,1.9786488e-05,0.22050747,0.77583396,5.1252257e-05
/home/share/Uni_Eval/HAM10000_clean/ISIC2018/ISIC_0031988.jpg,5,5,0.0014708767,0.0028612993,0.1515302,0.00071622257,0.026915476,0.8163177,0.00018822985
/home/share/Uni_Eval/HAM10000_clean/ISIC2018/ISIC_0026084.jpg,5,5,0.052989174,0.27286926,0.01761524,0.056263182,0.100896336,0.49909636,0.0002704095
/home/share/Uni_Eval/HAM10000_clean/ISIC2018/ISIC_0030085.jpg,5,5,0.0049889633,0.007106419,0.14720765,9.422281e-05,0.16670403,0.6735381,0.0003605509
/home/share/Uni_Eval/HAM10000_clean/ISIC2018/ISIC_0031757.jpg,5,5,3.4758035e-05,6.53429e-05,0.0044688494,4.2239612e-06,0.0021333457,0.99329126,2.1873996e-06
/home/share/Uni_Eval/HAM10000_clean/ISIC2018/ISIC_0025117.jpg,5,5,0.0001856208,0.010798545,0.014160058,0.0004865909,0.012407809,0.96161884,0.00034253503
/home/share/Uni_Eval/HAM10000_clean/ISIC2018/ISIC_0032641.jpg,5,5,0.00064237247,0.019137902,0.0025794958,0.0028081927,0.1544029,0.8199084,0.0005207265
/home/share/Uni_Eval/HAM10000_clean/ISIC2018/ISIC_0032743.jpg,5,5,4.4086468e-05,1.1013316e-05,0.0034627418,1.4266297e-05,0.02021803,0.9762457,4.0138293e-06
/home/share/Uni_Eval/HAM10000_clean/ISIC2018/ISIC_0033157.jpg,5,5,0.00011210084,1.9663967e-05,0.013036161,0.00013635863,0.009923111,0.97677225,3.7580247e-07
/home/share/Uni_Eval/HAM10000_clean/ISIC2018/ISIC_0032623.jpg,5,5,4.1783547e-05,0.00025603728,0.004960973,0.0003237031,0.063186415,0.9302623,0.00096867717
/home/share/Uni_Eval/HAM10000_clean/ISIC2018/ISIC_0032595.jpg,5,5,0.000101091835,5.1248433e-05,0.0019101597,0.00025144473,0.042821128,0.9548464,1.8546762e-05
/home/share/Uni_Eval/HAM10000_clean/ISIC2018/ISIC_0034281.jpg,5,5,0.00054776075,0.0053465134,0.13491303,0.0029341995,0.17471485,0.68071026,0.0008334197
/home/share/Uni_Eval/HAM10000_clean/ISIC2018/ISIC_0032957.jpg,5,5,0.00034026982,0.016496334,0.0049952264,8.365545e-05,0.06220836,0.9154677,0.00040846053
/home/share/Uni_Eval/HAM10000_clean/ISIC2018/ISIC_0033070.jpg,5,5,0.0005421832,0.0003706272,0.018885463,0.00020960697,0.030495174,0.94947135,2.5510866e-05
/home/share/Uni_Eval/HAM10000_clean/ISIC2018/ISIC_0032742.jpg,5,5,0.00056684524,0.00044245043,0.0034220112,0.0004013919,0.17255645,0.8223718,0.00023920253
/home/share/Uni_Eval/HAM10000_clean/ISIC2018/ISIC_0034112.jpg,5,5,0.00040157113,0.00056367123,0.022691118,0.002054914,0.48600677,0.48799154,0.00029034575
/home/share/Uni_Eval/HAM10000_clean/ISIC2018/ISIC_0033409.jpg,5,5,2.574281e-05,1.05168665e-05,0.00023044158,0.00021385739,0.017492909,0.98196274,6.381392e-05
/home/share/Uni_Eval/HAM10000_clean/ISIC2018/ISIC_0034184.jpg,5,5,0.00031919003,0.00045240542,0.0013874605,0.00028450167,0.00027515137,0.99702674,0.00025455648
/home/share/Uni_Eval/HAM10000_clean/ISIC2018/ISIC_0033471.jpg,5,4,0.00035972268,0.00059694506,0.021290792,2.1150798e-05,0.8726024,0.105108835,2.0137857e-05
/home/share/Uni_Eval/HAM10000_clean/ISIC2018/ISIC_0032568.jpg,5,5,7.685253e-06,8.110667e-06,3.5193425e-05,1.3929141e-05,0.0001456561,0.99978894,4.784306e-07
/home/share/Uni_Eval/HAM10000_clean/ISIC2018/ISIC_0032516.jpg,5,4,0.0008468008,0.008020886,0.04244627,0.0018691131,0.47359306,0.4730701,0.0001538101
/home/share/Uni_Eval/HAM10000_clean/ISIC2018/ISIC_0034102.jpg,5,5,0.0011048402,0.00029449005,0.013410674,0.0064329198,0.21692364,0.7600491,0.0017843643
/home/share/Uni_Eval/HAM10000_clean/ISIC2018/ISIC_0033988.jpg,5,5,8.020545e-05,0.0003688627,0.0072762994,0.00019626261,0.030133188,0.961936,9.157055e-06
/home/share/Uni_Eval/HAM10000_clean/ISIC2018/ISIC_0032859.jpg,5,5,8.2516e-05,0.0003825224,0.0104587935,0.00059416884,0.019650608,0.96882755,3.8293574e-06
/home/share/Uni_Eval/HAM10000_clean/ISIC2018/ISIC_0032728.jpg,5,5,2.7168135e-06,1.4618369e-05,0.00035324594,5.543507e-05,0.02962001,0.96981627,0.0001378676
/home/share/Uni_Eval/HAM10000_clean/ISIC2018/ISIC_0032802.jpg,5,5,0.00024311074,6.17894e-05,0.0042107627,0.00096757937,0.0908861,0.9035422,8.83838e-05
/home/share/Uni_Eval/HAM10000_clean/ISIC2018/ISIC_0033222.jpg,5,5,0.00017298972,0.0002907847,0.017165793,0.00016468082,0.2296268,0.75257885,7.063276e-08
/home/share/Uni_Eval/HAM10000_clean/ISIC2018/ISIC_0032546.jpg,5,2,0.010843218,0.010691542,0.51419693,0.00054280134,0.22752021,0.23620339,1.9056944e-06
/home/share/Uni_Eval/HAM10000_clean/ISIC2018/ISIC_0032521.jpg,5,5,0.00025989415,0.011824343,8.327521e-05,0.005208671,0.1174956,0.8190242,0.04610409
/home/share/Uni_Eval/HAM10000_clean/ISIC2018/ISIC_0033618.jpg,5,5,1.0553676e-05,0.00039585496,0.0009163165,1.202097e-05,0.3427807,0.6558482,3.6398636e-05
/home/share/Uni_Eval/HAM10000_clean/ISIC2018/ISIC_0033016.jpg,5,5,4.546993e-05,0.0016979452,0.00021118326,0.00011007874,0.11357,0.88410544,0.00025993926
/home/share/Uni_Eval/HAM10000_clean/ISIC2018/ISIC_0032895.jpg,5,5,7.661917e-06,4.6012385e-05,0.0019008904,2.9165834e-05,0.012959244,0.98502886,2.8180342e-05
/home/share/Uni_Eval/HAM10000_clean/ISIC2018/ISIC_0033237.jpg,5,5,0.0004926448,0.003049349,0.02500831,0.001144232,0.14575593,0.82437634,0.00017322674
/home/share/Uni_Eval/HAM10000_clean/ISIC2018/ISIC_0033373.jpg,5,2,0.0006238737,0.0039889584,0.6059168,0.00070930313,0.087217696,0.29943198,0.0021113285
/home/share/Uni_Eval/HAM10000_clean/ISIC2018/ISIC_0033411.jpg,5,5,0.0034807574,0.0057134246,0.103659466,0.00028908992,0.10924493,0.77755135,6.096554e-05
/home/share/Uni_Eval/HAM10000_clean/ISIC2018/ISIC_0033824.jpg,5,5,2.446394e-05,1.4116132e-05,0.0002620315,0.00082957756,0.0055445675,0.9932893,3.599027e-05
/home/share/Uni_Eval/HAM10000_clean/ISIC2018/ISIC_0032838.jpg,5,5,1.7959019e-05,0.00013767472,0.0069457595,1.2329842e-05,0.23162924,0.76124805,9.010499e-06
/home/share/Uni_Eval/HAM10000_clean/ISIC2018/ISIC_0034307.jpg,5,5,0.0001993412,0.00025181624,0.0038965591,0.00091036217,0.04683516,0.9478949,1.1910002e-05
/home/share/Uni_Eval/HAM10000_clean/ISIC2018/ISIC_0034137.jpg,5,5,0.0019000848,8.339096e-05,0.12669389,0.0005423234,0.06997949,0.8007976,3.1838324e-06
/home/share/Uni_Eval/HAM10000_clean/ISIC2018/ISIC_0033972.jpg,5,2,0.008674467,0.010988877,0.6281597,0.002475443,0.017548395,0.33208135,7.170689e-05
/home/share/Uni_Eval/HAM10000_clean/ISIC2018/ISIC_0033367.jpg,5,2,0.02372689,0.014192713,0.80031806,0.04838061,0.0035162128,0.108352385,0.0015131482
/home/share/Uni_Eval/HAM10000_clean/ISIC2018/ISIC_0033289.jpg,5,4,0.00050745957,0.00032848993,0.13659582,7.6531396e-05,0.61443,0.2480593,2.40426e-06
/home/share/Uni_Eval/HAM10000_clean/ISIC2018/ISIC_0033283.jpg,5,5,0.0002597596,0.0003414985,0.0057495357,0.0002839817,0.032429118,0.9607523,0.00018375392
/home/share/Uni_Eval/HAM10000_clean/ISIC2018/ISIC_0034179.jpg,5,5,1.6530885e-05,2.5916906e-05,0.0063558887,0.00014497826,0.0018856373,0.98807496,0.003496044
/home/share/Uni_Eval/HAM10000_clean/ISIC2018/ISIC_0033983.jpg,5,5,7.18575e-05,0.00023990383,0.02609204,0.00039962566,0.020227164,0.95281476,0.00015463703
/home/share/Uni_Eval/HAM10000_clean/ISIC2018/ISIC_0032541.jpg,5,5,6.0565093e-05,0.00044505647,0.000557325,7.41088e-05,0.010936472,0.9877401,0.00018636389
/home/share/Uni_Eval/HAM10000_clean/ISIC2018/ISIC_0033961.jpg,5,5,1.2857583e-05,4.7826597e-05,0.00017111331,5.0828243e-05,0.029585136,0.97002554,0.00010663362
/home/share/Uni_Eval/HAM10000_clean/ISIC2018/ISIC_0033702.jpg,5,5,6.6915025e-05,5.85311e-05,0.004119086,0.0001534876,0.095177025,0.90007615,0.00034881386
/home/share/Uni_Eval/HAM10000_clean/ISIC2018/ISIC_0032942.jpg,5,5,6.1658095e-05,0.00059316255,0.00016954933,0.00023975135,0.010635954,0.9870617,0.0012381176
/home/share/Uni_Eval/HAM10000_clean/ISIC2018/ISIC_0034153.jpg,5,2,0.0051743397,0.013327888,0.90503836,0.00057022483,0.016926982,0.05881768,0.00014462441
/home/share/Uni_Eval/HAM10000_clean/ISIC2018/ISIC_0032860.jpg,5,6,0.002954697,0.21646109,0.03234449,0.0030063216,0.21988033,0.121833235,0.40351987
/home/share/Uni_Eval/HAM10000_clean/ISIC2018/ISIC_0034116.jpg,5,5,1.7235887e-05,0.00021372193,0.0074648415,7.215864e-05,0.07835552,0.9137816,9.494369e-05
/home/share/Uni_Eval/HAM10000_clean/ISIC2018/ISIC_0034060.jpg,5,5,1.2047681e-05,3.7042857e-05,0.00018912108,0.000118495314,0.03309339,0.966277,0.0002728415
/home/share/Uni_Eval/HAM10000_clean/ISIC2018/ISIC_0033213.jpg,5,5,0.00078958995,0.0011855528,0.10561877,0.0044606817,0.14716116,0.7404888,0.00029531296
/home/share/Uni_Eval/HAM10000_clean/ISIC2018/ISIC_0033897.jpg,5,5,0.0016857096,0.006266627,0.012344459,0.00089410547,0.02986783,0.9478957,0.0010455052
/home/share/Uni_Eval/HAM10000_clean/ISIC2018/ISIC_0032908.jpg,5,5,2.9408602e-05,0.05950492,0.057550427,0.0011711463,0.16380692,0.71737444,0.0005626788
/home/share/Uni_Eval/HAM10000_clean/ISIC2018/ISIC_0034203.jpg,5,5,0.008711403,0.43063608,0.015696047,0.006891629,0.083811134,0.44127,0.012983668
/home/share/Uni_Eval/HAM10000_clean/ISIC2018/ISIC_0032746.jpg,5,5,0.0013583966,0.0050529,0.05880327,0.0015497201,0.30563432,0.6275451,5.6246874e-05
/home/share/Uni_Eval/HAM10000_clean/ISIC2018/ISIC_0034121.jpg,5,5,2.4393123e-05,0.00011073696,0.00011251772,9.037398e-05,0.012635493,0.9869761,5.0453473e-05
/home/share/Uni_Eval/HAM10000_clean/ISIC2018/ISIC_0034240.jpg,5,5,0.0020589079,6.9475886e-05,0.012038654,5.2517673e-05,0.012558612,0.97317684,4.4940927e-05
/home/share/Uni_Eval/HAM10000_clean/ISIC2018/ISIC_0032820.jpg,5,5,1.3114326e-05,3.5075784e-05,0.00048781102,2.6662905e-05,0.07269646,0.9267256,1.5222956e-05
/home/share/Uni_Eval/HAM10000_clean/ISIC2018/ISIC_0034148.jpg,5,5,0.0019274488,0.001330246,0.025191963,0.00035471952,0.071433716,0.8994901,0.0002717313
/home/share/Uni_Eval/HAM10000_clean/ISIC2018/ISIC_0033566.jpg,5,5,0.000413555,0.0012467229,0.35381553,1.4626568e-05,0.006846747,0.6367772,0.0008855614
/home/share/Uni_Eval/HAM10000_clean/ISIC2018/ISIC_0033447.jpg,5,5,1.5336109e-05,0.0025538213,0.0002280507,0.0010398917,0.05548693,0.9399776,0.0006984773
/home/share/Uni_Eval/HAM10000_clean/ISIC2018/ISIC_0033282.jpg,5,5,0.0006080322,0.0005251056,0.005049531,0.009200624,0.02910143,0.95531046,0.00020475978
/home/share/Uni_Eval/HAM10000_clean/ISIC2018/ISIC_0034084.jpg,5,5,0.0086897,0.003056826,0.0028739895,0.023886263,0.010281753,0.95060575,0.0006056722
/home/share/Uni_Eval/HAM10000_clean/ISIC2018/ISIC_0034176.jpg,5,5,0.0061315633,0.0073988857,0.1262616,0.031891037,0.017681342,0.80698293,0.0036525875
/home/share/Uni_Eval/HAM10000_clean/ISIC2018/ISIC_0033104.jpg,5,5,0.00041570788,0.0007837118,0.0006056772,0.0074372566,0.12908575,0.86143833,0.0002335862
/home/share/Uni_Eval/HAM10000_clean/ISIC2018/ISIC_0034213.jpg,5,5,0.00016084881,0.001143028,0.027420746,0.00023488555,0.009418119,0.9616087,1.3663311e-05
/home/share/Uni_Eval/HAM10000_clean/ISIC2018/ISIC_0026279.jpg,5,5,0.00033270364,0.0079736095,0.22322951,0.0012860888,0.08549863,0.6791599,0.002519571
/home/share/Uni_Eval/HAM10000_clean/ISIC2018/ISIC_0032601.jpg,5,5,0.0007996885,0.03187079,0.0032931238,0.0012993739,0.17079183,0.7919153,2.9959607e-05
/home/share/Uni_Eval/HAM10000_clean/ISIC2018/ISIC_0033940.jpg,5,5,0.00010937971,0.0004740204,0.003756833,0.0001194555,0.32928258,0.66620296,5.4693635e-05
/home/share/Uni_Eval/HAM10000_clean/ISIC2018/ISIC_0032649.jpg,5,5,2.2446327e-05,5.4969736e-05,0.000895792,2.4437446e-05,0.0078113223,0.9911685,2.2486289e-05
/home/share/Uni_Eval/HAM10000_clean/ISIC2018/ISIC_0025769.jpg,5,5,3.0324465e-05,0.00018685988,0.006012513,2.5884367e-05,0.023388624,0.97023857,0.000117195385
/home/share/Uni_Eval/HAM10000_clean/ISIC2018/ISIC_0033978.jpg,5,5,0.002405098,0.0019612764,0.006971239,0.0137720825,0.19127263,0.7835468,7.097371e-05
/home/share/Uni_Eval/HAM10000_clean/ISIC2018/ISIC_0032819.jpg,5,4,0.00017204408,0.002131376,0.0044640317,0.00031810318,0.81715995,0.17574139,1.306931e-05
/home/share/Uni_Eval/HAM10000_clean/ISIC2018/ISIC_0033552.jpg,5,5,0.00026920752,0.0002640775,0.017980875,8.983504e-05,0.41150492,0.5698665,2.4668545e-05
/home/share/Uni_Eval/HAM10000_clean/ISIC2018/ISIC_0034310.jpg,5,5,0.00036443627,0.00010368005,0.1278827,0.00031073284,0.33069175,0.54062927,1.7456343e-05
/home/share/Uni_Eval/HAM10000_clean/ISIC2018/ISIC_0033083.jpg,5,5,7.797197e-06,0.00012610243,0.11681338,1.5683265e-05,0.1459191,0.7332685,0.0038493632
/home/share/Uni_Eval/HAM10000_clean/ISIC2018/ISIC_0033244.jpg,5,5,6.9019705e-05,0.027826872,0.005063828,0.007890605,0.013325707,0.9457694,5.446548e-05
/home/share/Uni_Eval/HAM10000_clean/ISIC2018/ISIC_0034004.jpg,5,5,7.0975098e-06,0.0016103,0.0027732756,0.003159329,0.017900107,0.9420199,0.032529887
/home/share/Uni_Eval/HAM10000_clean/ISIC2018/ISIC_0032737.jpg,5,5,0.00017334182,9.265151e-05,0.0066186204,0.00017333073,0.026235623,0.9654534,0.0012530251
/home/share/Uni_Eval/HAM10000_clean/ISIC2018/ISIC_0033010.jpg,5,5,4.1130294e-05,8.220828e-06,0.004215445,0.00060630403,0.01935179,0.97570455,7.250854e-05
/home/share/Uni_Eval/HAM10000_clean/ISIC2018/ISIC_0034127.jpg,5,5,8.774794e-05,1.7444463e-05,0.0023766966,6.318891e-05,0.17449091,0.8228847,7.936883e-05
/home/share/Uni_Eval/HAM10000_clean/ISIC2018/ISIC_0032792.jpg,5,5,4.972418e-06,3.0024548e-05,0.0044307653,5.757409e-05,0.095089845,0.90020376,0.00018299467
/home/share/Uni_Eval/HAM10000_clean/ISIC2018/ISIC_0034187.jpg,5,5,0.00023980493,0.00038298286,0.039173096,0.00078058796,0.024330484,0.93447185,0.00062124344
/home/share/Uni_Eval/HAM10000_clean/ISIC2018/ISIC_0034251.jpg,5,4,2.6818225e-05,0.0005408812,0.065359026,9.32621e-05,0.5787276,0.33279154,0.022460891
/home/share/Uni_Eval/HAM10000_clean/ISIC2018/ISIC_0033673.jpg,5,5,0.0009178017,0.00065826444,0.04284696,0.00088553695,0.16896936,0.78565574,6.642715e-05
/home/share/Uni_Eval/HAM10000_clean/ISIC2018/ISIC_0033932.jpg,5,5,4.6319936e-05,7.539692e-05,0.011347201,0.00015245113,0.03364098,0.95459473,0.00014287859
/home/share/Uni_Eval/HAM10000_clean/ISIC2018/ISIC_0032593.jpg,5,5,6.683447e-07,2.8399816e-06,8.178175e-06,2.6565303e-05,0.012148526,0.98775905,5.4173473e-05
/home/share/Uni_Eval/HAM10000_clean/ISIC2018/ISIC_0031290.jpg,5,4,0.01961683,0.109147094,0.045756005,0.0011248186,0.48708063,0.33399042,0.0032842013
/home/share/Uni_Eval/HAM10000_clean/ISIC2018/ISIC_0033703.jpg,5,5,0.00010795935,0.000628216,0.06808106,3.971023e-05,0.3225251,0.60850275,0.000115221505
/home/share/Uni_Eval/HAM10000_clean/ISIC2018/ISIC_0033574.jpg,5,5,5.312777e-05,0.00017550575,0.00035884508,0.0002445346,0.14133507,0.8578326,2.9282103e-07
/home/share/Uni_Eval/HAM10000_clean/ISIC2018/ISIC_0032846.jpg,5,5,0.0015686877,0.0016188668,0.042294696,0.00048414513,0.21279547,0.74122936,8.865072e-06
/home/share/Uni_Eval/HAM10000_clean/ISIC2018/ISIC_0033994.jpg,5,5,1.2735176e-05,2.5981442e-05,0.00063136086,8.982847e-05,0.0032767723,0.9955433,0.00042004188
/home/share/Uni_Eval/HAM10000_clean/ISIC2018/ISIC_0032760.jpg,5,5,2.0380792e-05,7.1769406e-05,0.002653032,0.0002515995,0.026543468,0.97019225,0.0002675036
/home/share/Uni_Eval/HAM10000_clean/ISIC2018/ISIC_0034271.jpg,5,5,0.001384435,0.0058806725,0.0029379285,0.0029476234,0.0047342065,0.98198384,0.00013121072
/home/share/Uni_Eval/HAM10000_clean/ISIC2018/ISIC_0032670.jpg,5,5,0.0001192835,0.0027206247,0.0103450995,0.00012779639,0.16411442,0.82253236,4.0513707e-05
/home/share/Uni_Eval/HAM10000_clean/ISIC2018/ISIC_0033441.jpg,5,5,0.0004539467,0.013088986,0.092135474,5.2624226e-05,0.046022486,0.8482197,2.6766016e-05
/home/share/Uni_Eval/HAM10000_clean/ISIC2018/ISIC_0032663.jpg,5,4,0.00036366354,0.0013007454,0.023682551,2.9557135e-05,0.52348804,0.4499318,0.0012036676
/home/share/Uni_Eval/HAM10000_clean/ISIC2018/ISIC_0034272.jpg,5,5,0.00016904873,0.002505716,0.019632105,0.0044164364,0.009331432,0.9634937,0.00045152483
/home/share/Uni_Eval/HAM10000_clean/ISIC2018/ISIC_0032911.jpg,5,5,0.00019899868,0.0007508041,0.009575897,0.0010182079,0.0059660226,0.9824524,3.7594804e-05
/home/share/Uni_Eval/HAM10000_clean/ISIC2018/ISIC_0033926.jpg,5,5,1.8462215e-05,6.338285e-05,0.01793373,0.00040750846,0.0115165245,0.97005785,2.6157036e-06
/home/share/Uni_Eval/HAM10000_clean/ISIC2018/ISIC_0033835.jpg,5,5,4.2343045e-06,9.275866e-06,0.00032093457,1.4058008e-05,0.0010971028,0.9985421,1.2365857e-05
/home/share/Uni_Eval/HAM10000_clean/ISIC2018/ISIC_0033109.jpg,5,5,2.7363163e-05,0.00023192282,0.00010739053,0.0057646404,0.0056681037,0.98759913,0.0006013263
/home/share/Uni_Eval/HAM10000_clean/ISIC2018/ISIC_0033396.jpg,5,5,0.019896952,0.011651503,0.0066353003,0.0095020635,0.05357007,0.8982469,0.00049716694
/home/share/Uni_Eval/HAM10000_clean/ISIC2018/ISIC_0032752.jpg,5,2,0.0014827435,5.6532095e-05,0.7734749,0.0011666091,0.016268836,0.20754032,1.0122489e-05
/home/share/Uni_Eval/HAM10000_clean/ISIC2018/ISIC_0032539.jpg,5,5,0.00025793634,0.0050167697,0.045107763,0.0007645427,0.11913852,0.829656,5.851315e-05
/home/share/Uni_Eval/HAM10000_clean/ISIC2018/ISIC_0033329.jpg,5,5,1.6442917e-05,6.976156e-05,0.0050579472,0.000102964725,0.017167656,0.97757643,8.705418e-06
/home/share/Uni_Eval/HAM10000_clean/ISIC2018/ISIC_0034181.jpg,5,5,0.00017320797,2.0432031e-05,0.008180361,0.00032703223,0.013957015,0.9773278,1.4219254e-05
/home/share/Uni_Eval/HAM10000_clean/ISIC2018/ISIC_0033197.jpg,5,5,6.434631e-05,0.00011677498,0.0036568793,0.00010285425,0.036258634,0.9597463,5.4169686e-05
/home/share/Uni_Eval/HAM10000_clean/ISIC2018/ISIC_0034171.jpg,5,5,1.2825411e-05,0.0001623824,0.00146041,6.864074e-05,0.03774366,0.9605282,2.3979472e-05
/home/share/Uni_Eval/HAM10000_clean/ISIC2018/ISIC_0032952.jpg,5,5,9.155096e-05,0.0009051984,0.0012268932,0.0007614391,0.008206494,0.98852473,0.0002835604
/home/share/Uni_Eval/HAM10000_clean/ISIC2018/ISIC_0033250.jpg,5,5,0.0018027469,0.31669262,0.2862276,0.0024724687,0.055838414,0.33426958,0.002696598
/home/share/Uni_Eval/HAM10000_clean/ISIC2018/ISIC_0032720.jpg,5,5,0.00021048698,0.0033961209,0.026798895,0.0022577045,0.17069548,0.7963573,0.00028396168
/home/share/Uni_Eval/HAM10000_clean/ISIC2018/ISIC_0033153.jpg,5,5,0.00016956498,0.0007753207,0.0039789393,0.0036588735,0.04933929,0.94178796,0.0002900092
/home/share/Uni_Eval/HAM10000_clean/ISIC2018/ISIC_0033757.jpg,5,2,5.583846e-05,1.811344e-05,0.47841495,0.0003667349,0.1288396,0.39217603,0.00012874723
/home/share/Uni_Eval/HAM10000_clean/ISIC2018/ISIC_0030626.jpg,5,5,0.00020717047,0.00012565573,0.053281188,8.057181e-05,0.05978175,0.8864743,4.9423455e-05
/home/share/Uni_Eval/HAM10000_clean/ISIC2018/ISIC_0031163.jpg,5,2,0.00022291442,0.000588754,0.55817306,5.2735395e-05,0.31610158,0.12444437,0.00041658632
/home/share/Uni_Eval/HAM10000_clean/ISIC2018/ISIC_0029775.jpg,5,5,5.8260805e-05,0.0007402024,0.021390572,5.8274807e-05,0.077521294,0.88844925,0.011782225
/home/share/Uni_Eval/HAM10000_clean/ISIC2018/ISIC_0031411.jpg,5,5,0.002428481,5.6936962e-05,0.12206315,0.00033251362,0.32473046,0.550267,0.000121453115
/home/share/Uni_Eval/HAM10000_clean/ISIC2018/ISIC_0026427.jpg,5,5,4.3053366e-05,0.0019960448,0.0024984612,0.0005276254,0.09612784,0.8987858,2.1163183e-05
/home/share/Uni_Eval/HAM10000_clean/ISIC2018/ISIC_0024608.jpg,5,4,6.643181e-05,5.9938346e-05,0.012833087,0.00012089441,0.86309993,0.12381736,2.2541115e-06
/home/share/Uni_Eval/HAM10000_clean/ISIC2018/ISIC_0028734.jpg,5,4,4.399627e-05,0.0004883144,0.008332465,5.1337272e-05,0.8467251,0.14404432,0.0003144341
/home/share/Uni_Eval/HAM10000_clean/ISIC2018/ISIC_0026125.jpg,5,4,6.6898516e-05,0.00095905544,0.01015351,2.2969514e-05,0.70359355,0.2847993,0.00040476324
/home/share/Uni_Eval/HAM10000_clean/ISIC2018/ISIC_0025618.jpg,5,5,0.00069871906,0.0008665623,0.4150184,0.0006012184,0.039416384,0.5410568,0.0023419405
/home/share/Uni_Eval/HAM10000_clean/ISIC2018/ISIC_0031796.jpg,5,5,0.0010301922,0.0019399327,0.08843238,0.007630406,0.028122962,0.8723985,0.00044555223
/home/share/Uni_Eval/HAM10000_clean/ISIC2018/ISIC_0030232.jpg,5,5,0.00021594131,0.0004990916,0.031738535,0.00015549472,0.033376027,0.9334059,0.0006091192
/home/share/Uni_Eval/HAM10000_clean/ISIC2018/ISIC_0024682.jpg,5,5,5.7814186e-06,0.0004452891,0.002536749,0.00018913175,0.07097266,0.92580104,4.936484e-05
/home/share/Uni_Eval/HAM10000_clean/ISIC2018/ISIC_0026141.jpg,5,5,0.00013943276,0.0018234842,0.2226065,0.00030997526,0.16419412,0.60727364,0.003652875
/home/share/Uni_Eval/HAM10000_clean/ISIC2018/ISIC_0030841.jpg,5,4,0.00020498385,4.525055e-05,0.027914306,0.00034652522,0.5561234,0.41535652,9.0662115e-06
/home/share/Uni_Eval/HAM10000_clean/ISIC2018/ISIC_0030074.jpg,5,5,1.1721413e-05,0.00011937191,0.0018387778,0.00052889343,0.0036117944,0.99388415,5.1707557e-06
/home/share/Uni_Eval/HAM10000_clean/ISIC2018/ISIC_0025734.jpg,5,2,0.07339132,0.009657734,0.4381924,0.10995226,0.054682866,0.31352928,0.00059420645
/home/share/Uni_Eval/HAM10000_clean/ISIC2018/ISIC_0027942.jpg,5,5,2.3275035e-05,3.6748937e-05,0.0044938577,0.00024655994,0.03648468,0.9586375,7.727862e-05
/home/share/Uni_Eval/HAM10000_clean/ISIC2018/ISIC_0026419.jpg,5,5,2.7231385e-05,0.017446894,0.0037565767,0.001787742,0.010045444,0.9602686,0.0066675213
/home/share/Uni_Eval/HAM10000_clean/ISIC2018/ISIC_0028894.jpg,5,4,0.0016283594,0.00039115787,0.057857346,0.0006919465,0.47823077,0.4610426,0.00015773332
/home/share/Uni_Eval/HAM10000_clean/ISIC2018/ISIC_0032260.jpg,5,5,0.04367917,0.10163648,0.09248988,0.0013683934,0.16445932,0.5956739,0.0006928246
/home/share/Uni_Eval/HAM10000_clean/ISIC2018/ISIC_0024936.jpg,5,5,1.0684327e-06,6.1078463e-06,0.0009911977,0.00011200998,0.009589841,0.9892958,3.95427e-06
/home/share/Uni_Eval/HAM10000_clean/ISIC2018/ISIC_0025043.jpg,5,5,0.0042504366,0.071073495,0.048835292,0.02607147,0.022691732,0.826994,8.352004e-05
/home/share/Uni_Eval/HAM10000_clean/ISIC2018/ISIC_0025227.jpg,5,5,0.0015240697,0.0020279237,0.00080805557,0.00033097653,0.11627737,0.87902695,4.5507622e-06
/home/share/Uni_Eval/HAM10000_clean/ISIC2018/ISIC_0029499.jpg,5,5,0.0020534685,0.024676371,0.010750247,0.002088003,0.005007589,0.9551215,0.0003028216
/home/share/Uni_Eval/HAM10000_clean/ISIC2018/ISIC_0024658.jpg,5,5,7.3274976e-05,0.00014738116,0.0016493076,0.00018627879,0.0070728622,0.9908103,6.061023e-05
/home/share/Uni_Eval/HAM10000_clean/ISIC2018/ISIC_0029027.jpg,5,5,1.0551e-05,6.8913316e-05,0.00078010355,2.8150494e-05,0.0019129962,0.9971988,3.522199e-07
/home/share/Uni_Eval/HAM10000_clean/ISIC2018/ISIC_0025782.jpg,5,4,0.001712013,0.0025393786,0.004476201,0.0009975455,0.51269174,0.47753525,4.7930476e-05
/home/share/Uni_Eval/HAM10000_clean/ISIC2018/ISIC_0031308.jpg,5,5,0.11117637,0.030610392,0.11118999,0.0016566485,0.2311084,0.51424617,1.201519e-05
/home/share/Uni_Eval/HAM10000_clean/ISIC2018/ISIC_0028981.jpg,5,5,0.056439586,0.0849432,0.09910317,0.0010704745,0.12228024,0.63613516,2.8157909e-05
/home/share/Uni_Eval/HAM10000_clean/ISIC2018/ISIC_0031194.jpg,5,4,0.019839376,0.021415945,0.030049069,0.009164449,0.5240116,0.38991463,0.005604942
/home/share/Uni_Eval/HAM10000_clean/ISIC2018/ISIC_0029667.jpg,5,5,0.008690274,0.0075869593,0.0035167562,0.0050007403,0.05996401,0.91516376,7.750304e-05
/home/share/Uni_Eval/HAM10000_clean/ISIC2018/ISIC_0027574.jpg,5,5,0.0024492394,0.14567399,0.025056541,0.0014128884,0.007500045,0.81623214,0.0016751047
/home/share/Uni_Eval/HAM10000_clean/ISIC2018/ISIC_0025945.jpg,5,5,9.112235e-05,4.1001185e-05,0.036707763,5.136437e-05,0.022508683,0.9405031,9.689244e-05
/home/share/Uni_Eval/HAM10000_clean/ISIC2018/ISIC_0031149.jpg,5,5,2.4766083e-05,1.2429416e-05,0.0014296938,8.406186e-06,0.009949011,0.988571,4.856908e-06
/home/share/Uni_Eval/HAM10000_clean/ISIC2018/ISIC_0027208.jpg,5,5,0.0008871529,0.0010133884,0.0073327785,0.0004938418,0.028504448,0.9617596,8.739562e-06
/home/share/Uni_Eval/HAM10000_clean/ISIC2018/ISIC_0029504.jpg,5,5,0.0012831239,0.002496307,0.018170169,0.00033999005,0.055288587,0.9223319,8.9908805e-05
/home/share/Uni_Eval/HAM10000_clean/ISIC2018/ISIC_0026106.jpg,5,5,0.0006812229,0.00022303424,0.01971731,0.0011092208,0.016972769,0.9612639,3.25675e-05
/home/share/Uni_Eval/HAM10000_clean/ISIC2018/ISIC_0032227.jpg,5,5,0.043404646,0.028052583,0.09383572,0.0041457615,0.056160532,0.7743936,7.1566396e-06
/home/share/Uni_Eval/HAM10000_clean/ISIC2018/ISIC_0024394.jpg,5,5,0.0010607095,0.0064539267,0.0139986025,0.0006336858,0.09852027,0.87882715,0.0005056683
/home/share/Uni_Eval/HAM10000_clean/ISIC2018/ISIC_0032165.jpg,5,5,3.9243378e-06,0.00043132142,0.00041642442,0.00011095875,0.02230933,0.9767174,1.06569205e-05
/home/share/Uni_Eval/HAM10000_clean/ISIC2018/ISIC_0024834.jpg,5,5,4.340818e-06,0.0001264593,0.00045983866,0.00014168727,0.01939013,0.979868,9.50522e-06
/home/share/Uni_Eval/HAM10000_clean/ISIC2018/ISIC_0027596.jpg,5,5,0.00031077102,0.07062429,0.003924734,0.0069608474,0.0014246037,0.9030917,0.013662989
/home/share/Uni_Eval/HAM10000_clean/ISIC2018/ISIC_0031204.jpg,5,5,1.7761291e-05,0.0022957851,0.0019728492,0.00016710325,0.011135082,0.9841292,0.0002822169
/home/share/Uni_Eval/HAM10000_clean/ISIC2018/ISIC_0031857.jpg,5,5,0.11885792,0.08964712,0.1930034,0.00553281,0.0117499465,0.58097905,0.00022971767
/home/share/Uni_Eval/HAM10000_clean/ISIC2018/ISIC_0028706.jpg,5,5,2.5606138e-05,0.0014610849,0.0154475225,0.0032180941,0.015829647,0.5882112,0.3758068
/home/share/Uni_Eval/HAM10000_clean/ISIC2018/ISIC_0027364.jpg,5,5,1.7040062e-06,4.3313057e-06,0.0002464348,4.0500763e-05,0.0060270643,0.99367946,4.6230562e-07
/home/share/Uni_Eval/HAM10000_clean/ISIC2018/ISIC_0031756.jpg,5,5,0.0011753784,0.0022826216,0.011139001,0.15664792,0.004246176,0.80878603,0.015722917
/home/share/Uni_Eval/HAM10000_clean/ISIC2018/ISIC_0030397.jpg,5,5,8.797712e-06,7.588556e-05,0.0071833273,5.9706694e-05,0.009147612,0.98328054,0.00024429834
/home/share/Uni_Eval/HAM10000_clean/ISIC2018/ISIC_0031405.jpg,5,5,0.00013726937,1.852905e-05,0.0004880016,0.0035180324,0.17269649,0.8229736,0.00016808604
/home/share/Uni_Eval/HAM10000_clean/ISIC2018/ISIC_0031092.jpg,5,5,2.1559424e-06,1.2298695e-05,0.00023478719,0.00011204857,0.0035071762,0.9960658,6.572181e-05
/home/share/Uni_Eval/HAM10000_clean/ISIC2018/ISIC_0027390.jpg,5,5,1.0401382e-06,9.775322e-07,0.0013583824,0.0011350983,0.0025630028,0.99491876,2.2743909e-05
/home/share/Uni_Eval/HAM10000_clean/ISIC2018/ISIC_0028757.jpg,5,5,0.00042926,6.5812455e-05,0.021435734,0.00059471885,0.025843352,0.95163095,2.2382164e-07
/home/share/Uni_Eval/HAM10000_clean/ISIC2018/ISIC_0027978.jpg,5,5,0.00027479944,0.012484905,0.012360469,0.0022158627,0.15043996,0.8205393,0.0016846554
/home/share/Uni_Eval/HAM10000_clean/ISIC2018/ISIC_0025562.jpg,5,5,0.08301625,0.05360072,0.09005958,0.01735089,0.1404846,0.6135193,0.0019686285
/home/share/Uni_Eval/HAM10000_clean/ISIC2018/ISIC_0028598.jpg,5,5,0.000915718,0.0006286499,0.0017318542,0.00026173904,0.013200557,0.9831911,7.033286e-05
/home/share/Uni_Eval/HAM10000_clean/ISIC2018/ISIC_0026759.jpg,5,5,0.00017682549,1.832914e-05,0.000419347,0.00078873936,0.05529229,0.9433023,2.1739868e-06
/home/share/Uni_Eval/HAM10000_clean/ISIC2018/ISIC_0032015.jpg,5,5,0.0005522492,0.00011120649,0.023631385,7.199909e-05,0.02487418,0.95075893,1.1850458e-07
/home/share/Uni_Eval/HAM10000_clean/ISIC2018/ISIC_0031285.jpg,5,5,0.00031795807,3.180554e-05,0.012436442,3.8225113e-05,0.060746618,0.92642736,1.5719446e-06
/home/share/Uni_Eval/HAM10000_clean/ISIC2018/ISIC_0028304.jpg,5,5,0.0010990022,1.4725852e-06,0.024362167,7.6903656e-05,0.12721002,0.8472499,5.1598676e-07
/home/share/Uni_Eval/HAM10000_clean/ISIC2018/ISIC_0024862.jpg,5,5,0.0007682031,7.397257e-05,0.008986332,8.135975e-05,0.0026350822,0.98745453,5.650629e-07
/home/share/Uni_Eval/HAM10000_clean/ISIC2018/ISIC_0028715.jpg,5,5,0.0054769535,0.018285092,0.0027526408,0.002679531,0.01354766,0.95707965,0.00017846
/home/share/Uni_Eval/HAM10000_clean/ISIC2018/ISIC_0032136.jpg,5,5,0.0006433411,0.0010911913,0.008367635,0.0001314781,0.05588115,0.9338837,1.4555725e-06
/home/share/Uni_Eval/HAM10000_clean/ISIC2018/ISIC_0030592.jpg,5,4,6.808601e-05,0.00018097268,0.0014220952,0.00032619957,0.68975765,0.30799794,0.00024704228
/home/share/Uni_Eval/HAM10000_clean/ISIC2018/ISIC_0024841.jpg,5,5,0.018897077,0.0031330297,0.15324736,0.005218055,0.38212773,0.43735996,1.6755608e-05
/home/share/Uni_Eval/HAM10000_clean/ISIC2018/ISIC_0029457.jpg,5,5,0.002531654,0.008187257,0.0016150957,0.00022466759,0.014107146,0.973318,1.6341493e-05
/home/share/Uni_Eval/HAM10000_clean/ISIC2018/ISIC_0031126.jpg,5,5,0.013002856,0.011242377,0.09150143,0.004092656,0.04602664,0.8340566,7.743399e-05
/home/share/Uni_Eval/HAM10000_clean/ISIC2018/ISIC_0025506.jpg,5,5,0.0018177712,0.0017713843,0.004489253,0.013365245,0.16599959,0.8125391,1.7661701e-05
/home/share/Uni_Eval/HAM10000_clean/ISIC2018/ISIC_0030914.jpg,5,5,0.0070538493,0.00024909474,0.00820961,0.0018558435,0.099343196,0.88328063,7.71306e-06
/home/share/Uni_Eval/HAM10000_clean/ISIC2018/ISIC_0028408.jpg,5,5,0.06327056,0.036135077,0.010696613,0.0011633032,0.1336127,0.7550688,5.296535e-05
/home/share/Uni_Eval/HAM10000_clean/ISIC2018/ISIC_0028998.jpg,5,5,0.00035961028,0.0001539652,0.016864683,0.0031048483,0.0051231617,0.9742829,0.00011074616
/home/share/Uni_Eval/HAM10000_clean/ISIC2018/ISIC_0025118.jpg,5,5,0.00028180867,0.0005853755,0.0004725077,0.0007920977,0.011471234,0.98635614,4.0843937e-05
/home/share/Uni_Eval/HAM10000_clean/ISIC2018/ISIC_0025563.jpg,5,5,0.0004032432,0.09093343,0.013740932,0.00032386827,0.007296105,0.8872837,1.8687264e-05
/home/share/Uni_Eval/HAM10000_clean/ISIC2018/ISIC_0024790.jpg,5,5,0.00033478235,4.6911755e-05,0.0016833105,9.940382e-05,0.053160273,0.94467497,2.3140052e-07
/home/share/Uni_Eval/HAM10000_clean/ISIC2018/ISIC_0025225.jpg,5,5,8.0288075e-05,3.0520336e-05,0.0017019459,0.0005907743,0.03109659,0.96649396,5.8927944e-06
/home/share/Uni_Eval/HAM10000_clean/ISIC2018/ISIC_0025926.jpg,5,5,0.13484415,0.10914429,0.009310721,0.0077897855,0.03630485,0.7020231,0.00058306445
/home/share/Uni_Eval/HAM10000_clean/ISIC2018/ISIC_0026741.jpg,5,5,8.7697605e-05,3.815713e-05,0.0011620395,8.219111e-06,0.0052559334,0.99341255,3.5535773e-05
/home/share/Uni_Eval/HAM10000_clean/ISIC2018/ISIC_0031117.jpg,5,5,0.00555656,0.00076221046,0.32530475,0.004497973,0.19953746,0.46424407,9.6865515e-05
/home/share/Uni_Eval/HAM10000_clean/ISIC2018/ISIC_0027471.jpg,5,5,0.006163496,0.0038453727,0.16532893,0.0002813494,0.06274912,0.76141185,0.00021992924
/home/share/Uni_Eval/HAM10000_clean/ISIC2018/ISIC_0029109.jpg,5,5,0.0041266857,0.00016544896,0.042504694,0.0014950633,0.13099605,0.82070357,8.523551e-06
/home/share/Uni_Eval/HAM10000_clean/ISIC2018/ISIC_0026654.jpg,5,5,0.024684751,0.00057949976,0.11750964,0.0030145315,0.39481875,0.45938686,5.930555e-06
/home/share/Uni_Eval/HAM10000_clean/ISIC2018/ISIC_0026921.jpg,5,4,0.030058617,0.014718331,0.0626031,0.0068797832,0.5028312,0.3767963,0.006112646
/home/share/Uni_Eval/HAM10000_clean/ISIC2018/ISIC_0031942.jpg,5,5,0.00037099665,5.8003616e-06,0.0007546605,0.00011236819,0.019135604,0.9796172,3.3126491e-06
/home/share/Uni_Eval/HAM10000_clean/ISIC2018/ISIC_0026712.jpg,5,5,0.00356885,0.0043598446,0.010428406,0.007261946,0.0071769753,0.96694225,0.00026182464
/home/share/Uni_Eval/HAM10000_clean/ISIC2018/ISIC_0028983.jpg,5,5,0.0062260693,0.04022449,0.06567738,0.01001527,0.10258683,0.7752242,4.5844517e-05
/home/share/Uni_Eval/HAM10000_clean/ISIC2018/ISIC_0028744.jpg,5,5,0.00096262124,0.00084929605,0.03194453,0.0006344872,0.2319559,0.7336491,4.016062e-06
/home/share/Uni_Eval/HAM10000_clean/ISIC2018/ISIC_0026588.jpg,5,5,0.037115335,0.0017530689,0.025616897,0.0019358753,0.018608663,0.91496056,9.522656e-06
/home/share/Uni_Eval/HAM10000_clean/ISIC2018/ISIC_0028364.jpg,5,5,0.3378797,0.024203952,0.13008757,0.0035221395,0.14800742,0.35629186,7.349426e-06
/home/share/Uni_Eval/HAM10000_clean/ISIC2018/ISIC_0027490.jpg,5,5,0.090244524,0.07851229,0.21200347,0.06558398,0.033381373,0.5132497,0.0070247403
/home/share/Uni_Eval/HAM10000_clean/ISIC2018/ISIC_0030082.jpg,5,5,6.448508e-06,2.4144312e-05,0.00034664266,0.0002077078,0.009072208,0.989931,0.00041182246
/home/share/Uni_Eval/HAM10000_clean/ISIC2018/ISIC_0026974.jpg,5,4,0.00012888742,1.0702219e-05,0.012673635,0.0001721055,0.5995852,0.38742617,3.3663343e-06
/home/share/Uni_Eval/HAM10000_clean/ISIC2018/ISIC_0026097.jpg,5,5,0.0033218008,0.0505799,0.0012496713,0.008907536,0.091193244,0.84419835,0.00054956396
/home/share/Uni_Eval/HAM10000_clean/ISIC2018/ISIC_0027883.jpg,5,4,0.014410409,0.0019453302,0.2274142,0.0009993162,0.41020834,0.3450206,1.8040645e-06
/home/share/Uni_Eval/HAM10000_clean/ISIC2018/ISIC_0031700.jpg,5,5,0.00072945136,0.00033321255,0.07437754,9.9247256e-05,0.011859388,0.9125986,2.6391074e-06
/home/share/Uni_Eval/HAM10000_clean/ISIC2018/ISIC_0030209.jpg,5,5,0.0013771143,5.172447e-05,0.0009996278,0.00018585264,0.043373946,0.9540108,9.282574e-07
/home/share/Uni_Eval/HAM10000_clean/ISIC2018/ISIC_0027073.jpg,5,5,0.12202684,0.007961134,0.026118457,0.0013843523,0.021457909,0.82104963,1.6893272e-06
/home/share/Uni_Eval/HAM10000_clean/ISIC2018/ISIC_0030219.jpg,5,5,0.18495865,0.027373685,0.20660329,0.019301256,0.13038075,0.43135726,2.5161635e-05
/home/share/Uni_Eval/HAM10000_clean/ISIC2018/ISIC_0025476.jpg,5,5,0.0038710197,0.013187298,0.0055891224,0.0009324234,0.013411751,0.96300673,1.6727165e-06
/home/share/Uni_Eval/HAM10000_clean/ISIC2018/ISIC_0024476.jpg,5,2,0.015308055,0.011578954,0.6001119,0.00014706758,0.34087056,0.031954985,2.851889e-05
/home/share/Uni_Eval/HAM10000_clean/ISIC2018/ISIC_0026560.jpg,5,5,0.00046916815,0.00058600906,0.003292316,1.4091329e-05,0.043718133,0.95191586,4.4592102e-06
/home/share/Uni_Eval/HAM10000_clean/ISIC2018/ISIC_0032281.jpg,5,5,0.0004301418,0.00898196,0.00530155,0.0015349749,0.22817095,0.75553864,4.176358e-05
/home/share/Uni_Eval/HAM10000_clean/ISIC2018/ISIC_0030425.jpg,5,5,0.0012478988,0.00042320494,0.06313757,0.00038104886,0.024991356,0.90981895,5.0494197e-08
/home/share/Uni_Eval/HAM10000_clean/ISIC2018/ISIC_0028130.jpg,5,5,0.00963084,0.0023909332,0.03333727,0.0004175548,0.0111604165,0.9430559,7.083205e-06
/home/share/Uni_Eval/HAM10000_clean/ISIC2018/ISIC_0026359.jpg,5,5,0.027735602,0.006959684,0.0043570665,0.0045423587,0.014678493,0.94172525,1.5110837e-06
/home/share/Uni_Eval/HAM10000_clean/ISIC2018/ISIC_0030444.jpg,5,5,0.0048438543,0.00034951032,0.017589564,0.00011012817,0.090910405,0.8861792,1.7357486e-05
/home/share/Uni_Eval/HAM10000_clean/ISIC2018/ISIC_0032292.jpg,5,5,0.0073184236,1.43300485e-05,0.044931345,0.00059153186,0.033550505,0.91358644,7.415114e-06
/home/share/Uni_Eval/HAM10000_clean/ISIC2018/ISIC_0032107.jpg,5,5,1.0034294e-05,3.119601e-06,0.00058552047,1.3306775e-05,0.010483268,0.98890454,3.342405e-07
/home/share/Uni_Eval/HAM10000_clean/ISIC2018/ISIC_0030253.jpg,5,5,0.006649835,0.005815426,0.031893805,0.0053351712,0.040005032,0.90997684,0.0003239108
/home/share/Uni_Eval/HAM10000_clean/ISIC2018/ISIC_0030340.jpg,5,5,0.12687273,0.00719632,0.022141794,0.0032828709,0.04836752,0.79213,8.785761e-06
/home/share/Uni_Eval/HAM10000_clean/ISIC2018/ISIC_0028580.jpg,5,5,0.00018806054,0.0008451385,0.011017241,0.0013469806,0.063126534,0.92344767,2.8334307e-05
/home/share/Uni_Eval/HAM10000_clean/ISIC2018/ISIC_0026922.jpg,5,5,0.00016493158,0.0002011432,0.00086831604,0.00010182686,0.007066678,0.99159473,2.3648845e-06
/home/share/Uni_Eval/HAM10000_clean/ISIC2018/ISIC_0026964.jpg,5,5,0.27884662,0.0046960907,0.07032128,0.0039838366,0.017806727,0.62406695,0.00027856868
/home/share/Uni_Eval/HAM10000_clean/ISIC2018/ISIC_0028905.jpg,5,5,0.0054181693,0.005829454,0.008887238,0.0006631949,0.10192281,0.8769486,0.00033053674
/home/share/Uni_Eval/HAM10000_clean/ISIC2018/ISIC_0032327.jpg,5,5,0.0001643419,1.1074738e-06,0.1146745,0.00019397496,0.17855383,0.70641136,9.930588e-07
/home/share/Uni_Eval/HAM10000_clean/ISIC2018/ISIC_0025310.jpg,5,5,1.9490695e-05,4.4981076e-05,0.022410093,6.3727352e-06,0.0041594785,0.9733386,2.087878e-05
/home/share/Uni_Eval/HAM10000_clean/ISIC2018/ISIC_0032423.jpg,5,5,0.0025397544,0.00062785734,0.003906569,4.0297517e-05,0.03139498,0.96148705,3.4145942e-06
/home/share/Uni_Eval/HAM10000_clean/ISIC2018/ISIC_0030873.jpg,5,2,0.13548385,0.007144738,0.55861115,5.252041e-05,0.031690843,0.26699236,2.4563198e-05
/home/share/Uni_Eval/HAM10000_clean/ISIC2018/ISIC_0024363.jpg,5,5,0.021731261,0.005905176,0.007133091,0.005369991,0.18881303,0.77065784,0.00038962453
/home/share/Uni_Eval/HAM10000_clean/ISIC2018/ISIC_0025169.jpg,5,5,0.0002984026,0.00041038575,0.01646393,0.0011160548,0.45499074,0.5265858,0.00013461261
/home/share/Uni_Eval/HAM10000_clean/ISIC2018/ISIC_0030008.jpg,5,5,0.0031873635,0.0055122934,0.048594702,0.000675067,0.037578046,0.9043666,8.595095e-05
/home/share/Uni_Eval/HAM10000_clean/ISIC2018/ISIC_0031583.jpg,5,5,0.00035360092,0.0005404537,0.0013650971,7.4844895e-05,0.12154737,0.87608933,2.923085e-05
/home/share/Uni_Eval/HAM10000_clean/ISIC2018/ISIC_0025533.jpg,5,5,0.0081819715,0.0030437105,0.0083571235,0.00016378035,0.039500494,0.940672,8.0824e-05
/home/share/Uni_Eval/HAM10000_clean/ISIC2018/ISIC_0028183.jpg,5,5,6.039686e-05,0.000146151,0.0003703424,0.00026006944,0.00015414541,0.99813396,0.0008749138
/home/share/Uni_Eval/HAM10000_clean/ISIC2018/ISIC_0026658.jpg,5,5,0.0010735891,0.00067455735,0.008647025,0.00022593321,0.0022444315,0.9871328,1.6795358e-06
/home/share/Uni_Eval/HAM10000_clean/ISIC2018/ISIC_0032195.jpg,5,5,0.00014718894,0.00014121854,0.004427759,7.4495336e-05,0.108832255,0.88637173,5.3371455e-06
/home/share/Uni_Eval/HAM10000_clean/ISIC2018/ISIC_0027066.jpg,5,5,0.048115596,0.0012520524,0.023825003,0.001276773,0.08908389,0.8364364,1.0253486e-05
/home/share/Uni_Eval/HAM10000_clean/ISIC2018/ISIC_0024680.jpg,5,5,0.00077260967,0.0015178502,0.040598247,0.00015397757,0.053914763,0.90249735,0.0005453052
/home/share/Uni_Eval/HAM10000_clean/ISIC2018/ISIC_0027091.jpg,5,4,0.00064145477,4.445575e-05,0.04490614,0.0004985795,0.8173219,0.13658345,3.954955e-06
/home/share/Uni_Eval/HAM10000_clean/ISIC2018/ISIC_0024497.jpg,5,4,0.16117057,0.009376118,0.26487863,0.00054427184,0.30228606,0.26109907,0.0006452632
/home/share/Uni_Eval/HAM10000_clean/ISIC2018/ISIC_0031960.jpg,5,5,0.008982982,0.0020669596,0.06857927,0.004439421,0.025932165,0.88972706,0.00027223746
/home/share/Uni_Eval/HAM10000_clean/ISIC2018/ISIC_0029554.jpg,5,5,0.027914349,0.04504284,0.005898721,0.00020985163,0.0006770212,0.92025596,1.2612338e-06
/home/share/Uni_Eval/HAM10000_clean/ISIC2018/ISIC_0024578.jpg,5,5,0.05541355,0.007039467,0.39249402,0.018911231,0.012548787,0.5130815,0.00051143294
/home/share/Uni_Eval/HAM10000_clean/ISIC2018/ISIC_0027036.jpg,5,5,0.00048137363,0.00021344106,0.0024108882,0.000261243,0.005800096,0.99078405,4.888919e-05
/home/share/Uni_Eval/HAM10000_clean/ISIC2018/ISIC_0026023.jpg,5,5,0.0012461827,0.11764475,0.029674716,0.0015354028,0.059569333,0.7896703,0.0006594001
/home/share/Uni_Eval/HAM10000_clean/ISIC2018/ISIC_0025936.jpg,5,5,0.00045442817,5.3953514e-05,0.00045692324,8.901362e-05,0.20869945,0.7900654,0.0001807617
/home/share/Uni_Eval/HAM10000_clean/ISIC2018/ISIC_0026216.jpg,5,5,0.006906537,0.015418403,0.015151292,0.0025294258,0.06485676,0.89506763,6.985714e-05
/home/share/Uni_Eval/HAM10000_clean/ISIC2018/ISIC_0028987.jpg,5,5,0.0010382867,0.0064670965,0.028141046,0.0012759938,0.2586924,0.7043351,5.002401e-05
/home/share/Uni_Eval/HAM10000_clean/ISIC2018/ISIC_0029075.jpg,5,5,3.576257e-05,0.00044724642,0.0019923213,3.8369908e-05,0.075828634,0.9216532,4.4812377e-06
/home/share/Uni_Eval/HAM10000_clean/ISIC2018/ISIC_0030451.jpg,5,5,0.11258223,0.019338729,0.110532485,0.0024777623,0.17555134,0.5794866,3.0793886e-05
/home/share/Uni_Eval/HAM10000_clean/ISIC2018/ISIC_0027137.jpg,5,5,0.00313352,0.0016851649,0.14544302,0.0013465931,0.011272194,0.8371145,5.0400317e-06
/home/share/Uni_Eval/HAM10000_clean/ISIC2018/ISIC_0030833.jpg,5,5,0.0015126681,0.0009965483,0.006840837,1.3795004e-05,0.15077095,0.83986443,6.50497e-07
/home/share/Uni_Eval/HAM10000_clean/ISIC2018/ISIC_0030635.jpg,5,5,9.526269e-06,0.0007673676,0.004807597,1.2327251e-05,0.00017563392,0.9942273,1.4936927e-07
/home/share/Uni_Eval/HAM10000_clean/ISIC2018/ISIC_0031991.jpg,5,5,0.0071261204,0.00013458439,0.018294906,0.00046956516,0.0041497448,0.96982265,2.4142275e-06
/home/share/Uni_Eval/HAM10000_clean/ISIC2018/ISIC_0029470.jpg,5,5,0.00025618172,0.00017483142,0.010914035,5.093424e-05,0.3784356,0.61005735,0.00011111372
/home/share/Uni_Eval/HAM10000_clean/ISIC2018/ISIC_0026488.jpg,5,5,0.0022214719,0.0015322594,0.03912775,0.002196411,0.12534906,0.82931775,0.000255245
/home/share/Uni_Eval/HAM10000_clean/ISIC2018/ISIC_0027098.jpg,5,5,0.021520328,0.0047401125,0.2776205,0.0019399294,0.03825243,0.6559265,1.5318533e-07
/home/share/Uni_Eval/HAM10000_clean/ISIC2018/ISIC_0025571.jpg,5,5,0.0021102775,0.011536479,0.0055536907,0.007980333,0.024212478,0.9485917,1.49579e-05
/home/share/Uni_Eval/HAM10000_clean/ISIC2018/ISIC_0024466.jpg,5,1,0.06274264,0.3086305,0.28002667,0.02984822,0.02469378,0.29375046,0.00030774155
/home/share/Uni_Eval/HAM10000_clean/ISIC2018/ISIC_0025892.jpg,5,5,0.0020552308,0.0050698183,0.02972126,0.00012111623,0.19421309,0.7688001,1.943992e-05
/home/share/Uni_Eval/HAM10000_clean/ISIC2018/ISIC_0025488.jpg,5,5,0.0018252777,0.0052074273,0.00097056694,0.0008666828,0.027743664,0.96301866,0.00036776735
/home/share/Uni_Eval/HAM10000_clean/ISIC2018/ISIC_0027997.jpg,5,5,0.014832278,0.2919109,0.25823033,0.0012203242,0.07536295,0.35614192,0.0023013696
/home/share/Uni_Eval/HAM10000_clean/ISIC2018/ISIC_0027578.jpg,5,4,0.0069227195,5.5948633e-05,0.0642014,0.00033242523,0.57388383,0.3545979,5.8017054e-06
/home/share/Uni_Eval/HAM10000_clean/ISIC2018/ISIC_0027475.jpg,5,5,0.00021294001,0.00025657975,0.0013103049,0.00046086634,0.034833055,0.9628461,8.025661e-05
/home/share/Uni_Eval/HAM10000_clean/ISIC2018/ISIC_0031304.jpg,5,5,0.11718468,0.027846783,0.05031864,0.0009821035,0.07556608,0.7281004,1.3428672e-06
/home/share/Uni_Eval/HAM10000_clean/ISIC2018/ISIC_0028809.jpg,5,5,6.461878e-06,2.7513535e-05,0.0011955427,0.00016330942,0.00016555893,0.99844104,6.110761e-07
/home/share/Uni_Eval/HAM10000_clean/ISIC2018/ISIC_0028464.jpg,5,5,0.0025010167,0.005578682,0.09869042,0.013448687,0.061857622,0.8179126,1.0967013e-05
/home/share/Uni_Eval/HAM10000_clean/ISIC2018/ISIC_0027798.jpg,5,5,0.00011785874,0.001402639,0.011363776,0.00020654869,0.022695456,0.964039,0.00017472912
/home/share/Uni_Eval/HAM10000_clean/ISIC2018/ISIC_0024916.jpg,5,5,4.4741242e-05,0.0005535671,0.0024984966,0.004007435,0.012102207,0.9579242,0.022869427
/home/share/Uni_Eval/HAM10000_clean/ISIC2018/ISIC_0030839.jpg,5,5,0.009098656,0.00020780662,0.07090512,0.00056358066,0.1956609,0.7235626,1.3320122e-06
/home/share/Uni_Eval/HAM10000_clean/ISIC2018/ISIC_0030593.jpg,5,5,0.00031534221,8.210733e-05,0.007089337,0.00020846417,0.08758121,0.9047231,4.570432e-07
/home/share/Uni_Eval/HAM10000_clean/ISIC2018/ISIC_0030847.jpg,5,2,0.0077733477,0.025447896,0.478483,0.0019718036,0.25557998,0.23071176,3.2150183e-05
/home/share/Uni_Eval/HAM10000_clean/ISIC2018/ISIC_0029560.jpg,5,5,6.845859e-06,2.0897107e-05,0.00012757802,9.56721e-06,0.00020769841,0.9996263,1.2405444e-06
/home/share/Uni_Eval/HAM10000_clean/ISIC2018/ISIC_0027849.jpg,5,5,0.0031982171,0.004937074,0.06934943,0.0044976287,0.07394461,0.84403116,4.1927502e-05
/home/share/Uni_Eval/HAM10000_clean/ISIC2018/ISIC_0025681.jpg,5,5,0.0027318734,0.0002047237,0.016493361,0.00023744017,0.06881192,0.91151947,1.1856648e-06
/home/share/Uni_Eval/HAM10000_clean/ISIC2018/ISIC_0030912.jpg,5,5,0.0032461127,0.12427625,0.019802297,5.5484757e-05,0.0074666464,0.84468323,0.00047006318
/home/share/Uni_Eval/HAM10000_clean/ISIC2018/ISIC_0027783.jpg,5,5,0.00065451826,0.0038373235,0.073625654,0.00035594992,0.055833742,0.8656821,1.0715442e-05
/home/share/Uni_Eval/HAM10000_clean/ISIC2018/ISIC_0026991.jpg,5,5,2.7159964e-05,5.381654e-05,0.00030751407,0.00028453587,0.0027679857,0.9964839,7.508251e-05
/home/share/Uni_Eval/HAM10000_clean/ISIC2018/ISIC_0025065.jpg,5,5,0.0015035056,0.0077069057,0.0023801995,0.00091928267,0.03018078,0.9573023,7.142341e-06
/home/share/Uni_Eval/HAM10000_clean/ISIC2018/ISIC_0026333.jpg,5,5,4.446689e-05,1.6416796e-05,0.002588864,1.797943e-05,0.0043873126,0.99292654,1.8316092e-05
/home/share/Uni_Eval/HAM10000_clean/ISIC2018/ISIC_0028477.jpg,5,5,4.5987377e-05,0.00074705033,0.009366268,0.00020583517,0.048157107,0.9411554,0.00032226744
/home/share/Uni_Eval/HAM10000_clean/ISIC2018/ISIC_0026603.jpg,5,5,2.2956141e-05,0.0005815741,0.0011882959,0.0023134116,0.09364542,0.9018113,0.00043707894
/home/share/Uni_Eval/HAM10000_clean/ISIC2018/ISIC_0025323.jpg,5,5,9.3953195e-06,0.00022595459,0.0008143369,0.00064503966,0.03651229,0.9616056,0.00018732595
/home/share/Uni_Eval/HAM10000_clean/ISIC2018/ISIC_0024857.jpg,5,5,0.08197806,0.0051714783,0.1460545,0.003256872,0.009791048,0.7533863,0.00036169332
/home/share/Uni_Eval/HAM10000_clean/ISIC2018/ISIC_0026295.jpg,5,5,3.645544e-05,0.00032976244,6.983225e-05,0.0059295488,0.016598785,0.9731339,0.0039016686
/home/share/Uni_Eval/HAM10000_clean/ISIC2018/ISIC_0030485.jpg,5,5,0.00017350152,0.00031183325,0.0020497416,0.00036837318,0.18236737,0.81471145,1.7743661e-05
/home/share/Uni_Eval/HAM10000_clean/ISIC2018/ISIC_0029055.jpg,5,5,3.732756e-05,0.0007510444,0.0022070096,0.00019130265,0.24570824,0.7505079,0.0005971963
/home/share/Uni_Eval/HAM10000_clean/ISIC2018/ISIC_0028067.jpg,5,5,3.988445e-06,2.6208687e-05,9.820036e-05,0.00057733804,0.0018874933,0.9919234,0.005483435
/home/share/Uni_Eval/HAM10000_clean/ISIC2018/ISIC_0030977.jpg,5,5,0.0041229385,0.021802114,0.026871838,0.002018498,0.09742722,0.8473011,0.0004563394
/home/share/Uni_Eval/HAM10000_clean/ISIC2018/ISIC_0024821.jpg,5,5,0.00041337498,0.0022534141,0.023327352,0.002661265,0.006215062,0.96511155,1.8080582e-05
/home/share/Uni_Eval/HAM10000_clean/ISIC2018/ISIC_0029759.jpg,5,5,8.93171e-06,0.008262822,0.00090590806,0.0001964776,0.008596119,0.9810993,0.0009303715
/home/share/Uni_Eval/HAM10000_clean/ISIC2018/ISIC_0030348.jpg,5,5,0.00081546657,9.8162986e-05,0.0035892099,0.000365453,0.074786976,0.92022324,0.00012145648
/home/share/Uni_Eval/HAM10000_clean/ISIC2018/ISIC_0024617.jpg,5,5,2.7054486e-05,0.00010096327,0.0006989128,9.719419e-05,0.0058028586,0.9932238,4.9243077e-05
/home/share/Uni_Eval/HAM10000_clean/ISIC2018/ISIC_0026942.jpg,5,5,0.00017452102,1.3585275e-05,0.05509877,7.266673e-05,0.0030826922,0.9415548,3.0987899e-06
/home/share/Uni_Eval/HAM10000_clean/ISIC2018/ISIC_0030710.jpg,5,5,1.1363467e-05,0.00047000853,0.016415741,0.00016867866,0.014343682,0.9685514,3.9158618e-05
/home/share/Uni_Eval/HAM10000_clean/ISIC2018/ISIC_0030963.jpg,5,5,6.899573e-07,1.728306e-06,0.00025678848,7.131724e-05,0.0002981126,0.9993544,1.6823431e-05
/home/share/Uni_Eval/HAM10000_clean/ISIC2018/ISIC_0030890.jpg,5,5,1.9883122e-05,0.00035839883,0.0062657725,2.1812468e-05,0.14571333,0.8466578,0.00096300145
/home/share/Uni_Eval/HAM10000_clean/ISIC2018/ISIC_0031896.jpg,5,5,0.00010419537,4.8736107e-05,0.022223102,5.4530814e-05,0.11191056,0.86557156,8.741132e-05
/home/share/Uni_Eval/HAM10000_clean/ISIC2018/ISIC_0025956.jpg,5,5,9.257771e-06,4.985867e-05,0.030430961,8.6246786e-05,0.026058065,0.94334936,1.6283571e-05
/home/share/Uni_Eval/HAM10000_clean/ISIC2018/ISIC_0025860.jpg,5,5,1.2968039e-05,0.00014894718,0.0013157197,3.187174e-05,0.020143388,0.9783466,5.359388e-07
/home/share/Uni_Eval/HAM10000_clean/ISIC2018/ISIC_0025473.jpg,5,5,0.0010055716,0.0007934757,0.0075436532,0.00018169162,0.0056805285,0.9846847,0.00011034393
/home/share/Uni_Eval/HAM10000_clean/ISIC2018/ISIC_0024540.jpg,5,5,3.927039e-05,0.00050194154,0.007577277,6.219387e-05,0.017349554,0.9739726,0.0004971594
/home/share/Uni_Eval/HAM10000_clean/ISIC2018/ISIC_0032020.jpg,5,5,3.0517906e-05,4.2443393e-05,0.009659308,1.005678e-05,0.43057922,0.5596452,3.32708e-05
/home/share/Uni_Eval/HAM10000_clean/ISIC2018/ISIC_0028632.jpg,5,5,0.050983977,0.060046762,0.22641745,0.021297015,0.3195782,0.3213577,0.0003189047
/home/share/Uni_Eval/HAM10000_clean/ISIC2018/ISIC_0029537.jpg,5,5,0.0004901325,1.2414758e-05,0.008827498,6.6617786e-06,0.0025935022,0.98806936,4.777603e-07
/home/share/Uni_Eval/HAM10000_clean/ISIC2018/ISIC_0027431.jpg,5,5,0.0012546156,0.001453582,0.044104245,0.0034800684,0.059356138,0.88965625,0.00069504697
/home/share/Uni_Eval/HAM10000_clean/ISIC2018/ISIC_0031395.jpg,5,2,0.24112824,0.06628097,0.4310727,9.7673976e-05,0.037222065,0.2236241,0.00057428255
/home/share/Uni_Eval/HAM10000_clean/ISIC2018/ISIC_0025897.jpg,5,5,0.0009993638,0.0012657999,0.00047349423,0.0005268196,0.01983007,0.97666353,0.00024091068
/home/share/Uni_Eval/HAM10000_clean/ISIC2018/ISIC_0033537.jpg,5,5,0.006063236,0.013570595,0.009166855,0.023955408,0.15898773,0.7874916,0.0007645412
/home/share/Uni_Eval/HAM10000_clean/ISIC2018/ISIC_0032682.jpg,5,5,0.0008000415,0.00052639155,0.010200951,0.0013698483,0.013878865,0.9731621,6.18212e-05
/home/share/Uni_Eval/HAM10000_clean/ISIC2018/ISIC_0032616.jpg,5,5,0.00021933945,0.0007296538,0.00085849117,0.0006757336,0.020429194,0.97625625,0.00083126803
/home/share/Uni_Eval/HAM10000_clean/ISIC2018/ISIC_0033139.jpg,5,2,0.022939742,0.02524013,0.51663136,0.08430276,0.035057593,0.3157917,3.6654743e-05
/home/share/Uni_Eval/HAM10000_clean/ISIC2018/ISIC_0033418.jpg,5,5,1.6073773e-05,6.591874e-05,0.0002093691,0.0013403622,0.21951357,0.7787673,8.743149e-05
/home/share/Uni_Eval/HAM10000_clean/ISIC2018/ISIC_0033364.jpg,5,5,0.007975233,3.16967e-05,0.01131993,0.044113643,0.023821162,0.9127097,2.876447e-05
/home/share/Uni_Eval/HAM10000_clean/ISIC2018/ISIC_0034098.jpg,5,5,0.002196647,0.0072251344,0.035402272,0.048247375,0.116948165,0.78987414,0.00010630681
/home/share/Uni_Eval/HAM10000_clean/ISIC2018/ISIC_0033040.jpg,5,5,9.720777e-05,1.8668803e-05,0.0006579054,0.0005818991,0.056492727,0.9421459,5.7173656e-06
/home/share/Uni_Eval/HAM10000_clean/ISIC2018/ISIC_0032868.jpg,5,5,0.0004676026,0.00026575895,0.02006876,0.018760568,0.030343117,0.9300813,1.2855706e-05
/home/share/Uni_Eval/HAM10000_clean/ISIC2018/ISIC_0034018.jpg,5,5,0.00017956355,0.00012732937,0.010445356,0.00034995365,0.090239525,0.8985541,0.00010416631
/home/share/Uni_Eval/HAM10000_clean/ISIC2018/ISIC_0033464.jpg,5,5,1.8474431e-06,9.320489e-07,0.0001770924,3.6334663e-05,0.0021557754,0.99761754,1.0332491e-05
/home/share/Uni_Eval/HAM10000_clean/ISIC2018/ISIC_0033970.jpg,5,5,0.00013052709,7.279394e-05,0.005655938,0.00034556433,0.023118464,0.9706448,3.2076947e-05
/home/share/Uni_Eval/HAM10000_clean/ISIC2018/ISIC_0033896.jpg,5,5,0.00073466136,0.00041089483,0.0380654,0.002321826,0.08952478,0.86891466,2.7787146e-05
/home/share/Uni_Eval/HAM10000_clean/ISIC2018/ISIC_0032402.jpg,5,5,0.00022781212,0.003062618,0.0015185673,0.0015128986,0.023947421,0.9687826,0.00094809855
/home/share/Uni_Eval/HAM10000_clean/ISIC2018/ISIC_0034309.jpg,5,5,5.2753774e-05,0.000121531404,0.0011851394,0.015974196,0.014972061,0.96756357,0.00013066088
/home/share/Uni_Eval/HAM10000_clean/ISIC2018/ISIC_0033043.jpg,5,5,0.00028754087,0.0012537095,0.0049666576,0.024404395,0.022176044,0.94402,0.0028915508
/home/share/Uni_Eval/HAM10000_clean/ISIC2018/ISIC_0032562.jpg,5,5,0.0019036203,0.000108674314,0.033116844,0.002713787,0.20342217,0.7587299,4.946053e-06
/home/share/Uni_Eval/HAM10000_clean/ISIC2018/ISIC_0033421.jpg,5,5,0.00045867183,0.00028478983,0.0076854727,0.00027696518,0.037636563,0.9536482,9.348242e-06
/home/share/Uni_Eval/HAM10000_clean/ISIC2018/ISIC_0033467.jpg,5,5,1.9205901e-05,4.9759532e-05,0.00053907704,0.0001350377,0.009293588,0.98995847,4.920024e-06
/home/share/Uni_Eval/HAM10000_clean/ISIC2018/ISIC_0032996.jpg,5,5,1.2646593e-05,8.52053e-05,0.00039751752,0.0003065842,0.017753467,0.98113924,0.00030545305
/home/share/Uni_Eval/HAM10000_clean/ISIC2018/ISIC_0033623.jpg,5,5,5.4051625e-06,0.00024307161,0.0018032988,0.0008900374,0.015564203,0.9814765,1.7392456e-05
/home/share/Uni_Eval/HAM10000_clean/ISIC2018/ISIC_0033383.jpg,5,5,3.076547e-05,2.5890578e-05,0.0014313286,0.0017839241,0.054204557,0.9418564,0.0006671202
/home/share/Uni_Eval/HAM10000_clean/ISIC2018/ISIC_0032634.jpg,5,5,0.021387234,0.00965804,0.29884288,0.018676076,0.025342043,0.62557214,0.0005215848
/home/share/Uni_Eval/HAM10000_clean/ISIC2018/ISIC_0033751.jpg,5,5,1.7007886e-05,0.000104664854,0.00038879403,2.606639e-05,0.003287796,0.9961593,1.6287897e-05
/home/share/Uni_Eval/HAM10000_clean/ISIC2018/ISIC_0033065.jpg,5,5,3.833749e-07,1.3242034e-07,0.00018122299,2.5917088e-06,0.001225434,0.9985833,6.9518646e-06
/home/share/Uni_Eval/HAM10000_clean/ISIC2018/ISIC_0033353.jpg,5,5,0.0002187279,0.0016379448,0.004267518,0.0063755577,0.009726425,0.9775758,0.00019809723
/home/share/Uni_Eval/HAM10000_clean/ISIC2018/ISIC_0034019.jpg,5,5,0.0006537894,5.2239364e-05,0.003236864,2.3833294e-05,0.016520606,0.9786189,0.0008937869
/home/share/Uni_Eval/HAM10000_clean/ISIC2018/ISIC_0034154.jpg,5,5,0.00019625878,0.00045721006,0.035274047,8.3209205e-05,0.122115,0.8414383,0.00043594892
/home/share/Uni_Eval/HAM10000_clean/ISIC2018/ISIC_0033597.jpg,5,5,3.898331e-05,5.782111e-05,0.001478218,0.00010002824,0.0007698678,0.99754363,1.1519181e-05
/home/share/Uni_Eval/HAM10000_clean/ISIC2018/ISIC_0033330.jpg,5,5,6.6431585e-06,1.4056326e-05,6.698873e-05,6.121477e-06,0.0011349118,0.99877113,1.4462137e-07
/home/share/Uni_Eval/HAM10000_clean/ISIC2018/ISIC_0033982.jpg,5,5,5.515945e-05,4.8492195e-05,0.00049282174,0.003358617,0.059240803,0.9367204,8.385999e-05
/home/share/Uni_Eval/HAM10000_clean/ISIC2018/ISIC_0027265.jpg,5,5,0.0023219585,0.0010672562,0.010213116,0.0013753705,0.019387087,0.96560884,2.6426764e-05
/home/share/Uni_Eval/HAM10000_clean/ISIC2018/ISIC_0030038.jpg,5,5,0.0013205475,0.0006982549,0.018815173,0.00017436291,0.01815104,0.9607468,9.386003e-05
/home/share/Uni_Eval/HAM10000_clean/ISIC2018/ISIC_0027345.jpg,5,5,0.0019998068,0.006305208,0.21511988,0.00015153324,0.32078534,0.45463488,0.001003468
/home/share/Uni_Eval/HAM10000_clean/ISIC2018/ISIC_0031299.jpg,5,5,0.00015835399,0.0024692002,0.00034309117,0.0014849637,0.20336664,0.79124355,0.0009342418
/home/share/Uni_Eval/HAM10000_clean/ISIC2018/ISIC_0029915.jpg,0,1,0.012654953,0.8419648,0.056041766,0.018655775,0.018638402,0.046484098,0.005560262
/home/share/Uni_Eval/HAM10000_clean/ISIC2018/ISIC_0033456.jpg,0,0,0.47610283,0.08829199,0.35679832,0.03846576,0.038922247,0.00045039188,0.0009684024
/home/share/Uni_Eval/HAM10000_clean/ISIC2018/ISIC_0031191.jpg,0,4,0.011488254,0.1010557,0.03000279,0.0029110045,0.707532,0.14173512,0.0052752113
/home/share/Uni_Eval/HAM10000_clean/ISIC2018/ISIC_0025948.jpg,0,2,0.14186741,0.037569825,0.77827054,8.513517e-05,0.0378187,0.004255894,0.00013253
/home/share/Uni_Eval/HAM10000_clean/ISIC2018/ISIC_0030803.jpg,0,0,0.9252908,0.0137075465,0.03685937,0.01806621,0.0025130082,0.0035015433,6.1468236e-05
/home/share/Uni_Eval/HAM10000_clean/ISIC2018/ISIC_0025069.jpg,0,4,0.11554587,0.2900647,0.0638638,0.0018102574,0.52321607,0.0053526964,0.00014664499
/home/share/Uni_Eval/HAM10000_clean/ISIC2018/ISIC_0028232.jpg,0,0,0.65429014,0.030524636,0.08245921,0.0014720607,0.21034631,0.020899089,8.612936e-06
/home/share/Uni_Eval/HAM10000_clean/ISIC2018/ISIC_0029067.jpg,0,5,0.036484413,0.01364736,0.020249952,0.056877628,0.3366398,0.5359623,0.00013856745
/home/share/Uni_Eval/HAM10000_clean/ISIC2018/ISIC_0025539.jpg,0,2,0.010847649,0.00086610904,0.94444674,0.00039877923,0.008524838,0.034909096,6.764693e-06
/home/share/Uni_Eval/HAM10000_clean/ISIC2018/ISIC_0030191.jpg,0,2,0.05251857,0.016719941,0.5058919,0.0025814467,0.17745061,0.24479146,4.5986835e-05
/home/share/Uni_Eval/HAM10000_clean/ISIC2018/ISIC_0031043.jpg,0,4,0.20318288,0.046114977,0.18918572,0.03686103,0.47913882,0.045176428,0.000340131
/home/share/Uni_Eval/HAM10000_clean/ISIC2018/ISIC_0032455.jpg,0,0,0.56543547,0.07596189,0.031739887,0.17733774,0.09371412,0.052308146,0.003502697
/home/share/Uni_Eval/HAM10000_clean/ISIC2018/ISIC_0027896.jpg,0,0,0.8868267,0.07010374,0.02902538,0.0041240207,0.0070201643,0.0027779804,0.00012206572
/home/share/Uni_Eval/HAM10000_clean/ISIC2018/ISIC_0031044.jpg,0,0,0.9215427,0.0024255335,0.015112087,0.028899785,0.029421765,0.0025947287,3.4249745e-06
/home/share/Uni_Eval/HAM10000_clean/ISIC2018/ISIC_0031012.jpg,0,0,0.817952,0.015871534,0.009156374,0.0042244405,0.0823689,0.07041849,8.36904e-06
/home/share/Uni_Eval/HAM10000_clean/ISIC2018/ISIC_0029533.jpg,0,0,0.8307118,0.061505042,0.011898665,0.0065420256,0.06957335,0.019762527,6.6306297e-06
/home/share/Uni_Eval/HAM10000_clean/ISIC2018/ISIC_0026992.jpg,0,0,0.82712495,0.007776221,0.007939581,0.15352966,0.0013499174,0.0022430879,3.6562513e-05
/home/share/Uni_Eval/HAM10000_clean/ISIC2018/ISIC_0025825.jpg,0,0,0.9483945,0.0009202815,0.012309438,0.0013698769,0.0064342944,0.030551068,2.047029e-05
/home/share/Uni_Eval/HAM10000_clean/ISIC2018/ISIC_0026645.jpg,0,2,0.10557734,0.09026539,0.78457224,1.6290598e-05,0.019097762,0.00031581492,0.00015512056
/home/share/Uni_Eval/HAM10000_clean/ISIC2018/ISIC_0029811.jpg,0,0,0.8287317,0.14531536,0.016322656,0.002397276,0.0063379896,0.00084952364,4.5388013e-05
/home/share/Uni_Eval/HAM10000_clean/ISIC2018/ISIC_0027178.jpg,0,4,0.18250573,0.0015541445,0.3407473,0.0030656068,0.4542385,0.017752698,0.00013597718
/home/share/Uni_Eval/HAM10000_clean/ISIC2018/ISIC_0028872.jpg,0,0,0.67358476,0.072317034,0.11669242,0.05479666,0.003468056,0.07909724,4.3844033e-05
/home/share/Uni_Eval/HAM10000_clean/ISIC2018/ISIC_0031292.jpg,0,0,0.89680606,0.036522634,0.045605503,0.006846699,0.0054355036,0.008768498,1.5117647e-05
/home/share/Uni_Eval/HAM10000_clean/ISIC2018/ISIC_0033494.jpg,0,2,0.10569198,0.15605515,0.5754215,0.06352295,0.018165823,0.0727616,0.008380962
/home/share/Uni_Eval/HAM10000_clean/ISIC2018/ISIC_0026014.jpg,0,0,0.3485088,0.24759707,0.3225035,0.00069793715,0.049128916,0.0315609,2.845833e-06
/home/share/Uni_Eval/HAM10000_clean/ISIC2018/ISIC_0026549.jpg,0,5,0.1650644,0.35993874,0.033747945,7.692186e-05,0.04032152,0.4008004,5.009101e-05
/home/share/Uni_Eval/HAM10000_clean/ISIC2018/ISIC_0030387.jpg,0,5,0.14037214,0.1243809,0.0595447,0.021160992,0.000946471,0.6533245,0.0002702231
/home/share/Uni_Eval/HAM10000_clean/ISIC2018/ISIC_0029573.jpg,0,0,0.7871789,0.036076576,0.0031639931,0.008219993,0.0043285526,0.12996426,0.031067692
/home/share/Uni_Eval/HAM10000_clean/ISIC2018/ISIC_0029268.jpg,0,0,0.49701786,0.16005579,0.19469525,0.005911604,0.11837029,0.023819165,0.00013002328
/home/share/Uni_Eval/HAM10000_clean/ISIC2018/ISIC_0029598.jpg,0,0,0.5458297,0.19371119,0.04171748,0.09674989,0.051661056,0.07027536,5.530353e-05
/home/share/Uni_Eval/HAM10000_clean/ISIC2018/ISIC_0029781.jpg,0,0,0.98477423,0.0022402948,0.00864322,0.002524456,0.0010314666,0.0007788946,7.577312e-06
/home/share/Uni_Eval/HAM10000_clean/ISIC2018/ISIC_0025247.jpg,0,0,0.8672565,0.020363253,0.08338559,0.0022005187,0.0010076641,0.025770122,1.6336513e-05
/home/share/Uni_Eval/HAM10000_clean/ISIC2018/ISIC_0028499.jpg,0,2,0.2001266,0.012047628,0.76808673,0.0030900275,0.0017531657,0.014891447,4.375643e-06
/home/share/Uni_Eval/HAM10000_clean/ISIC2018/ISIC_0030591.jpg,0,0,0.4666174,0.056170236,0.08889287,0.10259726,0.10359125,0.18204421,8.673939e-05
/home/share/Uni_Eval/HAM10000_clean/ISIC2018/ISIC_0029638.jpg,0,2,0.19415587,0.010426947,0.30975106,0.034297027,0.14318484,0.3081822,2.1054755e-06
/home/share/Uni_Eval/HAM10000_clean/ISIC2018/ISIC_0026132.jpg,0,1,0.2838435,0.30206367,0.07677048,0.008580794,0.22168243,0.1070312,2.7987255e-05
/home/share/Uni_Eval/HAM10000_clean/ISIC2018/ISIC_0024763.jpg,0,2,0.39205512,0.0060018506,0.51912326,0.0033264623,0.039058883,0.039144073,0.0012904179
/home/share/Uni_Eval/HAM10000_clean/ISIC2018/ISIC_0028076.jpg,0,2,0.051780816,0.12481301,0.7838313,0.0017060234,0.022440294,0.015423171,5.3404615e-06
/home/share/Uni_Eval/HAM10000_clean/ISIC2018/ISIC_0025957.jpg,0,1,0.34222615,0.39159414,0.098396905,0.031647604,0.1295766,0.0063453526,0.00021327598
/home/share/Uni_Eval/HAM10000_clean/ISIC2018/ISIC_0031927.jpg,0,0,0.8208041,0.038146444,0.12093567,0.0034783748,0.013491207,0.003018104,0.00012610019
/home/share/Uni_Eval/HAM10000_clean/ISIC2018/ISIC_0025264.jpg,0,5,0.25043,0.10811021,0.13033734,0.13621576,0.048115578,0.3254778,0.0013133101
/home/share/Uni_Eval/HAM10000_clean/ISIC2018/ISIC_0026457.jpg,0,0,0.9151235,0.008525181,0.06723442,0.00042669012,0.005524533,0.0031562094,9.486886e-06
/home/share/Uni_Eval/HAM10000_clean/ISIC2018/ISIC_0028763.jpg,0,0,0.44526204,0.1518731,0.07499594,0.016588992,0.281434,0.029469669,0.00037629387
/home/share/Uni_Eval/HAM10000_clean/ISIC2018/ISIC_0025780.jpg,0,0,0.93324476,0.0140332645,0.02761006,0.0020322155,0.01734955,0.005510071,0.00022000392
/home/share/Uni_Eval/HAM10000_clean/ISIC2018/ISIC_0027452.jpg,0,0,0.63772523,0.0029218567,0.087383226,0.012266249,0.16176556,0.097931795,6.0735424e-06
/home/share/Uni_Eval/HAM10000_clean/ISIC2018/ISIC_0027884.jpg,0,0,0.5457459,0.18103361,0.12635767,0.0039306353,0.13124485,0.011326022,0.00036129696
/home/share/Uni_Eval/HAM10000_clean/ISIC2018/ISIC_0027950.jpg,0,0,0.4325487,0.11925063,0.2578188,0.0005594908,0.021150606,0.16864544,2.636266e-05
/home/share/Uni_Eval/HAM10000_clean/ISIC2018/ISIC_0033536.jpg,0,1,0.2552476,0.32253873,0.20673595,0.11406199,0.016825423,0.084219545,0.00037082063
/home/share/Uni_Eval/HAM10000_clean/ISIC2018/ISIC_0032854.jpg,0,0,0.7276157,0.0031390637,0.25033566,0.000854679,0.015450007,0.0025925348,1.2263325e-05
