record_id,reader_id,reader_expertise,test_session_id,round_number,question_number,test_level,test_mode,has_ai_assistance,image_id,isic_id,true_diagnosis,diagnosis_full_name,diagnosis_type,is_malignant,reader_diagnosis,is_correct,is_correct_numeric,response_time_seconds,clinical_decision,requires_intervention,is_completed,pairing_id
1,45accf0ad769f505b9f19ea5e27410b6c4c45356,expert,a1dd0e2aa353b1a15111f77101f30670c49e7f05,1,1,47,without_ai,False,241251,ISIC_5728052,NV,Melanocytic Nevi,benign,False,NV,True,1.0,25.36,dismiss,False,True,45accf0ad769f505b9f19ea5e27410b6c4c45356_241251_1
2,45accf0ad769f505b9f19ea5e27410b6c4c45356,expert,a1dd0e2aa353b1a15111f77101f30670c49e7f05,1,2,47,with_ai,True,241251,ISIC_5728052,NV,Melanocytic Nevi,benign,False,NV,True,1.0,4.01,monitor,False,True,45accf0ad769f505b9f19ea5e27410b6c4c45356_241251_1
3,45accf0ad769f505b9f19ea5e27410b6c4c45356,expert,a1dd0e2aa353b1a15111f77101f30670c49e7f05,1,3,47,without_ai,False,244972,ISIC_1828351,MEL,Melanoma,malignant,True,NV,False,0.0,21.47,dismiss,False,True,45accf0ad769f505b9f19ea5e27410b6c4c45356_244972_1
4,45accf0ad769f505b9f19ea5e27410b6c4c45356,expert,a1dd0e2aa353b1a15111f77101f30670c49e7f05,1,4,47,with_ai,True,244972,ISIC_1828351,MEL,Melanoma,malignant,True,VASC,False,0.0,3.52,monitor,False,True,45accf0ad769f505b9f19ea5e27410b6c4c45356_244972_1
5,45accf0ad769f505b9f19ea5e27410b6c4c45356,expert,a1dd0e2aa353b1a15111f77101f30670c49e7f05,1,5,47,without_ai,False,242800,ISIC_8381176,BKL,Benign Keratosis,benign,False,VASC,False,0.0,5.33,monitor,False,True,45accf0ad769f505b9f19ea5e27410b6c4c45356_242800_1
6,45accf0ad769f505b9f19ea5e27410b6c4c45356,expert,a1dd0e2aa353b1a15111f77101f30670c49e7f05,1,6,47,with_ai,True,242800,ISIC_8381176,BKL,Benign Keratosis,benign,False,DF,False,0.0,2.88,monitor,False,True,45accf0ad769f505b9f19ea5e27410b6c4c45356_242800_1
7,45accf0ad769f505b9f19ea5e27410b6c4c45356,expert,a1dd0e2aa353b1a15111f77101f30670c49e7f05,1,7,47,without_ai,False,241012,ISIC_1063001,BCC,Basal Cell Carcinoma,malignant,True,DF,False,0.0,2.47,monitor,False,True,45accf0ad769f505b9f19ea5e27410b6c4c45356_241012_1
8,45accf0ad769f505b9f19ea5e27410b6c4c45356,expert,a1dd0e2aa353b1a15111f77101f30670c49e7f05,1,8,47,with_ai,True,241012,ISIC_1063001,BCC,Basal Cell Carcinoma,malignant,True,BCC,True,1.0,2.59,biopsy,True,True,45accf0ad769f505b9f19ea5e27410b6c4c45356_241012_1
9,45accf0ad769f505b9f19ea5e27410b6c4c45356,expert,a1dd0e2aa353b1a15111f77101f30670c49e7f05,1,9,47,without_ai,False,244095,ISIC_8291456,BKL,Benign Keratosis,benign,False,VASC,False,0.0,2.29,monitor,False,True,45accf0ad769f505b9f19ea5e27410b6c4c45356_244095_1
10,45accf0ad769f505b9f19ea5e27410b6c4c45356,expert,a1dd0e2aa353b1a15111f77101f30670c49e7f05,1,10,47,with_ai,True,244095,ISIC_8291456,BKL,Benign Keratosis,benign,False,AKIEC,False,0.0,2.92,monitor,False,True,45accf0ad769f505b9f19ea5e27410b6c4c45356_244095_1
11,45accf0ad769f505b9f19ea5e27410b6c4c45356,expert,a1dd0e2aa353b1a15111f77101f30670c49e7f05,1,11,47,without_ai,False,240316,ISIC_0598387,MEL,Melanoma,malignant,True,VASC,False,0.0,2.04,monitor,False,True,45accf0ad769f505b9f19ea5e27410b6c4c45356_240316_1
12,45accf0ad769f505b9f19ea5e27410b6c4c45356,expert,a1dd0e2aa353b1a15111f77101f30670c49e7f05,1,12,47,with_ai,True,240316,ISIC_0598387,MEL,Melanoma,malignant,True,MEL,True,1.0,6.73,biopsy,True,True,45accf0ad769f505b9f19ea5e27410b6c4c45356_240316_1
13,45accf0ad769f505b9f19ea5e27410b6c4c45356,expert,a1dd0e2aa353b1a15111f77101f30670c49e7f05,1,13,47,without_ai,False,240130,ISIC_6141356,NV,Melanocytic Nevi,benign,False,NV,True,1.0,5.68,dismiss,False,True,45accf0ad769f505b9f19ea5e27410b6c4c45356_240130_1
14,45accf0ad769f505b9f19ea5e27410b6c4c45356,expert,a1dd0e2aa353b1a15111f77101f30670c49e7f05,1,14,47,with_ai,True,240130,ISIC_6141356,NV,Melanocytic Nevi,benign,False,NV,True,1.0,4.05,monitor,False,True,45accf0ad769f505b9f19ea5e27410b6c4c45356_240130_1
15,45accf0ad769f505b9f19ea5e27410b6c4c45356,expert,a1dd0e2aa353b1a15111f77101f30670c49e7f05,1,15,47,without_ai,False,243589,ISIC_5242239,NV,Melanocytic Nevi,benign,False,NV,True,1.0,4.44,monitor,False,True,45accf0ad769f505b9f19ea5e27410b6c4c45356_243589_1
16,45accf0ad769f505b9f19ea5e27410b6c4c45356,expert,a1dd0e2aa353b1a15111f77101f30670c49e7f05,1,16,47,with_ai,True,243589,ISIC_5242239,NV,Melanocytic Nevi,benign,False,NV,True,1.0,2.07,monitor,False,True,45accf0ad769f505b9f19ea5e27410b6c4c45356_243589_1
17,45accf0ad769f505b9f19ea5e27410b6c4c45356,expert,a1dd0e2aa353b1a15111f77101f30670c49e7f05,1,17,47,without_ai,False,244307,ISIC_0381744,AKIEC,Actinic Keratosis,premalignant,True,NV,False,0.0,3.03,monitor,False,True,45accf0ad769f505b9f19ea5e27410b6c4c45356_244307_1
18,45accf0ad769f505b9f19ea5e27410b6c4c45356,expert,a1dd0e2aa353b1a15111f77101f30670c49e7f05,1,18,47,with_ai,True,244307,ISIC_0381744,AKIEC,Actinic Keratosis,premalignant,True,VASC,False,0.0,2.02,monitor,False,True,45accf0ad769f505b9f19ea5e27410b6c4c45356_244307_1
19,45accf0ad769f505b9f19ea5e27410b6c4c45356,expert,a1dd0e2aa353b1a15111f77101f30670c49e7f05,1,19,47,without_ai,False,241807,ISIC_3088055,BCC,Basal Cell Carcinoma,malignant,True,VASC,False,0.0,3.07,monitor,False,True,45accf0ad769f505b9f19ea5e27410b6c4c45356_241807_1
20,45accf0ad769f505b9f19ea5e27410b6c4c45356,expert,a1dd0e2aa353b1a15111f77101f30670c49e7f05,1,20,47,with_ai,True,241807,ISIC_3088055,BCC,Basal Cell Carcinoma,malignant,True,BCC,True,1.0,5.54,monitor,False,True,45accf0ad769f505b9f19ea5e27410b6c4c45356_241807_1
21,45accf0ad769f505b9f19ea5e27410b6c4c45356,expert,a1dd0e2aa353b1a15111f77101f30670c49e7f05,1,21,47,without_ai,False,244674,ISIC_8981897,DF,Dermatofibroma,benign,False,DF,True,1.0,5.62,monitor,False,True,45accf0ad769f505b9f19ea5e27410b6c4c45356_244674_1
22,45accf0ad769f505b9f19ea5e27410b6c4c45356,expert,a1dd0e2aa353b1a15111f77101f30670c49e7f05,1,22,47,with_ai,True,244674,ISIC_8981897,DF,Dermatofibroma,benign,False,DF,True,1.0,2.63,monitor,False,True,45accf0ad769f505b9f19ea5e27410b6c4c45356_244674_1
23,45accf0ad769f505b9f19ea5e27410b6c4c45356,expert,a1dd0e2aa353b1a15111f77101f30670c49e7f05,1,23,47,without_ai,False,242776,ISIC_4757362,NV,Melanocytic Nevi,benign,False,NV,True,1.0,4.15,monitor,False,True,45accf0ad769f505b9f19ea5e27410b6c4c45356_242776_1
24,45accf0ad769f505b9f19ea5e27410b6c4c45356,expert,a1dd0e2aa353b1a15111f77101f30670c49e7f05,1,24,47,with_ai,True,242776,ISIC_4757362,NV,Melanocytic Nevi,benign,False,NV,True,1.0,2.33,monitor,False,True,45accf0ad769f505b9f19ea5e27410b6c4c45356_242776_1
25,45accf0ad769f505b9f19ea5e27410b6c4c45356,expert,a1dd0e2aa353b1a15111f77101f30670c49e7f05,1,25,47,without_ai,False,242677,ISIC_6137075,INF,Inflammatory,inflammatory,False,DF,False,0.0,3.86,monitor,False,True,45accf0ad769f505b9f19ea5e27410b6c4c45356_242677_1
26,45accf0ad769f505b9f19ea5e27410b6c4c45356,expert,a1dd0e2aa353b1a15111f77101f30670c49e7f05,1,26,47,with_ai,True,242677,ISIC_6137075,INF,Inflammatory,inflammatory,False,BCC,False,0.0,2.39,monitor,False,True,45accf0ad769f505b9f19ea5e27410b6c4c45356_242677_1
27,45accf0ad769f505b9f19ea5e27410b6c4c45356,expert,a1dd0e2aa353b1a15111f77101f30670c49e7f05,1,27,47,without_ai,False,242762,ISIC_8791057,VASC,Vascular Lesions,benign,False,VASC,True,1.0,5.73,monitor,False,True,45accf0ad769f505b9f19ea5e27410b6c4c45356_242762_1
28,45accf0ad769f505b9f19ea5e27410b6c4c45356,expert,a1dd0e2aa353b1a15111f77101f30670c49e7f05,1,28,47,with_ai,True,242762,ISIC_8791057,VASC,Vascular Lesions,benign,False,AKIEC,False,0.0,3.48,monitor,False,True,45accf0ad769f505b9f19ea5e27410b6c4c45356_242762_1
29,45accf0ad769f505b9f19ea5e27410b6c4c45356,expert,a1dd0e2aa353b1a15111f77101f30670c49e7f05,1,29,47,without_ai,False,241017,ISIC_6161217,SCCKA,Squamous Cell Carcinoma,malignant,True,VASC,False,0.0,2.0,dismiss,False,True,45accf0ad769f505b9f19ea5e27410b6c4c45356_241017_1
30,45accf0ad769f505b9f19ea5e27410b6c4c45356,expert,a1dd0e2aa353b1a15111f77101f30670c49e7f05,1,30,47,with_ai,True,241017,ISIC_6161217,SCCKA,Squamous Cell Carcinoma,malignant,True,AKIEC,False,0.0,4.04,biopsy,True,True,45accf0ad769f505b9f19ea5e27410b6c4c45356_241017_1
31,45accf0ad769f505b9f19ea5e27410b6c4c45356,expert,d41d024b1eb2faf895abfbd586beba553db30798,2,1,47,without_ai,False,240979,ISIC_4763505,BCC,Basal Cell Carcinoma,malignant,True,BCC,True,1.0,25.41,biopsy,True,True,45accf0ad769f505b9f19ea5e27410b6c4c45356_240979_2
32,45accf0ad769f505b9f19ea5e27410b6c4c45356,expert,d41d024b1eb2faf895abfbd586beba553db30798,2,2,47,with_ai,True,240979,ISIC_4763505,BCC,Basal Cell Carcinoma,malignant,True,AKIEC,False,0.0,6.81,local_therapy,True,True,45accf0ad769f505b9f19ea5e27410b6c4c45356_240979_2
33,45accf0ad769f505b9f19ea5e27410b6c4c45356,expert,d41d024b1eb2faf895abfbd586beba553db30798,2,3,47,without_ai,False,243102,ISIC_0368554,BCC,Basal Cell Carcinoma,malignant,True,BCC,True,1.0,6.46,biopsy,True,True,45accf0ad769f505b9f19ea5e27410b6c4c45356_243102_2
34,45accf0ad769f505b9f19ea5e27410b6c4c45356,expert,d41d024b1eb2faf895abfbd586beba553db30798,2,4,47,with_ai,True,243102,ISIC_0368554,BCC,Basal Cell Carcinoma,malignant,True,BCC,True,1.0,2.4,biopsy,True,True,45accf0ad769f505b9f19ea5e27410b6c4c45356_243102_2
35,45accf0ad769f505b9f19ea5e27410b6c4c45356,expert,d41d024b1eb2faf895abfbd586beba553db30798,2,5,47,without_ai,False,243299,ISIC_7436110,NV,Melanocytic Nevi,benign,False,NV,True,1.0,3.21,monitor,False,True,45accf0ad769f505b9f19ea5e27410b6c4c45356_243299_2
36,45accf0ad769f505b9f19ea5e27410b6c4c45356,expert,d41d024b1eb2faf895abfbd586beba553db30798,2,6,47,with_ai,True,243299,ISIC_7436110,NV,Melanocytic Nevi,benign,False,NV,True,1.0,2.2,monitor,False,True,45accf0ad769f505b9f19ea5e27410b6c4c45356_243299_2
37,45accf0ad769f505b9f19ea5e27410b6c4c45356,expert,d41d024b1eb2faf895abfbd586beba553db30798,2,7,47,without_ai,False,243934,ISIC_3688805,BCC,Basal Cell Carcinoma,malignant,True,BCC,True,1.0,6.34,biopsy,True,True,45accf0ad769f505b9f19ea5e27410b6c4c45356_243934_2
38,45accf0ad769f505b9f19ea5e27410b6c4c45356,expert,d41d024b1eb2faf895abfbd586beba553db30798,2,8,47,with_ai,True,243934,ISIC_3688805,BCC,Basal Cell Carcinoma,malignant,True,BCC,True,1.0,1.73,biopsy,True,True,45accf0ad769f505b9f19ea5e27410b6c4c45356_243934_2
39,45accf0ad769f505b9f19ea5e27410b6c4c45356,expert,d41d024b1eb2faf895abfbd586beba553db30798,2,9,47,without_ai,False,242857,ISIC_2128070,SCCKA,Squamous Cell Carcinoma,malignant,True,BCC,False,0.0,4.61,biopsy,True,True,45accf0ad769f505b9f19ea5e27410b6c4c45356_242857_2
40,45accf0ad769f505b9f19ea5e27410b6c4c45356,expert,d41d024b1eb2faf895abfbd586beba553db30798,2,10,47,with_ai,True,242857,ISIC_2128070,SCCKA,Squamous Cell Carcinoma,malignant,True,BCC,False,0.0,2.35,biopsy,True,True,45accf0ad769f505b9f19ea5e27410b6c4c45356_242857_2
41,45accf0ad769f505b9f19ea5e27410b6c4c45356,expert,d41d024b1eb2faf895abfbd586beba553db30798,2,11,47,without_ai,False,243013,ISIC_8858676,BKL,Benign Keratosis,benign,False,BKL,True,1.0,6.09,dismiss,False,True,45accf0ad769f505b9f19ea5e27410b6c4c45356_243013_2
42,45accf0ad769f505b9f19ea5e27410b6c4c45356,expert,d41d024b1eb2faf895abfbd586beba553db30798,2,12,47,with_ai,True,243013,ISIC_8858676,BKL,Benign Keratosis,benign,False,BKL,True,1.0,2.01,dismiss,False,True,45accf0ad769f505b9f19ea5e27410b6c4c45356_243013_2
43,45accf0ad769f505b9f19ea5e27410b6c4c45356,expert,d41d024b1eb2faf895abfbd586beba553db30798,2,13,47,without_ai,False,244306,ISIC_3570541,VASC,Vascular Lesions,benign,False,VASC,True,1.0,3.7,dismiss,False,True,45accf0ad769f505b9f19ea5e27410b6c4c45356_244306_2
44,45accf0ad769f505b9f19ea5e27410b6c4c45356,expert,d41d024b1eb2faf895abfbd586beba553db30798,2,14,47,with_ai,True,244306,ISIC_3570541,VASC,Vascular Lesions,benign,False,VASC,True,1.0,2.12,dismiss,False,True,45accf0ad769f505b9f19ea5e27410b6c4c45356_244306_2
45,45accf0ad769f505b9f19ea5e27410b6c4c45356,expert,d41d024b1eb2faf895abfbd586beba553db30798,2,15,47,without_ai,False,243674,ISIC_0303344,MEL,Melanoma,malignant,True,MEL,True,1.0,10.03,biopsy,True,True,45accf0ad769f505b9f19ea5e27410b6c4c45356_243674_2
46,45accf0ad769f505b9f19ea5e27410b6c4c45356,expert,d41d024b1eb2faf895abfbd586beba553db30798,2,16,47,with_ai,True,243674,ISIC_0303344,MEL,Melanoma,malignant,True,MEL,True,1.0,7.23,biopsy,True,True,45accf0ad769f505b9f19ea5e27410b6c4c45356_243674_2
47,45accf0ad769f505b9f19ea5e27410b6c4c45356,expert,d41d024b1eb2faf895abfbd586beba553db30798,2,17,47,without_ai,False,244686,ISIC_2515838,OTHER_BENIGN,Other Benign,benign,False,OTHER_BENIGN,True,1.0,5.98,biopsy,True,True,45accf0ad769f505b9f19ea5e27410b6c4c45356_244686_2
48,45accf0ad769f505b9f19ea5e27410b6c4c45356,expert,d41d024b1eb2faf895abfbd586beba553db30798,2,18,47,with_ai,True,244686,ISIC_2515838,OTHER_BENIGN,Other Benign,benign,False,OTHER_BENIGN,True,1.0,5.04,biopsy,True,True,45accf0ad769f505b9f19ea5e27410b6c4c45356_244686_2
49,45accf0ad769f505b9f19ea5e27410b6c4c45356,expert,d41d024b1eb2faf895abfbd586beba553db30798,2,19,47,without_ai,False,242029,ISIC_8120902,AKIEC,Actinic Keratosis,premalignant,True,AKIEC,True,1.0,5.14,biopsy,True,True,45accf0ad769f505b9f19ea5e27410b6c4c45356_242029_2
50,45accf0ad769f505b9f19ea5e27410b6c4c45356,expert,d41d024b1eb2faf895abfbd586beba553db30798,2,20,47,with_ai,True,242029,ISIC_8120902,AKIEC,Actinic Keratosis,premalignant,True,AKIEC,True,1.0,2.42,biopsy,True,True,45accf0ad769f505b9f19ea5e27410b6c4c45356_242029_2
51,45accf0ad769f505b9f19ea5e27410b6c4c45356,expert,d41d024b1eb2faf895abfbd586beba553db30798,2,21,47,without_ai,False,240827,ISIC_5461210,MEL,Melanoma,malignant,True,MEL,True,1.0,4.4,biopsy,True,True,45accf0ad769f505b9f19ea5e27410b6c4c45356_240827_2
52,45accf0ad769f505b9f19ea5e27410b6c4c45356,expert,d41d024b1eb2faf895abfbd586beba553db30798,2,22,47,with_ai,True,240827,ISIC_5461210,MEL,Melanoma,malignant,True,MEL,True,1.0,14.15,biopsy,True,True,45accf0ad769f505b9f19ea5e27410b6c4c45356_240827_2
53,45accf0ad769f505b9f19ea5e27410b6c4c45356,expert,d41d024b1eb2faf895abfbd586beba553db30798,2,23,47,without_ai,False,243718,ISIC_7302180,NV,Melanocytic Nevi,benign,False,NV,True,1.0,4.35,monitor,False,True,45accf0ad769f505b9f19ea5e27410b6c4c45356_243718_2
54,45accf0ad769f505b9f19ea5e27410b6c4c45356,expert,d41d024b1eb2faf895abfbd586beba553db30798,2,24,47,with_ai,True,243718,ISIC_7302180,NV,Melanocytic Nevi,benign,False,NV,True,1.0,1.8,monitor,False,True,45accf0ad769f505b9f19ea5e27410b6c4c45356_243718_2
55,45accf0ad769f505b9f19ea5e27410b6c4c45356,expert,d41d024b1eb2faf895abfbd586beba553db30798,2,25,47,without_ai,False,244719,ISIC_0290183,NV,Melanocytic Nevi,benign,False,NV,True,1.0,3.75,monitor,False,True,45accf0ad769f505b9f19ea5e27410b6c4c45356_244719_2
56,45accf0ad769f505b9f19ea5e27410b6c4c45356,expert,d41d024b1eb2faf895abfbd586beba553db30798,2,26,47,with_ai,True,244719,ISIC_0290183,NV,Melanocytic Nevi,benign,False,NV,True,1.0,2.35,monitor,False,True,45accf0ad769f505b9f19ea5e27410b6c4c45356_244719_2
57,45accf0ad769f505b9f19ea5e27410b6c4c45356,expert,d41d024b1eb2faf895abfbd586beba553db30798,2,27,47,without_ai,False,243889,ISIC_6488682,BKL,Benign Keratosis,benign,False,BCC,False,0.0,5.97,biopsy,True,True,45accf0ad769f505b9f19ea5e27410b6c4c45356_243889_2
58,45accf0ad769f505b9f19ea5e27410b6c4c45356,expert,d41d024b1eb2faf895abfbd586beba553db30798,2,28,47,with_ai,True,243889,ISIC_6488682,BKL,Benign Keratosis,benign,False,BCC,False,0.0,2.32,biopsy,True,True,45accf0ad769f505b9f19ea5e27410b6c4c45356_243889_2
59,45accf0ad769f505b9f19ea5e27410b6c4c45356,expert,d41d024b1eb2faf895abfbd586beba553db30798,2,29,47,without_ai,False,241095,ISIC_9157592,DF,Dermatofibroma,benign,False,BCC,False,0.0,10.06,biopsy,True,True,45accf0ad769f505b9f19ea5e27410b6c4c45356_241095_2
60,45accf0ad769f505b9f19ea5e27410b6c4c45356,expert,d41d024b1eb2faf895abfbd586beba553db30798,2,30,47,with_ai,True,241095,ISIC_9157592,DF,Dermatofibroma,benign,False,AKIEC,False,0.0,3.82,biopsy,True,True,45accf0ad769f505b9f19ea5e27410b6c4c45356_241095_2
61,45accf0ad769f505b9f19ea5e27410b6c4c45356,expert,7fb039c220941b15cab47678f60403cc0d0733db,3,1,47,without_ai,False,243774,ISIC_8508207,BKL,Benign Keratosis,benign,False,BKL,True,1.0,6.01,dismiss,False,True,45accf0ad769f505b9f19ea5e27410b6c4c45356_243774_3
62,45accf0ad769f505b9f19ea5e27410b6c4c45356,expert,7fb039c220941b15cab47678f60403cc0d0733db,3,2,47,with_ai,True,243774,ISIC_8508207,BKL,Benign Keratosis,benign,False,BKL,True,1.0,3.23,dismiss,False,True,45accf0ad769f505b9f19ea5e27410b6c4c45356_243774_3
63,45accf0ad769f505b9f19ea5e27410b6c4c45356,expert,7fb039c220941b15cab47678f60403cc0d0733db,3,3,47,without_ai,False,241768,ISIC_4478363,MEL,Melanoma,malignant,True,MEL,True,1.0,4.88,biopsy,True,True,45accf0ad769f505b9f19ea5e27410b6c4c45356_241768_3
64,45accf0ad769f505b9f19ea5e27410b6c4c45356,expert,7fb039c220941b15cab47678f60403cc0d0733db,3,4,47,with_ai,True,241768,ISIC_4478363,MEL,Melanoma,malignant,True,MEL,True,1.0,4.35,biopsy,True,True,45accf0ad769f505b9f19ea5e27410b6c4c45356_241768_3
65,45accf0ad769f505b9f19ea5e27410b6c4c45356,expert,7fb039c220941b15cab47678f60403cc0d0733db,3,5,47,without_ai,False,242863,ISIC_8042747,BCC,Basal Cell Carcinoma,malignant,True,BCC,True,1.0,5.39,biopsy,True,True,45accf0ad769f505b9f19ea5e27410b6c4c45356_242863_3
66,45accf0ad769f505b9f19ea5e27410b6c4c45356,expert,7fb039c220941b15cab47678f60403cc0d0733db,3,6,47,with_ai,True,242863,ISIC_8042747,BCC,Basal Cell Carcinoma,malignant,True,BCC,True,1.0,2.41,biopsy,True,True,45accf0ad769f505b9f19ea5e27410b6c4c45356_242863_3
67,45accf0ad769f505b9f19ea5e27410b6c4c45356,expert,7fb039c220941b15cab47678f60403cc0d0733db,3,7,47,without_ai,False,244420,ISIC_0311944,INF,Inflammatory,inflammatory,False,OTHER_BENIGN,False,0.0,14.08,dismiss,False,True,45accf0ad769f505b9f19ea5e27410b6c4c45356_244420_3
68,45accf0ad769f505b9f19ea5e27410b6c4c45356,expert,7fb039c220941b15cab47678f60403cc0d0733db,3,8,47,with_ai,True,244420,ISIC_0311944,INF,Inflammatory,inflammatory,False,OTHER_BENIGN,False,0.0,7.52,dismiss,False,True,45accf0ad769f505b9f19ea5e27410b6c4c45356_244420_3
69,45accf0ad769f505b9f19ea5e27410b6c4c45356,expert,7fb039c220941b15cab47678f60403cc0d0733db,3,9,47,without_ai,False,244070,ISIC_8040056,NV,Melanocytic Nevi,benign,False,NV,True,1.0,9.93,dismiss,False,True,45accf0ad769f505b9f19ea5e27410b6c4c45356_244070_3
70,45accf0ad769f505b9f19ea5e27410b6c4c45356,expert,7fb039c220941b15cab47678f60403cc0d0733db,3,10,47,with_ai,True,244070,ISIC_8040056,NV,Melanocytic Nevi,benign,False,NV,True,1.0,2.74,dismiss,False,True,45accf0ad769f505b9f19ea5e27410b6c4c45356_244070_3
71,45accf0ad769f505b9f19ea5e27410b6c4c45356,expert,7fb039c220941b15cab47678f60403cc0d0733db,3,11,47,without_ai,False,241255,ISIC_0350747,NV,Melanocytic Nevi,benign,False,NV,True,1.0,3.35,dismiss,False,True,45accf0ad769f505b9f19ea5e27410b6c4c45356_241255_3
72,45accf0ad769f505b9f19ea5e27410b6c4c45356,expert,7fb039c220941b15cab47678f60403cc0d0733db,3,12,47,with_ai,True,241255,ISIC_0350747,NV,Melanocytic Nevi,benign,False,NV,True,1.0,2.14,dismiss,False,True,45accf0ad769f505b9f19ea5e27410b6c4c45356_241255_3
73,45accf0ad769f505b9f19ea5e27410b6c4c45356,expert,7fb039c220941b15cab47678f60403cc0d0733db,3,13,47,without_ai,False,241596,ISIC_1996485,VASC,Vascular Lesions,benign,False,VASC,True,1.0,6.17,dismiss,False,True,45accf0ad769f505b9f19ea5e27410b6c4c45356_241596_3
74,45accf0ad769f505b9f19ea5e27410b6c4c45356,expert,7fb039c220941b15cab47678f60403cc0d0733db,3,14,47,with_ai,True,241596,ISIC_1996485,VASC,Vascular Lesions,benign,False,VASC,True,1.0,23.79,biopsy,True,True,45accf0ad769f505b9f19ea5e27410b6c4c45356_241596_3
75,45accf0ad769f505b9f19ea5e27410b6c4c45356,expert,7fb039c220941b15cab47678f60403cc0d0733db,3,15,47,without_ai,False,241826,ISIC_9442868,AKIEC,Actinic Keratosis,premalignant,True,BKL,False,0.0,6.27,monitor,False,True,45accf0ad769f505b9f19ea5e27410b6c4c45356_241826_3
76,45accf0ad769f505b9f19ea5e27410b6c4c45356,expert,7fb039c220941b15cab47678f60403cc0d0733db,3,16,47,with_ai,True,241826,ISIC_9442868,AKIEC,Actinic Keratosis,premalignant,True,BKL,False,0.0,2.3,monitor,False,True,45accf0ad769f505b9f19ea5e27410b6c4c45356_241826_3
77,45accf0ad769f505b9f19ea5e27410b6c4c45356,expert,7fb039c220941b15cab47678f60403cc0d0733db,3,17,47,without_ai,False,242070,ISIC_6070426,DF,Dermatofibroma,benign,False,INF,False,0.0,5.35,dismiss,False,True,45accf0ad769f505b9f19ea5e27410b6c4c45356_242070_3
78,45accf0ad769f505b9f19ea5e27410b6c4c45356,expert,7fb039c220941b15cab47678f60403cc0d0733db,3,18,47,with_ai,True,242070,ISIC_6070426,DF,Dermatofibroma,benign,False,INF,False,0.0,5.7,monitor,False,True,45accf0ad769f505b9f19ea5e27410b6c4c45356_242070_3
79,45accf0ad769f505b9f19ea5e27410b6c4c45356,expert,7fb039c220941b15cab47678f60403cc0d0733db,3,19,47,without_ai,False,241643,ISIC_5513367,MEL,Melanoma,malignant,True,MEL,True,1.0,4.3,biopsy,True,True,45accf0ad769f505b9f19ea5e27410b6c4c45356_241643_3
80,45accf0ad769f505b9f19ea5e27410b6c4c45356,expert,7fb039c220941b15cab47678f60403cc0d0733db,3,20,47,with_ai,True,241643,ISIC_5513367,MEL,Melanoma,malignant,True,MEL,True,1.0,2.23,biopsy,True,True,45accf0ad769f505b9f19ea5e27410b6c4c45356_241643_3
81,45accf0ad769f505b9f19ea5e27410b6c4c45356,expert,7fb039c220941b15cab47678f60403cc0d0733db,3,21,47,without_ai,False,241813,ISIC_9002119,BCC,Basal Cell Carcinoma,malignant,True,BCC,True,1.0,5.03,biopsy,True,True,45accf0ad769f505b9f19ea5e27410b6c4c45356_241813_3
82,45accf0ad769f505b9f19ea5e27410b6c4c45356,expert,7fb039c220941b15cab47678f60403cc0d0733db,3,22,47,with_ai,True,241813,ISIC_9002119,BCC,Basal Cell Carcinoma,malignant,True,BCC,True,1.0,1.86,biopsy,True,True,45accf0ad769f505b9f19ea5e27410b6c4c45356_241813_3
83,45accf0ad769f505b9f19ea5e27410b6c4c45356,expert,7fb039c220941b15cab47678f60403cc0d0733db,3,23,47,without_ai,False,244015,ISIC_7034620,BCC,Basal Cell Carcinoma,malignant,True,BCC,True,1.0,8.92,biopsy,True,True,45accf0ad769f505b9f19ea5e27410b6c4c45356_244015_3
84,45accf0ad769f505b9f19ea5e27410b6c4c45356,expert,7fb039c220941b15cab47678f60403cc0d0733db,3,24,47,with_ai,True,244015,ISIC_7034620,BCC,Basal Cell Carcinoma,malignant,True,BCC,True,1.0,2.31,biopsy,True,True,45accf0ad769f505b9f19ea5e27410b6c4c45356_244015_3
85,45accf0ad769f505b9f19ea5e27410b6c4c45356,expert,7fb039c220941b15cab47678f60403cc0d0733db,3,25,47,without_ai,False,241771,ISIC_8604662,SCCKA,Squamous Cell Carcinoma,malignant,True,AKIEC,False,0.0,9.72,local_therapy,True,True,45accf0ad769f505b9f19ea5e27410b6c4c45356_241771_3
86,45accf0ad769f505b9f19ea5e27410b6c4c45356,expert,7fb039c220941b15cab47678f60403cc0d0733db,3,26,47,with_ai,True,241771,ISIC_8604662,SCCKA,Squamous Cell Carcinoma,malignant,True,AKIEC,False,0.0,9.08,biopsy,True,True,45accf0ad769f505b9f19ea5e27410b6c4c45356_241771_3
87,45accf0ad769f505b9f19ea5e27410b6c4c45356,expert,7fb039c220941b15cab47678f60403cc0d0733db,3,27,47,without_ai,False,243321,ISIC_8319384,BKL,Benign Keratosis,benign,False,SCCKA,False,0.0,7.54,biopsy,True,True,45accf0ad769f505b9f19ea5e27410b6c4c45356_243321_3
88,45accf0ad769f505b9f19ea5e27410b6c4c45356,expert,7fb039c220941b15cab47678f60403cc0d0733db,3,28,47,with_ai,True,243321,ISIC_8319384,BKL,Benign Keratosis,benign,False,SCCKA,False,0.0,1.73,biopsy,True,True,45accf0ad769f505b9f19ea5e27410b6c4c45356_243321_3
89,45accf0ad769f505b9f19ea5e27410b6c4c45356,expert,7fb039c220941b15cab47678f60403cc0d0733db,3,29,47,without_ai,False,244879,ISIC_7340333,NV,Melanocytic Nevi,benign,False,BCC,False,0.0,14.47,biopsy,True,True,45accf0ad769f505b9f19ea5e27410b6c4c45356_244879_3
90,45accf0ad769f505b9f19ea5e27410b6c4c45356,expert,7fb039c220941b15cab47678f60403cc0d0733db,3,30,47,with_ai,True,244879,ISIC_7340333,NV,Melanocytic Nevi,benign,False,NV,True,1.0,6.5,dismiss,False,True,45accf0ad769f505b9f19ea5e27410b6c4c45356_244879_3
91,45accf0ad769f505b9f19ea5e27410b6c4c45356,expert,44f8eeeec1b6e6a3001ef51b7d940ea96545eae2,4,1,47,without_ai,False,241588,ISIC_8912166,MEL,Melanoma,malignant,True,MEL,True,1.0,9.39,biopsy,True,True,45accf0ad769f505b9f19ea5e27410b6c4c45356_241588_4
92,45accf0ad769f505b9f19ea5e27410b6c4c45356,expert,44f8eeeec1b6e6a3001ef51b7d940ea96545eae2,4,2,47,with_ai,True,241588,ISIC_8912166,MEL,Melanoma,malignant,True,MEL,True,1.0,2.26,biopsy,True,True,45accf0ad769f505b9f19ea5e27410b6c4c45356_241588_4
93,45accf0ad769f505b9f19ea5e27410b6c4c45356,expert,44f8eeeec1b6e6a3001ef51b7d940ea96545eae2,4,3,47,without_ai,False,243017,ISIC_2205902,NV,Melanocytic Nevi,benign,False,NV,True,1.0,6.22,dismiss,False,True,45accf0ad769f505b9f19ea5e27410b6c4c45356_243017_4
94,45accf0ad769f505b9f19ea5e27410b6c4c45356,expert,44f8eeeec1b6e6a3001ef51b7d940ea96545eae2,4,4,47,with_ai,True,243017,ISIC_2205902,NV,Melanocytic Nevi,benign,False,NV,True,1.0,3.88,dismiss,False,True,45accf0ad769f505b9f19ea5e27410b6c4c45356_243017_4
95,45accf0ad769f505b9f19ea5e27410b6c4c45356,expert,44f8eeeec1b6e6a3001ef51b7d940ea96545eae2,4,5,47,without_ai,False,240452,ISIC_5587236,NV,Melanocytic Nevi,benign,False,NV,True,1.0,3.3,monitor,False,True,45accf0ad769f505b9f19ea5e27410b6c4c45356_240452_4
96,45accf0ad769f505b9f19ea5e27410b6c4c45356,expert,44f8eeeec1b6e6a3001ef51b7d940ea96545eae2,4,6,47,with_ai,True,240452,ISIC_5587236,NV,Melanocytic Nevi,benign,False,NV,True,1.0,2.48,monitor,False,True,45accf0ad769f505b9f19ea5e27410b6c4c45356_240452_4
97,45accf0ad769f505b9f19ea5e27410b6c4c45356,expert,44f8eeeec1b6e6a3001ef51b7d940ea96545eae2,4,7,47,without_ai,False,241827,ISIC_6171588,BCC,Basal Cell Carcinoma,malignant,True,BCC,True,1.0,3.96,biopsy,True,True,45accf0ad769f505b9f19ea5e27410b6c4c45356_241827_4
98,45accf0ad769f505b9f19ea5e27410b6c4c45356,expert,44f8eeeec1b6e6a3001ef51b7d940ea96545eae2,4,8,47,with_ai,True,241827,ISIC_6171588,BCC,Basal Cell Carcinoma,malignant,True,BCC,True,1.0,2.62,biopsy,True,True,45accf0ad769f505b9f19ea5e27410b6c4c45356_241827_4
99,45accf0ad769f505b9f19ea5e27410b6c4c45356,expert,44f8eeeec1b6e6a3001ef51b7d940ea96545eae2,4,9,47,without_ai,False,241463,ISIC_8616033,MEL,Melanoma,malignant,True,OTHER_BENIGN,False,0.0,8.02,dismiss,False,True,45accf0ad769f505b9f19ea5e27410b6c4c45356_241463_4
100,45accf0ad769f505b9f19ea5e27410b6c4c45356,expert,44f8eeeec1b6e6a3001ef51b7d940ea96545eae2,4,10,47,with_ai,True,241463,ISIC_8616033,MEL,Melanoma,malignant,True,OTHER_BENIGN,False,0.0,2.94,dismiss,False,True,45accf0ad769f505b9f19ea5e27410b6c4c45356_241463_4
101,45accf0ad769f505b9f19ea5e27410b6c4c45356,expert,44f8eeeec1b6e6a3001ef51b7d940ea96545eae2,4,11,47,without_ai,False,241004,ISIC_1708907,VASC,Vascular Lesions,benign,False,VASC,True,1.0,5.05,dismiss,False,True,45accf0ad769f505b9f19ea5e27410b6c4c45356_241004_4
102,45accf0ad769f505b9f19ea5e27410b6c4c45356,expert,44f8eeeec1b6e6a3001ef51b7d940ea96545eae2,4,12,47,with_ai,True,241004,ISIC_1708907,VASC,Vascular Lesions,benign,False,VASC,True,1.0,4.43,dismiss,False,True,45accf0ad769f505b9f19ea5e27410b6c4c45356_241004_4
103,45accf0ad769f505b9f19ea5e27410b6c4c45356,expert,44f8eeeec1b6e6a3001ef51b7d940ea96545eae2,4,13,47,without_ai,False,241921,ISIC_3788562,BCC,Basal Cell Carcinoma,malignant,True,BCC,True,1.0,3.52,biopsy,True,True,45accf0ad769f505b9f19ea5e27410b6c4c45356_241921_4
104,45accf0ad769f505b9f19ea5e27410b6c4c45356,expert,44f8eeeec1b6e6a3001ef51b7d940ea96545eae2,4,14,47,with_ai,True,241921,ISIC_3788562,BCC,Basal Cell Carcinoma,malignant,True,BCC,True,1.0,2.45,biopsy,True,True,45accf0ad769f505b9f19ea5e27410b6c4c45356_241921_4
105,45accf0ad769f505b9f19ea5e27410b6c4c45356,expert,44f8eeeec1b6e6a3001ef51b7d940ea96545eae2,4,15,47,without_ai,False,242230,ISIC_1266614,AKIEC,Actinic Keratosis,premalignant,True,AKIEC,True,1.0,14.64,biopsy,True,True,45accf0ad769f505b9f19ea5e27410b6c4c45356_242230_4
106,45accf0ad769f505b9f19ea5e27410b6c4c45356,expert,44f8eeeec1b6e6a3001ef51b7d940ea96545eae2,4,16,47,with_ai,True,242230,ISIC_1266614,AKIEC,Actinic Keratosis,premalignant,True,AKIEC,True,1.0,1.79,biopsy,True,True,45accf0ad769f505b9f19ea5e27410b6c4c45356_242230_4
107,45accf0ad769f505b9f19ea5e27410b6c4c45356,expert,44f8eeeec1b6e6a3001ef51b7d940ea96545eae2,4,17,47,without_ai,False,243191,ISIC_2510819,SCCKA,Squamous Cell Carcinoma,malignant,True,AKIEC,False,0.0,13.23,biopsy,True,True,45accf0ad769f505b9f19ea5e27410b6c4c45356_243191_4
108,45accf0ad769f505b9f19ea5e27410b6c4c45356,expert,44f8eeeec1b6e6a3001ef51b7d940ea96545eae2,4,18,47,with_ai,True,243191,ISIC_2510819,SCCKA,Squamous Cell Carcinoma,malignant,True,AKIEC,False,0.0,1.92,biopsy,True,True,45accf0ad769f505b9f19ea5e27410b6c4c45356_243191_4
109,45accf0ad769f505b9f19ea5e27410b6c4c45356,expert,44f8eeeec1b6e6a3001ef51b7d940ea96545eae2,4,19,47,without_ai,False,241652,ISIC_7896796,BKL,Benign Keratosis,benign,False,BKL,True,1.0,8.11,dismiss,False,True,45accf0ad769f505b9f19ea5e27410b6c4c45356_241652_4
110,45accf0ad769f505b9f19ea5e27410b6c4c45356,expert,44f8eeeec1b6e6a3001ef51b7d940ea96545eae2,4,20,47,with_ai,True,241652,ISIC_7896796,BKL,Benign Keratosis,benign,False,BKL,True,1.0,3.24,dismiss,False,True,45accf0ad769f505b9f19ea5e27410b6c4c45356_241652_4
111,45accf0ad769f505b9f19ea5e27410b6c4c45356,expert,44f8eeeec1b6e6a3001ef51b7d940ea96545eae2,4,21,47,without_ai,False,241472,ISIC_6353654,NV,Melanocytic Nevi,benign,False,NV,True,1.0,2.9,monitor,False,True,45accf0ad769f505b9f19ea5e27410b6c4c45356_241472_4
112,45accf0ad769f505b9f19ea5e27410b6c4c45356,expert,44f8eeeec1b6e6a3001ef51b7d940ea96545eae2,4,22,47,with_ai,True,241472,ISIC_6353654,NV,Melanocytic Nevi,benign,False,NV,True,1.0,3.4,monitor,False,True,45accf0ad769f505b9f19ea5e27410b6c4c45356_241472_4
113,45accf0ad769f505b9f19ea5e27410b6c4c45356,expert,44f8eeeec1b6e6a3001ef51b7d940ea96545eae2,4,23,47,without_ai,False,244063,ISIC_2501558,OTHER_BENIGN,Other Benign,benign,False,OTHER_BENIGN,True,1.0,6.62,dismiss,False,True,45accf0ad769f505b9f19ea5e27410b6c4c45356_244063_4
114,45accf0ad769f505b9f19ea5e27410b6c4c45356,expert,44f8eeeec1b6e6a3001ef51b7d940ea96545eae2,4,24,47,with_ai,True,244063,ISIC_2501558,OTHER_BENIGN,Other Benign,benign,False,OTHER_BENIGN,True,1.0,2.35,dismiss,False,True,45accf0ad769f505b9f19ea5e27410b6c4c45356_244063_4
115,45accf0ad769f505b9f19ea5e27410b6c4c45356,expert,44f8eeeec1b6e6a3001ef51b7d940ea96545eae2,4,25,47,without_ai,False,243681,ISIC_2516006,DF,Dermatofibroma,benign,False,DF,True,1.0,12.31,biopsy,True,True,45accf0ad769f505b9f19ea5e27410b6c4c45356_243681_4
116,45accf0ad769f505b9f19ea5e27410b6c4c45356,expert,44f8eeeec1b6e6a3001ef51b7d940ea96545eae2,4,26,47,with_ai,True,243681,ISIC_2516006,DF,Dermatofibroma,benign,False,DF,True,1.0,4.27,biopsy,True,True,45accf0ad769f505b9f19ea5e27410b6c4c45356_243681_4
117,45accf0ad769f505b9f19ea5e27410b6c4c45356,expert,44f8eeeec1b6e6a3001ef51b7d940ea96545eae2,4,27,47,without_ai,False,244337,ISIC_5804522,BCC,Basal Cell Carcinoma,malignant,True,BCC,True,1.0,2.95,biopsy,True,True,45accf0ad769f505b9f19ea5e27410b6c4c45356_244337_4
118,45accf0ad769f505b9f19ea5e27410b6c4c45356,expert,44f8eeeec1b6e6a3001ef51b7d940ea96545eae2,4,28,47,with_ai,True,244337,ISIC_5804522,BCC,Basal Cell Carcinoma,malignant,True,BCC,True,1.0,1.78,biopsy,True,True,45accf0ad769f505b9f19ea5e27410b6c4c45356_244337_4
119,45accf0ad769f505b9f19ea5e27410b6c4c45356,expert,44f8eeeec1b6e6a3001ef51b7d940ea96545eae2,4,29,47,without_ai,False,242099,ISIC_8056101,BKL,Benign Keratosis,benign,False,SCCKA,False,0.0,4.77,biopsy,True,True,45accf0ad769f505b9f19ea5e27410b6c4c45356_242099_4
120,45accf0ad769f505b9f19ea5e27410b6c4c45356,expert,44f8eeeec1b6e6a3001ef51b7d940ea96545eae2,4,30,47,with_ai,True,242099,ISIC_8056101,BKL,Benign Keratosis,benign,False,SCCKA,False,0.0,2.43,biopsy,True,True,45accf0ad769f505b9f19ea5e27410b6c4c45356_242099_4
121,cf65e886fbab3522b0e3133f80a4b85a66499f73,expert,7011e3918e4f68c5e257d51eb99d0f6aa23a2103,1,1,47,without_ai,False,244943,ISIC_5960820,BCC,Basal Cell Carcinoma,malignant,True,BCC,True,1.0,4.21,biopsy,True,True,cf65e886fbab3522b0e3133f80a4b85a66499f73_244943_1
122,cf65e886fbab3522b0e3133f80a4b85a66499f73,expert,7011e3918e4f68c5e257d51eb99d0f6aa23a2103,1,2,47,with_ai,True,244943,ISIC_5960820,BCC,Basal Cell Carcinoma,malignant,True,BCC,True,1.0,1.66,biopsy,True,True,cf65e886fbab3522b0e3133f80a4b85a66499f73_244943_1
123,cf65e886fbab3522b0e3133f80a4b85a66499f73,expert,7011e3918e4f68c5e257d51eb99d0f6aa23a2103,1,3,47,without_ai,False,241136,ISIC_9404484,BKL,Benign Keratosis,benign,False,BKL,True,1.0,3.27,dismiss,False,True,cf65e886fbab3522b0e3133f80a4b85a66499f73_241136_1
124,cf65e886fbab3522b0e3133f80a4b85a66499f73,expert,7011e3918e4f68c5e257d51eb99d0f6aa23a2103,1,4,47,with_ai,True,241136,ISIC_9404484,BKL,Benign Keratosis,benign,False,BKL,True,1.0,1.09,dismiss,False,True,cf65e886fbab3522b0e3133f80a4b85a66499f73_241136_1
125,cf65e886fbab3522b0e3133f80a4b85a66499f73,expert,7011e3918e4f68c5e257d51eb99d0f6aa23a2103,1,5,47,without_ai,False,243969,ISIC_1029957,NV,Melanocytic Nevi,benign,False,NV,True,1.0,2.8,monitor,False,True,cf65e886fbab3522b0e3133f80a4b85a66499f73_243969_1
126,cf65e886fbab3522b0e3133f80a4b85a66499f73,expert,7011e3918e4f68c5e257d51eb99d0f6aa23a2103,1,6,47,with_ai,True,243969,ISIC_1029957,NV,Melanocytic Nevi,benign,False,NV,True,1.0,0.98,dismiss,False,True,cf65e886fbab3522b0e3133f80a4b85a66499f73_243969_1
127,cf65e886fbab3522b0e3133f80a4b85a66499f73,expert,7011e3918e4f68c5e257d51eb99d0f6aa23a2103,1,7,47,without_ai,False,241505,ISIC_1929529,BCC,Basal Cell Carcinoma,malignant,True,BCC,True,1.0,2.12,biopsy,True,True,cf65e886fbab3522b0e3133f80a4b85a66499f73_241505_1
128,cf65e886fbab3522b0e3133f80a4b85a66499f73,expert,7011e3918e4f68c5e257d51eb99d0f6aa23a2103,1,8,47,with_ai,True,241505,ISIC_1929529,BCC,Basal Cell Carcinoma,malignant,True,BCC,True,1.0,2.71,biopsy,True,True,cf65e886fbab3522b0e3133f80a4b85a66499f73_241505_1
129,cf65e886fbab3522b0e3133f80a4b85a66499f73,expert,7011e3918e4f68c5e257d51eb99d0f6aa23a2103,1,9,47,without_ai,False,244306,ISIC_3570541,VASC,Vascular Lesions,benign,False,VASC,True,1.0,3.33,dismiss,False,True,cf65e886fbab3522b0e3133f80a4b85a66499f73_244306_1
130,cf65e886fbab3522b0e3133f80a4b85a66499f73,expert,7011e3918e4f68c5e257d51eb99d0f6aa23a2103,1,10,47,with_ai,True,244306,ISIC_3570541,VASC,Vascular Lesions,benign,False,VASC,True,1.0,1.22,dismiss,False,True,cf65e886fbab3522b0e3133f80a4b85a66499f73_244306_1
131,cf65e886fbab3522b0e3133f80a4b85a66499f73,expert,7011e3918e4f68c5e257d51eb99d0f6aa23a2103,1,11,47,without_ai,False,241770,ISIC_5820253,AKIEC,Actinic Keratosis,premalignant,True,NV,False,0.0,4.95,monitor,False,True,cf65e886fbab3522b0e3133f80a4b85a66499f73_241770_1
132,cf65e886fbab3522b0e3133f80a4b85a66499f73,expert,7011e3918e4f68c5e257d51eb99d0f6aa23a2103,1,12,47,with_ai,True,241770,ISIC_5820253,AKIEC,Actinic Keratosis,premalignant,True,OTHER_BENIGN,False,0.0,3.85,monitor,False,True,cf65e886fbab3522b0e3133f80a4b85a66499f73_241770_1
133,cf65e886fbab3522b0e3133f80a4b85a66499f73,expert,7011e3918e4f68c5e257d51eb99d0f6aa23a2103,1,13,47,without_ai,False,244553,ISIC_1909053,MEL,Melanoma,malignant,True,MEL,True,1.0,2.98,biopsy,True,True,cf65e886fbab3522b0e3133f80a4b85a66499f73_244553_1
134,cf65e886fbab3522b0e3133f80a4b85a66499f73,expert,7011e3918e4f68c5e257d51eb99d0f6aa23a2103,1,14,47,with_ai,True,244553,ISIC_1909053,MEL,Melanoma,malignant,True,MEL,True,1.0,1.06,biopsy,True,True,cf65e886fbab3522b0e3133f80a4b85a66499f73_244553_1
135,cf65e886fbab3522b0e3133f80a4b85a66499f73,expert,7011e3918e4f68c5e257d51eb99d0f6aa23a2103,1,15,47,without_ai,False,244087,ISIC_1513850,NV,Melanocytic Nevi,benign,False,MEL,False,0.0,2.3,biopsy,True,True,cf65e886fbab3522b0e3133f80a4b85a66499f73_244087_1
136,cf65e886fbab3522b0e3133f80a4b85a66499f73,expert,7011e3918e4f68c5e257d51eb99d0f6aa23a2103,1,16,47,with_ai,True,244087,ISIC_1513850,NV,Melanocytic Nevi,benign,False,MEL,False,0.0,1.03,biopsy,True,True,cf65e886fbab3522b0e3133f80a4b85a66499f73_244087_1
137,cf65e886fbab3522b0e3133f80a4b85a66499f73,expert,7011e3918e4f68c5e257d51eb99d0f6aa23a2103,1,17,47,without_ai,False,242014,ISIC_5092532,NV,Melanocytic Nevi,benign,False,BKL,False,0.0,3.06,biopsy,True,True,cf65e886fbab3522b0e3133f80a4b85a66499f73_242014_1
138,cf65e886fbab3522b0e3133f80a4b85a66499f73,expert,7011e3918e4f68c5e257d51eb99d0f6aa23a2103,1,18,47,with_ai,True,242014,ISIC_5092532,NV,Melanocytic Nevi,benign,False,BKL,False,0.0,1.63,biopsy,True,True,cf65e886fbab3522b0e3133f80a4b85a66499f73_242014_1
139,cf65e886fbab3522b0e3133f80a4b85a66499f73,expert,7011e3918e4f68c5e257d51eb99d0f6aa23a2103,1,19,47,without_ai,False,242179,ISIC_7803268,INF,Inflammatory,inflammatory,False,INF,True,1.0,4.29,monitor,False,True,cf65e886fbab3522b0e3133f80a4b85a66499f73_242179_1
140,cf65e886fbab3522b0e3133f80a4b85a66499f73,expert,7011e3918e4f68c5e257d51eb99d0f6aa23a2103,1,20,47,with_ai,True,242179,ISIC_7803268,INF,Inflammatory,inflammatory,False,INF,True,1.0,2.53,biopsy,True,True,cf65e886fbab3522b0e3133f80a4b85a66499f73_242179_1
141,cf65e886fbab3522b0e3133f80a4b85a66499f73,expert,7011e3918e4f68c5e257d51eb99d0f6aa23a2103,1,21,47,without_ai,False,243662,ISIC_5348732,SCCKA,Squamous Cell Carcinoma,malignant,True,SCCKA,True,1.0,2.83,biopsy,True,True,cf65e886fbab3522b0e3133f80a4b85a66499f73_243662_1
142,cf65e886fbab3522b0e3133f80a4b85a66499f73,expert,7011e3918e4f68c5e257d51eb99d0f6aa23a2103,1,22,47,with_ai,True,243662,ISIC_5348732,SCCKA,Squamous Cell Carcinoma,malignant,True,SCCKA,True,1.0,1.12,biopsy,True,True,cf65e886fbab3522b0e3133f80a4b85a66499f73_243662_1
143,cf65e886fbab3522b0e3133f80a4b85a66499f73,expert,7011e3918e4f68c5e257d51eb99d0f6aa23a2103,1,23,47,without_ai,False,241632,ISIC_2437084,MEL,Melanoma,malignant,True,BCC,False,0.0,3.1,biopsy,True,True,cf65e886fbab3522b0e3133f80a4b85a66499f73_241632_1
144,cf65e886fbab3522b0e3133f80a4b85a66499f73,expert,7011e3918e4f68c5e257d51eb99d0f6aa23a2103,1,24,47,with_ai,True,241632,ISIC_2437084,MEL,Melanoma,malignant,True,BCC,False,0.0,2.12,biopsy,True,True,cf65e886fbab3522b0e3133f80a4b85a66499f73_241632_1
145,cf65e886fbab3522b0e3133f80a4b85a66499f73,expert,7011e3918e4f68c5e257d51eb99d0f6aa23a2103,1,25,47,without_ai,False,243776,ISIC_1954444,DF,Dermatofibroma,benign,False,DF,True,1.0,4.92,monitor,False,True,cf65e886fbab3522b0e3133f80a4b85a66499f73_243776_1
146,cf65e886fbab3522b0e3133f80a4b85a66499f73,expert,7011e3918e4f68c5e257d51eb99d0f6aa23a2103,1,26,47,with_ai,True,243776,ISIC_1954444,DF,Dermatofibroma,benign,False,DF,True,1.0,1.92,monitor,False,True,cf65e886fbab3522b0e3133f80a4b85a66499f73_243776_1
147,cf65e886fbab3522b0e3133f80a4b85a66499f73,expert,7011e3918e4f68c5e257d51eb99d0f6aa23a2103,1,27,47,without_ai,False,240034,ISIC_3175755,BKL,Benign Keratosis,benign,False,NV,False,0.0,3.07,monitor,False,True,cf65e886fbab3522b0e3133f80a4b85a66499f73_240034_1
148,cf65e886fbab3522b0e3133f80a4b85a66499f73,expert,7011e3918e4f68c5e257d51eb99d0f6aa23a2103,1,28,47,with_ai,True,240034,ISIC_3175755,BKL,Benign Keratosis,benign,False,NV,False,0.0,2.29,monitor,False,True,cf65e886fbab3522b0e3133f80a4b85a66499f73_240034_1
149,cf65e886fbab3522b0e3133f80a4b85a66499f73,expert,7011e3918e4f68c5e257d51eb99d0f6aa23a2103,1,29,47,without_ai,False,240401,ISIC_1859150,BCC,Basal Cell Carcinoma,malignant,True,BCC,True,1.0,2.67,biopsy,True,True,cf65e886fbab3522b0e3133f80a4b85a66499f73_240401_1
150,cf65e886fbab3522b0e3133f80a4b85a66499f73,expert,7011e3918e4f68c5e257d51eb99d0f6aa23a2103,1,30,47,with_ai,True,240401,ISIC_1859150,BCC,Basal Cell Carcinoma,malignant,True,BCC,True,1.0,1.39,biopsy,True,True,cf65e886fbab3522b0e3133f80a4b85a66499f73_240401_1
151,cf65e886fbab3522b0e3133f80a4b85a66499f73,expert,e8d6bcadc20f8005056e96c90c9b80376814e2ad,2,1,47,without_ai,False,241110,ISIC_6614371,BCC,Basal Cell Carcinoma,malignant,True,BCC,True,1.0,14.84,biopsy,True,True,cf65e886fbab3522b0e3133f80a4b85a66499f73_241110_2
152,cf65e886fbab3522b0e3133f80a4b85a66499f73,expert,e8d6bcadc20f8005056e96c90c9b80376814e2ad,2,2,47,with_ai,True,241110,ISIC_6614371,BCC,Basal Cell Carcinoma,malignant,True,BCC,True,1.0,7.12,biopsy,True,True,cf65e886fbab3522b0e3133f80a4b85a66499f73_241110_2
153,cf65e886fbab3522b0e3133f80a4b85a66499f73,expert,e8d6bcadc20f8005056e96c90c9b80376814e2ad,2,3,47,without_ai,False,242056,ISIC_3217799,AKIEC,Actinic Keratosis,premalignant,True,SCCKA,False,0.0,3.54,biopsy,True,True,cf65e886fbab3522b0e3133f80a4b85a66499f73_242056_2
154,cf65e886fbab3522b0e3133f80a4b85a66499f73,expert,e8d6bcadc20f8005056e96c90c9b80376814e2ad,2,4,47,with_ai,True,242056,ISIC_3217799,AKIEC,Actinic Keratosis,premalignant,True,SCCKA,False,0.0,1.96,biopsy,True,True,cf65e886fbab3522b0e3133f80a4b85a66499f73_242056_2
155,cf65e886fbab3522b0e3133f80a4b85a66499f73,expert,e8d6bcadc20f8005056e96c90c9b80376814e2ad,2,5,47,without_ai,False,240848,ISIC_4929586,BKL,Benign Keratosis,benign,False,BCC,False,0.0,2.42,biopsy,True,True,cf65e886fbab3522b0e3133f80a4b85a66499f73_240848_2
156,cf65e886fbab3522b0e3133f80a4b85a66499f73,expert,e8d6bcadc20f8005056e96c90c9b80376814e2ad,2,6,47,with_ai,True,240848,ISIC_4929586,BKL,Benign Keratosis,benign,False,BCC,False,0.0,1.33,biopsy,True,True,cf65e886fbab3522b0e3133f80a4b85a66499f73_240848_2
157,cf65e886fbab3522b0e3133f80a4b85a66499f73,expert,e8d6bcadc20f8005056e96c90c9b80376814e2ad,2,7,47,without_ai,False,241417,ISIC_5889858,MEL,Melanoma,malignant,True,MEL,True,1.0,6.8,biopsy,True,True,cf65e886fbab3522b0e3133f80a4b85a66499f73_241417_2
158,cf65e886fbab3522b0e3133f80a4b85a66499f73,expert,e8d6bcadc20f8005056e96c90c9b80376814e2ad,2,8,47,with_ai,True,241417,ISIC_5889858,MEL,Melanoma,malignant,True,MEL,True,1.0,1.87,biopsy,True,True,cf65e886fbab3522b0e3133f80a4b85a66499f73_241417_2
159,cf65e886fbab3522b0e3133f80a4b85a66499f73,expert,e8d6bcadc20f8005056e96c90c9b80376814e2ad,2,9,47,without_ai,False,243984,ISIC_3612044,NV,Melanocytic Nevi,benign,False,MEL,False,0.0,3.68,biopsy,True,True,cf65e886fbab3522b0e3133f80a4b85a66499f73_243984_2
160,cf65e886fbab3522b0e3133f80a4b85a66499f73,expert,e8d6bcadc20f8005056e96c90c9b80376814e2ad,2,10,47,with_ai,True,243984,ISIC_3612044,NV,Melanocytic Nevi,benign,False,MEL,False,0.0,0.99,biopsy,True,True,cf65e886fbab3522b0e3133f80a4b85a66499f73_243984_2
161,cf65e886fbab3522b0e3133f80a4b85a66499f73,expert,e8d6bcadc20f8005056e96c90c9b80376814e2ad,2,11,47,without_ai,False,241251,ISIC_5728052,NV,Melanocytic Nevi,benign,False,MEL,False,0.0,2.21,biopsy,True,True,cf65e886fbab3522b0e3133f80a4b85a66499f73_241251_2
162,cf65e886fbab3522b0e3133f80a4b85a66499f73,expert,e8d6bcadc20f8005056e96c90c9b80376814e2ad,2,12,47,with_ai,True,241251,ISIC_5728052,NV,Melanocytic Nevi,benign,False,NV,True,1.0,2.63,biopsy,True,True,cf65e886fbab3522b0e3133f80a4b85a66499f73_241251_2
163,cf65e886fbab3522b0e3133f80a4b85a66499f73,expert,e8d6bcadc20f8005056e96c90c9b80376814e2ad,2,13,47,without_ai,False,245143,ISIC_8561066,BCC,Basal Cell Carcinoma,malignant,True,BCC,True,1.0,2.82,biopsy,True,True,cf65e886fbab3522b0e3133f80a4b85a66499f73_245143_2
164,cf65e886fbab3522b0e3133f80a4b85a66499f73,expert,e8d6bcadc20f8005056e96c90c9b80376814e2ad,2,14,47,with_ai,True,245143,ISIC_8561066,BCC,Basal Cell Carcinoma,malignant,True,BCC,True,1.0,1.29,biopsy,True,True,cf65e886fbab3522b0e3133f80a4b85a66499f73_245143_2
165,cf65e886fbab3522b0e3133f80a4b85a66499f73,expert,e8d6bcadc20f8005056e96c90c9b80376814e2ad,2,15,47,without_ai,False,243315,ISIC_9226737,BKL,Benign Keratosis,benign,False,BKL,True,1.0,3.11,biopsy,True,True,cf65e886fbab3522b0e3133f80a4b85a66499f73_243315_2
166,cf65e886fbab3522b0e3133f80a4b85a66499f73,expert,e8d6bcadc20f8005056e96c90c9b80376814e2ad,2,16,47,with_ai,True,243315,ISIC_9226737,BKL,Benign Keratosis,benign,False,BKL,True,1.0,1.96,biopsy,True,True,cf65e886fbab3522b0e3133f80a4b85a66499f73_243315_2
167,cf65e886fbab3522b0e3133f80a4b85a66499f73,expert,e8d6bcadc20f8005056e96c90c9b80376814e2ad,2,17,47,without_ai,False,241124,ISIC_0417486,VASC,Vascular Lesions,benign,False,VASC,True,1.0,6.92,monitor,False,True,cf65e886fbab3522b0e3133f80a4b85a66499f73_241124_2
168,cf65e886fbab3522b0e3133f80a4b85a66499f73,expert,e8d6bcadc20f8005056e96c90c9b80376814e2ad,2,18,47,with_ai,True,241124,ISIC_0417486,VASC,Vascular Lesions,benign,False,VASC,True,1.0,1.9,monitor,False,True,cf65e886fbab3522b0e3133f80a4b85a66499f73_241124_2
169,cf65e886fbab3522b0e3133f80a4b85a66499f73,expert,e8d6bcadc20f8005056e96c90c9b80376814e2ad,2,19,47,without_ai,False,240360,ISIC_8642522,MEL,Melanoma,malignant,True,NV,False,0.0,3.53,biopsy,True,True,cf65e886fbab3522b0e3133f80a4b85a66499f73_240360_2
170,cf65e886fbab3522b0e3133f80a4b85a66499f73,expert,e8d6bcadc20f8005056e96c90c9b80376814e2ad,2,20,47,with_ai,True,240360,ISIC_8642522,MEL,Melanoma,malignant,True,NV,False,0.0,1.26,monitor,False,True,cf65e886fbab3522b0e3133f80a4b85a66499f73_240360_2
171,cf65e886fbab3522b0e3133f80a4b85a66499f73,expert,e8d6bcadc20f8005056e96c90c9b80376814e2ad,2,21,47,without_ai,False,244749,ISIC_3832062,NV,Melanocytic Nevi,benign,False,NV,True,1.0,3.92,monitor,False,True,cf65e886fbab3522b0e3133f80a4b85a66499f73_244749_2
172,cf65e886fbab3522b0e3133f80a4b85a66499f73,expert,e8d6bcadc20f8005056e96c90c9b80376814e2ad,2,22,47,with_ai,True,244749,ISIC_3832062,NV,Melanocytic Nevi,benign,False,NV,True,1.0,1.06,biopsy,True,True,cf65e886fbab3522b0e3133f80a4b85a66499f73_244749_2
173,cf65e886fbab3522b0e3133f80a4b85a66499f73,expert,e8d6bcadc20f8005056e96c90c9b80376814e2ad,2,23,47,without_ai,False,240330,ISIC_2204119,SCCKA,Squamous Cell Carcinoma,malignant,True,SCCKA,True,1.0,6.64,biopsy,True,True,cf65e886fbab3522b0e3133f80a4b85a66499f73_240330_2
174,cf65e886fbab3522b0e3133f80a4b85a66499f73,expert,e8d6bcadc20f8005056e96c90c9b80376814e2ad,2,24,47,with_ai,True,240330,ISIC_2204119,SCCKA,Squamous Cell Carcinoma,malignant,True,SCCKA,True,1.0,1.51,biopsy,True,True,cf65e886fbab3522b0e3133f80a4b85a66499f73_240330_2
175,cf65e886fbab3522b0e3133f80a4b85a66499f73,expert,e8d6bcadc20f8005056e96c90c9b80376814e2ad,2,25,47,without_ai,False,240219,ISIC_3952412,INF,Inflammatory,inflammatory,False,BCC,False,0.0,2.75,biopsy,True,True,cf65e886fbab3522b0e3133f80a4b85a66499f73_240219_2
176,cf65e886fbab3522b0e3133f80a4b85a66499f73,expert,e8d6bcadc20f8005056e96c90c9b80376814e2ad,2,26,47,with_ai,True,240219,ISIC_3952412,INF,Inflammatory,inflammatory,False,BCC,False,0.0,1.11,biopsy,True,True,cf65e886fbab3522b0e3133f80a4b85a66499f73_240219_2
177,cf65e886fbab3522b0e3133f80a4b85a66499f73,expert,e8d6bcadc20f8005056e96c90c9b80376814e2ad,2,27,47,without_ai,False,242847,ISIC_5605573,BCC,Basal Cell Carcinoma,malignant,True,BCC,True,1.0,3.07,biopsy,True,True,cf65e886fbab3522b0e3133f80a4b85a66499f73_242847_2
178,cf65e886fbab3522b0e3133f80a4b85a66499f73,expert,e8d6bcadc20f8005056e96c90c9b80376814e2ad,2,28,47,with_ai,True,242847,ISIC_5605573,BCC,Basal Cell Carcinoma,malignant,True,BCC,True,1.0,1.08,biopsy,True,True,cf65e886fbab3522b0e3133f80a4b85a66499f73_242847_2
179,cf65e886fbab3522b0e3133f80a4b85a66499f73,expert,e8d6bcadc20f8005056e96c90c9b80376814e2ad,2,29,47,without_ai,False,240523,ISIC_6739483,DF,Dermatofibroma,benign,False,DF,True,1.0,3.15,biopsy,True,True,cf65e886fbab3522b0e3133f80a4b85a66499f73_240523_2
180,cf65e886fbab3522b0e3133f80a4b85a66499f73,expert,e8d6bcadc20f8005056e96c90c9b80376814e2ad,2,30,47,with_ai,True,240523,ISIC_6739483,DF,Dermatofibroma,benign,False,DF,True,1.0,2.07,monitor,False,True,cf65e886fbab3522b0e3133f80a4b85a66499f73_240523_2
181,cf65e886fbab3522b0e3133f80a4b85a66499f73,expert,be372feaca2a14f71924a0ef77c50c311b20ae73,3,1,47,without_ai,False,241643,ISIC_5513367,MEL,Melanoma,malignant,True,MEL,True,1.0,5.03,biopsy,True,True,cf65e886fbab3522b0e3133f80a4b85a66499f73_241643_3
182,cf65e886fbab3522b0e3133f80a4b85a66499f73,expert,be372feaca2a14f71924a0ef77c50c311b20ae73,3,2,47,with_ai,True,241643,ISIC_5513367,MEL,Melanoma,malignant,True,MEL,True,1.0,2.65,biopsy,True,True,cf65e886fbab3522b0e3133f80a4b85a66499f73_241643_3
183,cf65e886fbab3522b0e3133f80a4b85a66499f73,expert,be372feaca2a14f71924a0ef77c50c311b20ae73,3,3,47,without_ai,False,245106,ISIC_9047747,SCCKA,Squamous Cell Carcinoma,malignant,True,MEL,False,0.0,5.84,biopsy,True,True,cf65e886fbab3522b0e3133f80a4b85a66499f73_245106_3
184,cf65e886fbab3522b0e3133f80a4b85a66499f73,expert,be372feaca2a14f71924a0ef77c50c311b20ae73,3,4,47,with_ai,True,245106,ISIC_9047747,SCCKA,Squamous Cell Carcinoma,malignant,True,MEL,False,0.0,3.8,biopsy,True,True,cf65e886fbab3522b0e3133f80a4b85a66499f73_245106_3
185,cf65e886fbab3522b0e3133f80a4b85a66499f73,expert,be372feaca2a14f71924a0ef77c50c311b20ae73,3,5,47,without_ai,False,240903,ISIC_3577478,BCC,Basal Cell Carcinoma,malignant,True,BCC,True,1.0,9.06,biopsy,True,True,cf65e886fbab3522b0e3133f80a4b85a66499f73_240903_3
186,cf65e886fbab3522b0e3133f80a4b85a66499f73,expert,be372feaca2a14f71924a0ef77c50c311b20ae73,3,6,47,with_ai,True,240903,ISIC_3577478,BCC,Basal Cell Carcinoma,malignant,True,BCC,True,1.0,2.06,biopsy,True,True,cf65e886fbab3522b0e3133f80a4b85a66499f73_240903_3
187,cf65e886fbab3522b0e3133f80a4b85a66499f73,expert,be372feaca2a14f71924a0ef77c50c311b20ae73,3,7,47,without_ai,False,240287,ISIC_7469563,BKL,Benign Keratosis,benign,False,BCC,False,0.0,4.15,biopsy,True,True,cf65e886fbab3522b0e3133f80a4b85a66499f73_240287_3
188,cf65e886fbab3522b0e3133f80a4b85a66499f73,expert,be372feaca2a14f71924a0ef77c50c311b20ae73,3,8,47,with_ai,True,240287,ISIC_7469563,BKL,Benign Keratosis,benign,False,BCC,False,0.0,12.89,biopsy,True,True,cf65e886fbab3522b0e3133f80a4b85a66499f73_240287_3
189,cf65e886fbab3522b0e3133f80a4b85a66499f73,expert,be372feaca2a14f71924a0ef77c50c311b20ae73,3,9,47,without_ai,False,244856,ISIC_8876261,AKIEC,Actinic Keratosis,premalignant,True,BKL,False,0.0,5.98,biopsy,True,True,cf65e886fbab3522b0e3133f80a4b85a66499f73_244856_3
190,cf65e886fbab3522b0e3133f80a4b85a66499f73,expert,be372feaca2a14f71924a0ef77c50c311b20ae73,3,10,47,with_ai,True,244856,ISIC_8876261,AKIEC,Actinic Keratosis,premalignant,True,BKL,False,0.0,2.2,monitor,False,True,cf65e886fbab3522b0e3133f80a4b85a66499f73_244856_3
191,cf65e886fbab3522b0e3133f80a4b85a66499f73,expert,be372feaca2a14f71924a0ef77c50c311b20ae73,3,11,47,without_ai,False,240579,ISIC_8012264,NV,Melanocytic Nevi,benign,False,MEL,False,0.0,5.52,biopsy,True,True,cf65e886fbab3522b0e3133f80a4b85a66499f73_240579_3
192,cf65e886fbab3522b0e3133f80a4b85a66499f73,expert,be372feaca2a14f71924a0ef77c50c311b20ae73,3,12,47,with_ai,True,240579,ISIC_8012264,NV,Melanocytic Nevi,benign,False,NV,True,1.0,2.29,biopsy,True,True,cf65e886fbab3522b0e3133f80a4b85a66499f73_240579_3
193,cf65e886fbab3522b0e3133f80a4b85a66499f73,expert,be372feaca2a14f71924a0ef77c50c311b20ae73,3,13,47,without_ai,False,241255,ISIC_0350747,NV,Melanocytic Nevi,benign,False,MEL,False,0.0,4.41,biopsy,True,True,cf65e886fbab3522b0e3133f80a4b85a66499f73_241255_3
194,cf65e886fbab3522b0e3133f80a4b85a66499f73,expert,be372feaca2a14f71924a0ef77c50c311b20ae73,3,14,47,with_ai,True,241255,ISIC_0350747,NV,Melanocytic Nevi,benign,False,NV,True,1.0,2.68,monitor,False,True,cf65e886fbab3522b0e3133f80a4b85a66499f73_241255_3
195,cf65e886fbab3522b0e3133f80a4b85a66499f73,expert,be372feaca2a14f71924a0ef77c50c311b20ae73,3,15,47,without_ai,False,244678,ISIC_8137029,OTHER_BENIGN,Other Benign,benign,False,BKL,False,0.0,5.93,biopsy,True,True,cf65e886fbab3522b0e3133f80a4b85a66499f73_244678_3
196,cf65e886fbab3522b0e3133f80a4b85a66499f73,expert,be372feaca2a14f71924a0ef77c50c311b20ae73,3,16,47,with_ai,True,244678,ISIC_8137029,OTHER_BENIGN,Other Benign,benign,False,MEL,False,0.0,2.99,biopsy,True,True,cf65e886fbab3522b0e3133f80a4b85a66499f73_244678_3
197,cf65e886fbab3522b0e3133f80a4b85a66499f73,expert,be372feaca2a14f71924a0ef77c50c311b20ae73,3,17,47,without_ai,False,243217,ISIC_1793316,BCC,Basal Cell Carcinoma,malignant,True,BCC,True,1.0,9.64,biopsy,True,True,cf65e886fbab3522b0e3133f80a4b85a66499f73_243217_3
198,cf65e886fbab3522b0e3133f80a4b85a66499f73,expert,be372feaca2a14f71924a0ef77c50c311b20ae73,3,18,47,with_ai,True,243217,ISIC_1793316,BCC,Basal Cell Carcinoma,malignant,True,BCC,True,1.0,4.27,biopsy,True,True,cf65e886fbab3522b0e3133f80a4b85a66499f73_243217_3
199,cf65e886fbab3522b0e3133f80a4b85a66499f73,expert,be372feaca2a14f71924a0ef77c50c311b20ae73,3,19,47,without_ai,False,241095,ISIC_9157592,DF,Dermatofibroma,benign,False,INF,False,0.0,6.81,biopsy,True,True,cf65e886fbab3522b0e3133f80a4b85a66499f73_241095_3
200,cf65e886fbab3522b0e3133f80a4b85a66499f73,expert,be372feaca2a14f71924a0ef77c50c311b20ae73,3,20,47,with_ai,True,241095,ISIC_9157592,DF,Dermatofibroma,benign,False,INF,False,0.0,5.65,biopsy,True,True,cf65e886fbab3522b0e3133f80a4b85a66499f73_241095_3
201,cf65e886fbab3522b0e3133f80a4b85a66499f73,expert,be372feaca2a14f71924a0ef77c50c311b20ae73,3,21,47,without_ai,False,245133,ISIC_9035644,BCC,Basal Cell Carcinoma,malignant,True,BCC,True,1.0,4.67,biopsy,True,True,cf65e886fbab3522b0e3133f80a4b85a66499f73_245133_3
202,cf65e886fbab3522b0e3133f80a4b85a66499f73,expert,be372feaca2a14f71924a0ef77c50c311b20ae73,3,22,47,with_ai,True,245133,ISIC_9035644,BCC,Basal Cell Carcinoma,malignant,True,BCC,True,1.0,5.44,biopsy,True,True,cf65e886fbab3522b0e3133f80a4b85a66499f73_245133_3
203,cf65e886fbab3522b0e3133f80a4b85a66499f73,expert,be372feaca2a14f71924a0ef77c50c311b20ae73,3,23,47,without_ai,False,243329,ISIC_4386149,BKL,Benign Keratosis,benign,False,BKL,True,1.0,6.5,biopsy,True,True,cf65e886fbab3522b0e3133f80a4b85a66499f73_243329_3
204,cf65e886fbab3522b0e3133f80a4b85a66499f73,expert,be372feaca2a14f71924a0ef77c50c311b20ae73,3,24,47,with_ai,True,243329,ISIC_4386149,BKL,Benign Keratosis,benign,False,AKIEC,False,0.0,3.39,biopsy,True,True,cf65e886fbab3522b0e3133f80a4b85a66499f73_243329_3
205,cf65e886fbab3522b0e3133f80a4b85a66499f73,expert,be372feaca2a14f71924a0ef77c50c311b20ae73,3,25,47,without_ai,False,241279,ISIC_7139452,NV,Melanocytic Nevi,benign,False,MEL,False,0.0,2.56,biopsy,True,True,cf65e886fbab3522b0e3133f80a4b85a66499f73_241279_3
206,cf65e886fbab3522b0e3133f80a4b85a66499f73,expert,be372feaca2a14f71924a0ef77c50c311b20ae73,3,26,47,with_ai,True,241279,ISIC_7139452,NV,Melanocytic Nevi,benign,False,NV,True,1.0,9.54,biopsy,True,True,cf65e886fbab3522b0e3133f80a4b85a66499f73_241279_3
207,cf65e886fbab3522b0e3133f80a4b85a66499f73,expert,be372feaca2a14f71924a0ef77c50c311b20ae73,3,27,47,without_ai,False,241542,ISIC_8614567,VASC,Vascular Lesions,benign,False,VASC,True,1.0,7.56,biopsy,True,True,cf65e886fbab3522b0e3133f80a4b85a66499f73_241542_3
208,cf65e886fbab3522b0e3133f80a4b85a66499f73,expert,be372feaca2a14f71924a0ef77c50c311b20ae73,3,28,47,with_ai,True,241542,ISIC_8614567,VASC,Vascular Lesions,benign,False,VASC,True,1.0,1.75,biopsy,True,True,cf65e886fbab3522b0e3133f80a4b85a66499f73_241542_3
209,cf65e886fbab3522b0e3133f80a4b85a66499f73,expert,be372feaca2a14f71924a0ef77c50c311b20ae73,3,29,47,without_ai,False,242663,ISIC_7402642,MEL,Melanoma,malignant,True,MEL,True,1.0,3.47,biopsy,True,True,cf65e886fbab3522b0e3133f80a4b85a66499f73_242663_3
210,cf65e886fbab3522b0e3133f80a4b85a66499f73,expert,be372feaca2a14f71924a0ef77c50c311b20ae73,3,30,47,with_ai,True,242663,ISIC_7402642,MEL,Melanoma,malignant,True,MEL,True,1.0,2.0,biopsy,True,True,cf65e886fbab3522b0e3133f80a4b85a66499f73_242663_3
211,0dbbfba0dcb9e3daf0d19a1ab896c645921b3a6f,expert,6bac0ab874c63dea90f4f6e0d8942902141061cb,1,1,47,without_ai,False,241936,ISIC_5787263,BCC,Basal Cell Carcinoma,malignant,True,,,,,,False,False,0dbbfba0dcb9e3daf0d19a1ab896c645921b3a6f_241936_1
212,0dbbfba0dcb9e3daf0d19a1ab896c645921b3a6f,expert,6bac0ab874c63dea90f4f6e0d8942902141061cb,1,2,47,with_ai,True,241936,ISIC_5787263,BCC,Basal Cell Carcinoma,malignant,True,BCC,True,1.0,9.4,biopsy,True,True,0dbbfba0dcb9e3daf0d19a1ab896c645921b3a6f_241936_1
213,0dbbfba0dcb9e3daf0d19a1ab896c645921b3a6f,expert,6bac0ab874c63dea90f4f6e0d8942902141061cb,1,3,47,without_ai,False,240259,ISIC_4602130,SCCKA,Squamous Cell Carcinoma,malignant,True,BCC,False,0.0,27.42,biopsy,True,True,0dbbfba0dcb9e3daf0d19a1ab896c645921b3a6f_240259_1
214,0dbbfba0dcb9e3daf0d19a1ab896c645921b3a6f,expert,6bac0ab874c63dea90f4f6e0d8942902141061cb,1,4,47,with_ai,True,240259,ISIC_4602130,SCCKA,Squamous Cell Carcinoma,malignant,True,BCC,False,0.0,9.91,biopsy,True,True,0dbbfba0dcb9e3daf0d19a1ab896c645921b3a6f_240259_1
215,0dbbfba0dcb9e3daf0d19a1ab896c645921b3a6f,expert,6bac0ab874c63dea90f4f6e0d8942902141061cb,1,5,47,without_ai,False,241713,ISIC_1545290,BKL,Benign Keratosis,benign,False,MEL,False,0.0,29.53,biopsy,True,True,0dbbfba0dcb9e3daf0d19a1ab896c645921b3a6f_241713_1
216,0dbbfba0dcb9e3daf0d19a1ab896c645921b3a6f,expert,6bac0ab874c63dea90f4f6e0d8942902141061cb,1,6,47,with_ai,True,241713,ISIC_1545290,BKL,Benign Keratosis,benign,False,BKL,True,1.0,10.44,local_therapy,True,True,0dbbfba0dcb9e3daf0d19a1ab896c645921b3a6f_241713_1
217,0dbbfba0dcb9e3daf0d19a1ab896c645921b3a6f,expert,6bac0ab874c63dea90f4f6e0d8942902141061cb,1,7,47,without_ai,False,242454,ISIC_7146069,NV,Melanocytic Nevi,benign,False,MEL,False,0.0,9.6,biopsy,True,True,0dbbfba0dcb9e3daf0d19a1ab896c645921b3a6f_242454_1
218,0dbbfba0dcb9e3daf0d19a1ab896c645921b3a6f,expert,6bac0ab874c63dea90f4f6e0d8942902141061cb,1,8,47,with_ai,True,242454,ISIC_7146069,NV,Melanocytic Nevi,benign,False,MEL,False,0.0,5.64,biopsy,True,True,0dbbfba0dcb9e3daf0d19a1ab896c645921b3a6f_242454_1
219,0dbbfba0dcb9e3daf0d19a1ab896c645921b3a6f,expert,6bac0ab874c63dea90f4f6e0d8942902141061cb,1,9,47,without_ai,False,242371,ISIC_0311394,AKIEC,Actinic Keratosis,premalignant,True,BCC,False,0.0,24.26,biopsy,True,True,0dbbfba0dcb9e3daf0d19a1ab896c645921b3a6f_242371_1
220,0dbbfba0dcb9e3daf0d19a1ab896c645921b3a6f,expert,6bac0ab874c63dea90f4f6e0d8942902141061cb,1,10,47,with_ai,True,242371,ISIC_0311394,AKIEC,Actinic Keratosis,premalignant,True,OTHER_BENIGN,False,0.0,6.09,monitor,False,True,0dbbfba0dcb9e3daf0d19a1ab896c645921b3a6f_242371_1
221,0dbbfba0dcb9e3daf0d19a1ab896c645921b3a6f,expert,6bac0ab874c63dea90f4f6e0d8942902141061cb,1,11,47,without_ai,False,244095,ISIC_8291456,BKL,Benign Keratosis,benign,False,AKIEC,False,0.0,13.22,local_therapy,True,True,0dbbfba0dcb9e3daf0d19a1ab896c645921b3a6f_244095_1
222,0dbbfba0dcb9e3daf0d19a1ab896c645921b3a6f,expert,6bac0ab874c63dea90f4f6e0d8942902141061cb,1,12,47,with_ai,True,244095,ISIC_8291456,BKL,Benign Keratosis,benign,False,AKIEC,False,0.0,5.46,local_therapy,True,True,0dbbfba0dcb9e3daf0d19a1ab896c645921b3a6f_244095_1
223,0dbbfba0dcb9e3daf0d19a1ab896c645921b3a6f,expert,6bac0ab874c63dea90f4f6e0d8942902141061cb,1,13,47,without_ai,False,242663,ISIC_7402642,MEL,Melanoma,malignant,True,MEL,True,1.0,13.57,biopsy,True,True,0dbbfba0dcb9e3daf0d19a1ab896c645921b3a6f_242663_1
224,0dbbfba0dcb9e3daf0d19a1ab896c645921b3a6f,expert,6bac0ab874c63dea90f4f6e0d8942902141061cb,1,14,47,with_ai,True,242663,ISIC_7402642,MEL,Melanoma,malignant,True,MEL,True,1.0,4.48,biopsy,True,True,0dbbfba0dcb9e3daf0d19a1ab896c645921b3a6f_242663_1
225,0dbbfba0dcb9e3daf0d19a1ab896c645921b3a6f,expert,6bac0ab874c63dea90f4f6e0d8942902141061cb,1,15,47,without_ai,False,244075,ISIC_7704554,NV,Melanocytic Nevi,benign,False,NV,True,1.0,10.39,monitor,False,True,0dbbfba0dcb9e3daf0d19a1ab896c645921b3a6f_244075_1
226,0dbbfba0dcb9e3daf0d19a1ab896c645921b3a6f,expert,6bac0ab874c63dea90f4f6e0d8942902141061cb,1,16,47,with_ai,True,244075,ISIC_7704554,NV,Melanocytic Nevi,benign,False,NV,True,1.0,8.0,biopsy,True,True,0dbbfba0dcb9e3daf0d19a1ab896c645921b3a6f_244075_1
227,0dbbfba0dcb9e3daf0d19a1ab896c645921b3a6f,expert,6bac0ab874c63dea90f4f6e0d8942902141061cb,1,17,47,without_ai,False,242652,ISIC_7319361,BCC,Basal Cell Carcinoma,malignant,True,NV,False,0.0,24.78,monitor,False,True,0dbbfba0dcb9e3daf0d19a1ab896c645921b3a6f_242652_1
228,0dbbfba0dcb9e3daf0d19a1ab896c645921b3a6f,expert,6bac0ab874c63dea90f4f6e0d8942902141061cb,1,18,47,with_ai,True,242652,ISIC_7319361,BCC,Basal Cell Carcinoma,malignant,True,NV,False,0.0,12.4,monitor,False,True,0dbbfba0dcb9e3daf0d19a1ab896c645921b3a6f_242652_1
229,0dbbfba0dcb9e3daf0d19a1ab896c645921b3a6f,expert,6bac0ab874c63dea90f4f6e0d8942902141061cb,1,19,47,without_ai,False,241429,ISIC_3819687,BCC,Basal Cell Carcinoma,malignant,True,BCC,True,1.0,14.85,biopsy,True,True,0dbbfba0dcb9e3daf0d19a1ab896c645921b3a6f_241429_1
230,0dbbfba0dcb9e3daf0d19a1ab896c645921b3a6f,expert,6bac0ab874c63dea90f4f6e0d8942902141061cb,1,20,47,with_ai,True,241429,ISIC_3819687,BCC,Basal Cell Carcinoma,malignant,True,BCC,True,1.0,3.56,biopsy,True,True,0dbbfba0dcb9e3daf0d19a1ab896c645921b3a6f_241429_1
231,0dbbfba0dcb9e3daf0d19a1ab896c645921b3a6f,expert,6bac0ab874c63dea90f4f6e0d8942902141061cb,1,21,47,without_ai,False,240191,ISIC_8462138,VASC,Vascular Lesions,benign,False,OTHER_BENIGN,False,0.0,11.49,monitor,False,True,0dbbfba0dcb9e3daf0d19a1ab896c645921b3a6f_240191_1
232,0dbbfba0dcb9e3daf0d19a1ab896c645921b3a6f,expert,6bac0ab874c63dea90f4f6e0d8942902141061cb,1,22,47,with_ai,True,240191,ISIC_8462138,VASC,Vascular Lesions,benign,False,VASC,True,1.0,13.11,monitor,False,True,0dbbfba0dcb9e3daf0d19a1ab896c645921b3a6f_240191_1
233,0dbbfba0dcb9e3daf0d19a1ab896c645921b3a6f,expert,6bac0ab874c63dea90f4f6e0d8942902141061cb,1,23,47,without_ai,False,240324,ISIC_0305865,MEL,Melanoma,malignant,True,MEL,True,1.0,5.87,biopsy,True,True,0dbbfba0dcb9e3daf0d19a1ab896c645921b3a6f_240324_1
234,0dbbfba0dcb9e3daf0d19a1ab896c645921b3a6f,expert,6bac0ab874c63dea90f4f6e0d8942902141061cb,1,24,47,with_ai,True,240324,ISIC_0305865,MEL,Melanoma,malignant,True,MEL,True,1.0,3.95,biopsy,True,True,0dbbfba0dcb9e3daf0d19a1ab896c645921b3a6f_240324_1
235,0dbbfba0dcb9e3daf0d19a1ab896c645921b3a6f,expert,6bac0ab874c63dea90f4f6e0d8942902141061cb,1,25,47,without_ai,False,243816,ISIC_9136283,NV,Melanocytic Nevi,benign,False,NV,True,1.0,9.49,monitor,False,True,0dbbfba0dcb9e3daf0d19a1ab896c645921b3a6f_243816_1
236,0dbbfba0dcb9e3daf0d19a1ab896c645921b3a6f,expert,6bac0ab874c63dea90f4f6e0d8942902141061cb,1,26,47,with_ai,True,243816,ISIC_9136283,NV,Melanocytic Nevi,benign,False,NV,True,1.0,3.81,monitor,False,True,0dbbfba0dcb9e3daf0d19a1ab896c645921b3a6f_243816_1
237,0dbbfba0dcb9e3daf0d19a1ab896c645921b3a6f,expert,6bac0ab874c63dea90f4f6e0d8942902141061cb,1,27,47,without_ai,False,244588,ISIC_1136271,OTHER_BENIGN,Other Benign,benign,False,OTHER_BENIGN,True,1.0,14.41,monitor,False,True,0dbbfba0dcb9e3daf0d19a1ab896c645921b3a6f_244588_1
238,0dbbfba0dcb9e3daf0d19a1ab896c645921b3a6f,expert,6bac0ab874c63dea90f4f6e0d8942902141061cb,1,28,47,with_ai,True,244588,ISIC_1136271,OTHER_BENIGN,Other Benign,benign,False,DF,False,0.0,6.85,monitor,False,True,0dbbfba0dcb9e3daf0d19a1ab896c645921b3a6f_244588_1
239,0dbbfba0dcb9e3daf0d19a1ab896c645921b3a6f,expert,6bac0ab874c63dea90f4f6e0d8942902141061cb,1,29,47,without_ai,False,240523,ISIC_6739483,DF,Dermatofibroma,benign,False,DF,True,1.0,7.61,dismiss,False,True,0dbbfba0dcb9e3daf0d19a1ab896c645921b3a6f_240523_1
240,0dbbfba0dcb9e3daf0d19a1ab896c645921b3a6f,expert,6bac0ab874c63dea90f4f6e0d8942902141061cb,1,30,47,with_ai,True,240523,ISIC_6739483,DF,Dermatofibroma,benign,False,DF,True,1.0,3.16,dismiss,False,True,0dbbfba0dcb9e3daf0d19a1ab896c645921b3a6f_240523_1
241,0dbbfba0dcb9e3daf0d19a1ab896c645921b3a6f,expert,7be8fd7d48d1cb3767becf56f7529b2f0fad77f5,2,1,47,without_ai,False,241596,ISIC_1996485,VASC,Vascular Lesions,benign,False,,,,,,False,False,0dbbfba0dcb9e3daf0d19a1ab896c645921b3a6f_241596_2
242,0dbbfba0dcb9e3daf0d19a1ab896c645921b3a6f,expert,7be8fd7d48d1cb3767becf56f7529b2f0fad77f5,2,2,47,with_ai,True,241596,ISIC_1996485,VASC,Vascular Lesions,benign,False,VASC,True,1.0,34.57,dismiss,False,True,0dbbfba0dcb9e3daf0d19a1ab896c645921b3a6f_241596_2
243,0dbbfba0dcb9e3daf0d19a1ab896c645921b3a6f,expert,7be8fd7d48d1cb3767becf56f7529b2f0fad77f5,2,3,47,without_ai,False,241600,ISIC_1796015,BCC,Basal Cell Carcinoma,malignant,True,BCC,True,1.0,15.68,biopsy,True,True,0dbbfba0dcb9e3daf0d19a1ab896c645921b3a6f_241600_2
244,0dbbfba0dcb9e3daf0d19a1ab896c645921b3a6f,expert,7be8fd7d48d1cb3767becf56f7529b2f0fad77f5,2,4,47,with_ai,True,241600,ISIC_1796015,BCC,Basal Cell Carcinoma,malignant,True,BCC,True,1.0,4.16,biopsy,True,True,0dbbfba0dcb9e3daf0d19a1ab896c645921b3a6f_241600_2
245,0dbbfba0dcb9e3daf0d19a1ab896c645921b3a6f,expert,7be8fd7d48d1cb3767becf56f7529b2f0fad77f5,2,5,47,without_ai,False,243196,ISIC_3773277,MEL,Melanoma,malignant,True,MEL,True,1.0,9.98,biopsy,True,True,0dbbfba0dcb9e3daf0d19a1ab896c645921b3a6f_243196_2
246,0dbbfba0dcb9e3daf0d19a1ab896c645921b3a6f,expert,7be8fd7d48d1cb3767becf56f7529b2f0fad77f5,2,6,47,with_ai,True,243196,ISIC_3773277,MEL,Melanoma,malignant,True,MEL,True,1.0,5.2,biopsy,True,True,0dbbfba0dcb9e3daf0d19a1ab896c645921b3a6f_243196_2
247,0dbbfba0dcb9e3daf0d19a1ab896c645921b3a6f,expert,7be8fd7d48d1cb3767becf56f7529b2f0fad77f5,2,7,47,without_ai,False,242240,ISIC_0118795,SCCKA,Squamous Cell Carcinoma,malignant,True,BKL,False,0.0,18.9,local_therapy,True,True,0dbbfba0dcb9e3daf0d19a1ab896c645921b3a6f_242240_2
248,0dbbfba0dcb9e3daf0d19a1ab896c645921b3a6f,expert,7be8fd7d48d1cb3767becf56f7529b2f0fad77f5,2,8,47,with_ai,True,242240,ISIC_0118795,SCCKA,Squamous Cell Carcinoma,malignant,True,SCCKA,True,1.0,11.17,biopsy,True,True,0dbbfba0dcb9e3daf0d19a1ab896c645921b3a6f_242240_2
249,0dbbfba0dcb9e3daf0d19a1ab896c645921b3a6f,expert,7be8fd7d48d1cb3767becf56f7529b2f0fad77f5,2,9,47,without_ai,False,243387,ISIC_6358504,BKL,Benign Keratosis,benign,False,BKL,True,1.0,15.83,local_therapy,True,True,0dbbfba0dcb9e3daf0d19a1ab896c645921b3a6f_243387_2
250,0dbbfba0dcb9e3daf0d19a1ab896c645921b3a6f,expert,7be8fd7d48d1cb3767becf56f7529b2f0fad77f5,2,10,47,with_ai,True,243387,ISIC_6358504,BKL,Benign Keratosis,benign,False,BKL,True,1.0,2.75,local_therapy,True,True,0dbbfba0dcb9e3daf0d19a1ab896c645921b3a6f_243387_2
251,0dbbfba0dcb9e3daf0d19a1ab896c645921b3a6f,expert,7be8fd7d48d1cb3767becf56f7529b2f0fad77f5,2,11,47,without_ai,False,240395,ISIC_5714368,DF,Dermatofibroma,benign,False,DF,True,1.0,9.53,monitor,False,True,0dbbfba0dcb9e3daf0d19a1ab896c645921b3a6f_240395_2
252,0dbbfba0dcb9e3daf0d19a1ab896c645921b3a6f,expert,7be8fd7d48d1cb3767becf56f7529b2f0fad77f5,2,12,47,with_ai,True,240395,ISIC_5714368,DF,Dermatofibroma,benign,False,DF,True,1.0,3.22,monitor,False,True,0dbbfba0dcb9e3daf0d19a1ab896c645921b3a6f_240395_2
253,0dbbfba0dcb9e3daf0d19a1ab896c645921b3a6f,expert,7be8fd7d48d1cb3767becf56f7529b2f0fad77f5,2,13,47,without_ai,False,244504,ISIC_9041525,MEL,Melanoma,malignant,True,MEL,True,1.0,9.73,biopsy,True,True,0dbbfba0dcb9e3daf0d19a1ab896c645921b3a6f_244504_2
254,0dbbfba0dcb9e3daf0d19a1ab896c645921b3a6f,expert,7be8fd7d48d1cb3767becf56f7529b2f0fad77f5,2,14,47,with_ai,True,244504,ISIC_9041525,MEL,Melanoma,malignant,True,MEL,True,1.0,13.22,biopsy,True,True,0dbbfba0dcb9e3daf0d19a1ab896c645921b3a6f_244504_2
255,0dbbfba0dcb9e3daf0d19a1ab896c645921b3a6f,expert,7be8fd7d48d1cb3767becf56f7529b2f0fad77f5,2,15,47,without_ai,False,243559,ISIC_1589936,OTHER_BENIGN,Other Benign,benign,False,MEL,False,0.0,9.6,biopsy,True,True,0dbbfba0dcb9e3daf0d19a1ab896c645921b3a6f_243559_2
256,0dbbfba0dcb9e3daf0d19a1ab896c645921b3a6f,expert,7be8fd7d48d1cb3767becf56f7529b2f0fad77f5,2,16,47,with_ai,True,243559,ISIC_1589936,OTHER_BENIGN,Other Benign,benign,False,MEL,False,0.0,15.12,biopsy,True,True,0dbbfba0dcb9e3daf0d19a1ab896c645921b3a6f_243559_2
257,0dbbfba0dcb9e3daf0d19a1ab896c645921b3a6f,expert,7be8fd7d48d1cb3767becf56f7529b2f0fad77f5,2,17,47,without_ai,False,242243,ISIC_5723091,BCC,Basal Cell Carcinoma,malignant,True,BCC,True,1.0,10.91,biopsy,True,True,0dbbfba0dcb9e3daf0d19a1ab896c645921b3a6f_242243_2
258,0dbbfba0dcb9e3daf0d19a1ab896c645921b3a6f,expert,7be8fd7d48d1cb3767becf56f7529b2f0fad77f5,2,18,47,with_ai,True,242243,ISIC_5723091,BCC,Basal Cell Carcinoma,malignant,True,BCC,True,1.0,2.0,biopsy,True,True,0dbbfba0dcb9e3daf0d19a1ab896c645921b3a6f_242243_2
259,0dbbfba0dcb9e3daf0d19a1ab896c645921b3a6f,expert,7be8fd7d48d1cb3767becf56f7529b2f0fad77f5,2,19,47,without_ai,False,241480,ISIC_9222540,BKL,Benign Keratosis,benign,False,BKL,True,1.0,25.02,local_therapy,True,True,0dbbfba0dcb9e3daf0d19a1ab896c645921b3a6f_241480_2
260,0dbbfba0dcb9e3daf0d19a1ab896c645921b3a6f,expert,7be8fd7d48d1cb3767becf56f7529b2f0fad77f5,2,20,47,with_ai,True,241480,ISIC_9222540,BKL,Benign Keratosis,benign,False,BKL,True,1.0,2.92,local_therapy,True,True,0dbbfba0dcb9e3daf0d19a1ab896c645921b3a6f_241480_2
261,0dbbfba0dcb9e3daf0d19a1ab896c645921b3a6f,expert,7be8fd7d48d1cb3767becf56f7529b2f0fad77f5,2,21,47,without_ai,False,242236,ISIC_8138627,AKIEC,Actinic Keratosis,premalignant,True,SCCKA,False,0.0,20.71,biopsy,True,True,0dbbfba0dcb9e3daf0d19a1ab896c645921b3a6f_242236_2
262,0dbbfba0dcb9e3daf0d19a1ab896c645921b3a6f,expert,7be8fd7d48d1cb3767becf56f7529b2f0fad77f5,2,22,47,with_ai,True,242236,ISIC_8138627,AKIEC,Actinic Keratosis,premalignant,True,SCCKA,False,0.0,3.63,biopsy,True,True,0dbbfba0dcb9e3daf0d19a1ab896c645921b3a6f_242236_2
263,0dbbfba0dcb9e3daf0d19a1ab896c645921b3a6f,expert,7be8fd7d48d1cb3767becf56f7529b2f0fad77f5,2,23,47,without_ai,False,242476,ISIC_7138580,NV,Melanocytic Nevi,benign,False,MEL,False,0.0,12.07,biopsy,True,True,0dbbfba0dcb9e3daf0d19a1ab896c645921b3a6f_242476_2
264,0dbbfba0dcb9e3daf0d19a1ab896c645921b3a6f,expert,7be8fd7d48d1cb3767becf56f7529b2f0fad77f5,2,24,47,with_ai,True,242476,ISIC_7138580,NV,Melanocytic Nevi,benign,False,MEL,False,0.0,3.69,biopsy,True,True,0dbbfba0dcb9e3daf0d19a1ab896c645921b3a6f_242476_2
265,0dbbfba0dcb9e3daf0d19a1ab896c645921b3a6f,expert,7be8fd7d48d1cb3767becf56f7529b2f0fad77f5,2,25,47,without_ai,False,244067,ISIC_2973118,BCC,Basal Cell Carcinoma,malignant,True,BCC,True,1.0,10.8,biopsy,True,True,0dbbfba0dcb9e3daf0d19a1ab896c645921b3a6f_244067_2
266,0dbbfba0dcb9e3daf0d19a1ab896c645921b3a6f,expert,7be8fd7d48d1cb3767becf56f7529b2f0fad77f5,2,26,47,with_ai,True,244067,ISIC_2973118,BCC,Basal Cell Carcinoma,malignant,True,AKIEC,False,0.0,6.89,biopsy,True,True,0dbbfba0dcb9e3daf0d19a1ab896c645921b3a6f_244067_2
267,0dbbfba0dcb9e3daf0d19a1ab896c645921b3a6f,expert,7be8fd7d48d1cb3767becf56f7529b2f0fad77f5,2,27,47,without_ai,False,240900,ISIC_9427744,NV,Melanocytic Nevi,benign,False,NV,True,1.0,8.46,monitor,False,True,0dbbfba0dcb9e3daf0d19a1ab896c645921b3a6f_240900_2
268,0dbbfba0dcb9e3daf0d19a1ab896c645921b3a6f,expert,7be8fd7d48d1cb3767becf56f7529b2f0fad77f5,2,28,47,with_ai,True,240900,ISIC_9427744,NV,Melanocytic Nevi,benign,False,NV,True,1.0,2.6,monitor,False,True,0dbbfba0dcb9e3daf0d19a1ab896c645921b3a6f_240900_2
269,0dbbfba0dcb9e3daf0d19a1ab896c645921b3a6f,expert,7be8fd7d48d1cb3767becf56f7529b2f0fad77f5,2,29,47,without_ai,False,242213,ISIC_7817884,NV,Melanocytic Nevi,benign,False,NV,True,1.0,9.74,monitor,False,True,0dbbfba0dcb9e3daf0d19a1ab896c645921b3a6f_242213_2
270,0dbbfba0dcb9e3daf0d19a1ab896c645921b3a6f,expert,7be8fd7d48d1cb3767becf56f7529b2f0fad77f5,2,30,47,with_ai,True,242213,ISIC_7817884,NV,Melanocytic Nevi,benign,False,NV,True,1.0,6.76,monitor,False,True,0dbbfba0dcb9e3daf0d19a1ab896c645921b3a6f_242213_2
301,fe44adb91acc9045f5e8a0bcbb234fcdd8061655,expert,5a5b5756b6513dcad157530df567b430f574158c,1,1,47,without_ai,False,241894,ISIC_5745120,AKIEC,Actinic Keratosis,premalignant,True,SCCKA,False,0.0,14.32,biopsy,True,True,fe44adb91acc9045f5e8a0bcbb234fcdd8061655_241894_1
302,fe44adb91acc9045f5e8a0bcbb234fcdd8061655,expert,5a5b5756b6513dcad157530df567b430f574158c,1,2,47,with_ai,True,241894,ISIC_5745120,AKIEC,Actinic Keratosis,premalignant,True,SCCKA,False,0.0,8.78,biopsy,True,True,fe44adb91acc9045f5e8a0bcbb234fcdd8061655_241894_1
303,fe44adb91acc9045f5e8a0bcbb234fcdd8061655,expert,5a5b5756b6513dcad157530df567b430f574158c,1,3,47,without_ai,False,241958,ISIC_0644224,OTHER_BENIGN,Other Benign,benign,False,BCC,False,0.0,7.26,biopsy,True,True,fe44adb91acc9045f5e8a0bcbb234fcdd8061655_241958_1
304,fe44adb91acc9045f5e8a0bcbb234fcdd8061655,expert,5a5b5756b6513dcad157530df567b430f574158c,1,4,47,with_ai,True,241958,ISIC_0644224,OTHER_BENIGN,Other Benign,benign,False,BCC,False,0.0,7.73,biopsy,True,True,fe44adb91acc9045f5e8a0bcbb234fcdd8061655_241958_1
305,fe44adb91acc9045f5e8a0bcbb234fcdd8061655,expert,5a5b5756b6513dcad157530df567b430f574158c,1,5,47,without_ai,False,241124,ISIC_0417486,VASC,Vascular Lesions,benign,False,VASC,True,1.0,6.27,dismiss,False,True,fe44adb91acc9045f5e8a0bcbb234fcdd8061655_241124_1
306,fe44adb91acc9045f5e8a0bcbb234fcdd8061655,expert,5a5b5756b6513dcad157530df567b430f574158c,1,6,47,with_ai,True,241124,ISIC_0417486,VASC,Vascular Lesions,benign,False,VASC,True,1.0,8.73,dismiss,False,True,fe44adb91acc9045f5e8a0bcbb234fcdd8061655_241124_1
307,fe44adb91acc9045f5e8a0bcbb234fcdd8061655,expert,5a5b5756b6513dcad157530df567b430f574158c,1,7,47,without_ai,False,243962,ISIC_1738383,BCC,Basal Cell Carcinoma,malignant,True,BCC,True,1.0,8.58,biopsy,True,True,fe44adb91acc9045f5e8a0bcbb234fcdd8061655_243962_1
308,fe44adb91acc9045f5e8a0bcbb234fcdd8061655,expert,5a5b5756b6513dcad157530df567b430f574158c,1,8,47,with_ai,True,243962,ISIC_1738383,BCC,Basal Cell Carcinoma,malignant,True,BCC,True,1.0,7.08,biopsy,True,True,fe44adb91acc9045f5e8a0bcbb234fcdd8061655_243962_1
309,fe44adb91acc9045f5e8a0bcbb234fcdd8061655,expert,5a5b5756b6513dcad157530df567b430f574158c,1,9,47,without_ai,False,240393,ISIC_2777762,BKL,Benign Keratosis,benign,False,NV,False,0.0,9.71,monitor,False,True,fe44adb91acc9045f5e8a0bcbb234fcdd8061655_240393_1
310,fe44adb91acc9045f5e8a0bcbb234fcdd8061655,expert,5a5b5756b6513dcad157530df567b430f574158c,1,10,47,with_ai,True,240393,ISIC_2777762,BKL,Benign Keratosis,benign,False,BKL,True,1.0,10.69,dismiss,False,True,fe44adb91acc9045f5e8a0bcbb234fcdd8061655_240393_1
311,fe44adb91acc9045f5e8a0bcbb234fcdd8061655,expert,5a5b5756b6513dcad157530df567b430f574158c,1,11,47,without_ai,False,243756,ISIC_4051799,BCC,Basal Cell Carcinoma,malignant,True,BCC,True,1.0,3.91,biopsy,True,True,fe44adb91acc9045f5e8a0bcbb234fcdd8061655_243756_1
312,fe44adb91acc9045f5e8a0bcbb234fcdd8061655,expert,5a5b5756b6513dcad157530df567b430f574158c,1,12,47,with_ai,True,243756,ISIC_4051799,BCC,Basal Cell Carcinoma,malignant,True,BCC,True,1.0,17.68,biopsy,True,True,fe44adb91acc9045f5e8a0bcbb234fcdd8061655_243756_1
313,fe44adb91acc9045f5e8a0bcbb234fcdd8061655,expert,5a5b5756b6513dcad157530df567b430f574158c,1,13,47,without_ai,False,241899,ISIC_1009475,NV,Melanocytic Nevi,benign,False,NV,True,1.0,3.76,dismiss,False,True,fe44adb91acc9045f5e8a0bcbb234fcdd8061655_241899_1
314,fe44adb91acc9045f5e8a0bcbb234fcdd8061655,expert,5a5b5756b6513dcad157530df567b430f574158c,1,14,47,with_ai,True,241899,ISIC_1009475,NV,Melanocytic Nevi,benign,False,NV,True,1.0,2.44,dismiss,False,True,fe44adb91acc9045f5e8a0bcbb234fcdd8061655_241899_1
315,fe44adb91acc9045f5e8a0bcbb234fcdd8061655,expert,5a5b5756b6513dcad157530df567b430f574158c,1,15,47,without_ai,False,245106,ISIC_9047747,SCCKA,Squamous Cell Carcinoma,malignant,True,OTHER_MALIGNANT,False,0.0,6.11,biopsy,True,True,fe44adb91acc9045f5e8a0bcbb234fcdd8061655_245106_1
316,fe44adb91acc9045f5e8a0bcbb234fcdd8061655,expert,5a5b5756b6513dcad157530df567b430f574158c,1,16,47,with_ai,True,245106,ISIC_9047747,SCCKA,Squamous Cell Carcinoma,malignant,True,OTHER_MALIGNANT,False,0.0,8.6,biopsy,True,True,fe44adb91acc9045f5e8a0bcbb234fcdd8061655_245106_1
317,fe44adb91acc9045f5e8a0bcbb234fcdd8061655,expert,5a5b5756b6513dcad157530df567b430f574158c,1,17,47,without_ai,False,243775,ISIC_9546502,MEL,Melanoma,malignant,True,NV,False,0.0,4.73,monitor,False,True,fe44adb91acc9045f5e8a0bcbb234fcdd8061655_243775_1
318,fe44adb91acc9045f5e8a0bcbb234fcdd8061655,expert,5a5b5756b6513dcad157530df567b430f574158c,1,18,47,with_ai,True,243775,ISIC_9546502,MEL,Melanoma,malignant,True,NV,False,0.0,6.1,monitor,False,True,fe44adb91acc9045f5e8a0bcbb234fcdd8061655_243775_1
319,fe44adb91acc9045f5e8a0bcbb234fcdd8061655,expert,5a5b5756b6513dcad157530df567b430f574158c,1,19,47,without_ai,False,244614,ISIC_4602849,BKL,Benign Keratosis,benign,False,BKL,True,1.0,5.55,dismiss,False,True,fe44adb91acc9045f5e8a0bcbb234fcdd8061655_244614_1
320,fe44adb91acc9045f5e8a0bcbb234fcdd8061655,expert,5a5b5756b6513dcad157530df567b430f574158c,1,20,47,with_ai,True,244614,ISIC_4602849,BKL,Benign Keratosis,benign,False,BKL,True,1.0,13.41,dismiss,False,True,fe44adb91acc9045f5e8a0bcbb234fcdd8061655_244614_1
321,fe44adb91acc9045f5e8a0bcbb234fcdd8061655,expert,5a5b5756b6513dcad157530df567b430f574158c,1,21,47,without_ai,False,240434,ISIC_6987320,NV,Melanocytic Nevi,benign,False,MEL,False,0.0,6.27,biopsy,True,True,fe44adb91acc9045f5e8a0bcbb234fcdd8061655_240434_1
322,fe44adb91acc9045f5e8a0bcbb234fcdd8061655,expert,5a5b5756b6513dcad157530df567b430f574158c,1,22,47,with_ai,True,240434,ISIC_6987320,NV,Melanocytic Nevi,benign,False,NV,True,1.0,5.6,monitor,False,True,fe44adb91acc9045f5e8a0bcbb234fcdd8061655_240434_1
323,fe44adb91acc9045f5e8a0bcbb234fcdd8061655,expert,5a5b5756b6513dcad157530df567b430f574158c,1,23,47,without_ai,False,244590,ISIC_3545744,NV,Melanocytic Nevi,benign,False,NV,True,1.0,3.47,monitor,False,True,fe44adb91acc9045f5e8a0bcbb234fcdd8061655_244590_1
324,fe44adb91acc9045f5e8a0bcbb234fcdd8061655,expert,5a5b5756b6513dcad157530df567b430f574158c,1,24,47,with_ai,True,244590,ISIC_3545744,NV,Melanocytic Nevi,benign,False,NV,True,1.0,2.21,monitor,False,True,fe44adb91acc9045f5e8a0bcbb234fcdd8061655_244590_1
325,fe44adb91acc9045f5e8a0bcbb234fcdd8061655,expert,5a5b5756b6513dcad157530df567b430f574158c,1,25,47,without_ai,False,241643,ISIC_5513367,MEL,Melanoma,malignant,True,MEL,True,1.0,3.79,biopsy,True,True,fe44adb91acc9045f5e8a0bcbb234fcdd8061655_241643_1
326,fe44adb91acc9045f5e8a0bcbb234fcdd8061655,expert,5a5b5756b6513dcad157530df567b430f574158c,1,26,47,with_ai,True,241643,ISIC_5513367,MEL,Melanoma,malignant,True,MEL,True,1.0,3.12,biopsy,True,True,fe44adb91acc9045f5e8a0bcbb234fcdd8061655_241643_1
327,fe44adb91acc9045f5e8a0bcbb234fcdd8061655,expert,5a5b5756b6513dcad157530df567b430f574158c,1,27,47,without_ai,False,242070,ISIC_6070426,DF,Dermatofibroma,benign,False,INF,False,0.0,7.68,biopsy,True,True,fe44adb91acc9045f5e8a0bcbb234fcdd8061655_242070_1
328,fe44adb91acc9045f5e8a0bcbb234fcdd8061655,expert,5a5b5756b6513dcad157530df567b430f574158c,1,28,47,with_ai,True,242070,ISIC_6070426,DF,Dermatofibroma,benign,False,OTHER_BENIGN,False,0.0,5.12,biopsy,True,True,fe44adb91acc9045f5e8a0bcbb234fcdd8061655_242070_1
329,fe44adb91acc9045f5e8a0bcbb234fcdd8061655,expert,5a5b5756b6513dcad157530df567b430f574158c,1,29,47,without_ai,False,242360,ISIC_0489440,NV,Melanocytic Nevi,benign,False,NV,True,1.0,3.23,monitor,False,True,fe44adb91acc9045f5e8a0bcbb234fcdd8061655_242360_1
330,fe44adb91acc9045f5e8a0bcbb234fcdd8061655,expert,5a5b5756b6513dcad157530df567b430f574158c,1,30,47,with_ai,True,242360,ISIC_0489440,NV,Melanocytic Nevi,benign,False,NV,True,1.0,3.04,monitor,False,True,fe44adb91acc9045f5e8a0bcbb234fcdd8061655_242360_1
331,fe44adb91acc9045f5e8a0bcbb234fcdd8061655,expert,37618bb111c15531acd8234873a4a13415a3d2f6,2,1,47,without_ai,False,244180,ISIC_2231359,SCCKA,Squamous Cell Carcinoma,malignant,True,AKIEC,False,0.0,7.67,local_therapy,True,True,fe44adb91acc9045f5e8a0bcbb234fcdd8061655_244180_2
332,fe44adb91acc9045f5e8a0bcbb234fcdd8061655,expert,37618bb111c15531acd8234873a4a13415a3d2f6,2,2,47,with_ai,True,244180,ISIC_2231359,SCCKA,Squamous Cell Carcinoma,malignant,True,SCCKA,True,1.0,9.01,biopsy,True,True,fe44adb91acc9045f5e8a0bcbb234fcdd8061655_244180_2
333,fe44adb91acc9045f5e8a0bcbb234fcdd8061655,expert,37618bb111c15531acd8234873a4a13415a3d2f6,2,3,47,without_ai,False,242089,ISIC_1323177,BKL,Benign Keratosis,benign,False,AKIEC,False,0.0,7.2,local_therapy,True,True,fe44adb91acc9045f5e8a0bcbb234fcdd8061655_242089_2
334,fe44adb91acc9045f5e8a0bcbb234fcdd8061655,expert,37618bb111c15531acd8234873a4a13415a3d2f6,2,4,47,with_ai,True,242089,ISIC_1323177,BKL,Benign Keratosis,benign,False,AKIEC,False,0.0,7.58,local_therapy,True,True,fe44adb91acc9045f5e8a0bcbb234fcdd8061655_242089_2
335,fe44adb91acc9045f5e8a0bcbb234fcdd8061655,expert,37618bb111c15531acd8234873a4a13415a3d2f6,2,5,47,without_ai,False,241542,ISIC_8614567,VASC,Vascular Lesions,benign,False,VASC,True,1.0,17.53,biopsy,True,True,fe44adb91acc9045f5e8a0bcbb234fcdd8061655_241542_2
336,fe44adb91acc9045f5e8a0bcbb234fcdd8061655,expert,37618bb111c15531acd8234873a4a13415a3d2f6,2,6,47,with_ai,True,241542,ISIC_8614567,VASC,Vascular Lesions,benign,False,VASC,True,1.0,3.36,biopsy,True,True,fe44adb91acc9045f5e8a0bcbb234fcdd8061655_241542_2
337,fe44adb91acc9045f5e8a0bcbb234fcdd8061655,expert,37618bb111c15531acd8234873a4a13415a3d2f6,2,7,47,without_ai,False,243448,ISIC_0489274,BCC,Basal Cell Carcinoma,malignant,True,SCCKA,False,0.0,7.44,biopsy,True,True,fe44adb91acc9045f5e8a0bcbb234fcdd8061655_243448_2
338,fe44adb91acc9045f5e8a0bcbb234fcdd8061655,expert,37618bb111c15531acd8234873a4a13415a3d2f6,2,8,47,with_ai,True,243448,ISIC_0489274,BCC,Basal Cell Carcinoma,malignant,True,AKIEC,False,0.0,7.94,biopsy,True,True,fe44adb91acc9045f5e8a0bcbb234fcdd8061655_243448_2
339,fe44adb91acc9045f5e8a0bcbb234fcdd8061655,expert,37618bb111c15531acd8234873a4a13415a3d2f6,2,9,47,without_ai,False,243558,ISIC_2205187,NV,Melanocytic Nevi,benign,False,NV,True,1.0,6.45,monitor,False,True,fe44adb91acc9045f5e8a0bcbb234fcdd8061655_243558_2
340,fe44adb91acc9045f5e8a0bcbb234fcdd8061655,expert,37618bb111c15531acd8234873a4a13415a3d2f6,2,10,47,with_ai,True,243558,ISIC_2205187,NV,Melanocytic Nevi,benign,False,NV,True,1.0,5.37,monitor,False,True,fe44adb91acc9045f5e8a0bcbb234fcdd8061655_243558_2
341,fe44adb91acc9045f5e8a0bcbb234fcdd8061655,expert,37618bb111c15531acd8234873a4a13415a3d2f6,2,11,47,without_ai,False,244293,ISIC_1212608,BKL,Benign Keratosis,benign,False,BKL,True,1.0,9.25,biopsy,True,True,fe44adb91acc9045f5e8a0bcbb234fcdd8061655_244293_2
342,fe44adb91acc9045f5e8a0bcbb234fcdd8061655,expert,37618bb111c15531acd8234873a4a13415a3d2f6,2,12,47,with_ai,True,244293,ISIC_1212608,BKL,Benign Keratosis,benign,False,AKIEC,False,0.0,6.69,biopsy,True,True,fe44adb91acc9045f5e8a0bcbb234fcdd8061655_244293_2
343,fe44adb91acc9045f5e8a0bcbb234fcdd8061655,expert,37618bb111c15531acd8234873a4a13415a3d2f6,2,13,47,without_ai,False,242731,ISIC_9380419,BKL,Benign Keratosis,benign,False,AKIEC,False,0.0,14.53,local_therapy,True,True,fe44adb91acc9045f5e8a0bcbb234fcdd8061655_242731_2
344,fe44adb91acc9045f5e8a0bcbb234fcdd8061655,expert,37618bb111c15531acd8234873a4a13415a3d2f6,2,14,47,with_ai,True,242731,ISIC_9380419,BKL,Benign Keratosis,benign,False,AKIEC,False,0.0,19.15,biopsy,True,True,fe44adb91acc9045f5e8a0bcbb234fcdd8061655_242731_2
345,fe44adb91acc9045f5e8a0bcbb234fcdd8061655,expert,37618bb111c15531acd8234873a4a13415a3d2f6,2,15,47,without_ai,False,244881,ISIC_2846004,DF,Dermatofibroma,benign,False,OTHER_BENIGN,False,0.0,14.88,biopsy,True,True,fe44adb91acc9045f5e8a0bcbb234fcdd8061655_244881_2
346,fe44adb91acc9045f5e8a0bcbb234fcdd8061655,expert,37618bb111c15531acd8234873a4a13415a3d2f6,2,16,47,with_ai,True,244881,ISIC_2846004,DF,Dermatofibroma,benign,False,OTHER_BENIGN,False,0.0,7.46,biopsy,True,True,fe44adb91acc9045f5e8a0bcbb234fcdd8061655_244881_2
347,fe44adb91acc9045f5e8a0bcbb234fcdd8061655,expert,37618bb111c15531acd8234873a4a13415a3d2f6,2,17,47,without_ai,False,241472,ISIC_6353654,NV,Melanocytic Nevi,benign,False,NV,True,1.0,4.83,biopsy,True,True,fe44adb91acc9045f5e8a0bcbb234fcdd8061655_241472_2
348,fe44adb91acc9045f5e8a0bcbb234fcdd8061655,expert,37618bb111c15531acd8234873a4a13415a3d2f6,2,18,47,with_ai,True,241472,ISIC_6353654,NV,Melanocytic Nevi,benign,False,NV,True,1.0,2.38,biopsy,True,True,fe44adb91acc9045f5e8a0bcbb234fcdd8061655_241472_2
349,fe44adb91acc9045f5e8a0bcbb234fcdd8061655,expert,37618bb111c15531acd8234873a4a13415a3d2f6,2,19,47,without_ai,False,240324,ISIC_0305865,MEL,Melanoma,malignant,True,MEL,True,1.0,4.53,biopsy,True,True,fe44adb91acc9045f5e8a0bcbb234fcdd8061655_240324_2
350,fe44adb91acc9045f5e8a0bcbb234fcdd8061655,expert,37618bb111c15531acd8234873a4a13415a3d2f6,2,20,47,with_ai,True,240324,ISIC_0305865,MEL,Melanoma,malignant,True,MEL,True,1.0,3.24,biopsy,True,True,fe44adb91acc9045f5e8a0bcbb234fcdd8061655_240324_2
351,fe44adb91acc9045f5e8a0bcbb234fcdd8061655,expert,37618bb111c15531acd8234873a4a13415a3d2f6,2,21,47,without_ai,False,242733,ISIC_9267602,NV,Melanocytic Nevi,benign,False,BKL,False,0.0,13.57,dismiss,False,True,fe44adb91acc9045f5e8a0bcbb234fcdd8061655_242733_2
352,fe44adb91acc9045f5e8a0bcbb234fcdd8061655,expert,37618bb111c15531acd8234873a4a13415a3d2f6,2,22,47,with_ai,True,242733,ISIC_9267602,NV,Melanocytic Nevi,benign,False,NV,True,1.0,17.25,dismiss,False,True,fe44adb91acc9045f5e8a0bcbb234fcdd8061655_242733_2
353,fe44adb91acc9045f5e8a0bcbb234fcdd8061655,expert,37618bb111c15531acd8234873a4a13415a3d2f6,2,23,47,without_ai,False,244063,ISIC_2501558,OTHER_BENIGN,Other Benign,benign,False,BKL,False,0.0,11.59,dismiss,False,True,fe44adb91acc9045f5e8a0bcbb234fcdd8061655_244063_2
354,fe44adb91acc9045f5e8a0bcbb234fcdd8061655,expert,37618bb111c15531acd8234873a4a13415a3d2f6,2,24,47,with_ai,True,244063,ISIC_2501558,OTHER_BENIGN,Other Benign,benign,False,OTHER_BENIGN,True,1.0,16.26,dismiss,False,True,fe44adb91acc9045f5e8a0bcbb234fcdd8061655_244063_2
355,fe44adb91acc9045f5e8a0bcbb234fcdd8061655,expert,37618bb111c15531acd8234873a4a13415a3d2f6,2,25,47,without_ai,False,243414,ISIC_0866872,MEL,Melanoma,malignant,True,MEL,True,1.0,5.59,biopsy,True,True,fe44adb91acc9045f5e8a0bcbb234fcdd8061655_243414_2
356,fe44adb91acc9045f5e8a0bcbb234fcdd8061655,expert,37618bb111c15531acd8234873a4a13415a3d2f6,2,26,47,with_ai,True,243414,ISIC_0866872,MEL,Melanoma,malignant,True,MEL,True,1.0,2.64,biopsy,True,True,fe44adb91acc9045f5e8a0bcbb234fcdd8061655_243414_2
357,fe44adb91acc9045f5e8a0bcbb234fcdd8061655,expert,37618bb111c15531acd8234873a4a13415a3d2f6,2,27,47,without_ai,False,241798,ISIC_5607559,AKIEC,Actinic Keratosis,premalignant,True,SCCKA,False,0.0,8.25,biopsy,True,True,fe44adb91acc9045f5e8a0bcbb234fcdd8061655_241798_2
358,fe44adb91acc9045f5e8a0bcbb234fcdd8061655,expert,37618bb111c15531acd8234873a4a13415a3d2f6,2,28,47,with_ai,True,241798,ISIC_5607559,AKIEC,Actinic Keratosis,premalignant,True,AKIEC,True,1.0,2.83,biopsy,True,True,fe44adb91acc9045f5e8a0bcbb234fcdd8061655_241798_2
359,fe44adb91acc9045f5e8a0bcbb234fcdd8061655,expert,37618bb111c15531acd8234873a4a13415a3d2f6,2,29,47,without_ai,False,244487,ISIC_4780938,BCC,Basal Cell Carcinoma,malignant,True,BCC,True,1.0,4.35,biopsy,True,True,fe44adb91acc9045f5e8a0bcbb234fcdd8061655_244487_2
360,fe44adb91acc9045f5e8a0bcbb234fcdd8061655,expert,37618bb111c15531acd8234873a4a13415a3d2f6,2,30,47,with_ai,True,244487,ISIC_4780938,BCC,Basal Cell Carcinoma,malignant,True,BCC,True,1.0,1.45,biopsy,True,True,fe44adb91acc9045f5e8a0bcbb234fcdd8061655_244487_2
391,cb97432b0bfe6204eeafdeb9fb3e2e5d7c1d98b6,non-expert,3b3b60a3fcc2461b8de4b5daae9c3ef95cd64b3c,1,1,47,without_ai,False,240523,ISIC_6739483,DF,Dermatofibroma,benign,False,DF,True,1.0,37.12,dismiss,False,True,cb97432b0bfe6204eeafdeb9fb3e2e5d7c1d98b6_240523_1
392,cb97432b0bfe6204eeafdeb9fb3e2e5d7c1d98b6,non-expert,3b3b60a3fcc2461b8de4b5daae9c3ef95cd64b3c,1,2,47,with_ai,True,240523,ISIC_6739483,DF,Dermatofibroma,benign,False,DF,True,1.0,10.33,dismiss,False,True,cb97432b0bfe6204eeafdeb9fb3e2e5d7c1d98b6_240523_1
393,cb97432b0bfe6204eeafdeb9fb3e2e5d7c1d98b6,non-expert,3b3b60a3fcc2461b8de4b5daae9c3ef95cd64b3c,1,3,47,without_ai,False,241689,ISIC_6886883,AKIEC,Actinic Keratosis,premalignant,True,MEL,False,0.0,24.48,biopsy,True,True,cb97432b0bfe6204eeafdeb9fb3e2e5d7c1d98b6_241689_1
394,cb97432b0bfe6204eeafdeb9fb3e2e5d7c1d98b6,non-expert,3b3b60a3fcc2461b8de4b5daae9c3ef95cd64b3c,1,4,47,with_ai,True,241689,ISIC_6886883,AKIEC,Actinic Keratosis,premalignant,True,BKL,False,0.0,11.03,dismiss,False,True,cb97432b0bfe6204eeafdeb9fb3e2e5d7c1d98b6_241689_1
395,cb97432b0bfe6204eeafdeb9fb3e2e5d7c1d98b6,non-expert,3b3b60a3fcc2461b8de4b5daae9c3ef95cd64b3c,1,5,47,without_ai,False,243116,ISIC_2669811,BCC,Basal Cell Carcinoma,malignant,True,AKIEC,False,0.0,19.46,local_therapy,True,True,cb97432b0bfe6204eeafdeb9fb3e2e5d7c1d98b6_243116_1
396,cb97432b0bfe6204eeafdeb9fb3e2e5d7c1d98b6,non-expert,3b3b60a3fcc2461b8de4b5daae9c3ef95cd64b3c,1,6,47,with_ai,True,243116,ISIC_2669811,BCC,Basal Cell Carcinoma,malignant,True,BCC,True,1.0,4.17,biopsy,True,True,cb97432b0bfe6204eeafdeb9fb3e2e5d7c1d98b6_243116_1
397,cb97432b0bfe6204eeafdeb9fb3e2e5d7c1d98b6,non-expert,3b3b60a3fcc2461b8de4b5daae9c3ef95cd64b3c,1,7,47,without_ai,False,243050,ISIC_4613268,BKL,Benign Keratosis,benign,False,MEL,False,0.0,37.41,biopsy,True,True,cb97432b0bfe6204eeafdeb9fb3e2e5d7c1d98b6_243050_1
398,cb97432b0bfe6204eeafdeb9fb3e2e5d7c1d98b6,non-expert,3b3b60a3fcc2461b8de4b5daae9c3ef95cd64b3c,1,8,47,with_ai,True,243050,ISIC_4613268,BKL,Benign Keratosis,benign,False,BKL,True,1.0,4.61,dismiss,False,True,cb97432b0bfe6204eeafdeb9fb3e2e5d7c1d98b6_243050_1
399,cb97432b0bfe6204eeafdeb9fb3e2e5d7c1d98b6,non-expert,3b3b60a3fcc2461b8de4b5daae9c3ef95cd64b3c,1,9,47,without_ai,False,241518,ISIC_1631620,BCC,Basal Cell Carcinoma,malignant,True,DF,False,0.0,21.16,dismiss,False,True,cb97432b0bfe6204eeafdeb9fb3e2e5d7c1d98b6_241518_1
400,cb97432b0bfe6204eeafdeb9fb3e2e5d7c1d98b6,non-expert,3b3b60a3fcc2461b8de4b5daae9c3ef95cd64b3c,1,10,47,with_ai,True,241518,ISIC_1631620,BCC,Basal Cell Carcinoma,malignant,True,AKIEC,False,0.0,7.13,biopsy,True,True,cb97432b0bfe6204eeafdeb9fb3e2e5d7c1d98b6_241518_1
401,cb97432b0bfe6204eeafdeb9fb3e2e5d7c1d98b6,non-expert,3b3b60a3fcc2461b8de4b5daae9c3ef95cd64b3c,1,11,47,without_ai,False,244653,ISIC_5372934,NV,Melanocytic Nevi,benign,False,NV,True,1.0,17.25,monitor,False,True,cb97432b0bfe6204eeafdeb9fb3e2e5d7c1d98b6_244653_1
402,cb97432b0bfe6204eeafdeb9fb3e2e5d7c1d98b6,non-expert,3b3b60a3fcc2461b8de4b5daae9c3ef95cd64b3c,1,12,47,with_ai,True,244653,ISIC_5372934,NV,Melanocytic Nevi,benign,False,NV,True,1.0,2.89,monitor,False,True,cb97432b0bfe6204eeafdeb9fb3e2e5d7c1d98b6_244653_1
403,cb97432b0bfe6204eeafdeb9fb3e2e5d7c1d98b6,non-expert,3b3b60a3fcc2461b8de4b5daae9c3ef95cd64b3c,1,13,47,without_ai,False,244686,ISIC_2515838,OTHER_BENIGN,Other Benign,benign,False,VASC,False,0.0,12.34,dismiss,False,True,cb97432b0bfe6204eeafdeb9fb3e2e5d7c1d98b6_244686_1
404,cb97432b0bfe6204eeafdeb9fb3e2e5d7c1d98b6,non-expert,3b3b60a3fcc2461b8de4b5daae9c3ef95cd64b3c,1,14,47,with_ai,True,244686,ISIC_2515838,OTHER_BENIGN,Other Benign,benign,False,NV,False,0.0,4.32,dismiss,False,True,cb97432b0bfe6204eeafdeb9fb3e2e5d7c1d98b6_244686_1
405,cb97432b0bfe6204eeafdeb9fb3e2e5d7c1d98b6,non-expert,3b3b60a3fcc2461b8de4b5daae9c3ef95cd64b3c,1,15,47,without_ai,False,241124,ISIC_0417486,VASC,Vascular Lesions,benign,False,NV,False,0.0,6.43,dismiss,False,True,cb97432b0bfe6204eeafdeb9fb3e2e5d7c1d98b6_241124_1
406,cb97432b0bfe6204eeafdeb9fb3e2e5d7c1d98b6,non-expert,3b3b60a3fcc2461b8de4b5daae9c3ef95cd64b3c,1,16,47,with_ai,True,241124,ISIC_0417486,VASC,Vascular Lesions,benign,False,NV,False,0.0,2.69,dismiss,False,True,cb97432b0bfe6204eeafdeb9fb3e2e5d7c1d98b6_241124_1
407,cb97432b0bfe6204eeafdeb9fb3e2e5d7c1d98b6,non-expert,3b3b60a3fcc2461b8de4b5daae9c3ef95cd64b3c,1,17,47,without_ai,False,240226,ISIC_1895471,NV,Melanocytic Nevi,benign,False,NV,True,1.0,16.82,monitor,False,True,cb97432b0bfe6204eeafdeb9fb3e2e5d7c1d98b6_240226_1
408,cb97432b0bfe6204eeafdeb9fb3e2e5d7c1d98b6,non-expert,3b3b60a3fcc2461b8de4b5daae9c3ef95cd64b3c,1,18,47,with_ai,True,240226,ISIC_1895471,NV,Melanocytic Nevi,benign,False,NV,True,1.0,6.78,biopsy,True,True,cb97432b0bfe6204eeafdeb9fb3e2e5d7c1d98b6_240226_1
409,cb97432b0bfe6204eeafdeb9fb3e2e5d7c1d98b6,non-expert,3b3b60a3fcc2461b8de4b5daae9c3ef95cd64b3c,1,19,47,without_ai,False,240196,ISIC_1942928,SCCKA,Squamous Cell Carcinoma,malignant,True,AKIEC,False,0.0,15.01,biopsy,True,True,cb97432b0bfe6204eeafdeb9fb3e2e5d7c1d98b6_240196_1
410,cb97432b0bfe6204eeafdeb9fb3e2e5d7c1d98b6,non-expert,3b3b60a3fcc2461b8de4b5daae9c3ef95cd64b3c,1,20,47,with_ai,True,240196,ISIC_1942928,SCCKA,Squamous Cell Carcinoma,malignant,True,AKIEC,False,0.0,3.35,biopsy,True,True,cb97432b0bfe6204eeafdeb9fb3e2e5d7c1d98b6_240196_1
411,cb97432b0bfe6204eeafdeb9fb3e2e5d7c1d98b6,non-expert,3b3b60a3fcc2461b8de4b5daae9c3ef95cd64b3c,1,21,47,without_ai,False,243632,ISIC_3511086,MEL,Melanoma,malignant,True,MEL,True,1.0,20.26,biopsy,True,True,cb97432b0bfe6204eeafdeb9fb3e2e5d7c1d98b6_243632_1
412,cb97432b0bfe6204eeafdeb9fb3e2e5d7c1d98b6,non-expert,3b3b60a3fcc2461b8de4b5daae9c3ef95cd64b3c,1,22,47,with_ai,True,243632,ISIC_3511086,MEL,Melanoma,malignant,True,MEL,True,1.0,2.99,biopsy,True,True,cb97432b0bfe6204eeafdeb9fb3e2e5d7c1d98b6_243632_1
413,cb97432b0bfe6204eeafdeb9fb3e2e5d7c1d98b6,non-expert,3b3b60a3fcc2461b8de4b5daae9c3ef95cd64b3c,1,23,47,without_ai,False,243520,ISIC_5239106,NV,Melanocytic Nevi,benign,False,NV,True,1.0,10.03,dismiss,False,True,cb97432b0bfe6204eeafdeb9fb3e2e5d7c1d98b6_243520_1
414,cb97432b0bfe6204eeafdeb9fb3e2e5d7c1d98b6,non-expert,3b3b60a3fcc2461b8de4b5daae9c3ef95cd64b3c,1,24,47,with_ai,True,243520,ISIC_5239106,NV,Melanocytic Nevi,benign,False,NV,True,1.0,3.15,monitor,False,True,cb97432b0bfe6204eeafdeb9fb3e2e5d7c1d98b6_243520_1
415,cb97432b0bfe6204eeafdeb9fb3e2e5d7c1d98b6,non-expert,3b3b60a3fcc2461b8de4b5daae9c3ef95cd64b3c,1,25,47,without_ai,False,244350,ISIC_7343701,BKL,Benign Keratosis,benign,False,AKIEC,False,0.0,11.39,local_therapy,True,True,cb97432b0bfe6204eeafdeb9fb3e2e5d7c1d98b6_244350_1
416,cb97432b0bfe6204eeafdeb9fb3e2e5d7c1d98b6,non-expert,3b3b60a3fcc2461b8de4b5daae9c3ef95cd64b3c,1,26,47,with_ai,True,244350,ISIC_7343701,BKL,Benign Keratosis,benign,False,AKIEC,False,0.0,3.58,local_therapy,True,True,cb97432b0bfe6204eeafdeb9fb3e2e5d7c1d98b6_244350_1
417,cb97432b0bfe6204eeafdeb9fb3e2e5d7c1d98b6,non-expert,3b3b60a3fcc2461b8de4b5daae9c3ef95cd64b3c,1,27,47,without_ai,False,240636,ISIC_4312494,MEL,Melanoma,malignant,True,NV,False,0.0,9.64,dismiss,False,True,cb97432b0bfe6204eeafdeb9fb3e2e5d7c1d98b6_240636_1
418,cb97432b0bfe6204eeafdeb9fb3e2e5d7c1d98b6,non-expert,3b3b60a3fcc2461b8de4b5daae9c3ef95cd64b3c,1,28,47,with_ai,True,240636,ISIC_4312494,MEL,Melanoma,malignant,True,MEL,True,1.0,8.66,biopsy,True,True,cb97432b0bfe6204eeafdeb9fb3e2e5d7c1d98b6_240636_1
419,cb97432b0bfe6204eeafdeb9fb3e2e5d7c1d98b6,non-expert,3b3b60a3fcc2461b8de4b5daae9c3ef95cd64b3c,1,29,47,without_ai,False,242485,ISIC_2484661,BCC,Basal Cell Carcinoma,malignant,True,BCC,True,1.0,7.67,biopsy,True,True,cb97432b0bfe6204eeafdeb9fb3e2e5d7c1d98b6_242485_1
420,cb97432b0bfe6204eeafdeb9fb3e2e5d7c1d98b6,non-expert,3b3b60a3fcc2461b8de4b5daae9c3ef95cd64b3c,1,30,47,with_ai,True,242485,ISIC_2484661,BCC,Basal Cell Carcinoma,malignant,True,BCC,True,1.0,2.62,biopsy,True,True,cb97432b0bfe6204eeafdeb9fb3e2e5d7c1d98b6_242485_1
421,00df714d41d2f49b11ca441fd04258327095b502,expert,f8bf3c75ec06c163279cf2c39dc1a1435fdce9c3,1,1,47,without_ai,False,240015,ISIC_8615296,BKL,Benign Keratosis,benign,False,AKIEC,False,0.0,24.79,local_therapy,True,True,00df714d41d2f49b11ca441fd04258327095b502_240015_1
422,00df714d41d2f49b11ca441fd04258327095b502,expert,f8bf3c75ec06c163279cf2c39dc1a1435fdce9c3,1,2,47,with_ai,True,240015,ISIC_8615296,BKL,Benign Keratosis,benign,False,MEL,False,0.0,14.95,biopsy,True,True,00df714d41d2f49b11ca441fd04258327095b502_240015_1
423,00df714d41d2f49b11ca441fd04258327095b502,expert,f8bf3c75ec06c163279cf2c39dc1a1435fdce9c3,1,3,47,without_ai,False,240191,ISIC_8462138,VASC,Vascular Lesions,benign,False,MEL,False,0.0,28.49,biopsy,True,True,00df714d41d2f49b11ca441fd04258327095b502_240191_1
424,00df714d41d2f49b11ca441fd04258327095b502,expert,f8bf3c75ec06c163279cf2c39dc1a1435fdce9c3,1,4,47,with_ai,True,240191,ISIC_8462138,VASC,Vascular Lesions,benign,False,VASC,True,1.0,15.8,monitor,False,True,00df714d41d2f49b11ca441fd04258327095b502_240191_1
425,00df714d41d2f49b11ca441fd04258327095b502,expert,f8bf3c75ec06c163279cf2c39dc1a1435fdce9c3,1,5,47,without_ai,False,242185,ISIC_9403836,BCC,Basal Cell Carcinoma,malignant,True,BCC,True,1.0,12.68,local_therapy,True,True,00df714d41d2f49b11ca441fd04258327095b502_242185_1
426,00df714d41d2f49b11ca441fd04258327095b502,expert,f8bf3c75ec06c163279cf2c39dc1a1435fdce9c3,1,6,47,with_ai,True,242185,ISIC_9403836,BCC,Basal Cell Carcinoma,malignant,True,AKIEC,False,0.0,8.73,local_therapy,True,True,00df714d41d2f49b11ca441fd04258327095b502_242185_1
427,00df714d41d2f49b11ca441fd04258327095b502,expert,f8bf3c75ec06c163279cf2c39dc1a1435fdce9c3,1,7,47,without_ai,False,242480,ISIC_1139673,AKIEC,Actinic Keratosis,premalignant,True,AKIEC,True,1.0,15.84,local_therapy,True,True,00df714d41d2f49b11ca441fd04258327095b502_242480_1
428,00df714d41d2f49b11ca441fd04258327095b502,expert,f8bf3c75ec06c163279cf2c39dc1a1435fdce9c3,1,8,47,with_ai,True,242480,ISIC_1139673,AKIEC,Actinic Keratosis,premalignant,True,AKIEC,True,1.0,6.08,local_therapy,True,True,00df714d41d2f49b11ca441fd04258327095b502_242480_1
429,00df714d41d2f49b11ca441fd04258327095b502,expert,f8bf3c75ec06c163279cf2c39dc1a1435fdce9c3,1,9,47,without_ai,False,242513,ISIC_8331574,NV,Melanocytic Nevi,benign,False,NV,True,1.0,18.29,monitor,False,True,00df714d41d2f49b11ca441fd04258327095b502_242513_1
430,00df714d41d2f49b11ca441fd04258327095b502,expert,f8bf3c75ec06c163279cf2c39dc1a1435fdce9c3,1,10,47,with_ai,True,242513,ISIC_8331574,NV,Melanocytic Nevi,benign,False,MEL,False,0.0,15.29,biopsy,True,True,00df714d41d2f49b11ca441fd04258327095b502_242513_1
431,00df714d41d2f49b11ca441fd04258327095b502,expert,f8bf3c75ec06c163279cf2c39dc1a1435fdce9c3,1,11,47,without_ai,False,241969,ISIC_2441019,BKL,Benign Keratosis,benign,False,NV,False,0.0,22.72,monitor,False,True,00df714d41d2f49b11ca441fd04258327095b502_241969_1
432,00df714d41d2f49b11ca441fd04258327095b502,expert,f8bf3c75ec06c163279cf2c39dc1a1435fdce9c3,1,12,47,with_ai,True,241969,ISIC_2441019,BKL,Benign Keratosis,benign,False,AKIEC,False,0.0,7.3,local_therapy,True,True,00df714d41d2f49b11ca441fd04258327095b502_241969_1
433,00df714d41d2f49b11ca441fd04258327095b502,expert,f8bf3c75ec06c163279cf2c39dc1a1435fdce9c3,1,13,47,without_ai,False,244522,ISIC_4733269,NV,Melanocytic Nevi,benign,False,NV,True,1.0,11.29,monitor,False,True,00df714d41d2f49b11ca441fd04258327095b502_244522_1
434,00df714d41d2f49b11ca441fd04258327095b502,expert,f8bf3c75ec06c163279cf2c39dc1a1435fdce9c3,1,14,47,with_ai,True,244522,ISIC_4733269,NV,Melanocytic Nevi,benign,False,OTHER_BENIGN,False,0.0,7.24,monitor,False,True,00df714d41d2f49b11ca441fd04258327095b502_244522_1
435,00df714d41d2f49b11ca441fd04258327095b502,expert,f8bf3c75ec06c163279cf2c39dc1a1435fdce9c3,1,15,47,without_ai,False,241239,ISIC_0119243,NV,Melanocytic Nevi,benign,False,MEL,False,0.0,11.01,biopsy,True,True,00df714d41d2f49b11ca441fd04258327095b502_241239_1
436,00df714d41d2f49b11ca441fd04258327095b502,expert,f8bf3c75ec06c163279cf2c39dc1a1435fdce9c3,1,16,47,with_ai,True,241239,ISIC_0119243,NV,Melanocytic Nevi,benign,False,NV,True,1.0,7.65,monitor,False,True,00df714d41d2f49b11ca441fd04258327095b502_241239_1
437,00df714d41d2f49b11ca441fd04258327095b502,expert,f8bf3c75ec06c163279cf2c39dc1a1435fdce9c3,1,17,47,without_ai,False,244878,ISIC_2001195,OTHER_BENIGN,Other Benign,benign,False,MEL,False,0.0,7.03,biopsy,True,True,00df714d41d2f49b11ca441fd04258327095b502_244878_1
438,00df714d41d2f49b11ca441fd04258327095b502,expert,f8bf3c75ec06c163279cf2c39dc1a1435fdce9c3,1,18,47,with_ai,True,244878,ISIC_2001195,OTHER_BENIGN,Other Benign,benign,False,MEL,False,0.0,6.76,biopsy,True,True,00df714d41d2f49b11ca441fd04258327095b502_244878_1
439,00df714d41d2f49b11ca441fd04258327095b502,expert,f8bf3c75ec06c163279cf2c39dc1a1435fdce9c3,1,19,47,without_ai,False,241302,ISIC_2868896,DF,Dermatofibroma,benign,False,BKL,False,0.0,9.83,monitor,False,True,00df714d41d2f49b11ca441fd04258327095b502_241302_1
440,00df714d41d2f49b11ca441fd04258327095b502,expert,f8bf3c75ec06c163279cf2c39dc1a1435fdce9c3,1,20,47,with_ai,True,241302,ISIC_2868896,DF,Dermatofibroma,benign,False,AKIEC,False,0.0,5.48,local_therapy,True,True,00df714d41d2f49b11ca441fd04258327095b502_241302_1
441,00df714d41d2f49b11ca441fd04258327095b502,expert,f8bf3c75ec06c163279cf2c39dc1a1435fdce9c3,1,21,47,without_ai,False,240487,ISIC_4375866,MEL,Melanoma,malignant,True,MEL,True,1.0,10.92,biopsy,True,True,00df714d41d2f49b11ca441fd04258327095b502_240487_1
442,00df714d41d2f49b11ca441fd04258327095b502,expert,f8bf3c75ec06c163279cf2c39dc1a1435fdce9c3,1,22,47,with_ai,True,240487,ISIC_4375866,MEL,Melanoma,malignant,True,MEL,True,1.0,3.37,biopsy,True,True,00df714d41d2f49b11ca441fd04258327095b502_240487_1
443,00df714d41d2f49b11ca441fd04258327095b502,expert,f8bf3c75ec06c163279cf2c39dc1a1435fdce9c3,1,23,47,without_ai,False,241007,ISIC_3365437,BCC,Basal Cell Carcinoma,malignant,True,BCC,True,1.0,12.07,biopsy,True,True,00df714d41d2f49b11ca441fd04258327095b502_241007_1
444,00df714d41d2f49b11ca441fd04258327095b502,expert,f8bf3c75ec06c163279cf2c39dc1a1435fdce9c3,1,24,47,with_ai,True,241007,ISIC_3365437,BCC,Basal Cell Carcinoma,malignant,True,BCC,True,1.0,3.36,biopsy,True,True,00df714d41d2f49b11ca441fd04258327095b502_241007_1
445,00df714d41d2f49b11ca441fd04258327095b502,expert,f8bf3c75ec06c163279cf2c39dc1a1435fdce9c3,1,25,47,without_ai,False,245137,ISIC_2923050,SCCKA,Squamous Cell Carcinoma,malignant,True,BKL,False,0.0,17.18,monitor,False,True,00df714d41d2f49b11ca441fd04258327095b502_245137_1
446,00df714d41d2f49b11ca441fd04258327095b502,expert,f8bf3c75ec06c163279cf2c39dc1a1435fdce9c3,1,26,47,with_ai,True,245137,ISIC_2923050,SCCKA,Squamous Cell Carcinoma,malignant,True,SCCKA,True,1.0,6.89,biopsy,True,True,00df714d41d2f49b11ca441fd04258327095b502_245137_1
447,00df714d41d2f49b11ca441fd04258327095b502,expert,f8bf3c75ec06c163279cf2c39dc1a1435fdce9c3,1,27,47,without_ai,False,242857,ISIC_2128070,SCCKA,Squamous Cell Carcinoma,malignant,True,BCC,False,0.0,10.62,biopsy,True,True,00df714d41d2f49b11ca441fd04258327095b502_242857_1
448,00df714d41d2f49b11ca441fd04258327095b502,expert,f8bf3c75ec06c163279cf2c39dc1a1435fdce9c3,1,28,47,with_ai,True,242857,ISIC_2128070,SCCKA,Squamous Cell Carcinoma,malignant,True,BCC,False,0.0,5.37,biopsy,True,True,00df714d41d2f49b11ca441fd04258327095b502_242857_1
449,00df714d41d2f49b11ca441fd04258327095b502,expert,f8bf3c75ec06c163279cf2c39dc1a1435fdce9c3,1,29,47,without_ai,False,242717,ISIC_7808642,MEL,Melanoma,malignant,True,MEL,True,1.0,7.61,biopsy,True,True,00df714d41d2f49b11ca441fd04258327095b502_242717_1
450,00df714d41d2f49b11ca441fd04258327095b502,expert,f8bf3c75ec06c163279cf2c39dc1a1435fdce9c3,1,30,47,with_ai,True,242717,ISIC_7808642,MEL,Melanoma,malignant,True,NV,False,0.0,6.32,monitor,False,True,00df714d41d2f49b11ca441fd04258327095b502_242717_1
451,4839ad0885b076717658dba5f02996e9dbcb9952,expert,6d7497243203e1a7f253ebe0fbc0c303833b0e7b,1,1,47,without_ai,False,242663,ISIC_7402642,MEL,Melanoma,malignant,True,MEL,True,1.0,21.06,biopsy,True,True,4839ad0885b076717658dba5f02996e9dbcb9952_242663_1
452,4839ad0885b076717658dba5f02996e9dbcb9952,expert,6d7497243203e1a7f253ebe0fbc0c303833b0e7b,1,2,47,with_ai,True,242663,ISIC_7402642,MEL,Melanoma,malignant,True,MEL,True,1.0,6.11,biopsy,True,True,4839ad0885b076717658dba5f02996e9dbcb9952_242663_1
453,4839ad0885b076717658dba5f02996e9dbcb9952,expert,6d7497243203e1a7f253ebe0fbc0c303833b0e7b,1,3,47,without_ai,False,241652,ISIC_7896796,BKL,Benign Keratosis,benign,False,AKIEC,False,0.0,10.49,local_therapy,True,True,4839ad0885b076717658dba5f02996e9dbcb9952_241652_1
454,4839ad0885b076717658dba5f02996e9dbcb9952,expert,6d7497243203e1a7f253ebe0fbc0c303833b0e7b,1,4,47,with_ai,True,241652,ISIC_7896796,BKL,Benign Keratosis,benign,False,BKL,True,1.0,5.47,local_therapy,True,True,4839ad0885b076717658dba5f02996e9dbcb9952_241652_1
455,4839ad0885b076717658dba5f02996e9dbcb9952,expert,6d7497243203e1a7f253ebe0fbc0c303833b0e7b,1,5,47,without_ai,False,244660,ISIC_7535768,BCC,Basal Cell Carcinoma,malignant,True,BCC,True,1.0,5.0,biopsy,True,True,4839ad0885b076717658dba5f02996e9dbcb9952_244660_1
456,4839ad0885b076717658dba5f02996e9dbcb9952,expert,6d7497243203e1a7f253ebe0fbc0c303833b0e7b,1,6,47,with_ai,True,244660,ISIC_7535768,BCC,Basal Cell Carcinoma,malignant,True,BCC,True,1.0,2.67,biopsy,True,True,4839ad0885b076717658dba5f02996e9dbcb9952_244660_1
457,4839ad0885b076717658dba5f02996e9dbcb9952,expert,6d7497243203e1a7f253ebe0fbc0c303833b0e7b,1,7,47,without_ai,False,244306,ISIC_3570541,VASC,Vascular Lesions,benign,False,VASC,True,1.0,6.87,dismiss,False,True,4839ad0885b076717658dba5f02996e9dbcb9952_244306_1
458,4839ad0885b076717658dba5f02996e9dbcb9952,expert,6d7497243203e1a7f253ebe0fbc0c303833b0e7b,1,8,47,with_ai,True,244306,ISIC_3570541,VASC,Vascular Lesions,benign,False,VASC,True,1.0,2.75,dismiss,False,True,4839ad0885b076717658dba5f02996e9dbcb9952_244306_1
459,4839ad0885b076717658dba5f02996e9dbcb9952,expert,6d7497243203e1a7f253ebe0fbc0c303833b0e7b,1,9,47,without_ai,False,244588,ISIC_1136271,OTHER_BENIGN,Other Benign,benign,False,SCCKA,False,0.0,7.31,biopsy,True,True,4839ad0885b076717658dba5f02996e9dbcb9952_244588_1
460,4839ad0885b076717658dba5f02996e9dbcb9952,expert,6d7497243203e1a7f253ebe0fbc0c303833b0e7b,1,10,47,with_ai,True,244588,ISIC_1136271,OTHER_BENIGN,Other Benign,benign,False,DF,False,0.0,4.06,monitor,False,True,4839ad0885b076717658dba5f02996e9dbcb9952_244588_1
461,4839ad0885b076717658dba5f02996e9dbcb9952,expert,6d7497243203e1a7f253ebe0fbc0c303833b0e7b,1,11,47,without_ai,False,244416,ISIC_1860202,AKIEC,Actinic Keratosis,premalignant,True,AKIEC,True,1.0,8.22,biopsy,True,True,4839ad0885b076717658dba5f02996e9dbcb9952_244416_1
462,4839ad0885b076717658dba5f02996e9dbcb9952,expert,6d7497243203e1a7f253ebe0fbc0c303833b0e7b,1,12,47,with_ai,True,244416,ISIC_1860202,AKIEC,Actinic Keratosis,premalignant,True,AKIEC,True,1.0,4.34,biopsy,True,True,4839ad0885b076717658dba5f02996e9dbcb9952_244416_1
463,4839ad0885b076717658dba5f02996e9dbcb9952,expert,6d7497243203e1a7f253ebe0fbc0c303833b0e7b,1,13,47,without_ai,False,242853,ISIC_3831165,NV,Melanocytic Nevi,benign,False,NV,True,1.0,7.03,monitor,False,True,4839ad0885b076717658dba5f02996e9dbcb9952_242853_1
464,4839ad0885b076717658dba5f02996e9dbcb9952,expert,6d7497243203e1a7f253ebe0fbc0c303833b0e7b,1,14,47,with_ai,True,242853,ISIC_3831165,NV,Melanocytic Nevi,benign,False,MEL,False,0.0,8.05,biopsy,True,True,4839ad0885b076717658dba5f02996e9dbcb9952_242853_1
465,4839ad0885b076717658dba5f02996e9dbcb9952,expert,6d7497243203e1a7f253ebe0fbc0c303833b0e7b,1,15,47,without_ai,False,241808,ISIC_0991616,BKL,Benign Keratosis,benign,False,BCC,False,0.0,7.28,biopsy,True,True,4839ad0885b076717658dba5f02996e9dbcb9952_241808_1
466,4839ad0885b076717658dba5f02996e9dbcb9952,expert,6d7497243203e1a7f253ebe0fbc0c303833b0e7b,1,16,47,with_ai,True,241808,ISIC_0991616,BKL,Benign Keratosis,benign,False,MEL,False,0.0,5.94,biopsy,True,True,4839ad0885b076717658dba5f02996e9dbcb9952_241808_1
467,4839ad0885b076717658dba5f02996e9dbcb9952,expert,6d7497243203e1a7f253ebe0fbc0c303833b0e7b,1,17,47,without_ai,False,242858,ISIC_2098382,NV,Melanocytic Nevi,benign,False,NV,True,1.0,5.37,monitor,False,True,4839ad0885b076717658dba5f02996e9dbcb9952_242858_1
468,4839ad0885b076717658dba5f02996e9dbcb9952,expert,6d7497243203e1a7f253ebe0fbc0c303833b0e7b,1,18,47,with_ai,True,242858,ISIC_2098382,NV,Melanocytic Nevi,benign,False,NV,True,1.0,3.03,dismiss,False,True,4839ad0885b076717658dba5f02996e9dbcb9952_242858_1
469,4839ad0885b076717658dba5f02996e9dbcb9952,expert,6d7497243203e1a7f253ebe0fbc0c303833b0e7b,1,19,47,without_ai,False,243728,ISIC_0769255,NV,Melanocytic Nevi,benign,False,NV,True,1.0,7.76,monitor,False,True,4839ad0885b076717658dba5f02996e9dbcb9952_243728_1
470,4839ad0885b076717658dba5f02996e9dbcb9952,expert,6d7497243203e1a7f253ebe0fbc0c303833b0e7b,1,20,47,with_ai,True,243728,ISIC_0769255,NV,Melanocytic Nevi,benign,False,MEL,False,0.0,7.28,monitor,False,True,4839ad0885b076717658dba5f02996e9dbcb9952_243728_1
471,4839ad0885b076717658dba5f02996e9dbcb9952,expert,6d7497243203e1a7f253ebe0fbc0c303833b0e7b,1,21,47,without_ai,False,240275,ISIC_0780544,BKL,Benign Keratosis,benign,False,BCC,False,0.0,17.66,biopsy,True,True,4839ad0885b076717658dba5f02996e9dbcb9952_240275_1
472,4839ad0885b076717658dba5f02996e9dbcb9952,expert,6d7497243203e1a7f253ebe0fbc0c303833b0e7b,1,22,47,with_ai,True,240275,ISIC_0780544,BKL,Benign Keratosis,benign,False,BCC,False,0.0,2.56,biopsy,True,True,4839ad0885b076717658dba5f02996e9dbcb9952_240275_1
473,4839ad0885b076717658dba5f02996e9dbcb9952,expert,6d7497243203e1a7f253ebe0fbc0c303833b0e7b,1,23,47,without_ai,False,243681,ISIC_2516006,DF,Dermatofibroma,benign,False,DF,True,1.0,9.79,monitor,False,True,4839ad0885b076717658dba5f02996e9dbcb9952_243681_1
474,4839ad0885b076717658dba5f02996e9dbcb9952,expert,6d7497243203e1a7f253ebe0fbc0c303833b0e7b,1,24,47,with_ai,True,243681,ISIC_2516006,DF,Dermatofibroma,benign,False,DF,True,1.0,1.98,monitor,False,True,4839ad0885b076717658dba5f02996e9dbcb9952_243681_1
475,4839ad0885b076717658dba5f02996e9dbcb9952,expert,6d7497243203e1a7f253ebe0fbc0c303833b0e7b,1,25,47,without_ai,False,240158,ISIC_3560179,SCCKA,Squamous Cell Carcinoma,malignant,True,SCCKA,True,1.0,6.76,biopsy,True,True,4839ad0885b076717658dba5f02996e9dbcb9952_240158_1
476,4839ad0885b076717658dba5f02996e9dbcb9952,expert,6d7497243203e1a7f253ebe0fbc0c303833b0e7b,1,26,47,with_ai,True,240158,ISIC_3560179,SCCKA,Squamous Cell Carcinoma,malignant,True,AKIEC,False,0.0,2.7,biopsy,True,True,4839ad0885b076717658dba5f02996e9dbcb9952_240158_1
477,4839ad0885b076717658dba5f02996e9dbcb9952,expert,6d7497243203e1a7f253ebe0fbc0c303833b0e7b,1,27,47,without_ai,False,244387,ISIC_5761443,MEL,Melanoma,malignant,True,MEL,True,1.0,6.56,biopsy,True,True,4839ad0885b076717658dba5f02996e9dbcb9952_244387_1
478,4839ad0885b076717658dba5f02996e9dbcb9952,expert,6d7497243203e1a7f253ebe0fbc0c303833b0e7b,1,28,47,with_ai,True,244387,ISIC_5761443,MEL,Melanoma,malignant,True,MEL,True,1.0,2.08,biopsy,True,True,4839ad0885b076717658dba5f02996e9dbcb9952_244387_1
479,4839ad0885b076717658dba5f02996e9dbcb9952,expert,6d7497243203e1a7f253ebe0fbc0c303833b0e7b,1,29,47,without_ai,False,240817,ISIC_3002045,BCC,Basal Cell Carcinoma,malignant,True,BCC,True,1.0,7.33,biopsy,True,True,4839ad0885b076717658dba5f02996e9dbcb9952_240817_1
480,4839ad0885b076717658dba5f02996e9dbcb9952,expert,6d7497243203e1a7f253ebe0fbc0c303833b0e7b,1,30,47,with_ai,True,240817,ISIC_3002045,BCC,Basal Cell Carcinoma,malignant,True,BCC,True,1.0,2.3,biopsy,True,True,4839ad0885b076717658dba5f02996e9dbcb9952_240817_1
511,be7fc358a9bf0840d67107dd16d66b58a4975266,non-expert,f379de411fb8b51a0f86c36491f4f9bba59345aa,1,1,47,without_ai,False,243356,ISIC_7632373,NV,Melanocytic Nevi,benign,False,NV,True,1.0,31.02,dismiss,False,True,be7fc358a9bf0840d67107dd16d66b58a4975266_243356_1
512,be7fc358a9bf0840d67107dd16d66b58a4975266,non-expert,f379de411fb8b51a0f86c36491f4f9bba59345aa,1,2,47,with_ai,True,243356,ISIC_7632373,NV,Melanocytic Nevi,benign,False,NV,True,1.0,37.97,dismiss,False,True,be7fc358a9bf0840d67107dd16d66b58a4975266_243356_1
513,be7fc358a9bf0840d67107dd16d66b58a4975266,non-expert,f379de411fb8b51a0f86c36491f4f9bba59345aa,1,3,47,without_ai,False,244279,ISIC_3147082,BCC,Basal Cell Carcinoma,malignant,True,BKL,False,0.0,16.58,dismiss,False,True,be7fc358a9bf0840d67107dd16d66b58a4975266_244279_1
514,be7fc358a9bf0840d67107dd16d66b58a4975266,non-expert,f379de411fb8b51a0f86c36491f4f9bba59345aa,1,4,47,with_ai,True,244279,ISIC_3147082,BCC,Basal Cell Carcinoma,malignant,True,BCC,True,1.0,17.75,biopsy,True,True,be7fc358a9bf0840d67107dd16d66b58a4975266_244279_1
515,be7fc358a9bf0840d67107dd16d66b58a4975266,non-expert,f379de411fb8b51a0f86c36491f4f9bba59345aa,1,5,47,without_ai,False,245006,ISIC_8626277,NV,Melanocytic Nevi,benign,False,NV,True,1.0,8.64,dismiss,False,True,be7fc358a9bf0840d67107dd16d66b58a4975266_245006_1
516,be7fc358a9bf0840d67107dd16d66b58a4975266,non-expert,f379de411fb8b51a0f86c36491f4f9bba59345aa,1,6,47,with_ai,True,245006,ISIC_8626277,NV,Melanocytic Nevi,benign,False,MEL,False,0.0,13.11,biopsy,True,True,be7fc358a9bf0840d67107dd16d66b58a4975266_245006_1
517,be7fc358a9bf0840d67107dd16d66b58a4975266,non-expert,f379de411fb8b51a0f86c36491f4f9bba59345aa,1,7,47,without_ai,False,241753,ISIC_5991571,AKIEC,Actinic Keratosis,premalignant,True,OTHER_BENIGN,False,0.0,26.08,dismiss,False,True,be7fc358a9bf0840d67107dd16d66b58a4975266_241753_1
518,be7fc358a9bf0840d67107dd16d66b58a4975266,non-expert,f379de411fb8b51a0f86c36491f4f9bba59345aa,1,8,47,with_ai,True,241753,ISIC_5991571,AKIEC,Actinic Keratosis,premalignant,True,OTHER_BENIGN,False,0.0,2.6,dismiss,False,True,be7fc358a9bf0840d67107dd16d66b58a4975266_241753_1
519,be7fc358a9bf0840d67107dd16d66b58a4975266,non-expert,f379de411fb8b51a0f86c36491f4f9bba59345aa,1,9,47,without_ai,False,242624,ISIC_2738904,BKL,Benign Keratosis,benign,False,BKL,True,1.0,8.34,dismiss,False,True,be7fc358a9bf0840d67107dd16d66b58a4975266_242624_1
520,be7fc358a9bf0840d67107dd16d66b58a4975266,non-expert,f379de411fb8b51a0f86c36491f4f9bba59345aa,1,10,47,with_ai,True,242624,ISIC_2738904,BKL,Benign Keratosis,benign,False,BKL,True,1.0,2.91,dismiss,False,True,be7fc358a9bf0840d67107dd16d66b58a4975266_242624_1
521,be7fc358a9bf0840d67107dd16d66b58a4975266,non-expert,f379de411fb8b51a0f86c36491f4f9bba59345aa,1,11,47,without_ai,False,242916,ISIC_5442968,MEL,Melanoma,malignant,True,BKL,False,0.0,13.96,dismiss,False,True,be7fc358a9bf0840d67107dd16d66b58a4975266_242916_1
522,be7fc358a9bf0840d67107dd16d66b58a4975266,non-expert,f379de411fb8b51a0f86c36491f4f9bba59345aa,1,12,47,with_ai,True,242916,ISIC_5442968,MEL,Melanoma,malignant,True,MEL,True,1.0,6.86,biopsy,True,True,be7fc358a9bf0840d67107dd16d66b58a4975266_242916_1
523,be7fc358a9bf0840d67107dd16d66b58a4975266,non-expert,f379de411fb8b51a0f86c36491f4f9bba59345aa,1,13,47,without_ai,False,243681,ISIC_2516006,DF,Dermatofibroma,benign,False,MEL,False,0.0,26.37,biopsy,True,True,be7fc358a9bf0840d67107dd16d66b58a4975266_243681_1
524,be7fc358a9bf0840d67107dd16d66b58a4975266,non-expert,f379de411fb8b51a0f86c36491f4f9bba59345aa,1,14,47,with_ai,True,243681,ISIC_2516006,DF,Dermatofibroma,benign,False,DF,True,1.0,8.21,dismiss,False,True,be7fc358a9bf0840d67107dd16d66b58a4975266_243681_1
525,be7fc358a9bf0840d67107dd16d66b58a4975266,non-expert,f379de411fb8b51a0f86c36491f4f9bba59345aa,1,15,47,without_ai,False,240821,ISIC_8619763,SCCKA,Squamous Cell Carcinoma,malignant,True,BCC,False,0.0,13.93,biopsy,True,True,be7fc358a9bf0840d67107dd16d66b58a4975266_240821_1
526,be7fc358a9bf0840d67107dd16d66b58a4975266,non-expert,f379de411fb8b51a0f86c36491f4f9bba59345aa,1,16,47,with_ai,True,240821,ISIC_8619763,SCCKA,Squamous Cell Carcinoma,malignant,True,SCCKA,True,1.0,5.47,biopsy,True,True,be7fc358a9bf0840d67107dd16d66b58a4975266_240821_1
527,be7fc358a9bf0840d67107dd16d66b58a4975266,non-expert,f379de411fb8b51a0f86c36491f4f9bba59345aa,1,17,47,without_ai,False,241894,ISIC_5745120,AKIEC,Actinic Keratosis,premalignant,True,BCC,False,0.0,16.8,biopsy,True,True,be7fc358a9bf0840d67107dd16d66b58a4975266_241894_1
528,be7fc358a9bf0840d67107dd16d66b58a4975266,non-expert,f379de411fb8b51a0f86c36491f4f9bba59345aa,1,18,47,with_ai,True,241894,ISIC_5745120,AKIEC,Actinic Keratosis,premalignant,True,AKIEC,True,1.0,10.86,dismiss,False,True,be7fc358a9bf0840d67107dd16d66b58a4975266_241894_1
529,be7fc358a9bf0840d67107dd16d66b58a4975266,non-expert,f379de411fb8b51a0f86c36491f4f9bba59345aa,1,19,47,without_ai,False,243918,ISIC_1636355,NV,Melanocytic Nevi,benign,False,MEL,False,0.0,9.49,biopsy,True,True,be7fc358a9bf0840d67107dd16d66b58a4975266_243918_1
530,be7fc358a9bf0840d67107dd16d66b58a4975266,non-expert,f379de411fb8b51a0f86c36491f4f9bba59345aa,1,20,47,with_ai,True,243918,ISIC_1636355,NV,Melanocytic Nevi,benign,False,MEL,False,0.0,10.12,biopsy,True,True,be7fc358a9bf0840d67107dd16d66b58a4975266_243918_1
531,be7fc358a9bf0840d67107dd16d66b58a4975266,non-expert,f379de411fb8b51a0f86c36491f4f9bba59345aa,1,21,47,without_ai,False,243493,ISIC_8026822,MEL,Melanoma,malignant,True,NV,False,0.0,10.2,monitor,False,True,be7fc358a9bf0840d67107dd16d66b58a4975266_243493_1
532,be7fc358a9bf0840d67107dd16d66b58a4975266,non-expert,f379de411fb8b51a0f86c36491f4f9bba59345aa,1,22,47,with_ai,True,243493,ISIC_8026822,MEL,Melanoma,malignant,True,MEL,True,1.0,11.21,biopsy,True,True,be7fc358a9bf0840d67107dd16d66b58a4975266_243493_1
533,be7fc358a9bf0840d67107dd16d66b58a4975266,non-expert,f379de411fb8b51a0f86c36491f4f9bba59345aa,1,23,47,without_ai,False,241039,ISIC_1692214,BKL,Benign Keratosis,benign,False,NV,False,0.0,16.28,dismiss,False,True,be7fc358a9bf0840d67107dd16d66b58a4975266_241039_1
534,be7fc358a9bf0840d67107dd16d66b58a4975266,non-expert,f379de411fb8b51a0f86c36491f4f9bba59345aa,1,24,47,with_ai,True,241039,ISIC_1692214,BKL,Benign Keratosis,benign,False,BKL,True,1.0,5.21,dismiss,False,True,be7fc358a9bf0840d67107dd16d66b58a4975266_241039_1
535,be7fc358a9bf0840d67107dd16d66b58a4975266,non-expert,f379de411fb8b51a0f86c36491f4f9bba59345aa,1,25,47,without_ai,False,241004,ISIC_1708907,VASC,Vascular Lesions,benign,False,VASC,True,1.0,5.22,dismiss,False,True,be7fc358a9bf0840d67107dd16d66b58a4975266_241004_1
536,be7fc358a9bf0840d67107dd16d66b58a4975266,non-expert,f379de411fb8b51a0f86c36491f4f9bba59345aa,1,26,47,with_ai,True,241004,ISIC_1708907,VASC,Vascular Lesions,benign,False,VASC,True,1.0,10.72,dismiss,False,True,be7fc358a9bf0840d67107dd16d66b58a4975266_241004_1
537,be7fc358a9bf0840d67107dd16d66b58a4975266,non-expert,f379de411fb8b51a0f86c36491f4f9bba59345aa,1,27,47,without_ai,False,244744,ISIC_9978058,BCC,Basal Cell Carcinoma,malignant,True,OTHER_BENIGN,False,0.0,20.28,dismiss,False,True,be7fc358a9bf0840d67107dd16d66b58a4975266_244744_1
538,be7fc358a9bf0840d67107dd16d66b58a4975266,non-expert,f379de411fb8b51a0f86c36491f4f9bba59345aa,1,28,47,with_ai,True,244744,ISIC_9978058,BCC,Basal Cell Carcinoma,malignant,True,AKIEC,False,0.0,11.3,dismiss,False,True,be7fc358a9bf0840d67107dd16d66b58a4975266_244744_1
539,be7fc358a9bf0840d67107dd16d66b58a4975266,non-expert,f379de411fb8b51a0f86c36491f4f9bba59345aa,1,29,47,without_ai,False,244663,ISIC_2187348,OTHER_MALIGNANT,Other Malignant,malignant,True,BKL,False,0.0,12.31,dismiss,False,True,be7fc358a9bf0840d67107dd16d66b58a4975266_244663_1
540,be7fc358a9bf0840d67107dd16d66b58a4975266,non-expert,f379de411fb8b51a0f86c36491f4f9bba59345aa,1,30,47,with_ai,True,244663,ISIC_2187348,OTHER_MALIGNANT,Other Malignant,malignant,True,BKL,False,0.0,2.92,dismiss,False,True,be7fc358a9bf0840d67107dd16d66b58a4975266_244663_1
571,d84c9730e2469a1296121a119a6ff286909e67c7,expert,327ae5a35a4b515e6d598e3b6c3ba4c290a16675,1,1,47,without_ai,False,243417,ISIC_3997102,BCC,Basal Cell Carcinoma,malignant,True,BKL,False,0.0,28.29,dismiss,False,True,d84c9730e2469a1296121a119a6ff286909e67c7_243417_1
572,d84c9730e2469a1296121a119a6ff286909e67c7,expert,327ae5a35a4b515e6d598e3b6c3ba4c290a16675,1,2,47,with_ai,True,243417,ISIC_3997102,BCC,Basal Cell Carcinoma,malignant,True,AKIEC,False,0.0,69.5,local_therapy,True,True,d84c9730e2469a1296121a119a6ff286909e67c7_243417_1
573,d84c9730e2469a1296121a119a6ff286909e67c7,expert,327ae5a35a4b515e6d598e3b6c3ba4c290a16675,1,3,47,without_ai,False,242635,ISIC_9895318,MEL,Melanoma,malignant,True,SCCKA,False,0.0,39.58,biopsy,True,True,d84c9730e2469a1296121a119a6ff286909e67c7_242635_1
574,d84c9730e2469a1296121a119a6ff286909e67c7,expert,327ae5a35a4b515e6d598e3b6c3ba4c290a16675,1,4,47,with_ai,True,242635,ISIC_9895318,MEL,Melanoma,malignant,True,BCC,False,0.0,15.12,biopsy,True,True,d84c9730e2469a1296121a119a6ff286909e67c7_242635_1
575,d84c9730e2469a1296121a119a6ff286909e67c7,expert,327ae5a35a4b515e6d598e3b6c3ba4c290a16675,1,5,47,without_ai,False,243649,ISIC_8058034,AKIEC,Actinic Keratosis,premalignant,True,BKL,False,0.0,21.18,local_therapy,True,True,d84c9730e2469a1296121a119a6ff286909e67c7_243649_1
576,d84c9730e2469a1296121a119a6ff286909e67c7,expert,327ae5a35a4b515e6d598e3b6c3ba4c290a16675,1,6,47,with_ai,True,243649,ISIC_8058034,AKIEC,Actinic Keratosis,premalignant,True,BKL,False,0.0,7.7,dismiss,False,True,d84c9730e2469a1296121a119a6ff286909e67c7_243649_1
577,d84c9730e2469a1296121a119a6ff286909e67c7,expert,327ae5a35a4b515e6d598e3b6c3ba4c290a16675,1,7,47,without_ai,False,241622,ISIC_4821214,VASC,Vascular Lesions,benign,False,MEL,False,0.0,31.0,biopsy,True,True,d84c9730e2469a1296121a119a6ff286909e67c7_241622_1
578,d84c9730e2469a1296121a119a6ff286909e67c7,expert,327ae5a35a4b515e6d598e3b6c3ba4c290a16675,1,8,47,with_ai,True,241622,ISIC_4821214,VASC,Vascular Lesions,benign,False,VASC,True,1.0,7.06,biopsy,True,True,d84c9730e2469a1296121a119a6ff286909e67c7_241622_1
579,d84c9730e2469a1296121a119a6ff286909e67c7,expert,327ae5a35a4b515e6d598e3b6c3ba4c290a16675,1,9,47,without_ai,False,243559,ISIC_1589936,OTHER_BENIGN,Other Benign,benign,False,MEL,False,0.0,15.86,biopsy,True,True,d84c9730e2469a1296121a119a6ff286909e67c7_243559_1
580,d84c9730e2469a1296121a119a6ff286909e67c7,expert,327ae5a35a4b515e6d598e3b6c3ba4c290a16675,1,10,47,with_ai,True,243559,ISIC_1589936,OTHER_BENIGN,Other Benign,benign,False,MEL,False,0.0,17.77,biopsy,True,True,d84c9730e2469a1296121a119a6ff286909e67c7_243559_1
581,d84c9730e2469a1296121a119a6ff286909e67c7,expert,327ae5a35a4b515e6d598e3b6c3ba4c290a16675,1,11,47,without_ai,False,241925,ISIC_2498820,NV,Melanocytic Nevi,benign,False,NV,True,1.0,20.0,dismiss,False,True,d84c9730e2469a1296121a119a6ff286909e67c7_241925_1
582,d84c9730e2469a1296121a119a6ff286909e67c7,expert,327ae5a35a4b515e6d598e3b6c3ba4c290a16675,1,12,47,with_ai,True,241925,ISIC_2498820,NV,Melanocytic Nevi,benign,False,NV,True,1.0,4.48,dismiss,False,True,d84c9730e2469a1296121a119a6ff286909e67c7_241925_1
583,d84c9730e2469a1296121a119a6ff286909e67c7,expert,327ae5a35a4b515e6d598e3b6c3ba4c290a16675,1,13,47,without_ai,False,240158,ISIC_3560179,SCCKA,Squamous Cell Carcinoma,malignant,True,AKIEC,False,0.0,18.15,biopsy,True,True,d84c9730e2469a1296121a119a6ff286909e67c7_240158_1
584,d84c9730e2469a1296121a119a6ff286909e67c7,expert,327ae5a35a4b515e6d598e3b6c3ba4c290a16675,1,14,47,with_ai,True,240158,ISIC_3560179,SCCKA,Squamous Cell Carcinoma,malignant,True,AKIEC,False,0.0,4.64,biopsy,True,True,d84c9730e2469a1296121a119a6ff286909e67c7_240158_1
585,d84c9730e2469a1296121a119a6ff286909e67c7,expert,327ae5a35a4b515e6d598e3b6c3ba4c290a16675,1,15,47,without_ai,False,244039,ISIC_3322515,NV,Melanocytic Nevi,benign,False,BCC,False,0.0,28.13,biopsy,True,True,d84c9730e2469a1296121a119a6ff286909e67c7_244039_1
586,d84c9730e2469a1296121a119a6ff286909e67c7,expert,327ae5a35a4b515e6d598e3b6c3ba4c290a16675,1,16,47,with_ai,True,244039,ISIC_3322515,NV,Melanocytic Nevi,benign,False,NV,True,1.0,10.54,monitor,False,True,d84c9730e2469a1296121a119a6ff286909e67c7_244039_1
587,d84c9730e2469a1296121a119a6ff286909e67c7,expert,327ae5a35a4b515e6d598e3b6c3ba4c290a16675,1,17,47,without_ai,False,240191,ISIC_8462138,VASC,Vascular Lesions,benign,False,VASC,True,1.0,11.03,monitor,False,True,d84c9730e2469a1296121a119a6ff286909e67c7_240191_1
588,d84c9730e2469a1296121a119a6ff286909e67c7,expert,327ae5a35a4b515e6d598e3b6c3ba4c290a16675,1,18,47,with_ai,True,240191,ISIC_8462138,VASC,Vascular Lesions,benign,False,VASC,True,1.0,7.24,biopsy,True,True,d84c9730e2469a1296121a119a6ff286909e67c7_240191_1
589,d84c9730e2469a1296121a119a6ff286909e67c7,expert,327ae5a35a4b515e6d598e3b6c3ba4c290a16675,1,19,47,without_ai,False,242232,ISIC_9579576,MEL,Melanoma,malignant,True,MEL,True,1.0,8.93,biopsy,True,True,d84c9730e2469a1296121a119a6ff286909e67c7_242232_1
590,d84c9730e2469a1296121a119a6ff286909e67c7,expert,327ae5a35a4b515e6d598e3b6c3ba4c290a16675,1,20,47,with_ai,True,242232,ISIC_9579576,MEL,Melanoma,malignant,True,MEL,True,1.0,3.46,biopsy,True,True,d84c9730e2469a1296121a119a6ff286909e67c7_242232_1
591,d84c9730e2469a1296121a119a6ff286909e67c7,expert,327ae5a35a4b515e6d598e3b6c3ba4c290a16675,1,21,47,without_ai,False,244674,ISIC_8981897,DF,Dermatofibroma,benign,False,DF,True,1.0,10.84,dismiss,False,True,d84c9730e2469a1296121a119a6ff286909e67c7_244674_1
592,d84c9730e2469a1296121a119a6ff286909e67c7,expert,327ae5a35a4b515e6d598e3b6c3ba4c290a16675,1,22,47,with_ai,True,244674,ISIC_8981897,DF,Dermatofibroma,benign,False,DF,True,1.0,14.49,dismiss,False,True,d84c9730e2469a1296121a119a6ff286909e67c7_244674_1
593,d84c9730e2469a1296121a119a6ff286909e67c7,expert,327ae5a35a4b515e6d598e3b6c3ba4c290a16675,1,23,47,without_ai,False,244556,ISIC_2320042,BKL,Benign Keratosis,benign,False,BKL,True,1.0,6.9,dismiss,False,True,d84c9730e2469a1296121a119a6ff286909e67c7_244556_1
594,d84c9730e2469a1296121a119a6ff286909e67c7,expert,327ae5a35a4b515e6d598e3b6c3ba4c290a16675,1,24,47,with_ai,True,244556,ISIC_2320042,BKL,Benign Keratosis,benign,False,BKL,True,1.0,3.09,dismiss,False,True,d84c9730e2469a1296121a119a6ff286909e67c7_244556_1
595,d84c9730e2469a1296121a119a6ff286909e67c7,expert,327ae5a35a4b515e6d598e3b6c3ba4c290a16675,1,25,47,without_ai,False,242550,ISIC_8402813,BKL,Benign Keratosis,benign,False,SCCKA,False,0.0,10.69,biopsy,True,True,d84c9730e2469a1296121a119a6ff286909e67c7_242550_1
596,d84c9730e2469a1296121a119a6ff286909e67c7,expert,327ae5a35a4b515e6d598e3b6c3ba4c290a16675,1,26,47,with_ai,True,242550,ISIC_8402813,BKL,Benign Keratosis,benign,False,SCCKA,False,0.0,8.45,biopsy,True,True,d84c9730e2469a1296121a119a6ff286909e67c7_242550_1
597,d84c9730e2469a1296121a119a6ff286909e67c7,expert,327ae5a35a4b515e6d598e3b6c3ba4c290a16675,1,27,47,without_ai,False,240822,ISIC_0684627,NV,Melanocytic Nevi,benign,False,NV,True,1.0,17.91,biopsy,True,True,d84c9730e2469a1296121a119a6ff286909e67c7_240822_1
598,d84c9730e2469a1296121a119a6ff286909e67c7,expert,327ae5a35a4b515e6d598e3b6c3ba4c290a16675,1,28,47,with_ai,True,240822,ISIC_0684627,NV,Melanocytic Nevi,benign,False,NV,True,1.0,5.15,biopsy,True,True,d84c9730e2469a1296121a119a6ff286909e67c7_240822_1
599,d84c9730e2469a1296121a119a6ff286909e67c7,expert,327ae5a35a4b515e6d598e3b6c3ba4c290a16675,1,29,47,without_ai,False,244395,ISIC_0871073,BCC,Basal Cell Carcinoma,malignant,True,BCC,True,1.0,14.56,biopsy,True,True,d84c9730e2469a1296121a119a6ff286909e67c7_244395_1
600,d84c9730e2469a1296121a119a6ff286909e67c7,expert,327ae5a35a4b515e6d598e3b6c3ba4c290a16675,1,30,47,with_ai,True,244395,ISIC_0871073,BCC,Basal Cell Carcinoma,malignant,True,BCC,True,1.0,8.11,biopsy,True,True,d84c9730e2469a1296121a119a6ff286909e67c7_244395_1
601,d84c9730e2469a1296121a119a6ff286909e67c7,expert,269533de7106442a7be1ed356687f2be742bff13,2,1,47,without_ai,False,241770,ISIC_5820253,AKIEC,Actinic Keratosis,premalignant,True,AKIEC,True,1.0,22.53,local_therapy,True,True,d84c9730e2469a1296121a119a6ff286909e67c7_241770_2
602,d84c9730e2469a1296121a119a6ff286909e67c7,expert,269533de7106442a7be1ed356687f2be742bff13,2,2,47,with_ai,True,241770,ISIC_5820253,AKIEC,Actinic Keratosis,premalignant,True,OTHER_BENIGN,False,0.0,9.51,dismiss,False,True,d84c9730e2469a1296121a119a6ff286909e67c7_241770_2
603,d84c9730e2469a1296121a119a6ff286909e67c7,expert,269533de7106442a7be1ed356687f2be742bff13,2,3,47,without_ai,False,241596,ISIC_1996485,VASC,Vascular Lesions,benign,False,VASC,True,1.0,10.37,dismiss,False,True,d84c9730e2469a1296121a119a6ff286909e67c7_241596_2
604,d84c9730e2469a1296121a119a6ff286909e67c7,expert,269533de7106442a7be1ed356687f2be742bff13,2,4,47,with_ai,True,241596,ISIC_1996485,VASC,Vascular Lesions,benign,False,VASC,True,1.0,16.06,biopsy,True,True,d84c9730e2469a1296121a119a6ff286909e67c7_241596_2
605,d84c9730e2469a1296121a119a6ff286909e67c7,expert,269533de7106442a7be1ed356687f2be742bff13,2,5,47,without_ai,False,245025,ISIC_6511897,MEL,Melanoma,malignant,True,NV,False,0.0,7.31,dismiss,False,True,d84c9730e2469a1296121a119a6ff286909e67c7_245025_2
606,d84c9730e2469a1296121a119a6ff286909e67c7,expert,269533de7106442a7be1ed356687f2be742bff13,2,6,47,with_ai,True,245025,ISIC_6511897,MEL,Melanoma,malignant,True,NV,False,0.0,5.23,monitor,False,True,d84c9730e2469a1296121a119a6ff286909e67c7_245025_2
607,d84c9730e2469a1296121a119a6ff286909e67c7,expert,269533de7106442a7be1ed356687f2be742bff13,2,7,47,without_ai,False,244063,ISIC_2501558,OTHER_BENIGN,Other Benign,benign,False,AKIEC,False,0.0,12.75,local_therapy,True,True,d84c9730e2469a1296121a119a6ff286909e67c7_244063_2
608,d84c9730e2469a1296121a119a6ff286909e67c7,expert,269533de7106442a7be1ed356687f2be742bff13,2,8,47,with_ai,True,244063,ISIC_2501558,OTHER_BENIGN,Other Benign,benign,False,OTHER_BENIGN,True,1.0,12.42,dismiss,False,True,d84c9730e2469a1296121a119a6ff286909e67c7_244063_2
609,d84c9730e2469a1296121a119a6ff286909e67c7,expert,269533de7106442a7be1ed356687f2be742bff13,2,9,47,without_ai,False,241378,ISIC_5994355,BKL,Benign Keratosis,benign,False,MEL,False,0.0,11.14,biopsy,True,True,d84c9730e2469a1296121a119a6ff286909e67c7_241378_2
610,d84c9730e2469a1296121a119a6ff286909e67c7,expert,269533de7106442a7be1ed356687f2be742bff13,2,10,47,with_ai,True,241378,ISIC_5994355,BKL,Benign Keratosis,benign,False,BKL,True,1.0,17.63,biopsy,True,True,d84c9730e2469a1296121a119a6ff286909e67c7_241378_2
611,d84c9730e2469a1296121a119a6ff286909e67c7,expert,269533de7106442a7be1ed356687f2be742bff13,2,11,47,without_ai,False,240523,ISIC_6739483,DF,Dermatofibroma,benign,False,DF,True,1.0,6.01,dismiss,False,True,d84c9730e2469a1296121a119a6ff286909e67c7_240523_2
612,d84c9730e2469a1296121a119a6ff286909e67c7,expert,269533de7106442a7be1ed356687f2be742bff13,2,12,47,with_ai,True,240523,ISIC_6739483,DF,Dermatofibroma,benign,False,DF,True,1.0,2.79,dismiss,False,True,d84c9730e2469a1296121a119a6ff286909e67c7_240523_2
613,d84c9730e2469a1296121a119a6ff286909e67c7,expert,269533de7106442a7be1ed356687f2be742bff13,2,13,47,without_ai,False,241772,ISIC_1657319,BCC,Basal Cell Carcinoma,malignant,True,BKL,False,0.0,12.04,biopsy,True,True,d84c9730e2469a1296121a119a6ff286909e67c7_241772_2
614,d84c9730e2469a1296121a119a6ff286909e67c7,expert,269533de7106442a7be1ed356687f2be742bff13,2,14,47,with_ai,True,241772,ISIC_1657319,BCC,Basal Cell Carcinoma,malignant,True,AKIEC,False,0.0,10.03,local_therapy,True,True,d84c9730e2469a1296121a119a6ff286909e67c7_241772_2
615,d84c9730e2469a1296121a119a6ff286909e67c7,expert,269533de7106442a7be1ed356687f2be742bff13,2,15,47,without_ai,False,244800,ISIC_4760114,NV,Melanocytic Nevi,benign,False,NV,True,1.0,6.18,dismiss,False,True,d84c9730e2469a1296121a119a6ff286909e67c7_244800_2
616,d84c9730e2469a1296121a119a6ff286909e67c7,expert,269533de7106442a7be1ed356687f2be742bff13,2,16,47,with_ai,True,244800,ISIC_4760114,NV,Melanocytic Nevi,benign,False,NV,True,1.0,2.77,dismiss,False,True,d84c9730e2469a1296121a119a6ff286909e67c7_244800_2
617,d84c9730e2469a1296121a119a6ff286909e67c7,expert,269533de7106442a7be1ed356687f2be742bff13,2,17,47,without_ai,False,241643,ISIC_5513367,MEL,Melanoma,malignant,True,MEL,True,1.0,6.36,biopsy,True,True,d84c9730e2469a1296121a119a6ff286909e67c7_241643_2
618,d84c9730e2469a1296121a119a6ff286909e67c7,expert,269533de7106442a7be1ed356687f2be742bff13,2,18,47,with_ai,True,241643,ISIC_5513367,MEL,Melanoma,malignant,True,MEL,True,1.0,2.91,biopsy,True,True,d84c9730e2469a1296121a119a6ff286909e67c7_241643_2
619,d84c9730e2469a1296121a119a6ff286909e67c7,expert,269533de7106442a7be1ed356687f2be742bff13,2,19,47,without_ai,False,243122,ISIC_9945188,BCC,Basal Cell Carcinoma,malignant,True,BCC,True,1.0,24.81,biopsy,True,True,d84c9730e2469a1296121a119a6ff286909e67c7_243122_2
620,d84c9730e2469a1296121a119a6ff286909e67c7,expert,269533de7106442a7be1ed356687f2be742bff13,2,20,47,with_ai,True,243122,ISIC_9945188,BCC,Basal Cell Carcinoma,malignant,True,BCC,True,1.0,4.71,biopsy,True,True,d84c9730e2469a1296121a119a6ff286909e67c7_243122_2
621,d84c9730e2469a1296121a119a6ff286909e67c7,expert,269533de7106442a7be1ed356687f2be742bff13,2,21,47,without_ai,False,244719,ISIC_0290183,NV,Melanocytic Nevi,benign,False,NV,True,1.0,10.94,monitor,False,True,d84c9730e2469a1296121a119a6ff286909e67c7_244719_2
622,d84c9730e2469a1296121a119a6ff286909e67c7,expert,269533de7106442a7be1ed356687f2be742bff13,2,22,47,with_ai,True,244719,ISIC_0290183,NV,Melanocytic Nevi,benign,False,NV,True,1.0,4.06,monitor,False,True,d84c9730e2469a1296121a119a6ff286909e67c7_244719_2
623,d84c9730e2469a1296121a119a6ff286909e67c7,expert,269533de7106442a7be1ed356687f2be742bff13,2,23,47,without_ai,False,243589,ISIC_5242239,NV,Melanocytic Nevi,benign,False,NV,True,1.0,12.52,dismiss,False,True,d84c9730e2469a1296121a119a6ff286909e67c7_243589_2
624,d84c9730e2469a1296121a119a6ff286909e67c7,expert,269533de7106442a7be1ed356687f2be742bff13,2,24,47,with_ai,True,243589,ISIC_5242239,NV,Melanocytic Nevi,benign,False,NV,True,1.0,4.65,dismiss,False,True,d84c9730e2469a1296121a119a6ff286909e67c7_243589_2
625,d84c9730e2469a1296121a119a6ff286909e67c7,expert,269533de7106442a7be1ed356687f2be742bff13,2,25,47,without_ai,False,244295,ISIC_9501224,SCCKA,Squamous Cell Carcinoma,malignant,True,AKIEC,False,0.0,13.06,biopsy,True,True,d84c9730e2469a1296121a119a6ff286909e67c7_244295_2
626,d84c9730e2469a1296121a119a6ff286909e67c7,expert,269533de7106442a7be1ed356687f2be742bff13,2,26,47,with_ai,True,244295,ISIC_9501224,SCCKA,Squamous Cell Carcinoma,malignant,True,AKIEC,False,0.0,11.54,biopsy,True,True,d84c9730e2469a1296121a119a6ff286909e67c7_244295_2
627,d84c9730e2469a1296121a119a6ff286909e67c7,expert,269533de7106442a7be1ed356687f2be742bff13,2,27,47,without_ai,False,244675,ISIC_1102915,BKL,Benign Keratosis,benign,False,BKL,True,1.0,18.3,dismiss,False,True,d84c9730e2469a1296121a119a6ff286909e67c7_244675_2
628,d84c9730e2469a1296121a119a6ff286909e67c7,expert,269533de7106442a7be1ed356687f2be742bff13,2,28,47,with_ai,True,244675,ISIC_1102915,BKL,Benign Keratosis,benign,False,BKL,True,1.0,3.45,dismiss,False,True,d84c9730e2469a1296121a119a6ff286909e67c7_244675_2
629,d84c9730e2469a1296121a119a6ff286909e67c7,expert,269533de7106442a7be1ed356687f2be742bff13,2,29,47,without_ai,False,240131,ISIC_7289001,BCC,Basal Cell Carcinoma,malignant,True,BCC,True,1.0,5.99,biopsy,True,True,d84c9730e2469a1296121a119a6ff286909e67c7_240131_2
630,d84c9730e2469a1296121a119a6ff286909e67c7,expert,269533de7106442a7be1ed356687f2be742bff13,2,30,47,with_ai,True,240131,ISIC_7289001,BCC,Basal Cell Carcinoma,malignant,True,BCC,True,1.0,3.92,biopsy,True,True,d84c9730e2469a1296121a119a6ff286909e67c7_240131_2
631,d84c9730e2469a1296121a119a6ff286909e67c7,expert,d96a804b1640b4b25bff1fc34e5cc29709da881e,3,1,47,without_ai,False,241124,ISIC_0417486,VASC,Vascular Lesions,benign,False,NV,False,0.0,9.16,dismiss,False,True,d84c9730e2469a1296121a119a6ff286909e67c7_241124_3
632,d84c9730e2469a1296121a119a6ff286909e67c7,expert,d96a804b1640b4b25bff1fc34e5cc29709da881e,3,2,47,with_ai,True,241124,ISIC_0417486,VASC,Vascular Lesions,benign,False,NV,False,0.0,3.8,dismiss,False,True,d84c9730e2469a1296121a119a6ff286909e67c7_241124_3
633,d84c9730e2469a1296121a119a6ff286909e67c7,expert,d96a804b1640b4b25bff1fc34e5cc29709da881e,3,3,47,without_ai,False,240259,ISIC_4602130,SCCKA,Squamous Cell Carcinoma,malignant,True,NV,False,0.0,15.05,monitor,False,True,d84c9730e2469a1296121a119a6ff286909e67c7_240259_3
634,d84c9730e2469a1296121a119a6ff286909e67c7,expert,d96a804b1640b4b25bff1fc34e5cc29709da881e,3,4,47,with_ai,True,240259,ISIC_4602130,SCCKA,Squamous Cell Carcinoma,malignant,True,MEL,False,0.0,11.29,biopsy,True,True,d84c9730e2469a1296121a119a6ff286909e67c7_240259_3
635,d84c9730e2469a1296121a119a6ff286909e67c7,expert,d96a804b1640b4b25bff1fc34e5cc29709da881e,3,5,47,without_ai,False,241279,ISIC_7139452,NV,Melanocytic Nevi,benign,False,NV,True,1.0,9.5,monitor,False,True,d84c9730e2469a1296121a119a6ff286909e67c7_241279_3
636,d84c9730e2469a1296121a119a6ff286909e67c7,expert,d96a804b1640b4b25bff1fc34e5cc29709da881e,3,6,47,with_ai,True,241279,ISIC_7139452,NV,Melanocytic Nevi,benign,False,NV,True,1.0,8.74,biopsy,True,True,d84c9730e2469a1296121a119a6ff286909e67c7_241279_3
637,d84c9730e2469a1296121a119a6ff286909e67c7,expert,d96a804b1640b4b25bff1fc34e5cc29709da881e,3,7,47,without_ai,False,242274,ISIC_1318325,BCC,Basal Cell Carcinoma,malignant,True,BCC,True,1.0,7.01,biopsy,True,True,d84c9730e2469a1296121a119a6ff286909e67c7_242274_3
638,d84c9730e2469a1296121a119a6ff286909e67c7,expert,d96a804b1640b4b25bff1fc34e5cc29709da881e,3,8,47,with_ai,True,242274,ISIC_1318325,BCC,Basal Cell Carcinoma,malignant,True,BCC,True,1.0,3.17,biopsy,True,True,d84c9730e2469a1296121a119a6ff286909e67c7_242274_3
639,d84c9730e2469a1296121a119a6ff286909e67c7,expert,d96a804b1640b4b25bff1fc34e5cc29709da881e,3,9,47,without_ai,False,242865,ISIC_2822341,BKL,Benign Keratosis,benign,False,AKIEC,False,0.0,6.55,biopsy,True,True,d84c9730e2469a1296121a119a6ff286909e67c7_242865_3
640,d84c9730e2469a1296121a119a6ff286909e67c7,expert,d96a804b1640b4b25bff1fc34e5cc29709da881e,3,10,47,with_ai,True,242865,ISIC_2822341,BKL,Benign Keratosis,benign,False,AKIEC,False,0.0,4.45,biopsy,True,True,d84c9730e2469a1296121a119a6ff286909e67c7_242865_3
641,d84c9730e2469a1296121a119a6ff286909e67c7,expert,d96a804b1640b4b25bff1fc34e5cc29709da881e,3,11,47,without_ai,False,240887,ISIC_2252587,INF,Inflammatory,inflammatory,False,BCC,False,0.0,10.99,biopsy,True,True,d84c9730e2469a1296121a119a6ff286909e67c7_240887_3
642,d84c9730e2469a1296121a119a6ff286909e67c7,expert,d96a804b1640b4b25bff1fc34e5cc29709da881e,3,12,47,with_ai,True,240887,ISIC_2252587,INF,Inflammatory,inflammatory,False,BCC,False,0.0,5.09,biopsy,True,True,d84c9730e2469a1296121a119a6ff286909e67c7_240887_3
643,d84c9730e2469a1296121a119a6ff286909e67c7,expert,d96a804b1640b4b25bff1fc34e5cc29709da881e,3,13,47,without_ai,False,243889,ISIC_6488682,BKL,Benign Keratosis,benign,False,BCC,False,0.0,11.84,biopsy,True,True,d84c9730e2469a1296121a119a6ff286909e67c7_243889_3
644,d84c9730e2469a1296121a119a6ff286909e67c7,expert,d96a804b1640b4b25bff1fc34e5cc29709da881e,3,14,47,with_ai,True,243889,ISIC_6488682,BKL,Benign Keratosis,benign,False,BCC,False,0.0,4.34,biopsy,True,True,d84c9730e2469a1296121a119a6ff286909e67c7_243889_3
645,d84c9730e2469a1296121a119a6ff286909e67c7,expert,d96a804b1640b4b25bff1fc34e5cc29709da881e,3,15,47,without_ai,False,240900,ISIC_9427744,NV,Melanocytic Nevi,benign,False,NV,True,1.0,6.57,dismiss,False,True,d84c9730e2469a1296121a119a6ff286909e67c7_240900_3
646,d84c9730e2469a1296121a119a6ff286909e67c7,expert,d96a804b1640b4b25bff1fc34e5cc29709da881e,3,16,47,with_ai,True,240900,ISIC_9427744,NV,Melanocytic Nevi,benign,False,NV,True,1.0,3.69,dismiss,False,True,d84c9730e2469a1296121a119a6ff286909e67c7_240900_3
647,d84c9730e2469a1296121a119a6ff286909e67c7,expert,d96a804b1640b4b25bff1fc34e5cc29709da881e,3,17,47,without_ai,False,243460,ISIC_2848487,NV,Melanocytic Nevi,benign,False,NV,True,1.0,6.19,dismiss,False,True,d84c9730e2469a1296121a119a6ff286909e67c7_243460_3
648,d84c9730e2469a1296121a119a6ff286909e67c7,expert,d96a804b1640b4b25bff1fc34e5cc29709da881e,3,18,47,with_ai,True,243460,ISIC_2848487,NV,Melanocytic Nevi,benign,False,NV,True,1.0,9.81,monitor,False,True,d84c9730e2469a1296121a119a6ff286909e67c7_243460_3
649,d84c9730e2469a1296121a119a6ff286909e67c7,expert,d96a804b1640b4b25bff1fc34e5cc29709da881e,3,19,47,without_ai,False,241185,ISIC_8403829,BKL,Benign Keratosis,benign,False,BKL,True,1.0,10.43,monitor,False,True,d84c9730e2469a1296121a119a6ff286909e67c7_241185_3
650,d84c9730e2469a1296121a119a6ff286909e67c7,expert,d96a804b1640b4b25bff1fc34e5cc29709da881e,3,20,47,with_ai,True,241185,ISIC_8403829,BKL,Benign Keratosis,benign,False,BKL,True,1.0,3.78,monitor,False,True,d84c9730e2469a1296121a119a6ff286909e67c7_241185_3
651,d84c9730e2469a1296121a119a6ff286909e67c7,expert,d96a804b1640b4b25bff1fc34e5cc29709da881e,3,21,47,without_ai,False,242260,ISIC_7218635,AKIEC,Actinic Keratosis,premalignant,True,SCCKA,False,0.0,9.81,biopsy,True,True,d84c9730e2469a1296121a119a6ff286909e67c7_242260_3
652,d84c9730e2469a1296121a119a6ff286909e67c7,expert,d96a804b1640b4b25bff1fc34e5cc29709da881e,3,22,47,with_ai,True,242260,ISIC_7218635,AKIEC,Actinic Keratosis,premalignant,True,BKL,False,0.0,15.57,biopsy,True,True,d84c9730e2469a1296121a119a6ff286909e67c7_242260_3
653,d84c9730e2469a1296121a119a6ff286909e67c7,expert,d96a804b1640b4b25bff1fc34e5cc29709da881e,3,23,47,without_ai,False,245090,ISIC_9809345,MEL,Melanoma,malignant,True,MEL,True,1.0,5.52,biopsy,True,True,d84c9730e2469a1296121a119a6ff286909e67c7_245090_3
654,d84c9730e2469a1296121a119a6ff286909e67c7,expert,d96a804b1640b4b25bff1fc34e5cc29709da881e,3,24,47,with_ai,True,245090,ISIC_9809345,MEL,Melanoma,malignant,True,MEL,True,1.0,3.56,biopsy,True,True,d84c9730e2469a1296121a119a6ff286909e67c7_245090_3
655,d84c9730e2469a1296121a119a6ff286909e67c7,expert,d96a804b1640b4b25bff1fc34e5cc29709da881e,3,25,47,without_ai,False,244881,ISIC_2846004,DF,Dermatofibroma,benign,False,DF,True,1.0,7.54,dismiss,False,True,d84c9730e2469a1296121a119a6ff286909e67c7_244881_3
656,d84c9730e2469a1296121a119a6ff286909e67c7,expert,d96a804b1640b4b25bff1fc34e5cc29709da881e,3,26,47,with_ai,True,244881,ISIC_2846004,DF,Dermatofibroma,benign,False,DF,True,1.0,5.11,dismiss,False,True,d84c9730e2469a1296121a119a6ff286909e67c7_244881_3
657,d84c9730e2469a1296121a119a6ff286909e67c7,expert,d96a804b1640b4b25bff1fc34e5cc29709da881e,3,27,47,without_ai,False,242004,ISIC_4482349,MEL,Melanoma,malignant,True,AKIEC,False,0.0,9.94,local_therapy,True,True,d84c9730e2469a1296121a119a6ff286909e67c7_242004_3
658,d84c9730e2469a1296121a119a6ff286909e67c7,expert,d96a804b1640b4b25bff1fc34e5cc29709da881e,3,28,47,with_ai,True,242004,ISIC_4482349,MEL,Melanoma,malignant,True,OTHER_BENIGN,False,0.0,8.56,monitor,False,True,d84c9730e2469a1296121a119a6ff286909e67c7_242004_3
659,d84c9730e2469a1296121a119a6ff286909e67c7,expert,d96a804b1640b4b25bff1fc34e5cc29709da881e,3,29,47,without_ai,False,244244,ISIC_1085608,BCC,Basal Cell Carcinoma,malignant,True,BCC,True,1.0,8.85,biopsy,True,True,d84c9730e2469a1296121a119a6ff286909e67c7_244244_3
660,d84c9730e2469a1296121a119a6ff286909e67c7,expert,d96a804b1640b4b25bff1fc34e5cc29709da881e,3,30,47,with_ai,True,244244,ISIC_1085608,BCC,Basal Cell Carcinoma,malignant,True,BCC,True,1.0,14.39,biopsy,True,True,d84c9730e2469a1296121a119a6ff286909e67c7_244244_3
661,d84c9730e2469a1296121a119a6ff286909e67c7,expert,ed7a08ee424ccf54b97127995a15eb82c156ead1,4,1,47,without_ai,False,243775,ISIC_9546502,MEL,Melanoma,malignant,True,MEL,True,1.0,12.68,biopsy,True,True,d84c9730e2469a1296121a119a6ff286909e67c7_243775_4
662,d84c9730e2469a1296121a119a6ff286909e67c7,expert,ed7a08ee424ccf54b97127995a15eb82c156ead1,4,2,47,with_ai,True,243775,ISIC_9546502,MEL,Melanoma,malignant,True,MEL,True,1.0,2.55,biopsy,True,True,d84c9730e2469a1296121a119a6ff286909e67c7_243775_4
663,d84c9730e2469a1296121a119a6ff286909e67c7,expert,ed7a08ee424ccf54b97127995a15eb82c156ead1,4,3,47,without_ai,False,243681,ISIC_2516006,DF,Dermatofibroma,benign,False,INF,False,0.0,11.25,dismiss,False,True,d84c9730e2469a1296121a119a6ff286909e67c7_243681_4
664,d84c9730e2469a1296121a119a6ff286909e67c7,expert,ed7a08ee424ccf54b97127995a15eb82c156ead1,4,4,47,with_ai,True,243681,ISIC_2516006,DF,Dermatofibroma,benign,False,DF,True,1.0,8.55,dismiss,False,True,d84c9730e2469a1296121a119a6ff286909e67c7_243681_4
665,d84c9730e2469a1296121a119a6ff286909e67c7,expert,ed7a08ee424ccf54b97127995a15eb82c156ead1,4,5,47,without_ai,False,241713,ISIC_1545290,BKL,Benign Keratosis,benign,False,AKIEC,False,0.0,8.27,local_therapy,True,True,d84c9730e2469a1296121a119a6ff286909e67c7_241713_4
666,d84c9730e2469a1296121a119a6ff286909e67c7,expert,ed7a08ee424ccf54b97127995a15eb82c156ead1,4,6,47,with_ai,True,241713,ISIC_1545290,BKL,Benign Keratosis,benign,False,BKL,True,1.0,6.91,local_therapy,True,True,d84c9730e2469a1296121a119a6ff286909e67c7_241713_4
667,d84c9730e2469a1296121a119a6ff286909e67c7,expert,ed7a08ee424ccf54b97127995a15eb82c156ead1,4,7,47,without_ai,False,244306,ISIC_3570541,VASC,Vascular Lesions,benign,False,VASC,True,1.0,4.82,dismiss,False,True,d84c9730e2469a1296121a119a6ff286909e67c7_244306_4
668,d84c9730e2469a1296121a119a6ff286909e67c7,expert,ed7a08ee424ccf54b97127995a15eb82c156ead1,4,8,47,with_ai,True,244306,ISIC_3570541,VASC,Vascular Lesions,benign,False,VASC,True,1.0,2.97,dismiss,False,True,d84c9730e2469a1296121a119a6ff286909e67c7_244306_4
669,d84c9730e2469a1296121a119a6ff286909e67c7,expert,ed7a08ee424ccf54b97127995a15eb82c156ead1,4,9,47,without_ai,False,241582,ISIC_1655136,NV,Melanocytic Nevi,benign,False,NV,True,1.0,10.46,biopsy,True,True,d84c9730e2469a1296121a119a6ff286909e67c7_241582_4
670,d84c9730e2469a1296121a119a6ff286909e67c7,expert,ed7a08ee424ccf54b97127995a15eb82c156ead1,4,10,47,with_ai,True,241582,ISIC_1655136,NV,Melanocytic Nevi,benign,False,NV,True,1.0,3.27,biopsy,True,True,d84c9730e2469a1296121a119a6ff286909e67c7_241582_4
671,d84c9730e2469a1296121a119a6ff286909e67c7,expert,ed7a08ee424ccf54b97127995a15eb82c156ead1,4,11,47,without_ai,False,244850,ISIC_5428941,NV,Melanocytic Nevi,benign,False,MEL,False,0.0,4.85,biopsy,True,True,d84c9730e2469a1296121a119a6ff286909e67c7_244850_4
672,d84c9730e2469a1296121a119a6ff286909e67c7,expert,ed7a08ee424ccf54b97127995a15eb82c156ead1,4,12,47,with_ai,True,244850,ISIC_5428941,NV,Melanocytic Nevi,benign,False,MEL,False,0.0,5.46,biopsy,True,True,d84c9730e2469a1296121a119a6ff286909e67c7_244850_4
673,d84c9730e2469a1296121a119a6ff286909e67c7,expert,ed7a08ee424ccf54b97127995a15eb82c156ead1,4,13,47,without_ai,False,243074,ISIC_5001424,SCCKA,Squamous Cell Carcinoma,malignant,True,SCCKA,True,1.0,9.42,biopsy,True,True,d84c9730e2469a1296121a119a6ff286909e67c7_243074_4
674,d84c9730e2469a1296121a119a6ff286909e67c7,expert,ed7a08ee424ccf54b97127995a15eb82c156ead1,4,14,47,with_ai,True,243074,ISIC_5001424,SCCKA,Squamous Cell Carcinoma,malignant,True,AKIEC,False,0.0,3.58,biopsy,True,True,d84c9730e2469a1296121a119a6ff286909e67c7_243074_4
675,d84c9730e2469a1296121a119a6ff286909e67c7,expert,ed7a08ee424ccf54b97127995a15eb82c156ead1,4,15,47,without_ai,False,241689,ISIC_6886883,AKIEC,Actinic Keratosis,premalignant,True,AKIEC,True,1.0,5.93,biopsy,True,True,d84c9730e2469a1296121a119a6ff286909e67c7_241689_4
676,d84c9730e2469a1296121a119a6ff286909e67c7,expert,ed7a08ee424ccf54b97127995a15eb82c156ead1,4,16,47,with_ai,True,241689,ISIC_6886883,AKIEC,Actinic Keratosis,premalignant,True,AKIEC,True,1.0,2.76,biopsy,True,True,d84c9730e2469a1296121a119a6ff286909e67c7_241689_4
677,d84c9730e2469a1296121a119a6ff286909e67c7,expert,ed7a08ee424ccf54b97127995a15eb82c156ead1,4,17,47,without_ai,False,241635,ISIC_3599295,BCC,Basal Cell Carcinoma,malignant,True,BKL,False,0.0,15.48,biopsy,True,True,d84c9730e2469a1296121a119a6ff286909e67c7_241635_4
678,d84c9730e2469a1296121a119a6ff286909e67c7,expert,ed7a08ee424ccf54b97127995a15eb82c156ead1,4,18,47,with_ai,True,241635,ISIC_3599295,BCC,Basal Cell Carcinoma,malignant,True,AKIEC,False,0.0,4.35,biopsy,True,True,d84c9730e2469a1296121a119a6ff286909e67c7_241635_4
679,d84c9730e2469a1296121a119a6ff286909e67c7,expert,ed7a08ee424ccf54b97127995a15eb82c156ead1,4,19,47,without_ai,False,240561,ISIC_5093839,MEL,Melanoma,malignant,True,MEL,True,1.0,5.75,biopsy,True,True,d84c9730e2469a1296121a119a6ff286909e67c7_240561_4
680,d84c9730e2469a1296121a119a6ff286909e67c7,expert,ed7a08ee424ccf54b97127995a15eb82c156ead1,4,20,47,with_ai,True,240561,ISIC_5093839,MEL,Melanoma,malignant,True,MEL,True,1.0,1.89,biopsy,True,True,d84c9730e2469a1296121a119a6ff286909e67c7_240561_4
681,d84c9730e2469a1296121a119a6ff286909e67c7,expert,ed7a08ee424ccf54b97127995a15eb82c156ead1,4,21,47,without_ai,False,244678,ISIC_8137029,OTHER_BENIGN,Other Benign,benign,False,BCC,False,0.0,21.06,biopsy,True,True,d84c9730e2469a1296121a119a6ff286909e67c7_244678_4
682,d84c9730e2469a1296121a119a6ff286909e67c7,expert,ed7a08ee424ccf54b97127995a15eb82c156ead1,4,22,47,with_ai,True,244678,ISIC_8137029,OTHER_BENIGN,Other Benign,benign,False,MEL,False,0.0,7.71,biopsy,True,True,d84c9730e2469a1296121a119a6ff286909e67c7_244678_4
683,d84c9730e2469a1296121a119a6ff286909e67c7,expert,ed7a08ee424ccf54b97127995a15eb82c156ead1,4,23,47,without_ai,False,245101,ISIC_6425898,BKL,Benign Keratosis,benign,False,AKIEC,False,0.0,6.64,biopsy,True,True,d84c9730e2469a1296121a119a6ff286909e67c7_245101_4
684,d84c9730e2469a1296121a119a6ff286909e67c7,expert,ed7a08ee424ccf54b97127995a15eb82c156ead1,4,24,47,with_ai,True,245101,ISIC_6425898,BKL,Benign Keratosis,benign,False,BCC,False,0.0,5.34,biopsy,True,True,d84c9730e2469a1296121a119a6ff286909e67c7_245101_4
685,d84c9730e2469a1296121a119a6ff286909e67c7,expert,ed7a08ee424ccf54b97127995a15eb82c156ead1,4,25,47,without_ai,False,242678,ISIC_4444763,BCC,Basal Cell Carcinoma,malignant,True,BCC,True,1.0,5.61,biopsy,True,True,d84c9730e2469a1296121a119a6ff286909e67c7_242678_4
686,d84c9730e2469a1296121a119a6ff286909e67c7,expert,ed7a08ee424ccf54b97127995a15eb82c156ead1,4,26,47,with_ai,True,242678,ISIC_4444763,BCC,Basal Cell Carcinoma,malignant,True,BCC,True,1.0,3.59,biopsy,True,True,d84c9730e2469a1296121a119a6ff286909e67c7_242678_4
687,d84c9730e2469a1296121a119a6ff286909e67c7,expert,ed7a08ee424ccf54b97127995a15eb82c156ead1,4,27,47,without_ai,False,240434,ISIC_6987320,NV,Melanocytic Nevi,benign,False,NV,True,1.0,7.4,monitor,False,True,d84c9730e2469a1296121a119a6ff286909e67c7_240434_4
688,d84c9730e2469a1296121a119a6ff286909e67c7,expert,ed7a08ee424ccf54b97127995a15eb82c156ead1,4,28,47,with_ai,True,240434,ISIC_6987320,NV,Melanocytic Nevi,benign,False,NV,True,1.0,3.15,monitor,False,True,d84c9730e2469a1296121a119a6ff286909e67c7_240434_4
689,d84c9730e2469a1296121a119a6ff286909e67c7,expert,ed7a08ee424ccf54b97127995a15eb82c156ead1,4,29,47,without_ai,False,240563,ISIC_1740962,BCC,Basal Cell Carcinoma,malignant,True,BKL,False,0.0,7.0,monitor,False,True,d84c9730e2469a1296121a119a6ff286909e67c7_240563_4
690,d84c9730e2469a1296121a119a6ff286909e67c7,expert,ed7a08ee424ccf54b97127995a15eb82c156ead1,4,30,47,with_ai,True,240563,ISIC_1740962,BCC,Basal Cell Carcinoma,malignant,True,AKIEC,False,0.0,3.44,monitor,False,True,d84c9730e2469a1296121a119a6ff286909e67c7_240563_4
721,50120d7b5ca317f7f34aab248aac83acd99dc631,non-expert,96b655f39b50174cc88b7fdd1bebdd501ef7af97,1,1,47,without_ai,False,241813,ISIC_9002119,BCC,Basal Cell Carcinoma,malignant,True,BCC,True,1.0,13.85,biopsy,True,True,50120d7b5ca317f7f34aab248aac83acd99dc631_241813_1
722,50120d7b5ca317f7f34aab248aac83acd99dc631,non-expert,96b655f39b50174cc88b7fdd1bebdd501ef7af97,1,2,47,with_ai,True,241813,ISIC_9002119,BCC,Basal Cell Carcinoma,malignant,True,BCC,True,1.0,14.66,biopsy,True,True,50120d7b5ca317f7f34aab248aac83acd99dc631_241813_1
723,50120d7b5ca317f7f34aab248aac83acd99dc631,non-expert,96b655f39b50174cc88b7fdd1bebdd501ef7af97,1,3,47,without_ai,False,243525,ISIC_8373214,BKL,Benign Keratosis,benign,False,AKIEC,False,0.0,17.72,local_therapy,True,True,50120d7b5ca317f7f34aab248aac83acd99dc631_243525_1
724,50120d7b5ca317f7f34aab248aac83acd99dc631,non-expert,96b655f39b50174cc88b7fdd1bebdd501ef7af97,1,4,47,with_ai,True,243525,ISIC_8373214,BKL,Benign Keratosis,benign,False,SCCKA,False,0.0,9.14,biopsy,True,True,50120d7b5ca317f7f34aab248aac83acd99dc631_243525_1
725,50120d7b5ca317f7f34aab248aac83acd99dc631,non-expert,96b655f39b50174cc88b7fdd1bebdd501ef7af97,1,5,47,without_ai,False,240241,ISIC_3620839,MEL,Melanoma,malignant,True,MEL,True,1.0,7.24,biopsy,True,True,50120d7b5ca317f7f34aab248aac83acd99dc631_240241_1
726,50120d7b5ca317f7f34aab248aac83acd99dc631,non-expert,96b655f39b50174cc88b7fdd1bebdd501ef7af97,1,6,47,with_ai,True,240241,ISIC_3620839,MEL,Melanoma,malignant,True,MEL,True,1.0,5.23,biopsy,True,True,50120d7b5ca317f7f34aab248aac83acd99dc631_240241_1
727,50120d7b5ca317f7f34aab248aac83acd99dc631,non-expert,96b655f39b50174cc88b7fdd1bebdd501ef7af97,1,7,47,without_ai,False,240547,ISIC_3477325,OTHER_BENIGN,Other Benign,benign,False,NV,False,0.0,9.46,dismiss,False,True,50120d7b5ca317f7f34aab248aac83acd99dc631_240547_1
728,50120d7b5ca317f7f34aab248aac83acd99dc631,non-expert,96b655f39b50174cc88b7fdd1bebdd501ef7af97,1,8,47,with_ai,True,240547,ISIC_3477325,OTHER_BENIGN,Other Benign,benign,False,BCC,False,0.0,20.93,biopsy,True,True,50120d7b5ca317f7f34aab248aac83acd99dc631_240547_1
729,50120d7b5ca317f7f34aab248aac83acd99dc631,non-expert,96b655f39b50174cc88b7fdd1bebdd501ef7af97,1,9,47,without_ai,False,240721,ISIC_0174755,BKL,Benign Keratosis,benign,False,SCCKA,False,0.0,7.7,local_therapy,True,True,50120d7b5ca317f7f34aab248aac83acd99dc631_240721_1
730,50120d7b5ca317f7f34aab248aac83acd99dc631,non-expert,96b655f39b50174cc88b7fdd1bebdd501ef7af97,1,10,47,with_ai,True,240721,ISIC_0174755,BKL,Benign Keratosis,benign,False,AKIEC,False,0.0,21.57,local_therapy,True,True,50120d7b5ca317f7f34aab248aac83acd99dc631_240721_1
731,50120d7b5ca317f7f34aab248aac83acd99dc631,non-expert,96b655f39b50174cc88b7fdd1bebdd501ef7af97,1,11,47,without_ai,False,245082,ISIC_9979190,BCC,Basal Cell Carcinoma,malignant,True,BCC,True,1.0,28.59,biopsy,True,True,50120d7b5ca317f7f34aab248aac83acd99dc631_245082_1
732,50120d7b5ca317f7f34aab248aac83acd99dc631,non-expert,96b655f39b50174cc88b7fdd1bebdd501ef7af97,1,12,47,with_ai,True,245082,ISIC_9979190,BCC,Basal Cell Carcinoma,malignant,True,BCC,True,1.0,3.96,biopsy,True,True,50120d7b5ca317f7f34aab248aac83acd99dc631_245082_1
733,50120d7b5ca317f7f34aab248aac83acd99dc631,non-expert,96b655f39b50174cc88b7fdd1bebdd501ef7af97,1,13,47,without_ai,False,244047,ISIC_4988567,BCC,Basal Cell Carcinoma,malignant,True,BCC,True,1.0,9.62,biopsy,True,True,50120d7b5ca317f7f34aab248aac83acd99dc631_244047_1
734,50120d7b5ca317f7f34aab248aac83acd99dc631,non-expert,96b655f39b50174cc88b7fdd1bebdd501ef7af97,1,14,47,with_ai,True,244047,ISIC_4988567,BCC,Basal Cell Carcinoma,malignant,True,BCC,True,1.0,16.15,biopsy,True,True,50120d7b5ca317f7f34aab248aac83acd99dc631_244047_1
735,50120d7b5ca317f7f34aab248aac83acd99dc631,non-expert,96b655f39b50174cc88b7fdd1bebdd501ef7af97,1,15,47,without_ai,False,241302,ISIC_2868896,DF,Dermatofibroma,benign,False,,,,,,False,False,50120d7b5ca317f7f34aab248aac83acd99dc631_241302_1
736,50120d7b5ca317f7f34aab248aac83acd99dc631,non-expert,96b655f39b50174cc88b7fdd1bebdd501ef7af97,1,16,47,with_ai,True,241302,ISIC_2868896,DF,Dermatofibroma,benign,False,DF,True,1.0,30.4,local_therapy,True,True,50120d7b5ca317f7f34aab248aac83acd99dc631_241302_1
737,50120d7b5ca317f7f34aab248aac83acd99dc631,non-expert,96b655f39b50174cc88b7fdd1bebdd501ef7af97,1,17,47,without_ai,False,241239,ISIC_0119243,NV,Melanocytic Nevi,benign,False,NV,True,1.0,16.34,dismiss,False,True,50120d7b5ca317f7f34aab248aac83acd99dc631_241239_1
738,50120d7b5ca317f7f34aab248aac83acd99dc631,non-expert,96b655f39b50174cc88b7fdd1bebdd501ef7af97,1,18,47,with_ai,True,241239,ISIC_0119243,NV,Melanocytic Nevi,benign,False,NV,True,1.0,4.4,dismiss,False,True,50120d7b5ca317f7f34aab248aac83acd99dc631_241239_1
739,50120d7b5ca317f7f34aab248aac83acd99dc631,non-expert,96b655f39b50174cc88b7fdd1bebdd501ef7af97,1,19,47,without_ai,False,240442,ISIC_4412646,MEL,Melanoma,malignant,True,MEL,True,1.0,8.13,dismiss,False,True,50120d7b5ca317f7f34aab248aac83acd99dc631_240442_1
740,50120d7b5ca317f7f34aab248aac83acd99dc631,non-expert,96b655f39b50174cc88b7fdd1bebdd501ef7af97,1,20,47,with_ai,True,240442,ISIC_4412646,MEL,Melanoma,malignant,True,MEL,True,1.0,5.58,biopsy,True,True,50120d7b5ca317f7f34aab248aac83acd99dc631_240442_1
741,50120d7b5ca317f7f34aab248aac83acd99dc631,non-expert,96b655f39b50174cc88b7fdd1bebdd501ef7af97,1,21,47,without_ai,False,240871,ISIC_3460141,NV,Melanocytic Nevi,benign,False,NV,True,1.0,5.76,dismiss,False,True,50120d7b5ca317f7f34aab248aac83acd99dc631_240871_1
742,50120d7b5ca317f7f34aab248aac83acd99dc631,non-expert,96b655f39b50174cc88b7fdd1bebdd501ef7af97,1,22,47,with_ai,True,240871,ISIC_3460141,NV,Melanocytic Nevi,benign,False,NV,True,1.0,3.59,dismiss,False,True,50120d7b5ca317f7f34aab248aac83acd99dc631_240871_1
743,50120d7b5ca317f7f34aab248aac83acd99dc631,non-expert,96b655f39b50174cc88b7fdd1bebdd501ef7af97,1,23,47,without_ai,False,244653,ISIC_5372934,NV,Melanocytic Nevi,benign,False,NV,True,1.0,23.62,monitor,False,True,50120d7b5ca317f7f34aab248aac83acd99dc631_244653_1
744,50120d7b5ca317f7f34aab248aac83acd99dc631,non-expert,96b655f39b50174cc88b7fdd1bebdd501ef7af97,1,24,47,with_ai,True,244653,ISIC_5372934,NV,Melanocytic Nevi,benign,False,NV,True,1.0,4.25,monitor,False,True,50120d7b5ca317f7f34aab248aac83acd99dc631_244653_1
745,50120d7b5ca317f7f34aab248aac83acd99dc631,non-expert,96b655f39b50174cc88b7fdd1bebdd501ef7af97,1,25,47,without_ai,False,241596,ISIC_1996485,VASC,Vascular Lesions,benign,False,BCC,False,0.0,8.31,biopsy,True,True,50120d7b5ca317f7f34aab248aac83acd99dc631_241596_1
746,50120d7b5ca317f7f34aab248aac83acd99dc631,non-expert,96b655f39b50174cc88b7fdd1bebdd501ef7af97,1,26,47,with_ai,True,241596,ISIC_1996485,VASC,Vascular Lesions,benign,False,BCC,False,0.0,4.58,biopsy,True,True,50120d7b5ca317f7f34aab248aac83acd99dc631_241596_1
747,50120d7b5ca317f7f34aab248aac83acd99dc631,non-expert,96b655f39b50174cc88b7fdd1bebdd501ef7af97,1,27,47,without_ai,False,241329,ISIC_4684596,AKIEC,Actinic Keratosis,premalignant,True,AKIEC,True,1.0,10.97,local_therapy,True,True,50120d7b5ca317f7f34aab248aac83acd99dc631_241329_1
748,50120d7b5ca317f7f34aab248aac83acd99dc631,non-expert,96b655f39b50174cc88b7fdd1bebdd501ef7af97,1,28,47,with_ai,True,241329,ISIC_4684596,AKIEC,Actinic Keratosis,premalignant,True,AKIEC,True,1.0,5.11,local_therapy,True,True,50120d7b5ca317f7f34aab248aac83acd99dc631_241329_1
749,50120d7b5ca317f7f34aab248aac83acd99dc631,non-expert,96b655f39b50174cc88b7fdd1bebdd501ef7af97,1,29,47,without_ai,False,243532,ISIC_7774559,SCCKA,Squamous Cell Carcinoma,malignant,True,BCC,False,0.0,17.55,biopsy,True,True,50120d7b5ca317f7f34aab248aac83acd99dc631_243532_1
750,50120d7b5ca317f7f34aab248aac83acd99dc631,non-expert,96b655f39b50174cc88b7fdd1bebdd501ef7af97,1,30,47,with_ai,True,243532,ISIC_7774559,SCCKA,Squamous Cell Carcinoma,malignant,True,SCCKA,True,1.0,15.1,local_therapy,True,True,50120d7b5ca317f7f34aab248aac83acd99dc631_243532_1
751,50120d7b5ca317f7f34aab248aac83acd99dc631,non-expert,a9e464b80f8930d9d3546ddc80aa6708c1e6da4a,2,1,47,without_ai,False,240876,ISIC_7943939,BKL,Benign Keratosis,benign,False,OTHER_MALIGNANT,False,0.0,37.56,biopsy,True,True,50120d7b5ca317f7f34aab248aac83acd99dc631_240876_2
752,50120d7b5ca317f7f34aab248aac83acd99dc631,non-expert,a9e464b80f8930d9d3546ddc80aa6708c1e6da4a,2,2,47,with_ai,True,240876,ISIC_7943939,BKL,Benign Keratosis,benign,False,AKIEC,False,0.0,12.56,local_therapy,True,True,50120d7b5ca317f7f34aab248aac83acd99dc631_240876_2
753,50120d7b5ca317f7f34aab248aac83acd99dc631,non-expert,a9e464b80f8930d9d3546ddc80aa6708c1e6da4a,2,3,47,without_ai,False,242395,ISIC_8693307,NV,Melanocytic Nevi,benign,False,MEL,False,0.0,15.16,biopsy,True,True,50120d7b5ca317f7f34aab248aac83acd99dc631_242395_2
754,50120d7b5ca317f7f34aab248aac83acd99dc631,non-expert,a9e464b80f8930d9d3546ddc80aa6708c1e6da4a,2,4,47,with_ai,True,242395,ISIC_8693307,NV,Melanocytic Nevi,benign,False,MEL,False,0.0,6.96,biopsy,True,True,50120d7b5ca317f7f34aab248aac83acd99dc631_242395_2
755,50120d7b5ca317f7f34aab248aac83acd99dc631,non-expert,a9e464b80f8930d9d3546ddc80aa6708c1e6da4a,2,5,47,without_ai,False,240614,ISIC_3410251,BKL,Benign Keratosis,benign,False,AKIEC,False,0.0,8.68,local_therapy,True,True,50120d7b5ca317f7f34aab248aac83acd99dc631_240614_2
756,50120d7b5ca317f7f34aab248aac83acd99dc631,non-expert,a9e464b80f8930d9d3546ddc80aa6708c1e6da4a,2,6,47,with_ai,True,240614,ISIC_3410251,BKL,Benign Keratosis,benign,False,AKIEC,False,0.0,7.08,local_therapy,True,True,50120d7b5ca317f7f34aab248aac83acd99dc631_240614_2
757,50120d7b5ca317f7f34aab248aac83acd99dc631,non-expert,a9e464b80f8930d9d3546ddc80aa6708c1e6da4a,2,7,47,without_ai,False,242926,ISIC_1990436,AKIEC,Actinic Keratosis,premalignant,True,AKIEC,True,1.0,23.12,local_therapy,True,True,50120d7b5ca317f7f34aab248aac83acd99dc631_242926_2
758,50120d7b5ca317f7f34aab248aac83acd99dc631,non-expert,a9e464b80f8930d9d3546ddc80aa6708c1e6da4a,2,8,47,with_ai,True,242926,ISIC_1990436,AKIEC,Actinic Keratosis,premalignant,True,AKIEC,True,1.0,8.02,local_therapy,True,True,50120d7b5ca317f7f34aab248aac83acd99dc631_242926_2
759,50120d7b5ca317f7f34aab248aac83acd99dc631,non-expert,a9e464b80f8930d9d3546ddc80aa6708c1e6da4a,2,9,47,without_ai,False,243681,ISIC_2516006,DF,Dermatofibroma,benign,False,AKIEC,False,0.0,18.46,local_therapy,True,True,50120d7b5ca317f7f34aab248aac83acd99dc631_243681_2
760,50120d7b5ca317f7f34aab248aac83acd99dc631,non-expert,a9e464b80f8930d9d3546ddc80aa6708c1e6da4a,2,10,47,with_ai,True,243681,ISIC_2516006,DF,Dermatofibroma,benign,False,AKIEC,False,0.0,5.62,local_therapy,True,True,50120d7b5ca317f7f34aab248aac83acd99dc631_243681_2
761,50120d7b5ca317f7f34aab248aac83acd99dc631,non-expert,a9e464b80f8930d9d3546ddc80aa6708c1e6da4a,2,11,47,without_ai,False,240884,ISIC_5072182,INF,Inflammatory,inflammatory,False,INF,True,1.0,14.71,local_therapy,True,True,50120d7b5ca317f7f34aab248aac83acd99dc631_240884_2
762,50120d7b5ca317f7f34aab248aac83acd99dc631,non-expert,a9e464b80f8930d9d3546ddc80aa6708c1e6da4a,2,12,47,with_ai,True,240884,ISIC_5072182,INF,Inflammatory,inflammatory,False,INF,True,1.0,4.64,local_therapy,True,True,50120d7b5ca317f7f34aab248aac83acd99dc631_240884_2
763,50120d7b5ca317f7f34aab248aac83acd99dc631,non-expert,a9e464b80f8930d9d3546ddc80aa6708c1e6da4a,2,13,47,without_ai,False,241462,ISIC_1844015,BCC,Basal Cell Carcinoma,malignant,True,BCC,True,1.0,11.11,biopsy,True,True,50120d7b5ca317f7f34aab248aac83acd99dc631_241462_2
764,50120d7b5ca317f7f34aab248aac83acd99dc631,non-expert,a9e464b80f8930d9d3546ddc80aa6708c1e6da4a,2,14,47,with_ai,True,241462,ISIC_1844015,BCC,Basal Cell Carcinoma,malignant,True,BCC,True,1.0,3.19,biopsy,True,True,50120d7b5ca317f7f34aab248aac83acd99dc631_241462_2
765,50120d7b5ca317f7f34aab248aac83acd99dc631,non-expert,a9e464b80f8930d9d3546ddc80aa6708c1e6da4a,2,15,47,without_ai,False,241177,ISIC_5541499,MEL,Melanoma,malignant,True,MEL,True,1.0,12.25,biopsy,True,True,50120d7b5ca317f7f34aab248aac83acd99dc631_241177_2
766,50120d7b5ca317f7f34aab248aac83acd99dc631,non-expert,a9e464b80f8930d9d3546ddc80aa6708c1e6da4a,2,16,47,with_ai,True,241177,ISIC_5541499,MEL,Melanoma,malignant,True,MEL,True,1.0,4.13,biopsy,True,True,50120d7b5ca317f7f34aab248aac83acd99dc631_241177_2
767,50120d7b5ca317f7f34aab248aac83acd99dc631,non-expert,a9e464b80f8930d9d3546ddc80aa6708c1e6da4a,2,17,47,without_ai,False,244203,ISIC_1276558,BCC,Basal Cell Carcinoma,malignant,True,BKL,False,0.0,20.98,dismiss,False,True,50120d7b5ca317f7f34aab248aac83acd99dc631_244203_2
768,50120d7b5ca317f7f34aab248aac83acd99dc631,non-expert,a9e464b80f8930d9d3546ddc80aa6708c1e6da4a,2,18,47,with_ai,True,244203,ISIC_1276558,BCC,Basal Cell Carcinoma,malignant,True,BKL,False,0.0,6.21,dismiss,False,True,50120d7b5ca317f7f34aab248aac83acd99dc631_244203_2
769,50120d7b5ca317f7f34aab248aac83acd99dc631,non-expert,a9e464b80f8930d9d3546ddc80aa6708c1e6da4a,2,19,47,without_ai,False,240561,ISIC_5093839,MEL,Melanoma,malignant,True,MEL,True,1.0,5.31,biopsy,True,True,50120d7b5ca317f7f34aab248aac83acd99dc631_240561_2
770,50120d7b5ca317f7f34aab248aac83acd99dc631,non-expert,a9e464b80f8930d9d3546ddc80aa6708c1e6da4a,2,20,47,with_ai,True,240561,ISIC_5093839,MEL,Melanoma,malignant,True,MEL,True,1.0,2.68,biopsy,True,True,50120d7b5ca317f7f34aab248aac83acd99dc631_240561_2
771,50120d7b5ca317f7f34aab248aac83acd99dc631,non-expert,a9e464b80f8930d9d3546ddc80aa6708c1e6da4a,2,21,47,without_ai,False,240984,ISIC_3905888,SCCKA,Squamous Cell Carcinoma,malignant,True,SCCKA,True,1.0,25.81,biopsy,True,True,50120d7b5ca317f7f34aab248aac83acd99dc631_240984_2
772,50120d7b5ca317f7f34aab248aac83acd99dc631,non-expert,a9e464b80f8930d9d3546ddc80aa6708c1e6da4a,2,22,47,with_ai,True,240984,ISIC_3905888,SCCKA,Squamous Cell Carcinoma,malignant,True,SCCKA,True,1.0,4.06,biopsy,True,True,50120d7b5ca317f7f34aab248aac83acd99dc631_240984_2
773,50120d7b5ca317f7f34aab248aac83acd99dc631,non-expert,a9e464b80f8930d9d3546ddc80aa6708c1e6da4a,2,23,47,without_ai,False,244306,ISIC_3570541,VASC,Vascular Lesions,benign,False,VASC,True,1.0,5.25,dismiss,False,True,50120d7b5ca317f7f34aab248aac83acd99dc631_244306_2
774,50120d7b5ca317f7f34aab248aac83acd99dc631,non-expert,a9e464b80f8930d9d3546ddc80aa6708c1e6da4a,2,24,47,with_ai,True,244306,ISIC_3570541,VASC,Vascular Lesions,benign,False,VASC,True,1.0,2.95,dismiss,False,True,50120d7b5ca317f7f34aab248aac83acd99dc631_244306_2
775,50120d7b5ca317f7f34aab248aac83acd99dc631,non-expert,a9e464b80f8930d9d3546ddc80aa6708c1e6da4a,2,25,47,without_ai,False,244963,ISIC_2427256,NV,Melanocytic Nevi,benign,False,VASC,False,0.0,4.61,dismiss,False,True,50120d7b5ca317f7f34aab248aac83acd99dc631_244963_2
776,50120d7b5ca317f7f34aab248aac83acd99dc631,non-expert,a9e464b80f8930d9d3546ddc80aa6708c1e6da4a,2,26,47,with_ai,True,244963,ISIC_2427256,NV,Melanocytic Nevi,benign,False,NV,True,1.0,3.7,dismiss,False,True,50120d7b5ca317f7f34aab248aac83acd99dc631_244963_2
777,50120d7b5ca317f7f34aab248aac83acd99dc631,non-expert,a9e464b80f8930d9d3546ddc80aa6708c1e6da4a,2,27,47,without_ai,False,244879,ISIC_7340333,NV,Melanocytic Nevi,benign,False,NV,True,1.0,10.5,dismiss,False,True,50120d7b5ca317f7f34aab248aac83acd99dc631_244879_2
778,50120d7b5ca317f7f34aab248aac83acd99dc631,non-expert,a9e464b80f8930d9d3546ddc80aa6708c1e6da4a,2,28,47,with_ai,True,244879,ISIC_7340333,NV,Melanocytic Nevi,benign,False,NV,True,1.0,2.96,dismiss,False,True,50120d7b5ca317f7f34aab248aac83acd99dc631_244879_2
779,50120d7b5ca317f7f34aab248aac83acd99dc631,non-expert,a9e464b80f8930d9d3546ddc80aa6708c1e6da4a,2,29,47,without_ai,False,244533,ISIC_1986655,BCC,Basal Cell Carcinoma,malignant,True,SCCKA,False,0.0,7.61,biopsy,True,True,50120d7b5ca317f7f34aab248aac83acd99dc631_244533_2
780,50120d7b5ca317f7f34aab248aac83acd99dc631,non-expert,a9e464b80f8930d9d3546ddc80aa6708c1e6da4a,2,30,47,with_ai,True,244533,ISIC_1986655,BCC,Basal Cell Carcinoma,malignant,True,BCC,True,1.0,13.16,biopsy,True,True,50120d7b5ca317f7f34aab248aac83acd99dc631_244533_2
781,50120d7b5ca317f7f34aab248aac83acd99dc631,non-expert,72ac002e8d022892771dee98457b90353f4a0249,3,1,47,without_ai,False,240475,ISIC_6596926,MEL,Melanoma,malignant,True,BCC,False,0.0,13.84,biopsy,True,True,50120d7b5ca317f7f34aab248aac83acd99dc631_240475_3
782,50120d7b5ca317f7f34aab248aac83acd99dc631,non-expert,72ac002e8d022892771dee98457b90353f4a0249,3,2,47,with_ai,True,240475,ISIC_6596926,MEL,Melanoma,malignant,True,AKIEC,False,0.0,24.11,local_therapy,True,True,50120d7b5ca317f7f34aab248aac83acd99dc631_240475_3
783,50120d7b5ca317f7f34aab248aac83acd99dc631,non-expert,72ac002e8d022892771dee98457b90353f4a0249,3,3,47,without_ai,False,240191,ISIC_8462138,VASC,Vascular Lesions,benign,False,MEL,False,0.0,19.46,biopsy,True,True,50120d7b5ca317f7f34aab248aac83acd99dc631_240191_3
784,50120d7b5ca317f7f34aab248aac83acd99dc631,non-expert,72ac002e8d022892771dee98457b90353f4a0249,3,4,47,with_ai,True,240191,ISIC_8462138,VASC,Vascular Lesions,benign,False,MEL,False,0.0,4.39,biopsy,True,True,50120d7b5ca317f7f34aab248aac83acd99dc631_240191_3
785,50120d7b5ca317f7f34aab248aac83acd99dc631,non-expert,72ac002e8d022892771dee98457b90353f4a0249,3,5,47,without_ai,False,241510,ISIC_9317486,NV,Melanocytic Nevi,benign,False,NV,True,1.0,4.76,dismiss,False,True,50120d7b5ca317f7f34aab248aac83acd99dc631_241510_3
786,50120d7b5ca317f7f34aab248aac83acd99dc631,non-expert,72ac002e8d022892771dee98457b90353f4a0249,3,6,47,with_ai,True,241510,ISIC_9317486,NV,Melanocytic Nevi,benign,False,NV,True,1.0,3.47,dismiss,False,True,50120d7b5ca317f7f34aab248aac83acd99dc631_241510_3
787,50120d7b5ca317f7f34aab248aac83acd99dc631,non-expert,72ac002e8d022892771dee98457b90353f4a0249,3,7,47,without_ai,False,241768,ISIC_4478363,MEL,Melanoma,malignant,True,MEL,True,1.0,8.22,biopsy,True,True,50120d7b5ca317f7f34aab248aac83acd99dc631_241768_3
788,50120d7b5ca317f7f34aab248aac83acd99dc631,non-expert,72ac002e8d022892771dee98457b90353f4a0249,3,8,47,with_ai,True,241768,ISIC_4478363,MEL,Melanoma,malignant,True,MEL,True,1.0,2.78,biopsy,True,True,50120d7b5ca317f7f34aab248aac83acd99dc631_241768_3
789,50120d7b5ca317f7f34aab248aac83acd99dc631,non-expert,72ac002e8d022892771dee98457b90353f4a0249,3,9,47,without_ai,False,244253,ISIC_0165198,OTHER_BENIGN,Other Benign,benign,False,OTHER_BENIGN,True,1.0,16.02,dismiss,False,True,50120d7b5ca317f7f34aab248aac83acd99dc631_244253_3
790,50120d7b5ca317f7f34aab248aac83acd99dc631,non-expert,72ac002e8d022892771dee98457b90353f4a0249,3,10,47,with_ai,True,244253,ISIC_0165198,OTHER_BENIGN,Other Benign,benign,False,OTHER_BENIGN,True,1.0,2.92,dismiss,False,True,50120d7b5ca317f7f34aab248aac83acd99dc631_244253_3
791,50120d7b5ca317f7f34aab248aac83acd99dc631,non-expert,72ac002e8d022892771dee98457b90353f4a0249,3,11,47,without_ai,False,242096,ISIC_0908255,NV,Melanocytic Nevi,benign,False,NV,True,1.0,8.65,dismiss,False,True,50120d7b5ca317f7f34aab248aac83acd99dc631_242096_3
792,50120d7b5ca317f7f34aab248aac83acd99dc631,non-expert,72ac002e8d022892771dee98457b90353f4a0249,3,12,47,with_ai,True,242096,ISIC_0908255,NV,Melanocytic Nevi,benign,False,NV,True,1.0,2.95,dismiss,False,True,50120d7b5ca317f7f34aab248aac83acd99dc631_242096_3
793,50120d7b5ca317f7f34aab248aac83acd99dc631,non-expert,72ac002e8d022892771dee98457b90353f4a0249,3,13,47,without_ai,False,240890,ISIC_7009788,DF,Dermatofibroma,benign,False,MEL,False,0.0,27.73,biopsy,True,True,50120d7b5ca317f7f34aab248aac83acd99dc631_240890_3
794,50120d7b5ca317f7f34aab248aac83acd99dc631,non-expert,72ac002e8d022892771dee98457b90353f4a0249,3,14,47,with_ai,True,240890,ISIC_7009788,DF,Dermatofibroma,benign,False,DF,True,1.0,14.45,dismiss,False,True,50120d7b5ca317f7f34aab248aac83acd99dc631_240890_3
795,50120d7b5ca317f7f34aab248aac83acd99dc631,non-expert,72ac002e8d022892771dee98457b90353f4a0249,3,15,47,without_ai,False,240722,ISIC_1150454,BKL,Benign Keratosis,benign,False,BKL,True,1.0,10.72,dismiss,False,True,50120d7b5ca317f7f34aab248aac83acd99dc631_240722_3
796,50120d7b5ca317f7f34aab248aac83acd99dc631,non-expert,72ac002e8d022892771dee98457b90353f4a0249,3,16,47,with_ai,True,240722,ISIC_1150454,BKL,Benign Keratosis,benign,False,BKL,True,1.0,2.74,dismiss,False,True,50120d7b5ca317f7f34aab248aac83acd99dc631_240722_3
797,50120d7b5ca317f7f34aab248aac83acd99dc631,non-expert,72ac002e8d022892771dee98457b90353f4a0249,3,17,47,without_ai,False,243021,ISIC_4351882,BCC,Basal Cell Carcinoma,malignant,True,BCC,True,1.0,21.7,biopsy,True,True,50120d7b5ca317f7f34aab248aac83acd99dc631_243021_3
798,50120d7b5ca317f7f34aab248aac83acd99dc631,non-expert,72ac002e8d022892771dee98457b90353f4a0249,3,18,47,with_ai,True,243021,ISIC_4351882,BCC,Basal Cell Carcinoma,malignant,True,BCC,True,1.0,3.2,biopsy,True,True,50120d7b5ca317f7f34aab248aac83acd99dc631_243021_3
799,50120d7b5ca317f7f34aab248aac83acd99dc631,non-expert,72ac002e8d022892771dee98457b90353f4a0249,3,19,47,without_ai,False,242723,ISIC_0939687,AKIEC,Actinic Keratosis,premalignant,True,BCC,False,0.0,30.57,biopsy,True,True,50120d7b5ca317f7f34aab248aac83acd99dc631_242723_3
800,50120d7b5ca317f7f34aab248aac83acd99dc631,non-expert,72ac002e8d022892771dee98457b90353f4a0249,3,20,47,with_ai,True,242723,ISIC_0939687,AKIEC,Actinic Keratosis,premalignant,True,BCC,False,0.0,4.31,biopsy,True,True,50120d7b5ca317f7f34aab248aac83acd99dc631_242723_3
801,50120d7b5ca317f7f34aab248aac83acd99dc631,non-expert,72ac002e8d022892771dee98457b90353f4a0249,3,21,47,without_ai,False,243638,ISIC_5310585,SCCKA,Squamous Cell Carcinoma,malignant,True,SCCKA,True,1.0,11.53,biopsy,True,True,50120d7b5ca317f7f34aab248aac83acd99dc631_243638_3
802,50120d7b5ca317f7f34aab248aac83acd99dc631,non-expert,72ac002e8d022892771dee98457b90353f4a0249,3,22,47,with_ai,True,243638,ISIC_5310585,SCCKA,Squamous Cell Carcinoma,malignant,True,SCCKA,True,1.0,2.85,biopsy,True,True,50120d7b5ca317f7f34aab248aac83acd99dc631_243638_3
803,50120d7b5ca317f7f34aab248aac83acd99dc631,non-expert,72ac002e8d022892771dee98457b90353f4a0249,3,23,47,without_ai,False,242120,ISIC_7986295,BCC,Basal Cell Carcinoma,malignant,True,BCC,True,1.0,11.54,biopsy,True,True,50120d7b5ca317f7f34aab248aac83acd99dc631_242120_3
804,50120d7b5ca317f7f34aab248aac83acd99dc631,non-expert,72ac002e8d022892771dee98457b90353f4a0249,3,24,47,with_ai,True,242120,ISIC_7986295,BCC,Basal Cell Carcinoma,malignant,True,BCC,True,1.0,3.27,biopsy,True,True,50120d7b5ca317f7f34aab248aac83acd99dc631_242120_3
805,50120d7b5ca317f7f34aab248aac83acd99dc631,non-expert,72ac002e8d022892771dee98457b90353f4a0249,3,25,47,without_ai,False,240287,ISIC_7469563,BKL,Benign Keratosis,benign,False,BKL,True,1.0,30.65,dismiss,False,True,50120d7b5ca317f7f34aab248aac83acd99dc631_240287_3
806,50120d7b5ca317f7f34aab248aac83acd99dc631,non-expert,72ac002e8d022892771dee98457b90353f4a0249,3,26,47,with_ai,True,240287,ISIC_7469563,BKL,Benign Keratosis,benign,False,BKL,True,1.0,3.68,dismiss,False,True,50120d7b5ca317f7f34aab248aac83acd99dc631_240287_3
807,50120d7b5ca317f7f34aab248aac83acd99dc631,non-expert,72ac002e8d022892771dee98457b90353f4a0249,3,27,47,without_ai,False,240822,ISIC_0684627,NV,Melanocytic Nevi,benign,False,MEL,False,0.0,13.88,biopsy,True,True,50120d7b5ca317f7f34aab248aac83acd99dc631_240822_3
808,50120d7b5ca317f7f34aab248aac83acd99dc631,non-expert,72ac002e8d022892771dee98457b90353f4a0249,3,28,47,with_ai,True,240822,ISIC_0684627,NV,Melanocytic Nevi,benign,False,MEL,False,0.0,3.08,biopsy,True,True,50120d7b5ca317f7f34aab248aac83acd99dc631_240822_3
809,50120d7b5ca317f7f34aab248aac83acd99dc631,non-expert,72ac002e8d022892771dee98457b90353f4a0249,3,29,47,without_ai,False,240335,ISIC_5017355,NV,Melanocytic Nevi,benign,False,NV,True,1.0,17.34,dismiss,False,True,50120d7b5ca317f7f34aab248aac83acd99dc631_240335_3
810,50120d7b5ca317f7f34aab248aac83acd99dc631,non-expert,72ac002e8d022892771dee98457b90353f4a0249,3,30,47,with_ai,True,240335,ISIC_5017355,NV,Melanocytic Nevi,benign,False,NV,True,1.0,3.33,dismiss,False,True,50120d7b5ca317f7f34aab248aac83acd99dc631_240335_3
811,50120d7b5ca317f7f34aab248aac83acd99dc631,non-expert,ad00002350b0dd4543354b3ebdb8d57dd303509d,4,1,47,without_ai,False,241185,ISIC_8403829,BKL,Benign Keratosis,benign,False,MEL,False,0.0,13.35,biopsy,True,True,50120d7b5ca317f7f34aab248aac83acd99dc631_241185_4
812,50120d7b5ca317f7f34aab248aac83acd99dc631,non-expert,ad00002350b0dd4543354b3ebdb8d57dd303509d,4,2,47,with_ai,True,241185,ISIC_8403829,BKL,Benign Keratosis,benign,False,MEL,False,0.0,4.19,biopsy,True,True,50120d7b5ca317f7f34aab248aac83acd99dc631_241185_4
813,50120d7b5ca317f7f34aab248aac83acd99dc631,non-expert,ad00002350b0dd4543354b3ebdb8d57dd303509d,4,3,47,without_ai,False,241124,ISIC_0417486,VASC,Vascular Lesions,benign,False,NV,False,0.0,8.45,dismiss,False,True,50120d7b5ca317f7f34aab248aac83acd99dc631_241124_4
814,50120d7b5ca317f7f34aab248aac83acd99dc631,non-expert,ad00002350b0dd4543354b3ebdb8d57dd303509d,4,4,47,with_ai,True,241124,ISIC_0417486,VASC,Vascular Lesions,benign,False,NV,False,0.0,2.7,dismiss,False,True,50120d7b5ca317f7f34aab248aac83acd99dc631_241124_4
815,50120d7b5ca317f7f34aab248aac83acd99dc631,non-expert,ad00002350b0dd4543354b3ebdb8d57dd303509d,4,5,47,without_ai,False,243864,ISIC_8566440,NV,Melanocytic Nevi,benign,False,NV,True,1.0,7.32,dismiss,False,True,50120d7b5ca317f7f34aab248aac83acd99dc631_243864_4
816,50120d7b5ca317f7f34aab248aac83acd99dc631,non-expert,ad00002350b0dd4543354b3ebdb8d57dd303509d,4,6,47,with_ai,True,243864,ISIC_8566440,NV,Melanocytic Nevi,benign,False,NV,True,1.0,2.82,dismiss,False,True,50120d7b5ca317f7f34aab248aac83acd99dc631_243864_4
817,50120d7b5ca317f7f34aab248aac83acd99dc631,non-expert,ad00002350b0dd4543354b3ebdb8d57dd303509d,4,7,47,without_ai,False,240393,ISIC_2777762,BKL,Benign Keratosis,benign,False,AKIEC,False,0.0,17.56,local_therapy,True,True,50120d7b5ca317f7f34aab248aac83acd99dc631_240393_4
818,50120d7b5ca317f7f34aab248aac83acd99dc631,non-expert,ad00002350b0dd4543354b3ebdb8d57dd303509d,4,8,47,with_ai,True,240393,ISIC_2777762,BKL,Benign Keratosis,benign,False,AKIEC,False,0.0,5.46,local_therapy,True,True,50120d7b5ca317f7f34aab248aac83acd99dc631_240393_4
819,50120d7b5ca317f7f34aab248aac83acd99dc631,non-expert,ad00002350b0dd4543354b3ebdb8d57dd303509d,4,9,47,without_ai,False,242070,ISIC_6070426,DF,Dermatofibroma,benign,False,VASC,False,0.0,35.63,dismiss,False,True,50120d7b5ca317f7f34aab248aac83acd99dc631_242070_4
820,50120d7b5ca317f7f34aab248aac83acd99dc631,non-expert,ad00002350b0dd4543354b3ebdb8d57dd303509d,4,10,47,with_ai,True,242070,ISIC_6070426,DF,Dermatofibroma,benign,False,VASC,False,0.0,4.95,dismiss,False,True,50120d7b5ca317f7f34aab248aac83acd99dc631_242070_4
821,50120d7b5ca317f7f34aab248aac83acd99dc631,non-expert,ad00002350b0dd4543354b3ebdb8d57dd303509d,4,11,47,without_ai,False,240269,ISIC_2765997,NV,Melanocytic Nevi,benign,False,NV,True,1.0,9.15,dismiss,False,True,50120d7b5ca317f7f34aab248aac83acd99dc631_240269_4
822,50120d7b5ca317f7f34aab248aac83acd99dc631,non-expert,ad00002350b0dd4543354b3ebdb8d57dd303509d,4,12,47,with_ai,True,240269,ISIC_2765997,NV,Melanocytic Nevi,benign,False,NV,True,1.0,2.26,dismiss,False,True,50120d7b5ca317f7f34aab248aac83acd99dc631_240269_4
823,50120d7b5ca317f7f34aab248aac83acd99dc631,non-expert,ad00002350b0dd4543354b3ebdb8d57dd303509d,4,13,47,without_ai,False,243414,ISIC_0866872,MEL,Melanoma,malignant,True,MEL,True,1.0,17.14,biopsy,True,True,50120d7b5ca317f7f34aab248aac83acd99dc631_243414_4
824,50120d7b5ca317f7f34aab248aac83acd99dc631,non-expert,ad00002350b0dd4543354b3ebdb8d57dd303509d,4,14,47,with_ai,True,243414,ISIC_0866872,MEL,Melanoma,malignant,True,MEL,True,1.0,2.93,biopsy,True,True,50120d7b5ca317f7f34aab248aac83acd99dc631_243414_4
825,50120d7b5ca317f7f34aab248aac83acd99dc631,non-expert,ad00002350b0dd4543354b3ebdb8d57dd303509d,4,15,47,without_ai,False,242377,ISIC_6435029,NV,Melanocytic Nevi,benign,False,OTHER_BENIGN,False,0.0,23.74,dismiss,False,True,50120d7b5ca317f7f34aab248aac83acd99dc631_242377_4
826,50120d7b5ca317f7f34aab248aac83acd99dc631,non-expert,ad00002350b0dd4543354b3ebdb8d57dd303509d,4,16,47,with_ai,True,242377,ISIC_6435029,NV,Melanocytic Nevi,benign,False,NV,True,1.0,4.64,dismiss,False,True,50120d7b5ca317f7f34aab248aac83acd99dc631_242377_4
827,50120d7b5ca317f7f34aab248aac83acd99dc631,non-expert,ad00002350b0dd4543354b3ebdb8d57dd303509d,4,17,47,without_ai,False,240821,ISIC_8619763,SCCKA,Squamous Cell Carcinoma,malignant,True,SCCKA,True,1.0,81.39,biopsy,True,True,50120d7b5ca317f7f34aab248aac83acd99dc631_240821_4
828,50120d7b5ca317f7f34aab248aac83acd99dc631,non-expert,ad00002350b0dd4543354b3ebdb8d57dd303509d,4,18,47,with_ai,True,240821,ISIC_8619763,SCCKA,Squamous Cell Carcinoma,malignant,True,SCCKA,True,1.0,2.79,biopsy,True,True,50120d7b5ca317f7f34aab248aac83acd99dc631_240821_4
829,50120d7b5ca317f7f34aab248aac83acd99dc631,non-expert,ad00002350b0dd4543354b3ebdb8d57dd303509d,4,19,47,without_ai,False,245175,ISIC_9357735,MEL,Melanoma,malignant,True,BKL,False,0.0,13.56,dismiss,False,True,50120d7b5ca317f7f34aab248aac83acd99dc631_245175_4
830,50120d7b5ca317f7f34aab248aac83acd99dc631,non-expert,ad00002350b0dd4543354b3ebdb8d57dd303509d,4,20,47,with_ai,True,245175,ISIC_9357735,MEL,Melanoma,malignant,True,BKL,False,0.0,12.39,dismiss,False,True,50120d7b5ca317f7f34aab248aac83acd99dc631_245175_4
831,50120d7b5ca317f7f34aab248aac83acd99dc631,non-expert,ad00002350b0dd4543354b3ebdb8d57dd303509d,4,21,47,without_ai,False,240435,ISIC_6428254,BCC,Basal Cell Carcinoma,malignant,True,BCC,True,1.0,8.08,biopsy,True,True,50120d7b5ca317f7f34aab248aac83acd99dc631_240435_4
832,50120d7b5ca317f7f34aab248aac83acd99dc631,non-expert,ad00002350b0dd4543354b3ebdb8d57dd303509d,4,22,47,with_ai,True,240435,ISIC_6428254,BCC,Basal Cell Carcinoma,malignant,True,BCC,True,1.0,3.22,biopsy,True,True,50120d7b5ca317f7f34aab248aac83acd99dc631_240435_4
833,50120d7b5ca317f7f34aab248aac83acd99dc631,non-expert,ad00002350b0dd4543354b3ebdb8d57dd303509d,4,23,47,without_ai,False,241563,ISIC_7208631,BCC,Basal Cell Carcinoma,malignant,True,AKIEC,False,0.0,15.06,local_therapy,True,True,50120d7b5ca317f7f34aab248aac83acd99dc631_241563_4
834,50120d7b5ca317f7f34aab248aac83acd99dc631,non-expert,ad00002350b0dd4543354b3ebdb8d57dd303509d,4,24,47,with_ai,True,241563,ISIC_7208631,BCC,Basal Cell Carcinoma,malignant,True,AKIEC,False,0.0,3.4,local_therapy,True,True,50120d7b5ca317f7f34aab248aac83acd99dc631_241563_4
835,50120d7b5ca317f7f34aab248aac83acd99dc631,non-expert,ad00002350b0dd4543354b3ebdb8d57dd303509d,4,25,47,without_ai,False,244663,ISIC_2187348,OTHER_MALIGNANT,Other Malignant,malignant,True,BKL,False,0.0,20.13,dismiss,False,True,50120d7b5ca317f7f34aab248aac83acd99dc631_244663_4
836,50120d7b5ca317f7f34aab248aac83acd99dc631,non-expert,ad00002350b0dd4543354b3ebdb8d57dd303509d,4,26,47,with_ai,True,244663,ISIC_2187348,OTHER_MALIGNANT,Other Malignant,malignant,True,BKL,False,0.0,2.45,dismiss,False,True,50120d7b5ca317f7f34aab248aac83acd99dc631_244663_4
837,50120d7b5ca317f7f34aab248aac83acd99dc631,non-expert,ad00002350b0dd4543354b3ebdb8d57dd303509d,4,27,47,without_ai,False,243685,ISIC_1917329,AKIEC,Actinic Keratosis,premalignant,True,AKIEC,True,1.0,26.03,local_therapy,True,True,50120d7b5ca317f7f34aab248aac83acd99dc631_243685_4
838,50120d7b5ca317f7f34aab248aac83acd99dc631,non-expert,ad00002350b0dd4543354b3ebdb8d57dd303509d,4,28,47,with_ai,True,243685,ISIC_1917329,AKIEC,Actinic Keratosis,premalignant,True,SCCKA,False,0.0,5.31,biopsy,True,True,50120d7b5ca317f7f34aab248aac83acd99dc631_243685_4
839,50120d7b5ca317f7f34aab248aac83acd99dc631,non-expert,ad00002350b0dd4543354b3ebdb8d57dd303509d,4,29,47,without_ai,False,240479,ISIC_3820500,BCC,Basal Cell Carcinoma,malignant,True,BCC,True,1.0,5.33,biopsy,True,True,50120d7b5ca317f7f34aab248aac83acd99dc631_240479_4
840,50120d7b5ca317f7f34aab248aac83acd99dc631,non-expert,ad00002350b0dd4543354b3ebdb8d57dd303509d,4,30,47,with_ai,True,240479,ISIC_3820500,BCC,Basal Cell Carcinoma,malignant,True,BCC,True,1.0,2.58,biopsy,True,True,50120d7b5ca317f7f34aab248aac83acd99dc631_240479_4
841,50120d7b5ca317f7f34aab248aac83acd99dc631,non-expert,41e58194f5fe02e91d9c17a49c64e9cd8fe15e0b,5,1,47,without_ai,False,243108,ISIC_4432152,NV,Melanocytic Nevi,benign,False,BCC,False,0.0,26.36,biopsy,True,True,50120d7b5ca317f7f34aab248aac83acd99dc631_243108_5
842,50120d7b5ca317f7f34aab248aac83acd99dc631,non-expert,41e58194f5fe02e91d9c17a49c64e9cd8fe15e0b,5,2,47,with_ai,True,243108,ISIC_4432152,NV,Melanocytic Nevi,benign,False,MEL,False,0.0,6.84,biopsy,True,True,50120d7b5ca317f7f34aab248aac83acd99dc631_243108_5
843,50120d7b5ca317f7f34aab248aac83acd99dc631,non-expert,41e58194f5fe02e91d9c17a49c64e9cd8fe15e0b,5,3,47,without_ai,False,240587,ISIC_4228893,NV,Melanocytic Nevi,benign,False,MEL,False,0.0,13.88,biopsy,True,True,50120d7b5ca317f7f34aab248aac83acd99dc631_240587_5
844,50120d7b5ca317f7f34aab248aac83acd99dc631,non-expert,41e58194f5fe02e91d9c17a49c64e9cd8fe15e0b,5,4,47,with_ai,True,240587,ISIC_4228893,NV,Melanocytic Nevi,benign,False,MEL,False,0.0,4.73,biopsy,True,True,50120d7b5ca317f7f34aab248aac83acd99dc631_240587_5
845,50120d7b5ca317f7f34aab248aac83acd99dc631,non-expert,41e58194f5fe02e91d9c17a49c64e9cd8fe15e0b,5,5,47,without_ai,False,241095,ISIC_9157592,DF,Dermatofibroma,benign,False,DF,True,1.0,35.28,dismiss,False,True,50120d7b5ca317f7f34aab248aac83acd99dc631_241095_5
846,50120d7b5ca317f7f34aab248aac83acd99dc631,non-expert,41e58194f5fe02e91d9c17a49c64e9cd8fe15e0b,5,6,47,with_ai,True,241095,ISIC_9157592,DF,Dermatofibroma,benign,False,DF,True,1.0,18.99,dismiss,False,True,50120d7b5ca317f7f34aab248aac83acd99dc631_241095_5
847,50120d7b5ca317f7f34aab248aac83acd99dc631,non-expert,41e58194f5fe02e91d9c17a49c64e9cd8fe15e0b,5,7,47,without_ai,False,240226,ISIC_1895471,NV,Melanocytic Nevi,benign,False,NV,True,1.0,15.3,dismiss,False,True,50120d7b5ca317f7f34aab248aac83acd99dc631_240226_5
848,50120d7b5ca317f7f34aab248aac83acd99dc631,non-expert,41e58194f5fe02e91d9c17a49c64e9cd8fe15e0b,5,8,47,with_ai,True,240226,ISIC_1895471,NV,Melanocytic Nevi,benign,False,MEL,False,0.0,10.27,biopsy,True,True,50120d7b5ca317f7f34aab248aac83acd99dc631_240226_5
849,50120d7b5ca317f7f34aab248aac83acd99dc631,non-expert,41e58194f5fe02e91d9c17a49c64e9cd8fe15e0b,5,9,47,without_ai,False,240219,ISIC_3952412,INF,Inflammatory,inflammatory,False,BCC,False,0.0,5.12,biopsy,True,True,50120d7b5ca317f7f34aab248aac83acd99dc631_240219_5
850,50120d7b5ca317f7f34aab248aac83acd99dc631,non-expert,41e58194f5fe02e91d9c17a49c64e9cd8fe15e0b,5,10,47,with_ai,True,240219,ISIC_3952412,INF,Inflammatory,inflammatory,False,BCC,False,0.0,2.73,biopsy,True,True,50120d7b5ca317f7f34aab248aac83acd99dc631_240219_5
851,50120d7b5ca317f7f34aab248aac83acd99dc631,non-expert,41e58194f5fe02e91d9c17a49c64e9cd8fe15e0b,5,11,47,without_ai,False,242134,ISIC_6874373,SCCKA,Squamous Cell Carcinoma,malignant,True,SCCKA,True,1.0,10.67,biopsy,True,True,50120d7b5ca317f7f34aab248aac83acd99dc631_242134_5
852,50120d7b5ca317f7f34aab248aac83acd99dc631,non-expert,41e58194f5fe02e91d9c17a49c64e9cd8fe15e0b,5,12,47,with_ai,True,242134,ISIC_6874373,SCCKA,Squamous Cell Carcinoma,malignant,True,SCCKA,True,1.0,21.56,biopsy,True,True,50120d7b5ca317f7f34aab248aac83acd99dc631_242134_5
853,50120d7b5ca317f7f34aab248aac83acd99dc631,non-expert,41e58194f5fe02e91d9c17a49c64e9cd8fe15e0b,5,13,47,without_ai,False,241417,ISIC_5889858,MEL,Melanoma,malignant,True,MEL,True,1.0,18.23,biopsy,True,True,50120d7b5ca317f7f34aab248aac83acd99dc631_241417_5
854,50120d7b5ca317f7f34aab248aac83acd99dc631,non-expert,41e58194f5fe02e91d9c17a49c64e9cd8fe15e0b,5,14,47,with_ai,True,241417,ISIC_5889858,MEL,Melanoma,malignant,True,MEL,True,1.0,3.79,biopsy,True,True,50120d7b5ca317f7f34aab248aac83acd99dc631_241417_5
855,50120d7b5ca317f7f34aab248aac83acd99dc631,non-expert,41e58194f5fe02e91d9c17a49c64e9cd8fe15e0b,5,15,47,without_ai,False,245217,ISIC_0729575,BKL,Benign Keratosis,benign,False,MEL,False,0.0,8.18,biopsy,True,True,50120d7b5ca317f7f34aab248aac83acd99dc631_245217_5
856,50120d7b5ca317f7f34aab248aac83acd99dc631,non-expert,41e58194f5fe02e91d9c17a49c64e9cd8fe15e0b,5,16,47,with_ai,True,245217,ISIC_0729575,BKL,Benign Keratosis,benign,False,MEL,False,0.0,12.62,biopsy,True,True,50120d7b5ca317f7f34aab248aac83acd99dc631_245217_5
857,50120d7b5ca317f7f34aab248aac83acd99dc631,non-expert,41e58194f5fe02e91d9c17a49c64e9cd8fe15e0b,5,17,47,without_ai,False,241622,ISIC_4821214,VASC,Vascular Lesions,benign,False,MEL,False,0.0,8.27,biopsy,True,True,50120d7b5ca317f7f34aab248aac83acd99dc631_241622_5
858,50120d7b5ca317f7f34aab248aac83acd99dc631,non-expert,41e58194f5fe02e91d9c17a49c64e9cd8fe15e0b,5,18,47,with_ai,True,241622,ISIC_4821214,VASC,Vascular Lesions,benign,False,MEL,False,0.0,11.67,biopsy,True,True,50120d7b5ca317f7f34aab248aac83acd99dc631_241622_5
859,50120d7b5ca317f7f34aab248aac83acd99dc631,non-expert,41e58194f5fe02e91d9c17a49c64e9cd8fe15e0b,5,19,47,without_ai,False,244835,ISIC_1881240,NV,Melanocytic Nevi,benign,False,MEL,False,0.0,11.3,biopsy,True,True,50120d7b5ca317f7f34aab248aac83acd99dc631_244835_5
860,50120d7b5ca317f7f34aab248aac83acd99dc631,non-expert,41e58194f5fe02e91d9c17a49c64e9cd8fe15e0b,5,20,47,with_ai,True,244835,ISIC_1881240,NV,Melanocytic Nevi,benign,False,MEL,False,0.0,3.32,biopsy,True,True,50120d7b5ca317f7f34aab248aac83acd99dc631_244835_5
861,50120d7b5ca317f7f34aab248aac83acd99dc631,non-expert,41e58194f5fe02e91d9c17a49c64e9cd8fe15e0b,5,21,47,without_ai,False,243827,ISIC_5602394,MEL,Melanoma,malignant,True,MEL,True,1.0,3.69,biopsy,True,True,50120d7b5ca317f7f34aab248aac83acd99dc631_243827_5
862,50120d7b5ca317f7f34aab248aac83acd99dc631,non-expert,41e58194f5fe02e91d9c17a49c64e9cd8fe15e0b,5,22,47,with_ai,True,243827,ISIC_5602394,MEL,Melanoma,malignant,True,MEL,True,1.0,2.41,biopsy,True,True,50120d7b5ca317f7f34aab248aac83acd99dc631_243827_5
863,50120d7b5ca317f7f34aab248aac83acd99dc631,non-expert,41e58194f5fe02e91d9c17a49c64e9cd8fe15e0b,5,23,47,without_ai,False,244007,ISIC_6791466,BCC,Basal Cell Carcinoma,malignant,True,BCC,True,1.0,6.01,biopsy,True,True,50120d7b5ca317f7f34aab248aac83acd99dc631_244007_5
864,50120d7b5ca317f7f34aab248aac83acd99dc631,non-expert,41e58194f5fe02e91d9c17a49c64e9cd8fe15e0b,5,24,47,with_ai,True,244007,ISIC_6791466,BCC,Basal Cell Carcinoma,malignant,True,BCC,True,1.0,2.32,biopsy,True,True,50120d7b5ca317f7f34aab248aac83acd99dc631_244007_5
865,50120d7b5ca317f7f34aab248aac83acd99dc631,non-expert,41e58194f5fe02e91d9c17a49c64e9cd8fe15e0b,5,25,47,without_ai,False,241894,ISIC_5745120,AKIEC,Actinic Keratosis,premalignant,True,VASC,False,0.0,12.46,dismiss,False,True,50120d7b5ca317f7f34aab248aac83acd99dc631_241894_5
866,50120d7b5ca317f7f34aab248aac83acd99dc631,non-expert,41e58194f5fe02e91d9c17a49c64e9cd8fe15e0b,5,26,47,with_ai,True,241894,ISIC_5745120,AKIEC,Actinic Keratosis,premalignant,True,AKIEC,True,1.0,12.94,local_therapy,True,True,50120d7b5ca317f7f34aab248aac83acd99dc631_241894_5
867,50120d7b5ca317f7f34aab248aac83acd99dc631,non-expert,41e58194f5fe02e91d9c17a49c64e9cd8fe15e0b,5,27,47,without_ai,False,243056,ISIC_4958589,BKL,Benign Keratosis,benign,False,BKL,True,1.0,13.18,dismiss,False,True,50120d7b5ca317f7f34aab248aac83acd99dc631_243056_5
868,50120d7b5ca317f7f34aab248aac83acd99dc631,non-expert,41e58194f5fe02e91d9c17a49c64e9cd8fe15e0b,5,28,47,with_ai,True,243056,ISIC_4958589,BKL,Benign Keratosis,benign,False,BKL,True,1.0,2.45,dismiss,False,True,50120d7b5ca317f7f34aab248aac83acd99dc631_243056_5
869,50120d7b5ca317f7f34aab248aac83acd99dc631,non-expert,41e58194f5fe02e91d9c17a49c64e9cd8fe15e0b,5,29,47,without_ai,False,241382,ISIC_4720694,BCC,Basal Cell Carcinoma,malignant,True,BCC,True,1.0,15.05,biopsy,True,True,50120d7b5ca317f7f34aab248aac83acd99dc631_241382_5
870,50120d7b5ca317f7f34aab248aac83acd99dc631,non-expert,41e58194f5fe02e91d9c17a49c64e9cd8fe15e0b,5,30,47,with_ai,True,241382,ISIC_4720694,BCC,Basal Cell Carcinoma,malignant,True,BCC,True,1.0,3.3,biopsy,True,True,50120d7b5ca317f7f34aab248aac83acd99dc631_241382_5
871,d02d1e998995915dc736201ce04de6d7b5278b2b,non-expert,b2d16032c9c038af36b834b5c6ffdf3130260cfa,1,1,47,without_ai,False,243845,ISIC_0951274,NV,Melanocytic Nevi,benign,False,MEL,False,0.0,14.44,biopsy,True,True,d02d1e998995915dc736201ce04de6d7b5278b2b_243845_1
872,d02d1e998995915dc736201ce04de6d7b5278b2b,non-expert,b2d16032c9c038af36b834b5c6ffdf3130260cfa,1,2,47,with_ai,True,243845,ISIC_0951274,NV,Melanocytic Nevi,benign,False,NV,True,1.0,6.04,biopsy,True,True,d02d1e998995915dc736201ce04de6d7b5278b2b_243845_1
873,d02d1e998995915dc736201ce04de6d7b5278b2b,non-expert,b2d16032c9c038af36b834b5c6ffdf3130260cfa,1,3,47,without_ai,False,244943,ISIC_5960820,BCC,Basal Cell Carcinoma,malignant,True,BCC,True,1.0,10.4,biopsy,True,True,d02d1e998995915dc736201ce04de6d7b5278b2b_244943_1
874,d02d1e998995915dc736201ce04de6d7b5278b2b,non-expert,b2d16032c9c038af36b834b5c6ffdf3130260cfa,1,4,47,with_ai,True,244943,ISIC_5960820,BCC,Basal Cell Carcinoma,malignant,True,BCC,True,1.0,4.17,biopsy,True,True,d02d1e998995915dc736201ce04de6d7b5278b2b_244943_1
875,d02d1e998995915dc736201ce04de6d7b5278b2b,non-expert,b2d16032c9c038af36b834b5c6ffdf3130260cfa,1,5,47,without_ai,False,242857,ISIC_2128070,SCCKA,Squamous Cell Carcinoma,malignant,True,BCC,False,0.0,35.85,biopsy,True,True,d02d1e998995915dc736201ce04de6d7b5278b2b_242857_1
876,d02d1e998995915dc736201ce04de6d7b5278b2b,non-expert,b2d16032c9c038af36b834b5c6ffdf3130260cfa,1,6,47,with_ai,True,242857,ISIC_2128070,SCCKA,Squamous Cell Carcinoma,malignant,True,BCC,False,0.0,4.07,biopsy,True,True,d02d1e998995915dc736201ce04de6d7b5278b2b_242857_1
877,d02d1e998995915dc736201ce04de6d7b5278b2b,non-expert,b2d16032c9c038af36b834b5c6ffdf3130260cfa,1,7,47,without_ai,False,244878,ISIC_2001195,OTHER_BENIGN,Other Benign,benign,False,BCC,False,0.0,22.68,biopsy,True,True,d02d1e998995915dc736201ce04de6d7b5278b2b_244878_1
878,d02d1e998995915dc736201ce04de6d7b5278b2b,non-expert,b2d16032c9c038af36b834b5c6ffdf3130260cfa,1,8,47,with_ai,True,244878,ISIC_2001195,OTHER_BENIGN,Other Benign,benign,False,MEL,False,0.0,8.35,biopsy,True,True,d02d1e998995915dc736201ce04de6d7b5278b2b_244878_1
879,d02d1e998995915dc736201ce04de6d7b5278b2b,non-expert,b2d16032c9c038af36b834b5c6ffdf3130260cfa,1,9,47,without_ai,False,242494,ISIC_7718206,MEL,Melanoma,malignant,True,MEL,True,1.0,6.55,biopsy,True,True,d02d1e998995915dc736201ce04de6d7b5278b2b_242494_1
880,d02d1e998995915dc736201ce04de6d7b5278b2b,non-expert,b2d16032c9c038af36b834b5c6ffdf3130260cfa,1,10,47,with_ai,True,242494,ISIC_7718206,MEL,Melanoma,malignant,True,MEL,True,1.0,2.98,biopsy,True,True,d02d1e998995915dc736201ce04de6d7b5278b2b_242494_1
881,d02d1e998995915dc736201ce04de6d7b5278b2b,non-expert,b2d16032c9c038af36b834b5c6ffdf3130260cfa,1,11,47,without_ai,False,243776,ISIC_1954444,DF,Dermatofibroma,benign,False,DF,True,1.0,21.36,dismiss,False,True,d02d1e998995915dc736201ce04de6d7b5278b2b_243776_1
882,d02d1e998995915dc736201ce04de6d7b5278b2b,non-expert,b2d16032c9c038af36b834b5c6ffdf3130260cfa,1,12,47,with_ai,True,243776,ISIC_1954444,DF,Dermatofibroma,benign,False,DF,True,1.0,2.27,dismiss,False,True,d02d1e998995915dc736201ce04de6d7b5278b2b_243776_1
883,d02d1e998995915dc736201ce04de6d7b5278b2b,non-expert,b2d16032c9c038af36b834b5c6ffdf3130260cfa,1,13,47,without_ai,False,245210,ISIC_9361398,NV,Melanocytic Nevi,benign,False,NV,True,1.0,15.96,monitor,False,True,d02d1e998995915dc736201ce04de6d7b5278b2b_245210_1
884,d02d1e998995915dc736201ce04de6d7b5278b2b,non-expert,b2d16032c9c038af36b834b5c6ffdf3130260cfa,1,14,47,with_ai,True,245210,ISIC_9361398,NV,Melanocytic Nevi,benign,False,MEL,False,0.0,8.75,biopsy,True,True,d02d1e998995915dc736201ce04de6d7b5278b2b_245210_1
885,d02d1e998995915dc736201ce04de6d7b5278b2b,non-expert,b2d16032c9c038af36b834b5c6ffdf3130260cfa,1,15,47,without_ai,False,243649,ISIC_8058034,AKIEC,Actinic Keratosis,premalignant,True,AKIEC,True,1.0,21.89,local_therapy,True,True,d02d1e998995915dc736201ce04de6d7b5278b2b_243649_1
886,d02d1e998995915dc736201ce04de6d7b5278b2b,non-expert,b2d16032c9c038af36b834b5c6ffdf3130260cfa,1,16,47,with_ai,True,243649,ISIC_8058034,AKIEC,Actinic Keratosis,premalignant,True,BKL,False,0.0,4.4,local_therapy,True,True,d02d1e998995915dc736201ce04de6d7b5278b2b_243649_1
887,d02d1e998995915dc736201ce04de6d7b5278b2b,non-expert,b2d16032c9c038af36b834b5c6ffdf3130260cfa,1,17,47,without_ai,False,242923,ISIC_6831651,BCC,Basal Cell Carcinoma,malignant,True,BCC,True,1.0,4.19,biopsy,True,True,d02d1e998995915dc736201ce04de6d7b5278b2b_242923_1
888,d02d1e998995915dc736201ce04de6d7b5278b2b,non-expert,b2d16032c9c038af36b834b5c6ffdf3130260cfa,1,18,47,with_ai,True,242923,ISIC_6831651,BCC,Basal Cell Carcinoma,malignant,True,BCC,True,1.0,4.1,biopsy,True,True,d02d1e998995915dc736201ce04de6d7b5278b2b_242923_1
889,d02d1e998995915dc736201ce04de6d7b5278b2b,non-expert,b2d16032c9c038af36b834b5c6ffdf3130260cfa,1,19,47,without_ai,False,244504,ISIC_9041525,MEL,Melanoma,malignant,True,NV,False,0.0,13.72,monitor,False,True,d02d1e998995915dc736201ce04de6d7b5278b2b_244504_1
890,d02d1e998995915dc736201ce04de6d7b5278b2b,non-expert,b2d16032c9c038af36b834b5c6ffdf3130260cfa,1,20,47,with_ai,True,244504,ISIC_9041525,MEL,Melanoma,malignant,True,NV,False,0.0,4.25,monitor,False,True,d02d1e998995915dc736201ce04de6d7b5278b2b_244504_1
891,d02d1e998995915dc736201ce04de6d7b5278b2b,non-expert,b2d16032c9c038af36b834b5c6ffdf3130260cfa,1,21,47,without_ai,False,241758,ISIC_8102692,BKL,Benign Keratosis,benign,False,BKL,True,1.0,11.13,dismiss,False,True,d02d1e998995915dc736201ce04de6d7b5278b2b_241758_1
892,d02d1e998995915dc736201ce04de6d7b5278b2b,non-expert,b2d16032c9c038af36b834b5c6ffdf3130260cfa,1,22,47,with_ai,True,241758,ISIC_8102692,BKL,Benign Keratosis,benign,False,BKL,True,1.0,3.11,dismiss,False,True,d02d1e998995915dc736201ce04de6d7b5278b2b_241758_1
893,d02d1e998995915dc736201ce04de6d7b5278b2b,non-expert,b2d16032c9c038af36b834b5c6ffdf3130260cfa,1,23,47,without_ai,False,240822,ISIC_0684627,NV,Melanocytic Nevi,benign,False,NV,True,1.0,17.76,monitor,False,True,d02d1e998995915dc736201ce04de6d7b5278b2b_240822_1
894,d02d1e998995915dc736201ce04de6d7b5278b2b,non-expert,b2d16032c9c038af36b834b5c6ffdf3130260cfa,1,24,47,with_ai,True,240822,ISIC_0684627,NV,Melanocytic Nevi,benign,False,NV,True,1.0,2.69,monitor,False,True,d02d1e998995915dc736201ce04de6d7b5278b2b_240822_1
895,d02d1e998995915dc736201ce04de6d7b5278b2b,non-expert,b2d16032c9c038af36b834b5c6ffdf3130260cfa,1,25,47,without_ai,False,242011,ISIC_4120304,BKL,Benign Keratosis,benign,False,BKL,True,1.0,14.07,dismiss,False,True,d02d1e998995915dc736201ce04de6d7b5278b2b_242011_1
896,d02d1e998995915dc736201ce04de6d7b5278b2b,non-expert,b2d16032c9c038af36b834b5c6ffdf3130260cfa,1,26,47,with_ai,True,242011,ISIC_4120304,BKL,Benign Keratosis,benign,False,BKL,True,1.0,1.69,dismiss,False,True,d02d1e998995915dc736201ce04de6d7b5278b2b_242011_1
897,d02d1e998995915dc736201ce04de6d7b5278b2b,non-expert,b2d16032c9c038af36b834b5c6ffdf3130260cfa,1,27,47,without_ai,False,241542,ISIC_8614567,VASC,Vascular Lesions,benign,False,VASC,True,1.0,8.09,dismiss,False,True,d02d1e998995915dc736201ce04de6d7b5278b2b_241542_1
898,d02d1e998995915dc736201ce04de6d7b5278b2b,non-expert,b2d16032c9c038af36b834b5c6ffdf3130260cfa,1,28,47,with_ai,True,241542,ISIC_8614567,VASC,Vascular Lesions,benign,False,VASC,True,1.0,1.3,dismiss,False,True,d02d1e998995915dc736201ce04de6d7b5278b2b_241542_1
899,d02d1e998995915dc736201ce04de6d7b5278b2b,non-expert,b2d16032c9c038af36b834b5c6ffdf3130260cfa,1,29,47,without_ai,False,244653,ISIC_5372934,NV,Melanocytic Nevi,benign,False,NV,True,1.0,6.55,monitor,False,True,d02d1e998995915dc736201ce04de6d7b5278b2b_244653_1
900,d02d1e998995915dc736201ce04de6d7b5278b2b,non-expert,b2d16032c9c038af36b834b5c6ffdf3130260cfa,1,30,47,with_ai,True,244653,ISIC_5372934,NV,Melanocytic Nevi,benign,False,NV,True,1.0,1.1,monitor,False,True,d02d1e998995915dc736201ce04de6d7b5278b2b_244653_1
901,d02d1e998995915dc736201ce04de6d7b5278b2b,non-expert,d3fb41c09ac2addcda4e0b9a397f7ec8b0cac964,2,1,47,without_ai,False,243835,ISIC_2759533,OTHER_MALIGNANT,Other Malignant,malignant,True,NV,False,0.0,32.49,monitor,False,True,d02d1e998995915dc736201ce04de6d7b5278b2b_243835_2
902,d02d1e998995915dc736201ce04de6d7b5278b2b,non-expert,d3fb41c09ac2addcda4e0b9a397f7ec8b0cac964,2,2,47,with_ai,True,243835,ISIC_2759533,OTHER_MALIGNANT,Other Malignant,malignant,True,BCC,False,0.0,7.92,monitor,False,True,d02d1e998995915dc736201ce04de6d7b5278b2b_243835_2
903,d02d1e998995915dc736201ce04de6d7b5278b2b,non-expert,d3fb41c09ac2addcda4e0b9a397f7ec8b0cac964,2,3,47,without_ai,False,244274,ISIC_5754710,NV,Melanocytic Nevi,benign,False,BCC,False,0.0,12.6,biopsy,True,True,d02d1e998995915dc736201ce04de6d7b5278b2b_244274_2
904,d02d1e998995915dc736201ce04de6d7b5278b2b,non-expert,d3fb41c09ac2addcda4e0b9a397f7ec8b0cac964,2,4,47,with_ai,True,244274,ISIC_5754710,NV,Melanocytic Nevi,benign,False,NV,True,1.0,8.23,monitor,False,True,d02d1e998995915dc736201ce04de6d7b5278b2b_244274_2
905,d02d1e998995915dc736201ce04de6d7b5278b2b,non-expert,d3fb41c09ac2addcda4e0b9a397f7ec8b0cac964,2,5,47,without_ai,False,241981,ISIC_3678654,AKIEC,Actinic Keratosis,premalignant,True,AKIEC,True,1.0,8.07,biopsy,True,True,d02d1e998995915dc736201ce04de6d7b5278b2b_241981_2
906,d02d1e998995915dc736201ce04de6d7b5278b2b,non-expert,d3fb41c09ac2addcda4e0b9a397f7ec8b0cac964,2,6,47,with_ai,True,241981,ISIC_3678654,AKIEC,Actinic Keratosis,premalignant,True,AKIEC,True,1.0,1.68,biopsy,True,True,d02d1e998995915dc736201ce04de6d7b5278b2b_241981_2
907,d02d1e998995915dc736201ce04de6d7b5278b2b,non-expert,d3fb41c09ac2addcda4e0b9a397f7ec8b0cac964,2,7,47,without_ai,False,241835,ISIC_1424527,BCC,Basal Cell Carcinoma,malignant,True,BKL,False,0.0,24.92,monitor,False,True,d02d1e998995915dc736201ce04de6d7b5278b2b_241835_2
908,d02d1e998995915dc736201ce04de6d7b5278b2b,non-expert,d3fb41c09ac2addcda4e0b9a397f7ec8b0cac964,2,8,47,with_ai,True,241835,ISIC_1424527,BCC,Basal Cell Carcinoma,malignant,True,BCC,True,1.0,4.62,biopsy,True,True,d02d1e998995915dc736201ce04de6d7b5278b2b_241835_2
909,d02d1e998995915dc736201ce04de6d7b5278b2b,non-expert,d3fb41c09ac2addcda4e0b9a397f7ec8b0cac964,2,9,47,without_ai,False,242916,ISIC_5442968,MEL,Melanoma,malignant,True,MEL,True,1.0,8.28,biopsy,True,True,d02d1e998995915dc736201ce04de6d7b5278b2b_242916_2
910,d02d1e998995915dc736201ce04de6d7b5278b2b,non-expert,d3fb41c09ac2addcda4e0b9a397f7ec8b0cac964,2,10,47,with_ai,True,242916,ISIC_5442968,MEL,Melanoma,malignant,True,MEL,True,1.0,3.15,biopsy,True,True,d02d1e998995915dc736201ce04de6d7b5278b2b_242916_2
911,d02d1e998995915dc736201ce04de6d7b5278b2b,non-expert,d3fb41c09ac2addcda4e0b9a397f7ec8b0cac964,2,11,47,without_ai,False,240046,ISIC_7507858,BCC,Basal Cell Carcinoma,malignant,True,BCC,True,1.0,10.31,biopsy,True,True,d02d1e998995915dc736201ce04de6d7b5278b2b_240046_2
912,d02d1e998995915dc736201ce04de6d7b5278b2b,non-expert,d3fb41c09ac2addcda4e0b9a397f7ec8b0cac964,2,12,47,with_ai,True,240046,ISIC_7507858,BCC,Basal Cell Carcinoma,malignant,True,AKIEC,False,0.0,7.45,local_therapy,True,True,d02d1e998995915dc736201ce04de6d7b5278b2b_240046_2
913,d02d1e998995915dc736201ce04de6d7b5278b2b,non-expert,d3fb41c09ac2addcda4e0b9a397f7ec8b0cac964,2,13,47,without_ai,False,240636,ISIC_4312494,MEL,Melanoma,malignant,True,NV,False,0.0,4.67,monitor,False,True,d02d1e998995915dc736201ce04de6d7b5278b2b_240636_2
914,d02d1e998995915dc736201ce04de6d7b5278b2b,non-expert,d3fb41c09ac2addcda4e0b9a397f7ec8b0cac964,2,14,47,with_ai,True,240636,ISIC_4312494,MEL,Melanoma,malignant,True,MEL,True,1.0,7.79,monitor,False,True,d02d1e998995915dc736201ce04de6d7b5278b2b_240636_2
915,d02d1e998995915dc736201ce04de6d7b5278b2b,non-expert,d3fb41c09ac2addcda4e0b9a397f7ec8b0cac964,2,15,47,without_ai,False,244850,ISIC_5428941,NV,Melanocytic Nevi,benign,False,MEL,False,0.0,7.45,biopsy,True,True,d02d1e998995915dc736201ce04de6d7b5278b2b_244850_2
916,d02d1e998995915dc736201ce04de6d7b5278b2b,non-expert,d3fb41c09ac2addcda4e0b9a397f7ec8b0cac964,2,16,47,with_ai,True,244850,ISIC_5428941,NV,Melanocytic Nevi,benign,False,MEL,False,0.0,3.09,biopsy,True,True,d02d1e998995915dc736201ce04de6d7b5278b2b_244850_2
917,d02d1e998995915dc736201ce04de6d7b5278b2b,non-expert,d3fb41c09ac2addcda4e0b9a397f7ec8b0cac964,2,17,47,without_ai,False,245134,ISIC_8914970,SCCKA,Squamous Cell Carcinoma,malignant,True,AKIEC,False,0.0,8.01,biopsy,True,True,d02d1e998995915dc736201ce04de6d7b5278b2b_245134_2
918,d02d1e998995915dc736201ce04de6d7b5278b2b,non-expert,d3fb41c09ac2addcda4e0b9a397f7ec8b0cac964,2,18,47,with_ai,True,245134,ISIC_8914970,SCCKA,Squamous Cell Carcinoma,malignant,True,AKIEC,False,0.0,2.15,local_therapy,True,True,d02d1e998995915dc736201ce04de6d7b5278b2b_245134_2
919,d02d1e998995915dc736201ce04de6d7b5278b2b,non-expert,d3fb41c09ac2addcda4e0b9a397f7ec8b0cac964,2,19,47,without_ai,False,241279,ISIC_7139452,NV,Melanocytic Nevi,benign,False,MEL,False,0.0,9.6,biopsy,True,True,d02d1e998995915dc736201ce04de6d7b5278b2b_241279_2
920,d02d1e998995915dc736201ce04de6d7b5278b2b,non-expert,d3fb41c09ac2addcda4e0b9a397f7ec8b0cac964,2,20,47,with_ai,True,241279,ISIC_7139452,NV,Melanocytic Nevi,benign,False,MEL,False,0.0,3.24,biopsy,True,True,d02d1e998995915dc736201ce04de6d7b5278b2b_241279_2
921,d02d1e998995915dc736201ce04de6d7b5278b2b,non-expert,d3fb41c09ac2addcda4e0b9a397f7ec8b0cac964,2,21,47,without_ai,False,244933,ISIC_1189485,BCC,Basal Cell Carcinoma,malignant,True,AKIEC,False,0.0,5.46,local_therapy,True,True,d02d1e998995915dc736201ce04de6d7b5278b2b_244933_2
922,d02d1e998995915dc736201ce04de6d7b5278b2b,non-expert,d3fb41c09ac2addcda4e0b9a397f7ec8b0cac964,2,22,47,with_ai,True,244933,ISIC_1189485,BCC,Basal Cell Carcinoma,malignant,True,BCC,True,1.0,4.26,biopsy,True,True,d02d1e998995915dc736201ce04de6d7b5278b2b_244933_2
923,d02d1e998995915dc736201ce04de6d7b5278b2b,non-expert,d3fb41c09ac2addcda4e0b9a397f7ec8b0cac964,2,23,47,without_ai,False,242762,ISIC_8791057,VASC,Vascular Lesions,benign,False,VASC,True,1.0,3.23,dismiss,False,True,d02d1e998995915dc736201ce04de6d7b5278b2b_242762_2
924,d02d1e998995915dc736201ce04de6d7b5278b2b,non-expert,d3fb41c09ac2addcda4e0b9a397f7ec8b0cac964,2,24,47,with_ai,True,242762,ISIC_8791057,VASC,Vascular Lesions,benign,False,VASC,True,1.0,8.06,dismiss,False,True,d02d1e998995915dc736201ce04de6d7b5278b2b_242762_2
925,d02d1e998995915dc736201ce04de6d7b5278b2b,non-expert,d3fb41c09ac2addcda4e0b9a397f7ec8b0cac964,2,25,47,without_ai,False,244881,ISIC_2846004,DF,Dermatofibroma,benign,False,MEL,False,0.0,13.88,biopsy,True,True,d02d1e998995915dc736201ce04de6d7b5278b2b_244881_2
926,d02d1e998995915dc736201ce04de6d7b5278b2b,non-expert,d3fb41c09ac2addcda4e0b9a397f7ec8b0cac964,2,26,47,with_ai,True,244881,ISIC_2846004,DF,Dermatofibroma,benign,False,DF,True,1.0,3.34,dismiss,False,True,d02d1e998995915dc736201ce04de6d7b5278b2b_244881_2
927,d02d1e998995915dc736201ce04de6d7b5278b2b,non-expert,d3fb41c09ac2addcda4e0b9a397f7ec8b0cac964,2,27,47,without_ai,False,243056,ISIC_4958589,BKL,Benign Keratosis,benign,False,BKL,True,1.0,4.47,dismiss,False,True,d02d1e998995915dc736201ce04de6d7b5278b2b_243056_2
928,d02d1e998995915dc736201ce04de6d7b5278b2b,non-expert,d3fb41c09ac2addcda4e0b9a397f7ec8b0cac964,2,28,47,with_ai,True,243056,ISIC_4958589,BKL,Benign Keratosis,benign,False,BKL,True,1.0,2.23,dismiss,False,True,d02d1e998995915dc736201ce04de6d7b5278b2b_243056_2
929,d02d1e998995915dc736201ce04de6d7b5278b2b,non-expert,d3fb41c09ac2addcda4e0b9a397f7ec8b0cac964,2,29,47,without_ai,False,240034,ISIC_3175755,BKL,Benign Keratosis,benign,False,NV,False,0.0,7.46,dismiss,False,True,d02d1e998995915dc736201ce04de6d7b5278b2b_240034_2
930,d02d1e998995915dc736201ce04de6d7b5278b2b,non-expert,d3fb41c09ac2addcda4e0b9a397f7ec8b0cac964,2,30,47,with_ai,True,240034,ISIC_3175755,BKL,Benign Keratosis,benign,False,BKL,True,1.0,3.81,dismiss,False,True,d02d1e998995915dc736201ce04de6d7b5278b2b_240034_2
931,d02d1e998995915dc736201ce04de6d7b5278b2b,non-expert,af034d80537ee86572ecd68105f6fc15d7bad450,3,1,47,without_ai,False,244522,ISIC_4733269,NV,Melanocytic Nevi,benign,False,BKL,False,0.0,17.97,monitor,False,True,d02d1e998995915dc736201ce04de6d7b5278b2b_244522_3
932,d02d1e998995915dc736201ce04de6d7b5278b2b,non-expert,af034d80537ee86572ecd68105f6fc15d7bad450,3,2,47,with_ai,True,244522,ISIC_4733269,NV,Melanocytic Nevi,benign,False,BKL,False,0.0,9.82,dismiss,False,True,d02d1e998995915dc736201ce04de6d7b5278b2b_244522_3
933,d02d1e998995915dc736201ce04de6d7b5278b2b,non-expert,af034d80537ee86572ecd68105f6fc15d7bad450,3,3,47,without_ai,False,242602,ISIC_4357637,BCC,Basal Cell Carcinoma,malignant,True,AKIEC,False,0.0,11.48,local_therapy,True,True,d02d1e998995915dc736201ce04de6d7b5278b2b_242602_3
934,d02d1e998995915dc736201ce04de6d7b5278b2b,non-expert,af034d80537ee86572ecd68105f6fc15d7bad450,3,4,47,with_ai,True,242602,ISIC_4357637,BCC,Basal Cell Carcinoma,malignant,True,BCC,True,1.0,9.57,biopsy,True,True,d02d1e998995915dc736201ce04de6d7b5278b2b_242602_3
935,d02d1e998995915dc736201ce04de6d7b5278b2b,non-expert,af034d80537ee86572ecd68105f6fc15d7bad450,3,5,47,without_ai,False,245217,ISIC_0729575,BKL,Benign Keratosis,benign,False,BKL,True,1.0,9.92,monitor,False,True,d02d1e998995915dc736201ce04de6d7b5278b2b_245217_3
936,d02d1e998995915dc736201ce04de6d7b5278b2b,non-expert,af034d80537ee86572ecd68105f6fc15d7bad450,3,6,47,with_ai,True,245217,ISIC_0729575,BKL,Benign Keratosis,benign,False,BKL,True,1.0,5.04,dismiss,False,True,d02d1e998995915dc736201ce04de6d7b5278b2b_245217_3
937,d02d1e998995915dc736201ce04de6d7b5278b2b,non-expert,af034d80537ee86572ecd68105f6fc15d7bad450,3,7,47,without_ai,False,243984,ISIC_3612044,NV,Melanocytic Nevi,benign,False,MEL,False,0.0,7.42,biopsy,True,True,d02d1e998995915dc736201ce04de6d7b5278b2b_243984_3
938,d02d1e998995915dc736201ce04de6d7b5278b2b,non-expert,af034d80537ee86572ecd68105f6fc15d7bad450,3,8,47,with_ai,True,243984,ISIC_3612044,NV,Melanocytic Nevi,benign,False,MEL,False,0.0,9.3,biopsy,True,True,d02d1e998995915dc736201ce04de6d7b5278b2b_243984_3
939,d02d1e998995915dc736201ce04de6d7b5278b2b,non-expert,af034d80537ee86572ecd68105f6fc15d7bad450,3,9,47,without_ai,False,244996,ISIC_5835958,SCCKA,Squamous Cell Carcinoma,malignant,True,AKIEC,False,0.0,5.14,local_therapy,True,True,d02d1e998995915dc736201ce04de6d7b5278b2b_244996_3
940,d02d1e998995915dc736201ce04de6d7b5278b2b,non-expert,af034d80537ee86572ecd68105f6fc15d7bad450,3,10,47,with_ai,True,244996,ISIC_5835958,SCCKA,Squamous Cell Carcinoma,malignant,True,SCCKA,True,1.0,9.85,biopsy,True,True,d02d1e998995915dc736201ce04de6d7b5278b2b_244996_3
941,d02d1e998995915dc736201ce04de6d7b5278b2b,non-expert,af034d80537ee86572ecd68105f6fc15d7bad450,3,11,47,without_ai,False,243559,ISIC_1589936,OTHER_BENIGN,Other Benign,benign,False,NV,False,0.0,7.75,monitor,False,True,d02d1e998995915dc736201ce04de6d7b5278b2b_243559_3
942,d02d1e998995915dc736201ce04de6d7b5278b2b,non-expert,af034d80537ee86572ecd68105f6fc15d7bad450,3,12,47,with_ai,True,243559,ISIC_1589936,OTHER_BENIGN,Other Benign,benign,False,NV,False,0.0,2.43,monitor,False,True,d02d1e998995915dc736201ce04de6d7b5278b2b_243559_3
943,d02d1e998995915dc736201ce04de6d7b5278b2b,non-expert,af034d80537ee86572ecd68105f6fc15d7bad450,3,13,47,without_ai,False,242070,ISIC_6070426,DF,Dermatofibroma,benign,False,MEL,False,0.0,12.17,biopsy,True,True,d02d1e998995915dc736201ce04de6d7b5278b2b_242070_3
944,d02d1e998995915dc736201ce04de6d7b5278b2b,non-expert,af034d80537ee86572ecd68105f6fc15d7bad450,3,14,47,with_ai,True,242070,ISIC_6070426,DF,Dermatofibroma,benign,False,OTHER_BENIGN,False,0.0,2.21,biopsy,True,True,d02d1e998995915dc736201ce04de6d7b5278b2b_242070_3
945,d02d1e998995915dc736201ce04de6d7b5278b2b,non-expert,af034d80537ee86572ecd68105f6fc15d7bad450,3,15,47,without_ai,False,244258,ISIC_7480455,BCC,Basal Cell Carcinoma,malignant,True,AKIEC,False,0.0,6.46,local_therapy,True,True,d02d1e998995915dc736201ce04de6d7b5278b2b_244258_3
946,d02d1e998995915dc736201ce04de6d7b5278b2b,non-expert,af034d80537ee86572ecd68105f6fc15d7bad450,3,16,47,with_ai,True,244258,ISIC_7480455,BCC,Basal Cell Carcinoma,malignant,True,AKIEC,False,0.0,1.98,local_therapy,True,True,d02d1e998995915dc736201ce04de6d7b5278b2b_244258_3
947,d02d1e998995915dc736201ce04de6d7b5278b2b,non-expert,af034d80537ee86572ecd68105f6fc15d7bad450,3,17,47,without_ai,False,241124,ISIC_0417486,VASC,Vascular Lesions,benign,False,VASC,True,1.0,5.87,dismiss,False,True,d02d1e998995915dc736201ce04de6d7b5278b2b_241124_3
948,d02d1e998995915dc736201ce04de6d7b5278b2b,non-expert,af034d80537ee86572ecd68105f6fc15d7bad450,3,18,47,with_ai,True,241124,ISIC_0417486,VASC,Vascular Lesions,benign,False,VASC,True,1.0,8.71,dismiss,False,True,d02d1e998995915dc736201ce04de6d7b5278b2b_241124_3
949,d02d1e998995915dc736201ce04de6d7b5278b2b,non-expert,af034d80537ee86572ecd68105f6fc15d7bad450,3,19,47,without_ai,False,240589,ISIC_2945370,BCC,Basal Cell Carcinoma,malignant,True,BCC,True,1.0,5.83,biopsy,True,True,d02d1e998995915dc736201ce04de6d7b5278b2b_240589_3
950,d02d1e998995915dc736201ce04de6d7b5278b2b,non-expert,af034d80537ee86572ecd68105f6fc15d7bad450,3,20,47,with_ai,True,240589,ISIC_2945370,BCC,Basal Cell Carcinoma,malignant,True,SCCKA,False,0.0,9.15,biopsy,True,True,d02d1e998995915dc736201ce04de6d7b5278b2b_240589_3
951,d02d1e998995915dc736201ce04de6d7b5278b2b,non-expert,af034d80537ee86572ecd68105f6fc15d7bad450,3,21,47,without_ai,False,241969,ISIC_2441019,BKL,Benign Keratosis,benign,False,OTHER_BENIGN,False,0.0,11.32,monitor,False,True,d02d1e998995915dc736201ce04de6d7b5278b2b_241969_3
952,d02d1e998995915dc736201ce04de6d7b5278b2b,non-expert,af034d80537ee86572ecd68105f6fc15d7bad450,3,22,47,with_ai,True,241969,ISIC_2441019,BKL,Benign Keratosis,benign,False,AKIEC,False,0.0,9.71,local_therapy,True,True,d02d1e998995915dc736201ce04de6d7b5278b2b_241969_3
953,d02d1e998995915dc736201ce04de6d7b5278b2b,non-expert,af034d80537ee86572ecd68105f6fc15d7bad450,3,23,47,without_ai,False,241472,ISIC_6353654,NV,Melanocytic Nevi,benign,False,MEL,False,0.0,6.84,biopsy,True,True,d02d1e998995915dc736201ce04de6d7b5278b2b_241472_3
954,d02d1e998995915dc736201ce04de6d7b5278b2b,non-expert,af034d80537ee86572ecd68105f6fc15d7bad450,3,24,47,with_ai,True,241472,ISIC_6353654,NV,Melanocytic Nevi,benign,False,NV,True,1.0,6.19,monitor,False,True,d02d1e998995915dc736201ce04de6d7b5278b2b_241472_3
955,d02d1e998995915dc736201ce04de6d7b5278b2b,non-expert,af034d80537ee86572ecd68105f6fc15d7bad450,3,25,47,without_ai,False,241974,ISIC_1538553,MEL,Melanoma,malignant,True,MEL,True,1.0,14.51,biopsy,True,True,d02d1e998995915dc736201ce04de6d7b5278b2b_241974_3
956,d02d1e998995915dc736201ce04de6d7b5278b2b,non-expert,af034d80537ee86572ecd68105f6fc15d7bad450,3,26,47,with_ai,True,241974,ISIC_1538553,MEL,Melanoma,malignant,True,MEL,True,1.0,2.72,biopsy,True,True,d02d1e998995915dc736201ce04de6d7b5278b2b_241974_3
957,d02d1e998995915dc736201ce04de6d7b5278b2b,non-expert,af034d80537ee86572ecd68105f6fc15d7bad450,3,27,47,without_ai,False,243775,ISIC_9546502,MEL,Melanoma,malignant,True,NV,False,0.0,6.24,monitor,False,True,d02d1e998995915dc736201ce04de6d7b5278b2b_243775_3
958,d02d1e998995915dc736201ce04de6d7b5278b2b,non-expert,af034d80537ee86572ecd68105f6fc15d7bad450,3,28,47,with_ai,True,243775,ISIC_9546502,MEL,Melanoma,malignant,True,MEL,True,1.0,3.17,biopsy,True,True,d02d1e998995915dc736201ce04de6d7b5278b2b_243775_3
959,d02d1e998995915dc736201ce04de6d7b5278b2b,non-expert,af034d80537ee86572ecd68105f6fc15d7bad450,3,29,47,without_ai,False,242659,ISIC_9422230,AKIEC,Actinic Keratosis,premalignant,True,AKIEC,True,1.0,6.1,local_therapy,True,True,d02d1e998995915dc736201ce04de6d7b5278b2b_242659_3
960,d02d1e998995915dc736201ce04de6d7b5278b2b,non-expert,af034d80537ee86572ecd68105f6fc15d7bad450,3,30,47,with_ai,True,242659,ISIC_9422230,AKIEC,Actinic Keratosis,premalignant,True,AKIEC,True,1.0,2.49,local_therapy,True,True,d02d1e998995915dc736201ce04de6d7b5278b2b_242659_3
961,d02d1e998995915dc736201ce04de6d7b5278b2b,non-expert,8d02d23765ac2e3c655061bb9bbb8585d3835b0c,4,1,47,without_ai,False,244674,ISIC_8981897,DF,Dermatofibroma,benign,False,DF,True,1.0,8.04,dismiss,False,True,d02d1e998995915dc736201ce04de6d7b5278b2b_244674_4
962,d02d1e998995915dc736201ce04de6d7b5278b2b,non-expert,8d02d23765ac2e3c655061bb9bbb8585d3835b0c,4,2,47,with_ai,True,244674,ISIC_8981897,DF,Dermatofibroma,benign,False,DF,True,1.0,2.34,dismiss,False,True,d02d1e998995915dc736201ce04de6d7b5278b2b_244674_4
963,d02d1e998995915dc736201ce04de6d7b5278b2b,non-expert,8d02d23765ac2e3c655061bb9bbb8585d3835b0c,4,3,47,without_ai,False,240015,ISIC_8615296,BKL,Benign Keratosis,benign,False,AKIEC,False,0.0,6.09,biopsy,True,True,d02d1e998995915dc736201ce04de6d7b5278b2b_240015_4
964,d02d1e998995915dc736201ce04de6d7b5278b2b,non-expert,8d02d23765ac2e3c655061bb9bbb8585d3835b0c,4,4,47,with_ai,True,240015,ISIC_8615296,BKL,Benign Keratosis,benign,False,AKIEC,False,0.0,13.69,biopsy,True,True,d02d1e998995915dc736201ce04de6d7b5278b2b_240015_4
965,d02d1e998995915dc736201ce04de6d7b5278b2b,non-expert,8d02d23765ac2e3c655061bb9bbb8585d3835b0c,4,5,47,without_ai,False,243698,ISIC_8905603,NV,Melanocytic Nevi,benign,False,OTHER_BENIGN,False,0.0,24.11,monitor,False,True,d02d1e998995915dc736201ce04de6d7b5278b2b_243698_4
966,d02d1e998995915dc736201ce04de6d7b5278b2b,non-expert,8d02d23765ac2e3c655061bb9bbb8585d3835b0c,4,6,47,with_ai,True,243698,ISIC_8905603,NV,Melanocytic Nevi,benign,False,BCC,False,0.0,3.55,biopsy,True,True,d02d1e998995915dc736201ce04de6d7b5278b2b_243698_4
967,d02d1e998995915dc736201ce04de6d7b5278b2b,non-expert,8d02d23765ac2e3c655061bb9bbb8585d3835b0c,4,7,47,without_ai,False,241417,ISIC_5889858,MEL,Melanoma,malignant,True,MEL,True,1.0,6.0,biopsy,True,True,d02d1e998995915dc736201ce04de6d7b5278b2b_241417_4
968,d02d1e998995915dc736201ce04de6d7b5278b2b,non-expert,8d02d23765ac2e3c655061bb9bbb8585d3835b0c,4,8,47,with_ai,True,241417,ISIC_5889858,MEL,Melanoma,malignant,True,MEL,True,1.0,2.59,biopsy,True,True,d02d1e998995915dc736201ce04de6d7b5278b2b_241417_4
969,d02d1e998995915dc736201ce04de6d7b5278b2b,non-expert,8d02d23765ac2e3c655061bb9bbb8585d3835b0c,4,9,47,without_ai,False,244628,ISIC_0422017,NV,Melanocytic Nevi,benign,False,MEL,False,0.0,4.44,biopsy,True,True,d02d1e998995915dc736201ce04de6d7b5278b2b_244628_4
970,d02d1e998995915dc736201ce04de6d7b5278b2b,non-expert,8d02d23765ac2e3c655061bb9bbb8585d3835b0c,4,10,47,with_ai,True,244628,ISIC_0422017,NV,Melanocytic Nevi,benign,False,MEL,False,0.0,9.38,biopsy,True,True,d02d1e998995915dc736201ce04de6d7b5278b2b_244628_4
971,d02d1e998995915dc736201ce04de6d7b5278b2b,non-expert,8d02d23765ac2e3c655061bb9bbb8585d3835b0c,4,11,47,without_ai,False,241323,ISIC_2170617,NV,Melanocytic Nevi,benign,False,NV,True,1.0,11.14,dismiss,False,True,d02d1e998995915dc736201ce04de6d7b5278b2b_241323_4
972,d02d1e998995915dc736201ce04de6d7b5278b2b,non-expert,8d02d23765ac2e3c655061bb9bbb8585d3835b0c,4,12,47,with_ai,True,241323,ISIC_2170617,NV,Melanocytic Nevi,benign,False,NV,True,1.0,1.55,dismiss,False,True,d02d1e998995915dc736201ce04de6d7b5278b2b_241323_4
973,d02d1e998995915dc736201ce04de6d7b5278b2b,non-expert,8d02d23765ac2e3c655061bb9bbb8585d3835b0c,4,13,47,without_ai,False,240479,ISIC_3820500,BCC,Basal Cell Carcinoma,malignant,True,BCC,True,1.0,4.73,biopsy,True,True,d02d1e998995915dc736201ce04de6d7b5278b2b_240479_4
974,d02d1e998995915dc736201ce04de6d7b5278b2b,non-expert,8d02d23765ac2e3c655061bb9bbb8585d3835b0c,4,14,47,with_ai,True,240479,ISIC_3820500,BCC,Basal Cell Carcinoma,malignant,True,BCC,True,1.0,3.87,biopsy,True,True,d02d1e998995915dc736201ce04de6d7b5278b2b_240479_4
975,d02d1e998995915dc736201ce04de6d7b5278b2b,non-expert,8d02d23765ac2e3c655061bb9bbb8585d3835b0c,4,15,47,without_ai,False,241171,ISIC_4647126,SCCKA,Squamous Cell Carcinoma,malignant,True,SCCKA,True,1.0,6.85,biopsy,True,True,d02d1e998995915dc736201ce04de6d7b5278b2b_241171_4
976,d02d1e998995915dc736201ce04de6d7b5278b2b,non-expert,8d02d23765ac2e3c655061bb9bbb8585d3835b0c,4,16,47,with_ai,True,241171,ISIC_4647126,SCCKA,Squamous Cell Carcinoma,malignant,True,SCCKA,True,1.0,2.11,biopsy,True,True,d02d1e998995915dc736201ce04de6d7b5278b2b_241171_4
977,d02d1e998995915dc736201ce04de6d7b5278b2b,non-expert,8d02d23765ac2e3c655061bb9bbb8585d3835b0c,4,17,47,without_ai,False,241240,ISIC_0912531,BKL,Benign Keratosis,benign,False,timeout,False,0.0,120.0,,False,True,d02d1e998995915dc736201ce04de6d7b5278b2b_241240_4
978,d02d1e998995915dc736201ce04de6d7b5278b2b,non-expert,8d02d23765ac2e3c655061bb9bbb8585d3835b0c,4,18,47,with_ai,True,241240,ISIC_0912531,BKL,Benign Keratosis,benign,False,BKL,True,1.0,3.34,dismiss,False,True,d02d1e998995915dc736201ce04de6d7b5278b2b_241240_4
979,d02d1e998995915dc736201ce04de6d7b5278b2b,non-expert,8d02d23765ac2e3c655061bb9bbb8585d3835b0c,4,19,47,without_ai,False,244253,ISIC_0165198,OTHER_BENIGN,Other Benign,benign,False,OTHER_BENIGN,True,1.0,14.0,dismiss,False,True,d02d1e998995915dc736201ce04de6d7b5278b2b_244253_4
980,d02d1e998995915dc736201ce04de6d7b5278b2b,non-expert,8d02d23765ac2e3c655061bb9bbb8585d3835b0c,4,20,47,with_ai,True,244253,ISIC_0165198,OTHER_BENIGN,Other Benign,benign,False,OTHER_BENIGN,True,1.0,1.81,dismiss,False,True,d02d1e998995915dc736201ce04de6d7b5278b2b_244253_4
981,d02d1e998995915dc736201ce04de6d7b5278b2b,non-expert,8d02d23765ac2e3c655061bb9bbb8585d3835b0c,4,21,47,without_ai,False,241134,ISIC_8691098,SCCKA,Squamous Cell Carcinoma,malignant,True,SCCKA,True,1.0,17.07,biopsy,True,True,d02d1e998995915dc736201ce04de6d7b5278b2b_241134_4
982,d02d1e998995915dc736201ce04de6d7b5278b2b,non-expert,8d02d23765ac2e3c655061bb9bbb8585d3835b0c,4,22,47,with_ai,True,241134,ISIC_8691098,SCCKA,Squamous Cell Carcinoma,malignant,True,AKIEC,False,0.0,5.9,local_therapy,True,True,d02d1e998995915dc736201ce04de6d7b5278b2b_241134_4
983,d02d1e998995915dc736201ce04de6d7b5278b2b,non-expert,8d02d23765ac2e3c655061bb9bbb8585d3835b0c,4,23,47,without_ai,False,241004,ISIC_1708907,VASC,Vascular Lesions,benign,False,VASC,True,1.0,4.59,dismiss,False,True,d02d1e998995915dc736201ce04de6d7b5278b2b_241004_4
984,d02d1e998995915dc736201ce04de6d7b5278b2b,non-expert,8d02d23765ac2e3c655061bb9bbb8585d3835b0c,4,24,47,with_ai,True,241004,ISIC_1708907,VASC,Vascular Lesions,benign,False,VASC,True,1.0,5.66,dismiss,False,True,d02d1e998995915dc736201ce04de6d7b5278b2b_241004_4
985,d02d1e998995915dc736201ce04de6d7b5278b2b,non-expert,8d02d23765ac2e3c655061bb9bbb8585d3835b0c,4,25,47,without_ai,False,243674,ISIC_0303344,MEL,Melanoma,malignant,True,MEL,True,1.0,5.14,biopsy,True,True,d02d1e998995915dc736201ce04de6d7b5278b2b_243674_4
986,d02d1e998995915dc736201ce04de6d7b5278b2b,non-expert,8d02d23765ac2e3c655061bb9bbb8585d3835b0c,4,26,47,with_ai,True,243674,ISIC_0303344,MEL,Melanoma,malignant,True,MEL,True,1.0,4.38,biopsy,True,True,d02d1e998995915dc736201ce04de6d7b5278b2b_243674_4
987,d02d1e998995915dc736201ce04de6d7b5278b2b,non-expert,8d02d23765ac2e3c655061bb9bbb8585d3835b0c,4,27,47,without_ai,False,244279,ISIC_3147082,BCC,Basal Cell Carcinoma,malignant,True,AKIEC,False,0.0,23.03,local_therapy,True,True,d02d1e998995915dc736201ce04de6d7b5278b2b_244279_4
988,d02d1e998995915dc736201ce04de6d7b5278b2b,non-expert,8d02d23765ac2e3c655061bb9bbb8585d3835b0c,4,28,47,with_ai,True,244279,ISIC_3147082,BCC,Basal Cell Carcinoma,malignant,True,AKIEC,False,0.0,2.51,biopsy,True,True,d02d1e998995915dc736201ce04de6d7b5278b2b_244279_4
989,d02d1e998995915dc736201ce04de6d7b5278b2b,non-expert,8d02d23765ac2e3c655061bb9bbb8585d3835b0c,4,29,47,without_ai,False,241319,ISIC_6047898,AKIEC,Actinic Keratosis,premalignant,True,SCCKA,False,0.0,5.55,biopsy,True,True,d02d1e998995915dc736201ce04de6d7b5278b2b_241319_4
990,d02d1e998995915dc736201ce04de6d7b5278b2b,non-expert,8d02d23765ac2e3c655061bb9bbb8585d3835b0c,4,30,47,with_ai,True,241319,ISIC_6047898,AKIEC,Actinic Keratosis,premalignant,True,SCCKA,False,0.0,1.62,biopsy,True,True,d02d1e998995915dc736201ce04de6d7b5278b2b_241319_4
991,d02d1e998995915dc736201ce04de6d7b5278b2b,non-expert,ea74727982b221b4b93cf03df0c0a4e4c21e7bd5,5,1,47,without_ai,False,243501,ISIC_7196937,BCC,Basal Cell Carcinoma,malignant,True,MEL,False,0.0,3.09,monitor,False,True,d02d1e998995915dc736201ce04de6d7b5278b2b_243501_5
992,d02d1e998995915dc736201ce04de6d7b5278b2b,non-expert,ea74727982b221b4b93cf03df0c0a4e4c21e7bd5,5,2,47,with_ai,True,243501,ISIC_7196937,BCC,Basal Cell Carcinoma,malignant,True,BCC,True,1.0,2.4,biopsy,True,True,d02d1e998995915dc736201ce04de6d7b5278b2b_243501_5
993,d02d1e998995915dc736201ce04de6d7b5278b2b,non-expert,ea74727982b221b4b93cf03df0c0a4e4c21e7bd5,5,3,47,without_ai,False,240721,ISIC_0174755,BKL,Benign Keratosis,benign,False,OTHER_MALIGNANT,False,0.0,4.98,biopsy,True,True,d02d1e998995915dc736201ce04de6d7b5278b2b_240721_5
994,d02d1e998995915dc736201ce04de6d7b5278b2b,non-expert,ea74727982b221b4b93cf03df0c0a4e4c21e7bd5,5,4,47,with_ai,True,240721,ISIC_0174755,BKL,Benign Keratosis,benign,False,SCCKA,False,0.0,4.76,biopsy,True,True,d02d1e998995915dc736201ce04de6d7b5278b2b_240721_5
995,d02d1e998995915dc736201ce04de6d7b5278b2b,non-expert,ea74727982b221b4b93cf03df0c0a4e4c21e7bd5,5,5,47,without_ai,False,244963,ISIC_2427256,NV,Melanocytic Nevi,benign,False,OTHER_BENIGN,False,0.0,3.5,biopsy,True,True,d02d1e998995915dc736201ce04de6d7b5278b2b_244963_5
996,d02d1e998995915dc736201ce04de6d7b5278b2b,non-expert,ea74727982b221b4b93cf03df0c0a4e4c21e7bd5,5,6,47,with_ai,True,244963,ISIC_2427256,NV,Melanocytic Nevi,benign,False,NV,True,1.0,2.18,dismiss,False,True,d02d1e998995915dc736201ce04de6d7b5278b2b_244963_5
997,d02d1e998995915dc736201ce04de6d7b5278b2b,non-expert,ea74727982b221b4b93cf03df0c0a4e4c21e7bd5,5,7,47,without_ai,False,241596,ISIC_1996485,VASC,Vascular Lesions,benign,False,OTHER_MALIGNANT,False,0.0,3.54,biopsy,True,True,d02d1e998995915dc736201ce04de6d7b5278b2b_241596_5
998,d02d1e998995915dc736201ce04de6d7b5278b2b,non-expert,ea74727982b221b4b93cf03df0c0a4e4c21e7bd5,5,8,47,with_ai,True,241596,ISIC_1996485,VASC,Vascular Lesions,benign,False,BCC,False,0.0,10.56,biopsy,True,True,d02d1e998995915dc736201ce04de6d7b5278b2b_241596_5
999,d02d1e998995915dc736201ce04de6d7b5278b2b,non-expert,ea74727982b221b4b93cf03df0c0a4e4c21e7bd5,5,9,47,without_ai,False,240347,ISIC_8564627,NV,Melanocytic Nevi,benign,False,OTHER_BENIGN,False,0.0,5.75,biopsy,True,True,d02d1e998995915dc736201ce04de6d7b5278b2b_240347_5
1000,d02d1e998995915dc736201ce04de6d7b5278b2b,non-expert,ea74727982b221b4b93cf03df0c0a4e4c21e7bd5,5,10,47,with_ai,True,240347,ISIC_8564627,NV,Melanocytic Nevi,benign,False,MEL,False,0.0,3.07,biopsy,True,True,d02d1e998995915dc736201ce04de6d7b5278b2b_240347_5
1001,d02d1e998995915dc736201ce04de6d7b5278b2b,non-expert,ea74727982b221b4b93cf03df0c0a4e4c21e7bd5,5,11,47,without_ai,False,242656,ISIC_6877985,MEL,Melanoma,malignant,True,OTHER_BENIGN,False,0.0,4.16,biopsy,True,True,d02d1e998995915dc736201ce04de6d7b5278b2b_242656_5
1002,d02d1e998995915dc736201ce04de6d7b5278b2b,non-expert,ea74727982b221b4b93cf03df0c0a4e4c21e7bd5,5,12,47,with_ai,True,242656,ISIC_6877985,MEL,Melanoma,malignant,True,BKL,False,0.0,4.5,monitor,False,True,d02d1e998995915dc736201ce04de6d7b5278b2b_242656_5
1003,d02d1e998995915dc736201ce04de6d7b5278b2b,non-expert,ea74727982b221b4b93cf03df0c0a4e4c21e7bd5,5,13,47,without_ai,False,245106,ISIC_9047747,SCCKA,Squamous Cell Carcinoma,malignant,True,OTHER_BENIGN,False,0.0,4.47,biopsy,True,True,d02d1e998995915dc736201ce04de6d7b5278b2b_245106_5
1004,d02d1e998995915dc736201ce04de6d7b5278b2b,non-expert,ea74727982b221b4b93cf03df0c0a4e4c21e7bd5,5,14,47,with_ai,True,245106,ISIC_9047747,SCCKA,Squamous Cell Carcinoma,malignant,True,MEL,False,0.0,1.91,biopsy,True,True,d02d1e998995915dc736201ce04de6d7b5278b2b_245106_5
1005,d02d1e998995915dc736201ce04de6d7b5278b2b,non-expert,ea74727982b221b4b93cf03df0c0a4e4c21e7bd5,5,15,47,without_ai,False,244997,ISIC_1598799,MEL,Melanoma,malignant,True,OTHER_BENIGN,False,0.0,5.46,dismiss,False,True,d02d1e998995915dc736201ce04de6d7b5278b2b_244997_5
1006,d02d1e998995915dc736201ce04de6d7b5278b2b,non-expert,ea74727982b221b4b93cf03df0c0a4e4c21e7bd5,5,16,47,with_ai,True,244997,ISIC_1598799,MEL,Melanoma,malignant,True,MEL,True,1.0,1.44,biopsy,True,True,d02d1e998995915dc736201ce04de6d7b5278b2b_244997_5
1007,d02d1e998995915dc736201ce04de6d7b5278b2b,non-expert,ea74727982b221b4b93cf03df0c0a4e4c21e7bd5,5,17,47,without_ai,False,243681,ISIC_2516006,DF,Dermatofibroma,benign,False,OTHER_BENIGN,False,0.0,3.94,dismiss,False,True,d02d1e998995915dc736201ce04de6d7b5278b2b_243681_5
1008,d02d1e998995915dc736201ce04de6d7b5278b2b,non-expert,ea74727982b221b4b93cf03df0c0a4e4c21e7bd5,5,18,47,with_ai,True,243681,ISIC_2516006,DF,Dermatofibroma,benign,False,DF,True,1.0,3.51,dismiss,False,True,d02d1e998995915dc736201ce04de6d7b5278b2b_243681_5
1009,d02d1e998995915dc736201ce04de6d7b5278b2b,non-expert,ea74727982b221b4b93cf03df0c0a4e4c21e7bd5,5,19,47,without_ai,False,242089,ISIC_1323177,BKL,Benign Keratosis,benign,False,OTHER_BENIGN,False,0.0,4.01,biopsy,True,True,d02d1e998995915dc736201ce04de6d7b5278b2b_242089_5
1010,d02d1e998995915dc736201ce04de6d7b5278b2b,non-expert,ea74727982b221b4b93cf03df0c0a4e4c21e7bd5,5,20,47,with_ai,True,242089,ISIC_1323177,BKL,Benign Keratosis,benign,False,AKIEC,False,0.0,2.21,local_therapy,True,True,d02d1e998995915dc736201ce04de6d7b5278b2b_242089_5
1011,d02d1e998995915dc736201ce04de6d7b5278b2b,non-expert,ea74727982b221b4b93cf03df0c0a4e4c21e7bd5,5,21,47,without_ai,False,245079,ISIC_5246923,NV,Melanocytic Nevi,benign,False,OTHER_BENIGN,False,0.0,3.52,dismiss,False,True,d02d1e998995915dc736201ce04de6d7b5278b2b_245079_5
1012,d02d1e998995915dc736201ce04de6d7b5278b2b,non-expert,ea74727982b221b4b93cf03df0c0a4e4c21e7bd5,5,22,47,with_ai,True,245079,ISIC_5246923,NV,Melanocytic Nevi,benign,False,NV,True,1.0,4.63,monitor,False,True,d02d1e998995915dc736201ce04de6d7b5278b2b_245079_5
1013,d02d1e998995915dc736201ce04de6d7b5278b2b,non-expert,ea74727982b221b4b93cf03df0c0a4e4c21e7bd5,5,23,47,without_ai,False,240911,ISIC_6221556,BCC,Basal Cell Carcinoma,malignant,True,OTHER_BENIGN,False,0.0,5.06,biopsy,True,True,d02d1e998995915dc736201ce04de6d7b5278b2b_240911_5
1014,d02d1e998995915dc736201ce04de6d7b5278b2b,non-expert,ea74727982b221b4b93cf03df0c0a4e4c21e7bd5,5,24,47,with_ai,True,240911,ISIC_6221556,BCC,Basal Cell Carcinoma,malignant,True,MEL,False,0.0,3.43,biopsy,True,True,d02d1e998995915dc736201ce04de6d7b5278b2b_240911_5
1015,d02d1e998995915dc736201ce04de6d7b5278b2b,non-expert,ea74727982b221b4b93cf03df0c0a4e4c21e7bd5,5,25,47,without_ai,False,244420,ISIC_0311944,INF,Inflammatory,inflammatory,False,OTHER_BENIGN,False,0.0,3.99,biopsy,True,True,d02d1e998995915dc736201ce04de6d7b5278b2b_244420_5
1016,d02d1e998995915dc736201ce04de6d7b5278b2b,non-expert,ea74727982b221b4b93cf03df0c0a4e4c21e7bd5,5,26,47,with_ai,True,244420,ISIC_0311944,INF,Inflammatory,inflammatory,False,BKL,False,0.0,2.42,dismiss,False,True,d02d1e998995915dc736201ce04de6d7b5278b2b_244420_5
1017,d02d1e998995915dc736201ce04de6d7b5278b2b,non-expert,ea74727982b221b4b93cf03df0c0a4e4c21e7bd5,5,27,47,without_ai,False,244856,ISIC_8876261,AKIEC,Actinic Keratosis,premalignant,True,OTHER_BENIGN,False,0.0,3.07,biopsy,True,True,d02d1e998995915dc736201ce04de6d7b5278b2b_244856_5
1018,d02d1e998995915dc736201ce04de6d7b5278b2b,non-expert,ea74727982b221b4b93cf03df0c0a4e4c21e7bd5,5,28,47,with_ai,True,244856,ISIC_8876261,AKIEC,Actinic Keratosis,premalignant,True,BKL,False,0.0,1.34,dismiss,False,True,d02d1e998995915dc736201ce04de6d7b5278b2b_244856_5
1019,d02d1e998995915dc736201ce04de6d7b5278b2b,non-expert,ea74727982b221b4b93cf03df0c0a4e4c21e7bd5,5,29,47,without_ai,False,244309,ISIC_5785135,MEL,Melanoma,malignant,True,OTHER_BENIGN,False,0.0,4.23,biopsy,True,True,d02d1e998995915dc736201ce04de6d7b5278b2b_244309_5
1020,d02d1e998995915dc736201ce04de6d7b5278b2b,non-expert,ea74727982b221b4b93cf03df0c0a4e4c21e7bd5,5,30,47,with_ai,True,244309,ISIC_5785135,MEL,Melanoma,malignant,True,OTHER_BENIGN,False,0.0,2.14,dismiss,False,True,d02d1e998995915dc736201ce04de6d7b5278b2b_244309_5
1021,d02d1e998995915dc736201ce04de6d7b5278b2b,non-expert,6b0a340cf9b3c64f3200556d9730b5d538d9a3b7,6,1,47,without_ai,False,242944,ISIC_7902497,MEL,Melanoma,malignant,True,NV,False,0.0,16.93,monitor,False,True,d02d1e998995915dc736201ce04de6d7b5278b2b_242944_6
1022,d02d1e998995915dc736201ce04de6d7b5278b2b,non-expert,6b0a340cf9b3c64f3200556d9730b5d538d9a3b7,6,2,47,with_ai,True,242944,ISIC_7902497,MEL,Melanoma,malignant,True,MEL,True,1.0,11.1,biopsy,True,True,d02d1e998995915dc736201ce04de6d7b5278b2b_242944_6
1023,d02d1e998995915dc736201ce04de6d7b5278b2b,non-expert,6b0a340cf9b3c64f3200556d9730b5d538d9a3b7,6,3,47,without_ai,False,243774,ISIC_8508207,BKL,Benign Keratosis,benign,False,BKL,True,1.0,5.6,dismiss,False,True,d02d1e998995915dc736201ce04de6d7b5278b2b_243774_6
1024,d02d1e998995915dc736201ce04de6d7b5278b2b,non-expert,6b0a340cf9b3c64f3200556d9730b5d538d9a3b7,6,4,47,with_ai,True,243774,ISIC_8508207,BKL,Benign Keratosis,benign,False,BKL,True,1.0,1.76,dismiss,False,True,d02d1e998995915dc736201ce04de6d7b5278b2b_243774_6
1025,d02d1e998995915dc736201ce04de6d7b5278b2b,non-expert,6b0a340cf9b3c64f3200556d9730b5d538d9a3b7,6,5,47,without_ai,False,244556,ISIC_2320042,BKL,Benign Keratosis,benign,False,BKL,True,1.0,5.21,dismiss,False,True,d02d1e998995915dc736201ce04de6d7b5278b2b_244556_6
1026,d02d1e998995915dc736201ce04de6d7b5278b2b,non-expert,6b0a340cf9b3c64f3200556d9730b5d538d9a3b7,6,6,47,with_ai,True,244556,ISIC_2320042,BKL,Benign Keratosis,benign,False,BKL,True,1.0,1.98,dismiss,False,True,d02d1e998995915dc736201ce04de6d7b5278b2b_244556_6
1027,d02d1e998995915dc736201ce04de6d7b5278b2b,non-expert,6b0a340cf9b3c64f3200556d9730b5d538d9a3b7,6,7,47,without_ai,False,240191,ISIC_8462138,VASC,Vascular Lesions,benign,False,VASC,True,1.0,8.52,biopsy,True,True,d02d1e998995915dc736201ce04de6d7b5278b2b_240191_6
1028,d02d1e998995915dc736201ce04de6d7b5278b2b,non-expert,6b0a340cf9b3c64f3200556d9730b5d538d9a3b7,6,8,47,with_ai,True,240191,ISIC_8462138,VASC,Vascular Lesions,benign,False,VASC,True,1.0,3.91,biopsy,True,True,d02d1e998995915dc736201ce04de6d7b5278b2b_240191_6
1029,d02d1e998995915dc736201ce04de6d7b5278b2b,non-expert,6b0a340cf9b3c64f3200556d9730b5d538d9a3b7,6,9,47,without_ai,False,241325,ISIC_7256008,NV,Melanocytic Nevi,benign,False,BKL,False,0.0,6.32,dismiss,False,True,d02d1e998995915dc736201ce04de6d7b5278b2b_241325_6
1030,d02d1e998995915dc736201ce04de6d7b5278b2b,non-expert,6b0a340cf9b3c64f3200556d9730b5d538d9a3b7,6,10,47,with_ai,True,241325,ISIC_7256008,NV,Melanocytic Nevi,benign,False,MEL,False,0.0,10.44,biopsy,True,True,d02d1e998995915dc736201ce04de6d7b5278b2b_241325_6
1031,d02d1e998995915dc736201ce04de6d7b5278b2b,non-expert,6b0a340cf9b3c64f3200556d9730b5d538d9a3b7,6,11,47,without_ai,False,243951,ISIC_3223440,NV,Melanocytic Nevi,benign,False,BKL,False,0.0,15.72,dismiss,False,True,d02d1e998995915dc736201ce04de6d7b5278b2b_243951_6
1032,d02d1e998995915dc736201ce04de6d7b5278b2b,non-expert,6b0a340cf9b3c64f3200556d9730b5d538d9a3b7,6,12,47,with_ai,True,243951,ISIC_3223440,NV,Melanocytic Nevi,benign,False,BKL,False,0.0,16.22,dismiss,False,True,d02d1e998995915dc736201ce04de6d7b5278b2b_243951_6
1033,d02d1e998995915dc736201ce04de6d7b5278b2b,non-expert,6b0a340cf9b3c64f3200556d9730b5d538d9a3b7,6,13,47,without_ai,False,245064,ISIC_6222224,SCCKA,Squamous Cell Carcinoma,malignant,True,OTHER_BENIGN,False,0.0,9.07,dismiss,False,True,d02d1e998995915dc736201ce04de6d7b5278b2b_245064_6
1034,d02d1e998995915dc736201ce04de6d7b5278b2b,non-expert,6b0a340cf9b3c64f3200556d9730b5d538d9a3b7,6,14,47,with_ai,True,245064,ISIC_6222224,SCCKA,Squamous Cell Carcinoma,malignant,True,OTHER_BENIGN,False,0.0,9.46,dismiss,False,True,d02d1e998995915dc736201ce04de6d7b5278b2b_245064_6
1035,d02d1e998995915dc736201ce04de6d7b5278b2b,non-expert,6b0a340cf9b3c64f3200556d9730b5d538d9a3b7,6,15,47,without_ai,False,240018,ISIC_5203599,MEL,Melanoma,malignant,True,MEL,True,1.0,9.52,biopsy,True,True,d02d1e998995915dc736201ce04de6d7b5278b2b_240018_6
1036,d02d1e998995915dc736201ce04de6d7b5278b2b,non-expert,6b0a340cf9b3c64f3200556d9730b5d538d9a3b7,6,16,47,with_ai,True,240018,ISIC_5203599,MEL,Melanoma,malignant,True,MEL,True,1.0,1.71,biopsy,True,True,d02d1e998995915dc736201ce04de6d7b5278b2b_240018_6
1037,d02d1e998995915dc736201ce04de6d7b5278b2b,non-expert,6b0a340cf9b3c64f3200556d9730b5d538d9a3b7,6,17,47,without_ai,False,244678,ISIC_8137029,OTHER_BENIGN,Other Benign,benign,False,AKIEC,False,0.0,8.83,biopsy,True,True,d02d1e998995915dc736201ce04de6d7b5278b2b_244678_6
1038,d02d1e998995915dc736201ce04de6d7b5278b2b,non-expert,6b0a340cf9b3c64f3200556d9730b5d538d9a3b7,6,18,47,with_ai,True,244678,ISIC_8137029,OTHER_BENIGN,Other Benign,benign,False,MEL,False,0.0,10.81,biopsy,True,True,d02d1e998995915dc736201ce04de6d7b5278b2b_244678_6
1039,d02d1e998995915dc736201ce04de6d7b5278b2b,non-expert,6b0a340cf9b3c64f3200556d9730b5d538d9a3b7,6,19,47,without_ai,False,241786,ISIC_0135161,BCC,Basal Cell Carcinoma,malignant,True,BCC,True,1.0,10.04,biopsy,True,True,d02d1e998995915dc736201ce04de6d7b5278b2b_241786_6
1040,d02d1e998995915dc736201ce04de6d7b5278b2b,non-expert,6b0a340cf9b3c64f3200556d9730b5d538d9a3b7,6,20,47,with_ai,True,241786,ISIC_0135161,BCC,Basal Cell Carcinoma,malignant,True,BCC,True,1.0,2.77,biopsy,True,True,d02d1e998995915dc736201ce04de6d7b5278b2b_241786_6
1041,d02d1e998995915dc736201ce04de6d7b5278b2b,non-expert,6b0a340cf9b3c64f3200556d9730b5d538d9a3b7,6,21,47,without_ai,False,244476,ISIC_7242284,NV,Melanocytic Nevi,benign,False,MEL,False,0.0,7.48,biopsy,True,True,d02d1e998995915dc736201ce04de6d7b5278b2b_244476_6
1042,d02d1e998995915dc736201ce04de6d7b5278b2b,non-expert,6b0a340cf9b3c64f3200556d9730b5d538d9a3b7,6,22,47,with_ai,True,244476,ISIC_7242284,NV,Melanocytic Nevi,benign,False,MEL,False,0.0,3.6,biopsy,True,True,d02d1e998995915dc736201ce04de6d7b5278b2b_244476_6
1043,d02d1e998995915dc736201ce04de6d7b5278b2b,non-expert,6b0a340cf9b3c64f3200556d9730b5d538d9a3b7,6,23,47,without_ai,False,241437,ISIC_3909654,AKIEC,Actinic Keratosis,premalignant,True,AKIEC,True,1.0,4.7,biopsy,True,True,d02d1e998995915dc736201ce04de6d7b5278b2b_241437_6
1044,d02d1e998995915dc736201ce04de6d7b5278b2b,non-expert,6b0a340cf9b3c64f3200556d9730b5d538d9a3b7,6,24,47,with_ai,True,241437,ISIC_3909654,AKIEC,Actinic Keratosis,premalignant,True,AKIEC,True,1.0,2.64,biopsy,True,True,d02d1e998995915dc736201ce04de6d7b5278b2b_241437_6
1045,d02d1e998995915dc736201ce04de6d7b5278b2b,non-expert,6b0a340cf9b3c64f3200556d9730b5d538d9a3b7,6,25,47,without_ai,False,241302,ISIC_2868896,DF,Dermatofibroma,benign,False,DF,True,1.0,18.06,dismiss,False,True,d02d1e998995915dc736201ce04de6d7b5278b2b_241302_6
1046,d02d1e998995915dc736201ce04de6d7b5278b2b,non-expert,6b0a340cf9b3c64f3200556d9730b5d538d9a3b7,6,26,47,with_ai,True,241302,ISIC_2868896,DF,Dermatofibroma,benign,False,DF,True,1.0,12.24,dismiss,False,True,d02d1e998995915dc736201ce04de6d7b5278b2b_241302_6
1047,d02d1e998995915dc736201ce04de6d7b5278b2b,non-expert,6b0a340cf9b3c64f3200556d9730b5d538d9a3b7,6,27,47,without_ai,False,241428,ISIC_6044977,AKIEC,Actinic Keratosis,premalignant,True,AKIEC,True,1.0,5.89,local_therapy,True,True,d02d1e998995915dc736201ce04de6d7b5278b2b_241428_6
1048,d02d1e998995915dc736201ce04de6d7b5278b2b,non-expert,6b0a340cf9b3c64f3200556d9730b5d538d9a3b7,6,28,47,with_ai,True,241428,ISIC_6044977,AKIEC,Actinic Keratosis,premalignant,True,AKIEC,True,1.0,1.81,local_therapy,True,True,d02d1e998995915dc736201ce04de6d7b5278b2b_241428_6
1049,d02d1e998995915dc736201ce04de6d7b5278b2b,non-expert,6b0a340cf9b3c64f3200556d9730b5d538d9a3b7,6,29,47,without_ai,False,243406,ISIC_3526427,BCC,Basal Cell Carcinoma,malignant,True,BCC,True,1.0,24.9,biopsy,True,True,d02d1e998995915dc736201ce04de6d7b5278b2b_243406_6
1050,d02d1e998995915dc736201ce04de6d7b5278b2b,non-expert,6b0a340cf9b3c64f3200556d9730b5d538d9a3b7,6,30,47,with_ai,True,243406,ISIC_3526427,BCC,Basal Cell Carcinoma,malignant,True,BCC,True,1.0,1.81,biopsy,True,True,d02d1e998995915dc736201ce04de6d7b5278b2b_243406_6
1051,d02d1e998995915dc736201ce04de6d7b5278b2b,non-expert,00f406e20c4e557a357758837e921cd664e6eaae,7,1,47,without_ai,False,244358,ISIC_6616937,BCC,Basal Cell Carcinoma,malignant,True,BCC,True,1.0,79.76,biopsy,True,True,d02d1e998995915dc736201ce04de6d7b5278b2b_244358_7
1052,d02d1e998995915dc736201ce04de6d7b5278b2b,non-expert,00f406e20c4e557a357758837e921cd664e6eaae,7,2,47,with_ai,True,244358,ISIC_6616937,BCC,Basal Cell Carcinoma,malignant,True,BCC,True,1.0,20.46,biopsy,True,True,d02d1e998995915dc736201ce04de6d7b5278b2b_244358_7
1053,d02d1e998995915dc736201ce04de6d7b5278b2b,non-expert,00f406e20c4e557a357758837e921cd664e6eaae,7,3,47,without_ai,False,240395,ISIC_5714368,DF,Dermatofibroma,benign,False,MEL,False,0.0,44.86,biopsy,True,True,d02d1e998995915dc736201ce04de6d7b5278b2b_240395_7
1054,d02d1e998995915dc736201ce04de6d7b5278b2b,non-expert,00f406e20c4e557a357758837e921cd664e6eaae,7,4,47,with_ai,True,240395,ISIC_5714368,DF,Dermatofibroma,benign,False,MEL,False,0.0,33.7,biopsy,True,True,d02d1e998995915dc736201ce04de6d7b5278b2b_240395_7
1055,d02d1e998995915dc736201ce04de6d7b5278b2b,non-expert,00f406e20c4e557a357758837e921cd664e6eaae,7,5,47,without_ai,False,244306,ISIC_3570541,VASC,Vascular Lesions,benign,False,VASC,True,1.0,36.78,biopsy,True,True,d02d1e998995915dc736201ce04de6d7b5278b2b_244306_7
1056,d02d1e998995915dc736201ce04de6d7b5278b2b,non-expert,00f406e20c4e557a357758837e921cd664e6eaae,7,6,47,with_ai,True,244306,ISIC_3570541,VASC,Vascular Lesions,benign,False,VASC,True,1.0,26.02,biopsy,True,True,d02d1e998995915dc736201ce04de6d7b5278b2b_244306_7
1057,d02d1e998995915dc736201ce04de6d7b5278b2b,non-expert,00f406e20c4e557a357758837e921cd664e6eaae,7,7,47,without_ai,False,245201,ISIC_4845899,MEL,Melanoma,malignant,True,BKL,False,0.0,38.12,dismiss,False,True,d02d1e998995915dc736201ce04de6d7b5278b2b_245201_7
1058,d02d1e998995915dc736201ce04de6d7b5278b2b,non-expert,00f406e20c4e557a357758837e921cd664e6eaae,7,8,47,with_ai,True,245201,ISIC_4845899,MEL,Melanoma,malignant,True,MEL,True,1.0,24.21,biopsy,True,True,d02d1e998995915dc736201ce04de6d7b5278b2b_245201_7
1059,d02d1e998995915dc736201ce04de6d7b5278b2b,non-expert,00f406e20c4e557a357758837e921cd664e6eaae,7,9,47,without_ai,False,242943,ISIC_2605163,NV,Melanocytic Nevi,benign,False,MEL,False,0.0,19.44,biopsy,True,True,d02d1e998995915dc736201ce04de6d7b5278b2b_242943_7
1060,d02d1e998995915dc736201ce04de6d7b5278b2b,non-expert,00f406e20c4e557a357758837e921cd664e6eaae,7,10,47,with_ai,True,242943,ISIC_2605163,NV,Melanocytic Nevi,benign,False,MEL,False,0.0,5.94,biopsy,True,True,d02d1e998995915dc736201ce04de6d7b5278b2b_242943_7
1061,d02d1e998995915dc736201ce04de6d7b5278b2b,non-expert,00f406e20c4e557a357758837e921cd664e6eaae,7,11,47,without_ai,False,242635,ISIC_9895318,MEL,Melanoma,malignant,True,MEL,True,1.0,29.78,biopsy,True,True,d02d1e998995915dc736201ce04de6d7b5278b2b_242635_7
1062,d02d1e998995915dc736201ce04de6d7b5278b2b,non-expert,00f406e20c4e557a357758837e921cd664e6eaae,7,12,47,with_ai,True,242635,ISIC_9895318,MEL,Melanoma,malignant,True,MEL,True,1.0,19.32,biopsy,True,True,d02d1e998995915dc736201ce04de6d7b5278b2b_242635_7
1063,d02d1e998995915dc736201ce04de6d7b5278b2b,non-expert,00f406e20c4e557a357758837e921cd664e6eaae,7,13,47,without_ai,False,244416,ISIC_1860202,AKIEC,Actinic Keratosis,premalignant,True,OTHER_BENIGN,False,0.0,77.2,monitor,False,True,d02d1e998995915dc736201ce04de6d7b5278b2b_244416_7
1064,d02d1e998995915dc736201ce04de6d7b5278b2b,non-expert,00f406e20c4e557a357758837e921cd664e6eaae,7,14,47,with_ai,True,244416,ISIC_1860202,AKIEC,Actinic Keratosis,premalignant,True,AKIEC,True,1.0,35.72,local_therapy,True,True,d02d1e998995915dc736201ce04de6d7b5278b2b_244416_7
1065,d02d1e998995915dc736201ce04de6d7b5278b2b,non-expert,00f406e20c4e557a357758837e921cd664e6eaae,7,15,47,without_ai,False,242179,ISIC_7803268,INF,Inflammatory,inflammatory,False,INF,True,1.0,47.01,biopsy,True,True,d02d1e998995915dc736201ce04de6d7b5278b2b_242179_7
1066,d02d1e998995915dc736201ce04de6d7b5278b2b,non-expert,00f406e20c4e557a357758837e921cd664e6eaae,7,16,47,with_ai,True,242179,ISIC_7803268,INF,Inflammatory,inflammatory,False,INF,True,1.0,29.95,biopsy,True,True,d02d1e998995915dc736201ce04de6d7b5278b2b_242179_7
1067,d02d1e998995915dc736201ce04de6d7b5278b2b,non-expert,00f406e20c4e557a357758837e921cd664e6eaae,7,17,47,without_ai,False,241251,ISIC_5728052,NV,Melanocytic Nevi,benign,False,NV,True,1.0,42.81,monitor,False,True,d02d1e998995915dc736201ce04de6d7b5278b2b_241251_7
1068,d02d1e998995915dc736201ce04de6d7b5278b2b,non-expert,00f406e20c4e557a357758837e921cd664e6eaae,7,18,47,with_ai,True,241251,ISIC_5728052,NV,Melanocytic Nevi,benign,False,NV,True,1.0,11.33,monitor,False,True,d02d1e998995915dc736201ce04de6d7b5278b2b_241251_7
1069,d02d1e998995915dc736201ce04de6d7b5278b2b,non-expert,00f406e20c4e557a357758837e921cd664e6eaae,7,19,47,without_ai,False,241254,ISIC_1473683,NV,Melanocytic Nevi,benign,False,NV,True,1.0,31.78,monitor,False,True,d02d1e998995915dc736201ce04de6d7b5278b2b_241254_7
1070,d02d1e998995915dc736201ce04de6d7b5278b2b,non-expert,00f406e20c4e557a357758837e921cd664e6eaae,7,20,47,with_ai,True,241254,ISIC_1473683,NV,Melanocytic Nevi,benign,False,MEL,False,0.0,18.85,biopsy,True,True,d02d1e998995915dc736201ce04de6d7b5278b2b_241254_7
1071,d02d1e998995915dc736201ce04de6d7b5278b2b,non-expert,00f406e20c4e557a357758837e921cd664e6eaae,7,21,47,without_ai,False,243662,ISIC_5348732,SCCKA,Squamous Cell Carcinoma,malignant,True,SCCKA,True,1.0,17.78,biopsy,True,True,d02d1e998995915dc736201ce04de6d7b5278b2b_243662_7
1072,d02d1e998995915dc736201ce04de6d7b5278b2b,non-expert,00f406e20c4e557a357758837e921cd664e6eaae,7,22,47,with_ai,True,243662,ISIC_5348732,SCCKA,Squamous Cell Carcinoma,malignant,True,SCCKA,True,1.0,2.66,biopsy,True,True,d02d1e998995915dc736201ce04de6d7b5278b2b_243662_7
1073,d02d1e998995915dc736201ce04de6d7b5278b2b,non-expert,00f406e20c4e557a357758837e921cd664e6eaae,7,23,47,without_ai,False,240393,ISIC_2777762,BKL,Benign Keratosis,benign,False,MEL,False,0.0,14.44,biopsy,True,True,d02d1e998995915dc736201ce04de6d7b5278b2b_240393_7
1074,d02d1e998995915dc736201ce04de6d7b5278b2b,non-expert,00f406e20c4e557a357758837e921cd664e6eaae,7,24,47,with_ai,True,240393,ISIC_2777762,BKL,Benign Keratosis,benign,False,BKL,True,1.0,20.45,monitor,False,True,d02d1e998995915dc736201ce04de6d7b5278b2b_240393_7
1075,d02d1e998995915dc736201ce04de6d7b5278b2b,non-expert,00f406e20c4e557a357758837e921cd664e6eaae,7,25,47,without_ai,False,240848,ISIC_4929586,BKL,Benign Keratosis,benign,False,BCC,False,0.0,29.55,biopsy,True,True,d02d1e998995915dc736201ce04de6d7b5278b2b_240848_7
1076,d02d1e998995915dc736201ce04de6d7b5278b2b,non-expert,00f406e20c4e557a357758837e921cd664e6eaae,7,26,47,with_ai,True,240848,ISIC_4929586,BKL,Benign Keratosis,benign,False,BCC,False,0.0,9.46,biopsy,True,True,d02d1e998995915dc736201ce04de6d7b5278b2b_240848_7
1077,d02d1e998995915dc736201ce04de6d7b5278b2b,non-expert,00f406e20c4e557a357758837e921cd664e6eaae,7,27,47,without_ai,False,242847,ISIC_5605573,BCC,Basal Cell Carcinoma,malignant,True,OTHER_BENIGN,False,0.0,28.84,dismiss,False,True,d02d1e998995915dc736201ce04de6d7b5278b2b_242847_7
1078,d02d1e998995915dc736201ce04de6d7b5278b2b,non-expert,00f406e20c4e557a357758837e921cd664e6eaae,7,28,47,with_ai,True,242847,ISIC_5605573,BCC,Basal Cell Carcinoma,malignant,True,BKL,False,0.0,11.26,dismiss,False,True,d02d1e998995915dc736201ce04de6d7b5278b2b_242847_7
1079,d02d1e998995915dc736201ce04de6d7b5278b2b,non-expert,00f406e20c4e557a357758837e921cd664e6eaae,7,29,47,without_ai,False,244037,ISIC_1814482,BCC,Basal Cell Carcinoma,malignant,True,BCC,True,1.0,27.51,biopsy,True,True,d02d1e998995915dc736201ce04de6d7b5278b2b_244037_7
1080,d02d1e998995915dc736201ce04de6d7b5278b2b,non-expert,00f406e20c4e557a357758837e921cd664e6eaae,7,30,47,with_ai,True,244037,ISIC_1814482,BCC,Basal Cell Carcinoma,malignant,True,BCC,True,1.0,10.58,biopsy,True,True,d02d1e998995915dc736201ce04de6d7b5278b2b_244037_7
1081,d02d1e998995915dc736201ce04de6d7b5278b2b,non-expert,abe8ca942c457a9c46f43b203f5fc83ea30a3499,8,1,47,without_ai,False,240948,ISIC_0289550,BCC,Basal Cell Carcinoma,malignant,True,timeout,False,0.0,120.0,,False,True,d02d1e998995915dc736201ce04de6d7b5278b2b_240948_8
1082,d02d1e998995915dc736201ce04de6d7b5278b2b,non-expert,abe8ca942c457a9c46f43b203f5fc83ea30a3499,8,2,47,with_ai,True,240948,ISIC_0289550,BCC,Basal Cell Carcinoma,malignant,True,timeout,False,0.0,120.0,,False,True,d02d1e998995915dc736201ce04de6d7b5278b2b_240948_8
1083,d02d1e998995915dc736201ce04de6d7b5278b2b,non-expert,abe8ca942c457a9c46f43b203f5fc83ea30a3499,8,3,47,without_ai,False,244533,ISIC_1986655,BCC,Basal Cell Carcinoma,malignant,True,BCC,True,1.0,77.8,biopsy,True,True,d02d1e998995915dc736201ce04de6d7b5278b2b_244533_8
1084,d02d1e998995915dc736201ce04de6d7b5278b2b,non-expert,abe8ca942c457a9c46f43b203f5fc83ea30a3499,8,4,47,with_ai,True,244533,ISIC_1986655,BCC,Basal Cell Carcinoma,malignant,True,BCC,True,1.0,43.28,biopsy,True,True,d02d1e998995915dc736201ce04de6d7b5278b2b_244533_8
1085,d02d1e998995915dc736201ce04de6d7b5278b2b,non-expert,abe8ca942c457a9c46f43b203f5fc83ea30a3499,8,5,47,without_ai,False,241480,ISIC_9222540,BKL,Benign Keratosis,benign,False,OTHER_BENIGN,False,0.0,66.91,dismiss,False,True,d02d1e998995915dc736201ce04de6d7b5278b2b_241480_8
1086,d02d1e998995915dc736201ce04de6d7b5278b2b,non-expert,abe8ca942c457a9c46f43b203f5fc83ea30a3499,8,6,47,with_ai,True,241480,ISIC_9222540,BKL,Benign Keratosis,benign,False,OTHER_BENIGN,False,0.0,16.3,dismiss,False,True,d02d1e998995915dc736201ce04de6d7b5278b2b_241480_8
1087,d02d1e998995915dc736201ce04de6d7b5278b2b,non-expert,abe8ca942c457a9c46f43b203f5fc83ea30a3499,8,7,47,without_ai,False,241095,ISIC_9157592,DF,Dermatofibroma,benign,False,BCC,False,0.0,32.56,biopsy,True,True,d02d1e998995915dc736201ce04de6d7b5278b2b_241095_8
1088,d02d1e998995915dc736201ce04de6d7b5278b2b,non-expert,abe8ca942c457a9c46f43b203f5fc83ea30a3499,8,8,47,with_ai,True,241095,ISIC_9157592,DF,Dermatofibroma,benign,False,BCC,False,0.0,28.94,biopsy,True,True,d02d1e998995915dc736201ce04de6d7b5278b2b_241095_8
1089,d02d1e998995915dc736201ce04de6d7b5278b2b,non-expert,abe8ca942c457a9c46f43b203f5fc83ea30a3499,8,9,47,without_ai,False,242200,ISIC_4738070,SCCKA,Squamous Cell Carcinoma,malignant,True,SCCKA,True,1.0,24.43,biopsy,True,True,d02d1e998995915dc736201ce04de6d7b5278b2b_242200_8
1090,d02d1e998995915dc736201ce04de6d7b5278b2b,non-expert,abe8ca942c457a9c46f43b203f5fc83ea30a3499,8,10,47,with_ai,True,242200,ISIC_4738070,SCCKA,Squamous Cell Carcinoma,malignant,True,SCCKA,True,1.0,3.66,biopsy,True,True,d02d1e998995915dc736201ce04de6d7b5278b2b_242200_8
1091,d02d1e998995915dc736201ce04de6d7b5278b2b,non-expert,abe8ca942c457a9c46f43b203f5fc83ea30a3499,8,11,47,without_ai,False,245006,ISIC_8626277,NV,Melanocytic Nevi,benign,False,MEL,False,0.0,70.53,biopsy,True,True,d02d1e998995915dc736201ce04de6d7b5278b2b_245006_8
1092,d02d1e998995915dc736201ce04de6d7b5278b2b,non-expert,abe8ca942c457a9c46f43b203f5fc83ea30a3499,8,12,47,with_ai,True,245006,ISIC_8626277,NV,Melanocytic Nevi,benign,False,MEL,False,0.0,12.58,biopsy,True,True,d02d1e998995915dc736201ce04de6d7b5278b2b_245006_8
1093,d02d1e998995915dc736201ce04de6d7b5278b2b,non-expert,abe8ca942c457a9c46f43b203f5fc83ea30a3499,8,13,47,without_ai,False,241683,ISIC_8977223,MEL,Melanoma,malignant,True,MEL,True,1.0,55.69,biopsy,True,True,d02d1e998995915dc736201ce04de6d7b5278b2b_241683_8
1094,d02d1e998995915dc736201ce04de6d7b5278b2b,non-expert,abe8ca942c457a9c46f43b203f5fc83ea30a3499,8,14,47,with_ai,True,241683,ISIC_8977223,MEL,Melanoma,malignant,True,MEL,True,1.0,13.7,biopsy,True,True,d02d1e998995915dc736201ce04de6d7b5278b2b_241683_8
1095,d02d1e998995915dc736201ce04de6d7b5278b2b,non-expert,abe8ca942c457a9c46f43b203f5fc83ea30a3499,8,15,47,without_ai,False,241622,ISIC_4821214,VASC,Vascular Lesions,benign,False,OTHER_MALIGNANT,False,0.0,44.97,biopsy,True,True,d02d1e998995915dc736201ce04de6d7b5278b2b_241622_8
1096,d02d1e998995915dc736201ce04de6d7b5278b2b,non-expert,abe8ca942c457a9c46f43b203f5fc83ea30a3499,8,16,47,with_ai,True,241622,ISIC_4821214,VASC,Vascular Lesions,benign,False,OTHER_MALIGNANT,False,0.0,12.39,biopsy,True,True,d02d1e998995915dc736201ce04de6d7b5278b2b_241622_8
1097,d02d1e998995915dc736201ce04de6d7b5278b2b,non-expert,abe8ca942c457a9c46f43b203f5fc83ea30a3499,8,17,47,without_ai,False,244532,ISIC_3032936,NV,Melanocytic Nevi,benign,False,NV,True,1.0,38.98,biopsy,True,True,d02d1e998995915dc736201ce04de6d7b5278b2b_244532_8
1098,d02d1e998995915dc736201ce04de6d7b5278b2b,non-expert,abe8ca942c457a9c46f43b203f5fc83ea30a3499,8,18,47,with_ai,True,244532,ISIC_3032936,NV,Melanocytic Nevi,benign,False,NV,True,1.0,2.84,biopsy,True,True,d02d1e998995915dc736201ce04de6d7b5278b2b_244532_8
1099,d02d1e998995915dc736201ce04de6d7b5278b2b,non-expert,abe8ca942c457a9c46f43b203f5fc83ea30a3499,8,19,47,without_ai,False,242480,ISIC_1139673,AKIEC,Actinic Keratosis,premalignant,True,AKIEC,True,1.0,12.55,local_therapy,True,True,d02d1e998995915dc736201ce04de6d7b5278b2b_242480_8
1100,d02d1e998995915dc736201ce04de6d7b5278b2b,non-expert,abe8ca942c457a9c46f43b203f5fc83ea30a3499,8,20,47,with_ai,True,242480,ISIC_1139673,AKIEC,Actinic Keratosis,premalignant,True,AKIEC,True,1.0,2.51,local_therapy,True,True,d02d1e998995915dc736201ce04de6d7b5278b2b_242480_8
1101,d02d1e998995915dc736201ce04de6d7b5278b2b,non-expert,abe8ca942c457a9c46f43b203f5fc83ea30a3499,8,21,47,without_ai,False,240219,ISIC_3952412,INF,Inflammatory,inflammatory,False,AKIEC,False,0.0,32.02,local_therapy,True,True,d02d1e998995915dc736201ce04de6d7b5278b2b_240219_8
1102,d02d1e998995915dc736201ce04de6d7b5278b2b,non-expert,abe8ca942c457a9c46f43b203f5fc83ea30a3499,8,22,47,with_ai,True,240219,ISIC_3952412,INF,Inflammatory,inflammatory,False,AKIEC,False,0.0,25.49,local_therapy,True,True,d02d1e998995915dc736201ce04de6d7b5278b2b_240219_8
1103,d02d1e998995915dc736201ce04de6d7b5278b2b,non-expert,abe8ca942c457a9c46f43b203f5fc83ea30a3499,8,23,47,without_ai,False,244350,ISIC_7343701,BKL,Benign Keratosis,benign,False,BCC,False,0.0,27.13,biopsy,True,True,d02d1e998995915dc736201ce04de6d7b5278b2b_244350_8
1104,d02d1e998995915dc736201ce04de6d7b5278b2b,non-expert,abe8ca942c457a9c46f43b203f5fc83ea30a3499,8,24,47,with_ai,True,244350,ISIC_7343701,BKL,Benign Keratosis,benign,False,BCC,False,0.0,11.56,biopsy,True,True,d02d1e998995915dc736201ce04de6d7b5278b2b_244350_8
1105,d02d1e998995915dc736201ce04de6d7b5278b2b,non-expert,abe8ca942c457a9c46f43b203f5fc83ea30a3499,8,25,47,without_ai,False,240452,ISIC_5587236,NV,Melanocytic Nevi,benign,False,MEL,False,0.0,12.32,biopsy,True,True,d02d1e998995915dc736201ce04de6d7b5278b2b_240452_8
1106,d02d1e998995915dc736201ce04de6d7b5278b2b,non-expert,abe8ca942c457a9c46f43b203f5fc83ea30a3499,8,26,47,with_ai,True,240452,ISIC_5587236,NV,Melanocytic Nevi,benign,False,MEL,False,0.0,22.75,biopsy,True,True,d02d1e998995915dc736201ce04de6d7b5278b2b_240452_8
1107,d02d1e998995915dc736201ce04de6d7b5278b2b,non-expert,abe8ca942c457a9c46f43b203f5fc83ea30a3499,8,27,47,without_ai,False,244569,ISIC_7918518,BCC,Basal Cell Carcinoma,malignant,True,BCC,True,1.0,34.14,biopsy,True,True,d02d1e998995915dc736201ce04de6d7b5278b2b_244569_8
1108,d02d1e998995915dc736201ce04de6d7b5278b2b,non-expert,abe8ca942c457a9c46f43b203f5fc83ea30a3499,8,28,47,with_ai,True,244569,ISIC_7918518,BCC,Basal Cell Carcinoma,malignant,True,BCC,True,1.0,2.54,biopsy,True,True,d02d1e998995915dc736201ce04de6d7b5278b2b_244569_8
1109,d02d1e998995915dc736201ce04de6d7b5278b2b,non-expert,abe8ca942c457a9c46f43b203f5fc83ea30a3499,8,29,47,without_ai,False,244565,ISIC_4788552,MEL,Melanoma,malignant,True,MEL,True,1.0,27.68,biopsy,True,True,d02d1e998995915dc736201ce04de6d7b5278b2b_244565_8
1110,d02d1e998995915dc736201ce04de6d7b5278b2b,non-expert,abe8ca942c457a9c46f43b203f5fc83ea30a3499,8,30,47,with_ai,True,244565,ISIC_4788552,MEL,Melanoma,malignant,True,MEL,True,1.0,1.36,biopsy,True,True,d02d1e998995915dc736201ce04de6d7b5278b2b_244565_8
1111,d02d1e998995915dc736201ce04de6d7b5278b2b,non-expert,f3888486bb31e4283f01f902220195e954cdfa85,9,1,47,without_ai,False,240587,ISIC_4228893,NV,Melanocytic Nevi,benign,False,MEL,False,0.0,79.12,biopsy,True,True,d02d1e998995915dc736201ce04de6d7b5278b2b_240587_9
1112,d02d1e998995915dc736201ce04de6d7b5278b2b,non-expert,f3888486bb31e4283f01f902220195e954cdfa85,9,2,47,with_ai,True,240587,ISIC_4228893,NV,Melanocytic Nevi,benign,False,MEL,False,0.0,13.51,biopsy,True,True,d02d1e998995915dc736201ce04de6d7b5278b2b_240587_9
1113,d02d1e998995915dc736201ce04de6d7b5278b2b,non-expert,f3888486bb31e4283f01f902220195e954cdfa85,9,3,47,without_ai,False,241596,ISIC_1996485,VASC,Vascular Lesions,benign,False,VASC,True,1.0,33.56,dismiss,False,True,d02d1e998995915dc736201ce04de6d7b5278b2b_241596_9
1114,d02d1e998995915dc736201ce04de6d7b5278b2b,non-expert,f3888486bb31e4283f01f902220195e954cdfa85,9,4,47,with_ai,True,241596,ISIC_1996485,VASC,Vascular Lesions,benign,False,VASC,True,1.0,59.3,biopsy,True,True,d02d1e998995915dc736201ce04de6d7b5278b2b_241596_9
1115,d02d1e998995915dc736201ce04de6d7b5278b2b,non-expert,f3888486bb31e4283f01f902220195e954cdfa85,9,5,47,without_ai,False,241185,ISIC_8403829,BKL,Benign Keratosis,benign,False,MEL,False,0.0,28.02,biopsy,True,True,d02d1e998995915dc736201ce04de6d7b5278b2b_241185_9
1116,d02d1e998995915dc736201ce04de6d7b5278b2b,non-expert,f3888486bb31e4283f01f902220195e954cdfa85,9,6,47,with_ai,True,241185,ISIC_8403829,BKL,Benign Keratosis,benign,False,MEL,False,0.0,35.46,biopsy,True,True,d02d1e998995915dc736201ce04de6d7b5278b2b_241185_9
1117,d02d1e998995915dc736201ce04de6d7b5278b2b,non-expert,f3888486bb31e4283f01f902220195e954cdfa85,9,7,47,without_ai,False,243268,ISIC_3317235,BCC,Basal Cell Carcinoma,malignant,True,BCC,True,1.0,26.39,biopsy,True,True,d02d1e998995915dc736201ce04de6d7b5278b2b_243268_9
1118,d02d1e998995915dc736201ce04de6d7b5278b2b,non-expert,f3888486bb31e4283f01f902220195e954cdfa85,9,8,47,with_ai,True,243268,ISIC_3317235,BCC,Basal Cell Carcinoma,malignant,True,BCC,True,1.0,50.62,biopsy,True,True,d02d1e998995915dc736201ce04de6d7b5278b2b_243268_9
1119,d02d1e998995915dc736201ce04de6d7b5278b2b,non-expert,f3888486bb31e4283f01f902220195e954cdfa85,9,9,47,without_ai,False,242958,ISIC_7836855,SCCKA,Squamous Cell Carcinoma,malignant,True,SCCKA,True,1.0,31.6,biopsy,True,True,d02d1e998995915dc736201ce04de6d7b5278b2b_242958_9
1120,d02d1e998995915dc736201ce04de6d7b5278b2b,non-expert,f3888486bb31e4283f01f902220195e954cdfa85,9,10,47,with_ai,True,242958,ISIC_7836855,SCCKA,Squamous Cell Carcinoma,malignant,True,SCCKA,True,1.0,4.22,biopsy,True,True,d02d1e998995915dc736201ce04de6d7b5278b2b_242958_9
1121,d02d1e998995915dc736201ce04de6d7b5278b2b,non-expert,f3888486bb31e4283f01f902220195e954cdfa85,9,11,47,without_ai,False,244958,ISIC_1116303,MEL,Melanoma,malignant,True,MEL,True,1.0,101.5,biopsy,True,True,d02d1e998995915dc736201ce04de6d7b5278b2b_244958_9
1122,d02d1e998995915dc736201ce04de6d7b5278b2b,non-expert,f3888486bb31e4283f01f902220195e954cdfa85,9,12,47,with_ai,True,244958,ISIC_1116303,MEL,Melanoma,malignant,True,BKL,False,0.0,28.47,dismiss,False,True,d02d1e998995915dc736201ce04de6d7b5278b2b_244958_9
1123,d02d1e998995915dc736201ce04de6d7b5278b2b,non-expert,f3888486bb31e4283f01f902220195e954cdfa85,9,13,47,without_ai,False,241598,ISIC_9163561,BCC,Basal Cell Carcinoma,malignant,True,BCC,True,1.0,68.8,local_therapy,True,True,d02d1e998995915dc736201ce04de6d7b5278b2b_241598_9
1124,d02d1e998995915dc736201ce04de6d7b5278b2b,non-expert,f3888486bb31e4283f01f902220195e954cdfa85,9,14,47,with_ai,True,241598,ISIC_9163561,BCC,Basal Cell Carcinoma,malignant,True,BCC,True,1.0,7.13,local_therapy,True,True,d02d1e998995915dc736201ce04de6d7b5278b2b_241598_9
1125,d02d1e998995915dc736201ce04de6d7b5278b2b,non-expert,f3888486bb31e4283f01f902220195e954cdfa85,9,15,47,without_ai,False,242232,ISIC_9579576,MEL,Melanoma,malignant,True,MEL,True,1.0,35.42,biopsy,True,True,d02d1e998995915dc736201ce04de6d7b5278b2b_242232_9
1126,d02d1e998995915dc736201ce04de6d7b5278b2b,non-expert,f3888486bb31e4283f01f902220195e954cdfa85,9,16,47,with_ai,True,242232,ISIC_9579576,MEL,Melanoma,malignant,True,MEL,True,1.0,36.95,biopsy,True,True,d02d1e998995915dc736201ce04de6d7b5278b2b_242232_9
1127,d02d1e998995915dc736201ce04de6d7b5278b2b,non-expert,f3888486bb31e4283f01f902220195e954cdfa85,9,17,47,without_ai,False,240579,ISIC_8012264,NV,Melanocytic Nevi,benign,False,MEL,False,0.0,52.0,biopsy,True,True,d02d1e998995915dc736201ce04de6d7b5278b2b_240579_9
1128,d02d1e998995915dc736201ce04de6d7b5278b2b,non-expert,f3888486bb31e4283f01f902220195e954cdfa85,9,18,47,with_ai,True,240579,ISIC_8012264,NV,Melanocytic Nevi,benign,False,MEL,False,0.0,21.76,biopsy,True,True,d02d1e998995915dc736201ce04de6d7b5278b2b_240579_9
1129,d02d1e998995915dc736201ce04de6d7b5278b2b,non-expert,f3888486bb31e4283f01f902220195e954cdfa85,9,19,47,without_ai,False,242800,ISIC_8381176,BKL,Benign Keratosis,benign,False,BKL,True,1.0,45.94,dismiss,False,True,d02d1e998995915dc736201ce04de6d7b5278b2b_242800_9
1130,d02d1e998995915dc736201ce04de6d7b5278b2b,non-expert,f3888486bb31e4283f01f902220195e954cdfa85,9,20,47,with_ai,True,242800,ISIC_8381176,BKL,Benign Keratosis,benign,False,OTHER_BENIGN,False,0.0,20.65,dismiss,False,True,d02d1e998995915dc736201ce04de6d7b5278b2b_242800_9
1131,d02d1e998995915dc736201ce04de6d7b5278b2b,non-expert,f3888486bb31e4283f01f902220195e954cdfa85,9,21,47,without_ai,False,240268,ISIC_1673396,INF,Inflammatory,inflammatory,False,DF,False,0.0,19.73,dismiss,False,True,d02d1e998995915dc736201ce04de6d7b5278b2b_240268_9
1132,d02d1e998995915dc736201ce04de6d7b5278b2b,non-expert,f3888486bb31e4283f01f902220195e954cdfa85,9,22,47,with_ai,True,240268,ISIC_1673396,INF,Inflammatory,inflammatory,False,DF,False,0.0,3.35,dismiss,False,True,d02d1e998995915dc736201ce04de6d7b5278b2b_240268_9
1133,d02d1e998995915dc736201ce04de6d7b5278b2b,non-expert,f3888486bb31e4283f01f902220195e954cdfa85,9,23,47,without_ai,False,240890,ISIC_7009788,DF,Dermatofibroma,benign,False,DF,True,1.0,31.77,dismiss,False,True,d02d1e998995915dc736201ce04de6d7b5278b2b_240890_9
1134,d02d1e998995915dc736201ce04de6d7b5278b2b,non-expert,f3888486bb31e4283f01f902220195e954cdfa85,9,24,47,with_ai,True,240890,ISIC_7009788,DF,Dermatofibroma,benign,False,DF,True,1.0,2.96,dismiss,False,True,d02d1e998995915dc736201ce04de6d7b5278b2b_240890_9
1135,d02d1e998995915dc736201ce04de6d7b5278b2b,non-expert,f3888486bb31e4283f01f902220195e954cdfa85,9,25,47,without_ai,False,241770,ISIC_5820253,AKIEC,Actinic Keratosis,premalignant,True,AKIEC,True,1.0,19.94,local_therapy,True,True,d02d1e998995915dc736201ce04de6d7b5278b2b_241770_9
1136,d02d1e998995915dc736201ce04de6d7b5278b2b,non-expert,f3888486bb31e4283f01f902220195e954cdfa85,9,26,47,with_ai,True,241770,ISIC_5820253,AKIEC,Actinic Keratosis,premalignant,True,AKIEC,True,1.0,34.06,local_therapy,True,True,d02d1e998995915dc736201ce04de6d7b5278b2b_241770_9
1137,d02d1e998995915dc736201ce04de6d7b5278b2b,non-expert,f3888486bb31e4283f01f902220195e954cdfa85,9,27,47,without_ai,False,242014,ISIC_5092532,NV,Melanocytic Nevi,benign,False,BKL,False,0.0,18.86,dismiss,False,True,d02d1e998995915dc736201ce04de6d7b5278b2b_242014_9
1138,d02d1e998995915dc736201ce04de6d7b5278b2b,non-expert,f3888486bb31e4283f01f902220195e954cdfa85,9,28,47,with_ai,True,242014,ISIC_5092532,NV,Melanocytic Nevi,benign,False,BKL,False,0.0,2.12,dismiss,False,True,d02d1e998995915dc736201ce04de6d7b5278b2b_242014_9
1139,d02d1e998995915dc736201ce04de6d7b5278b2b,non-expert,f3888486bb31e4283f01f902220195e954cdfa85,9,29,47,without_ai,False,242281,ISIC_4965110,SCCKA,Squamous Cell Carcinoma,malignant,True,AKIEC,False,0.0,27.76,biopsy,True,True,d02d1e998995915dc736201ce04de6d7b5278b2b_242281_9
1140,d02d1e998995915dc736201ce04de6d7b5278b2b,non-expert,f3888486bb31e4283f01f902220195e954cdfa85,9,30,47,with_ai,True,242281,ISIC_4965110,SCCKA,Squamous Cell Carcinoma,malignant,True,AKIEC,False,0.0,10.37,biopsy,True,True,d02d1e998995915dc736201ce04de6d7b5278b2b_242281_9
1141,8526fe3476073074e912b06e5264ab71cca6da3e,non-expert,15dbd3f93be4fca7f5c00a13b019842dabaf4561,1,1,47,without_ai,False,243969,ISIC_1029957,NV,Melanocytic Nevi,benign,False,NV,True,1.0,25.62,dismiss,False,True,8526fe3476073074e912b06e5264ab71cca6da3e_243969_1
1142,8526fe3476073074e912b06e5264ab71cca6da3e,non-expert,15dbd3f93be4fca7f5c00a13b019842dabaf4561,1,2,47,with_ai,True,243969,ISIC_1029957,NV,Melanocytic Nevi,benign,False,,,,,,False,False,8526fe3476073074e912b06e5264ab71cca6da3e_243969_1
1143,8526fe3476073074e912b06e5264ab71cca6da3e,non-expert,15dbd3f93be4fca7f5c00a13b019842dabaf4561,1,3,47,without_ai,False,241981,ISIC_3678654,AKIEC,Actinic Keratosis,premalignant,True,AKIEC,True,1.0,21.57,biopsy,True,True,8526fe3476073074e912b06e5264ab71cca6da3e_241981_1
1144,8526fe3476073074e912b06e5264ab71cca6da3e,non-expert,15dbd3f93be4fca7f5c00a13b019842dabaf4561,1,4,47,with_ai,True,241981,ISIC_3678654,AKIEC,Actinic Keratosis,premalignant,True,AKIEC,True,1.0,13.25,biopsy,True,True,8526fe3476073074e912b06e5264ab71cca6da3e_241981_1
1145,8526fe3476073074e912b06e5264ab71cca6da3e,non-expert,15dbd3f93be4fca7f5c00a13b019842dabaf4561,1,5,47,without_ai,False,241542,ISIC_8614567,VASC,Vascular Lesions,benign,False,VASC,True,1.0,24.4,local_therapy,True,True,8526fe3476073074e912b06e5264ab71cca6da3e_241542_1
1146,8526fe3476073074e912b06e5264ab71cca6da3e,non-expert,15dbd3f93be4fca7f5c00a13b019842dabaf4561,1,6,47,with_ai,True,241542,ISIC_8614567,VASC,Vascular Lesions,benign,False,VASC,True,1.0,7.79,local_therapy,True,True,8526fe3476073074e912b06e5264ab71cca6da3e_241542_1
1147,8526fe3476073074e912b06e5264ab71cca6da3e,non-expert,15dbd3f93be4fca7f5c00a13b019842dabaf4561,1,7,47,without_ai,False,245101,ISIC_6425898,BKL,Benign Keratosis,benign,False,SCCKA,False,0.0,22.31,biopsy,True,True,8526fe3476073074e912b06e5264ab71cca6da3e_245101_1
1148,8526fe3476073074e912b06e5264ab71cca6da3e,non-expert,15dbd3f93be4fca7f5c00a13b019842dabaf4561,1,8,47,with_ai,True,245101,ISIC_6425898,BKL,Benign Keratosis,benign,False,BCC,False,0.0,7.66,biopsy,True,True,8526fe3476073074e912b06e5264ab71cca6da3e_245101_1
1149,8526fe3476073074e912b06e5264ab71cca6da3e,non-expert,15dbd3f93be4fca7f5c00a13b019842dabaf4561,1,9,47,without_ai,False,243097,ISIC_5659521,BCC,Basal Cell Carcinoma,malignant,True,BCC,True,1.0,19.35,biopsy,True,True,8526fe3476073074e912b06e5264ab71cca6da3e_243097_1
1150,8526fe3476073074e912b06e5264ab71cca6da3e,non-expert,15dbd3f93be4fca7f5c00a13b019842dabaf4561,1,10,47,with_ai,True,243097,ISIC_5659521,BCC,Basal Cell Carcinoma,malignant,True,BCC,True,1.0,5.22,biopsy,True,True,8526fe3476073074e912b06e5264ab71cca6da3e_243097_1
1151,8526fe3476073074e912b06e5264ab71cca6da3e,non-expert,15dbd3f93be4fca7f5c00a13b019842dabaf4561,1,11,47,without_ai,False,242862,ISIC_5509823,BKL,Benign Keratosis,benign,False,AKIEC,False,0.0,14.13,biopsy,True,True,8526fe3476073074e912b06e5264ab71cca6da3e_242862_1
1152,8526fe3476073074e912b06e5264ab71cca6da3e,non-expert,15dbd3f93be4fca7f5c00a13b019842dabaf4561,1,12,47,with_ai,True,242862,ISIC_5509823,BKL,Benign Keratosis,benign,False,AKIEC,False,0.0,3.58,biopsy,True,True,8526fe3476073074e912b06e5264ab71cca6da3e_242862_1
1153,8526fe3476073074e912b06e5264ab71cca6da3e,non-expert,15dbd3f93be4fca7f5c00a13b019842dabaf4561,1,13,47,without_ai,False,245175,ISIC_9357735,MEL,Melanoma,malignant,True,MEL,True,1.0,19.73,biopsy,True,True,8526fe3476073074e912b06e5264ab71cca6da3e_245175_1
1154,8526fe3476073074e912b06e5264ab71cca6da3e,non-expert,15dbd3f93be4fca7f5c00a13b019842dabaf4561,1,14,47,with_ai,True,245175,ISIC_9357735,MEL,Melanoma,malignant,True,MEL,True,1.0,3.09,biopsy,True,True,8526fe3476073074e912b06e5264ab71cca6da3e_245175_1
1155,8526fe3476073074e912b06e5264ab71cca6da3e,non-expert,15dbd3f93be4fca7f5c00a13b019842dabaf4561,1,15,47,without_ai,False,242377,ISIC_6435029,NV,Melanocytic Nevi,benign,False,NV,True,1.0,20.17,monitor,False,True,8526fe3476073074e912b06e5264ab71cca6da3e_242377_1
1156,8526fe3476073074e912b06e5264ab71cca6da3e,non-expert,15dbd3f93be4fca7f5c00a13b019842dabaf4561,1,16,47,with_ai,True,242377,ISIC_6435029,NV,Melanocytic Nevi,benign,False,NV,True,1.0,3.27,monitor,False,True,8526fe3476073074e912b06e5264ab71cca6da3e_242377_1
1157,8526fe3476073074e912b06e5264ab71cca6da3e,non-expert,15dbd3f93be4fca7f5c00a13b019842dabaf4561,1,17,47,without_ai,False,242179,ISIC_7803268,INF,Inflammatory,inflammatory,False,INF,True,1.0,15.03,local_therapy,True,True,8526fe3476073074e912b06e5264ab71cca6da3e_242179_1
1158,8526fe3476073074e912b06e5264ab71cca6da3e,non-expert,15dbd3f93be4fca7f5c00a13b019842dabaf4561,1,18,47,with_ai,True,242179,ISIC_7803268,INF,Inflammatory,inflammatory,False,INF,True,1.0,10.17,local_therapy,True,True,8526fe3476073074e912b06e5264ab71cca6da3e_242179_1
1159,8526fe3476073074e912b06e5264ab71cca6da3e,non-expert,15dbd3f93be4fca7f5c00a13b019842dabaf4561,1,19,47,without_ai,False,242381,ISIC_2340945,NV,Melanocytic Nevi,benign,False,NV,True,1.0,10.17,monitor,False,True,8526fe3476073074e912b06e5264ab71cca6da3e_242381_1
1160,8526fe3476073074e912b06e5264ab71cca6da3e,non-expert,15dbd3f93be4fca7f5c00a13b019842dabaf4561,1,20,47,with_ai,True,242381,ISIC_2340945,NV,Melanocytic Nevi,benign,False,NV,True,1.0,2.23,monitor,False,True,8526fe3476073074e912b06e5264ab71cca6da3e_242381_1
1161,8526fe3476073074e912b06e5264ab71cca6da3e,non-expert,15dbd3f93be4fca7f5c00a13b019842dabaf4561,1,21,47,without_ai,False,240966,ISIC_4740515,MEL,Melanoma,malignant,True,MEL,True,1.0,15.53,biopsy,True,True,8526fe3476073074e912b06e5264ab71cca6da3e_240966_1
1162,8526fe3476073074e912b06e5264ab71cca6da3e,non-expert,15dbd3f93be4fca7f5c00a13b019842dabaf4561,1,22,47,with_ai,True,240966,ISIC_4740515,MEL,Melanoma,malignant,True,MEL,True,1.0,6.32,biopsy,True,True,8526fe3476073074e912b06e5264ab71cca6da3e_240966_1
1163,8526fe3476073074e912b06e5264ab71cca6da3e,non-expert,15dbd3f93be4fca7f5c00a13b019842dabaf4561,1,23,47,without_ai,False,244764,ISIC_1606234,MEL,Melanoma,malignant,True,MEL,True,1.0,18.44,biopsy,True,True,8526fe3476073074e912b06e5264ab71cca6da3e_244764_1
1164,8526fe3476073074e912b06e5264ab71cca6da3e,non-expert,15dbd3f93be4fca7f5c00a13b019842dabaf4561,1,24,47,with_ai,True,244764,ISIC_1606234,MEL,Melanoma,malignant,True,MEL,True,1.0,2.91,biopsy,True,True,8526fe3476073074e912b06e5264ab71cca6da3e_244764_1
1165,8526fe3476073074e912b06e5264ab71cca6da3e,non-expert,15dbd3f93be4fca7f5c00a13b019842dabaf4561,1,25,47,without_ai,False,243663,ISIC_1099345,BCC,Basal Cell Carcinoma,malignant,True,BCC,True,1.0,16.41,biopsy,True,True,8526fe3476073074e912b06e5264ab71cca6da3e_243663_1
1166,8526fe3476073074e912b06e5264ab71cca6da3e,non-expert,15dbd3f93be4fca7f5c00a13b019842dabaf4561,1,26,47,with_ai,True,243663,ISIC_1099345,BCC,Basal Cell Carcinoma,malignant,True,BCC,True,1.0,10.98,biopsy,True,True,8526fe3476073074e912b06e5264ab71cca6da3e_243663_1
1167,8526fe3476073074e912b06e5264ab71cca6da3e,non-expert,15dbd3f93be4fca7f5c00a13b019842dabaf4561,1,27,47,without_ai,False,240395,ISIC_5714368,DF,Dermatofibroma,benign,False,DF,True,1.0,10.92,dismiss,False,True,8526fe3476073074e912b06e5264ab71cca6da3e_240395_1
1168,8526fe3476073074e912b06e5264ab71cca6da3e,non-expert,15dbd3f93be4fca7f5c00a13b019842dabaf4561,1,28,47,with_ai,True,240395,ISIC_5714368,DF,Dermatofibroma,benign,False,DF,True,1.0,4.08,dismiss,False,True,8526fe3476073074e912b06e5264ab71cca6da3e_240395_1
1169,8526fe3476073074e912b06e5264ab71cca6da3e,non-expert,15dbd3f93be4fca7f5c00a13b019842dabaf4561,1,29,47,without_ai,False,240151,ISIC_3199091,SCCKA,Squamous Cell Carcinoma,malignant,True,INF,False,0.0,19.73,dismiss,False,True,8526fe3476073074e912b06e5264ab71cca6da3e_240151_1
1170,8526fe3476073074e912b06e5264ab71cca6da3e,non-expert,15dbd3f93be4fca7f5c00a13b019842dabaf4561,1,30,47,with_ai,True,240151,ISIC_3199091,SCCKA,Squamous Cell Carcinoma,malignant,True,INF,False,0.0,4.43,dismiss,False,True,8526fe3476073074e912b06e5264ab71cca6da3e_240151_1
1201,266d1477296c1b2120e7fe357e168d194b504aa0,non-expert,c5739bd1f31507cddb9c87967c325474fc9bba8d,1,1,47,without_ai,False,240335,ISIC_5017355,NV,Melanocytic Nevi,benign,False,NV,True,1.0,44.03,dismiss,False,True,266d1477296c1b2120e7fe357e168d194b504aa0_240335_1
1202,266d1477296c1b2120e7fe357e168d194b504aa0,non-expert,c5739bd1f31507cddb9c87967c325474fc9bba8d,1,2,47,with_ai,True,240335,ISIC_5017355,NV,Melanocytic Nevi,benign,False,NV,True,1.0,13.09,dismiss,False,True,266d1477296c1b2120e7fe357e168d194b504aa0_240335_1
1203,266d1477296c1b2120e7fe357e168d194b504aa0,non-expert,c5739bd1f31507cddb9c87967c325474fc9bba8d,1,3,47,without_ai,False,241917,ISIC_9188713,BCC,Basal Cell Carcinoma,malignant,True,BCC,True,1.0,19.13,biopsy,True,True,266d1477296c1b2120e7fe357e168d194b504aa0_241917_1
1204,266d1477296c1b2120e7fe357e168d194b504aa0,non-expert,c5739bd1f31507cddb9c87967c325474fc9bba8d,1,4,47,with_ai,True,241917,ISIC_9188713,BCC,Basal Cell Carcinoma,malignant,True,AKIEC,False,0.0,16.69,biopsy,True,True,266d1477296c1b2120e7fe357e168d194b504aa0_241917_1
1205,266d1477296c1b2120e7fe357e168d194b504aa0,non-expert,c5739bd1f31507cddb9c87967c325474fc9bba8d,1,5,47,without_ai,False,240324,ISIC_0305865,MEL,Melanoma,malignant,True,MEL,True,1.0,13.35,biopsy,True,True,266d1477296c1b2120e7fe357e168d194b504aa0_240324_1
1206,266d1477296c1b2120e7fe357e168d194b504aa0,non-expert,c5739bd1f31507cddb9c87967c325474fc9bba8d,1,6,47,with_ai,True,240324,ISIC_0305865,MEL,Melanoma,malignant,True,MEL,True,1.0,4.57,biopsy,True,True,266d1477296c1b2120e7fe357e168d194b504aa0_240324_1
1207,266d1477296c1b2120e7fe357e168d194b504aa0,non-expert,c5739bd1f31507cddb9c87967c325474fc9bba8d,1,7,47,without_ai,False,240877,ISIC_7903287,BCC,Basal Cell Carcinoma,malignant,True,DF,False,0.0,75.19,dismiss,False,True,266d1477296c1b2120e7fe357e168d194b504aa0_240877_1
1208,266d1477296c1b2120e7fe357e168d194b504aa0,non-expert,c5739bd1f31507cddb9c87967c325474fc9bba8d,1,8,47,with_ai,True,240877,ISIC_7903287,BCC,Basal Cell Carcinoma,malignant,True,BCC,True,1.0,16.61,biopsy,True,True,266d1477296c1b2120e7fe357e168d194b504aa0_240877_1
1209,266d1477296c1b2120e7fe357e168d194b504aa0,non-expert,c5739bd1f31507cddb9c87967c325474fc9bba8d,1,9,47,without_ai,False,241302,ISIC_2868896,DF,Dermatofibroma,benign,False,AKIEC,False,0.0,69.78,biopsy,True,True,266d1477296c1b2120e7fe357e168d194b504aa0_241302_1
1210,266d1477296c1b2120e7fe357e168d194b504aa0,non-expert,c5739bd1f31507cddb9c87967c325474fc9bba8d,1,10,47,with_ai,True,241302,ISIC_2868896,DF,Dermatofibroma,benign,False,AKIEC,False,0.0,62.39,biopsy,True,True,266d1477296c1b2120e7fe357e168d194b504aa0_241302_1
1211,266d1477296c1b2120e7fe357e168d194b504aa0,non-expert,c5739bd1f31507cddb9c87967c325474fc9bba8d,1,11,47,without_ai,False,241112,ISIC_4886441,BKL,Benign Keratosis,benign,False,BCC,False,0.0,17.19,biopsy,True,True,266d1477296c1b2120e7fe357e168d194b504aa0_241112_1
1212,266d1477296c1b2120e7fe357e168d194b504aa0,non-expert,c5739bd1f31507cddb9c87967c325474fc9bba8d,1,12,47,with_ai,True,241112,ISIC_4886441,BKL,Benign Keratosis,benign,False,BKL,True,1.0,18.05,biopsy,True,True,266d1477296c1b2120e7fe357e168d194b504aa0_241112_1
1213,266d1477296c1b2120e7fe357e168d194b504aa0,non-expert,c5739bd1f31507cddb9c87967c325474fc9bba8d,1,13,47,without_ai,False,243918,ISIC_1636355,NV,Melanocytic Nevi,benign,False,MEL,False,0.0,10.05,biopsy,True,True,266d1477296c1b2120e7fe357e168d194b504aa0_243918_1
1214,266d1477296c1b2120e7fe357e168d194b504aa0,non-expert,c5739bd1f31507cddb9c87967c325474fc9bba8d,1,14,47,with_ai,True,243918,ISIC_1636355,NV,Melanocytic Nevi,benign,False,MEL,False,0.0,13.26,biopsy,True,True,266d1477296c1b2120e7fe357e168d194b504aa0_243918_1
1215,266d1477296c1b2120e7fe357e168d194b504aa0,non-expert,c5739bd1f31507cddb9c87967c325474fc9bba8d,1,15,47,without_ai,False,243632,ISIC_3511086,MEL,Melanoma,malignant,True,BKL,False,0.0,17.05,biopsy,True,True,266d1477296c1b2120e7fe357e168d194b504aa0_243632_1
1216,266d1477296c1b2120e7fe357e168d194b504aa0,non-expert,c5739bd1f31507cddb9c87967c325474fc9bba8d,1,16,47,with_ai,True,243632,ISIC_3511086,MEL,Melanoma,malignant,True,timeout,False,0.0,120.01,,False,True,266d1477296c1b2120e7fe357e168d194b504aa0_243632_1
1217,266d1477296c1b2120e7fe357e168d194b504aa0,non-expert,c5739bd1f31507cddb9c87967c325474fc9bba8d,1,17,47,without_ai,False,241689,ISIC_6886883,AKIEC,Actinic Keratosis,premalignant,True,,,,,,False,False,266d1477296c1b2120e7fe357e168d194b504aa0_241689_1
1218,266d1477296c1b2120e7fe357e168d194b504aa0,non-expert,c5739bd1f31507cddb9c87967c325474fc9bba8d,1,18,47,with_ai,True,241689,ISIC_6886883,AKIEC,Actinic Keratosis,premalignant,True,AKIEC,True,1.0,46.94,biopsy,True,True,266d1477296c1b2120e7fe357e168d194b504aa0_241689_1
1219,266d1477296c1b2120e7fe357e168d194b504aa0,non-expert,c5739bd1f31507cddb9c87967c325474fc9bba8d,1,19,47,without_ai,False,242677,ISIC_6137075,INF,Inflammatory,inflammatory,False,AKIEC,False,0.0,78.45,biopsy,True,True,266d1477296c1b2120e7fe357e168d194b504aa0_242677_1
1220,266d1477296c1b2120e7fe357e168d194b504aa0,non-expert,c5739bd1f31507cddb9c87967c325474fc9bba8d,1,20,47,with_ai,True,242677,ISIC_6137075,INF,Inflammatory,inflammatory,False,AKIEC,False,0.0,11.36,biopsy,True,True,266d1477296c1b2120e7fe357e168d194b504aa0_242677_1
1221,266d1477296c1b2120e7fe357e168d194b504aa0,non-expert,c5739bd1f31507cddb9c87967c325474fc9bba8d,1,21,47,without_ai,False,245173,ISIC_8171632,SCCKA,Squamous Cell Carcinoma,malignant,True,BCC,False,0.0,13.12,biopsy,True,True,266d1477296c1b2120e7fe357e168d194b504aa0_245173_1
1222,266d1477296c1b2120e7fe357e168d194b504aa0,non-expert,c5739bd1f31507cddb9c87967c325474fc9bba8d,1,22,47,with_ai,True,245173,ISIC_8171632,SCCKA,Squamous Cell Carcinoma,malignant,True,AKIEC,False,0.0,62.79,biopsy,True,True,266d1477296c1b2120e7fe357e168d194b504aa0_245173_1
1223,266d1477296c1b2120e7fe357e168d194b504aa0,non-expert,c5739bd1f31507cddb9c87967c325474fc9bba8d,1,23,47,without_ai,False,241622,ISIC_4821214,VASC,Vascular Lesions,benign,False,VASC,True,1.0,31.99,biopsy,True,True,266d1477296c1b2120e7fe357e168d194b504aa0_241622_1
1224,266d1477296c1b2120e7fe357e168d194b504aa0,non-expert,c5739bd1f31507cddb9c87967c325474fc9bba8d,1,24,47,with_ai,True,241622,ISIC_4821214,VASC,Vascular Lesions,benign,False,VASC,True,1.0,8.17,monitor,False,True,266d1477296c1b2120e7fe357e168d194b504aa0_241622_1
1225,266d1477296c1b2120e7fe357e168d194b504aa0,non-expert,c5739bd1f31507cddb9c87967c325474fc9bba8d,1,25,47,without_ai,False,243031,ISIC_3327928,MEL,Melanoma,malignant,True,BCC,False,0.0,44.25,biopsy,True,True,266d1477296c1b2120e7fe357e168d194b504aa0_243031_1
1226,266d1477296c1b2120e7fe357e168d194b504aa0,non-expert,c5739bd1f31507cddb9c87967c325474fc9bba8d,1,26,47,with_ai,True,243031,ISIC_3327928,MEL,Melanoma,malignant,True,NV,False,0.0,71.04,dismiss,False,True,266d1477296c1b2120e7fe357e168d194b504aa0_243031_1
1227,266d1477296c1b2120e7fe357e168d194b504aa0,non-expert,c5739bd1f31507cddb9c87967c325474fc9bba8d,1,27,47,without_ai,False,240226,ISIC_1895471,NV,Melanocytic Nevi,benign,False,NV,True,1.0,23.28,dismiss,False,True,266d1477296c1b2120e7fe357e168d194b504aa0_240226_1
1228,266d1477296c1b2120e7fe357e168d194b504aa0,non-expert,c5739bd1f31507cddb9c87967c325474fc9bba8d,1,28,47,with_ai,True,240226,ISIC_1895471,NV,Melanocytic Nevi,benign,False,NV,True,1.0,14.14,dismiss,False,True,266d1477296c1b2120e7fe357e168d194b504aa0_240226_1
1229,266d1477296c1b2120e7fe357e168d194b504aa0,non-expert,c5739bd1f31507cddb9c87967c325474fc9bba8d,1,29,47,without_ai,False,244552,ISIC_3405243,BKL,Benign Keratosis,benign,False,MEL,False,0.0,27.72,biopsy,True,True,266d1477296c1b2120e7fe357e168d194b504aa0_244552_1
1230,266d1477296c1b2120e7fe357e168d194b504aa0,non-expert,c5739bd1f31507cddb9c87967c325474fc9bba8d,1,30,47,with_ai,True,244552,ISIC_3405243,BKL,Benign Keratosis,benign,False,MEL,False,0.0,11.41,biopsy,True,True,266d1477296c1b2120e7fe357e168d194b504aa0_244552_1
1261,e2b26e5dc42da0d41928297dd0672cb3975bc732,expert,a13ebb7e757df623e92fdf367306ea701f5f426b,1,1,47,without_ai,False,244588,ISIC_1136271,OTHER_BENIGN,Other Benign,benign,False,OTHER_MALIGNANT,False,0.0,33.26,biopsy,True,True,e2b26e5dc42da0d41928297dd0672cb3975bc732_244588_1
1262,e2b26e5dc42da0d41928297dd0672cb3975bc732,expert,a13ebb7e757df623e92fdf367306ea701f5f426b,1,2,47,with_ai,True,244588,ISIC_1136271,OTHER_BENIGN,Other Benign,benign,False,OTHER_MALIGNANT,False,0.0,8.73,biopsy,True,True,e2b26e5dc42da0d41928297dd0672cb3975bc732_244588_1
1263,e2b26e5dc42da0d41928297dd0672cb3975bc732,expert,a13ebb7e757df623e92fdf367306ea701f5f426b,1,3,47,without_ai,False,244309,ISIC_5785135,MEL,Melanoma,malignant,True,BCC,False,0.0,16.32,biopsy,True,True,e2b26e5dc42da0d41928297dd0672cb3975bc732_244309_1
1264,e2b26e5dc42da0d41928297dd0672cb3975bc732,expert,a13ebb7e757df623e92fdf367306ea701f5f426b,1,4,47,with_ai,True,244309,ISIC_5785135,MEL,Melanoma,malignant,True,OTHER_BENIGN,False,0.0,9.77,monitor,False,True,e2b26e5dc42da0d41928297dd0672cb3975bc732_244309_1
1265,e2b26e5dc42da0d41928297dd0672cb3975bc732,expert,a13ebb7e757df623e92fdf367306ea701f5f426b,1,5,47,without_ai,False,244983,ISIC_8573497,BCC,Basal Cell Carcinoma,malignant,True,INF,False,0.0,15.29,dismiss,False,True,e2b26e5dc42da0d41928297dd0672cb3975bc732_244983_1
1266,e2b26e5dc42da0d41928297dd0672cb3975bc732,expert,a13ebb7e757df623e92fdf367306ea701f5f426b,1,6,47,with_ai,True,244983,ISIC_8573497,BCC,Basal Cell Carcinoma,malignant,True,AKIEC,False,0.0,7.63,biopsy,True,True,e2b26e5dc42da0d41928297dd0672cb3975bc732_244983_1
1267,e2b26e5dc42da0d41928297dd0672cb3975bc732,expert,a13ebb7e757df623e92fdf367306ea701f5f426b,1,7,47,without_ai,False,244308,ISIC_0414164,MEL,Melanoma,malignant,True,MEL,True,1.0,6.05,biopsy,True,True,e2b26e5dc42da0d41928297dd0672cb3975bc732_244308_1
1268,e2b26e5dc42da0d41928297dd0672cb3975bc732,expert,a13ebb7e757df623e92fdf367306ea701f5f426b,1,8,47,with_ai,True,244308,ISIC_0414164,MEL,Melanoma,malignant,True,MEL,True,1.0,3.32,biopsy,True,True,e2b26e5dc42da0d41928297dd0672cb3975bc732_244308_1
1269,e2b26e5dc42da0d41928297dd0672cb3975bc732,expert,a13ebb7e757df623e92fdf367306ea701f5f426b,1,9,47,without_ai,False,240632,ISIC_5103206,NV,Melanocytic Nevi,benign,False,MEL,False,0.0,13.3,biopsy,True,True,e2b26e5dc42da0d41928297dd0672cb3975bc732_240632_1
1270,e2b26e5dc42da0d41928297dd0672cb3975bc732,expert,a13ebb7e757df623e92fdf367306ea701f5f426b,1,10,47,with_ai,True,240632,ISIC_5103206,NV,Melanocytic Nevi,benign,False,BKL,False,0.0,4.82,dismiss,False,True,e2b26e5dc42da0d41928297dd0672cb3975bc732_240632_1
1271,e2b26e5dc42da0d41928297dd0672cb3975bc732,expert,a13ebb7e757df623e92fdf367306ea701f5f426b,1,11,47,without_ai,False,242762,ISIC_8791057,VASC,Vascular Lesions,benign,False,VASC,True,1.0,8.96,dismiss,False,True,e2b26e5dc42da0d41928297dd0672cb3975bc732_242762_1
1272,e2b26e5dc42da0d41928297dd0672cb3975bc732,expert,a13ebb7e757df623e92fdf367306ea701f5f426b,1,12,47,with_ai,True,242762,ISIC_8791057,VASC,Vascular Lesions,benign,False,VASC,True,1.0,4.24,dismiss,False,True,e2b26e5dc42da0d41928297dd0672cb3975bc732_242762_1
1273,e2b26e5dc42da0d41928297dd0672cb3975bc732,expert,a13ebb7e757df623e92fdf367306ea701f5f426b,1,13,47,without_ai,False,241758,ISIC_8102692,BKL,Benign Keratosis,benign,False,BKL,True,1.0,10.01,dismiss,False,True,e2b26e5dc42da0d41928297dd0672cb3975bc732_241758_1
1274,e2b26e5dc42da0d41928297dd0672cb3975bc732,expert,a13ebb7e757df623e92fdf367306ea701f5f426b,1,14,47,with_ai,True,241758,ISIC_8102692,BKL,Benign Keratosis,benign,False,BKL,True,1.0,2.11,dismiss,False,True,e2b26e5dc42da0d41928297dd0672cb3975bc732_241758_1
1275,e2b26e5dc42da0d41928297dd0672cb3975bc732,expert,a13ebb7e757df623e92fdf367306ea701f5f426b,1,15,47,without_ai,False,241329,ISIC_4684596,AKIEC,Actinic Keratosis,premalignant,True,AKIEC,True,1.0,11.84,local_therapy,True,True,e2b26e5dc42da0d41928297dd0672cb3975bc732_241329_1
1276,e2b26e5dc42da0d41928297dd0672cb3975bc732,expert,a13ebb7e757df623e92fdf367306ea701f5f426b,1,16,47,with_ai,True,241329,ISIC_4684596,AKIEC,Actinic Keratosis,premalignant,True,AKIEC,True,1.0,2.48,local_therapy,True,True,e2b26e5dc42da0d41928297dd0672cb3975bc732_241329_1
1277,e2b26e5dc42da0d41928297dd0672cb3975bc732,expert,a13ebb7e757df623e92fdf367306ea701f5f426b,1,17,47,without_ai,False,242050,ISIC_8723719,NV,Melanocytic Nevi,benign,False,BKL,False,0.0,12.12,dismiss,False,True,e2b26e5dc42da0d41928297dd0672cb3975bc732_242050_1
1278,e2b26e5dc42da0d41928297dd0672cb3975bc732,expert,a13ebb7e757df623e92fdf367306ea701f5f426b,1,18,47,with_ai,True,242050,ISIC_8723719,NV,Melanocytic Nevi,benign,False,BKL,False,0.0,1.88,dismiss,False,True,e2b26e5dc42da0d41928297dd0672cb3975bc732_242050_1
1279,e2b26e5dc42da0d41928297dd0672cb3975bc732,expert,a13ebb7e757df623e92fdf367306ea701f5f426b,1,19,47,without_ai,False,243102,ISIC_0368554,BCC,Basal Cell Carcinoma,malignant,True,BCC,True,1.0,6.96,biopsy,True,True,e2b26e5dc42da0d41928297dd0672cb3975bc732_243102_1
1280,e2b26e5dc42da0d41928297dd0672cb3975bc732,expert,a13ebb7e757df623e92fdf367306ea701f5f426b,1,20,47,with_ai,True,243102,ISIC_0368554,BCC,Basal Cell Carcinoma,malignant,True,BCC,True,1.0,1.92,biopsy,True,True,e2b26e5dc42da0d41928297dd0672cb3975bc732_243102_1
1281,e2b26e5dc42da0d41928297dd0672cb3975bc732,expert,a13ebb7e757df623e92fdf367306ea701f5f426b,1,21,47,without_ai,False,242761,ISIC_2613429,SCCKA,Squamous Cell Carcinoma,malignant,True,SCCKA,True,1.0,6.82,biopsy,True,True,e2b26e5dc42da0d41928297dd0672cb3975bc732_242761_1
1282,e2b26e5dc42da0d41928297dd0672cb3975bc732,expert,a13ebb7e757df623e92fdf367306ea701f5f426b,1,22,47,with_ai,True,242761,ISIC_2613429,SCCKA,Squamous Cell Carcinoma,malignant,True,SCCKA,True,1.0,3.03,biopsy,True,True,e2b26e5dc42da0d41928297dd0672cb3975bc732_242761_1
1283,e2b26e5dc42da0d41928297dd0672cb3975bc732,expert,a13ebb7e757df623e92fdf367306ea701f5f426b,1,23,47,without_ai,False,243041,ISIC_7215858,BCC,Basal Cell Carcinoma,malignant,True,MEL,False,0.0,18.29,biopsy,True,True,e2b26e5dc42da0d41928297dd0672cb3975bc732_243041_1
1284,e2b26e5dc42da0d41928297dd0672cb3975bc732,expert,a13ebb7e757df623e92fdf367306ea701f5f426b,1,24,47,with_ai,True,243041,ISIC_7215858,BCC,Basal Cell Carcinoma,malignant,True,MEL,False,0.0,2.78,biopsy,True,True,e2b26e5dc42da0d41928297dd0672cb3975bc732_243041_1
1285,e2b26e5dc42da0d41928297dd0672cb3975bc732,expert,a13ebb7e757df623e92fdf367306ea701f5f426b,1,25,47,without_ai,False,240034,ISIC_3175755,BKL,Benign Keratosis,benign,False,NV,False,0.0,6.8,monitor,False,True,e2b26e5dc42da0d41928297dd0672cb3975bc732_240034_1
1286,e2b26e5dc42da0d41928297dd0672cb3975bc732,expert,a13ebb7e757df623e92fdf367306ea701f5f426b,1,26,47,with_ai,True,240034,ISIC_3175755,BKL,Benign Keratosis,benign,False,NV,False,0.0,1.97,monitor,False,True,e2b26e5dc42da0d41928297dd0672cb3975bc732_240034_1
1287,e2b26e5dc42da0d41928297dd0672cb3975bc732,expert,a13ebb7e757df623e92fdf367306ea701f5f426b,1,27,47,without_ai,False,241899,ISIC_1009475,NV,Melanocytic Nevi,benign,False,NV,True,1.0,5.28,dismiss,False,True,e2b26e5dc42da0d41928297dd0672cb3975bc732_241899_1
1288,e2b26e5dc42da0d41928297dd0672cb3975bc732,expert,a13ebb7e757df623e92fdf367306ea701f5f426b,1,28,47,with_ai,True,241899,ISIC_1009475,NV,Melanocytic Nevi,benign,False,NV,True,1.0,1.58,dismiss,False,True,e2b26e5dc42da0d41928297dd0672cb3975bc732_241899_1
1289,e2b26e5dc42da0d41928297dd0672cb3975bc732,expert,a13ebb7e757df623e92fdf367306ea701f5f426b,1,29,47,without_ai,False,241302,ISIC_2868896,DF,Dermatofibroma,benign,False,DF,True,1.0,18.55,dismiss,False,True,e2b26e5dc42da0d41928297dd0672cb3975bc732_241302_1
1290,e2b26e5dc42da0d41928297dd0672cb3975bc732,expert,a13ebb7e757df623e92fdf367306ea701f5f426b,1,30,47,with_ai,True,241302,ISIC_2868896,DF,Dermatofibroma,benign,False,DF,True,1.0,6.3,dismiss,False,True,e2b26e5dc42da0d41928297dd0672cb3975bc732_241302_1
1291,9167a29eb6d5f01c4228864b1e7e6624e138e3af,expert,a72f88716e10a26ec6bf565e448e671a33c4e526,1,1,47,without_ai,False,243116,ISIC_2669811,BCC,Basal Cell Carcinoma,malignant,True,BCC,True,1.0,10.86,biopsy,True,True,9167a29eb6d5f01c4228864b1e7e6624e138e3af_243116_1
1292,9167a29eb6d5f01c4228864b1e7e6624e138e3af,expert,a72f88716e10a26ec6bf565e448e671a33c4e526,1,2,47,with_ai,True,243116,ISIC_2669811,BCC,Basal Cell Carcinoma,malignant,True,BCC,True,1.0,4.62,biopsy,True,True,9167a29eb6d5f01c4228864b1e7e6624e138e3af_243116_1
1293,9167a29eb6d5f01c4228864b1e7e6624e138e3af,expert,a72f88716e10a26ec6bf565e448e671a33c4e526,1,3,47,without_ai,False,240316,ISIC_0598387,MEL,Melanoma,malignant,True,MEL,True,1.0,7.24,biopsy,True,True,9167a29eb6d5f01c4228864b1e7e6624e138e3af_240316_1
1294,9167a29eb6d5f01c4228864b1e7e6624e138e3af,expert,a72f88716e10a26ec6bf565e448e671a33c4e526,1,4,47,with_ai,True,240316,ISIC_0598387,MEL,Melanoma,malignant,True,MEL,True,1.0,3.52,biopsy,True,True,9167a29eb6d5f01c4228864b1e7e6624e138e3af_240316_1
1295,9167a29eb6d5f01c4228864b1e7e6624e138e3af,expert,a72f88716e10a26ec6bf565e448e671a33c4e526,1,5,47,without_ai,False,241072,ISIC_8260534,BCC,Basal Cell Carcinoma,malignant,True,BCC,True,1.0,12.09,biopsy,True,True,9167a29eb6d5f01c4228864b1e7e6624e138e3af_241072_1
1296,9167a29eb6d5f01c4228864b1e7e6624e138e3af,expert,a72f88716e10a26ec6bf565e448e671a33c4e526,1,6,47,with_ai,True,241072,ISIC_8260534,BCC,Basal Cell Carcinoma,malignant,True,BCC,True,1.0,4.37,biopsy,True,True,9167a29eb6d5f01c4228864b1e7e6624e138e3af_241072_1
1297,9167a29eb6d5f01c4228864b1e7e6624e138e3af,expert,a72f88716e10a26ec6bf565e448e671a33c4e526,1,7,47,without_ai,False,241095,ISIC_9157592,DF,Dermatofibroma,benign,False,BCC,False,0.0,12.17,biopsy,True,True,9167a29eb6d5f01c4228864b1e7e6624e138e3af_241095_1
1298,9167a29eb6d5f01c4228864b1e7e6624e138e3af,expert,a72f88716e10a26ec6bf565e448e671a33c4e526,1,8,47,with_ai,True,241095,ISIC_9157592,DF,Dermatofibroma,benign,False,AKIEC,False,0.0,14.54,biopsy,True,True,9167a29eb6d5f01c4228864b1e7e6624e138e3af_241095_1
1299,9167a29eb6d5f01c4228864b1e7e6624e138e3af,expert,a72f88716e10a26ec6bf565e448e671a33c4e526,1,9,47,without_ai,False,240430,ISIC_2769033,BKL,Benign Keratosis,benign,False,SCCKA,False,0.0,8.69,biopsy,True,True,9167a29eb6d5f01c4228864b1e7e6624e138e3af_240430_1
1300,9167a29eb6d5f01c4228864b1e7e6624e138e3af,expert,a72f88716e10a26ec6bf565e448e671a33c4e526,1,10,47,with_ai,True,240430,ISIC_2769033,BKL,Benign Keratosis,benign,False,SCCKA,False,0.0,12.44,biopsy,True,True,9167a29eb6d5f01c4228864b1e7e6624e138e3af_240430_1
1301,9167a29eb6d5f01c4228864b1e7e6624e138e3af,expert,a72f88716e10a26ec6bf565e448e671a33c4e526,1,11,47,without_ai,False,243632,ISIC_3511086,MEL,Melanoma,malignant,True,MEL,True,1.0,6.54,biopsy,True,True,9167a29eb6d5f01c4228864b1e7e6624e138e3af_243632_1
1302,9167a29eb6d5f01c4228864b1e7e6624e138e3af,expert,a72f88716e10a26ec6bf565e448e671a33c4e526,1,12,47,with_ai,True,243632,ISIC_3511086,MEL,Melanoma,malignant,True,MEL,True,1.0,4.18,biopsy,True,True,9167a29eb6d5f01c4228864b1e7e6624e138e3af_243632_1
1303,9167a29eb6d5f01c4228864b1e7e6624e138e3af,expert,a72f88716e10a26ec6bf565e448e671a33c4e526,1,13,47,without_ai,False,242142,ISIC_5209351,SCCKA,Squamous Cell Carcinoma,malignant,True,SCCKA,True,1.0,9.87,biopsy,True,True,9167a29eb6d5f01c4228864b1e7e6624e138e3af_242142_1
1304,9167a29eb6d5f01c4228864b1e7e6624e138e3af,expert,a72f88716e10a26ec6bf565e448e671a33c4e526,1,14,47,with_ai,True,242142,ISIC_5209351,SCCKA,Squamous Cell Carcinoma,malignant,True,SCCKA,True,1.0,5.48,biopsy,True,True,9167a29eb6d5f01c4228864b1e7e6624e138e3af_242142_1
1305,9167a29eb6d5f01c4228864b1e7e6624e138e3af,expert,a72f88716e10a26ec6bf565e448e671a33c4e526,1,15,47,without_ai,False,240887,ISIC_2252587,INF,Inflammatory,inflammatory,False,BCC,False,0.0,7.27,biopsy,True,True,9167a29eb6d5f01c4228864b1e7e6624e138e3af_240887_1
1306,9167a29eb6d5f01c4228864b1e7e6624e138e3af,expert,a72f88716e10a26ec6bf565e448e671a33c4e526,1,16,47,with_ai,True,240887,ISIC_2252587,INF,Inflammatory,inflammatory,False,BCC,False,0.0,3.66,biopsy,True,True,9167a29eb6d5f01c4228864b1e7e6624e138e3af_240887_1
1307,9167a29eb6d5f01c4228864b1e7e6624e138e3af,expert,a72f88716e10a26ec6bf565e448e671a33c4e526,1,17,47,without_ai,False,241418,ISIC_1221689,NV,Melanocytic Nevi,benign,False,NV,True,1.0,7.12,monitor,False,True,9167a29eb6d5f01c4228864b1e7e6624e138e3af_241418_1
1308,9167a29eb6d5f01c4228864b1e7e6624e138e3af,expert,a72f88716e10a26ec6bf565e448e671a33c4e526,1,18,47,with_ai,True,241418,ISIC_1221689,NV,Melanocytic Nevi,benign,False,NV,True,1.0,3.17,monitor,False,True,9167a29eb6d5f01c4228864b1e7e6624e138e3af_241418_1
1309,9167a29eb6d5f01c4228864b1e7e6624e138e3af,expert,a72f88716e10a26ec6bf565e448e671a33c4e526,1,19,47,without_ai,False,240324,ISIC_0305865,MEL,Melanoma,malignant,True,MEL,True,1.0,9.62,biopsy,True,True,9167a29eb6d5f01c4228864b1e7e6624e138e3af_240324_1
1310,9167a29eb6d5f01c4228864b1e7e6624e138e3af,expert,a72f88716e10a26ec6bf565e448e671a33c4e526,1,20,47,with_ai,True,240324,ISIC_0305865,MEL,Melanoma,malignant,True,MEL,True,1.0,4.77,biopsy,True,True,9167a29eb6d5f01c4228864b1e7e6624e138e3af_240324_1
1311,9167a29eb6d5f01c4228864b1e7e6624e138e3af,expert,a72f88716e10a26ec6bf565e448e671a33c4e526,1,21,47,without_ai,False,245210,ISIC_9361398,NV,Melanocytic Nevi,benign,False,NV,True,1.0,14.93,monitor,False,True,9167a29eb6d5f01c4228864b1e7e6624e138e3af_245210_1
1312,9167a29eb6d5f01c4228864b1e7e6624e138e3af,expert,a72f88716e10a26ec6bf565e448e671a33c4e526,1,22,47,with_ai,True,245210,ISIC_9361398,NV,Melanocytic Nevi,benign,False,NV,True,1.0,17.81,biopsy,True,True,9167a29eb6d5f01c4228864b1e7e6624e138e3af_245210_1
1313,9167a29eb6d5f01c4228864b1e7e6624e138e3af,expert,a72f88716e10a26ec6bf565e448e671a33c4e526,1,23,47,without_ai,False,241136,ISIC_9404484,BKL,Benign Keratosis,benign,False,BKL,True,1.0,5.52,dismiss,False,True,9167a29eb6d5f01c4228864b1e7e6624e138e3af_241136_1
1314,9167a29eb6d5f01c4228864b1e7e6624e138e3af,expert,a72f88716e10a26ec6bf565e448e671a33c4e526,1,24,47,with_ai,True,241136,ISIC_9404484,BKL,Benign Keratosis,benign,False,BKL,True,1.0,3.93,dismiss,False,True,9167a29eb6d5f01c4228864b1e7e6624e138e3af_241136_1
1315,9167a29eb6d5f01c4228864b1e7e6624e138e3af,expert,a72f88716e10a26ec6bf565e448e671a33c4e526,1,25,47,without_ai,False,242139,ISIC_3734095,NV,Melanocytic Nevi,benign,False,MEL,False,0.0,7.33,biopsy,True,True,9167a29eb6d5f01c4228864b1e7e6624e138e3af_242139_1
1316,9167a29eb6d5f01c4228864b1e7e6624e138e3af,expert,a72f88716e10a26ec6bf565e448e671a33c4e526,1,26,47,with_ai,True,242139,ISIC_3734095,NV,Melanocytic Nevi,benign,False,MEL,False,0.0,6.53,biopsy,True,True,9167a29eb6d5f01c4228864b1e7e6624e138e3af_242139_1
1317,9167a29eb6d5f01c4228864b1e7e6624e138e3af,expert,a72f88716e10a26ec6bf565e448e671a33c4e526,1,27,47,without_ai,False,244437,ISIC_3428486,AKIEC,Actinic Keratosis,premalignant,True,AKIEC,True,1.0,14.97,biopsy,True,True,9167a29eb6d5f01c4228864b1e7e6624e138e3af_244437_1
1318,9167a29eb6d5f01c4228864b1e7e6624e138e3af,expert,a72f88716e10a26ec6bf565e448e671a33c4e526,1,28,47,with_ai,True,244437,ISIC_3428486,AKIEC,Actinic Keratosis,premalignant,True,AKIEC,True,1.0,3.43,biopsy,True,True,9167a29eb6d5f01c4228864b1e7e6624e138e3af_244437_1
1319,9167a29eb6d5f01c4228864b1e7e6624e138e3af,expert,a72f88716e10a26ec6bf565e448e671a33c4e526,1,29,47,without_ai,False,241124,ISIC_0417486,VASC,Vascular Lesions,benign,False,VASC,True,1.0,5.86,dismiss,False,True,9167a29eb6d5f01c4228864b1e7e6624e138e3af_241124_1
1320,9167a29eb6d5f01c4228864b1e7e6624e138e3af,expert,a72f88716e10a26ec6bf565e448e671a33c4e526,1,30,47,with_ai,True,241124,ISIC_0417486,VASC,Vascular Lesions,benign,False,VASC,True,1.0,6.9,dismiss,False,True,9167a29eb6d5f01c4228864b1e7e6624e138e3af_241124_1
1321,9167a29eb6d5f01c4228864b1e7e6624e138e3af,expert,b69b4d50bd8df7599746b8024647d9aa0ccb3ed5,2,1,47,without_ai,False,240191,ISIC_8462138,VASC,Vascular Lesions,benign,False,VASC,True,1.0,14.65,dismiss,False,True,9167a29eb6d5f01c4228864b1e7e6624e138e3af_240191_2
1322,9167a29eb6d5f01c4228864b1e7e6624e138e3af,expert,b69b4d50bd8df7599746b8024647d9aa0ccb3ed5,2,2,47,with_ai,True,240191,ISIC_8462138,VASC,Vascular Lesions,benign,False,VASC,True,1.0,8.19,dismiss,False,True,9167a29eb6d5f01c4228864b1e7e6624e138e3af_240191_2
1323,9167a29eb6d5f01c4228864b1e7e6624e138e3af,expert,b69b4d50bd8df7599746b8024647d9aa0ccb3ed5,2,3,47,without_ai,False,244134,ISIC_9268987,AKIEC,Actinic Keratosis,premalignant,True,AKIEC,True,1.0,7.28,local_therapy,True,True,9167a29eb6d5f01c4228864b1e7e6624e138e3af_244134_2
1324,9167a29eb6d5f01c4228864b1e7e6624e138e3af,expert,b69b4d50bd8df7599746b8024647d9aa0ccb3ed5,2,4,47,with_ai,True,244134,ISIC_9268987,AKIEC,Actinic Keratosis,premalignant,True,AKIEC,True,1.0,8.23,local_therapy,True,True,9167a29eb6d5f01c4228864b1e7e6624e138e3af_244134_2
1325,9167a29eb6d5f01c4228864b1e7e6624e138e3af,expert,b69b4d50bd8df7599746b8024647d9aa0ccb3ed5,2,5,47,without_ai,False,242905,ISIC_2031349,NV,Melanocytic Nevi,benign,False,NV,True,1.0,4.35,dismiss,False,True,9167a29eb6d5f01c4228864b1e7e6624e138e3af_242905_2
1326,9167a29eb6d5f01c4228864b1e7e6624e138e3af,expert,b69b4d50bd8df7599746b8024647d9aa0ccb3ed5,2,6,47,with_ai,True,242905,ISIC_2031349,NV,Melanocytic Nevi,benign,False,NV,True,1.0,4.62,dismiss,False,True,9167a29eb6d5f01c4228864b1e7e6624e138e3af_242905_2
1327,9167a29eb6d5f01c4228864b1e7e6624e138e3af,expert,b69b4d50bd8df7599746b8024647d9aa0ccb3ed5,2,7,47,without_ai,False,243249,ISIC_0734414,MEL,Melanoma,malignant,True,MEL,True,1.0,10.65,biopsy,True,True,9167a29eb6d5f01c4228864b1e7e6624e138e3af_243249_2
1328,9167a29eb6d5f01c4228864b1e7e6624e138e3af,expert,b69b4d50bd8df7599746b8024647d9aa0ccb3ed5,2,8,47,with_ai,True,243249,ISIC_0734414,MEL,Melanoma,malignant,True,MEL,True,1.0,4.93,biopsy,True,True,9167a29eb6d5f01c4228864b1e7e6624e138e3af_243249_2
1329,9167a29eb6d5f01c4228864b1e7e6624e138e3af,expert,b69b4d50bd8df7599746b8024647d9aa0ccb3ed5,2,9,47,without_ai,False,241354,ISIC_5744822,SCCKA,Squamous Cell Carcinoma,malignant,True,SCCKA,True,1.0,9.9,biopsy,True,True,9167a29eb6d5f01c4228864b1e7e6624e138e3af_241354_2
1330,9167a29eb6d5f01c4228864b1e7e6624e138e3af,expert,b69b4d50bd8df7599746b8024647d9aa0ccb3ed5,2,10,47,with_ai,True,241354,ISIC_5744822,SCCKA,Squamous Cell Carcinoma,malignant,True,SCCKA,True,1.0,4.62,biopsy,True,True,9167a29eb6d5f01c4228864b1e7e6624e138e3af_241354_2
1331,9167a29eb6d5f01c4228864b1e7e6624e138e3af,expert,b69b4d50bd8df7599746b8024647d9aa0ccb3ed5,2,11,47,without_ai,False,241626,ISIC_2993083,SCCKA,Squamous Cell Carcinoma,malignant,True,SCCKA,True,1.0,8.15,biopsy,True,True,9167a29eb6d5f01c4228864b1e7e6624e138e3af_241626_2
1332,9167a29eb6d5f01c4228864b1e7e6624e138e3af,expert,b69b4d50bd8df7599746b8024647d9aa0ccb3ed5,2,12,47,with_ai,True,241626,ISIC_2993083,SCCKA,Squamous Cell Carcinoma,malignant,True,SCCKA,True,1.0,2.62,biopsy,True,True,9167a29eb6d5f01c4228864b1e7e6624e138e3af_241626_2
1333,9167a29eb6d5f01c4228864b1e7e6624e138e3af,expert,b69b4d50bd8df7599746b8024647d9aa0ccb3ed5,2,13,47,without_ai,False,244675,ISIC_1102915,BKL,Benign Keratosis,benign,False,NV,False,0.0,8.07,dismiss,False,True,9167a29eb6d5f01c4228864b1e7e6624e138e3af_244675_2
1334,9167a29eb6d5f01c4228864b1e7e6624e138e3af,expert,b69b4d50bd8df7599746b8024647d9aa0ccb3ed5,2,14,47,with_ai,True,244675,ISIC_1102915,BKL,Benign Keratosis,benign,False,BKL,True,1.0,12.43,dismiss,False,True,9167a29eb6d5f01c4228864b1e7e6624e138e3af_244675_2
1335,9167a29eb6d5f01c4228864b1e7e6624e138e3af,expert,b69b4d50bd8df7599746b8024647d9aa0ccb3ed5,2,15,47,without_ai,False,241302,ISIC_2868896,DF,Dermatofibroma,benign,False,AKIEC,False,0.0,5.75,local_therapy,True,True,9167a29eb6d5f01c4228864b1e7e6624e138e3af_241302_2
1336,9167a29eb6d5f01c4228864b1e7e6624e138e3af,expert,b69b4d50bd8df7599746b8024647d9aa0ccb3ed5,2,16,47,with_ai,True,241302,ISIC_2868896,DF,Dermatofibroma,benign,False,AKIEC,False,0.0,4.1,local_therapy,True,True,9167a29eb6d5f01c4228864b1e7e6624e138e3af_241302_2
1337,9167a29eb6d5f01c4228864b1e7e6624e138e3af,expert,b69b4d50bd8df7599746b8024647d9aa0ccb3ed5,2,17,47,without_ai,False,244952,ISIC_7729052,BCC,Basal Cell Carcinoma,malignant,True,SCCKA,False,0.0,10.14,biopsy,True,True,9167a29eb6d5f01c4228864b1e7e6624e138e3af_244952_2
1338,9167a29eb6d5f01c4228864b1e7e6624e138e3af,expert,b69b4d50bd8df7599746b8024647d9aa0ccb3ed5,2,18,47,with_ai,True,244952,ISIC_7729052,BCC,Basal Cell Carcinoma,malignant,True,AKIEC,False,0.0,6.82,local_therapy,True,True,9167a29eb6d5f01c4228864b1e7e6624e138e3af_244952_2
1339,9167a29eb6d5f01c4228864b1e7e6624e138e3af,expert,b69b4d50bd8df7599746b8024647d9aa0ccb3ed5,2,19,47,without_ai,False,242596,ISIC_3431348,MEL,Melanoma,malignant,True,MEL,True,1.0,9.25,biopsy,True,True,9167a29eb6d5f01c4228864b1e7e6624e138e3af_242596_2
1340,9167a29eb6d5f01c4228864b1e7e6624e138e3af,expert,b69b4d50bd8df7599746b8024647d9aa0ccb3ed5,2,20,47,with_ai,True,242596,ISIC_3431348,MEL,Melanoma,malignant,True,MEL,True,1.0,3.95,biopsy,True,True,9167a29eb6d5f01c4228864b1e7e6624e138e3af_242596_2
1341,9167a29eb6d5f01c4228864b1e7e6624e138e3af,expert,b69b4d50bd8df7599746b8024647d9aa0ccb3ed5,2,21,47,without_ai,False,244653,ISIC_5372934,NV,Melanocytic Nevi,benign,False,NV,True,1.0,13.47,monitor,False,True,9167a29eb6d5f01c4228864b1e7e6624e138e3af_244653_2
1342,9167a29eb6d5f01c4228864b1e7e6624e138e3af,expert,b69b4d50bd8df7599746b8024647d9aa0ccb3ed5,2,22,47,with_ai,True,244653,ISIC_5372934,NV,Melanocytic Nevi,benign,False,NV,True,1.0,3.37,monitor,False,True,9167a29eb6d5f01c4228864b1e7e6624e138e3af_244653_2
1343,9167a29eb6d5f01c4228864b1e7e6624e138e3af,expert,b69b4d50bd8df7599746b8024647d9aa0ccb3ed5,2,23,47,without_ai,False,244253,ISIC_0165198,OTHER_BENIGN,Other Benign,benign,False,OTHER_BENIGN,True,1.0,9.43,dismiss,False,True,9167a29eb6d5f01c4228864b1e7e6624e138e3af_244253_2
1344,9167a29eb6d5f01c4228864b1e7e6624e138e3af,expert,b69b4d50bd8df7599746b8024647d9aa0ccb3ed5,2,24,47,with_ai,True,244253,ISIC_0165198,OTHER_BENIGN,Other Benign,benign,False,OTHER_BENIGN,True,1.0,5.48,dismiss,False,True,9167a29eb6d5f01c4228864b1e7e6624e138e3af_244253_2
1345,9167a29eb6d5f01c4228864b1e7e6624e138e3af,expert,b69b4d50bd8df7599746b8024647d9aa0ccb3ed5,2,25,47,without_ai,False,243663,ISIC_1099345,BCC,Basal Cell Carcinoma,malignant,True,BCC,True,1.0,16.31,biopsy,True,True,9167a29eb6d5f01c4228864b1e7e6624e138e3af_243663_2
1346,9167a29eb6d5f01c4228864b1e7e6624e138e3af,expert,b69b4d50bd8df7599746b8024647d9aa0ccb3ed5,2,26,47,with_ai,True,243663,ISIC_1099345,BCC,Basal Cell Carcinoma,malignant,True,BCC,True,1.0,5.73,biopsy,True,True,9167a29eb6d5f01c4228864b1e7e6624e138e3af_243663_2
1347,9167a29eb6d5f01c4228864b1e7e6624e138e3af,expert,b69b4d50bd8df7599746b8024647d9aa0ccb3ed5,2,27,47,without_ai,False,244290,ISIC_7116818,NV,Melanocytic Nevi,benign,False,MEL,False,0.0,14.28,biopsy,True,True,9167a29eb6d5f01c4228864b1e7e6624e138e3af_244290_2
1348,9167a29eb6d5f01c4228864b1e7e6624e138e3af,expert,b69b4d50bd8df7599746b8024647d9aa0ccb3ed5,2,28,47,with_ai,True,244290,ISIC_7116818,NV,Melanocytic Nevi,benign,False,MEL,False,0.0,5.95,biopsy,True,True,9167a29eb6d5f01c4228864b1e7e6624e138e3af_244290_2
1349,9167a29eb6d5f01c4228864b1e7e6624e138e3af,expert,b69b4d50bd8df7599746b8024647d9aa0ccb3ed5,2,29,47,without_ai,False,243654,ISIC_9594263,BKL,Benign Keratosis,benign,False,MEL,False,0.0,25.48,biopsy,True,True,9167a29eb6d5f01c4228864b1e7e6624e138e3af_243654_2
1350,9167a29eb6d5f01c4228864b1e7e6624e138e3af,expert,b69b4d50bd8df7599746b8024647d9aa0ccb3ed5,2,30,47,with_ai,True,243654,ISIC_9594263,BKL,Benign Keratosis,benign,False,MEL,False,0.0,6.25,biopsy,True,True,9167a29eb6d5f01c4228864b1e7e6624e138e3af_243654_2
1351,9167a29eb6d5f01c4228864b1e7e6624e138e3af,expert,b9cdf37cf5d91e6ad5b2f4725ca673f3b4733f8e,3,1,47,without_ai,False,245087,ISIC_5651049,MEL,Melanoma,malignant,True,MEL,True,1.0,7.62,biopsy,True,True,9167a29eb6d5f01c4228864b1e7e6624e138e3af_245087_3
1352,9167a29eb6d5f01c4228864b1e7e6624e138e3af,expert,b9cdf37cf5d91e6ad5b2f4725ca673f3b4733f8e,3,2,47,with_ai,True,245087,ISIC_5651049,MEL,Melanoma,malignant,True,MEL,True,1.0,3.25,biopsy,True,True,9167a29eb6d5f01c4228864b1e7e6624e138e3af_245087_3
1353,9167a29eb6d5f01c4228864b1e7e6624e138e3af,expert,b9cdf37cf5d91e6ad5b2f4725ca673f3b4733f8e,3,3,47,without_ai,False,244623,ISIC_3042275,SCCKA,Squamous Cell Carcinoma,malignant,True,SCCKA,True,1.0,10.95,biopsy,True,True,9167a29eb6d5f01c4228864b1e7e6624e138e3af_244623_3
1354,9167a29eb6d5f01c4228864b1e7e6624e138e3af,expert,b9cdf37cf5d91e6ad5b2f4725ca673f3b4733f8e,3,4,47,with_ai,True,244623,ISIC_3042275,SCCKA,Squamous Cell Carcinoma,malignant,True,SCCKA,True,1.0,11.87,biopsy,True,True,9167a29eb6d5f01c4228864b1e7e6624e138e3af_244623_3
1355,9167a29eb6d5f01c4228864b1e7e6624e138e3af,expert,b9cdf37cf5d91e6ad5b2f4725ca673f3b4733f8e,3,5,47,without_ai,False,244674,ISIC_8981897,DF,Dermatofibroma,benign,False,DF,True,1.0,7.73,dismiss,False,True,9167a29eb6d5f01c4228864b1e7e6624e138e3af_244674_3
1356,9167a29eb6d5f01c4228864b1e7e6624e138e3af,expert,b9cdf37cf5d91e6ad5b2f4725ca673f3b4733f8e,3,6,47,with_ai,True,244674,ISIC_8981897,DF,Dermatofibroma,benign,False,DF,True,1.0,6.53,dismiss,False,True,9167a29eb6d5f01c4228864b1e7e6624e138e3af_244674_3
1357,9167a29eb6d5f01c4228864b1e7e6624e138e3af,expert,b9cdf37cf5d91e6ad5b2f4725ca673f3b4733f8e,3,7,47,without_ai,False,244065,ISIC_7101909,BCC,Basal Cell Carcinoma,malignant,True,BCC,True,1.0,6.34,biopsy,True,True,9167a29eb6d5f01c4228864b1e7e6624e138e3af_244065_3
1358,9167a29eb6d5f01c4228864b1e7e6624e138e3af,expert,b9cdf37cf5d91e6ad5b2f4725ca673f3b4733f8e,3,8,47,with_ai,True,244065,ISIC_7101909,BCC,Basal Cell Carcinoma,malignant,True,BCC,True,1.0,4.65,biopsy,True,True,9167a29eb6d5f01c4228864b1e7e6624e138e3af_244065_3
1359,9167a29eb6d5f01c4228864b1e7e6624e138e3af,expert,b9cdf37cf5d91e6ad5b2f4725ca673f3b4733f8e,3,9,47,without_ai,False,240994,ISIC_3482891,NV,Melanocytic Nevi,benign,False,MEL,False,0.0,5.79,biopsy,True,True,9167a29eb6d5f01c4228864b1e7e6624e138e3af_240994_3
1360,9167a29eb6d5f01c4228864b1e7e6624e138e3af,expert,b9cdf37cf5d91e6ad5b2f4725ca673f3b4733f8e,3,10,47,with_ai,True,240994,ISIC_3482891,NV,Melanocytic Nevi,benign,False,MEL,False,0.0,8.67,biopsy,True,True,9167a29eb6d5f01c4228864b1e7e6624e138e3af_240994_3
1361,9167a29eb6d5f01c4228864b1e7e6624e138e3af,expert,b9cdf37cf5d91e6ad5b2f4725ca673f3b4733f8e,3,11,47,without_ai,False,244416,ISIC_1860202,AKIEC,Actinic Keratosis,premalignant,True,AKIEC,True,1.0,12.65,biopsy,True,True,9167a29eb6d5f01c4228864b1e7e6624e138e3af_244416_3
1362,9167a29eb6d5f01c4228864b1e7e6624e138e3af,expert,b9cdf37cf5d91e6ad5b2f4725ca673f3b4733f8e,3,12,47,with_ai,True,244416,ISIC_1860202,AKIEC,Actinic Keratosis,premalignant,True,AKIEC,True,1.0,9.47,biopsy,True,True,9167a29eb6d5f01c4228864b1e7e6624e138e3af_244416_3
1363,9167a29eb6d5f01c4228864b1e7e6624e138e3af,expert,b9cdf37cf5d91e6ad5b2f4725ca673f3b4733f8e,3,13,47,without_ai,False,240632,ISIC_5103206,NV,Melanocytic Nevi,benign,False,MEL,False,0.0,21.55,biopsy,True,True,9167a29eb6d5f01c4228864b1e7e6624e138e3af_240632_3
1364,9167a29eb6d5f01c4228864b1e7e6624e138e3af,expert,b9cdf37cf5d91e6ad5b2f4725ca673f3b4733f8e,3,14,47,with_ai,True,240632,ISIC_5103206,NV,Melanocytic Nevi,benign,False,MEL,False,0.0,6.23,biopsy,True,True,9167a29eb6d5f01c4228864b1e7e6624e138e3af_240632_3
1365,9167a29eb6d5f01c4228864b1e7e6624e138e3af,expert,b9cdf37cf5d91e6ad5b2f4725ca673f3b4733f8e,3,15,47,without_ai,False,241936,ISIC_5787263,BCC,Basal Cell Carcinoma,malignant,True,BCC,True,1.0,11.56,biopsy,True,True,9167a29eb6d5f01c4228864b1e7e6624e138e3af_241936_3
1366,9167a29eb6d5f01c4228864b1e7e6624e138e3af,expert,b9cdf37cf5d91e6ad5b2f4725ca673f3b4733f8e,3,16,47,with_ai,True,241936,ISIC_5787263,BCC,Basal Cell Carcinoma,malignant,True,BCC,True,1.0,5.62,biopsy,True,True,9167a29eb6d5f01c4228864b1e7e6624e138e3af_241936_3
1367,9167a29eb6d5f01c4228864b1e7e6624e138e3af,expert,b9cdf37cf5d91e6ad5b2f4725ca673f3b4733f8e,3,17,47,without_ai,False,241542,ISIC_8614567,VASC,Vascular Lesions,benign,False,VASC,True,1.0,4.63,dismiss,False,True,9167a29eb6d5f01c4228864b1e7e6624e138e3af_241542_3
1368,9167a29eb6d5f01c4228864b1e7e6624e138e3af,expert,b9cdf37cf5d91e6ad5b2f4725ca673f3b4733f8e,3,18,47,with_ai,True,241542,ISIC_8614567,VASC,Vascular Lesions,benign,False,VASC,True,1.0,2.97,dismiss,False,True,9167a29eb6d5f01c4228864b1e7e6624e138e3af_241542_3
1369,9167a29eb6d5f01c4228864b1e7e6624e138e3af,expert,b9cdf37cf5d91e6ad5b2f4725ca673f3b4733f8e,3,19,47,without_ai,False,244678,ISIC_8137029,OTHER_BENIGN,Other Benign,benign,False,OTHER_BENIGN,True,1.0,29.6,biopsy,True,True,9167a29eb6d5f01c4228864b1e7e6624e138e3af_244678_3
1370,9167a29eb6d5f01c4228864b1e7e6624e138e3af,expert,b9cdf37cf5d91e6ad5b2f4725ca673f3b4733f8e,3,20,47,with_ai,True,244678,ISIC_8137029,OTHER_BENIGN,Other Benign,benign,False,OTHER_BENIGN,True,1.0,10.28,biopsy,True,True,9167a29eb6d5f01c4228864b1e7e6624e138e3af_244678_3
1371,9167a29eb6d5f01c4228864b1e7e6624e138e3af,expert,b9cdf37cf5d91e6ad5b2f4725ca673f3b4733f8e,3,21,47,without_ai,False,241632,ISIC_2437084,MEL,Melanoma,malignant,True,MEL,True,1.0,9.5,biopsy,True,True,9167a29eb6d5f01c4228864b1e7e6624e138e3af_241632_3
1372,9167a29eb6d5f01c4228864b1e7e6624e138e3af,expert,b9cdf37cf5d91e6ad5b2f4725ca673f3b4733f8e,3,22,47,with_ai,True,241632,ISIC_2437084,MEL,Melanoma,malignant,True,MEL,True,1.0,15.55,biopsy,True,True,9167a29eb6d5f01c4228864b1e7e6624e138e3af_241632_3
1373,9167a29eb6d5f01c4228864b1e7e6624e138e3af,expert,b9cdf37cf5d91e6ad5b2f4725ca673f3b4733f8e,3,23,47,without_ai,False,240228,ISIC_9126529,BKL,Benign Keratosis,benign,False,BKL,True,1.0,7.55,dismiss,False,True,9167a29eb6d5f01c4228864b1e7e6624e138e3af_240228_3
1374,9167a29eb6d5f01c4228864b1e7e6624e138e3af,expert,b9cdf37cf5d91e6ad5b2f4725ca673f3b4733f8e,3,24,47,with_ai,True,240228,ISIC_9126529,BKL,Benign Keratosis,benign,False,BKL,True,1.0,6.76,dismiss,False,True,9167a29eb6d5f01c4228864b1e7e6624e138e3af_240228_3
1375,9167a29eb6d5f01c4228864b1e7e6624e138e3af,expert,b9cdf37cf5d91e6ad5b2f4725ca673f3b4733f8e,3,25,47,without_ai,False,240652,ISIC_7713646,BKL,Benign Keratosis,benign,False,BKL,True,1.0,15.27,dismiss,False,True,9167a29eb6d5f01c4228864b1e7e6624e138e3af_240652_3
1376,9167a29eb6d5f01c4228864b1e7e6624e138e3af,expert,b9cdf37cf5d91e6ad5b2f4725ca673f3b4733f8e,3,26,47,with_ai,True,240652,ISIC_7713646,BKL,Benign Keratosis,benign,False,BKL,True,1.0,3.33,dismiss,False,True,9167a29eb6d5f01c4228864b1e7e6624e138e3af_240652_3
1377,9167a29eb6d5f01c4228864b1e7e6624e138e3af,expert,b9cdf37cf5d91e6ad5b2f4725ca673f3b4733f8e,3,27,47,without_ai,False,242973,ISIC_5436116,BCC,Basal Cell Carcinoma,malignant,True,BCC,True,1.0,9.09,biopsy,True,True,9167a29eb6d5f01c4228864b1e7e6624e138e3af_242973_3
1378,9167a29eb6d5f01c4228864b1e7e6624e138e3af,expert,b9cdf37cf5d91e6ad5b2f4725ca673f3b4733f8e,3,28,47,with_ai,True,242973,ISIC_5436116,BCC,Basal Cell Carcinoma,malignant,True,BCC,True,1.0,4.18,biopsy,True,True,9167a29eb6d5f01c4228864b1e7e6624e138e3af_242973_3
1379,9167a29eb6d5f01c4228864b1e7e6624e138e3af,expert,b9cdf37cf5d91e6ad5b2f4725ca673f3b4733f8e,3,29,47,without_ai,False,243986,ISIC_8894147,NV,Melanocytic Nevi,benign,False,NV,True,1.0,8.47,monitor,False,True,9167a29eb6d5f01c4228864b1e7e6624e138e3af_243986_3
1380,9167a29eb6d5f01c4228864b1e7e6624e138e3af,expert,b9cdf37cf5d91e6ad5b2f4725ca673f3b4733f8e,3,30,47,with_ai,True,243986,ISIC_8894147,NV,Melanocytic Nevi,benign,False,NV,True,1.0,5.09,monitor,False,True,9167a29eb6d5f01c4228864b1e7e6624e138e3af_243986_3
1381,9167a29eb6d5f01c4228864b1e7e6624e138e3af,expert,b4e36bb43578bf34f1964974ae1194b9cc60204d,4,1,47,without_ai,False,245204,ISIC_5552683,NV,Melanocytic Nevi,benign,False,MEL,False,0.0,17.14,biopsy,True,True,9167a29eb6d5f01c4228864b1e7e6624e138e3af_245204_4
1382,9167a29eb6d5f01c4228864b1e7e6624e138e3af,expert,b4e36bb43578bf34f1964974ae1194b9cc60204d,4,2,47,with_ai,True,245204,ISIC_5552683,NV,Melanocytic Nevi,benign,False,MEL,False,0.0,4.89,biopsy,True,True,9167a29eb6d5f01c4228864b1e7e6624e138e3af_245204_4
1383,9167a29eb6d5f01c4228864b1e7e6624e138e3af,expert,b4e36bb43578bf34f1964974ae1194b9cc60204d,4,3,47,without_ai,False,244997,ISIC_1598799,MEL,Melanoma,malignant,True,MEL,True,1.0,6.12,biopsy,True,True,9167a29eb6d5f01c4228864b1e7e6624e138e3af_244997_4
1384,9167a29eb6d5f01c4228864b1e7e6624e138e3af,expert,b4e36bb43578bf34f1964974ae1194b9cc60204d,4,4,47,with_ai,True,244997,ISIC_1598799,MEL,Melanoma,malignant,True,MEL,True,1.0,2.88,biopsy,True,True,9167a29eb6d5f01c4228864b1e7e6624e138e3af_244997_4
1385,9167a29eb6d5f01c4228864b1e7e6624e138e3af,expert,b4e36bb43578bf34f1964974ae1194b9cc60204d,4,5,47,without_ai,False,241687,ISIC_2891509,BCC,Basal Cell Carcinoma,malignant,True,BCC,True,1.0,2.61,biopsy,True,True,9167a29eb6d5f01c4228864b1e7e6624e138e3af_241687_4
1386,9167a29eb6d5f01c4228864b1e7e6624e138e3af,expert,b4e36bb43578bf34f1964974ae1194b9cc60204d,4,6,47,with_ai,True,241687,ISIC_2891509,BCC,Basal Cell Carcinoma,malignant,True,BCC,True,1.0,2.03,biopsy,True,True,9167a29eb6d5f01c4228864b1e7e6624e138e3af_241687_4
1387,9167a29eb6d5f01c4228864b1e7e6624e138e3af,expert,b4e36bb43578bf34f1964974ae1194b9cc60204d,4,7,47,without_ai,False,240018,ISIC_5203599,MEL,Melanoma,malignant,True,MEL,True,1.0,7.8,biopsy,True,True,9167a29eb6d5f01c4228864b1e7e6624e138e3af_240018_4
1388,9167a29eb6d5f01c4228864b1e7e6624e138e3af,expert,b4e36bb43578bf34f1964974ae1194b9cc60204d,4,8,47,with_ai,True,240018,ISIC_5203599,MEL,Melanoma,malignant,True,MEL,True,1.0,2.79,biopsy,True,True,9167a29eb6d5f01c4228864b1e7e6624e138e3af_240018_4
1389,9167a29eb6d5f01c4228864b1e7e6624e138e3af,expert,b4e36bb43578bf34f1964974ae1194b9cc60204d,4,9,47,without_ai,False,242659,ISIC_9422230,AKIEC,Actinic Keratosis,premalignant,True,AKIEC,True,1.0,14.7,local_therapy,True,True,9167a29eb6d5f01c4228864b1e7e6624e138e3af_242659_4
1390,9167a29eb6d5f01c4228864b1e7e6624e138e3af,expert,b4e36bb43578bf34f1964974ae1194b9cc60204d,4,10,47,with_ai,True,242659,ISIC_9422230,AKIEC,Actinic Keratosis,premalignant,True,AKIEC,True,1.0,6.56,local_therapy,True,True,9167a29eb6d5f01c4228864b1e7e6624e138e3af_242659_4
1391,9167a29eb6d5f01c4228864b1e7e6624e138e3af,expert,b4e36bb43578bf34f1964974ae1194b9cc60204d,4,11,47,without_ai,False,240219,ISIC_3952412,INF,Inflammatory,inflammatory,False,BCC,False,0.0,8.43,biopsy,True,True,9167a29eb6d5f01c4228864b1e7e6624e138e3af_240219_4
1392,9167a29eb6d5f01c4228864b1e7e6624e138e3af,expert,b4e36bb43578bf34f1964974ae1194b9cc60204d,4,12,47,with_ai,True,240219,ISIC_3952412,INF,Inflammatory,inflammatory,False,BCC,False,0.0,3.58,biopsy,True,True,9167a29eb6d5f01c4228864b1e7e6624e138e3af_240219_4
1393,9167a29eb6d5f01c4228864b1e7e6624e138e3af,expert,b4e36bb43578bf34f1964974ae1194b9cc60204d,4,13,47,without_ai,False,245064,ISIC_6222224,SCCKA,Squamous Cell Carcinoma,malignant,True,SCCKA,True,1.0,12.83,biopsy,True,True,9167a29eb6d5f01c4228864b1e7e6624e138e3af_245064_4
1394,9167a29eb6d5f01c4228864b1e7e6624e138e3af,expert,b4e36bb43578bf34f1964974ae1194b9cc60204d,4,14,47,with_ai,True,245064,ISIC_6222224,SCCKA,Squamous Cell Carcinoma,malignant,True,SCCKA,True,1.0,3.37,biopsy,True,True,9167a29eb6d5f01c4228864b1e7e6624e138e3af_245064_4
1395,9167a29eb6d5f01c4228864b1e7e6624e138e3af,expert,b4e36bb43578bf34f1964974ae1194b9cc60204d,4,15,47,without_ai,False,241069,ISIC_1741107,NV,Melanocytic Nevi,benign,False,NV,True,1.0,6.43,monitor,False,True,9167a29eb6d5f01c4228864b1e7e6624e138e3af_241069_4
1396,9167a29eb6d5f01c4228864b1e7e6624e138e3af,expert,b4e36bb43578bf34f1964974ae1194b9cc60204d,4,16,47,with_ai,True,241069,ISIC_1741107,NV,Melanocytic Nevi,benign,False,NV,True,1.0,5.26,monitor,False,True,9167a29eb6d5f01c4228864b1e7e6624e138e3af_241069_4
1397,9167a29eb6d5f01c4228864b1e7e6624e138e3af,expert,b4e36bb43578bf34f1964974ae1194b9cc60204d,4,17,47,without_ai,False,244095,ISIC_8291456,BKL,Benign Keratosis,benign,False,AKIEC,False,0.0,6.41,local_therapy,True,True,9167a29eb6d5f01c4228864b1e7e6624e138e3af_244095_4
1398,9167a29eb6d5f01c4228864b1e7e6624e138e3af,expert,b4e36bb43578bf34f1964974ae1194b9cc60204d,4,18,47,with_ai,True,244095,ISIC_8291456,BKL,Benign Keratosis,benign,False,AKIEC,False,0.0,4.34,local_therapy,True,True,9167a29eb6d5f01c4228864b1e7e6624e138e3af_244095_4
1399,9167a29eb6d5f01c4228864b1e7e6624e138e3af,expert,b4e36bb43578bf34f1964974ae1194b9cc60204d,4,19,47,without_ai,False,241596,ISIC_1996485,VASC,Vascular Lesions,benign,False,BCC,False,0.0,9.7,biopsy,True,True,9167a29eb6d5f01c4228864b1e7e6624e138e3af_241596_4
1400,9167a29eb6d5f01c4228864b1e7e6624e138e3af,expert,b4e36bb43578bf34f1964974ae1194b9cc60204d,4,20,47,with_ai,True,241596,ISIC_1996485,VASC,Vascular Lesions,benign,False,BCC,False,0.0,3.32,biopsy,True,True,9167a29eb6d5f01c4228864b1e7e6624e138e3af_241596_4
1401,9167a29eb6d5f01c4228864b1e7e6624e138e3af,expert,b4e36bb43578bf34f1964974ae1194b9cc60204d,4,21,47,without_ai,False,242070,ISIC_6070426,DF,Dermatofibroma,benign,False,NV,False,0.0,11.29,dismiss,False,True,9167a29eb6d5f01c4228864b1e7e6624e138e3af_242070_4
1402,9167a29eb6d5f01c4228864b1e7e6624e138e3af,expert,b4e36bb43578bf34f1964974ae1194b9cc60204d,4,22,47,with_ai,True,242070,ISIC_6070426,DF,Dermatofibroma,benign,False,OTHER_BENIGN,False,0.0,9.49,dismiss,False,True,9167a29eb6d5f01c4228864b1e7e6624e138e3af_242070_4
1403,9167a29eb6d5f01c4228864b1e7e6624e138e3af,expert,b4e36bb43578bf34f1964974ae1194b9cc60204d,4,23,47,without_ai,False,240614,ISIC_3410251,BKL,Benign Keratosis,benign,False,BKL,True,1.0,10.23,dismiss,False,True,9167a29eb6d5f01c4228864b1e7e6624e138e3af_240614_4
1404,9167a29eb6d5f01c4228864b1e7e6624e138e3af,expert,b4e36bb43578bf34f1964974ae1194b9cc60204d,4,24,47,with_ai,True,240614,ISIC_3410251,BKL,Benign Keratosis,benign,False,BKL,True,1.0,15.08,biopsy,True,True,9167a29eb6d5f01c4228864b1e7e6624e138e3af_240614_4
1405,9167a29eb6d5f01c4228864b1e7e6624e138e3af,expert,b4e36bb43578bf34f1964974ae1194b9cc60204d,4,25,47,without_ai,False,244123,ISIC_0772256,BCC,Basal Cell Carcinoma,malignant,True,BCC,True,1.0,4.99,biopsy,True,True,9167a29eb6d5f01c4228864b1e7e6624e138e3af_244123_4
1406,9167a29eb6d5f01c4228864b1e7e6624e138e3af,expert,b4e36bb43578bf34f1964974ae1194b9cc60204d,4,26,47,with_ai,True,244123,ISIC_0772256,BCC,Basal Cell Carcinoma,malignant,True,BCC,True,1.0,3.73,biopsy,True,True,9167a29eb6d5f01c4228864b1e7e6624e138e3af_244123_4
1407,9167a29eb6d5f01c4228864b1e7e6624e138e3af,expert,b4e36bb43578bf34f1964974ae1194b9cc60204d,4,27,47,without_ai,False,240752,ISIC_6367931,BCC,Basal Cell Carcinoma,malignant,True,BCC,True,1.0,6.94,biopsy,True,True,9167a29eb6d5f01c4228864b1e7e6624e138e3af_240752_4
1408,9167a29eb6d5f01c4228864b1e7e6624e138e3af,expert,b4e36bb43578bf34f1964974ae1194b9cc60204d,4,28,47,with_ai,True,240752,ISIC_6367931,BCC,Basal Cell Carcinoma,malignant,True,BCC,True,1.0,5.01,biopsy,True,True,9167a29eb6d5f01c4228864b1e7e6624e138e3af_240752_4
1409,9167a29eb6d5f01c4228864b1e7e6624e138e3af,expert,b4e36bb43578bf34f1964974ae1194b9cc60204d,4,29,47,without_ai,False,241352,ISIC_1579405,NV,Melanocytic Nevi,benign,False,NV,True,1.0,5.82,dismiss,False,True,9167a29eb6d5f01c4228864b1e7e6624e138e3af_241352_4
1410,9167a29eb6d5f01c4228864b1e7e6624e138e3af,expert,b4e36bb43578bf34f1964974ae1194b9cc60204d,4,30,47,with_ai,True,241352,ISIC_1579405,NV,Melanocytic Nevi,benign,False,NV,True,1.0,3.9,dismiss,False,True,9167a29eb6d5f01c4228864b1e7e6624e138e3af_241352_4
1411,8f198b0d518780cb74381d511cb2ab8c9f74e3e7,non-expert,92a8922bdc2cc9c662b7298a889d3c70a9b5b86b,1,1,47,without_ai,False,242588,ISIC_9912332,DF,Dermatofibroma,benign,False,DF,True,1.0,24.1,dismiss,False,True,8f198b0d518780cb74381d511cb2ab8c9f74e3e7_242588_1
1412,8f198b0d518780cb74381d511cb2ab8c9f74e3e7,non-expert,92a8922bdc2cc9c662b7298a889d3c70a9b5b86b,1,2,47,with_ai,True,242588,ISIC_9912332,DF,Dermatofibroma,benign,False,DF,True,1.0,9.48,dismiss,False,True,8f198b0d518780cb74381d511cb2ab8c9f74e3e7_242588_1
1413,8f198b0d518780cb74381d511cb2ab8c9f74e3e7,non-expert,92a8922bdc2cc9c662b7298a889d3c70a9b5b86b,1,3,47,without_ai,False,244759,ISIC_8054499,BKL,Benign Keratosis,benign,False,BKL,True,1.0,13.73,dismiss,False,True,8f198b0d518780cb74381d511cb2ab8c9f74e3e7_244759_1
1414,8f198b0d518780cb74381d511cb2ab8c9f74e3e7,non-expert,92a8922bdc2cc9c662b7298a889d3c70a9b5b86b,1,4,47,with_ai,True,244759,ISIC_8054499,BKL,Benign Keratosis,benign,False,BKL,True,1.0,12.28,dismiss,False,True,8f198b0d518780cb74381d511cb2ab8c9f74e3e7_244759_1
1415,8f198b0d518780cb74381d511cb2ab8c9f74e3e7,non-expert,92a8922bdc2cc9c662b7298a889d3c70a9b5b86b,1,5,47,without_ai,False,242656,ISIC_6877985,MEL,Melanoma,malignant,True,BKL,False,0.0,5.26,dismiss,False,True,8f198b0d518780cb74381d511cb2ab8c9f74e3e7_242656_1
1416,8f198b0d518780cb74381d511cb2ab8c9f74e3e7,non-expert,92a8922bdc2cc9c662b7298a889d3c70a9b5b86b,1,6,47,with_ai,True,242656,ISIC_6877985,MEL,Melanoma,malignant,True,BKL,False,0.0,9.12,dismiss,False,True,8f198b0d518780cb74381d511cb2ab8c9f74e3e7_242656_1
1417,8f198b0d518780cb74381d511cb2ab8c9f74e3e7,non-expert,92a8922bdc2cc9c662b7298a889d3c70a9b5b86b,1,7,47,without_ai,False,240191,ISIC_8462138,VASC,Vascular Lesions,benign,False,MEL,False,0.0,11.82,biopsy,True,True,8f198b0d518780cb74381d511cb2ab8c9f74e3e7_240191_1
1418,8f198b0d518780cb74381d511cb2ab8c9f74e3e7,non-expert,92a8922bdc2cc9c662b7298a889d3c70a9b5b86b,1,8,47,with_ai,True,240191,ISIC_8462138,VASC,Vascular Lesions,benign,False,MEL,False,0.0,5.56,biopsy,True,True,8f198b0d518780cb74381d511cb2ab8c9f74e3e7_240191_1
1419,8f198b0d518780cb74381d511cb2ab8c9f74e3e7,non-expert,92a8922bdc2cc9c662b7298a889d3c70a9b5b86b,1,9,47,without_ai,False,245113,ISIC_3049767,BCC,Basal Cell Carcinoma,malignant,True,BCC,True,1.0,14.1,biopsy,True,True,8f198b0d518780cb74381d511cb2ab8c9f74e3e7_245113_1
1420,8f198b0d518780cb74381d511cb2ab8c9f74e3e7,non-expert,92a8922bdc2cc9c662b7298a889d3c70a9b5b86b,1,10,47,with_ai,True,245113,ISIC_3049767,BCC,Basal Cell Carcinoma,malignant,True,BCC,True,1.0,7.28,biopsy,True,True,8f198b0d518780cb74381d511cb2ab8c9f74e3e7_245113_1
1421,8f198b0d518780cb74381d511cb2ab8c9f74e3e7,non-expert,92a8922bdc2cc9c662b7298a889d3c70a9b5b86b,1,11,47,without_ai,False,243763,ISIC_7116804,BCC,Basal Cell Carcinoma,malignant,True,MEL,False,0.0,14.31,biopsy,True,True,8f198b0d518780cb74381d511cb2ab8c9f74e3e7_243763_1
1422,8f198b0d518780cb74381d511cb2ab8c9f74e3e7,non-expert,92a8922bdc2cc9c662b7298a889d3c70a9b5b86b,1,12,47,with_ai,True,243763,ISIC_7116804,BCC,Basal Cell Carcinoma,malignant,True,MEL,False,0.0,8.07,biopsy,True,True,8f198b0d518780cb74381d511cb2ab8c9f74e3e7_243763_1
1423,8f198b0d518780cb74381d511cb2ab8c9f74e3e7,non-expert,92a8922bdc2cc9c662b7298a889d3c70a9b5b86b,1,13,47,without_ai,False,241899,ISIC_1009475,NV,Melanocytic Nevi,benign,False,NV,True,1.0,6.93,dismiss,False,True,8f198b0d518780cb74381d511cb2ab8c9f74e3e7_241899_1
1424,8f198b0d518780cb74381d511cb2ab8c9f74e3e7,non-expert,92a8922bdc2cc9c662b7298a889d3c70a9b5b86b,1,14,47,with_ai,True,241899,ISIC_1009475,NV,Melanocytic Nevi,benign,False,NV,True,1.0,3.53,dismiss,False,True,8f198b0d518780cb74381d511cb2ab8c9f74e3e7_241899_1
1425,8f198b0d518780cb74381d511cb2ab8c9f74e3e7,non-expert,92a8922bdc2cc9c662b7298a889d3c70a9b5b86b,1,15,47,without_ai,False,244878,ISIC_2001195,OTHER_BENIGN,Other Benign,benign,False,MEL,False,0.0,10.27,biopsy,True,True,8f198b0d518780cb74381d511cb2ab8c9f74e3e7_244878_1
1426,8f198b0d518780cb74381d511cb2ab8c9f74e3e7,non-expert,92a8922bdc2cc9c662b7298a889d3c70a9b5b86b,1,16,47,with_ai,True,244878,ISIC_2001195,OTHER_BENIGN,Other Benign,benign,False,MEL,False,0.0,4.62,biopsy,True,True,8f198b0d518780cb74381d511cb2ab8c9f74e3e7_244878_1
1427,8f198b0d518780cb74381d511cb2ab8c9f74e3e7,non-expert,92a8922bdc2cc9c662b7298a889d3c70a9b5b86b,1,17,47,without_ai,False,244437,ISIC_3428486,AKIEC,Actinic Keratosis,premalignant,True,OTHER_BENIGN,False,0.0,14.88,monitor,False,True,8f198b0d518780cb74381d511cb2ab8c9f74e3e7_244437_1
1428,8f198b0d518780cb74381d511cb2ab8c9f74e3e7,non-expert,92a8922bdc2cc9c662b7298a889d3c70a9b5b86b,1,18,47,with_ai,True,244437,ISIC_3428486,AKIEC,Actinic Keratosis,premalignant,True,OTHER_BENIGN,False,0.0,5.11,monitor,False,True,8f198b0d518780cb74381d511cb2ab8c9f74e3e7_244437_1
1429,8f198b0d518780cb74381d511cb2ab8c9f74e3e7,non-expert,92a8922bdc2cc9c662b7298a889d3c70a9b5b86b,1,19,47,without_ai,False,244964,ISIC_0768610,NV,Melanocytic Nevi,benign,False,MEL,False,0.0,8.48,biopsy,True,True,8f198b0d518780cb74381d511cb2ab8c9f74e3e7_244964_1
1430,8f198b0d518780cb74381d511cb2ab8c9f74e3e7,non-expert,92a8922bdc2cc9c662b7298a889d3c70a9b5b86b,1,20,47,with_ai,True,244964,ISIC_0768610,NV,Melanocytic Nevi,benign,False,MEL,False,0.0,3.19,biopsy,True,True,8f198b0d518780cb74381d511cb2ab8c9f74e3e7_244964_1
1431,8f198b0d518780cb74381d511cb2ab8c9f74e3e7,non-expert,92a8922bdc2cc9c662b7298a889d3c70a9b5b86b,1,21,47,without_ai,False,244644,ISIC_3113033,SCCKA,Squamous Cell Carcinoma,malignant,True,BCC,False,0.0,10.01,biopsy,True,True,8f198b0d518780cb74381d511cb2ab8c9f74e3e7_244644_1
1432,8f198b0d518780cb74381d511cb2ab8c9f74e3e7,non-expert,92a8922bdc2cc9c662b7298a889d3c70a9b5b86b,1,22,47,with_ai,True,244644,ISIC_3113033,SCCKA,Squamous Cell Carcinoma,malignant,True,BCC,False,0.0,3.3,biopsy,True,True,8f198b0d518780cb74381d511cb2ab8c9f74e3e7_244644_1
1433,8f198b0d518780cb74381d511cb2ab8c9f74e3e7,non-expert,92a8922bdc2cc9c662b7298a889d3c70a9b5b86b,1,23,47,without_ai,False,240721,ISIC_0174755,BKL,Benign Keratosis,benign,False,SCCKA,False,0.0,13.26,biopsy,True,True,8f198b0d518780cb74381d511cb2ab8c9f74e3e7_240721_1
1434,8f198b0d518780cb74381d511cb2ab8c9f74e3e7,non-expert,92a8922bdc2cc9c662b7298a889d3c70a9b5b86b,1,24,47,with_ai,True,240721,ISIC_0174755,BKL,Benign Keratosis,benign,False,SCCKA,False,0.0,4.91,biopsy,True,True,8f198b0d518780cb74381d511cb2ab8c9f74e3e7_240721_1
1435,8f198b0d518780cb74381d511cb2ab8c9f74e3e7,non-expert,92a8922bdc2cc9c662b7298a889d3c70a9b5b86b,1,25,47,without_ai,False,243196,ISIC_3773277,MEL,Melanoma,malignant,True,MEL,True,1.0,8.01,biopsy,True,True,8f198b0d518780cb74381d511cb2ab8c9f74e3e7_243196_1
1436,8f198b0d518780cb74381d511cb2ab8c9f74e3e7,non-expert,92a8922bdc2cc9c662b7298a889d3c70a9b5b86b,1,26,47,with_ai,True,243196,ISIC_3773277,MEL,Melanoma,malignant,True,MEL,True,1.0,4.16,biopsy,True,True,8f198b0d518780cb74381d511cb2ab8c9f74e3e7_243196_1
1437,8f198b0d518780cb74381d511cb2ab8c9f74e3e7,non-expert,92a8922bdc2cc9c662b7298a889d3c70a9b5b86b,1,27,47,without_ai,False,242213,ISIC_7817884,NV,Melanocytic Nevi,benign,False,NV,True,1.0,5.76,dismiss,False,True,8f198b0d518780cb74381d511cb2ab8c9f74e3e7_242213_1
1438,8f198b0d518780cb74381d511cb2ab8c9f74e3e7,non-expert,92a8922bdc2cc9c662b7298a889d3c70a9b5b86b,1,28,47,with_ai,True,242213,ISIC_7817884,NV,Melanocytic Nevi,benign,False,NV,True,1.0,2.55,dismiss,False,True,8f198b0d518780cb74381d511cb2ab8c9f74e3e7_242213_1
1439,8f198b0d518780cb74381d511cb2ab8c9f74e3e7,non-expert,92a8922bdc2cc9c662b7298a889d3c70a9b5b86b,1,29,47,without_ai,False,244800,ISIC_4760114,NV,Melanocytic Nevi,benign,False,NV,True,1.0,6.51,dismiss,False,True,8f198b0d518780cb74381d511cb2ab8c9f74e3e7_244800_1
1440,8f198b0d518780cb74381d511cb2ab8c9f74e3e7,non-expert,92a8922bdc2cc9c662b7298a889d3c70a9b5b86b,1,30,47,with_ai,True,244800,ISIC_4760114,NV,Melanocytic Nevi,benign,False,NV,True,1.0,2.76,dismiss,False,True,8f198b0d518780cb74381d511cb2ab8c9f74e3e7_244800_1
1441,7d71ea01cb90094ff1200eeacead597d8a8c01e6,non-expert,1b7fdd408387b8937b5acdca25b97c08b7654f0c,1,1,47,without_ai,False,245175,ISIC_9357735,MEL,Melanoma,malignant,True,MEL,True,1.0,13.09,monitor,False,True,7d71ea01cb90094ff1200eeacead597d8a8c01e6_245175_1
1442,7d71ea01cb90094ff1200eeacead597d8a8c01e6,non-expert,1b7fdd408387b8937b5acdca25b97c08b7654f0c,1,2,47,with_ai,True,245175,ISIC_9357735,MEL,Melanoma,malignant,True,MEL,True,1.0,7.65,biopsy,True,True,7d71ea01cb90094ff1200eeacead597d8a8c01e6_245175_1
1443,7d71ea01cb90094ff1200eeacead597d8a8c01e6,non-expert,1b7fdd408387b8937b5acdca25b97c08b7654f0c,1,3,47,without_ai,False,243035,ISIC_0731364,BCC,Basal Cell Carcinoma,malignant,True,DF,False,0.0,9.34,biopsy,True,True,7d71ea01cb90094ff1200eeacead597d8a8c01e6_243035_1
1444,7d71ea01cb90094ff1200eeacead597d8a8c01e6,non-expert,1b7fdd408387b8937b5acdca25b97c08b7654f0c,1,4,47,with_ai,True,243035,ISIC_0731364,BCC,Basal Cell Carcinoma,malignant,True,BCC,True,1.0,2.95,monitor,False,True,7d71ea01cb90094ff1200eeacead597d8a8c01e6_243035_1
1445,7d71ea01cb90094ff1200eeacead597d8a8c01e6,non-expert,1b7fdd408387b8937b5acdca25b97c08b7654f0c,1,5,47,without_ai,False,243500,ISIC_2961437,NV,Melanocytic Nevi,benign,False,OTHER_MALIGNANT,False,0.0,73.45,monitor,False,True,7d71ea01cb90094ff1200eeacead597d8a8c01e6_243500_1
1446,7d71ea01cb90094ff1200eeacead597d8a8c01e6,non-expert,1b7fdd408387b8937b5acdca25b97c08b7654f0c,1,6,47,with_ai,True,243500,ISIC_2961437,NV,Melanocytic Nevi,benign,False,NV,True,1.0,2.62,monitor,False,True,7d71ea01cb90094ff1200eeacead597d8a8c01e6_243500_1
1447,7d71ea01cb90094ff1200eeacead597d8a8c01e6,non-expert,1b7fdd408387b8937b5acdca25b97c08b7654f0c,1,7,47,without_ai,False,241843,ISIC_5967889,BKL,Benign Keratosis,benign,False,BKL,True,1.0,12.01,dismiss,False,True,7d71ea01cb90094ff1200eeacead597d8a8c01e6_241843_1
1448,7d71ea01cb90094ff1200eeacead597d8a8c01e6,non-expert,1b7fdd408387b8937b5acdca25b97c08b7654f0c,1,8,47,with_ai,True,241843,ISIC_5967889,BKL,Benign Keratosis,benign,False,AKIEC,False,0.0,7.57,local_therapy,True,True,7d71ea01cb90094ff1200eeacead597d8a8c01e6_241843_1
1449,7d71ea01cb90094ff1200eeacead597d8a8c01e6,non-expert,1b7fdd408387b8937b5acdca25b97c08b7654f0c,1,9,47,without_ai,False,242935,ISIC_3446046,BKL,Benign Keratosis,benign,False,BKL,True,1.0,12.12,local_therapy,True,True,7d71ea01cb90094ff1200eeacead597d8a8c01e6_242935_1
1450,7d71ea01cb90094ff1200eeacead597d8a8c01e6,non-expert,1b7fdd408387b8937b5acdca25b97c08b7654f0c,1,10,47,with_ai,True,242935,ISIC_3446046,BKL,Benign Keratosis,benign,False,VASC,False,0.0,12.68,local_therapy,True,True,7d71ea01cb90094ff1200eeacead597d8a8c01e6_242935_1
1451,7d71ea01cb90094ff1200eeacead597d8a8c01e6,non-expert,1b7fdd408387b8937b5acdca25b97c08b7654f0c,1,11,47,without_ai,False,244476,ISIC_7242284,NV,Melanocytic Nevi,benign,False,NV,True,1.0,14.67,dismiss,False,True,7d71ea01cb90094ff1200eeacead597d8a8c01e6_244476_1
1452,7d71ea01cb90094ff1200eeacead597d8a8c01e6,non-expert,1b7fdd408387b8937b5acdca25b97c08b7654f0c,1,12,47,with_ai,True,244476,ISIC_7242284,NV,Melanocytic Nevi,benign,False,NV,True,1.0,6.85,dismiss,False,True,7d71ea01cb90094ff1200eeacead597d8a8c01e6_244476_1
1453,7d71ea01cb90094ff1200eeacead597d8a8c01e6,non-expert,1b7fdd408387b8937b5acdca25b97c08b7654f0c,1,13,47,without_ai,False,241004,ISIC_1708907,VASC,Vascular Lesions,benign,False,VASC,True,1.0,34.77,dismiss,False,True,7d71ea01cb90094ff1200eeacead597d8a8c01e6_241004_1
1454,7d71ea01cb90094ff1200eeacead597d8a8c01e6,non-expert,1b7fdd408387b8937b5acdca25b97c08b7654f0c,1,14,47,with_ai,True,241004,ISIC_1708907,VASC,Vascular Lesions,benign,False,OTHER_BENIGN,False,0.0,4.49,dismiss,False,True,7d71ea01cb90094ff1200eeacead597d8a8c01e6_241004_1
1455,7d71ea01cb90094ff1200eeacead597d8a8c01e6,non-expert,1b7fdd408387b8937b5acdca25b97c08b7654f0c,1,15,47,without_ai,False,240215,ISIC_7343168,SCCKA,Squamous Cell Carcinoma,malignant,True,BKL,False,0.0,16.42,monitor,False,True,7d71ea01cb90094ff1200eeacead597d8a8c01e6_240215_1
1456,7d71ea01cb90094ff1200eeacead597d8a8c01e6,non-expert,1b7fdd408387b8937b5acdca25b97c08b7654f0c,1,16,47,with_ai,True,240215,ISIC_7343168,SCCKA,Squamous Cell Carcinoma,malignant,True,AKIEC,False,0.0,4.05,local_therapy,True,True,7d71ea01cb90094ff1200eeacead597d8a8c01e6_240215_1
1457,7d71ea01cb90094ff1200eeacead597d8a8c01e6,non-expert,1b7fdd408387b8937b5acdca25b97c08b7654f0c,1,17,47,without_ai,False,242232,ISIC_9579576,MEL,Melanoma,malignant,True,MEL,True,1.0,13.46,monitor,False,True,7d71ea01cb90094ff1200eeacead597d8a8c01e6_242232_1
1458,7d71ea01cb90094ff1200eeacead597d8a8c01e6,non-expert,1b7fdd408387b8937b5acdca25b97c08b7654f0c,1,18,47,with_ai,True,242232,ISIC_9579576,MEL,Melanoma,malignant,True,MEL,True,1.0,3.86,biopsy,True,True,7d71ea01cb90094ff1200eeacead597d8a8c01e6_242232_1
1459,7d71ea01cb90094ff1200eeacead597d8a8c01e6,non-expert,1b7fdd408387b8937b5acdca25b97c08b7654f0c,1,19,47,without_ai,False,244132,ISIC_0644098,AKIEC,Actinic Keratosis,premalignant,True,DF,False,0.0,8.12,dismiss,False,True,7d71ea01cb90094ff1200eeacead597d8a8c01e6_244132_1
1460,7d71ea01cb90094ff1200eeacead597d8a8c01e6,non-expert,1b7fdd408387b8937b5acdca25b97c08b7654f0c,1,20,47,with_ai,True,244132,ISIC_0644098,AKIEC,Actinic Keratosis,premalignant,True,AKIEC,True,1.0,2.74,dismiss,False,True,7d71ea01cb90094ff1200eeacead597d8a8c01e6_244132_1
1461,7d71ea01cb90094ff1200eeacead597d8a8c01e6,non-expert,1b7fdd408387b8937b5acdca25b97c08b7654f0c,1,21,47,without_ai,False,241944,ISIC_5169938,BCC,Basal Cell Carcinoma,malignant,True,BKL,False,0.0,7.87,dismiss,False,True,7d71ea01cb90094ff1200eeacead597d8a8c01e6_241944_1
1462,7d71ea01cb90094ff1200eeacead597d8a8c01e6,non-expert,1b7fdd408387b8937b5acdca25b97c08b7654f0c,1,22,47,with_ai,True,241944,ISIC_5169938,BCC,Basal Cell Carcinoma,malignant,True,AKIEC,False,0.0,3.0,monitor,False,True,7d71ea01cb90094ff1200eeacead597d8a8c01e6_241944_1
1463,7d71ea01cb90094ff1200eeacead597d8a8c01e6,non-expert,1b7fdd408387b8937b5acdca25b97c08b7654f0c,1,23,47,without_ai,False,243984,ISIC_3612044,NV,Melanocytic Nevi,benign,False,NV,True,1.0,13.7,dismiss,False,True,7d71ea01cb90094ff1200eeacead597d8a8c01e6_243984_1
1464,7d71ea01cb90094ff1200eeacead597d8a8c01e6,non-expert,1b7fdd408387b8937b5acdca25b97c08b7654f0c,1,24,47,with_ai,True,243984,ISIC_3612044,NV,Melanocytic Nevi,benign,False,MEL,False,0.0,3.21,monitor,False,True,7d71ea01cb90094ff1200eeacead597d8a8c01e6_243984_1
1465,7d71ea01cb90094ff1200eeacead597d8a8c01e6,non-expert,1b7fdd408387b8937b5acdca25b97c08b7654f0c,1,25,47,without_ai,False,244253,ISIC_0165198,OTHER_BENIGN,Other Benign,benign,False,DF,False,0.0,6.62,monitor,False,True,7d71ea01cb90094ff1200eeacead597d8a8c01e6_244253_1
1466,7d71ea01cb90094ff1200eeacead597d8a8c01e6,non-expert,1b7fdd408387b8937b5acdca25b97c08b7654f0c,1,26,47,with_ai,True,244253,ISIC_0165198,OTHER_BENIGN,Other Benign,benign,False,DF,False,0.0,11.51,dismiss,False,True,7d71ea01cb90094ff1200eeacead597d8a8c01e6_244253_1
1467,7d71ea01cb90094ff1200eeacead597d8a8c01e6,non-expert,1b7fdd408387b8937b5acdca25b97c08b7654f0c,1,27,47,without_ai,False,240332,ISIC_9011764,NV,Melanocytic Nevi,benign,False,DF,False,0.0,14.82,dismiss,False,True,7d71ea01cb90094ff1200eeacead597d8a8c01e6_240332_1
1468,7d71ea01cb90094ff1200eeacead597d8a8c01e6,non-expert,1b7fdd408387b8937b5acdca25b97c08b7654f0c,1,28,47,with_ai,True,240332,ISIC_9011764,NV,Melanocytic Nevi,benign,False,NV,True,1.0,4.93,monitor,False,True,7d71ea01cb90094ff1200eeacead597d8a8c01e6_240332_1
1469,7d71ea01cb90094ff1200eeacead597d8a8c01e6,non-expert,1b7fdd408387b8937b5acdca25b97c08b7654f0c,1,29,47,without_ai,False,241302,ISIC_2868896,DF,Dermatofibroma,benign,False,INF,False,0.0,9.67,dismiss,False,True,7d71ea01cb90094ff1200eeacead597d8a8c01e6_241302_1
1470,7d71ea01cb90094ff1200eeacead597d8a8c01e6,non-expert,1b7fdd408387b8937b5acdca25b97c08b7654f0c,1,30,47,with_ai,True,241302,ISIC_2868896,DF,Dermatofibroma,benign,False,AKIEC,False,0.0,2.55,monitor,False,True,7d71ea01cb90094ff1200eeacead597d8a8c01e6_241302_1
1471,7d71ea01cb90094ff1200eeacead597d8a8c01e6,non-expert,58f54b313f2978b136471f3d67e5bc612bedd147,2,1,47,without_ai,False,244306,ISIC_3570541,VASC,Vascular Lesions,benign,False,OTHER_MALIGNANT,False,0.0,25.54,monitor,False,True,7d71ea01cb90094ff1200eeacead597d8a8c01e6_244306_2
1472,7d71ea01cb90094ff1200eeacead597d8a8c01e6,non-expert,58f54b313f2978b136471f3d67e5bc612bedd147,2,2,47,with_ai,True,244306,ISIC_3570541,VASC,Vascular Lesions,benign,False,VASC,True,1.0,10.13,dismiss,False,True,7d71ea01cb90094ff1200eeacead597d8a8c01e6_244306_2
1473,7d71ea01cb90094ff1200eeacead597d8a8c01e6,non-expert,58f54b313f2978b136471f3d67e5bc612bedd147,2,3,47,without_ai,False,244264,ISIC_4194168,AKIEC,Actinic Keratosis,premalignant,True,MEL,False,0.0,13.62,monitor,False,True,7d71ea01cb90094ff1200eeacead597d8a8c01e6_244264_2
1474,7d71ea01cb90094ff1200eeacead597d8a8c01e6,non-expert,58f54b313f2978b136471f3d67e5bc612bedd147,2,4,47,with_ai,True,244264,ISIC_4194168,AKIEC,Actinic Keratosis,premalignant,True,BKL,False,0.0,2.89,monitor,False,True,7d71ea01cb90094ff1200eeacead597d8a8c01e6_244264_2
1475,7d71ea01cb90094ff1200eeacead597d8a8c01e6,non-expert,58f54b313f2978b136471f3d67e5bc612bedd147,2,5,47,without_ai,False,241632,ISIC_2437084,MEL,Melanoma,malignant,True,NV,False,0.0,28.84,dismiss,False,True,7d71ea01cb90094ff1200eeacead597d8a8c01e6_241632_2
1476,7d71ea01cb90094ff1200eeacead597d8a8c01e6,non-expert,58f54b313f2978b136471f3d67e5bc612bedd147,2,6,47,with_ai,True,241632,ISIC_2437084,MEL,Melanoma,malignant,True,NV,False,0.0,6.47,dismiss,False,True,7d71ea01cb90094ff1200eeacead597d8a8c01e6_241632_2
1477,7d71ea01cb90094ff1200eeacead597d8a8c01e6,non-expert,58f54b313f2978b136471f3d67e5bc612bedd147,2,7,47,without_ai,False,241719,ISIC_1215920,BKL,Benign Keratosis,benign,False,DF,False,0.0,7.0,dismiss,False,True,7d71ea01cb90094ff1200eeacead597d8a8c01e6_241719_2
1478,7d71ea01cb90094ff1200eeacead597d8a8c01e6,non-expert,58f54b313f2978b136471f3d67e5bc612bedd147,2,8,47,with_ai,True,241719,ISIC_1215920,BKL,Benign Keratosis,benign,False,AKIEC,False,0.0,35.75,monitor,False,True,7d71ea01cb90094ff1200eeacead597d8a8c01e6_241719_2
1479,7d71ea01cb90094ff1200eeacead597d8a8c01e6,non-expert,58f54b313f2978b136471f3d67e5bc612bedd147,2,9,47,without_ai,False,240395,ISIC_5714368,DF,Dermatofibroma,benign,False,NV,False,0.0,4.12,dismiss,False,True,7d71ea01cb90094ff1200eeacead597d8a8c01e6_240395_2
1480,7d71ea01cb90094ff1200eeacead597d8a8c01e6,non-expert,58f54b313f2978b136471f3d67e5bc612bedd147,2,10,47,with_ai,True,240395,ISIC_5714368,DF,Dermatofibroma,benign,False,DF,True,1.0,3.85,dismiss,False,True,7d71ea01cb90094ff1200eeacead597d8a8c01e6_240395_2
1481,7d71ea01cb90094ff1200eeacead597d8a8c01e6,non-expert,58f54b313f2978b136471f3d67e5bc612bedd147,2,11,47,without_ai,False,244678,ISIC_8137029,OTHER_BENIGN,Other Benign,benign,False,VASC,False,0.0,5.04,dismiss,False,True,7d71ea01cb90094ff1200eeacead597d8a8c01e6_244678_2
1482,7d71ea01cb90094ff1200eeacead597d8a8c01e6,non-expert,58f54b313f2978b136471f3d67e5bc612bedd147,2,12,47,with_ai,True,244678,ISIC_8137029,OTHER_BENIGN,Other Benign,benign,False,DF,False,0.0,10.37,dismiss,False,True,7d71ea01cb90094ff1200eeacead597d8a8c01e6_244678_2
1483,7d71ea01cb90094ff1200eeacead597d8a8c01e6,non-expert,58f54b313f2978b136471f3d67e5bc612bedd147,2,13,47,without_ai,False,243889,ISIC_6488682,BKL,Benign Keratosis,benign,False,AKIEC,False,0.0,14.78,dismiss,False,True,7d71ea01cb90094ff1200eeacead597d8a8c01e6_243889_2
1484,7d71ea01cb90094ff1200eeacead597d8a8c01e6,non-expert,58f54b313f2978b136471f3d67e5bc612bedd147,2,14,47,with_ai,True,243889,ISIC_6488682,BKL,Benign Keratosis,benign,False,BCC,False,0.0,6.28,monitor,False,True,7d71ea01cb90094ff1200eeacead597d8a8c01e6_243889_2
1485,7d71ea01cb90094ff1200eeacead597d8a8c01e6,non-expert,58f54b313f2978b136471f3d67e5bc612bedd147,2,15,47,without_ai,False,243685,ISIC_1917329,AKIEC,Actinic Keratosis,premalignant,True,SCCKA,False,0.0,14.94,monitor,False,True,7d71ea01cb90094ff1200eeacead597d8a8c01e6_243685_2
1486,7d71ea01cb90094ff1200eeacead597d8a8c01e6,non-expert,58f54b313f2978b136471f3d67e5bc612bedd147,2,16,47,with_ai,True,243685,ISIC_1917329,AKIEC,Actinic Keratosis,premalignant,True,SCCKA,False,0.0,6.08,local_therapy,True,True,7d71ea01cb90094ff1200eeacead597d8a8c01e6_243685_2
1487,7d71ea01cb90094ff1200eeacead597d8a8c01e6,non-expert,58f54b313f2978b136471f3d67e5bc612bedd147,2,17,47,without_ai,False,240134,ISIC_6653595,BCC,Basal Cell Carcinoma,malignant,True,BKL,False,0.0,15.64,monitor,False,True,7d71ea01cb90094ff1200eeacead597d8a8c01e6_240134_2
1488,7d71ea01cb90094ff1200eeacead597d8a8c01e6,non-expert,58f54b313f2978b136471f3d67e5bc612bedd147,2,18,47,with_ai,True,240134,ISIC_6653595,BCC,Basal Cell Carcinoma,malignant,True,BCC,True,1.0,2.31,monitor,False,True,7d71ea01cb90094ff1200eeacead597d8a8c01e6_240134_2
1489,7d71ea01cb90094ff1200eeacead597d8a8c01e6,non-expert,58f54b313f2978b136471f3d67e5bc612bedd147,2,19,47,without_ai,False,240960,ISIC_0811514,NV,Melanocytic Nevi,benign,False,MEL,False,0.0,5.85,monitor,False,True,7d71ea01cb90094ff1200eeacead597d8a8c01e6_240960_2
1490,7d71ea01cb90094ff1200eeacead597d8a8c01e6,non-expert,58f54b313f2978b136471f3d67e5bc612bedd147,2,20,47,with_ai,True,240960,ISIC_0811514,NV,Melanocytic Nevi,benign,False,NV,True,1.0,6.19,monitor,False,True,7d71ea01cb90094ff1200eeacead597d8a8c01e6_240960_2
1491,7d71ea01cb90094ff1200eeacead597d8a8c01e6,non-expert,58f54b313f2978b136471f3d67e5bc612bedd147,2,21,47,without_ai,False,240079,ISIC_0881081,SCCKA,Squamous Cell Carcinoma,malignant,True,NV,False,0.0,8.06,dismiss,False,True,7d71ea01cb90094ff1200eeacead597d8a8c01e6_240079_2
1492,7d71ea01cb90094ff1200eeacead597d8a8c01e6,non-expert,58f54b313f2978b136471f3d67e5bc612bedd147,2,22,47,with_ai,True,240079,ISIC_0881081,SCCKA,Squamous Cell Carcinoma,malignant,True,SCCKA,True,1.0,2.96,monitor,False,True,7d71ea01cb90094ff1200eeacead597d8a8c01e6_240079_2
1493,7d71ea01cb90094ff1200eeacead597d8a8c01e6,non-expert,58f54b313f2978b136471f3d67e5bc612bedd147,2,23,47,without_ai,False,241718,ISIC_0376752,NV,Melanocytic Nevi,benign,False,NV,True,1.0,5.52,dismiss,False,True,7d71ea01cb90094ff1200eeacead597d8a8c01e6_241718_2
1494,7d71ea01cb90094ff1200eeacead597d8a8c01e6,non-expert,58f54b313f2978b136471f3d67e5bc612bedd147,2,24,47,with_ai,True,241718,ISIC_0376752,NV,Melanocytic Nevi,benign,False,NV,True,1.0,2.32,dismiss,False,True,7d71ea01cb90094ff1200eeacead597d8a8c01e6_241718_2
1495,7d71ea01cb90094ff1200eeacead597d8a8c01e6,non-expert,58f54b313f2978b136471f3d67e5bc612bedd147,2,25,47,without_ai,False,243368,ISIC_5186218,BCC,Basal Cell Carcinoma,malignant,True,BCC,True,1.0,6.13,monitor,False,True,7d71ea01cb90094ff1200eeacead597d8a8c01e6_243368_2
1496,7d71ea01cb90094ff1200eeacead597d8a8c01e6,non-expert,58f54b313f2978b136471f3d67e5bc612bedd147,2,26,47,with_ai,True,243368,ISIC_5186218,BCC,Basal Cell Carcinoma,malignant,True,BCC,True,1.0,2.6,monitor,False,True,7d71ea01cb90094ff1200eeacead597d8a8c01e6_243368_2
1497,7d71ea01cb90094ff1200eeacead597d8a8c01e6,non-expert,58f54b313f2978b136471f3d67e5bc612bedd147,2,27,47,without_ai,False,243017,ISIC_2205902,NV,Melanocytic Nevi,benign,False,NV,True,1.0,5.87,dismiss,False,True,7d71ea01cb90094ff1200eeacead597d8a8c01e6_243017_2
1498,7d71ea01cb90094ff1200eeacead597d8a8c01e6,non-expert,58f54b313f2978b136471f3d67e5bc612bedd147,2,28,47,with_ai,True,243017,ISIC_2205902,NV,Melanocytic Nevi,benign,False,NV,True,1.0,2.37,dismiss,False,True,7d71ea01cb90094ff1200eeacead597d8a8c01e6_243017_2
1499,7d71ea01cb90094ff1200eeacead597d8a8c01e6,non-expert,58f54b313f2978b136471f3d67e5bc612bedd147,2,29,47,without_ai,False,243106,ISIC_7472087,MEL,Melanoma,malignant,True,AKIEC,False,0.0,15.09,monitor,False,True,7d71ea01cb90094ff1200eeacead597d8a8c01e6_243106_2
1500,7d71ea01cb90094ff1200eeacead597d8a8c01e6,non-expert,58f54b313f2978b136471f3d67e5bc612bedd147,2,30,47,with_ai,True,243106,ISIC_7472087,MEL,Melanoma,malignant,True,NV,False,0.0,2.72,dismiss,False,True,7d71ea01cb90094ff1200eeacead597d8a8c01e6_243106_2
1501,3eee2e8658f48a094f2e0dd3ed0da1b14a9524d4,expert,5c20886823d7acdaa350ddeae496292ecade748e,1,1,47,without_ai,False,242588,ISIC_9912332,DF,Dermatofibroma,benign,False,DF,True,1.0,23.95,dismiss,False,True,3eee2e8658f48a094f2e0dd3ed0da1b14a9524d4_242588_1
1502,3eee2e8658f48a094f2e0dd3ed0da1b14a9524d4,expert,5c20886823d7acdaa350ddeae496292ecade748e,1,2,47,with_ai,True,242588,ISIC_9912332,DF,Dermatofibroma,benign,False,DF,True,1.0,9.03,dismiss,False,True,3eee2e8658f48a094f2e0dd3ed0da1b14a9524d4_242588_1
1503,3eee2e8658f48a094f2e0dd3ed0da1b14a9524d4,expert,5c20886823d7acdaa350ddeae496292ecade748e,1,3,47,without_ai,False,244271,ISIC_7917060,NV,Melanocytic Nevi,benign,False,NV,True,1.0,9.75,dismiss,False,True,3eee2e8658f48a094f2e0dd3ed0da1b14a9524d4_244271_1
1504,3eee2e8658f48a094f2e0dd3ed0da1b14a9524d4,expert,5c20886823d7acdaa350ddeae496292ecade748e,1,4,47,with_ai,True,244271,ISIC_7917060,NV,Melanocytic Nevi,benign,False,NV,True,1.0,6.89,dismiss,False,True,3eee2e8658f48a094f2e0dd3ed0da1b14a9524d4_244271_1
1505,3eee2e8658f48a094f2e0dd3ed0da1b14a9524d4,expert,5c20886823d7acdaa350ddeae496292ecade748e,1,5,47,without_ai,False,241632,ISIC_2437084,MEL,Melanoma,malignant,True,BCC,False,0.0,23.32,biopsy,True,True,3eee2e8658f48a094f2e0dd3ed0da1b14a9524d4_241632_1
1506,3eee2e8658f48a094f2e0dd3ed0da1b14a9524d4,expert,5c20886823d7acdaa350ddeae496292ecade748e,1,6,47,with_ai,True,241632,ISIC_2437084,MEL,Melanoma,malignant,True,BCC,False,0.0,11.03,biopsy,True,True,3eee2e8658f48a094f2e0dd3ed0da1b14a9524d4_241632_1
1507,3eee2e8658f48a094f2e0dd3ed0da1b14a9524d4,expert,5c20886823d7acdaa350ddeae496292ecade748e,1,7,47,without_ai,False,244504,ISIC_9041525,MEL,Melanoma,malignant,True,NV,False,0.0,11.77,monitor,False,True,3eee2e8658f48a094f2e0dd3ed0da1b14a9524d4_244504_1
1508,3eee2e8658f48a094f2e0dd3ed0da1b14a9524d4,expert,5c20886823d7acdaa350ddeae496292ecade748e,1,8,47,with_ai,True,244504,ISIC_9041525,MEL,Melanoma,malignant,True,NV,False,0.0,4.15,monitor,False,True,3eee2e8658f48a094f2e0dd3ed0da1b14a9524d4_244504_1
1509,3eee2e8658f48a094f2e0dd3ed0da1b14a9524d4,expert,5c20886823d7acdaa350ddeae496292ecade748e,1,9,47,without_ai,False,240711,ISIC_2930366,MEL,Melanoma,malignant,True,MEL,True,1.0,13.82,biopsy,True,True,3eee2e8658f48a094f2e0dd3ed0da1b14a9524d4_240711_1
1510,3eee2e8658f48a094f2e0dd3ed0da1b14a9524d4,expert,5c20886823d7acdaa350ddeae496292ecade748e,1,10,47,with_ai,True,240711,ISIC_2930366,MEL,Melanoma,malignant,True,MEL,True,1.0,14.76,biopsy,True,True,3eee2e8658f48a094f2e0dd3ed0da1b14a9524d4_240711_1
1511,3eee2e8658f48a094f2e0dd3ed0da1b14a9524d4,expert,5c20886823d7acdaa350ddeae496292ecade748e,1,11,47,without_ai,False,244850,ISIC_5428941,NV,Melanocytic Nevi,benign,False,MEL,False,0.0,9.23,biopsy,True,True,3eee2e8658f48a094f2e0dd3ed0da1b14a9524d4_244850_1
1512,3eee2e8658f48a094f2e0dd3ed0da1b14a9524d4,expert,5c20886823d7acdaa350ddeae496292ecade748e,1,12,47,with_ai,True,244850,ISIC_5428941,NV,Melanocytic Nevi,benign,False,MEL,False,0.0,9.98,biopsy,True,True,3eee2e8658f48a094f2e0dd3ed0da1b14a9524d4_244850_1
1513,3eee2e8658f48a094f2e0dd3ed0da1b14a9524d4,expert,5c20886823d7acdaa350ddeae496292ecade748e,1,13,47,without_ai,False,241716,ISIC_6933572,NV,Melanocytic Nevi,benign,False,MEL,False,0.0,7.86,biopsy,True,True,3eee2e8658f48a094f2e0dd3ed0da1b14a9524d4_241716_1
1514,3eee2e8658f48a094f2e0dd3ed0da1b14a9524d4,expert,5c20886823d7acdaa350ddeae496292ecade748e,1,14,47,with_ai,True,241716,ISIC_6933572,NV,Melanocytic Nevi,benign,False,NV,True,1.0,9.46,biopsy,True,True,3eee2e8658f48a094f2e0dd3ed0da1b14a9524d4_241716_1
1515,3eee2e8658f48a094f2e0dd3ed0da1b14a9524d4,expert,5c20886823d7acdaa350ddeae496292ecade748e,1,15,47,without_ai,False,240131,ISIC_7289001,BCC,Basal Cell Carcinoma,malignant,True,BCC,True,1.0,11.56,biopsy,True,True,3eee2e8658f48a094f2e0dd3ed0da1b14a9524d4_240131_1
1516,3eee2e8658f48a094f2e0dd3ed0da1b14a9524d4,expert,5c20886823d7acdaa350ddeae496292ecade748e,1,16,47,with_ai,True,240131,ISIC_7289001,BCC,Basal Cell Carcinoma,malignant,True,BCC,True,1.0,3.26,biopsy,True,True,3eee2e8658f48a094f2e0dd3ed0da1b14a9524d4_240131_1
1517,3eee2e8658f48a094f2e0dd3ed0da1b14a9524d4,expert,5c20886823d7acdaa350ddeae496292ecade748e,1,17,47,without_ai,False,241798,ISIC_5607559,AKIEC,Actinic Keratosis,premalignant,True,AKIEC,True,1.0,12.33,local_therapy,True,True,3eee2e8658f48a094f2e0dd3ed0da1b14a9524d4_241798_1
1518,3eee2e8658f48a094f2e0dd3ed0da1b14a9524d4,expert,5c20886823d7acdaa350ddeae496292ecade748e,1,18,47,with_ai,True,241798,ISIC_5607559,AKIEC,Actinic Keratosis,premalignant,True,AKIEC,True,1.0,3.22,local_therapy,True,True,3eee2e8658f48a094f2e0dd3ed0da1b14a9524d4_241798_1
1519,3eee2e8658f48a094f2e0dd3ed0da1b14a9524d4,expert,5c20886823d7acdaa350ddeae496292ecade748e,1,19,47,without_ai,False,242762,ISIC_8791057,VASC,Vascular Lesions,benign,False,VASC,True,1.0,9.59,dismiss,False,True,3eee2e8658f48a094f2e0dd3ed0da1b14a9524d4_242762_1
1520,3eee2e8658f48a094f2e0dd3ed0da1b14a9524d4,expert,5c20886823d7acdaa350ddeae496292ecade748e,1,20,47,with_ai,True,242762,ISIC_8791057,VASC,Vascular Lesions,benign,False,VASC,True,1.0,16.02,dismiss,False,True,3eee2e8658f48a094f2e0dd3ed0da1b14a9524d4_242762_1
1521,3eee2e8658f48a094f2e0dd3ed0da1b14a9524d4,expert,5c20886823d7acdaa350ddeae496292ecade748e,1,21,47,without_ai,False,240051,ISIC_0107067,BKL,Benign Keratosis,benign,False,SCCKA,False,0.0,18.53,biopsy,True,True,3eee2e8658f48a094f2e0dd3ed0da1b14a9524d4_240051_1
1522,3eee2e8658f48a094f2e0dd3ed0da1b14a9524d4,expert,5c20886823d7acdaa350ddeae496292ecade748e,1,22,47,with_ai,True,240051,ISIC_0107067,BKL,Benign Keratosis,benign,False,BKL,True,1.0,8.19,monitor,False,True,3eee2e8658f48a094f2e0dd3ed0da1b14a9524d4_240051_1
1523,3eee2e8658f48a094f2e0dd3ed0da1b14a9524d4,expert,5c20886823d7acdaa350ddeae496292ecade748e,1,23,47,without_ai,False,242089,ISIC_1323177,BKL,Benign Keratosis,benign,False,OTHER_BENIGN,False,0.0,22.72,dismiss,False,True,3eee2e8658f48a094f2e0dd3ed0da1b14a9524d4_242089_1
1524,3eee2e8658f48a094f2e0dd3ed0da1b14a9524d4,expert,5c20886823d7acdaa350ddeae496292ecade748e,1,24,47,with_ai,True,242089,ISIC_1323177,BKL,Benign Keratosis,benign,False,AKIEC,False,0.0,5.62,dismiss,False,True,3eee2e8658f48a094f2e0dd3ed0da1b14a9524d4_242089_1
1525,3eee2e8658f48a094f2e0dd3ed0da1b14a9524d4,expert,5c20886823d7acdaa350ddeae496292ecade748e,1,25,47,without_ai,False,241562,ISIC_7044118,SCCKA,Squamous Cell Carcinoma,malignant,True,SCCKA,True,1.0,10.7,biopsy,True,True,3eee2e8658f48a094f2e0dd3ed0da1b14a9524d4_241562_1
1526,3eee2e8658f48a094f2e0dd3ed0da1b14a9524d4,expert,5c20886823d7acdaa350ddeae496292ecade748e,1,26,47,with_ai,True,241562,ISIC_7044118,SCCKA,Squamous Cell Carcinoma,malignant,True,SCCKA,True,1.0,5.25,biopsy,True,True,3eee2e8658f48a094f2e0dd3ed0da1b14a9524d4_241562_1
1527,3eee2e8658f48a094f2e0dd3ed0da1b14a9524d4,expert,5c20886823d7acdaa350ddeae496292ecade748e,1,27,47,without_ai,False,244169,ISIC_3360235,BCC,Basal Cell Carcinoma,malignant,True,BCC,True,1.0,5.68,biopsy,True,True,3eee2e8658f48a094f2e0dd3ed0da1b14a9524d4_244169_1
1528,3eee2e8658f48a094f2e0dd3ed0da1b14a9524d4,expert,5c20886823d7acdaa350ddeae496292ecade748e,1,28,47,with_ai,True,244169,ISIC_3360235,BCC,Basal Cell Carcinoma,malignant,True,BCC,True,1.0,5.58,biopsy,True,True,3eee2e8658f48a094f2e0dd3ed0da1b14a9524d4_244169_1
1529,3eee2e8658f48a094f2e0dd3ed0da1b14a9524d4,expert,5c20886823d7acdaa350ddeae496292ecade748e,1,29,47,without_ai,False,241958,ISIC_0644224,OTHER_BENIGN,Other Benign,benign,False,BCC,False,0.0,7.73,biopsy,True,True,3eee2e8658f48a094f2e0dd3ed0da1b14a9524d4_241958_1
1530,3eee2e8658f48a094f2e0dd3ed0da1b14a9524d4,expert,5c20886823d7acdaa350ddeae496292ecade748e,1,30,47,with_ai,True,241958,ISIC_0644224,OTHER_BENIGN,Other Benign,benign,False,BCC,False,0.0,3.73,biopsy,True,True,3eee2e8658f48a094f2e0dd3ed0da1b14a9524d4_241958_1
1531,98094f84b79323affee24d9263f23195f44f352b,non-expert,4f421dec2fd848979126379e24ecfcc4cde754fc,1,1,47,without_ai,False,241185,ISIC_8403829,BKL,Benign Keratosis,benign,False,MEL,False,0.0,24.73,biopsy,True,True,98094f84b79323affee24d9263f23195f44f352b_241185_1
1532,98094f84b79323affee24d9263f23195f44f352b,non-expert,4f421dec2fd848979126379e24ecfcc4cde754fc,1,2,47,with_ai,True,241185,ISIC_8403829,BKL,Benign Keratosis,benign,False,BKL,True,1.0,17.93,monitor,False,True,98094f84b79323affee24d9263f23195f44f352b_241185_1
1533,98094f84b79323affee24d9263f23195f44f352b,non-expert,4f421dec2fd848979126379e24ecfcc4cde754fc,1,3,47,without_ai,False,241622,ISIC_4821214,VASC,Vascular Lesions,benign,False,VASC,True,1.0,18.86,monitor,False,True,98094f84b79323affee24d9263f23195f44f352b_241622_1
1534,98094f84b79323affee24d9263f23195f44f352b,non-expert,4f421dec2fd848979126379e24ecfcc4cde754fc,1,4,47,with_ai,True,241622,ISIC_4821214,VASC,Vascular Lesions,benign,False,VASC,True,1.0,4.04,monitor,False,True,98094f84b79323affee24d9263f23195f44f352b_241622_1
1535,98094f84b79323affee24d9263f23195f44f352b,non-expert,4f421dec2fd848979126379e24ecfcc4cde754fc,1,5,47,without_ai,False,240241,ISIC_3620839,MEL,Melanoma,malignant,True,MEL,True,1.0,21.67,biopsy,True,True,98094f84b79323affee24d9263f23195f44f352b_240241_1
1536,98094f84b79323affee24d9263f23195f44f352b,non-expert,4f421dec2fd848979126379e24ecfcc4cde754fc,1,6,47,with_ai,True,240241,ISIC_3620839,MEL,Melanoma,malignant,True,MEL,True,1.0,2.1,biopsy,True,True,98094f84b79323affee24d9263f23195f44f352b_240241_1
1537,98094f84b79323affee24d9263f23195f44f352b,non-expert,4f421dec2fd848979126379e24ecfcc4cde754fc,1,7,47,without_ai,False,241418,ISIC_1221689,NV,Melanocytic Nevi,benign,False,BKL,False,0.0,20.14,monitor,False,True,98094f84b79323affee24d9263f23195f44f352b_241418_1
1538,98094f84b79323affee24d9263f23195f44f352b,non-expert,4f421dec2fd848979126379e24ecfcc4cde754fc,1,8,47,with_ai,True,241418,ISIC_1221689,NV,Melanocytic Nevi,benign,False,BKL,False,0.0,9.18,monitor,False,True,98094f84b79323affee24d9263f23195f44f352b_241418_1
1539,98094f84b79323affee24d9263f23195f44f352b,non-expert,4f421dec2fd848979126379e24ecfcc4cde754fc,1,9,47,without_ai,False,244675,ISIC_1102915,BKL,Benign Keratosis,benign,False,BKL,True,1.0,14.81,monitor,False,True,98094f84b79323affee24d9263f23195f44f352b_244675_1
1540,98094f84b79323affee24d9263f23195f44f352b,non-expert,4f421dec2fd848979126379e24ecfcc4cde754fc,1,10,47,with_ai,True,244675,ISIC_1102915,BKL,Benign Keratosis,benign,False,BKL,True,1.0,2.75,monitor,False,True,98094f84b79323affee24d9263f23195f44f352b_244675_1
1541,98094f84b79323affee24d9263f23195f44f352b,non-expert,4f421dec2fd848979126379e24ecfcc4cde754fc,1,11,47,without_ai,False,242596,ISIC_3431348,MEL,Melanoma,malignant,True,MEL,True,1.0,16.2,biopsy,True,True,98094f84b79323affee24d9263f23195f44f352b_242596_1
1542,98094f84b79323affee24d9263f23195f44f352b,non-expert,4f421dec2fd848979126379e24ecfcc4cde754fc,1,12,47,with_ai,True,242596,ISIC_3431348,MEL,Melanoma,malignant,True,MEL,True,1.0,3.99,biopsy,True,True,98094f84b79323affee24d9263f23195f44f352b_242596_1
1543,98094f84b79323affee24d9263f23195f44f352b,non-expert,4f421dec2fd848979126379e24ecfcc4cde754fc,1,13,47,without_ai,False,242564,ISIC_8184315,BCC,Basal Cell Carcinoma,malignant,True,AKIEC,False,0.0,6.41,monitor,False,True,98094f84b79323affee24d9263f23195f44f352b_242564_1
1544,98094f84b79323affee24d9263f23195f44f352b,non-expert,4f421dec2fd848979126379e24ecfcc4cde754fc,1,14,47,with_ai,True,242564,ISIC_8184315,BCC,Basal Cell Carcinoma,malignant,True,AKIEC,False,0.0,3.57,monitor,False,True,98094f84b79323affee24d9263f23195f44f352b_242564_1
1545,98094f84b79323affee24d9263f23195f44f352b,non-expert,4f421dec2fd848979126379e24ecfcc4cde754fc,1,15,47,without_ai,False,244881,ISIC_2846004,DF,Dermatofibroma,benign,False,BCC,False,0.0,10.7,biopsy,True,True,98094f84b79323affee24d9263f23195f44f352b_244881_1
1546,98094f84b79323affee24d9263f23195f44f352b,non-expert,4f421dec2fd848979126379e24ecfcc4cde754fc,1,16,47,with_ai,True,244881,ISIC_2846004,DF,Dermatofibroma,benign,False,DF,True,1.0,14.22,monitor,False,True,98094f84b79323affee24d9263f23195f44f352b_244881_1
1547,98094f84b79323affee24d9263f23195f44f352b,non-expert,4f421dec2fd848979126379e24ecfcc4cde754fc,1,17,47,without_ai,False,242037,ISIC_3420179,BCC,Basal Cell Carcinoma,malignant,True,OTHER_BENIGN,False,0.0,11.63,dismiss,False,True,98094f84b79323affee24d9263f23195f44f352b_242037_1
1548,98094f84b79323affee24d9263f23195f44f352b,non-expert,4f421dec2fd848979126379e24ecfcc4cde754fc,1,18,47,with_ai,True,242037,ISIC_3420179,BCC,Basal Cell Carcinoma,malignant,True,INF,False,0.0,10.96,monitor,False,True,98094f84b79323affee24d9263f23195f44f352b_242037_1
1549,98094f84b79323affee24d9263f23195f44f352b,non-expert,4f421dec2fd848979126379e24ecfcc4cde754fc,1,19,47,without_ai,False,242240,ISIC_0118795,SCCKA,Squamous Cell Carcinoma,malignant,True,SCCKA,True,1.0,15.41,biopsy,True,True,98094f84b79323affee24d9263f23195f44f352b_242240_1
1550,98094f84b79323affee24d9263f23195f44f352b,non-expert,4f421dec2fd848979126379e24ecfcc4cde754fc,1,20,47,with_ai,True,242240,ISIC_0118795,SCCKA,Squamous Cell Carcinoma,malignant,True,SCCKA,True,1.0,1.84,biopsy,True,True,98094f84b79323affee24d9263f23195f44f352b_242240_1
1551,98094f84b79323affee24d9263f23195f44f352b,non-expert,4f421dec2fd848979126379e24ecfcc4cde754fc,1,21,47,without_ai,False,240645,ISIC_0245594,AKIEC,Actinic Keratosis,premalignant,True,SCCKA,False,0.0,12.66,biopsy,True,True,98094f84b79323affee24d9263f23195f44f352b_240645_1
1552,98094f84b79323affee24d9263f23195f44f352b,non-expert,4f421dec2fd848979126379e24ecfcc4cde754fc,1,22,47,with_ai,True,240645,ISIC_0245594,AKIEC,Actinic Keratosis,premalignant,True,SCCKA,False,0.0,2.22,biopsy,True,True,98094f84b79323affee24d9263f23195f44f352b_240645_1
1553,98094f84b79323affee24d9263f23195f44f352b,non-expert,4f421dec2fd848979126379e24ecfcc4cde754fc,1,23,47,without_ai,False,244983,ISIC_8573497,BCC,Basal Cell Carcinoma,malignant,True,AKIEC,False,0.0,10.28,monitor,False,True,98094f84b79323affee24d9263f23195f44f352b_244983_1
1554,98094f84b79323affee24d9263f23195f44f352b,non-expert,4f421dec2fd848979126379e24ecfcc4cde754fc,1,24,47,with_ai,True,244983,ISIC_8573497,BCC,Basal Cell Carcinoma,malignant,True,AKIEC,False,0.0,2.08,monitor,False,True,98094f84b79323affee24d9263f23195f44f352b_244983_1
1555,98094f84b79323affee24d9263f23195f44f352b,non-expert,4f421dec2fd848979126379e24ecfcc4cde754fc,1,25,47,without_ai,False,243558,ISIC_2205187,NV,Melanocytic Nevi,benign,False,NV,True,1.0,6.88,dismiss,False,True,98094f84b79323affee24d9263f23195f44f352b_243558_1
1556,98094f84b79323affee24d9263f23195f44f352b,non-expert,4f421dec2fd848979126379e24ecfcc4cde754fc,1,26,47,with_ai,True,243558,ISIC_2205187,NV,Melanocytic Nevi,benign,False,NV,True,1.0,3.11,monitor,False,True,98094f84b79323affee24d9263f23195f44f352b_243558_1
1557,98094f84b79323affee24d9263f23195f44f352b,non-expert,4f421dec2fd848979126379e24ecfcc4cde754fc,1,27,47,without_ai,False,242853,ISIC_3831165,NV,Melanocytic Nevi,benign,False,NV,True,1.0,14.09,monitor,False,True,98094f84b79323affee24d9263f23195f44f352b_242853_1
1558,98094f84b79323affee24d9263f23195f44f352b,non-expert,4f421dec2fd848979126379e24ecfcc4cde754fc,1,28,47,with_ai,True,242853,ISIC_3831165,NV,Melanocytic Nevi,benign,False,MEL,False,0.0,3.79,biopsy,True,True,98094f84b79323affee24d9263f23195f44f352b_242853_1
1559,98094f84b79323affee24d9263f23195f44f352b,non-expert,4f421dec2fd848979126379e24ecfcc4cde754fc,1,29,47,without_ai,False,243835,ISIC_2759533,OTHER_MALIGNANT,Other Malignant,malignant,True,AKIEC,False,0.0,11.23,monitor,False,True,98094f84b79323affee24d9263f23195f44f352b_243835_1
1560,98094f84b79323affee24d9263f23195f44f352b,non-expert,4f421dec2fd848979126379e24ecfcc4cde754fc,1,30,47,with_ai,True,243835,ISIC_2759533,OTHER_MALIGNANT,Other Malignant,malignant,True,AKIEC,False,0.0,4.56,monitor,False,True,98094f84b79323affee24d9263f23195f44f352b_243835_1
1561,9496d4f796f79226b16de22dd9785f19629a8df3,expert,9bf03d0027e59f86b5bd9a05920a1c3d4ce04ef6,1,1,47,without_ai,False,244416,ISIC_1860202,AKIEC,Actinic Keratosis,premalignant,True,NV,False,0.0,22.08,monitor,False,True,9496d4f796f79226b16de22dd9785f19629a8df3_244416_1
1562,9496d4f796f79226b16de22dd9785f19629a8df3,expert,9bf03d0027e59f86b5bd9a05920a1c3d4ce04ef6,1,2,47,with_ai,True,244416,ISIC_1860202,AKIEC,Actinic Keratosis,premalignant,True,AKIEC,True,1.0,26.92,biopsy,True,True,9496d4f796f79226b16de22dd9785f19629a8df3_244416_1
1563,9496d4f796f79226b16de22dd9785f19629a8df3,expert,9bf03d0027e59f86b5bd9a05920a1c3d4ce04ef6,1,3,47,without_ai,False,242733,ISIC_9267602,NV,Melanocytic Nevi,benign,False,MEL,False,0.0,14.75,biopsy,True,True,9496d4f796f79226b16de22dd9785f19629a8df3_242733_1
1564,9496d4f796f79226b16de22dd9785f19629a8df3,expert,9bf03d0027e59f86b5bd9a05920a1c3d4ce04ef6,1,4,47,with_ai,True,242733,ISIC_9267602,NV,Melanocytic Nevi,benign,False,NV,True,1.0,23.62,monitor,False,True,9496d4f796f79226b16de22dd9785f19629a8df3_242733_1
1565,9496d4f796f79226b16de22dd9785f19629a8df3,expert,9bf03d0027e59f86b5bd9a05920a1c3d4ce04ef6,1,5,47,without_ai,False,243788,ISIC_4204876,NV,Melanocytic Nevi,benign,False,,,,,,False,False,9496d4f796f79226b16de22dd9785f19629a8df3_243788_1
1566,9496d4f796f79226b16de22dd9785f19629a8df3,expert,9bf03d0027e59f86b5bd9a05920a1c3d4ce04ef6,1,6,47,with_ai,True,243788,ISIC_4204876,NV,Melanocytic Nevi,benign,False,MEL,False,0.0,24.7,biopsy,True,True,9496d4f796f79226b16de22dd9785f19629a8df3_243788_1
1567,9496d4f796f79226b16de22dd9785f19629a8df3,expert,9bf03d0027e59f86b5bd9a05920a1c3d4ce04ef6,1,7,47,without_ai,False,243600,ISIC_6645684,BCC,Basal Cell Carcinoma,malignant,True,BKL,False,0.0,15.88,monitor,False,True,9496d4f796f79226b16de22dd9785f19629a8df3_243600_1
1568,9496d4f796f79226b16de22dd9785f19629a8df3,expert,9bf03d0027e59f86b5bd9a05920a1c3d4ce04ef6,1,8,47,with_ai,True,243600,ISIC_6645684,BCC,Basal Cell Carcinoma,malignant,True,BCC,True,1.0,10.46,biopsy,True,True,9496d4f796f79226b16de22dd9785f19629a8df3_243600_1
1569,9496d4f796f79226b16de22dd9785f19629a8df3,expert,9bf03d0027e59f86b5bd9a05920a1c3d4ce04ef6,1,9,47,without_ai,False,243229,ISIC_3164108,MEL,Melanoma,malignant,True,BKL,False,0.0,16.17,monitor,False,True,9496d4f796f79226b16de22dd9785f19629a8df3_243229_1
1570,9496d4f796f79226b16de22dd9785f19629a8df3,expert,9bf03d0027e59f86b5bd9a05920a1c3d4ce04ef6,1,10,47,with_ai,True,243229,ISIC_3164108,MEL,Melanoma,malignant,True,BKL,False,0.0,8.89,monitor,False,True,9496d4f796f79226b16de22dd9785f19629a8df3_243229_1
1571,9496d4f796f79226b16de22dd9785f19629a8df3,expert,9bf03d0027e59f86b5bd9a05920a1c3d4ce04ef6,1,11,47,without_ai,False,242011,ISIC_4120304,BKL,Benign Keratosis,benign,False,BKL,True,1.0,11.52,monitor,False,True,9496d4f796f79226b16de22dd9785f19629a8df3_242011_1
1572,9496d4f796f79226b16de22dd9785f19629a8df3,expert,9bf03d0027e59f86b5bd9a05920a1c3d4ce04ef6,1,12,47,with_ai,True,242011,ISIC_4120304,BKL,Benign Keratosis,benign,False,BKL,True,1.0,6.57,monitor,False,True,9496d4f796f79226b16de22dd9785f19629a8df3_242011_1
1573,9496d4f796f79226b16de22dd9785f19629a8df3,expert,9bf03d0027e59f86b5bd9a05920a1c3d4ce04ef6,1,13,47,without_ai,False,245194,ISIC_3256836,BKL,Benign Keratosis,benign,False,BKL,True,1.0,8.73,monitor,False,True,9496d4f796f79226b16de22dd9785f19629a8df3_245194_1
1574,9496d4f796f79226b16de22dd9785f19629a8df3,expert,9bf03d0027e59f86b5bd9a05920a1c3d4ce04ef6,1,14,47,with_ai,True,245194,ISIC_3256836,BKL,Benign Keratosis,benign,False,BKL,True,1.0,3.81,monitor,False,True,9496d4f796f79226b16de22dd9785f19629a8df3_245194_1
1575,9496d4f796f79226b16de22dd9785f19629a8df3,expert,9bf03d0027e59f86b5bd9a05920a1c3d4ce04ef6,1,15,47,without_ai,False,240523,ISIC_6739483,DF,Dermatofibroma,benign,False,DF,True,1.0,14.05,monitor,False,True,9496d4f796f79226b16de22dd9785f19629a8df3_240523_1
1576,9496d4f796f79226b16de22dd9785f19629a8df3,expert,9bf03d0027e59f86b5bd9a05920a1c3d4ce04ef6,1,16,47,with_ai,True,240523,ISIC_6739483,DF,Dermatofibroma,benign,False,DF,True,1.0,5.45,monitor,False,True,9496d4f796f79226b16de22dd9785f19629a8df3_240523_1
1577,9496d4f796f79226b16de22dd9785f19629a8df3,expert,9bf03d0027e59f86b5bd9a05920a1c3d4ce04ef6,1,17,47,without_ai,False,241622,ISIC_4821214,VASC,Vascular Lesions,benign,False,VASC,True,1.0,10.61,monitor,False,True,9496d4f796f79226b16de22dd9785f19629a8df3_241622_1
1578,9496d4f796f79226b16de22dd9785f19629a8df3,expert,9bf03d0027e59f86b5bd9a05920a1c3d4ce04ef6,1,18,47,with_ai,True,241622,ISIC_4821214,VASC,Vascular Lesions,benign,False,VASC,True,1.0,5.75,monitor,False,True,9496d4f796f79226b16de22dd9785f19629a8df3_241622_1
1579,9496d4f796f79226b16de22dd9785f19629a8df3,expert,9bf03d0027e59f86b5bd9a05920a1c3d4ce04ef6,1,19,47,without_ai,False,242545,ISIC_2284196,BKL,Benign Keratosis,benign,False,AKIEC,False,0.0,11.32,monitor,False,True,9496d4f796f79226b16de22dd9785f19629a8df3_242545_1
1580,9496d4f796f79226b16de22dd9785f19629a8df3,expert,9bf03d0027e59f86b5bd9a05920a1c3d4ce04ef6,1,20,47,with_ai,True,242545,ISIC_2284196,BKL,Benign Keratosis,benign,False,AKIEC,False,0.0,6.33,monitor,False,True,9496d4f796f79226b16de22dd9785f19629a8df3_242545_1
1581,9496d4f796f79226b16de22dd9785f19629a8df3,expert,9bf03d0027e59f86b5bd9a05920a1c3d4ce04ef6,1,21,47,without_ai,False,242424,ISIC_4141476,SCCKA,Squamous Cell Carcinoma,malignant,True,MEL,False,0.0,27.29,biopsy,True,True,9496d4f796f79226b16de22dd9785f19629a8df3_242424_1
1582,9496d4f796f79226b16de22dd9785f19629a8df3,expert,9bf03d0027e59f86b5bd9a05920a1c3d4ce04ef6,1,22,47,with_ai,True,242424,ISIC_4141476,SCCKA,Squamous Cell Carcinoma,malignant,True,BCC,False,0.0,6.41,biopsy,True,True,9496d4f796f79226b16de22dd9785f19629a8df3_242424_1
1583,9496d4f796f79226b16de22dd9785f19629a8df3,expert,9bf03d0027e59f86b5bd9a05920a1c3d4ce04ef6,1,23,47,without_ai,False,240884,ISIC_5072182,INF,Inflammatory,inflammatory,False,OTHER_BENIGN,False,0.0,21.26,monitor,False,True,9496d4f796f79226b16de22dd9785f19629a8df3_240884_1
1584,9496d4f796f79226b16de22dd9785f19629a8df3,expert,9bf03d0027e59f86b5bd9a05920a1c3d4ce04ef6,1,24,47,with_ai,True,240884,ISIC_5072182,INF,Inflammatory,inflammatory,False,INF,True,1.0,7.03,monitor,False,True,9496d4f796f79226b16de22dd9785f19629a8df3_240884_1
1585,9496d4f796f79226b16de22dd9785f19629a8df3,expert,9bf03d0027e59f86b5bd9a05920a1c3d4ce04ef6,1,25,47,without_ai,False,240475,ISIC_6596926,MEL,Melanoma,malignant,True,BCC,False,0.0,25.04,biopsy,True,True,9496d4f796f79226b16de22dd9785f19629a8df3_240475_1
1586,9496d4f796f79226b16de22dd9785f19629a8df3,expert,9bf03d0027e59f86b5bd9a05920a1c3d4ce04ef6,1,26,47,with_ai,True,240475,ISIC_6596926,MEL,Melanoma,malignant,True,AKIEC,False,0.0,16.31,biopsy,True,True,9496d4f796f79226b16de22dd9785f19629a8df3_240475_1
1587,9496d4f796f79226b16de22dd9785f19629a8df3,expert,9bf03d0027e59f86b5bd9a05920a1c3d4ce04ef6,1,27,47,without_ai,False,242485,ISIC_2484661,BCC,Basal Cell Carcinoma,malignant,True,AKIEC,False,0.0,12.96,monitor,False,True,9496d4f796f79226b16de22dd9785f19629a8df3_242485_1
1588,9496d4f796f79226b16de22dd9785f19629a8df3,expert,9bf03d0027e59f86b5bd9a05920a1c3d4ce04ef6,1,28,47,with_ai,True,242485,ISIC_2484661,BCC,Basal Cell Carcinoma,malignant,True,BCC,True,1.0,4.78,biopsy,True,True,9496d4f796f79226b16de22dd9785f19629a8df3_242485_1
1589,9496d4f796f79226b16de22dd9785f19629a8df3,expert,9bf03d0027e59f86b5bd9a05920a1c3d4ce04ef6,1,29,47,without_ai,False,245006,ISIC_8626277,NV,Melanocytic Nevi,benign,False,NV,True,1.0,10.05,monitor,False,True,9496d4f796f79226b16de22dd9785f19629a8df3_245006_1
1590,9496d4f796f79226b16de22dd9785f19629a8df3,expert,9bf03d0027e59f86b5bd9a05920a1c3d4ce04ef6,1,30,47,with_ai,True,245006,ISIC_8626277,NV,Melanocytic Nevi,benign,False,NV,True,1.0,13.55,monitor,False,True,9496d4f796f79226b16de22dd9785f19629a8df3_245006_1
1591,d2d883bdbd9b3c983cc5348a18f85b3472e974f6,non-expert,8accee523202cb5ec3f693cc9d8ff0867299bbf5,1,1,47,without_ai,False,243788,ISIC_4204876,NV,Melanocytic Nevi,benign,False,NV,True,1.0,40.81,monitor,False,True,d2d883bdbd9b3c983cc5348a18f85b3472e974f6_243788_1
1592,d2d883bdbd9b3c983cc5348a18f85b3472e974f6,non-expert,8accee523202cb5ec3f693cc9d8ff0867299bbf5,1,2,47,with_ai,True,243788,ISIC_4204876,NV,Melanocytic Nevi,benign,False,MEL,False,0.0,13.3,biopsy,True,True,d2d883bdbd9b3c983cc5348a18f85b3472e974f6_243788_1
1593,d2d883bdbd9b3c983cc5348a18f85b3472e974f6,non-expert,8accee523202cb5ec3f693cc9d8ff0867299bbf5,1,3,47,without_ai,False,243739,ISIC_9473743,NV,Melanocytic Nevi,benign,False,BKL,False,0.0,13.15,dismiss,False,True,d2d883bdbd9b3c983cc5348a18f85b3472e974f6_243739_1
1594,d2d883bdbd9b3c983cc5348a18f85b3472e974f6,non-expert,8accee523202cb5ec3f693cc9d8ff0867299bbf5,1,4,47,with_ai,True,243739,ISIC_9473743,NV,Melanocytic Nevi,benign,False,BKL,False,0.0,4.04,monitor,False,True,d2d883bdbd9b3c983cc5348a18f85b3472e974f6_243739_1
1595,d2d883bdbd9b3c983cc5348a18f85b3472e974f6,non-expert,8accee523202cb5ec3f693cc9d8ff0867299bbf5,1,5,47,without_ai,False,240110,ISIC_1923354,MEL,Melanoma,malignant,True,MEL,True,1.0,7.4,biopsy,True,True,d2d883bdbd9b3c983cc5348a18f85b3472e974f6_240110_1
1596,d2d883bdbd9b3c983cc5348a18f85b3472e974f6,non-expert,8accee523202cb5ec3f693cc9d8ff0867299bbf5,1,6,47,with_ai,True,240110,ISIC_1923354,MEL,Melanoma,malignant,True,MEL,True,1.0,6.47,biopsy,True,True,d2d883bdbd9b3c983cc5348a18f85b3472e974f6_240110_1
1597,d2d883bdbd9b3c983cc5348a18f85b3472e974f6,non-expert,8accee523202cb5ec3f693cc9d8ff0867299bbf5,1,7,47,without_ai,False,245134,ISIC_8914970,SCCKA,Squamous Cell Carcinoma,malignant,True,AKIEC,False,0.0,6.9,biopsy,True,True,d2d883bdbd9b3c983cc5348a18f85b3472e974f6_245134_1
1598,d2d883bdbd9b3c983cc5348a18f85b3472e974f6,non-expert,8accee523202cb5ec3f693cc9d8ff0867299bbf5,1,8,47,with_ai,True,245134,ISIC_8914970,SCCKA,Squamous Cell Carcinoma,malignant,True,AKIEC,False,0.0,2.9,biopsy,True,True,d2d883bdbd9b3c983cc5348a18f85b3472e974f6_245134_1
1599,d2d883bdbd9b3c983cc5348a18f85b3472e974f6,non-expert,8accee523202cb5ec3f693cc9d8ff0867299bbf5,1,9,47,without_ai,False,241254,ISIC_1473683,NV,Melanocytic Nevi,benign,False,NV,True,1.0,13.5,biopsy,True,True,d2d883bdbd9b3c983cc5348a18f85b3472e974f6_241254_1
1600,d2d883bdbd9b3c983cc5348a18f85b3472e974f6,non-expert,8accee523202cb5ec3f693cc9d8ff0867299bbf5,1,10,47,with_ai,True,241254,ISIC_1473683,NV,Melanocytic Nevi,benign,False,NV,True,1.0,7.14,monitor,False,True,d2d883bdbd9b3c983cc5348a18f85b3472e974f6_241254_1
1601,d2d883bdbd9b3c983cc5348a18f85b3472e974f6,non-expert,8accee523202cb5ec3f693cc9d8ff0867299bbf5,1,11,47,without_ai,False,244686,ISIC_2515838,OTHER_BENIGN,Other Benign,benign,False,AKIEC,False,0.0,11.04,biopsy,True,True,d2d883bdbd9b3c983cc5348a18f85b3472e974f6_244686_1
1602,d2d883bdbd9b3c983cc5348a18f85b3472e974f6,non-expert,8accee523202cb5ec3f693cc9d8ff0867299bbf5,1,12,47,with_ai,True,244686,ISIC_2515838,OTHER_BENIGN,Other Benign,benign,False,NV,False,0.0,3.92,monitor,False,True,d2d883bdbd9b3c983cc5348a18f85b3472e974f6_244686_1
1603,d2d883bdbd9b3c983cc5348a18f85b3472e974f6,non-expert,8accee523202cb5ec3f693cc9d8ff0867299bbf5,1,13,47,without_ai,False,243321,ISIC_8319384,BKL,Benign Keratosis,benign,False,AKIEC,False,0.0,6.32,monitor,False,True,d2d883bdbd9b3c983cc5348a18f85b3472e974f6_243321_1
1604,d2d883bdbd9b3c983cc5348a18f85b3472e974f6,non-expert,8accee523202cb5ec3f693cc9d8ff0867299bbf5,1,14,47,with_ai,True,243321,ISIC_8319384,BKL,Benign Keratosis,benign,False,AKIEC,False,0.0,6.67,monitor,False,True,d2d883bdbd9b3c983cc5348a18f85b3472e974f6_243321_1
1605,d2d883bdbd9b3c983cc5348a18f85b3472e974f6,non-expert,8accee523202cb5ec3f693cc9d8ff0867299bbf5,1,15,47,without_ai,False,242004,ISIC_4482349,MEL,Melanoma,malignant,True,AKIEC,False,0.0,6.24,monitor,False,True,d2d883bdbd9b3c983cc5348a18f85b3472e974f6_242004_1
1606,d2d883bdbd9b3c983cc5348a18f85b3472e974f6,non-expert,8accee523202cb5ec3f693cc9d8ff0867299bbf5,1,16,47,with_ai,True,242004,ISIC_4482349,MEL,Melanoma,malignant,True,AKIEC,False,0.0,4.85,monitor,False,True,d2d883bdbd9b3c983cc5348a18f85b3472e974f6_242004_1
1607,d2d883bdbd9b3c983cc5348a18f85b3472e974f6,non-expert,8accee523202cb5ec3f693cc9d8ff0867299bbf5,1,17,47,without_ai,False,240890,ISIC_7009788,DF,Dermatofibroma,benign,False,BKL,False,0.0,9.53,monitor,False,True,d2d883bdbd9b3c983cc5348a18f85b3472e974f6_240890_1
1608,d2d883bdbd9b3c983cc5348a18f85b3472e974f6,non-expert,8accee523202cb5ec3f693cc9d8ff0867299bbf5,1,18,47,with_ai,True,240890,ISIC_7009788,DF,Dermatofibroma,benign,False,DF,True,1.0,5.29,dismiss,False,True,d2d883bdbd9b3c983cc5348a18f85b3472e974f6_240890_1
1609,d2d883bdbd9b3c983cc5348a18f85b3472e974f6,non-expert,8accee523202cb5ec3f693cc9d8ff0867299bbf5,1,19,47,without_ai,False,244487,ISIC_4780938,BCC,Basal Cell Carcinoma,malignant,True,BCC,True,1.0,3.75,biopsy,True,True,d2d883bdbd9b3c983cc5348a18f85b3472e974f6_244487_1
1610,d2d883bdbd9b3c983cc5348a18f85b3472e974f6,non-expert,8accee523202cb5ec3f693cc9d8ff0867299bbf5,1,20,47,with_ai,True,244487,ISIC_4780938,BCC,Basal Cell Carcinoma,malignant,True,BCC,True,1.0,2.96,biopsy,True,True,d2d883bdbd9b3c983cc5348a18f85b3472e974f6_244487_1
1611,d2d883bdbd9b3c983cc5348a18f85b3472e974f6,non-expert,8accee523202cb5ec3f693cc9d8ff0867299bbf5,1,21,47,without_ai,False,243654,ISIC_9594263,BKL,Benign Keratosis,benign,False,MEL,False,0.0,3.54,biopsy,True,True,d2d883bdbd9b3c983cc5348a18f85b3472e974f6_243654_1
1612,d2d883bdbd9b3c983cc5348a18f85b3472e974f6,non-expert,8accee523202cb5ec3f693cc9d8ff0867299bbf5,1,22,47,with_ai,True,243654,ISIC_9594263,BKL,Benign Keratosis,benign,False,MEL,False,0.0,2.14,biopsy,True,True,d2d883bdbd9b3c983cc5348a18f85b3472e974f6_243654_1
1613,d2d883bdbd9b3c983cc5348a18f85b3472e974f6,non-expert,8accee523202cb5ec3f693cc9d8ff0867299bbf5,1,23,47,without_ai,False,243758,ISIC_5056247,AKIEC,Actinic Keratosis,premalignant,True,AKIEC,True,1.0,6.12,local_therapy,True,True,d2d883bdbd9b3c983cc5348a18f85b3472e974f6_243758_1
1614,d2d883bdbd9b3c983cc5348a18f85b3472e974f6,non-expert,8accee523202cb5ec3f693cc9d8ff0867299bbf5,1,24,47,with_ai,True,243758,ISIC_5056247,AKIEC,Actinic Keratosis,premalignant,True,AKIEC,True,1.0,1.88,local_therapy,True,True,d2d883bdbd9b3c983cc5348a18f85b3472e974f6_243758_1
1615,d2d883bdbd9b3c983cc5348a18f85b3472e974f6,non-expert,8accee523202cb5ec3f693cc9d8ff0867299bbf5,1,25,47,without_ai,False,240401,ISIC_1859150,BCC,Basal Cell Carcinoma,malignant,True,MEL,False,0.0,9.06,biopsy,True,True,d2d883bdbd9b3c983cc5348a18f85b3472e974f6_240401_1
1616,d2d883bdbd9b3c983cc5348a18f85b3472e974f6,non-expert,8accee523202cb5ec3f693cc9d8ff0867299bbf5,1,26,47,with_ai,True,240401,ISIC_1859150,BCC,Basal Cell Carcinoma,malignant,True,BCC,True,1.0,8.87,biopsy,True,True,d2d883bdbd9b3c983cc5348a18f85b3472e974f6_240401_1
1617,d2d883bdbd9b3c983cc5348a18f85b3472e974f6,non-expert,8accee523202cb5ec3f693cc9d8ff0867299bbf5,1,27,47,without_ai,False,241004,ISIC_1708907,VASC,Vascular Lesions,benign,False,VASC,True,1.0,4.67,monitor,False,True,d2d883bdbd9b3c983cc5348a18f85b3472e974f6_241004_1
1618,d2d883bdbd9b3c983cc5348a18f85b3472e974f6,non-expert,8accee523202cb5ec3f693cc9d8ff0867299bbf5,1,28,47,with_ai,True,241004,ISIC_1708907,VASC,Vascular Lesions,benign,False,VASC,True,1.0,6.23,dismiss,False,True,d2d883bdbd9b3c983cc5348a18f85b3472e974f6_241004_1
1619,d2d883bdbd9b3c983cc5348a18f85b3472e974f6,non-expert,8accee523202cb5ec3f693cc9d8ff0867299bbf5,1,29,47,without_ai,False,244733,ISIC_2134211,BCC,Basal Cell Carcinoma,malignant,True,AKIEC,False,0.0,7.05,local_therapy,True,True,d2d883bdbd9b3c983cc5348a18f85b3472e974f6_244733_1
1620,d2d883bdbd9b3c983cc5348a18f85b3472e974f6,non-expert,8accee523202cb5ec3f693cc9d8ff0867299bbf5,1,30,47,with_ai,True,244733,ISIC_2134211,BCC,Basal Cell Carcinoma,malignant,True,AKIEC,False,0.0,3.26,local_therapy,True,True,d2d883bdbd9b3c983cc5348a18f85b3472e974f6_244733_1
1621,1599818baf5cd24b8cedec5a4679c32f7e4c6a80,non-expert,4dfbcef00446251a8b87a24be5ff06c8ab228b00,1,1,47,without_ai,False,240839,ISIC_0881507,BCC,Basal Cell Carcinoma,malignant,True,SCCKA,False,0.0,39.57,biopsy,True,True,1599818baf5cd24b8cedec5a4679c32f7e4c6a80_240839_1
1622,1599818baf5cd24b8cedec5a4679c32f7e4c6a80,non-expert,4dfbcef00446251a8b87a24be5ff06c8ab228b00,1,2,47,with_ai,True,240839,ISIC_0881507,BCC,Basal Cell Carcinoma,malignant,True,BCC,True,1.0,14.5,biopsy,True,True,1599818baf5cd24b8cedec5a4679c32f7e4c6a80_240839_1
1623,1599818baf5cd24b8cedec5a4679c32f7e4c6a80,non-expert,4dfbcef00446251a8b87a24be5ff06c8ab228b00,1,3,47,without_ai,False,241352,ISIC_1579405,NV,Melanocytic Nevi,benign,False,NV,True,1.0,7.91,dismiss,False,True,1599818baf5cd24b8cedec5a4679c32f7e4c6a80_241352_1
1624,1599818baf5cd24b8cedec5a4679c32f7e4c6a80,non-expert,4dfbcef00446251a8b87a24be5ff06c8ab228b00,1,4,47,with_ai,True,241352,ISIC_1579405,NV,Melanocytic Nevi,benign,False,NV,True,1.0,3.87,dismiss,False,True,1599818baf5cd24b8cedec5a4679c32f7e4c6a80_241352_1
1625,1599818baf5cd24b8cedec5a4679c32f7e4c6a80,non-expert,4dfbcef00446251a8b87a24be5ff06c8ab228b00,1,5,47,without_ai,False,243698,ISIC_8905603,NV,Melanocytic Nevi,benign,False,BCC,False,0.0,26.78,biopsy,True,True,1599818baf5cd24b8cedec5a4679c32f7e4c6a80_243698_1
1626,1599818baf5cd24b8cedec5a4679c32f7e4c6a80,non-expert,4dfbcef00446251a8b87a24be5ff06c8ab228b00,1,6,47,with_ai,True,243698,ISIC_8905603,NV,Melanocytic Nevi,benign,False,BCC,False,0.0,3.91,biopsy,True,True,1599818baf5cd24b8cedec5a4679c32f7e4c6a80_243698_1
1627,1599818baf5cd24b8cedec5a4679c32f7e4c6a80,non-expert,4dfbcef00446251a8b87a24be5ff06c8ab228b00,1,7,47,without_ai,False,243417,ISIC_3997102,BCC,Basal Cell Carcinoma,malignant,True,AKIEC,False,0.0,13.11,local_therapy,True,True,1599818baf5cd24b8cedec5a4679c32f7e4c6a80_243417_1
1628,1599818baf5cd24b8cedec5a4679c32f7e4c6a80,non-expert,4dfbcef00446251a8b87a24be5ff06c8ab228b00,1,8,47,with_ai,True,243417,ISIC_3997102,BCC,Basal Cell Carcinoma,malignant,True,AKIEC,False,0.0,4.17,local_therapy,True,True,1599818baf5cd24b8cedec5a4679c32f7e4c6a80_243417_1
1629,1599818baf5cd24b8cedec5a4679c32f7e4c6a80,non-expert,4dfbcef00446251a8b87a24be5ff06c8ab228b00,1,9,47,without_ai,False,240015,ISIC_8615296,BKL,Benign Keratosis,benign,False,VASC,False,0.0,14.59,dismiss,False,True,1599818baf5cd24b8cedec5a4679c32f7e4c6a80_240015_1
1630,1599818baf5cd24b8cedec5a4679c32f7e4c6a80,non-expert,4dfbcef00446251a8b87a24be5ff06c8ab228b00,1,10,47,with_ai,True,240015,ISIC_8615296,BKL,Benign Keratosis,benign,False,VASC,False,0.0,12.85,dismiss,False,True,1599818baf5cd24b8cedec5a4679c32f7e4c6a80_240015_1
1631,1599818baf5cd24b8cedec5a4679c32f7e4c6a80,non-expert,4dfbcef00446251a8b87a24be5ff06c8ab228b00,1,11,47,without_ai,False,241596,ISIC_1996485,VASC,Vascular Lesions,benign,False,MEL,False,0.0,8.54,biopsy,True,True,1599818baf5cd24b8cedec5a4679c32f7e4c6a80_241596_1
1632,1599818baf5cd24b8cedec5a4679c32f7e4c6a80,non-expert,4dfbcef00446251a8b87a24be5ff06c8ab228b00,1,12,47,with_ai,True,241596,ISIC_1996485,VASC,Vascular Lesions,benign,False,BCC,False,0.0,16.44,biopsy,True,True,1599818baf5cd24b8cedec5a4679c32f7e4c6a80_241596_1
1633,1599818baf5cd24b8cedec5a4679c32f7e4c6a80,non-expert,4dfbcef00446251a8b87a24be5ff06c8ab228b00,1,13,47,without_ai,False,240219,ISIC_3952412,INF,Inflammatory,inflammatory,False,OTHER_BENIGN,False,0.0,34.21,dismiss,False,True,1599818baf5cd24b8cedec5a4679c32f7e4c6a80_240219_1
1634,1599818baf5cd24b8cedec5a4679c32f7e4c6a80,non-expert,4dfbcef00446251a8b87a24be5ff06c8ab228b00,1,14,47,with_ai,True,240219,ISIC_3952412,INF,Inflammatory,inflammatory,False,OTHER_BENIGN,False,0.0,11.29,dismiss,False,True,1599818baf5cd24b8cedec5a4679c32f7e4c6a80_240219_1
1635,1599818baf5cd24b8cedec5a4679c32f7e4c6a80,non-expert,4dfbcef00446251a8b87a24be5ff06c8ab228b00,1,15,47,without_ai,False,242588,ISIC_9912332,DF,Dermatofibroma,benign,False,DF,True,1.0,11.06,dismiss,False,True,1599818baf5cd24b8cedec5a4679c32f7e4c6a80_242588_1
1636,1599818baf5cd24b8cedec5a4679c32f7e4c6a80,non-expert,4dfbcef00446251a8b87a24be5ff06c8ab228b00,1,16,47,with_ai,True,242588,ISIC_9912332,DF,Dermatofibroma,benign,False,DF,True,1.0,2.62,dismiss,False,True,1599818baf5cd24b8cedec5a4679c32f7e4c6a80_242588_1
1637,1599818baf5cd24b8cedec5a4679c32f7e4c6a80,non-expert,4dfbcef00446251a8b87a24be5ff06c8ab228b00,1,17,47,without_ai,False,242266,ISIC_3594638,NV,Melanocytic Nevi,benign,False,NV,True,1.0,14.26,dismiss,False,True,1599818baf5cd24b8cedec5a4679c32f7e4c6a80_242266_1
1638,1599818baf5cd24b8cedec5a4679c32f7e4c6a80,non-expert,4dfbcef00446251a8b87a24be5ff06c8ab228b00,1,18,47,with_ai,True,242266,ISIC_3594638,NV,Melanocytic Nevi,benign,False,MEL,False,0.0,13.06,biopsy,True,True,1599818baf5cd24b8cedec5a4679c32f7e4c6a80_242266_1
1639,1599818baf5cd24b8cedec5a4679c32f7e4c6a80,non-expert,4dfbcef00446251a8b87a24be5ff06c8ab228b00,1,19,47,without_ai,False,244565,ISIC_4788552,MEL,Melanoma,malignant,True,MEL,True,1.0,16.87,biopsy,True,True,1599818baf5cd24b8cedec5a4679c32f7e4c6a80_244565_1
1640,1599818baf5cd24b8cedec5a4679c32f7e4c6a80,non-expert,4dfbcef00446251a8b87a24be5ff06c8ab228b00,1,20,47,with_ai,True,244565,ISIC_4788552,MEL,Melanoma,malignant,True,MEL,True,1.0,3.58,biopsy,True,True,1599818baf5cd24b8cedec5a4679c32f7e4c6a80_244565_1
1641,1599818baf5cd24b8cedec5a4679c32f7e4c6a80,non-expert,4dfbcef00446251a8b87a24be5ff06c8ab228b00,1,21,47,without_ai,False,240487,ISIC_4375866,MEL,Melanoma,malignant,True,MEL,True,1.0,7.79,biopsy,True,True,1599818baf5cd24b8cedec5a4679c32f7e4c6a80_240487_1
1642,1599818baf5cd24b8cedec5a4679c32f7e4c6a80,non-expert,4dfbcef00446251a8b87a24be5ff06c8ab228b00,1,22,47,with_ai,True,240487,ISIC_4375866,MEL,Melanoma,malignant,True,MEL,True,1.0,2.44,biopsy,True,True,1599818baf5cd24b8cedec5a4679c32f7e4c6a80_240487_1
1643,1599818baf5cd24b8cedec5a4679c32f7e4c6a80,non-expert,4dfbcef00446251a8b87a24be5ff06c8ab228b00,1,23,47,without_ai,False,241428,ISIC_6044977,AKIEC,Actinic Keratosis,premalignant,True,MEL,False,0.0,14.58,biopsy,True,True,1599818baf5cd24b8cedec5a4679c32f7e4c6a80_241428_1
1644,1599818baf5cd24b8cedec5a4679c32f7e4c6a80,non-expert,4dfbcef00446251a8b87a24be5ff06c8ab228b00,1,24,47,with_ai,True,241428,ISIC_6044977,AKIEC,Actinic Keratosis,premalignant,True,AKIEC,True,1.0,9.86,biopsy,True,True,1599818baf5cd24b8cedec5a4679c32f7e4c6a80_241428_1
1645,1599818baf5cd24b8cedec5a4679c32f7e4c6a80,non-expert,4dfbcef00446251a8b87a24be5ff06c8ab228b00,1,25,47,without_ai,False,241407,ISIC_3500227,SCCKA,Squamous Cell Carcinoma,malignant,True,AKIEC,False,0.0,19.98,local_therapy,True,True,1599818baf5cd24b8cedec5a4679c32f7e4c6a80_241407_1
1646,1599818baf5cd24b8cedec5a4679c32f7e4c6a80,non-expert,4dfbcef00446251a8b87a24be5ff06c8ab228b00,1,26,47,with_ai,True,241407,ISIC_3500227,SCCKA,Squamous Cell Carcinoma,malignant,True,AKIEC,False,0.0,3.28,local_therapy,True,True,1599818baf5cd24b8cedec5a4679c32f7e4c6a80_241407_1
1647,1599818baf5cd24b8cedec5a4679c32f7e4c6a80,non-expert,4dfbcef00446251a8b87a24be5ff06c8ab228b00,1,27,47,without_ai,False,243154,ISIC_8554994,BKL,Benign Keratosis,benign,False,NV,False,0.0,8.33,dismiss,False,True,1599818baf5cd24b8cedec5a4679c32f7e4c6a80_243154_1
1648,1599818baf5cd24b8cedec5a4679c32f7e4c6a80,non-expert,4dfbcef00446251a8b87a24be5ff06c8ab228b00,1,28,47,with_ai,True,243154,ISIC_8554994,BKL,Benign Keratosis,benign,False,BKL,True,1.0,5.45,local_therapy,True,True,1599818baf5cd24b8cedec5a4679c32f7e4c6a80_243154_1
1649,1599818baf5cd24b8cedec5a4679c32f7e4c6a80,non-expert,4dfbcef00446251a8b87a24be5ff06c8ab228b00,1,29,47,without_ai,False,242802,ISIC_2023313,BCC,Basal Cell Carcinoma,malignant,True,BCC,True,1.0,8.68,biopsy,True,True,1599818baf5cd24b8cedec5a4679c32f7e4c6a80_242802_1
1650,1599818baf5cd24b8cedec5a4679c32f7e4c6a80,non-expert,4dfbcef00446251a8b87a24be5ff06c8ab228b00,1,30,47,with_ai,True,242802,ISIC_2023313,BCC,Basal Cell Carcinoma,malignant,True,BCC,True,1.0,2.4,biopsy,True,True,1599818baf5cd24b8cedec5a4679c32f7e4c6a80_242802_1
1651,9f6d75348640076286fe1b7452fdfb2a1459be4b,non-expert,e157b52f0c6980bc62f1d990fef2cc9312a6f183,1,1,47,without_ai,False,242333,ISIC_4943472,AKIEC,Actinic Keratosis,premalignant,True,AKIEC,True,1.0,16.13,biopsy,True,True,9f6d75348640076286fe1b7452fdfb2a1459be4b_242333_1
1652,9f6d75348640076286fe1b7452fdfb2a1459be4b,non-expert,e157b52f0c6980bc62f1d990fef2cc9312a6f183,1,2,47,with_ai,True,242333,ISIC_4943472,AKIEC,Actinic Keratosis,premalignant,True,AKIEC,True,1.0,5.56,local_therapy,True,True,9f6d75348640076286fe1b7452fdfb2a1459be4b_242333_1
1653,9f6d75348640076286fe1b7452fdfb2a1459be4b,non-expert,e157b52f0c6980bc62f1d990fef2cc9312a6f183,1,3,47,without_ai,False,240523,ISIC_6739483,DF,Dermatofibroma,benign,False,DF,True,1.0,40.23,monitor,False,True,9f6d75348640076286fe1b7452fdfb2a1459be4b_240523_1
1654,9f6d75348640076286fe1b7452fdfb2a1459be4b,non-expert,e157b52f0c6980bc62f1d990fef2cc9312a6f183,1,4,47,with_ai,True,240523,ISIC_6739483,DF,Dermatofibroma,benign,False,DF,True,1.0,3.72,dismiss,False,True,9f6d75348640076286fe1b7452fdfb2a1459be4b_240523_1
1655,9f6d75348640076286fe1b7452fdfb2a1459be4b,non-expert,e157b52f0c6980bc62f1d990fef2cc9312a6f183,1,5,47,without_ai,False,242853,ISIC_3831165,NV,Melanocytic Nevi,benign,False,MEL,False,0.0,7.1,biopsy,True,True,9f6d75348640076286fe1b7452fdfb2a1459be4b_242853_1
1656,9f6d75348640076286fe1b7452fdfb2a1459be4b,non-expert,e157b52f0c6980bc62f1d990fef2cc9312a6f183,1,6,47,with_ai,True,242853,ISIC_3831165,NV,Melanocytic Nevi,benign,False,MEL,False,0.0,10.54,biopsy,True,True,9f6d75348640076286fe1b7452fdfb2a1459be4b_242853_1
1657,9f6d75348640076286fe1b7452fdfb2a1459be4b,non-expert,e157b52f0c6980bc62f1d990fef2cc9312a6f183,1,7,47,without_ai,False,244012,ISIC_1386264,BCC,Basal Cell Carcinoma,malignant,True,AKIEC,False,0.0,17.88,biopsy,True,True,9f6d75348640076286fe1b7452fdfb2a1459be4b_244012_1
1658,9f6d75348640076286fe1b7452fdfb2a1459be4b,non-expert,e157b52f0c6980bc62f1d990fef2cc9312a6f183,1,8,47,with_ai,True,244012,ISIC_1386264,BCC,Basal Cell Carcinoma,malignant,True,BCC,True,1.0,9.87,biopsy,True,True,9f6d75348640076286fe1b7452fdfb2a1459be4b_244012_1
1659,9f6d75348640076286fe1b7452fdfb2a1459be4b,non-expert,e157b52f0c6980bc62f1d990fef2cc9312a6f183,1,9,47,without_ai,False,242643,ISIC_0317094,BCC,Basal Cell Carcinoma,malignant,True,BCC,True,1.0,7.7,biopsy,True,True,9f6d75348640076286fe1b7452fdfb2a1459be4b_242643_1
1660,9f6d75348640076286fe1b7452fdfb2a1459be4b,non-expert,e157b52f0c6980bc62f1d990fef2cc9312a6f183,1,10,47,with_ai,True,242643,ISIC_0317094,BCC,Basal Cell Carcinoma,malignant,True,BCC,True,1.0,5.44,biopsy,True,True,9f6d75348640076286fe1b7452fdfb2a1459be4b_242643_1
1661,9f6d75348640076286fe1b7452fdfb2a1459be4b,non-expert,e157b52f0c6980bc62f1d990fef2cc9312a6f183,1,11,47,without_ai,False,241622,ISIC_4821214,VASC,Vascular Lesions,benign,False,MEL,False,0.0,5.11,biopsy,True,True,9f6d75348640076286fe1b7452fdfb2a1459be4b_241622_1
1662,9f6d75348640076286fe1b7452fdfb2a1459be4b,non-expert,e157b52f0c6980bc62f1d990fef2cc9312a6f183,1,12,47,with_ai,True,241622,ISIC_4821214,VASC,Vascular Lesions,benign,False,VASC,True,1.0,7.97,biopsy,True,True,9f6d75348640076286fe1b7452fdfb2a1459be4b_241622_1
1663,9f6d75348640076286fe1b7452fdfb2a1459be4b,non-expert,e157b52f0c6980bc62f1d990fef2cc9312a6f183,1,13,47,without_ai,False,244174,ISIC_8356317,BKL,Benign Keratosis,benign,False,BKL,True,1.0,11.67,biopsy,True,True,9f6d75348640076286fe1b7452fdfb2a1459be4b_244174_1
1664,9f6d75348640076286fe1b7452fdfb2a1459be4b,non-expert,e157b52f0c6980bc62f1d990fef2cc9312a6f183,1,14,47,with_ai,True,244174,ISIC_8356317,BKL,Benign Keratosis,benign,False,BKL,True,1.0,8.87,biopsy,True,True,9f6d75348640076286fe1b7452fdfb2a1459be4b_244174_1
1665,9f6d75348640076286fe1b7452fdfb2a1459be4b,non-expert,e157b52f0c6980bc62f1d990fef2cc9312a6f183,1,15,47,without_ai,False,241768,ISIC_4478363,MEL,Melanoma,malignant,True,MEL,True,1.0,59.12,biopsy,True,True,9f6d75348640076286fe1b7452fdfb2a1459be4b_241768_1
1666,9f6d75348640076286fe1b7452fdfb2a1459be4b,non-expert,e157b52f0c6980bc62f1d990fef2cc9312a6f183,1,16,47,with_ai,True,241768,ISIC_4478363,MEL,Melanoma,malignant,True,MEL,True,1.0,2.87,biopsy,True,True,9f6d75348640076286fe1b7452fdfb2a1459be4b_241768_1
1667,9f6d75348640076286fe1b7452fdfb2a1459be4b,non-expert,e157b52f0c6980bc62f1d990fef2cc9312a6f183,1,17,47,without_ai,False,241308,ISIC_9547255,INF,Inflammatory,inflammatory,False,BCC,False,0.0,9.15,biopsy,True,True,9f6d75348640076286fe1b7452fdfb2a1459be4b_241308_1
1668,9f6d75348640076286fe1b7452fdfb2a1459be4b,non-expert,e157b52f0c6980bc62f1d990fef2cc9312a6f183,1,18,47,with_ai,True,241308,ISIC_9547255,INF,Inflammatory,inflammatory,False,OTHER_BENIGN,False,0.0,5.73,biopsy,True,True,9f6d75348640076286fe1b7452fdfb2a1459be4b_241308_1
1669,9f6d75348640076286fe1b7452fdfb2a1459be4b,non-expert,e157b52f0c6980bc62f1d990fef2cc9312a6f183,1,19,47,without_ai,False,243662,ISIC_5348732,SCCKA,Squamous Cell Carcinoma,malignant,True,DF,False,0.0,4.78,biopsy,True,True,9f6d75348640076286fe1b7452fdfb2a1459be4b_243662_1
1670,9f6d75348640076286fe1b7452fdfb2a1459be4b,non-expert,e157b52f0c6980bc62f1d990fef2cc9312a6f183,1,20,47,with_ai,True,243662,ISIC_5348732,SCCKA,Squamous Cell Carcinoma,malignant,True,SCCKA,True,1.0,5.48,biopsy,True,True,9f6d75348640076286fe1b7452fdfb2a1459be4b_243662_1
1671,9f6d75348640076286fe1b7452fdfb2a1459be4b,non-expert,e157b52f0c6980bc62f1d990fef2cc9312a6f183,1,21,47,without_ai,False,244095,ISIC_8291456,BKL,Benign Keratosis,benign,False,MEL,False,0.0,6.08,biopsy,True,True,9f6d75348640076286fe1b7452fdfb2a1459be4b_244095_1
1672,9f6d75348640076286fe1b7452fdfb2a1459be4b,non-expert,e157b52f0c6980bc62f1d990fef2cc9312a6f183,1,22,47,with_ai,True,244095,ISIC_8291456,BKL,Benign Keratosis,benign,False,AKIEC,False,0.0,7.32,biopsy,True,True,9f6d75348640076286fe1b7452fdfb2a1459be4b_244095_1
1673,9f6d75348640076286fe1b7452fdfb2a1459be4b,non-expert,e157b52f0c6980bc62f1d990fef2cc9312a6f183,1,23,47,without_ai,False,243249,ISIC_0734414,MEL,Melanoma,malignant,True,MEL,True,1.0,4.78,biopsy,True,True,9f6d75348640076286fe1b7452fdfb2a1459be4b_243249_1
1674,9f6d75348640076286fe1b7452fdfb2a1459be4b,non-expert,e157b52f0c6980bc62f1d990fef2cc9312a6f183,1,24,47,with_ai,True,243249,ISIC_0734414,MEL,Melanoma,malignant,True,MEL,True,1.0,2.86,biopsy,True,True,9f6d75348640076286fe1b7452fdfb2a1459be4b_243249_1
1675,9f6d75348640076286fe1b7452fdfb2a1459be4b,non-expert,e157b52f0c6980bc62f1d990fef2cc9312a6f183,1,25,47,without_ai,False,241251,ISIC_5728052,NV,Melanocytic Nevi,benign,False,MEL,False,0.0,7.99,biopsy,True,True,9f6d75348640076286fe1b7452fdfb2a1459be4b_241251_1
1676,9f6d75348640076286fe1b7452fdfb2a1459be4b,non-expert,e157b52f0c6980bc62f1d990fef2cc9312a6f183,1,26,47,with_ai,True,241251,ISIC_5728052,NV,Melanocytic Nevi,benign,False,MEL,False,0.0,5.56,biopsy,True,True,9f6d75348640076286fe1b7452fdfb2a1459be4b_241251_1
1677,9f6d75348640076286fe1b7452fdfb2a1459be4b,non-expert,e157b52f0c6980bc62f1d990fef2cc9312a6f183,1,27,47,without_ai,False,242139,ISIC_3734095,NV,Melanocytic Nevi,benign,False,MEL,False,0.0,4.31,biopsy,True,True,9f6d75348640076286fe1b7452fdfb2a1459be4b_242139_1
1678,9f6d75348640076286fe1b7452fdfb2a1459be4b,non-expert,e157b52f0c6980bc62f1d990fef2cc9312a6f183,1,28,47,with_ai,True,242139,ISIC_3734095,NV,Melanocytic Nevi,benign,False,MEL,False,0.0,5.71,biopsy,True,True,9f6d75348640076286fe1b7452fdfb2a1459be4b_242139_1
1679,9f6d75348640076286fe1b7452fdfb2a1459be4b,non-expert,e157b52f0c6980bc62f1d990fef2cc9312a6f183,1,29,47,without_ai,False,244653,ISIC_5372934,NV,Melanocytic Nevi,benign,False,MEL,False,0.0,5.27,biopsy,True,True,9f6d75348640076286fe1b7452fdfb2a1459be4b_244653_1
1680,9f6d75348640076286fe1b7452fdfb2a1459be4b,non-expert,e157b52f0c6980bc62f1d990fef2cc9312a6f183,1,30,47,with_ai,True,244653,ISIC_5372934,NV,Melanocytic Nevi,benign,False,MEL,False,0.0,14.28,biopsy,True,True,9f6d75348640076286fe1b7452fdfb2a1459be4b_244653_1
1681,9f6d75348640076286fe1b7452fdfb2a1459be4b,non-expert,21724cde53a958c5d12a8c13190cbbcc07f9f0f1,2,1,47,without_ai,False,244307,ISIC_0381744,AKIEC,Actinic Keratosis,premalignant,True,AKIEC,True,1.0,11.27,local_therapy,True,True,9f6d75348640076286fe1b7452fdfb2a1459be4b_244307_2
1682,9f6d75348640076286fe1b7452fdfb2a1459be4b,non-expert,21724cde53a958c5d12a8c13190cbbcc07f9f0f1,2,2,47,with_ai,True,244307,ISIC_0381744,AKIEC,Actinic Keratosis,premalignant,True,AKIEC,True,1.0,7.52,local_therapy,True,True,9f6d75348640076286fe1b7452fdfb2a1459be4b_244307_2
1683,9f6d75348640076286fe1b7452fdfb2a1459be4b,non-expert,21724cde53a958c5d12a8c13190cbbcc07f9f0f1,2,3,47,without_ai,False,243464,ISIC_8620236,MEL,Melanoma,malignant,True,MEL,True,1.0,5.17,biopsy,True,True,9f6d75348640076286fe1b7452fdfb2a1459be4b_243464_2
1684,9f6d75348640076286fe1b7452fdfb2a1459be4b,non-expert,21724cde53a958c5d12a8c13190cbbcc07f9f0f1,2,4,47,with_ai,True,243464,ISIC_8620236,MEL,Melanoma,malignant,True,MEL,True,1.0,4.04,biopsy,True,True,9f6d75348640076286fe1b7452fdfb2a1459be4b_243464_2
1685,9f6d75348640076286fe1b7452fdfb2a1459be4b,non-expert,21724cde53a958c5d12a8c13190cbbcc07f9f0f1,2,5,47,without_ai,False,244916,ISIC_8280602,BCC,Basal Cell Carcinoma,malignant,True,BCC,True,1.0,7.73,biopsy,True,True,9f6d75348640076286fe1b7452fdfb2a1459be4b_244916_2
1686,9f6d75348640076286fe1b7452fdfb2a1459be4b,non-expert,21724cde53a958c5d12a8c13190cbbcc07f9f0f1,2,6,47,with_ai,True,244916,ISIC_8280602,BCC,Basal Cell Carcinoma,malignant,True,BCC,True,1.0,3.32,biopsy,True,True,9f6d75348640076286fe1b7452fdfb2a1459be4b_244916_2
1687,9f6d75348640076286fe1b7452fdfb2a1459be4b,non-expert,21724cde53a958c5d12a8c13190cbbcc07f9f0f1,2,7,47,without_ai,False,244556,ISIC_2320042,BKL,Benign Keratosis,benign,False,BKL,True,1.0,6.91,local_therapy,True,True,9f6d75348640076286fe1b7452fdfb2a1459be4b_244556_2
1688,9f6d75348640076286fe1b7452fdfb2a1459be4b,non-expert,21724cde53a958c5d12a8c13190cbbcc07f9f0f1,2,8,47,with_ai,True,244556,ISIC_2320042,BKL,Benign Keratosis,benign,False,BKL,True,1.0,3.26,monitor,False,True,9f6d75348640076286fe1b7452fdfb2a1459be4b_244556_2
1689,9f6d75348640076286fe1b7452fdfb2a1459be4b,non-expert,21724cde53a958c5d12a8c13190cbbcc07f9f0f1,2,9,47,without_ai,False,240130,ISIC_6141356,NV,Melanocytic Nevi,benign,False,NV,True,1.0,6.82,monitor,False,True,9f6d75348640076286fe1b7452fdfb2a1459be4b_240130_2
1690,9f6d75348640076286fe1b7452fdfb2a1459be4b,non-expert,21724cde53a958c5d12a8c13190cbbcc07f9f0f1,2,10,47,with_ai,True,240130,ISIC_6141356,NV,Melanocytic Nevi,benign,False,NV,True,1.0,3.72,monitor,False,True,9f6d75348640076286fe1b7452fdfb2a1459be4b_240130_2
1691,9f6d75348640076286fe1b7452fdfb2a1459be4b,non-expert,21724cde53a958c5d12a8c13190cbbcc07f9f0f1,2,11,47,without_ai,False,245081,ISIC_1592988,BCC,Basal Cell Carcinoma,malignant,True,BCC,True,1.0,7.03,biopsy,True,True,9f6d75348640076286fe1b7452fdfb2a1459be4b_245081_2
1692,9f6d75348640076286fe1b7452fdfb2a1459be4b,non-expert,21724cde53a958c5d12a8c13190cbbcc07f9f0f1,2,12,47,with_ai,True,245081,ISIC_1592988,BCC,Basal Cell Carcinoma,malignant,True,BCC,True,1.0,3.5,biopsy,True,True,9f6d75348640076286fe1b7452fdfb2a1459be4b_245081_2
1693,9f6d75348640076286fe1b7452fdfb2a1459be4b,non-expert,21724cde53a958c5d12a8c13190cbbcc07f9f0f1,2,13,47,without_ai,False,240547,ISIC_3477325,OTHER_BENIGN,Other Benign,benign,False,INF,False,0.0,16.75,monitor,False,True,9f6d75348640076286fe1b7452fdfb2a1459be4b_240547_2
1694,9f6d75348640076286fe1b7452fdfb2a1459be4b,non-expert,21724cde53a958c5d12a8c13190cbbcc07f9f0f1,2,14,47,with_ai,True,240547,ISIC_3477325,OTHER_BENIGN,Other Benign,benign,False,OTHER_BENIGN,True,1.0,6.56,monitor,False,True,9f6d75348640076286fe1b7452fdfb2a1459be4b_240547_2
1695,9f6d75348640076286fe1b7452fdfb2a1459be4b,non-expert,21724cde53a958c5d12a8c13190cbbcc07f9f0f1,2,15,47,without_ai,False,240191,ISIC_8462138,VASC,Vascular Lesions,benign,False,MEL,False,0.0,8.33,biopsy,True,True,9f6d75348640076286fe1b7452fdfb2a1459be4b_240191_2
1696,9f6d75348640076286fe1b7452fdfb2a1459be4b,non-expert,21724cde53a958c5d12a8c13190cbbcc07f9f0f1,2,16,47,with_ai,True,240191,ISIC_8462138,VASC,Vascular Lesions,benign,False,VASC,True,1.0,3.63,biopsy,True,True,9f6d75348640076286fe1b7452fdfb2a1459be4b_240191_2
1697,9f6d75348640076286fe1b7452fdfb2a1459be4b,non-expert,21724cde53a958c5d12a8c13190cbbcc07f9f0f1,2,17,47,without_ai,False,241629,ISIC_9966733,NV,Melanocytic Nevi,benign,False,MEL,False,0.0,5.43,biopsy,True,True,9f6d75348640076286fe1b7452fdfb2a1459be4b_241629_2
1698,9f6d75348640076286fe1b7452fdfb2a1459be4b,non-expert,21724cde53a958c5d12a8c13190cbbcc07f9f0f1,2,18,47,with_ai,True,241629,ISIC_9966733,NV,Melanocytic Nevi,benign,False,NV,True,1.0,4.29,monitor,False,True,9f6d75348640076286fe1b7452fdfb2a1459be4b_241629_2
1699,9f6d75348640076286fe1b7452fdfb2a1459be4b,non-expert,21724cde53a958c5d12a8c13190cbbcc07f9f0f1,2,19,47,without_ai,False,242958,ISIC_7836855,SCCKA,Squamous Cell Carcinoma,malignant,True,SCCKA,True,1.0,5.87,biopsy,True,True,9f6d75348640076286fe1b7452fdfb2a1459be4b_242958_2
1700,9f6d75348640076286fe1b7452fdfb2a1459be4b,non-expert,21724cde53a958c5d12a8c13190cbbcc07f9f0f1,2,20,47,with_ai,True,242958,ISIC_7836855,SCCKA,Squamous Cell Carcinoma,malignant,True,SCCKA,True,1.0,3.38,biopsy,True,True,9f6d75348640076286fe1b7452fdfb2a1459be4b_242958_2
1701,9f6d75348640076286fe1b7452fdfb2a1459be4b,non-expert,21724cde53a958c5d12a8c13190cbbcc07f9f0f1,2,21,47,without_ai,False,244958,ISIC_1116303,MEL,Melanoma,malignant,True,MEL,True,1.0,5.81,biopsy,True,True,9f6d75348640076286fe1b7452fdfb2a1459be4b_244958_2
1702,9f6d75348640076286fe1b7452fdfb2a1459be4b,non-expert,21724cde53a958c5d12a8c13190cbbcc07f9f0f1,2,22,47,with_ai,True,244958,ISIC_1116303,MEL,Melanoma,malignant,True,BKL,False,0.0,10.51,local_therapy,True,True,9f6d75348640076286fe1b7452fdfb2a1459be4b_244958_2
1703,9f6d75348640076286fe1b7452fdfb2a1459be4b,non-expert,21724cde53a958c5d12a8c13190cbbcc07f9f0f1,2,23,47,without_ai,False,244239,ISIC_1716731,BCC,Basal Cell Carcinoma,malignant,True,BCC,True,1.0,5.57,biopsy,True,True,9f6d75348640076286fe1b7452fdfb2a1459be4b_244239_2
1704,9f6d75348640076286fe1b7452fdfb2a1459be4b,non-expert,21724cde53a958c5d12a8c13190cbbcc07f9f0f1,2,24,47,with_ai,True,244239,ISIC_1716731,BCC,Basal Cell Carcinoma,malignant,True,BCC,True,1.0,2.48,biopsy,True,True,9f6d75348640076286fe1b7452fdfb2a1459be4b_244239_2
1705,9f6d75348640076286fe1b7452fdfb2a1459be4b,non-expert,21724cde53a958c5d12a8c13190cbbcc07f9f0f1,2,25,47,without_ai,False,242070,ISIC_6070426,DF,Dermatofibroma,benign,False,VASC,False,0.0,6.1,dismiss,False,True,9f6d75348640076286fe1b7452fdfb2a1459be4b_242070_2
1706,9f6d75348640076286fe1b7452fdfb2a1459be4b,non-expert,21724cde53a958c5d12a8c13190cbbcc07f9f0f1,2,26,47,with_ai,True,242070,ISIC_6070426,DF,Dermatofibroma,benign,False,OTHER_BENIGN,False,0.0,3.92,dismiss,False,True,9f6d75348640076286fe1b7452fdfb2a1459be4b_242070_2
1707,9f6d75348640076286fe1b7452fdfb2a1459be4b,non-expert,21724cde53a958c5d12a8c13190cbbcc07f9f0f1,2,27,47,without_ai,False,243299,ISIC_7436110,NV,Melanocytic Nevi,benign,False,NV,True,1.0,6.77,monitor,False,True,9f6d75348640076286fe1b7452fdfb2a1459be4b_243299_2
1708,9f6d75348640076286fe1b7452fdfb2a1459be4b,non-expert,21724cde53a958c5d12a8c13190cbbcc07f9f0f1,2,28,47,with_ai,True,243299,ISIC_7436110,NV,Melanocytic Nevi,benign,False,NV,True,1.0,2.46,monitor,False,True,9f6d75348640076286fe1b7452fdfb2a1459be4b_243299_2
1709,9f6d75348640076286fe1b7452fdfb2a1459be4b,non-expert,21724cde53a958c5d12a8c13190cbbcc07f9f0f1,2,29,47,without_ai,False,244759,ISIC_8054499,BKL,Benign Keratosis,benign,False,BKL,True,1.0,5.93,monitor,False,True,9f6d75348640076286fe1b7452fdfb2a1459be4b_244759_2
1710,9f6d75348640076286fe1b7452fdfb2a1459be4b,non-expert,21724cde53a958c5d12a8c13190cbbcc07f9f0f1,2,30,47,with_ai,True,244759,ISIC_8054499,BKL,Benign Keratosis,benign,False,BKL,True,1.0,2.97,monitor,False,True,9f6d75348640076286fe1b7452fdfb2a1459be4b_244759_2
1711,04dc362d31b8ed486dc46c205154e06758d217dc,expert,fcf434ef78c40c9f0e4c60f54c4843e05009a377,1,1,47,without_ai,False,240999,ISIC_8143135,BCC,Basal Cell Carcinoma,malignant,True,SCCKA,False,0.0,10.68,biopsy,True,True,04dc362d31b8ed486dc46c205154e06758d217dc_240999_1
1712,04dc362d31b8ed486dc46c205154e06758d217dc,expert,fcf434ef78c40c9f0e4c60f54c4843e05009a377,1,2,47,with_ai,True,240999,ISIC_8143135,BCC,Basal Cell Carcinoma,malignant,True,AKIEC,False,0.0,3.04,local_therapy,True,True,04dc362d31b8ed486dc46c205154e06758d217dc_240999_1
1713,04dc362d31b8ed486dc46c205154e06758d217dc,expert,fcf434ef78c40c9f0e4c60f54c4843e05009a377,1,3,47,without_ai,False,240157,ISIC_4538438,AKIEC,Actinic Keratosis,premalignant,True,SCCKA,False,0.0,8.71,biopsy,True,True,04dc362d31b8ed486dc46c205154e06758d217dc_240157_1
1714,04dc362d31b8ed486dc46c205154e06758d217dc,expert,fcf434ef78c40c9f0e4c60f54c4843e05009a377,1,4,47,with_ai,True,240157,ISIC_4538438,AKIEC,Actinic Keratosis,premalignant,True,AKIEC,True,1.0,3.08,local_therapy,True,True,04dc362d31b8ed486dc46c205154e06758d217dc_240157_1
1715,04dc362d31b8ed486dc46c205154e06758d217dc,expert,fcf434ef78c40c9f0e4c60f54c4843e05009a377,1,5,47,without_ai,False,240196,ISIC_1942928,SCCKA,Squamous Cell Carcinoma,malignant,True,SCCKA,True,1.0,6.98,biopsy,True,True,04dc362d31b8ed486dc46c205154e06758d217dc_240196_1
1716,04dc362d31b8ed486dc46c205154e06758d217dc,expert,fcf434ef78c40c9f0e4c60f54c4843e05009a377,1,6,47,with_ai,True,240196,ISIC_1942928,SCCKA,Squamous Cell Carcinoma,malignant,True,AKIEC,False,0.0,3.42,local_therapy,True,True,04dc362d31b8ed486dc46c205154e06758d217dc_240196_1
1717,04dc362d31b8ed486dc46c205154e06758d217dc,expert,fcf434ef78c40c9f0e4c60f54c4843e05009a377,1,7,47,without_ai,False,240827,ISIC_5461210,MEL,Melanoma,malignant,True,NV,False,0.0,7.13,monitor,False,True,04dc362d31b8ed486dc46c205154e06758d217dc_240827_1
1718,04dc362d31b8ed486dc46c205154e06758d217dc,expert,fcf434ef78c40c9f0e4c60f54c4843e05009a377,1,8,47,with_ai,True,240827,ISIC_5461210,MEL,Melanoma,malignant,True,NV,False,0.0,3.76,monitor,False,True,04dc362d31b8ed486dc46c205154e06758d217dc_240827_1
1719,04dc362d31b8ed486dc46c205154e06758d217dc,expert,fcf434ef78c40c9f0e4c60f54c4843e05009a377,1,9,47,without_ai,False,241224,ISIC_7644369,BCC,Basal Cell Carcinoma,malignant,True,BKL,False,0.0,13.18,dismiss,False,True,04dc362d31b8ed486dc46c205154e06758d217dc_241224_1
1720,04dc362d31b8ed486dc46c205154e06758d217dc,expert,fcf434ef78c40c9f0e4c60f54c4843e05009a377,1,10,47,with_ai,True,241224,ISIC_7644369,BCC,Basal Cell Carcinoma,malignant,True,BCC,True,1.0,3.48,biopsy,True,True,04dc362d31b8ed486dc46c205154e06758d217dc_241224_1
1721,04dc362d31b8ed486dc46c205154e06758d217dc,expert,fcf434ef78c40c9f0e4c60f54c4843e05009a377,1,11,47,without_ai,False,242944,ISIC_7902497,MEL,Melanoma,malignant,True,MEL,True,1.0,3.23,biopsy,True,True,04dc362d31b8ed486dc46c205154e06758d217dc_242944_1
1722,04dc362d31b8ed486dc46c205154e06758d217dc,expert,fcf434ef78c40c9f0e4c60f54c4843e05009a377,1,12,47,with_ai,True,242944,ISIC_7902497,MEL,Melanoma,malignant,True,MEL,True,1.0,3.55,biopsy,True,True,04dc362d31b8ed486dc46c205154e06758d217dc_242944_1
1723,04dc362d31b8ed486dc46c205154e06758d217dc,expert,fcf434ef78c40c9f0e4c60f54c4843e05009a377,1,13,47,without_ai,False,243520,ISIC_5239106,NV,Melanocytic Nevi,benign,False,BKL,False,0.0,68.75,dismiss,False,True,04dc362d31b8ed486dc46c205154e06758d217dc_243520_1
1724,04dc362d31b8ed486dc46c205154e06758d217dc,expert,fcf434ef78c40c9f0e4c60f54c4843e05009a377,1,14,47,with_ai,True,243520,ISIC_5239106,NV,Melanocytic Nevi,benign,False,NV,True,1.0,3.57,dismiss,False,True,04dc362d31b8ed486dc46c205154e06758d217dc_243520_1
1725,04dc362d31b8ed486dc46c205154e06758d217dc,expert,fcf434ef78c40c9f0e4c60f54c4843e05009a377,1,15,47,without_ai,False,243776,ISIC_1954444,DF,Dermatofibroma,benign,False,DF,True,1.0,7.35,dismiss,False,True,04dc362d31b8ed486dc46c205154e06758d217dc_243776_1
1726,04dc362d31b8ed486dc46c205154e06758d217dc,expert,fcf434ef78c40c9f0e4c60f54c4843e05009a377,1,16,47,with_ai,True,243776,ISIC_1954444,DF,Dermatofibroma,benign,False,DF,True,1.0,2.77,dismiss,False,True,04dc362d31b8ed486dc46c205154e06758d217dc_243776_1
1727,04dc362d31b8ed486dc46c205154e06758d217dc,expert,fcf434ef78c40c9f0e4c60f54c4843e05009a377,1,17,47,without_ai,False,244686,ISIC_2515838,OTHER_BENIGN,Other Benign,benign,False,OTHER_BENIGN,True,1.0,10.01,monitor,False,True,04dc362d31b8ed486dc46c205154e06758d217dc_244686_1
1728,04dc362d31b8ed486dc46c205154e06758d217dc,expert,fcf434ef78c40c9f0e4c60f54c4843e05009a377,1,18,47,with_ai,True,244686,ISIC_2515838,OTHER_BENIGN,Other Benign,benign,False,NV,False,0.0,2.85,dismiss,False,True,04dc362d31b8ed486dc46c205154e06758d217dc_244686_1
1729,04dc362d31b8ed486dc46c205154e06758d217dc,expert,fcf434ef78c40c9f0e4c60f54c4843e05009a377,1,19,47,without_ai,False,244552,ISIC_3405243,BKL,Benign Keratosis,benign,False,MEL,False,0.0,4.26,biopsy,True,True,04dc362d31b8ed486dc46c205154e06758d217dc_244552_1
1730,04dc362d31b8ed486dc46c205154e06758d217dc,expert,fcf434ef78c40c9f0e4c60f54c4843e05009a377,1,20,47,with_ai,True,244552,ISIC_3405243,BKL,Benign Keratosis,benign,False,MEL,False,0.0,3.2,biopsy,True,True,04dc362d31b8ed486dc46c205154e06758d217dc_244552_1
1731,04dc362d31b8ed486dc46c205154e06758d217dc,expert,fcf434ef78c40c9f0e4c60f54c4843e05009a377,1,21,47,without_ai,False,241124,ISIC_0417486,VASC,Vascular Lesions,benign,False,VASC,True,1.0,4.58,dismiss,False,True,04dc362d31b8ed486dc46c205154e06758d217dc_241124_1
1732,04dc362d31b8ed486dc46c205154e06758d217dc,expert,fcf434ef78c40c9f0e4c60f54c4843e05009a377,1,22,47,with_ai,True,241124,ISIC_0417486,VASC,Vascular Lesions,benign,False,VASC,True,1.0,9.62,dismiss,False,True,04dc362d31b8ed486dc46c205154e06758d217dc_241124_1
1733,04dc362d31b8ed486dc46c205154e06758d217dc,expert,fcf434ef78c40c9f0e4c60f54c4843e05009a377,1,23,47,without_ai,False,243306,ISIC_9755138,NV,Melanocytic Nevi,benign,False,NV,True,1.0,3.94,dismiss,False,True,04dc362d31b8ed486dc46c205154e06758d217dc_243306_1
1734,04dc362d31b8ed486dc46c205154e06758d217dc,expert,fcf434ef78c40c9f0e4c60f54c4843e05009a377,1,24,47,with_ai,True,243306,ISIC_9755138,NV,Melanocytic Nevi,benign,False,NV,True,1.0,1.88,dismiss,False,True,04dc362d31b8ed486dc46c205154e06758d217dc_243306_1
1735,04dc362d31b8ed486dc46c205154e06758d217dc,expert,fcf434ef78c40c9f0e4c60f54c4843e05009a377,1,25,47,without_ai,False,242719,ISIC_4996777,BCC,Basal Cell Carcinoma,malignant,True,BCC,True,1.0,5.93,biopsy,True,True,04dc362d31b8ed486dc46c205154e06758d217dc_242719_1
1736,04dc362d31b8ed486dc46c205154e06758d217dc,expert,fcf434ef78c40c9f0e4c60f54c4843e05009a377,1,26,47,with_ai,True,242719,ISIC_4996777,BCC,Basal Cell Carcinoma,malignant,True,BCC,True,1.0,2.21,biopsy,True,True,04dc362d31b8ed486dc46c205154e06758d217dc_242719_1
1737,04dc362d31b8ed486dc46c205154e06758d217dc,expert,fcf434ef78c40c9f0e4c60f54c4843e05009a377,1,27,47,without_ai,False,241654,ISIC_3307206,BKL,Benign Keratosis,benign,False,BCC,False,0.0,13.74,biopsy,True,True,04dc362d31b8ed486dc46c205154e06758d217dc_241654_1
1738,04dc362d31b8ed486dc46c205154e06758d217dc,expert,fcf434ef78c40c9f0e4c60f54c4843e05009a377,1,28,47,with_ai,True,241654,ISIC_3307206,BKL,Benign Keratosis,benign,False,AKIEC,False,0.0,4.91,biopsy,True,True,04dc362d31b8ed486dc46c205154e06758d217dc_241654_1
1739,04dc362d31b8ed486dc46c205154e06758d217dc,expert,fcf434ef78c40c9f0e4c60f54c4843e05009a377,1,29,47,without_ai,False,243951,ISIC_3223440,NV,Melanocytic Nevi,benign,False,BKL,False,0.0,5.42,dismiss,False,True,04dc362d31b8ed486dc46c205154e06758d217dc_243951_1
1740,04dc362d31b8ed486dc46c205154e06758d217dc,expert,fcf434ef78c40c9f0e4c60f54c4843e05009a377,1,30,47,with_ai,True,243951,ISIC_3223440,NV,Melanocytic Nevi,benign,False,NV,True,1.0,3.92,dismiss,False,True,04dc362d31b8ed486dc46c205154e06758d217dc_243951_1
1741,48ae47a9504cbb2adc84f6e41a3ee13f4fa8e773,expert,7bfe6bc80fc4ef4a1cf540f5dd54b47d68787685,1,1,47,without_ai,False,244991,ISIC_4979533,BCC,Basal Cell Carcinoma,malignant,True,BCC,True,1.0,26.07,local_therapy,True,True,48ae47a9504cbb2adc84f6e41a3ee13f4fa8e773_244991_1
1742,48ae47a9504cbb2adc84f6e41a3ee13f4fa8e773,expert,7bfe6bc80fc4ef4a1cf540f5dd54b47d68787685,1,2,47,with_ai,True,244991,ISIC_4979533,BCC,Basal Cell Carcinoma,malignant,True,BCC,True,1.0,13.77,local_therapy,True,True,48ae47a9504cbb2adc84f6e41a3ee13f4fa8e773_244991_1
1743,48ae47a9504cbb2adc84f6e41a3ee13f4fa8e773,expert,7bfe6bc80fc4ef4a1cf540f5dd54b47d68787685,1,3,47,without_ai,False,245018,ISIC_2833179,BCC,Basal Cell Carcinoma,malignant,True,BCC,True,1.0,17.43,local_therapy,True,True,48ae47a9504cbb2adc84f6e41a3ee13f4fa8e773_245018_1
1744,48ae47a9504cbb2adc84f6e41a3ee13f4fa8e773,expert,7bfe6bc80fc4ef4a1cf540f5dd54b47d68787685,1,4,47,with_ai,True,245018,ISIC_2833179,BCC,Basal Cell Carcinoma,malignant,True,AKIEC,False,0.0,4.86,local_therapy,True,True,48ae47a9504cbb2adc84f6e41a3ee13f4fa8e773_245018_1
1745,48ae47a9504cbb2adc84f6e41a3ee13f4fa8e773,expert,7bfe6bc80fc4ef4a1cf540f5dd54b47d68787685,1,5,47,without_ai,False,244674,ISIC_8981897,DF,Dermatofibroma,benign,False,DF,True,1.0,10.12,dismiss,False,True,48ae47a9504cbb2adc84f6e41a3ee13f4fa8e773_244674_1
1746,48ae47a9504cbb2adc84f6e41a3ee13f4fa8e773,expert,7bfe6bc80fc4ef4a1cf540f5dd54b47d68787685,1,6,47,with_ai,True,244674,ISIC_8981897,DF,Dermatofibroma,benign,False,DF,True,1.0,4.35,dismiss,False,True,48ae47a9504cbb2adc84f6e41a3ee13f4fa8e773_244674_1
1747,48ae47a9504cbb2adc84f6e41a3ee13f4fa8e773,expert,7bfe6bc80fc4ef4a1cf540f5dd54b47d68787685,1,7,47,without_ai,False,242862,ISIC_5509823,BKL,Benign Keratosis,benign,False,AKIEC,False,0.0,17.31,biopsy,True,True,48ae47a9504cbb2adc84f6e41a3ee13f4fa8e773_242862_1
1748,48ae47a9504cbb2adc84f6e41a3ee13f4fa8e773,expert,7bfe6bc80fc4ef4a1cf540f5dd54b47d68787685,1,8,47,with_ai,True,242862,ISIC_5509823,BKL,Benign Keratosis,benign,False,AKIEC,False,0.0,5.05,biopsy,True,True,48ae47a9504cbb2adc84f6e41a3ee13f4fa8e773_242862_1
1749,48ae47a9504cbb2adc84f6e41a3ee13f4fa8e773,expert,7bfe6bc80fc4ef4a1cf540f5dd54b47d68787685,1,9,47,without_ai,False,241053,ISIC_6860570,SCCKA,Squamous Cell Carcinoma,malignant,True,DF,False,0.0,16.5,monitor,False,True,48ae47a9504cbb2adc84f6e41a3ee13f4fa8e773_241053_1
1750,48ae47a9504cbb2adc84f6e41a3ee13f4fa8e773,expert,7bfe6bc80fc4ef4a1cf540f5dd54b47d68787685,1,10,47,with_ai,True,241053,ISIC_6860570,SCCKA,Squamous Cell Carcinoma,malignant,True,DF,False,0.0,5.14,monitor,False,True,48ae47a9504cbb2adc84f6e41a3ee13f4fa8e773_241053_1
1751,48ae47a9504cbb2adc84f6e41a3ee13f4fa8e773,expert,7bfe6bc80fc4ef4a1cf540f5dd54b47d68787685,1,11,47,without_ai,False,240269,ISIC_2765997,NV,Melanocytic Nevi,benign,False,NV,True,1.0,10.78,monitor,False,True,48ae47a9504cbb2adc84f6e41a3ee13f4fa8e773_240269_1
1752,48ae47a9504cbb2adc84f6e41a3ee13f4fa8e773,expert,7bfe6bc80fc4ef4a1cf540f5dd54b47d68787685,1,12,47,with_ai,True,240269,ISIC_2765997,NV,Melanocytic Nevi,benign,False,NV,True,1.0,3.56,monitor,False,True,48ae47a9504cbb2adc84f6e41a3ee13f4fa8e773_240269_1
1753,48ae47a9504cbb2adc84f6e41a3ee13f4fa8e773,expert,7bfe6bc80fc4ef4a1cf540f5dd54b47d68787685,1,13,47,without_ai,False,240984,ISIC_3905888,SCCKA,Squamous Cell Carcinoma,malignant,True,SCCKA,True,1.0,16.04,biopsy,True,True,48ae47a9504cbb2adc84f6e41a3ee13f4fa8e773_240984_1
1754,48ae47a9504cbb2adc84f6e41a3ee13f4fa8e773,expert,7bfe6bc80fc4ef4a1cf540f5dd54b47d68787685,1,14,47,with_ai,True,240984,ISIC_3905888,SCCKA,Squamous Cell Carcinoma,malignant,True,SCCKA,True,1.0,4.52,biopsy,True,True,48ae47a9504cbb2adc84f6e41a3ee13f4fa8e773_240984_1
1755,48ae47a9504cbb2adc84f6e41a3ee13f4fa8e773,expert,7bfe6bc80fc4ef4a1cf540f5dd54b47d68787685,1,15,47,without_ai,False,241112,ISIC_4886441,BKL,Benign Keratosis,benign,False,BKL,True,1.0,10.18,monitor,False,True,48ae47a9504cbb2adc84f6e41a3ee13f4fa8e773_241112_1
1756,48ae47a9504cbb2adc84f6e41a3ee13f4fa8e773,expert,7bfe6bc80fc4ef4a1cf540f5dd54b47d68787685,1,16,47,with_ai,True,241112,ISIC_4886441,BKL,Benign Keratosis,benign,False,BKL,True,1.0,3.97,monitor,False,True,48ae47a9504cbb2adc84f6e41a3ee13f4fa8e773_241112_1
1757,48ae47a9504cbb2adc84f6e41a3ee13f4fa8e773,expert,7bfe6bc80fc4ef4a1cf540f5dd54b47d68787685,1,17,47,without_ai,False,243632,ISIC_3511086,MEL,Melanoma,malignant,True,MEL,True,1.0,23.13,biopsy,True,True,48ae47a9504cbb2adc84f6e41a3ee13f4fa8e773_243632_1
1758,48ae47a9504cbb2adc84f6e41a3ee13f4fa8e773,expert,7bfe6bc80fc4ef4a1cf540f5dd54b47d68787685,1,18,47,with_ai,True,243632,ISIC_3511086,MEL,Melanoma,malignant,True,MEL,True,1.0,4.16,biopsy,True,True,48ae47a9504cbb2adc84f6e41a3ee13f4fa8e773_243632_1
1759,48ae47a9504cbb2adc84f6e41a3ee13f4fa8e773,expert,7bfe6bc80fc4ef4a1cf540f5dd54b47d68787685,1,19,47,without_ai,False,244710,ISIC_4760443,MEL,Melanoma,malignant,True,MEL,True,1.0,6.43,biopsy,True,True,48ae47a9504cbb2adc84f6e41a3ee13f4fa8e773_244710_1
1760,48ae47a9504cbb2adc84f6e41a3ee13f4fa8e773,expert,7bfe6bc80fc4ef4a1cf540f5dd54b47d68787685,1,20,47,with_ai,True,244710,ISIC_4760443,MEL,Melanoma,malignant,True,MEL,True,1.0,2.98,biopsy,True,True,48ae47a9504cbb2adc84f6e41a3ee13f4fa8e773_244710_1
1761,48ae47a9504cbb2adc84f6e41a3ee13f4fa8e773,expert,7bfe6bc80fc4ef4a1cf540f5dd54b47d68787685,1,21,47,without_ai,False,245146,ISIC_4553466,AKIEC,Actinic Keratosis,premalignant,True,INF,False,0.0,10.4,monitor,False,True,48ae47a9504cbb2adc84f6e41a3ee13f4fa8e773_245146_1
1762,48ae47a9504cbb2adc84f6e41a3ee13f4fa8e773,expert,7bfe6bc80fc4ef4a1cf540f5dd54b47d68787685,1,22,47,with_ai,True,245146,ISIC_4553466,AKIEC,Actinic Keratosis,premalignant,True,AKIEC,True,1.0,11.64,monitor,False,True,48ae47a9504cbb2adc84f6e41a3ee13f4fa8e773_245146_1
1763,48ae47a9504cbb2adc84f6e41a3ee13f4fa8e773,expert,7bfe6bc80fc4ef4a1cf540f5dd54b47d68787685,1,23,47,without_ai,False,243788,ISIC_4204876,NV,Melanocytic Nevi,benign,False,NV,True,1.0,8.31,monitor,False,True,48ae47a9504cbb2adc84f6e41a3ee13f4fa8e773_243788_1
1764,48ae47a9504cbb2adc84f6e41a3ee13f4fa8e773,expert,7bfe6bc80fc4ef4a1cf540f5dd54b47d68787685,1,24,47,with_ai,True,243788,ISIC_4204876,NV,Melanocytic Nevi,benign,False,MEL,False,0.0,13.23,biopsy,True,True,48ae47a9504cbb2adc84f6e41a3ee13f4fa8e773_243788_1
1765,48ae47a9504cbb2adc84f6e41a3ee13f4fa8e773,expert,7bfe6bc80fc4ef4a1cf540f5dd54b47d68787685,1,25,47,without_ai,False,240537,ISIC_5214703,INF,Inflammatory,inflammatory,False,INF,True,1.0,10.12,monitor,False,True,48ae47a9504cbb2adc84f6e41a3ee13f4fa8e773_240537_1
1766,48ae47a9504cbb2adc84f6e41a3ee13f4fa8e773,expert,7bfe6bc80fc4ef4a1cf540f5dd54b47d68787685,1,26,47,with_ai,True,240537,ISIC_5214703,INF,Inflammatory,inflammatory,False,INF,True,1.0,19.29,dismiss,False,True,48ae47a9504cbb2adc84f6e41a3ee13f4fa8e773_240537_1
1767,48ae47a9504cbb2adc84f6e41a3ee13f4fa8e773,expert,7bfe6bc80fc4ef4a1cf540f5dd54b47d68787685,1,27,47,without_ai,False,241254,ISIC_1473683,NV,Melanocytic Nevi,benign,False,NV,True,1.0,7.79,monitor,False,True,48ae47a9504cbb2adc84f6e41a3ee13f4fa8e773_241254_1
1768,48ae47a9504cbb2adc84f6e41a3ee13f4fa8e773,expert,7bfe6bc80fc4ef4a1cf540f5dd54b47d68787685,1,28,47,with_ai,True,241254,ISIC_1473683,NV,Melanocytic Nevi,benign,False,NV,True,1.0,3.54,monitor,False,True,48ae47a9504cbb2adc84f6e41a3ee13f4fa8e773_241254_1
1769,48ae47a9504cbb2adc84f6e41a3ee13f4fa8e773,expert,7bfe6bc80fc4ef4a1cf540f5dd54b47d68787685,1,29,47,without_ai,False,241622,ISIC_4821214,VASC,Vascular Lesions,benign,False,VASC,True,1.0,11.23,monitor,False,True,48ae47a9504cbb2adc84f6e41a3ee13f4fa8e773_241622_1
1770,48ae47a9504cbb2adc84f6e41a3ee13f4fa8e773,expert,7bfe6bc80fc4ef4a1cf540f5dd54b47d68787685,1,30,47,with_ai,True,241622,ISIC_4821214,VASC,Vascular Lesions,benign,False,VASC,True,1.0,3.47,biopsy,True,True,48ae47a9504cbb2adc84f6e41a3ee13f4fa8e773_241622_1
1771,a7349c78b1d0aa7c1b0d7d30f470049af3a0adce,non-expert,ea6840a34bae6d31d020d34787d2052c390d09b1,1,1,47,without_ai,False,242958,ISIC_7836855,SCCKA,Squamous Cell Carcinoma,malignant,True,SCCKA,True,1.0,22.45,biopsy,True,True,a7349c78b1d0aa7c1b0d7d30f470049af3a0adce_242958_1
1772,a7349c78b1d0aa7c1b0d7d30f470049af3a0adce,non-expert,ea6840a34bae6d31d020d34787d2052c390d09b1,1,2,47,with_ai,True,242958,ISIC_7836855,SCCKA,Squamous Cell Carcinoma,malignant,True,SCCKA,True,1.0,7.71,biopsy,True,True,a7349c78b1d0aa7c1b0d7d30f470049af3a0adce_242958_1
1773,a7349c78b1d0aa7c1b0d7d30f470049af3a0adce,non-expert,ea6840a34bae6d31d020d34787d2052c390d09b1,1,3,47,without_ai,False,244674,ISIC_8981897,DF,Dermatofibroma,benign,False,DF,True,1.0,11.09,dismiss,False,True,a7349c78b1d0aa7c1b0d7d30f470049af3a0adce_244674_1
1774,a7349c78b1d0aa7c1b0d7d30f470049af3a0adce,non-expert,ea6840a34bae6d31d020d34787d2052c390d09b1,1,4,47,with_ai,True,244674,ISIC_8981897,DF,Dermatofibroma,benign,False,DF,True,1.0,6.97,dismiss,False,True,a7349c78b1d0aa7c1b0d7d30f470049af3a0adce_244674_1
1775,a7349c78b1d0aa7c1b0d7d30f470049af3a0adce,non-expert,ea6840a34bae6d31d020d34787d2052c390d09b1,1,5,47,without_ai,False,242428,ISIC_9738040,BCC,Basal Cell Carcinoma,malignant,True,BCC,True,1.0,10.21,biopsy,True,True,a7349c78b1d0aa7c1b0d7d30f470049af3a0adce_242428_1
1776,a7349c78b1d0aa7c1b0d7d30f470049af3a0adce,non-expert,ea6840a34bae6d31d020d34787d2052c390d09b1,1,6,47,with_ai,True,242428,ISIC_9738040,BCC,Basal Cell Carcinoma,malignant,True,BCC,True,1.0,2.8,biopsy,True,True,a7349c78b1d0aa7c1b0d7d30f470049af3a0adce_242428_1
1777,a7349c78b1d0aa7c1b0d7d30f470049af3a0adce,non-expert,ea6840a34bae6d31d020d34787d2052c390d09b1,1,7,47,without_ai,False,243315,ISIC_9226737,BKL,Benign Keratosis,benign,False,BKL,True,1.0,8.92,dismiss,False,True,a7349c78b1d0aa7c1b0d7d30f470049af3a0adce_243315_1
1778,a7349c78b1d0aa7c1b0d7d30f470049af3a0adce,non-expert,ea6840a34bae6d31d020d34787d2052c390d09b1,1,8,47,with_ai,True,243315,ISIC_9226737,BKL,Benign Keratosis,benign,False,BKL,True,1.0,5.38,dismiss,False,True,a7349c78b1d0aa7c1b0d7d30f470049af3a0adce_243315_1
1779,a7349c78b1d0aa7c1b0d7d30f470049af3a0adce,non-expert,ea6840a34bae6d31d020d34787d2052c390d09b1,1,9,47,without_ai,False,244710,ISIC_4760443,MEL,Melanoma,malignant,True,MEL,True,1.0,30.68,biopsy,True,True,a7349c78b1d0aa7c1b0d7d30f470049af3a0adce_244710_1
1780,a7349c78b1d0aa7c1b0d7d30f470049af3a0adce,non-expert,ea6840a34bae6d31d020d34787d2052c390d09b1,1,10,47,with_ai,True,244710,ISIC_4760443,MEL,Melanoma,malignant,True,MEL,True,1.0,4.02,biopsy,True,True,a7349c78b1d0aa7c1b0d7d30f470049af3a0adce_244710_1
1781,a7349c78b1d0aa7c1b0d7d30f470049af3a0adce,non-expert,ea6840a34bae6d31d020d34787d2052c390d09b1,1,11,47,without_ai,False,240487,ISIC_4375866,MEL,Melanoma,malignant,True,MEL,True,1.0,15.8,biopsy,True,True,a7349c78b1d0aa7c1b0d7d30f470049af3a0adce_240487_1
1782,a7349c78b1d0aa7c1b0d7d30f470049af3a0adce,non-expert,ea6840a34bae6d31d020d34787d2052c390d09b1,1,12,47,with_ai,True,240487,ISIC_4375866,MEL,Melanoma,malignant,True,MEL,True,1.0,2.5,biopsy,True,True,a7349c78b1d0aa7c1b0d7d30f470049af3a0adce_240487_1
1783,a7349c78b1d0aa7c1b0d7d30f470049af3a0adce,non-expert,ea6840a34bae6d31d020d34787d2052c390d09b1,1,13,47,without_ai,False,241542,ISIC_8614567,VASC,Vascular Lesions,benign,False,VASC,True,1.0,12.63,monitor,False,True,a7349c78b1d0aa7c1b0d7d30f470049af3a0adce_241542_1
1784,a7349c78b1d0aa7c1b0d7d30f470049af3a0adce,non-expert,ea6840a34bae6d31d020d34787d2052c390d09b1,1,14,47,with_ai,True,241542,ISIC_8614567,VASC,Vascular Lesions,benign,False,VASC,True,1.0,2.89,dismiss,False,True,a7349c78b1d0aa7c1b0d7d30f470049af3a0adce_241542_1
1785,a7349c78b1d0aa7c1b0d7d30f470049af3a0adce,non-expert,ea6840a34bae6d31d020d34787d2052c390d09b1,1,15,47,without_ai,False,241971,ISIC_4325233,BCC,Basal Cell Carcinoma,malignant,True,BCC,True,1.0,90.83,biopsy,True,True,a7349c78b1d0aa7c1b0d7d30f470049af3a0adce_241971_1
1786,a7349c78b1d0aa7c1b0d7d30f470049af3a0adce,non-expert,ea6840a34bae6d31d020d34787d2052c390d09b1,1,16,47,with_ai,True,241971,ISIC_4325233,BCC,Basal Cell Carcinoma,malignant,True,BCC,True,1.0,2.42,biopsy,True,True,a7349c78b1d0aa7c1b0d7d30f470049af3a0adce_241971_1
1787,a7349c78b1d0aa7c1b0d7d30f470049af3a0adce,non-expert,ea6840a34bae6d31d020d34787d2052c390d09b1,1,17,47,without_ai,False,244727,ISIC_6933070,BKL,Benign Keratosis,benign,False,BCC,False,0.0,14.24,biopsy,True,True,a7349c78b1d0aa7c1b0d7d30f470049af3a0adce_244727_1
1788,a7349c78b1d0aa7c1b0d7d30f470049af3a0adce,non-expert,ea6840a34bae6d31d020d34787d2052c390d09b1,1,18,47,with_ai,True,244727,ISIC_6933070,BKL,Benign Keratosis,benign,False,BCC,False,0.0,7.71,biopsy,True,True,a7349c78b1d0aa7c1b0d7d30f470049af3a0adce_244727_1
1789,a7349c78b1d0aa7c1b0d7d30f470049af3a0adce,non-expert,ea6840a34bae6d31d020d34787d2052c390d09b1,1,19,47,without_ai,False,241692,ISIC_3268800,MEL,Melanoma,malignant,True,MEL,True,1.0,15.6,biopsy,True,True,a7349c78b1d0aa7c1b0d7d30f470049af3a0adce_241692_1
1790,a7349c78b1d0aa7c1b0d7d30f470049af3a0adce,non-expert,ea6840a34bae6d31d020d34787d2052c390d09b1,1,20,47,with_ai,True,241692,ISIC_3268800,MEL,Melanoma,malignant,True,MEL,True,1.0,6.53,biopsy,True,True,a7349c78b1d0aa7c1b0d7d30f470049af3a0adce_241692_1
1791,a7349c78b1d0aa7c1b0d7d30f470049af3a0adce,non-expert,ea6840a34bae6d31d020d34787d2052c390d09b1,1,21,47,without_ai,False,242179,ISIC_7803268,INF,Inflammatory,inflammatory,False,OTHER_BENIGN,False,0.0,13.04,dismiss,False,True,a7349c78b1d0aa7c1b0d7d30f470049af3a0adce_242179_1
1792,a7349c78b1d0aa7c1b0d7d30f470049af3a0adce,non-expert,ea6840a34bae6d31d020d34787d2052c390d09b1,1,22,47,with_ai,True,242179,ISIC_7803268,INF,Inflammatory,inflammatory,False,OTHER_BENIGN,False,0.0,6.24,biopsy,True,True,a7349c78b1d0aa7c1b0d7d30f470049af3a0adce_242179_1
1793,a7349c78b1d0aa7c1b0d7d30f470049af3a0adce,non-expert,ea6840a34bae6d31d020d34787d2052c390d09b1,1,23,47,without_ai,False,240865,ISIC_0913438,AKIEC,Actinic Keratosis,premalignant,True,AKIEC,True,1.0,13.6,biopsy,True,True,a7349c78b1d0aa7c1b0d7d30f470049af3a0adce_240865_1
1794,a7349c78b1d0aa7c1b0d7d30f470049af3a0adce,non-expert,ea6840a34bae6d31d020d34787d2052c390d09b1,1,24,47,with_ai,True,240865,ISIC_0913438,AKIEC,Actinic Keratosis,premalignant,True,AKIEC,True,1.0,3.19,biopsy,True,True,a7349c78b1d0aa7c1b0d7d30f470049af3a0adce_240865_1
1795,a7349c78b1d0aa7c1b0d7d30f470049af3a0adce,non-expert,ea6840a34bae6d31d020d34787d2052c390d09b1,1,25,47,without_ai,False,243864,ISIC_8566440,NV,Melanocytic Nevi,benign,False,BKL,False,0.0,6.71,dismiss,False,True,a7349c78b1d0aa7c1b0d7d30f470049af3a0adce_243864_1
1796,a7349c78b1d0aa7c1b0d7d30f470049af3a0adce,non-expert,ea6840a34bae6d31d020d34787d2052c390d09b1,1,26,47,with_ai,True,243864,ISIC_8566440,NV,Melanocytic Nevi,benign,False,BKL,False,0.0,8.04,dismiss,False,True,a7349c78b1d0aa7c1b0d7d30f470049af3a0adce_243864_1
1797,a7349c78b1d0aa7c1b0d7d30f470049af3a0adce,non-expert,ea6840a34bae6d31d020d34787d2052c390d09b1,1,27,47,without_ai,False,245039,ISIC_5358212,NV,Melanocytic Nevi,benign,False,NV,True,1.0,14.3,dismiss,False,True,a7349c78b1d0aa7c1b0d7d30f470049af3a0adce_245039_1
1798,a7349c78b1d0aa7c1b0d7d30f470049af3a0adce,non-expert,ea6840a34bae6d31d020d34787d2052c390d09b1,1,28,47,with_ai,True,245039,ISIC_5358212,NV,Melanocytic Nevi,benign,False,NV,True,1.0,3.45,monitor,False,True,a7349c78b1d0aa7c1b0d7d30f470049af3a0adce_245039_1
1799,a7349c78b1d0aa7c1b0d7d30f470049af3a0adce,non-expert,ea6840a34bae6d31d020d34787d2052c390d09b1,1,29,47,without_ai,False,241472,ISIC_6353654,NV,Melanocytic Nevi,benign,False,NV,True,1.0,19.7,monitor,False,True,a7349c78b1d0aa7c1b0d7d30f470049af3a0adce_241472_1
1800,a7349c78b1d0aa7c1b0d7d30f470049af3a0adce,non-expert,ea6840a34bae6d31d020d34787d2052c390d09b1,1,30,47,with_ai,True,241472,ISIC_6353654,NV,Melanocytic Nevi,benign,False,NV,True,1.0,3.31,monitor,False,True,a7349c78b1d0aa7c1b0d7d30f470049af3a0adce_241472_1
1801,a7349c78b1d0aa7c1b0d7d30f470049af3a0adce,non-expert,073e43c3bf48442ee8abe1c523cb35559ea35d8b,2,1,47,without_ai,False,242121,ISIC_6089148,BCC,Basal Cell Carcinoma,malignant,True,BCC,True,1.0,8.36,biopsy,True,True,a7349c78b1d0aa7c1b0d7d30f470049af3a0adce_242121_2
1802,a7349c78b1d0aa7c1b0d7d30f470049af3a0adce,non-expert,073e43c3bf48442ee8abe1c523cb35559ea35d8b,2,2,47,with_ai,True,242121,ISIC_6089148,BCC,Basal Cell Carcinoma,malignant,True,AKIEC,False,0.0,3.78,biopsy,True,True,a7349c78b1d0aa7c1b0d7d30f470049af3a0adce_242121_2
1803,a7349c78b1d0aa7c1b0d7d30f470049af3a0adce,non-expert,073e43c3bf48442ee8abe1c523cb35559ea35d8b,2,3,47,without_ai,False,241302,ISIC_2868896,DF,Dermatofibroma,benign,False,SCCKA,False,0.0,15.41,biopsy,True,True,a7349c78b1d0aa7c1b0d7d30f470049af3a0adce_241302_2
1804,a7349c78b1d0aa7c1b0d7d30f470049af3a0adce,non-expert,073e43c3bf48442ee8abe1c523cb35559ea35d8b,2,4,47,with_ai,True,241302,ISIC_2868896,DF,Dermatofibroma,benign,False,AKIEC,False,0.0,3.46,biopsy,True,True,a7349c78b1d0aa7c1b0d7d30f470049af3a0adce_241302_2
1805,a7349c78b1d0aa7c1b0d7d30f470049af3a0adce,non-expert,073e43c3bf48442ee8abe1c523cb35559ea35d8b,2,5,47,without_ai,False,243513,ISIC_2783831,MEL,Melanoma,malignant,True,BKL,False,0.0,19.79,dismiss,False,True,a7349c78b1d0aa7c1b0d7d30f470049af3a0adce_243513_2
1806,a7349c78b1d0aa7c1b0d7d30f470049af3a0adce,non-expert,073e43c3bf48442ee8abe1c523cb35559ea35d8b,2,6,47,with_ai,True,243513,ISIC_2783831,MEL,Melanoma,malignant,True,MEL,True,1.0,4.14,biopsy,True,True,a7349c78b1d0aa7c1b0d7d30f470049af3a0adce_243513_2
1807,a7349c78b1d0aa7c1b0d7d30f470049af3a0adce,non-expert,073e43c3bf48442ee8abe1c523cb35559ea35d8b,2,7,47,without_ai,False,244253,ISIC_0165198,OTHER_BENIGN,Other Benign,benign,False,OTHER_BENIGN,True,1.0,5.54,dismiss,False,True,a7349c78b1d0aa7c1b0d7d30f470049af3a0adce_244253_2
1808,a7349c78b1d0aa7c1b0d7d30f470049af3a0adce,non-expert,073e43c3bf48442ee8abe1c523cb35559ea35d8b,2,8,47,with_ai,True,244253,ISIC_0165198,OTHER_BENIGN,Other Benign,benign,False,OTHER_BENIGN,True,1.0,1.98,dismiss,False,True,a7349c78b1d0aa7c1b0d7d30f470049af3a0adce_244253_2
1809,a7349c78b1d0aa7c1b0d7d30f470049af3a0adce,non-expert,073e43c3bf48442ee8abe1c523cb35559ea35d8b,2,9,47,without_ai,False,240206,ISIC_4117748,MEL,Melanoma,malignant,True,MEL,True,1.0,8.56,biopsy,True,True,a7349c78b1d0aa7c1b0d7d30f470049af3a0adce_240206_2
1810,a7349c78b1d0aa7c1b0d7d30f470049af3a0adce,non-expert,073e43c3bf48442ee8abe1c523cb35559ea35d8b,2,10,47,with_ai,True,240206,ISIC_4117748,MEL,Melanoma,malignant,True,MEL,True,1.0,3.5,biopsy,True,True,a7349c78b1d0aa7c1b0d7d30f470049af3a0adce_240206_2
1811,a7349c78b1d0aa7c1b0d7d30f470049af3a0adce,non-expert,073e43c3bf48442ee8abe1c523cb35559ea35d8b,2,11,47,without_ai,False,241352,ISIC_1579405,NV,Melanocytic Nevi,benign,False,NV,True,1.0,5.16,dismiss,False,True,a7349c78b1d0aa7c1b0d7d30f470049af3a0adce_241352_2
1812,a7349c78b1d0aa7c1b0d7d30f470049af3a0adce,non-expert,073e43c3bf48442ee8abe1c523cb35559ea35d8b,2,12,47,with_ai,True,241352,ISIC_1579405,NV,Melanocytic Nevi,benign,False,NV,True,1.0,2.58,dismiss,False,True,a7349c78b1d0aa7c1b0d7d30f470049af3a0adce_241352_2
1813,a7349c78b1d0aa7c1b0d7d30f470049af3a0adce,non-expert,073e43c3bf48442ee8abe1c523cb35559ea35d8b,2,13,47,without_ai,False,245123,ISIC_1587418,NV,Melanocytic Nevi,benign,False,NV,True,1.0,5.19,dismiss,False,True,a7349c78b1d0aa7c1b0d7d30f470049af3a0adce_245123_2
1814,a7349c78b1d0aa7c1b0d7d30f470049af3a0adce,non-expert,073e43c3bf48442ee8abe1c523cb35559ea35d8b,2,14,47,with_ai,True,245123,ISIC_1587418,NV,Melanocytic Nevi,benign,False,NV,True,1.0,2.21,dismiss,False,True,a7349c78b1d0aa7c1b0d7d30f470049af3a0adce_245123_2
1815,a7349c78b1d0aa7c1b0d7d30f470049af3a0adce,non-expert,073e43c3bf48442ee8abe1c523cb35559ea35d8b,2,15,47,without_ai,False,242706,ISIC_8305748,SCCKA,Squamous Cell Carcinoma,malignant,True,AKIEC,False,0.0,7.0,local_therapy,True,True,a7349c78b1d0aa7c1b0d7d30f470049af3a0adce_242706_2
1816,a7349c78b1d0aa7c1b0d7d30f470049af3a0adce,non-expert,073e43c3bf48442ee8abe1c523cb35559ea35d8b,2,16,47,with_ai,True,242706,ISIC_8305748,SCCKA,Squamous Cell Carcinoma,malignant,True,AKIEC,False,0.0,5.01,local_therapy,True,True,a7349c78b1d0aa7c1b0d7d30f470049af3a0adce_242706_2
1817,a7349c78b1d0aa7c1b0d7d30f470049af3a0adce,non-expert,073e43c3bf48442ee8abe1c523cb35559ea35d8b,2,17,47,without_ai,False,240191,ISIC_8462138,VASC,Vascular Lesions,benign,False,VASC,True,1.0,12.17,monitor,False,True,a7349c78b1d0aa7c1b0d7d30f470049af3a0adce_240191_2
1818,a7349c78b1d0aa7c1b0d7d30f470049af3a0adce,non-expert,073e43c3bf48442ee8abe1c523cb35559ea35d8b,2,18,47,with_ai,True,240191,ISIC_8462138,VASC,Vascular Lesions,benign,False,VASC,True,1.0,2.57,monitor,False,True,a7349c78b1d0aa7c1b0d7d30f470049af3a0adce_240191_2
1819,a7349c78b1d0aa7c1b0d7d30f470049af3a0adce,non-expert,073e43c3bf48442ee8abe1c523cb35559ea35d8b,2,19,47,without_ai,False,244132,ISIC_0644098,AKIEC,Actinic Keratosis,premalignant,True,MEL,False,0.0,8.38,biopsy,True,True,a7349c78b1d0aa7c1b0d7d30f470049af3a0adce_244132_2
1820,a7349c78b1d0aa7c1b0d7d30f470049af3a0adce,non-expert,073e43c3bf48442ee8abe1c523cb35559ea35d8b,2,20,47,with_ai,True,244132,ISIC_0644098,AKIEC,Actinic Keratosis,premalignant,True,AKIEC,True,1.0,7.2,local_therapy,True,True,a7349c78b1d0aa7c1b0d7d30f470049af3a0adce_244132_2
1821,a7349c78b1d0aa7c1b0d7d30f470049af3a0adce,non-expert,073e43c3bf48442ee8abe1c523cb35559ea35d8b,2,21,47,without_ai,False,244614,ISIC_4602849,BKL,Benign Keratosis,benign,False,MEL,False,0.0,12.23,biopsy,True,True,a7349c78b1d0aa7c1b0d7d30f470049af3a0adce_244614_2
1822,a7349c78b1d0aa7c1b0d7d30f470049af3a0adce,non-expert,073e43c3bf48442ee8abe1c523cb35559ea35d8b,2,22,47,with_ai,True,244614,ISIC_4602849,BKL,Benign Keratosis,benign,False,OTHER_BENIGN,False,0.0,2.85,dismiss,False,True,a7349c78b1d0aa7c1b0d7d30f470049af3a0adce_244614_2
1823,a7349c78b1d0aa7c1b0d7d30f470049af3a0adce,non-expert,073e43c3bf48442ee8abe1c523cb35559ea35d8b,2,23,47,without_ai,False,241239,ISIC_0119243,NV,Melanocytic Nevi,benign,False,NV,True,1.0,10.49,dismiss,False,True,a7349c78b1d0aa7c1b0d7d30f470049af3a0adce_241239_2
1824,a7349c78b1d0aa7c1b0d7d30f470049af3a0adce,non-expert,073e43c3bf48442ee8abe1c523cb35559ea35d8b,2,24,47,with_ai,True,241239,ISIC_0119243,NV,Melanocytic Nevi,benign,False,NV,True,1.0,2.48,dismiss,False,True,a7349c78b1d0aa7c1b0d7d30f470049af3a0adce_241239_2
1825,a7349c78b1d0aa7c1b0d7d30f470049af3a0adce,non-expert,073e43c3bf48442ee8abe1c523cb35559ea35d8b,2,25,47,without_ai,False,243763,ISIC_7116804,BCC,Basal Cell Carcinoma,malignant,True,MEL,False,0.0,8.22,biopsy,True,True,a7349c78b1d0aa7c1b0d7d30f470049af3a0adce_243763_2
1826,a7349c78b1d0aa7c1b0d7d30f470049af3a0adce,non-expert,073e43c3bf48442ee8abe1c523cb35559ea35d8b,2,26,47,with_ai,True,243763,ISIC_7116804,BCC,Basal Cell Carcinoma,malignant,True,BCC,True,1.0,7.26,biopsy,True,True,a7349c78b1d0aa7c1b0d7d30f470049af3a0adce_243763_2
1827,a7349c78b1d0aa7c1b0d7d30f470049af3a0adce,non-expert,073e43c3bf48442ee8abe1c523cb35559ea35d8b,2,27,47,without_ai,False,243154,ISIC_8554994,BKL,Benign Keratosis,benign,False,MEL,False,0.0,11.0,biopsy,True,True,a7349c78b1d0aa7c1b0d7d30f470049af3a0adce_243154_2
1828,a7349c78b1d0aa7c1b0d7d30f470049af3a0adce,non-expert,073e43c3bf48442ee8abe1c523cb35559ea35d8b,2,28,47,with_ai,True,243154,ISIC_8554994,BKL,Benign Keratosis,benign,False,BKL,True,1.0,2.55,dismiss,False,True,a7349c78b1d0aa7c1b0d7d30f470049af3a0adce_243154_2
1829,a7349c78b1d0aa7c1b0d7d30f470049af3a0adce,non-expert,073e43c3bf48442ee8abe1c523cb35559ea35d8b,2,29,47,without_ai,False,243521,ISIC_4185934,BCC,Basal Cell Carcinoma,malignant,True,SCCKA,False,0.0,9.57,biopsy,True,True,a7349c78b1d0aa7c1b0d7d30f470049af3a0adce_243521_2
1830,a7349c78b1d0aa7c1b0d7d30f470049af3a0adce,non-expert,073e43c3bf48442ee8abe1c523cb35559ea35d8b,2,30,47,with_ai,True,243521,ISIC_4185934,BCC,Basal Cell Carcinoma,malignant,True,BCC,True,1.0,2.18,biopsy,True,True,a7349c78b1d0aa7c1b0d7d30f470049af3a0adce_243521_2
1831,a7349c78b1d0aa7c1b0d7d30f470049af3a0adce,non-expert,0e82e76eeb519ba1996d7bb366f7b52b095640a3,3,1,47,without_ai,False,240395,ISIC_5714368,DF,Dermatofibroma,benign,False,NV,False,0.0,14.83,monitor,False,True,a7349c78b1d0aa7c1b0d7d30f470049af3a0adce_240395_3
1832,a7349c78b1d0aa7c1b0d7d30f470049af3a0adce,non-expert,0e82e76eeb519ba1996d7bb366f7b52b095640a3,3,2,47,with_ai,True,240395,ISIC_5714368,DF,Dermatofibroma,benign,False,DF,True,1.0,6.75,dismiss,False,True,a7349c78b1d0aa7c1b0d7d30f470049af3a0adce_240395_3
1833,a7349c78b1d0aa7c1b0d7d30f470049af3a0adce,non-expert,0e82e76eeb519ba1996d7bb366f7b52b095640a3,3,3,47,without_ai,False,241279,ISIC_7139452,NV,Melanocytic Nevi,benign,False,MEL,False,0.0,16.33,biopsy,True,True,a7349c78b1d0aa7c1b0d7d30f470049af3a0adce_241279_3
1834,a7349c78b1d0aa7c1b0d7d30f470049af3a0adce,non-expert,0e82e76eeb519ba1996d7bb366f7b52b095640a3,3,4,47,with_ai,True,241279,ISIC_7139452,NV,Melanocytic Nevi,benign,False,MEL,False,0.0,3.6,biopsy,True,True,a7349c78b1d0aa7c1b0d7d30f470049af3a0adce_241279_3
1835,a7349c78b1d0aa7c1b0d7d30f470049af3a0adce,non-expert,0e82e76eeb519ba1996d7bb366f7b52b095640a3,3,5,47,without_ai,False,244663,ISIC_2187348,OTHER_MALIGNANT,Other Malignant,malignant,True,MEL,False,0.0,16.1,biopsy,True,True,a7349c78b1d0aa7c1b0d7d30f470049af3a0adce_244663_3
1836,a7349c78b1d0aa7c1b0d7d30f470049af3a0adce,non-expert,0e82e76eeb519ba1996d7bb366f7b52b095640a3,3,6,47,with_ai,True,244663,ISIC_2187348,OTHER_MALIGNANT,Other Malignant,malignant,True,BKL,False,0.0,2.96,dismiss,False,True,a7349c78b1d0aa7c1b0d7d30f470049af3a0adce_244663_3
1837,a7349c78b1d0aa7c1b0d7d30f470049af3a0adce,non-expert,0e82e76eeb519ba1996d7bb366f7b52b095640a3,3,7,47,without_ai,False,245189,ISIC_9900027,BCC,Basal Cell Carcinoma,malignant,True,BCC,True,1.0,5.06,biopsy,True,True,a7349c78b1d0aa7c1b0d7d30f470049af3a0adce_245189_3
1838,a7349c78b1d0aa7c1b0d7d30f470049af3a0adce,non-expert,0e82e76eeb519ba1996d7bb366f7b52b095640a3,3,8,47,with_ai,True,245189,ISIC_9900027,BCC,Basal Cell Carcinoma,malignant,True,BCC,True,1.0,2.42,biopsy,True,True,a7349c78b1d0aa7c1b0d7d30f470049af3a0adce_245189_3
1839,a7349c78b1d0aa7c1b0d7d30f470049af3a0adce,non-expert,0e82e76eeb519ba1996d7bb366f7b52b095640a3,3,9,47,without_ai,False,242454,ISIC_7146069,NV,Melanocytic Nevi,benign,False,DF,False,0.0,18.42,dismiss,False,True,a7349c78b1d0aa7c1b0d7d30f470049af3a0adce_242454_3
1840,a7349c78b1d0aa7c1b0d7d30f470049af3a0adce,non-expert,0e82e76eeb519ba1996d7bb366f7b52b095640a3,3,10,47,with_ai,True,242454,ISIC_7146069,NV,Melanocytic Nevi,benign,False,MEL,False,0.0,2.64,biopsy,True,True,a7349c78b1d0aa7c1b0d7d30f470049af3a0adce_242454_3
1841,a7349c78b1d0aa7c1b0d7d30f470049af3a0adce,non-expert,0e82e76eeb519ba1996d7bb366f7b52b095640a3,3,11,47,without_ai,False,241596,ISIC_1996485,VASC,Vascular Lesions,benign,False,MEL,False,0.0,11.59,biopsy,True,True,a7349c78b1d0aa7c1b0d7d30f470049af3a0adce_241596_3
1842,a7349c78b1d0aa7c1b0d7d30f470049af3a0adce,non-expert,0e82e76eeb519ba1996d7bb366f7b52b095640a3,3,12,47,with_ai,True,241596,ISIC_1996485,VASC,Vascular Lesions,benign,False,BCC,False,0.0,3.27,biopsy,True,True,a7349c78b1d0aa7c1b0d7d30f470049af3a0adce_241596_3
1843,a7349c78b1d0aa7c1b0d7d30f470049af3a0adce,non-expert,0e82e76eeb519ba1996d7bb366f7b52b095640a3,3,13,47,without_ai,False,244356,ISIC_6053581,BKL,Benign Keratosis,benign,False,BKL,True,1.0,17.38,dismiss,False,True,a7349c78b1d0aa7c1b0d7d30f470049af3a0adce_244356_3
1844,a7349c78b1d0aa7c1b0d7d30f470049af3a0adce,non-expert,0e82e76eeb519ba1996d7bb366f7b52b095640a3,3,14,47,with_ai,True,244356,ISIC_6053581,BKL,Benign Keratosis,benign,False,BKL,True,1.0,2.15,dismiss,False,True,a7349c78b1d0aa7c1b0d7d30f470049af3a0adce_244356_3
1845,a7349c78b1d0aa7c1b0d7d30f470049af3a0adce,non-expert,0e82e76eeb519ba1996d7bb366f7b52b095640a3,3,15,47,without_ai,False,240036,ISIC_5344273,BCC,Basal Cell Carcinoma,malignant,True,AKIEC,False,0.0,15.71,biopsy,True,True,a7349c78b1d0aa7c1b0d7d30f470049af3a0adce_240036_3
1846,a7349c78b1d0aa7c1b0d7d30f470049af3a0adce,non-expert,0e82e76eeb519ba1996d7bb366f7b52b095640a3,3,16,47,with_ai,True,240036,ISIC_5344273,BCC,Basal Cell Carcinoma,malignant,True,BCC,True,1.0,2.81,biopsy,True,True,a7349c78b1d0aa7c1b0d7d30f470049af3a0adce_240036_3
1847,a7349c78b1d0aa7c1b0d7d30f470049af3a0adce,non-expert,0e82e76eeb519ba1996d7bb366f7b52b095640a3,3,17,47,without_ai,False,242583,ISIC_8005759,BKL,Benign Keratosis,benign,False,BKL,True,1.0,14.39,dismiss,False,True,a7349c78b1d0aa7c1b0d7d30f470049af3a0adce_242583_3
1848,a7349c78b1d0aa7c1b0d7d30f470049af3a0adce,non-expert,0e82e76eeb519ba1996d7bb366f7b52b095640a3,3,18,47,with_ai,True,242583,ISIC_8005759,BKL,Benign Keratosis,benign,False,BKL,True,1.0,2.68,dismiss,False,True,a7349c78b1d0aa7c1b0d7d30f470049af3a0adce_242583_3
1849,a7349c78b1d0aa7c1b0d7d30f470049af3a0adce,non-expert,0e82e76eeb519ba1996d7bb366f7b52b095640a3,3,19,47,without_ai,False,242260,ISIC_7218635,AKIEC,Actinic Keratosis,premalignant,True,AKIEC,True,1.0,9.84,local_therapy,True,True,a7349c78b1d0aa7c1b0d7d30f470049af3a0adce_242260_3
1850,a7349c78b1d0aa7c1b0d7d30f470049af3a0adce,non-expert,0e82e76eeb519ba1996d7bb366f7b52b095640a3,3,20,47,with_ai,True,242260,ISIC_7218635,AKIEC,Actinic Keratosis,premalignant,True,BCC,False,0.0,6.2,biopsy,True,True,a7349c78b1d0aa7c1b0d7d30f470049af3a0adce_242260_3
1851,a7349c78b1d0aa7c1b0d7d30f470049af3a0adce,non-expert,0e82e76eeb519ba1996d7bb366f7b52b095640a3,3,21,47,without_ai,False,245137,ISIC_2923050,SCCKA,Squamous Cell Carcinoma,malignant,True,SCCKA,True,1.0,16.96,biopsy,True,True,a7349c78b1d0aa7c1b0d7d30f470049af3a0adce_245137_3
1852,a7349c78b1d0aa7c1b0d7d30f470049af3a0adce,non-expert,0e82e76eeb519ba1996d7bb366f7b52b095640a3,3,22,47,with_ai,True,245137,ISIC_2923050,SCCKA,Squamous Cell Carcinoma,malignant,True,SCCKA,True,1.0,3.47,biopsy,True,True,a7349c78b1d0aa7c1b0d7d30f470049af3a0adce_245137_3
1853,a7349c78b1d0aa7c1b0d7d30f470049af3a0adce,non-expert,0e82e76eeb519ba1996d7bb366f7b52b095640a3,3,23,47,without_ai,False,240966,ISIC_4740515,MEL,Melanoma,malignant,True,MEL,True,1.0,7.6,biopsy,True,True,a7349c78b1d0aa7c1b0d7d30f470049af3a0adce_240966_3
1854,a7349c78b1d0aa7c1b0d7d30f470049af3a0adce,non-expert,0e82e76eeb519ba1996d7bb366f7b52b095640a3,3,24,47,with_ai,True,240966,ISIC_4740515,MEL,Melanoma,malignant,True,MEL,True,1.0,3.68,biopsy,True,True,a7349c78b1d0aa7c1b0d7d30f470049af3a0adce_240966_3
1855,a7349c78b1d0aa7c1b0d7d30f470049af3a0adce,non-expert,0e82e76eeb519ba1996d7bb366f7b52b095640a3,3,25,47,without_ai,False,240276,ISIC_6780849,MEL,Melanoma,malignant,True,MEL,True,1.0,8.74,biopsy,True,True,a7349c78b1d0aa7c1b0d7d30f470049af3a0adce_240276_3
1856,a7349c78b1d0aa7c1b0d7d30f470049af3a0adce,non-expert,0e82e76eeb519ba1996d7bb366f7b52b095640a3,3,26,47,with_ai,True,240276,ISIC_6780849,MEL,Melanoma,malignant,True,MEL,True,1.0,2.13,biopsy,True,True,a7349c78b1d0aa7c1b0d7d30f470049af3a0adce_240276_3
1857,a7349c78b1d0aa7c1b0d7d30f470049af3a0adce,non-expert,0e82e76eeb519ba1996d7bb366f7b52b095640a3,3,27,47,without_ai,False,241323,ISIC_2170617,NV,Melanocytic Nevi,benign,False,BKL,False,0.0,6.98,dismiss,False,True,a7349c78b1d0aa7c1b0d7d30f470049af3a0adce_241323_3
1858,a7349c78b1d0aa7c1b0d7d30f470049af3a0adce,non-expert,0e82e76eeb519ba1996d7bb366f7b52b095640a3,3,28,47,with_ai,True,241323,ISIC_2170617,NV,Melanocytic Nevi,benign,False,NV,True,1.0,6.88,dismiss,False,True,a7349c78b1d0aa7c1b0d7d30f470049af3a0adce_241323_3
1859,a7349c78b1d0aa7c1b0d7d30f470049af3a0adce,non-expert,0e82e76eeb519ba1996d7bb366f7b52b095640a3,3,29,47,without_ai,False,241936,ISIC_5787263,BCC,Basal Cell Carcinoma,malignant,True,BCC,True,1.0,9.69,biopsy,True,True,a7349c78b1d0aa7c1b0d7d30f470049af3a0adce_241936_3
1860,a7349c78b1d0aa7c1b0d7d30f470049af3a0adce,non-expert,0e82e76eeb519ba1996d7bb366f7b52b095640a3,3,30,47,with_ai,True,241936,ISIC_5787263,BCC,Basal Cell Carcinoma,malignant,True,BCC,True,1.0,2.05,biopsy,True,True,a7349c78b1d0aa7c1b0d7d30f470049af3a0adce_241936_3
1861,41b945a32703b4802f45a6a82fdd864b6749cdd0,expert,09b19b473f91778ba223d01c2055f0ee951b53d0,1,1,47,without_ai,False,243032,ISIC_9187182,NV,Melanocytic Nevi,benign,False,MEL,False,0.0,11.78,biopsy,True,True,41b945a32703b4802f45a6a82fdd864b6749cdd0_243032_1
1862,41b945a32703b4802f45a6a82fdd864b6749cdd0,expert,09b19b473f91778ba223d01c2055f0ee951b53d0,1,2,47,with_ai,True,243032,ISIC_9187182,NV,Melanocytic Nevi,benign,False,NV,True,1.0,9.38,biopsy,True,True,41b945a32703b4802f45a6a82fdd864b6749cdd0_243032_1
1863,41b945a32703b4802f45a6a82fdd864b6749cdd0,expert,09b19b473f91778ba223d01c2055f0ee951b53d0,1,3,47,without_ai,False,241582,ISIC_1655136,NV,Melanocytic Nevi,benign,False,MEL,False,0.0,7.49,biopsy,True,True,41b945a32703b4802f45a6a82fdd864b6749cdd0_241582_1
1864,41b945a32703b4802f45a6a82fdd864b6749cdd0,expert,09b19b473f91778ba223d01c2055f0ee951b53d0,1,4,47,with_ai,True,241582,ISIC_1655136,NV,Melanocytic Nevi,benign,False,NV,True,1.0,10.84,biopsy,True,True,41b945a32703b4802f45a6a82fdd864b6749cdd0_241582_1
1865,41b945a32703b4802f45a6a82fdd864b6749cdd0,expert,09b19b473f91778ba223d01c2055f0ee951b53d0,1,5,47,without_ai,False,242588,ISIC_9912332,DF,Dermatofibroma,benign,False,BCC,False,0.0,5.96,biopsy,True,True,41b945a32703b4802f45a6a82fdd864b6749cdd0_242588_1
1866,41b945a32703b4802f45a6a82fdd864b6749cdd0,expert,09b19b473f91778ba223d01c2055f0ee951b53d0,1,6,47,with_ai,True,242588,ISIC_9912332,DF,Dermatofibroma,benign,False,DF,True,1.0,7.28,biopsy,True,True,41b945a32703b4802f45a6a82fdd864b6749cdd0_242588_1
1867,41b945a32703b4802f45a6a82fdd864b6749cdd0,expert,09b19b473f91778ba223d01c2055f0ee951b53d0,1,7,47,without_ai,False,240219,ISIC_3952412,INF,Inflammatory,inflammatory,False,BCC,False,0.0,11.87,biopsy,True,True,41b945a32703b4802f45a6a82fdd864b6749cdd0_240219_1
1868,41b945a32703b4802f45a6a82fdd864b6749cdd0,expert,09b19b473f91778ba223d01c2055f0ee951b53d0,1,8,47,with_ai,True,240219,ISIC_3952412,INF,Inflammatory,inflammatory,False,BCC,False,0.0,5.31,biopsy,True,True,41b945a32703b4802f45a6a82fdd864b6749cdd0_240219_1
1869,41b945a32703b4802f45a6a82fdd864b6749cdd0,expert,09b19b473f91778ba223d01c2055f0ee951b53d0,1,9,47,without_ai,False,244348,ISIC_1222561,BKL,Benign Keratosis,benign,False,BKL,True,1.0,6.86,biopsy,True,True,41b945a32703b4802f45a6a82fdd864b6749cdd0_244348_1
1870,41b945a32703b4802f45a6a82fdd864b6749cdd0,expert,09b19b473f91778ba223d01c2055f0ee951b53d0,1,10,47,with_ai,True,244348,ISIC_1222561,BKL,Benign Keratosis,benign,False,BKL,True,1.0,1.98,biopsy,True,True,41b945a32703b4802f45a6a82fdd864b6749cdd0_244348_1
1871,41b945a32703b4802f45a6a82fdd864b6749cdd0,expert,09b19b473f91778ba223d01c2055f0ee951b53d0,1,11,47,without_ai,False,241945,ISIC_1170330,BCC,Basal Cell Carcinoma,malignant,True,AKIEC,False,0.0,8.93,biopsy,True,True,41b945a32703b4802f45a6a82fdd864b6749cdd0_241945_1
1872,41b945a32703b4802f45a6a82fdd864b6749cdd0,expert,09b19b473f91778ba223d01c2055f0ee951b53d0,1,12,47,with_ai,True,241945,ISIC_1170330,BCC,Basal Cell Carcinoma,malignant,True,BCC,True,1.0,3.21,biopsy,True,True,41b945a32703b4802f45a6a82fdd864b6749cdd0_241945_1
1873,41b945a32703b4802f45a6a82fdd864b6749cdd0,expert,09b19b473f91778ba223d01c2055f0ee951b53d0,1,13,47,without_ai,False,240347,ISIC_8564627,NV,Melanocytic Nevi,benign,False,MEL,False,0.0,7.11,biopsy,True,True,41b945a32703b4802f45a6a82fdd864b6749cdd0_240347_1
1874,41b945a32703b4802f45a6a82fdd864b6749cdd0,expert,09b19b473f91778ba223d01c2055f0ee951b53d0,1,14,47,with_ai,True,240347,ISIC_8564627,NV,Melanocytic Nevi,benign,False,MEL,False,0.0,4.12,biopsy,True,True,41b945a32703b4802f45a6a82fdd864b6749cdd0_240347_1
1875,41b945a32703b4802f45a6a82fdd864b6749cdd0,expert,09b19b473f91778ba223d01c2055f0ee951b53d0,1,15,47,without_ai,False,241683,ISIC_8977223,MEL,Melanoma,malignant,True,MEL,True,1.0,6.73,biopsy,True,True,41b945a32703b4802f45a6a82fdd864b6749cdd0_241683_1
1876,41b945a32703b4802f45a6a82fdd864b6749cdd0,expert,09b19b473f91778ba223d01c2055f0ee951b53d0,1,16,47,with_ai,True,241683,ISIC_8977223,MEL,Melanoma,malignant,True,NV,False,0.0,2.39,local_therapy,True,True,41b945a32703b4802f45a6a82fdd864b6749cdd0_241683_1
1877,41b945a32703b4802f45a6a82fdd864b6749cdd0,expert,09b19b473f91778ba223d01c2055f0ee951b53d0,1,17,47,without_ai,False,242794,ISIC_8577350,BCC,Basal Cell Carcinoma,malignant,True,BCC,True,1.0,5.19,biopsy,True,True,41b945a32703b4802f45a6a82fdd864b6749cdd0_242794_1
1878,41b945a32703b4802f45a6a82fdd864b6749cdd0,expert,09b19b473f91778ba223d01c2055f0ee951b53d0,1,18,47,with_ai,True,242794,ISIC_8577350,BCC,Basal Cell Carcinoma,malignant,True,BCC,True,1.0,3.23,biopsy,True,True,41b945a32703b4802f45a6a82fdd864b6749cdd0_242794_1
1879,41b945a32703b4802f45a6a82fdd864b6749cdd0,expert,09b19b473f91778ba223d01c2055f0ee951b53d0,1,19,47,without_ai,False,244552,ISIC_3405243,BKL,Benign Keratosis,benign,False,BKL,True,1.0,5.87,biopsy,True,True,41b945a32703b4802f45a6a82fdd864b6749cdd0_244552_1
1880,41b945a32703b4802f45a6a82fdd864b6749cdd0,expert,09b19b473f91778ba223d01c2055f0ee951b53d0,1,20,47,with_ai,True,244552,ISIC_3405243,BKL,Benign Keratosis,benign,False,MEL,False,0.0,4.47,biopsy,True,True,41b945a32703b4802f45a6a82fdd864b6749cdd0_244552_1
1881,41b945a32703b4802f45a6a82fdd864b6749cdd0,expert,09b19b473f91778ba223d01c2055f0ee951b53d0,1,21,47,without_ai,False,241542,ISIC_8614567,VASC,Vascular Lesions,benign,False,VASC,True,1.0,6.86,biopsy,True,True,41b945a32703b4802f45a6a82fdd864b6749cdd0_241542_1
1882,41b945a32703b4802f45a6a82fdd864b6749cdd0,expert,09b19b473f91778ba223d01c2055f0ee951b53d0,1,22,47,with_ai,True,241542,ISIC_8614567,VASC,Vascular Lesions,benign,False,VASC,True,1.0,1.74,biopsy,True,True,41b945a32703b4802f45a6a82fdd864b6749cdd0_241542_1
1883,41b945a32703b4802f45a6a82fdd864b6749cdd0,expert,09b19b473f91778ba223d01c2055f0ee951b53d0,1,23,47,without_ai,False,243173,ISIC_1076265,AKIEC,Actinic Keratosis,premalignant,True,AKIEC,True,1.0,4.64,biopsy,True,True,41b945a32703b4802f45a6a82fdd864b6749cdd0_243173_1
1884,41b945a32703b4802f45a6a82fdd864b6749cdd0,expert,09b19b473f91778ba223d01c2055f0ee951b53d0,1,24,47,with_ai,True,243173,ISIC_1076265,AKIEC,Actinic Keratosis,premalignant,True,AKIEC,True,1.0,2.11,biopsy,True,True,41b945a32703b4802f45a6a82fdd864b6749cdd0_243173_1
1885,41b945a32703b4802f45a6a82fdd864b6749cdd0,expert,09b19b473f91778ba223d01c2055f0ee951b53d0,1,25,47,without_ai,False,242083,ISIC_7312960,SCCKA,Squamous Cell Carcinoma,malignant,True,BCC,False,0.0,8.18,biopsy,True,True,41b945a32703b4802f45a6a82fdd864b6749cdd0_242083_1
1886,41b945a32703b4802f45a6a82fdd864b6749cdd0,expert,09b19b473f91778ba223d01c2055f0ee951b53d0,1,26,47,with_ai,True,242083,ISIC_7312960,SCCKA,Squamous Cell Carcinoma,malignant,True,BCC,False,0.0,2.8,biopsy,True,True,41b945a32703b4802f45a6a82fdd864b6749cdd0_242083_1
1887,41b945a32703b4802f45a6a82fdd864b6749cdd0,expert,09b19b473f91778ba223d01c2055f0ee951b53d0,1,27,47,without_ai,False,245087,ISIC_5651049,MEL,Melanoma,malignant,True,MEL,True,1.0,8.43,biopsy,True,True,41b945a32703b4802f45a6a82fdd864b6749cdd0_245087_1
1888,41b945a32703b4802f45a6a82fdd864b6749cdd0,expert,09b19b473f91778ba223d01c2055f0ee951b53d0,1,28,47,with_ai,True,245087,ISIC_5651049,MEL,Melanoma,malignant,True,MEL,True,1.0,2.46,biopsy,True,True,41b945a32703b4802f45a6a82fdd864b6749cdd0_245087_1
1889,41b945a32703b4802f45a6a82fdd864b6749cdd0,expert,09b19b473f91778ba223d01c2055f0ee951b53d0,1,29,47,without_ai,False,244134,ISIC_9268987,AKIEC,Actinic Keratosis,premalignant,True,AKIEC,True,1.0,9.84,biopsy,True,True,41b945a32703b4802f45a6a82fdd864b6749cdd0_244134_1
1890,41b945a32703b4802f45a6a82fdd864b6749cdd0,expert,09b19b473f91778ba223d01c2055f0ee951b53d0,1,30,47,with_ai,True,244134,ISIC_9268987,AKIEC,Actinic Keratosis,premalignant,True,BKL,False,0.0,3.2,biopsy,True,True,41b945a32703b4802f45a6a82fdd864b6749cdd0_244134_1
1891,41b945a32703b4802f45a6a82fdd864b6749cdd0,expert,955417e4b0e37ccbe741e0d93a4e5cde29941fc5,2,1,47,without_ai,False,240668,ISIC_7604705,SCCKA,Squamous Cell Carcinoma,malignant,True,BCC,False,0.0,10.24,biopsy,True,True,41b945a32703b4802f45a6a82fdd864b6749cdd0_240668_2
1892,41b945a32703b4802f45a6a82fdd864b6749cdd0,expert,955417e4b0e37ccbe741e0d93a4e5cde29941fc5,2,2,47,with_ai,True,240668,ISIC_7604705,SCCKA,Squamous Cell Carcinoma,malignant,True,BKL,False,0.0,2.45,biopsy,True,True,41b945a32703b4802f45a6a82fdd864b6749cdd0_240668_2
1893,41b945a32703b4802f45a6a82fdd864b6749cdd0,expert,955417e4b0e37ccbe741e0d93a4e5cde29941fc5,2,3,47,without_ai,False,242510,ISIC_7657322,MEL,Melanoma,malignant,True,MEL,True,1.0,6.29,biopsy,True,True,41b945a32703b4802f45a6a82fdd864b6749cdd0_242510_2
1894,41b945a32703b4802f45a6a82fdd864b6749cdd0,expert,955417e4b0e37ccbe741e0d93a4e5cde29941fc5,2,4,47,with_ai,True,242510,ISIC_7657322,MEL,Melanoma,malignant,True,MEL,True,1.0,2.09,biopsy,True,True,41b945a32703b4802f45a6a82fdd864b6749cdd0_242510_2
1895,41b945a32703b4802f45a6a82fdd864b6749cdd0,expert,955417e4b0e37ccbe741e0d93a4e5cde29941fc5,2,5,47,without_ai,False,242142,ISIC_5209351,SCCKA,Squamous Cell Carcinoma,malignant,True,BCC,False,0.0,9.85,biopsy,True,True,41b945a32703b4802f45a6a82fdd864b6749cdd0_242142_2
1896,41b945a32703b4802f45a6a82fdd864b6749cdd0,expert,955417e4b0e37ccbe741e0d93a4e5cde29941fc5,2,6,47,with_ai,True,242142,ISIC_5209351,SCCKA,Squamous Cell Carcinoma,malignant,True,AKIEC,False,0.0,2.16,biopsy,True,True,41b945a32703b4802f45a6a82fdd864b6749cdd0_242142_2
1897,41b945a32703b4802f45a6a82fdd864b6749cdd0,expert,955417e4b0e37ccbe741e0d93a4e5cde29941fc5,2,7,47,without_ai,False,242213,ISIC_7817884,NV,Melanocytic Nevi,benign,False,NV,True,1.0,5.52,dismiss,False,True,41b945a32703b4802f45a6a82fdd864b6749cdd0_242213_2
1898,41b945a32703b4802f45a6a82fdd864b6749cdd0,expert,955417e4b0e37ccbe741e0d93a4e5cde29941fc5,2,8,47,with_ai,True,242213,ISIC_7817884,NV,Melanocytic Nevi,benign,False,NV,True,1.0,2.14,dismiss,False,True,41b945a32703b4802f45a6a82fdd864b6749cdd0_242213_2
1899,41b945a32703b4802f45a6a82fdd864b6749cdd0,expert,955417e4b0e37ccbe741e0d93a4e5cde29941fc5,2,9,47,without_ai,False,244881,ISIC_2846004,DF,Dermatofibroma,benign,False,BCC,False,0.0,7.56,biopsy,True,True,41b945a32703b4802f45a6a82fdd864b6749cdd0_244881_2
1900,41b945a32703b4802f45a6a82fdd864b6749cdd0,expert,955417e4b0e37ccbe741e0d93a4e5cde29941fc5,2,10,47,with_ai,True,244881,ISIC_2846004,DF,Dermatofibroma,benign,False,DF,True,1.0,3.72,biopsy,True,True,41b945a32703b4802f45a6a82fdd864b6749cdd0_244881_2
1901,41b945a32703b4802f45a6a82fdd864b6749cdd0,expert,955417e4b0e37ccbe741e0d93a4e5cde29941fc5,2,11,47,without_ai,False,240547,ISIC_3477325,OTHER_BENIGN,Other Benign,benign,False,DF,False,0.0,6.64,biopsy,True,True,41b945a32703b4802f45a6a82fdd864b6749cdd0_240547_2
1902,41b945a32703b4802f45a6a82fdd864b6749cdd0,expert,955417e4b0e37ccbe741e0d93a4e5cde29941fc5,2,12,47,with_ai,True,240547,ISIC_3477325,OTHER_BENIGN,Other Benign,benign,False,OTHER_BENIGN,True,1.0,5.16,biopsy,True,True,41b945a32703b4802f45a6a82fdd864b6749cdd0_240547_2
1903,41b945a32703b4802f45a6a82fdd864b6749cdd0,expert,955417e4b0e37ccbe741e0d93a4e5cde29941fc5,2,13,47,without_ai,False,242333,ISIC_4943472,AKIEC,Actinic Keratosis,premalignant,True,AKIEC,True,1.0,5.26,biopsy,True,True,41b945a32703b4802f45a6a82fdd864b6749cdd0_242333_2
1904,41b945a32703b4802f45a6a82fdd864b6749cdd0,expert,955417e4b0e37ccbe741e0d93a4e5cde29941fc5,2,14,47,with_ai,True,242333,ISIC_4943472,AKIEC,Actinic Keratosis,premalignant,True,AKIEC,True,1.0,2.0,biopsy,True,True,41b945a32703b4802f45a6a82fdd864b6749cdd0_242333_2
1905,41b945a32703b4802f45a6a82fdd864b6749cdd0,expert,955417e4b0e37ccbe741e0d93a4e5cde29941fc5,2,15,47,without_ai,False,242865,ISIC_2822341,BKL,Benign Keratosis,benign,False,AKIEC,False,0.0,6.25,biopsy,True,True,41b945a32703b4802f45a6a82fdd864b6749cdd0_242865_2
1906,41b945a32703b4802f45a6a82fdd864b6749cdd0,expert,955417e4b0e37ccbe741e0d93a4e5cde29941fc5,2,16,47,with_ai,True,242865,ISIC_2822341,BKL,Benign Keratosis,benign,False,AKIEC,False,0.0,1.75,biopsy,True,True,41b945a32703b4802f45a6a82fdd864b6749cdd0_242865_2
1907,41b945a32703b4802f45a6a82fdd864b6749cdd0,expert,955417e4b0e37ccbe741e0d93a4e5cde29941fc5,2,17,47,without_ai,False,242496,ISIC_4454419,BCC,Basal Cell Carcinoma,malignant,True,AKIEC,False,0.0,6.15,biopsy,True,True,41b945a32703b4802f45a6a82fdd864b6749cdd0_242496_2
1908,41b945a32703b4802f45a6a82fdd864b6749cdd0,expert,955417e4b0e37ccbe741e0d93a4e5cde29941fc5,2,18,47,with_ai,True,242496,ISIC_4454419,BCC,Basal Cell Carcinoma,malignant,True,AKIEC,False,0.0,1.72,biopsy,True,True,41b945a32703b4802f45a6a82fdd864b6749cdd0_242496_2
1909,41b945a32703b4802f45a6a82fdd864b6749cdd0,expert,955417e4b0e37ccbe741e0d93a4e5cde29941fc5,2,19,47,without_ai,False,241768,ISIC_4478363,MEL,Melanoma,malignant,True,MEL,True,1.0,4.34,biopsy,True,True,41b945a32703b4802f45a6a82fdd864b6749cdd0_241768_2
1910,41b945a32703b4802f45a6a82fdd864b6749cdd0,expert,955417e4b0e37ccbe741e0d93a4e5cde29941fc5,2,20,47,with_ai,True,241768,ISIC_4478363,MEL,Melanoma,malignant,True,MEL,True,1.0,2.15,biopsy,True,True,41b945a32703b4802f45a6a82fdd864b6749cdd0_241768_2
1911,41b945a32703b4802f45a6a82fdd864b6749cdd0,expert,955417e4b0e37ccbe741e0d93a4e5cde29941fc5,2,21,47,without_ai,False,241124,ISIC_0417486,VASC,Vascular Lesions,benign,False,VASC,True,1.0,5.23,biopsy,True,True,41b945a32703b4802f45a6a82fdd864b6749cdd0_241124_2
1912,41b945a32703b4802f45a6a82fdd864b6749cdd0,expert,955417e4b0e37ccbe741e0d93a4e5cde29941fc5,2,22,47,with_ai,True,241124,ISIC_0417486,VASC,Vascular Lesions,benign,False,NV,False,0.0,2.72,biopsy,True,True,41b945a32703b4802f45a6a82fdd864b6749cdd0_241124_2
1913,41b945a32703b4802f45a6a82fdd864b6749cdd0,expert,955417e4b0e37ccbe741e0d93a4e5cde29941fc5,2,23,47,without_ai,False,243845,ISIC_0951274,NV,Melanocytic Nevi,benign,False,NV,True,1.0,4.83,biopsy,True,True,41b945a32703b4802f45a6a82fdd864b6749cdd0_243845_2
1914,41b945a32703b4802f45a6a82fdd864b6749cdd0,expert,955417e4b0e37ccbe741e0d93a4e5cde29941fc5,2,24,47,with_ai,True,243845,ISIC_0951274,NV,Melanocytic Nevi,benign,False,NV,True,1.0,1.94,biopsy,True,True,41b945a32703b4802f45a6a82fdd864b6749cdd0_243845_2
1915,41b945a32703b4802f45a6a82fdd864b6749cdd0,expert,955417e4b0e37ccbe741e0d93a4e5cde29941fc5,2,25,47,without_ai,False,242050,ISIC_8723719,NV,Melanocytic Nevi,benign,False,NV,True,1.0,4.16,biopsy,True,True,41b945a32703b4802f45a6a82fdd864b6749cdd0_242050_2
1916,41b945a32703b4802f45a6a82fdd864b6749cdd0,expert,955417e4b0e37ccbe741e0d93a4e5cde29941fc5,2,26,47,with_ai,True,242050,ISIC_8723719,NV,Melanocytic Nevi,benign,False,NV,True,1.0,1.72,biopsy,True,True,41b945a32703b4802f45a6a82fdd864b6749cdd0_242050_2
1917,41b945a32703b4802f45a6a82fdd864b6749cdd0,expert,955417e4b0e37ccbe741e0d93a4e5cde29941fc5,2,27,47,without_ai,False,244768,ISIC_2600012,BCC,Basal Cell Carcinoma,malignant,True,AKIEC,False,0.0,3.52,biopsy,True,True,41b945a32703b4802f45a6a82fdd864b6749cdd0_244768_2
1918,41b945a32703b4802f45a6a82fdd864b6749cdd0,expert,955417e4b0e37ccbe741e0d93a4e5cde29941fc5,2,28,47,with_ai,True,244768,ISIC_2600012,BCC,Basal Cell Carcinoma,malignant,True,BCC,True,1.0,2.41,biopsy,True,True,41b945a32703b4802f45a6a82fdd864b6749cdd0_244768_2
1919,41b945a32703b4802f45a6a82fdd864b6749cdd0,expert,955417e4b0e37ccbe741e0d93a4e5cde29941fc5,2,29,47,without_ai,False,240015,ISIC_8615296,BKL,Benign Keratosis,benign,False,AKIEC,False,0.0,4.38,biopsy,True,True,41b945a32703b4802f45a6a82fdd864b6749cdd0_240015_2
1920,41b945a32703b4802f45a6a82fdd864b6749cdd0,expert,955417e4b0e37ccbe741e0d93a4e5cde29941fc5,2,30,47,with_ai,True,240015,ISIC_8615296,BKL,Benign Keratosis,benign,False,AKIEC,False,0.0,5.07,biopsy,True,True,41b945a32703b4802f45a6a82fdd864b6749cdd0_240015_2
1921,41b945a32703b4802f45a6a82fdd864b6749cdd0,expert,e719d0d0ffd4f99ee841f0ffa2a44e4776b242de,3,1,47,without_ai,False,242808,ISIC_0502738,NV,Melanocytic Nevi,benign,False,DF,False,0.0,12.63,dismiss,False,True,41b945a32703b4802f45a6a82fdd864b6749cdd0_242808_3
1922,41b945a32703b4802f45a6a82fdd864b6749cdd0,expert,e719d0d0ffd4f99ee841f0ffa2a44e4776b242de,3,2,47,with_ai,True,242808,ISIC_0502738,NV,Melanocytic Nevi,benign,False,DF,False,0.0,6.53,dismiss,False,True,41b945a32703b4802f45a6a82fdd864b6749cdd0_242808_3
1923,41b945a32703b4802f45a6a82fdd864b6749cdd0,expert,e719d0d0ffd4f99ee841f0ffa2a44e4776b242de,3,3,47,without_ai,False,244686,ISIC_2515838,OTHER_BENIGN,Other Benign,benign,False,DF,False,0.0,6.94,dismiss,False,True,41b945a32703b4802f45a6a82fdd864b6749cdd0_244686_3
1924,41b945a32703b4802f45a6a82fdd864b6749cdd0,expert,e719d0d0ffd4f99ee841f0ffa2a44e4776b242de,3,4,47,with_ai,True,244686,ISIC_2515838,OTHER_BENIGN,Other Benign,benign,False,DF,False,0.0,7.07,dismiss,False,True,41b945a32703b4802f45a6a82fdd864b6749cdd0_244686_3
1925,41b945a32703b4802f45a6a82fdd864b6749cdd0,expert,e719d0d0ffd4f99ee841f0ffa2a44e4776b242de,3,5,47,without_ai,False,243478,ISIC_9423469,BCC,Basal Cell Carcinoma,malignant,True,AKIEC,False,0.0,6.76,biopsy,True,True,41b945a32703b4802f45a6a82fdd864b6749cdd0_243478_3
1926,41b945a32703b4802f45a6a82fdd864b6749cdd0,expert,e719d0d0ffd4f99ee841f0ffa2a44e4776b242de,3,6,47,with_ai,True,243478,ISIC_9423469,BCC,Basal Cell Carcinoma,malignant,True,BCC,True,1.0,13.28,biopsy,True,True,41b945a32703b4802f45a6a82fdd864b6749cdd0_243478_3
1927,41b945a32703b4802f45a6a82fdd864b6749cdd0,expert,e719d0d0ffd4f99ee841f0ffa2a44e4776b242de,3,7,47,without_ai,False,243486,ISIC_1999632,AKIEC,Actinic Keratosis,premalignant,True,,,,,,False,False,41b945a32703b4802f45a6a82fdd864b6749cdd0_243486_3
1928,41b945a32703b4802f45a6a82fdd864b6749cdd0,expert,e719d0d0ffd4f99ee841f0ffa2a44e4776b242de,3,8,47,with_ai,True,243486,ISIC_1999632,AKIEC,Actinic Keratosis,premalignant,True,AKIEC,True,1.0,7.54,biopsy,True,True,41b945a32703b4802f45a6a82fdd864b6749cdd0_243486_3
1929,41b945a32703b4802f45a6a82fdd864b6749cdd0,expert,e719d0d0ffd4f99ee841f0ffa2a44e4776b242de,3,9,47,without_ai,False,244764,ISIC_1606234,MEL,Melanoma,malignant,True,MEL,True,1.0,5.6,biopsy,True,True,41b945a32703b4802f45a6a82fdd864b6749cdd0_244764_3
1930,41b945a32703b4802f45a6a82fdd864b6749cdd0,expert,e719d0d0ffd4f99ee841f0ffa2a44e4776b242de,3,10,47,with_ai,True,244764,ISIC_1606234,MEL,Melanoma,malignant,True,MEL,True,1.0,5.77,biopsy,True,True,41b945a32703b4802f45a6a82fdd864b6749cdd0_244764_3
1931,41b945a32703b4802f45a6a82fdd864b6749cdd0,expert,e719d0d0ffd4f99ee841f0ffa2a44e4776b242de,3,11,47,without_ai,False,242292,ISIC_0497849,BCC,Basal Cell Carcinoma,malignant,True,AKIEC,False,0.0,4.18,biopsy,True,True,41b945a32703b4802f45a6a82fdd864b6749cdd0_242292_3
1932,41b945a32703b4802f45a6a82fdd864b6749cdd0,expert,e719d0d0ffd4f99ee841f0ffa2a44e4776b242de,3,12,47,with_ai,True,242292,ISIC_0497849,BCC,Basal Cell Carcinoma,malignant,True,AKIEC,False,0.0,2.5,biopsy,True,True,41b945a32703b4802f45a6a82fdd864b6749cdd0_242292_3
1933,41b945a32703b4802f45a6a82fdd864b6749cdd0,expert,e719d0d0ffd4f99ee841f0ffa2a44e4776b242de,3,13,47,without_ai,False,240614,ISIC_3410251,BKL,Benign Keratosis,benign,False,AKIEC,False,0.0,9.38,biopsy,True,True,41b945a32703b4802f45a6a82fdd864b6749cdd0_240614_3
1934,41b945a32703b4802f45a6a82fdd864b6749cdd0,expert,e719d0d0ffd4f99ee841f0ffa2a44e4776b242de,3,14,47,with_ai,True,240614,ISIC_3410251,BKL,Benign Keratosis,benign,False,SCCKA,False,0.0,2.9,biopsy,True,True,41b945a32703b4802f45a6a82fdd864b6749cdd0_240614_3
1935,41b945a32703b4802f45a6a82fdd864b6749cdd0,expert,e719d0d0ffd4f99ee841f0ffa2a44e4776b242de,3,15,47,without_ai,False,244306,ISIC_3570541,VASC,Vascular Lesions,benign,False,VASC,True,1.0,6.93,dismiss,False,True,41b945a32703b4802f45a6a82fdd864b6749cdd0_244306_3
1936,41b945a32703b4802f45a6a82fdd864b6749cdd0,expert,e719d0d0ffd4f99ee841f0ffa2a44e4776b242de,3,16,47,with_ai,True,244306,ISIC_3570541,VASC,Vascular Lesions,benign,False,VASC,True,1.0,4.88,dismiss,False,True,41b945a32703b4802f45a6a82fdd864b6749cdd0_244306_3
1937,41b945a32703b4802f45a6a82fdd864b6749cdd0,expert,e719d0d0ffd4f99ee841f0ffa2a44e4776b242de,3,17,47,without_ai,False,241493,ISIC_7481885,SCCKA,Squamous Cell Carcinoma,malignant,True,DF,False,0.0,11.74,dismiss,False,True,41b945a32703b4802f45a6a82fdd864b6749cdd0_241493_3
1938,41b945a32703b4802f45a6a82fdd864b6749cdd0,expert,e719d0d0ffd4f99ee841f0ffa2a44e4776b242de,3,18,47,with_ai,True,241493,ISIC_7481885,SCCKA,Squamous Cell Carcinoma,malignant,True,SCCKA,True,1.0,6.11,dismiss,False,True,41b945a32703b4802f45a6a82fdd864b6749cdd0_241493_3
1939,41b945a32703b4802f45a6a82fdd864b6749cdd0,expert,e719d0d0ffd4f99ee841f0ffa2a44e4776b242de,3,19,47,without_ai,False,244174,ISIC_8356317,BKL,Benign Keratosis,benign,False,BKL,True,1.0,4.26,dismiss,False,True,41b945a32703b4802f45a6a82fdd864b6749cdd0_244174_3
1940,41b945a32703b4802f45a6a82fdd864b6749cdd0,expert,e719d0d0ffd4f99ee841f0ffa2a44e4776b242de,3,20,47,with_ai,True,244174,ISIC_8356317,BKL,Benign Keratosis,benign,False,BKL,True,1.0,2.94,dismiss,False,True,41b945a32703b4802f45a6a82fdd864b6749cdd0_244174_3
1941,41b945a32703b4802f45a6a82fdd864b6749cdd0,expert,e719d0d0ffd4f99ee841f0ffa2a44e4776b242de,3,21,47,without_ai,False,243525,ISIC_8373214,BKL,Benign Keratosis,benign,False,SCCKA,False,0.0,11.62,biopsy,True,True,41b945a32703b4802f45a6a82fdd864b6749cdd0_243525_3
1942,41b945a32703b4802f45a6a82fdd864b6749cdd0,expert,e719d0d0ffd4f99ee841f0ffa2a44e4776b242de,3,22,47,with_ai,True,243525,ISIC_8373214,BKL,Benign Keratosis,benign,False,SCCKA,False,0.0,2.25,biopsy,True,True,41b945a32703b4802f45a6a82fdd864b6749cdd0_243525_3
1943,41b945a32703b4802f45a6a82fdd864b6749cdd0,expert,e719d0d0ffd4f99ee841f0ffa2a44e4776b242de,3,23,47,without_ai,False,244653,ISIC_5372934,NV,Melanocytic Nevi,benign,False,NV,True,1.0,6.07,dismiss,False,True,41b945a32703b4802f45a6a82fdd864b6749cdd0_244653_3
1944,41b945a32703b4802f45a6a82fdd864b6749cdd0,expert,e719d0d0ffd4f99ee841f0ffa2a44e4776b242de,3,24,47,with_ai,True,244653,ISIC_5372934,NV,Melanocytic Nevi,benign,False,NV,True,1.0,2.36,dismiss,False,True,41b945a32703b4802f45a6a82fdd864b6749cdd0_244653_3
1945,41b945a32703b4802f45a6a82fdd864b6749cdd0,expert,e719d0d0ffd4f99ee841f0ffa2a44e4776b242de,3,25,47,without_ai,False,240523,ISIC_6739483,DF,Dermatofibroma,benign,False,DF,True,1.0,4.43,dismiss,False,True,41b945a32703b4802f45a6a82fdd864b6749cdd0_240523_3
1946,41b945a32703b4802f45a6a82fdd864b6749cdd0,expert,e719d0d0ffd4f99ee841f0ffa2a44e4776b242de,3,26,47,with_ai,True,240523,ISIC_6739483,DF,Dermatofibroma,benign,False,DF,True,1.0,2.07,dismiss,False,True,41b945a32703b4802f45a6a82fdd864b6749cdd0_240523_3
1947,41b945a32703b4802f45a6a82fdd864b6749cdd0,expert,e719d0d0ffd4f99ee841f0ffa2a44e4776b242de,3,27,47,without_ai,False,243106,ISIC_7472087,MEL,Melanoma,malignant,True,DF,False,0.0,7.03,dismiss,False,True,41b945a32703b4802f45a6a82fdd864b6749cdd0_243106_3
1948,41b945a32703b4802f45a6a82fdd864b6749cdd0,expert,e719d0d0ffd4f99ee841f0ffa2a44e4776b242de,3,28,47,with_ai,True,243106,ISIC_7472087,MEL,Melanoma,malignant,True,NV,False,0.0,5.03,dismiss,False,True,41b945a32703b4802f45a6a82fdd864b6749cdd0_243106_3
1949,41b945a32703b4802f45a6a82fdd864b6749cdd0,expert,e719d0d0ffd4f99ee841f0ffa2a44e4776b242de,3,29,47,without_ai,False,241255,ISIC_0350747,NV,Melanocytic Nevi,benign,False,MEL,False,0.0,3.92,biopsy,True,True,41b945a32703b4802f45a6a82fdd864b6749cdd0_241255_3
1950,41b945a32703b4802f45a6a82fdd864b6749cdd0,expert,e719d0d0ffd4f99ee841f0ffa2a44e4776b242de,3,30,47,with_ai,True,241255,ISIC_0350747,NV,Melanocytic Nevi,benign,False,NV,True,1.0,2.59,dismiss,False,True,41b945a32703b4802f45a6a82fdd864b6749cdd0_241255_3
1951,c4d44c579daa255a8692dd828b47f962d0812d6f,non-expert,942f3d7ed422d1ecce2c4d25421bad111de680f2,1,1,47,without_ai,False,244281,ISIC_2399021,BCC,Basal Cell Carcinoma,malignant,True,BCC,True,1.0,36.71,biopsy,True,True,c4d44c579daa255a8692dd828b47f962d0812d6f_244281_1
1952,c4d44c579daa255a8692dd828b47f962d0812d6f,non-expert,942f3d7ed422d1ecce2c4d25421bad111de680f2,1,2,47,with_ai,True,244281,ISIC_2399021,BCC,Basal Cell Carcinoma,malignant,True,BCC,True,1.0,11.12,biopsy,True,True,c4d44c579daa255a8692dd828b47f962d0812d6f_244281_1
1953,c4d44c579daa255a8692dd828b47f962d0812d6f,non-expert,942f3d7ed422d1ecce2c4d25421bad111de680f2,1,3,47,without_ai,False,244290,ISIC_7116818,NV,Melanocytic Nevi,benign,False,MEL,False,0.0,14.72,biopsy,True,True,c4d44c579daa255a8692dd828b47f962d0812d6f_244290_1
1954,c4d44c579daa255a8692dd828b47f962d0812d6f,non-expert,942f3d7ed422d1ecce2c4d25421bad111de680f2,1,4,47,with_ai,True,244290,ISIC_7116818,NV,Melanocytic Nevi,benign,False,NV,True,1.0,6.27,monitor,False,True,c4d44c579daa255a8692dd828b47f962d0812d6f_244290_1
1955,c4d44c579daa255a8692dd828b47f962d0812d6f,non-expert,942f3d7ed422d1ecce2c4d25421bad111de680f2,1,5,47,without_ai,False,240056,ISIC_3783885,BCC,Basal Cell Carcinoma,malignant,True,BCC,True,1.0,16.42,biopsy,True,True,c4d44c579daa255a8692dd828b47f962d0812d6f_240056_1
1956,c4d44c579daa255a8692dd828b47f962d0812d6f,non-expert,942f3d7ed422d1ecce2c4d25421bad111de680f2,1,6,47,with_ai,True,240056,ISIC_3783885,BCC,Basal Cell Carcinoma,malignant,True,BCC,True,1.0,4.46,biopsy,True,True,c4d44c579daa255a8692dd828b47f962d0812d6f_240056_1
1957,c4d44c579daa255a8692dd828b47f962d0812d6f,non-expert,942f3d7ed422d1ecce2c4d25421bad111de680f2,1,7,47,without_ai,False,243542,ISIC_4929247,SCCKA,Squamous Cell Carcinoma,malignant,True,AKIEC,False,0.0,19.18,local_therapy,True,True,c4d44c579daa255a8692dd828b47f962d0812d6f_243542_1
1958,c4d44c579daa255a8692dd828b47f962d0812d6f,non-expert,942f3d7ed422d1ecce2c4d25421bad111de680f2,1,8,47,with_ai,True,243542,ISIC_4929247,SCCKA,Squamous Cell Carcinoma,malignant,True,AKIEC,False,0.0,1.8,local_therapy,True,True,c4d44c579daa255a8692dd828b47f962d0812d6f_243542_1
1959,c4d44c579daa255a8692dd828b47f962d0812d6f,non-expert,942f3d7ed422d1ecce2c4d25421bad111de680f2,1,9,47,without_ai,False,243625,ISIC_0386589,BCC,Basal Cell Carcinoma,malignant,True,BCC,True,1.0,33.31,biopsy,True,True,c4d44c579daa255a8692dd828b47f962d0812d6f_243625_1
1960,c4d44c579daa255a8692dd828b47f962d0812d6f,non-expert,942f3d7ed422d1ecce2c4d25421bad111de680f2,1,10,47,with_ai,True,243625,ISIC_0386589,BCC,Basal Cell Carcinoma,malignant,True,BCC,True,1.0,2.58,biopsy,True,True,c4d44c579daa255a8692dd828b47f962d0812d6f_243625_1
1961,c4d44c579daa255a8692dd828b47f962d0812d6f,non-expert,942f3d7ed422d1ecce2c4d25421bad111de680f2,1,11,47,without_ai,False,243106,ISIC_7472087,MEL,Melanoma,malignant,True,OTHER_BENIGN,False,0.0,95.8,monitor,False,True,c4d44c579daa255a8692dd828b47f962d0812d6f_243106_1
1962,c4d44c579daa255a8692dd828b47f962d0812d6f,non-expert,942f3d7ed422d1ecce2c4d25421bad111de680f2,1,12,47,with_ai,True,243106,ISIC_7472087,MEL,Melanoma,malignant,True,NV,False,0.0,3.26,monitor,False,True,c4d44c579daa255a8692dd828b47f962d0812d6f_243106_1
1963,c4d44c579daa255a8692dd828b47f962d0812d6f,non-expert,942f3d7ed422d1ecce2c4d25421bad111de680f2,1,13,47,without_ai,False,241718,ISIC_0376752,NV,Melanocytic Nevi,benign,False,MEL,False,0.0,5.51,biopsy,True,True,c4d44c579daa255a8692dd828b47f962d0812d6f_241718_1
1964,c4d44c579daa255a8692dd828b47f962d0812d6f,non-expert,942f3d7ed422d1ecce2c4d25421bad111de680f2,1,14,47,with_ai,True,241718,ISIC_0376752,NV,Melanocytic Nevi,benign,False,NV,True,1.0,2.85,biopsy,True,True,c4d44c579daa255a8692dd828b47f962d0812d6f_241718_1
1965,c4d44c579daa255a8692dd828b47f962d0812d6f,non-expert,942f3d7ed422d1ecce2c4d25421bad111de680f2,1,15,47,without_ai,False,242588,ISIC_9912332,DF,Dermatofibroma,benign,False,SCCKA,False,0.0,45.05,biopsy,True,True,c4d44c579daa255a8692dd828b47f962d0812d6f_242588_1
1966,c4d44c579daa255a8692dd828b47f962d0812d6f,non-expert,942f3d7ed422d1ecce2c4d25421bad111de680f2,1,16,47,with_ai,True,242588,ISIC_9912332,DF,Dermatofibroma,benign,False,DF,True,1.0,17.33,dismiss,False,True,c4d44c579daa255a8692dd828b47f962d0812d6f_242588_1
1967,c4d44c579daa255a8692dd828b47f962d0812d6f,non-expert,942f3d7ed422d1ecce2c4d25421bad111de680f2,1,17,47,without_ai,False,241004,ISIC_1708907,VASC,Vascular Lesions,benign,False,VASC,True,1.0,6.42,monitor,False,True,c4d44c579daa255a8692dd828b47f962d0812d6f_241004_1
1968,c4d44c579daa255a8692dd828b47f962d0812d6f,non-expert,942f3d7ed422d1ecce2c4d25421bad111de680f2,1,18,47,with_ai,True,241004,ISIC_1708907,VASC,Vascular Lesions,benign,False,OTHER_BENIGN,False,0.0,3.96,monitor,False,True,c4d44c579daa255a8692dd828b47f962d0812d6f_241004_1
1969,c4d44c579daa255a8692dd828b47f962d0812d6f,non-expert,942f3d7ed422d1ecce2c4d25421bad111de680f2,1,19,47,without_ai,False,240827,ISIC_5461210,MEL,Melanoma,malignant,True,MEL,True,1.0,41.75,biopsy,True,True,c4d44c579daa255a8692dd828b47f962d0812d6f_240827_1
1970,c4d44c579daa255a8692dd828b47f962d0812d6f,non-expert,942f3d7ed422d1ecce2c4d25421bad111de680f2,1,20,47,with_ai,True,240827,ISIC_5461210,MEL,Melanoma,malignant,True,NV,False,0.0,9.89,dismiss,False,True,c4d44c579daa255a8692dd828b47f962d0812d6f_240827_1
1971,c4d44c579daa255a8692dd828b47f962d0812d6f,non-expert,942f3d7ed422d1ecce2c4d25421bad111de680f2,1,21,47,without_ai,False,240652,ISIC_7713646,BKL,Benign Keratosis,benign,False,AKIEC,False,0.0,9.95,monitor,False,True,c4d44c579daa255a8692dd828b47f962d0812d6f_240652_1
1972,c4d44c579daa255a8692dd828b47f962d0812d6f,non-expert,942f3d7ed422d1ecce2c4d25421bad111de680f2,1,22,47,with_ai,True,240652,ISIC_7713646,BKL,Benign Keratosis,benign,False,BKL,True,1.0,3.82,monitor,False,True,c4d44c579daa255a8692dd828b47f962d0812d6f_240652_1
1973,c4d44c579daa255a8692dd828b47f962d0812d6f,non-expert,942f3d7ed422d1ecce2c4d25421bad111de680f2,1,23,47,without_ai,False,241770,ISIC_5820253,AKIEC,Actinic Keratosis,premalignant,True,INF,False,0.0,17.31,dismiss,False,True,c4d44c579daa255a8692dd828b47f962d0812d6f_241770_1
1974,c4d44c579daa255a8692dd828b47f962d0812d6f,non-expert,942f3d7ed422d1ecce2c4d25421bad111de680f2,1,24,47,with_ai,True,241770,ISIC_5820253,AKIEC,Actinic Keratosis,premalignant,True,OTHER_BENIGN,False,0.0,1.62,dismiss,False,True,c4d44c579daa255a8692dd828b47f962d0812d6f_241770_1
1975,c4d44c579daa255a8692dd828b47f962d0812d6f,non-expert,942f3d7ed422d1ecce2c4d25421bad111de680f2,1,25,47,without_ai,False,242583,ISIC_8005759,BKL,Benign Keratosis,benign,False,BKL,True,1.0,10.76,monitor,False,True,c4d44c579daa255a8692dd828b47f962d0812d6f_242583_1
1976,c4d44c579daa255a8692dd828b47f962d0812d6f,non-expert,942f3d7ed422d1ecce2c4d25421bad111de680f2,1,26,47,with_ai,True,242583,ISIC_8005759,BKL,Benign Keratosis,benign,False,BKL,True,1.0,9.72,monitor,False,True,c4d44c579daa255a8692dd828b47f962d0812d6f_242583_1
1977,c4d44c579daa255a8692dd828b47f962d0812d6f,non-expert,942f3d7ed422d1ecce2c4d25421bad111de680f2,1,27,47,without_ai,False,240822,ISIC_0684627,NV,Melanocytic Nevi,benign,False,MEL,False,0.0,4.03,biopsy,True,True,c4d44c579daa255a8692dd828b47f962d0812d6f_240822_1
1978,c4d44c579daa255a8692dd828b47f962d0812d6f,non-expert,942f3d7ed422d1ecce2c4d25421bad111de680f2,1,28,47,with_ai,True,240822,ISIC_0684627,NV,Melanocytic Nevi,benign,False,NV,True,1.0,8.59,biopsy,True,True,c4d44c579daa255a8692dd828b47f962d0812d6f_240822_1
1979,c4d44c579daa255a8692dd828b47f962d0812d6f,non-expert,942f3d7ed422d1ecce2c4d25421bad111de680f2,1,29,47,without_ai,False,240887,ISIC_2252587,INF,Inflammatory,inflammatory,False,DF,False,0.0,14.62,monitor,False,True,c4d44c579daa255a8692dd828b47f962d0812d6f_240887_1
1980,c4d44c579daa255a8692dd828b47f962d0812d6f,non-expert,942f3d7ed422d1ecce2c4d25421bad111de680f2,1,30,47,with_ai,True,240887,ISIC_2252587,INF,Inflammatory,inflammatory,False,BKL,False,0.0,2.99,monitor,False,True,c4d44c579daa255a8692dd828b47f962d0812d6f_240887_1
1981,dcdc23a9cf69f920adc75fe486ac4fce661ac7b3,expert,84b4c2d0ba5f90e8b28f7e2e9ace41d01193a1cf,1,1,47,without_ai,False,243681,ISIC_2516006,DF,Dermatofibroma,benign,False,AKIEC,False,0.0,37.07,biopsy,True,True,dcdc23a9cf69f920adc75fe486ac4fce661ac7b3_243681_1
1982,dcdc23a9cf69f920adc75fe486ac4fce661ac7b3,expert,84b4c2d0ba5f90e8b28f7e2e9ace41d01193a1cf,1,2,47,with_ai,True,243681,ISIC_2516006,DF,Dermatofibroma,benign,False,DF,True,1.0,27.24,biopsy,True,True,dcdc23a9cf69f920adc75fe486ac4fce661ac7b3_243681_1
1983,dcdc23a9cf69f920adc75fe486ac4fce661ac7b3,expert,84b4c2d0ba5f90e8b28f7e2e9ace41d01193a1cf,1,3,47,without_ai,False,243301,ISIC_5966811,SCCKA,Squamous Cell Carcinoma,malignant,True,,,,,,False,False,dcdc23a9cf69f920adc75fe486ac4fce661ac7b3_243301_1
1984,dcdc23a9cf69f920adc75fe486ac4fce661ac7b3,expert,84b4c2d0ba5f90e8b28f7e2e9ace41d01193a1cf,1,4,47,with_ai,True,243301,ISIC_5966811,SCCKA,Squamous Cell Carcinoma,malignant,True,BCC,False,0.0,26.49,biopsy,True,True,dcdc23a9cf69f920adc75fe486ac4fce661ac7b3_243301_1
1985,dcdc23a9cf69f920adc75fe486ac4fce661ac7b3,expert,84b4c2d0ba5f90e8b28f7e2e9ace41d01193a1cf,1,5,47,without_ai,False,240332,ISIC_9011764,NV,Melanocytic Nevi,benign,False,BKL,False,0.0,29.84,dismiss,False,True,dcdc23a9cf69f920adc75fe486ac4fce661ac7b3_240332_1
1986,dcdc23a9cf69f920adc75fe486ac4fce661ac7b3,expert,84b4c2d0ba5f90e8b28f7e2e9ace41d01193a1cf,1,6,47,with_ai,True,240332,ISIC_9011764,NV,Melanocytic Nevi,benign,False,NV,True,1.0,12.45,dismiss,False,True,dcdc23a9cf69f920adc75fe486ac4fce661ac7b3_240332_1
1987,dcdc23a9cf69f920adc75fe486ac4fce661ac7b3,expert,84b4c2d0ba5f90e8b28f7e2e9ace41d01193a1cf,1,7,47,without_ai,False,243986,ISIC_8894147,NV,Melanocytic Nevi,benign,False,NV,True,1.0,9.53,dismiss,False,True,dcdc23a9cf69f920adc75fe486ac4fce661ac7b3_243986_1
1988,dcdc23a9cf69f920adc75fe486ac4fce661ac7b3,expert,84b4c2d0ba5f90e8b28f7e2e9ace41d01193a1cf,1,8,47,with_ai,True,243986,ISIC_8894147,NV,Melanocytic Nevi,benign,False,NV,True,1.0,2.75,dismiss,False,True,dcdc23a9cf69f920adc75fe486ac4fce661ac7b3_243986_1
1989,dcdc23a9cf69f920adc75fe486ac4fce661ac7b3,expert,84b4c2d0ba5f90e8b28f7e2e9ace41d01193a1cf,1,9,47,without_ai,False,241937,ISIC_4090560,BCC,Basal Cell Carcinoma,malignant,True,DF,False,0.0,8.36,dismiss,False,True,dcdc23a9cf69f920adc75fe486ac4fce661ac7b3_241937_1
1990,dcdc23a9cf69f920adc75fe486ac4fce661ac7b3,expert,84b4c2d0ba5f90e8b28f7e2e9ace41d01193a1cf,1,10,47,with_ai,True,241937,ISIC_4090560,BCC,Basal Cell Carcinoma,malignant,True,BCC,True,1.0,6.39,biopsy,True,True,dcdc23a9cf69f920adc75fe486ac4fce661ac7b3_241937_1
1991,dcdc23a9cf69f920adc75fe486ac4fce661ac7b3,expert,84b4c2d0ba5f90e8b28f7e2e9ace41d01193a1cf,1,11,47,without_ai,False,242476,ISIC_7138580,NV,Melanocytic Nevi,benign,False,MEL,False,0.0,14.58,biopsy,True,True,dcdc23a9cf69f920adc75fe486ac4fce661ac7b3_242476_1
1992,dcdc23a9cf69f920adc75fe486ac4fce661ac7b3,expert,84b4c2d0ba5f90e8b28f7e2e9ace41d01193a1cf,1,12,47,with_ai,True,242476,ISIC_7138580,NV,Melanocytic Nevi,benign,False,MEL,False,0.0,5.48,biopsy,True,True,dcdc23a9cf69f920adc75fe486ac4fce661ac7b3_242476_1
1993,dcdc23a9cf69f920adc75fe486ac4fce661ac7b3,expert,84b4c2d0ba5f90e8b28f7e2e9ace41d01193a1cf,1,13,47,without_ai,False,241177,ISIC_5541499,MEL,Melanoma,malignant,True,BCC,False,0.0,8.55,biopsy,True,True,dcdc23a9cf69f920adc75fe486ac4fce661ac7b3_241177_1
1994,dcdc23a9cf69f920adc75fe486ac4fce661ac7b3,expert,84b4c2d0ba5f90e8b28f7e2e9ace41d01193a1cf,1,14,47,with_ai,True,241177,ISIC_5541499,MEL,Melanoma,malignant,True,MEL,True,1.0,3.67,biopsy,True,True,dcdc23a9cf69f920adc75fe486ac4fce661ac7b3_241177_1
1995,dcdc23a9cf69f920adc75fe486ac4fce661ac7b3,expert,84b4c2d0ba5f90e8b28f7e2e9ace41d01193a1cf,1,15,47,without_ai,False,240716,ISIC_0812574,MEL,Melanoma,malignant,True,BCC,False,0.0,11.06,biopsy,True,True,dcdc23a9cf69f920adc75fe486ac4fce661ac7b3_240716_1
1996,dcdc23a9cf69f920adc75fe486ac4fce661ac7b3,expert,84b4c2d0ba5f90e8b28f7e2e9ace41d01193a1cf,1,16,47,with_ai,True,240716,ISIC_0812574,MEL,Melanoma,malignant,True,MEL,True,1.0,2.68,biopsy,True,True,dcdc23a9cf69f920adc75fe486ac4fce661ac7b3_240716_1
1997,dcdc23a9cf69f920adc75fe486ac4fce661ac7b3,expert,84b4c2d0ba5f90e8b28f7e2e9ace41d01193a1cf,1,17,47,without_ai,False,244188,ISIC_1597659,BKL,Benign Keratosis,benign,False,AKIEC,False,0.0,11.89,local_therapy,True,True,dcdc23a9cf69f920adc75fe486ac4fce661ac7b3_244188_1
1998,dcdc23a9cf69f920adc75fe486ac4fce661ac7b3,expert,84b4c2d0ba5f90e8b28f7e2e9ace41d01193a1cf,1,18,47,with_ai,True,244188,ISIC_1597659,BKL,Benign Keratosis,benign,False,AKIEC,False,0.0,3.01,local_therapy,True,True,dcdc23a9cf69f920adc75fe486ac4fce661ac7b3_244188_1
1999,dcdc23a9cf69f920adc75fe486ac4fce661ac7b3,expert,84b4c2d0ba5f90e8b28f7e2e9ace41d01193a1cf,1,19,47,without_ai,False,240884,ISIC_5072182,INF,Inflammatory,inflammatory,False,AKIEC,False,0.0,16.52,local_therapy,True,True,dcdc23a9cf69f920adc75fe486ac4fce661ac7b3_240884_1
2000,dcdc23a9cf69f920adc75fe486ac4fce661ac7b3,expert,84b4c2d0ba5f90e8b28f7e2e9ace41d01193a1cf,1,20,47,with_ai,True,240884,ISIC_5072182,INF,Inflammatory,inflammatory,False,INF,True,1.0,4.07,dismiss,False,True,dcdc23a9cf69f920adc75fe486ac4fce661ac7b3_240884_1
2001,dcdc23a9cf69f920adc75fe486ac4fce661ac7b3,expert,84b4c2d0ba5f90e8b28f7e2e9ace41d01193a1cf,1,21,47,without_ai,False,241240,ISIC_0912531,BKL,Benign Keratosis,benign,False,DF,False,0.0,10.37,dismiss,False,True,dcdc23a9cf69f920adc75fe486ac4fce661ac7b3_241240_1
2002,dcdc23a9cf69f920adc75fe486ac4fce661ac7b3,expert,84b4c2d0ba5f90e8b28f7e2e9ace41d01193a1cf,1,22,47,with_ai,True,241240,ISIC_0912531,BKL,Benign Keratosis,benign,False,BKL,True,1.0,5.25,dismiss,False,True,dcdc23a9cf69f920adc75fe486ac4fce661ac7b3_241240_1
2003,dcdc23a9cf69f920adc75fe486ac4fce661ac7b3,expert,84b4c2d0ba5f90e8b28f7e2e9ace41d01193a1cf,1,23,47,without_ai,False,241894,ISIC_5745120,AKIEC,Actinic Keratosis,premalignant,True,VASC,False,0.0,11.65,dismiss,False,True,dcdc23a9cf69f920adc75fe486ac4fce661ac7b3_241894_1
2004,dcdc23a9cf69f920adc75fe486ac4fce661ac7b3,expert,84b4c2d0ba5f90e8b28f7e2e9ace41d01193a1cf,1,24,47,with_ai,True,241894,ISIC_5745120,AKIEC,Actinic Keratosis,premalignant,True,AKIEC,True,1.0,4.58,dismiss,False,True,dcdc23a9cf69f920adc75fe486ac4fce661ac7b3_241894_1
2005,dcdc23a9cf69f920adc75fe486ac4fce661ac7b3,expert,84b4c2d0ba5f90e8b28f7e2e9ace41d01193a1cf,1,25,47,without_ai,False,242762,ISIC_8791057,VASC,Vascular Lesions,benign,False,VASC,True,1.0,14.05,dismiss,False,True,dcdc23a9cf69f920adc75fe486ac4fce661ac7b3_242762_1
2006,dcdc23a9cf69f920adc75fe486ac4fce661ac7b3,expert,84b4c2d0ba5f90e8b28f7e2e9ace41d01193a1cf,1,26,47,with_ai,True,242762,ISIC_8791057,VASC,Vascular Lesions,benign,False,MEL,False,0.0,5.61,biopsy,True,True,dcdc23a9cf69f920adc75fe486ac4fce661ac7b3_242762_1
2007,dcdc23a9cf69f920adc75fe486ac4fce661ac7b3,expert,84b4c2d0ba5f90e8b28f7e2e9ace41d01193a1cf,1,27,47,without_ai,False,240839,ISIC_0881507,BCC,Basal Cell Carcinoma,malignant,True,AKIEC,False,0.0,5.62,local_therapy,True,True,dcdc23a9cf69f920adc75fe486ac4fce661ac7b3_240839_1
2008,dcdc23a9cf69f920adc75fe486ac4fce661ac7b3,expert,84b4c2d0ba5f90e8b28f7e2e9ace41d01193a1cf,1,28,47,with_ai,True,240839,ISIC_0881507,BCC,Basal Cell Carcinoma,malignant,True,BCC,True,1.0,4.46,biopsy,True,True,dcdc23a9cf69f920adc75fe486ac4fce661ac7b3_240839_1
2009,dcdc23a9cf69f920adc75fe486ac4fce661ac7b3,expert,84b4c2d0ba5f90e8b28f7e2e9ace41d01193a1cf,1,29,47,without_ai,False,242075,ISIC_2231864,BCC,Basal Cell Carcinoma,malignant,True,BCC,True,1.0,7.72,biopsy,True,True,dcdc23a9cf69f920adc75fe486ac4fce661ac7b3_242075_1
2010,dcdc23a9cf69f920adc75fe486ac4fce661ac7b3,expert,84b4c2d0ba5f90e8b28f7e2e9ace41d01193a1cf,1,30,47,with_ai,True,242075,ISIC_2231864,BCC,Basal Cell Carcinoma,malignant,True,BCC,True,1.0,2.62,biopsy,True,True,dcdc23a9cf69f920adc75fe486ac4fce661ac7b3_242075_1
2041,eaaf45fb03902f0368e372b4ca021d30d4175ce4,non-expert,2c08a5f53db74232a84c70b717b7d193337ff25c,1,1,47,without_ai,False,242139,ISIC_3734095,NV,Melanocytic Nevi,benign,False,MEL,False,0.0,29.78,biopsy,True,True,eaaf45fb03902f0368e372b4ca021d30d4175ce4_242139_1
2042,eaaf45fb03902f0368e372b4ca021d30d4175ce4,non-expert,2c08a5f53db74232a84c70b717b7d193337ff25c,1,2,47,with_ai,True,242139,ISIC_3734095,NV,Melanocytic Nevi,benign,False,MEL,False,0.0,14.95,biopsy,True,True,eaaf45fb03902f0368e372b4ca021d30d4175ce4_242139_1
2043,eaaf45fb03902f0368e372b4ca021d30d4175ce4,non-expert,2c08a5f53db74232a84c70b717b7d193337ff25c,1,3,47,without_ai,False,242075,ISIC_2231864,BCC,Basal Cell Carcinoma,malignant,True,BCC,True,1.0,28.09,biopsy,True,True,eaaf45fb03902f0368e372b4ca021d30d4175ce4_242075_1
2044,eaaf45fb03902f0368e372b4ca021d30d4175ce4,non-expert,2c08a5f53db74232a84c70b717b7d193337ff25c,1,4,47,with_ai,True,242075,ISIC_2231864,BCC,Basal Cell Carcinoma,malignant,True,BCC,True,1.0,5.14,biopsy,True,True,eaaf45fb03902f0368e372b4ca021d30d4175ce4_242075_1
2045,eaaf45fb03902f0368e372b4ca021d30d4175ce4,non-expert,2c08a5f53db74232a84c70b717b7d193337ff25c,1,5,47,without_ai,False,244306,ISIC_3570541,VASC,Vascular Lesions,benign,False,VASC,True,1.0,40.5,dismiss,False,True,eaaf45fb03902f0368e372b4ca021d30d4175ce4_244306_1
2046,eaaf45fb03902f0368e372b4ca021d30d4175ce4,non-expert,2c08a5f53db74232a84c70b717b7d193337ff25c,1,6,47,with_ai,True,244306,ISIC_3570541,VASC,Vascular Lesions,benign,False,VASC,True,1.0,11.07,dismiss,False,True,eaaf45fb03902f0368e372b4ca021d30d4175ce4_244306_1
2047,eaaf45fb03902f0368e372b4ca021d30d4175ce4,non-expert,2c08a5f53db74232a84c70b717b7d193337ff25c,1,7,47,without_ai,False,242733,ISIC_9267602,NV,Melanocytic Nevi,benign,False,NV,True,1.0,22.83,dismiss,False,True,eaaf45fb03902f0368e372b4ca021d30d4175ce4_242733_1
2048,eaaf45fb03902f0368e372b4ca021d30d4175ce4,non-expert,2c08a5f53db74232a84c70b717b7d193337ff25c,1,8,47,with_ai,True,242733,ISIC_9267602,NV,Melanocytic Nevi,benign,False,NV,True,1.0,3.23,dismiss,False,True,eaaf45fb03902f0368e372b4ca021d30d4175ce4_242733_1
2049,eaaf45fb03902f0368e372b4ca021d30d4175ce4,non-expert,2c08a5f53db74232a84c70b717b7d193337ff25c,1,9,47,without_ai,False,242557,ISIC_8546307,BKL,Benign Keratosis,benign,False,BCC,False,0.0,17.69,biopsy,True,True,eaaf45fb03902f0368e372b4ca021d30d4175ce4_242557_1
2050,eaaf45fb03902f0368e372b4ca021d30d4175ce4,non-expert,2c08a5f53db74232a84c70b717b7d193337ff25c,1,10,47,with_ai,True,242557,ISIC_8546307,BKL,Benign Keratosis,benign,False,BKL,True,1.0,36.61,dismiss,False,True,eaaf45fb03902f0368e372b4ca021d30d4175ce4_242557_1
2051,eaaf45fb03902f0368e372b4ca021d30d4175ce4,non-expert,2c08a5f53db74232a84c70b717b7d193337ff25c,1,11,47,without_ai,False,243835,ISIC_2759533,OTHER_MALIGNANT,Other Malignant,malignant,True,BKL,False,0.0,26.28,dismiss,False,True,eaaf45fb03902f0368e372b4ca021d30d4175ce4_243835_1
2052,eaaf45fb03902f0368e372b4ca021d30d4175ce4,non-expert,2c08a5f53db74232a84c70b717b7d193337ff25c,1,12,47,with_ai,True,243835,ISIC_2759533,OTHER_MALIGNANT,Other Malignant,malignant,True,BCC,False,0.0,9.88,biopsy,True,True,eaaf45fb03902f0368e372b4ca021d30d4175ce4_243835_1
2053,eaaf45fb03902f0368e372b4ca021d30d4175ce4,non-expert,2c08a5f53db74232a84c70b717b7d193337ff25c,1,13,47,without_ai,False,243495,ISIC_4302597,AKIEC,Actinic Keratosis,premalignant,True,AKIEC,True,1.0,32.64,dismiss,False,True,eaaf45fb03902f0368e372b4ca021d30d4175ce4_243495_1
2054,eaaf45fb03902f0368e372b4ca021d30d4175ce4,non-expert,2c08a5f53db74232a84c70b717b7d193337ff25c,1,14,47,with_ai,True,243495,ISIC_4302597,AKIEC,Actinic Keratosis,premalignant,True,AKIEC,True,1.0,4.0,dismiss,False,True,eaaf45fb03902f0368e372b4ca021d30d4175ce4_243495_1
2055,eaaf45fb03902f0368e372b4ca021d30d4175ce4,non-expert,2c08a5f53db74232a84c70b717b7d193337ff25c,1,15,47,without_ai,False,242738,ISIC_5807024,MEL,Melanoma,malignant,True,BCC,False,0.0,49.99,biopsy,True,True,eaaf45fb03902f0368e372b4ca021d30d4175ce4_242738_1
2056,eaaf45fb03902f0368e372b4ca021d30d4175ce4,non-expert,2c08a5f53db74232a84c70b717b7d193337ff25c,1,16,47,with_ai,True,242738,ISIC_5807024,MEL,Melanoma,malignant,True,NV,False,0.0,4.03,dismiss,False,True,eaaf45fb03902f0368e372b4ca021d30d4175ce4_242738_1
2057,eaaf45fb03902f0368e372b4ca021d30d4175ce4,non-expert,2c08a5f53db74232a84c70b717b7d193337ff25c,1,17,47,without_ai,False,240856,ISIC_2796878,BKL,Benign Keratosis,benign,False,BCC,False,0.0,30.6,biopsy,True,True,eaaf45fb03902f0368e372b4ca021d30d4175ce4_240856_1
2058,eaaf45fb03902f0368e372b4ca021d30d4175ce4,non-expert,2c08a5f53db74232a84c70b717b7d193337ff25c,1,18,47,with_ai,True,240856,ISIC_2796878,BKL,Benign Keratosis,benign,False,BCC,False,0.0,6.95,biopsy,True,True,eaaf45fb03902f0368e372b4ca021d30d4175ce4_240856_1
2059,eaaf45fb03902f0368e372b4ca021d30d4175ce4,non-expert,2c08a5f53db74232a84c70b717b7d193337ff25c,1,19,47,without_ai,False,243762,ISIC_6048752,MEL,Melanoma,malignant,True,MEL,True,1.0,34.33,biopsy,True,True,eaaf45fb03902f0368e372b4ca021d30d4175ce4_243762_1
2060,eaaf45fb03902f0368e372b4ca021d30d4175ce4,non-expert,2c08a5f53db74232a84c70b717b7d193337ff25c,1,20,47,with_ai,True,243762,ISIC_6048752,MEL,Melanoma,malignant,True,MEL,True,1.0,2.82,biopsy,True,True,eaaf45fb03902f0368e372b4ca021d30d4175ce4_243762_1
2061,eaaf45fb03902f0368e372b4ca021d30d4175ce4,non-expert,2c08a5f53db74232a84c70b717b7d193337ff25c,1,21,47,without_ai,False,244569,ISIC_7918518,BCC,Basal Cell Carcinoma,malignant,True,BCC,True,1.0,11.8,biopsy,True,True,eaaf45fb03902f0368e372b4ca021d30d4175ce4_244569_1
2062,eaaf45fb03902f0368e372b4ca021d30d4175ce4,non-expert,2c08a5f53db74232a84c70b717b7d193337ff25c,1,22,47,with_ai,True,244569,ISIC_7918518,BCC,Basal Cell Carcinoma,malignant,True,BCC,True,1.0,3.63,biopsy,True,True,eaaf45fb03902f0368e372b4ca021d30d4175ce4_244569_1
2063,eaaf45fb03902f0368e372b4ca021d30d4175ce4,non-expert,2c08a5f53db74232a84c70b717b7d193337ff25c,1,23,47,without_ai,False,242588,ISIC_9912332,DF,Dermatofibroma,benign,False,BCC,False,0.0,44.39,biopsy,True,True,eaaf45fb03902f0368e372b4ca021d30d4175ce4_242588_1
2064,eaaf45fb03902f0368e372b4ca021d30d4175ce4,non-expert,2c08a5f53db74232a84c70b717b7d193337ff25c,1,24,47,with_ai,True,242588,ISIC_9912332,DF,Dermatofibroma,benign,False,DF,True,1.0,33.47,dismiss,False,True,eaaf45fb03902f0368e372b4ca021d30d4175ce4_242588_1
2065,eaaf45fb03902f0368e372b4ca021d30d4175ce4,non-expert,2c08a5f53db74232a84c70b717b7d193337ff25c,1,25,47,without_ai,False,241323,ISIC_2170617,NV,Melanocytic Nevi,benign,False,DF,False,0.0,58.74,dismiss,False,True,eaaf45fb03902f0368e372b4ca021d30d4175ce4_241323_1
2066,eaaf45fb03902f0368e372b4ca021d30d4175ce4,non-expert,2c08a5f53db74232a84c70b717b7d193337ff25c,1,26,47,with_ai,True,241323,ISIC_2170617,NV,Melanocytic Nevi,benign,False,DF,False,0.0,26.94,dismiss,False,True,eaaf45fb03902f0368e372b4ca021d30d4175ce4_241323_1
2067,eaaf45fb03902f0368e372b4ca021d30d4175ce4,non-expert,2c08a5f53db74232a84c70b717b7d193337ff25c,1,27,47,without_ai,False,244663,ISIC_2187348,OTHER_MALIGNANT,Other Malignant,malignant,True,MEL,False,0.0,14.28,biopsy,True,True,eaaf45fb03902f0368e372b4ca021d30d4175ce4_244663_1
2068,eaaf45fb03902f0368e372b4ca021d30d4175ce4,non-expert,2c08a5f53db74232a84c70b717b7d193337ff25c,1,28,47,with_ai,True,244663,ISIC_2187348,OTHER_MALIGNANT,Other Malignant,malignant,True,BKL,False,0.0,24.32,dismiss,False,True,eaaf45fb03902f0368e372b4ca021d30d4175ce4_244663_1
2069,eaaf45fb03902f0368e372b4ca021d30d4175ce4,non-expert,2c08a5f53db74232a84c70b717b7d193337ff25c,1,29,47,without_ai,False,243532,ISIC_7774559,SCCKA,Squamous Cell Carcinoma,malignant,True,MEL,False,0.0,20.72,dismiss,False,True,eaaf45fb03902f0368e372b4ca021d30d4175ce4_243532_1
2070,eaaf45fb03902f0368e372b4ca021d30d4175ce4,non-expert,2c08a5f53db74232a84c70b717b7d193337ff25c,1,30,47,with_ai,True,243532,ISIC_7774559,SCCKA,Squamous Cell Carcinoma,malignant,True,SCCKA,True,1.0,15.71,monitor,False,True,eaaf45fb03902f0368e372b4ca021d30d4175ce4_243532_1
2071,eaaf45fb03902f0368e372b4ca021d30d4175ce4,non-expert,8d407f92d4cf311f6afc04883fe9ef6110914663,2,1,47,without_ai,False,240959,ISIC_0866932,NV,Melanocytic Nevi,benign,False,NV,True,1.0,24.76,dismiss,False,True,eaaf45fb03902f0368e372b4ca021d30d4175ce4_240959_2
2072,eaaf45fb03902f0368e372b4ca021d30d4175ce4,non-expert,8d407f92d4cf311f6afc04883fe9ef6110914663,2,2,47,with_ai,True,240959,ISIC_0866932,NV,Melanocytic Nevi,benign,False,NV,True,1.0,4.7,dismiss,False,True,eaaf45fb03902f0368e372b4ca021d30d4175ce4_240959_2
2073,eaaf45fb03902f0368e372b4ca021d30d4175ce4,non-expert,8d407f92d4cf311f6afc04883fe9ef6110914663,2,3,47,without_ai,False,245104,ISIC_6780966,NV,Melanocytic Nevi,benign,False,BKL,False,0.0,23.18,dismiss,False,True,eaaf45fb03902f0368e372b4ca021d30d4175ce4_245104_2
2074,eaaf45fb03902f0368e372b4ca021d30d4175ce4,non-expert,8d407f92d4cf311f6afc04883fe9ef6110914663,2,4,47,with_ai,True,245104,ISIC_6780966,NV,Melanocytic Nevi,benign,False,NV,True,1.0,15.64,dismiss,False,True,eaaf45fb03902f0368e372b4ca021d30d4175ce4_245104_2
2075,eaaf45fb03902f0368e372b4ca021d30d4175ce4,non-expert,8d407f92d4cf311f6afc04883fe9ef6110914663,2,5,47,without_ai,False,242762,ISIC_8791057,VASC,Vascular Lesions,benign,False,VASC,True,1.0,24.91,dismiss,False,True,eaaf45fb03902f0368e372b4ca021d30d4175ce4_242762_2
2076,eaaf45fb03902f0368e372b4ca021d30d4175ce4,non-expert,8d407f92d4cf311f6afc04883fe9ef6110914663,2,6,47,with_ai,True,242762,ISIC_8791057,VASC,Vascular Lesions,benign,False,MEL,False,0.0,23.17,biopsy,True,True,eaaf45fb03902f0368e372b4ca021d30d4175ce4_242762_2
2077,eaaf45fb03902f0368e372b4ca021d30d4175ce4,non-expert,8d407f92d4cf311f6afc04883fe9ef6110914663,2,7,47,without_ai,False,244089,ISIC_6738908,BCC,Basal Cell Carcinoma,malignant,True,BCC,True,1.0,33.47,biopsy,True,True,eaaf45fb03902f0368e372b4ca021d30d4175ce4_244089_2
2078,eaaf45fb03902f0368e372b4ca021d30d4175ce4,non-expert,8d407f92d4cf311f6afc04883fe9ef6110914663,2,8,47,with_ai,True,244089,ISIC_6738908,BCC,Basal Cell Carcinoma,malignant,True,AKIEC,False,0.0,24.94,dismiss,False,True,eaaf45fb03902f0368e372b4ca021d30d4175ce4_244089_2
2079,eaaf45fb03902f0368e372b4ca021d30d4175ce4,non-expert,8d407f92d4cf311f6afc04883fe9ef6110914663,2,9,47,without_ai,False,240890,ISIC_7009788,DF,Dermatofibroma,benign,False,DF,True,1.0,44.11,dismiss,False,True,eaaf45fb03902f0368e372b4ca021d30d4175ce4_240890_2
2080,eaaf45fb03902f0368e372b4ca021d30d4175ce4,non-expert,8d407f92d4cf311f6afc04883fe9ef6110914663,2,10,47,with_ai,True,240890,ISIC_7009788,DF,Dermatofibroma,benign,False,DF,True,1.0,2.81,dismiss,False,True,eaaf45fb03902f0368e372b4ca021d30d4175ce4_240890_2
2081,eaaf45fb03902f0368e372b4ca021d30d4175ce4,non-expert,8d407f92d4cf311f6afc04883fe9ef6110914663,2,11,47,without_ai,False,243368,ISIC_5186218,BCC,Basal Cell Carcinoma,malignant,True,BCC,True,1.0,20.85,biopsy,True,True,eaaf45fb03902f0368e372b4ca021d30d4175ce4_243368_2
2082,eaaf45fb03902f0368e372b4ca021d30d4175ce4,non-expert,8d407f92d4cf311f6afc04883fe9ef6110914663,2,12,47,with_ai,True,243368,ISIC_5186218,BCC,Basal Cell Carcinoma,malignant,True,BCC,True,1.0,3.87,biopsy,True,True,eaaf45fb03902f0368e372b4ca021d30d4175ce4_243368_2
2083,eaaf45fb03902f0368e372b4ca021d30d4175ce4,non-expert,8d407f92d4cf311f6afc04883fe9ef6110914663,2,13,47,without_ai,False,241826,ISIC_9442868,AKIEC,Actinic Keratosis,premalignant,True,MEL,False,0.0,79.84,biopsy,True,True,eaaf45fb03902f0368e372b4ca021d30d4175ce4_241826_2
2084,eaaf45fb03902f0368e372b4ca021d30d4175ce4,non-expert,8d407f92d4cf311f6afc04883fe9ef6110914663,2,14,47,with_ai,True,241826,ISIC_9442868,AKIEC,Actinic Keratosis,premalignant,True,BKL,False,0.0,6.76,biopsy,True,True,eaaf45fb03902f0368e372b4ca021d30d4175ce4_241826_2
2085,eaaf45fb03902f0368e372b4ca021d30d4175ce4,non-expert,8d407f92d4cf311f6afc04883fe9ef6110914663,2,15,47,without_ai,False,244420,ISIC_0311944,INF,Inflammatory,inflammatory,False,OTHER_BENIGN,False,0.0,76.33,dismiss,False,True,eaaf45fb03902f0368e372b4ca021d30d4175ce4_244420_2
2086,eaaf45fb03902f0368e372b4ca021d30d4175ce4,non-expert,8d407f92d4cf311f6afc04883fe9ef6110914663,2,16,47,with_ai,True,244420,ISIC_0311944,INF,Inflammatory,inflammatory,False,BKL,False,0.0,35.93,dismiss,False,True,eaaf45fb03902f0368e372b4ca021d30d4175ce4_244420_2
2087,eaaf45fb03902f0368e372b4ca021d30d4175ce4,non-expert,8d407f92d4cf311f6afc04883fe9ef6110914663,2,17,47,without_ai,False,241126,ISIC_6020001,BKL,Benign Keratosis,benign,False,MEL,False,0.0,109.22,biopsy,True,True,eaaf45fb03902f0368e372b4ca021d30d4175ce4_241126_2
2088,eaaf45fb03902f0368e372b4ca021d30d4175ce4,non-expert,8d407f92d4cf311f6afc04883fe9ef6110914663,2,18,47,with_ai,True,241126,ISIC_6020001,BKL,Benign Keratosis,benign,False,OTHER_MALIGNANT,False,0.0,74.95,biopsy,True,True,eaaf45fb03902f0368e372b4ca021d30d4175ce4_241126_2
2089,eaaf45fb03902f0368e372b4ca021d30d4175ce4,non-expert,8d407f92d4cf311f6afc04883fe9ef6110914663,2,19,47,without_ai,False,244764,ISIC_1606234,MEL,Melanoma,malignant,True,MEL,True,1.0,13.14,biopsy,True,True,eaaf45fb03902f0368e372b4ca021d30d4175ce4_244764_2
2090,eaaf45fb03902f0368e372b4ca021d30d4175ce4,non-expert,8d407f92d4cf311f6afc04883fe9ef6110914663,2,20,47,with_ai,True,244764,ISIC_1606234,MEL,Melanoma,malignant,True,MEL,True,1.0,3.32,biopsy,True,True,eaaf45fb03902f0368e372b4ca021d30d4175ce4_244764_2
2091,eaaf45fb03902f0368e372b4ca021d30d4175ce4,non-expert,8d407f92d4cf311f6afc04883fe9ef6110914663,2,21,47,without_ai,False,240822,ISIC_0684627,NV,Melanocytic Nevi,benign,False,NV,True,1.0,23.95,dismiss,False,True,eaaf45fb03902f0368e372b4ca021d30d4175ce4_240822_2
2092,eaaf45fb03902f0368e372b4ca021d30d4175ce4,non-expert,8d407f92d4cf311f6afc04883fe9ef6110914663,2,22,47,with_ai,True,240822,ISIC_0684627,NV,Melanocytic Nevi,benign,False,NV,True,1.0,2.37,dismiss,False,True,eaaf45fb03902f0368e372b4ca021d30d4175ce4_240822_2
2093,eaaf45fb03902f0368e372b4ca021d30d4175ce4,non-expert,8d407f92d4cf311f6afc04883fe9ef6110914663,2,23,47,without_ai,False,240408,ISIC_4601154,MEL,Melanoma,malignant,True,MEL,True,1.0,38.79,biopsy,True,True,eaaf45fb03902f0368e372b4ca021d30d4175ce4_240408_2
2094,eaaf45fb03902f0368e372b4ca021d30d4175ce4,non-expert,8d407f92d4cf311f6afc04883fe9ef6110914663,2,24,47,with_ai,True,240408,ISIC_4601154,MEL,Melanoma,malignant,True,MEL,True,1.0,5.25,biopsy,True,True,eaaf45fb03902f0368e372b4ca021d30d4175ce4_240408_2
2095,eaaf45fb03902f0368e372b4ca021d30d4175ce4,non-expert,8d407f92d4cf311f6afc04883fe9ef6110914663,2,25,47,without_ai,False,242264,ISIC_2625621,BCC,Basal Cell Carcinoma,malignant,True,BKL,False,0.0,47.61,monitor,False,True,eaaf45fb03902f0368e372b4ca021d30d4175ce4_242264_2
2096,eaaf45fb03902f0368e372b4ca021d30d4175ce4,non-expert,8d407f92d4cf311f6afc04883fe9ef6110914663,2,26,47,with_ai,True,242264,ISIC_2625621,BCC,Basal Cell Carcinoma,malignant,True,BCC,True,1.0,3.5,biopsy,True,True,eaaf45fb03902f0368e372b4ca021d30d4175ce4_242264_2
2097,eaaf45fb03902f0368e372b4ca021d30d4175ce4,non-expert,8d407f92d4cf311f6afc04883fe9ef6110914663,2,27,47,without_ai,False,243542,ISIC_4929247,SCCKA,Squamous Cell Carcinoma,malignant,True,AKIEC,False,0.0,21.31,dismiss,False,True,eaaf45fb03902f0368e372b4ca021d30d4175ce4_243542_2
2098,eaaf45fb03902f0368e372b4ca021d30d4175ce4,non-expert,8d407f92d4cf311f6afc04883fe9ef6110914663,2,28,47,with_ai,True,243542,ISIC_4929247,SCCKA,Squamous Cell Carcinoma,malignant,True,AKIEC,False,0.0,2.68,dismiss,False,True,eaaf45fb03902f0368e372b4ca021d30d4175ce4_243542_2
2099,eaaf45fb03902f0368e372b4ca021d30d4175ce4,non-expert,8d407f92d4cf311f6afc04883fe9ef6110914663,2,29,47,without_ai,False,244403,ISIC_8263244,BKL,Benign Keratosis,benign,False,NV,False,0.0,29.02,dismiss,False,True,eaaf45fb03902f0368e372b4ca021d30d4175ce4_244403_2
2100,eaaf45fb03902f0368e372b4ca021d30d4175ce4,non-expert,8d407f92d4cf311f6afc04883fe9ef6110914663,2,30,47,with_ai,True,244403,ISIC_8263244,BKL,Benign Keratosis,benign,False,BKL,True,1.0,61.52,dismiss,False,True,eaaf45fb03902f0368e372b4ca021d30d4175ce4_244403_2
2101,6e7d583ec7d16e8528a52dbc60741e99ce8bb99d,non-expert,29fca1c89b86873841b8c5152d855119740215e3,1,1,47,without_ai,False,245204,ISIC_5552683,NV,Melanocytic Nevi,benign,False,MEL,False,0.0,9.73,biopsy,True,True,6e7d583ec7d16e8528a52dbc60741e99ce8bb99d_245204_1
2102,6e7d583ec7d16e8528a52dbc60741e99ce8bb99d,non-expert,29fca1c89b86873841b8c5152d855119740215e3,1,2,47,with_ai,True,245204,ISIC_5552683,NV,Melanocytic Nevi,benign,False,NV,True,1.0,12.0,dismiss,False,True,6e7d583ec7d16e8528a52dbc60741e99ce8bb99d_245204_1
2103,6e7d583ec7d16e8528a52dbc60741e99ce8bb99d,non-expert,29fca1c89b86873841b8c5152d855119740215e3,1,3,47,without_ai,False,242151,ISIC_8922165,BCC,Basal Cell Carcinoma,malignant,True,AKIEC,False,0.0,16.76,local_therapy,True,True,6e7d583ec7d16e8528a52dbc60741e99ce8bb99d_242151_1
2104,6e7d583ec7d16e8528a52dbc60741e99ce8bb99d,non-expert,29fca1c89b86873841b8c5152d855119740215e3,1,4,47,with_ai,True,242151,ISIC_8922165,BCC,Basal Cell Carcinoma,malignant,True,BCC,True,1.0,5.46,biopsy,True,True,6e7d583ec7d16e8528a52dbc60741e99ce8bb99d_242151_1
2105,6e7d583ec7d16e8528a52dbc60741e99ce8bb99d,non-expert,29fca1c89b86873841b8c5152d855119740215e3,1,5,47,without_ai,False,245081,ISIC_1592988,BCC,Basal Cell Carcinoma,malignant,True,BCC,True,1.0,25.98,biopsy,True,True,6e7d583ec7d16e8528a52dbc60741e99ce8bb99d_245081_1
2106,6e7d583ec7d16e8528a52dbc60741e99ce8bb99d,non-expert,29fca1c89b86873841b8c5152d855119740215e3,1,6,47,with_ai,True,245081,ISIC_1592988,BCC,Basal Cell Carcinoma,malignant,True,BCC,True,1.0,2.79,biopsy,True,True,6e7d583ec7d16e8528a52dbc60741e99ce8bb99d_245081_1
2107,6e7d583ec7d16e8528a52dbc60741e99ce8bb99d,non-expert,29fca1c89b86873841b8c5152d855119740215e3,1,7,47,without_ai,False,240884,ISIC_5072182,INF,Inflammatory,inflammatory,False,MEL,False,0.0,11.48,biopsy,True,True,6e7d583ec7d16e8528a52dbc60741e99ce8bb99d_240884_1
2108,6e7d583ec7d16e8528a52dbc60741e99ce8bb99d,non-expert,29fca1c89b86873841b8c5152d855119740215e3,1,8,47,with_ai,True,240884,ISIC_5072182,INF,Inflammatory,inflammatory,False,INF,True,1.0,4.25,local_therapy,True,True,6e7d583ec7d16e8528a52dbc60741e99ce8bb99d_240884_1
2109,6e7d583ec7d16e8528a52dbc60741e99ce8bb99d,non-expert,29fca1c89b86873841b8c5152d855119740215e3,1,9,47,without_ai,False,242762,ISIC_8791057,VASC,Vascular Lesions,benign,False,VASC,True,1.0,6.7,dismiss,False,True,6e7d583ec7d16e8528a52dbc60741e99ce8bb99d_242762_1
2110,6e7d583ec7d16e8528a52dbc60741e99ce8bb99d,non-expert,29fca1c89b86873841b8c5152d855119740215e3,1,10,47,with_ai,True,242762,ISIC_8791057,VASC,Vascular Lesions,benign,False,MEL,False,0.0,3.24,biopsy,True,True,6e7d583ec7d16e8528a52dbc60741e99ce8bb99d_242762_1
2111,6e7d583ec7d16e8528a52dbc60741e99ce8bb99d,non-expert,29fca1c89b86873841b8c5152d855119740215e3,1,11,47,without_ai,False,242102,ISIC_8805390,AKIEC,Actinic Keratosis,premalignant,True,AKIEC,True,1.0,6.8,local_therapy,True,True,6e7d583ec7d16e8528a52dbc60741e99ce8bb99d_242102_1
2112,6e7d583ec7d16e8528a52dbc60741e99ce8bb99d,non-expert,29fca1c89b86873841b8c5152d855119740215e3,1,12,47,with_ai,True,242102,ISIC_8805390,AKIEC,Actinic Keratosis,premalignant,True,AKIEC,True,1.0,2.26,local_therapy,True,True,6e7d583ec7d16e8528a52dbc60741e99ce8bb99d_242102_1
2113,6e7d583ec7d16e8528a52dbc60741e99ce8bb99d,non-expert,29fca1c89b86873841b8c5152d855119740215e3,1,13,47,without_ai,False,242299,ISIC_6480143,MEL,Melanoma,malignant,True,BKL,False,0.0,14.94,dismiss,False,True,6e7d583ec7d16e8528a52dbc60741e99ce8bb99d_242299_1
2114,6e7d583ec7d16e8528a52dbc60741e99ce8bb99d,non-expert,29fca1c89b86873841b8c5152d855119740215e3,1,14,47,with_ai,True,242299,ISIC_6480143,MEL,Melanoma,malignant,True,BKL,False,0.0,2.37,dismiss,False,True,6e7d583ec7d16e8528a52dbc60741e99ce8bb99d_242299_1
2115,6e7d583ec7d16e8528a52dbc60741e99ce8bb99d,non-expert,29fca1c89b86873841b8c5152d855119740215e3,1,15,47,without_ai,False,243387,ISIC_6358504,BKL,Benign Keratosis,benign,False,BKL,True,1.0,11.51,dismiss,False,True,6e7d583ec7d16e8528a52dbc60741e99ce8bb99d_243387_1
2116,6e7d583ec7d16e8528a52dbc60741e99ce8bb99d,non-expert,29fca1c89b86873841b8c5152d855119740215e3,1,16,47,with_ai,True,243387,ISIC_6358504,BKL,Benign Keratosis,benign,False,BKL,True,1.0,1.84,dismiss,False,True,6e7d583ec7d16e8528a52dbc60741e99ce8bb99d_243387_1
2117,6e7d583ec7d16e8528a52dbc60741e99ce8bb99d,non-expert,29fca1c89b86873841b8c5152d855119740215e3,1,17,47,without_ai,False,244675,ISIC_1102915,BKL,Benign Keratosis,benign,False,NV,False,0.0,11.68,dismiss,False,True,6e7d583ec7d16e8528a52dbc60741e99ce8bb99d_244675_1
2118,6e7d583ec7d16e8528a52dbc60741e99ce8bb99d,non-expert,29fca1c89b86873841b8c5152d855119740215e3,1,18,47,with_ai,True,244675,ISIC_1102915,BKL,Benign Keratosis,benign,False,BKL,True,1.0,3.16,dismiss,False,True,6e7d583ec7d16e8528a52dbc60741e99ce8bb99d_244675_1
2119,6e7d583ec7d16e8528a52dbc60741e99ce8bb99d,non-expert,29fca1c89b86873841b8c5152d855119740215e3,1,19,47,without_ai,False,243788,ISIC_4204876,NV,Melanocytic Nevi,benign,False,NV,True,1.0,9.68,dismiss,False,True,6e7d583ec7d16e8528a52dbc60741e99ce8bb99d_243788_1
2120,6e7d583ec7d16e8528a52dbc60741e99ce8bb99d,non-expert,29fca1c89b86873841b8c5152d855119740215e3,1,20,47,with_ai,True,243788,ISIC_4204876,NV,Melanocytic Nevi,benign,False,MEL,False,0.0,2.47,biopsy,True,True,6e7d583ec7d16e8528a52dbc60741e99ce8bb99d_243788_1
2121,6e7d583ec7d16e8528a52dbc60741e99ce8bb99d,non-expert,29fca1c89b86873841b8c5152d855119740215e3,1,21,47,without_ai,False,240890,ISIC_7009788,DF,Dermatofibroma,benign,False,BKL,False,0.0,18.05,dismiss,False,True,6e7d583ec7d16e8528a52dbc60741e99ce8bb99d_240890_1
2122,6e7d583ec7d16e8528a52dbc60741e99ce8bb99d,non-expert,29fca1c89b86873841b8c5152d855119740215e3,1,22,47,with_ai,True,240890,ISIC_7009788,DF,Dermatofibroma,benign,False,DF,True,1.0,2.62,dismiss,False,True,6e7d583ec7d16e8528a52dbc60741e99ce8bb99d_240890_1
2123,6e7d583ec7d16e8528a52dbc60741e99ce8bb99d,non-expert,29fca1c89b86873841b8c5152d855119740215e3,1,23,47,without_ai,False,240006,ISIC_5916190,NV,Melanocytic Nevi,benign,False,NV,True,1.0,2.89,dismiss,False,True,6e7d583ec7d16e8528a52dbc60741e99ce8bb99d_240006_1
2124,6e7d583ec7d16e8528a52dbc60741e99ce8bb99d,non-expert,29fca1c89b86873841b8c5152d855119740215e3,1,24,47,with_ai,True,240006,ISIC_5916190,NV,Melanocytic Nevi,benign,False,NV,True,1.0,1.93,dismiss,False,True,6e7d583ec7d16e8528a52dbc60741e99ce8bb99d_240006_1
2125,6e7d583ec7d16e8528a52dbc60741e99ce8bb99d,non-expert,29fca1c89b86873841b8c5152d855119740215e3,1,25,47,without_ai,False,243414,ISIC_0866872,MEL,Melanoma,malignant,True,NV,False,0.0,14.76,dismiss,False,True,6e7d583ec7d16e8528a52dbc60741e99ce8bb99d_243414_1
2126,6e7d583ec7d16e8528a52dbc60741e99ce8bb99d,non-expert,29fca1c89b86873841b8c5152d855119740215e3,1,26,47,with_ai,True,243414,ISIC_0866872,MEL,Melanoma,malignant,True,MEL,True,1.0,2.34,biopsy,True,True,6e7d583ec7d16e8528a52dbc60741e99ce8bb99d_243414_1
2127,6e7d583ec7d16e8528a52dbc60741e99ce8bb99d,non-expert,29fca1c89b86873841b8c5152d855119740215e3,1,27,47,without_ai,False,243417,ISIC_3997102,BCC,Basal Cell Carcinoma,malignant,True,AKIEC,False,0.0,10.57,local_therapy,True,True,6e7d583ec7d16e8528a52dbc60741e99ce8bb99d_243417_1
2128,6e7d583ec7d16e8528a52dbc60741e99ce8bb99d,non-expert,29fca1c89b86873841b8c5152d855119740215e3,1,28,47,with_ai,True,243417,ISIC_3997102,BCC,Basal Cell Carcinoma,malignant,True,AKIEC,False,0.0,1.72,local_therapy,True,True,6e7d583ec7d16e8528a52dbc60741e99ce8bb99d_243417_1
2129,6e7d583ec7d16e8528a52dbc60741e99ce8bb99d,non-expert,29fca1c89b86873841b8c5152d855119740215e3,1,29,47,without_ai,False,240706,ISIC_0958356,SCCKA,Squamous Cell Carcinoma,malignant,True,BCC,False,0.0,10.97,biopsy,True,True,6e7d583ec7d16e8528a52dbc60741e99ce8bb99d_240706_1
2130,6e7d583ec7d16e8528a52dbc60741e99ce8bb99d,non-expert,29fca1c89b86873841b8c5152d855119740215e3,1,30,47,with_ai,True,240706,ISIC_0958356,SCCKA,Squamous Cell Carcinoma,malignant,True,SCCKA,True,1.0,2.24,biopsy,True,True,6e7d583ec7d16e8528a52dbc60741e99ce8bb99d_240706_1
2131,ed7fef11afb56de39a14b2525debac470b8fe98f,non-expert,03e4deed6a12c6cb229d709d4fbd571b619fafd4,1,1,47,without_ai,False,243747,ISIC_3362091,NV,Melanocytic Nevi,benign,False,MEL,False,0.0,26.72,biopsy,True,True,ed7fef11afb56de39a14b2525debac470b8fe98f_243747_1
2132,ed7fef11afb56de39a14b2525debac470b8fe98f,non-expert,03e4deed6a12c6cb229d709d4fbd571b619fafd4,1,2,47,with_ai,True,243747,ISIC_3362091,NV,Melanocytic Nevi,benign,False,MEL,False,0.0,19.86,biopsy,True,True,ed7fef11afb56de39a14b2525debac470b8fe98f_243747_1
2133,ed7fef11afb56de39a14b2525debac470b8fe98f,non-expert,03e4deed6a12c6cb229d709d4fbd571b619fafd4,1,3,47,without_ai,False,244853,ISIC_6358411,BKL,Benign Keratosis,benign,False,SCCKA,False,0.0,14.16,biopsy,True,True,ed7fef11afb56de39a14b2525debac470b8fe98f_244853_1
2134,ed7fef11afb56de39a14b2525debac470b8fe98f,non-expert,03e4deed6a12c6cb229d709d4fbd571b619fafd4,1,4,47,with_ai,True,244853,ISIC_6358411,BKL,Benign Keratosis,benign,False,SCCKA,False,0.0,3.49,biopsy,True,True,ed7fef11afb56de39a14b2525debac470b8fe98f_244853_1
2135,ed7fef11afb56de39a14b2525debac470b8fe98f,non-expert,03e4deed6a12c6cb229d709d4fbd571b619fafd4,1,5,47,without_ai,False,242345,ISIC_4491028,BKL,Benign Keratosis,benign,False,OTHER_MALIGNANT,False,0.0,45.2,biopsy,True,True,ed7fef11afb56de39a14b2525debac470b8fe98f_242345_1
2136,ed7fef11afb56de39a14b2525debac470b8fe98f,non-expert,03e4deed6a12c6cb229d709d4fbd571b619fafd4,1,6,47,with_ai,True,242345,ISIC_4491028,BKL,Benign Keratosis,benign,False,SCCKA,False,0.0,5.31,biopsy,True,True,ed7fef11afb56de39a14b2525debac470b8fe98f_242345_1
2137,ed7fef11afb56de39a14b2525debac470b8fe98f,non-expert,03e4deed6a12c6cb229d709d4fbd571b619fafd4,1,7,47,without_ai,False,240853,ISIC_9073665,SCCKA,Squamous Cell Carcinoma,malignant,True,BCC,False,0.0,24.7,biopsy,True,True,ed7fef11afb56de39a14b2525debac470b8fe98f_240853_1
2138,ed7fef11afb56de39a14b2525debac470b8fe98f,non-expert,03e4deed6a12c6cb229d709d4fbd571b619fafd4,1,8,47,with_ai,True,240853,ISIC_9073665,SCCKA,Squamous Cell Carcinoma,malignant,True,AKIEC,False,0.0,14.81,biopsy,True,True,ed7fef11afb56de39a14b2525debac470b8fe98f_240853_1
2139,ed7fef11afb56de39a14b2525debac470b8fe98f,non-expert,03e4deed6a12c6cb229d709d4fbd571b619fafd4,1,9,47,without_ai,False,244306,ISIC_3570541,VASC,Vascular Lesions,benign,False,VASC,True,1.0,5.17,dismiss,False,True,ed7fef11afb56de39a14b2525debac470b8fe98f_244306_1
2140,ed7fef11afb56de39a14b2525debac470b8fe98f,non-expert,03e4deed6a12c6cb229d709d4fbd571b619fafd4,1,10,47,with_ai,True,244306,ISIC_3570541,VASC,Vascular Lesions,benign,False,VASC,True,1.0,2.41,dismiss,False,True,ed7fef11afb56de39a14b2525debac470b8fe98f_244306_1
2141,ed7fef11afb56de39a14b2525debac470b8fe98f,non-expert,03e4deed6a12c6cb229d709d4fbd571b619fafd4,1,11,47,without_ai,False,241588,ISIC_8912166,MEL,Melanoma,malignant,True,MEL,True,1.0,10.46,biopsy,True,True,ed7fef11afb56de39a14b2525debac470b8fe98f_241588_1
2142,ed7fef11afb56de39a14b2525debac470b8fe98f,non-expert,03e4deed6a12c6cb229d709d4fbd571b619fafd4,1,12,47,with_ai,True,241588,ISIC_8912166,MEL,Melanoma,malignant,True,MEL,True,1.0,1.89,biopsy,True,True,ed7fef11afb56de39a14b2525debac470b8fe98f_241588_1
2143,ed7fef11afb56de39a14b2525debac470b8fe98f,non-expert,03e4deed6a12c6cb229d709d4fbd571b619fafd4,1,13,47,without_ai,False,243827,ISIC_5602394,MEL,Melanoma,malignant,True,MEL,True,1.0,23.94,biopsy,True,True,ed7fef11afb56de39a14b2525debac470b8fe98f_243827_1
2144,ed7fef11afb56de39a14b2525debac470b8fe98f,non-expert,03e4deed6a12c6cb229d709d4fbd571b619fafd4,1,14,47,with_ai,True,243827,ISIC_5602394,MEL,Melanoma,malignant,True,MEL,True,1.0,1.94,biopsy,True,True,ed7fef11afb56de39a14b2525debac470b8fe98f_243827_1
2145,ed7fef11afb56de39a14b2525debac470b8fe98f,non-expert,03e4deed6a12c6cb229d709d4fbd571b619fafd4,1,15,47,without_ai,False,240523,ISIC_6739483,DF,Dermatofibroma,benign,False,DF,True,1.0,5.33,dismiss,False,True,ed7fef11afb56de39a14b2525debac470b8fe98f_240523_1
2146,ed7fef11afb56de39a14b2525debac470b8fe98f,non-expert,03e4deed6a12c6cb229d709d4fbd571b619fafd4,1,16,47,with_ai,True,240523,ISIC_6739483,DF,Dermatofibroma,benign,False,DF,True,1.0,2.33,dismiss,False,True,ed7fef11afb56de39a14b2525debac470b8fe98f_240523_1
2147,ed7fef11afb56de39a14b2525debac470b8fe98f,non-expert,03e4deed6a12c6cb229d709d4fbd571b619fafd4,1,17,47,without_ai,False,244952,ISIC_7729052,BCC,Basal Cell Carcinoma,malignant,True,AKIEC,False,0.0,23.64,biopsy,True,True,ed7fef11afb56de39a14b2525debac470b8fe98f_244952_1
2148,ed7fef11afb56de39a14b2525debac470b8fe98f,non-expert,03e4deed6a12c6cb229d709d4fbd571b619fafd4,1,18,47,with_ai,True,244952,ISIC_7729052,BCC,Basal Cell Carcinoma,malignant,True,AKIEC,False,0.0,2.15,biopsy,True,True,ed7fef11afb56de39a14b2525debac470b8fe98f_244952_1
2149,ed7fef11afb56de39a14b2525debac470b8fe98f,non-expert,03e4deed6a12c6cb229d709d4fbd571b619fafd4,1,19,47,without_ai,False,244878,ISIC_2001195,OTHER_BENIGN,Other Benign,benign,False,MEL,False,0.0,11.29,biopsy,True,True,ed7fef11afb56de39a14b2525debac470b8fe98f_244878_1
2150,ed7fef11afb56de39a14b2525debac470b8fe98f,non-expert,03e4deed6a12c6cb229d709d4fbd571b619fafd4,1,20,47,with_ai,True,244878,ISIC_2001195,OTHER_BENIGN,Other Benign,benign,False,MEL,False,0.0,1.79,biopsy,True,True,ed7fef11afb56de39a14b2525debac470b8fe98f_244878_1
2151,ed7fef11afb56de39a14b2525debac470b8fe98f,non-expert,03e4deed6a12c6cb229d709d4fbd571b619fafd4,1,21,47,without_ai,False,241533,ISIC_9796777,BCC,Basal Cell Carcinoma,malignant,True,BCC,True,1.0,14.85,biopsy,True,True,ed7fef11afb56de39a14b2525debac470b8fe98f_241533_1
2152,ed7fef11afb56de39a14b2525debac470b8fe98f,non-expert,03e4deed6a12c6cb229d709d4fbd571b619fafd4,1,22,47,with_ai,True,241533,ISIC_9796777,BCC,Basal Cell Carcinoma,malignant,True,BCC,True,1.0,2.55,biopsy,True,True,ed7fef11afb56de39a14b2525debac470b8fe98f_241533_1
2153,ed7fef11afb56de39a14b2525debac470b8fe98f,non-expert,03e4deed6a12c6cb229d709d4fbd571b619fafd4,1,23,47,without_ai,False,241279,ISIC_7139452,NV,Melanocytic Nevi,benign,False,NV,True,1.0,13.24,monitor,False,True,ed7fef11afb56de39a14b2525debac470b8fe98f_241279_1
2154,ed7fef11afb56de39a14b2525debac470b8fe98f,non-expert,03e4deed6a12c6cb229d709d4fbd571b619fafd4,1,24,47,with_ai,True,241279,ISIC_7139452,NV,Melanocytic Nevi,benign,False,NV,True,1.0,3.91,monitor,False,True,ed7fef11afb56de39a14b2525debac470b8fe98f_241279_1
2155,ed7fef11afb56de39a14b2525debac470b8fe98f,non-expert,03e4deed6a12c6cb229d709d4fbd571b619fafd4,1,25,47,without_ai,False,240529,ISIC_8216653,NV,Melanocytic Nevi,benign,False,MEL,False,0.0,14.37,biopsy,True,True,ed7fef11afb56de39a14b2525debac470b8fe98f_240529_1
2156,ed7fef11afb56de39a14b2525debac470b8fe98f,non-expert,03e4deed6a12c6cb229d709d4fbd571b619fafd4,1,26,47,with_ai,True,240529,ISIC_8216653,NV,Melanocytic Nevi,benign,False,MEL,False,0.0,3.64,biopsy,True,True,ed7fef11afb56de39a14b2525debac470b8fe98f_240529_1
2157,ed7fef11afb56de39a14b2525debac470b8fe98f,non-expert,03e4deed6a12c6cb229d709d4fbd571b619fafd4,1,27,47,without_ai,False,243486,ISIC_1999632,AKIEC,Actinic Keratosis,premalignant,True,SCCKA,False,0.0,14.54,biopsy,True,True,ed7fef11afb56de39a14b2525debac470b8fe98f_243486_1
2158,ed7fef11afb56de39a14b2525debac470b8fe98f,non-expert,03e4deed6a12c6cb229d709d4fbd571b619fafd4,1,28,47,with_ai,True,243486,ISIC_1999632,AKIEC,Actinic Keratosis,premalignant,True,SCCKA,False,0.0,2.05,biopsy,True,True,ed7fef11afb56de39a14b2525debac470b8fe98f_243486_1
2159,ed7fef11afb56de39a14b2525debac470b8fe98f,non-expert,03e4deed6a12c6cb229d709d4fbd571b619fafd4,1,29,47,without_ai,False,242439,ISIC_3661670,BKL,Benign Keratosis,benign,False,MEL,False,0.0,7.14,biopsy,True,True,ed7fef11afb56de39a14b2525debac470b8fe98f_242439_1
2160,ed7fef11afb56de39a14b2525debac470b8fe98f,non-expert,03e4deed6a12c6cb229d709d4fbd571b619fafd4,1,30,47,with_ai,True,242439,ISIC_3661670,BKL,Benign Keratosis,benign,False,BKL,True,1.0,12.43,dismiss,False,True,ed7fef11afb56de39a14b2525debac470b8fe98f_242439_1
2191,96b6b77b188a7ff4466314205c720d4a00e2f84c,non-expert,a1a9527463fc4679125db7067a0aabeb77753d14,1,1,47,without_ai,False,240632,ISIC_5103206,NV,Melanocytic Nevi,benign,False,MEL,False,0.0,25.98,biopsy,True,True,96b6b77b188a7ff4466314205c720d4a00e2f84c_240632_1
2192,96b6b77b188a7ff4466314205c720d4a00e2f84c,non-expert,a1a9527463fc4679125db7067a0aabeb77753d14,1,2,47,with_ai,True,240632,ISIC_5103206,NV,Melanocytic Nevi,benign,False,MEL,False,0.0,14.59,biopsy,True,True,96b6b77b188a7ff4466314205c720d4a00e2f84c_240632_1
2193,96b6b77b188a7ff4466314205c720d4a00e2f84c,non-expert,a1a9527463fc4679125db7067a0aabeb77753d14,1,3,47,without_ai,False,241095,ISIC_9157592,DF,Dermatofibroma,benign,False,BCC,False,0.0,12.64,biopsy,True,True,96b6b77b188a7ff4466314205c720d4a00e2f84c_241095_1
2194,96b6b77b188a7ff4466314205c720d4a00e2f84c,non-expert,a1a9527463fc4679125db7067a0aabeb77753d14,1,4,47,with_ai,True,241095,ISIC_9157592,DF,Dermatofibroma,benign,False,BCC,False,0.0,12.92,biopsy,True,True,96b6b77b188a7ff4466314205c720d4a00e2f84c_241095_1
2195,96b6b77b188a7ff4466314205c720d4a00e2f84c,non-expert,a1a9527463fc4679125db7067a0aabeb77753d14,1,5,47,without_ai,False,241455,ISIC_1718779,BCC,Basal Cell Carcinoma,malignant,True,AKIEC,False,0.0,14.28,biopsy,True,True,96b6b77b188a7ff4466314205c720d4a00e2f84c_241455_1
2196,96b6b77b188a7ff4466314205c720d4a00e2f84c,non-expert,a1a9527463fc4679125db7067a0aabeb77753d14,1,6,47,with_ai,True,241455,ISIC_1718779,BCC,Basal Cell Carcinoma,malignant,True,AKIEC,False,0.0,4.52,biopsy,True,True,96b6b77b188a7ff4466314205c720d4a00e2f84c_241455_1
2197,96b6b77b188a7ff4466314205c720d4a00e2f84c,non-expert,a1a9527463fc4679125db7067a0aabeb77753d14,1,7,47,without_ai,False,243322,ISIC_9055179,SCCKA,Squamous Cell Carcinoma,malignant,True,AKIEC,False,0.0,9.61,biopsy,True,True,96b6b77b188a7ff4466314205c720d4a00e2f84c_243322_1
2198,96b6b77b188a7ff4466314205c720d4a00e2f84c,non-expert,a1a9527463fc4679125db7067a0aabeb77753d14,1,8,47,with_ai,True,243322,ISIC_9055179,SCCKA,Squamous Cell Carcinoma,malignant,True,SCCKA,True,1.0,5.6,biopsy,True,True,96b6b77b188a7ff4466314205c720d4a00e2f84c_243322_1
2199,96b6b77b188a7ff4466314205c720d4a00e2f84c,non-expert,a1a9527463fc4679125db7067a0aabeb77753d14,1,9,47,without_ai,False,243017,ISIC_2205902,NV,Melanocytic Nevi,benign,False,BKL,False,0.0,8.18,dismiss,False,True,96b6b77b188a7ff4466314205c720d4a00e2f84c_243017_1
2200,96b6b77b188a7ff4466314205c720d4a00e2f84c,non-expert,a1a9527463fc4679125db7067a0aabeb77753d14,1,10,47,with_ai,True,243017,ISIC_2205902,NV,Melanocytic Nevi,benign,False,BKL,False,0.0,3.79,dismiss,False,True,96b6b77b188a7ff4466314205c720d4a00e2f84c_243017_1
2201,96b6b77b188a7ff4466314205c720d4a00e2f84c,non-expert,a1a9527463fc4679125db7067a0aabeb77753d14,1,11,47,without_ai,False,241325,ISIC_7256008,NV,Melanocytic Nevi,benign,False,MEL,False,0.0,11.21,biopsy,True,True,96b6b77b188a7ff4466314205c720d4a00e2f84c_241325_1
2202,96b6b77b188a7ff4466314205c720d4a00e2f84c,non-expert,a1a9527463fc4679125db7067a0aabeb77753d14,1,12,47,with_ai,True,241325,ISIC_7256008,NV,Melanocytic Nevi,benign,False,MEL,False,0.0,4.46,biopsy,True,True,96b6b77b188a7ff4466314205c720d4a00e2f84c_241325_1
2203,96b6b77b188a7ff4466314205c720d4a00e2f84c,non-expert,a1a9527463fc4679125db7067a0aabeb77753d14,1,13,47,without_ai,False,242232,ISIC_9579576,MEL,Melanoma,malignant,True,MEL,True,1.0,2.84,biopsy,True,True,96b6b77b188a7ff4466314205c720d4a00e2f84c_242232_1
2204,96b6b77b188a7ff4466314205c720d4a00e2f84c,non-expert,a1a9527463fc4679125db7067a0aabeb77753d14,1,14,47,with_ai,True,242232,ISIC_9579576,MEL,Melanoma,malignant,True,MEL,True,1.0,3.96,biopsy,True,True,96b6b77b188a7ff4466314205c720d4a00e2f84c_242232_1
2205,96b6b77b188a7ff4466314205c720d4a00e2f84c,non-expert,a1a9527463fc4679125db7067a0aabeb77753d14,1,15,47,without_ai,False,242762,ISIC_8791057,VASC,Vascular Lesions,benign,False,VASC,True,1.0,5.75,dismiss,False,True,96b6b77b188a7ff4466314205c720d4a00e2f84c_242762_1
2206,96b6b77b188a7ff4466314205c720d4a00e2f84c,non-expert,a1a9527463fc4679125db7067a0aabeb77753d14,1,16,47,with_ai,True,242762,ISIC_8791057,VASC,Vascular Lesions,benign,False,VASC,True,1.0,23.33,monitor,False,True,96b6b77b188a7ff4466314205c720d4a00e2f84c_242762_1
2207,96b6b77b188a7ff4466314205c720d4a00e2f84c,non-expert,a1a9527463fc4679125db7067a0aabeb77753d14,1,17,47,without_ai,False,244878,ISIC_2001195,OTHER_BENIGN,Other Benign,benign,False,MEL,False,0.0,5.69,biopsy,True,True,96b6b77b188a7ff4466314205c720d4a00e2f84c_244878_1
2208,96b6b77b188a7ff4466314205c720d4a00e2f84c,non-expert,a1a9527463fc4679125db7067a0aabeb77753d14,1,18,47,with_ai,True,244878,ISIC_2001195,OTHER_BENIGN,Other Benign,benign,False,MEL,False,0.0,2.75,biopsy,True,True,96b6b77b188a7ff4466314205c720d4a00e2f84c_244878_1
2209,96b6b77b188a7ff4466314205c720d4a00e2f84c,non-expert,a1a9527463fc4679125db7067a0aabeb77753d14,1,19,47,without_ai,False,240287,ISIC_7469563,BKL,Benign Keratosis,benign,False,SCCKA,False,0.0,7.54,biopsy,True,True,96b6b77b188a7ff4466314205c720d4a00e2f84c_240287_1
2210,96b6b77b188a7ff4466314205c720d4a00e2f84c,non-expert,a1a9527463fc4679125db7067a0aabeb77753d14,1,20,47,with_ai,True,240287,ISIC_7469563,BKL,Benign Keratosis,benign,False,SCCKA,False,0.0,10.71,biopsy,True,True,96b6b77b188a7ff4466314205c720d4a00e2f84c_240287_1
2211,96b6b77b188a7ff4466314205c720d4a00e2f84c,non-expert,a1a9527463fc4679125db7067a0aabeb77753d14,1,21,47,without_ai,False,242671,ISIC_2068038,BCC,Basal Cell Carcinoma,malignant,True,BCC,True,1.0,10.0,monitor,False,True,96b6b77b188a7ff4466314205c720d4a00e2f84c_242671_1
2212,96b6b77b188a7ff4466314205c720d4a00e2f84c,non-expert,a1a9527463fc4679125db7067a0aabeb77753d14,1,22,47,with_ai,True,242671,ISIC_2068038,BCC,Basal Cell Carcinoma,malignant,True,BCC,True,1.0,1.95,monitor,False,True,96b6b77b188a7ff4466314205c720d4a00e2f84c_242671_1
2213,96b6b77b188a7ff4466314205c720d4a00e2f84c,non-expert,a1a9527463fc4679125db7067a0aabeb77753d14,1,23,47,without_ai,False,242029,ISIC_8120902,AKIEC,Actinic Keratosis,premalignant,True,DF,False,0.0,6.93,monitor,False,True,96b6b77b188a7ff4466314205c720d4a00e2f84c_242029_1
2214,96b6b77b188a7ff4466314205c720d4a00e2f84c,non-expert,a1a9527463fc4679125db7067a0aabeb77753d14,1,24,47,with_ai,True,242029,ISIC_8120902,AKIEC,Actinic Keratosis,premalignant,True,AKIEC,True,1.0,10.14,biopsy,True,True,96b6b77b188a7ff4466314205c720d4a00e2f84c_242029_1
2215,96b6b77b188a7ff4466314205c720d4a00e2f84c,non-expert,a1a9527463fc4679125db7067a0aabeb77753d14,1,25,47,without_ai,False,244218,ISIC_5362779,BCC,Basal Cell Carcinoma,malignant,True,BCC,True,1.0,6.62,biopsy,True,True,96b6b77b188a7ff4466314205c720d4a00e2f84c_244218_1
2216,96b6b77b188a7ff4466314205c720d4a00e2f84c,non-expert,a1a9527463fc4679125db7067a0aabeb77753d14,1,26,47,with_ai,True,244218,ISIC_5362779,BCC,Basal Cell Carcinoma,malignant,True,BCC,True,1.0,2.28,biopsy,True,True,96b6b77b188a7ff4466314205c720d4a00e2f84c_244218_1
2217,96b6b77b188a7ff4466314205c720d4a00e2f84c,non-expert,a1a9527463fc4679125db7067a0aabeb77753d14,1,27,47,without_ai,False,241636,ISIC_9290704,BKL,Benign Keratosis,benign,False,AKIEC,False,0.0,12.23,monitor,False,True,96b6b77b188a7ff4466314205c720d4a00e2f84c_241636_1
2218,96b6b77b188a7ff4466314205c720d4a00e2f84c,non-expert,a1a9527463fc4679125db7067a0aabeb77753d14,1,28,47,with_ai,True,241636,ISIC_9290704,BKL,Benign Keratosis,benign,False,AKIEC,False,0.0,2.05,monitor,False,True,96b6b77b188a7ff4466314205c720d4a00e2f84c_241636_1
2219,96b6b77b188a7ff4466314205c720d4a00e2f84c,non-expert,a1a9527463fc4679125db7067a0aabeb77753d14,1,29,47,without_ai,False,240827,ISIC_5461210,MEL,Melanoma,malignant,True,MEL,True,1.0,9.09,biopsy,True,True,96b6b77b188a7ff4466314205c720d4a00e2f84c_240827_1
2220,96b6b77b188a7ff4466314205c720d4a00e2f84c,non-expert,a1a9527463fc4679125db7067a0aabeb77753d14,1,30,47,with_ai,True,240827,ISIC_5461210,MEL,Melanoma,malignant,True,MEL,True,1.0,9.04,biopsy,True,True,96b6b77b188a7ff4466314205c720d4a00e2f84c_240827_1
2221,a5582a6c3edf0374f6d924d93aad8205e2a16663,expert,bf109fe45da623be8c4f15e032f09d8a55f50b1a,1,1,47,without_ai,False,240360,ISIC_8642522,MEL,Melanoma,malignant,True,BKL,False,0.0,13.39,monitor,False,True,a5582a6c3edf0374f6d924d93aad8205e2a16663_240360_1
2222,a5582a6c3edf0374f6d924d93aad8205e2a16663,expert,bf109fe45da623be8c4f15e032f09d8a55f50b1a,1,2,47,with_ai,True,240360,ISIC_8642522,MEL,Melanoma,malignant,True,MEL,True,1.0,32.73,biopsy,True,True,a5582a6c3edf0374f6d924d93aad8205e2a16663_240360_1
2223,a5582a6c3edf0374f6d924d93aad8205e2a16663,expert,bf109fe45da623be8c4f15e032f09d8a55f50b1a,1,3,47,without_ai,False,240268,ISIC_1673396,INF,Inflammatory,inflammatory,False,DF,False,0.0,10.05,monitor,False,True,a5582a6c3edf0374f6d924d93aad8205e2a16663_240268_1
2224,a5582a6c3edf0374f6d924d93aad8205e2a16663,expert,bf109fe45da623be8c4f15e032f09d8a55f50b1a,1,4,47,with_ai,True,240268,ISIC_1673396,INF,Inflammatory,inflammatory,False,DF,False,0.0,18.82,monitor,False,True,a5582a6c3edf0374f6d924d93aad8205e2a16663_240268_1
2225,a5582a6c3edf0374f6d924d93aad8205e2a16663,expert,bf109fe45da623be8c4f15e032f09d8a55f50b1a,1,5,47,without_ai,False,242762,ISIC_8791057,VASC,Vascular Lesions,benign,False,VASC,True,1.0,15.58,monitor,False,True,a5582a6c3edf0374f6d924d93aad8205e2a16663_242762_1
2226,a5582a6c3edf0374f6d924d93aad8205e2a16663,expert,bf109fe45da623be8c4f15e032f09d8a55f50b1a,1,6,47,with_ai,True,242762,ISIC_8791057,VASC,Vascular Lesions,benign,False,VASC,True,1.0,18.9,monitor,False,True,a5582a6c3edf0374f6d924d93aad8205e2a16663_242762_1
2227,a5582a6c3edf0374f6d924d93aad8205e2a16663,expert,bf109fe45da623be8c4f15e032f09d8a55f50b1a,1,7,47,without_ai,False,243873,ISIC_7623387,BCC,Basal Cell Carcinoma,malignant,True,BCC,True,1.0,10.41,biopsy,True,True,a5582a6c3edf0374f6d924d93aad8205e2a16663_243873_1
2228,a5582a6c3edf0374f6d924d93aad8205e2a16663,expert,bf109fe45da623be8c4f15e032f09d8a55f50b1a,1,8,47,with_ai,True,243873,ISIC_7623387,BCC,Basal Cell Carcinoma,malignant,True,BCC,True,1.0,16.21,biopsy,True,True,a5582a6c3edf0374f6d924d93aad8205e2a16663_243873_1
2229,a5582a6c3edf0374f6d924d93aad8205e2a16663,expert,bf109fe45da623be8c4f15e032f09d8a55f50b1a,1,9,47,without_ai,False,241134,ISIC_8691098,SCCKA,Squamous Cell Carcinoma,malignant,True,MEL,False,0.0,14.11,biopsy,True,True,a5582a6c3edf0374f6d924d93aad8205e2a16663_241134_1
2230,a5582a6c3edf0374f6d924d93aad8205e2a16663,expert,bf109fe45da623be8c4f15e032f09d8a55f50b1a,1,10,47,with_ai,True,241134,ISIC_8691098,SCCKA,Squamous Cell Carcinoma,malignant,True,AKIEC,False,0.0,35.43,biopsy,True,True,a5582a6c3edf0374f6d924d93aad8205e2a16663_241134_1
2231,a5582a6c3edf0374f6d924d93aad8205e2a16663,expert,bf109fe45da623be8c4f15e032f09d8a55f50b1a,1,11,47,without_ai,False,241187,ISIC_4822631,BCC,Basal Cell Carcinoma,malignant,True,OTHER_BENIGN,False,0.0,7.02,monitor,False,True,a5582a6c3edf0374f6d924d93aad8205e2a16663_241187_1
2232,a5582a6c3edf0374f6d924d93aad8205e2a16663,expert,bf109fe45da623be8c4f15e032f09d8a55f50b1a,1,12,47,with_ai,True,241187,ISIC_4822631,BCC,Basal Cell Carcinoma,malignant,True,BCC,True,1.0,18.67,biopsy,True,True,a5582a6c3edf0374f6d924d93aad8205e2a16663_241187_1
2233,a5582a6c3edf0374f6d924d93aad8205e2a16663,expert,bf109fe45da623be8c4f15e032f09d8a55f50b1a,1,13,47,without_ai,False,242476,ISIC_7138580,NV,Melanocytic Nevi,benign,False,NV,True,1.0,12.05,monitor,False,True,a5582a6c3edf0374f6d924d93aad8205e2a16663_242476_1
2234,a5582a6c3edf0374f6d924d93aad8205e2a16663,expert,bf109fe45da623be8c4f15e032f09d8a55f50b1a,1,14,47,with_ai,True,242476,ISIC_7138580,NV,Melanocytic Nevi,benign,False,NV,True,1.0,10.7,monitor,False,True,a5582a6c3edf0374f6d924d93aad8205e2a16663_242476_1
2235,a5582a6c3edf0374f6d924d93aad8205e2a16663,expert,bf109fe45da623be8c4f15e032f09d8a55f50b1a,1,15,47,without_ai,False,243173,ISIC_1076265,AKIEC,Actinic Keratosis,premalignant,True,MEL,False,0.0,11.45,biopsy,True,True,a5582a6c3edf0374f6d924d93aad8205e2a16663_243173_1
2236,a5582a6c3edf0374f6d924d93aad8205e2a16663,expert,bf109fe45da623be8c4f15e032f09d8a55f50b1a,1,16,47,with_ai,True,243173,ISIC_1076265,AKIEC,Actinic Keratosis,premalignant,True,AKIEC,True,1.0,13.02,biopsy,True,True,a5582a6c3edf0374f6d924d93aad8205e2a16663_243173_1
2237,a5582a6c3edf0374f6d924d93aad8205e2a16663,expert,bf109fe45da623be8c4f15e032f09d8a55f50b1a,1,17,47,without_ai,False,245194,ISIC_3256836,BKL,Benign Keratosis,benign,False,BKL,True,1.0,9632.73,monitor,False,True,a5582a6c3edf0374f6d924d93aad8205e2a16663_245194_1
2238,a5582a6c3edf0374f6d924d93aad8205e2a16663,expert,bf109fe45da623be8c4f15e032f09d8a55f50b1a,1,18,47,with_ai,True,245194,ISIC_3256836,BKL,Benign Keratosis,benign,False,BKL,True,1.0,7.6,monitor,False,True,a5582a6c3edf0374f6d924d93aad8205e2a16663_245194_1
2239,a5582a6c3edf0374f6d924d93aad8205e2a16663,expert,bf109fe45da623be8c4f15e032f09d8a55f50b1a,1,19,47,without_ai,False,244476,ISIC_7242284,NV,Melanocytic Nevi,benign,False,NV,True,1.0,17.16,monitor,False,True,a5582a6c3edf0374f6d924d93aad8205e2a16663_244476_1
2240,a5582a6c3edf0374f6d924d93aad8205e2a16663,expert,bf109fe45da623be8c4f15e032f09d8a55f50b1a,1,20,47,with_ai,True,244476,ISIC_7242284,NV,Melanocytic Nevi,benign,False,NV,True,1.0,9.59,monitor,False,True,a5582a6c3edf0374f6d924d93aad8205e2a16663_244476_1
2241,a5582a6c3edf0374f6d924d93aad8205e2a16663,expert,bf109fe45da623be8c4f15e032f09d8a55f50b1a,1,21,47,without_ai,False,240361,ISIC_8650326,BKL,Benign Keratosis,benign,False,BCC,False,0.0,15.88,biopsy,True,True,a5582a6c3edf0374f6d924d93aad8205e2a16663_240361_1
2242,a5582a6c3edf0374f6d924d93aad8205e2a16663,expert,bf109fe45da623be8c4f15e032f09d8a55f50b1a,1,22,47,with_ai,True,240361,ISIC_8650326,BKL,Benign Keratosis,benign,False,AKIEC,False,0.0,18.79,biopsy,True,True,a5582a6c3edf0374f6d924d93aad8205e2a16663_240361_1
2243,a5582a6c3edf0374f6d924d93aad8205e2a16663,expert,bf109fe45da623be8c4f15e032f09d8a55f50b1a,1,23,47,without_ai,False,242563,ISIC_2763588,BCC,Basal Cell Carcinoma,malignant,True,BCC,True,1.0,17.76,biopsy,True,True,a5582a6c3edf0374f6d924d93aad8205e2a16663_242563_1
2244,a5582a6c3edf0374f6d924d93aad8205e2a16663,expert,bf109fe45da623be8c4f15e032f09d8a55f50b1a,1,24,47,with_ai,True,242563,ISIC_2763588,BCC,Basal Cell Carcinoma,malignant,True,BCC,True,1.0,10.02,biopsy,True,True,a5582a6c3edf0374f6d924d93aad8205e2a16663_242563_1
2245,a5582a6c3edf0374f6d924d93aad8205e2a16663,expert,bf109fe45da623be8c4f15e032f09d8a55f50b1a,1,25,47,without_ai,False,241768,ISIC_4478363,MEL,Melanoma,malignant,True,MEL,True,1.0,10.22,biopsy,True,True,a5582a6c3edf0374f6d924d93aad8205e2a16663_241768_1
2246,a5582a6c3edf0374f6d924d93aad8205e2a16663,expert,bf109fe45da623be8c4f15e032f09d8a55f50b1a,1,26,47,with_ai,True,241768,ISIC_4478363,MEL,Melanoma,malignant,True,MEL,True,1.0,12.98,biopsy,True,True,a5582a6c3edf0374f6d924d93aad8205e2a16663_241768_1
2247,a5582a6c3edf0374f6d924d93aad8205e2a16663,expert,bf109fe45da623be8c4f15e032f09d8a55f50b1a,1,27,47,without_ai,False,241582,ISIC_1655136,NV,Melanocytic Nevi,benign,False,NV,True,1.0,15.07,monitor,False,True,a5582a6c3edf0374f6d924d93aad8205e2a16663_241582_1
2248,a5582a6c3edf0374f6d924d93aad8205e2a16663,expert,bf109fe45da623be8c4f15e032f09d8a55f50b1a,1,28,47,with_ai,True,241582,ISIC_1655136,NV,Melanocytic Nevi,benign,False,NV,True,1.0,8.93,monitor,False,True,a5582a6c3edf0374f6d924d93aad8205e2a16663_241582_1
2249,a5582a6c3edf0374f6d924d93aad8205e2a16663,expert,bf109fe45da623be8c4f15e032f09d8a55f50b1a,1,29,47,without_ai,False,243681,ISIC_2516006,DF,Dermatofibroma,benign,False,DF,True,1.0,8.45,monitor,False,True,a5582a6c3edf0374f6d924d93aad8205e2a16663_243681_1
2250,a5582a6c3edf0374f6d924d93aad8205e2a16663,expert,bf109fe45da623be8c4f15e032f09d8a55f50b1a,1,30,47,with_ai,True,243681,ISIC_2516006,DF,Dermatofibroma,benign,False,DF,True,1.0,6.11,monitor,False,True,a5582a6c3edf0374f6d924d93aad8205e2a16663_243681_1
