image_path,true_label,predicted_label,probability_class_0,probability_class_1,probability_class_2,probability_class_3,probability_class_4,probability_class_5,probability_class_6
/home/share/Uni_Eval/HAM10000_clean/ISIC2018/ISIC_0025661.jpg,2,5,0.27688912,0.15776668,0.02005778,0.006718515,0.10843134,0.42885426,0.0012822511
/home/share/Uni_Eval/HAM10000_clean/ISIC2018/ISIC_0027850.jpg,2,5,0.010550956,0.047286108,0.0038814803,9.325213e-06,0.10010469,0.8381663,1.1137378e-06
/home/share/Uni_Eval/HAM10000_clean/ISIC2018/ISIC_0029068.jpg,2,1,0.007413391,0.45865026,0.04266112,0.0061459173,0.26133102,0.2235283,0.00027003276
/home/share/Uni_Eval/HAM10000_clean/ISIC2018/ISIC_0025984.jpg,2,5,0.001977441,0.0010920465,0.22856107,0.0052098627,0.010042273,0.74942297,0.0036943457
/home/share/Uni_Eval/HAM10000_clean/ISIC2018/ISIC_0032417.jpg,2,5,0.021624155,0.0063920887,0.11689907,0.0005762642,0.06660708,0.78647506,0.0014262676
/home/share/Uni_Eval/HAM10000_clean/ISIC2018/ISIC_0027310.jpg,2,5,0.01292859,0.008612298,0.054431397,0.0014059191,0.069891304,0.8514503,0.0012801038
/home/share/Uni_Eval/HAM10000_clean/ISIC2018/ISIC_0025937.jpg,2,5,0.02243942,0.041922357,0.055538096,0.010273515,0.052173212,0.81612635,0.0015270218
/home/share/Uni_Eval/HAM10000_clean/ISIC2018/ISIC_0027828.jpg,2,4,0.00016249955,0.017101565,0.013318712,0.0007998508,0.6028509,0.36564758,0.00011888721
/home/share/Uni_Eval/HAM10000_clean/ISIC2018/ISIC_0030698.jpg,2,5,0.00019076237,0.00014399498,0.070072,0.002115991,0.046678014,0.8807495,4.9763337e-05
/home/share/Uni_Eval/HAM10000_clean/ISIC2018/ISIC_0024981.jpg,2,5,0.016882548,0.03464074,0.003886583,0.00092314446,0.29004335,0.6536228,8.158993e-07
/home/share/Uni_Eval/HAM10000_clean/ISIC2018/ISIC_0027053.jpg,2,5,0.00015942122,0.02518616,0.0072159553,0.00088918017,0.1803762,0.78351843,0.0026546018
/home/share/Uni_Eval/HAM10000_clean/ISIC2018/ISIC_0025819.jpg,2,5,0.0855262,0.001011387,0.018496336,0.0002328345,0.00266465,0.8912034,0.0008650851
/home/share/Uni_Eval/HAM10000_clean/ISIC2018/ISIC_0032013.jpg,2,5,0.02593952,0.00034758978,0.02593952,0.00014489697,0.0030980338,0.9434258,0.001104638
/home/share/Uni_Eval/HAM10000_clean/ISIC2018/ISIC_0025099.jpg,2,5,0.00034051508,0.0040206923,0.18776743,0.0016245064,0.1709642,0.635209,7.364155e-05
/home/share/Uni_Eval/HAM10000_clean/ISIC2018/ISIC_0029289.jpg,2,5,0.00026839098,0.00037849194,0.03302251,0.017131852,0.0955538,0.8516618,0.001983156
/home/share/Uni_Eval/HAM10000_clean/ISIC2018/ISIC_0032283.jpg,2,4,0.0011190068,0.04909177,0.011660319,1.2825646e-05,0.8434001,0.09462687,8.9027635e-05
/home/share/Uni_Eval/HAM10000_clean/ISIC2018/ISIC_0031624.jpg,2,5,0.007139559,0.04108532,0.031012828,0.00010184033,0.23642972,0.68413204,9.870702e-05
/home/share/Uni_Eval/HAM10000_clean/ISIC2018/ISIC_0029060.jpg,2,5,0.0073539764,0.0009646318,0.26746565,0.000751256,0.018201265,0.7046781,0.0005850787
/home/share/Uni_Eval/HAM10000_clean/ISIC2018/ISIC_0032306.jpg,2,5,0.030988196,0.0021087732,0.016076462,0.00016777295,0.01510244,0.93435484,0.0012015427
/home/share/Uni_Eval/HAM10000_clean/ISIC2018/ISIC_0027957.jpg,2,4,0.00031126427,0.012828087,0.015473627,0.024726786,0.92786574,0.018664755,0.00012975426
/home/share/Uni_Eval/HAM10000_clean/ISIC2018/ISIC_0032382.jpg,2,5,0.0013051654,0.0015258929,0.07125961,0.0030346,0.1556453,0.766113,0.0011163669
/home/share/Uni_Eval/HAM10000_clean/ISIC2018/ISIC_0029674.jpg,2,4,0.0006614593,0.029939933,0.030890329,0.00068245624,0.7484041,0.1892262,0.00019552697
/home/share/Uni_Eval/HAM10000_clean/ISIC2018/ISIC_0024623.jpg,2,5,0.005802626,0.3070653,0.0027409664,2.3714001e-05,0.09076834,0.5918839,0.0017152529
/home/share/Uni_Eval/HAM10000_clean/ISIC2018/ISIC_0032929.jpg,2,6,0.10772819,0.0011242446,0.20126274,1.90438e-05,3.5578498e-05,0.029915038,0.65991515
/home/share/Uni_Eval/HAM10000_clean/ISIC2018/ISIC_0033900.jpg,2,5,0.00028819227,0.000610103,0.014781443,0.00035866108,0.008422213,0.9734754,0.002063952
/home/share/Uni_Eval/HAM10000_clean/ISIC2018/ISIC_0030276.jpg,2,1,0.02883674,0.54410934,0.00023437105,0.00013777963,0.11767191,0.3004857,0.008524124
/home/share/Uni_Eval/HAM10000_clean/ISIC2018/ISIC_0033465.jpg,2,5,0.03074927,0.0009580227,0.08358519,0.00012965428,0.013225095,0.8709776,0.0003751671
/home/share/Uni_Eval/HAM10000_clean/ISIC2018/ISIC_0029683.jpg,2,5,1.789987e-05,0.00069300935,0.00016982925,2.5242864e-05,0.30705848,0.69196695,6.861721e-05
/home/share/Uni_Eval/HAM10000_clean/ISIC2018/ISIC_0032514.jpg,2,5,0.0115635125,0.0013385739,0.021603487,0.0010424823,0.0067978385,0.94776326,0.009890798
/home/share/Uni_Eval/HAM10000_clean/ISIC2018/ISIC_0033910.jpg,2,5,0.0048269453,0.014410597,0.24757506,0.0058224075,0.15984647,0.557919,0.009599526
/home/share/Uni_Eval/HAM10000_clean/ISIC2018/ISIC_0033212.jpg,2,5,0.00072968204,0.057965823,0.026538689,0.0031695943,0.34415895,0.56742215,1.5144068e-05
/home/share/Uni_Eval/HAM10000_clean/ISIC2018/ISIC_0033601.jpg,2,5,5.7556404e-05,0.0019665095,0.0011204834,6.729026e-05,0.09775948,0.8989794,4.9230603e-05
/home/share/Uni_Eval/HAM10000_clean/ISIC2018/ISIC_0033677.jpg,2,5,0.0009208002,0.0017202813,0.023747753,0.0010434034,0.02301711,0.9486006,0.00095002964
/home/share/Uni_Eval/HAM10000_clean/ISIC2018/ISIC_0033262.jpg,2,5,0.0022040058,0.0022739682,0.07074109,0.0039909394,0.01680248,0.8891594,0.014828136
/home/share/Uni_Eval/HAM10000_clean/ISIC2018/ISIC_0032570.jpg,2,5,0.044107754,0.05156719,0.0414354,0.0034012247,0.14462376,0.7118631,0.0030015705
/home/share/Uni_Eval/HAM10000_clean/ISIC2018/ISIC_0033264.jpg,2,5,0.0011838474,0.014422215,0.0035343159,5.7126894e-05,0.1929671,0.7874262,0.00040912672
/home/share/Uni_Eval/HAM10000_clean/ISIC2018/ISIC_0032665.jpg,2,5,0.00046732667,0.020502018,0.005873927,3.4927645e-05,0.22741425,0.7456627,4.484798e-05
/home/share/Uni_Eval/HAM10000_clean/ISIC2018/ISIC_0033587.jpg,2,5,0.0007397156,0.0026638182,0.03564149,2.2337475e-05,0.039144523,0.9192062,0.0025818613
/home/share/Uni_Eval/HAM10000_clean/ISIC2018/ISIC_0032675.jpg,2,5,0.00019899038,0.00094933005,0.025260735,0.00017560841,0.10972763,0.8630747,0.00061293354
/home/share/Uni_Eval/HAM10000_clean/ISIC2018/ISIC_0033449.jpg,2,5,0.0034180246,0.000864212,0.009291153,0.00015017751,0.00563537,0.9778074,0.0028336418
/home/share/Uni_Eval/HAM10000_clean/ISIC2018/ISIC_0033758.jpg,2,5,0.0009377514,0.013780156,0.021343125,0.009470955,0.04518339,0.9075327,0.0017519502
/home/share/Uni_Eval/HAM10000_clean/ISIC2018/ISIC_0032876.jpg,2,5,0.00010226524,0.0044864626,0.0019296035,0.0008043784,0.082048826,0.91010916,0.0005193457
/home/share/Uni_Eval/HAM10000_clean/ISIC2018/ISIC_0025157.jpg,2,5,0.02006143,0.0035968162,0.18448149,0.00023723576,0.03307571,0.75279963,0.0057476955
/home/share/Uni_Eval/HAM10000_clean/ISIC2018/ISIC_0026060.jpg,2,1,0.013094872,0.4203008,0.0063819303,0.013510548,0.18650734,0.24708208,0.113122426
/home/share/Uni_Eval/HAM10000_clean/ISIC2018/ISIC_0029394.jpg,2,5,0.00020672305,0.00020036285,0.010276654,8.891048e-05,0.0040243957,0.9847371,0.0004658576
/home/share/Uni_Eval/HAM10000_clean/ISIC2018/ISIC_0026844.jpg,2,5,0.010017765,0.013271381,0.06331422,0.007103659,0.020555118,0.8740258,0.011711953
/home/share/Uni_Eval/HAM10000_clean/ISIC2018/ISIC_0027374.jpg,2,5,6.73213e-05,0.005517757,0.0020298695,0.0004529251,0.14682207,0.8449027,0.00020736424
/home/share/Uni_Eval/HAM10000_clean/ISIC2018/ISIC_0025507.jpg,2,5,0.00046545643,0.00010066201,0.0068398323,3.4444647e-06,0.00045113583,0.9838891,0.008250413
/home/share/Uni_Eval/HAM10000_clean/ISIC2018/ISIC_0028336.jpg,2,5,0.0009000648,0.001579663,0.0005459169,0.0010522824,0.008539577,0.98704094,0.00034162606
/home/share/Uni_Eval/HAM10000_clean/ISIC2018/ISIC_0025838.jpg,2,5,4.3763433e-05,0.0011645018,0.00058554823,8.6175305e-06,0.09250783,0.9055507,0.00013907989
/home/share/Uni_Eval/HAM10000_clean/ISIC2018/ISIC_0027780.jpg,2,5,0.00027844866,0.00023816979,0.0047837677,2.8445322e-05,0.0028122321,0.9704195,0.021439359
/home/share/Uni_Eval/HAM10000_clean/ISIC2018/ISIC_0024592.jpg,2,1,0.009128707,0.5827009,0.058603775,0.0047359113,0.20454727,0.07068964,0.069593705
/home/share/Uni_Eval/HAM10000_clean/ISIC2018/ISIC_0030721.jpg,2,5,0.00023141857,0.004648166,0.0057847365,0.013449915,0.23107046,0.7343404,0.010474803
/home/share/Uni_Eval/HAM10000_clean/ISIC2018/ISIC_0032168.jpg,2,4,0.0055601383,0.05793797,0.08973608,0.0011654682,0.45571744,0.3897958,8.7106215e-05
/home/share/Uni_Eval/HAM10000_clean/ISIC2018/ISIC_0024505.jpg,2,5,0.000401585,0.0017444058,0.019963667,3.7353224e-05,0.074174024,0.9036246,5.434862e-05
/home/share/Uni_Eval/HAM10000_clean/ISIC2018/ISIC_0024626.jpg,2,5,0.0042837947,0.0050082626,0.020436838,6.3044725e-05,0.044638157,0.925042,0.000527867
/home/share/Uni_Eval/HAM10000_clean/ISIC2018/ISIC_0024971.jpg,2,5,0.09564857,0.048095122,0.115374185,0.0022494388,0.012944627,0.6639327,0.061755355
/home/share/Uni_Eval/HAM10000_clean/ISIC2018/ISIC_0025485.jpg,2,5,0.009646289,0.00013336352,0.024632663,0.00023043148,0.0017294842,0.95367527,0.009952495
/home/share/Uni_Eval/HAM10000_clean/ISIC2018/ISIC_0028856.jpg,2,5,0.0011616108,0.0020386905,0.25880057,0.0033612323,0.0146005275,0.7034928,0.016544566
/home/share/Uni_Eval/HAM10000_clean/ISIC2018/ISIC_0030095.jpg,2,5,0.0047035553,0.00081735547,0.019802708,0.0020871903,0.009354138,0.8687616,0.09447344
/home/share/Uni_Eval/HAM10000_clean/ISIC2018/ISIC_0024883.jpg,2,5,0.00018285504,0.0016297693,0.033773907,0.013645893,0.24955732,0.69990075,0.0013095565
/home/share/Uni_Eval/HAM10000_clean/ISIC2018/ISIC_0027295.jpg,2,5,0.035655014,0.029559044,0.007020889,0.0025828406,0.030497348,0.8912631,0.0034217078
/home/share/Uni_Eval/HAM10000_clean/ISIC2018/ISIC_0032156.jpg,2,5,0.004188623,0.0011273525,0.008073783,0.0003776158,0.020617124,0.96282536,0.0027902245
/home/share/Uni_Eval/HAM10000_clean/ISIC2018/ISIC_0030783.jpg,2,5,0.00020855814,0.0057256874,0.0025407586,0.00026779398,0.18960874,0.79828256,0.003365958
/home/share/Uni_Eval/HAM10000_clean/ISIC2018/ISIC_0030459.jpg,2,5,0.009912532,0.00015773714,0.07324425,6.891025e-05,0.0026679218,0.8922976,0.02165096
/home/share/Uni_Eval/HAM10000_clean/ISIC2018/ISIC_0026861.jpg,2,5,0.0015912885,0.01175812,0.003938477,0.00022924683,0.07667257,0.90532506,0.00048531557
/home/share/Uni_Eval/HAM10000_clean/ISIC2018/ISIC_0030208.jpg,2,5,0.0048591495,0.0032368915,0.086130485,0.00038659154,0.034799863,0.86988705,0.00070002687
/home/share/Uni_Eval/HAM10000_clean/ISIC2018/ISIC_0030723.jpg,2,5,0.18366061,0.17253317,0.03292853,0.002968597,0.098306425,0.49924126,0.010361421
/home/share/Uni_Eval/HAM10000_clean/ISIC2018/ISIC_0027969.jpg,2,5,0.00036067612,0.0005586261,0.04723925,0.00042167312,0.031468123,0.9196334,0.00031829556
/home/share/Uni_Eval/HAM10000_clean/ISIC2018/ISIC_0031851.jpg,2,1,0.00041507088,0.7273764,0.00082546705,9.555475e-05,0.22887912,0.04233838,6.990935e-05
/home/share/Uni_Eval/HAM10000_clean/ISIC2018/ISIC_0029420.jpg,2,5,0.005272627,0.00069161813,0.008166404,9.3600334e-05,0.009253749,0.9738709,0.002651243
/home/share/Uni_Eval/HAM10000_clean/ISIC2018/ISIC_0024381.jpg,2,5,1.6616303e-05,0.00032347906,0.0002766863,1.8642976e-06,0.0040658754,0.99488693,0.0004285401
/home/share/Uni_Eval/HAM10000_clean/ISIC2018/ISIC_0029991.jpg,2,6,0.065990254,0.0067413286,0.058236185,0.09019797,0.0059492015,0.31482187,0.45806313
/home/share/Uni_Eval/HAM10000_clean/ISIC2018/ISIC_0031168.jpg,2,2,0.1197699,0.036527757,0.44499916,0.00069026643,0.0017626571,0.090407066,0.30584317
/home/share/Uni_Eval/HAM10000_clean/ISIC2018/ISIC_0024547.jpg,2,5,0.00169927,0.0009989493,0.0177068,0.00020939113,0.012169694,0.9667585,0.00045735232
/home/share/Uni_Eval/HAM10000_clean/ISIC2018/ISIC_0029897.jpg,2,5,0.002045969,0.15753087,0.0027104686,0.011411498,0.086996816,0.72841537,0.010888929
/home/share/Uni_Eval/HAM10000_clean/ISIC2018/ISIC_0027006.jpg,2,5,0.010509063,0.0043808287,0.025209928,3.2418953e-05,0.042883534,0.9168904,9.380734e-05
/home/share/Uni_Eval/HAM10000_clean/ISIC2018/ISIC_0028881.jpg,2,5,0.0006026601,0.0010251595,0.019957364,0.0002592009,0.037285265,0.93201435,0.008856026
/home/share/Uni_Eval/HAM10000_clean/ISIC2018/ISIC_0029311.jpg,2,5,0.0045379465,0.00047829605,0.057038397,0.0007180074,0.0036463425,0.86477953,0.06880144
/home/share/Uni_Eval/HAM10000_clean/ISIC2018/ISIC_0025973.jpg,2,5,0.0025905806,0.0011495632,0.11365096,9.4361894e-05,0.010245944,0.86643064,0.0058379634
/home/share/Uni_Eval/HAM10000_clean/ISIC2018/ISIC_0031580.jpg,2,5,0.002462137,0.0006626752,0.05431387,0.00018985962,0.0031614467,0.9331162,0.0060938476
/home/share/Uni_Eval/HAM10000_clean/ISIC2018/ISIC_0028389.jpg,2,5,0.0023653072,0.0048532956,0.012393325,0.0015756345,0.047508467,0.9248744,0.006429572
/home/share/Uni_Eval/HAM10000_clean/ISIC2018/ISIC_0028750.jpg,2,5,0.0369563,0.00045089808,0.08328231,4.1526278e-06,0.0008967179,0.86782146,0.010588156
/home/share/Uni_Eval/HAM10000_clean/ISIC2018/ISIC_0026378.jpg,2,5,0.011128351,0.00047390236,0.034277737,7.736243e-05,0.0005990687,0.9120967,0.04134684
/home/share/Uni_Eval/HAM10000_clean/ISIC2018/ISIC_0030683.jpg,2,5,0.019291863,0.0015348513,0.21399088,0.00038807114,0.007322366,0.7016491,0.05582286
/home/share/Uni_Eval/HAM10000_clean/ISIC2018/ISIC_0025883.jpg,2,4,0.00016287659,0.009766786,0.0005340518,1.3369724e-05,0.5332485,0.4561116,0.00016287659
/home/share/Uni_Eval/HAM10000_clean/ISIC2018/ISIC_0031050.jpg,2,5,0.0013581606,0.00012437007,0.004453237,3.676372e-05,0.0009936516,0.99215686,0.0008768944
/home/share/Uni_Eval/HAM10000_clean/ISIC2018/ISIC_0026316.jpg,2,5,0.0017710747,0.000106361294,0.0966974,0.00081085705,0.0018272946,0.8892127,0.00957434
/home/share/Uni_Eval/HAM10000_clean/ISIC2018/ISIC_0031522.jpg,2,5,0.015930118,0.2779904,0.0014361436,1.4079458e-05,0.087473564,0.60718685,0.0099688135
/home/share/Uni_Eval/HAM10000_clean/ISIC2018/ISIC_0032024.jpg,2,2,0.086444505,0.04346703,0.7704715,0.0007716322,0.025552949,0.06525174,0.008040592
/home/share/Uni_Eval/HAM10000_clean/ISIC2018/ISIC_0025374.jpg,2,5,0.0021558346,0.0016273094,0.04467562,0.0016273094,0.01279978,0.92581826,0.011295766
/home/share/Uni_Eval/HAM10000_clean/ISIC2018/ISIC_0026365.jpg,2,5,0.0037787112,0.0009260129,0.10373949,0.018599465,0.011281147,0.84187615,0.01979903
/home/share/Uni_Eval/HAM10000_clean/ISIC2018/ISIC_0028656.jpg,2,5,0.00056658225,0.0005322548,0.08150114,0.00014780181,0.012895353,0.9040341,0.00032282883
/home/share/Uni_Eval/HAM10000_clean/ISIC2018/ISIC_0031716.jpg,2,5,0.04536536,0.0004884583,0.28671792,0.00193189,0.0020564862,0.6069818,0.0564581
/home/share/Uni_Eval/HAM10000_clean/ISIC2018/ISIC_0027893.jpg,2,5,0.0010835557,0.00026553677,0.0014810452,0.00015129829,0.007760123,0.98510486,0.004153694
/home/share/Uni_Eval/HAM10000_clean/ISIC2018/ISIC_0030318.jpg,2,5,0.0034773261,0.0007064616,0.05109893,5.9830698e-05,0.0073614996,0.9345018,0.00279411
/home/share/Uni_Eval/HAM10000_clean/ISIC2018/ISIC_0028749.jpg,2,5,0.14933692,0.0006915671,0.23863968,0.00018040604,0.0005733293,0.4188257,0.19175239
/home/share/Uni_Eval/HAM10000_clean/ISIC2018/ISIC_0026961.jpg,2,5,0.0012530474,0.00059189764,0.03778184,0.00019826088,0.0067739096,0.9444271,0.008973973
/home/share/Uni_Eval/HAM10000_clean/ISIC2018/ISIC_0025040.jpg,2,5,0.00030610082,0.0011373026,0.07973106,0.0047882227,0.2236113,0.68877125,0.0016547655
/home/share/Uni_Eval/HAM10000_clean/ISIC2018/ISIC_0026704.jpg,2,5,0.0046305126,0.008126803,0.0059456956,4.8323738e-05,0.04127131,0.9393307,0.0006465644
/home/share/Uni_Eval/HAM10000_clean/ISIC2018/ISIC_0029302.jpg,2,5,0.017512485,0.0011917395,0.06306487,0.0003414391,0.012812407,0.89821905,0.006857987
/home/share/Uni_Eval/HAM10000_clean/ISIC2018/ISIC_0030310.jpg,2,5,0.0030514323,0.00031172342,0.03384736,7.176281e-05,0.0024518943,0.9587315,0.0015343565
/home/share/Uni_Eval/HAM10000_clean/ISIC2018/ISIC_0028229.jpg,2,5,0.0018040091,0.0052200737,0.030993005,0.0023163937,0.015104783,0.93449986,0.010061955
/home/share/Uni_Eval/HAM10000_clean/ISIC2018/ISIC_0025068.jpg,2,2,0.3263605,0.012265036,0.505477,1.4816744e-05,0.001419781,0.10595374,0.04850916
/home/share/Uni_Eval/HAM10000_clean/ISIC2018/ISIC_0028943.jpg,2,1,0.00077784824,0.55074733,0.00015316739,0.00041635215,0.34464887,0.045208093,0.058048338
/home/share/Uni_Eval/HAM10000_clean/ISIC2018/ISIC_0031980.jpg,2,5,0.0057534347,0.00040395453,0.07461168,0.001031534,0.0034896347,0.90895635,0.0057534347
/home/share/Uni_Eval/HAM10000_clean/ISIC2018/ISIC_0028611.jpg,2,2,0.030657133,0.121251315,0.4505033,0.055512894,0.046021808,0.256689,0.039364535
/home/share/Uni_Eval/HAM10000_clean/ISIC2018/ISIC_0027509.jpg,2,5,0.17701906,0.07613494,0.019860988,0.0017354336,0.018657671,0.6785834,0.028008483
/home/share/Uni_Eval/HAM10000_clean/ISIC2018/ISIC_0030240.jpg,2,5,0.011906801,0.010841264,0.009871085,0.0005070527,0.0015137799,0.91677284,0.04858718
/home/share/Uni_Eval/HAM10000_clean/ISIC2018/ISIC_0026871.jpg,2,5,0.038160935,0.007752864,0.37355393,0.00072112866,0.07830116,0.49487853,0.006631376
/home/share/Uni_Eval/HAM10000_clean/ISIC2018/ISIC_0027859.jpg,2,5,0.0021246448,0.0004453497,0.26971197,9.937096e-05,0.01429421,0.7105964,0.0027280978
/home/share/Uni_Eval/HAM10000_clean/ISIC2018/ISIC_0029329.jpg,2,5,0.00046436716,0.014446039,0.0005261969,0.0010464676,0.14141096,0.83959556,0.0025103453
/home/share/Uni_Eval/HAM10000_clean/ISIC2018/ISIC_0028913.jpg,2,5,0.0012239927,0.19951075,0.0014764171,0.1816566,0.28135526,0.32893762,0.0058393423
/home/share/Uni_Eval/HAM10000_clean/ISIC2018/ISIC_0028165.jpg,2,5,0.0020725876,0.00014551848,0.017904425,7.9117024e-05,0.001772778,0.9775484,0.00047713678
/home/share/Uni_Eval/HAM10000_clean/ISIC2018/ISIC_0031465.jpg,2,5,0.0004438489,0.00062592723,0.00096945505,1.5037834e-06,0.044571914,0.95298946,0.00039786354
/home/share/Uni_Eval/HAM10000_clean/ISIC2018/ISIC_0031000.jpg,2,5,0.0052585728,0.0010036161,0.013428236,0.00043164994,0.0071876165,0.97127503,0.0014153256
/home/share/Uni_Eval/HAM10000_clean/ISIC2018/ISIC_0026276.jpg,2,5,0.01127681,0.00063619413,0.05214345,0.0004654496,0.002152217,0.9242647,0.009061173
/home/share/Uni_Eval/HAM10000_clean/ISIC2018/ISIC_0027435.jpg,2,5,0.017889265,0.0004340701,0.109585024,0.0022743647,0.0067899995,0.861953,0.0010743339
/home/share/Uni_Eval/HAM10000_clean/ISIC2018/ISIC_0028294.jpg,2,5,0.023458732,0.0002448138,0.37860474,0.000625154,0.003951095,0.5863945,0.0067210393
/home/share/Uni_Eval/HAM10000_clean/ISIC2018/ISIC_0026803.jpg,2,5,0.0052032303,0.0001096902,0.13845283,0.0003540843,0.00096250087,0.82203233,0.032885432
/home/share/Uni_Eval/HAM10000_clean/ISIC2018/ISIC_0026016.jpg,2,5,0.0076508047,0.0012489596,0.09921714,0.00014916695,0.0054252325,0.8843128,0.0019958317
/home/share/Uni_Eval/HAM10000_clean/ISIC2018/ISIC_0029505.jpg,2,5,0.013385392,0.001000414,0.22288677,0.00020324643,0.002185105,0.7540163,0.006322812
/home/share/Uni_Eval/HAM10000_clean/ISIC2018/ISIC_0026069.jpg,2,5,0.015186436,0.0011001016,0.029272623,0.00058884197,0.013827407,0.9395515,0.00047314784
/home/share/Uni_Eval/HAM10000_clean/ISIC2018/ISIC_0031528.jpg,2,2,0.018355519,0.00013165509,0.667594,0.0008320858,0.0015545408,0.2782946,0.033237547
/home/share/Uni_Eval/HAM10000_clean/ISIC2018/ISIC_0028490.jpg,2,5,0.0053249635,0.02621039,0.0026775599,0.0003004139,0.1709132,0.79029465,0.0042787283
/home/share/Uni_Eval/HAM10000_clean/ISIC2018/ISIC_0031987.jpg,2,5,0.002345727,0.00042056572,0.12807237,0.0003275369,0.006376347,0.8616468,0.0008106617
/home/share/Uni_Eval/HAM10000_clean/ISIC2018/ISIC_0026631.jpg,2,5,0.026317498,0.0023725943,0.13789383,2.8947657e-05,0.013653337,0.8187133,0.0010204401
/home/share/Uni_Eval/HAM10000_clean/ISIC2018/ISIC_0025710.jpg,2,5,0.14746842,0.00048425872,0.31219062,0.00030304134,0.004183357,0.53105414,0.004316151
/home/share/Uni_Eval/HAM10000_clean/ISIC2018/ISIC_0030123.jpg,2,5,0.0002304719,0.0010656914,0.0065281503,0.0012459194,0.108703464,0.88216025,6.603131e-05
/home/share/Uni_Eval/HAM10000_clean/ISIC2018/ISIC_0029872.jpg,2,5,0.0013379601,0.0015642339,0.0072329435,0.000492208,0.010200086,0.9774001,0.0017725091
/home/share/Uni_Eval/HAM10000_clean/ISIC2018/ISIC_0026530.jpg,2,5,0.040168677,0.0006099292,0.14465298,0.00073571503,0.0036213165,0.8068095,0.0034019118
/home/share/Uni_Eval/HAM10000_clean/ISIC2018/ISIC_0032498.jpg,2,5,0.028263362,0.006306409,0.3781596,0.0010294928,0.033043217,0.55021894,0.0029789363
/home/share/Uni_Eval/HAM10000_clean/ISIC2018/ISIC_0029778.jpg,2,5,0.13393784,0.000991165,0.09497614,0.00023912967,0.0009311134,0.7240611,0.04486355
/home/share/Uni_Eval/HAM10000_clean/ISIC2018/ISIC_0029555.jpg,2,5,0.0017820735,0.0032269186,0.08859076,0.00030015016,0.038102414,0.86720693,0.00079079036
/home/share/Uni_Eval/HAM10000_clean/ISIC2018/ISIC_0030173.jpg,2,5,0.0027065661,0.007831709,0.12250855,0.0001265878,0.03854903,0.8242145,0.004063037
/home/share/Uni_Eval/HAM10000_clean/ISIC2018/ISIC_0029012.jpg,2,5,0.00021900969,0.0010448368,0.019108068,0.0002259618,0.028684609,0.9499038,0.0008137197
/home/share/Uni_Eval/HAM10000_clean/ISIC2018/ISIC_0032170.jpg,2,5,0.00023678405,0.00027682862,0.16765249,0.00041556897,0.0055602514,0.8252145,0.0006436459
/home/share/Uni_Eval/HAM10000_clean/ISIC2018/ISIC_0033460.jpg,2,5,0.011779153,0.0019228938,0.07924792,0.0002948853,0.018823031,0.8790407,0.008891371
/home/share/Uni_Eval/HAM10000_clean/ISIC2018/ISIC_0033199.jpg,2,5,0.0070840553,0.0009006366,0.091867425,0.0018479862,0.007308927,0.84479713,0.04619384
/home/share/Uni_Eval/HAM10000_clean/ISIC2018/ISIC_0028411.jpg,2,5,0.0003560864,0.0014991799,0.042464487,0.00058708724,0.074527495,0.87999666,0.0005690244
/home/share/Uni_Eval/HAM10000_clean/ISIC2018/ISIC_0032681.jpg,2,5,0.04022856,0.0012147973,0.034409314,0.0006921706,0.0046567935,0.9155978,0.0032005645
/home/share/Uni_Eval/HAM10000_clean/ISIC2018/ISIC_0033509.jpg,2,5,0.120362476,0.007228328,0.026856497,0.0011799921,0.007005936,0.8354811,0.001885622
/home/share/Uni_Eval/HAM10000_clean/ISIC2018/ISIC_0032636.jpg,2,5,0.0004685568,0.028988581,0.1426868,0.005889388,0.35315323,0.467852,0.00096141605
/home/share/Uni_Eval/HAM10000_clean/ISIC2018/ISIC_0034167.jpg,2,4,1.575052e-05,0.105807155,1.43410125e-05,1.8998757e-05,0.8586558,0.03544096,4.7022368e-05
/home/share/Uni_Eval/HAM10000_clean/ISIC2018/ISIC_0032271.jpg,2,5,0.012013911,0.0030375924,0.07359412,0.00023423396,0.0060409736,0.89656,0.008519138
/home/share/Uni_Eval/HAM10000_clean/ISIC2018/ISIC_0027142.jpg,2,5,0.03240668,0.00010641748,0.1062574,0.0036359287,0.00089102273,0.8357793,0.020923326
/home/share/Uni_Eval/HAM10000_clean/ISIC2018/ISIC_0031396.jpg,2,5,0.001789261,0.00058088795,0.042016093,0.0064433767,0.021797663,0.92686015,0.00051263184
/home/share/Uni_Eval/HAM10000_clean/ISIC2018/ISIC_0027370.jpg,2,5,0.0051911455,0.0016853181,0.04212765,0.0003532619,0.021183114,0.9293211,0.00013833932
/home/share/Uni_Eval/HAM10000_clean/ISIC2018/ISIC_0026566.jpg,2,2,0.0026568847,0.0018260484,0.8886063,0.03339494,0.003631531,0.0568067,0.013077646
/home/share/Uni_Eval/HAM10000_clean/ISIC2018/ISIC_0031511.jpg,2,5,0.00031439014,0.0003562507,0.013792561,0.00016828092,0.018272176,0.96693325,0.00016310345
/home/share/Uni_Eval/HAM10000_clean/ISIC2018/ISIC_0030316.jpg,2,5,0.034607053,0.00013923844,0.062665276,0.004399793,0.0008938722,0.5585295,0.3387653
/home/share/Uni_Eval/HAM10000_clean/ISIC2018/ISIC_0029345.jpg,2,5,0.0009526108,0.0006969449,0.01124812,7.119741e-05,0.03574646,0.9511779,0.00010687997
/home/share/Uni_Eval/HAM10000_clean/ISIC2018/ISIC_0026846.jpg,2,5,0.0065740375,0.002344045,0.29756364,0.00067158014,0.00466169,0.61056095,0.077624105
/home/share/Uni_Eval/HAM10000_clean/ISIC2018/ISIC_0032460.jpg,2,5,0.04963586,0.01216379,0.2856346,0.007377711,0.016114404,0.5172175,0.11185613
/home/share/Uni_Eval/HAM10000_clean/ISIC2018/ISIC_0027025.jpg,2,5,0.0034905341,0.00019692247,0.021382114,0.0005028591,0.002117116,0.9678284,0.004481935
/home/share/Uni_Eval/HAM10000_clean/ISIC2018/ISIC_0030088.jpg,2,5,0.021121,0.000637799,0.07371954,0.0004383524,0.0040310137,0.8980878,0.001964559
/home/share/Uni_Eval/HAM10000_clean/ISIC2018/ISIC_0025392.jpg,2,5,0.00092340744,0.0014756009,0.041796606,0.00018182969,0.08848342,0.86615616,0.000982962
/home/share/Uni_Eval/HAM10000_clean/ISIC2018/ISIC_0026783.jpg,2,5,0.011164126,0.000860885,0.028508596,0.00021766582,0.012261394,0.94407505,0.0029123365
/home/share/Uni_Eval/HAM10000_clean/ISIC2018/ISIC_0025330.jpg,2,5,0.0020262147,0.00018846731,0.25721684,0.004289496,0.0020905337,0.7213824,0.012806071
/home/share/Uni_Eval/HAM10000_clean/ISIC2018/ISIC_0027275.jpg,2,5,0.0018879853,0.0006524702,0.020297753,0.0009493386,0.02774374,0.9479106,0.00055808737
/home/share/Uni_Eval/HAM10000_clean/ISIC2018/ISIC_0029233.jpg,2,5,0.0008541609,0.00014386418,0.05625328,0.0005021353,0.0015957828,0.9367012,0.0039496003
/home/share/Uni_Eval/HAM10000_clean/ISIC2018/ISIC_0032359.jpg,2,5,0.0001671554,0.0004268463,0.005892431,4.7890826e-05,0.03286534,0.9604661,0.00013431314
/home/share/Uni_Eval/HAM10000_clean/ISIC2018/ISIC_0029048.jpg,2,5,0.00015299188,0.00017886562,0.008353073,1.1797467e-05,0.025729278,0.965484,8.993929e-05
/home/share/Uni_Eval/HAM10000_clean/ISIC2018/ISIC_0028925.jpg,2,2,0.17152621,2.3614628e-05,0.5451092,0.0031416125,7.666547e-06,0.014526668,0.265665
/home/share/Uni_Eval/HAM10000_clean/ISIC2018/ISIC_0027008.jpg,3,1,0.00027148717,0.8349815,0.0016118934,0.035557803,0.120290495,0.006179019,0.0011078371
/home/share/Uni_Eval/HAM10000_clean/ISIC2018/ISIC_0032468.jpg,3,2,0.07087908,0.09389953,0.59346324,0.019076847,0.01352751,0.1647988,0.044354994
/home/share/Uni_Eval/HAM10000_clean/ISIC2018/ISIC_0030555.jpg,3,5,0.083466336,0.008526624,0.12144281,0.0010840385,0.003339074,0.7439274,0.038213678
/home/share/Uni_Eval/HAM10000_clean/ISIC2018/ISIC_0030244.jpg,3,1,0.18313476,0.70202726,0.025571343,0.0448791,0.009705787,0.024022052,0.010659721
/home/share/Uni_Eval/HAM10000_clean/ISIC2018/ISIC_0025668.jpg,3,5,0.007812747,0.00074976654,0.15692319,0.0033602202,0.029027874,0.79692173,0.0052044108
/home/share/Uni_Eval/HAM10000_clean/ISIC2018/ISIC_0033790.jpg,3,5,0.0028724966,0.009128775,0.06336626,0.0028724966,0.008575691,0.9025116,0.010672619
/home/share/Uni_Eval/HAM10000_clean/ISIC2018/ISIC_0029039.jpg,3,5,0.00018906465,5.250136e-05,0.007552161,0.0007024604,0.0016851152,0.98913795,0.000680848
/home/share/Uni_Eval/HAM10000_clean/ISIC2018/ISIC_0027107.jpg,3,5,0.032647487,0.008516607,0.06099354,0.020430276,0.0037792213,0.8419898,0.031643033
/home/share/Uni_Eval/HAM10000_clean/ISIC2018/ISIC_0024973.jpg,3,5,0.004885382,0.03609836,0.033911277,0.0073338277,0.18914191,0.725055,0.0035742219
/home/share/Uni_Eval/HAM10000_clean/ISIC2018/ISIC_0025622.jpg,3,1,0.059009295,0.5959728,0.035790946,0.0105797835,0.14155595,0.15546879,0.0016224622
/home/share/Uni_Eval/HAM10000_clean/ISIC2018/ISIC_0033626.jpg,3,5,0.00155266,0.0036100426,0.1535029,0.02281617,0.033197332,0.7795521,0.005768831
/home/share/Uni_Eval/HAM10000_clean/ISIC2018/ISIC_0033891.jpg,3,5,0.044617124,0.0012267493,0.18206573,0.10054625,0.0009553932,0.6556439,0.014944865
/home/share/Uni_Eval/HAM10000_clean/ISIC2018/ISIC_0033005.jpg,3,3,0.009665468,0.039441142,0.100716494,0.67760164,0.057386525,0.031691853,0.083496906
/home/share/Uni_Eval/HAM10000_clean/ISIC2018/ISIC_0033847.jpg,3,5,0.0023872082,7.4375734e-05,0.089579314,0.03194049,0.001238467,0.8499049,0.024875278
/home/share/Uni_Eval/HAM10000_clean/ISIC2018/ISIC_0026471.jpg,3,0,0.5778901,0.0010480002,0.01540025,0.038115986,0.0008161834,0.11029226,0.25643718
/home/share/Uni_Eval/HAM10000_clean/ISIC2018/ISIC_0026629.jpg,3,5,0.01989589,0.008293842,0.15167852,0.003351015,0.083764836,0.72361773,0.009398154
/home/share/Uni_Eval/HAM10000_clean/ISIC2018/ISIC_0025771.jpg,3,5,0.04418807,0.013904393,0.1448871,0.025177604,0.09957936,0.64933896,0.02292447
/home/share/Uni_Eval/HAM10000_clean/ISIC2018/ISIC_0030623.jpg,4,4,2.2508453e-05,0.003340551,0.0023688052,0.000678674,0.74425644,0.24929468,3.828817e-05
/home/share/Uni_Eval/HAM10000_clean/ISIC2018/ISIC_0032396.jpg,4,5,0.0014306176,0.003540813,0.007733847,0.0016725615,0.0335943,0.9515634,0.0004644536
/home/share/Uni_Eval/HAM10000_clean/ISIC2018/ISIC_0028445.jpg,4,5,0.000583668,0.07644542,0.02901541,0.00238173,0.25065488,0.64006966,0.0008492319
/home/share/Uni_Eval/HAM10000_clean/ISIC2018/ISIC_0029512.jpg,4,5,0.0031343787,5.2270716e-05,0.024653802,0.0011175972,0.007757663,0.9544937,0.008790582
/home/share/Uni_Eval/HAM10000_clean/ISIC2018/ISIC_0028579.jpg,4,5,0.0014565971,0.005411915,0.061936088,0.00039203782,0.12708461,0.8031994,0.00051936565
/home/share/Uni_Eval/HAM10000_clean/ISIC2018/ISIC_0031953.jpg,4,5,0.0012073468,0.0059427693,0.05133769,0.003958738,0.082037404,0.8548493,0.00066676026
/home/share/Uni_Eval/HAM10000_clean/ISIC2018/ISIC_0032079.jpg,4,5,0.00586405,0.012808261,0.030725423,4.4772572e-05,0.052265704,0.89792854,0.00036334243
/home/share/Uni_Eval/HAM10000_clean/ISIC2018/ISIC_0026150.jpg,4,5,0.00012006452,0.0030012354,0.006158135,0.000782919,0.04694722,0.9429601,3.0357067e-05
/home/share/Uni_Eval/HAM10000_clean/ISIC2018/ISIC_0031642.jpg,4,5,9.31206e-05,0.0017570569,0.0057611675,8.747871e-05,0.08205503,0.910178,6.8128495e-05
/home/share/Uni_Eval/HAM10000_clean/ISIC2018/ISIC_0029000.jpg,4,5,0.00025118387,0.0068959203,0.0038082886,0.008854536,0.2283615,0.74876857,0.0030600461
/home/share/Uni_Eval/HAM10000_clean/ISIC2018/ISIC_0025751.jpg,4,5,0.00031228497,0.0006611073,0.011718407,0.00016201132,0.05590539,0.9309084,0.0003324256
/home/share/Uni_Eval/HAM10000_clean/ISIC2018/ISIC_0026892.jpg,4,5,0.00095458725,0.0066261496,0.009056873,0.002289936,0.16563289,0.81527364,0.0001658824
/home/share/Uni_Eval/HAM10000_clean/ISIC2018/ISIC_0028291.jpg,4,5,0.00040429182,0.0025552032,0.022774277,0.00010881366,0.06387203,0.90971524,0.0005701428
/home/share/Uni_Eval/HAM10000_clean/ISIC2018/ISIC_0027769.jpg,4,5,0.0007934275,0.01406384,0.05562357,0.009368538,0.24161778,0.67763376,0.0008990712
/home/share/Uni_Eval/HAM10000_clean/ISIC2018/ISIC_0030445.jpg,4,6,0.016624922,0.41557077,0.0019244746,0.0012425341,0.012549151,0.0015463588,0.5505418
/home/share/Uni_Eval/HAM10000_clean/ISIC2018/ISIC_0025155.jpg,4,5,0.0016643093,0.00055747374,0.14981635,0.00040785654,0.004249962,0.8356084,0.0076956875
/home/share/Uni_Eval/HAM10000_clean/ISIC2018/ISIC_0027102.jpg,4,5,5.5243065e-05,0.0046715345,0.008198799,2.529212e-05,0.17529804,0.8105699,0.0011811488
/home/share/Uni_Eval/HAM10000_clean/ISIC2018/ISIC_0032046.jpg,4,5,0.11245235,0.03026614,0.23073724,0.0008585843,0.068205796,0.5535099,0.003970053
/home/share/Uni_Eval/HAM10000_clean/ISIC2018/ISIC_0029630.jpg,4,5,0.121826686,0.03490393,0.22059965,0.00079560647,0.013668575,0.59965193,0.008553576
/home/share/Uni_Eval/HAM10000_clean/ISIC2018/ISIC_0031941.jpg,4,5,0.015837546,0.008746323,0.020335812,0.000106712556,0.028678093,0.9204691,0.0058263075
/home/share/Uni_Eval/HAM10000_clean/ISIC2018/ISIC_0031586.jpg,4,5,0.00021308336,0.003896888,0.02313689,0.00030049574,0.15566064,0.81560344,0.0011884837
/home/share/Uni_Eval/HAM10000_clean/ISIC2018/ISIC_0027261.jpg,4,3,0.00029692193,0.0682525,0.015712617,0.5368475,0.15380938,0.22379132,0.0012897702
/home/share/Uni_Eval/HAM10000_clean/ISIC2018/ISIC_0024675.jpg,4,5,0.0002107751,0.00025424332,0.027606092,0.0012514294,0.026756743,0.9432077,0.00071304303
/home/share/Uni_Eval/HAM10000_clean/ISIC2018/ISIC_0025891.jpg,4,5,8.417706e-05,0.00068312127,0.012492983,0.0017444113,0.16201146,0.82276213,0.00022177701
/home/share/Uni_Eval/HAM10000_clean/ISIC2018/ISIC_0031189.jpg,4,5,7.7337805e-05,0.0029942018,0.004936604,0.0012877901,0.20990975,0.7799093,0.00088508433
/home/share/Uni_Eval/HAM10000_clean/ISIC2018/ISIC_0034006.jpg,4,5,0.0002856943,0.00888769,0.0023920892,7.9334444e-05,0.30366257,0.68431413,0.00037848344
/home/share/Uni_Eval/HAM10000_clean/ISIC2018/ISIC_0028696.jpg,4,5,0.0065274565,0.0024013172,0.04256437,0.0008043406,0.025816595,0.9100663,0.011819698
/home/share/Uni_Eval/HAM10000_clean/ISIC2018/ISIC_0028325.jpg,4,5,0.0011797736,0.0015629461,0.020268593,3.0472598e-05,0.029490631,0.9465488,0.0009188085
/home/share/Uni_Eval/HAM10000_clean/ISIC2018/ISIC_0028489.jpg,4,5,1.10978535e-05,6.79826e-05,0.014228491,0.00026887638,0.048134368,0.93705916,0.00022998216
/home/share/Uni_Eval/HAM10000_clean/ISIC2018/ISIC_0028969.jpg,4,5,0.0026129074,0.0057071145,0.009119944,5.5950586e-05,0.022572078,0.95978916,0.00014287482
/home/share/Uni_Eval/HAM10000_clean/ISIC2018/ISIC_0033496.jpg,4,5,0.014073037,0.028876,0.055659942,0.0010518082,0.08098474,0.81791687,0.0014376512
/home/share/Uni_Eval/HAM10000_clean/ISIC2018/ISIC_0033573.jpg,4,5,0.011197766,0.13221963,0.037881553,0.0010095093,0.1923784,0.6113773,0.013935845
/home/share/Uni_Eval/HAM10000_clean/ISIC2018/ISIC_0030828.jpg,4,4,5.861731e-05,0.005616871,0.02679659,0.00080918695,0.5056146,0.46036732,0.0007367731
/home/share/Uni_Eval/HAM10000_clean/ISIC2018/ISIC_0033931.jpg,4,5,0.017120412,0.0213067,0.052734584,0.0023905453,0.03404801,0.85109305,0.0213067
/home/share/Uni_Eval/HAM10000_clean/ISIC2018/ISIC_0033268.jpg,4,5,0.0005961698,0.0024327452,0.048862994,4.31864e-05,0.021682821,0.92197704,0.0044051325
/home/share/Uni_Eval/HAM10000_clean/ISIC2018/ISIC_0033428.jpg,4,4,6.807952e-05,0.008916657,0.0007094048,7.477072e-05,0.6449489,0.3452163,6.5984925e-05
/home/share/Uni_Eval/HAM10000_clean/ISIC2018/ISIC_0033152.jpg,4,5,5.3494077e-06,0.00037502244,0.0036710605,0.01645255,0.23433004,0.74469936,0.00046672294
/home/share/Uni_Eval/HAM10000_clean/ISIC2018/ISIC_0034236.jpg,4,5,0.0016784654,0.0041542416,0.013202153,0.0008180187,0.016430344,0.95492226,0.008794529
/home/share/Uni_Eval/HAM10000_clean/ISIC2018/ISIC_0025987.jpg,4,4,0.00023853272,0.005261948,0.003397369,0.0021935063,0.60819846,0.3806009,0.00010920824
/home/share/Uni_Eval/HAM10000_clean/ISIC2018/ISIC_0032447.jpg,4,5,0.0003477494,0.029406825,0.00086068804,0.00014496352,0.10263991,0.8593934,0.007206453
/home/share/Uni_Eval/HAM10000_clean/ISIC2018/ISIC_0033831.jpg,4,5,0.00015036848,0.009016747,0.0009503581,0.00012465985,0.09693916,0.8914359,0.0013827628
/home/share/Uni_Eval/HAM10000_clean/ISIC2018/ISIC_0032583.jpg,4,4,0.0063411286,0.26963165,0.030251829,0.01619264,0.43087015,0.24550238,0.0012102256
/home/share/Uni_Eval/HAM10000_clean/ISIC2018/ISIC_0034294.jpg,4,5,0.0034710483,0.03505635,0.0014928794,3.2982003e-05,0.27573952,0.6824619,0.0017453526
/home/share/Uni_Eval/HAM10000_clean/ISIC2018/ISIC_0032984.jpg,4,6,0.0031994001,0.123867616,0.018995713,0.060368247,0.079974934,0.23876107,0.47483307
/home/share/Uni_Eval/HAM10000_clean/ISIC2018/ISIC_0033802.jpg,4,5,0.0010651457,0.0009399878,0.010105821,0.00012329957,0.018299278,0.96836746,0.001098957
/home/share/Uni_Eval/HAM10000_clean/ISIC2018/ISIC_0032993.jpg,4,5,1.4604056e-05,0.012472721,0.00046874044,4.225823e-05,0.43967858,0.5471888,0.0001342964
/home/share/Uni_Eval/HAM10000_clean/ISIC2018/ISIC_0033804.jpg,4,5,0.0001123218,0.0024777793,0.025024686,0.0006072059,0.30486307,0.6658821,0.001032892
/home/share/Uni_Eval/HAM10000_clean/ISIC2018/ISIC_0032774.jpg,4,4,0.00046210995,0.044280645,0.0010413809,0.002071033,0.8098084,0.14072359,0.0016129224
/home/share/Uni_Eval/HAM10000_clean/ISIC2018/ISIC_0032840.jpg,4,1,0.023922816,0.8173624,0.025465706,0.012410993,0.052252233,0.022473406,0.046112437
/home/share/Uni_Eval/HAM10000_clean/ISIC2018/ISIC_0034208.jpg,4,5,0.011986472,0.003126858,0.020389674,0.0007905935,0.021036914,0.9229072,0.01976235
/home/share/Uni_Eval/HAM10000_clean/ISIC2018/ISIC_0033287.jpg,4,5,0.033433262,0.003993034,0.37085134,0.008721588,0.040328212,0.47618255,0.06648998
/home/share/Uni_Eval/HAM10000_clean/ISIC2018/ISIC_0033286.jpg,4,5,0.0082562575,0.021083092,0.0068446784,0.00010073333,0.08603218,0.8688942,0.008788741
/home/share/Uni_Eval/HAM10000_clean/ISIC2018/ISIC_0033175.jpg,4,5,0.014931917,0.00377538,0.10693818,0.0048476835,0.0537719,0.815255,0.00047998567
/home/share/Uni_Eval/HAM10000_clean/ISIC2018/ISIC_0033942.jpg,4,5,0.042061947,0.15627912,0.07382102,0.011680183,0.08630552,0.5990791,0.030773181
/home/share/Uni_Eval/HAM10000_clean/ISIC2018/ISIC_0032522.jpg,4,5,0.008146516,0.018358456,0.0084051145,0.00078179745,0.046879966,0.912639,0.00478909
/home/share/Uni_Eval/HAM10000_clean/ISIC2018/ISIC_0033272.jpg,4,5,0.035089996,0.001059626,0.104759365,0.00013471632,0.006097726,0.8501527,0.0027058497
/home/share/Uni_Eval/HAM10000_clean/ISIC2018/ISIC_0033004.jpg,4,5,0.0042693047,0.0005427811,0.02783936,0.00038488943,0.04050603,0.92191297,0.0045446507
/home/share/Uni_Eval/HAM10000_clean/ISIC2018/ISIC_0032511.jpg,4,5,0.0018926166,0.02612677,0.0046842713,0.00029024217,0.22570083,0.7400446,0.0012607547
/home/share/Uni_Eval/HAM10000_clean/ISIC2018/ISIC_0034085.jpg,4,5,0.0008666319,0.0019529852,0.009030512,0.0005256388,0.03685013,0.9503773,0.000396773
/home/share/Uni_Eval/HAM10000_clean/ISIC2018/ISIC_0033299.jpg,4,5,0.0001059824,0.0014403595,0.00025029693,0.0001059824,0.06940041,0.9285672,0.00012985236
/home/share/Uni_Eval/HAM10000_clean/ISIC2018/ISIC_0033779.jpg,4,5,0.00027346966,0.005492784,0.03933778,0.0010815933,0.23355915,0.7194128,0.00084234576
/home/share/Uni_Eval/HAM10000_clean/ISIC2018/ISIC_0034065.jpg,4,5,0.00024925973,0.017474458,0.04900833,0.023884753,0.30974218,0.5970437,0.0025973462
/home/share/Uni_Eval/HAM10000_clean/ISIC2018/ISIC_0033038.jpg,4,5,0.0032222136,0.035741717,0.017972065,0.00036152237,0.1993513,0.7406799,0.0026713088
/home/share/Uni_Eval/HAM10000_clean/ISIC2018/ISIC_0033630.jpg,4,5,0.038371794,0.09204916,0.06527263,0.00066022325,0.3875414,0.4125357,0.003569133
/home/share/Uni_Eval/HAM10000_clean/ISIC2018/ISIC_0034150.jpg,4,5,0.0061043627,0.0050606946,0.04953868,0.00039023886,0.012922935,0.9059677,0.020015433
/home/share/Uni_Eval/HAM10000_clean/ISIC2018/ISIC_0032915.jpg,4,1,0.047357533,0.74079645,0.0032227207,0.00095263444,0.030576322,0.16020848,0.016885849
/home/share/Uni_Eval/HAM10000_clean/ISIC2018/ISIC_0028460.jpg,4,5,0.0014831023,0.0116655035,0.023199625,2.4733074e-05,0.06306311,0.89819396,0.0023699908
/home/share/Uni_Eval/HAM10000_clean/ISIC2018/ISIC_0033883.jpg,4,5,0.0019624962,0.00089849636,0.12924597,0.00032036874,0.017491538,0.84278953,0.007291558
/home/share/Uni_Eval/HAM10000_clean/ISIC2018/ISIC_0034005.jpg,4,5,0.00039326103,0.00013380033,0.0065483837,0.00050495716,0.0016047505,0.97186637,0.018948378
/home/share/Uni_Eval/HAM10000_clean/ISIC2018/ISIC_0033872.jpg,4,5,0.011853939,0.0365127,0.090369806,0.002262364,0.099251814,0.7566571,0.0030922848
/home/share/Uni_Eval/HAM10000_clean/ISIC2018/ISIC_0032547.jpg,4,5,7.4653275e-05,0.005747984,0.0010305566,2.8335186e-05,0.28574482,0.7072252,0.00014846577
/home/share/Uni_Eval/HAM10000_clean/ISIC2018/ISIC_0032806.jpg,4,5,0.0011918151,0.0022972836,0.019234918,4.207622e-05,0.019234918,0.95620984,0.0017891263
/home/share/Uni_Eval/HAM10000_clean/ISIC2018/ISIC_0033569.jpg,4,4,0.00022803142,0.10424335,0.00015672354,6.137383e-05,0.84596515,0.049241073,0.00010440039
/home/share/Uni_Eval/HAM10000_clean/ISIC2018/ISIC_0032810.jpg,4,5,0.002505727,0.015349439,0.023773676,0.0003724431,0.09113382,0.8646536,0.0022112962
/home/share/Uni_Eval/HAM10000_clean/ISIC2018/ISIC_0032517.jpg,4,5,0.000631506,0.0070048454,0.013086774,7.310213e-05,0.21791437,0.76059586,0.0006935737
/home/share/Uni_Eval/HAM10000_clean/ISIC2018/ISIC_0034022.jpg,4,5,0.0025925257,0.022396004,0.08065111,0.0010152477,0.15067612,0.7416538,0.0010152477
/home/share/Uni_Eval/HAM10000_clean/ISIC2018/ISIC_0033444.jpg,4,5,0.00033709282,0.00041951882,0.0028224438,0.004953543,0.0147885475,0.97394335,0.0027356066
/home/share/Uni_Eval/HAM10000_clean/ISIC2018/ISIC_0032695.jpg,4,5,0.0002731596,0.02309927,0.00030953038,6.4240976e-06,0.36133334,0.61464876,0.00032949337
/home/share/Uni_Eval/HAM10000_clean/ISIC2018/ISIC_0026430.jpg,4,5,0.05755085,0.009693145,0.1718151,0.00034220985,0.011692164,0.7233686,0.025538035
/home/share/Uni_Eval/HAM10000_clean/ISIC2018/ISIC_0032968.jpg,4,5,0.06307281,0.047609854,0.027127279,0.0007939695,0.059251424,0.76838416,0.033760443
/home/share/Uni_Eval/HAM10000_clean/ISIC2018/ISIC_0029265.jpg,4,5,0.039627343,0.07175585,0.02991229,0.0022356217,0.09506104,0.7477131,0.013694843
/home/share/Uni_Eval/HAM10000_clean/ISIC2018/ISIC_0034205.jpg,4,5,0.00012859901,0.0020116272,0.017929437,0.0018316074,0.113317534,0.8638887,0.0008926541
/home/share/Uni_Eval/HAM10000_clean/ISIC2018/ISIC_0033612.jpg,4,5,3.1027972e-05,0.00040237678,0.0014950113,9.263241e-05,0.0340263,0.9637999,0.00015272501
/home/share/Uni_Eval/HAM10000_clean/ISIC2018/ISIC_0033616.jpg,4,5,1.2359826e-05,8.85176e-05,0.006402548,1.7430148e-05,0.04307514,0.9502224,0.0001816263
/home/share/Uni_Eval/HAM10000_clean/ISIC2018/ISIC_0029606.jpg,4,5,0.00012366529,0.0024838839,0.028426545,0.0024074628,0.13561547,0.8307454,0.00019761657
/home/share/Uni_Eval/HAM10000_clean/ISIC2018/ISIC_0032597.jpg,4,5,0.0007151496,0.0010085226,0.0028284716,5.0211383e-05,0.013922224,0.9760233,0.005452022
/home/share/Uni_Eval/HAM10000_clean/ISIC2018/ISIC_0032982.jpg,4,5,0.00037979466,0.005409331,0.045291778,0.0010323889,0.14393696,0.8028159,0.0011338574
/home/share/Uni_Eval/HAM10000_clean/ISIC2018/ISIC_0033226.jpg,4,5,0.00037173808,0.00033847135,0.0041234256,3.051412e-05,0.01682615,0.9779262,0.00038353828
/home/share/Uni_Eval/HAM10000_clean/ISIC2018/ISIC_0033670.jpg,4,5,0.0008814058,0.0097768055,0.009184458,2.9232118e-05,0.20260593,0.7766679,0.00085428776
/home/share/Uni_Eval/HAM10000_clean/ISIC2018/ISIC_0034107.jpg,4,5,0.0014442848,0.008311285,0.033915233,0.00087600295,0.040909577,0.9024508,0.012092848
/home/share/Uni_Eval/HAM10000_clean/ISIC2018/ISIC_0033055.jpg,4,5,0.0048985877,0.0057270294,0.0073536523,0.00016762046,0.07662681,0.9047847,0.00044162112
/home/share/Uni_Eval/HAM10000_clean/ISIC2018/ISIC_0033061.jpg,4,1,0.00056848367,0.62341803,0.0005509933,0.00023697926,0.24413401,0.13067552,0.00041591155
/home/share/Uni_Eval/HAM10000_clean/ISIC2018/ISIC_0033696.jpg,4,1,0.0006685155,0.7803982,0.001506523,0.0006897365,0.19731556,0.018353207,0.0010682847
/home/share/Uni_Eval/HAM10000_clean/ISIC2018/ISIC_0027234.jpg,4,5,0.0021560395,0.0001883926,0.008797986,1.725157e-05,0.0026006799,0.985622,0.0006177156
/home/share/Uni_Eval/HAM10000_clean/ISIC2018/ISIC_0032918.jpg,4,5,0.035219293,0.0028020295,0.2948875,0.00026062934,0.017164512,0.6440936,0.005572501
/home/share/Uni_Eval/HAM10000_clean/ISIC2018/ISIC_0028520.jpg,4,4,0.00017938075,0.02500949,0.0004042408,6.0085025e-05,0.50232905,0.47189447,0.00012328647
/home/share/Uni_Eval/HAM10000_clean/ISIC2018/ISIC_0032807.jpg,4,5,0.0047613923,0.004472914,0.021339081,8.1924285e-05,0.08180106,0.87944424,0.008099401
/home/share/Uni_Eval/HAM10000_clean/ISIC2018/ISIC_0032645.jpg,4,5,0.0017272072,0.0028476832,0.047418177,0.001431905,0.12889598,0.8146477,0.003031343
/home/share/Uni_Eval/HAM10000_clean/ISIC2018/ISIC_0033807.jpg,4,1,0.029315894,0.38017428,0.009819595,0.013008849,0.3571407,0.17405649,0.03648422
/home/share/Uni_Eval/HAM10000_clean/ISIC2018/ISIC_0033454.jpg,4,5,4.420246e-05,0.0028215183,0.00015917917,6.0417602e-05,0.16398503,0.8327847,0.0001449343
/home/share/Uni_Eval/HAM10000_clean/ISIC2018/ISIC_0032960.jpg,4,5,0.3134611,0.0040711495,0.22227722,0.00018455187,0.0061115185,0.4152685,0.038625985
/home/share/Uni_Eval/HAM10000_clean/ISIC2018/ISIC_0033773.jpg,4,5,0.0006704183,0.0018223859,0.025157264,0.0001405273,0.085105926,0.8868241,0.00027947195
/home/share/Uni_Eval/HAM10000_clean/ISIC2018/ISIC_0033730.jpg,4,4,3.392561e-05,0.0019717372,0.00030237567,6.5393324e-05,0.5298876,0.4676242,0.00011476886
/home/share/Uni_Eval/HAM10000_clean/ISIC2018/ISIC_0033805.jpg,4,5,6.756289e-05,0.002784459,0.034998443,0.00077321636,0.13416274,0.8218464,0.005367185
/home/share/Uni_Eval/HAM10000_clean/ISIC2018/ISIC_0027204.jpg,4,5,0.0344039,0.0012146063,0.013900433,9.9700956e-05,0.0052760094,0.9445135,0.0005919518
/home/share/Uni_Eval/HAM10000_clean/ISIC2018/ISIC_0033178.jpg,4,4,4.608322e-06,0.0034733114,0.00077500055,5.6140852e-05,0.68290687,0.31265756,0.00012651537
/home/share/Uni_Eval/HAM10000_clean/ISIC2018/ISIC_0033023.jpg,4,4,0.00010013008,0.00747239,0.00019913242,4.8799502e-05,0.5576407,0.434291,0.00024782433
/home/share/Uni_Eval/HAM10000_clean/ISIC2018/ISIC_0027069.jpg,4,0,0.40810946,0.3601553,0.0038778675,0.00013063611,0.014865385,0.19889666,0.013964737
/home/share/Uni_Eval/HAM10000_clean/ISIC2018/ISIC_0026545.jpg,4,5,7.9462545e-05,0.0005022187,0.0006250213,4.772097e-06,0.03205748,0.9665959,0.00013517034
/home/share/Uni_Eval/HAM10000_clean/ISIC2018/ISIC_0026268.jpg,4,5,4.4511024e-05,0.003024457,6.27706e-05,4.3637067e-07,0.016350059,0.9804205,9.722101e-05
/home/share/Uni_Eval/HAM10000_clean/ISIC2018/ISIC_0027282.jpg,4,5,0.008100906,0.0038265975,0.06782806,0.00019656266,0.2520118,0.66396266,0.004073391
/home/share/Uni_Eval/HAM10000_clean/ISIC2018/ISIC_0028463.jpg,4,5,1.9797431e-05,2.140613e-05,0.00010373112,1.5418256e-05,0.011989688,0.9826932,0.0051567005
/home/share/Uni_Eval/HAM10000_clean/ISIC2018/ISIC_0024823.jpg,4,4,0.00031132184,0.004037284,0.0012703874,0.0002747406,0.87181044,0.12173201,0.000563731
/home/share/Uni_Eval/HAM10000_clean/ISIC2018/ISIC_0025512.jpg,4,5,0.00019664862,0.0037104874,0.006512108,0.0007777604,0.1051001,0.87999237,0.0037104874
/home/share/Uni_Eval/HAM10000_clean/ISIC2018/ISIC_0027622.jpg,4,5,0.0004494621,0.005475569,0.0139823565,8.8504334e-05,0.23282713,0.7399231,0.007253951
/home/share/Uni_Eval/HAM10000_clean/ISIC2018/ISIC_0026167.jpg,4,5,0.0035686248,0.017024959,0.0019101474,8.309801e-06,0.07167775,0.90093255,0.004877732
/home/share/Uni_Eval/HAM10000_clean/ISIC2018/ISIC_0032134.jpg,4,5,2.241084e-05,0.001620994,0.0004943752,1.4469526e-05,0.23317504,0.7645516,0.000121151854
/home/share/Uni_Eval/HAM10000_clean/ISIC2018/ISIC_0030756.jpg,4,5,0.00070512143,0.0019167188,0.0028773358,7.911243e-05,0.051002,0.93272907,0.010690601
/home/share/Uni_Eval/HAM10000_clean/ISIC2018/ISIC_0030034.jpg,4,5,0.027441794,0.042502683,0.09578127,0.0019878766,0.041195013,0.77729285,0.0137986
/home/share/Uni_Eval/HAM10000_clean/ISIC2018/ISIC_0025316.jpg,4,5,0.0001370544,0.0014281396,0.02780241,0.000212274,0.18129447,0.7875073,0.0016182942
/home/share/Uni_Eval/HAM10000_clean/ISIC2018/ISIC_0028760.jpg,4,5,1.5198916e-05,0.00032496714,0.009204743,0.0013681628,0.049760368,0.9389093,0.0004172661
/home/share/Uni_Eval/HAM10000_clean/ISIC2018/ISIC_0028003.jpg,4,5,9.327519e-05,0.00038062097,0.0028124298,0.00094204594,0.025066916,0.9704878,0.0002168713
/home/share/Uni_Eval/HAM10000_clean/ISIC2018/ISIC_0025145.jpg,4,4,0.00029719295,0.01572696,0.0005381469,3.5494635e-05,0.85866284,0.12370212,0.0010373055
/home/share/Uni_Eval/HAM10000_clean/ISIC2018/ISIC_0029172.jpg,4,5,0.007227421,0.0014683395,0.05684806,0.00025515913,0.014373441,0.91748124,0.0023463995
/home/share/Uni_Eval/HAM10000_clean/ISIC2018/ISIC_0028543.jpg,4,5,0.00010458121,0.016013926,0.0014436992,8.670087e-05,0.34239283,0.639674,0.0002842812
/home/share/Uni_Eval/HAM10000_clean/ISIC2018/ISIC_0027130.jpg,4,5,0.0056770435,0.04065739,0.021092774,0.002293733,0.30995607,0.6164212,0.003901771
/home/share/Uni_Eval/HAM10000_clean/ISIC2018/ISIC_0026094.jpg,4,5,0.0026556063,0.009268976,0.068488985,0.0006507843,0.13201599,0.78381497,0.0031047182
/home/share/Uni_Eval/HAM10000_clean/ISIC2018/ISIC_0024525.jpg,4,5,0.009276503,0.001255438,0.017880926,2.5254134e-05,0.025216145,0.9462289,0.000116773925
/home/share/Uni_Eval/HAM10000_clean/ISIC2018/ISIC_0026009.jpg,4,5,0.0076773986,0.00699035,0.033349097,0.000370475,0.00926071,0.91555524,0.02679675
/home/share/Uni_Eval/HAM10000_clean/ISIC2018/ISIC_0027030.jpg,4,5,0.004043848,0.0023041146,0.071678914,0.00033193923,0.005192403,0.90094715,0.015501651
/home/share/Uni_Eval/HAM10000_clean/ISIC2018/ISIC_0026796.jpg,4,5,0.055253256,0.013540392,0.06664815,0.0011831463,0.025296785,0.67312247,0.16495575
/home/share/Uni_Eval/HAM10000_clean/ISIC2018/ISIC_0026604.jpg,4,2,0.013573631,0.00012897703,0.6143894,0.00011382182,0.0015712617,0.3611809,0.009041987
/home/share/Uni_Eval/HAM10000_clean/ISIC2018/ISIC_0024952.jpg,4,5,0.001127911,0.009443884,0.01657453,0.0001433978,0.14772719,0.8239561,0.0010269748
/home/share/Uni_Eval/HAM10000_clean/ISIC2018/ISIC_0032192.jpg,4,5,0.00094007835,0.007629009,0.014252864,0.00029580877,0.0375513,0.93866426,0.0006666153
/home/share/Uni_Eval/HAM10000_clean/ISIC2018/ISIC_0024323.jpg,4,5,0.0060851267,0.0010249027,0.0044519743,0.0004841297,0.012882214,0.96135867,0.013713044
/home/share/Uni_Eval/HAM10000_clean/ISIC2018/ISIC_0027436.jpg,4,5,0.007956706,0.0002557679,0.01311839,0.0007635819,0.0045335945,0.9488636,0.024508381
/home/share/Uni_Eval/HAM10000_clean/ISIC2018/ISIC_0031915.jpg,4,5,0.0024911251,0.0014194004,0.05849753,7.291102e-05,0.014790492,0.91505533,0.0076732067
/home/share/Uni_Eval/HAM10000_clean/ISIC2018/ISIC_0026847.jpg,4,5,0.00071183604,0.004096334,0.008947215,0.00017444292,0.040098637,0.9416111,0.004360525
/home/share/Uni_Eval/HAM10000_clean/ISIC2018/ISIC_0029958.jpg,4,5,0.029577155,0.0006333401,0.04580999,1.5609545e-05,0.0013407809,0.9201183,0.0025049085
/home/share/Uni_Eval/HAM10000_clean/ISIC2018/ISIC_0031170.jpg,4,5,0.0008953141,0.0014307079,0.045920853,8.592068e-05,0.05043419,0.8939674,0.007265734
/home/share/Uni_Eval/HAM10000_clean/ISIC2018/ISIC_0024652.jpg,4,5,0.004924068,0.022068143,0.05130997,0.0005354675,0.037539177,0.8543877,0.029235538
/home/share/Uni_Eval/HAM10000_clean/ISIC2018/ISIC_0030653.jpg,4,5,1.5946302e-05,0.0027668837,0.0036655257,3.5935547e-05,0.17661491,0.81665903,0.00024176762
/home/share/Uni_Eval/HAM10000_clean/ISIC2018/ISIC_0026652.jpg,4,5,0.006564846,0.022208588,0.029421598,0.00053887535,0.07997619,0.85982513,0.0014648152
/home/share/Uni_Eval/HAM10000_clean/ISIC2018/ISIC_0029885.jpg,4,5,0.00045708523,0.0009378781,0.42874599,0.0037093796,0.004203277,0.5505207,0.011425693
/home/share/Uni_Eval/HAM10000_clean/ISIC2018/ISIC_0025814.jpg,4,5,0.014853719,0.018485753,0.10310525,0.00467393,0.07782793,0.4918876,0.2891658
/home/share/Uni_Eval/HAM10000_clean/ISIC2018/ISIC_0031550.jpg,4,5,0.0001134132,0.0022779652,0.0039979536,0.0004627967,0.044346448,0.9481688,0.0006325681
/home/share/Uni_Eval/HAM10000_clean/ISIC2018/ISIC_0029893.jpg,4,2,0.022472164,0.0048599457,0.54445064,6.311968e-05,0.0036684796,0.14202844,0.28245726
/home/share/Uni_Eval/HAM10000_clean/ISIC2018/ISIC_0031417.jpg,4,5,0.0001729702,0.0004557158,0.011391461,0.003936784,0.019992637,0.9632992,0.0007513484
/home/share/Uni_Eval/HAM10000_clean/ISIC2018/ISIC_0024647.jpg,4,5,0.0041915327,0.0007283792,0.022659212,0.00017032301,0.0024640746,0.9634942,0.0062922356
/home/share/Uni_Eval/HAM10000_clean/ISIC2018/ISIC_0028567.jpg,4,2,0.008539463,0.00013588766,0.5450885,0.00028767416,0.0064459248,0.42451537,0.014987225
/home/share/Uni_Eval/HAM10000_clean/ISIC2018/ISIC_0031203.jpg,4,5,0.012836972,0.042090815,0.018103033,0.0008466901,0.17175679,0.7460775,0.008288173
/home/share/Uni_Eval/HAM10000_clean/ISIC2018/ISIC_0024679.jpg,4,5,0.13935277,0.07695791,0.20275708,0.0026333549,0.04815903,0.5018286,0.028311234
/home/share/Uni_Eval/HAM10000_clean/ISIC2018/ISIC_0026690.jpg,4,5,0.0007347451,0.000609125,0.0029059732,0.00028773033,0.02285725,0.971915,0.0006902291
/home/share/Uni_Eval/HAM10000_clean/ISIC2018/ISIC_0032269.jpg,4,5,0.00059416576,8.694566e-05,0.0023499713,8.427063e-05,0.005637288,0.97814023,0.013107087
/home/share/Uni_Eval/HAM10000_clean/ISIC2018/ISIC_0028218.jpg,4,5,0.0062514483,0.0003996417,0.016470373,0.00010425277,0.003561968,0.9572486,0.015963633
/home/share/Uni_Eval/HAM10000_clean/ISIC2018/ISIC_0025105.jpg,4,5,6.399877e-05,0.0006668825,0.008922789,3.4256074e-05,0.10535742,0.88214684,0.0028076803
/home/share/Uni_Eval/HAM10000_clean/ISIC2018/ISIC_0025766.jpg,4,5,0.0044659297,0.013332804,0.022679863,0.0002155047,0.03624232,0.90594393,0.01711966
/home/share/Uni_Eval/HAM10000_clean/ISIC2018/ISIC_0031410.jpg,4,5,4.045504e-05,0.011755379,0.001448547,7.677018e-05,0.162278,0.8241157,0.0002852358
/home/share/Uni_Eval/HAM10000_clean/ISIC2018/ISIC_0025573.jpg,4,5,0.00050338224,0.002186593,0.011456928,0.0001313151,0.049766626,0.9101365,0.025818586
/home/share/Uni_Eval/HAM10000_clean/ISIC2018/ISIC_0032149.jpg,4,5,0.29352108,0.18951146,0.047916003,0.00032285549,0.05262543,0.41393107,0.002172111
/home/share/Uni_Eval/HAM10000_clean/ISIC2018/ISIC_0026802.jpg,4,5,5.0027294e-05,0.009836142,0.00035828142,6.62754e-05,0.074986905,0.9135275,0.0011747596
/home/share/Uni_Eval/HAM10000_clean/ISIC2018/ISIC_0031900.jpg,4,5,0.030809222,0.0077897906,0.11447014,0.00072456343,0.00314736,0.81980294,0.023256019
/home/share/Uni_Eval/HAM10000_clean/ISIC2018/ISIC_0031377.jpg,4,5,0.0018137894,0.0069529656,0.05468931,0.0024028807,0.09902955,0.8291642,0.005947186
/home/share/Uni_Eval/HAM10000_clean/ISIC2018/ISIC_0031957.jpg,4,5,0.0046766656,0.0024262222,0.38330668,0.00023283745,0.014862413,0.57541144,0.019083716
/home/share/Uni_Eval/HAM10000_clean/ISIC2018/ISIC_0029021.jpg,4,5,0.00782919,0.002463564,0.13877572,0.00033340714,0.012908152,0.8239494,0.013740657
/home/share/Uni_Eval/HAM10000_clean/ISIC2018/ISIC_0025616.jpg,4,5,0.0033774567,0.0035952837,0.014671002,5.995703e-05,0.009772995,0.96620196,0.0023212896
/home/share/Uni_Eval/HAM10000_clean/ISIC2018/ISIC_0028968.jpg,4,5,0.040875606,0.0043082573,0.12590574,0.024029529,0.0048818956,0.49796686,0.30203217
/home/share/Uni_Eval/HAM10000_clean/ISIC2018/ISIC_0027797.jpg,4,5,0.0012664961,0.0041526807,0.09751479,0.0028540932,0.075944595,0.81648135,0.0017860457
/home/share/Uni_Eval/HAM10000_clean/ISIC2018/ISIC_0029486.jpg,6,5,0.018478591,0.010204847,0.12049555,0.01682495,0.047186732,0.7381247,0.048684604
/home/share/Uni_Eval/HAM10000_clean/ISIC2018/ISIC_0026092.jpg,6,4,0.00061905896,0.38681448,0.0007704313,0.035979353,0.54549587,0.028020747,0.0023000832
/home/share/Uni_Eval/HAM10000_clean/ISIC2018/ISIC_0031217.jpg,6,3,0.0006404643,0.023293821,0.005708396,0.9304684,0.009411555,0.028097712,0.0023796135
/home/share/Uni_Eval/HAM10000_clean/ISIC2018/ISIC_0032240.jpg,6,6,0.00037484427,0.0058635506,0.02886141,0.1334538,0.0048610545,0.009081646,0.8175037
/home/share/Uni_Eval/HAM10000_clean/ISIC2018/ISIC_0025807.jpg,6,2,0.0011317637,0.056262445,0.34464926,0.23687375,0.3138067,0.007380027,0.03989605
/home/share/Uni_Eval/HAM10000_clean/ISIC2018/ISIC_0032745.jpg,6,4,2.4644542e-05,0.06689004,0.0002649538,0.0008687499,0.8949788,0.03694019,3.264871e-05
/home/share/Uni_Eval/HAM10000_clean/ISIC2018/ISIC_0032557.jpg,6,4,0.00015982697,0.38282833,0.0004081325,0.0030157138,0.5570119,0.05515165,0.0014245223
/home/share/Uni_Eval/HAM10000_clean/ISIC2018/ISIC_0033230.jpg,6,6,8.763818e-05,0.19113147,0.011842698,0.032191794,0.04985962,0.1442736,0.57061315
/home/share/Uni_Eval/HAM10000_clean/ISIC2018/ISIC_0033762.jpg,6,1,0.0024424624,0.8168918,0.031674333,0.0031361838,0.00074490893,0.007523313,0.13758703
/home/share/Uni_Eval/HAM10000_clean/ISIC2018/ISIC_0031090.jpg,6,5,0.00029389668,0.0014466102,0.0014021026,0.015074025,0.006689058,0.9622007,0.012893497
/home/share/Uni_Eval/HAM10000_clean/ISIC2018/ISIC_0030606.jpg,6,3,0.00034193095,0.03598505,0.007782313,0.5629009,0.023233695,0.14232363,0.22743252
/home/share/Uni_Eval/HAM10000_clean/ISIC2018/ISIC_0031346.jpg,6,5,0.0072997133,0.11418671,0.017511101,0.20040394,0.25732374,0.37440383,0.028870925
/home/share/Uni_Eval/HAM10000_clean/ISIC2018/ISIC_0031996.jpg,6,5,8.282438e-05,0.015297924,0.0003711931,0.00071549346,0.035568744,0.94644904,0.0015146997
/home/share/Uni_Eval/HAM10000_clean/ISIC2018/ISIC_0029439.jpg,6,6,0.000706846,0.010387025,0.076750316,0.20221013,0.0018049942,0.04511918,0.6630215
/home/share/Uni_Eval/HAM10000_clean/ISIC2018/ISIC_0025707.jpg,6,5,0.0067647737,0.044111867,0.031279996,0.046956833,0.010477486,0.66879576,0.19161321
/home/share/Uni_Eval/HAM10000_clean/ISIC2018/ISIC_0027522.jpg,6,6,0.00049233594,0.0012971325,0.04035261,0.14531533,0.0025002884,0.024475096,0.7855672
/home/share/Uni_Eval/HAM10000_clean/ISIC2018/ISIC_0028406.jpg,6,3,0.00036940418,0.010795574,0.028442547,0.5712838,0.04405268,0.019548258,0.3255077
/home/share/Uni_Eval/HAM10000_clean/ISIC2018/ISIC_0025250.jpg,6,6,0.006374023,0.16960646,0.003010875,0.13628262,0.027687492,0.26269165,0.39434683
/home/share/Uni_Eval/HAM10000_clean/ISIC2018/ISIC_0027665.jpg,6,6,0.0005361185,0.029271081,0.0014573212,0.0052480157,0.005086551,0.018898828,0.93950206
/home/share/Uni_Eval/HAM10000_clean/ISIC2018/ISIC_0026467.jpg,6,3,0.001123368,0.015030499,0.032829627,0.42574108,0.00830063,0.10433234,0.4126424
/home/share/Uni_Eval/HAM10000_clean/ISIC2018/ISIC_0025680.jpg,6,6,1.7472454e-05,0.0010809825,0.012371189,0.3730156,0.0010809825,0.034695856,0.57773787
/home/share/Uni_Eval/HAM10000_clean/ISIC2018/ISIC_0025718.jpg,1,1,0.00886113,0.9621538,0.014160045,0.0041857013,0.008588501,0.0007742769,0.0012765668
/home/share/Uni_Eval/HAM10000_clean/ISIC2018/ISIC_0028807.jpg,1,5,0.12450244,0.051900335,0.07093935,0.0070239473,0.014412203,0.69441885,0.03680285
/home/share/Uni_Eval/HAM10000_clean/ISIC2018/ISIC_0024590.jpg,1,5,0.017961334,0.0027544599,0.100180276,0.0027544599,0.0025875755,0.76373535,0.110026516
/home/share/Uni_Eval/HAM10000_clean/ISIC2018/ISIC_0025731.jpg,1,5,0.0050076717,0.007517406,0.12132479,0.002765499,0.09158075,0.76679623,0.0050076717
/home/share/Uni_Eval/HAM10000_clean/ISIC2018/ISIC_0027858.jpg,1,1,0.06453823,0.59348255,0.014400426,0.0026638112,0.15005589,0.1700356,0.004823539
/home/share/Uni_Eval/HAM10000_clean/ISIC2018/ISIC_0026643.jpg,1,1,0.01856234,0.9227744,0.0010149961,0.0034336876,0.043158736,0.010576503,0.00047945022
/home/share/Uni_Eval/HAM10000_clean/ISIC2018/ISIC_0032139.jpg,1,4,0.0003457067,0.15803799,0.0020525553,0.08727687,0.7307602,0.0194741,0.0020525553
/home/share/Uni_Eval/HAM10000_clean/ISIC2018/ISIC_0027744.jpg,1,1,0.07516976,0.40636384,0.16939765,0.006170309,0.08001778,0.08255783,0.18032287
/home/share/Uni_Eval/HAM10000_clean/ISIC2018/ISIC_0031640.jpg,1,0,0.8467552,0.01930109,0.016509099,0.014120979,0.0051948177,0.098019026,9.971258e-05
/home/share/Uni_Eval/HAM10000_clean/ISIC2018/ISIC_0030659.jpg,1,5,0.011023891,0.009429234,0.25090262,0.0014919216,0.03614595,0.66104037,0.029966045
/home/share/Uni_Eval/HAM10000_clean/ISIC2018/ISIC_0025513.jpg,1,4,0.0150144845,0.213848,0.20726858,0.05938344,0.25001362,0.22063625,0.033835664
/home/share/Uni_Eval/HAM10000_clean/ISIC2018/ISIC_0027478.jpg,1,1,0.021009883,0.8134162,0.012351071,0.0064076525,0.08573343,0.025342757,0.035739012
/home/share/Uni_Eval/HAM10000_clean/ISIC2018/ISIC_0024573.jpg,1,5,0.001430188,0.012747125,0.05041586,0.0007655244,0.09418922,0.8394994,0.00095271046
/home/share/Uni_Eval/HAM10000_clean/ISIC2018/ISIC_0024572.jpg,1,6,0.010291692,0.032706928,0.22703108,0.27385175,0.04470507,0.11064612,0.3007673
/home/share/Uni_Eval/HAM10000_clean/ISIC2018/ISIC_0026439.jpg,1,5,0.078159936,0.24839175,0.004549454,0.00108059,0.0051552067,0.6544251,0.008237996
/home/share/Uni_Eval/HAM10000_clean/ISIC2018/ISIC_0026453.jpg,1,5,0.0010392253,0.04023452,0.010495802,0.00035914662,0.24646637,0.69123197,0.010172881
/home/share/Uni_Eval/HAM10000_clean/ISIC2018/ISIC_0033575.jpg,1,4,0.025947375,0.29695198,0.056674283,0.2105705,0.30637828,0.085078165,0.018399445
/home/share/Uni_Eval/HAM10000_clean/ISIC2018/ISIC_0032894.jpg,1,0,0.36454755,0.12210813,0.16690204,0.016017102,0.016017102,0.2585029,0.05590518
/home/share/Uni_Eval/HAM10000_clean/ISIC2018/ISIC_0034255.jpg,1,5,0.00037556942,0.0023006417,0.17168957,0.0035633037,0.014093138,0.7938845,0.014093138
/home/share/Uni_Eval/HAM10000_clean/ISIC2018/ISIC_0027544.jpg,1,1,0.0046756407,0.49206766,0.0065937107,0.0052981954,0.47692832,0.013958885,0.00047764674
/home/share/Uni_Eval/HAM10000_clean/ISIC2018/ISIC_0033354.jpg,1,5,0.00026320422,0.0018269992,0.014370462,0.0003379609,0.09082412,0.889069,0.0033082685
/home/share/Uni_Eval/HAM10000_clean/ISIC2018/ISIC_0032857.jpg,1,5,0.0009400507,0.031130204,0.13951589,0.0063244845,0.12312234,0.6060294,0.09293762
/home/share/Uni_Eval/HAM10000_clean/ISIC2018/ISIC_0027786.jpg,1,1,0.23892637,0.69135636,0.011174735,0.013907181,0.00926418,0.01961227,0.015758902
/home/share/Uni_Eval/HAM10000_clean/ISIC2018/ISIC_0034095.jpg,1,5,0.0010164371,0.0010164371,0.034728255,0.00049537193,0.032624174,0.9240845,0.006034865
/home/share/Uni_Eval/HAM10000_clean/ISIC2018/ISIC_0033551.jpg,1,5,0.0040928633,0.0074112182,0.053077064,0.0043568304,0.10555634,0.8047204,0.020785278
/home/share/Uni_Eval/HAM10000_clean/ISIC2018/ISIC_0032536.jpg,1,5,0.004173815,0.07398263,0.004443003,0.0050345818,0.019912157,0.45319858,0.43925512
/home/share/Uni_Eval/HAM10000_clean/ISIC2018/ISIC_0033468.jpg,1,1,0.00029994277,0.5423092,0.0002486613,0.0005102199,0.30899847,0.14596055,0.0016729465
/home/share/Uni_Eval/HAM10000_clean/ISIC2018/ISIC_0034015.jpg,1,5,0.005431864,0.012240895,0.2038292,0.0013311356,0.14912464,0.62783813,0.00020413625
/home/share/Uni_Eval/HAM10000_clean/ISIC2018/ISIC_0033372.jpg,1,5,0.030270852,0.28720182,0.2036566,0.0020599572,0.07975307,0.39255837,0.004499361
/home/share/Uni_Eval/HAM10000_clean/ISIC2018/ISIC_0029546.jpg,1,1,0.073899224,0.41217676,0.26612133,0.012063716,0.091969065,0.1042146,0.039555404
/home/share/Uni_Eval/HAM10000_clean/ISIC2018/ISIC_0031643.jpg,1,5,0.0071267216,0.03507895,0.022648674,0.0014938419,0.020621851,0.904698,0.008331981
/home/share/Uni_Eval/HAM10000_clean/ISIC2018/ISIC_0026192.jpg,1,5,0.00017358088,0.0042054798,0.03521205,0.0043389755,0.09875464,0.8531099,0.0042054798
/home/share/Uni_Eval/HAM10000_clean/ISIC2018/ISIC_0024331.jpg,1,5,0.008008621,0.001962597,0.04608643,0.004286706,0.018047707,0.65639883,0.2652091
/home/share/Uni_Eval/HAM10000_clean/ISIC2018/ISIC_0031384.jpg,1,5,0.027493278,0.018895835,0.36785597,0.0069513894,0.03421594,0.5187601,0.025827544
/home/share/Uni_Eval/HAM10000_clean/ISIC2018/ISIC_0024595.jpg,1,5,0.017800739,0.0069708694,0.3465371,0.00019166427,0.004097963,0.48869568,0.13570589
/home/share/Uni_Eval/HAM10000_clean/ISIC2018/ISIC_0024665.jpg,1,5,0.0018064517,0.1306621,0.009173919,0.009173919,0.1842631,0.6635569,0.0013635814
/home/share/Uni_Eval/HAM10000_clean/ISIC2018/ISIC_0029129.jpg,1,1,0.0010518701,0.74476564,0.0023704257,0.0051774858,0.10399258,0.12942085,0.013221173
/home/share/Uni_Eval/HAM10000_clean/ISIC2018/ISIC_0025433.jpg,1,5,0.00034457838,0.00021563165,0.017129743,0.0023918482,0.010070058,0.96494037,0.0049077533
/home/share/Uni_Eval/HAM10000_clean/ISIC2018/ISIC_0026968.jpg,1,2,0.002568723,0.053231955,0.3812323,0.109224886,0.12769683,0.14024754,0.18579778
/home/share/Uni_Eval/HAM10000_clean/ISIC2018/ISIC_0026156.jpg,1,5,0.015654197,0.032120332,0.0006361087,0.036397103,0.0017563525,0.7782044,0.13523163
/home/share/Uni_Eval/HAM10000_clean/ISIC2018/ISIC_0031597.jpg,1,5,0.028288584,0.008104815,0.21566112,0.00026879893,0.011792436,0.7295722,0.0063120364
/home/share/Uni_Eval/HAM10000_clean/ISIC2018/ISIC_0026798.jpg,1,5,0.28626496,0.0033852162,0.1395144,0.03112987,0.0044846833,0.39127782,0.14394307
/home/share/Uni_Eval/HAM10000_clean/ISIC2018/ISIC_0027915.jpg,1,5,0.003686752,0.005710153,0.031848677,0.00028429177,0.017047368,0.9307548,0.010667971
/home/share/Uni_Eval/HAM10000_clean/ISIC2018/ISIC_0027189.jpg,1,1,0.15200248,0.32178923,0.20776276,0.0034647721,0.014138433,0.27524093,0.025601396
/home/share/Uni_Eval/HAM10000_clean/ISIC2018/ISIC_0025266.jpg,1,5,0.00039213337,0.04532446,0.0125861475,0.026644874,0.2230948,0.6871804,0.004777163
/home/share/Uni_Eval/HAM10000_clean/ISIC2018/ISIC_0032307.jpg,1,5,0.043418173,0.059345607,0.023240075,0.0033480502,0.13798267,0.72297746,0.009687904
/home/share/Uni_Eval/HAM10000_clean/ISIC2018/ISIC_0026845.jpg,1,1,0.035040103,0.38867486,0.020599013,0.011736964,0.17247343,0.22849016,0.14298551
/home/share/Uni_Eval/HAM10000_clean/ISIC2018/ISIC_0024448.jpg,1,5,0.02180004,0.097701,0.03826026,0.00012177402,0.047615666,0.792872,0.0016293185
/home/share/Uni_Eval/HAM10000_clean/ISIC2018/ISIC_0031258.jpg,1,6,0.012763045,0.05544014,0.12890218,0.11025587,0.011620884,0.121092394,0.55992556
/home/share/Uni_Eval/HAM10000_clean/ISIC2018/ISIC_0030197.jpg,1,5,0.006304679,0.0025473207,0.012152586,0.04111167,0.018822294,0.90690887,0.012152586
/home/share/Uni_Eval/HAM10000_clean/ISIC2018/ISIC_0028989.jpg,1,5,0.00045391233,0.0003535073,0.028973999,0.00058283494,0.0064649726,0.959487,0.0036836306
/home/share/Uni_Eval/HAM10000_clean/ISIC2018/ISIC_0031728.jpg,1,5,6.475519e-05,0.0035355138,0.004006262,0.00022601784,0.07101269,0.9209066,0.000248232
/home/share/Uni_Eval/HAM10000_clean/ISIC2018/ISIC_0029082.jpg,1,2,0.0023146765,0.002243461,0.8240819,0.02128537,0.00017299716,0.006697739,0.14320394
/home/share/Uni_Eval/HAM10000_clean/ISIC2018/ISIC_0025601.jpg,1,5,0.036617022,0.014339432,0.43236202,0.006167313,0.010490952,0.47485676,0.025166487
/home/share/Uni_Eval/HAM10000_clean/ISIC2018/ISIC_0025362.jpg,1,6,0.0014497195,0.0006235166,0.3895998,0.00018431115,0.000684799,0.122593015,0.4848648
/home/share/Uni_Eval/HAM10000_clean/ISIC2018/ISIC_0027093.jpg,1,6,0.0015638407,0.00015007722,0.29801527,0.00019270297,0.0018863517,0.32730573,0.370886
/home/share/Uni_Eval/HAM10000_clean/ISIC2018/ISIC_0032246.jpg,1,2,0.18426867,0.017683728,0.4705465,0.011417473,0.011066194,0.25986046,0.04515698
/home/share/Uni_Eval/HAM10000_clean/ISIC2018/ISIC_0027229.jpg,1,5,2.7485307e-06,0.002384373,5.9691614e-05,7.6323937e-07,0.1724636,0.8227778,0.0023110136
/home/share/Uni_Eval/HAM10000_clean/ISIC2018/ISIC_0027004.jpg,1,5,9.97472e-06,0.0016258791,0.0003742986,1.1661629e-05,0.10058957,0.8965452,0.000843495
/home/share/Uni_Eval/HAM10000_clean/ISIC2018/ISIC_0031171.jpg,1,6,0.022977687,0.00069386605,0.028596194,0.007459763,0.0006123347,0.15458955,0.7850706
/home/share/Uni_Eval/HAM10000_clean/ISIC2018/ISIC_0025530.jpg,1,1,0.01964353,0.37064624,0.09083077,0.044267382,0.109562814,0.35924265,0.0058066165
/home/share/Uni_Eval/HAM10000_clean/ISIC2018/ISIC_0024345.jpg,1,2,0.2237328,0.020170124,0.48867735,0.0028163805,0.0010360884,0.26157016,0.0019971128
/home/share/Uni_Eval/HAM10000_clean/ISIC2018/ISIC_0024550.jpg,1,3,0.0046173306,0.19029334,0.059878454,0.44244525,0.046633385,0.24434146,0.011790766
/home/share/Uni_Eval/HAM10000_clean/ISIC2018/ISIC_0024833.jpg,1,5,0.005145609,0.0025077697,0.10663308,0.001953053,0.009918422,0.8653584,0.008483676
/home/share/Uni_Eval/HAM10000_clean/ISIC2018/ISIC_0030915.jpg,1,5,0.004838396,0.000361618,0.11722359,0.00022629475,0.004138499,0.8661717,0.0070398245
/home/share/Uni_Eval/HAM10000_clean/ISIC2018/ISIC_0029745.jpg,1,5,0.002064397,0.0029112664,0.048476946,0.0001239767,0.056675285,0.88655066,0.003197401
/home/share/Uni_Eval/HAM10000_clean/ISIC2018/ISIC_0029680.jpg,1,5,0.013208486,0.020457705,0.027962368,0.008011352,0.030710652,0.8698837,0.029765783
/home/share/Uni_Eval/HAM10000_clean/ISIC2018/ISIC_0031298.jpg,1,5,0.0057986425,0.013482248,0.106046095,0.0023428637,0.02944794,0.8084541,0.03442813
/home/share/Uni_Eval/HAM10000_clean/ISIC2018/ISIC_0027595.jpg,1,5,0.0032298001,0.008247584,0.18193881,0.00051102863,0.04600133,0.52645737,0.23361404
/home/share/Uni_Eval/HAM10000_clean/ISIC2018/ISIC_0026154.jpg,1,5,0.01238658,0.039364472,0.047482613,0.009952897,0.097427994,0.7663306,0.02705478
/home/share/Uni_Eval/HAM10000_clean/ISIC2018/ISIC_0029501.jpg,1,5,0.004368031,0.010810979,0.016744373,0.00030668388,0.04845145,0.9142118,0.0051067453
/home/share/Uni_Eval/HAM10000_clean/ISIC2018/ISIC_0027920.jpg,1,5,0.008947092,0.0029969001,0.0228472,0.015702635,0.016715368,0.9126282,0.020162582
/home/share/Uni_Eval/HAM10000_clean/ISIC2018/ISIC_0027788.jpg,1,5,0.0060673533,0.001534067,0.09792211,0.0037968522,0.0060673533,0.74652,0.13809232
/home/share/Uni_Eval/HAM10000_clean/ISIC2018/ISIC_0031263.jpg,1,6,0.016789038,0.012283122,0.056796584,0.0035191735,0.0009180313,0.048580695,0.86111337
/home/share/Uni_Eval/HAM10000_clean/ISIC2018/ISIC_0024931.jpg,1,2,0.0011900173,0.00037445556,0.7206963,0.00087063527,0.0075211413,0.24140303,0.027944427
/home/share/Uni_Eval/HAM10000_clean/ISIC2018/ISIC_0031971.jpg,1,5,0.0044397074,0.0064597363,0.20733556,0.0030513636,0.033846598,0.70140713,0.043459892
/home/share/Uni_Eval/HAM10000_clean/ISIC2018/ISIC_0028978.jpg,1,1,0.04474596,0.5283459,0.18838754,0.12947674,0.06510499,0.03484819,0.009090693
/home/share/Uni_Eval/HAM10000_clean/ISIC2018/ISIC_0028502.jpg,5,5,0.0186469,0.0030440227,0.009673883,0.00730223,0.073749915,0.7928863,0.09469677
/home/share/Uni_Eval/HAM10000_clean/ISIC2018/ISIC_0028239.jpg,5,5,0.0017698683,0.00044749278,0.02156141,0.00083602656,0.022245843,0.94591725,0.0072221668
/home/share/Uni_Eval/HAM10000_clean/ISIC2018/ISIC_0029624.jpg,5,5,0.0024662802,0.00045621602,0.015107799,3.744849e-05,0.013755808,0.96435654,0.0038198498
/home/share/Uni_Eval/HAM10000_clean/ISIC2018/ISIC_0029961.jpg,5,5,0.0005076388,0.00034889468,0.006380617,0.00069385994,0.044290263,0.94696754,0.00081120443
/home/share/Uni_Eval/HAM10000_clean/ISIC2018/ISIC_0026583.jpg,5,0,0.44307205,0.010420056,0.15312162,0.014694635,0.011092093,0.26873678,0.098862745
/home/share/Uni_Eval/HAM10000_clean/ISIC2018/ISIC_0025457.jpg,5,5,0.026315784,0.026315784,0.21356024,0.021816552,0.015470251,0.617957,0.07856441
/home/share/Uni_Eval/HAM10000_clean/ISIC2018/ISIC_0028455.jpg,5,5,0.013157829,0.00515268,0.045925334,0.00081527233,0.03156399,0.89405465,0.009330298
/home/share/Uni_Eval/HAM10000_clean/ISIC2018/ISIC_0025723.jpg,5,5,0.0019360322,0.0030937707,0.008676694,0.0011031178,0.0071932315,0.9720338,0.005963398
/home/share/Uni_Eval/HAM10000_clean/ISIC2018/ISIC_0024872.jpg,5,5,0.004386461,0.0004623296,0.0686158,0.000694039,0.03450219,0.8898232,0.0015159205
/home/share/Uni_Eval/HAM10000_clean/ISIC2018/ISIC_0025143.jpg,5,5,0.0033445836,0.0022279727,0.018654589,0.0019056863,0.10084576,0.8711744,0.0018470545
/home/share/Uni_Eval/HAM10000_clean/ISIC2018/ISIC_0031926.jpg,5,5,0.003535681,0.011236371,0.109991804,0.0008139599,0.10660772,0.74000424,0.027810287
/home/share/Uni_Eval/HAM10000_clean/ISIC2018/ISIC_0028164.jpg,5,5,0.006868117,0.015477541,0.009387604,0.00021398273,0.06315803,0.89954585,0.005348895
/home/share/Uni_Eval/HAM10000_clean/ISIC2018/ISIC_0032317.jpg,5,5,0.020276649,0.0054573854,0.036716267,0.0006938288,0.04428827,0.8895537,0.0030138548
/home/share/Uni_Eval/HAM10000_clean/ISIC2018/ISIC_0025053.jpg,5,5,0.021294815,0.0052185194,0.01213342,0.00085189985,0.05108361,0.9054786,0.003939145
/home/share/Uni_Eval/HAM10000_clean/ISIC2018/ISIC_0024357.jpg,5,5,0.07721432,0.0019330228,0.20343265,0.00044500714,0.0061431336,0.47299504,0.23783685
/home/share/Uni_Eval/HAM10000_clean/ISIC2018/ISIC_0028889.jpg,5,5,0.0016103562,0.0034091242,0.04421019,0.0015608107,0.05856899,0.88798547,0.0026550286
/home/share/Uni_Eval/HAM10000_clean/ISIC2018/ISIC_0028302.jpg,5,4,0.0019955293,0.05652366,0.10235112,0.018350545,0.4587059,0.23065181,0.13142145
/home/share/Uni_Eval/HAM10000_clean/ISIC2018/ISIC_0026172.jpg,5,5,0.001543666,0.0007067418,0.07437799,0.000550411,0.009456101,0.8782314,0.03513368
/home/share/Uni_Eval/HAM10000_clean/ISIC2018/ISIC_0031604.jpg,5,5,0.0021871238,0.012586027,0.027490415,0.001550903,0.22309266,0.73149276,0.0016001338
/home/share/Uni_Eval/HAM10000_clean/ISIC2018/ISIC_0027808.jpg,5,5,0.0011053854,0.00019208719,0.013893819,0.0003267513,0.015259375,0.9440641,0.025158456
/home/share/Uni_Eval/HAM10000_clean/ISIC2018/ISIC_0025416.jpg,5,5,0.0025246546,0.002228,0.013648153,0.0003752564,0.02180969,0.95680946,0.0026047956
/home/share/Uni_Eval/HAM10000_clean/ISIC2018/ISIC_0027339.jpg,5,5,0.0011143271,0.0029358608,0.04888647,0.003653738,0.12879871,0.8140328,0.0005781052
/home/share/Uni_Eval/HAM10000_clean/ISIC2018/ISIC_0031997.jpg,5,5,0.0006426697,0.0018596264,0.015091408,0.00044170002,0.076640494,0.9049463,0.00037780602
/home/share/Uni_Eval/HAM10000_clean/ISIC2018/ISIC_0030669.jpg,5,5,0.00044895796,0.00029907047,0.004826753,0.0006739657,0.011946328,0.9791393,0.002665586
/home/share/Uni_Eval/HAM10000_clean/ISIC2018/ISIC_0025364.jpg,5,5,0.00039454346,0.0003592359,0.21755987,0.00059227995,0.016776415,0.7593585,0.004959099
/home/share/Uni_Eval/HAM10000_clean/ISIC2018/ISIC_0026234.jpg,5,5,0.00032149855,0.00035309707,0.35256594,0.005029084,0.019278448,0.61877257,0.003679356
/home/share/Uni_Eval/HAM10000_clean/ISIC2018/ISIC_0024365.jpg,5,5,0.03158989,0.006417875,0.027020266,0.0013452597,0.034694705,0.89478827,0.004143692
/home/share/Uni_Eval/HAM10000_clean/ISIC2018/ISIC_0029293.jpg,5,5,0.014538677,0.006656292,0.091887265,0.0014395239,0.083664306,0.79378486,0.00802902
/home/share/Uni_Eval/HAM10000_clean/ISIC2018/ISIC_0027717.jpg,5,5,0.011000896,0.0058883554,0.0041754693,0.0003536232,0.07173486,0.9016503,0.005196456
/home/share/Uni_Eval/HAM10000_clean/ISIC2018/ISIC_0027732.jpg,5,5,0.0025008537,0.004389135,0.19866742,0.040361736,0.10633901,0.5234189,0.1243229
/home/share/Uni_Eval/HAM10000_clean/ISIC2018/ISIC_0028395.jpg,5,5,0.08030268,0.0041249464,0.07311642,0.003875028,0.022299249,0.7384497,0.07783202
/home/share/Uni_Eval/HAM10000_clean/ISIC2018/ISIC_0027426.jpg,5,5,0.009782831,0.002633013,0.042494677,0.0034881756,0.039920058,0.85352844,0.048152782
/home/share/Uni_Eval/HAM10000_clean/ISIC2018/ISIC_0027195.jpg,5,5,0.001573362,9.158065e-05,0.03260497,0.004552674,0.0060313125,0.9528569,0.0022892281
/home/share/Uni_Eval/HAM10000_clean/ISIC2018/ISIC_0026098.jpg,5,5,0.0048088557,0.0025739952,0.019623132,0.00042019313,0.053341202,0.9164057,0.0028269805
/home/share/Uni_Eval/HAM10000_clean/ISIC2018/ISIC_0029336.jpg,5,5,0.009695167,0.0027777117,0.017555678,0.0006394655,0.02117619,0.9004345,0.04772128
/home/share/Uni_Eval/HAM10000_clean/ISIC2018/ISIC_0032100.jpg,5,5,0.031707708,0.020472033,0.043339293,0.014070208,0.1178084,0.6779406,0.09466172
/home/share/Uni_Eval/HAM10000_clean/ISIC2018/ISIC_0031453.jpg,5,5,0.0012887794,0.00083209854,0.02670753,0.002333678,0.012615744,0.9414729,0.014749299
/home/share/Uni_Eval/HAM10000_clean/ISIC2018/ISIC_0026242.jpg,5,5,0.007289054,0.0007446238,0.07836471,0.002681493,0.067028895,0.8425001,0.0013911403
/home/share/Uni_Eval/HAM10000_clean/ISIC2018/ISIC_0028282.jpg,5,6,0.0042365687,1.6781196e-05,0.034380987,0.0004607055,6.43289e-05,0.4059596,0.55488104
/home/share/Uni_Eval/HAM10000_clean/ISIC2018/ISIC_0028639.jpg,5,6,0.18195547,0.043218214,0.008780313,0.005002871,0.036966495,0.35072836,0.37334839
/home/share/Uni_Eval/HAM10000_clean/ISIC2018/ISIC_0028136.jpg,5,5,0.00066462904,0.0007074939,0.013349431,0.00056848733,0.04659409,0.93586737,0.002248411
/home/share/Uni_Eval/HAM10000_clean/ISIC2018/ISIC_0026283.jpg,5,2,0.016258664,0.00677762,0.47514784,0.019611696,0.048539408,0.4193165,0.014348222
/home/share/Uni_Eval/HAM10000_clean/ISIC2018/ISIC_0027416.jpg,5,5,0.13931859,0.016127296,0.035225254,0.0097817,0.03749709,0.7299772,0.03207296
/home/share/Uni_Eval/HAM10000_clean/ISIC2018/ISIC_0025930.jpg,5,5,0.0010613753,0.0043310737,0.029138654,0.00053369306,0.22919324,0.72837466,0.0073674056
/home/share/Uni_Eval/HAM10000_clean/ISIC2018/ISIC_0029815.jpg,5,5,0.013745155,0.002107888,0.092474826,0.0041920356,0.086872056,0.79886055,0.0017475005
/home/share/Uni_Eval/HAM10000_clean/ISIC2018/ISIC_0032011.jpg,5,5,0.00353884,0.0025094133,0.04885218,0.0020803767,0.07566373,0.86592555,0.0014298207
/home/share/Uni_Eval/HAM10000_clean/ISIC2018/ISIC_0030540.jpg,5,5,0.06563119,0.010384362,0.08167934,0.00026821968,0.028227624,0.70560175,0.10820754
/home/share/Uni_Eval/HAM10000_clean/ISIC2018/ISIC_0025366.jpg,2,5,0.0002502584,0.00012983236,0.006255673,0.0006593431,0.0032454003,0.9883024,0.0011571831
/home/share/Uni_Eval/HAM10000_clean/ISIC2018/ISIC_0031229.jpg,5,5,0.08393529,0.004050321,0.15198718,0.0064723953,0.009417279,0.6602022,0.08393529
/home/share/Uni_Eval/HAM10000_clean/ISIC2018/ISIC_0031777.jpg,5,5,0.007171994,0.0014570791,0.17376153,0.0004730443,0.019495504,0.7787451,0.01889569
/home/share/Uni_Eval/HAM10000_clean/ISIC2018/ISIC_0025558.jpg,5,5,0.010125805,0.0014138791,0.025061607,0.00013999299,0.018335463,0.94042987,0.0044932985
/home/share/Uni_Eval/HAM10000_clean/ISIC2018/ISIC_0028007.jpg,5,5,0.002852222,0.0025170771,0.07129658,0.009352077,0.03937371,0.86857015,0.0060381545
/home/share/Uni_Eval/HAM10000_clean/ISIC2018/ISIC_0028768.jpg,5,5,0.0020392092,0.00010807413,0.2146078,0.019347481,0.0034688122,0.74905485,0.0113737965
/home/share/Uni_Eval/HAM10000_clean/ISIC2018/ISIC_0028137.jpg,5,5,0.0016628439,0.0010736127,0.0907882,0.0122868465,0.028567776,0.86137444,0.0042462205
/home/share/Uni_Eval/HAM10000_clean/ISIC2018/ISIC_0025255.jpg,5,5,0.0013685569,0.002119662,0.060039748,0.00034602534,0.105373025,0.8288231,0.0019299743
/home/share/Uni_Eval/HAM10000_clean/ISIC2018/ISIC_0032453.jpg,5,5,5.978535e-05,0.00013058323,0.004749339,6.7745685e-05,0.029093228,0.9634354,0.0024639245
/home/share/Uni_Eval/HAM10000_clean/ISIC2018/ISIC_0028546.jpg,5,5,0.007095892,0.00018909911,0.25807908,0.019288633,0.007553538,0.70153165,0.006262102
/home/share/Uni_Eval/HAM10000_clean/ISIC2018/ISIC_0031174.jpg,5,5,0.003356123,0.00093196164,0.015518555,0.00032207734,0.016519416,0.96009904,0.003252866
/home/share/Uni_Eval/HAM10000_clean/ISIC2018/ISIC_0026836.jpg,5,5,0.039521623,0.0068678283,0.104125604,0.006060837,0.14232282,0.7005375,0.0005637457
/home/share/Uni_Eval/HAM10000_clean/ISIC2018/ISIC_0026613.jpg,5,2,0.004940485,0.035382364,0.4177836,0.09617924,0.21674326,0.21674326,0.012227818
/home/share/Uni_Eval/HAM10000_clean/ISIC2018/ISIC_0027843.jpg,5,2,0.0010199837,0.0010199837,0.5987155,0.0034505602,0.027140755,0.3631393,0.0055139787
/home/share/Uni_Eval/HAM10000_clean/ISIC2018/ISIC_0030797.jpg,5,5,0.0004511875,0.00051126245,0.005671069,0.0004955325,0.007512947,0.95372725,0.031630687
/home/share/Uni_Eval/HAM10000_clean/ISIC2018/ISIC_0027939.jpg,5,5,0.009909114,0.004130733,0.048774365,0.0009811351,0.031491097,0.89198995,0.012723553
/home/share/Uni_Eval/HAM10000_clean/ISIC2018/ISIC_0031947.jpg,5,5,0.0045709037,0.0011923915,0.06716894,0.003450299,0.015463168,0.8710601,0.037094213
/home/share/Uni_Eval/HAM10000_clean/ISIC2018/ISIC_0029675.jpg,5,5,0.014832245,0.00038310487,0.34829625,0.010517636,0.02158079,0.59247196,0.011918043
/home/share/Uni_Eval/HAM10000_clean/ISIC2018/ISIC_0032426.jpg,5,5,0.0026526807,0.0019407426,0.016765459,0.0002467377,0.031322002,0.94441974,0.0026526807
/home/share/Uni_Eval/HAM10000_clean/ISIC2018/ISIC_0031571.jpg,5,5,0.04104081,0.011758389,0.10812814,0.001641839,0.03736808,0.750558,0.049504668
/home/share/Uni_Eval/HAM10000_clean/ISIC2018/ISIC_0030120.jpg,5,5,0.16029455,5.724088e-05,0.0733882,0.019752163,0.0019865273,0.7411945,0.0033268074
/home/share/Uni_Eval/HAM10000_clean/ISIC2018/ISIC_0025878.jpg,5,5,0.04142246,0.00013602362,0.16382901,0.0012123653,0.008415484,0.7815845,0.0034001626
/home/share/Uni_Eval/HAM10000_clean/ISIC2018/ISIC_0025613.jpg,5,0,0.81422114,0.0022166166,0.04452194,0.0017263029,0.0037705924,0.094252944,0.03929047
/home/share/Uni_Eval/HAM10000_clean/ISIC2018/ISIC_0027085.jpg,5,5,0.014193721,0.0020447995,0.05791924,0.0019818875,0.010713982,0.90600944,0.007137052
/home/share/Uni_Eval/HAM10000_clean/ISIC2018/ISIC_0028933.jpg,5,5,0.04386973,0.007623416,0.030151196,0.0007548204,0.05996281,0.85403705,0.0036010467
/home/share/Uni_Eval/HAM10000_clean/ISIC2018/ISIC_0027356.jpg,5,5,0.007199016,0.00066961284,0.021492293,0.0019375889,0.02435396,0.94288504,0.0014625689
/home/share/Uni_Eval/HAM10000_clean/ISIC2018/ISIC_0030836.jpg,5,5,0.19188479,0.0035144924,0.23880447,0.0043738564,0.008974571,0.4749194,0.07752846
/home/share/Uni_Eval/HAM10000_clean/ISIC2018/ISIC_0030204.jpg,5,5,0.012546674,0.0003449712,0.06573987,0.0006246621,0.008896925,0.90751094,0.0043360144
/home/share/Uni_Eval/HAM10000_clean/ISIC2018/ISIC_0028242.jpg,5,5,0.005052125,0.00022197489,0.018193401,8.9685964e-05,0.0060940264,0.9627647,0.007584139
/home/share/Uni_Eval/HAM10000_clean/ISIC2018/ISIC_0024856.jpg,5,5,0.0075789774,0.0012765081,0.063458,0.01655401,0.059613273,0.8490587,0.0024605338
/home/share/Uni_Eval/HAM10000_clean/ISIC2018/ISIC_0028775.jpg,5,5,0.035838563,0.0031315386,0.023139115,0.0028512983,0.0279111,0.89585125,0.011277104
/home/share/Uni_Eval/HAM10000_clean/ISIC2018/ISIC_0025910.jpg,5,6,0.053812332,0.041909087,0.04899669,0.03815866,0.040619683,0.16065396,0.61584955
/home/share/Uni_Eval/HAM10000_clean/ISIC2018/ISIC_0031392.jpg,5,5,0.0053870776,0.0061043594,0.13051695,0.0015434236,0.12650135,0.72796506,0.001981795
/home/share/Uni_Eval/HAM10000_clean/ISIC2018/ISIC_0031909.jpg,5,5,0.0035815644,0.0026203287,0.020610482,0.3540895,0.05101143,0.48398298,0.08410362
/home/share/Uni_Eval/HAM10000_clean/ISIC2018/ISIC_0029274.jpg,5,5,0.005290242,0.0004342495,0.023709219,0.00046225617,0.027718885,0.9179234,0.024461828
/home/share/Uni_Eval/HAM10000_clean/ISIC2018/ISIC_0029972.jpg,5,6,0.0035065622,0.001708962,0.06616397,0.087653026,0.013442026,0.17985232,0.64767313
/home/share/Uni_Eval/HAM10000_clean/ISIC2018/ISIC_0027373.jpg,5,5,0.0011264165,0.00046956024,0.029972829,0.00474239,0.084060885,0.8759345,0.0036933774
/home/share/Uni_Eval/HAM10000_clean/ISIC2018/ISIC_0024556.jpg,5,5,0.002828655,0.00038281686,0.090790205,0.0035203183,0.015291566,0.78430766,0.10287877
/home/share/Uni_Eval/HAM10000_clean/ISIC2018/ISIC_0027157.jpg,5,5,0.010814853,0.00088773726,0.040182058,0.00078342535,0.0038561546,0.712244,0.23123176
/home/share/Uni_Eval/HAM10000_clean/ISIC2018/ISIC_0032288.jpg,5,5,0.0011572598,0.0007241947,0.037144102,7.875252e-05,0.08636262,0.8722316,0.002301486
/home/share/Uni_Eval/HAM10000_clean/ISIC2018/ISIC_0024534.jpg,5,5,0.0010083469,0.00034847535,0.013491534,4.294059e-05,0.005624108,0.9758533,0.003631197
/home/share/Uni_Eval/HAM10000_clean/ISIC2018/ISIC_0031313.jpg,5,5,0.011233097,0.01195757,0.06464201,0.00067459996,0.14119114,0.76327205,0.0070294924
/home/share/Uni_Eval/HAM10000_clean/ISIC2018/ISIC_0028813.jpg,5,5,0.0019020385,0.0039027294,0.053875517,0.0002740146,0.14644884,0.79169494,0.0019020385
/home/share/Uni_Eval/HAM10000_clean/ISIC2018/ISIC_0027482.jpg,5,5,0.00057363044,0.0010067527,0.006362873,0.00016434788,0.016248167,0.9743105,0.0013337308
/home/share/Uni_Eval/HAM10000_clean/ISIC2018/ISIC_0026689.jpg,5,5,0.0019159763,0.00087719783,0.01507032,0.0008240511,0.008322622,0.96196425,0.011025683
/home/share/Uni_Eval/HAM10000_clean/ISIC2018/ISIC_0032419.jpg,5,5,0.0004151117,0.00012660192,0.07431348,0.0016417985,0.016071416,0.9053235,0.002108111
/home/share/Uni_Eval/HAM10000_clean/ISIC2018/ISIC_0028985.jpg,5,5,0.005993321,0.013506157,0.053417888,0.004968637,0.18071039,0.73741114,0.0039924122
/home/share/Uni_Eval/HAM10000_clean/ISIC2018/ISIC_0029335.jpg,5,5,0.02710096,0.0047094403,0.16090581,0.00041150633,0.03372769,0.7676387,0.0055058934
/home/share/Uni_Eval/HAM10000_clean/ISIC2018/ISIC_0030351.jpg,5,5,0.012397949,0.0005620194,0.22673479,0.005168234,0.0066361437,0.72056174,0.02793921
/home/share/Uni_Eval/HAM10000_clean/ISIC2018/ISIC_0026994.jpg,5,5,0.0021977061,0.00055566715,0.18012738,0.0016078764,0.0069842963,0.8072749,0.0012522154
/home/share/Uni_Eval/HAM10000_clean/ISIC2018/ISIC_0029111.jpg,5,5,0.0037520195,0.0023479539,0.16982937,0.0063824006,0.045708954,0.7611224,0.010856828
/home/share/Uni_Eval/HAM10000_clean/ISIC2018/ISIC_0031114.jpg,5,5,0.0021831365,0.0027169571,0.13935333,0.0015480757,0.056303833,0.68592113,0.11197355
/home/share/Uni_Eval/HAM10000_clean/ISIC2018/ISIC_0025146.jpg,5,5,0.0005319528,0.00010152498,0.046411604,0.008065128,0.00942909,0.932202,0.0032586062
/home/share/Uni_Eval/HAM10000_clean/ISIC2018/ISIC_0027600.jpg,5,5,0.00037965187,0.0007317982,0.0701229,0.009791351,0.08726936,0.8279886,0.003716378
/home/share/Uni_Eval/HAM10000_clean/ISIC2018/ISIC_0024804.jpg,5,5,0.0061298786,0.0028955492,0.03997183,0.0034926992,0.06190957,0.88176435,0.0038359796
/home/share/Uni_Eval/HAM10000_clean/ISIC2018/ISIC_0032266.jpg,5,5,0.00093090645,0.0007962465,0.0045820824,0.0006398021,0.03180596,0.959012,0.0022331285
/home/share/Uni_Eval/HAM10000_clean/ISIC2018/ISIC_0026415.jpg,5,5,0.0052986727,0.0015662848,0.031459667,0.0041266107,0.019081252,0.91938627,0.019081252
/home/share/Uni_Eval/HAM10000_clean/ISIC2018/ISIC_0030524.jpg,5,5,0.034350548,0.003296522,0.112631105,0.00075890246,0.02083466,0.8066323,0.021496022
/home/share/Uni_Eval/HAM10000_clean/ISIC2018/ISIC_0030679.jpg,5,5,0.005792564,0.0037399607,0.06629238,0.0031989575,0.070567876,0.8076066,0.04280158
/home/share/Uni_Eval/HAM10000_clean/ISIC2018/ISIC_0026740.jpg,5,5,0.00022761297,0.00046703144,0.2005656,0.0039104065,0.023954146,0.7688465,0.0020286923
/home/share/Uni_Eval/HAM10000_clean/ISIC2018/ISIC_0028712.jpg,5,5,0.0002939379,0.0009053925,0.07656295,0.017625792,0.026459448,0.56572795,0.3124246
/home/share/Uni_Eval/HAM10000_clean/ISIC2018/ISIC_0024379.jpg,5,5,0.00020203691,0.00040179834,0.017627236,0.002105273,0.01604978,0.9624144,0.0011995485
/home/share/Uni_Eval/HAM10000_clean/ISIC2018/ISIC_0030237.jpg,5,5,0.0027143667,0.0023217208,0.017155325,0.00039104157,0.039887328,0.936649,0.0008812259
/home/share/Uni_Eval/HAM10000_clean/ISIC2018/ISIC_0028177.jpg,5,5,0.0024107576,0.0013736082,0.05154427,0.0019985882,0.022872632,0.913644,0.006156085
/home/share/Uni_Eval/HAM10000_clean/ISIC2018/ISIC_0024661.jpg,5,5,0.0052909125,0.00073877693,0.02524153,0.00037148033,0.0067936652,0.9471814,0.01438219
/home/share/Uni_Eval/HAM10000_clean/ISIC2018/ISIC_0025474.jpg,5,5,0.014578504,0.0006208276,0.10772138,0.0032529037,0.0062701358,0.8212258,0.046330392
/home/share/Uni_Eval/HAM10000_clean/ISIC2018/ISIC_0025397.jpg,5,5,0.012696194,0.0012570935,0.07777362,0.00061265845,0.011204353,0.890072,0.006384047
/home/share/Uni_Eval/HAM10000_clean/ISIC2018/ISIC_0024641.jpg,5,5,0.011324552,0.0037932496,0.09481931,0.007086723,0.07860797,0.76948625,0.034882076
/home/share/Uni_Eval/HAM10000_clean/ISIC2018/ISIC_0026267.jpg,5,5,0.02436261,0.00080799416,0.0095405355,0.0010704183,0.015729683,0.94321996,0.005268784
/home/share/Uni_Eval/HAM10000_clean/ISIC2018/ISIC_0030407.jpg,5,5,0.0008521041,0.00022228462,0.020644592,0.00068468484,0.004327342,0.9641081,0.009160982
/home/share/Uni_Eval/HAM10000_clean/ISIC2018/ISIC_0030490.jpg,5,5,0.00036941646,0.00020401114,0.0057786456,0.00014925774,0.05150451,0.9419191,7.50515e-05
/home/share/Uni_Eval/HAM10000_clean/ISIC2018/ISIC_0029150.jpg,5,2,0.036691662,0.0002511197,0.40699443,0.022961056,0.0010408623,0.3823359,0.1497249
/home/share/Uni_Eval/HAM10000_clean/ISIC2018/ISIC_0030711.jpg,5,5,0.012077689,0.018706292,0.040858295,0.007100107,0.07633335,0.77093947,0.073984824
/home/share/Uni_Eval/HAM10000_clean/ISIC2018/ISIC_0027541.jpg,5,5,0.00018780632,0.00030011366,0.0035436456,0.00024880297,0.0099384,0.98255473,0.0032265258
/home/share/Uni_Eval/HAM10000_clean/ISIC2018/ISIC_0027557.jpg,5,5,0.0034410895,0.0016254557,0.07357374,0.0019606738,0.0112828985,0.868735,0.039381187
/home/share/Uni_Eval/HAM10000_clean/ISIC2018/ISIC_0027892.jpg,5,5,0.05192752,0.018515328,0.08042692,0.0045373766,0.033526927,0.78729177,0.023774153
/home/share/Uni_Eval/HAM10000_clean/ISIC2018/ISIC_0028786.jpg,5,5,0.0029763887,0.0012025697,0.02066023,0.00048588205,0.037410848,0.9351535,0.0021105756
/home/share/Uni_Eval/HAM10000_clean/ISIC2018/ISIC_0031097.jpg,5,5,0.00041546448,0.00047078295,0.028230187,0.0037029947,0.031004796,0.9348554,0.0013203435
/home/share/Uni_Eval/HAM10000_clean/ISIC2018/ISIC_0024392.jpg,5,5,0.00048555154,0.00090712967,0.02267539,0.00058568694,0.032992497,0.9345173,0.007836405
/home/share/Uni_Eval/HAM10000_clean/ISIC2018/ISIC_0029004.jpg,5,5,0.0005594379,0.0025868148,0.04174907,0.0003288766,0.08838279,0.8651711,0.0012219248
/home/share/Uni_Eval/HAM10000_clean/ISIC2018/ISIC_0025109.jpg,5,6,0.2091544,0.00021611874,0.03309303,0.0042073065,0.003276654,0.042492293,0.7075602
/home/share/Uni_Eval/HAM10000_clean/ISIC2018/ISIC_0029508.jpg,5,5,0.00036161562,0.00039715707,0.034651004,0.00036161562,0.036885798,0.9220289,0.005313903
/home/share/Uni_Eval/HAM10000_clean/ISIC2018/ISIC_0030484.jpg,5,5,0.001086495,0.0015808409,0.026323363,0.0022293432,0.063146465,0.89938116,0.006252347
/home/share/Uni_Eval/HAM10000_clean/ISIC2018/ISIC_0026515.jpg,5,5,0.07781115,0.03912591,0.18665926,0.1282889,0.0665554,0.40770128,0.09385817
/home/share/Uni_Eval/HAM10000_clean/ISIC2018/ISIC_0029706.jpg,5,5,0.036029194,0.006068307,0.12575425,0.008039201,0.019897211,0.74663734,0.057574492
/home/share/Uni_Eval/HAM10000_clean/ISIC2018/ISIC_0030414.jpg,5,5,0.0036016498,0.0050791404,0.0091971345,0.0003350056,0.023485705,0.8812946,0.07700666
/home/share/Uni_Eval/HAM10000_clean/ISIC2018/ISIC_0028021.jpg,5,5,0.09902689,0.0027227474,0.20963992,0.0067388644,0.014719033,0.6457364,0.021416066
/home/share/Uni_Eval/HAM10000_clean/ISIC2018/ISIC_0025944.jpg,5,5,0.00015483546,0.0008636029,0.0021374377,0.0006725746,0.04570043,0.9470556,0.0034156158
/home/share/Uni_Eval/HAM10000_clean/ISIC2018/ISIC_0026628.jpg,5,5,0.0051656137,0.0127850175,0.029726056,0.009650637,0.17106165,0.6980383,0.07357269
/home/share/Uni_Eval/HAM10000_clean/ISIC2018/ISIC_0027438.jpg,5,5,0.073691115,0.0019033819,0.073691115,0.09762486,0.004860456,0.46574217,0.28248692
/home/share/Uni_Eval/HAM10000_clean/ISIC2018/ISIC_0024656.jpg,5,5,0.022359185,0.00065441546,0.10020691,0.000982394,0.008755983,0.8656556,0.0013853976
/home/share/Uni_Eval/HAM10000_clean/ISIC2018/ISIC_0029456.jpg,5,5,0.000730471,0.0035955042,0.019437112,0.00082773215,0.09272927,0.87979084,0.0028890686
/home/share/Uni_Eval/HAM10000_clean/ISIC2018/ISIC_0030692.jpg,5,5,0.008160968,0.0052691167,0.13171135,0.025137551,0.04551822,0.78200626,0.002196495
/home/share/Uni_Eval/HAM10000_clean/ISIC2018/ISIC_0028908.jpg,5,5,0.0009029442,0.003151585,0.0263879,0.00016702789,0.037212905,0.93020546,0.0019722115
/home/share/Uni_Eval/HAM10000_clean/ISIC2018/ISIC_0024395.jpg,5,5,0.041749436,0.00050937844,0.26386458,0.010890991,0.0033215648,0.57633317,0.10333085
/home/share/Uni_Eval/HAM10000_clean/ISIC2018/ISIC_0026791.jpg,5,5,0.007945841,0.001772957,0.3076303,0.007701373,0.012306761,0.63121635,0.03142641
/home/share/Uni_Eval/HAM10000_clean/ISIC2018/ISIC_0024736.jpg,5,5,0.0025997204,0.0030393815,0.11767234,0.00058007607,0.07838668,0.79167736,0.0060445312
/home/share/Uni_Eval/HAM10000_clean/ISIC2018/ISIC_0030775.jpg,5,5,0.0001261918,0.00013859457,0.34250888,0.024811262,0.011359424,0.5826273,0.038428433
/home/share/Uni_Eval/HAM10000_clean/ISIC2018/ISIC_0028318.jpg,5,5,0.004862948,0.001578768,0.04334298,0.0039074887,0.019233333,0.8982018,0.028872652
/home/share/Uni_Eval/HAM10000_clean/ISIC2018/ISIC_0027901.jpg,5,6,0.18361081,0.0048930626,0.089484766,0.026451645,0.0064822542,0.31233254,0.37674493
/home/share/Uni_Eval/HAM10000_clean/ISIC2018/ISIC_0030866.jpg,5,5,0.0033947756,0.00027866015,0.08224789,0.0074148714,0.0055970387,0.8570426,0.04402412
/home/share/Uni_Eval/HAM10000_clean/ISIC2018/ISIC_0027477.jpg,5,5,0.016636621,0.007155322,0.016636621,0.0028910115,0.11192807,0.82704276,0.017709592
/home/share/Uni_Eval/HAM10000_clean/ISIC2018/ISIC_0027637.jpg,5,2,0.32711452,0.016803049,0.359265,0.062430892,0.047125313,0.055095077,0.13216622
/home/share/Uni_Eval/HAM10000_clean/ISIC2018/ISIC_0029264.jpg,5,5,0.007850457,0.023437135,0.101806276,0.056222763,0.05119141,0.7066756,0.052816395
/home/share/Uni_Eval/HAM10000_clean/ISIC2018/ISIC_0027617.jpg,5,5,0.0005896065,0.00040523024,0.009515768,7.496006e-05,0.0142848585,0.97063464,0.0044949306
/home/share/Uni_Eval/HAM10000_clean/ISIC2018/ISIC_0029711.jpg,5,5,0.0038980357,0.0009855777,0.080779456,0.003035793,0.014037364,0.868461,0.028802803
/home/share/Uni_Eval/HAM10000_clean/ISIC2018/ISIC_0024977.jpg,5,5,0.00083366217,0.0039771795,0.016744552,0.00031642243,0.04551641,0.9142215,0.01839029
/home/share/Uni_Eval/HAM10000_clean/ISIC2018/ISIC_0031785.jpg,5,5,0.0062791957,0.018169455,0.07414272,0.01554116,0.22134928,0.6608269,0.003691349
/home/share/Uni_Eval/HAM10000_clean/ISIC2018/ISIC_0025976.jpg,5,5,0.00089113007,0.0004769875,0.022982545,0.0052908827,0.0035244876,0.94717604,0.019658012
/home/share/Uni_Eval/HAM10000_clean/ISIC2018/ISIC_0030578.jpg,5,5,0.19968359,0.033632204,0.0690088,0.0034357458,0.043184604,0.52609617,0.124958806
/home/share/Uni_Eval/HAM10000_clean/ISIC2018/ISIC_0028552.jpg,5,5,0.0035276609,0.0037551755,0.050243687,0.00076291023,0.06060546,0.8631902,0.01791494
/home/share/Uni_Eval/HAM10000_clean/ISIC2018/ISIC_0026945.jpg,5,5,0.0001919704,0.0011397809,0.053228073,0.00057311775,0.056660987,0.88632697,0.0018791808
/home/share/Uni_Eval/HAM10000_clean/ISIC2018/ISIC_0029387.jpg,5,5,4.390092e-05,0.00014394557,0.277045,0.006315014,0.048143208,0.66459644,0.0037124055
/home/share/Uni_Eval/HAM10000_clean/ISIC2018/ISIC_0024321.jpg,5,5,0.0068534045,9.183567e-05,0.14653225,0.06921694,0.0017878175,0.42400512,0.3515126
/home/share/Uni_Eval/HAM10000_clean/ISIC2018/ISIC_0027807.jpg,5,5,0.00025692827,0.0007205732,0.007053625,0.0012257363,0.03695835,0.9531685,0.00061633886
/home/share/Uni_Eval/HAM10000_clean/ISIC2018/ISIC_0025714.jpg,5,5,0.005475698,0.001078229,0.06882519,0.0006747385,0.030540993,0.8925387,0.0008663813
/home/share/Uni_Eval/HAM10000_clean/ISIC2018/ISIC_0028612.jpg,5,5,7.736321e-05,0.0013291055,0.03427808,0.00060850877,0.29611742,0.6673109,0.0002785956
/home/share/Uni_Eval/HAM10000_clean/ISIC2018/ISIC_0029795.jpg,5,5,0.018452778,0.0036335676,0.06856039,0.00040767496,0.0089931665,0.88910466,0.010847828
/home/share/Uni_Eval/HAM10000_clean/ISIC2018/ISIC_0030562.jpg,5,5,0.00038566755,0.0031298043,0.2730679,0.0017284421,0.17088151,0.54306036,0.0077463393
/home/share/Uni_Eval/HAM10000_clean/ISIC2018/ISIC_0032198.jpg,5,5,0.01465243,0.00024056408,0.11170441,0.0038223153,0.0023919437,0.8515909,0.015597432
/home/share/Uni_Eval/HAM10000_clean/ISIC2018/ISIC_0030643.jpg,5,5,0.26282516,0.0020703939,0.19228698,0.011547731,0.0038680052,0.40707153,0.12033012
/home/share/Uni_Eval/HAM10000_clean/ISIC2018/ISIC_0027353.jpg,5,5,0.017659394,0.004903836,0.04509484,0.0009962748,0.014189721,0.9057541,0.011401761
/home/share/Uni_Eval/HAM10000_clean/ISIC2018/ISIC_0026701.jpg,5,5,0.0024716447,0.0014991283,0.03866303,5.129735e-05,0.018842854,0.9367194,0.0017526585
/home/share/Uni_Eval/HAM10000_clean/ISIC2018/ISIC_0028616.jpg,5,5,0.015446588,0.017503276,0.3302626,0.034809425,0.11775876,0.36272252,0.12149683
/home/share/Uni_Eval/HAM10000_clean/ISIC2018/ISIC_0026708.jpg,5,5,3.2392523e-05,0.00043340714,0.0054475847,4.568078e-05,0.048553795,0.94522434,0.00026287473
/home/share/Uni_Eval/HAM10000_clean/ISIC2018/ISIC_0024820.jpg,5,6,0.018233377,0.0021776662,0.167671,0.0015441967,0.00090778637,0.25969395,0.5497721
/home/share/Uni_Eval/HAM10000_clean/ISIC2018/ISIC_0031275.jpg,5,6,0.0048417756,0.0006552631,0.05045246,0.113696374,0.0020824217,0.014010143,0.8142615
/home/share/Uni_Eval/HAM10000_clean/ISIC2018/ISIC_0031343.jpg,5,5,0.0039124396,0.035978124,0.13791825,0.0006386882,0.11796772,0.6788574,0.024727378
/home/share/Uni_Eval/HAM10000_clean/ISIC2018/ISIC_0029423.jpg,5,5,9.938154e-05,0.0010037179,0.163606,0.014749529,0.060187284,0.75650644,0.003847644
/home/share/Uni_Eval/HAM10000_clean/ISIC2018/ISIC_0031296.jpg,5,2,0.002246385,0.0011295533,0.70579314,0.0067064664,0.008884625,0.25964683,0.015593002
/home/share/Uni_Eval/HAM10000_clean/ISIC2018/ISIC_0025137.jpg,5,5,0.003663451,0.003899723,0.052177716,0.0041512335,0.09448164,0.8161968,0.02542939
/home/share/Uni_Eval/HAM10000_clean/ISIC2018/ISIC_0025890.jpg,5,5,0.03780191,0.0013345706,0.12394768,0.010497211,0.020233903,0.67005485,0.1361299
/home/share/Uni_Eval/HAM10000_clean/ISIC2018/ISIC_0027232.jpg,5,6,0.08263606,7.6540986e-05,0.19213457,0.0015615768,6.754718e-05,0.2626168,0.4609069
/home/share/Uni_Eval/HAM10000_clean/ISIC2018/ISIC_0027259.jpg,5,5,7.79562e-05,0.002010517,0.04038231,0.06453075,0.28920677,0.57515633,0.028635347
/home/share/Uni_Eval/HAM10000_clean/ISIC2018/ISIC_0029556.jpg,5,5,0.011771534,0.012145203,0.027369639,0.0027099608,0.031013863,0.82524824,0.08974159
/home/share/Uni_Eval/HAM10000_clean/ISIC2018/ISIC_0030613.jpg,5,5,0.007507403,0.00021972896,0.29065573,0.00034032288,0.0016235897,0.67579484,0.023858476
/home/share/Uni_Eval/HAM10000_clean/ISIC2018/ISIC_0025698.jpg,5,5,0.0015540095,0.00040538755,0.004786686,0.00019757013,0.009821642,0.97101146,0.012223231
/home/share/Uni_Eval/HAM10000_clean/ISIC2018/ISIC_0031230.jpg,5,5,0.00014388657,0.0008814121,0.002181516,5.1304338e-05,0.028290328,0.96658576,0.0018659495
/home/share/Uni_Eval/HAM10000_clean/ISIC2018/ISIC_0026300.jpg,5,2,0.025904315,0.00097351655,0.6082947,0.0020609344,0.0017628107,0.32559672,0.035406996
/home/share/Uni_Eval/HAM10000_clean/ISIC2018/ISIC_0027474.jpg,5,5,0.0014698458,0.000349119,0.010202752,0.009584599,0.020290595,0.94757634,0.010526623
/home/share/Uni_Eval/HAM10000_clean/ISIC2018/ISIC_0031635.jpg,5,5,1.0464196e-05,0.00019137016,0.004221558,0.0011012593,0.08218347,0.9116027,0.0006891504
/home/share/Uni_Eval/HAM10000_clean/ISIC2018/ISIC_0026972.jpg,5,5,0.0013097335,0.00017179963,0.034850713,0.00048182398,0.004034263,0.95678014,0.0023716209
/home/share/Uni_Eval/HAM10000_clean/ISIC2018/ISIC_0024568.jpg,5,5,0.00073894823,0.0015643536,0.14990065,0.048665613,0.008456815,0.63110524,0.1595684
/home/share/Uni_Eval/HAM10000_clean/ISIC2018/ISIC_0030863.jpg,5,5,0.0015875557,0.013292442,0.35369876,0.018745348,0.0866776,0.51462865,0.011369627
/home/share/Uni_Eval/HAM10000_clean/ISIC2018/ISIC_0027682.jpg,5,5,2.257141e-05,0.0002075628,0.09789826,0.008291068,0.03178291,0.8196921,0.042105515
/home/share/Uni_Eval/HAM10000_clean/ISIC2018/ISIC_0030975.jpg,5,5,0.0007788421,0.0002691606,0.19057637,0.0034905283,0.009488238,0.77767056,0.017726364
/home/share/Uni_Eval/HAM10000_clean/ISIC2018/ISIC_0031763.jpg,5,6,0.109721504,0.008460813,0.13655062,0.021605445,0.004820826,0.21149373,0.5073471
/home/share/Uni_Eval/HAM10000_clean/ISIC2018/ISIC_0031030.jpg,5,0,0.47869292,0.0028464121,0.27275097,0.043155476,0.00484191,0.06478404,0.13292822
/home/share/Uni_Eval/HAM10000_clean/ISIC2018/ISIC_0031954.jpg,5,5,0.00062640547,0.0052448283,0.051341154,0.0031811497,0.2161543,0.70874274,0.014709486
/home/share/Uni_Eval/HAM10000_clean/ISIC2018/ISIC_0028595.jpg,5,5,0.07973434,0.058334887,0.06406835,0.046873398,0.07036531,0.6676075,0.013016274
/home/share/Uni_Eval/HAM10000_clean/ISIC2018/ISIC_0026413.jpg,5,5,0.0006584442,0.0012301357,0.076105796,0.0075354944,0.035949834,0.87098473,0.0075354944
/home/share/Uni_Eval/HAM10000_clean/ISIC2018/ISIC_0028157.jpg,5,5,6.168368e-05,0.00011524029,0.08159468,0.0005328657,0.00474938,0.7741488,0.13879725
/home/share/Uni_Eval/HAM10000_clean/ISIC2018/ISIC_0024311.jpg,5,5,0.0016704722,0.0005094653,0.033552334,0.00047859832,0.039226655,0.9211348,0.0034275868
/home/share/Uni_Eval/HAM10000_clean/ISIC2018/ISIC_0026838.jpg,5,5,0.00011123039,0.00026682785,0.028081147,0.004443082,0.030841103,0.9013092,0.034947548
/home/share/Uni_Eval/HAM10000_clean/ISIC2018/ISIC_0029016.jpg,5,5,4.8193713e-05,4.5273806e-05,0.018844543,0.00048673927,0.008104937,0.96654063,0.005929698
/home/share/Uni_Eval/HAM10000_clean/ISIC2018/ISIC_0028322.jpg,5,5,0.03234372,0.00037071187,0.1449545,0.010833789,0.0026549343,0.649641,0.15920137
/home/share/Uni_Eval/HAM10000_clean/ISIC2018/ISIC_0026695.jpg,5,5,0.0005526421,0.0007096065,0.004083504,0.0007321319,0.014705261,0.96845824,0.0107586
/home/share/Uni_Eval/HAM10000_clean/ISIC2018/ISIC_0029225.jpg,5,5,0.030629167,0.00030980963,0.080697104,0.03260458,0.0070512355,0.61520326,0.23350483
/home/share/Uni_Eval/HAM10000_clean/ISIC2018/ISIC_0026184.jpg,5,0,0.5799159,0.0029494923,0.3008564,0.007300064,0.0024452151,0.049113456,0.05741945
/home/share/Uni_Eval/HAM10000_clean/ISIC2018/ISIC_0029903.jpg,5,5,0.016624901,0.0029806804,0.020690024,0.008359525,0.024956932,0.8797622,0.04662569
/home/share/Uni_Eval/HAM10000_clean/ISIC2018/ISIC_0024874.jpg,5,6,0.00032955417,0.00933467,0.13295163,0.00933467,0.35028088,0.1248965,0.37287205
/home/share/Uni_Eval/HAM10000_clean/ISIC2018/ISIC_0030769.jpg,5,5,0.0018870564,0.0023484793,0.042949203,0.000978992,0.060568083,0.86265785,0.02861034
/home/share/Uni_Eval/HAM10000_clean/ISIC2018/ISIC_0029816.jpg,5,5,0.00043971144,0.0017390924,0.028067531,0.034930605,0.028067531,0.9008722,0.0058832737
/home/share/Uni_Eval/HAM10000_clean/ISIC2018/ISIC_0028896.jpg,5,5,0.014321254,0.0007356467,0.04844818,0.004797019,0.041439924,0.8860246,0.0042333547
/home/share/Uni_Eval/HAM10000_clean/ISIC2018/ISIC_0025560.jpg,5,5,0.011114618,0.00036862007,0.185075,0.0019314308,0.0023297505,0.75522155,0.04395916
/home/share/Uni_Eval/HAM10000_clean/ISIC2018/ISIC_0030612.jpg,5,5,0.0010921436,0.00022188245,0.076565176,0.0003545671,0.005210326,0.90405697,0.012498922
/home/share/Uni_Eval/HAM10000_clean/ISIC2018/ISIC_0027885.jpg,5,5,0.00032033084,8.099232e-05,0.008794258,0.00069966685,0.0037823636,0.98520434,0.0011180645
/home/share/Uni_Eval/HAM10000_clean/ISIC2018/ISIC_0028997.jpg,5,5,0.21496713,0.0013606808,0.28478518,0.042329542,0.00572868,0.4410839,0.009744813
/home/share/Uni_Eval/HAM10000_clean/ISIC2018/ISIC_0031505.jpg,5,5,0.035934303,0.0010193777,0.1294044,0.004031717,0.01062216,0.792698,0.0262901
/home/share/Uni_Eval/HAM10000_clean/ISIC2018/ISIC_0024625.jpg,5,5,0.0002326282,0.00028060316,0.006798391,0.00019897743,0.044331085,0.94784033,0.00031796502
/home/share/Uni_Eval/HAM10000_clean/ISIC2018/ISIC_0024601.jpg,5,5,0.0010084354,0.0022026256,0.026833473,0.0032048014,0.070696786,0.88860255,0.0074513867
/home/share/Uni_Eval/HAM10000_clean/ISIC2018/ISIC_0027696.jpg,5,5,0.0008441199,0.005504353,0.0053350017,0.0004661673,0.04905977,0.8696052,0.06918536
/home/share/Uni_Eval/HAM10000_clean/ISIC2018/ISIC_0025059.jpg,5,6,0.006718612,0.0042044003,0.20900987,0.052845977,0.046636406,0.313761,0.36682376
/home/share/Uni_Eval/HAM10000_clean/ISIC2018/ISIC_0032106.jpg,5,6,0.011269534,0.032609478,0.17628516,0.043200538,0.09435865,0.21939044,0.42288613
/home/share/Uni_Eval/HAM10000_clean/ISIC2018/ISIC_0030368.jpg,5,6,0.027917638,0.009063531,0.0064270054,0.010596341,0.004557429,0.016932905,0.92450523
/home/share/Uni_Eval/HAM10000_clean/ISIC2018/ISIC_0029090.jpg,5,6,0.28008956,0.004527226,0.09679636,0.022283789,0.0043879384,0.0686389,0.5232762
/home/share/Uni_Eval/HAM10000_clean/ISIC2018/ISIC_0032137.jpg,5,5,0.0007097869,0.008646974,0.058175214,0.0016503041,0.09591472,0.82857674,0.006326261
/home/share/Uni_Eval/HAM10000_clean/ISIC2018/ISIC_0030701.jpg,5,5,0.0009555998,0.00036270477,0.12913185,0.003550484,0.01980301,0.8420454,0.0041509364
/home/share/Uni_Eval/HAM10000_clean/ISIC2018/ISIC_0028839.jpg,5,5,0.003291898,0.0007345217,0.07975538,0.01185458,0.010461629,0.8846696,0.009232356
/home/share/Uni_Eval/HAM10000_clean/ISIC2018/ISIC_0026648.jpg,5,5,0.00032477712,0.002986595,0.077025294,0.0010649032,0.22288008,0.686519,0.00919936
/home/share/Uni_Eval/HAM10000_clean/ISIC2018/ISIC_0025408.jpg,5,5,0.00035146036,0.00042394214,0.16576841,0.0008698728,0.015418864,0.8159407,0.0012267171
/home/share/Uni_Eval/HAM10000_clean/ISIC2018/ISIC_0031884.jpg,5,2,0.09276155,0.0021815426,0.5507507,0.00070824317,0.002801156,0.30415338,0.046643436
/home/share/Uni_Eval/HAM10000_clean/ISIC2018/ISIC_0024775.jpg,5,5,0.003154312,0.00031231917,0.27520612,0.008574309,0.0052005807,0.6811417,0.026410729
/home/share/Uni_Eval/HAM10000_clean/ISIC2018/ISIC_0024659.jpg,5,0,0.79260236,0.0010516093,0.023934519,0.004567983,0.00039914588,0.011305866,0.16613849
/home/share/Uni_Eval/HAM10000_clean/ISIC2018/ISIC_0032053.jpg,5,5,0.0010669085,0.0017049147,0.32489923,0.0017049147,0.020131085,0.64613926,0.0043536522
/home/share/Uni_Eval/HAM10000_clean/ISIC2018/ISIC_0030256.jpg,5,5,0.00018324508,0.0016850905,0.118133955,0.0031481632,0.0811922,0.79478306,0.00087421335
/home/share/Uni_Eval/HAM10000_clean/ISIC2018/ISIC_0026357.jpg,5,5,0.16933851,0.00010612895,0.15418446,0.0021316572,0.0031999962,0.59104943,0.07998984
/home/share/Uni_Eval/HAM10000_clean/ISIC2018/ISIC_0026155.jpg,5,5,0.0013638018,0.0016972786,0.05280079,0.0037071973,0.06994967,0.8005317,0.06994967
/home/share/Uni_Eval/HAM10000_clean/ISIC2018/ISIC_0028140.jpg,5,5,0.00057284493,0.00027059283,0.048441645,0.0020628942,0.033293426,0.9140268,0.0013319044
/home/share/Uni_Eval/HAM10000_clean/ISIC2018/ISIC_0025058.jpg,5,5,0.0014522634,0.0019239364,0.069973975,0.0030744418,0.021340856,0.8795174,0.022717223
/home/share/Uni_Eval/HAM10000_clean/ISIC2018/ISIC_0024956.jpg,5,5,0.00022638205,6.904263e-05,0.006215019,0.0010800083,0.00583847,0.9818797,0.004691343
/home/share/Uni_Eval/HAM10000_clean/ISIC2018/ISIC_0030103.jpg,5,5,0.0004144609,0.0007504918,0.0113784745,0.00033302867,0.020603755,0.962201,0.004318782
/home/share/Uni_Eval/HAM10000_clean/ISIC2018/ISIC_0027245.jpg,5,5,0.00032780037,0.0011441358,0.026867023,0.0001927039,0.13224413,0.8358085,0.0034157585
/home/share/Uni_Eval/HAM10000_clean/ISIC2018/ISIC_0024532.jpg,5,5,0.008662792,0.001414162,0.066041745,0.0030888137,0.034262005,0.8836288,0.0029016717
/home/share/Uni_Eval/HAM10000_clean/ISIC2018/ISIC_0026380.jpg,5,5,1.9116571e-05,7.102668e-05,0.0029272116,0.00047785416,0.008470167,0.9790182,0.009016446
/home/share/Uni_Eval/HAM10000_clean/ISIC2018/ISIC_0027602.jpg,5,5,2.3169443e-05,3.702466e-05,0.005494947,0.0006562778,0.007995102,0.98370785,0.0020856466
/home/share/Uni_Eval/HAM10000_clean/ISIC2018/ISIC_0027372.jpg,5,5,0.007918435,0.0015592324,0.05850976,0.0021312179,0.02596355,0.8333416,0.07057624
/home/share/Uni_Eval/HAM10000_clean/ISIC2018/ISIC_0025852.jpg,5,5,0.000651594,0.00015476714,0.008190021,0.00013237935,0.003991497,0.9766872,0.010192646
/home/share/Uni_Eval/HAM10000_clean/ISIC2018/ISIC_0032403.jpg,5,6,0.008215326,0.00092173397,0.035685748,0.007717584,0.0026671255,0.13258864,0.8122039
/home/share/Uni_Eval/HAM10000_clean/ISIC2018/ISIC_0025190.jpg,5,5,0.004042134,0.00046791098,0.04483651,0.004580338,0.019283945,0.7702944,0.15649481
/home/share/Uni_Eval/HAM10000_clean/ISIC2018/ISIC_0027321.jpg,5,5,0.0043311953,0.00042884643,0.13901663,0.003704668,0.0151173575,0.7999855,0.03741582
/home/share/Uni_Eval/HAM10000_clean/ISIC2018/ISIC_0031878.jpg,5,5,0.03616868,0.0009054651,0.09831666,0.008863516,0.0069029136,0.82319534,0.025647435
/home/share/Uni_Eval/HAM10000_clean/ISIC2018/ISIC_0029086.jpg,5,5,0.00047390946,0.00010910015,0.042659972,0.0071851118,0.008141798,0.9121104,0.02931974
/home/share/Uni_Eval/HAM10000_clean/ISIC2018/ISIC_0024399.jpg,5,5,0.00197909,0.002879559,0.18380716,0.0029709663,0.07426481,0.72697145,0.0071269777
/home/share/Uni_Eval/HAM10000_clean/ISIC2018/ISIC_0024603.jpg,5,5,0.0022205312,0.0006361929,0.100508936,0.0012652207,0.008512168,0.8682647,0.018592283
/home/share/Uni_Eval/HAM10000_clean/ISIC2018/ISIC_0025429.jpg,5,5,0.0074219718,0.00030634133,0.26993862,0.0013306862,0.029354466,0.68931246,0.0023354269
/home/share/Uni_Eval/HAM10000_clean/ISIC2018/ISIC_0026548.jpg,5,5,2.602952e-05,0.00031710445,0.0056208107,0.00040717018,0.04561451,0.94527507,0.0027393645
/home/share/Uni_Eval/HAM10000_clean/ISIC2018/ISIC_0031992.jpg,5,5,0.0005926912,0.0009179782,0.35894468,0.0058018006,0.060456146,0.53883976,0.034446873
/home/share/Uni_Eval/HAM10000_clean/ISIC2018/ISIC_0032416.jpg,5,6,0.003995732,0.0010754367,0.16467549,0.040355463,0.0020729585,0.13652077,0.6513042
/home/share/Uni_Eval/HAM10000_clean/ISIC2018/ISIC_0029587.jpg,5,5,0.0007243951,0.00040004894,0.011331446,0.00038774076,0.012445158,0.9582241,0.016487155
/home/share/Uni_Eval/HAM10000_clean/ISIC2018/ISIC_0026685.jpg,5,5,0.0012305479,0.0008457424,0.1562113,0.006863446,0.006056969,0.8184887,0.010303252
/home/share/Uni_Eval/HAM10000_clean/ISIC2018/ISIC_0031022.jpg,5,6,0.15866236,0.002126077,0.2873004,0.022154229,0.0021935657,0.15866236,0.36890104
/home/share/Uni_Eval/HAM10000_clean/ISIC2018/ISIC_0029019.jpg,5,5,0.035420783,0.011145644,0.051536933,0.0033992296,0.035420783,0.7573297,0.105746925
/home/share/Uni_Eval/HAM10000_clean/ISIC2018/ISIC_0028204.jpg,5,5,0.00035313712,0.00011111954,0.0011946476,0.0005643115,0.006259505,0.9889079,0.0026093503
/home/share/Uni_Eval/HAM10000_clean/ISIC2018/ISIC_0029941.jpg,5,5,0.00010976476,0.00059338263,0.0018857664,0.00019875831,0.02091746,0.94679654,0.02949835
/home/share/Uni_Eval/HAM10000_clean/ISIC2018/ISIC_0025728.jpg,5,6,0.12402519,0.00073748076,0.09965704,0.008707934,0.0072191316,0.32676286,0.43289044
/home/share/Uni_Eval/HAM10000_clean/ISIC2018/ISIC_0026066.jpg,5,5,0.0012533654,0.00041982482,0.07515722,0.0021320463,0.01575381,0.8874323,0.017851403
/home/share/Uni_Eval/HAM10000_clean/ISIC2018/ISIC_0024645.jpg,5,5,0.0001206851,0.00019285426,0.0051316614,0.0006128895,0.009006346,0.97792155,0.007014149
/home/share/Uni_Eval/HAM10000_clean/ISIC2018/ISIC_0031608.jpg,5,5,0.00011468651,0.00017762993,0.0093998825,0.018693896,0.01989955,0.8730101,0.078704245
/home/share/Uni_Eval/HAM10000_clean/ISIC2018/ISIC_0025333.jpg,5,5,0.0005786528,0.0012638939,0.40970907,0.010582454,0.05208866,0.50989115,0.015886145
/home/share/Uni_Eval/HAM10000_clean/ISIC2018/ISIC_0028161.jpg,5,5,0.004886418,0.0016887008,0.07408473,0.0041795745,0.0064734514,0.8747687,0.033918463
/home/share/Uni_Eval/HAM10000_clean/ISIC2018/ISIC_0025023.jpg,5,5,0.0002991589,0.00046334643,0.007247957,0.00038412766,0.011225857,0.97942895,0.00095072505
/home/share/Uni_Eval/HAM10000_clean/ISIC2018/ISIC_0030228.jpg,5,5,0.00073084893,0.00020939171,0.012954608,0.0003791594,0.0091861915,0.9667612,0.009778651
/home/share/Uni_Eval/HAM10000_clean/ISIC2018/ISIC_0029433.jpg,5,5,0.0010153101,0.00036202,0.004843774,0.00021282055,0.006830816,0.9825921,0.0041430993
/home/share/Uni_Eval/HAM10000_clean/ISIC2018/ISIC_0025586.jpg,5,5,0.0010238265,0.00830865,0.14727435,0.01413349,0.13835144,0.6600378,0.030870382
/home/share/Uni_Eval/HAM10000_clean/ISIC2018/ISIC_0025114.jpg,5,5,0.00061407645,0.0004354454,0.011954577,0.00018728274,0.0056469417,0.92045134,0.06071035
/home/share/Uni_Eval/HAM10000_clean/ISIC2018/ISIC_0026418.jpg,5,5,0.0002990432,0.0009805249,0.037961893,0.00013691196,0.037961893,0.9197324,0.0029273068
/home/share/Uni_Eval/HAM10000_clean/ISIC2018/ISIC_0032062.jpg,5,5,0.00033503489,0.0023994257,0.010422631,0.000115784955,0.03210396,0.9093494,0.045273837
/home/share/Uni_Eval/HAM10000_clean/ISIC2018/ISIC_0032401.jpg,5,5,0.0073247785,0.0015353571,0.10763684,0.0043060156,0.036053825,0.82058126,0.022561908
/home/share/Uni_Eval/HAM10000_clean/ISIC2018/ISIC_0025204.jpg,5,5,0.0021177758,0.00077908614,0.0026356142,0.00030509452,0.020092895,0.96813,0.0059394483
/home/share/Uni_Eval/HAM10000_clean/ISIC2018/ISIC_0030713.jpg,5,5,0.0055620284,0.0009665356,0.25175664,0.006108693,0.016605148,0.7060689,0.012932103
/home/share/Uni_Eval/HAM10000_clean/ISIC2018/ISIC_0025858.jpg,5,5,0.0057880543,0.0007358686,0.119946554,0.006558726,0.0067669223,0.8069779,0.053225964
/home/share/Uni_Eval/HAM10000_clean/ISIC2018/ISIC_0024844.jpg,5,5,0.008228133,0.00076533563,0.05040343,0.0015220518,0.00797498,0.92178243,0.009323698
/home/share/Uni_Eval/HAM10000_clean/ISIC2018/ISIC_0027824.jpg,5,5,0.032510974,3.6895253e-05,0.22567084,0.004006138,0.0007888553,0.40863714,0.32834917
/home/share/Uni_Eval/HAM10000_clean/ISIC2018/ISIC_0027611.jpg,5,5,0.012186635,0.0028945792,0.041226856,0.0009108198,0.052936327,0.881469,0.008375743
/home/share/Uni_Eval/HAM10000_clean/ISIC2018/ISIC_0032224.jpg,5,2,0.089987785,0.0008287589,0.41609928,0.003599964,0.0028036549,0.3908891,0.0957915
/home/share/Uni_Eval/HAM10000_clean/ISIC2018/ISIC_0025445.jpg,5,5,9.7406904e-05,0.007269168,0.13715914,0.0060263523,0.26438117,0.5596949,0.025371889
/home/share/Uni_Eval/HAM10000_clean/ISIC2018/ISIC_0024629.jpg,5,5,0.0039932104,0.00024742333,0.058679797,0.00012441227,0.0046685357,0.9179065,0.014380103
/home/share/Uni_Eval/HAM10000_clean/ISIC2018/ISIC_0028788.jpg,5,5,0.006814213,0.0020142773,0.060734414,0.0046833353,0.026121547,0.86502683,0.03460543
/home/share/Uni_Eval/HAM10000_clean/ISIC2018/ISIC_0030779.jpg,5,5,0.0015505359,0.00017948756,0.06802332,0.008124227,0.0076320055,0.91014194,0.0043485854
/home/share/Uni_Eval/HAM10000_clean/ISIC2018/ISIC_0027913.jpg,5,5,0.00062397995,0.003269421,0.12657852,0.031019405,0.03626536,0.6632241,0.13901931
/home/share/Uni_Eval/HAM10000_clean/ISIC2018/ISIC_0024614.jpg,5,5,0.006875028,0.00043950582,0.09490683,0.0093970485,0.004579756,0.79464513,0.08915671
/home/share/Uni_Eval/HAM10000_clean/ISIC2018/ISIC_0027705.jpg,5,5,0.00019810276,0.0011400027,0.14026462,0.018398713,0.07276832,0.75826335,0.008966817
/home/share/Uni_Eval/HAM10000_clean/ISIC2018/ISIC_0024347.jpg,5,5,1.4662642e-05,0.0021761293,0.009452675,0.00048556004,0.022675786,0.96419895,0.0009963044
/home/share/Uni_Eval/HAM10000_clean/ISIC2018/ISIC_0029631.jpg,5,5,0.007950663,0.0007395269,0.04298088,7.794555e-05,0.013953848,0.9189717,0.015325304
/home/share/Uni_Eval/HAM10000_clean/ISIC2018/ISIC_0032167.jpg,5,5,0.0005600996,0.0035399387,0.0070400094,0.0004942862,0.120947845,0.8661944,0.0012233701
/home/share/Uni_Eval/HAM10000_clean/ISIC2018/ISIC_0031058.jpg,5,5,0.010388941,0.006301211,0.3132469,0.030061396,0.020025207,0.56721693,0.05275939
/home/share/Uni_Eval/HAM10000_clean/ISIC2018/ISIC_0030288.jpg,5,5,0.0070548654,0.0018987912,0.12902002,0.0006770349,0.027902534,0.8154316,0.01801523
/home/share/Uni_Eval/HAM10000_clean/ISIC2018/ISIC_0030438.jpg,5,5,0.00055242423,0.00044388536,0.051306173,0.0067299046,0.027462214,0.9094236,0.004081894
/home/share/Uni_Eval/HAM10000_clean/ISIC2018/ISIC_0030212.jpg,5,5,0.00015131423,0.00095633545,0.047541518,0.0004961403,0.12923126,0.8167667,0.004856672
/home/share/Uni_Eval/HAM10000_clean/ISIC2018/ISIC_0031129.jpg,5,2,0.011042078,9.607975e-06,0.7986823,0.005298047,0.000118892356,0.1150611,0.069788076
/home/share/Uni_Eval/HAM10000_clean/ISIC2018/ISIC_0029451.jpg,5,5,0.00026780707,0.008868553,0.026476609,0.002970593,0.16218887,0.7983216,0.00090597966
/home/share/Uni_Eval/HAM10000_clean/ISIC2018/ISIC_0024622.jpg,5,5,0.00028030368,0.0004078394,0.014833204,0.0026594473,0.03342714,0.9468287,0.0015634083
/home/share/Uni_Eval/HAM10000_clean/ISIC2018/ISIC_0025203.jpg,5,5,0.00025910177,0.0009330613,0.004738476,0.00013442023,0.03187958,0.9612319,0.00082342373
/home/share/Uni_Eval/HAM10000_clean/ISIC2018/ISIC_0026627.jpg,5,5,0.015321147,0.0070145326,0.14997731,0.07084426,0.07084426,0.65147173,0.034526736
/home/share/Uni_Eval/HAM10000_clean/ISIC2018/ISIC_0029487.jpg,5,5,0.0021755635,0.0006845714,0.01607536,0.00030377673,0.014636782,0.9639483,0.0021755635
/home/share/Uni_Eval/HAM10000_clean/ISIC2018/ISIC_0031994.jpg,5,5,0.010809627,0.0030017253,0.14463122,0.0037357074,0.049983207,0.78186893,0.0059696427
/home/share/Uni_Eval/HAM10000_clean/ISIC2018/ISIC_0029186.jpg,5,5,0.0025545347,0.0014555301,0.020092972,0.0026356245,0.03210848,0.9383473,0.0028056076
/home/share/Uni_Eval/HAM10000_clean/ISIC2018/ISIC_0032286.jpg,5,5,0.002518861,0.0005447419,0.0042847274,0.00023429058,0.006234241,0.9849165,0.001266563
/home/share/Uni_Eval/HAM10000_clean/ISIC2018/ISIC_0026160.jpg,5,5,0.003353411,0.0014422841,0.16157639,0.0012728113,0.016506067,0.79530686,0.020542134
/home/share/Uni_Eval/HAM10000_clean/ISIC2018/ISIC_0030476.jpg,5,5,0.00026357855,0.0015649378,0.050229173,0.0008916747,0.109710604,0.83639085,0.0009491827
/home/share/Uni_Eval/HAM10000_clean/ISIC2018/ISIC_0026047.jpg,5,5,0.035162605,0.0027975196,0.24407688,0.0069239275,0.007604447,0.39003372,0.3134009
/home/share/Uni_Eval/HAM10000_clean/ISIC2018/ISIC_0031549.jpg,5,5,0.0023455638,0.00125549,0.037855487,0.0003275141,0.037855487,0.91715443,0.003206006
/home/share/Uni_Eval/HAM10000_clean/ISIC2018/ISIC_0029325.jpg,5,5,0.0022642275,0.00080733513,0.17986986,0.035418473,0.012240297,0.7339813,0.035418473
/home/share/Uni_Eval/HAM10000_clean/ISIC2018/ISIC_0027923.jpg,5,5,0.00047591559,0.0015604672,0.08519862,0.0026544442,0.14952824,0.75936705,0.0012152932
/home/share/Uni_Eval/HAM10000_clean/ISIC2018/ISIC_0029283.jpg,5,5,0.053710643,0.13715492,0.11020709,0.05205814,0.16544043,0.2407144,0.2407144
/home/share/Uni_Eval/HAM10000_clean/ISIC2018/ISIC_0026721.jpg,5,5,0.0060222168,0.007978141,0.0571372,0.007040684,0.10027891,0.74096644,0.08057637
/home/share/Uni_Eval/HAM10000_clean/ISIC2018/ISIC_0026997.jpg,5,5,0.009673872,0.00043853247,0.28271195,0.14215651,0.0016810668,0.38642144,0.17691663
/home/share/Uni_Eval/HAM10000_clean/ISIC2018/ISIC_0029709.jpg,5,5,0.023522347,0.0012082836,0.16327745,0.0029905306,0.0042173243,0.75498724,0.04979681
/home/share/Uni_Eval/HAM10000_clean/ISIC2018/ISIC_0030419.jpg,5,5,0.0016227737,0.00034015186,0.053738885,0.014018626,0.018000271,0.8948328,0.017446462
/home/share/Uni_Eval/HAM10000_clean/ISIC2018/ISIC_0031280.jpg,5,6,5.477638e-05,6.085107e-07,0.006635134,0.0003007815,1.0955966e-05,0.023523593,0.9694742
/home/share/Uni_Eval/HAM10000_clean/ISIC2018/ISIC_0025110.jpg,5,5,5.1713116e-05,0.0005559684,0.0025707716,0.00022463154,0.051635336,0.9443116,0.00064999296
/home/share/Uni_Eval/HAM10000_clean/ISIC2018/ISIC_0029421.jpg,5,5,0.0048714275,0.007312879,0.04621882,0.0064535937,0.09191709,0.81924814,0.023978008
/home/share/Uni_Eval/HAM10000_clean/ISIC2018/ISIC_0025496.jpg,5,5,0.0068314187,0.0056634448,0.11736425,0.0036565952,0.07344467,0.7896046,0.003435053
/home/share/Uni_Eval/HAM10000_clean/ISIC2018/ISIC_0030750.jpg,5,5,0.002518973,7.1457755e-05,0.07135028,0.0011898786,0.0040253075,0.84248114,0.07836295
/home/share/Uni_Eval/HAM10000_clean/ISIC2018/ISIC_0025570.jpg,5,6,0.10906449,0.016210988,0.112526566,0.03326279,0.019554187,0.11978391,0.58959705
/home/share/Uni_Eval/HAM10000_clean/ISIC2018/ISIC_0025270.jpg,5,5,0.0033230504,0.005478784,0.05038196,0.003537369,0.08842309,0.83893496,0.009920795
/home/share/Uni_Eval/HAM10000_clean/ISIC2018/ISIC_0030788.jpg,5,5,0.0099476585,0.0025950014,0.010263431,0.0003299174,0.012380061,0.9532118,0.011272172
/home/share/Uni_Eval/HAM10000_clean/ISIC2018/ISIC_0026278.jpg,5,5,0.0014730189,0.00052522105,0.028676098,0.0005590949,0.00681117,0.949622,0.012333436
/home/share/Uni_Eval/HAM10000_clean/ISIC2018/ISIC_0029981.jpg,5,5,0.0014795079,0.00018231114,0.06291027,0.023143398,0.014482767,0.8960171,0.0017846272
/home/share/Uni_Eval/HAM10000_clean/ISIC2018/ISIC_0027001.jpg,5,5,0.000941927,0.00058944285,0.14423192,0.010779784,0.03534555,0.77971035,0.028400948
/home/share/Uni_Eval/HAM10000_clean/ISIC2018/ISIC_0030864.jpg,5,5,0.0001118563,0.00090774643,0.31323686,0.0037041719,0.104921214,0.5497478,0.027370334
/home/share/Uni_Eval/HAM10000_clean/ISIC2018/ISIC_0032295.jpg,5,6,0.04543904,0.0002618775,0.064079314,0.0007118569,0.0007577677,0.26148358,0.6272665
/home/share/Uni_Eval/HAM10000_clean/ISIC2018/ISIC_0024810.jpg,5,5,5.843043e-05,0.000608859,0.0030920415,4.0158608e-05,0.023572518,0.97149056,0.0011374984
/home/share/Uni_Eval/HAM10000_clean/ISIC2018/ISIC_0024627.jpg,5,5,0.0004552237,0.0041861595,0.019971047,9.24843e-05,0.04227871,0.9039587,0.029057706
/home/share/Uni_Eval/HAM10000_clean/ISIC2018/ISIC_0031124.jpg,5,5,0.011372569,0.0017994018,0.13015217,0.04225422,0.017614182,0.6819486,0.11485888
/home/share/Uni_Eval/HAM10000_clean/ISIC2018/ISIC_0024384.jpg,5,5,0.0039771595,9.065609e-05,0.024363054,0.040167887,0.015246009,0.9142169,0.0019383127
/home/share/Uni_Eval/HAM10000_clean/ISIC2018/ISIC_0029234.jpg,5,5,0.0002811662,0.0002404942,0.003646219,0.0022817452,0.011231146,0.97989035,0.0024289053
/home/share/Uni_Eval/HAM10000_clean/ISIC2018/ISIC_0031683.jpg,5,5,0.00044510709,6.2506774e-06,0.051447384,0.02078662,0.0011016506,0.9119266,0.014286421
/home/share/Uni_Eval/HAM10000_clean/ISIC2018/ISIC_0027880.jpg,5,5,0.00703146,0.002355244,0.1600353,0.002144474,0.020992061,0.7877213,0.019720217
/home/share/Uni_Eval/HAM10000_clean/ISIC2018/ISIC_0029718.jpg,5,5,0.00070920045,0.0012063906,0.04670648,0.00013118889,0.008639829,0.9381247,0.0044822847
/home/share/Uni_Eval/HAM10000_clean/ISIC2018/ISIC_0029076.jpg,5,5,0.054177508,0.054177508,0.16687846,0.003153509,0.034979627,0.5645426,0.1220909
/home/share/Uni_Eval/HAM10000_clean/ISIC2018/ISIC_0030017.jpg,5,5,0.00084130326,0.001895906,0.13291328,0.0007903312,0.045933604,0.81419253,0.0034330427
/home/share/Uni_Eval/HAM10000_clean/ISIC2018/ISIC_0028893.jpg,5,5,0.0005417164,0.0005088955,0.028666737,0.00019315495,0.017939186,0.9493119,0.0028383913
/home/share/Uni_Eval/HAM10000_clean/ISIC2018/ISIC_0030078.jpg,5,5,0.00060951133,0.00020416075,0.11983938,0.0045037135,0.020824961,0.8318501,0.022168055
/home/share/Uni_Eval/HAM10000_clean/ISIC2018/ISIC_0028434.jpg,5,5,0.22778618,0.0006201198,0.29248327,0.00048294978,0.005883533,0.4673869,0.005357018
/home/share/Uni_Eval/HAM10000_clean/ISIC2018/ISIC_0024966.jpg,5,5,0.00037886517,0.00035591086,0.1228145,0.0016979558,0.046615127,0.82627285,0.0018648397
/home/share/Uni_Eval/HAM10000_clean/ISIC2018/ISIC_0031873.jpg,5,5,0.0012099966,0.0016538693,0.10892042,0.042653844,0.10892042,0.73279613,0.003845361
/home/share/Uni_Eval/HAM10000_clean/ISIC2018/ISIC_0024722.jpg,5,5,0.036649965,0.0022010019,0.29742515,0.001293902,0.020882523,0.62964904,0.011898503
/home/share/Uni_Eval/HAM10000_clean/ISIC2018/ISIC_0027699.jpg,5,5,0.0004766451,0.00021150998,0.04712327,0.00021822403,0.004966756,0.9464961,0.00050738605
/home/share/Uni_Eval/HAM10000_clean/ISIC2018/ISIC_0032438.jpg,5,5,0.000664076,0.00048584837,0.026526423,0.00419709,0.008885238,0.93508863,0.024152584
/home/share/Uni_Eval/HAM10000_clean/ISIC2018/ISIC_0029765.jpg,5,5,0.010001396,0.004724325,0.3417142,0.0027772873,0.08374067,0.5460577,0.0109843835
/home/share/Uni_Eval/HAM10000_clean/ISIC2018/ISIC_0025010.jpg,5,5,0.018918198,0.0067454907,0.022819703,0.026678937,0.030231195,0.883485,0.011121435
/home/share/Uni_Eval/HAM10000_clean/ISIC2018/ISIC_0028569.jpg,5,5,0.0032295433,0.009947694,0.09737707,0.012773092,0.048964266,0.81532824,0.0123801045
/home/share/Uni_Eval/HAM10000_clean/ISIC2018/ISIC_0031788.jpg,5,2,0.0051480066,0.009617742,0.54177976,0.012741439,0.11716809,0.23301658,0.08052837
/home/share/Uni_Eval/HAM10000_clean/ISIC2018/ISIC_0031628.jpg,5,5,0.0061443336,0.02586861,0.09029032,0.00088517513,0.24543452,0.626739,0.004637986
/home/share/Uni_Eval/HAM10000_clean/ISIC2018/ISIC_0031859.jpg,5,5,0.0016645893,0.00040792508,0.011199044,0.00012058243,0.0059944154,0.9770896,0.0035239353
/home/share/Uni_Eval/HAM10000_clean/ISIC2018/ISIC_0028333.jpg,5,6,0.005231931,0.0010302282,0.08184117,0.101852976,0.0014528548,0.22246736,0.5861234
/home/share/Uni_Eval/HAM10000_clean/ISIC2018/ISIC_0027792.jpg,5,5,0.003858619,0.0045111827,0.12003812,0.0014645666,0.07511794,0.78274685,0.012262666
/home/share/Uni_Eval/HAM10000_clean/ISIC2018/ISIC_0029078.jpg,5,5,0.0014882735,0.0026949153,0.09801463,0.0025316386,0.16672851,0.7242356,0.004306462
/home/share/Uni_Eval/HAM10000_clean/ISIC2018/ISIC_0027830.jpg,5,5,0.0010427912,0.00059416454,0.19260684,0.0010107079,0.017364033,0.78595614,0.0014253266
/home/share/Uni_Eval/HAM10000_clean/ISIC2018/ISIC_0026534.jpg,5,5,0.006080322,0.00072619086,0.09511224,0.0019739915,0.014137172,0.8746359,0.0073342687
/home/share/Uni_Eval/HAM10000_clean/ISIC2018/ISIC_0027396.jpg,5,5,0.0040974114,0.0013302349,0.10567364,0.013021547,0.027566615,0.8056146,0.04269601
/home/share/Uni_Eval/HAM10000_clean/ISIC2018/ISIC_0029901.jpg,5,5,0.00089425675,0.00028139036,0.11712451,0.008484472,0.0127367,0.8388128,0.021665858
/home/share/Uni_Eval/HAM10000_clean/ISIC2018/ISIC_0031425.jpg,5,5,0.00065114925,0.0014222409,0.093665846,0.0014673877,0.034457743,0.8613351,0.007000515
/home/share/Uni_Eval/HAM10000_clean/ISIC2018/ISIC_0024802.jpg,5,5,0.009992226,0.0010866042,0.016997349,0.00028345766,0.005874126,0.95748246,0.008283846
/home/share/Uni_Eval/HAM10000_clean/ISIC2018/ISIC_0030638.jpg,5,5,0.2168825,0.00085907907,0.20374225,0.0054295473,0.026725167,0.47371492,0.072646536
/home/share/Uni_Eval/HAM10000_clean/ISIC2018/ISIC_0030983.jpg,5,5,0.0025347213,0.00013859957,0.07179635,0.001974043,0.0050408947,0.7963857,0.12212971
/home/share/Uni_Eval/HAM10000_clean/ISIC2018/ISIC_0026379.jpg,5,5,0.00015020887,4.8765683e-05,0.004389747,0.0004925159,0.009892448,0.9780116,0.0070147947
/home/share/Uni_Eval/HAM10000_clean/ISIC2018/ISIC_0024912.jpg,5,5,0.0002979817,0.0009770443,0.02855342,0.00010297972,0.022237428,0.94555944,0.0022716962
/home/share/Uni_Eval/HAM10000_clean/ISIC2018/ISIC_0032431.jpg,5,5,0.14257728,0.0011955831,0.03181329,0.024776215,0.0037995554,0.5818043,0.21403384
/home/share/Uni_Eval/HAM10000_clean/ISIC2018/ISIC_0029842.jpg,5,5,0.0027170775,0.005237304,0.02137147,0.0061230287,0.0363541,0.908738,0.019458944
/home/share/Uni_Eval/HAM10000_clean/ISIC2018/ISIC_0031641.jpg,5,5,0.00033830162,0.00015488577,0.011203012,0.0014695153,0.0030152497,0.97743577,0.006383283
/home/share/Uni_Eval/HAM10000_clean/ISIC2018/ISIC_0031512.jpg,5,5,0.3996993,0.0011226729,0.017561562,0.0019703526,0.002529983,0.4389838,0.13813238
/home/share/Uni_Eval/HAM10000_clean/ISIC2018/ISIC_0025037.jpg,5,5,0.044684876,0.007294606,0.0475668,0.0013921998,0.017498847,0.8699059,0.011656746
/home/share/Uni_Eval/HAM10000_clean/ISIC2018/ISIC_0031205.jpg,5,5,2.555019e-05,0.00058151956,0.009990548,0.0007948431,0.08904478,0.8993204,0.00024241343
/home/share/Uni_Eval/HAM10000_clean/ISIC2018/ISIC_0025233.jpg,5,5,0.006607846,0.0025876698,0.13272214,0.02696414,0.05037564,0.74026465,0.04047797
/home/share/Uni_Eval/HAM10000_clean/ISIC2018/ISIC_0029863.jpg,5,5,0.0017122196,0.00094557746,0.24629757,0.013895159,0.0059762336,0.5908372,0.14033613
/home/share/Uni_Eval/HAM10000_clean/ISIC2018/ISIC_0027095.jpg,5,5,0.0013768645,0.00083511055,0.060404208,0.040237878,0.013063326,0.4901977,0.39388493
/home/share/Uni_Eval/HAM10000_clean/ISIC2018/ISIC_0026197.jpg,5,5,0.0025249168,0.0003111308,0.028896142,0.00046706267,0.0050213966,0.9569088,0.0058706068
/home/share/Uni_Eval/HAM10000_clean/ISIC2018/ISIC_0028722.jpg,5,5,0.0007699405,0.0032415707,0.017523766,0.000375239,0.0737778,0.8987977,0.005514097
/home/share/Uni_Eval/HAM10000_clean/ISIC2018/ISIC_0025232.jpg,5,5,0.010446863,0.0054197614,0.07251561,0.00031546794,0.011120629,0.82989717,0.07028453
/home/share/Uni_Eval/HAM10000_clean/ISIC2018/ISIC_0029551.jpg,5,5,0.00019200446,0.00097507914,0.0215099,0.0049518608,0.3812721,0.5905258,0.0005732194
/home/share/Uni_Eval/HAM10000_clean/ISIC2018/ISIC_0032297.jpg,5,5,0.0031115243,0.0027459105,0.041631736,0.00023993498,0.05021746,0.8901257,0.011927692
/home/share/Uni_Eval/HAM10000_clean/ISIC2018/ISIC_0024978.jpg,5,2,0.01458204,0.0062716566,0.28387687,0.14274225,0.04353393,0.25847283,0.25052047
/home/share/Uni_Eval/HAM10000_clean/ISIC2018/ISIC_0025889.jpg,5,5,0.08223841,0.013851209,0.26135314,0.006146436,0.09614644,0.50377136,0.036493074
/home/share/Uni_Eval/HAM10000_clean/ISIC2018/ISIC_0030708.jpg,5,5,0.0011255887,0.0012362173,0.3024924,0.012485353,0.028136177,0.64037645,0.014147758
/home/share/Uni_Eval/HAM10000_clean/ISIC2018/ISIC_0026542.jpg,5,5,0.17535202,0.0025806609,0.2396778,0.0023497187,0.03047161,0.52350444,0.026063751
/home/share/Uni_Eval/HAM10000_clean/ISIC2018/ISIC_0025459.jpg,5,5,0.001980927,0.005384718,0.05972884,0.0024653038,0.05972884,0.85070467,0.020006657
/home/share/Uni_Eval/HAM10000_clean/ISIC2018/ISIC_0029256.jpg,5,5,0.007284257,0.0010171102,0.04749932,0.009065405,0.0054984456,0.5786602,0.35097516
/home/share/Uni_Eval/HAM10000_clean/ISIC2018/ISIC_0024527.jpg,5,5,0.14234939,0.0033477368,0.18858229,0.0037934824,0.021829985,0.5993133,0.04078378
/home/share/Uni_Eval/HAM10000_clean/ISIC2018/ISIC_0029910.jpg,5,5,0.032564256,0.0024338278,0.17604072,0.02458079,0.016374337,0.718356,0.029650094
/home/share/Uni_Eval/HAM10000_clean/ISIC2018/ISIC_0025464.jpg,5,5,0.030700969,0.0017870107,0.20655034,0.012022671,0.00623728,0.72093153,0.021770246
/home/share/Uni_Eval/HAM10000_clean/ISIC2018/ISIC_0029124.jpg,5,5,0.0033772348,2.2055514e-05,0.074500605,2.422324e-05,3.310924e-05,0.8263821,0.09566067
/home/share/Uni_Eval/HAM10000_clean/ISIC2018/ISIC_0031265.jpg,5,5,0.0008085954,0.0004904379,0.029408785,9.657294e-05,0.010486025,0.94392186,0.014787665
/home/share/Uni_Eval/HAM10000_clean/ISIC2018/ISIC_0027499.jpg,5,5,0.0025636498,0.0021253405,0.014752788,0.0011737245,0.030270755,0.9416956,0.007418168
/home/share/Uni_Eval/HAM10000_clean/ISIC2018/ISIC_0025344.jpg,5,5,0.0044893674,0.0013270545,0.10876741,0.00085681083,0.017209504,0.855522,0.011827908
/home/share/Uni_Eval/HAM10000_clean/ISIC2018/ISIC_0031047.jpg,5,5,0.0014632107,0.0015575797,0.020198999,0.00023886256,0.045519147,0.91427654,0.01674556
/home/share/Uni_Eval/HAM10000_clean/ISIC2018/ISIC_0025595.jpg,5,5,0.014047922,0.016945027,0.1711387,0.0053319894,0.06914628,0.61629415,0.10709586
/home/share/Uni_Eval/HAM10000_clean/ISIC2018/ISIC_0026732.jpg,5,5,0.0031123096,0.0027466037,0.03674915,0.000919997,0.03674915,0.91861314,0.0011097282
/home/share/Uni_Eval/HAM10000_clean/ISIC2018/ISIC_0027635.jpg,5,5,0.00014888434,0.0005361531,0.15824817,0.0012861645,0.08209807,0.75495976,0.0027228103
/home/share/Uni_Eval/HAM10000_clean/ISIC2018/ISIC_0029280.jpg,5,5,0.07649067,0.021240694,0.1148261,0.0025368389,0.019953784,0.3884517,0.37650028
/home/share/Uni_Eval/HAM10000_clean/ISIC2018/ISIC_0032472.jpg,5,5,0.0013052134,0.0072798957,0.07352434,0.0072798957,0.062888704,0.7904612,0.05726082
/home/share/Uni_Eval/HAM10000_clean/ISIC2018/ISIC_0028433.jpg,5,2,0.015548632,0.0004998099,0.4137337,0.16716352,0.007344653,0.28435475,0.11135492
/home/share/Uni_Eval/HAM10000_clean/ISIC2018/ISIC_0030439.jpg,5,5,0.041295394,0.0014130508,0.015673965,0.0022580486,0.011114505,0.85576946,0.07247567
/home/share/Uni_Eval/HAM10000_clean/ISIC2018/ISIC_0027726.jpg,5,5,0.007224875,0.0017160581,0.20464563,0.016281506,0.017331574,0.69230723,0.06049313
/home/share/Uni_Eval/HAM10000_clean/ISIC2018/ISIC_0030343.jpg,5,5,0.010730085,0.009177928,0.027400231,0.0015458154,0.16268267,0.7066613,0.08180198
/home/share/Uni_Eval/HAM10000_clean/ISIC2018/ISIC_0025679.jpg,5,2,0.23702803,0.00010051518,0.32397893,0.0024736095,0.0014094203,0.24455212,0.19045737
/home/share/Uni_Eval/HAM10000_clean/ISIC2018/ISIC_0031737.jpg,5,5,0.010274346,0.0011172832,0.030673534,0.0064295214,0.026236463,0.74315166,0.18211715
/home/share/Uni_Eval/HAM10000_clean/ISIC2018/ISIC_0025187.jpg,5,5,0.004965594,0.0016632656,0.051742684,0.00034863944,0.017331626,0.9171609,0.0067871623
/home/share/Uni_Eval/HAM10000_clean/ISIC2018/ISIC_0024751.jpg,5,5,0.091501616,0.0109283095,0.018017737,0.016405335,0.043222304,0.76613367,0.05379102
/home/share/Uni_Eval/HAM10000_clean/ISIC2018/ISIC_0030749.jpg,5,5,0.0009352274,0.0014485086,0.03620816,0.001318882,0.05106169,0.90509003,0.0039374544
/home/share/Uni_Eval/HAM10000_clean/ISIC2018/ISIC_0025864.jpg,5,5,0.0006364225,0.0035496796,0.039374065,0.0007440533,0.08600087,0.86857796,0.0011169564
/home/share/Uni_Eval/HAM10000_clean/ISIC2018/ISIC_0025688.jpg,5,5,8.811447e-05,6.9016587e-06,0.12407443,0.0018839707,0.0015138129,0.8612472,0.011185649
/home/share/Uni_Eval/HAM10000_clean/ISIC2018/ISIC_0030948.jpg,5,5,0.0005734854,0.004510812,0.21065612,0.06839003,0.17464006,0.5379293,0.00330018
/home/share/Uni_Eval/HAM10000_clean/ISIC2018/ISIC_0027413.jpg,5,2,0.023758652,0.0093040215,0.7163699,0.08292584,0.016329067,0.037966214,0.11334619
/home/share/Uni_Eval/HAM10000_clean/ISIC2018/ISIC_0026294.jpg,5,5,0.0075169127,0.0127866985,0.06293833,0.0009556682,0.12516783,0.76674587,0.0238887
/home/share/Uni_Eval/HAM10000_clean/ISIC2018/ISIC_0029327.jpg,5,5,0.0013689293,0.00541422,0.026649727,0.0050861896,0.058208354,0.8825177,0.020754827
/home/share/Uni_Eval/HAM10000_clean/ISIC2018/ISIC_0029796.jpg,5,5,0.0031933638,0.0042305193,0.053174276,0.0019983558,0.060254347,0.85818934,0.018959872
/home/share/Uni_Eval/HAM10000_clean/ISIC2018/ISIC_0024533.jpg,5,5,0.0004287121,0.013336844,0.019404992,0.00045636165,0.2364012,0.728167,0.0018049455
/home/share/Uni_Eval/HAM10000_clean/ISIC2018/ISIC_0028620.jpg,5,5,0.00021393145,0.0007237208,0.063142896,0.00015170011,0.0064504533,0.9278781,0.0014392906
/home/share/Uni_Eval/HAM10000_clean/ISIC2018/ISIC_0032332.jpg,5,5,0.007938624,0.0011084804,0.08017726,0.00957581,0.0036345674,0.8619869,0.03557845
/home/share/Uni_Eval/HAM10000_clean/ISIC2018/ISIC_0025705.jpg,5,5,0.0027323884,0.0031944858,0.034343958,0.00021069916,0.072706155,0.88574237,0.0010700187
/home/share/Uni_Eval/HAM10000_clean/ISIC2018/ISIC_0030004.jpg,5,5,0.10191507,0.016637178,0.29490104,0.02204068,0.07456266,0.3670103,0.122933045
/home/share/Uni_Eval/HAM10000_clean/ISIC2018/ISIC_0031445.jpg,5,5,0.01848514,0.0084631145,0.16475625,0.00795036,0.041656908,0.7383863,0.020301953
/home/share/Uni_Eval/HAM10000_clean/ISIC2018/ISIC_0025050.jpg,5,5,0.00933784,8.599852e-05,0.017999155,0.0031277845,0.003544244,0.6754133,0.29049167
/home/share/Uni_Eval/HAM10000_clean/ISIC2018/ISIC_0024681.jpg,5,5,0.004585792,0.0013138514,0.0078006955,0.00070325396,0.019919772,0.9597884,0.005888273
/home/share/Uni_Eval/HAM10000_clean/ISIC2018/ISIC_0029707.jpg,5,5,0.00204314,0.003264928,0.07202315,0.006293313,0.032974605,0.85042626,0.032974605
/home/share/Uni_Eval/HAM10000_clean/ISIC2018/ISIC_0028240.jpg,5,5,0.0024480238,0.0016307354,0.047657076,0.0053469753,0.08364077,0.8447418,0.014534585
/home/share/Uni_Eval/HAM10000_clean/ISIC2018/ISIC_0026325.jpg,5,5,0.0022361714,0.003056484,0.0117167,0.0036868236,0.026403993,0.79613215,0.15676771
/home/share/Uni_Eval/HAM10000_clean/ISIC2018/ISIC_0029817.jpg,5,5,0.00018960665,1.1748219e-05,0.07413934,0.005370636,0.005717012,0.9032021,0.011369637
/home/share/Uni_Eval/HAM10000_clean/ISIC2018/ISIC_0030530.jpg,5,5,0.00028846765,0.005977949,0.18596855,0.037781805,0.093510866,0.66969854,0.0067739044
/home/share/Uni_Eval/HAM10000_clean/ISIC2018/ISIC_0028421.jpg,5,5,0.003840733,0.0033894347,0.07476973,0.006954669,0.051388435,0.8556943,0.003962651
/home/share/Uni_Eval/HAM10000_clean/ISIC2018/ISIC_0029445.jpg,5,2,0.07165283,0.0077918842,0.7947938,0.008557711,0.0057006637,0.046262544,0.065240644
/home/share/Uni_Eval/HAM10000_clean/ISIC2018/ISIC_0031315.jpg,5,2,0.0021847095,0.00032472805,0.5871221,5.6429275e-05,0.00020320961,0.09584505,0.31426382
/home/share/Uni_Eval/HAM10000_clean/ISIC2018/ISIC_0031224.jpg,5,5,0.00037341868,0.0030304012,0.022391805,0.0007905274,0.07575049,0.8944375,0.0032258453
/home/share/Uni_Eval/HAM10000_clean/ISIC2018/ISIC_0030317.jpg,5,5,0.00029643686,0.0015054306,0.025067668,0.0033925402,0.020142438,0.9406573,0.008938152
/home/share/Uni_Eval/HAM10000_clean/ISIC2018/ISIC_0026375.jpg,5,5,0.0023774526,7.407179e-05,0.04347906,0.0014877717,0.0018515618,0.61926264,0.33146742
/home/share/Uni_Eval/HAM10000_clean/ISIC2018/ISIC_0030515.jpg,5,5,0.00087282894,0.0015318628,0.019865496,0.005872229,0.065136455,0.899181,0.0075400923
/home/share/Uni_Eval/HAM10000_clean/ISIC2018/ISIC_0029461.jpg,5,5,0.0018747189,0.0044972165,0.027548794,0.004639974,0.06608611,0.88422245,0.0111307185
/home/share/Uni_Eval/HAM10000_clean/ISIC2018/ISIC_0032458.jpg,5,5,0.0005449457,0.00012159383,0.07597701,0.0009564096,0.009362206,0.8971122,0.015925648
/home/share/Uni_Eval/HAM10000_clean/ISIC2018/ISIC_0026447.jpg,5,5,0.0023193078,0.000415829,0.052787203,0.0100746155,0.016099188,0.9068879,0.011416034
/home/share/Uni_Eval/HAM10000_clean/ISIC2018/ISIC_0029643.jpg,5,5,0.08423108,0.030033518,0.29399535,0.0018036528,0.10160208,0.4553489,0.032985367
/home/share/Uni_Eval/HAM10000_clean/ISIC2018/ISIC_0026837.jpg,5,5,0.00686023,0.00024988386,0.019239992,0.0013937403,0.0077736606,0.956462,0.008020422
/home/share/Uni_Eval/HAM10000_clean/ISIC2018/ISIC_0032480.jpg,5,5,0.024730397,0.008546596,0.038303185,0.00022775908,0.03712472,0.7693401,0.12172729
/home/share/Uni_Eval/HAM10000_clean/ISIC2018/ISIC_0026971.jpg,5,5,0.0025843603,0.009020304,0.013970919,0.00032856452,0.057010073,0.8917876,0.025298068
/home/share/Uni_Eval/HAM10000_clean/ISIC2018/ISIC_0030027.jpg,5,6,0.018569026,0.008239956,0.08858787,0.011262684,0.00084176444,0.005320115,0.8671786
/home/share/Uni_Eval/HAM10000_clean/ISIC2018/ISIC_0030702.jpg,5,5,7.340664e-06,4.7867143e-05,0.00022133542,0.00040078667,0.006885543,0.99046445,0.0019727412
/home/share/Uni_Eval/HAM10000_clean/ISIC2018/ISIC_0027196.jpg,5,5,0.00020900954,0.0010287811,0.017130742,0.00053372455,0.043744884,0.93530685,0.0020459755
/home/share/Uni_Eval/HAM10000_clean/ISIC2018/ISIC_0031732.jpg,5,5,0.00068340026,0.00077439396,0.014611742,0.00014779567,0.02060586,0.9622992,0.00087750336
/home/share/Uni_Eval/HAM10000_clean/ISIC2018/ISIC_0027168.jpg,5,5,0.0076511935,0.0005046509,0.08486924,0.00073426275,0.0046406835,0.88435775,0.017242232
/home/share/Uni_Eval/HAM10000_clean/ISIC2018/ISIC_0028257.jpg,5,5,0.00011439429,4.9200367e-05,0.0009283429,0.0002577915,0.005867307,0.9867294,0.0060535553
/home/share/Uni_Eval/HAM10000_clean/ISIC2018/ISIC_0025329.jpg,5,5,0.00018590961,0.0005213964,0.16381788,0.00034732488,0.14456877,0.68969905,0.0008596374
/home/share/Uni_Eval/HAM10000_clean/ISIC2018/ISIC_0029834.jpg,5,5,0.00048087328,0.0013071491,0.22680677,0.020447252,0.024664093,0.7207905,0.005503303
/home/share/Uni_Eval/HAM10000_clean/ISIC2018/ISIC_0025279.jpg,5,5,0.0003427324,6.144853e-05,0.235202,0.010662093,0.026388934,0.7244732,0.0028696633
/home/share/Uni_Eval/HAM10000_clean/ISIC2018/ISIC_0030595.jpg,5,5,0.018111663,0.0020965773,0.34174204,0.0028656814,0.010985279,0.5293004,0.09489834
/home/share/Uni_Eval/HAM10000_clean/ISIC2018/ISIC_0030651.jpg,5,2,0.07736407,0.0054318104,0.57164747,0.011145352,0.011145352,0.23829812,0.084967814
/home/share/Uni_Eval/HAM10000_clean/ISIC2018/ISIC_0027516.jpg,5,5,0.06603823,0.004935647,0.14881945,0.0012095324,0.036469776,0.64644223,0.09608506
/home/share/Uni_Eval/HAM10000_clean/ISIC2018/ISIC_0031241.jpg,5,5,0.0001062973,0.0081844395,0.008712289,0.0007854367,0.004246031,0.97602147,0.0019439746
/home/share/Uni_Eval/HAM10000_clean/ISIC2018/ISIC_0029873.jpg,5,5,0.001080923,0.0005969423,0.027877372,0.0004102721,0.015884047,0.9524764,0.0016741663
/home/share/Uni_Eval/HAM10000_clean/ISIC2018/ISIC_0024389.jpg,5,5,0.0039727883,0.0040988987,0.06411756,0.28735495,0.020815926,0.52033263,0.099307224
/home/share/Uni_Eval/HAM10000_clean/ISIC2018/ISIC_0029658.jpg,5,5,0.033891484,0.0028702922,0.13404341,0.15671262,0.027232572,0.4980317,0.14721788
/home/share/Uni_Eval/HAM10000_clean/ISIC2018/ISIC_0027995.jpg,5,5,0.0008314746,0.00053684035,0.0069618514,0.0005203235,0.01723075,0.97063017,0.0032885459
/home/share/Uni_Eval/HAM10000_clean/ISIC2018/ISIC_0031740.jpg,5,5,0.00025118416,7.660685e-05,0.014149527,0.00023596572,0.007814112,0.9614391,0.016033515
/home/share/Uni_Eval/HAM10000_clean/ISIC2018/ISIC_0028532.jpg,5,5,0.021065261,0.0004107072,0.1462219,0.006628479,0.0045556827,0.7904681,0.030649774
/home/share/Uni_Eval/HAM10000_clean/ISIC2018/ISIC_0026719.jpg,5,5,0.049690332,0.017172521,0.19652909,0.0073858085,0.153057,0.5511794,0.024985868
/home/share/Uni_Eval/HAM10000_clean/ISIC2018/ISIC_0029037.jpg,5,5,0.0021539426,0.0027657172,0.012013728,0.000544602,0.052185256,0.92500573,0.0053310595
/home/share/Uni_Eval/HAM10000_clean/ISIC2018/ISIC_0031193.jpg,5,2,0.0014594069,0.002482535,0.5530952,0.025868608,0.082210265,0.29605055,0.038833376
/home/share/Uni_Eval/HAM10000_clean/ISIC2018/ISIC_0030934.jpg,5,5,0.0005098373,0.0008672625,0.17051725,0.00343009,0.028719792,0.7884638,0.007492005
/home/share/Uni_Eval/HAM10000_clean/ISIC2018/ISIC_0028530.jpg,5,5,0.002917379,0.0004473945,0.2317561,0.010182653,0.0074497885,0.7138591,0.033387635
/home/share/Uni_Eval/HAM10000_clean/ISIC2018/ISIC_0028959.jpg,5,5,0.009817376,0.00031557903,0.0076457807,0.00013155291,0.007888484,0.9705897,0.0036116107
/home/share/Uni_Eval/HAM10000_clean/ISIC2018/ISIC_0028754.jpg,5,5,2.801304e-05,9.185122e-05,0.003340648,0.00014226194,0.009666487,0.98600835,0.0007224658
/home/share/Uni_Eval/HAM10000_clean/ISIC2018/ISIC_0032353.jpg,5,5,0.0012804517,0.00047105187,0.08700477,0.0023921987,0.01072109,0.878717,0.019413387
/home/share/Uni_Eval/HAM10000_clean/ISIC2018/ISIC_0029579.jpg,5,5,0.0010255744,0.00054895045,0.01935117,0.0015395697,0.042266842,0.9323916,0.0028762948
/home/share/Uni_Eval/HAM10000_clean/ISIC2018/ISIC_0032001.jpg,5,5,0.0006711755,2.9489394e-05,0.0355175,0.0021329913,0.0026545508,0.94508547,0.013908851
/home/share/Uni_Eval/HAM10000_clean/ISIC2018/ISIC_0027894.jpg,5,5,0.0004033213,0.0008538312,0.0035947636,0.00017897272,0.035188813,0.93633956,0.023440802
/home/share/Uni_Eval/HAM10000_clean/ISIC2018/ISIC_0026763.jpg,5,5,0.0010019114,0.00028705242,0.009807619,0.00051978475,0.0057656015,0.9696251,0.012992985
/home/share/Uni_Eval/HAM10000_clean/ISIC2018/ISIC_0031432.jpg,5,5,0.0003053789,0.0023280894,0.017748449,0.001207797,0.049776755,0.9103217,0.018311843
/home/share/Uni_Eval/HAM10000_clean/ISIC2018/ISIC_0030780.jpg,5,5,0.0008180127,0.0014812297,0.041956045,0.00037451347,0.024664687,0.92553556,0.0051699993
/home/share/Uni_Eval/HAM10000_clean/ISIC2018/ISIC_0025787.jpg,5,5,0.0008424397,0.000121364945,0.031612318,0.004554186,0.0085083395,0.95317334,0.0011880305
/home/share/Uni_Eval/HAM10000_clean/ISIC2018/ISIC_0028286.jpg,5,5,0.0011288011,0.000378101,0.041054733,0.0027938096,0.0069147446,0.9344014,0.01332852
/home/share/Uni_Eval/HAM10000_clean/ISIC2018/ISIC_0031911.jpg,5,5,1.1497858e-05,0.0001689598,0.013848203,0.0020583519,0.012220997,0.970834,0.0008580487
/home/share/Uni_Eval/HAM10000_clean/ISIC2018/ISIC_0025138.jpg,5,5,0.00022231606,0.0016427059,0.10818522,0.0031663983,0.030041952,0.8247619,0.03197949
/home/share/Uni_Eval/HAM10000_clean/ISIC2018/ISIC_0026797.jpg,5,5,0.005886747,0.0026951493,0.0109978905,0.0036838322,0.054133516,0.901404,0.02119899
/home/share/Uni_Eval/HAM10000_clean/ISIC2018/ISIC_0027464.jpg,5,5,0.00023222773,0.0018845954,0.1544643,0.0026577055,0.05014722,0.78443456,0.006179351
/home/share/Uni_Eval/HAM10000_clean/ISIC2018/ISIC_0027241.jpg,5,5,0.0034352585,0.0036568134,0.025383318,0.0012248791,0.038104873,0.92319655,0.0049982714
/home/share/Uni_Eval/HAM10000_clean/ISIC2018/ISIC_0031242.jpg,5,5,4.5404933e-05,0.0008048217,0.05468642,0.022796692,0.056422357,0.85543954,0.009804736
/home/share/Uni_Eval/HAM10000_clean/ISIC2018/ISIC_0030224.jpg,5,5,0.00050518254,0.0007124216,0.0084120445,0.0016054669,0.037700173,0.9423856,0.008679071
/home/share/Uni_Eval/HAM10000_clean/ISIC2018/ISIC_0025220.jpg,5,5,0.011762004,0.0151027115,0.1839887,0.021974318,0.02734748,0.72768945,0.01213537
/home/share/Uni_Eval/HAM10000_clean/ISIC2018/ISIC_0026408.jpg,5,5,0.0011121257,0.0006336701,0.10656692,0.0027525374,0.016861336,0.86482155,0.0072519705
/home/share/Uni_Eval/HAM10000_clean/ISIC2018/ISIC_0030496.jpg,5,5,0.06520645,0.015011378,0.23481748,0.13804206,0.08638451,0.43869677,0.021841425
/home/share/Uni_Eval/HAM10000_clean/ISIC2018/ISIC_0027733.jpg,5,5,0.0012200784,5.7063826e-05,0.06872858,0.0029268158,0.003316517,0.8912858,0.03246508
/home/share/Uni_Eval/HAM10000_clean/ISIC2018/ISIC_0028590.jpg,5,6,0.026288178,0.0019043091,0.1377402,0.103971764,0.026288178,0.3409103,0.3628971
/home/share/Uni_Eval/HAM10000_clean/ISIC2018/ISIC_0031161.jpg,5,5,0.008180487,0.000109618595,0.039026923,0.00042021103,0.0039868513,0.9455358,0.00274012
/home/share/Uni_Eval/HAM10000_clean/ISIC2018/ISIC_0027314.jpg,5,5,0.009383001,0.00022767174,0.007307488,0.00013808989,0.0040355786,0.9570921,0.02181613
/home/share/Uni_Eval/HAM10000_clean/ISIC2018/ISIC_0030571.jpg,5,6,0.011007838,0.0016881065,0.111175224,0.0034637698,0.0048846984,0.20770265,0.6600777
/home/share/Uni_Eval/HAM10000_clean/ISIC2018/ISIC_0026873.jpg,5,5,0.009679429,0.00252503,0.23451109,0.0021597727,0.0255019,0.7001208,0.0255019
/home/share/Uni_Eval/HAM10000_clean/ISIC2018/ISIC_0032506.jpg,5,3,0.016933246,0.00029135263,0.07588955,0.37354144,0.0066311546,0.22656433,0.30014896
/home/share/Uni_Eval/HAM10000_clean/ISIC2018/ISIC_0024359.jpg,5,5,0.0032888895,0.034271013,0.008665069,0.0003359812,0.21659946,0.73274654,0.004093089
/home/share/Uni_Eval/HAM10000_clean/ISIC2018/ISIC_0031420.jpg,5,5,0.009874352,0.00086281134,0.14063822,0.0020060965,0.004664314,0.69224554,0.1497086
/home/share/Uni_Eval/HAM10000_clean/ISIC2018/ISIC_0026785.jpg,5,2,0.0026215068,0.0023869094,0.41415873,0.07904358,0.017637007,0.3654938,0.11865847
/home/share/Uni_Eval/HAM10000_clean/ISIC2018/ISIC_0025229.jpg,5,5,0.0006259797,0.001032066,0.25253823,0.00033506277,0.033125807,0.70826095,0.0040819
/home/share/Uni_Eval/HAM10000_clean/ISIC2018/ISIC_0030739.jpg,5,5,0.021355912,0.0018660587,0.2521637,0.26842687,0.005930322,0.27694768,0.17330943
/home/share/Uni_Eval/HAM10000_clean/ISIC2018/ISIC_0030611.jpg,5,5,0.00096573186,0.00024417523,0.20854,0.04371236,0.04509994,0.6837764,0.01766139
/home/share/Uni_Eval/HAM10000_clean/ISIC2018/ISIC_0027363.jpg,5,5,0.0071151117,0.00053177803,0.14291082,0.0073409695,0.024070114,0.7257611,0.092270166
/home/share/Uni_Eval/HAM10000_clean/ISIC2018/ISIC_0030619.jpg,5,5,0.0026063838,0.0062523894,0.0631469,0.001310572,0.0693533,0.84489614,0.0124343615
/home/share/Uni_Eval/HAM10000_clean/ISIC2018/ISIC_0029601.jpg,5,5,0.00030922086,0.00065462064,0.014440699,0.0008947603,0.073335916,0.83928514,0.071079604
/home/share/Uni_Eval/HAM10000_clean/ISIC2018/ISIC_0027088.jpg,5,5,0.00062665954,0.0007100983,0.0151825715,0.00026123057,0.012586794,0.96912944,0.0015032782
/home/share/Uni_Eval/HAM10000_clean/ISIC2018/ISIC_0027158.jpg,5,5,0.00020014947,0.0010487083,0.18774024,0.004415227,0.03365997,0.7660973,0.006838437
/home/share/Uni_Eval/HAM10000_clean/ISIC2018/ISIC_0024502.jpg,5,5,0.00047217333,0.0030789566,0.25235602,0.0618425,0.11920454,0.5178009,0.04524494
/home/share/Uni_Eval/HAM10000_clean/ISIC2018/ISIC_0027199.jpg,5,5,0.28007612,0.0005578369,0.047172517,0.002276323,0.0014244866,0.5746789,0.093813755
/home/share/Uni_Eval/HAM10000_clean/ISIC2018/ISIC_0027929.jpg,5,5,0.0016887883,0.0020370677,0.06142158,0.0007731836,0.024816561,0.90258354,0.0066792867
/home/share/Uni_Eval/HAM10000_clean/ISIC2018/ISIC_0027029.jpg,5,5,0.0098995585,0.00027218866,0.13665919,0.0005246574,0.040396377,0.811383,0.00086501386
/home/share/Uni_Eval/HAM10000_clean/ISIC2018/ISIC_0031920.jpg,5,5,0.0063416264,0.0009725199,0.04834609,0.0084012905,0.026699247,0.8841576,0.025081621
/home/share/Uni_Eval/HAM10000_clean/ISIC2018/ISIC_0029763.jpg,5,5,0.082826994,0.010206289,0.13235717,0.027743569,0.031437583,0.40768877,0.30773962
/home/share/Uni_Eval/HAM10000_clean/ISIC2018/ISIC_0031841.jpg,5,5,0.071382105,1.0299058e-05,0.20655097,0.012404351,0.0007220198,0.67725456,0.03167562
/home/share/Uni_Eval/HAM10000_clean/ISIC2018/ISIC_0028946.jpg,5,5,0.00039359054,0.0008075954,0.079842485,0.0011388919,0.036554556,0.85838765,0.022875257
/home/share/Uni_Eval/HAM10000_clean/ISIC2018/ISIC_0031152.jpg,5,5,0.0011120671,0.000893571,0.25562727,0.0022116094,0.0043983106,0.6527671,0.08299002
/home/share/Uni_Eval/HAM10000_clean/ISIC2018/ISIC_0030075.jpg,5,5,0.00036214833,0.000543649,0.085888386,0.0044118697,0.036940135,0.86744195,0.0044118697
/home/share/Uni_Eval/HAM10000_clean/ISIC2018/ISIC_0028328.jpg,5,5,0.0020438312,0.00029444182,0.16236162,0.008604852,0.024898963,0.7991719,0.002624331
/home/share/Uni_Eval/HAM10000_clean/ISIC2018/ISIC_0027547.jpg,5,5,0.0033862898,0.0012074187,0.09010583,0.026635233,0.025815753,0.8285978,0.024251655
/home/share/Uni_Eval/HAM10000_clean/ISIC2018/ISIC_0029750.jpg,5,5,0.0029872237,0.0004726474,0.115653,0.0015020703,0.0076281424,0.8545665,0.017190283
/home/share/Uni_Eval/HAM10000_clean/ISIC2018/ISIC_0024991.jpg,5,5,0.00118774,0.00081632094,0.023122411,0.00076686253,0.019777644,0.95294034,0.0013886086
/home/share/Uni_Eval/HAM10000_clean/ISIC2018/ISIC_0031805.jpg,5,5,0.00049101835,0.0010724828,0.072873585,0.0027386807,0.06041432,0.86046785,0.0019420154
/home/share/Uni_Eval/HAM10000_clean/ISIC2018/ISIC_0031688.jpg,5,5,0.00012802861,0.00027964017,0.025971465,0.027646478,0.025172405,0.9155256,0.005276423
/home/share/Uni_Eval/HAM10000_clean/ISIC2018/ISIC_0031731.jpg,5,5,0.00011567506,9.008782e-05,0.34482247,0.014232525,0.013794635,0.62439287,0.002551751
/home/share/Uni_Eval/HAM10000_clean/ISIC2018/ISIC_0028444.jpg,5,5,0.001014617,0.0013027941,0.008764952,0.00029069264,0.035766482,0.95171076,0.0011497117
/home/share/Uni_Eval/HAM10000_clean/ISIC2018/ISIC_0025139.jpg,5,5,0.02847521,0.00984077,0.10915664,0.005434589,0.030311706,0.7343854,0.082395755
/home/share/Uni_Eval/HAM10000_clean/ISIC2018/ISIC_0027690.jpg,5,5,0.00077456486,0.0006835511,0.003160708,0.0003129525,0.026464285,0.9625116,0.006092424
/home/share/Uni_Eval/HAM10000_clean/ISIC2018/ISIC_0031658.jpg,5,5,0.0014775853,0.00012910995,0.24849162,0.034697205,0.0056641633,0.5098717,0.19966862
/home/share/Uni_Eval/HAM10000_clean/ISIC2018/ISIC_0025828.jpg,5,5,0.0025626165,0.00085836905,0.14435548,0.0016545494,0.011131498,0.80515015,0.03428743
/home/share/Uni_Eval/HAM10000_clean/ISIC2018/ISIC_0026578.jpg,5,5,0.0005784321,0.00026482553,0.066857666,0.012760009,0.016384177,0.8403479,0.062806964
/home/share/Uni_Eval/HAM10000_clean/ISIC2018/ISIC_0025349.jpg,5,5,0.00067208643,0.00037116135,0.18635093,0.055085227,0.020907994,0.7143561,0.022256445
/home/share/Uni_Eval/HAM10000_clean/ISIC2018/ISIC_0027169.jpg,5,5,0.000279335,0.0031968202,0.1126918,0.0024130864,0.27033356,0.6092061,0.0018793136
/home/share/Uni_Eval/HAM10000_clean/ISIC2018/ISIC_0025888.jpg,5,5,0.0004573956,0.0035976951,0.022738133,0.014229159,0.05286774,0.8532421,0.05286774
/home/share/Uni_Eval/HAM10000_clean/ISIC2018/ISIC_0026813.jpg,5,5,0.0077591697,0.0064325775,0.02974394,0.0026814975,0.10381655,0.8425014,0.007064805
/home/share/Uni_Eval/HAM10000_clean/ISIC2018/ISIC_0030449.jpg,5,5,0.0026745482,0.0013034706,0.088568866,9.442309e-05,0.010252591,0.8945139,0.002592261
/home/share/Uni_Eval/HAM10000_clean/ISIC2018/ISIC_0029520.jpg,5,4,0.0013303623,0.00464342,0.003971728,0.00044561553,0.60816807,0.38058186,0.0008589464
/home/share/Uni_Eval/HAM10000_clean/ISIC2018/ISIC_0026517.jpg,5,5,0.017416017,0.019734932,0.055347987,0.0019540226,0.09415009,0.7640554,0.047341637
/home/share/Uni_Eval/HAM10000_clean/ISIC2018/ISIC_0031416.jpg,5,5,0.00035077173,0.0016734384,0.013580438,4.322356e-05,0.016901128,0.95206225,0.015388653
/home/share/Uni_Eval/HAM10000_clean/ISIC2018/ISIC_0027782.jpg,5,5,0.0100383535,0.006481249,0.021251196,0.00520783,0.04498878,0.66110533,0.25092727
/home/share/Uni_Eval/HAM10000_clean/ISIC2018/ISIC_0031752.jpg,5,5,0.00047948718,0.0020827975,0.023102988,0.00015087733,0.01638247,0.95213985,0.00566163
/home/share/Uni_Eval/HAM10000_clean/ISIC2018/ISIC_0028152.jpg,5,5,0.019036852,0.0005931112,0.025219731,9.682275e-05,0.0014227999,0.71435255,0.23927814
/home/share/Uni_Eval/HAM10000_clean/ISIC2018/ISIC_0025697.jpg,5,5,0.004480009,0.00064540654,0.04969355,0.0013663255,0.02205138,0.90880007,0.012963336
/home/share/Uni_Eval/HAM10000_clean/ISIC2018/ISIC_0030905.jpg,5,5,0.00027296683,0.0005778708,0.010568154,0.00020604618,0.026156431,0.95131487,0.010903624
/home/share/Uni_Eval/HAM10000_clean/ISIC2018/ISIC_0026630.jpg,5,6,0.0004339843,0.0025766836,0.011914464,0.00091874483,0.011914464,0.27977988,0.69246185
/home/share/Uni_Eval/HAM10000_clean/ISIC2018/ISIC_0025360.jpg,5,5,0.00020207565,0.014166598,0.06973044,0.0071234126,0.108000614,0.77347004,0.027306832
/home/share/Uni_Eval/HAM10000_clean/ISIC2018/ISIC_0028253.jpg,5,6,0.015073921,0.0014925202,0.084075585,0.008861501,0.0071204165,0.15707387,0.7263022
/home/share/Uni_Eval/HAM10000_clean/ISIC2018/ISIC_0025669.jpg,5,5,0.039628368,0.024035819,0.19505766,0.01412993,0.0493183,0.48277235,0.19505766
/home/share/Uni_Eval/HAM10000_clean/ISIC2018/ISIC_0027368.jpg,5,5,0.019511873,0.0061396835,0.02210985,0.0005710795,0.0601008,0.8831748,0.008391952
/home/share/Uni_Eval/HAM10000_clean/ISIC2018/ISIC_0030777.jpg,5,5,0.011901245,0.010502812,0.028549604,0.0012543821,0.047070343,0.83434176,0.06637982
/home/share/Uni_Eval/HAM10000_clean/ISIC2018/ISIC_0029875.jpg,5,5,0.0569545,0.014857468,0.058762427,0.04721694,0.022303702,0.4920118,0.30789313
/home/share/Uni_Eval/HAM10000_clean/ISIC2018/ISIC_0029204.jpg,5,5,0.0026306715,0.0021138038,0.006310653,0.00018470212,0.022026341,0.7764553,0.19027856
/home/share/Uni_Eval/HAM10000_clean/ISIC2018/ISIC_0032267.jpg,5,5,0.0045953775,0.00082390587,0.061485477,0.0033620503,0.012491533,0.9035225,0.0137192635
/home/share/Uni_Eval/HAM10000_clean/ISIC2018/ISIC_0032069.jpg,5,5,0.009682377,0.0013948786,0.052342426,0.0015319745,0.03275506,0.89924663,0.003046695
/home/share/Uni_Eval/HAM10000_clean/ISIC2018/ISIC_0029657.jpg,5,5,0.007238144,0.00171921,0.017363407,0.00040834816,0.01906997,0.9480098,0.0061911126
/home/share/Uni_Eval/HAM10000_clean/ISIC2018/ISIC_0030646.jpg,5,5,0.00029178397,0.0021560083,0.12145071,0.0036674934,0.10068616,0.767592,0.004155814
/home/share/Uni_Eval/HAM10000_clean/ISIC2018/ISIC_0029018.jpg,5,4,4.184705e-06,0.00028434442,0.013278961,0.00030268304,0.77176565,0.21431157,5.2598425e-05
/home/share/Uni_Eval/HAM10000_clean/ISIC2018/ISIC_0028247.jpg,5,2,0.0052176146,0.0006633453,0.44121855,0.0064934264,0.1047986,0.44121855,0.0003899606
/home/share/Uni_Eval/HAM10000_clean/ISIC2018/ISIC_0027757.jpg,5,5,6.012377e-06,0.00016506184,0.0070186085,0.01231804,0.116870314,0.86356133,6.072286e-05
/home/share/Uni_Eval/HAM10000_clean/ISIC2018/ISIC_0032363.jpg,5,5,0.00033985628,0.0042717247,0.008765009,0.007266448,0.023092726,0.9517169,0.004547227
/home/share/Uni_Eval/HAM10000_clean/ISIC2018/ISIC_0025638.jpg,5,5,0.001570515,0.02698156,0.02698156,0.2330851,0.12092296,0.5768912,0.01356718
/home/share/Uni_Eval/HAM10000_clean/ISIC2018/ISIC_0031178.jpg,5,5,0.017254628,0.007899745,0.084930256,0.035404198,0.00983139,0.80579585,0.038883906
/home/share/Uni_Eval/HAM10000_clean/ISIC2018/ISIC_0029534.jpg,5,5,0.00023355662,0.039278187,0.048882492,0.117263,0.38449058,0.3966956,0.013156544
/home/share/Uni_Eval/HAM10000_clean/ISIC2018/ISIC_0024594.jpg,5,5,0.00058500393,0.0016406841,0.074263036,0.0021735535,0.01508745,0.904709,0.0015412802
/home/share/Uni_Eval/HAM10000_clean/ISIC2018/ISIC_0027444.jpg,5,5,0.00039265907,0.0009129597,0.074827574,0.00100269,0.038820036,0.8835399,0.0005041842
/home/share/Uni_Eval/HAM10000_clean/ISIC2018/ISIC_0027644.jpg,5,5,0.00068120286,0.0009606499,0.23506331,0.0013547336,0.12194923,0.6389683,0.0010226066
/home/share/Uni_Eval/HAM10000_clean/ISIC2018/ISIC_0032376.jpg,5,5,0.00028895194,0.017876824,6.756806e-05,0.027688166,0.036680862,0.9169061,0.0004915238
/home/share/Uni_Eval/HAM10000_clean/ISIC2018/ISIC_0029790.jpg,5,5,0.0018781894,0.0016065006,0.014318582,0.0010372346,0.025129894,0.9429923,0.013037218
/home/share/Uni_Eval/HAM10000_clean/ISIC2018/ISIC_0027305.jpg,5,5,0.00012649178,0.008074186,0.031934027,0.00085101294,0.35422134,0.60255086,0.0022421204
/home/share/Uni_Eval/HAM10000_clean/ISIC2018/ISIC_0028918.jpg,5,5,0.0005810179,0.0005458158,0.04913277,0.007078248,0.0977122,0.8441045,0.00084537617
/home/share/Uni_Eval/HAM10000_clean/ISIC2018/ISIC_0030697.jpg,5,5,0.00071801356,0.00083944295,0.100106366,0.0038815448,0.19908527,0.69487584,0.00049348304
/home/share/Uni_Eval/HAM10000_clean/ISIC2018/ISIC_0028293.jpg,5,5,0.0009518394,0.0009225544,0.06467606,0.009030801,0.11001768,0.8129268,0.0014742378
/home/share/Uni_Eval/HAM10000_clean/ISIC2018/ISIC_0027264.jpg,5,5,0.00063662574,0.0058543016,0.09157667,0.0008174436,0.37369,0.5269874,0.00043754603
/home/share/Uni_Eval/HAM10000_clean/ISIC2018/ISIC_0031404.jpg,5,5,0.016081013,0.038576346,0.05110535,0.0005333322,0.06770359,0.8247986,0.0012018826
/home/share/Uni_Eval/HAM10000_clean/ISIC2018/ISIC_0025152.jpg,5,5,0.00040607658,0.0009441563,0.062180195,0.06829158,0.058412887,0.806365,0.0034000378
/home/share/Uni_Eval/HAM10000_clean/ISIC2018/ISIC_0027235.jpg,5,5,0.0002404482,0.006010449,0.012332639,0.0017766852,0.24008651,0.7395185,3.463985e-05
/home/share/Uni_Eval/HAM10000_clean/ISIC2018/ISIC_0031160.jpg,5,5,8.693654e-05,0.0016924432,0.007125452,0.00011882815,0.16732252,0.8235903,6.360413e-05
/home/share/Uni_Eval/HAM10000_clean/ISIC2018/ISIC_0028010.jpg,5,5,0.00039597295,0.00023278048,0.004823938,0.0031145688,0.012709385,0.9785684,0.00015506524
/home/share/Uni_Eval/HAM10000_clean/ISIC2018/ISIC_0024934.jpg,5,5,4.6648212e-05,1.33649355e-05,0.0016444061,0.00026844192,0.0015938131,0.9958825,0.00055080705
/home/share/Uni_Eval/HAM10000_clean/ISIC2018/ISIC_0028461.jpg,5,5,0.005832467,0.03803247,0.18720236,0.055336908,0.21886173,0.49321252,0.0015214902
/home/share/Uni_Eval/HAM10000_clean/ISIC2018/ISIC_0028332.jpg,5,5,0.00059915666,0.00074566255,0.027119903,0.000104117826,0.04471316,0.9265962,0.00012172607
/home/share/Uni_Eval/HAM10000_clean/ISIC2018/ISIC_0032334.jpg,5,5,0.0007622445,0.008455035,0.027722994,8.033998e-05,0.22498012,0.73768145,0.0003177508
/home/share/Uni_Eval/HAM10000_clean/ISIC2018/ISIC_0030858.jpg,5,5,2.3293025e-05,0.0003116572,0.00013829705,0.0013121258,0.0091079585,0.9889548,0.00015188959
/home/share/Uni_Eval/HAM10000_clean/ISIC2018/ISIC_0030609.jpg,5,5,6.757951e-05,0.00021476723,0.0014004584,0.00020175516,0.006276419,0.99158,0.00025905872
/home/share/Uni_Eval/HAM10000_clean/ISIC2018/ISIC_0027987.jpg,5,5,0.047065888,0.019619983,0.112905204,0.03038802,0.12793835,0.62973464,0.03234788
/home/share/Uni_Eval/HAM10000_clean/ISIC2018/ISIC_0026722.jpg,5,4,0.015860094,0.113585524,0.13279492,0.011246489,0.4220214,0.2900508,0.014440778
/home/share/Uni_Eval/HAM10000_clean/ISIC2018/ISIC_0031663.jpg,5,5,0.00026328478,0.0012560614,0.23199852,0.03557812,0.116656184,0.61123466,0.0030131347
/home/share/Uni_Eval/HAM10000_clean/ISIC2018/ISIC_0025568.jpg,5,4,2.2846501e-05,0.0018725343,0.016176227,0.0004178188,0.6461571,0.3352219,0.00013147254
/home/share/Uni_Eval/HAM10000_clean/ISIC2018/ISIC_0030247.jpg,5,2,0.005141654,0.000981302,0.4347951,0.22556873,0.003118571,0.26371655,0.06667799
/home/share/Uni_Eval/HAM10000_clean/ISIC2018/ISIC_0029756.jpg,5,5,5.923864e-06,0.0007758731,0.003818981,0.0024657196,0.38954666,0.6033417,4.5161232e-05
/home/share/Uni_Eval/HAM10000_clean/ISIC2018/ISIC_0031629.jpg,5,5,0.00034633707,0.00073319563,0.025846036,0.00034633707,0.03216591,0.9400257,0.00053641736
/home/share/Uni_Eval/HAM10000_clean/ISIC2018/ISIC_0027537.jpg,5,5,3.2228378e-05,0.000417944,0.009219698,0.0006890731,0.18518256,0.80439633,6.212183e-05
/home/share/Uni_Eval/HAM10000_clean/ISIC2018/ISIC_0026223.jpg,5,5,0.00029603887,0.00020346434,0.04825433,0.012987476,0.054679316,0.8824795,0.0010999179
/home/share/Uni_Eval/HAM10000_clean/ISIC2018/ISIC_0024789.jpg,5,2,0.008949114,0.0017621851,0.5041151,0.0011738683,0.030274464,0.36881846,0.08490683
/home/share/Uni_Eval/HAM10000_clean/ISIC2018/ISIC_0029854.jpg,5,5,0.00015217368,0.0013563093,0.03841766,0.0010237959,0.06535064,0.87438184,0.01931761
/home/share/Uni_Eval/HAM10000_clean/ISIC2018/ISIC_0027911.jpg,5,5,0.005907762,0.005907762,0.047943205,0.006694372,0.13032314,0.798326,0.004897706
/home/share/Uni_Eval/HAM10000_clean/ISIC2018/ISIC_0031435.jpg,5,5,2.6302001e-05,0.0006783375,0.014503496,0.0006783375,0.02795622,0.9551704,0.0009869753
/home/share/Uni_Eval/HAM10000_clean/ISIC2018/ISIC_0026389.jpg,5,5,0.00016295857,0.00019656557,0.045183897,0.013780311,0.024952918,0.7067951,0.20892823
/home/share/Uni_Eval/HAM10000_clean/ISIC2018/ISIC_0025847.jpg,5,5,0.0061094253,0.010072739,0.17854357,0.0033739451,0.04957976,0.75169647,0.00062411703
/home/share/Uni_Eval/HAM10000_clean/ISIC2018/ISIC_0027462.jpg,5,5,0.00051460497,0.0044455086,0.017041376,0.0005477941,0.41287473,0.56433284,0.00024308216
/home/share/Uni_Eval/HAM10000_clean/ISIC2018/ISIC_0024824.jpg,5,5,7.3248964e-05,0.001110554,0.01193958,0.0013395837,0.058768667,0.9192967,0.0074715987
/home/share/Uni_Eval/HAM10000_clean/ISIC2018/ISIC_0031293.jpg,5,5,8.978968e-05,0.00034419904,0.028211081,0.0013194497,0.11877308,0.85061944,0.0006430485
/home/share/Uni_Eval/HAM10000_clean/ISIC2018/ISIC_0025809.jpg,5,5,0.0015892176,0.0047445283,0.122362986,0.0021053716,0.28450245,0.58376116,0.0009342529
/home/share/Uni_Eval/HAM10000_clean/ISIC2018/ISIC_0029296.jpg,5,5,2.5049236e-05,0.0005031273,0.07704102,0.0033849461,0.41647983,0.48691422,0.015651833
/home/share/Uni_Eval/HAM10000_clean/ISIC2018/ISIC_0031646.jpg,5,5,0.0049920627,0.00078985904,0.03255234,0.014903546,0.021684533,0.9220498,0.003027839
/home/share/Uni_Eval/HAM10000_clean/ISIC2018/ISIC_0029986.jpg,5,5,0.0057880185,0.04276799,0.05322562,0.0017109349,0.14023083,0.712151,0.04412559
/home/share/Uni_Eval/HAM10000_clean/ISIC2018/ISIC_0026501.jpg,5,5,0.0023060166,0.014126066,0.26653928,0.11463712,0.14719698,0.45339862,0.0017959276
/home/share/Uni_Eval/HAM10000_clean/ISIC2018/ISIC_0026006.jpg,5,5,4.658283e-05,0.0005855093,0.032982487,0.043694697,0.14781725,0.774507,0.00036640232
/home/share/Uni_Eval/HAM10000_clean/ISIC2018/ISIC_0032364.jpg,5,5,0.00017797296,0.00070389675,0.01932455,3.292169e-05,0.018729998,0.9606656,0.00036517682
/home/share/Uni_Eval/HAM10000_clean/ISIC2018/ISIC_0032078.jpg,5,5,0.0010329805,0.0012076766,0.2301424,0.010763904,0.009800646,0.7313911,0.015661387
/home/share/Uni_Eval/HAM10000_clean/ISIC2018/ISIC_0027049.jpg,5,5,0.0009214677,0.005644674,0.28060907,0.016333407,0.06261235,0.6129066,0.020972509
/home/share/Uni_Eval/HAM10000_clean/ISIC2018/ISIC_0028966.jpg,5,5,0.0020881149,0.00037437835,0.14188425,0.027079087,0.10709985,0.72054774,0.00092659536
/home/share/Uni_Eval/HAM10000_clean/ISIC2018/ISIC_0032443.jpg,5,5,0.00024377633,0.00011880708,0.0006626527,0.00018985318,0.0050518056,0.9932633,0.00046989115
/home/share/Uni_Eval/HAM10000_clean/ISIC2018/ISIC_0028527.jpg,5,5,0.0021227768,0.006142459,0.021439288,9.92836e-05,0.058278024,0.9116217,0.00029640607
/home/share/Uni_Eval/HAM10000_clean/ISIC2018/ISIC_0025863.jpg,5,5,0.00012610722,0.0010894001,0.1472125,0.0010558828,0.1472125,0.70231164,0.0009919101
/home/share/Uni_Eval/HAM10000_clean/ISIC2018/ISIC_0024387.jpg,5,5,0.001946698,0.004121159,0.29808673,0.0105237495,0.12820552,0.53976536,0.01735073
/home/share/Uni_Eval/HAM10000_clean/ISIC2018/ISIC_0024924.jpg,5,5,0.0005856211,0.004606267,0.027348666,0.0005856211,0.13888797,0.8246159,0.0033700168
/home/share/Uni_Eval/HAM10000_clean/ISIC2018/ISIC_0027099.jpg,5,4,0.0006136486,0.0115787,0.0022098334,0.00038401148,0.50796735,0.47719115,5.53221e-05
/home/share/Uni_Eval/HAM10000_clean/ISIC2018/ISIC_0030125.jpg,5,2,0.021398716,0.14853652,0.5184434,0.00073222374,0.14853652,0.14853652,0.013816048
/home/share/Uni_Eval/HAM10000_clean/ISIC2018/ISIC_0026911.jpg,5,5,0.00023325112,0.00010032005,0.15037172,0.09410021,0.008222385,0.7401555,0.0068165963
/home/share/Uni_Eval/HAM10000_clean/ISIC2018/ISIC_0030464.jpg,5,5,7.337382e-05,0.00020578197,0.027807672,0.001952405,0.018523904,0.950095,0.001341867
/home/share/Uni_Eval/HAM10000_clean/ISIC2018/ISIC_0026781.jpg,5,5,0.0012188199,0.0009793492,0.009586761,0.0005242079,0.008199992,0.9778762,0.001614674
/home/share/Uni_Eval/HAM10000_clean/ISIC2018/ISIC_0032309.jpg,5,5,0.0007918978,7.84085e-05,0.009350474,0.001899664,0.0032314372,0.98405033,0.0005977558
/home/share/Uni_Eval/HAM10000_clean/ISIC2018/ISIC_0029194.jpg,5,5,1.616833e-05,0.00027777304,0.013808703,0.09290236,0.36743593,0.51816773,0.007391266
/home/share/Uni_Eval/HAM10000_clean/ISIC2018/ISIC_0027034.jpg,5,5,0.000273631,0.0014337241,0.009645826,0.00069874123,0.1462438,0.841575,0.00012925413
/home/share/Uni_Eval/HAM10000_clean/ISIC2018/ISIC_0025094.jpg,5,5,0.00091840647,0.006375004,0.015292841,0.00046180378,0.088004224,0.8888112,0.00013650894
/home/share/Uni_Eval/HAM10000_clean/ISIC2018/ISIC_0031713.jpg,5,5,0.002163773,0.0004129633,0.27467906,0.0020326767,0.015496333,0.7014176,0.0037975397
/home/share/Uni_Eval/HAM10000_clean/ISIC2018/ISIC_0027645.jpg,5,5,4.5404635e-05,0.00060750725,0.041279208,0.006531319,0.3246861,0.6258488,0.0010016102
/home/share/Uni_Eval/HAM10000_clean/ISIC2018/ISIC_0030979.jpg,5,5,0.00011132983,5.2588486e-05,0.012088347,0.0008756769,0.026403377,0.96029633,0.000172431
/home/share/Uni_Eval/HAM10000_clean/ISIC2018/ISIC_0028831.jpg,5,5,0.00016762188,0.0014480322,0.019374456,0.00037774176,0.10151489,0.87695485,0.0001624647
/home/share/Uni_Eval/HAM10000_clean/ISIC2018/ISIC_0030053.jpg,5,5,0.001035054,0.0029028805,0.07033037,0.0007812998,0.19117774,0.7328592,0.000913432
/home/share/Uni_Eval/HAM10000_clean/ISIC2018/ISIC_0025671.jpg,5,5,0.0001252256,0.0012647338,0.013597169,4.6067922e-05,0.060938288,0.9239072,0.00012137282
/home/share/Uni_Eval/HAM10000_clean/ISIC2018/ISIC_0026608.jpg,5,5,0.00088422676,0.002403577,0.033180363,0.00012738492,0.07959555,0.88289666,0.0009122951
/home/share/Uni_Eval/HAM10000_clean/ISIC2018/ISIC_0030334.jpg,5,5,5.7077785e-05,0.0015187835,0.017381556,0.00047790643,0.32796592,0.65223813,0.0003607427
/home/share/Uni_Eval/HAM10000_clean/ISIC2018/ISIC_0030473.jpg,5,5,0.0010981509,0.0009998777,0.018285852,0.00020313748,0.070096835,0.9090296,0.00028646976
/home/share/Uni_Eval/HAM10000_clean/ISIC2018/ISIC_0030350.jpg,5,5,5.5197546e-05,0.0006317025,0.02950068,0.008997199,0.053418826,0.88950336,0.017893065
/home/share/Uni_Eval/HAM10000_clean/ISIC2018/ISIC_0028823.jpg,5,5,0.0004225366,0.00067521154,0.2558959,0.08571439,0.080521226,0.57667035,0.00010036124
/home/share/Uni_Eval/HAM10000_clean/ISIC2018/ISIC_0024317.jpg,5,5,0.00032556005,0.0003155436,0.017228097,5.3146214e-05,0.011123297,0.9704808,0.0004736871
/home/share/Uni_Eval/HAM10000_clean/ISIC2018/ISIC_0033356.jpg,5,5,0.00066940614,0.00048974797,0.14914005,0.011500444,0.021485658,0.8062434,0.010471274
/home/share/Uni_Eval/HAM10000_clean/ISIC2018/ISIC_0026544.jpg,5,5,0.15171319,0.006877408,0.33137208,0.0055261534,0.013256551,0.48214352,0.009111086
/home/share/Uni_Eval/HAM10000_clean/ISIC2018/ISIC_0032470.jpg,5,5,0.10291296,0.006180404,0.31699422,0.0012556253,0.012681365,0.5563422,0.003633272
/home/share/Uni_Eval/HAM10000_clean/ISIC2018/ISIC_0025049.jpg,5,5,0.00039309138,0.0071888915,0.0038479357,0.0032913142,0.35737544,0.6272135,0.0006898969
/home/share/Uni_Eval/HAM10000_clean/ISIC2018/ISIC_0026432.jpg,5,4,6.996951e-05,0.051113784,0.012140588,0.017664451,0.75111157,0.16759565,0.00030393366
/home/share/Uni_Eval/HAM10000_clean/ISIC2018/ISIC_0030462.jpg,5,5,6.738928e-05,0.002865465,0.007092094,0.00010116329,0.2661289,0.7234132,0.00033170165
/home/share/Uni_Eval/HAM10000_clean/ISIC2018/ISIC_0032527.jpg,5,5,0.00027677882,0.00075236283,0.034054544,0.014196045,0.06772555,0.82506603,0.057928722
/home/share/Uni_Eval/HAM10000_clean/ISIC2018/ISIC_0033963.jpg,5,5,0.0037867036,0.0028583535,0.21330985,0.0020268764,0.008804349,0.72161794,0.047595862
/home/share/Uni_Eval/HAM10000_clean/ISIC2018/ISIC_0032924.jpg,5,5,0.00299432,0.00435671,0.0134196095,0.0003466177,0.037636228,0.9407873,0.00045919383
/home/share/Uni_Eval/HAM10000_clean/ISIC2018/ISIC_0030845.jpg,5,4,7.676182e-07,0.00069787307,4.191053e-05,3.2639957e-05,0.74176455,0.256347,0.0011151979
/home/share/Uni_Eval/HAM10000_clean/ISIC2018/ISIC_0033561.jpg,5,5,4.440655e-05,0.001565385,0.0143950125,0.0025014782,0.16997167,0.8108895,0.00063247274
/home/share/Uni_Eval/HAM10000_clean/ISIC2018/ISIC_0025619.jpg,5,4,4.9147075e-06,0.00093657745,6.5109293e-06,3.6315047e-05,0.90639657,0.09259424,2.4958945e-05
/home/share/Uni_Eval/HAM10000_clean/ISIC2018/ISIC_0034290.jpg,5,4,0.00017647778,0.03579971,0.0070493803,0.010256788,0.4789948,0.43612972,0.031593133
/home/share/Uni_Eval/HAM10000_clean/ISIC2018/ISIC_0033165.jpg,5,5,0.00014327186,0.0057229744,0.0034711596,0.0008244727,0.07900322,0.90414405,0.006690835
/home/share/Uni_Eval/HAM10000_clean/ISIC2018/ISIC_0033767.jpg,5,5,0.00015817875,0.0006659574,0.2604004,0.008910412,0.016134672,0.5868214,0.12690902
/home/share/Uni_Eval/HAM10000_clean/ISIC2018/ISIC_0032590.jpg,5,6,0.00018636223,0.02518345,0.015274534,0.0074442136,0.07287073,0.43265343,0.44638732
/home/share/Uni_Eval/HAM10000_clean/ISIC2018/ISIC_0033549.jpg,5,5,2.3924042e-05,0.00056179316,0.0062315715,0.0037796393,0.023888053,0.89639264,0.06912238
/home/share/Uni_Eval/HAM10000_clean/ISIC2018/ISIC_0032953.jpg,5,5,1.0492151e-05,0.00011638196,0.0014628291,0.0030015302,0.10916628,0.88591605,0.00032640126
/home/share/Uni_Eval/HAM10000_clean/ISIC2018/ISIC_0031904.jpg,5,5,0.006685561,0.0057184636,0.07415816,0.00031268786,0.03502984,0.87563574,0.0024594807
/home/share/Uni_Eval/HAM10000_clean/ISIC2018/ISIC_0033511.jpg,5,5,0.0002420793,0.00076932646,0.0026852135,0.0012684049,0.037068225,0.9560021,0.001964544
/home/share/Uni_Eval/HAM10000_clean/ISIC2018/ISIC_0025978.jpg,5,5,0.00028645294,0.036363624,0.14838628,0.13939603,0.29510137,0.37891766,0.0015485499
/home/share/Uni_Eval/HAM10000_clean/ISIC2018/ISIC_0027654.jpg,5,5,9.5130184e-05,0.026376963,0.0014880865,0.00040051303,0.0980023,0.873485,0.0001520176
/home/share/Uni_Eval/HAM10000_clean/ISIC2018/ISIC_0025421.jpg,5,4,0.0003952797,0.016290603,0.0020073962,0.0027437853,0.65072584,0.32720548,0.00063165516
/home/share/Uni_Eval/HAM10000_clean/ISIC2018/ISIC_0024730.jpg,5,5,0.00041598277,0.00044281132,0.11179184,0.002629092,0.10835236,0.7759892,0.00037875664
/home/share/Uni_Eval/HAM10000_clean/ISIC2018/ISIC_0031988.jpg,5,5,0.0008817462,0.0054013506,0.032069296,0.005749707,0.17886816,0.7769678,6.190829e-05
/home/share/Uni_Eval/HAM10000_clean/ISIC2018/ISIC_0026084.jpg,5,2,0.005604397,0.02936494,0.5370286,0.0017092444,0.077366315,0.34673175,0.0021947133
/home/share/Uni_Eval/HAM10000_clean/ISIC2018/ISIC_0030085.jpg,5,4,2.0115926e-05,0.03110929,0.00062578806,2.0754474e-05,0.7776344,0.19056751,2.2093021e-05
/home/share/Uni_Eval/HAM10000_clean/ISIC2018/ISIC_0031757.jpg,5,4,2.1691919e-07,9.028936e-05,9.818513e-06,1.3007416e-05,0.569788,0.43009853,1.6373919e-07
/home/share/Uni_Eval/HAM10000_clean/ISIC2018/ISIC_0025117.jpg,5,5,9.871666e-05,0.00047095082,0.0698953,0.021316862,0.10825596,0.79990935,5.283922e-05
/home/share/Uni_Eval/HAM10000_clean/ISIC2018/ISIC_0032641.jpg,5,5,0.0013160685,0.004739344,0.023327872,0.0013160685,0.25079826,0.66076535,0.057737034
/home/share/Uni_Eval/HAM10000_clean/ISIC2018/ISIC_0032743.jpg,5,5,2.6420199e-05,0.00015686393,0.00037629702,7.1108993e-06,0.009406242,0.9899193,0.0001078109
/home/share/Uni_Eval/HAM10000_clean/ISIC2018/ISIC_0033157.jpg,5,5,0.00014526739,6.4462016e-05,0.035545763,0.004380097,0.003519507,0.94583756,0.010507307
/home/share/Uni_Eval/HAM10000_clean/ISIC2018/ISIC_0032623.jpg,5,5,1.9123407e-05,0.0008131479,0.0022103651,2.6138598e-05,0.047259692,0.9492363,0.0004352467
/home/share/Uni_Eval/HAM10000_clean/ISIC2018/ISIC_0032595.jpg,5,5,0.000711734,0.001506741,0.045431193,0.0016548311,0.06406826,0.88443494,0.0021922952
/home/share/Uni_Eval/HAM10000_clean/ISIC2018/ISIC_0034281.jpg,5,5,0.00019038233,0.00051751285,0.061715126,0.0028864548,0.026543347,0.87899494,0.029152164
/home/share/Uni_Eval/HAM10000_clean/ISIC2018/ISIC_0032957.jpg,5,4,2.5216084e-05,0.0018817963,0.011172738,0.0005064786,0.6493532,0.33688,0.0001805905
/home/share/Uni_Eval/HAM10000_clean/ISIC2018/ISIC_0033070.jpg,5,5,0.0008254426,0.014631319,0.05970492,0.006292852,0.18974185,0.7273548,0.001448697
/home/share/Uni_Eval/HAM10000_clean/ISIC2018/ISIC_0032742.jpg,5,5,0.00088211865,0.0018099898,0.029211758,0.0007784669,0.018280251,0.93759793,0.011439487
/home/share/Uni_Eval/HAM10000_clean/ISIC2018/ISIC_0034112.jpg,5,5,0.00022889067,0.0014021253,0.0021716545,6.160509e-05,0.03292523,0.96221626,0.0009942558
/home/share/Uni_Eval/HAM10000_clean/ISIC2018/ISIC_0033409.jpg,5,5,0.00016282314,0.00042898182,0.27655488,0.0005683086,0.020669503,0.6844799,0.01713562
/home/share/Uni_Eval/HAM10000_clean/ISIC2018/ISIC_0034184.jpg,5,5,0.0024426398,0.0011904476,0.14196482,0.0015285648,0.006435498,0.84288394,0.0035540198
/home/share/Uni_Eval/HAM10000_clean/ISIC2018/ISIC_0033471.jpg,5,5,0.00490072,0.00915575,0.032971125,0.0010934984,0.06979987,0.87732905,0.0047499407
/home/share/Uni_Eval/HAM10000_clean/ISIC2018/ISIC_0032568.jpg,5,5,0.0020772931,0.000101818914,0.12851758,0.010224795,0.003645763,0.8380399,0.017392961
/home/share/Uni_Eval/HAM10000_clean/ISIC2018/ISIC_0032516.jpg,5,5,0.00022030328,0.00041158075,0.09169794,0.0004811866,0.06302301,0.84323853,0.0009275115
/home/share/Uni_Eval/HAM10000_clean/ISIC2018/ISIC_0034102.jpg,5,5,0.00020762022,0.0027779283,0.12973,0.0009905008,0.061280113,0.7946926,0.010321255
/home/share/Uni_Eval/HAM10000_clean/ISIC2018/ISIC_0033988.jpg,5,5,0.00070959906,0.00037982097,0.07015414,0.00039187778,0.016663069,0.9097727,0.0019288901
/home/share/Uni_Eval/HAM10000_clean/ISIC2018/ISIC_0032859.jpg,5,5,0.0019403645,0.00034788818,0.2313949,0.0031991203,0.02363848,0.73537153,0.004107752
/home/share/Uni_Eval/HAM10000_clean/ISIC2018/ISIC_0032728.jpg,5,5,0.0001385731,0.00046878678,0.033907723,0.001124561,0.34245583,0.6201074,0.0017970434
/home/share/Uni_Eval/HAM10000_clean/ISIC2018/ISIC_0032802.jpg,5,5,0.0017640761,0.0009442419,0.06027257,0.007662798,0.012633817,0.913814,0.0029084699
/home/share/Uni_Eval/HAM10000_clean/ISIC2018/ISIC_0033222.jpg,5,5,0.00071249594,0.0025657963,0.016731095,2.5154186e-05,0.03541973,0.942484,0.0020616753
/home/share/Uni_Eval/HAM10000_clean/ISIC2018/ISIC_0032546.jpg,5,5,0.0009218042,0.0063985894,0.01633937,0.00032867937,0.055275373,0.9204176,0.00031856698
/home/share/Uni_Eval/HAM10000_clean/ISIC2018/ISIC_0032521.jpg,5,4,0.00019607799,0.021966252,0.0015422729,0.0031645386,0.7050419,0.26760373,0.0004852977
/home/share/Uni_Eval/HAM10000_clean/ISIC2018/ISIC_0033618.jpg,5,4,0.0037755694,0.048962332,0.012379617,0.0025949085,0.49450204,0.4363965,0.0013889546
/home/share/Uni_Eval/HAM10000_clean/ISIC2018/ISIC_0033016.jpg,5,5,0.012853946,0.016504792,0.047758203,0.0004984015,0.12582612,0.79524547,0.0013131134
/home/share/Uni_Eval/HAM10000_clean/ISIC2018/ISIC_0032895.jpg,5,5,9.4470066e-05,9.746887e-05,0.010583306,0.00089630706,0.004144482,0.98292,0.0012639955
/home/share/Uni_Eval/HAM10000_clean/ISIC2018/ISIC_0033237.jpg,5,5,0.00018015597,0.0067603034,0.03433165,0.0015084277,0.41824514,0.5370374,0.0019368593
/home/share/Uni_Eval/HAM10000_clean/ISIC2018/ISIC_0033373.jpg,5,5,0.0012592472,0.012717947,0.041700542,0.009904746,0.23997006,0.69437635,7.104187e-05
/home/share/Uni_Eval/HAM10000_clean/ISIC2018/ISIC_0033411.jpg,5,5,0.004634992,0.0005711431,0.0991005,0.00068893016,0.0061403676,0.8832732,0.0055908677
/home/share/Uni_Eval/HAM10000_clean/ISIC2018/ISIC_0033824.jpg,5,5,0.00010149128,0.00018961067,0.0409445,0.0009934888,0.052573778,0.90322125,0.0019757885
/home/share/Uni_Eval/HAM10000_clean/ISIC2018/ISIC_0032838.jpg,5,5,0.00022382109,0.0012483738,0.044006687,0.0010349383,0.19722432,0.75603807,0.00022382109
/home/share/Uni_Eval/HAM10000_clean/ISIC2018/ISIC_0034307.jpg,5,5,0.0022342105,0.00087492936,0.039602328,0.0025316922,0.104338236,0.8467351,0.0036835903
/home/share/Uni_Eval/HAM10000_clean/ISIC2018/ISIC_0034137.jpg,5,5,0.00026144867,0.00028714523,0.010443532,0.0008308822,0.017765045,0.9699386,0.00047342243
/home/share/Uni_Eval/HAM10000_clean/ISIC2018/ISIC_0033972.jpg,5,5,0.07785229,0.006802656,0.42086545,0.0009800156,0.05876598,0.43422514,0.00050842535
/home/share/Uni_Eval/HAM10000_clean/ISIC2018/ISIC_0033367.jpg,5,5,0.008356529,0.0100799,0.049615003,0.0078502325,0.035182305,0.8794469,0.009469189
/home/share/Uni_Eval/HAM10000_clean/ISIC2018/ISIC_0033289.jpg,5,5,0.0001420716,0.0013064661,0.0041519413,6.710988e-05,0.09749742,0.89656955,0.00026542472
/home/share/Uni_Eval/HAM10000_clean/ISIC2018/ISIC_0033283.jpg,5,5,0.001975245,0.015536506,0.081405476,0.00044073677,0.1222041,0.77235365,0.006084184
/home/share/Uni_Eval/HAM10000_clean/ISIC2018/ISIC_0034179.jpg,5,5,0.0006002302,0.0014398774,0.107453465,0.00022081233,0.04341513,0.845187,0.0016833872
/home/share/Uni_Eval/HAM10000_clean/ISIC2018/ISIC_0033983.jpg,5,5,0.00052016793,0.0020573041,0.0034995922,4.1384304e-05,0.010126406,0.9703399,0.013415309
/home/share/Uni_Eval/HAM10000_clean/ISIC2018/ISIC_0032541.jpg,5,5,4.528751e-06,2.9531166e-05,0.0048135784,0.0015146598,0.047119685,0.9464242,9.384985e-05
/home/share/Uni_Eval/HAM10000_clean/ISIC2018/ISIC_0033961.jpg,5,5,0.00012945721,0.00048099193,0.0039033887,0.00017150295,0.009660981,0.9854468,0.00020687204
/home/share/Uni_Eval/HAM10000_clean/ISIC2018/ISIC_0033702.jpg,5,5,0.00014847876,0.0012431975,0.008106666,0.0002688603,0.052862104,0.9370032,0.00036748845
/home/share/Uni_Eval/HAM10000_clean/ISIC2018/ISIC_0032942.jpg,5,5,0.00042128563,0.0024243311,0.0024243311,0.0005242984,0.045743775,0.94795376,0.0005081675
/home/share/Uni_Eval/HAM10000_clean/ISIC2018/ISIC_0034153.jpg,5,2,0.01671936,0.0022627192,0.73349243,0.0010040756,0.0032922372,0.23813012,0.0050991164
/home/share/Uni_Eval/HAM10000_clean/ISIC2018/ISIC_0032860.jpg,5,1,0.0026978734,0.56465435,0.015525189,0.12599142,0.28392604,0.006272744,0.0009323601
/home/share/Uni_Eval/HAM10000_clean/ISIC2018/ISIC_0034116.jpg,5,5,1.6330101e-05,0.00071641535,0.001257348,4.3024083e-05,0.07778936,0.91851175,0.0016657154
/home/share/Uni_Eval/HAM10000_clean/ISIC2018/ISIC_0034060.jpg,5,5,0.024331316,0.010464767,0.17978543,0.01780117,0.10904538,0.64743227,0.011139687
/home/share/Uni_Eval/HAM10000_clean/ISIC2018/ISIC_0033213.jpg,5,5,0.0013995635,0.0033573783,0.044921223,0.0039251726,0.037241004,0.90226686,0.006888892
/home/share/Uni_Eval/HAM10000_clean/ISIC2018/ISIC_0033897.jpg,5,5,0.00045459563,0.010674984,0.04936062,0.047841955,0.107813515,0.7721301,0.011724176
/home/share/Uni_Eval/HAM10000_clean/ISIC2018/ISIC_0032908.jpg,5,5,0.010581799,0.011621833,0.047424335,0.0013453248,0.05373881,0.86730045,0.007987561
/home/share/Uni_Eval/HAM10000_clean/ISIC2018/ISIC_0034203.jpg,5,6,0.0027132246,0.12280991,0.018254064,0.20890671,0.03305384,0.009770696,0.6044916
/home/share/Uni_Eval/HAM10000_clean/ISIC2018/ISIC_0032746.jpg,5,5,0.005080841,0.011449852,0.026621707,0.0028059068,0.24480864,0.7083773,0.0008557533
/home/share/Uni_Eval/HAM10000_clean/ISIC2018/ISIC_0034121.jpg,5,5,3.484457e-05,9.7724005e-05,0.004563738,0.0006372406,0.03942468,0.95517254,6.92967e-05
/home/share/Uni_Eval/HAM10000_clean/ISIC2018/ISIC_0034240.jpg,5,5,5.5279903e-05,0.0010109638,0.0010430553,0.00083811843,0.016316129,0.97838587,0.0023505613
/home/share/Uni_Eval/HAM10000_clean/ISIC2018/ISIC_0032820.jpg,5,5,3.9469673e-05,0.0013485466,0.0014355202,0.00011420929,0.040661324,0.9548243,0.0015766107
/home/share/Uni_Eval/HAM10000_clean/ISIC2018/ISIC_0034148.jpg,5,5,0.00034680215,0.0023332196,0.12347013,0.0018747948,0.010135044,0.8570525,0.0047874562
/home/share/Uni_Eval/HAM10000_clean/ISIC2018/ISIC_0033566.jpg,5,5,0.0010809185,0.007986967,0.01025547,0.0002196019,0.057200413,0.9231679,8.8727196e-05
/home/share/Uni_Eval/HAM10000_clean/ISIC2018/ISIC_0033447.jpg,5,5,0.0023862345,0.0052120145,0.04502494,0.0006422463,0.09531779,0.8495583,0.0018584012
/home/share/Uni_Eval/HAM10000_clean/ISIC2018/ISIC_0033282.jpg,5,5,3.7398524e-05,0.0009645206,0.021952389,0.0012003653,0.20187041,0.77384835,0.00012651757
/home/share/Uni_Eval/HAM10000_clean/ISIC2018/ISIC_0034084.jpg,5,5,0.0006709553,0.0032009487,0.04023339,0.0076786764,0.042828217,0.8875343,0.017853457
/home/share/Uni_Eval/HAM10000_clean/ISIC2018/ISIC_0034176.jpg,5,5,5.528184e-06,0.0002502247,0.0040384224,0.00045309842,0.0060623894,0.9881693,0.001021073
/home/share/Uni_Eval/HAM10000_clean/ISIC2018/ISIC_0033104.jpg,5,5,0.0015783348,0.010618741,0.011662404,0.00013791335,0.038239554,0.9264595,0.011303589
/home/share/Uni_Eval/HAM10000_clean/ISIC2018/ISIC_0034213.jpg,5,5,0.00028076713,0.0031143497,0.09688456,0.004531352,0.050263055,0.76205623,0.08286977
/home/share/Uni_Eval/HAM10000_clean/ISIC2018/ISIC_0026279.jpg,5,5,1.277368e-05,0.0010801841,0.002591227,0.00042300616,0.18165904,0.8141393,9.438544e-05
/home/share/Uni_Eval/HAM10000_clean/ISIC2018/ISIC_0032601.jpg,5,5,0.00011131851,0.018720895,0.04218819,0.0113547975,0.30213994,0.61995095,0.005533886
/home/share/Uni_Eval/HAM10000_clean/ISIC2018/ISIC_0033940.jpg,5,5,0.00018106344,0.006794356,0.012302987,0.00015010686,0.1167275,0.86250603,0.001337888
/home/share/Uni_Eval/HAM10000_clean/ISIC2018/ISIC_0032649.jpg,5,5,0.0004223819,0.00057732756,0.047318656,0.0008941824,0.022351751,0.92117923,0.007256551
/home/share/Uni_Eval/HAM10000_clean/ISIC2018/ISIC_0025769.jpg,5,5,0.00027014784,0.00032586046,0.09322016,0.062098015,0.011851613,0.8308623,0.001371924
/home/share/Uni_Eval/HAM10000_clean/ISIC2018/ISIC_0033978.jpg,5,5,0.005097748,0.0014155934,0.0037295923,0.000489216,0.01779289,0.9714588,1.6225014e-05
/home/share/Uni_Eval/HAM10000_clean/ISIC2018/ISIC_0032819.jpg,5,5,0.12858604,0.005144089,0.17034882,0.0014284619,0.053602632,0.63292265,0.00796732
/home/share/Uni_Eval/HAM10000_clean/ISIC2018/ISIC_0033552.jpg,5,5,0.0002317076,0.0019400641,0.054952603,0.00011650992,0.054952603,0.88689005,0.0009164214
/home/share/Uni_Eval/HAM10000_clean/ISIC2018/ISIC_0034310.jpg,5,5,4.1821135e-05,0.00022608292,0.007033233,1.9754907e-05,0.011963933,0.9805823,0.0001329073
/home/share/Uni_Eval/HAM10000_clean/ISIC2018/ISIC_0033083.jpg,5,5,7.457669e-05,0.00088057754,0.0011665757,0.00011917321,0.028263543,0.9656705,0.0038250543
/home/share/Uni_Eval/HAM10000_clean/ISIC2018/ISIC_0033244.jpg,5,5,0.020925881,0.0029219077,0.096760295,0.005290891,0.037891876,0.8358814,0.00032782895
/home/share/Uni_Eval/HAM10000_clean/ISIC2018/ISIC_0034004.jpg,5,5,0.000102667174,0.007904934,0.016734745,0.005966957,0.06415084,0.885575,0.019564899
/home/share/Uni_Eval/HAM10000_clean/ISIC2018/ISIC_0032737.jpg,5,4,1.0761282e-05,0.0028030258,0.0005694692,0.0003913901,0.8806845,0.11552066,2.0104722e-05
/home/share/Uni_Eval/HAM10000_clean/ISIC2018/ISIC_0033010.jpg,5,5,0.0004916308,0.0012554233,0.020261506,0.00037110242,0.028573303,0.94621783,0.00282914
/home/share/Uni_Eval/HAM10000_clean/ISIC2018/ISIC_0034127.jpg,5,4,7.3933654e-05,0.010972727,0.0014849971,0.00024241912,0.84485316,0.1422965,7.6280565e-05
/home/share/Uni_Eval/HAM10000_clean/ISIC2018/ISIC_0032792.jpg,5,5,0.0004281116,0.0038157178,0.014627139,0.00019600378,0.13037027,0.850121,0.00044170136
/home/share/Uni_Eval/HAM10000_clean/ISIC2018/ISIC_0034187.jpg,5,5,0.010028558,0.08138465,0.012876922,2.646153e-05,0.020577263,0.87496746,0.0001386485
/home/share/Uni_Eval/HAM10000_clean/ISIC2018/ISIC_0034251.jpg,5,5,2.062737e-06,0.0052594603,0.00059009506,0.0004454271,0.4734415,0.51997375,0.00028758936
/home/share/Uni_Eval/HAM10000_clean/ISIC2018/ISIC_0033673.jpg,5,5,5.3115607e-05,0.00062717195,0.005089683,8.48785e-05,0.023534456,0.9699219,0.0006888137
/home/share/Uni_Eval/HAM10000_clean/ISIC2018/ISIC_0033932.jpg,5,5,0.0020716176,0.016294535,0.034495533,0.0011803722,0.15950572,0.78511465,0.0013375371
/home/share/Uni_Eval/HAM10000_clean/ISIC2018/ISIC_0032593.jpg,5,5,7.712616e-05,0.0009106808,0.018291516,0.001868596,0.029229758,0.9381757,0.0114465365
/home/share/Uni_Eval/HAM10000_clean/ISIC2018/ISIC_0031290.jpg,5,5,6.6833722e-06,0.0004685406,0.0057079927,0.0005651678,0.11828742,0.8740324,0.0009318043
/home/share/Uni_Eval/HAM10000_clean/ISIC2018/ISIC_0033703.jpg,5,5,0.00017319893,0.0007291947,0.0009966911,4.9132755e-06,0.033005875,0.964573,0.0005170765
/home/share/Uni_Eval/HAM10000_clean/ISIC2018/ISIC_0033574.jpg,5,5,0.0007647367,0.002144757,0.029607458,0.011594446,0.01795783,0.921061,0.01686982
/home/share/Uni_Eval/HAM10000_clean/ISIC2018/ISIC_0032846.jpg,5,5,0.0004975748,0.0015326384,0.03380946,7.8727775e-05,0.089076065,0.87195754,0.0030480155
/home/share/Uni_Eval/HAM10000_clean/ISIC2018/ISIC_0033994.jpg,5,5,8.679587e-05,0.0021028714,0.016540365,0.00024342503,0.017607128,0.9613166,0.0021028714
/home/share/Uni_Eval/HAM10000_clean/ISIC2018/ISIC_0032760.jpg,5,5,0.00038846457,0.00038846457,0.0338926,0.013693848,0.04632569,0.9018486,0.003462347
/home/share/Uni_Eval/HAM10000_clean/ISIC2018/ISIC_0034271.jpg,5,5,0.0028230485,0.011519801,0.2790992,0.011885478,0.13602209,0.5053834,0.053267013
/home/share/Uni_Eval/HAM10000_clean/ISIC2018/ISIC_0032670.jpg,5,5,6.646682e-05,0.0009767228,0.039015055,0.058568534,0.13617592,0.7135108,0.05168655
/home/share/Uni_Eval/HAM10000_clean/ISIC2018/ISIC_0033441.jpg,5,5,0.00013938657,0.0024706863,0.029173067,0.0081010675,0.08985937,0.852562,0.01769436
/home/share/Uni_Eval/HAM10000_clean/ISIC2018/ISIC_0032663.jpg,5,5,1.543459e-05,0.0040202974,0.00019400059,2.3905563e-05,0.04189246,0.953468,0.00038581624
/home/share/Uni_Eval/HAM10000_clean/ISIC2018/ISIC_0034272.jpg,5,2,0.0002842773,0.000104579776,0.5471347,0.05089145,0.022582946,0.3760398,0.0029622377
/home/share/Uni_Eval/HAM10000_clean/ISIC2018/ISIC_0032911.jpg,5,2,0.00034069215,0.00026533133,0.597034,0.006230609,0.0066324486,0.38547412,0.004022783
/home/share/Uni_Eval/HAM10000_clean/ISIC2018/ISIC_0033926.jpg,5,5,0.00017272901,0.0006417661,0.029970655,8.159141e-05,0.03615151,0.9323597,0.0006220211
/home/share/Uni_Eval/HAM10000_clean/ISIC2018/ISIC_0033835.jpg,5,5,0.0003167495,0.001940326,0.007917742,0.0010385816,0.042802908,0.944217,0.001766687
/home/share/Uni_Eval/HAM10000_clean/ISIC2018/ISIC_0033109.jpg,5,4,0.00018949575,0.050925374,0.019942665,0.059537794,0.45389295,0.41327423,0.0022375048
/home/share/Uni_Eval/HAM10000_clean/ISIC2018/ISIC_0033396.jpg,5,5,0.0012884989,0.014746089,0.06405409,0.0012488561,0.17964415,0.73306024,0.005957959
/home/share/Uni_Eval/HAM10000_clean/ISIC2018/ISIC_0032752.jpg,5,5,0.00090360426,0.00019541814,0.0038043163,0.00020802152,0.0038043163,0.9909224,0.00016200732
/home/share/Uni_Eval/HAM10000_clean/ISIC2018/ISIC_0032539.jpg,5,5,9.129077e-05,0.00047832946,0.005305767,0.00015529082,0.010551779,0.979992,0.003425661
/home/share/Uni_Eval/HAM10000_clean/ISIC2018/ISIC_0033329.jpg,5,5,0.00084676815,0.000959514,0.14692493,0.0021622984,0.021838438,0.8194814,0.007786735
/home/share/Uni_Eval/HAM10000_clean/ISIC2018/ISIC_0034181.jpg,5,5,0.00012812843,0.0015609241,0.10942923,0.027668042,0.15431994,0.691614,0.015279742
/home/share/Uni_Eval/HAM10000_clean/ISIC2018/ISIC_0033197.jpg,5,5,8.624671e-05,0.00067838293,0.006436318,0.0013919513,0.019215295,0.95523435,0.01695744
/home/share/Uni_Eval/HAM10000_clean/ISIC2018/ISIC_0034171.jpg,5,5,5.5854376e-05,0.0002141117,0.006455888,0.00036421628,0.0631961,0.9286599,0.0010538948
/home/share/Uni_Eval/HAM10000_clean/ISIC2018/ISIC_0032952.jpg,5,5,0.0001363875,0.0015608723,0.013069023,0.00030735397,0.22452675,0.7595642,0.0008354747
/home/share/Uni_Eval/HAM10000_clean/ISIC2018/ISIC_0033250.jpg,5,5,0.00022062768,0.0050214627,0.013229792,0.0073061856,0.22728874,0.7452511,0.0016819794
/home/share/Uni_Eval/HAM10000_clean/ISIC2018/ISIC_0032720.jpg,5,5,0.00015375679,0.00031548846,0.027525611,0.0142800985,0.3682886,0.5885235,0.0009128962
/home/share/Uni_Eval/HAM10000_clean/ISIC2018/ISIC_0033153.jpg,5,5,0.001311689,0.00048254343,0.025535397,0.0041685393,0.019886987,0.92872775,0.019886987
/home/share/Uni_Eval/HAM10000_clean/ISIC2018/ISIC_0033757.jpg,5,5,4.246217e-06,9.078813e-05,0.0008091858,2.0900614e-05,0.024398541,0.9745962,8.012024e-05
/home/share/Uni_Eval/HAM10000_clean/ISIC2018/ISIC_0030626.jpg,5,5,0.00018698694,0.00044855836,0.00059424323,1.0883945e-05,0.050251152,0.9481697,0.0003385896
/home/share/Uni_Eval/HAM10000_clean/ISIC2018/ISIC_0031163.jpg,5,5,4.5926463e-05,0.000226058,0.0005256005,5.152807e-06,0.07800604,0.92107016,0.00012100012
/home/share/Uni_Eval/HAM10000_clean/ISIC2018/ISIC_0029775.jpg,5,4,2.3915298e-05,0.006229295,0.00024153596,0.00037409822,0.7664451,0.22656073,0.0001253072
/home/share/Uni_Eval/HAM10000_clean/ISIC2018/ISIC_0031411.jpg,5,5,0.0001361381,0.00038180876,0.0152512975,0.00010276244,0.04018182,0.94356436,0.00038180876
/home/share/Uni_Eval/HAM10000_clean/ISIC2018/ISIC_0026427.jpg,5,5,3.6399106e-05,0.00066567,0.012560273,0.0001848499,0.18457186,0.8017436,0.00023735198
/home/share/Uni_Eval/HAM10000_clean/ISIC2018/ISIC_0024608.jpg,5,5,8.8569526e-05,0.0015699324,0.005833006,0.00016546965,0.1758766,0.8132451,0.003221292
/home/share/Uni_Eval/HAM10000_clean/ISIC2018/ISIC_0028734.jpg,5,5,6.8466295e-05,0.0012135942,0.008691421,0.00041940695,0.1026255,0.886549,0.00043272038
/home/share/Uni_Eval/HAM10000_clean/ISIC2018/ISIC_0026125.jpg,5,5,0.00091620954,0.0008880208,0.058483213,0.00013618238,0.105899416,0.8329635,0.0007135447
/home/share/Uni_Eval/HAM10000_clean/ISIC2018/ISIC_0025618.jpg,5,5,0.009080483,0.025466843,0.00533814,0.0010188019,0.1072194,0.84334594,0.008530323
/home/share/Uni_Eval/HAM10000_clean/ISIC2018/ISIC_0031796.jpg,5,5,0.00034996905,0.0001458888,0.06265161,0.0007408845,0.013979465,0.92065877,0.0014734248
/home/share/Uni_Eval/HAM10000_clean/ISIC2018/ISIC_0030232.jpg,5,5,0.0072357245,0.00049239723,0.28013748,0.0002117774,0.011562654,0.6933469,0.007013105
/home/share/Uni_Eval/HAM10000_clean/ISIC2018/ISIC_0024682.jpg,5,5,0.0003252527,0.002990968,0.0008050082,2.2133725e-05,0.08471961,0.91082174,0.00031524574
/home/share/Uni_Eval/HAM10000_clean/ISIC2018/ISIC_0026141.jpg,5,5,0.00031629097,0.0019375168,0.012245485,0.0021954945,0.3930384,0.5900205,0.00024632763
/home/share/Uni_Eval/HAM10000_clean/ISIC2018/ISIC_0030841.jpg,5,5,0.00029329036,0.0033565306,0.006077892,0.00015455317,0.21425305,0.7715549,0.004309871
/home/share/Uni_Eval/HAM10000_clean/ISIC2018/ISIC_0030074.jpg,5,5,0.00014414622,0.0004876404,0.008643633,0.00020973152,0.079485364,0.9096619,0.0013676212
/home/share/Uni_Eval/HAM10000_clean/ISIC2018/ISIC_0025734.jpg,5,5,0.0026241634,0.010708225,0.00974995,1.0394401e-05,0.04104882,0.9342668,0.0015916356
/home/share/Uni_Eval/HAM10000_clean/ISIC2018/ISIC_0027942.jpg,5,5,7.8459285e-05,0.0017307842,0.017480299,0.00022702945,0.10707982,0.86898386,0.004419712
/home/share/Uni_Eval/HAM10000_clean/ISIC2018/ISIC_0026419.jpg,5,5,0.00021844245,0.009288409,0.008196993,0.004526809,0.38280177,0.592895,0.0020725243
/home/share/Uni_Eval/HAM10000_clean/ISIC2018/ISIC_0028894.jpg,5,5,0.0029462278,0.019821668,0.00366664,0.0002656105,0.1766686,0.7917737,0.004857508
/home/share/Uni_Eval/HAM10000_clean/ISIC2018/ISIC_0032260.jpg,5,5,0.00064888207,0.0015086961,0.028467007,0.0012904562,0.048424006,0.91369396,0.0059670084
/home/share/Uni_Eval/HAM10000_clean/ISIC2018/ISIC_0024936.jpg,5,5,1.4031355e-06,5.6048048e-05,1.2902993e-05,1.2775693e-06,0.038463283,0.961461,4.0601067e-06
/home/share/Uni_Eval/HAM10000_clean/ISIC2018/ISIC_0025043.jpg,5,5,0.011675526,0.006447838,0.34120888,0.00028329823,0.022505166,0.61784947,2.9859415e-05
/home/share/Uni_Eval/HAM10000_clean/ISIC2018/ISIC_0025227.jpg,5,5,0.0007810215,0.008663315,0.016698977,0.00025356057,0.30539238,0.66703826,0.0011724521
/home/share/Uni_Eval/HAM10000_clean/ISIC2018/ISIC_0029499.jpg,5,5,0.00030562392,0.0011715762,0.021425892,0.0055892775,0.1534462,0.77926415,0.038797278
/home/share/Uni_Eval/HAM10000_clean/ISIC2018/ISIC_0024658.jpg,5,5,0.00011491492,0.00014301391,0.0012354518,0.00018946265,0.0062741414,0.9912202,0.0008229883
/home/share/Uni_Eval/HAM10000_clean/ISIC2018/ISIC_0029027.jpg,5,5,8.15676e-06,0.00011617492,0.00094279315,4.5494755e-05,0.027552458,0.97125757,7.738917e-05
/home/share/Uni_Eval/HAM10000_clean/ISIC2018/ISIC_0025782.jpg,5,5,0.0006866493,0.015147241,0.0032758205,3.996778e-05,0.17885375,0.80156684,0.00042969416
/home/share/Uni_Eval/HAM10000_clean/ISIC2018/ISIC_0031308.jpg,5,5,0.051391207,0.029281827,0.00087052584,6.2438526e-06,0.18506688,0.50306386,0.23031943
/home/share/Uni_Eval/HAM10000_clean/ISIC2018/ISIC_0028981.jpg,5,5,0.10591144,0.034384415,0.00096028834,3.5178803e-06,0.013892558,0.7825856,0.06226213
/home/share/Uni_Eval/HAM10000_clean/ISIC2018/ISIC_0031194.jpg,5,5,0.001401543,0.003692574,0.067530125,0.025631545,0.042259272,0.8488002,0.010684817
/home/share/Uni_Eval/HAM10000_clean/ISIC2018/ISIC_0029667.jpg,5,5,5.2758896e-05,0.003698684,0.001979763,0.000101695434,0.24358772,0.750303,0.00027643685
/home/share/Uni_Eval/HAM10000_clean/ISIC2018/ISIC_0027574.jpg,5,5,0.00023822668,0.0007337899,0.022125205,0.007183003,0.0822051,0.88378817,0.0037264924
/home/share/Uni_Eval/HAM10000_clean/ISIC2018/ISIC_0025945.jpg,5,5,2.8247223e-05,0.0018030682,0.006293327,0.0003550452,0.21502188,0.7743236,0.0021749157
/home/share/Uni_Eval/HAM10000_clean/ISIC2018/ISIC_0031149.jpg,5,5,2.031204e-05,0.0022755198,0.005810743,0.0005077371,0.31725585,0.6716306,0.0024991697
/home/share/Uni_Eval/HAM10000_clean/ISIC2018/ISIC_0027208.jpg,5,5,0.00048713782,0.00062549737,0.025778526,0.0011326295,0.032081895,0.9375704,0.0023240047
/home/share/Uni_Eval/HAM10000_clean/ISIC2018/ISIC_0029504.jpg,5,5,0.0006191693,0.0006191693,0.034878604,0.0006591023,0.032765415,0.92808515,0.0023735184
/home/share/Uni_Eval/HAM10000_clean/ISIC2018/ISIC_0026106.jpg,5,5,0.0033736988,0.0017502519,0.0023923104,0.00020903777,0.056177124,0.93543315,0.00066432066
/home/share/Uni_Eval/HAM10000_clean/ISIC2018/ISIC_0032227.jpg,5,5,0.00015540131,0.00081424473,0.007970567,5.7168945e-05,0.124680646,0.8654552,0.000866759
/home/share/Uni_Eval/HAM10000_clean/ISIC2018/ISIC_0024394.jpg,5,5,0.00026835734,0.0015442898,0.004197815,2.4193145e-05,0.38987032,0.603843,0.00025209837
/home/share/Uni_Eval/HAM10000_clean/ISIC2018/ISIC_0032165.jpg,5,5,2.9874358e-05,0.0003418939,0.0034530063,3.8359434e-05,0.17710543,0.8189272,0.00010427175
/home/share/Uni_Eval/HAM10000_clean/ISIC2018/ISIC_0024834.jpg,5,5,2.5200974e-05,0.0001862114,0.0038588818,4.1549385e-05,0.13603027,0.85973775,0.00012022713
/home/share/Uni_Eval/HAM10000_clean/ISIC2018/ISIC_0027596.jpg,5,5,0.000101862905,0.0003668224,0.1226853,0.0744124,0.06566871,0.72841614,0.00834884
/home/share/Uni_Eval/HAM10000_clean/ISIC2018/ISIC_0031204.jpg,5,5,5.780069e-05,0.0003431785,0.0003888722,1.8187795e-05,0.007570396,0.9915263,9.529723e-05
/home/share/Uni_Eval/HAM10000_clean/ISIC2018/ISIC_0031857.jpg,5,5,0.00040683546,0.0003168438,0.0108254915,0.00037042794,0.012266888,0.9744796,0.0013339623
/home/share/Uni_Eval/HAM10000_clean/ISIC2018/ISIC_0028706.jpg,5,5,0.0011747488,0.0013734207,0.025117239,0.0023362671,0.16378497,0.80617785,3.5474342e-05
/home/share/Uni_Eval/HAM10000_clean/ISIC2018/ISIC_0027364.jpg,5,5,0.00011505503,3.7352896e-05,0.0016907214,0.00042748128,0.004595857,0.9924287,0.00070479745
/home/share/Uni_Eval/HAM10000_clean/ISIC2018/ISIC_0031756.jpg,5,5,0.0030064418,0.0018813831,0.022214767,0.0021995597,0.07753715,0.8873657,0.0057950676
/home/share/Uni_Eval/HAM10000_clean/ISIC2018/ISIC_0030397.jpg,5,5,0.0004715255,0.0008020919,0.03630545,0.00062466983,0.024184646,0.93632996,0.0012817393
/home/share/Uni_Eval/HAM10000_clean/ISIC2018/ISIC_0031405.jpg,5,5,0.002272213,0.0019435267,0.0072210776,0.001216228,0.033389926,0.94577456,0.008182554
/home/share/Uni_Eval/HAM10000_clean/ISIC2018/ISIC_0031092.jpg,5,5,0.019026935,0.0054513076,0.045643244,0.0010404002,0.022950865,0.88856304,0.017324222
/home/share/Uni_Eval/HAM10000_clean/ISIC2018/ISIC_0027390.jpg,5,5,0.0005333759,0.0012795023,0.018802147,0.00045622062,0.042371295,0.93469584,0.0018616649
/home/share/Uni_Eval/HAM10000_clean/ISIC2018/ISIC_0028757.jpg,5,5,0.00079258386,0.0011898093,0.05732822,5.227657e-05,0.01495496,0.9252306,0.0004516007
/home/share/Uni_Eval/HAM10000_clean/ISIC2018/ISIC_0027978.jpg,5,5,0.0048590023,0.009365973,0.19409218,0.097595684,0.049074188,0.41089314,0.23411985
/home/share/Uni_Eval/HAM10000_clean/ISIC2018/ISIC_0025562.jpg,5,5,5.2759424e-05,0.03401281,0.0060981605,0.039765004,0.2288318,0.66214675,0.029092697
/home/share/Uni_Eval/HAM10000_clean/ISIC2018/ISIC_0028598.jpg,5,5,4.018956e-05,0.00019173368,0.031252585,0.004502361,0.018955648,0.94232666,0.0027308203
/home/share/Uni_Eval/HAM10000_clean/ISIC2018/ISIC_0026759.jpg,5,5,7.245845e-05,0.00085556606,0.009791435,0.000518927,0.020090718,0.9680251,0.0006458151
/home/share/Uni_Eval/HAM10000_clean/ISIC2018/ISIC_0032015.jpg,5,5,0.00012273954,0.00042840312,0.020006541,5.7978054e-05,0.01510173,0.9639692,0.0003134264
/home/share/Uni_Eval/HAM10000_clean/ISIC2018/ISIC_0031285.jpg,5,5,0.00031205715,0.004175279,0.0338836,0.0032517104,0.20756221,0.74746025,0.003354931
/home/share/Uni_Eval/HAM10000_clean/ISIC2018/ISIC_0028304.jpg,5,5,0.00037618866,0.0004681744,0.013261109,4.22072e-05,0.026372863,0.95918655,0.00029297604
/home/share/Uni_Eval/HAM10000_clean/ISIC2018/ISIC_0024862.jpg,5,5,0.001229697,0.00023469176,0.00534156,0.00013372334,0.004160011,0.986603,0.0022973763
/home/share/Uni_Eval/HAM10000_clean/ISIC2018/ISIC_0028715.jpg,5,5,0.0038204642,0.01176786,0.07673607,0.02912573,0.05976212,0.603576,0.21521167
/home/share/Uni_Eval/HAM10000_clean/ISIC2018/ISIC_0032136.jpg,5,5,0.0013707853,0.0015055131,0.26122543,0.003392726,0.021442689,0.6882373,0.022825625
/home/share/Uni_Eval/HAM10000_clean/ISIC2018/ISIC_0030592.jpg,5,5,2.6485899e-05,0.0010254252,0.0053728437,4.6484205e-05,0.33240604,0.6610684,5.434554e-05
/home/share/Uni_Eval/HAM10000_clean/ISIC2018/ISIC_0024841.jpg,5,5,0.0005160146,0.006691779,0.012898742,3.5115238e-05,0.07422714,0.90427166,0.0013595175
/home/share/Uni_Eval/HAM10000_clean/ISIC2018/ISIC_0029457.jpg,5,5,7.2939045e-05,0.002492083,0.0034062734,0.00016958835,0.10596606,0.887243,0.00065009866
/home/share/Uni_Eval/HAM10000_clean/ISIC2018/ISIC_0031126.jpg,5,5,0.007992056,0.004847427,0.12117044,0.07349358,0.045991108,0.65504116,0.091464244
/home/share/Uni_Eval/HAM10000_clean/ISIC2018/ISIC_0025506.jpg,5,5,0.002632151,0.0024726768,0.08448308,0.002890852,0.04665599,0.8532489,0.00761638
/home/share/Uni_Eval/HAM10000_clean/ISIC2018/ISIC_0030914.jpg,5,5,0.0114612365,0.00075595046,0.0546785,0.00053604913,0.012587707,0.9104788,0.009501699
/home/share/Uni_Eval/HAM10000_clean/ISIC2018/ISIC_0028408.jpg,5,5,0.00069075543,0.00329541,0.03771397,0.00050536747,0.04142069,0.91372585,0.0026479363
/home/share/Uni_Eval/HAM10000_clean/ISIC2018/ISIC_0028998.jpg,5,5,0.0023669926,0.00012158644,0.008261616,0.0015282453,0.0016784492,0.98522514,0.00081801077
/home/share/Uni_Eval/HAM10000_clean/ISIC2018/ISIC_0025118.jpg,5,5,8.105334e-05,0.002443917,0.008530109,7.8559584e-05,0.17133181,0.8173784,0.00015623438
/home/share/Uni_Eval/HAM10000_clean/ISIC2018/ISIC_0025563.jpg,5,5,0.0013450694,0.0010475412,0.3091868,0.02459875,0.019157525,0.6344101,0.010254284
/home/share/Uni_Eval/HAM10000_clean/ISIC2018/ISIC_0024790.jpg,5,5,0.00016950475,0.00015923497,0.014788881,0.00012019686,0.009851519,0.9739653,0.0009454215
/home/share/Uni_Eval/HAM10000_clean/ISIC2018/ISIC_0025225.jpg,5,5,0.00058002566,0.0009866569,0.09163534,0.00054488366,0.035884917,0.86941195,0.0009563006
/home/share/Uni_Eval/HAM10000_clean/ISIC2018/ISIC_0025926.jpg,5,1,0.028235676,0.3661658,0.122650184,0.005736425,0.06564991,0.24391903,0.16764292
/home/share/Uni_Eval/HAM10000_clean/ISIC2018/ISIC_0026741.jpg,5,5,7.671546e-05,0.00075096067,0.013311096,0.0026211105,0.049456723,0.9331799,0.00060341385
/home/share/Uni_Eval/HAM10000_clean/ISIC2018/ISIC_0031117.jpg,5,5,0.00011281349,0.008418912,0.012638284,0.003976812,0.41852248,0.5544522,0.0018785133
/home/share/Uni_Eval/HAM10000_clean/ISIC2018/ISIC_0027471.jpg,5,5,9.862607e-05,0.00028538398,0.057892065,0.00018425776,0.0043268097,0.9343306,0.0028822764
/home/share/Uni_Eval/HAM10000_clean/ISIC2018/ISIC_0029109.jpg,5,5,0.0035117518,0.0042359815,0.020208735,0.00015919347,0.056676798,0.9147172,0.0004903504
/home/share/Uni_Eval/HAM10000_clean/ISIC2018/ISIC_0026654.jpg,5,5,0.00083103275,0.0012091456,0.0037244307,2.0164412e-05,0.01833229,0.97011435,0.0057685105
/home/share/Uni_Eval/HAM10000_clean/ISIC2018/ISIC_0026921.jpg,5,5,0.0060166265,0.008484803,0.018532515,0.0002995502,0.073297516,0.8929466,0.0004224335
/home/share/Uni_Eval/HAM10000_clean/ISIC2018/ISIC_0031942.jpg,5,5,0.0015440303,0.0011654951,0.0050626798,7.931294e-05,0.054428935,0.935093,0.002626484
/home/share/Uni_Eval/HAM10000_clean/ISIC2018/ISIC_0026712.jpg,5,5,0.00018168388,0.004685689,0.028703326,0.0060165436,0.14576752,0.81302595,0.001619331
/home/share/Uni_Eval/HAM10000_clean/ISIC2018/ISIC_0028983.jpg,5,5,0.0056546917,0.011970982,0.048849076,0.00036149233,0.0912621,0.83923066,0.0026710874
/home/share/Uni_Eval/HAM10000_clean/ISIC2018/ISIC_0028744.jpg,5,5,0.0011515793,0.0009253199,0.017459506,0.004699162,0.019175515,0.9532568,0.0033322053
/home/share/Uni_Eval/HAM10000_clean/ISIC2018/ISIC_0026588.jpg,5,5,0.0017252173,0.0025898581,0.0093264375,0.0015708283,0.08312562,0.8936847,0.007977324
/home/share/Uni_Eval/HAM10000_clean/ISIC2018/ISIC_0028364.jpg,5,5,0.0016990228,0.0012824897,0.1349701,0.00013101457,0.033075847,0.8267921,0.0020494128
/home/share/Uni_Eval/HAM10000_clean/ISIC2018/ISIC_0027490.jpg,5,5,0.0036798231,0.005524069,0.0036798231,0.0002837575,0.028053535,0.9584953,0.0002837575
/home/share/Uni_Eval/HAM10000_clean/ISIC2018/ISIC_0030082.jpg,5,5,2.2362354e-05,0.0030218638,0.0054718885,7.332335e-05,0.318023,0.67325467,0.00013277143
/home/share/Uni_Eval/HAM10000_clean/ISIC2018/ISIC_0026974.jpg,5,5,5.9002803e-05,0.0005425797,0.008226246,8.85737e-05,0.03924522,0.9508247,0.0010136724
/home/share/Uni_Eval/HAM10000_clean/ISIC2018/ISIC_0026097.jpg,5,4,0.0006275921,0.049855813,0.001873644,0.00055384805,0.48803404,0.45846555,0.0005895682
/home/share/Uni_Eval/HAM10000_clean/ISIC2018/ISIC_0027883.jpg,5,5,0.0009382554,0.0004572692,0.04965092,0.00020291195,0.011078617,0.9368441,0.0008280075
/home/share/Uni_Eval/HAM10000_clean/ISIC2018/ISIC_0031700.jpg,5,5,0.0009128445,9.038384e-05,0.013414151,0.00039260948,0.0019324917,0.9702562,0.013001441
/home/share/Uni_Eval/HAM10000_clean/ISIC2018/ISIC_0030209.jpg,5,5,3.384977e-05,0.00041237462,0.015474243,0.0006798908,0.025512714,0.9573575,0.0005294995
/home/share/Uni_Eval/HAM10000_clean/ISIC2018/ISIC_0027073.jpg,5,5,0.0014341753,0.0005616311,0.012008203,0.00023412271,0.016413268,0.9539297,0.015418838
/home/share/Uni_Eval/HAM10000_clean/ISIC2018/ISIC_0030219.jpg,5,5,0.000697402,0.0031255386,0.015872795,0.0004645699,0.025364656,0.95180166,0.0026734152
/home/share/Uni_Eval/HAM10000_clean/ISIC2018/ISIC_0025476.jpg,5,5,0.0017344138,0.008019849,0.0232062,0.0007459621,0.1466677,0.81804675,0.0015792018
/home/share/Uni_Eval/HAM10000_clean/ISIC2018/ISIC_0024476.jpg,5,5,0.0038155136,0.006909002,0.019991862,0.00053276506,0.023372855,0.93362534,0.011752609
/home/share/Uni_Eval/HAM10000_clean/ISIC2018/ISIC_0026560.jpg,5,5,1.9323446e-05,0.0009911037,0.0053578564,0.00058263977,0.06326384,0.9296553,0.00013000451
/home/share/Uni_Eval/HAM10000_clean/ISIC2018/ISIC_0032281.jpg,5,5,0.0012322351,0.0145498365,0.022535227,0.0035655908,0.12968129,0.81961095,0.008824922
/home/share/Uni_Eval/HAM10000_clean/ISIC2018/ISIC_0030425.jpg,5,5,0.0011809913,0.0005406972,0.015801487,6.259025e-05,0.004252913,0.97760344,0.00055786077
/home/share/Uni_Eval/HAM10000_clean/ISIC2018/ISIC_0028130.jpg,5,5,0.00063434796,0.0003189702,0.008756904,0.00040956584,0.008226351,0.98101956,0.00063434796
/home/share/Uni_Eval/HAM10000_clean/ISIC2018/ISIC_0026359.jpg,5,5,0.005987017,0.0023445496,0.01018426,0.00014080114,0.031369727,0.94585884,0.0041148127
/home/share/Uni_Eval/HAM10000_clean/ISIC2018/ISIC_0030444.jpg,5,5,0.00046889292,0.0052010943,0.0060806954,3.6157136e-05,0.027251787,0.96065855,0.00030274002
/home/share/Uni_Eval/HAM10000_clean/ISIC2018/ISIC_0032292.jpg,5,5,0.0007231518,0.034843404,0.0075354143,0.0025240476,0.16111426,0.79303217,0.00022754978
/home/share/Uni_Eval/HAM10000_clean/ISIC2018/ISIC_0032107.jpg,5,5,0.00012037677,0.00030739285,0.0043781283,5.8666952e-05,0.019621408,0.97542304,9.086516e-05
/home/share/Uni_Eval/HAM10000_clean/ISIC2018/ISIC_0030253.jpg,5,5,0.000312498,0.002037743,0.057719376,0.0015381692,0.18925454,0.74851626,0.00062147656
/home/share/Uni_Eval/HAM10000_clean/ISIC2018/ISIC_0030340.jpg,5,5,0.00048372254,0.0028719928,0.055910725,8.9479676e-05,0.063355155,0.8745909,0.002697988
/home/share/Uni_Eval/HAM10000_clean/ISIC2018/ISIC_0028580.jpg,5,5,0.00013121334,0.0004169951,0.008915748,0.0065229014,0.042534657,0.93829954,0.0031790081
/home/share/Uni_Eval/HAM10000_clean/ISIC2018/ISIC_0026922.jpg,5,5,0.00017292348,0.00024386118,0.006694886,0.001801904,0.027319314,0.963039,0.00072803505
/home/share/Uni_Eval/HAM10000_clean/ISIC2018/ISIC_0026964.jpg,5,5,0.00481386,0.0002182202,0.0025766739,0.0056279735,0.0059909457,0.97652406,0.004248217
/home/share/Uni_Eval/HAM10000_clean/ISIC2018/ISIC_0028905.jpg,5,4,3.1214746e-05,0.015189969,0.004632679,0.0014128872,0.7093757,0.26924863,0.00010895016
/home/share/Uni_Eval/HAM10000_clean/ISIC2018/ISIC_0032327.jpg,5,5,8.115689e-06,4.5265682e-05,9.002156e-05,7.4742914e-08,0.0028004886,0.99704295,1.2968834e-05
/home/share/Uni_Eval/HAM10000_clean/ISIC2018/ISIC_0025310.jpg,5,5,0.0008670303,0.003650334,0.07564631,0.00043597026,0.02035993,0.8932073,0.005833217
/home/share/Uni_Eval/HAM10000_clean/ISIC2018/ISIC_0032423.jpg,5,5,0.004671517,0.013517481,0.096808404,0.00027191488,0.041636772,0.836297,0.006797017
/home/share/Uni_Eval/HAM10000_clean/ISIC2018/ISIC_0030873.jpg,5,5,0.00029072675,0.0018957765,0.017986625,0.0046920916,0.011255743,0.8666442,0.09723478
/home/share/Uni_Eval/HAM10000_clean/ISIC2018/ISIC_0024363.jpg,5,5,0.0015677324,0.0012209511,0.053564154,0.0038801746,0.010222899,0.920236,0.009308055
/home/share/Uni_Eval/HAM10000_clean/ISIC2018/ISIC_0025169.jpg,5,5,9.696814e-05,8.0389415e-05,0.0022770418,0.0008642677,0.010863161,0.97787046,0.007947658
/home/share/Uni_Eval/HAM10000_clean/ISIC2018/ISIC_0030008.jpg,5,5,0.0038953328,0.0031299877,0.03695789,0.0018984335,0.08592966,0.8678588,0.0003298983
/home/share/Uni_Eval/HAM10000_clean/ISIC2018/ISIC_0031583.jpg,5,5,0.0002068808,0.0031365943,0.08346167,0.006850952,0.22687235,0.6773157,0.0021557475
/home/share/Uni_Eval/HAM10000_clean/ISIC2018/ISIC_0025533.jpg,5,5,8.255645e-06,8.081376e-05,0.002676184,0.00020636518,0.008504896,0.98303235,0.005491174
/home/share/Uni_Eval/HAM10000_clean/ISIC2018/ISIC_0028183.jpg,5,5,0.00024852934,0.0015707538,0.0589421,0.00030929976,0.26416016,0.6745566,0.00021257842
/home/share/Uni_Eval/HAM10000_clean/ISIC2018/ISIC_0026658.jpg,5,5,0.00048121874,0.000114299466,0.007295929,0.00032056076,0.005682076,0.9859115,0.00019442993
/home/share/Uni_Eval/HAM10000_clean/ISIC2018/ISIC_0032195.jpg,5,5,2.817537e-05,0.0005838815,0.012099847,0.00025112432,0.08398958,0.9029732,7.423221e-05
/home/share/Uni_Eval/HAM10000_clean/ISIC2018/ISIC_0027066.jpg,5,5,0.00015554037,0.0005779026,0.005657036,0.000121134966,0.010568736,0.9513672,0.031552415
/home/share/Uni_Eval/HAM10000_clean/ISIC2018/ISIC_0024680.jpg,5,5,5.3162406e-05,0.008140457,0.020147825,7.9806225e-05,0.19115722,0.7800408,0.00038073424
/home/share/Uni_Eval/HAM10000_clean/ISIC2018/ISIC_0027091.jpg,5,5,0.00045043736,0.00024875512,0.04316214,0.0022875096,0.03060654,0.9228472,0.00039750955
/home/share/Uni_Eval/HAM10000_clean/ISIC2018/ISIC_0024497.jpg,5,5,1.5506857e-05,0.00070189394,0.0005639876,0.00025026797,0.008032751,0.98834026,0.0020954683
/home/share/Uni_Eval/HAM10000_clean/ISIC2018/ISIC_0031960.jpg,5,5,0.00062346406,0.0010279184,0.26774523,0.0032667182,0.01822029,0.7054147,0.0037016766
/home/share/Uni_Eval/HAM10000_clean/ISIC2018/ISIC_0029554.jpg,5,5,0.007890195,0.0030898445,0.0875203,0.00021694112,0.008940762,0.80482167,0.0875203
/home/share/Uni_Eval/HAM10000_clean/ISIC2018/ISIC_0024578.jpg,5,5,0.0006302449,0.001559871,0.3816879,0.005444485,0.03133085,0.5729814,0.006365249
/home/share/Uni_Eval/HAM10000_clean/ISIC2018/ISIC_0027036.jpg,5,5,8.853632e-05,0.0005773293,0.045862947,0.0003090221,0.030551312,0.921182,0.0014289038
/home/share/Uni_Eval/HAM10000_clean/ISIC2018/ISIC_0026023.jpg,5,5,8.018944e-05,0.0011783752,0.02155023,0.0015130637,0.23904134,0.73629916,0.00033761014
/home/share/Uni_Eval/HAM10000_clean/ISIC2018/ISIC_0025936.jpg,5,5,7.3113233e-06,0.00011084959,0.0018458115,8.109929e-05,0.011306967,0.98650557,0.00014233368
/home/share/Uni_Eval/HAM10000_clean/ISIC2018/ISIC_0026216.jpg,5,5,0.00024602455,0.000973046,0.14441283,0.00050480955,0.03886818,0.80547005,0.009525058
/home/share/Uni_Eval/HAM10000_clean/ISIC2018/ISIC_0028987.jpg,5,5,0.00024087545,0.0007419486,0.09128849,0.0014301435,0.012354554,0.8936147,0.00032923772
/home/share/Uni_Eval/HAM10000_clean/ISIC2018/ISIC_0029075.jpg,5,5,4.773083e-05,3.602912e-05,0.0056920606,1.0322515e-05,0.005516934,0.9876439,0.0010529254
/home/share/Uni_Eval/HAM10000_clean/ISIC2018/ISIC_0030451.jpg,5,5,0.0013433505,0.003539257,0.083110146,0.00036155785,0.3499068,0.55914944,0.002589376
/home/share/Uni_Eval/HAM10000_clean/ISIC2018/ISIC_0027137.jpg,5,5,0.00027382074,0.00037426857,0.023890201,0.00039840685,0.07833295,0.89647317,0.00025723077
/home/share/Uni_Eval/HAM10000_clean/ISIC2018/ISIC_0030833.jpg,5,5,0.0007801339,0.0057644537,0.043945942,0.00043083084,0.23756953,0.7092516,0.0022573925
/home/share/Uni_Eval/HAM10000_clean/ISIC2018/ISIC_0030635.jpg,5,5,0.0027480614,0.00018700791,0.2633268,0.00016503391,0.00040846286,0.71579635,0.017368283
/home/share/Uni_Eval/HAM10000_clean/ISIC2018/ISIC_0031991.jpg,5,5,0.003162266,0.00050034316,0.010697809,0.0012776711,0.012507006,0.96298605,0.008868795
/home/share/Uni_Eval/HAM10000_clean/ISIC2018/ISIC_0029470.jpg,5,5,0.00024782788,0.0011459446,0.019687409,0.00061337993,0.027763696,0.9485925,0.0019493174
/home/share/Uni_Eval/HAM10000_clean/ISIC2018/ISIC_0026488.jpg,5,5,0.0031397128,0.04200889,0.08097426,0.012417804,0.08097426,0.6995108,0.08097426
/home/share/Uni_Eval/HAM10000_clean/ISIC2018/ISIC_0027098.jpg,5,5,0.0005672869,0.0005672869,0.019997554,3.8604358e-05,0.01212913,0.9635361,0.0031640723
/home/share/Uni_Eval/HAM10000_clean/ISIC2018/ISIC_0025571.jpg,5,5,0.0010868306,0.0001298034,0.11085973,0.00068012124,0.005875351,0.87197936,0.009388784
/home/share/Uni_Eval/HAM10000_clean/ISIC2018/ISIC_0024466.jpg,5,5,0.009412667,0.0005146883,0.012086103,0.0048832265,0.0035726451,0.96011806,0.009412667
/home/share/Uni_Eval/HAM10000_clean/ISIC2018/ISIC_0025892.jpg,5,5,3.4309425e-05,0.0005894383,0.0065382193,0.000116067284,0.02211851,0.9703578,0.00024571444
/home/share/Uni_Eval/HAM10000_clean/ISIC2018/ISIC_0025488.jpg,5,5,0.0014671199,0.001294729,0.14058346,0.045640763,0.02946789,0.75998694,0.02155917
/home/share/Uni_Eval/HAM10000_clean/ISIC2018/ISIC_0027997.jpg,5,5,0.00033724023,0.005275325,0.07752033,0.33673295,0.1979551,0.38156843,0.00061066315
/home/share/Uni_Eval/HAM10000_clean/ISIC2018/ISIC_0027578.jpg,5,5,0.0010877948,0.006875074,0.010986339,6.9540394e-05,0.021848941,0.95853156,0.0006007373
/home/share/Uni_Eval/HAM10000_clean/ISIC2018/ISIC_0027475.jpg,5,5,0.0016372686,0.00017804469,0.10129422,0.0032560974,0.011015235,0.8750485,0.007570653
/home/share/Uni_Eval/HAM10000_clean/ISIC2018/ISIC_0031304.jpg,5,5,0.0017753595,0.0049791182,0.15013021,0.00018136439,0.02956239,0.8115962,0.0017753595
/home/share/Uni_Eval/HAM10000_clean/ISIC2018/ISIC_0028809.jpg,5,5,0.00017221841,0.0006201823,0.019293306,0.0027794645,0.014563352,0.9591124,0.0034590994
/home/share/Uni_Eval/HAM10000_clean/ISIC2018/ISIC_0028464.jpg,5,5,0.00028840185,0.00015927062,0.0052743186,0.0037400522,0.0130540645,0.9741833,0.0033005844
/home/share/Uni_Eval/HAM10000_clean/ISIC2018/ISIC_0027798.jpg,5,5,5.9151276e-05,0.00030993053,0.014473841,0.00026509762,0.060937148,0.9238899,6.4964974e-05
/home/share/Uni_Eval/HAM10000_clean/ISIC2018/ISIC_0024916.jpg,5,5,8.622132e-05,0.006044581,0.016430875,0.013202579,0.06298598,0.8970954,0.004154376
/home/share/Uni_Eval/HAM10000_clean/ISIC2018/ISIC_0030839.jpg,5,5,0.00036469768,0.00093128823,0.012856037,0.0002586094,0.046296366,0.92988735,0.009405678
/home/share/Uni_Eval/HAM10000_clean/ISIC2018/ISIC_0030593.jpg,5,5,0.00012162364,0.00021345612,0.006436121,7.852612e-05,0.0072930804,0.98552656,0.00033060732
/home/share/Uni_Eval/HAM10000_clean/ISIC2018/ISIC_0030847.jpg,5,5,0.008523438,0.023169106,0.03478095,0.001391413,0.061042458,0.86941427,0.0016783645
/home/share/Uni_Eval/HAM10000_clean/ISIC2018/ISIC_0029560.jpg,5,2,0.0023809895,0.0021012155,0.5304714,0.003057251,0.02404714,0.41313154,0.02481048
/home/share/Uni_Eval/HAM10000_clean/ISIC2018/ISIC_0027849.jpg,5,5,0.010520312,0.0036357227,0.12422045,0.0036357227,0.029504944,0.8100191,0.018463721
/home/share/Uni_Eval/HAM10000_clean/ISIC2018/ISIC_0025681.jpg,5,5,0.0037043046,0.0011297491,0.04108921,0.003590335,0.020660952,0.90641344,0.023411928
/home/share/Uni_Eval/HAM10000_clean/ISIC2018/ISIC_0030912.jpg,5,5,4.1390227e-05,0.0018158242,0.014282565,0.028404271,0.1584263,0.7798016,0.017228061
/home/share/Uni_Eval/HAM10000_clean/ISIC2018/ISIC_0027783.jpg,5,5,0.0029839368,0.010745569,0.079399616,0.0018098492,0.06791408,0.82736295,0.009783952
/home/share/Uni_Eval/HAM10000_clean/ISIC2018/ISIC_0026991.jpg,5,5,6.601744e-05,0.00097011926,0.13954872,0.014255798,0.090099424,0.7543932,0.0006667526
/home/share/Uni_Eval/HAM10000_clean/ISIC2018/ISIC_0025065.jpg,5,5,6.847503e-05,0.00067029573,0.053248182,0.002197815,0.028501702,0.91480756,0.0005059658
/home/share/Uni_Eval/HAM10000_clean/ISIC2018/ISIC_0026333.jpg,5,5,0.00010618067,0.00030724396,0.070625186,0.00083517574,0.039002933,0.88770264,0.0014206817
/home/share/Uni_Eval/HAM10000_clean/ISIC2018/ISIC_0028477.jpg,5,5,0.00019121438,7.725759e-05,0.030209001,0.0054161754,0.023526793,0.93977445,0.00080504257
/home/share/Uni_Eval/HAM10000_clean/ISIC2018/ISIC_0026603.jpg,5,5,0.0010110454,0.002278426,0.12057052,0.017369831,0.14096121,0.7158601,0.0019488408
/home/share/Uni_Eval/HAM10000_clean/ISIC2018/ISIC_0025323.jpg,5,5,3.4317913e-05,0.00022378091,0.040061362,0.006539837,0.09610221,0.8565497,0.0004887825
/home/share/Uni_Eval/HAM10000_clean/ISIC2018/ISIC_0024857.jpg,5,5,0.008427908,0.007917286,0.025161084,0.03439112,0.16407087,0.75865597,0.0013758179
/home/share/Uni_Eval/HAM10000_clean/ISIC2018/ISIC_0026295.jpg,5,4,0.000665857,0.03415195,0.022750102,0.012962617,0.82742596,0.10195888,8.465421e-05
/home/share/Uni_Eval/HAM10000_clean/ISIC2018/ISIC_0030485.jpg,5,5,1.43862735e-05,2.998357e-05,0.007222992,4.0347302e-05,0.016277263,0.9760553,0.00035961161
/home/share/Uni_Eval/HAM10000_clean/ISIC2018/ISIC_0029055.jpg,5,5,0.0002282988,0.0024544434,0.08926862,0.01871172,0.16164458,0.72444075,0.0032516094
/home/share/Uni_Eval/HAM10000_clean/ISIC2018/ISIC_0028067.jpg,5,5,3.7350776e-05,0.00042745698,0.03614716,0.0055433465,0.20801255,0.74908197,0.0007502104
/home/share/Uni_Eval/HAM10000_clean/ISIC2018/ISIC_0030977.jpg,5,5,0.00091143954,0.0018701524,0.05297234,0.00091143954,0.030182732,0.9100686,0.0030833601
/home/share/Uni_Eval/HAM10000_clean/ISIC2018/ISIC_0024821.jpg,5,5,0.0011001157,0.006952945,0.19088389,0.006531687,0.23755884,0.55234087,0.0046316604
/home/share/Uni_Eval/HAM10000_clean/ISIC2018/ISIC_0029759.jpg,5,5,5.4395772e-05,0.00085089315,0.19559208,0.028177708,0.29361847,0.3770136,0.10469289
/home/share/Uni_Eval/HAM10000_clean/ISIC2018/ISIC_0030348.jpg,5,5,0.0033832549,0.026611362,0.29518086,0.0055780443,0.30455092,0.3560561,0.008639445
/home/share/Uni_Eval/HAM10000_clean/ISIC2018/ISIC_0024617.jpg,5,5,2.7166855e-06,2.5775194e-05,1.6641716e-05,1.5002962e-06,0.0034830463,0.9964084,6.183147e-05
/home/share/Uni_Eval/HAM10000_clean/ISIC2018/ISIC_0026942.jpg,5,5,0.00054114015,2.377604e-05,0.045760583,0.0008381343,0.0033148855,0.9483021,0.0012194783
/home/share/Uni_Eval/HAM10000_clean/ISIC2018/ISIC_0030710.jpg,5,5,0.0003282502,0.00026375646,0.005639361,0.0005084039,0.044357017,0.9483948,0.0005084039
/home/share/Uni_Eval/HAM10000_clean/ISIC2018/ISIC_0030963.jpg,5,5,0.00069866725,0.0015260294,0.085963205,0.012777289,0.30004105,0.5967029,0.002290842
/home/share/Uni_Eval/HAM10000_clean/ISIC2018/ISIC_0030890.jpg,5,5,0.00083557144,0.0025737414,0.037820853,0.011900859,0.23168081,0.71362716,0.0015610531
/home/share/Uni_Eval/HAM10000_clean/ISIC2018/ISIC_0031896.jpg,5,5,0.00016382815,0.00023836856,0.02213838,0.0032905764,0.16877437,0.8051775,0.00021703703
/home/share/Uni_Eval/HAM10000_clean/ISIC2018/ISIC_0025956.jpg,5,5,2.3984508e-06,6.185686e-05,3.1103587e-05,1.5009124e-06,0.0030750397,0.9968176,1.04183955e-05
/home/share/Uni_Eval/HAM10000_clean/ISIC2018/ISIC_0025860.jpg,5,6,5.884699e-05,1.5838452e-05,0.019076085,0.00032822214,0.00021525334,0.21831422,0.7619915
/home/share/Uni_Eval/HAM10000_clean/ISIC2018/ISIC_0025473.jpg,5,5,0.00025339436,4.4033335e-05,0.05557962,0.00068879727,0.0007447675,0.7916083,0.15108109
/home/share/Uni_Eval/HAM10000_clean/ISIC2018/ISIC_0024540.jpg,5,5,0.00017051179,0.0022814225,0.03149407,0.00021220536,0.0732259,0.8920741,0.0005418853
/home/share/Uni_Eval/HAM10000_clean/ISIC2018/ISIC_0032020.jpg,5,5,0.00012668836,0.00044218582,0.008343434,0.00022234498,0.056133058,0.93469936,3.3048633e-05
/home/share/Uni_Eval/HAM10000_clean/ISIC2018/ISIC_0028632.jpg,5,5,0.03127552,0.0018782407,0.035439804,0.0014627755,0.006978511,0.91400456,0.008960586
/home/share/Uni_Eval/HAM10000_clean/ISIC2018/ISIC_0029537.jpg,5,2,0.0015073008,4.436877e-06,0.73349476,5.1576997e-05,0.0005902675,0.26153564,0.0028160086
/home/share/Uni_Eval/HAM10000_clean/ISIC2018/ISIC_0027431.jpg,5,5,0.00029209122,0.0002577696,0.07849704,0.010296572,0.011667543,0.898351,0.0006379859
/home/share/Uni_Eval/HAM10000_clean/ISIC2018/ISIC_0031395.jpg,5,5,0.0029170157,0.0074488614,0.028554404,0.00027993752,0.07067283,0.88830143,0.0018254218
/home/share/Uni_Eval/HAM10000_clean/ISIC2018/ISIC_0025897.jpg,5,5,0.0030083482,0.008981269,0.053324245,0.0008619061,0.14495033,0.7835941,0.0052798153
/home/share/Uni_Eval/HAM10000_clean/ISIC2018/ISIC_0033537.jpg,5,5,0.0053219926,0.0042763413,0.015888534,0.000410388,0.05049366,0.9234325,0.00017650567
/home/share/Uni_Eval/HAM10000_clean/ISIC2018/ISIC_0032682.jpg,5,5,0.009884581,0.003870858,0.088100314,0.01965784,0.031413138,0.83587253,0.011200699
/home/share/Uni_Eval/HAM10000_clean/ISIC2018/ISIC_0032616.jpg,5,5,0.0035342316,0.012727257,0.100107625,0.0016180892,0.045832615,0.8124025,0.023777645
/home/share/Uni_Eval/HAM10000_clean/ISIC2018/ISIC_0033139.jpg,5,5,0.010073429,0.00014368974,0.020669334,0.000108462715,0.0032703634,0.9652635,0.00047114055
/home/share/Uni_Eval/HAM10000_clean/ISIC2018/ISIC_0033418.jpg,5,5,0.0012115808,0.0010692163,0.048396427,0.0014614455,0.03431821,0.9131736,0.00036951128
/home/share/Uni_Eval/HAM10000_clean/ISIC2018/ISIC_0033364.jpg,5,5,0.0018283579,1.9381103e-05,0.07535183,0.00028928823,0.0007863669,0.9179732,0.0037515466
/home/share/Uni_Eval/HAM10000_clean/ISIC2018/ISIC_0034098.jpg,5,5,0.0021263096,0.029352797,0.01725562,0.0036169742,0.33592495,0.5895667,0.022156656
/home/share/Uni_Eval/HAM10000_clean/ISIC2018/ISIC_0033040.jpg,5,5,0.0037182767,0.002636653,0.11567219,0.004213359,0.030174894,0.8284117,0.01517289
/home/share/Uni_Eval/HAM10000_clean/ISIC2018/ISIC_0032868.jpg,5,5,0.001483897,0.00012567222,0.03273424,0.0017348513,0.0070792763,0.95663476,0.00020719842
/home/share/Uni_Eval/HAM10000_clean/ISIC2018/ISIC_0034018.jpg,5,5,7.435956e-05,9.2541966e-05,0.026473839,0.0041887695,0.016566904,0.93323493,0.019368673
/home/share/Uni_Eval/HAM10000_clean/ISIC2018/ISIC_0033464.jpg,5,5,0.00030771826,0.00047660337,0.005286621,0.00018089822,0.016800847,0.9764556,0.0004917323
/home/share/Uni_Eval/HAM10000_clean/ISIC2018/ISIC_0033970.jpg,5,5,0.0003035639,0.0034741047,0.04648301,0.00087839126,0.12246641,0.823931,0.002463509
/home/share/Uni_Eval/HAM10000_clean/ISIC2018/ISIC_0033896.jpg,5,5,0.0010602673,0.0034764826,0.1081502,0.006494925,0.07433047,0.79912794,0.0073597133
/home/share/Uni_Eval/HAM10000_clean/ISIC2018/ISIC_0032402.jpg,5,5,0.00016825713,0.00029530047,0.072257645,0.0107401395,0.015146025,0.66446894,0.23692371
/home/share/Uni_Eval/HAM10000_clean/ISIC2018/ISIC_0034309.jpg,5,5,0.002570731,0.0115212165,0.021524467,0.008429103,0.0455673,0.8076997,0.10268748
/home/share/Uni_Eval/HAM10000_clean/ISIC2018/ISIC_0033043.jpg,5,5,0.0029299406,0.01583911,0.047286846,0.004398362,0.08834345,0.83817935,0.0030229469
/home/share/Uni_Eval/HAM10000_clean/ISIC2018/ISIC_0032562.jpg,5,5,0.00083872187,0.00031834294,0.008210173,0.00025579572,0.011221976,0.97909033,6.467529e-05
/home/share/Uni_Eval/HAM10000_clean/ISIC2018/ISIC_0033421.jpg,5,5,0.0002518193,0.01176003,0.0057313805,0.0009068361,0.22893919,0.75066274,0.0017479723
/home/share/Uni_Eval/HAM10000_clean/ISIC2018/ISIC_0033467.jpg,5,5,4.172575e-05,0.00023272757,0.014398343,0.00025560122,0.036767457,0.9482452,5.8842736e-05
/home/share/Uni_Eval/HAM10000_clean/ISIC2018/ISIC_0032996.jpg,5,5,0.007606771,0.021333717,0.10834155,0.006112212,0.04659712,0.8005418,0.009466779
/home/share/Uni_Eval/HAM10000_clean/ISIC2018/ISIC_0033623.jpg,5,5,0.00074136263,0.0036491146,0.08305347,0.0015694647,0.06885374,0.8388103,0.0033225566
/home/share/Uni_Eval/HAM10000_clean/ISIC2018/ISIC_0033383.jpg,5,5,0.0013539961,0.013254144,0.050808325,0.002032589,0.104251914,0.8200049,0.008294232
/home/share/Uni_Eval/HAM10000_clean/ISIC2018/ISIC_0032634.jpg,5,5,0.015007367,0.006454588,0.065189034,0.0011216393,0.03714359,0.8722196,0.002864206
/home/share/Uni_Eval/HAM10000_clean/ISIC2018/ISIC_0033751.jpg,5,5,0.00024014778,0.00042147253,0.06658633,0.0020745606,0.0018889088,0.91919595,0.009592671
/home/share/Uni_Eval/HAM10000_clean/ISIC2018/ISIC_0033065.jpg,5,5,0.0001521588,0.0005832843,0.18326248,0.043528654,0.06138524,0.7025169,0.0085713
/home/share/Uni_Eval/HAM10000_clean/ISIC2018/ISIC_0033353.jpg,5,2,0.0040176427,0.0012642074,0.542911,0.020403275,0.0058456366,0.38498154,0.040576756
/home/share/Uni_Eval/HAM10000_clean/ISIC2018/ISIC_0034019.jpg,5,5,0.00023259019,0.00023259019,0.07082931,0.00015985675,0.0334574,0.89026827,0.004819995
/home/share/Uni_Eval/HAM10000_clean/ISIC2018/ISIC_0034154.jpg,5,4,8.7044486e-05,0.024135023,0.0009961714,0.002624562,0.77465206,0.19586271,0.0016424089
/home/share/Uni_Eval/HAM10000_clean/ISIC2018/ISIC_0033597.jpg,5,5,0.00092427246,0.00013525094,0.21920373,0.00036195028,0.00063524256,0.67519504,0.10354451
/home/share/Uni_Eval/HAM10000_clean/ISIC2018/ISIC_0033330.jpg,5,5,0.00020566033,0.0011117893,0.109916456,0.0004090044,0.015834969,0.86455995,0.007962322
/home/share/Uni_Eval/HAM10000_clean/ISIC2018/ISIC_0033982.jpg,5,5,0.0006435982,0.00093642995,0.12264812,0.0024671643,0.09551845,0.77515996,0.0026262826
/home/share/Uni_Eval/HAM10000_clean/ISIC2018/ISIC_0027265.jpg,5,5,0.00028477146,0.001126293,0.10138566,0.0048923935,0.0923127,0.79746,0.0025381406
/home/share/Uni_Eval/HAM10000_clean/ISIC2018/ISIC_0030038.jpg,5,5,0.0027451508,0.04865896,0.15463786,0.0065852744,0.17522764,0.6116046,0.00054055225
/home/share/Uni_Eval/HAM10000_clean/ISIC2018/ISIC_0027345.jpg,5,5,0.00032528135,0.009807871,0.009213642,0.0014578099,0.22322612,0.7551642,0.0008050791
/home/share/Uni_Eval/HAM10000_clean/ISIC2018/ISIC_0031299.jpg,5,5,0.00027199552,0.0012576947,0.14998426,0.024484258,0.08282917,0.7382484,0.0029242274
/home/share/Uni_Eval/HAM10000_clean/ISIC2018/ISIC_0029915.jpg,0,5,0.07156402,0.23464942,0.019872611,0.017537517,0.01809422,0.6378432,0.00043904316
/home/share/Uni_Eval/HAM10000_clean/ISIC2018/ISIC_0033456.jpg,0,5,0.019161806,0.07119474,0.043181796,0.0018972757,0.07119474,0.7897125,0.0036570947
/home/share/Uni_Eval/HAM10000_clean/ISIC2018/ISIC_0031191.jpg,0,4,1.0526225e-05,0.01787878,0.0002981569,0.000103040264,0.9461154,0.0355562,3.790639e-05
/home/share/Uni_Eval/HAM10000_clean/ISIC2018/ISIC_0025948.jpg,0,5,0.022926379,0.27930048,0.012661149,0.004110473,0.08518183,0.44632086,0.14949878
/home/share/Uni_Eval/HAM10000_clean/ISIC2018/ISIC_0030803.jpg,0,5,0.10087334,0.0056908852,0.1255389,0.0006587677,0.014993484,0.72242653,0.029818105
/home/share/Uni_Eval/HAM10000_clean/ISIC2018/ISIC_0025069.jpg,0,5,0.00078671996,0.030458558,0.009289335,0.0006522138,0.43381453,0.5232802,0.0017183543
/home/share/Uni_Eval/HAM10000_clean/ISIC2018/ISIC_0028232.jpg,0,6,0.020291522,0.0010102553,0.2801158,0.00020524583,0.0013808555,0.26314446,0.43385184
/home/share/Uni_Eval/HAM10000_clean/ISIC2018/ISIC_0029067.jpg,0,5,0.014569241,0.010331138,0.009406609,0.002034322,0.07633736,0.8736349,0.013686535
/home/share/Uni_Eval/HAM10000_clean/ISIC2018/ISIC_0025539.jpg,0,5,0.0005396065,0.017319532,0.0016621051,0.0026560365,0.2176928,0.75982255,0.0003074585
/home/share/Uni_Eval/HAM10000_clean/ISIC2018/ISIC_0030191.jpg,0,5,0.0022191806,0.00063580583,0.0590502,0.00061624416,0.006032358,0.9237006,0.0077457014
/home/share/Uni_Eval/HAM10000_clean/ISIC2018/ISIC_0031043.jpg,0,5,0.0020091822,0.0033125815,0.016305096,0.00044830915,0.028616337,0.9476429,0.0016656705
/home/share/Uni_Eval/HAM10000_clean/ISIC2018/ISIC_0032455.jpg,0,1,0.032658495,0.92505664,0.0048542516,0.0014804632,0.010939225,0.023893466,0.0011175122
/home/share/Uni_Eval/HAM10000_clean/ISIC2018/ISIC_0027896.jpg,0,5,0.06453348,0.0019794304,0.01907606,0.0051342514,0.001517682,0.8368829,0.07087616
/home/share/Uni_Eval/HAM10000_clean/ISIC2018/ISIC_0031044.jpg,0,5,0.16999331,0.13659346,0.10310615,0.08547801,0.080299154,0.3276707,0.09685927
/home/share/Uni_Eval/HAM10000_clean/ISIC2018/ISIC_0031012.jpg,0,5,0.011984019,0.0049956823,0.1874616,0.00035075194,0.0064145834,0.76496035,0.023833068
/home/share/Uni_Eval/HAM10000_clean/ISIC2018/ISIC_0029533.jpg,0,5,0.008327494,0.0062859226,0.15712827,0.0005492578,0.017629305,0.79796326,0.012116432
/home/share/Uni_Eval/HAM10000_clean/ISIC2018/ISIC_0026992.jpg,0,5,0.004008661,0.030560471,0.060776748,0.113545924,0.024556028,0.7404124,0.026139755
/home/share/Uni_Eval/HAM10000_clean/ISIC2018/ISIC_0025825.jpg,0,5,0.08589249,0.000273377,0.04318946,9.06664e-06,0.00015821846,0.8407938,0.029683651
/home/share/Uni_Eval/HAM10000_clean/ISIC2018/ISIC_0026645.jpg,0,2,0.0079248445,0.09357402,0.46058744,0.06635392,0.014350041,0.33697295,0.0202368
/home/share/Uni_Eval/HAM10000_clean/ISIC2018/ISIC_0029811.jpg,0,1,0.21014193,0.3925968,0.17421378,0.020806868,0.0036156913,0.102415,0.09620999
/home/share/Uni_Eval/HAM10000_clean/ISIC2018/ISIC_0027178.jpg,0,5,0.006061969,0.003244738,0.049194638,0.0017367832,0.012055664,0.8996759,0.028030261
/home/share/Uni_Eval/HAM10000_clean/ISIC2018/ISIC_0028872.jpg,0,5,0.016760977,0.0023403568,0.01574548,0.0008344799,0.019595565,0.94416726,0.00055588345
/home/share/Uni_Eval/HAM10000_clean/ISIC2018/ISIC_0031292.jpg,0,5,0.21269345,0.06486785,0.013597037,0.016401159,0.008508809,0.6759384,0.007993286
/home/share/Uni_Eval/HAM10000_clean/ISIC2018/ISIC_0033494.jpg,0,1,0.07479224,0.45815805,0.0482895,0.0013698678,0.16854694,0.24523434,0.003609121
/home/share/Uni_Eval/HAM10000_clean/ISIC2018/ISIC_0026014.jpg,0,5,0.09682007,0.009586486,0.053469118,0.00015018375,0.0025007841,0.83639777,0.0010755738
/home/share/Uni_Eval/HAM10000_clean/ISIC2018/ISIC_0026549.jpg,0,5,0.05558777,0.023908002,0.16595443,0.0025998747,0.026257802,0.5792378,0.14645426
/home/share/Uni_Eval/HAM10000_clean/ISIC2018/ISIC_0030387.jpg,0,5,0.018644676,0.0031402756,0.34097546,0.14665172,0.011308567,0.46605822,0.013221054
/home/share/Uni_Eval/HAM10000_clean/ISIC2018/ISIC_0029573.jpg,0,2,0.05866569,0.007229031,0.40722057,0.036712047,0.027711708,0.16453199,0.29792893
/home/share/Uni_Eval/HAM10000_clean/ISIC2018/ISIC_0029268.jpg,0,5,0.0014221646,0.00022501913,0.050133035,0.0012550559,0.00987178,0.91683733,0.020255575
/home/share/Uni_Eval/HAM10000_clean/ISIC2018/ISIC_0029598.jpg,0,5,0.039916936,0.013370499,0.0658119,0.20914981,0.119169965,0.45682514,0.095755756
/home/share/Uni_Eval/HAM10000_clean/ISIC2018/ISIC_0029781.jpg,0,5,0.19486928,0.02896473,0.26635474,0.00058264856,0.008043216,0.49761614,0.0035691552
/home/share/Uni_Eval/HAM10000_clean/ISIC2018/ISIC_0025247.jpg,0,5,0.0013374869,0.0014689418,0.009882766,0.0009192404,0.008193101,0.9770544,0.001144013
/home/share/Uni_Eval/HAM10000_clean/ISIC2018/ISIC_0028499.jpg,0,5,0.011619262,0.00021281421,0.068986736,0.000578489,0.0015724961,0.8946336,0.022396715
/home/share/Uni_Eval/HAM10000_clean/ISIC2018/ISIC_0030591.jpg,0,5,0.01087445,0.0070210733,0.06872864,0.00061349454,0.018498063,0.8372863,0.056978047
/home/share/Uni_Eval/HAM10000_clean/ISIC2018/ISIC_0029638.jpg,0,5,0.0023367908,0.0019372675,0.027592072,0.00032628907,0.022170853,0.94272864,0.002908183
/home/share/Uni_Eval/HAM10000_clean/ISIC2018/ISIC_0026132.jpg,0,5,0.0040492895,0.0023804547,0.33188596,8.145467e-05,0.0048843757,0.5645571,0.09216141
/home/share/Uni_Eval/HAM10000_clean/ISIC2018/ISIC_0024763.jpg,0,5,0.005815738,0.0024243603,0.044336915,1.3972245e-05,0.027745334,0.9187993,0.00086443237
/home/share/Uni_Eval/HAM10000_clean/ISIC2018/ISIC_0028076.jpg,0,5,0.037970517,0.01738417,0.01738417,0.0017212657,0.011580353,0.89163774,0.022321714
/home/share/Uni_Eval/HAM10000_clean/ISIC2018/ISIC_0025957.jpg,0,5,0.0007977252,0.0050417786,0.017056117,0.00034309734,0.043554325,0.93123245,0.001974389
/home/share/Uni_Eval/HAM10000_clean/ISIC2018/ISIC_0031927.jpg,0,5,0.0014797577,0.00038601787,0.004557975,0.0015267303,0.0040223985,0.98424846,0.003778694
/home/share/Uni_Eval/HAM10000_clean/ISIC2018/ISIC_0025264.jpg,0,5,0.002435399,0.008238849,0.0070470623,0.0010152254,0.07576305,0.8945857,0.010914702
/home/share/Uni_Eval/HAM10000_clean/ISIC2018/ISIC_0026457.jpg,0,5,0.19270466,0.006391115,0.1097998,9.704395e-05,0.003999457,0.67260534,0.0144026
/home/share/Uni_Eval/HAM10000_clean/ISIC2018/ISIC_0028763.jpg,0,5,0.011281155,0.001390111,0.19381103,0.0010493109,0.007999537,0.46492848,0.31954038
/home/share/Uni_Eval/HAM10000_clean/ISIC2018/ISIC_0025780.jpg,0,5,0.018763991,0.00045529474,0.008070292,0.00028491617,0.0008506025,0.8762835,0.09529141
/home/share/Uni_Eval/HAM10000_clean/ISIC2018/ISIC_0027452.jpg,0,5,0.0056389654,0.0011456254,0.026902001,0.00044863333,0.015328298,0.9483282,0.0022082506
/home/share/Uni_Eval/HAM10000_clean/ISIC2018/ISIC_0027884.jpg,0,2,0.24336952,0.00051598944,0.5484417,0.00011159053,0.0002289689,0.11495962,0.09237265
/home/share/Uni_Eval/HAM10000_clean/ISIC2018/ISIC_0027950.jpg,0,2,0.3049158,0.012198167,0.51867926,9.914079e-05,0.0017032457,0.12710783,0.035296567
/home/share/Uni_Eval/HAM10000_clean/ISIC2018/ISIC_0033536.jpg,0,5,0.1271645,0.15825878,0.01566974,0.0026392147,0.022799337,0.6662943,0.00717413
/home/share/Uni_Eval/HAM10000_clean/ISIC2018/ISIC_0032854.jpg,0,5,0.05668722,0.0015586169,0.082479425,0.00029746722,0.005110508,0.83301264,0.020854065
