image_path,true_label,predicted_label,probability_class_0,probability_class_1,probability_class_2,probability_class_3,probability_class_4,probability_class_5,probability_class_6
/home/share/Uni_Eval/HAM10000_clean/ISIC2018/ISIC_0025661.jpg,2,5,0.28023547,0.1097418,0.14999925,0.03295046,0.12830116,0.29830912,0.0004627262
/home/share/Uni_Eval/HAM10000_clean/ISIC2018/ISIC_0027850.jpg,2,2,0.310083,0.2867799,0.34592262,0.0029464178,0.014731162,0.03942263,0.000114245006
/home/share/Uni_Eval/HAM10000_clean/ISIC2018/ISIC_0029068.jpg,2,2,0.24261102,0.21410348,0.35299695,0.0026533802,0.057625167,0.12986033,0.00014969347
/home/share/Uni_Eval/HAM10000_clean/ISIC2018/ISIC_0025984.jpg,2,4,0.07629514,0.033855755,0.09495082,0.0012923782,0.48220006,0.31133178,7.405917e-05
/home/share/Uni_Eval/HAM10000_clean/ISIC2018/ISIC_0032417.jpg,2,1,0.23399763,0.32998955,0.17941222,0.0136202965,0.19098331,0.05060554,0.0013914009
/home/share/Uni_Eval/HAM10000_clean/ISIC2018/ISIC_0027310.jpg,2,4,0.2030105,0.19071072,0.13313754,0.01163343,0.3144288,0.146223,0.0008559936
/home/share/Uni_Eval/HAM10000_clean/ISIC2018/ISIC_0025937.jpg,2,5,0.06326527,0.033338457,0.13393259,0.020220796,0.34200886,0.40614554,0.0010885391
/home/share/Uni_Eval/HAM10000_clean/ISIC2018/ISIC_0027828.jpg,2,4,0.13137871,0.17135014,0.062058907,0.0010845977,0.4731129,0.16096857,4.618774e-05
/home/share/Uni_Eval/HAM10000_clean/ISIC2018/ISIC_0030698.jpg,2,4,0.09973879,0.13632677,0.12412694,0.0008764985,0.3591732,0.27972436,3.345864e-05
/home/share/Uni_Eval/HAM10000_clean/ISIC2018/ISIC_0024981.jpg,2,5,0.022593306,0.12601535,0.010183602,0.00016205065,0.39426714,0.4467632,1.5310425e-05
/home/share/Uni_Eval/HAM10000_clean/ISIC2018/ISIC_0027053.jpg,2,4,0.053577777,0.04878312,0.027364854,0.0035338374,0.5943001,0.2720904,0.00034989728
/home/share/Uni_Eval/HAM10000_clean/ISIC2018/ISIC_0025819.jpg,2,5,0.21519923,0.03919069,0.13052492,0.009908958,0.18991266,0.41480738,0.00045626305
/home/share/Uni_Eval/HAM10000_clean/ISIC2018/ISIC_0032013.jpg,2,5,0.054626048,0.005161028,0.03016737,0.10863686,0.2194525,0.5781803,0.0037758888
/home/share/Uni_Eval/HAM10000_clean/ISIC2018/ISIC_0025099.jpg,2,4,0.051594634,0.09790941,0.026351962,0.00379636,0.7234582,0.09639147,0.00049797405
/home/share/Uni_Eval/HAM10000_clean/ISIC2018/ISIC_0029289.jpg,2,4,0.015845831,0.03684266,0.007844255,0.00028572697,0.7400046,0.19916955,7.380096e-06
/home/share/Uni_Eval/HAM10000_clean/ISIC2018/ISIC_0032283.jpg,2,4,0.14730252,0.017320026,0.07406836,0.005535813,0.41312012,0.34248862,0.00016457535
/home/share/Uni_Eval/HAM10000_clean/ISIC2018/ISIC_0031624.jpg,2,4,0.11097806,0.118135534,0.12575462,0.00925309,0.5052016,0.1297465,0.00093060767
/home/share/Uni_Eval/HAM10000_clean/ISIC2018/ISIC_0029060.jpg,2,5,0.2353126,0.06741818,0.05417203,0.01413162,0.27510828,0.353246,0.00061127386
/home/share/Uni_Eval/HAM10000_clean/ISIC2018/ISIC_0032306.jpg,2,5,0.27235967,0.02494064,0.080509365,0.03862882,0.11714044,0.46329942,0.003121687
/home/share/Uni_Eval/HAM10000_clean/ISIC2018/ISIC_0027957.jpg,2,5,0.017618584,0.08672172,0.010196855,0.0013375364,0.32728434,0.55672944,0.00011152064
/home/share/Uni_Eval/HAM10000_clean/ISIC2018/ISIC_0032382.jpg,2,5,0.10672555,0.094184965,0.04380008,0.0014987561,0.29011014,0.46359465,8.588557e-05
/home/share/Uni_Eval/HAM10000_clean/ISIC2018/ISIC_0029674.jpg,2,4,0.07966966,0.03763328,0.042644095,0.014508923,0.5195114,0.305405,0.0006275944
/home/share/Uni_Eval/HAM10000_clean/ISIC2018/ISIC_0024623.jpg,2,0,0.53081447,0.07296921,0.1260795,0.10130772,0.055080056,0.102903076,0.010845905
/home/share/Uni_Eval/HAM10000_clean/ISIC2018/ISIC_0032929.jpg,2,5,0.12277644,0.0148944715,0.045878205,0.15764809,0.1171541,0.30865994,0.23298874
/home/share/Uni_Eval/HAM10000_clean/ISIC2018/ISIC_0033900.jpg,2,4,0.068681315,0.021276481,0.025266448,0.0060013076,0.54022044,0.33806133,0.0004926173
/home/share/Uni_Eval/HAM10000_clean/ISIC2018/ISIC_0030276.jpg,2,5,0.1925967,0.0697539,0.17812283,0.025263188,0.11322176,0.42066985,0.0003717991
/home/share/Uni_Eval/HAM10000_clean/ISIC2018/ISIC_0033465.jpg,2,5,0.06300865,0.004221317,0.00966269,0.013415316,0.17671214,0.73245144,0.00052835967
/home/share/Uni_Eval/HAM10000_clean/ISIC2018/ISIC_0029683.jpg,2,4,0.042547688,0.02424294,0.010757741,0.0009254274,0.79036945,0.13105609,0.00010063557
/home/share/Uni_Eval/HAM10000_clean/ISIC2018/ISIC_0032514.jpg,2,5,0.047749855,0.121933535,0.05942566,0.007097383,0.25019136,0.51335937,0.00024285908
/home/share/Uni_Eval/HAM10000_clean/ISIC2018/ISIC_0033910.jpg,2,1,0.15658821,0.2880098,0.054115437,0.0069883503,0.23142238,0.2622359,0.00063994026
/home/share/Uni_Eval/HAM10000_clean/ISIC2018/ISIC_0033212.jpg,2,2,0.22879744,0.037938334,0.5076093,0.0035288148,0.08959836,0.1324178,0.000109943576
/home/share/Uni_Eval/HAM10000_clean/ISIC2018/ISIC_0033601.jpg,2,4,0.09263691,0.13269626,0.04241227,0.0018928103,0.5674699,0.16258286,0.00030899278
/home/share/Uni_Eval/HAM10000_clean/ISIC2018/ISIC_0033677.jpg,2,0,0.31790593,0.15985315,0.09695583,0.1928197,0.07669838,0.14554794,0.01021907
/home/share/Uni_Eval/HAM10000_clean/ISIC2018/ISIC_0033262.jpg,2,5,0.08611226,0.11057033,0.043299966,0.019516824,0.10387122,0.63628834,0.00034109366
/home/share/Uni_Eval/HAM10000_clean/ISIC2018/ISIC_0032570.jpg,2,5,0.05025524,0.074272424,0.064529,0.1047409,0.16222589,0.52367157,0.02030495
/home/share/Uni_Eval/HAM10000_clean/ISIC2018/ISIC_0033264.jpg,2,4,0.03920878,0.03920878,0.013980322,0.003071069,0.57616884,0.3282911,7.1104885e-05
/home/share/Uni_Eval/HAM10000_clean/ISIC2018/ISIC_0032665.jpg,2,4,0.17791696,0.33239263,0.12616202,0.00306123,0.33762705,0.021583775,0.0012563264
/home/share/Uni_Eval/HAM10000_clean/ISIC2018/ISIC_0033587.jpg,2,5,0.08746895,0.034253336,0.06812089,0.29590368,0.14878972,0.34594643,0.019516964
/home/share/Uni_Eval/HAM10000_clean/ISIC2018/ISIC_0032675.jpg,2,5,0.08384189,0.0139023485,0.0434966,0.29724532,0.20429349,0.34751496,0.009705403
/home/share/Uni_Eval/HAM10000_clean/ISIC2018/ISIC_0033449.jpg,2,4,0.1332332,0.042583894,0.040003866,0.14182602,0.31960985,0.31960985,0.003133345
/home/share/Uni_Eval/HAM10000_clean/ISIC2018/ISIC_0033758.jpg,2,2,0.11847661,0.078922436,0.42665064,0.018455097,0.18350017,0.17238244,0.0016125883
/home/share/Uni_Eval/HAM10000_clean/ISIC2018/ISIC_0032876.jpg,2,4,0.07867441,0.29231092,0.061271697,0.01000233,0.32104072,0.2348784,0.0018215595
/home/share/Uni_Eval/HAM10000_clean/ISIC2018/ISIC_0025157.jpg,2,0,0.35987103,0.016060626,0.08819019,0.05518801,0.2397258,0.2397258,0.0012384624
/home/share/Uni_Eval/HAM10000_clean/ISIC2018/ISIC_0026060.jpg,2,0,0.24227214,0.21380441,0.1446673,0.026345873,0.22759362,0.1446673,0.00064933056
/home/share/Uni_Eval/HAM10000_clean/ISIC2018/ISIC_0029394.jpg,2,5,0.050826974,0.0032492594,0.019291744,0.13816203,0.34195432,0.43907803,0.007437629
/home/share/Uni_Eval/HAM10000_clean/ISIC2018/ISIC_0026844.jpg,2,1,0.21345839,0.23080356,0.14219394,0.09180731,0.16112685,0.15374833,0.0068616094
/home/share/Uni_Eval/HAM10000_clean/ISIC2018/ISIC_0027374.jpg,2,5,0.030794093,0.064180404,0.03278014,0.04622741,0.27020958,0.55443406,0.0013743048
/home/share/Uni_Eval/HAM10000_clean/ISIC2018/ISIC_0025507.jpg,2,5,0.02553189,0.010315817,0.010810883,0.036572747,0.3524569,0.5632245,0.0010872791
/home/share/Uni_Eval/HAM10000_clean/ISIC2018/ISIC_0028336.jpg,2,5,0.1326958,0.038616676,0.11174106,0.03355075,0.07800783,0.60406643,0.00132139
/home/share/Uni_Eval/HAM10000_clean/ISIC2018/ISIC_0025838.jpg,2,4,0.12654231,0.023776596,0.13261521,0.17568661,0.34939453,0.1650423,0.026942415
/home/share/Uni_Eval/HAM10000_clean/ISIC2018/ISIC_0027780.jpg,2,5,0.09164886,0.009362522,0.07597959,0.029754033,0.2651948,0.5274028,0.0006573522
/home/share/Uni_Eval/HAM10000_clean/ISIC2018/ISIC_0024592.jpg,2,3,0.1551903,0.08981726,0.1551903,0.27665666,0.08437551,0.18429308,0.05447692
/home/share/Uni_Eval/HAM10000_clean/ISIC2018/ISIC_0030721.jpg,2,5,0.10812193,0.22534545,0.12640734,0.018210702,0.20841047,0.31286117,0.0006429164
/home/share/Uni_Eval/HAM10000_clean/ISIC2018/ISIC_0032168.jpg,2,0,0.3483758,0.080200665,0.15949808,0.03558883,0.23572288,0.13857432,0.0020394023
/home/share/Uni_Eval/HAM10000_clean/ISIC2018/ISIC_0024505.jpg,2,5,0.12834655,0.025272934,0.047216054,0.021281945,0.16480023,0.61230713,0.00077519467
/home/share/Uni_Eval/HAM10000_clean/ISIC2018/ISIC_0024626.jpg,2,3,0.28179592,0.047462184,0.19982325,0.2999702,0.040596552,0.11564881,0.014703097
/home/share/Uni_Eval/HAM10000_clean/ISIC2018/ISIC_0024971.jpg,2,4,0.19865182,0.17807034,0.08026258,0.15231161,0.27580073,0.09833978,0.016563121
/home/share/Uni_Eval/HAM10000_clean/ISIC2018/ISIC_0025485.jpg,2,3,0.09670811,0.02685487,0.21793507,0.38248798,0.042248644,0.228394,0.0053713126
/home/share/Uni_Eval/HAM10000_clean/ISIC2018/ISIC_0028856.jpg,2,5,0.15171993,0.05003192,0.14252767,0.038964897,0.27472928,0.34190613,0.00012020114
/home/share/Uni_Eval/HAM10000_clean/ISIC2018/ISIC_0030095.jpg,2,5,0.09607205,0.02143657,0.16342406,0.11057824,0.23778059,0.3625721,0.008136405
/home/share/Uni_Eval/HAM10000_clean/ISIC2018/ISIC_0024883.jpg,2,4,0.053845435,0.15580693,0.023893766,0.005248764,0.4508423,0.3098591,0.00050370855
/home/share/Uni_Eval/HAM10000_clean/ISIC2018/ISIC_0027295.jpg,2,5,0.070373416,0.010297907,0.08488655,0.16881706,0.07491211,0.5892294,0.0014835541
/home/share/Uni_Eval/HAM10000_clean/ISIC2018/ISIC_0032156.jpg,2,4,0.087528415,0.054773886,0.026280796,0.07256361,0.41110083,0.33553073,0.012221706
/home/share/Uni_Eval/HAM10000_clean/ISIC2018/ISIC_0030783.jpg,2,4,0.017980317,0.035758127,0.018843208,0.0844494,0.5593512,0.27689892,0.006718753
/home/share/Uni_Eval/HAM10000_clean/ISIC2018/ISIC_0030459.jpg,2,0,0.24844031,0.08721076,0.11374427,0.24844031,0.1996274,0.094297305,0.008239607
/home/share/Uni_Eval/HAM10000_clean/ISIC2018/ISIC_0026861.jpg,2,5,0.06833169,0.060302503,0.028484888,0.03773634,0.26606715,0.5374704,0.0016070075
/home/share/Uni_Eval/HAM10000_clean/ISIC2018/ISIC_0030208.jpg,2,0,0.33792886,0.045733698,0.25508207,0.011930348,0.116785094,0.23225488,0.00028499332
/home/share/Uni_Eval/HAM10000_clean/ISIC2018/ISIC_0030723.jpg,2,0,0.28416795,0.18636188,0.14067332,0.021238497,0.18929666,0.17782776,0.0004339571
/home/share/Uni_Eval/HAM10000_clean/ISIC2018/ISIC_0027969.jpg,2,5,0.050711494,0.04475274,0.034853466,0.049151264,0.26570922,0.5537856,0.0010361663
/home/share/Uni_Eval/HAM10000_clean/ISIC2018/ISIC_0031851.jpg,2,1,0.12347475,0.33563912,0.060176782,0.0028588276,0.30086496,0.1768694,0.00011616851
/home/share/Uni_Eval/HAM10000_clean/ISIC2018/ISIC_0029420.jpg,2,5,0.05863791,0.010846923,0.023691857,0.048612535,0.1644541,0.69237757,0.0013790316
/home/share/Uni_Eval/HAM10000_clean/ISIC2018/ISIC_0024381.jpg,2,5,0.22390024,0.08632122,0.08109129,0.14914972,0.17437367,0.2830364,0.0021275063
/home/share/Uni_Eval/HAM10000_clean/ISIC2018/ISIC_0029991.jpg,2,4,0.10394513,0.19118436,0.10558202,0.23061235,0.24167965,0.10893356,0.018062953
/home/share/Uni_Eval/HAM10000_clean/ISIC2018/ISIC_0031168.jpg,2,0,0.45692506,0.045954164,0.08321224,0.14834185,0.078170665,0.08857896,0.09881698
/home/share/Uni_Eval/HAM10000_clean/ISIC2018/ISIC_0024547.jpg,2,4,0.054963727,0.0122640645,0.027637497,0.037190318,0.46020564,0.40613005,0.0016086953
/home/share/Uni_Eval/HAM10000_clean/ISIC2018/ISIC_0029897.jpg,2,2,0.30514973,0.16080262,0.36808085,0.023165813,0.046070725,0.096019626,0.0007105632
/home/share/Uni_Eval/HAM10000_clean/ISIC2018/ISIC_0027006.jpg,2,2,0.3722232,0.11896968,0.38403884,0.023063324,0.035721175,0.06468269,0.0013011438
/home/share/Uni_Eval/HAM10000_clean/ISIC2018/ISIC_0028881.jpg,2,5,0.14011759,0.076180615,0.091891356,0.1827478,0.194534,0.23834805,0.076180615
/home/share/Uni_Eval/HAM10000_clean/ISIC2018/ISIC_0029311.jpg,2,5,0.029432112,0.00699074,0.019914763,0.18894601,0.099567555,0.649262,0.0058867927
/home/share/Uni_Eval/HAM10000_clean/ISIC2018/ISIC_0025973.jpg,2,5,0.08828517,0.0040021115,0.0200093,0.098489225,0.25948456,0.5241732,0.0055563822
/home/share/Uni_Eval/HAM10000_clean/ISIC2018/ISIC_0031580.jpg,2,0,0.295725,0.026660414,0.058231696,0.11763127,0.295725,0.17936626,0.026660414
/home/share/Uni_Eval/HAM10000_clean/ISIC2018/ISIC_0028389.jpg,2,5,0.05081256,0.07747991,0.040196046,0.13387327,0.18014619,0.5131887,0.0043033496
/home/share/Uni_Eval/HAM10000_clean/ISIC2018/ISIC_0028750.jpg,2,0,0.3745303,0.021129554,0.14666817,0.23074141,0.08895875,0.1335429,0.004428995
/home/share/Uni_Eval/HAM10000_clean/ISIC2018/ISIC_0026378.jpg,2,5,0.30370814,0.01972116,0.08174194,0.14801553,0.13062324,0.31334886,0.0028411024
/home/share/Uni_Eval/HAM10000_clean/ISIC2018/ISIC_0030683.jpg,2,5,0.09021126,0.044657815,0.053867605,0.048286606,0.30998668,0.45102793,0.0019621274
/home/share/Uni_Eval/HAM10000_clean/ISIC2018/ISIC_0025883.jpg,2,5,0.06446837,0.06248489,0.055142716,0.016817579,0.14989345,0.65110743,8.553537e-05
/home/share/Uni_Eval/HAM10000_clean/ISIC2018/ISIC_0031050.jpg,2,3,0.03466834,0.017706858,0.10350055,0.49377355,0.09876092,0.24443562,0.007154217
/home/share/Uni_Eval/HAM10000_clean/ISIC2018/ISIC_0026316.jpg,2,4,0.13935131,0.01276074,0.07458939,0.22975148,0.35584605,0.17893063,0.00877032
/home/share/Uni_Eval/HAM10000_clean/ISIC2018/ISIC_0031522.jpg,2,5,0.18338127,0.12603599,0.09663514,0.10950195,0.20457658,0.27101994,0.008849114
/home/share/Uni_Eval/HAM10000_clean/ISIC2018/ISIC_0032024.jpg,2,5,0.21830346,0.023739401,0.05968085,0.030962018,0.29375944,0.3713467,0.0022081083
/home/share/Uni_Eval/HAM10000_clean/ISIC2018/ISIC_0025374.jpg,2,5,0.021492107,0.023238506,0.034885127,0.054882012,0.39304957,0.46675786,0.0056948406
/home/share/Uni_Eval/HAM10000_clean/ISIC2018/ISIC_0026365.jpg,2,5,0.028303945,0.13503057,0.012958491,0.018274402,0.36136058,0.44274822,0.0013237932
/home/share/Uni_Eval/HAM10000_clean/ISIC2018/ISIC_0028656.jpg,2,4,0.08605666,0.036438677,0.023526581,0.030684445,0.42358568,0.39792192,0.0017860489
/home/share/Uni_Eval/HAM10000_clean/ISIC2018/ISIC_0031716.jpg,2,4,0.26770982,0.11514055,0.061630297,0.08164688,0.28497562,0.17556837,0.013328487
/home/share/Uni_Eval/HAM10000_clean/ISIC2018/ISIC_0027893.jpg,2,5,0.009820917,0.0045671505,0.034278367,0.32522407,0.15124325,0.4308519,0.04401429
/home/share/Uni_Eval/HAM10000_clean/ISIC2018/ISIC_0030318.jpg,2,5,0.055134162,0.026043536,0.037893124,0.02298334,0.36518154,0.4914055,0.001358858
/home/share/Uni_Eval/HAM10000_clean/ISIC2018/ISIC_0028749.jpg,2,5,0.10713007,0.08881395,0.09163321,0.08881395,0.22327824,0.3980365,0.0022939926
/home/share/Uni_Eval/HAM10000_clean/ISIC2018/ISIC_0026961.jpg,2,5,0.09094046,0.0319231,0.025650933,0.09382722,0.12430086,0.6312519,0.002105557
/home/share/Uni_Eval/HAM10000_clean/ISIC2018/ISIC_0025040.jpg,2,4,0.009608529,0.29891255,0.0046102228,0.0038821963,0.4349152,0.2478072,0.00026418676
/home/share/Uni_Eval/HAM10000_clean/ISIC2018/ISIC_0026704.jpg,2,5,0.18091768,0.17811282,0.10973213,0.067604,0.14089884,0.2936584,0.029076118
/home/share/Uni_Eval/HAM10000_clean/ISIC2018/ISIC_0029302.jpg,2,5,0.08995675,0.05992412,0.08995675,0.013163581,0.14152184,0.60521215,0.00026479588
/home/share/Uni_Eval/HAM10000_clean/ISIC2018/ISIC_0030310.jpg,2,5,0.18015906,0.018694235,0.042791527,0.07870567,0.105910055,0.57254434,0.0011950824
/home/share/Uni_Eval/HAM10000_clean/ISIC2018/ISIC_0028229.jpg,2,3,0.090405904,0.1662819,0.06022331,0.2535496,0.17426193,0.2457487,0.009528712
/home/share/Uni_Eval/HAM10000_clean/ISIC2018/ISIC_0025068.jpg,2,4,0.18136773,0.012150878,0.029607465,0.122719534,0.38395545,0.2557695,0.014429527
/home/share/Uni_Eval/HAM10000_clean/ISIC2018/ISIC_0028943.jpg,2,5,0.09767451,0.16103804,0.034286976,0.008805624,0.061123148,0.63691777,0.00015389506
/home/share/Uni_Eval/HAM10000_clean/ISIC2018/ISIC_0031980.jpg,2,3,0.24335057,0.05690471,0.048673175,0.42709357,0.04644427,0.1725614,0.0049722786
/home/share/Uni_Eval/HAM10000_clean/ISIC2018/ISIC_0028611.jpg,2,4,0.17106807,0.16580486,0.11942477,0.00323268,0.34020948,0.19999883,0.0002612406
/home/share/Uni_Eval/HAM10000_clean/ISIC2018/ISIC_0027509.jpg,2,5,0.1195349,0.03478664,0.11585721,0.20018327,0.04608481,0.48021474,0.0033383726
/home/share/Uni_Eval/HAM10000_clean/ISIC2018/ISIC_0030240.jpg,2,3,0.117664695,0.031178039,0.07136724,0.5031881,0.039412737,0.2340042,0.0031850373
/home/share/Uni_Eval/HAM10000_clean/ISIC2018/ISIC_0026871.jpg,2,5,0.088857844,0.032688975,0.046098843,0.013841383,0.21992531,0.5978189,0.00076877105
/home/share/Uni_Eval/HAM10000_clean/ISIC2018/ISIC_0027859.jpg,2,5,0.068720184,0.0056408965,0.019383417,0.0248888,0.18680082,0.69404924,0.0005165506
/home/share/Uni_Eval/HAM10000_clean/ISIC2018/ISIC_0029329.jpg,2,4,0.0951277,0.047091626,0.07643726,0.06141906,0.4984335,0.22117853,0.00031238157
/home/share/Uni_Eval/HAM10000_clean/ISIC2018/ISIC_0028913.jpg,2,5,0.08324573,0.08588824,0.17080916,0.061862983,0.19355214,0.4033973,0.001244423
/home/share/Uni_Eval/HAM10000_clean/ISIC2018/ISIC_0028165.jpg,2,5,0.23849244,0.006557356,0.06030033,0.036574,0.10257432,0.5545115,0.0009900128
/home/share/Uni_Eval/HAM10000_clean/ISIC2018/ISIC_0031465.jpg,2,5,0.057654332,0.0016355277,0.013694105,0.014806858,0.090703,0.82115793,0.00034822393
/home/share/Uni_Eval/HAM10000_clean/ISIC2018/ISIC_0031000.jpg,2,5,0.17115775,0.02427533,0.049037516,0.044649165,0.12136902,0.42361948,0.16589177
/home/share/Uni_Eval/HAM10000_clean/ISIC2018/ISIC_0026276.jpg,2,5,0.14783709,0.032986905,0.08037762,0.015581912,0.15493192,0.56671745,0.0015671141
/home/share/Uni_Eval/HAM10000_clean/ISIC2018/ISIC_0027435.jpg,2,5,0.031444214,0.006191733,0.03244236,0.0025016863,0.21155077,0.715667,0.00020216724
/home/share/Uni_Eval/HAM10000_clean/ISIC2018/ISIC_0028294.jpg,2,3,0.18516509,0.0018438817,0.03646117,0.60713303,0.07481346,0.07840384,0.016179547
/home/share/Uni_Eval/HAM10000_clean/ISIC2018/ISIC_0026803.jpg,2,5,0.06547567,0.0062835105,0.045000732,0.02262779,0.061508708,0.797657,0.001446546
/home/share/Uni_Eval/HAM10000_clean/ISIC2018/ISIC_0026016.jpg,2,5,0.09779818,0.01149924,0.039514035,0.09628196,0.21697475,0.52869195,0.009239899
/home/share/Uni_Eval/HAM10000_clean/ISIC2018/ISIC_0029505.jpg,2,5,0.0788133,0.00404844,0.030863728,0.02223031,0.0788133,0.78364545,0.0015853919
/home/share/Uni_Eval/HAM10000_clean/ISIC2018/ISIC_0026069.jpg,2,5,0.064682275,0.01972698,0.033556726,0.0053930557,0.280967,0.59480715,0.000866743
/home/share/Uni_Eval/HAM10000_clean/ISIC2018/ISIC_0031528.jpg,2,5,0.13417074,0.022247689,0.05506356,0.020899769,0.21440423,0.5475004,0.0057136794
/home/share/Uni_Eval/HAM10000_clean/ISIC2018/ISIC_0028490.jpg,2,5,0.13856196,0.11851833,0.058670834,0.01249174,0.20160648,0.46874908,0.0014015344
/home/share/Uni_Eval/HAM10000_clean/ISIC2018/ISIC_0031987.jpg,2,0,0.40032047,0.03497961,0.13834706,0.034437303,0.25051415,0.1405257,0.0008756975
/home/share/Uni_Eval/HAM10000_clean/ISIC2018/ISIC_0026631.jpg,2,0,0.41067442,0.033710208,0.0610413,0.19398886,0.08881457,0.19704373,0.0147269
/home/share/Uni_Eval/HAM10000_clean/ISIC2018/ISIC_0025710.jpg,2,5,0.3218407,0.04424232,0.20779596,0.018733375,0.05336642,0.35347286,0.0005482942
/home/share/Uni_Eval/HAM10000_clean/ISIC2018/ISIC_0030123.jpg,2,4,0.12481468,0.16278903,0.058044214,0.0015711848,0.47104564,0.18160428,0.0001310017
/home/share/Uni_Eval/HAM10000_clean/ISIC2018/ISIC_0029872.jpg,2,4,0.06278072,0.0336041,0.05806268,0.0067212423,0.74129456,0.097236685,0.00029996128
/home/share/Uni_Eval/HAM10000_clean/ISIC2018/ISIC_0026530.jpg,2,5,0.10890738,0.015689595,0.046114285,0.078443035,0.20992446,0.5360609,0.0048604095
/home/share/Uni_Eval/HAM10000_clean/ISIC2018/ISIC_0032498.jpg,2,5,0.1168113,0.011748022,0.04297248,0.025660038,0.12829213,0.67220265,0.0023133226
/home/share/Uni_Eval/HAM10000_clean/ISIC2018/ISIC_0029778.jpg,2,5,0.10546043,0.013407789,0.043962453,0.009657269,0.21979843,0.6068829,0.0008307602
/home/share/Uni_Eval/HAM10000_clean/ISIC2018/ISIC_0029555.jpg,2,5,0.14845264,0.031117367,0.061884273,0.010423011,0.35611936,0.3911206,0.0008827317
/home/share/Uni_Eval/HAM10000_clean/ISIC2018/ISIC_0030173.jpg,2,5,0.19313343,0.06886384,0.08050998,0.023066496,0.2558602,0.37813687,0.00042913068
/home/share/Uni_Eval/HAM10000_clean/ISIC2018/ISIC_0029012.jpg,2,5,0.17092253,0.025405366,0.110355884,0.028788054,0.13734013,0.52647847,0.0007095215
/home/share/Uni_Eval/HAM10000_clean/ISIC2018/ISIC_0032170.jpg,2,4,0.04935186,0.00805647,0.023679283,0.024430944,0.4609781,0.43304884,0.00045451496
/home/share/Uni_Eval/HAM10000_clean/ISIC2018/ISIC_0033460.jpg,2,0,0.27629673,0.09851664,0.07916035,0.18405333,0.10652189,0.25157106,0.0038800596
/home/share/Uni_Eval/HAM10000_clean/ISIC2018/ISIC_0033199.jpg,2,5,0.15173858,0.01048855,0.03660864,0.048498563,0.09796979,0.6489036,0.005792327
/home/share/Uni_Eval/HAM10000_clean/ISIC2018/ISIC_0028411.jpg,2,4,0.08794587,0.16689195,0.036661293,0.008572819,0.5916833,0.10775354,0.0004912616
/home/share/Uni_Eval/HAM10000_clean/ISIC2018/ISIC_0032681.jpg,2,3,0.107298,0.025886847,0.08895318,0.36870065,0.09469016,0.3056636,0.008807557
/home/share/Uni_Eval/HAM10000_clean/ISIC2018/ISIC_0033509.jpg,2,5,0.079204544,0.043062765,0.065662876,0.04045372,0.35497013,0.4150021,0.0016438378
/home/share/Uni_Eval/HAM10000_clean/ISIC2018/ISIC_0032636.jpg,2,4,0.02360364,0.045497205,0.011503495,0.001156937,0.6480066,0.27012935,0.00010268399
/home/share/Uni_Eval/HAM10000_clean/ISIC2018/ISIC_0034167.jpg,2,4,0.02712696,0.07849447,0.011132882,0.00072290894,0.49610028,0.38636327,5.933998e-05
/home/share/Uni_Eval/HAM10000_clean/ISIC2018/ISIC_0032271.jpg,2,5,0.060162608,0.033224948,0.02754445,0.06817316,0.30553094,0.50373536,0.0016285271
/home/share/Uni_Eval/HAM10000_clean/ISIC2018/ISIC_0027142.jpg,2,2,0.12502457,0.090051815,0.26884505,0.094373494,0.13947499,0.26884505,0.013385007
/home/share/Uni_Eval/HAM10000_clean/ISIC2018/ISIC_0031396.jpg,2,4,0.101817206,0.04885243,0.11719089,0.047349397,0.46349895,0.21554704,0.005744134
/home/share/Uni_Eval/HAM10000_clean/ISIC2018/ISIC_0027370.jpg,2,4,0.197127,0.18518367,0.06399777,0.011474167,0.41731787,0.11956357,0.005335983
/home/share/Uni_Eval/HAM10000_clean/ISIC2018/ISIC_0026566.jpg,2,1,0.17122719,0.26109028,0.15110746,0.09909869,0.12724523,0.18514071,0.0050904504
/home/share/Uni_Eval/HAM10000_clean/ISIC2018/ISIC_0031511.jpg,2,4,0.1597622,0.13665186,0.12638229,0.0063912924,0.3031754,0.26755133,8.564336e-05
/home/share/Uni_Eval/HAM10000_clean/ISIC2018/ISIC_0030316.jpg,2,5,0.090729706,0.048564114,0.078827344,0.10442926,0.14052494,0.52211344,0.01481122
/home/share/Uni_Eval/HAM10000_clean/ISIC2018/ISIC_0029345.jpg,2,4,0.2409822,0.07012981,0.08592485,0.012378649,0.55161375,0.037537787,0.0014329324
/home/share/Uni_Eval/HAM10000_clean/ISIC2018/ISIC_0026846.jpg,2,0,0.47485402,0.026789432,0.34202453,0.09799166,0.042145688,0.0104908915,0.005703799
/home/share/Uni_Eval/HAM10000_clean/ISIC2018/ISIC_0032460.jpg,2,0,0.27156207,0.27156207,0.1302969,0.025259206,0.25510895,0.0450294,0.0011813889
/home/share/Uni_Eval/HAM10000_clean/ISIC2018/ISIC_0027025.jpg,2,0,0.5665454,0.029560301,0.13042617,0.18682687,0.05522591,0.02196735,0.009448039
/home/share/Uni_Eval/HAM10000_clean/ISIC2018/ISIC_0030088.jpg,2,5,0.11277397,0.009113533,0.038369413,0.07512366,0.2747909,0.4822731,0.0075553847
/home/share/Uni_Eval/HAM10000_clean/ISIC2018/ISIC_0025392.jpg,2,4,0.20634407,0.03530131,0.13745478,0.028812086,0.46500355,0.125154,0.0019302896
/home/share/Uni_Eval/HAM10000_clean/ISIC2018/ISIC_0026783.jpg,2,5,0.08733955,0.029715786,0.045311164,0.018023534,0.3454346,0.47215316,0.0020221844
/home/share/Uni_Eval/HAM10000_clean/ISIC2018/ISIC_0025330.jpg,2,5,0.22507286,0.035059586,0.056907326,0.11495597,0.24719417,0.31248268,0.008327382
/home/share/Uni_Eval/HAM10000_clean/ISIC2018/ISIC_0027275.jpg,2,4,0.03057196,0.03305617,0.030097986,0.007261477,0.57685053,0.3185671,0.0035946916
/home/share/Uni_Eval/HAM10000_clean/ISIC2018/ISIC_0029233.jpg,2,4,0.13388664,0.10927508,0.075103596,0.033851843,0.52132225,0.123824894,0.002735648
/home/share/Uni_Eval/HAM10000_clean/ISIC2018/ISIC_0032359.jpg,2,4,0.12326679,0.14187919,0.08340647,0.018037915,0.49520704,0.13751402,0.0006885626
/home/share/Uni_Eval/HAM10000_clean/ISIC2018/ISIC_0029048.jpg,2,4,0.20556585,0.04882617,0.19924125,0.017409505,0.44899708,0.07925269,0.0007074356
/home/share/Uni_Eval/HAM10000_clean/ISIC2018/ISIC_0028925.jpg,2,3,0.24534427,0.031192023,0.093122184,0.2737013,0.11589243,0.22690636,0.013841376
/home/share/Uni_Eval/HAM10000_clean/ISIC2018/ISIC_0027008.jpg,3,4,0.101590104,0.104814924,0.032981478,0.0032149795,0.44823655,0.3080682,0.0010938417
/home/share/Uni_Eval/HAM10000_clean/ISIC2018/ISIC_0032468.jpg,3,4,0.19266433,0.24738587,0.08031444,0.0062907124,0.3078767,0.16479453,0.00067347754
/home/share/Uni_Eval/HAM10000_clean/ISIC2018/ISIC_0030555.jpg,3,5,0.12394026,0.122018754,0.17753623,0.018422075,0.1747838,0.3817629,0.0015359893
/home/share/Uni_Eval/HAM10000_clean/ISIC2018/ISIC_0030244.jpg,3,5,0.07545383,0.18969092,0.18969092,0.0066969083,0.06870149,0.46948954,0.00027641442
/home/share/Uni_Eval/HAM10000_clean/ISIC2018/ISIC_0025668.jpg,3,4,0.10570906,0.09041774,0.038888186,0.010631439,0.45206028,0.3011371,0.0011561153
/home/share/Uni_Eval/HAM10000_clean/ISIC2018/ISIC_0033790.jpg,3,4,0.2695362,0.16348195,0.064020455,0.014970441,0.28691977,0.20030227,0.0007689938
/home/share/Uni_Eval/HAM10000_clean/ISIC2018/ISIC_0029039.jpg,3,0,0.30067003,0.035909917,0.14884245,0.048322074,0.28245336,0.1823656,0.0014365774
/home/share/Uni_Eval/HAM10000_clean/ISIC2018/ISIC_0027107.jpg,3,3,0.2056259,0.0884386,0.15280819,0.2766999,0.043101534,0.22583589,0.0074899234
/home/share/Uni_Eval/HAM10000_clean/ISIC2018/ISIC_0024973.jpg,3,4,0.21319963,0.0960966,0.19717743,0.023549486,0.24539126,0.22343129,0.0011542826
/home/share/Uni_Eval/HAM10000_clean/ISIC2018/ISIC_0025622.jpg,3,5,0.047485214,0.055515833,0.023877064,0.0045570177,0.21281394,0.6555131,0.00023776876
/home/share/Uni_Eval/HAM10000_clean/ISIC2018/ISIC_0033626.jpg,3,5,0.029891046,0.029427629,0.026794162,0.0155072715,0.2880644,0.6098323,0.00048314378
/home/share/Uni_Eval/HAM10000_clean/ISIC2018/ISIC_0033891.jpg,3,5,0.03035729,0.109320804,0.04486517,0.00519352,0.12982166,0.68021685,0.00022464962
/home/share/Uni_Eval/HAM10000_clean/ISIC2018/ISIC_0033005.jpg,3,5,0.0672409,0.15391594,0.05319193,0.016737584,0.3258401,0.38094562,0.002127945
/home/share/Uni_Eval/HAM10000_clean/ISIC2018/ISIC_0033847.jpg,3,5,0.09464814,0.02213237,0.06607504,0.019839326,0.20673054,0.5889205,0.0016541565
/home/share/Uni_Eval/HAM10000_clean/ISIC2018/ISIC_0026471.jpg,3,5,0.08726642,0.02040624,0.050505925,0.06188116,0.20290051,0.5690485,0.007991198
/home/share/Uni_Eval/HAM10000_clean/ISIC2018/ISIC_0026629.jpg,3,5,0.11313881,0.07775908,0.049426682,0.060558837,0.24711786,0.44747266,0.004526122
/home/share/Uni_Eval/HAM10000_clean/ISIC2018/ISIC_0025771.jpg,3,5,0.05778288,0.09676812,0.05778288,0.012693214,0.09233678,0.6822817,0.00035449627
/home/share/Uni_Eval/HAM10000_clean/ISIC2018/ISIC_0030623.jpg,4,4,0.044604357,0.09442742,0.027912693,0.0009854386,0.6157441,0.21614653,0.0001794617
/home/share/Uni_Eval/HAM10000_clean/ISIC2018/ISIC_0032396.jpg,4,4,0.048331823,0.028860252,0.020464985,0.0027696344,0.5531285,0.34613895,0.00030592672
/home/share/Uni_Eval/HAM10000_clean/ISIC2018/ISIC_0028445.jpg,4,4,0.047149375,0.08947379,0.0088591045,0.00283154,0.692855,0.15703139,0.0017998363
/home/share/Uni_Eval/HAM10000_clean/ISIC2018/ISIC_0029512.jpg,4,5,0.04376511,0.0038843742,0.041760955,0.009613918,0.20555463,0.69538236,3.868075e-05
/home/share/Uni_Eval/HAM10000_clean/ISIC2018/ISIC_0028579.jpg,4,5,0.029892307,0.0225639,0.010170345,0.0010228585,0.44618165,0.4900347,0.00013416984
/home/share/Uni_Eval/HAM10000_clean/ISIC2018/ISIC_0031953.jpg,4,4,0.033626158,0.10038916,0.012964039,0.0008418144,0.7417812,0.11025593,0.00014178467
/home/share/Uni_Eval/HAM10000_clean/ISIC2018/ISIC_0032079.jpg,4,5,0.092979036,0.018024806,0.04531436,0.010596237,0.2449671,0.58764553,0.00047289778
/home/share/Uni_Eval/HAM10000_clean/ISIC2018/ISIC_0026150.jpg,4,4,0.061254762,0.14021355,0.022185007,0.0011219201,0.55455536,0.22058688,8.2551465e-05
/home/share/Uni_Eval/HAM10000_clean/ISIC2018/ISIC_0031642.jpg,4,4,0.037684657,0.03710041,0.011139562,0.0009886924,0.6784956,0.23448181,0.00010920843
/home/share/Uni_Eval/HAM10000_clean/ISIC2018/ISIC_0029000.jpg,4,4,0.028197164,0.15483288,0.02449812,0.001830971,0.4920579,0.2984482,0.00013472378
/home/share/Uni_Eval/HAM10000_clean/ISIC2018/ISIC_0025751.jpg,4,4,0.00833565,0.05969758,0.004324478,0.0006631802,0.6832026,0.24360342,0.0001730009
/home/share/Uni_Eval/HAM10000_clean/ISIC2018/ISIC_0026892.jpg,4,4,0.018792551,0.034564793,0.025288144,0.0005500262,0.6126756,0.30807266,5.6188714e-05
/home/share/Uni_Eval/HAM10000_clean/ISIC2018/ISIC_0028291.jpg,4,5,0.054475848,0.0315282,0.018534474,0.002248487,0.38409215,0.5088394,0.00028143113
/home/share/Uni_Eval/HAM10000_clean/ISIC2018/ISIC_0027769.jpg,4,4,0.034367487,0.10921964,0.01839559,0.0024895724,0.5129795,0.3210144,0.0015337811
/home/share/Uni_Eval/HAM10000_clean/ISIC2018/ISIC_0030445.jpg,4,5,0.16283098,0.034131225,0.04451551,0.020064712,0.22606842,0.50945306,0.0029361164
/home/share/Uni_Eval/HAM10000_clean/ISIC2018/ISIC_0025155.jpg,4,5,0.061223384,0.06316683,0.03952879,0.01263416,0.24214318,0.58087134,0.00043231723
/home/share/Uni_Eval/HAM10000_clean/ISIC2018/ISIC_0027102.jpg,4,4,0.08126934,0.021200374,0.03335287,0.046305872,0.53828806,0.22792551,0.05165794
/home/share/Uni_Eval/HAM10000_clean/ISIC2018/ISIC_0032046.jpg,4,4,0.17286156,0.056119937,0.10649692,0.0028380468,0.4212035,0.23999451,0.00048553257
/home/share/Uni_Eval/HAM10000_clean/ISIC2018/ISIC_0029630.jpg,4,0,0.31869596,0.14142047,0.065766625,0.019746723,0.21564049,0.23683472,0.0018950354
/home/share/Uni_Eval/HAM10000_clean/ISIC2018/ISIC_0031941.jpg,4,4,0.017308826,0.022930468,0.008435648,0.004111206,0.7359899,0.21086465,0.0003592332
/home/share/Uni_Eval/HAM10000_clean/ISIC2018/ISIC_0031586.jpg,4,4,0.021405742,0.029718926,0.006427169,0.0060377666,0.6158689,0.31950858,0.00103294
/home/share/Uni_Eval/HAM10000_clean/ISIC2018/ISIC_0027261.jpg,4,5,0.051002983,0.09678666,0.09528613,0.004744017,0.14990613,0.60222685,4.724111e-05
/home/share/Uni_Eval/HAM10000_clean/ISIC2018/ISIC_0024675.jpg,4,5,0.01156743,0.04575007,0.0131076155,0.0009060311,0.37127516,0.55735,4.3720785e-05
/home/share/Uni_Eval/HAM10000_clean/ISIC2018/ISIC_0025891.jpg,4,4,0.0046942746,0.04891546,0.0018966584,0.00046479612,0.84037113,0.10355404,0.00010371003
/home/share/Uni_Eval/HAM10000_clean/ISIC2018/ISIC_0031189.jpg,4,5,0.08004345,0.03962438,0.025186788,0.0024551665,0.2793791,0.5732487,6.243181e-05
/home/share/Uni_Eval/HAM10000_clean/ISIC2018/ISIC_0034006.jpg,4,4,0.06231021,0.06329146,0.019003542,0.0011592234,0.75909376,0.09501173,0.00013006126
/home/share/Uni_Eval/HAM10000_clean/ISIC2018/ISIC_0028696.jpg,4,4,0.052431703,0.08120781,0.036603227,0.0086940285,0.5725708,0.24625966,0.0022328112
/home/share/Uni_Eval/HAM10000_clean/ISIC2018/ISIC_0028325.jpg,4,5,0.12232024,0.08810396,0.039711565,0.019053819,0.21467869,0.5149874,0.0011442708
/home/share/Uni_Eval/HAM10000_clean/ISIC2018/ISIC_0028489.jpg,4,4,0.0041394746,0.014675712,0.0026312103,0.0010144218,0.69615257,0.28127107,0.00011560731
/home/share/Uni_Eval/HAM10000_clean/ISIC2018/ISIC_0028969.jpg,4,4,0.14123979,0.06366176,0.057066035,0.010891243,0.49297532,0.23286507,0.0013007736
/home/share/Uni_Eval/HAM10000_clean/ISIC2018/ISIC_0033496.jpg,4,5,0.05047891,0.034155738,0.016646178,0.005489326,0.3908917,0.5019149,0.00042329144
/home/share/Uni_Eval/HAM10000_clean/ISIC2018/ISIC_0033573.jpg,4,4,0.13292511,0.05628403,0.03868341,0.004995492,0.525729,0.24069628,0.0006867128
/home/share/Uni_Eval/HAM10000_clean/ISIC2018/ISIC_0030828.jpg,4,4,0.16340582,0.11587208,0.038210556,0.0031365135,0.37403965,0.30528226,5.3130014e-05
/home/share/Uni_Eval/HAM10000_clean/ISIC2018/ISIC_0033931.jpg,4,5,0.22560766,0.03005931,0.06264898,0.094047256,0.10011279,0.4776114,0.009912508
/home/share/Uni_Eval/HAM10000_clean/ISIC2018/ISIC_0033268.jpg,4,5,0.045683835,0.037286058,0.022264522,0.018457938,0.37657583,0.49888194,0.00084990525
/home/share/Uni_Eval/HAM10000_clean/ISIC2018/ISIC_0033428.jpg,4,4,0.03465367,0.07110471,0.010568772,0.0016462972,0.6337494,0.24817984,9.7335025e-05
/home/share/Uni_Eval/HAM10000_clean/ISIC2018/ISIC_0033152.jpg,4,4,0.02464209,0.11217732,0.023883931,0.0045583285,0.5435958,0.29096586,0.00017674557
/home/share/Uni_Eval/HAM10000_clean/ISIC2018/ISIC_0034236.jpg,4,4,0.07100298,0.033539433,0.033539433,0.02415755,0.6632135,0.1650869,0.009460232
/home/share/Uni_Eval/HAM10000_clean/ISIC2018/ISIC_0025987.jpg,4,4,0.009346636,0.08074261,0.00964333,0.0006164775,0.5432212,0.35625315,0.00017662375
/home/share/Uni_Eval/HAM10000_clean/ISIC2018/ISIC_0032447.jpg,4,4,0.0041675493,0.0051865987,0.0024499756,0.0019686108,0.92850715,0.057531238,0.00018892184
/home/share/Uni_Eval/HAM10000_clean/ISIC2018/ISIC_0033831.jpg,4,4,0.0037594582,0.016587507,0.0017483104,0.00081303983,0.9056472,0.07093577,0.00050878734
/home/share/Uni_Eval/HAM10000_clean/ISIC2018/ISIC_0032583.jpg,4,1,0.058177195,0.32448632,0.027480958,0.00728173,0.28635818,0.29544815,0.0007674886
/home/share/Uni_Eval/HAM10000_clean/ISIC2018/ISIC_0034294.jpg,4,4,0.04370998,0.053554587,0.011225651,0.0040656617,0.71655244,0.17019613,0.0006955526
/home/share/Uni_Eval/HAM10000_clean/ISIC2018/ISIC_0032984.jpg,4,4,0.055752344,0.10915781,0.04143163,0.0020307794,0.4385262,0.3523657,0.0007354995
/home/share/Uni_Eval/HAM10000_clean/ISIC2018/ISIC_0033802.jpg,4,4,0.089389704,0.01577822,0.012877807,0.03784998,0.5828941,0.2506996,0.01051056
/home/share/Uni_Eval/HAM10000_clean/ISIC2018/ISIC_0032993.jpg,4,4,0.019755814,0.0405363,0.0072677583,0.0010972674,0.67499,0.2561973,0.00015562559
/home/share/Uni_Eval/HAM10000_clean/ISIC2018/ISIC_0033804.jpg,4,4,0.020784272,0.08750505,0.01028896,0.0010676356,0.48806396,0.3921704,0.0001197854
/home/share/Uni_Eval/HAM10000_clean/ISIC2018/ISIC_0032774.jpg,4,4,0.009872657,0.017058423,0.0062754424,0.0011791207,0.68139625,0.2840482,0.00016986846
/home/share/Uni_Eval/HAM10000_clean/ISIC2018/ISIC_0032840.jpg,4,4,0.120236695,0.31187025,0.0685088,0.00647266,0.35339528,0.13839157,0.0011247797
/home/share/Uni_Eval/HAM10000_clean/ISIC2018/ISIC_0034208.jpg,4,5,0.20942095,0.06094497,0.13105229,0.11747451,0.1485017,0.3243575,0.008248005
/home/share/Uni_Eval/HAM10000_clean/ISIC2018/ISIC_0033287.jpg,4,4,0.015459113,0.03483765,0.007652816,0.0032914348,0.61751205,0.32036105,0.0008858777
/home/share/Uni_Eval/HAM10000_clean/ISIC2018/ISIC_0033286.jpg,4,4,0.09061489,0.02941835,0.017294155,0.021522922,0.56382483,0.266332,0.010992834
/home/share/Uni_Eval/HAM10000_clean/ISIC2018/ISIC_0033175.jpg,4,4,0.06328811,0.04282288,0.044877995,0.009858387,0.43249574,0.40629217,0.00036474658
/home/share/Uni_Eval/HAM10000_clean/ISIC2018/ISIC_0033942.jpg,4,4,0.13998239,0.046888225,0.049138438,0.026716106,0.41791022,0.31545517,0.00390943
/home/share/Uni_Eval/HAM10000_clean/ISIC2018/ISIC_0032522.jpg,4,5,0.02916005,0.013350445,0.017686466,0.012347142,0.45613995,0.47061938,0.0006965781
/home/share/Uni_Eval/HAM10000_clean/ISIC2018/ISIC_0033272.jpg,4,5,0.35549173,0.033065878,0.13921256,0.018260716,0.062748015,0.39043128,0.0007898809
/home/share/Uni_Eval/HAM10000_clean/ISIC2018/ISIC_0033004.jpg,4,5,0.076759115,0.0282381,0.019713372,0.01634296,0.40852258,0.44867426,0.001749661
/home/share/Uni_Eval/HAM10000_clean/ISIC2018/ISIC_0032511.jpg,4,5,0.16960551,0.035551246,0.06641847,0.019328875,0.21777777,0.49076977,0.00054831797
/home/share/Uni_Eval/HAM10000_clean/ISIC2018/ISIC_0034085.jpg,4,4,0.01611635,0.017700348,0.005071235,0.0006447352,0.6047616,0.35552096,0.00018471971
/home/share/Uni_Eval/HAM10000_clean/ISIC2018/ISIC_0033299.jpg,4,4,0.024634935,0.01318613,0.01181997,0.007873798,0.5784867,0.36200774,0.0019908077
/home/share/Uni_Eval/HAM10000_clean/ISIC2018/ISIC_0033779.jpg,4,5,0.058940332,0.10026089,0.022024393,0.007039419,0.36105332,0.4493381,0.0013434967
/home/share/Uni_Eval/HAM10000_clean/ISIC2018/ISIC_0034065.jpg,4,5,0.0020563665,0.009215995,0.0012668907,0.00011969488,0.41714776,0.57017344,1.9847357e-05
/home/share/Uni_Eval/HAM10000_clean/ISIC2018/ISIC_0033038.jpg,4,5,0.123912,0.055851515,0.04086184,0.04150532,0.19801083,0.5382492,0.0016093359
/home/share/Uni_Eval/HAM10000_clean/ISIC2018/ISIC_0033630.jpg,4,4,0.12371125,0.29676786,0.050770987,0.004367541,0.34695676,0.17720819,0.00021744704
/home/share/Uni_Eval/HAM10000_clean/ISIC2018/ISIC_0034150.jpg,4,5,0.12833887,0.033479195,0.050258223,0.053499598,0.1205632,0.61227053,0.0015905012
/home/share/Uni_Eval/HAM10000_clean/ISIC2018/ISIC_0032915.jpg,4,1,0.20140149,0.53062224,0.078869954,0.02993566,0.10950008,0.0470954,0.0025751954
/home/share/Uni_Eval/HAM10000_clean/ISIC2018/ISIC_0028460.jpg,4,4,0.016997322,0.012631338,0.008414285,0.019871885,0.5991763,0.34140033,0.0015085982
/home/share/Uni_Eval/HAM10000_clean/ISIC2018/ISIC_0033883.jpg,4,5,0.046912428,0.052334595,0.016990555,0.016467812,0.16631901,0.70022917,0.00074651296
/home/share/Uni_Eval/HAM10000_clean/ISIC2018/ISIC_0034005.jpg,4,5,0.022813464,0.009362627,0.015926365,0.023172725,0.09604827,0.82973045,0.0029460813
/home/share/Uni_Eval/HAM10000_clean/ISIC2018/ISIC_0033872.jpg,4,5,0.05268284,0.11506988,0.033487245,0.00591085,0.13039126,0.6621815,0.00027645414
/home/share/Uni_Eval/HAM10000_clean/ISIC2018/ISIC_0032547.jpg,4,4,0.01735383,0.022633662,0.0055466173,0.00079906604,0.6411018,0.31244805,0.00011692918
/home/share/Uni_Eval/HAM10000_clean/ISIC2018/ISIC_0032806.jpg,4,5,0.079215124,0.044435658,0.019718204,0.014884082,0.26382667,0.5762504,0.0016699476
/home/share/Uni_Eval/HAM10000_clean/ISIC2018/ISIC_0033569.jpg,4,4,0.009408374,0.06844121,0.0043753,0.0017133922,0.6912317,0.22441009,0.0004198848
/home/share/Uni_Eval/HAM10000_clean/ISIC2018/ISIC_0032810.jpg,4,5,0.022186665,0.019579662,0.01206268,0.0017929572,0.25391296,0.6902069,0.0002583
/home/share/Uni_Eval/HAM10000_clean/ISIC2018/ISIC_0032517.jpg,4,4,0.037841775,0.047094848,0.013492901,0.0033065772,0.538972,0.35903278,0.00025899117
/home/share/Uni_Eval/HAM10000_clean/ISIC2018/ISIC_0034022.jpg,4,5,0.07898135,0.0853992,0.030450024,0.0024225889,0.3948819,0.40741682,0.00044813388
/home/share/Uni_Eval/HAM10000_clean/ISIC2018/ISIC_0033444.jpg,4,5,0.012100847,0.037273236,0.02260736,0.0034669507,0.11480964,0.8094868,0.00025510005
/home/share/Uni_Eval/HAM10000_clean/ISIC2018/ISIC_0032695.jpg,4,4,0.012232104,0.032227304,0.006055331,0.0021256208,0.8311531,0.116054974,0.00015159223
/home/share/Uni_Eval/HAM10000_clean/ISIC2018/ISIC_0026430.jpg,4,3,0.19041227,0.03929379,0.07574076,0.44969362,0.13930859,0.07937564,0.026175305
/home/share/Uni_Eval/HAM10000_clean/ISIC2018/ISIC_0032968.jpg,4,4,0.22428092,0.09061769,0.12385969,0.17467014,0.25020346,0.12980384,0.0065643224
/home/share/Uni_Eval/HAM10000_clean/ISIC2018/ISIC_0029265.jpg,4,4,0.1552649,0.07930156,0.053658117,0.051200937,0.49343088,0.16527864,0.001864994
/home/share/Uni_Eval/HAM10000_clean/ISIC2018/ISIC_0034205.jpg,4,4,0.023571597,0.07147998,0.018646669,0.0010196072,0.6471269,0.23806472,9.049529e-05
/home/share/Uni_Eval/HAM10000_clean/ISIC2018/ISIC_0033612.jpg,4,4,0.008466553,0.030489227,0.0031146707,0.0005584297,0.60289824,0.35442558,4.7293775e-05
/home/share/Uni_Eval/HAM10000_clean/ISIC2018/ISIC_0033616.jpg,4,5,0.013434126,0.010140612,0.008539251,0.0020601903,0.2872343,0.6783567,0.00023478694
/home/share/Uni_Eval/HAM10000_clean/ISIC2018/ISIC_0029606.jpg,4,4,0.026084231,0.04723244,0.02162459,0.004000147,0.7742974,0.12640058,0.00036062417
/home/share/Uni_Eval/HAM10000_clean/ISIC2018/ISIC_0032597.jpg,4,4,0.076096304,0.047619857,0.04268616,0.025489071,0.5892643,0.21341737,0.005426936
/home/share/Uni_Eval/HAM10000_clean/ISIC2018/ISIC_0032982.jpg,4,5,0.10935942,0.064289086,0.041508153,0.0063654818,0.2881237,0.49011493,0.00023922278
/home/share/Uni_Eval/HAM10000_clean/ISIC2018/ISIC_0033226.jpg,4,4,0.013100749,0.014165287,0.0062858085,0.0025003215,0.64116985,0.32240045,0.0003774921
/home/share/Uni_Eval/HAM10000_clean/ISIC2018/ISIC_0033670.jpg,4,4,0.014548401,0.009691324,0.005878085,0.013882181,0.6283555,0.32598653,0.0016579902
/home/share/Uni_Eval/HAM10000_clean/ISIC2018/ISIC_0034107.jpg,4,4,0.065152265,0.19149318,0.053175736,0.053175736,0.44523498,0.18852435,0.0032437404
/home/share/Uni_Eval/HAM10000_clean/ISIC2018/ISIC_0033055.jpg,4,4,0.074362054,0.06261913,0.028224653,0.0027086376,0.6838207,0.1478866,0.00037821056
/home/share/Uni_Eval/HAM10000_clean/ISIC2018/ISIC_0033061.jpg,4,4,0.07524567,0.15200044,0.06537457,0.014138242,0.5305336,0.1618036,0.0009038277
/home/share/Uni_Eval/HAM10000_clean/ISIC2018/ISIC_0033696.jpg,4,5,0.2612715,0.16868953,0.13984856,0.027110877,0.0961164,0.30545732,0.0015057785
/home/share/Uni_Eval/HAM10000_clean/ISIC2018/ISIC_0027234.jpg,4,5,0.0700172,0.01197853,0.09131965,0.1349617,0.08851004,0.5954789,0.007733921
/home/share/Uni_Eval/HAM10000_clean/ISIC2018/ISIC_0032918.jpg,4,5,0.08137618,0.044243462,0.10613455,0.0022374403,0.09513839,0.670791,7.899131e-05
/home/share/Uni_Eval/HAM10000_clean/ISIC2018/ISIC_0028520.jpg,4,4,0.011876768,0.022893071,0.005879427,0.0021969816,0.78217953,0.17452785,0.00044634382
/home/share/Uni_Eval/HAM10000_clean/ISIC2018/ISIC_0032807.jpg,4,4,0.22938132,0.016105099,0.055340823,0.023069486,0.39019078,0.28546968,0.00044281015
/home/share/Uni_Eval/HAM10000_clean/ISIC2018/ISIC_0032645.jpg,4,4,0.052144263,0.052144263,0.028796796,0.013184133,0.5025218,0.35081676,0.00039195397
/home/share/Uni_Eval/HAM10000_clean/ISIC2018/ISIC_0033807.jpg,4,4,0.15258773,0.25157464,0.059754208,0.00771653,0.34386176,0.18405594,0.0004491559
/home/share/Uni_Eval/HAM10000_clean/ISIC2018/ISIC_0033454.jpg,4,4,0.017524831,0.039492816,0.010142594,0.00048184575,0.5803427,0.35199565,1.9579811e-05
/home/share/Uni_Eval/HAM10000_clean/ISIC2018/ISIC_0032960.jpg,4,5,0.3302015,0.031197192,0.12730403,0.09609412,0.056490824,0.35703295,0.0016794278
/home/share/Uni_Eval/HAM10000_clean/ISIC2018/ISIC_0033773.jpg,4,5,0.06178378,0.057140652,0.016371071,0.00737902,0.35554108,0.5013933,0.00039107376
/home/share/Uni_Eval/HAM10000_clean/ISIC2018/ISIC_0033730.jpg,4,4,0.003790632,0.034317575,0.0019060493,0.0010526205,0.6577222,0.30112717,8.374596e-05
/home/share/Uni_Eval/HAM10000_clean/ISIC2018/ISIC_0033805.jpg,4,4,0.026056623,0.1080017,0.013730875,0.0023126567,0.6312942,0.21816944,0.00043453532
/home/share/Uni_Eval/HAM10000_clean/ISIC2018/ISIC_0027204.jpg,4,5,0.11162355,0.037389204,0.11698046,0.09850744,0.082951576,0.5494304,0.003117424
/home/share/Uni_Eval/HAM10000_clean/ISIC2018/ISIC_0033178.jpg,4,4,0.006025227,0.006827476,0.003487134,0.0005873291,0.7185283,0.26433182,0.00021271652
/home/share/Uni_Eval/HAM10000_clean/ISIC2018/ISIC_0033023.jpg,4,4,0.07224437,0.022033287,0.0227327,0.0065130275,0.6240961,0.25215763,0.00022286353
/home/share/Uni_Eval/HAM10000_clean/ISIC2018/ISIC_0027069.jpg,4,4,0.09472011,0.044742614,0.04203179,0.010140642,0.46622872,0.34110022,0.0010359319
/home/share/Uni_Eval/HAM10000_clean/ISIC2018/ISIC_0026545.jpg,4,4,0.01647522,0.064150535,0.009837803,0.0030956022,0.5371258,0.36916083,0.00015412095
/home/share/Uni_Eval/HAM10000_clean/ISIC2018/ISIC_0026268.jpg,4,4,0.014662655,0.05363376,0.011599115,0.0022840013,0.508863,0.4088829,7.457527e-05
/home/share/Uni_Eval/HAM10000_clean/ISIC2018/ISIC_0027282.jpg,4,4,0.045497768,0.043414276,0.016222728,0.0022652005,0.6685848,0.22394787,6.734263e-05
/home/share/Uni_Eval/HAM10000_clean/ISIC2018/ISIC_0028463.jpg,4,5,0.043476816,0.016761806,0.07056984,0.009402522,0.36975953,0.48985177,0.00017767982
/home/share/Uni_Eval/HAM10000_clean/ISIC2018/ISIC_0024823.jpg,4,4,0.09352882,0.19800052,0.046300128,0.003683615,0.5729335,0.08515896,0.00039436424
/home/share/Uni_Eval/HAM10000_clean/ISIC2018/ISIC_0025512.jpg,4,5,0.033196703,0.009363559,0.014056368,0.016955217,0.3981487,0.5274613,0.0008181787
/home/share/Uni_Eval/HAM10000_clean/ISIC2018/ISIC_0027622.jpg,4,4,0.01090839,0.009477373,0.0066162725,0.0032245137,0.8014377,0.16799046,0.0003452133
/home/share/Uni_Eval/HAM10000_clean/ISIC2018/ISIC_0026167.jpg,4,4,0.054830797,0.057462182,0.029348813,0.005779124,0.5367337,0.31552944,0.00031600476
/home/share/Uni_Eval/HAM10000_clean/ISIC2018/ISIC_0032134.jpg,4,4,0.020890143,0.027245883,0.008309524,0.0067820363,0.4829448,0.45368466,0.00014297327
/home/share/Uni_Eval/HAM10000_clean/ISIC2018/ISIC_0030756.jpg,4,4,0.034308676,0.009677207,0.009527176,0.005778524,0.83122313,0.10903274,0.00045260892
/home/share/Uni_Eval/HAM10000_clean/ISIC2018/ISIC_0030034.jpg,4,4,0.026923113,0.020007558,0.020007558,0.017656608,0.57564145,0.33840215,0.0013615313
/home/share/Uni_Eval/HAM10000_clean/ISIC2018/ISIC_0025316.jpg,4,4,0.03311959,0.039949853,0.0131740635,0.004344345,0.51807755,0.39106545,0.00026917996
/home/share/Uni_Eval/HAM10000_clean/ISIC2018/ISIC_0028760.jpg,4,4,0.0094617475,0.012534779,0.007142102,0.00083977776,0.7061001,0.26385036,7.112133e-05
/home/share/Uni_Eval/HAM10000_clean/ISIC2018/ISIC_0028003.jpg,4,4,0.03966702,0.023319041,0.018160887,0.0033073432,0.58290267,0.3321279,0.0005151847
/home/share/Uni_Eval/HAM10000_clean/ISIC2018/ISIC_0025145.jpg,4,4,0.078607105,0.015970003,0.011683905,0.1743975,0.45235267,0.06937053,0.19761825
/home/share/Uni_Eval/HAM10000_clean/ISIC2018/ISIC_0029172.jpg,4,5,0.09055105,0.011512274,0.04923175,0.08374602,0.3160542,0.44570786,0.0031968427
/home/share/Uni_Eval/HAM10000_clean/ISIC2018/ISIC_0028543.jpg,4,4,0.11173168,0.088387035,0.02914695,0.01398486,0.64297146,0.11173168,0.0020464372
/home/share/Uni_Eval/HAM10000_clean/ISIC2018/ISIC_0027130.jpg,4,5,0.012297474,0.0011987375,0.01603893,0.207996,0.207996,0.5311364,0.023336506
/home/share/Uni_Eval/HAM10000_clean/ISIC2018/ISIC_0026094.jpg,4,5,0.022567991,0.040231794,0.016003102,0.0031511975,0.38771966,0.52994996,0.00037635688
/home/share/Uni_Eval/HAM10000_clean/ISIC2018/ISIC_0024525.jpg,4,4,0.05530745,0.027379176,0.06991516,0.16003741,0.3387992,0.3387992,0.009762345
/home/share/Uni_Eval/HAM10000_clean/ISIC2018/ISIC_0026009.jpg,4,5,0.09184908,0.23823838,0.031742193,0.1444989,0.2069851,0.26995945,0.01672696
/home/share/Uni_Eval/HAM10000_clean/ISIC2018/ISIC_0027030.jpg,4,5,0.0509896,0.1407868,0.015309854,0.037892252,0.26302436,0.4913942,0.0006029757
/home/share/Uni_Eval/HAM10000_clean/ISIC2018/ISIC_0026796.jpg,4,5,0.0735859,0.034220617,0.049790706,0.079565324,0.08469685,0.6766833,0.0014572898
/home/share/Uni_Eval/HAM10000_clean/ISIC2018/ISIC_0026604.jpg,4,5,0.09914884,0.03647482,0.086142,0.06604736,0.2378457,0.47301266,0.0013285953
/home/share/Uni_Eval/HAM10000_clean/ISIC2018/ISIC_0024952.jpg,4,4,0.06801042,0.103703514,0.043230057,0.0072811292,0.6061703,0.17097819,0.00062635436
/home/share/Uni_Eval/HAM10000_clean/ISIC2018/ISIC_0032192.jpg,4,4,0.097960144,0.022551706,0.049257457,0.015022675,0.51327443,0.30173847,0.0001951105
/home/share/Uni_Eval/HAM10000_clean/ISIC2018/ISIC_0024323.jpg,4,5,0.20798533,0.014602861,0.2047608,0.09086206,0.14748368,0.3323596,0.001945643
/home/share/Uni_Eval/HAM10000_clean/ISIC2018/ISIC_0027436.jpg,4,5,0.09734742,0.108598895,0.22283046,0.040580444,0.17904933,0.35056153,0.0010319097
/home/share/Uni_Eval/HAM10000_clean/ISIC2018/ISIC_0031915.jpg,4,5,0.108398445,0.03204252,0.08575023,0.14586605,0.27680513,0.34991446,0.0012231614
/home/share/Uni_Eval/HAM10000_clean/ISIC2018/ISIC_0026847.jpg,4,4,0.054275684,0.021589376,0.04361174,0.08673229,0.44046295,0.3484349,0.0048931018
/home/share/Uni_Eval/HAM10000_clean/ISIC2018/ISIC_0029958.jpg,4,5,0.11392806,0.010763838,0.032134883,0.027060285,0.16837476,0.6454464,0.0022917534
/home/share/Uni_Eval/HAM10000_clean/ISIC2018/ISIC_0031170.jpg,4,5,0.049045227,0.014497741,0.02012812,0.012208321,0.31485677,0.5882299,0.0010339308
/home/share/Uni_Eval/HAM10000_clean/ISIC2018/ISIC_0024652.jpg,4,5,0.0871691,0.029197993,0.03467347,0.2058659,0.23695017,0.40306586,0.0030774456
/home/share/Uni_Eval/HAM10000_clean/ISIC2018/ISIC_0030653.jpg,4,4,0.085477374,0.2802695,0.06253658,0.0092952335,0.29834533,0.26328883,0.0007872194
/home/share/Uni_Eval/HAM10000_clean/ISIC2018/ISIC_0026652.jpg,4,0,0.28700647,0.0388421,0.12152619,0.22704083,0.1536235,0.16872239,0.0032385632
/home/share/Uni_Eval/HAM10000_clean/ISIC2018/ISIC_0029885.jpg,4,5,0.056388594,0.015905134,0.03367117,0.030182641,0.22653331,0.63532835,0.001990761
/home/share/Uni_Eval/HAM10000_clean/ISIC2018/ISIC_0025814.jpg,4,3,0.18197422,0.08331386,0.13523175,0.3974682,0.10697712,0.05379147,0.041243356
/home/share/Uni_Eval/HAM10000_clean/ISIC2018/ISIC_0031550.jpg,4,5,0.006705244,0.0051410887,0.0057352995,0.004466656,0.4280072,0.5495721,0.00037241925
/home/share/Uni_Eval/HAM10000_clean/ISIC2018/ISIC_0029893.jpg,4,5,0.19797657,0.03662198,0.051645275,0.026377823,0.14712368,0.5381561,0.0020986064
/home/share/Uni_Eval/HAM10000_clean/ISIC2018/ISIC_0031417.jpg,4,4,0.039889902,0.061782684,0.029643657,0.002510541,0.5421258,0.3237181,0.00032931127
/home/share/Uni_Eval/HAM10000_clean/ISIC2018/ISIC_0024647.jpg,4,5,0.14991519,0.1343831,0.122357205,0.013305729,0.15227601,0.42706862,0.00069424504
/home/share/Uni_Eval/HAM10000_clean/ISIC2018/ISIC_0028567.jpg,4,4,0.0108897,0.0072541037,0.004539502,0.0025464299,0.68433136,0.28976414,0.00067473674
/home/share/Uni_Eval/HAM10000_clean/ISIC2018/ISIC_0031203.jpg,4,4,0.0991281,0.033203755,0.053895008,0.1910744,0.4879256,0.11957131,0.0152017865
/home/share/Uni_Eval/HAM10000_clean/ISIC2018/ISIC_0024679.jpg,4,4,0.080268316,0.04432838,0.036179766,0.10633825,0.46191227,0.26733434,0.003638695
/home/share/Uni_Eval/HAM10000_clean/ISIC2018/ISIC_0026690.jpg,4,5,0.123069346,0.052110836,0.13100663,0.22635917,0.19361524,0.26464066,0.00919811
/home/share/Uni_Eval/HAM10000_clean/ISIC2018/ISIC_0032269.jpg,4,3,0.0617158,0.024935437,0.1266326,0.30377582,0.263925,0.20878187,0.010233482
/home/share/Uni_Eval/HAM10000_clean/ISIC2018/ISIC_0028218.jpg,4,5,0.059567515,0.022965323,0.06242622,0.036698483,0.3764783,0.4401477,0.0017164107
/home/share/Uni_Eval/HAM10000_clean/ISIC2018/ISIC_0025105.jpg,4,5,0.06601917,0.011472411,0.01891481,0.014056291,0.17945871,0.70977294,0.00030572942
/home/share/Uni_Eval/HAM10000_clean/ISIC2018/ISIC_0025766.jpg,4,4,0.08085153,0.025441062,0.061029937,0.048278656,0.5272182,0.25296205,0.004218542
/home/share/Uni_Eval/HAM10000_clean/ISIC2018/ISIC_0031410.jpg,4,4,0.07402235,0.00856871,0.028095717,0.048545044,0.5219084,0.31655347,0.002306237
/home/share/Uni_Eval/HAM10000_clean/ISIC2018/ISIC_0025573.jpg,4,4,0.23294836,0.0144337155,0.03743821,0.017410383,0.508806,0.18427731,0.004685941
/home/share/Uni_Eval/HAM10000_clean/ISIC2018/ISIC_0032149.jpg,4,5,0.03682155,0.03405437,0.027363455,0.06362194,0.08428537,0.7512274,0.0026259911
/home/share/Uni_Eval/HAM10000_clean/ISIC2018/ISIC_0026802.jpg,4,4,0.016880548,0.023072975,0.0044729,0.013353613,0.8133504,0.12869073,0.00017893851
/home/share/Uni_Eval/HAM10000_clean/ISIC2018/ISIC_0031900.jpg,4,5,0.11094128,0.038340278,0.04482433,0.09638745,0.15645228,0.5460721,0.0069822837
/home/share/Uni_Eval/HAM10000_clean/ISIC2018/ISIC_0031377.jpg,4,5,0.013753533,0.06459718,0.010711263,0.012522735,0.44144163,0.45545447,0.00151918
/home/share/Uni_Eval/HAM10000_clean/ISIC2018/ISIC_0031957.jpg,4,5,0.031526756,0.010235239,0.013349269,0.011241212,0.30382794,0.6234145,0.0064050495
/home/share/Uni_Eval/HAM10000_clean/ISIC2018/ISIC_0029021.jpg,4,4,0.08305613,0.022354254,0.028258424,0.029614575,0.4152545,0.4152545,0.0062075523
/home/share/Uni_Eval/HAM10000_clean/ISIC2018/ISIC_0025616.jpg,4,5,0.03563109,0.031939503,0.02195168,0.1547744,0.15968746,0.5933109,0.0027049773
/home/share/Uni_Eval/HAM10000_clean/ISIC2018/ISIC_0028968.jpg,4,0,0.32012033,0.02078688,0.32012033,0.18818903,0.055628568,0.090294085,0.0048607704
/home/share/Uni_Eval/HAM10000_clean/ISIC2018/ISIC_0027797.jpg,4,4,0.01898414,0.018400062,0.014784864,0.003247804,0.72359294,0.22068337,0.00030685007
/home/share/Uni_Eval/HAM10000_clean/ISIC2018/ISIC_0029486.jpg,6,5,0.13163063,0.19453746,0.2038735,0.010310108,0.11258964,0.34680054,0.0002581085
/home/share/Uni_Eval/HAM10000_clean/ISIC2018/ISIC_0026092.jpg,6,4,0.07609759,0.13565864,0.07609759,0.018359398,0.59855396,0.09036813,0.004864757
/home/share/Uni_Eval/HAM10000_clean/ISIC2018/ISIC_0031217.jpg,6,5,0.15389445,0.12174054,0.2383564,0.019873597,0.20387703,0.2617833,0.00047474238
/home/share/Uni_Eval/HAM10000_clean/ISIC2018/ISIC_0032240.jpg,6,5,0.020726714,0.11742484,0.03312119,0.0102604665,0.34513074,0.47173783,0.0015982726
/home/share/Uni_Eval/HAM10000_clean/ISIC2018/ISIC_0025807.jpg,6,5,0.08231181,0.052320573,0.22027783,0.20372368,0.1400171,0.2918207,0.009528283
/home/share/Uni_Eval/HAM10000_clean/ISIC2018/ISIC_0032745.jpg,6,4,0.04575032,0.23971455,0.025265727,0.003366332,0.557353,0.12830995,0.00024007565
/home/share/Uni_Eval/HAM10000_clean/ISIC2018/ISIC_0032557.jpg,6,4,0.0668113,0.26424384,0.048122376,0.005747399,0.49367246,0.120979644,0.00042289653
/home/share/Uni_Eval/HAM10000_clean/ISIC2018/ISIC_0033230.jpg,6,1,0.17316924,0.34438816,0.06370541,0.0066104014,0.20245534,0.20888197,0.00078949984
/home/share/Uni_Eval/HAM10000_clean/ISIC2018/ISIC_0033762.jpg,6,5,0.2584836,0.2013072,0.0595063,0.016268115,0.13202049,0.3318995,0.00051483035
/home/share/Uni_Eval/HAM10000_clean/ISIC2018/ISIC_0031090.jpg,6,4,0.12877691,0.02784996,0.03806638,0.15778077,0.26013651,0.20578493,0.18160455
/home/share/Uni_Eval/HAM10000_clean/ISIC2018/ISIC_0030606.jpg,6,5,0.04482184,0.035456993,0.020202784,0.008825943,0.29687777,0.5904119,0.0034027044
/home/share/Uni_Eval/HAM10000_clean/ISIC2018/ISIC_0031346.jpg,6,4,0.21592109,0.09732327,0.12893237,0.005844716,0.29512915,0.25641266,0.00043682964
/home/share/Uni_Eval/HAM10000_clean/ISIC2018/ISIC_0031996.jpg,6,4,0.07237415,0.07584746,0.038138498,0.016661476,0.63506305,0.1580797,0.0038356895
/home/share/Uni_Eval/HAM10000_clean/ISIC2018/ISIC_0029439.jpg,6,4,0.101832554,0.21557952,0.15286879,0.0071497676,0.32871953,0.19324423,0.0006055185
/home/share/Uni_Eval/HAM10000_clean/ISIC2018/ISIC_0025707.jpg,6,4,0.17431106,0.28293478,0.14006288,0.007901807,0.30592546,0.08495243,0.0039116777
/home/share/Uni_Eval/HAM10000_clean/ISIC2018/ISIC_0027522.jpg,6,4,0.052434642,0.12776498,0.105920896,0.014112594,0.48977324,0.20738305,0.0026105673
/home/share/Uni_Eval/HAM10000_clean/ISIC2018/ISIC_0028406.jpg,6,1,0.066216424,0.55442333,0.11621344,0.022883786,0.14922102,0.08910394,0.0019380428
/home/share/Uni_Eval/HAM10000_clean/ISIC2018/ISIC_0025250.jpg,6,5,0.100067,0.07915951,0.19288418,0.009754365,0.27629384,0.3385223,0.003318756
/home/share/Uni_Eval/HAM10000_clean/ISIC2018/ISIC_0027665.jpg,6,4,0.07637832,0.09961611,0.25838453,0.14494058,0.32156473,0.08520618,0.013909526
/home/share/Uni_Eval/HAM10000_clean/ISIC2018/ISIC_0026467.jpg,6,4,0.11432443,0.15384033,0.2699982,0.02359218,0.31565988,0.119810976,0.0027739997
/home/share/Uni_Eval/HAM10000_clean/ISIC2018/ISIC_0025680.jpg,6,4,0.10883639,0.30050692,0.11229123,0.02883877,0.32492545,0.12141578,0.003185457
/home/share/Uni_Eval/HAM10000_clean/ISIC2018/ISIC_0025718.jpg,1,4,0.20977035,0.15834299,0.062008,0.009965593,0.36815846,0.19099809,0.00075655
/home/share/Uni_Eval/HAM10000_clean/ISIC2018/ISIC_0028807.jpg,1,5,0.121724956,0.032761827,0.30127218,0.023969067,0.07982918,0.4383484,0.0020943936
/home/share/Uni_Eval/HAM10000_clean/ISIC2018/ISIC_0024590.jpg,1,2,0.20415248,0.114519164,0.21394995,0.1830011,0.17737074,0.10427088,0.0027356446
/home/share/Uni_Eval/HAM10000_clean/ISIC2018/ISIC_0025731.jpg,1,5,0.16851752,0.12920685,0.11764419,0.007065082,0.2569585,0.31979004,0.00081784255
/home/share/Uni_Eval/HAM10000_clean/ISIC2018/ISIC_0027858.jpg,1,0,0.367639,0.24110354,0.19988185,0.010108246,0.12705265,0.05379747,0.00041721712
/home/share/Uni_Eval/HAM10000_clean/ISIC2018/ISIC_0026643.jpg,1,4,0.21977371,0.23763205,0.08741994,0.026661575,0.30993062,0.11224943,0.006332679
/home/share/Uni_Eval/HAM10000_clean/ISIC2018/ISIC_0032139.jpg,1,5,0.066981174,0.08600553,0.043246295,0.0020868622,0.29095295,0.51063836,8.886932e-05
/home/share/Uni_Eval/HAM10000_clean/ISIC2018/ISIC_0027744.jpg,1,4,0.17497437,0.1777298,0.09220502,0.01002683,0.37042072,0.17226166,0.0023815809
/home/share/Uni_Eval/HAM10000_clean/ISIC2018/ISIC_0031640.jpg,1,5,0.06972872,0.14307402,0.21816187,0.0102035655,0.08814535,0.4691217,0.0015647673
/home/share/Uni_Eval/HAM10000_clean/ISIC2018/ISIC_0030659.jpg,1,0,0.42546886,0.0824809,0.20735696,0.026362479,0.112738036,0.1447585,0.00083428255
/home/share/Uni_Eval/HAM10000_clean/ISIC2018/ISIC_0025513.jpg,1,1,0.14890197,0.35719728,0.13988046,0.0014371517,0.20352486,0.14890197,0.000156283
/home/share/Uni_Eval/HAM10000_clean/ISIC2018/ISIC_0027478.jpg,1,0,0.3935518,0.27907002,0.105923034,0.0068780677,0.13600788,0.07511068,0.0034585095
/home/share/Uni_Eval/HAM10000_clean/ISIC2018/ISIC_0024573.jpg,1,5,0.102062754,0.009794666,0.0599996,0.014251154,0.115652256,0.6974724,0.0007671775
/home/share/Uni_Eval/HAM10000_clean/ISIC2018/ISIC_0024572.jpg,1,4,0.19135423,0.23814419,0.09621895,0.00707984,0.29178035,0.17423,0.0011924396
/home/share/Uni_Eval/HAM10000_clean/ISIC2018/ISIC_0026439.jpg,1,0,0.312474,0.17256452,0.25107992,0.026463628,0.18952507,0.04717652,0.00071633764
/home/share/Uni_Eval/HAM10000_clean/ISIC2018/ISIC_0026453.jpg,1,4,0.010188116,0.02444002,0.0098746605,0.00065130444,0.7369145,0.2178315,9.988077e-05
/home/share/Uni_Eval/HAM10000_clean/ISIC2018/ISIC_0033575.jpg,1,0,0.25393465,0.20404223,0.16395253,0.008826001,0.1446876,0.22409654,0.0004605089
/home/share/Uni_Eval/HAM10000_clean/ISIC2018/ISIC_0032894.jpg,1,0,0.35385472,0.17792933,0.099809304,0.018176625,0.26710355,0.08146198,0.0016644779
/home/share/Uni_Eval/HAM10000_clean/ISIC2018/ISIC_0034255.jpg,1,5,0.086449094,0.056694705,0.030346487,0.0041069505,0.34729713,0.47469893,0.00040664317
/home/share/Uni_Eval/HAM10000_clean/ISIC2018/ISIC_0027544.jpg,1,4,0.29774484,0.12029979,0.11301118,0.0033597338,0.35914883,0.10616419,0.00027150815
/home/share/Uni_Eval/HAM10000_clean/ISIC2018/ISIC_0033354.jpg,1,5,0.14265336,0.15185371,0.055863854,0.036068413,0.27497154,0.33690217,0.0016869423
/home/share/Uni_Eval/HAM10000_clean/ISIC2018/ISIC_0032857.jpg,1,4,0.08680668,0.16995923,0.046464264,0.003112912,0.39516702,0.29828772,0.00020213562
/home/share/Uni_Eval/HAM10000_clean/ISIC2018/ISIC_0027786.jpg,1,1,0.11497017,0.36537445,0.14762463,0.0133087635,0.18955377,0.16728061,0.0018875841
/home/share/Uni_Eval/HAM10000_clean/ISIC2018/ISIC_0034095.jpg,1,5,0.051908415,0.02692973,0.025696531,0.0025843678,0.2987123,0.59406036,0.00010834939
/home/share/Uni_Eval/HAM10000_clean/ISIC2018/ISIC_0033551.jpg,1,4,0.03265161,0.01949717,0.028814947,0.0012859775,0.54369813,0.37367794,0.00037424083
/home/share/Uni_Eval/HAM10000_clean/ISIC2018/ISIC_0032536.jpg,1,4,0.02670765,0.0180713,0.054800536,0.335694,0.35180426,0.033238206,0.17968404
/home/share/Uni_Eval/HAM10000_clean/ISIC2018/ISIC_0033468.jpg,1,4,0.013488053,0.019625003,0.0018541556,0.00035944447,0.75979936,0.20449722,0.00037669454
/home/share/Uni_Eval/HAM10000_clean/ISIC2018/ISIC_0034015.jpg,1,5,0.14131768,0.10835201,0.06469995,0.0019234788,0.3390035,0.34434202,0.00036141093
/home/share/Uni_Eval/HAM10000_clean/ISIC2018/ISIC_0033372.jpg,1,1,0.26876193,0.29517725,0.07580779,0.009637878,0.24471053,0.1052487,0.0006558659
/home/share/Uni_Eval/HAM10000_clean/ISIC2018/ISIC_0029546.jpg,1,4,0.111627035,0.25551683,0.08830426,0.0053865938,0.33325675,0.20531353,0.00059498934
/home/share/Uni_Eval/HAM10000_clean/ISIC2018/ISIC_0031643.jpg,1,3,0.188622,0.05575656,0.11263134,0.36357844,0.17998438,0.08370051,0.01572686
/home/share/Uni_Eval/HAM10000_clean/ISIC2018/ISIC_0026192.jpg,1,5,0.1845693,0.032073334,0.12685251,0.016127486,0.2949409,0.34482083,0.0006156356
/home/share/Uni_Eval/HAM10000_clean/ISIC2018/ISIC_0024331.jpg,1,4,0.18000159,0.0693968,0.19462812,0.0343539,0.26190075,0.25784037,0.001878485
/home/share/Uni_Eval/HAM10000_clean/ISIC2018/ISIC_0031384.jpg,1,4,0.061156213,0.083590634,0.026717171,0.011490912,0.5201184,0.29635453,0.0005720988
/home/share/Uni_Eval/HAM10000_clean/ISIC2018/ISIC_0024595.jpg,1,3,0.21865213,0.14565372,0.14339557,0.23275398,0.09855424,0.15264378,0.008346623
/home/share/Uni_Eval/HAM10000_clean/ISIC2018/ISIC_0024665.jpg,1,5,0.068041764,0.0649259,0.038769033,0.017474571,0.32972097,0.47974116,0.0013266032
/home/share/Uni_Eval/HAM10000_clean/ISIC2018/ISIC_0029129.jpg,1,4,0.14733686,0.111215696,0.087978855,0.021560144,0.3372574,0.29301432,0.0016367646
/home/share/Uni_Eval/HAM10000_clean/ISIC2018/ISIC_0025433.jpg,1,3,0.18449064,0.038671337,0.25613987,0.27265948,0.13082343,0.11189922,0.0053160135
/home/share/Uni_Eval/HAM10000_clean/ISIC2018/ISIC_0026968.jpg,1,5,0.13875455,0.09536451,0.104737416,0.09099745,0.18381989,0.38311356,0.003212603
/home/share/Uni_Eval/HAM10000_clean/ISIC2018/ISIC_0026156.jpg,1,5,0.20167847,0.020283336,0.14301144,0.04942343,0.018181866,0.56562126,0.0018002485
/home/share/Uni_Eval/HAM10000_clean/ISIC2018/ISIC_0031597.jpg,1,5,0.14738172,0.015293089,0.072959244,0.18924189,0.23186399,0.32698065,0.016279407
/home/share/Uni_Eval/HAM10000_clean/ISIC2018/ISIC_0026798.jpg,1,3,0.028214006,0.015826624,0.08966394,0.40184587,0.18981856,0.22192034,0.052710705
/home/share/Uni_Eval/HAM10000_clean/ISIC2018/ISIC_0027915.jpg,1,4,0.16704226,0.019641053,0.03289257,0.05094501,0.5477105,0.17234474,0.009423879
/home/share/Uni_Eval/HAM10000_clean/ISIC2018/ISIC_0027189.jpg,1,1,0.2458657,0.28298968,0.112565525,0.054009527,0.2273886,0.07267777,0.0045031877
/home/share/Uni_Eval/HAM10000_clean/ISIC2018/ISIC_0025266.jpg,1,4,0.20751558,0.098023415,0.19801275,0.082544,0.32140642,0.09208448,0.00041331572
/home/share/Uni_Eval/HAM10000_clean/ISIC2018/ISIC_0032307.jpg,1,4,0.04441527,0.28071317,0.080425665,0.0035893042,0.41486716,0.17566581,0.0003235856
/home/share/Uni_Eval/HAM10000_clean/ISIC2018/ISIC_0026845.jpg,1,0,0.34077203,0.12536304,0.2454489,0.031205324,0.084824875,0.17135094,0.0010349351
/home/share/Uni_Eval/HAM10000_clean/ISIC2018/ISIC_0024448.jpg,1,5,0.2473523,0.03244556,0.13239816,0.033475492,0.1622176,0.3891398,0.0029711188
/home/share/Uni_Eval/HAM10000_clean/ISIC2018/ISIC_0031258.jpg,1,4,0.13469726,0.12264324,0.095514655,0.015592339,0.38975942,0.24012381,0.0016693005
/home/share/Uni_Eval/HAM10000_clean/ISIC2018/ISIC_0030197.jpg,1,3,0.1251069,0.029715495,0.21956947,0.41666964,0.049764093,0.14399718,0.01517719
/home/share/Uni_Eval/HAM10000_clean/ISIC2018/ISIC_0028989.jpg,1,5,0.24584055,0.02114827,0.07381472,0.076157846,0.270003,0.31077155,0.002264113
/home/share/Uni_Eval/HAM10000_clean/ISIC2018/ISIC_0031728.jpg,1,5,0.123077326,0.043204203,0.048197772,0.009946172,0.22286424,0.5515943,0.0011159296
/home/share/Uni_Eval/HAM10000_clean/ISIC2018/ISIC_0029082.jpg,1,4,0.1452089,0.109609425,0.05097311,0.055983014,0.45431843,0.17791365,0.0059934864
/home/share/Uni_Eval/HAM10000_clean/ISIC2018/ISIC_0025601.jpg,1,4,0.24188018,0.07611097,0.20689106,0.013645946,0.36310512,0.097728424,0.00063822936
/home/share/Uni_Eval/HAM10000_clean/ISIC2018/ISIC_0025362.jpg,1,5,0.19655454,0.076971866,0.05994575,0.012964178,0.23709002,0.41610596,0.0003677654
/home/share/Uni_Eval/HAM10000_clean/ISIC2018/ISIC_0027093.jpg,1,4,0.20812656,0.06863285,0.10967499,0.037902657,0.33258528,0.2395522,0.0035254967
/home/share/Uni_Eval/HAM10000_clean/ISIC2018/ISIC_0032246.jpg,1,4,0.19864592,0.101458415,0.1430793,0.012308302,0.28454715,0.25908312,0.00087778724
/home/share/Uni_Eval/HAM10000_clean/ISIC2018/ISIC_0027229.jpg,1,5,0.203787,0.03889343,0.06615995,0.024338886,0.3256507,0.33598796,0.005182048
/home/share/Uni_Eval/HAM10000_clean/ISIC2018/ISIC_0027004.jpg,1,5,0.06967097,0.011919296,0.021248443,0.0062810276,0.36504972,0.5229096,0.0029209494
/home/share/Uni_Eval/HAM10000_clean/ISIC2018/ISIC_0031171.jpg,1,4,0.04506742,0.013744787,0.08962727,0.20515887,0.48452044,0.13454646,0.027334774
/home/share/Uni_Eval/HAM10000_clean/ISIC2018/ISIC_0025530.jpg,1,5,0.15118134,0.073679894,0.032188363,0.019830676,0.16093169,0.5617068,0.00048117703
/home/share/Uni_Eval/HAM10000_clean/ISIC2018/ISIC_0024345.jpg,1,0,0.3001457,0.024637459,0.09744304,0.16575618,0.27758938,0.09744304,0.036985204
/home/share/Uni_Eval/HAM10000_clean/ISIC2018/ISIC_0024550.jpg,1,1,0.09654144,0.37008116,0.029443476,0.033363827,0.2075967,0.23894235,0.024031065
/home/share/Uni_Eval/HAM10000_clean/ISIC2018/ISIC_0024833.jpg,1,5,0.17673348,0.062039282,0.08348298,0.12146703,0.22341205,0.3301816,0.0026835562
/home/share/Uni_Eval/HAM10000_clean/ISIC2018/ISIC_0030915.jpg,1,5,0.10284844,0.05091367,0.07293047,0.31188405,0.14057715,0.3167955,0.0040506665
/home/share/Uni_Eval/HAM10000_clean/ISIC2018/ISIC_0029745.jpg,1,5,0.11457709,0.120075755,0.042150553,0.01152332,0.3529223,0.35847998,0.00027100253
/home/share/Uni_Eval/HAM10000_clean/ISIC2018/ISIC_0029680.jpg,1,5,0.1356338,0.034833636,0.07973499,0.07973499,0.097693354,0.57103956,0.0013297069
/home/share/Uni_Eval/HAM10000_clean/ISIC2018/ISIC_0031298.jpg,1,0,0.52228814,0.25855136,0.0813568,0.016788926,0.04287202,0.07642764,0.0017150965
/home/share/Uni_Eval/HAM10000_clean/ISIC2018/ISIC_0027595.jpg,1,5,0.20790005,0.14742321,0.032894563,0.05015822,0.2628103,0.29318607,0.0056275968
/home/share/Uni_Eval/HAM10000_clean/ISIC2018/ISIC_0026154.jpg,1,3,0.08256725,0.032333802,0.16679046,0.27499095,0.16679046,0.27499095,0.001536087
/home/share/Uni_Eval/HAM10000_clean/ISIC2018/ISIC_0029501.jpg,1,3,0.22807029,0.052504756,0.12995052,0.26664117,0.07881898,0.24277955,0.0012347937
/home/share/Uni_Eval/HAM10000_clean/ISIC2018/ISIC_0027920.jpg,1,5,0.08060642,0.05369545,0.15059263,0.018268958,0.2602007,0.43575418,0.00088157365
/home/share/Uni_Eval/HAM10000_clean/ISIC2018/ISIC_0027788.jpg,1,5,0.12185684,0.019584177,0.07390991,0.15165327,0.065225266,0.5547247,0.013045874
/home/share/Uni_Eval/HAM10000_clean/ISIC2018/ISIC_0031263.jpg,1,5,0.09739722,0.22645535,0.049745638,0.08868118,0.19069451,0.31440207,0.032623984
/home/share/Uni_Eval/HAM10000_clean/ISIC2018/ISIC_0024931.jpg,1,0,0.38376555,0.04373535,0.081708394,0.012530388,0.31322032,0.15997727,0.0050627347
/home/share/Uni_Eval/HAM10000_clean/ISIC2018/ISIC_0031971.jpg,1,4,0.12207437,0.05088817,0.05168954,0.027667418,0.4904167,0.246597,0.010666739
/home/share/Uni_Eval/HAM10000_clean/ISIC2018/ISIC_0028978.jpg,1,5,0.11951014,0.108815216,0.1558706,0.0044913404,0.1939841,0.41713133,0.00019733571
/home/share/Uni_Eval/HAM10000_clean/ISIC2018/ISIC_0028502.jpg,5,4,0.016042052,0.014836471,0.020598402,0.0075777285,0.46881747,0.46881747,0.0033104646
/home/share/Uni_Eval/HAM10000_clean/ISIC2018/ISIC_0028239.jpg,5,4,0.019517586,0.0076431967,0.013625471,0.002946715,0.51129204,0.44421822,0.0007567789
/home/share/Uni_Eval/HAM10000_clean/ISIC2018/ISIC_0029624.jpg,5,5,0.017362908,0.0034189592,0.005295388,0.0031129974,0.46200982,0.5074185,0.0013813842
/home/share/Uni_Eval/HAM10000_clean/ISIC2018/ISIC_0029961.jpg,5,4,0.015964406,0.025115533,0.00815382,0.0020616087,0.83171225,0.11613305,0.00085940625
/home/share/Uni_Eval/HAM10000_clean/ISIC2018/ISIC_0026583.jpg,5,4,0.00796882,0.010892085,0.032013617,0.014205958,0.63304174,0.29439178,0.007486013
/home/share/Uni_Eval/HAM10000_clean/ISIC2018/ISIC_0025457.jpg,5,5,0.23434366,0.027554441,0.10237717,0.08226237,0.17967752,0.35733142,0.01645351
/home/share/Uni_Eval/HAM10000_clean/ISIC2018/ISIC_0028455.jpg,5,4,0.051489484,0.038263734,0.018359141,0.0031408786,0.80543107,0.082279965,0.0010357519
/home/share/Uni_Eval/HAM10000_clean/ISIC2018/ISIC_0025723.jpg,5,5,0.057570215,0.0052718446,0.015986672,0.0104843145,0.4123017,0.49733075,0.0010544353
/home/share/Uni_Eval/HAM10000_clean/ISIC2018/ISIC_0024872.jpg,5,4,0.03650097,0.014747726,0.026704682,0.018069291,0.57996273,0.3202858,0.0037288086
/home/share/Uni_Eval/HAM10000_clean/ISIC2018/ISIC_0025143.jpg,5,4,0.007555844,0.018410962,0.019906996,0.025963617,0.5054485,0.41903156,0.0036824238
/home/share/Uni_Eval/HAM10000_clean/ISIC2018/ISIC_0031926.jpg,5,4,0.07637086,0.062332086,0.03900642,0.027659694,0.5219001,0.27075824,0.0019725976
/home/share/Uni_Eval/HAM10000_clean/ISIC2018/ISIC_0028164.jpg,5,4,0.035739295,0.04244146,0.025342954,0.011785569,0.6638962,0.21892974,0.001864748
/home/share/Uni_Eval/HAM10000_clean/ISIC2018/ISIC_0032317.jpg,5,5,0.05349375,0.01657159,0.027752193,0.016832557,0.41423765,0.46939275,0.0017195538
/home/share/Uni_Eval/HAM10000_clean/ISIC2018/ISIC_0025053.jpg,5,4,0.035322525,0.028829407,0.025047421,0.00950693,0.51906073,0.37975293,0.0024800308
/home/share/Uni_Eval/HAM10000_clean/ISIC2018/ISIC_0024357.jpg,5,4,0.0133481305,0.006505359,0.0066078035,0.008753917,0.52492285,0.4351763,0.004685634
/home/share/Uni_Eval/HAM10000_clean/ISIC2018/ISIC_0028889.jpg,5,4,0.042234164,0.021910794,0.023691218,0.012680996,0.650411,0.24686816,0.0022036266
/home/share/Uni_Eval/HAM10000_clean/ISIC2018/ISIC_0028302.jpg,5,4,0.01693874,0.03316444,0.011641814,0.005585803,0.7315959,0.20000719,0.0010660692
/home/share/Uni_Eval/HAM10000_clean/ISIC2018/ISIC_0026172.jpg,5,4,0.0017150798,0.004179053,0.0015373876,0.000992612,0.8346059,0.15681781,0.00015222198
/home/share/Uni_Eval/HAM10000_clean/ISIC2018/ISIC_0031604.jpg,5,4,0.049158763,0.10245566,0.03124721,0.0022991858,0.6375005,0.1770275,0.00031116098
/home/share/Uni_Eval/HAM10000_clean/ISIC2018/ISIC_0027808.jpg,5,4,0.025068693,0.0075269863,0.0093674855,0.011299344,0.6775577,0.2653354,0.0038444083
/home/share/Uni_Eval/HAM10000_clean/ISIC2018/ISIC_0025416.jpg,5,4,0.009854365,0.0076745874,0.0036252188,0.00423831,0.7706926,0.20104718,0.002867784
/home/share/Uni_Eval/HAM10000_clean/ISIC2018/ISIC_0027339.jpg,5,4,0.050176557,0.020592416,0.022616345,0.026031254,0.50676525,0.37075737,0.0030607895
/home/share/Uni_Eval/HAM10000_clean/ISIC2018/ISIC_0031997.jpg,5,4,0.012426858,0.016722165,0.0053447247,0.0009733467,0.7336155,0.23084235,7.5056436e-05
/home/share/Uni_Eval/HAM10000_clean/ISIC2018/ISIC_0030669.jpg,5,4,0.00835625,0.008621505,0.003429398,0.0015217861,0.66381913,0.31356597,0.00068592274
/home/share/Uni_Eval/HAM10000_clean/ISIC2018/ISIC_0025364.jpg,5,5,0.06893722,0.024580322,0.033597317,0.094226,0.3340602,0.4356966,0.008902402
/home/share/Uni_Eval/HAM10000_clean/ISIC2018/ISIC_0026234.jpg,5,4,0.06260775,0.04875896,0.051903646,0.026098792,0.4345839,0.37171933,0.004327604
/home/share/Uni_Eval/HAM10000_clean/ISIC2018/ISIC_0024365.jpg,5,5,0.10699172,0.03697535,0.04975577,0.022779852,0.31446618,0.46475086,0.004280207
/home/share/Uni_Eval/HAM10000_clean/ISIC2018/ISIC_0029293.jpg,5,4,0.065045156,0.08351964,0.036487028,0.0027699568,0.43761158,0.37430903,0.0002576461
/home/share/Uni_Eval/HAM10000_clean/ISIC2018/ISIC_0027717.jpg,5,4,0.009195651,0.005490974,0.021380527,0.069017194,0.44307128,0.4362021,0.01564233
/home/share/Uni_Eval/HAM10000_clean/ISIC2018/ISIC_0027732.jpg,5,5,0.021011384,0.02036493,0.012944739,0.00198514,0.44227833,0.501167,0.00024846938
/home/share/Uni_Eval/HAM10000_clean/ISIC2018/ISIC_0028395.jpg,5,4,0.06919879,0.007886151,0.029762024,0.2065894,0.43734977,0.21991327,0.029300606
/home/share/Uni_Eval/HAM10000_clean/ISIC2018/ISIC_0027426.jpg,5,4,0.010839257,0.019936446,0.009565611,0.0020050611,0.6499689,0.30702358,0.000661199
/home/share/Uni_Eval/HAM10000_clean/ISIC2018/ISIC_0027195.jpg,5,4,0.022135522,0.08096838,0.024693962,0.004291167,0.5708827,0.29617003,0.0008582873
/home/share/Uni_Eval/HAM10000_clean/ISIC2018/ISIC_0026098.jpg,5,4,0.049800258,0.021756122,0.013829032,0.007637117,0.73180944,0.17381999,0.0013480312
/home/share/Uni_Eval/HAM10000_clean/ISIC2018/ISIC_0029336.jpg,5,4,0.038137667,0.022072388,0.017460696,0.010757223,0.5692544,0.33991733,0.002400261
/home/share/Uni_Eval/HAM10000_clean/ISIC2018/ISIC_0032100.jpg,5,4,0.046650387,0.03308008,0.04247566,0.055398703,0.62417525,0.19036269,0.007857207
/home/share/Uni_Eval/HAM10000_clean/ISIC2018/ISIC_0031453.jpg,5,4,0.012824514,0.007900954,0.042712152,0.084943265,0.48123637,0.32562083,0.044761952
/home/share/Uni_Eval/HAM10000_clean/ISIC2018/ISIC_0026242.jpg,5,4,0.002781648,0.0007370633,0.009558382,0.016259355,0.55552775,0.40643275,0.008703006
/home/share/Uni_Eval/HAM10000_clean/ISIC2018/ISIC_0028282.jpg,5,4,0.01579323,0.00858663,0.019964512,0.016551163,0.650884,0.28435016,0.0038702972
/home/share/Uni_Eval/HAM10000_clean/ISIC2018/ISIC_0028639.jpg,5,4,0.16699864,0.08663776,0.0741052,0.029020013,0.4006089,0.21780728,0.02482213
/home/share/Uni_Eval/HAM10000_clean/ISIC2018/ISIC_0028136.jpg,5,5,0.03096635,0.014400689,0.0117535,0.0042568357,0.27600005,0.6620897,0.00053280545
/home/share/Uni_Eval/HAM10000_clean/ISIC2018/ISIC_0026283.jpg,5,5,0.040345244,0.034509115,0.02951721,0.026459057,0.34852973,0.5150935,0.0055461195
/home/share/Uni_Eval/HAM10000_clean/ISIC2018/ISIC_0027416.jpg,5,5,0.011939942,0.017923974,0.015817853,0.012710001,0.41437206,0.52381533,0.0034208503
/home/share/Uni_Eval/HAM10000_clean/ISIC2018/ISIC_0025930.jpg,5,5,0.113601714,0.100253165,0.07930678,0.012946476,0.27680787,0.4155378,0.0015462361
/home/share/Uni_Eval/HAM10000_clean/ISIC2018/ISIC_0029815.jpg,5,4,0.0018746353,0.0027275782,0.0021242402,0.002562323,0.6779267,0.31037748,0.0024070796
/home/share/Uni_Eval/HAM10000_clean/ISIC2018/ISIC_0032011.jpg,5,4,0.01697551,0.010458308,0.0086702425,0.007416052,0.66757166,0.287119,0.0017892056
/home/share/Uni_Eval/HAM10000_clean/ISIC2018/ISIC_0030540.jpg,5,4,0.09483602,0.051561456,0.029378831,0.007545107,0.63803893,0.17717701,0.0014626858
/home/share/Uni_Eval/HAM10000_clean/ISIC2018/ISIC_0025366.jpg,2,4,0.01764346,0.009743643,0.0077078566,0.0015416683,0.5488719,0.41431025,0.00018127139
/home/share/Uni_Eval/HAM10000_clean/ISIC2018/ISIC_0031229.jpg,5,5,0.023396358,0.008342229,0.010545565,0.012720379,0.45547026,0.48484558,0.0046795662
/home/share/Uni_Eval/HAM10000_clean/ISIC2018/ISIC_0031777.jpg,5,4,0.0020663536,0.002737474,0.0015117768,0.0015597655,0.75902563,0.23148973,0.0016092779
/home/share/Uni_Eval/HAM10000_clean/ISIC2018/ISIC_0025558.jpg,5,4,0.03236806,0.008576683,0.011722934,0.008711746,0.6301275,0.29765117,0.010841941
/home/share/Uni_Eval/HAM10000_clean/ISIC2018/ISIC_0028007.jpg,5,4,0.031495135,0.009910384,0.015591223,0.012925577,0.47010595,0.45564228,0.004329526
/home/share/Uni_Eval/HAM10000_clean/ISIC2018/ISIC_0028768.jpg,5,4,0.005605666,0.003400008,0.003400008,0.0016060502,0.55420125,0.43161234,0.00017464986
/home/share/Uni_Eval/HAM10000_clean/ISIC2018/ISIC_0028137.jpg,5,5,0.05987862,0.022028115,0.026159031,0.004074791,0.4091961,0.47839868,0.00026459483
/home/share/Uni_Eval/HAM10000_clean/ISIC2018/ISIC_0025255.jpg,5,4,0.0046679783,0.0062814513,0.0032082512,0.0009336544,0.74908394,0.2357097,0.00011504879
/home/share/Uni_Eval/HAM10000_clean/ISIC2018/ISIC_0032453.jpg,5,4,0.0054341,0.0035085184,0.00223015,0.0016573068,0.6898291,0.2966918,0.0006490107
/home/share/Uni_Eval/HAM10000_clean/ISIC2018/ISIC_0028546.jpg,5,4,0.02686324,0.019348865,0.03614844,0.007577125,0.56545675,0.34296685,0.0016386682
/home/share/Uni_Eval/HAM10000_clean/ISIC2018/ISIC_0031174.jpg,5,4,0.008578401,0.006374927,0.0044504157,0.003058723,0.8092618,0.1670006,0.0012750654
/home/share/Uni_Eval/HAM10000_clean/ISIC2018/ISIC_0026836.jpg,5,4,0.009146424,0.018767243,0.0062862393,0.0016144399,0.64121383,0.32242256,0.00054928544
/home/share/Uni_Eval/HAM10000_clean/ISIC2018/ISIC_0026613.jpg,5,4,0.0054812105,0.026149396,0.0059266025,0.0010963111,0.75234956,0.20891993,7.697312e-05
/home/share/Uni_Eval/HAM10000_clean/ISIC2018/ISIC_0027843.jpg,5,4,0.048539154,0.01227262,0.03496144,0.026390279,0.5057896,0.37004355,0.00200345
/home/share/Uni_Eval/HAM10000_clean/ISIC2018/ISIC_0030797.jpg,5,4,0.01942806,0.026143312,0.00946848,0.010898154,0.57671225,0.3553021,0.0020477024
/home/share/Uni_Eval/HAM10000_clean/ISIC2018/ISIC_0027939.jpg,5,5,0.047195394,0.013105688,0.021607626,0.012702468,0.38903576,0.51538867,0.0009643233
/home/share/Uni_Eval/HAM10000_clean/ISIC2018/ISIC_0031947.jpg,5,4,0.025599977,0.013281092,0.021223126,0.023309043,0.8216721,0.0866036,0.008311096
/home/share/Uni_Eval/HAM10000_clean/ISIC2018/ISIC_0029675.jpg,5,4,0.0031493343,0.0049545984,0.005702708,0.0042378926,0.78275216,0.19791074,0.0012924843
/home/share/Uni_Eval/HAM10000_clean/ISIC2018/ISIC_0032426.jpg,5,4,0.005438568,0.011878925,0.0026922864,0.0007958384,0.8071551,0.17185323,0.00018609756
/home/share/Uni_Eval/HAM10000_clean/ISIC2018/ISIC_0031571.jpg,5,4,0.07449358,0.026149707,0.0296315,0.06272988,0.5859374,0.19322166,0.027836217
/home/share/Uni_Eval/HAM10000_clean/ISIC2018/ISIC_0030120.jpg,5,5,0.03287016,0.013702322,0.06958613,0.09813217,0.27955252,0.49062997,0.015526762
/home/share/Uni_Eval/HAM10000_clean/ISIC2018/ISIC_0025878.jpg,5,5,0.005603273,0.001763148,0.010800591,0.044073153,0.35766646,0.57154936,0.008543971
/home/share/Uni_Eval/HAM10000_clean/ISIC2018/ISIC_0025613.jpg,5,6,0.015810724,0.003583405,0.023366734,0.16998129,0.1263194,0.31756687,0.34337166
/home/share/Uni_Eval/HAM10000_clean/ISIC2018/ISIC_0027085.jpg,5,5,0.034046154,0.04510383,0.03248707,0.0039411285,0.43467215,0.44847015,0.001279497
/home/share/Uni_Eval/HAM10000_clean/ISIC2018/ISIC_0028933.jpg,5,4,0.0028501016,0.004212177,0.002595047,0.0053246906,0.76594055,0.21604346,0.0030339172
/home/share/Uni_Eval/HAM10000_clean/ISIC2018/ISIC_0027356.jpg,5,4,0.019101491,0.027792506,0.014418562,0.0027951656,0.7167782,0.21860498,0.0005090375
/home/share/Uni_Eval/HAM10000_clean/ISIC2018/ISIC_0030836.jpg,5,5,0.17875136,0.021684999,0.06274763,0.09419534,0.28121534,0.34997815,0.011427191
/home/share/Uni_Eval/HAM10000_clean/ISIC2018/ISIC_0030204.jpg,5,0,0.25318396,0.059204135,0.15118304,0.14653164,0.1660421,0.21655972,0.007295381
/home/share/Uni_Eval/HAM10000_clean/ISIC2018/ISIC_0028242.jpg,5,4,0.044499744,0.008492924,0.016628338,0.012357132,0.6853011,0.22954713,0.003173574
/home/share/Uni_Eval/HAM10000_clean/ISIC2018/ISIC_0024856.jpg,5,4,0.005302469,0.010062317,0.016079538,0.007361749,0.53248113,0.42786065,0.0008521843
/home/share/Uni_Eval/HAM10000_clean/ISIC2018/ISIC_0028775.jpg,5,5,0.10193344,0.012959383,0.0845058,0.10193344,0.22971056,0.4427787,0.026178673
/home/share/Uni_Eval/HAM10000_clean/ISIC2018/ISIC_0025910.jpg,5,4,0.104300365,0.07630778,0.06036442,0.014792939,0.5380223,0.20421022,0.0020020066
/home/share/Uni_Eval/HAM10000_clean/ISIC2018/ISIC_0031392.jpg,5,4,0.04520341,0.026573714,0.012552534,0.005071682,0.6539609,0.25609475,0.0005429693
/home/share/Uni_Eval/HAM10000_clean/ISIC2018/ISIC_0031909.jpg,5,4,0.034148738,0.047410827,0.019155705,0.0033287623,0.65448624,0.24077207,0.0006977466
/home/share/Uni_Eval/HAM10000_clean/ISIC2018/ISIC_0029274.jpg,5,5,0.0766687,0.035101492,0.10479369,0.0896348,0.2939012,0.3833194,0.016580772
/home/share/Uni_Eval/HAM10000_clean/ISIC2018/ISIC_0029972.jpg,5,4,0.03727608,0.116626546,0.037863098,0.02191348,0.5226839,0.2587473,0.0048895576
/home/share/Uni_Eval/HAM10000_clean/ISIC2018/ISIC_0027373.jpg,5,4,0.0037808947,0.025837727,0.005675795,0.0019011534,0.8691022,0.09304522,0.000657021
/home/share/Uni_Eval/HAM10000_clean/ISIC2018/ISIC_0024556.jpg,5,4,0.06474538,0.035201456,0.040516626,0.01944009,0.58615685,0.25210294,0.0018366852
/home/share/Uni_Eval/HAM10000_clean/ISIC2018/ISIC_0027157.jpg,5,5,0.0062964875,0.006395642,0.024136903,0.019699967,0.44141784,0.5001919,0.0018612382
/home/share/Uni_Eval/HAM10000_clean/ISIC2018/ISIC_0032288.jpg,5,4,0.09605207,0.027952746,0.060107853,0.09605207,0.41723117,0.2779359,0.024668211
/home/share/Uni_Eval/HAM10000_clean/ISIC2018/ISIC_0024534.jpg,5,4,0.015105367,0.006915741,0.006915741,0.0037600233,0.7509208,0.21514241,0.0012399241
/home/share/Uni_Eval/HAM10000_clean/ISIC2018/ISIC_0031313.jpg,5,4,0.030035025,0.10816027,0.012917902,0.0033175917,0.7992023,0.04508791,0.0012790456
/home/share/Uni_Eval/HAM10000_clean/ISIC2018/ISIC_0028813.jpg,5,4,0.02414546,0.012924133,0.014194382,0.0051408648,0.54102814,0.40205798,0.0005090146
/home/share/Uni_Eval/HAM10000_clean/ISIC2018/ISIC_0027482.jpg,5,4,0.0069609936,0.031197011,0.004637021,0.00079330086,0.75583434,0.20027618,0.00030110302
/home/share/Uni_Eval/HAM10000_clean/ISIC2018/ISIC_0026689.jpg,5,4,0.019838724,0.008666897,0.0069640474,0.0007936489,0.80493444,0.15850097,0.00030123512
/home/share/Uni_Eval/HAM10000_clean/ISIC2018/ISIC_0032419.jpg,5,4,0.011031386,0.0373187,0.00679624,0.0016396692,0.7855385,0.15711759,0.0005578693
/home/share/Uni_Eval/HAM10000_clean/ISIC2018/ISIC_0028985.jpg,5,4,0.00969995,0.04700461,0.009112259,0.0018225665,0.77056247,0.16151866,0.00027949965
/home/share/Uni_Eval/HAM10000_clean/ISIC2018/ISIC_0029335.jpg,5,4,0.045942143,0.032577854,0.034678947,0.024209805,0.63421166,0.22262925,0.005750333
/home/share/Uni_Eval/HAM10000_clean/ISIC2018/ISIC_0030351.jpg,5,5,0.0513542,0.021075722,0.026229158,0.0050059226,0.38543466,0.510618,0.0002824148
/home/share/Uni_Eval/HAM10000_clean/ISIC2018/ISIC_0026994.jpg,5,5,0.04300669,0.005730087,0.011942527,0.024504473,0.4343522,0.47704256,0.003421591
/home/share/Uni_Eval/HAM10000_clean/ISIC2018/ISIC_0029111.jpg,5,4,0.043244798,0.018027116,0.03315694,0.002852304,0.60637707,0.29552457,0.0008171988
/home/share/Uni_Eval/HAM10000_clean/ISIC2018/ISIC_0031114.jpg,5,5,0.053056944,0.032180663,0.04132079,0.058271654,0.24533282,0.56157243,0.008264678
/home/share/Uni_Eval/HAM10000_clean/ISIC2018/ISIC_0025146.jpg,5,4,0.032511048,0.028690895,0.026534744,0.0068146847,0.5762721,0.32834992,0.00082671514
/home/share/Uni_Eval/HAM10000_clean/ISIC2018/ISIC_0027600.jpg,5,4,0.027894372,0.03933737,0.031608462,0.010261766,0.5022259,0.38506994,0.0036022183
/home/share/Uni_Eval/HAM10000_clean/ISIC2018/ISIC_0024804.jpg,5,4,0.004798309,0.004950624,0.009248983,0.0056981333,0.73473775,0.23853442,0.002031732
/home/share/Uni_Eval/HAM10000_clean/ISIC2018/ISIC_0032266.jpg,5,4,0.010423442,0.0047722002,0.024616878,0.06796938,0.6058045,0.27735755,0.009056044
/home/share/Uni_Eval/HAM10000_clean/ISIC2018/ISIC_0026415.jpg,5,4,0.010179237,0.012668265,0.010179237,0.0045881416,0.7716068,0.18909039,0.001687883
/home/share/Uni_Eval/HAM10000_clean/ISIC2018/ISIC_0030524.jpg,5,5,0.008013946,0.004566209,0.027971422,0.03763966,0.07255234,0.8433932,0.005863128
/home/share/Uni_Eval/HAM10000_clean/ISIC2018/ISIC_0030679.jpg,5,4,0.023808066,0.011246134,0.008896424,0.008357417,0.8524797,0.092702866,0.0025093516
/home/share/Uni_Eval/HAM10000_clean/ISIC2018/ISIC_0026740.jpg,5,4,0.0011487916,0.0026296105,0.0010297702,0.00050186994,0.86584914,0.12869698,0.00014378814
/home/share/Uni_Eval/HAM10000_clean/ISIC2018/ISIC_0028712.jpg,5,4,0.0021652468,0.002415507,0.0011410048,0.0009913222,0.8205988,0.17200685,0.0006813251
/home/share/Uni_Eval/HAM10000_clean/ISIC2018/ISIC_0024379.jpg,5,5,0.012054709,0.0066572423,0.0084155435,0.032768097,0.20710075,0.72285265,0.010151084
/home/share/Uni_Eval/HAM10000_clean/ISIC2018/ISIC_0030237.jpg,5,4,0.029187186,0.0047646766,0.01160986,0.02102274,0.6338768,0.29020998,0.0093287835
/home/share/Uni_Eval/HAM10000_clean/ISIC2018/ISIC_0028177.jpg,5,4,0.09690905,0.045066893,0.033490874,0.0075905034,0.41442743,0.40167683,0.0008384275
/home/share/Uni_Eval/HAM10000_clean/ISIC2018/ISIC_0024661.jpg,5,4,0.022816835,0.010610813,0.010124909,0.0061410675,0.6879723,0.26112485,0.0012092479
/home/share/Uni_Eval/HAM10000_clean/ISIC2018/ISIC_0025474.jpg,5,4,0.02318847,0.0037854142,0.008530562,0.017779218,0.48053747,0.45853207,0.0076467465
/home/share/Uni_Eval/HAM10000_clean/ISIC2018/ISIC_0025397.jpg,5,4,0.0054334896,0.0063523934,0.0034537364,0.0021953285,0.9137725,0.06723586,0.001556721
/home/share/Uni_Eval/HAM10000_clean/ISIC2018/ISIC_0024641.jpg,5,4,0.077188134,0.10716512,0.043980476,0.0053354367,0.5703475,0.19405097,0.0019323672
/home/share/Uni_Eval/HAM10000_clean/ISIC2018/ISIC_0026267.jpg,5,5,0.019078579,0.008466068,0.037354045,0.03853979,0.36565533,0.52377707,0.0071291444
/home/share/Uni_Eval/HAM10000_clean/ISIC2018/ISIC_0030407.jpg,5,4,0.016205955,0.012043242,0.015463829,0.0026455494,0.6473446,0.30578393,0.0005128631
/home/share/Uni_Eval/HAM10000_clean/ISIC2018/ISIC_0030490.jpg,5,4,0.012397899,0.008388839,0.0116467485,0.005416241,0.57000893,0.39176106,0.00038027982
/home/share/Uni_Eval/HAM10000_clean/ISIC2018/ISIC_0029150.jpg,5,4,0.2509392,0.021252206,0.06860296,0.061495297,0.39478278,0.18941884,0.013508723
/home/share/Uni_Eval/HAM10000_clean/ISIC2018/ISIC_0030711.jpg,5,5,0.07847946,0.046135698,0.057416808,0.0760649,0.27823386,0.45873007,0.0049392427
/home/share/Uni_Eval/HAM10000_clean/ISIC2018/ISIC_0027541.jpg,5,4,0.009674022,0.023206772,0.0054266346,0.0018753946,0.805384,0.15371022,0.0007230291
/home/share/Uni_Eval/HAM10000_clean/ISIC2018/ISIC_0027557.jpg,5,4,0.030121546,0.034669682,0.019146418,0.010089453,0.6963592,0.20584339,0.0037701533
/home/share/Uni_Eval/HAM10000_clean/ISIC2018/ISIC_0027892.jpg,5,4,0.10738298,0.03125023,0.051522918,0.03224222,0.46645042,0.30116305,0.009988174
/home/share/Uni_Eval/HAM10000_clean/ISIC2018/ISIC_0028786.jpg,5,4,0.025888478,0.009826157,0.012039259,0.019849384,0.60792285,0.3153862,0.00908771
/home/share/Uni_Eval/HAM10000_clean/ISIC2018/ISIC_0031097.jpg,5,4,0.019558119,0.019866113,0.0098344395,0.0017909844,0.7572099,0.19145264,0.0002878374
/home/share/Uni_Eval/HAM10000_clean/ISIC2018/ISIC_0024392.jpg,5,4,0.02196003,0.018783407,0.00691003,0.0011457952,0.6831565,0.2675279,0.0005164504
/home/share/Uni_Eval/HAM10000_clean/ISIC2018/ISIC_0029004.jpg,5,4,0.010060176,0.009904208,0.006197895,0.001361497,0.82454747,0.14783323,9.559209e-05
/home/share/Uni_Eval/HAM10000_clean/ISIC2018/ISIC_0025109.jpg,5,4,0.017022664,0.012849381,0.046272397,0.19481406,0.27473187,0.2501462,0.20416339
/home/share/Uni_Eval/HAM10000_clean/ISIC2018/ISIC_0029508.jpg,5,4,0.013173649,0.004922633,0.007744389,0.008639491,0.634742,0.3292998,0.0014780425
/home/share/Uni_Eval/HAM10000_clean/ISIC2018/ISIC_0030484.jpg,5,4,0.010769228,0.011286054,0.008789588,0.0016007029,0.7789469,0.18792969,0.00067778025
/home/share/Uni_Eval/HAM10000_clean/ISIC2018/ISIC_0026515.jpg,5,5,0.11521701,0.043053452,0.0829877,0.04238597,0.31319234,0.3959122,0.0072513847
/home/share/Uni_Eval/HAM10000_clean/ISIC2018/ISIC_0029706.jpg,5,4,0.118630216,0.045736022,0.039736144,0.008200017,0.54003626,0.24724661,0.0004146839
/home/share/Uni_Eval/HAM10000_clean/ISIC2018/ISIC_0030414.jpg,5,4,0.08375612,0.07746175,0.07992066,0.020848548,0.55475926,0.17456274,0.008690967
/home/share/Uni_Eval/HAM10000_clean/ISIC2018/ISIC_0028021.jpg,5,4,0.12625349,0.033980664,0.043632038,0.028170958,0.44066796,0.32239956,0.0048953793
/home/share/Uni_Eval/HAM10000_clean/ISIC2018/ISIC_0025944.jpg,5,4,0.009542838,0.016232913,0.010813452,0.0025684203,0.55462426,0.4057718,0.00044632447
/home/share/Uni_Eval/HAM10000_clean/ISIC2018/ISIC_0026628.jpg,5,4,0.06710608,0.02754028,0.04134286,0.028861964,0.57072055,0.2572439,0.0071843113
/home/share/Uni_Eval/HAM10000_clean/ISIC2018/ISIC_0027438.jpg,5,5,0.006620272,0.001409537,0.018279154,0.06281139,0.29965636,0.57760274,0.03362051
/home/share/Uni_Eval/HAM10000_clean/ISIC2018/ISIC_0024656.jpg,5,4,0.06409296,0.018078249,0.042695113,0.035395492,0.41793856,0.40507993,0.016719647
/home/share/Uni_Eval/HAM10000_clean/ISIC2018/ISIC_0029456.jpg,5,5,0.027399022,0.00889516,0.012942381,0.0068201553,0.46341932,0.47812983,0.0023941
/home/share/Uni_Eval/HAM10000_clean/ISIC2018/ISIC_0030692.jpg,5,4,0.013889288,0.015254398,0.010321642,0.008293673,0.77027136,0.18011904,0.0018505686
/home/share/Uni_Eval/HAM10000_clean/ISIC2018/ISIC_0028908.jpg,5,4,0.05776992,0.012690367,0.032405987,0.07078118,0.60197634,0.22145475,0.0029214886
/home/share/Uni_Eval/HAM10000_clean/ISIC2018/ISIC_0024395.jpg,5,5,0.051848907,0.03913761,0.03913761,0.023738159,0.3030685,0.540278,0.0027911642
/home/share/Uni_Eval/HAM10000_clean/ISIC2018/ISIC_0026791.jpg,5,4,0.027581496,0.024723895,0.015962945,0.008544349,0.71133614,0.21027057,0.0015805457
/home/share/Uni_Eval/HAM10000_clean/ISIC2018/ISIC_0024736.jpg,5,4,0.051312227,0.017458105,0.018012285,0.01317807,0.675906,0.21943454,0.0046987855
/home/share/Uni_Eval/HAM10000_clean/ISIC2018/ISIC_0030775.jpg,5,4,0.050660316,0.033747047,0.045411613,0.008532589,0.65697294,0.20352073,0.0011547604
/home/share/Uni_Eval/HAM10000_clean/ISIC2018/ISIC_0028318.jpg,5,4,0.05297382,0.1270776,0.059096564,0.03474108,0.55199987,0.16835044,0.0057606357
/home/share/Uni_Eval/HAM10000_clean/ISIC2018/ISIC_0027901.jpg,5,4,0.02316373,0.0031348702,0.011647456,0.03879195,0.46525598,0.45094153,0.0070645385
/home/share/Uni_Eval/HAM10000_clean/ISIC2018/ISIC_0030866.jpg,5,4,0.011357836,0.024807794,0.007565951,0.002004777,0.736407,0.21768148,0.00017517548
/home/share/Uni_Eval/HAM10000_clean/ISIC2018/ISIC_0027477.jpg,5,4,0.07327439,0.043754134,0.048054516,0.015121022,0.477809,0.3388173,0.0031695387
/home/share/Uni_Eval/HAM10000_clean/ISIC2018/ISIC_0027637.jpg,5,4,0.041072004,0.04043524,0.029583057,0.013757397,0.69468033,0.17564268,0.0048293015
/home/share/Uni_Eval/HAM10000_clean/ISIC2018/ISIC_0029264.jpg,5,4,0.028772155,0.045977768,0.022760646,0.004210296,0.777655,0.119257264,0.001366883
/home/share/Uni_Eval/HAM10000_clean/ISIC2018/ISIC_0027617.jpg,5,4,0.048628967,0.016805723,0.050962724,0.024073085,0.5394065,0.31218454,0.007938461
/home/share/Uni_Eval/HAM10000_clean/ISIC2018/ISIC_0029711.jpg,5,4,0.019729689,0.020040385,0.017411388,0.004471614,0.8389277,0.09864223,0.00077705004
/home/share/Uni_Eval/HAM10000_clean/ISIC2018/ISIC_0024977.jpg,5,4,0.028999478,0.020887543,0.020244898,0.011535196,0.7363112,0.17764336,0.004378266
/home/share/Uni_Eval/HAM10000_clean/ISIC2018/ISIC_0031785.jpg,5,4,0.011497739,0.02890531,0.01986631,0.004573484,0.7454778,0.1884863,0.0011930647
/home/share/Uni_Eval/HAM10000_clean/ISIC2018/ISIC_0025976.jpg,5,4,0.021319035,0.020988513,0.011234342,0.004068809,0.6428107,0.29893476,0.0006437791
/home/share/Uni_Eval/HAM10000_clean/ISIC2018/ISIC_0030578.jpg,5,4,0.17092791,0.0336577,0.17913091,0.060946226,0.26063395,0.24869865,0.046004623
/home/share/Uni_Eval/HAM10000_clean/ISIC2018/ISIC_0028552.jpg,5,5,0.03571827,0.01911861,0.016353015,0.05278818,0.3664226,0.48543108,0.02416819
/home/share/Uni_Eval/HAM10000_clean/ISIC2018/ISIC_0026945.jpg,5,4,0.04096929,0.032409377,0.022981688,0.00723151,0.58351654,0.3123339,0.00055763416
/home/share/Uni_Eval/HAM10000_clean/ISIC2018/ISIC_0029387.jpg,5,4,0.016071407,0.020316161,0.012516425,0.0010600243,0.6419701,0.30802062,4.5141278e-05
/home/share/Uni_Eval/HAM10000_clean/ISIC2018/ISIC_0024321.jpg,5,5,0.049662475,0.008765946,0.1903757,0.14596613,0.18742421,0.39677706,0.021028413
/home/share/Uni_Eval/HAM10000_clean/ISIC2018/ISIC_0027807.jpg,5,4,0.005257684,0.012811146,0.0030908328,0.00048145888,0.7682119,0.21001744,0.0001295829
/home/share/Uni_Eval/HAM10000_clean/ISIC2018/ISIC_0025714.jpg,5,5,0.02434674,0.009386504,0.013872354,0.0108038,0.3749426,0.5628555,0.0037924906
/home/share/Uni_Eval/HAM10000_clean/ISIC2018/ISIC_0028612.jpg,5,4,0.0028996575,0.0037818663,0.0022938177,0.0018145592,0.8039946,0.18509007,0.00012542686
/home/share/Uni_Eval/HAM10000_clean/ISIC2018/ISIC_0029795.jpg,5,4,0.03848635,0.005290584,0.008587466,0.002744719,0.6408553,0.3027186,0.0013169305
/home/share/Uni_Eval/HAM10000_clean/ISIC2018/ISIC_0030562.jpg,5,4,0.021406762,0.014944329,0.011821938,0.0018129527,0.8822336,0.06697584,0.0008044929
/home/share/Uni_Eval/HAM10000_clean/ISIC2018/ISIC_0032198.jpg,5,6,0.008605606,0.003317756,0.017657556,0.16237585,0.109869,0.15738007,0.5407942
/home/share/Uni_Eval/HAM10000_clean/ISIC2018/ISIC_0030643.jpg,5,4,0.022313286,0.017108187,0.054369703,0.020636413,0.48459193,0.3955124,0.005468105
/home/share/Uni_Eval/HAM10000_clean/ISIC2018/ISIC_0027353.jpg,5,5,0.040872637,0.0034615307,0.010830171,0.028983042,0.24649358,0.659651,0.009708103
/home/share/Uni_Eval/HAM10000_clean/ISIC2018/ISIC_0026701.jpg,5,4,0.013797595,0.0089083975,0.013373087,0.0025127288,0.66480535,0.2950056,0.0015971877
/home/share/Uni_Eval/HAM10000_clean/ISIC2018/ISIC_0028616.jpg,5,4,0.13295916,0.023838263,0.05992939,0.064799115,0.41599238,0.27281448,0.029667197
/home/share/Uni_Eval/HAM10000_clean/ISIC2018/ISIC_0026708.jpg,5,4,0.0031596215,0.003110636,0.0021379068,0.0009052467,0.63101345,0.3595406,0.00013246686
/home/share/Uni_Eval/HAM10000_clean/ISIC2018/ISIC_0024820.jpg,5,4,0.03350778,0.023392199,0.018217864,0.007958794,0.72770995,0.18399389,0.0052195047
/home/share/Uni_Eval/HAM10000_clean/ISIC2018/ISIC_0031275.jpg,5,5,0.097127244,0.0151295075,0.089828014,0.073315494,0.28104702,0.40892097,0.034631785
/home/share/Uni_Eval/HAM10000_clean/ISIC2018/ISIC_0031343.jpg,5,4,0.051551,0.07157148,0.0575093,0.038912736,0.6086976,0.16640866,0.005349198
/home/share/Uni_Eval/HAM10000_clean/ISIC2018/ISIC_0029423.jpg,5,4,0.018378956,0.044783123,0.047671385,0.03077896,0.60862744,0.24590771,0.0038524384
/home/share/Uni_Eval/HAM10000_clean/ISIC2018/ISIC_0031296.jpg,5,4,0.028823007,0.053013623,0.042597644,0.012991548,0.5611139,0.30034265,0.0011175893
/home/share/Uni_Eval/HAM10000_clean/ISIC2018/ISIC_0025137.jpg,5,4,0.011373573,0.030437259,0.010037143,0.0034149657,0.8099054,0.13221341,0.002618345
/home/share/Uni_Eval/HAM10000_clean/ISIC2018/ISIC_0025890.jpg,5,4,0.044343114,0.019677138,0.03193915,0.041656505,0.41419318,0.3276538,0.12053708
/home/share/Uni_Eval/HAM10000_clean/ISIC2018/ISIC_0027232.jpg,5,4,0.24809164,0.008228043,0.06175489,0.16017999,0.38425183,0.110089995,0.027403565
/home/share/Uni_Eval/HAM10000_clean/ISIC2018/ISIC_0027259.jpg,5,4,0.019849135,0.042020615,0.010624475,0.0005809505,0.6997061,0.22716129,5.752189e-05
/home/share/Uni_Eval/HAM10000_clean/ISIC2018/ISIC_0029556.jpg,5,4,0.02610712,0.018225707,0.007838779,0.0024665813,0.7995772,0.1433563,0.0024283405
/home/share/Uni_Eval/HAM10000_clean/ISIC2018/ISIC_0030613.jpg,5,4,0.05905474,0.03471649,0.045278836,0.018010676,0.44323042,0.39730915,0.0023996904
/home/share/Uni_Eval/HAM10000_clean/ISIC2018/ISIC_0025698.jpg,5,4,0.022055883,0.014240348,0.015639963,0.008773224,0.8276409,0.10687975,0.0047699194
/home/share/Uni_Eval/HAM10000_clean/ISIC2018/ISIC_0031230.jpg,5,4,0.0047470722,0.006906949,0.002834606,0.0012977773,0.86320573,0.12053052,0.00047742558
/home/share/Uni_Eval/HAM10000_clean/ISIC2018/ISIC_0026300.jpg,5,4,0.06890733,0.020689733,0.029177198,0.044489913,0.4934949,0.33391538,0.009325593
/home/share/Uni_Eval/HAM10000_clean/ISIC2018/ISIC_0027474.jpg,5,4,0.07662442,0.06452423,0.15722312,0.15969902,0.33808282,0.19263376,0.011212631
/home/share/Uni_Eval/HAM10000_clean/ISIC2018/ISIC_0031635.jpg,5,4,0.0069320775,0.01090569,0.0045461673,0.0013024989,0.7765877,0.19944422,0.00028168512
/home/share/Uni_Eval/HAM10000_clean/ISIC2018/ISIC_0026972.jpg,5,4,0.03493412,0.013259497,0.013895833,0.012072908,0.5464616,0.37557718,0.0037989095
/home/share/Uni_Eval/HAM10000_clean/ISIC2018/ISIC_0024568.jpg,5,4,0.031048154,0.05449121,0.024180328,0.005068472,0.81335235,0.07106993,0.0007895157
/home/share/Uni_Eval/HAM10000_clean/ISIC2018/ISIC_0030863.jpg,5,4,0.013359054,0.036313675,0.009181535,0.014444581,0.5012948,0.42213255,0.003273777
/home/share/Uni_Eval/HAM10000_clean/ISIC2018/ISIC_0027682.jpg,5,4,0.0065809255,0.012884827,0.0066845603,0.0004918534,0.8892918,0.08401963,4.6469944e-05
/home/share/Uni_Eval/HAM10000_clean/ISIC2018/ISIC_0030975.jpg,5,4,0.040683497,0.026680889,0.022119235,0.010612925,0.6881092,0.20986144,0.0019327573
/home/share/Uni_Eval/HAM10000_clean/ISIC2018/ISIC_0031763.jpg,5,4,0.031794146,0.042783696,0.038955003,0.014108566,0.7013676,0.1640067,0.006984247
/home/share/Uni_Eval/HAM10000_clean/ISIC2018/ISIC_0031030.jpg,5,4,0.06140193,0.034443364,0.053346924,0.037242148,0.42621386,0.370301,0.0170507
/home/share/Uni_Eval/HAM10000_clean/ISIC2018/ISIC_0031954.jpg,5,4,0.016199658,0.023570364,0.009825589,0.0019961896,0.75652844,0.19128034,0.00059936475
/home/share/Uni_Eval/HAM10000_clean/ISIC2018/ISIC_0028595.jpg,5,4,0.046841983,0.027536985,0.07031815,0.022126589,0.66716003,0.1634946,0.0025216285
/home/share/Uni_Eval/HAM10000_clean/ISIC2018/ISIC_0026413.jpg,5,4,0.039195403,0.04172329,0.03052541,0.0058258763,0.6227745,0.25961104,0.00034444683
/home/share/Uni_Eval/HAM10000_clean/ISIC2018/ISIC_0028157.jpg,5,4,0.013244119,0.010641948,0.01150669,0.013452684,0.6481866,0.3014348,0.001533118
/home/share/Uni_Eval/HAM10000_clean/ISIC2018/ISIC_0024311.jpg,5,4,0.037323568,0.008865125,0.020936625,0.014846289,0.565876,0.34862608,0.0035263028
/home/share/Uni_Eval/HAM10000_clean/ISIC2018/ISIC_0026838.jpg,5,4,0.021871524,0.073990405,0.02402117,0.0029140986,0.79547185,0.081262566,0.00046833823
/home/share/Uni_Eval/HAM10000_clean/ISIC2018/ISIC_0029016.jpg,5,4,0.002531309,0.003920568,0.0030060038,0.002065994,0.8466069,0.14038119,0.0014880797
/home/share/Uni_Eval/HAM10000_clean/ISIC2018/ISIC_0028322.jpg,5,4,0.031173104,0.014957019,0.052205123,0.053862296,0.561258,0.26511952,0.02142494
/home/share/Uni_Eval/HAM10000_clean/ISIC2018/ISIC_0026695.jpg,5,4,0.0070745954,0.0050956397,0.008016567,0.005684597,0.8569549,0.11417819,0.0029955723
/home/share/Uni_Eval/HAM10000_clean/ISIC2018/ISIC_0029225.jpg,5,5,0.019785918,0.0064235474,0.03064503,0.011273676,0.36754492,0.55175024,0.012576695
/home/share/Uni_Eval/HAM10000_clean/ISIC2018/ISIC_0026184.jpg,5,5,0.02440495,0.003102741,0.031830054,0.22442375,0.2388978,0.33689994,0.14044078
/home/share/Uni_Eval/HAM10000_clean/ISIC2018/ISIC_0029903.jpg,5,4,0.017238151,0.0042243907,0.025877526,0.10725936,0.51976407,0.26546952,0.060167056
/home/share/Uni_Eval/HAM10000_clean/ISIC2018/ISIC_0024874.jpg,5,5,0.08730071,0.020414257,0.04821203,0.012576859,0.30950788,0.5183282,0.003660075
/home/share/Uni_Eval/HAM10000_clean/ISIC2018/ISIC_0030769.jpg,5,4,0.021998174,0.0042645405,0.04584813,0.17302905,0.428251,0.28976914,0.036840007
/home/share/Uni_Eval/HAM10000_clean/ISIC2018/ISIC_0029816.jpg,5,4,0.016180066,0.050622948,0.016180066,0.00576918,0.7675127,0.14197557,0.0017595006
/home/share/Uni_Eval/HAM10000_clean/ISIC2018/ISIC_0028896.jpg,5,5,0.015275926,0.0041762055,0.027661128,0.03183776,0.36436394,0.546975,0.009709969
/home/share/Uni_Eval/HAM10000_clean/ISIC2018/ISIC_0025560.jpg,5,4,0.10088296,0.050727136,0.04476654,0.013868028,0.5715409,0.21356924,0.004645208
/home/share/Uni_Eval/HAM10000_clean/ISIC2018/ISIC_0030612.jpg,5,4,0.09468536,0.011851261,0.03947073,0.056539208,0.58001816,0.20681185,0.010623403
/home/share/Uni_Eval/HAM10000_clean/ISIC2018/ISIC_0027885.jpg,5,4,0.049571186,0.08172907,0.03053992,0.037418295,0.6039007,0.1870797,0.009761145
/home/share/Uni_Eval/HAM10000_clean/ISIC2018/ISIC_0028997.jpg,5,5,0.08220827,0.014971239,0.1972074,0.046114665,0.26537156,0.38611335,0.008013526
/home/share/Uni_Eval/HAM10000_clean/ISIC2018/ISIC_0031505.jpg,5,5,0.11966454,0.040713813,0.052277572,0.033229645,0.35725236,0.39236495,0.004497144
/home/share/Uni_Eval/HAM10000_clean/ISIC2018/ISIC_0024625.jpg,5,4,0.0054469085,0.014350693,0.0034085882,0.000903186,0.78352123,0.19201015,0.00035926254
/home/share/Uni_Eval/HAM10000_clean/ISIC2018/ISIC_0024601.jpg,5,4,0.017220467,0.022813413,0.012403438,0.0034443103,0.85606706,0.087452754,0.0005985314
/home/share/Uni_Eval/HAM10000_clean/ISIC2018/ISIC_0027696.jpg,5,4,0.04751504,0.013194449,0.030678013,0.008927811,0.6161844,0.27773607,0.005764228
/home/share/Uni_Eval/HAM10000_clean/ISIC2018/ISIC_0025059.jpg,5,4,0.013917144,0.031362776,0.010838684,0.0038646518,0.68112546,0.2585261,0.0003651294
/home/share/Uni_Eval/HAM10000_clean/ISIC2018/ISIC_0032106.jpg,5,4,0.016575651,0.04102513,0.013112419,0.0059102303,0.8112367,0.10978894,0.0023509273
/home/share/Uni_Eval/HAM10000_clean/ISIC2018/ISIC_0030368.jpg,5,5,0.024914356,0.0074806465,0.036821026,0.045114066,0.26785457,0.6036196,0.014195772
/home/share/Uni_Eval/HAM10000_clean/ISIC2018/ISIC_0029090.jpg,5,3,0.06063925,0.011755455,0.055212665,0.27604598,0.2634049,0.2513427,0.081599034
/home/share/Uni_Eval/HAM10000_clean/ISIC2018/ISIC_0032137.jpg,5,5,0.035225283,0.00738362,0.016639244,0.010251142,0.44275388,0.48627,0.0014768171
/home/share/Uni_Eval/HAM10000_clean/ISIC2018/ISIC_0030701.jpg,5,5,0.02188065,0.0043085557,0.008840581,0.008568587,0.20759784,0.7475885,0.001215284
/home/share/Uni_Eval/HAM10000_clean/ISIC2018/ISIC_0028839.jpg,5,4,0.019767746,0.010255371,0.014921478,0.012565143,0.57769823,0.36151433,0.0032778136
/home/share/Uni_Eval/HAM10000_clean/ISIC2018/ISIC_0026648.jpg,5,4,0.10502835,0.065725066,0.07218486,0.019428292,0.4707044,0.26404124,0.0028877575
/home/share/Uni_Eval/HAM10000_clean/ISIC2018/ISIC_0025408.jpg,5,5,0.076324776,0.017030358,0.034944028,0.042150542,0.28804666,0.5297989,0.011704782
/home/share/Uni_Eval/HAM10000_clean/ISIC2018/ISIC_0031884.jpg,5,4,0.22494628,0.0390898,0.04570061,0.037887137,0.47621125,0.16716588,0.008998984
/home/share/Uni_Eval/HAM10000_clean/ISIC2018/ISIC_0024775.jpg,5,4,0.0036836278,0.0036836278,0.0059791184,0.0060732756,0.69109213,0.28809005,0.0013981474
/home/share/Uni_Eval/HAM10000_clean/ISIC2018/ISIC_0024659.jpg,5,5,0.021813642,0.0059635174,0.04075324,0.054839484,0.392745,0.47374085,0.010144285
/home/share/Uni_Eval/HAM10000_clean/ISIC2018/ISIC_0032053.jpg,5,4,0.01245795,0.031319283,0.00767512,0.0019405743,0.8333752,0.11278506,0.00044674557
/home/share/Uni_Eval/HAM10000_clean/ISIC2018/ISIC_0030256.jpg,5,4,0.055798404,0.035467625,0.06836563,0.008828591,0.50515753,0.32615423,0.00022803534
/home/share/Uni_Eval/HAM10000_clean/ISIC2018/ISIC_0026357.jpg,5,5,0.09023193,0.0077621425,0.16596194,0.13545418,0.11768463,0.47278154,0.010123743
/home/share/Uni_Eval/HAM10000_clean/ISIC2018/ISIC_0026155.jpg,5,4,0.023407592,0.045829836,0.01851693,0.0038813592,0.5583217,0.3493888,0.0006537275
/home/share/Uni_Eval/HAM10000_clean/ISIC2018/ISIC_0028140.jpg,5,4,0.009854861,0.03386357,0.0068798023,0.0005388677,0.66962296,0.27914038,9.96805e-05
/home/share/Uni_Eval/HAM10000_clean/ISIC2018/ISIC_0025058.jpg,5,4,0.24872303,0.100493185,0.18774599,0.044593584,0.3095408,0.106974445,0.001928929
/home/share/Uni_Eval/HAM10000_clean/ISIC2018/ISIC_0024956.jpg,5,4,0.01106212,0.008615187,0.015120126,0.0015936494,0.585389,0.3779556,0.000264253
/home/share/Uni_Eval/HAM10000_clean/ISIC2018/ISIC_0030103.jpg,5,4,0.014376747,0.009282326,0.0054567973,0.001799461,0.8894579,0.07894387,0.0006829984
/home/share/Uni_Eval/HAM10000_clean/ISIC2018/ISIC_0027245.jpg,5,4,0.0075957323,0.010221176,0.0060087196,0.008212945,0.6945135,0.2719754,0.0014725
/home/share/Uni_Eval/HAM10000_clean/ISIC2018/ISIC_0024532.jpg,5,5,0.031124908,0.006128858,0.034184027,0.015897049,0.26060566,0.6450052,0.007054272
/home/share/Uni_Eval/HAM10000_clean/ISIC2018/ISIC_0026380.jpg,5,4,0.04657711,0.014886938,0.038015127,0.017678678,0.5086368,0.3721266,0.0020786824
/home/share/Uni_Eval/HAM10000_clean/ISIC2018/ISIC_0027602.jpg,5,4,0.0070526307,0.014471059,0.010923328,0.0017283217,0.76578444,0.19976681,0.00027346017
/home/share/Uni_Eval/HAM10000_clean/ISIC2018/ISIC_0027372.jpg,5,4,0.0059759435,0.0070966086,0.0056138798,0.0023402134,0.8075396,0.16926949,0.0021643434
/home/share/Uni_Eval/HAM10000_clean/ISIC2018/ISIC_0025852.jpg,5,4,0.009384922,0.01453565,0.0066549056,0.003562114,0.88534665,0.07857898,0.001936688
/home/share/Uni_Eval/HAM10000_clean/ISIC2018/ISIC_0032403.jpg,5,4,0.028641487,0.017371941,0.039764766,0.06063403,0.32270265,0.232434,0.29845116
/home/share/Uni_Eval/HAM10000_clean/ISIC2018/ISIC_0025190.jpg,5,4,0.0033015464,0.011704998,0.008698417,0.002959487,0.7830064,0.18890911,0.0014199773
/home/share/Uni_Eval/HAM10000_clean/ISIC2018/ISIC_0027321.jpg,5,4,0.044836003,0.03384399,0.01675399,0.0020970078,0.7013531,0.20094103,0.00017484359
/home/share/Uni_Eval/HAM10000_clean/ISIC2018/ISIC_0031878.jpg,5,5,0.045616467,0.0014894303,0.038412914,0.16685809,0.15674867,0.5644736,0.026400786
/home/share/Uni_Eval/HAM10000_clean/ISIC2018/ISIC_0029086.jpg,5,4,0.0034486896,0.008670005,0.0057754684,0.0028590641,0.8571555,0.121570505,0.0005206742
/home/share/Uni_Eval/HAM10000_clean/ISIC2018/ISIC_0024399.jpg,5,4,0.030566819,0.078055106,0.017416447,0.0053953636,0.65354735,0.21217577,0.002843157
/home/share/Uni_Eval/HAM10000_clean/ISIC2018/ISIC_0024603.jpg,5,4,0.0053748307,0.019660315,0.004185922,0.0014693969,0.77315307,0.19548371,0.00067273894
/home/share/Uni_Eval/HAM10000_clean/ISIC2018/ISIC_0025429.jpg,5,4,0.021165121,0.0069795162,0.017822819,0.0031459145,0.504834,0.4455144,0.0005382025
/home/share/Uni_Eval/HAM10000_clean/ISIC2018/ISIC_0026548.jpg,5,4,0.011365774,0.042893987,0.010677157,0.0024199132,0.7968023,0.1342034,0.001637395
/home/share/Uni_Eval/HAM10000_clean/ISIC2018/ISIC_0031992.jpg,5,4,0.012178901,0.03208713,0.010255663,0.005156871,0.6444872,0.29506776,0.00076650036
/home/share/Uni_Eval/HAM10000_clean/ISIC2018/ISIC_0032416.jpg,5,5,0.08353975,0.21668562,0.0848553,0.051467348,0.2739163,0.27822983,0.011305875
/home/share/Uni_Eval/HAM10000_clean/ISIC2018/ISIC_0029587.jpg,5,4,0.05978652,0.017672861,0.023049757,0.007842286,0.7633031,0.12656805,0.0017774063
/home/share/Uni_Eval/HAM10000_clean/ISIC2018/ISIC_0026685.jpg,5,4,0.01103758,0.009008611,0.006001028,0.0027474705,0.8498465,0.12053387,0.0008249403
/home/share/Uni_Eval/HAM10000_clean/ISIC2018/ISIC_0031022.jpg,5,3,0.21095753,0.01504479,0.11833645,0.2245631,0.16174676,0.21765402,0.051697366
/home/share/Uni_Eval/HAM10000_clean/ISIC2018/ISIC_0029019.jpg,5,4,0.011634592,0.01541333,0.02463043,0.013602216,0.63522714,0.2954081,0.0040841256
/home/share/Uni_Eval/HAM10000_clean/ISIC2018/ISIC_0028204.jpg,5,4,0.0034023186,0.009542039,0.0041686078,0.0034558973,0.9143442,0.062221903,0.0028650395
/home/share/Uni_Eval/HAM10000_clean/ISIC2018/ISIC_0029941.jpg,5,4,0.0058327992,0.0044028284,0.004201208,0.002179558,0.8006085,0.18145308,0.0013219689
/home/share/Uni_Eval/HAM10000_clean/ISIC2018/ISIC_0025728.jpg,5,4,0.045167986,0.06369708,0.08307665,0.043099597,0.52506053,0.20885466,0.031043474
/home/share/Uni_Eval/HAM10000_clean/ISIC2018/ISIC_0026066.jpg,5,4,0.012710438,0.019080626,0.01878481,0.008735747,0.56639886,0.37145343,0.002836082
/home/share/Uni_Eval/HAM10000_clean/ISIC2018/ISIC_0024645.jpg,5,4,0.003197802,0.002651071,0.002339562,0.0043708775,0.7947986,0.1917541,0.00088799756
/home/share/Uni_Eval/HAM10000_clean/ISIC2018/ISIC_0031608.jpg,5,5,0.005858407,0.021096932,0.015434845,0.015677908,0.38582256,0.55266535,0.0034439794
/home/share/Uni_Eval/HAM10000_clean/ISIC2018/ISIC_0025333.jpg,5,4,0.01961487,0.012467968,0.025582612,0.004732307,0.61020064,0.32661688,0.0007846935
/home/share/Uni_Eval/HAM10000_clean/ISIC2018/ISIC_0028161.jpg,5,4,0.020347623,0.050360847,0.015121069,0.010556207,0.70615804,0.196093,0.0013632057
/home/share/Uni_Eval/HAM10000_clean/ISIC2018/ISIC_0025023.jpg,5,4,0.008380441,0.018020777,0.0040843002,0.001990529,0.8156827,0.15088613,0.0009550662
/home/share/Uni_Eval/HAM10000_clean/ISIC2018/ISIC_0030228.jpg,5,4,0.02448312,0.012504754,0.016056422,0.0027043426,0.7382141,0.20499465,0.001042617
/home/share/Uni_Eval/HAM10000_clean/ISIC2018/ISIC_0029433.jpg,5,4,0.0067024333,0.0068079815,0.00279399,0.00072885584,0.90571135,0.076705284,0.0005501692
/home/share/Uni_Eval/HAM10000_clean/ISIC2018/ISIC_0025586.jpg,5,4,0.0015665346,0.0014716231,0.002141199,0.0006134638,0.5665079,0.42762256,7.6783996e-05
/home/share/Uni_Eval/HAM10000_clean/ISIC2018/ISIC_0025114.jpg,5,4,0.006034572,0.009795077,0.0033850884,0.0012848347,0.8283038,0.15084533,0.00035125425
/home/share/Uni_Eval/HAM10000_clean/ISIC2018/ISIC_0026418.jpg,5,4,0.05452688,0.0142241875,0.015141568,0.010086458,0.50141984,0.4029022,0.0016988369
/home/share/Uni_Eval/HAM10000_clean/ISIC2018/ISIC_0032062.jpg,5,4,0.067961276,0.008374472,0.021384964,0.03111494,0.56021076,0.29985923,0.011094373
/home/share/Uni_Eval/HAM10000_clean/ISIC2018/ISIC_0032401.jpg,5,4,0.03624163,0.018801909,0.016853923,0.0125247715,0.6627901,0.25156677,0.001220894
/home/share/Uni_Eval/HAM10000_clean/ISIC2018/ISIC_0025204.jpg,5,4,0.13484861,0.0941395,0.08438611,0.02133615,0.45618698,0.20561959,0.0034830305
/home/share/Uni_Eval/HAM10000_clean/ISIC2018/ISIC_0030713.jpg,5,4,0.023422685,0.017406262,0.013986325,0.018528871,0.7401331,0.18137743,0.0051452816
/home/share/Uni_Eval/HAM10000_clean/ISIC2018/ISIC_0025858.jpg,5,5,0.065622024,0.007837433,0.028223678,0.027355328,0.40198365,0.4626803,0.006297555
/home/share/Uni_Eval/HAM10000_clean/ISIC2018/ISIC_0024844.jpg,5,4,0.0708175,0.016820628,0.027732527,0.016559849,0.5657945,0.29815277,0.0041220724
/home/share/Uni_Eval/HAM10000_clean/ISIC2018/ISIC_0027824.jpg,5,5,0.0053640204,0.004177503,0.029918103,0.06637621,0.40660357,0.4607422,0.02681841
/home/share/Uni_Eval/HAM10000_clean/ISIC2018/ISIC_0027611.jpg,5,4,0.08731859,0.025017196,0.11567834,0.010929203,0.4575167,0.30004677,0.0034931828
/home/share/Uni_Eval/HAM10000_clean/ISIC2018/ISIC_0032224.jpg,5,4,0.090769246,0.040278606,0.048585273,0.03725162,0.39428362,0.3821528,0.006678848
/home/share/Uni_Eval/HAM10000_clean/ISIC2018/ISIC_0025445.jpg,5,4,0.0056076134,0.012636952,0.0039763935,0.00083349727,0.8586619,0.118037246,0.00024638133
/home/share/Uni_Eval/HAM10000_clean/ISIC2018/ISIC_0024629.jpg,5,5,0.04633943,0.016783029,0.041538395,0.015281121,0.29287422,0.5824499,0.004733871
/home/share/Uni_Eval/HAM10000_clean/ISIC2018/ISIC_0028788.jpg,5,4,0.06371873,0.052824683,0.030098598,0.013149103,0.5335104,0.30398503,0.0027134707
/home/share/Uni_Eval/HAM10000_clean/ISIC2018/ISIC_0030779.jpg,5,5,0.049027037,0.013403247,0.021418326,0.0032846068,0.3856275,0.5270904,0.00014889662
/home/share/Uni_Eval/HAM10000_clean/ISIC2018/ISIC_0027913.jpg,5,4,0.014001332,0.016115434,0.011075965,0.0008408453,0.7644468,0.19328243,0.00023717132
/home/share/Uni_Eval/HAM10000_clean/ISIC2018/ISIC_0024614.jpg,5,4,0.029595178,0.015841156,0.018520191,0.036831796,0.5005645,0.39597914,0.0026680862
/home/share/Uni_Eval/HAM10000_clean/ISIC2018/ISIC_0027705.jpg,5,4,0.06211803,0.14901341,0.03887247,0.0035044597,0.60806775,0.13781488,0.0006089838
/home/share/Uni_Eval/HAM10000_clean/ISIC2018/ISIC_0024347.jpg,5,4,0.0053934767,0.014433691,0.0025081998,0.00089432613,0.65331876,0.32341623,3.5222864e-05
/home/share/Uni_Eval/HAM10000_clean/ISIC2018/ISIC_0029631.jpg,5,4,0.01819292,0.004820644,0.010529255,0.004188248,0.7981388,0.16215174,0.0019783883
/home/share/Uni_Eval/HAM10000_clean/ISIC2018/ISIC_0032167.jpg,5,5,0.0312875,0.021503562,0.028045932,0.010157563,0.43191057,0.47436097,0.0027338713
/home/share/Uni_Eval/HAM10000_clean/ISIC2018/ISIC_0031058.jpg,5,5,0.036895752,0.019748872,0.021689894,0.013362754,0.23318833,0.6747528,0.0003617132
/home/share/Uni_Eval/HAM10000_clean/ISIC2018/ISIC_0030288.jpg,5,5,0.06852247,0.0060817143,0.02122727,0.026008194,0.21438782,0.660361,0.0034115326
/home/share/Uni_Eval/HAM10000_clean/ISIC2018/ISIC_0030438.jpg,5,4,0.0073476834,0.0097341,0.008457133,0.0015162801,0.83610994,0.1364912,0.0003436557
/home/share/Uni_Eval/HAM10000_clean/ISIC2018/ISIC_0030212.jpg,5,4,0.03345973,0.038511917,0.0350655,0.15471622,0.55715454,0.10800933,0.07308277
/home/share/Uni_Eval/HAM10000_clean/ISIC2018/ISIC_0031129.jpg,5,3,0.013720905,0.0260377,0.03140746,0.531217,0.13857622,0.060539465,0.19850129
/home/share/Uni_Eval/HAM10000_clean/ISIC2018/ISIC_0029451.jpg,5,5,0.031097308,0.0054039015,0.011440059,0.003953579,0.37884277,0.5687103,0.00055204326
/home/share/Uni_Eval/HAM10000_clean/ISIC2018/ISIC_0024622.jpg,5,4,0.00870427,0.005982351,0.0075624017,0.004882653,0.6598013,0.31166807,0.0013989036
/home/share/Uni_Eval/HAM10000_clean/ISIC2018/ISIC_0025203.jpg,5,4,0.0055419663,0.0026178395,0.0032074442,0.0025772539,0.76068884,0.2248592,0.00050749135
/home/share/Uni_Eval/HAM10000_clean/ISIC2018/ISIC_0026627.jpg,5,4,0.03526595,0.07236104,0.07702792,0.047455523,0.40359744,0.3561735,0.008118683
/home/share/Uni_Eval/HAM10000_clean/ISIC2018/ISIC_0029487.jpg,5,4,0.010476713,0.014774534,0.02116354,0.011871671,0.62822914,0.31099597,0.0024884373
/home/share/Uni_Eval/HAM10000_clean/ISIC2018/ISIC_0031994.jpg,5,4,0.010332885,0.01677193,0.008977367,0.005195701,0.5820647,0.37580922,0.00084817485
/home/share/Uni_Eval/HAM10000_clean/ISIC2018/ISIC_0029186.jpg,5,4,0.0033997882,0.0035629473,0.0052656946,0.0033997882,0.8063058,0.17712188,0.000944087
/home/share/Uni_Eval/HAM10000_clean/ISIC2018/ISIC_0032286.jpg,5,4,0.012918374,0.009304755,0.008211418,0.004752404,0.7277086,0.23625238,0.0008520591
/home/share/Uni_Eval/HAM10000_clean/ISIC2018/ISIC_0026160.jpg,5,4,0.016022222,0.018155556,0.0068910713,0.0050416156,0.56480277,0.3881829,0.00090391195
/home/share/Uni_Eval/HAM10000_clean/ISIC2018/ISIC_0030476.jpg,5,4,0.007300378,0.008017897,0.0026856589,0.0019344074,0.75638545,0.22358711,8.907078e-05
/home/share/Uni_Eval/HAM10000_clean/ISIC2018/ISIC_0026047.jpg,5,0,0.40711662,0.06341654,0.11847769,0.027704634,0.22483113,0.15452404,0.003929353
/home/share/Uni_Eval/HAM10000_clean/ISIC2018/ISIC_0031549.jpg,5,4,0.021160316,0.018099377,0.010475115,0.0048713814,0.5809284,0.3635357,0.00092971936
/home/share/Uni_Eval/HAM10000_clean/ISIC2018/ISIC_0029325.jpg,5,4,0.04608635,0.023909282,0.029755583,0.006237109,0.49547496,0.39812532,0.00041138195
/home/share/Uni_Eval/HAM10000_clean/ISIC2018/ISIC_0027923.jpg,5,4,0.008072611,0.02447989,0.007824243,0.0024620073,0.6024333,0.35415226,0.0005757119
/home/share/Uni_Eval/HAM10000_clean/ISIC2018/ISIC_0029283.jpg,5,4,0.078424156,0.10553123,0.05561105,0.005172633,0.6774813,0.077208295,0.00057135586
/home/share/Uni_Eval/HAM10000_clean/ISIC2018/ISIC_0026721.jpg,5,4,0.043514933,0.022225255,0.022930762,0.006885063,0.61977357,0.28375304,0.00091734575
/home/share/Uni_Eval/HAM10000_clean/ISIC2018/ISIC_0026997.jpg,5,4,0.057801742,0.044318132,0.041633032,0.008726757,0.602308,0.24335441,0.0018580339
/home/share/Uni_Eval/HAM10000_clean/ISIC2018/ISIC_0029709.jpg,5,4,0.06550112,0.0155578805,0.024475982,0.016304519,0.5484342,0.327485,0.002241325
/home/share/Uni_Eval/HAM10000_clean/ISIC2018/ISIC_0030419.jpg,5,4,0.007109665,0.029468743,0.004736058,0.0017422984,0.8090252,0.14733444,0.0005835968
/home/share/Uni_Eval/HAM10000_clean/ISIC2018/ISIC_0031280.jpg,5,5,0.0557876,0.020523112,0.0683524,0.12377021,0.2745962,0.3210355,0.13593498
/home/share/Uni_Eval/HAM10000_clean/ISIC2018/ISIC_0025110.jpg,5,4,0.014008903,0.006617337,0.006617337,0.0012240844,0.74132794,0.22965267,0.0005517381
/home/share/Uni_Eval/HAM10000_clean/ISIC2018/ISIC_0029421.jpg,5,4,0.018332094,0.016954416,0.011118976,0.0033385223,0.5112089,0.43726015,0.0017869823
/home/share/Uni_Eval/HAM10000_clean/ISIC2018/ISIC_0025496.jpg,5,4,0.07161662,0.04552229,0.030324385,0.017550407,0.638312,0.19467415,0.00200011
/home/share/Uni_Eval/HAM10000_clean/ISIC2018/ISIC_0030750.jpg,5,4,0.0038227502,0.0058289985,0.0034266915,0.004264586,0.73995924,0.24022959,0.002468153
/home/share/Uni_Eval/HAM10000_clean/ISIC2018/ISIC_0025570.jpg,5,4,0.014714743,0.022089444,0.03164167,0.024260508,0.4577622,0.44367835,0.00585312
/home/share/Uni_Eval/HAM10000_clean/ISIC2018/ISIC_0025270.jpg,5,4,0.0463946,0.06856678,0.026851138,0.0016637235,0.62075293,0.23561125,0.0001596627
/home/share/Uni_Eval/HAM10000_clean/ISIC2018/ISIC_0030788.jpg,5,4,0.12045088,0.014612349,0.042282235,0.07305715,0.5314542,0.19551109,0.022632051
/home/share/Uni_Eval/HAM10000_clean/ISIC2018/ISIC_0026278.jpg,5,4,0.010444627,0.01749146,0.009509942,0.008795259,0.7096967,0.24146216,0.0025998733
/home/share/Uni_Eval/HAM10000_clean/ISIC2018/ISIC_0029981.jpg,5,5,0.11792066,0.03596377,0.06614749,0.01096833,0.3689411,0.39892048,0.0011381306
/home/share/Uni_Eval/HAM10000_clean/ISIC2018/ISIC_0027001.jpg,5,4,0.025687125,0.020320186,0.013749325,0.0077126734,0.6942727,0.2362144,0.002043655
/home/share/Uni_Eval/HAM10000_clean/ISIC2018/ISIC_0030864.jpg,5,4,0.010653403,0.018991744,0.004043576,0.00078388286,0.7705691,0.19483039,0.00012796537
/home/share/Uni_Eval/HAM10000_clean/ISIC2018/ISIC_0032295.jpg,5,4,0.012195141,0.0031319712,0.0070580067,0.03314983,0.6869679,0.2527214,0.004775686
/home/share/Uni_Eval/HAM10000_clean/ISIC2018/ISIC_0024810.jpg,5,4,0.019803356,0.026648328,0.010599973,0.0026800926,0.7787783,0.16070998,0.0007799515
/home/share/Uni_Eval/HAM10000_clean/ISIC2018/ISIC_0024627.jpg,5,4,0.023703892,0.008720174,0.012297417,0.0065823332,0.6927293,0.25484088,0.0011261045
/home/share/Uni_Eval/HAM10000_clean/ISIC2018/ISIC_0031124.jpg,5,4,0.010825249,0.013472241,0.036053587,0.0136843985,0.5055421,0.41910914,0.0013132518
/home/share/Uni_Eval/HAM10000_clean/ISIC2018/ISIC_0024384.jpg,5,4,0.0048452485,0.0023247758,0.007864615,0.0112655405,0.777531,0.1655459,0.030622913
/home/share/Uni_Eval/HAM10000_clean/ISIC2018/ISIC_0029234.jpg,5,4,0.0050410633,0.008710176,0.014138012,0.005802228,0.6106305,0.35340583,0.0022721854
/home/share/Uni_Eval/HAM10000_clean/ISIC2018/ISIC_0031683.jpg,5,4,0.008349602,0.011061425,0.03860817,0.015357269,0.50067836,0.42161345,0.0043317163
/home/share/Uni_Eval/HAM10000_clean/ISIC2018/ISIC_0027880.jpg,5,4,0.049774334,0.016413832,0.01979886,0.005246176,0.7546465,0.15331574,0.0008045272
/home/share/Uni_Eval/HAM10000_clean/ISIC2018/ISIC_0029718.jpg,5,4,0.025577053,0.015513266,0.011000553,0.008174917,0.7244738,0.21415403,0.0011063546
/home/share/Uni_Eval/HAM10000_clean/ISIC2018/ISIC_0029076.jpg,5,4,0.13369282,0.04548669,0.038303632,0.003912962,0.5807351,0.19452189,0.0033469342
/home/share/Uni_Eval/HAM10000_clean/ISIC2018/ISIC_0030017.jpg,5,4,0.024758153,0.019893734,0.01304663,0.0025690335,0.6691644,0.27036685,0.00020122224
/home/share/Uni_Eval/HAM10000_clean/ISIC2018/ISIC_0028893.jpg,5,4,0.02201743,0.0023571646,0.005311953,0.005834039,0.5418339,0.42198068,0.0006648688
/home/share/Uni_Eval/HAM10000_clean/ISIC2018/ISIC_0030078.jpg,5,4,0.065454155,0.0073437532,0.026035864,0.039699953,0.447298,0.40726948,0.006898818
/home/share/Uni_Eval/HAM10000_clean/ISIC2018/ISIC_0028434.jpg,5,5,0.017630598,0.027306804,0.055161256,0.017088162,0.38892478,0.49164695,0.0022414788
/home/share/Uni_Eval/HAM10000_clean/ISIC2018/ISIC_0024966.jpg,5,5,0.04003421,0.0060442616,0.033712182,0.022108989,0.351289,0.54408705,0.002724362
/home/share/Uni_Eval/HAM10000_clean/ISIC2018/ISIC_0031873.jpg,5,5,0.05640166,0.011458693,0.051354293,0.005328787,0.41675502,0.45771587,0.0009857265
/home/share/Uni_Eval/HAM10000_clean/ISIC2018/ISIC_0024722.jpg,5,4,0.028127858,0.011725436,0.011910085,0.010187235,0.79672575,0.13845016,0.0028734417
/home/share/Uni_Eval/HAM10000_clean/ISIC2018/ISIC_0027699.jpg,5,4,0.083058186,0.037437256,0.04242197,0.009614683,0.4420471,0.38405716,0.0013636521
/home/share/Uni_Eval/HAM10000_clean/ISIC2018/ISIC_0032438.jpg,5,4,0.041071467,0.0103844935,0.018803887,0.05111427,0.49259564,0.37768617,0.008344174
/home/share/Uni_Eval/HAM10000_clean/ISIC2018/ISIC_0029765.jpg,5,4,0.017341375,0.016290715,0.011551847,0.010683712,0.77276134,0.16712137,0.004249687
/home/share/Uni_Eval/HAM10000_clean/ISIC2018/ISIC_0025010.jpg,5,4,0.031276815,0.012058286,0.025929388,0.014774121,0.5208057,0.39312476,0.0020309465
/home/share/Uni_Eval/HAM10000_clean/ISIC2018/ISIC_0028569.jpg,5,4,0.012312422,0.015085495,0.013951802,0.030953424,0.81087077,0.103090644,0.013735499
/home/share/Uni_Eval/HAM10000_clean/ISIC2018/ISIC_0031788.jpg,5,4,0.012998825,0.012797298,0.0072916797,0.0014135569,0.8297372,0.13545087,0.0003105172
/home/share/Uni_Eval/HAM10000_clean/ISIC2018/ISIC_0031628.jpg,5,4,0.040801276,0.02717951,0.014777243,0.005786851,0.64829016,0.26193288,0.0012320917
/home/share/Uni_Eval/HAM10000_clean/ISIC2018/ISIC_0031859.jpg,5,4,0.054936875,0.007670906,0.04345864,0.11097553,0.5051901,0.19783527,0.07993268
/home/share/Uni_Eval/HAM10000_clean/ISIC2018/ISIC_0028333.jpg,5,4,0.06652652,0.12624516,0.08279359,0.0409858,0.515159,0.16210197,0.0061879302
/home/share/Uni_Eval/HAM10000_clean/ISIC2018/ISIC_0027792.jpg,5,4,0.0736557,0.053052213,0.035896923,0.03881383,0.5703651,0.22335815,0.0048581203
/home/share/Uni_Eval/HAM10000_clean/ISIC2018/ISIC_0029078.jpg,5,4,0.02941159,0.020855939,0.03717973,0.067323804,0.4254995,0.41240826,0.0073211235
/home/share/Uni_Eval/HAM10000_clean/ISIC2018/ISIC_0027830.jpg,5,4,0.0229146,0.018412396,0.011522184,0.0026525576,0.7018006,0.2425358,0.00016180704
/home/share/Uni_Eval/HAM10000_clean/ISIC2018/ISIC_0026534.jpg,5,4,0.055776488,0.021842387,0.03383015,0.019887721,0.45977047,0.405746,0.0031466943
/home/share/Uni_Eval/HAM10000_clean/ISIC2018/ISIC_0027396.jpg,5,4,0.0062921764,0.045772437,0.009445677,0.0042574997,0.85027266,0.08288317,0.0010764644
/home/share/Uni_Eval/HAM10000_clean/ISIC2018/ISIC_0029901.jpg,5,4,0.0058269445,0.013338009,0.006300429,0.0011838156,0.8647952,0.10824183,0.0003136799
/home/share/Uni_Eval/HAM10000_clean/ISIC2018/ISIC_0031425.jpg,5,4,0.0017949153,0.0026527129,0.0013131881,0.0004830949,0.84658265,0.147114,5.9528975e-05
/home/share/Uni_Eval/HAM10000_clean/ISIC2018/ISIC_0024802.jpg,5,4,0.008379549,0.0061306087,0.006035563,0.0017841089,0.74260855,0.23367214,0.0013894654
/home/share/Uni_Eval/HAM10000_clean/ISIC2018/ISIC_0030638.jpg,5,5,0.017207105,0.0022220882,0.03642744,0.12517306,0.067000315,0.7203213,0.031648707
/home/share/Uni_Eval/HAM10000_clean/ISIC2018/ISIC_0030983.jpg,5,5,0.055303067,0.011235501,0.03200696,0.009761572,0.3899246,0.5006731,0.001095218
/home/share/Uni_Eval/HAM10000_clean/ISIC2018/ISIC_0026379.jpg,5,4,0.03819396,0.012399763,0.019205129,0.007404237,0.69849455,0.22325228,0.0010501441
/home/share/Uni_Eval/HAM10000_clean/ISIC2018/ISIC_0024912.jpg,5,4,0.009696053,0.0034572342,0.0051094606,0.005524644,0.66920733,0.30638546,0.00061984797
/home/share/Uni_Eval/HAM10000_clean/ISIC2018/ISIC_0032431.jpg,5,5,0.06405692,0.029327394,0.14662775,0.1159921,0.19123864,0.43096292,0.021794269
/home/share/Uni_Eval/HAM10000_clean/ISIC2018/ISIC_0029842.jpg,5,4,0.028489586,0.09943843,0.018394262,0.017828329,0.7347561,0.097896785,0.0031964432
/home/share/Uni_Eval/HAM10000_clean/ISIC2018/ISIC_0031641.jpg,5,4,0.0088389935,0.008978186,0.0037426648,0.0013768495,0.7592248,0.21752155,0.00031696874
/home/share/Uni_Eval/HAM10000_clean/ISIC2018/ISIC_0031512.jpg,5,3,0.033199843,0.019824533,0.07599521,0.31499135,0.09606693,0.29131937,0.16860273
/home/share/Uni_Eval/HAM10000_clean/ISIC2018/ISIC_0025037.jpg,5,5,0.08100067,0.017517624,0.057438076,0.05395808,0.38643262,0.39251804,0.01113488
/home/share/Uni_Eval/HAM10000_clean/ISIC2018/ISIC_0031205.jpg,5,4,0.027832884,0.035184063,0.022716537,0.0029797615,0.77614796,0.13487428,0.00026446884
/home/share/Uni_Eval/HAM10000_clean/ISIC2018/ISIC_0025233.jpg,5,4,0.025497194,0.1142705,0.017799912,0.0032416047,0.75687146,0.081029914,0.0012894213
/home/share/Uni_Eval/HAM10000_clean/ISIC2018/ISIC_0029863.jpg,5,4,0.0027059263,0.011754008,0.0023879716,0.000500546,0.79866713,0.18386362,0.00012076234
/home/share/Uni_Eval/HAM10000_clean/ISIC2018/ISIC_0027095.jpg,5,4,0.026559133,0.035739217,0.028717266,0.0073752045,0.70671225,0.19020903,0.004687965
/home/share/Uni_Eval/HAM10000_clean/ISIC2018/ISIC_0026197.jpg,5,4,0.022314409,0.01821249,0.011046434,0.0024265796,0.7624086,0.18108793,0.0025036072
/home/share/Uni_Eval/HAM10000_clean/ISIC2018/ISIC_0028722.jpg,5,4,0.014180482,0.02196316,0.011573772,0.007831207,0.7622248,0.18104427,0.0011823353
/home/share/Uni_Eval/HAM10000_clean/ISIC2018/ISIC_0025232.jpg,5,5,0.07556989,0.006106984,0.020659659,0.017397178,0.289689,0.58518785,0.005389394
/home/share/Uni_Eval/HAM10000_clean/ISIC2018/ISIC_0029551.jpg,5,4,0.0076401504,0.007882675,0.005589653,0.0015044347,0.7321001,0.24522282,6.018496e-05
/home/share/Uni_Eval/HAM10000_clean/ISIC2018/ISIC_0032297.jpg,5,5,0.03537579,0.012613626,0.014979053,0.021123847,0.24555668,0.6674922,0.002858802
/home/share/Uni_Eval/HAM10000_clean/ISIC2018/ISIC_0024978.jpg,5,4,0.10650597,0.0939912,0.062611625,0.08039493,0.36030507,0.28060585,0.015585268
/home/share/Uni_Eval/HAM10000_clean/ISIC2018/ISIC_0025889.jpg,5,4,0.0770712,0.020743433,0.03936412,0.0214019,0.60621196,0.22301295,0.012194434
/home/share/Uni_Eval/HAM10000_clean/ISIC2018/ISIC_0030708.jpg,5,4,0.007834223,0.0046055014,0.0057316395,0.0010116945,0.6032017,0.377474,0.0001412642
/home/share/Uni_Eval/HAM10000_clean/ISIC2018/ISIC_0026542.jpg,5,4,0.05652441,0.023197573,0.07372174,0.08224253,0.38627428,0.3572453,0.020794172
/home/share/Uni_Eval/HAM10000_clean/ISIC2018/ISIC_0025459.jpg,5,4,0.0045214095,0.00637621,0.0034129396,0.0013158052,0.7369897,0.24686062,0.0005233912
/home/share/Uni_Eval/HAM10000_clean/ISIC2018/ISIC_0029256.jpg,5,4,0.0077868956,0.0056970147,0.024746703,0.021838889,0.8067931,0.12180754,0.011329867
/home/share/Uni_Eval/HAM10000_clean/ISIC2018/ISIC_0024527.jpg,5,5,0.027176905,0.0026491599,0.040797364,0.24991415,0.1744682,0.27022162,0.23477262
/home/share/Uni_Eval/HAM10000_clean/ISIC2018/ISIC_0029910.jpg,5,4,0.19306192,0.03627526,0.13477895,0.01465653,0.3839495,0.23287714,0.0044006887
/home/share/Uni_Eval/HAM10000_clean/ISIC2018/ISIC_0025464.jpg,5,4,0.0028929624,0.0075037736,0.012764349,0.022054818,0.7897023,0.15309076,0.011990996
/home/share/Uni_Eval/HAM10000_clean/ISIC2018/ISIC_0029124.jpg,5,4,0.0271002,0.0076439627,0.018052626,0.037041582,0.45125887,0.45125887,0.0076439627
/home/share/Uni_Eval/HAM10000_clean/ISIC2018/ISIC_0031265.jpg,5,4,0.020571839,0.006473216,0.006678698,0.0015136865,0.7251823,0.23913977,0.00044050787
/home/share/Uni_Eval/HAM10000_clean/ISIC2018/ISIC_0027499.jpg,5,4,0.024433687,0.011908028,0.011908028,0.00398869,0.714057,0.23182037,0.0018841238
/home/share/Uni_Eval/HAM10000_clean/ISIC2018/ISIC_0025344.jpg,5,4,0.0057821227,0.004433307,0.0057821227,0.003243477,0.58064866,0.3990736,0.0010366775
/home/share/Uni_Eval/HAM10000_clean/ISIC2018/ISIC_0031047.jpg,5,4,0.012723724,0.024911841,0.0070267078,0.0030221494,0.7394956,0.21186905,0.00095096155
/home/share/Uni_Eval/HAM10000_clean/ISIC2018/ISIC_0025595.jpg,5,4,0.007139229,0.008884915,0.0053889733,0.0024672516,0.7997945,0.17569155,0.00063364266
/home/share/Uni_Eval/HAM10000_clean/ISIC2018/ISIC_0026732.jpg,5,5,0.1249802,0.024610061,0.05129177,0.018288646,0.17351784,0.6056368,0.0016747357
/home/share/Uni_Eval/HAM10000_clean/ISIC2018/ISIC_0027635.jpg,5,4,0.008527678,0.0065383976,0.0075256494,0.0013492745,0.4956238,0.48037502,6.021656e-05
/home/share/Uni_Eval/HAM10000_clean/ISIC2018/ISIC_0029280.jpg,5,5,0.19638345,0.03927916,0.08446346,0.19034135,0.1933388,0.20904909,0.08714462
/home/share/Uni_Eval/HAM10000_clean/ISIC2018/ISIC_0032472.jpg,5,4,0.017977998,0.026569758,0.0077322405,0.0017800627,0.7294375,0.2156213,0.000881195
/home/share/Uni_Eval/HAM10000_clean/ISIC2018/ISIC_0028433.jpg,5,5,0.166773,0.013062672,0.064296715,0.07285772,0.23518763,0.43938833,0.008433894
/home/share/Uni_Eval/HAM10000_clean/ISIC2018/ISIC_0030439.jpg,5,4,0.044420876,0.00670655,0.021649007,0.118876435,0.6326767,0.13261624,0.04305419
/home/share/Uni_Eval/HAM10000_clean/ISIC2018/ISIC_0027726.jpg,5,4,0.051413406,0.05917647,0.024285976,0.0065364814,0.5883953,0.269387,0.0008054526
/home/share/Uni_Eval/HAM10000_clean/ISIC2018/ISIC_0030343.jpg,5,4,0.018283594,0.087226145,0.020718027,0.0040163724,0.5868411,0.28156945,0.0013453163
/home/share/Uni_Eval/HAM10000_clean/ISIC2018/ISIC_0025679.jpg,5,5,0.07056951,0.00869587,0.11634945,0.2424931,0.08782517,0.46017098,0.0138959605
/home/share/Uni_Eval/HAM10000_clean/ISIC2018/ISIC_0031737.jpg,5,5,0.23812625,0.006650394,0.077308275,0.1636616,0.15862629,0.2963529,0.05927431
/home/share/Uni_Eval/HAM10000_clean/ISIC2018/ISIC_0025187.jpg,5,4,0.021319231,0.011411361,0.006301952,0.006921341,0.68427473,0.26796582,0.0018055396
/home/share/Uni_Eval/HAM10000_clean/ISIC2018/ISIC_0024751.jpg,5,4,0.023180328,0.0055925143,0.021105928,0.03704206,0.53589004,0.34599662,0.031192537
/home/share/Uni_Eval/HAM10000_clean/ISIC2018/ISIC_0030749.jpg,5,4,0.011348928,0.0033027267,0.0075600166,0.0037424795,0.68053097,0.29269275,0.00082211365
/home/share/Uni_Eval/HAM10000_clean/ISIC2018/ISIC_0025864.jpg,5,4,0.00714569,0.016356645,0.0067127533,0.003025675,0.87919724,0.087052315,0.00050960685
/home/share/Uni_Eval/HAM10000_clean/ISIC2018/ISIC_0025688.jpg,5,4,0.037785858,0.017848775,0.034404416,0.0065661976,0.6098328,0.292601,0.00096084696
/home/share/Uni_Eval/HAM10000_clean/ISIC2018/ISIC_0030948.jpg,5,4,0.0039539183,0.009050609,0.0031278068,0.0005435313,0.7534834,0.22979945,4.126284e-05
/home/share/Uni_Eval/HAM10000_clean/ISIC2018/ISIC_0027413.jpg,5,4,0.0055344957,0.0055344957,0.005448691,0.0013145579,0.8608114,0.1201962,0.0011600934
/home/share/Uni_Eval/HAM10000_clean/ISIC2018/ISIC_0026294.jpg,5,4,0.0331412,0.013182658,0.019180654,0.006946773,0.70859003,0.21610774,0.0028509495
/home/share/Uni_Eval/HAM10000_clean/ISIC2018/ISIC_0029327.jpg,5,5,0.06297689,0.013619709,0.024662105,0.0050893137,0.39802626,0.49535167,0.00027397127
/home/share/Uni_Eval/HAM10000_clean/ISIC2018/ISIC_0029796.jpg,5,4,0.020004278,0.010707519,0.013748727,0.0022797624,0.71628,0.23620409,0.0007756501
/home/share/Uni_Eval/HAM10000_clean/ISIC2018/ISIC_0024533.jpg,5,4,0.027899515,0.00786942,0.015896665,0.0047730445,0.5516889,0.391206,0.00066646637
/home/share/Uni_Eval/HAM10000_clean/ISIC2018/ISIC_0028620.jpg,5,4,0.03065726,0.015415439,0.020105522,0.010430607,0.5185283,0.4038302,0.00103277
/home/share/Uni_Eval/HAM10000_clean/ISIC2018/ISIC_0032332.jpg,5,4,0.065924615,0.009062426,0.07354422,0.21615848,0.4947917,0.12510292,0.015415707
/home/share/Uni_Eval/HAM10000_clean/ISIC2018/ISIC_0025705.jpg,5,4,0.00520952,0.008861692,0.0031107469,0.0024995552,0.6717342,0.30754235,0.0010419696
/home/share/Uni_Eval/HAM10000_clean/ISIC2018/ISIC_0030004.jpg,5,4,0.05517992,0.02448594,0.023732588,0.009893214,0.71558404,0.1647368,0.0063875387
/home/share/Uni_Eval/HAM10000_clean/ISIC2018/ISIC_0031445.jpg,5,4,0.040934246,0.037271056,0.050943494,0.011546035,0.47584495,0.38235217,0.0011080393
/home/share/Uni_Eval/HAM10000_clean/ISIC2018/ISIC_0025050.jpg,5,4,0.09632022,0.007087291,0.02633248,0.09048447,0.36923313,0.26594865,0.14459376
/home/share/Uni_Eval/HAM10000_clean/ISIC2018/ISIC_0024681.jpg,5,4,0.14814003,0.044479698,0.06272643,0.02036429,0.42201164,0.29925105,0.0030268813
/home/share/Uni_Eval/HAM10000_clean/ISIC2018/ISIC_0029707.jpg,5,4,0.016297853,0.017622178,0.009286236,0.0016137058,0.6612674,0.29343563,0.00047701053
/home/share/Uni_Eval/HAM10000_clean/ISIC2018/ISIC_0028240.jpg,5,4,0.060289048,0.015975008,0.036000237,0.021835247,0.7008371,0.1563779,0.008685461
/home/share/Uni_Eval/HAM10000_clean/ISIC2018/ISIC_0026325.jpg,5,4,0.05303894,0.038804118,0.031179985,0.0057677175,0.6878194,0.18225402,0.0011357309
/home/share/Uni_Eval/HAM10000_clean/ISIC2018/ISIC_0029817.jpg,5,4,0.0077701057,0.0076496415,0.0047870236,0.0022612298,0.8436889,0.13349098,0.00035223164
/home/share/Uni_Eval/HAM10000_clean/ISIC2018/ISIC_0030530.jpg,5,4,0.008915308,0.014930331,0.008777089,0.0040817256,0.6757984,0.28615105,0.0013460102
/home/share/Uni_Eval/HAM10000_clean/ISIC2018/ISIC_0028421.jpg,5,4,0.010889879,0.02531973,0.017132187,0.0060139634,0.76343954,0.17575376,0.0014509361
/home/share/Uni_Eval/HAM10000_clean/ISIC2018/ISIC_0029445.jpg,5,5,0.07280609,0.046278372,0.02636862,0.092035525,0.213989,0.48223168,0.0662907
/home/share/Uni_Eval/HAM10000_clean/ISIC2018/ISIC_0031315.jpg,5,4,0.05051629,0.01829579,0.06692321,0.07123939,0.51823086,0.26885465,0.0059397733
/home/share/Uni_Eval/HAM10000_clean/ISIC2018/ISIC_0031224.jpg,5,4,0.01451289,0.046848185,0.013848296,0.004785843,0.63669276,0.2825307,0.0007812674
/home/share/Uni_Eval/HAM10000_clean/ISIC2018/ISIC_0030317.jpg,5,4,0.041837394,0.03809338,0.03207784,0.010913936,0.7300883,0.1437629,0.0032261533
/home/share/Uni_Eval/HAM10000_clean/ISIC2018/ISIC_0026375.jpg,5,4,0.011340137,0.02021598,0.049259312,0.21734226,0.36971164,0.14032672,0.19180387
/home/share/Uni_Eval/HAM10000_clean/ISIC2018/ISIC_0030515.jpg,5,4,0.003996367,0.012118833,0.0033131046,0.0005757313,0.7615727,0.21819425,0.00022901005
/home/share/Uni_Eval/HAM10000_clean/ISIC2018/ISIC_0029461.jpg,5,5,0.10290215,0.022960575,0.039057247,0.0070025795,0.27111107,0.5562838,0.00068259984
/home/share/Uni_Eval/HAM10000_clean/ISIC2018/ISIC_0032458.jpg,5,4,0.005464132,0.016312884,0.006001175,0.0039356668,0.8237197,0.143141,0.0014254041
/home/share/Uni_Eval/HAM10000_clean/ISIC2018/ISIC_0026447.jpg,5,4,0.0030782782,0.0020187842,0.008907294,0.0015002331,0.6052372,0.37874776,0.00051042857
/home/share/Uni_Eval/HAM10000_clean/ISIC2018/ISIC_0029643.jpg,5,4,0.066215806,0.014098159,0.03177069,0.028037539,0.65838784,0.19461907,0.006870894
/home/share/Uni_Eval/HAM10000_clean/ISIC2018/ISIC_0026837.jpg,5,4,0.0047958107,0.0037937989,0.0041020745,0.0042322883,0.8192324,0.16131641,0.0025272148
/home/share/Uni_Eval/HAM10000_clean/ISIC2018/ISIC_0032480.jpg,5,3,0.08566985,0.007968538,0.053610828,0.41514423,0.16773343,0.09408993,0.17578314
/home/share/Uni_Eval/HAM10000_clean/ISIC2018/ISIC_0026971.jpg,5,5,0.008162153,0.0007358404,0.0037957532,0.028937344,0.4319276,0.52100414,0.005437166
/home/share/Uni_Eval/HAM10000_clean/ISIC2018/ISIC_0030027.jpg,5,4,0.02589038,0.026712231,0.04137271,0.0031408598,0.66772175,0.23439237,0.00076970074
/home/share/Uni_Eval/HAM10000_clean/ISIC2018/ISIC_0030702.jpg,5,4,0.0027643824,0.0050056498,0.0013684684,0.00065659836,0.8685431,0.12127579,0.00038599427
/home/share/Uni_Eval/HAM10000_clean/ISIC2018/ISIC_0027196.jpg,5,4,0.04025794,0.006887322,0.022938283,0.01931597,0.4904421,0.41949737,0.0006609562
/home/share/Uni_Eval/HAM10000_clean/ISIC2018/ISIC_0031732.jpg,5,4,0.054570656,0.016905202,0.019764183,0.013797624,0.6148457,0.2771327,0.0029839454
/home/share/Uni_Eval/HAM10000_clean/ISIC2018/ISIC_0027168.jpg,5,4,0.107065015,0.024647765,0.04825798,0.024647765,0.56098056,0.21968313,0.014717852
/home/share/Uni_Eval/HAM10000_clean/ISIC2018/ISIC_0028257.jpg,5,4,0.002493219,0.0061707767,0.0026958126,0.0018240783,0.9158245,0.06952593,0.001465688
/home/share/Uni_Eval/HAM10000_clean/ISIC2018/ISIC_0025329.jpg,5,5,0.05384363,0.015916146,0.028373597,0.016679978,0.3403022,0.54380137,0.0010831073
/home/share/Uni_Eval/HAM10000_clean/ISIC2018/ISIC_0029834.jpg,5,4,0.0152151035,0.041358937,0.011306904,0.0028588332,0.5983426,0.33043617,0.00048150605
/home/share/Uni_Eval/HAM10000_clean/ISIC2018/ISIC_0025279.jpg,5,5,0.016816165,0.0070100203,0.016298786,0.0012568274,0.30753553,0.65105265,3.0023211e-05
/home/share/Uni_Eval/HAM10000_clean/ISIC2018/ISIC_0030595.jpg,5,4,0.20323904,0.051386874,0.14411806,0.05385298,0.43703258,0.10543902,0.0049314485
/home/share/Uni_Eval/HAM10000_clean/ISIC2018/ISIC_0030651.jpg,5,5,0.06854961,0.0060841236,0.029947106,0.07297067,0.2977659,0.49866408,0.026018497
/home/share/Uni_Eval/HAM10000_clean/ISIC2018/ISIC_0027516.jpg,5,5,0.12954305,0.014995695,0.090435624,0.06513833,0.32567117,0.36903378,0.005182374
/home/share/Uni_Eval/HAM10000_clean/ISIC2018/ISIC_0031241.jpg,5,5,0.019338667,0.009573333,0.016801724,0.002742806,0.3945443,0.55639666,0.00060251454
/home/share/Uni_Eval/HAM10000_clean/ISIC2018/ISIC_0029873.jpg,5,4,0.025412876,0.028796563,0.016666172,0.011454481,0.5184694,0.3975243,0.0016761608
/home/share/Uni_Eval/HAM10000_clean/ISIC2018/ISIC_0024389.jpg,5,4,0.08297085,0.031988114,0.061658703,0.0036454848,0.4415823,0.37770537,0.00044921186
/home/share/Uni_Eval/HAM10000_clean/ISIC2018/ISIC_0029658.jpg,5,4,0.0093185585,0.0027979387,0.019727388,0.031524274,0.49312264,0.41525093,0.028258178
/home/share/Uni_Eval/HAM10000_clean/ISIC2018/ISIC_0027995.jpg,5,4,0.017218245,0.012597137,0.021428453,0.013409582,0.60696405,0.32488447,0.0034980988
/home/share/Uni_Eval/HAM10000_clean/ISIC2018/ISIC_0031740.jpg,5,5,0.014911735,0.0039512166,0.022385165,0.011433224,0.4357848,0.509484,0.002049864
/home/share/Uni_Eval/HAM10000_clean/ISIC2018/ISIC_0028532.jpg,5,5,0.07433874,0.012326573,0.05189681,0.041700255,0.15737514,0.6523018,0.010060656
/home/share/Uni_Eval/HAM10000_clean/ISIC2018/ISIC_0026719.jpg,5,4,0.0039263656,0.010507499,0.006081274,0.0072216913,0.821773,0.14280273,0.0076874504
/home/share/Uni_Eval/HAM10000_clean/ISIC2018/ISIC_0029037.jpg,5,4,0.01920092,0.014953691,0.014047692,0.004560618,0.5354369,0.41053376,0.0012664378
/home/share/Uni_Eval/HAM10000_clean/ISIC2018/ISIC_0031193.jpg,5,4,0.008993191,0.010514105,0.008993191,0.0022738348,0.73709565,0.23193744,0.00019257254
/home/share/Uni_Eval/HAM10000_clean/ISIC2018/ISIC_0030934.jpg,5,4,0.0580441,0.05284975,0.04591666,0.0392746,0.5014245,0.29941422,0.0030762241
/home/share/Uni_Eval/HAM10000_clean/ISIC2018/ISIC_0028530.jpg,5,4,0.012076281,0.020223966,0.010011588,0.011523268,0.70186657,0.2425586,0.0017397533
/home/share/Uni_Eval/HAM10000_clean/ISIC2018/ISIC_0028959.jpg,5,4,0.037533943,0.08458404,0.08198167,0.03695203,0.37907937,0.3451557,0.03471322
/home/share/Uni_Eval/HAM10000_clean/ISIC2018/ISIC_0028754.jpg,5,4,0.005560034,0.01712611,0.004906713,0.0018335046,0.8513763,0.11887877,0.00031861532
/home/share/Uni_Eval/HAM10000_clean/ISIC2018/ISIC_0032353.jpg,5,5,0.06169141,0.018814819,0.024158705,0.0071412995,0.40227857,0.48524058,0.0006747047
/home/share/Uni_Eval/HAM10000_clean/ISIC2018/ISIC_0029579.jpg,5,4,0.017549029,0.0056973356,0.005352151,0.001684129,0.7232454,0.24607186,0.0004000157
/home/share/Uni_Eval/HAM10000_clean/ISIC2018/ISIC_0032001.jpg,5,4,0.0103915185,0.011592577,0.006814925,0.0041334606,0.8651172,0.10014459,0.0018057752
/home/share/Uni_Eval/HAM10000_clean/ISIC2018/ISIC_0027894.jpg,5,4,0.06837996,0.019287454,0.03717754,0.022549318,0.69061315,0.15898818,0.0030044059
/home/share/Uni_Eval/HAM10000_clean/ISIC2018/ISIC_0026763.jpg,5,4,0.047719087,0.03228835,0.025944415,0.023994666,0.770147,0.09639522,0.003511195
/home/share/Uni_Eval/HAM10000_clean/ISIC2018/ISIC_0031432.jpg,5,4,0.014262242,0.018029163,0.011460033,0.00402285,0.7547342,0.19688419,0.0006073595
/home/share/Uni_Eval/HAM10000_clean/ISIC2018/ISIC_0030780.jpg,5,4,0.01385459,0.035378933,0.014072768,0.012226632,0.72179526,0.19426857,0.008403234
/home/share/Uni_Eval/HAM10000_clean/ISIC2018/ISIC_0025787.jpg,5,4,0.19985288,0.049747318,0.105315074,0.016404925,0.4100715,0.21609251,0.0025157763
/home/share/Uni_Eval/HAM10000_clean/ISIC2018/ISIC_0028286.jpg,5,4,0.035454713,0.0143249985,0.028046984,0.007316493,0.81965303,0.09341072,0.0017929839
/home/share/Uni_Eval/HAM10000_clean/ISIC2018/ISIC_0031911.jpg,5,4,0.0033027765,0.0032515721,0.002269963,0.0014428764,0.8469474,0.14264922,0.00013632188
/home/share/Uni_Eval/HAM10000_clean/ISIC2018/ISIC_0025138.jpg,5,4,0.10745275,0.09783685,0.050757088,0.027168311,0.36923242,0.34686175,0.00069085613
/home/share/Uni_Eval/HAM10000_clean/ISIC2018/ISIC_0026797.jpg,5,4,0.033181634,0.064966485,0.024658496,0.0101198265,0.7552105,0.102206625,0.009656406
/home/share/Uni_Eval/HAM10000_clean/ISIC2018/ISIC_0027464.jpg,5,4,0.011957387,0.01881161,0.009759335,0.0027960963,0.68418217,0.27214888,0.00034454666
/home/share/Uni_Eval/HAM10000_clean/ISIC2018/ISIC_0027241.jpg,5,4,0.056805465,0.055057745,0.042879015,0.0139207775,0.6301025,0.19827054,0.002963905
/home/share/Uni_Eval/HAM10000_clean/ISIC2018/ISIC_0031242.jpg,5,4,0.0091075525,0.0052710464,0.006162477,0.0067681577,0.84586006,0.12572587,0.0011048714
/home/share/Uni_Eval/HAM10000_clean/ISIC2018/ISIC_0030224.jpg,5,4,0.05516323,0.03143106,0.03617693,0.016563004,0.69335806,0.164687,0.002620648
/home/share/Uni_Eval/HAM10000_clean/ISIC2018/ISIC_0025220.jpg,5,4,0.060403377,0.044887975,0.055863988,0.026803836,0.5218055,0.28816837,0.0020668898
/home/share/Uni_Eval/HAM10000_clean/ISIC2018/ISIC_0026408.jpg,5,4,0.009638192,0.019776287,0.008373807,0.006320881,0.6152222,0.33975795,0.00091060915
/home/share/Uni_Eval/HAM10000_clean/ISIC2018/ISIC_0030496.jpg,5,4,0.023630781,0.020854091,0.056687295,0.030820347,0.60944587,0.23866242,0.019899113
/home/share/Uni_Eval/HAM10000_clean/ISIC2018/ISIC_0027733.jpg,5,4,0.0023119482,0.0016652339,0.0014022676,0.004252324,0.81034946,0.17801015,0.0020086556
/home/share/Uni_Eval/HAM10000_clean/ISIC2018/ISIC_0028590.jpg,5,5,0.070442796,0.024344377,0.059318777,0.15874527,0.26172674,0.27860665,0.1468154
/home/share/Uni_Eval/HAM10000_clean/ISIC2018/ISIC_0031161.jpg,5,5,0.058666408,0.018174006,0.10790404,0.20476589,0.19538896,0.33236784,0.0827329
/home/share/Uni_Eval/HAM10000_clean/ISIC2018/ISIC_0027314.jpg,5,4,0.12452355,0.016591156,0.11697904,0.10651064,0.37175864,0.23264062,0.030996362
/home/share/Uni_Eval/HAM10000_clean/ISIC2018/ISIC_0030571.jpg,5,4,0.07471974,0.026642144,0.027487855,0.03213656,0.47968003,0.34014407,0.019189617
/home/share/Uni_Eval/HAM10000_clean/ISIC2018/ISIC_0026873.jpg,5,4,0.026986124,0.0034309009,0.012948085,0.08443212,0.44239265,0.41558945,0.014220689
/home/share/Uni_Eval/HAM10000_clean/ISIC2018/ISIC_0032506.jpg,5,5,0.016446464,0.0090826,0.062068306,0.0784617,0.19725266,0.6268677,0.009820632
/home/share/Uni_Eval/HAM10000_clean/ISIC2018/ISIC_0024359.jpg,5,4,0.08513377,0.056711312,0.060368873,0.0058846585,0.68017405,0.10761917,0.0041081533
/home/share/Uni_Eval/HAM10000_clean/ISIC2018/ISIC_0031420.jpg,5,5,0.068602845,0.0092843855,0.03788609,0.08405396,0.23944747,0.55673206,0.0039931643
/home/share/Uni_Eval/HAM10000_clean/ISIC2018/ISIC_0026785.jpg,5,4,0.09120686,0.09410208,0.06993073,0.019117996,0.55870974,0.1651543,0.0017782508
/home/share/Uni_Eval/HAM10000_clean/ISIC2018/ISIC_0025229.jpg,5,5,0.13466817,0.012140704,0.031986497,0.010064998,0.12650906,0.6839014,0.000729106
/home/share/Uni_Eval/HAM10000_clean/ISIC2018/ISIC_0030739.jpg,5,3,0.17558338,0.013969327,0.09252594,0.23627326,0.21851704,0.21512926,0.048001826
/home/share/Uni_Eval/HAM10000_clean/ISIC2018/ISIC_0030611.jpg,5,4,0.0030247404,0.0043327403,0.003270524,0.0020149113,0.8518839,0.13478762,0.0006855391
/home/share/Uni_Eval/HAM10000_clean/ISIC2018/ISIC_0027363.jpg,5,4,0.012976787,0.009059258,0.009795392,0.006525139,0.5693026,0.39127558,0.0010651995
/home/share/Uni_Eval/HAM10000_clean/ISIC2018/ISIC_0030619.jpg,5,4,0.068291515,0.045491952,0.028916445,0.0036763134,0.65813524,0.19454439,0.0009441553
/home/share/Uni_Eval/HAM10000_clean/ISIC2018/ISIC_0029601.jpg,5,4,0.012820337,0.029346047,0.012621577,0.010463655,0.844321,0.08761111,0.0028162543
/home/share/Uni_Eval/HAM10000_clean/ISIC2018/ISIC_0027088.jpg,5,4,0.020830095,0.017816924,0.017268755,0.0073120506,0.48914,0.44536704,0.0022651677
/home/share/Uni_Eval/HAM10000_clean/ISIC2018/ISIC_0027158.jpg,5,5,0.0057266247,0.0022425787,0.0037556128,0.0057266247,0.20827855,0.7738487,0.00042136802
/home/share/Uni_Eval/HAM10000_clean/ISIC2018/ISIC_0024502.jpg,5,4,0.06775863,0.03921568,0.05114689,0.015357083,0.44184172,0.38387874,0.00080127723
/home/share/Uni_Eval/HAM10000_clean/ISIC2018/ISIC_0027199.jpg,5,3,0.023998972,0.010817184,0.050018147,0.43889531,0.051605895,0.077469625,0.3471948
/home/share/Uni_Eval/HAM10000_clean/ISIC2018/ISIC_0027929.jpg,5,4,0.006749727,0.007413124,0.0036128685,0.002296479,0.8176031,0.16099559,0.0013291
/home/share/Uni_Eval/HAM10000_clean/ISIC2018/ISIC_0027029.jpg,5,4,0.061338022,0.014343185,0.082539335,0.011706567,0.46761718,0.35853454,0.003921209
/home/share/Uni_Eval/HAM10000_clean/ISIC2018/ISIC_0031920.jpg,5,4,0.032565676,0.0050727543,0.02420076,0.030592626,0.55948067,0.33408114,0.014006325
/home/share/Uni_Eval/HAM10000_clean/ISIC2018/ISIC_0029763.jpg,5,2,0.19998787,0.036420494,0.2864694,0.055534624,0.17105868,0.24503028,0.005498673
/home/share/Uni_Eval/HAM10000_clean/ISIC2018/ISIC_0031841.jpg,5,5,0.030426644,0.0026174318,0.058648888,0.27118972,0.1474433,0.42002684,0.069647275
/home/share/Uni_Eval/HAM10000_clean/ISIC2018/ISIC_0028946.jpg,5,4,0.007112132,0.010348091,0.0039276923,0.0013156121,0.71421003,0.2627432,0.00034319796
/home/share/Uni_Eval/HAM10000_clean/ISIC2018/ISIC_0031152.jpg,5,5,0.04002282,0.038791448,0.022102702,0.04980921,0.21976854,0.6260623,0.003442937
/home/share/Uni_Eval/HAM10000_clean/ISIC2018/ISIC_0030075.jpg,5,4,0.008386133,0.012201752,0.0040870747,0.0006366435,0.7548956,0.21968715,0.00010556584
/home/share/Uni_Eval/HAM10000_clean/ISIC2018/ISIC_0028328.jpg,5,5,0.0078019886,0.0041113594,0.00465878,0.0016872983,0.4678411,0.5138229,7.6488e-05
/home/share/Uni_Eval/HAM10000_clean/ISIC2018/ISIC_0027547.jpg,5,4,0.011784738,0.003947393,0.004335363,0.003122645,0.5858451,0.390257,0.0007077286
/home/share/Uni_Eval/HAM10000_clean/ISIC2018/ISIC_0029750.jpg,5,4,0.030744893,0.028434375,0.020480514,0.006649049,0.7333322,0.1797108,0.00064813835
/home/share/Uni_Eval/HAM10000_clean/ISIC2018/ISIC_0024991.jpg,5,4,0.018572602,0.024992168,0.007864134,0.0013453948,0.82762694,0.11923097,0.00036781045
/home/share/Uni_Eval/HAM10000_clean/ISIC2018/ISIC_0031805.jpg,5,4,0.0034247858,0.011768351,0.0024285368,0.00065363175,0.7630235,0.2186099,9.126744e-05
/home/share/Uni_Eval/HAM10000_clean/ISIC2018/ISIC_0031688.jpg,5,4,0.01636384,0.02418419,0.015614488,0.017419219,0.8008704,0.11903875,0.006509087
/home/share/Uni_Eval/HAM10000_clean/ISIC2018/ISIC_0031731.jpg,5,4,0.010642992,0.014776331,0.009690556,0.0012514171,0.8454776,0.11805512,0.000105983345
/home/share/Uni_Eval/HAM10000_clean/ISIC2018/ISIC_0028444.jpg,5,4,0.03331211,0.0232556,0.02399381,0.006662841,0.7945659,0.116270676,0.0019389972
/home/share/Uni_Eval/HAM10000_clean/ISIC2018/ISIC_0025139.jpg,5,4,0.036071543,0.030853624,0.024407225,0.014348268,0.5555059,0.33693135,0.0018820831
/home/share/Uni_Eval/HAM10000_clean/ISIC2018/ISIC_0027690.jpg,5,5,0.09804554,0.03133724,0.099589534,0.0695247,0.30200154,0.37584695,0.023654588
/home/share/Uni_Eval/HAM10000_clean/ISIC2018/ISIC_0031658.jpg,5,4,0.028155658,0.029971542,0.01846493,0.005901747,0.74919426,0.16716783,0.0011441057
/home/share/Uni_Eval/HAM10000_clean/ISIC2018/ISIC_0025828.jpg,5,4,0.008238637,0.011801303,0.0045498074,0.0011325367,0.86703986,0.106840275,0.00039755777
/home/share/Uni_Eval/HAM10000_clean/ISIC2018/ISIC_0026578.jpg,5,4,0.036298424,0.089839466,0.043105442,0.009618125,0.50108427,0.31850854,0.0015457732
/home/share/Uni_Eval/HAM10000_clean/ISIC2018/ISIC_0025349.jpg,5,4,0.07456321,0.010411358,0.02786224,0.04522488,0.66457474,0.16803081,0.009332682
/home/share/Uni_Eval/HAM10000_clean/ISIC2018/ISIC_0027169.jpg,5,4,0.012349925,0.0062099327,0.007374477,0.005395283,0.5590003,0.40897334,0.00069673517
/home/share/Uni_Eval/HAM10000_clean/ISIC2018/ISIC_0025888.jpg,5,4,0.009749186,0.01607369,0.0077122413,0.0021084093,0.8116416,0.15250294,0.0002120483
/home/share/Uni_Eval/HAM10000_clean/ISIC2018/ISIC_0026813.jpg,5,4,0.0043521025,0.0025188038,0.0026812525,0.001033715,0.8424245,0.14639142,0.0005982683
/home/share/Uni_Eval/HAM10000_clean/ISIC2018/ISIC_0030449.jpg,5,4,0.05878688,0.009596694,0.03146635,0.008208487,0.62222,0.2676135,0.002108114
/home/share/Uni_Eval/HAM10000_clean/ISIC2018/ISIC_0029520.jpg,5,4,0.0062037027,0.00991349,0.004068488,0.0010950187,0.85151863,0.12656695,0.0006337482
/home/share/Uni_Eval/HAM10000_clean/ISIC2018/ISIC_0026517.jpg,5,4,0.042683914,0.025092581,0.033242267,0.00802007,0.6676888,0.2201804,0.0030920126
/home/share/Uni_Eval/HAM10000_clean/ISIC2018/ISIC_0031416.jpg,5,4,0.027141027,0.038877726,0.014756322,0.0018760557,0.8056679,0.110752344,0.00092871493
/home/share/Uni_Eval/HAM10000_clean/ISIC2018/ISIC_0027782.jpg,5,4,0.0019903595,0.0040839524,0.002895956,0.0014791095,0.7905194,0.19677585,0.0022553727
/home/share/Uni_Eval/HAM10000_clean/ISIC2018/ISIC_0031752.jpg,5,4,0.060525555,0.01789132,0.033425387,0.0061830753,0.46142325,0.42013064,0.00042076354
/home/share/Uni_Eval/HAM10000_clean/ISIC2018/ISIC_0028152.jpg,5,5,0.06411357,0.009236435,0.047645163,0.14675742,0.2496428,0.46639416,0.01621045
/home/share/Uni_Eval/HAM10000_clean/ISIC2018/ISIC_0025697.jpg,5,4,0.013431275,0.03272735,0.009376541,0.0019654299,0.71076083,0.23075025,0.0009882802
/home/share/Uni_Eval/HAM10000_clean/ISIC2018/ISIC_0030905.jpg,5,4,0.036129102,0.0422392,0.033413958,0.01603219,0.506601,0.36489102,0.00069348456
/home/share/Uni_Eval/HAM10000_clean/ISIC2018/ISIC_0026630.jpg,5,4,0.03670555,0.007115695,0.0106819235,0.008190114,0.67127436,0.2628748,0.0031575707
/home/share/Uni_Eval/HAM10000_clean/ISIC2018/ISIC_0025360.jpg,5,4,0.022584146,0.0057101664,0.014355358,0.020886922,0.7362894,0.19816959,0.002004457
/home/share/Uni_Eval/HAM10000_clean/ISIC2018/ISIC_0028253.jpg,5,0,0.44817466,0.02096141,0.09248606,0.2634683,0.05697901,0.10000129,0.017929243
/home/share/Uni_Eval/HAM10000_clean/ISIC2018/ISIC_0025669.jpg,5,4,0.10059603,0.008789984,0.03476506,0.02244601,0.5788902,0.24131735,0.013195329
/home/share/Uni_Eval/HAM10000_clean/ISIC2018/ISIC_0027368.jpg,5,5,0.029570132,0.014868798,0.08164576,0.13046955,0.31298018,0.42116088,0.009304655
/home/share/Uni_Eval/HAM10000_clean/ISIC2018/ISIC_0030777.jpg,5,3,0.102368325,0.011849995,0.06406046,0.33044901,0.18249126,0.27395186,0.03482907
/home/share/Uni_Eval/HAM10000_clean/ISIC2018/ISIC_0029875.jpg,5,5,0.051727764,0.015053638,0.023682697,0.029473593,0.3373074,0.530659,0.012095938
/home/share/Uni_Eval/HAM10000_clean/ISIC2018/ISIC_0029204.jpg,5,4,0.1060249,0.025183119,0.04930615,0.09068789,0.40013376,0.31162447,0.017039752
/home/share/Uni_Eval/HAM10000_clean/ISIC2018/ISIC_0032267.jpg,5,4,0.027649913,0.009117975,0.014570482,0.015032997,0.5729925,0.35856956,0.0020665338
/home/share/Uni_Eval/HAM10000_clean/ISIC2018/ISIC_0032069.jpg,5,5,0.035138555,0.003217723,0.012926753,0.031994022,0.34396812,0.56710756,0.00564728
/home/share/Uni_Eval/HAM10000_clean/ISIC2018/ISIC_0029657.jpg,5,4,0.021266848,0.005547788,0.0073496257,0.013308452,0.6118728,0.3379082,0.0027463546
/home/share/Uni_Eval/HAM10000_clean/ISIC2018/ISIC_0030646.jpg,5,4,0.026165253,0.014908513,0.016893556,0.010571718,0.7646608,0.1653695,0.0014307265
/home/share/Uni_Eval/HAM10000_clean/ISIC2018/ISIC_0029018.jpg,5,5,0.013478461,0.09210856,0.02328869,0.0034615549,0.26652494,0.60062325,0.00051451416
/home/share/Uni_Eval/HAM10000_clean/ISIC2018/ISIC_0028247.jpg,5,5,0.028975623,0.013687116,0.08650523,0.006990694,0.27065095,0.591156,0.002034408
/home/share/Uni_Eval/HAM10000_clean/ISIC2018/ISIC_0027757.jpg,5,4,0.008739472,0.027343387,0.006294805,0.0009653397,0.70519525,0.25144514,1.6609587e-05
/home/share/Uni_Eval/HAM10000_clean/ISIC2018/ISIC_0032363.jpg,5,5,0.030395202,0.09659575,0.022587799,0.0009323097,0.35889676,0.49055374,3.8481016e-05
/home/share/Uni_Eval/HAM10000_clean/ISIC2018/ISIC_0025638.jpg,5,5,0.008110089,0.0140129775,0.01612884,0.0011867683,0.44279587,0.5176808,8.463637e-05
/home/share/Uni_Eval/HAM10000_clean/ISIC2018/ISIC_0031178.jpg,5,4,0.08015696,0.11128693,0.08141925,0.025619706,0.5477734,0.14975291,0.00399078
/home/share/Uni_Eval/HAM10000_clean/ISIC2018/ISIC_0029534.jpg,5,5,0.10796659,0.067563765,0.20170814,0.0139425695,0.16722192,0.44057107,0.0010259015
/home/share/Uni_Eval/HAM10000_clean/ISIC2018/ISIC_0024594.jpg,5,5,0.0049097063,0.008094738,0.0034275274,0.00029027954,0.15758488,0.8256857,7.267007e-06
/home/share/Uni_Eval/HAM10000_clean/ISIC2018/ISIC_0027444.jpg,5,4,0.026428076,0.059556585,0.009875448,0.0026997977,0.5739555,0.32702994,0.0004547201
/home/share/Uni_Eval/HAM10000_clean/ISIC2018/ISIC_0027644.jpg,5,4,0.05798764,0.08704976,0.017141115,0.005393691,0.44207516,0.39012995,0.00022262422
/home/share/Uni_Eval/HAM10000_clean/ISIC2018/ISIC_0032376.jpg,5,2,0.062435072,0.12612231,0.32206464,0.044273097,0.122241944,0.32206464,0.0007983184
/home/share/Uni_Eval/HAM10000_clean/ISIC2018/ISIC_0029790.jpg,5,4,0.03976429,0.056959715,0.026488729,0.0026227394,0.584332,0.2892653,0.0005672071
/home/share/Uni_Eval/HAM10000_clean/ISIC2018/ISIC_0027305.jpg,5,5,0.04902464,0.011111138,0.01775555,0.0017857224,0.15338454,0.76687443,6.403651e-05
/home/share/Uni_Eval/HAM10000_clean/ISIC2018/ISIC_0028918.jpg,5,4,0.018068705,0.04472047,0.006647105,0.0008583926,0.64697415,0.28264207,8.9071254e-05
/home/share/Uni_Eval/HAM10000_clean/ISIC2018/ISIC_0030697.jpg,5,4,0.014699514,0.05905324,0.007991987,0.00033506338,0.57806677,0.33982792,2.5436742e-05
/home/share/Uni_Eval/HAM10000_clean/ISIC2018/ISIC_0028293.jpg,5,4,0.032651257,0.054680567,0.004559137,0.0027223849,0.84208703,0.06293694,0.0003627227
/home/share/Uni_Eval/HAM10000_clean/ISIC2018/ISIC_0027264.jpg,5,5,0.05074139,0.07155684,0.034333345,0.0020618774,0.24207364,0.599138,9.49402e-05
/home/share/Uni_Eval/HAM10000_clean/ISIC2018/ISIC_0031404.jpg,5,5,0.15584877,0.11225366,0.08879995,0.05915352,0.090198345,0.48760766,0.0061380747
/home/share/Uni_Eval/HAM10000_clean/ISIC2018/ISIC_0025152.jpg,5,4,0.024482999,0.040365644,0.022643074,0.001075708,0.48413023,0.42724344,5.8820133e-05
/home/share/Uni_Eval/HAM10000_clean/ISIC2018/ISIC_0027235.jpg,5,5,0.014688617,0.045244124,0.010915652,0.0006978143,0.4569494,0.47145456,4.97658e-05
/home/share/Uni_Eval/HAM10000_clean/ISIC2018/ISIC_0031160.jpg,5,4,0.017648838,0.046498496,0.009300284,0.00067371037,0.6319403,0.29387954,5.886815e-05
/home/share/Uni_Eval/HAM10000_clean/ISIC2018/ISIC_0028010.jpg,5,5,0.011944828,0.093953334,0.023755126,0.0004350903,0.30328512,0.5666112,1.5360567e-05
/home/share/Uni_Eval/HAM10000_clean/ISIC2018/ISIC_0024934.jpg,5,5,0.0034701887,0.0051286058,0.003110657,0.0017449204,0.27139735,0.71503675,0.00011154902
/home/share/Uni_Eval/HAM10000_clean/ISIC2018/ISIC_0028461.jpg,5,4,0.1098352,0.19888586,0.07667732,0.0027929714,0.3715677,0.23990214,0.00033882586
/home/share/Uni_Eval/HAM10000_clean/ISIC2018/ISIC_0028332.jpg,5,5,0.032695808,0.015444405,0.011658049,0.01362964,0.15843934,0.7677751,0.00035758645
/home/share/Uni_Eval/HAM10000_clean/ISIC2018/ISIC_0032334.jpg,5,5,0.0825279,0.107636675,0.042151127,0.0019714343,0.35292706,0.41261354,0.000172262
/home/share/Uni_Eval/HAM10000_clean/ISIC2018/ISIC_0030858.jpg,5,5,0.030730307,0.037651557,0.12737358,0.026285026,0.21000354,0.5619986,0.0059573418
/home/share/Uni_Eval/HAM10000_clean/ISIC2018/ISIC_0030609.jpg,5,4,0.04625246,0.0683567,0.01928089,0.00535411,0.5723436,0.28779244,0.0006197833
/home/share/Uni_Eval/HAM10000_clean/ISIC2018/ISIC_0027987.jpg,5,4,0.009000081,0.057778027,0.011200782,0.0017447452,0.5313169,0.3887197,0.00023984404
/home/share/Uni_Eval/HAM10000_clean/ISIC2018/ISIC_0026722.jpg,5,5,0.023629028,0.038957678,0.018402305,0.0068764393,0.40594834,0.5052109,0.0009752864
/home/share/Uni_Eval/HAM10000_clean/ISIC2018/ISIC_0031663.jpg,5,5,0.13338484,0.10388021,0.09025269,0.014733347,0.25311995,0.4044845,0.00014444064
/home/share/Uni_Eval/HAM10000_clean/ISIC2018/ISIC_0025568.jpg,5,4,0.026955878,0.017956486,0.017678095,0.00037267493,0.57634205,0.36066565,2.919016e-05
/home/share/Uni_Eval/HAM10000_clean/ISIC2018/ISIC_0030247.jpg,5,5,0.19802985,0.08127129,0.23152038,0.00926198,0.13191633,0.34755322,0.00044693946
/home/share/Uni_Eval/HAM10000_clean/ISIC2018/ISIC_0029756.jpg,5,4,0.008864021,0.030458815,0.005723043,0.00093426096,0.49932167,0.45463756,6.066584e-05
/home/share/Uni_Eval/HAM10000_clean/ISIC2018/ISIC_0031629.jpg,5,4,0.09208862,0.06039319,0.043499585,0.0023053936,0.47502926,0.3264825,0.00020144304
/home/share/Uni_Eval/HAM10000_clean/ISIC2018/ISIC_0027537.jpg,5,4,0.01866111,0.03486354,0.013027553,0.00062864827,0.7224813,0.21025404,8.3759274e-05
/home/share/Uni_Eval/HAM10000_clean/ISIC2018/ISIC_0026223.jpg,5,5,0.027998375,0.06309531,0.026302038,0.0011556309,0.28277355,0.5986316,4.3430056e-05
/home/share/Uni_Eval/HAM10000_clean/ISIC2018/ISIC_0024789.jpg,5,5,0.069039345,0.045277104,0.0988943,0.008375423,0.13307682,0.64487183,0.00046518343
/home/share/Uni_Eval/HAM10000_clean/ISIC2018/ISIC_0029854.jpg,5,4,0.05312706,0.117867544,0.029801581,0.0016295623,0.6175817,0.17972653,0.00026601873
/home/share/Uni_Eval/HAM10000_clean/ISIC2018/ISIC_0027911.jpg,5,4,0.17611565,0.1603551,0.13293906,0.0017537666,0.26438087,0.26438087,7.468439e-05
/home/share/Uni_Eval/HAM10000_clean/ISIC2018/ISIC_0031435.jpg,5,4,0.035566837,0.06541743,0.013928176,0.0025764534,0.61104083,0.27114773,0.00032248095
/home/share/Uni_Eval/HAM10000_clean/ISIC2018/ISIC_0026389.jpg,5,5,0.19927308,0.0074889315,0.091233864,0.006306313,0.100200795,0.5949195,0.0005774844
/home/share/Uni_Eval/HAM10000_clean/ISIC2018/ISIC_0025847.jpg,5,4,0.09882825,0.07007972,0.043174867,0.0026336834,0.42929035,0.3558942,9.897712e-05
/home/share/Uni_Eval/HAM10000_clean/ISIC2018/ISIC_0027462.jpg,5,4,0.02673713,0.07382357,0.021150809,0.0015084054,0.72265226,0.15386154,0.00026624938
/home/share/Uni_Eval/HAM10000_clean/ISIC2018/ISIC_0024824.jpg,5,4,0.03650042,0.05565649,0.02047488,0.0018172488,0.52805406,0.3572993,0.00019761665
/home/share/Uni_Eval/HAM10000_clean/ISIC2018/ISIC_0031293.jpg,5,5,0.012514884,0.023749074,0.008207461,0.00044182944,0.4551689,0.49990526,1.2533736e-05
/home/share/Uni_Eval/HAM10000_clean/ISIC2018/ISIC_0025809.jpg,5,4,0.04514003,0.07101524,0.018525433,0.001544607,0.52473557,0.33879477,0.00024439231
/home/share/Uni_Eval/HAM10000_clean/ISIC2018/ISIC_0029296.jpg,5,4,0.011365125,0.015534285,0.008578847,0.0007265482,0.7967568,0.16700931,2.9065584e-05
/home/share/Uni_Eval/HAM10000_clean/ISIC2018/ISIC_0031646.jpg,5,5,0.08412631,0.085451104,0.16471131,0.0037544593,0.28459564,0.37702796,0.00033322725
/home/share/Uni_Eval/HAM10000_clean/ISIC2018/ISIC_0029986.jpg,5,4,0.011414246,0.014205257,0.0039446577,0.0008801722,0.82560146,0.143468,0.0004860772
/home/share/Uni_Eval/HAM10000_clean/ISIC2018/ISIC_0026501.jpg,5,4,0.046045892,0.058207463,0.03530461,0.0002378806,0.4300982,0.4300982,7.767077e-06
/home/share/Uni_Eval/HAM10000_clean/ISIC2018/ISIC_0026006.jpg,5,5,0.08477847,0.028844424,0.057363983,0.0006372563,0.3249891,0.503353,3.3773344e-05
/home/share/Uni_Eval/HAM10000_clean/ISIC2018/ISIC_0032364.jpg,5,5,0.119507395,0.06199962,0.047536757,0.021763915,0.3248548,0.42369053,0.00064702414
/home/share/Uni_Eval/HAM10000_clean/ISIC2018/ISIC_0032078.jpg,5,4,0.10651098,0.118821576,0.039800245,0.0014725536,0.4346313,0.29871744,4.587881e-05
/home/share/Uni_Eval/HAM10000_clean/ISIC2018/ISIC_0027049.jpg,5,5,0.04551333,0.04844869,0.029385611,0.005521393,0.26191112,0.6089616,0.000258239
/home/share/Uni_Eval/HAM10000_clean/ISIC2018/ISIC_0028966.jpg,5,5,0.0056864494,0.00908692,0.0037879918,0.0022619134,0.23435476,0.7447779,4.410029e-05
/home/share/Uni_Eval/HAM10000_clean/ISIC2018/ISIC_0032443.jpg,5,5,0.001400845,0.0033083537,0.0032570623,0.0018558183,0.38841552,0.60158974,0.00017261798
/home/share/Uni_Eval/HAM10000_clean/ISIC2018/ISIC_0028527.jpg,5,5,0.03409673,0.008355764,0.01661742,0.03517908,0.14810944,0.7521618,0.005479843
/home/share/Uni_Eval/HAM10000_clean/ISIC2018/ISIC_0025863.jpg,5,4,0.009145393,0.011381625,0.004895176,0.0022764683,0.785543,0.18658283,0.00017554237
/home/share/Uni_Eval/HAM10000_clean/ISIC2018/ISIC_0024387.jpg,5,4,0.009009293,0.0121233305,0.006289501,0.0071269386,0.6218082,0.34339508,0.0002477108
/home/share/Uni_Eval/HAM10000_clean/ISIC2018/ISIC_0024924.jpg,5,4,0.022863135,0.042713962,0.011318073,0.002126603,0.6786807,0.24199109,0.00030636622
/home/share/Uni_Eval/HAM10000_clean/ISIC2018/ISIC_0027099.jpg,5,4,0.08209428,0.061968014,0.019196795,0.0019919586,0.66621894,0.16844653,8.351269e-05
/home/share/Uni_Eval/HAM10000_clean/ISIC2018/ISIC_0030125.jpg,5,4,0.023768086,0.03512695,0.029121267,0.008343382,0.6838364,0.21184263,0.007961311
/home/share/Uni_Eval/HAM10000_clean/ISIC2018/ISIC_0026911.jpg,5,4,0.02831712,0.045963217,0.019768534,0.0016227001,0.5427189,0.36152875,8.078948e-05
/home/share/Uni_Eval/HAM10000_clean/ISIC2018/ISIC_0030464.jpg,5,4,0.04796866,0.04872406,0.016320515,0.0063912054,0.50771636,0.3714532,0.0014260708
/home/share/Uni_Eval/HAM10000_clean/ISIC2018/ISIC_0026781.jpg,5,4,0.017476551,0.02043216,0.005166059,0.0015511321,0.6356258,0.31961274,0.00013553641
/home/share/Uni_Eval/HAM10000_clean/ISIC2018/ISIC_0032309.jpg,5,4,0.03517293,0.0570913,0.074461095,0.001864097,0.55886155,0.27236736,0.0001817091
/home/share/Uni_Eval/HAM10000_clean/ISIC2018/ISIC_0029194.jpg,5,5,0.0061811623,0.008716837,0.009573571,0.00109104,0.42661473,0.54778415,3.851842e-05
/home/share/Uni_Eval/HAM10000_clean/ISIC2018/ISIC_0027034.jpg,5,4,0.026734114,0.052342854,0.01753266,0.0018770293,0.64770824,0.2536462,0.00015896685
/home/share/Uni_Eval/HAM10000_clean/ISIC2018/ISIC_0025094.jpg,5,4,0.087267675,0.035259325,0.2335404,0.007390756,0.55154866,0.08458272,0.0004104936
/home/share/Uni_Eval/HAM10000_clean/ISIC2018/ISIC_0031713.jpg,5,4,0.031748272,0.13366522,0.007540876,0.00097381236,0.70035565,0.12556686,0.00014933896
/home/share/Uni_Eval/HAM10000_clean/ISIC2018/ISIC_0027645.jpg,5,5,0.015471085,0.013027959,0.022510296,0.0006286679,0.31074503,0.6376074,9.545816e-06
/home/share/Uni_Eval/HAM10000_clean/ISIC2018/ISIC_0030979.jpg,5,4,0.014127114,0.05167483,0.011351455,0.0006607339,0.48267612,0.43948162,2.8137443e-05
/home/share/Uni_Eval/HAM10000_clean/ISIC2018/ISIC_0028831.jpg,5,4,0.018964915,0.06516782,0.012244671,0.0010699274,0.62803173,0.27436677,0.00015413766
/home/share/Uni_Eval/HAM10000_clean/ISIC2018/ISIC_0030053.jpg,5,4,0.088649124,0.1330781,0.039337806,0.0036022589,0.37322673,0.36174375,0.00036228867
/home/share/Uni_Eval/HAM10000_clean/ISIC2018/ISIC_0025671.jpg,5,4,0.043583587,0.013501566,0.013501566,0.0032574045,0.6505419,0.2754568,0.00015718697
/home/share/Uni_Eval/HAM10000_clean/ISIC2018/ISIC_0026608.jpg,5,4,0.031558745,0.10187287,0.009041731,0.00086770864,0.6747557,0.18160804,0.000295223
/home/share/Uni_Eval/HAM10000_clean/ISIC2018/ISIC_0030334.jpg,5,4,0.030554567,0.07802382,0.009765826,0.0004639466,0.633186,0.24795918,4.6660334e-05
/home/share/Uni_Eval/HAM10000_clean/ISIC2018/ISIC_0030473.jpg,5,4,0.007963475,0.033527482,0.004983415,0.0007292348,0.78730476,0.16502805,0.0004635298
/home/share/Uni_Eval/HAM10000_clean/ISIC2018/ISIC_0030350.jpg,5,4,0.02740891,0.018545797,0.058938418,0.023813274,0.43549928,0.43549928,0.00029511744
/home/share/Uni_Eval/HAM10000_clean/ISIC2018/ISIC_0028823.jpg,5,5,0.007516327,0.016162641,0.013399301,0.00077993295,0.17107081,0.79102343,4.757621e-05
/home/share/Uni_Eval/HAM10000_clean/ISIC2018/ISIC_0024317.jpg,5,4,0.030726288,0.041346736,0.020150792,0.0040304116,0.46585226,0.4376277,0.00026583445
/home/share/Uni_Eval/HAM10000_clean/ISIC2018/ISIC_0033356.jpg,5,5,0.0123040555,0.027297743,0.009143598,0.0019467843,0.21138453,0.73780453,0.0001187546
/home/share/Uni_Eval/HAM10000_clean/ISIC2018/ISIC_0026544.jpg,5,0,0.28286767,0.12552178,0.17701408,0.013649859,0.15379249,0.24575971,0.0013944209
/home/share/Uni_Eval/HAM10000_clean/ISIC2018/ISIC_0032470.jpg,5,5,0.10313957,0.060632624,0.12636924,0.07907985,0.20193748,0.42750162,0.0013395492
/home/share/Uni_Eval/HAM10000_clean/ISIC2018/ISIC_0025049.jpg,5,4,0.011065245,0.069934495,0.010394835,0.00440145,0.825764,0.07801757,0.00042239434
/home/share/Uni_Eval/HAM10000_clean/ISIC2018/ISIC_0026432.jpg,5,4,0.011743947,0.0625029,0.012898202,0.0012572954,0.69330007,0.21815655,0.00014106464
/home/share/Uni_Eval/HAM10000_clean/ISIC2018/ISIC_0030462.jpg,5,4,0.013000019,0.031676523,0.008934774,0.0026827054,0.7795375,0.16339993,0.00076860806
/home/share/Uni_Eval/HAM10000_clean/ISIC2018/ISIC_0032527.jpg,5,4,0.037852444,0.059550256,0.039669022,0.002309014,0.50646013,0.35356614,0.0005930038
/home/share/Uni_Eval/HAM10000_clean/ISIC2018/ISIC_0033963.jpg,5,4,0.03140104,0.044979908,0.02445515,0.028590968,0.6018245,0.267058,0.0016904013
/home/share/Uni_Eval/HAM10000_clean/ISIC2018/ISIC_0032924.jpg,5,5,0.013536373,0.010059379,0.008210225,0.006806516,0.3279563,0.6321523,0.0012789064
/home/share/Uni_Eval/HAM10000_clean/ISIC2018/ISIC_0030845.jpg,5,4,0.006103951,0.011403681,0.0015923105,0.00032859185,0.77486295,0.20531826,0.0003902125
/home/share/Uni_Eval/HAM10000_clean/ISIC2018/ISIC_0033561.jpg,5,5,0.032556657,0.035202134,0.01422295,0.00088126824,0.41565552,0.5013762,0.00010525248
/home/share/Uni_Eval/HAM10000_clean/ISIC2018/ISIC_0025619.jpg,5,4,0.011822303,0.021744542,0.015662005,0.00060728187,0.70891654,0.24119672,5.063374e-05
/home/share/Uni_Eval/HAM10000_clean/ISIC2018/ISIC_0034290.jpg,5,5,0.033279747,0.048421748,0.018668247,0.0020300776,0.39295653,0.5045662,7.749429e-05
/home/share/Uni_Eval/HAM10000_clean/ISIC2018/ISIC_0033165.jpg,5,4,0.030795628,0.06029491,0.015244942,0.004577361,0.4893107,0.3993638,0.00041266167
/home/share/Uni_Eval/HAM10000_clean/ISIC2018/ISIC_0033767.jpg,5,4,0.0020691599,0.01050806,0.0030580203,0.00046169196,0.7252509,0.25859618,5.600959e-05
/home/share/Uni_Eval/HAM10000_clean/ISIC2018/ISIC_0032590.jpg,5,4,0.0092648165,0.028987046,0.004445307,0.0014889914,0.68068457,0.2750214,0.00010786217
/home/share/Uni_Eval/HAM10000_clean/ISIC2018/ISIC_0033549.jpg,5,4,0.017351326,0.057788737,0.004121301,0.001380463,0.6116553,0.3075596,0.00014324396
/home/share/Uni_Eval/HAM10000_clean/ISIC2018/ISIC_0032953.jpg,5,4,0.0009480068,0.0076933503,0.001316177,0.00019563225,0.55646616,0.43337628,4.4592766e-06
/home/share/Uni_Eval/HAM10000_clean/ISIC2018/ISIC_0031904.jpg,5,4,0.19027863,0.030106453,0.06373536,0.039266214,0.45645472,0.21900937,0.0011492558
/home/share/Uni_Eval/HAM10000_clean/ISIC2018/ISIC_0033511.jpg,5,5,0.009929574,0.012749825,0.008104282,0.0010797912,0.33400056,0.63382167,0.0003142371
/home/share/Uni_Eval/HAM10000_clean/ISIC2018/ISIC_0025978.jpg,5,5,0.034007084,0.071993,0.0635336,0.0031141117,0.12246421,0.70473295,0.00015504248
/home/share/Uni_Eval/HAM10000_clean/ISIC2018/ISIC_0027654.jpg,5,4,0.011204661,0.0064847604,0.015801102,0.0011626533,0.79787725,0.16724417,0.00022539064
/home/share/Uni_Eval/HAM10000_clean/ISIC2018/ISIC_0025421.jpg,5,4,0.012944715,0.07806663,0.005481138,0.00051785377,0.7762213,0.12671465,5.373518e-05
/home/share/Uni_Eval/HAM10000_clean/ISIC2018/ISIC_0024730.jpg,5,4,0.0071400544,0.030534135,0.0052237753,0.00063371577,0.6229525,0.33344245,7.335792e-05
/home/share/Uni_Eval/HAM10000_clean/ISIC2018/ISIC_0031988.jpg,5,4,0.07810673,0.07933673,0.03806618,0.0014305747,0.463741,0.33928016,3.872388e-05
/home/share/Uni_Eval/HAM10000_clean/ISIC2018/ISIC_0026084.jpg,5,4,0.23704204,0.22268037,0.021038678,0.010094468,0.39081624,0.11552506,0.0028031322
/home/share/Uni_Eval/HAM10000_clean/ISIC2018/ISIC_0030085.jpg,5,4,0.011769548,0.015837658,0.0074811797,0.0007068163,0.82510906,0.13897103,0.00012476048
/home/share/Uni_Eval/HAM10000_clean/ISIC2018/ISIC_0031757.jpg,5,4,0.0025390815,0.0051290854,0.005209857,0.0005078483,0.6931022,0.29347792,3.4023713e-05
/home/share/Uni_Eval/HAM10000_clean/ISIC2018/ISIC_0025117.jpg,5,4,0.037460685,0.01662308,0.05623515,0.0022851166,0.47826597,0.40908256,4.7426078e-05
/home/share/Uni_Eval/HAM10000_clean/ISIC2018/ISIC_0032641.jpg,5,4,0.005661786,0.02346745,0.003380807,0.0002954116,0.71873254,0.24838734,7.469174e-05
/home/share/Uni_Eval/HAM10000_clean/ISIC2018/ISIC_0032743.jpg,5,4,0.009731528,0.020282246,0.0023478407,0.0011090414,0.77307105,0.19243261,0.0010256956
/home/share/Uni_Eval/HAM10000_clean/ISIC2018/ISIC_0033157.jpg,5,5,0.037189145,0.025962207,0.040211055,0.034394335,0.35284075,0.5054211,0.003981434
/home/share/Uni_Eval/HAM10000_clean/ISIC2018/ISIC_0032623.jpg,5,4,0.035949968,0.028438766,0.01724898,0.0067547993,0.6574562,0.25347194,0.00067934796
/home/share/Uni_Eval/HAM10000_clean/ISIC2018/ISIC_0032595.jpg,5,5,0.013243171,0.03031392,0.005105697,0.0017371261,0.33103764,0.6184597,0.00010270516
/home/share/Uni_Eval/HAM10000_clean/ISIC2018/ISIC_0034281.jpg,5,5,0.020301325,0.003997568,0.006289057,0.005816427,0.09992663,0.8632343,0.00043471536
/home/share/Uni_Eval/HAM10000_clean/ISIC2018/ISIC_0032957.jpg,5,4,0.0030621872,0.0043183756,0.0018573103,0.00025531795,0.5568269,0.4336572,2.2660755e-05
/home/share/Uni_Eval/HAM10000_clean/ISIC2018/ISIC_0033070.jpg,5,5,0.02061815,0.019068673,0.00958833,0.0006324189,0.33800027,0.61203945,5.2729607e-05
/home/share/Uni_Eval/HAM10000_clean/ISIC2018/ISIC_0032742.jpg,5,5,0.032266006,0.06317377,0.012246795,0.0012316924,0.4385129,0.45243278,0.0001360496
/home/share/Uni_Eval/HAM10000_clean/ISIC2018/ISIC_0034112.jpg,5,4,0.047265556,0.032996677,0.010221893,0.0013619353,0.58488005,0.3230014,0.00027240423
/home/share/Uni_Eval/HAM10000_clean/ISIC2018/ISIC_0033409.jpg,5,5,0.009428402,0.025629055,0.00580867,0.0009631719,0.3073852,0.6507344,5.104624e-05
/home/share/Uni_Eval/HAM10000_clean/ISIC2018/ISIC_0034184.jpg,5,5,0.12861888,0.011777943,0.18138167,0.16258949,0.15037069,0.36072055,0.0045408015
/home/share/Uni_Eval/HAM10000_clean/ISIC2018/ISIC_0033471.jpg,5,4,0.08601629,0.06595098,0.043932825,0.0018133242,0.6557547,0.14631864,0.00021321308
/home/share/Uni_Eval/HAM10000_clean/ISIC2018/ISIC_0032568.jpg,5,5,0.0051964475,0.010830327,0.012861332,0.0022349642,0.28818431,0.68060035,9.2247996e-05
/home/share/Uni_Eval/HAM10000_clean/ISIC2018/ISIC_0032516.jpg,5,5,0.0082152095,0.029125446,0.004329111,0.001592591,0.38969415,0.56700164,4.178312e-05
/home/share/Uni_Eval/HAM10000_clean/ISIC2018/ISIC_0034102.jpg,5,5,0.018053135,0.09312516,0.015202265,0.0022245827,0.3353566,0.5358983,0.00014000801
/home/share/Uni_Eval/HAM10000_clean/ISIC2018/ISIC_0033988.jpg,5,5,0.04244875,0.026982069,0.019740503,0.002113399,0.30400604,0.6045882,0.00012110741
/home/share/Uni_Eval/HAM10000_clean/ISIC2018/ISIC_0032859.jpg,5,5,0.051148545,0.04804961,0.040461827,0.0015206061,0.15270135,0.70608383,3.4123605e-05
/home/share/Uni_Eval/HAM10000_clean/ISIC2018/ISIC_0032728.jpg,5,5,0.0015602425,0.0015122388,0.0012734327,0.00010131368,0.3758598,0.61968803,4.9659093e-06
/home/share/Uni_Eval/HAM10000_clean/ISIC2018/ISIC_0032802.jpg,5,5,0.015835956,0.03198951,0.010065945,0.002109937,0.35483682,0.585027,0.00013488374
/home/share/Uni_Eval/HAM10000_clean/ISIC2018/ISIC_0033222.jpg,5,5,0.05189297,0.026504334,0.026921717,0.022670358,0.22896253,0.6421412,0.00090692844
/home/share/Uni_Eval/HAM10000_clean/ISIC2018/ISIC_0032546.jpg,5,5,0.05874786,0.030477993,0.030477993,0.0030177296,0.21489075,0.6619101,0.00047747415
/home/share/Uni_Eval/HAM10000_clean/ISIC2018/ISIC_0032521.jpg,5,4,0.007153063,0.036898304,0.010907118,0.0016726606,0.61441195,0.32887104,8.592037e-05
/home/share/Uni_Eval/HAM10000_clean/ISIC2018/ISIC_0033618.jpg,5,4,0.016846498,0.031969033,0.008339621,0.0008653621,0.65222704,0.289424,0.00032845442
/home/share/Uni_Eval/HAM10000_clean/ISIC2018/ISIC_0033016.jpg,5,4,0.023959098,0.03224049,0.011860613,0.0015802737,0.59890205,0.3307451,0.00071228517
/home/share/Uni_Eval/HAM10000_clean/ISIC2018/ISIC_0032895.jpg,5,5,0.014931525,0.017456722,0.022767859,0.012771611,0.43636313,0.49446422,0.0012449556
/home/share/Uni_Eval/HAM10000_clean/ISIC2018/ISIC_0033237.jpg,5,5,0.016496679,0.038959946,0.013255454,0.00079605187,0.3112695,0.6190333,0.00018907888
/home/share/Uni_Eval/HAM10000_clean/ISIC2018/ISIC_0033373.jpg,5,5,0.046966147,0.030323623,0.026760506,0.0028205363,0.4186047,0.47434127,0.00018315035
/home/share/Uni_Eval/HAM10000_clean/ISIC2018/ISIC_0033411.jpg,5,5,0.05099993,0.015312955,0.011925742,0.012894801,0.3768413,0.53143144,0.0005937477
/home/share/Uni_Eval/HAM10000_clean/ISIC2018/ISIC_0033824.jpg,5,5,0.0012405976,0.0069194976,0.0023177415,0.0009968482,0.45570388,0.53277177,4.9630147e-05
/home/share/Uni_Eval/HAM10000_clean/ISIC2018/ISIC_0032838.jpg,5,5,0.0072566015,0.018822193,0.0037646752,0.00017884902,0.4024362,0.56752604,1.5385369e-05
/home/share/Uni_Eval/HAM10000_clean/ISIC2018/ISIC_0034307.jpg,5,5,0.034106825,0.0386481,0.036306527,0.0033770332,0.40906438,0.4782447,0.0002523969
/home/share/Uni_Eval/HAM10000_clean/ISIC2018/ISIC_0034137.jpg,5,4,0.018549174,0.014446111,0.011076217,0.005836756,0.53368205,0.41563198,0.00077767245
/home/share/Uni_Eval/HAM10000_clean/ISIC2018/ISIC_0033972.jpg,5,5,0.25276724,0.12709935,0.108713835,0.014712818,0.2095514,0.28642282,0.000732508
/home/share/Uni_Eval/HAM10000_clean/ISIC2018/ISIC_0033367.jpg,5,5,0.15214878,0.13013975,0.09521227,0.015542977,0.15214878,0.45423236,0.00057506846
/home/share/Uni_Eval/HAM10000_clean/ISIC2018/ISIC_0033289.jpg,5,5,0.01969479,0.010378425,0.006006572,0.0020119494,0.42109317,0.5406943,0.00012082695
/home/share/Uni_Eval/HAM10000_clean/ISIC2018/ISIC_0033283.jpg,5,5,0.010747693,0.0283164,0.0042751366,0.0018970803,0.33961615,0.61496544,0.00018205728
/home/share/Uni_Eval/HAM10000_clean/ISIC2018/ISIC_0034179.jpg,5,5,0.064121254,0.13156827,0.059302464,0.030765712,0.30116275,0.41164067,0.0014389316
/home/share/Uni_Eval/HAM10000_clean/ISIC2018/ISIC_0033983.jpg,5,4,0.031066976,0.0137858875,0.019139806,0.0069319797,0.6047985,0.32372534,0.00055150484
/home/share/Uni_Eval/HAM10000_clean/ISIC2018/ISIC_0032541.jpg,5,5,0.009377257,0.017794907,0.0062466,0.00039933177,0.43792048,0.52823293,2.8479015e-05
/home/share/Uni_Eval/HAM10000_clean/ISIC2018/ISIC_0033961.jpg,5,4,0.022966377,0.06645541,0.009279255,0.0017435203,0.7371425,0.16192871,0.0004841581
/home/share/Uni_Eval/HAM10000_clean/ISIC2018/ISIC_0033702.jpg,5,4,0.01870686,0.08924543,0.010330908,0.00065019383,0.7242526,0.15663062,0.00018339559
/home/share/Uni_Eval/HAM10000_clean/ISIC2018/ISIC_0032942.jpg,5,4,0.045373224,0.049832743,0.017768411,0.012404351,0.64624083,0.22685188,0.0015285158
/home/share/Uni_Eval/HAM10000_clean/ISIC2018/ISIC_0034153.jpg,5,5,0.0894608,0.27128652,0.081454985,0.010037224,0.12038267,0.4267936,0.0005842365
/home/share/Uni_Eval/HAM10000_clean/ISIC2018/ISIC_0032860.jpg,5,1,0.024778232,0.64910245,0.045574144,0.0014880486,0.2278564,0.050841633,0.0003590084
/home/share/Uni_Eval/HAM10000_clean/ISIC2018/ISIC_0034116.jpg,5,4,0.00988154,0.0036924619,0.0049687503,0.003869667,0.55663985,0.4201738,0.0007739821
/home/share/Uni_Eval/HAM10000_clean/ISIC2018/ISIC_0034060.jpg,5,4,0.010611764,0.049841013,0.0062383343,0.000424524,0.55285084,0.37996846,6.510286e-05
/home/share/Uni_Eval/HAM10000_clean/ISIC2018/ISIC_0033213.jpg,5,5,0.03117541,0.04607427,0.021426525,0.0026818442,0.3458066,0.55259734,0.00023802719
/home/share/Uni_Eval/HAM10000_clean/ISIC2018/ISIC_0033897.jpg,5,4,0.013462789,0.040825404,0.009109379,0.00097524124,0.6093724,0.32617354,8.131332e-05
/home/share/Uni_Eval/HAM10000_clean/ISIC2018/ISIC_0032908.jpg,5,4,0.10975017,0.053487968,0.08547352,0.014853071,0.6618783,0.071975924,0.0025810765
/home/share/Uni_Eval/HAM10000_clean/ISIC2018/ISIC_0034203.jpg,5,4,0.13550289,0.056486007,0.082186654,0.005953581,0.3920906,0.32505453,0.002725748
/home/share/Uni_Eval/HAM10000_clean/ISIC2018/ISIC_0032746.jpg,5,4,0.014916589,0.021367028,0.008367447,0.00086824957,0.68580884,0.26856658,0.00010533062
/home/share/Uni_Eval/HAM10000_clean/ISIC2018/ISIC_0034121.jpg,5,5,0.011560983,0.011927967,0.01818798,0.0018292131,0.35407573,0.60230315,0.00011512472
/home/share/Uni_Eval/HAM10000_clean/ISIC2018/ISIC_0034240.jpg,5,5,0.020032845,0.019722264,0.016869348,0.097076386,0.17578264,0.6531117,0.017404838
/home/share/Uni_Eval/HAM10000_clean/ISIC2018/ISIC_0032820.jpg,5,4,0.0051940074,0.0072111646,0.0027801518,0.0011409719,0.758908,0.22433276,0.0004330641
/home/share/Uni_Eval/HAM10000_clean/ISIC2018/ISIC_0034148.jpg,5,4,0.015028294,0.02086472,0.0052754274,0.0007964703,0.53810817,0.4190791,0.0008478383
/home/share/Uni_Eval/HAM10000_clean/ISIC2018/ISIC_0033566.jpg,5,4,0.12732087,0.05144228,0.083499074,0.0061439043,0.66711366,0.064020954,0.00045919075
/home/share/Uni_Eval/HAM10000_clean/ISIC2018/ISIC_0033447.jpg,5,4,0.013655628,0.03711985,0.007903271,0.0006905802,0.7936573,0.14681184,0.00016148416
/home/share/Uni_Eval/HAM10000_clean/ISIC2018/ISIC_0033282.jpg,5,5,0.0092201745,0.0058606993,0.008395064,0.0027254783,0.09025544,0.8835023,4.0742598e-05
/home/share/Uni_Eval/HAM10000_clean/ISIC2018/ISIC_0034084.jpg,5,5,0.02400236,0.051613186,0.0138914995,0.0077924263,0.20096931,0.7014518,0.00027943854
/home/share/Uni_Eval/HAM10000_clean/ISIC2018/ISIC_0034176.jpg,5,5,0.010986595,0.028945824,0.0046520173,0.00090183463,0.27463034,0.6797166,0.00016682265
/home/share/Uni_Eval/HAM10000_clean/ISIC2018/ISIC_0033104.jpg,5,4,0.061465308,0.056846112,0.033418108,0.015540863,0.6404832,0.18932647,0.0029200416
/home/share/Uni_Eval/HAM10000_clean/ISIC2018/ISIC_0034213.jpg,5,4,0.016982516,0.022852473,0.0047901385,0.0060553025,0.48860738,0.45900416,0.0017079765
/home/share/Uni_Eval/HAM10000_clean/ISIC2018/ISIC_0026279.jpg,5,4,0.017136306,0.051159557,0.009172402,0.00034471037,0.7517842,0.17038734,1.5626287e-05
/home/share/Uni_Eval/HAM10000_clean/ISIC2018/ISIC_0032601.jpg,5,4,0.012272342,0.025980547,0.009120029,0.0016097807,0.49021694,0.4605162,0.0002841432
/home/share/Uni_Eval/HAM10000_clean/ISIC2018/ISIC_0033940.jpg,5,4,0.0070483494,0.009939766,0.010916697,0.045961007,0.5178411,0.40329504,0.004998028
/home/share/Uni_Eval/HAM10000_clean/ISIC2018/ISIC_0032649.jpg,5,5,0.0060335426,0.010755953,0.0030816323,0.0005272051,0.3346079,0.64497364,2.0125039e-05
/home/share/Uni_Eval/HAM10000_clean/ISIC2018/ISIC_0025769.jpg,5,4,0.003705199,0.023417577,0.007602574,0.00069618627,0.82549804,0.13903655,4.38157e-05
/home/share/Uni_Eval/HAM10000_clean/ISIC2018/ISIC_0033978.jpg,5,5,0.017618902,0.065462165,0.03240612,0.0013375604,0.15703556,0.72612506,1.46285865e-05
/home/share/Uni_Eval/HAM10000_clean/ISIC2018/ISIC_0032819.jpg,5,4,0.13106608,0.09893387,0.078263134,0.005494935,0.47941983,0.2061959,0.0006262233
/home/share/Uni_Eval/HAM10000_clean/ISIC2018/ISIC_0033552.jpg,5,5,0.0064548794,0.002819928,0.002690794,0.0017103725,0.35797432,0.62826455,8.515445e-05
/home/share/Uni_Eval/HAM10000_clean/ISIC2018/ISIC_0034310.jpg,5,5,0.012363473,0.004995295,0.004692645,0.0018091757,0.2685055,0.7074178,0.00021607523
/home/share/Uni_Eval/HAM10000_clean/ISIC2018/ISIC_0033083.jpg,5,4,0.0065168752,0.0203895,0.004142378,0.0010638507,0.74157035,0.22616616,0.0001508861
/home/share/Uni_Eval/HAM10000_clean/ISIC2018/ISIC_0033244.jpg,5,5,0.015845558,0.009315123,0.016095089,0.004198655,0.17853135,0.7755048,0.00050935464
/home/share/Uni_Eval/HAM10000_clean/ISIC2018/ISIC_0034004.jpg,5,4,0.116551176,0.13002224,0.18336074,0.00411476,0.3821566,0.18336074,0.0004336925
/home/share/Uni_Eval/HAM10000_clean/ISIC2018/ISIC_0032737.jpg,5,4,0.007374704,0.016880866,0.0064072534,0.0010459553,0.69570845,0.27244335,0.00013936007
/home/share/Uni_Eval/HAM10000_clean/ISIC2018/ISIC_0033010.jpg,5,5,0.049352318,0.07643837,0.031864252,0.21105312,0.26265985,0.33726192,0.03137024
/home/share/Uni_Eval/HAM10000_clean/ISIC2018/ISIC_0034127.jpg,5,4,0.0026140187,0.010834806,0.0012739709,0.0007848707,0.713558,0.27083609,9.8238095e-05
/home/share/Uni_Eval/HAM10000_clean/ISIC2018/ISIC_0032792.jpg,5,4,0.0069592614,0.032179303,0.0031367852,0.00052013,0.7439311,0.21313983,0.00013358041
/home/share/Uni_Eval/HAM10000_clean/ISIC2018/ISIC_0034187.jpg,5,4,0.17945912,0.043296535,0.20980898,0.022815669,0.27364248,0.26940006,0.001577076
/home/share/Uni_Eval/HAM10000_clean/ISIC2018/ISIC_0034251.jpg,5,4,0.041457776,0.085065834,0.025145413,0.0055237142,0.46710333,0.3753281,0.0003758935
/home/share/Uni_Eval/HAM10000_clean/ISIC2018/ISIC_0033673.jpg,5,4,0.085717425,0.1552142,0.03517836,0.009922512,0.5010376,0.21215267,0.00077719125
/home/share/Uni_Eval/HAM10000_clean/ISIC2018/ISIC_0033932.jpg,5,4,0.015078009,0.019975116,0.0063844305,0.0029230053,0.661485,0.2935322,0.0006223438
/home/share/Uni_Eval/HAM10000_clean/ISIC2018/ISIC_0032593.jpg,5,4,0.0056639416,0.0197691,0.0049984115,0.00089616585,0.74183005,0.22624536,0.0005969751
/home/share/Uni_Eval/HAM10000_clean/ISIC2018/ISIC_0031290.jpg,5,5,0.016234504,0.008965544,0.015491072,0.017553685,0.41220215,0.52927804,0.00027499947
/home/share/Uni_Eval/HAM10000_clean/ISIC2018/ISIC_0033703.jpg,5,4,0.0306614,0.069096535,0.028357157,0.0049277353,0.72000235,0.14627735,0.0006773986
/home/share/Uni_Eval/HAM10000_clean/ISIC2018/ISIC_0033574.jpg,5,5,0.008695567,0.009112877,0.008832503,0.009550213,0.28349328,0.68006504,0.0002505588
/home/share/Uni_Eval/HAM10000_clean/ISIC2018/ISIC_0032846.jpg,5,5,0.028250815,0.027812827,0.009611855,0.004400628,0.25576198,0.6738431,0.00031878043
/home/share/Uni_Eval/HAM10000_clean/ISIC2018/ISIC_0033994.jpg,5,4,0.01359291,0.006624655,0.017728496,0.0140243955,0.7306418,0.2159773,0.0014104705
/home/share/Uni_Eval/HAM10000_clean/ISIC2018/ISIC_0032760.jpg,5,4,0.023168499,0.066000916,0.022107536,0.0039022118,0.5273126,0.35679758,0.00071064563
/home/share/Uni_Eval/HAM10000_clean/ISIC2018/ISIC_0034271.jpg,5,4,0.118034504,0.09633695,0.063179314,0.0050265156,0.5127185,0.20394534,0.0007588903
/home/share/Uni_Eval/HAM10000_clean/ISIC2018/ISIC_0032670.jpg,5,4,0.010086798,0.017981661,0.008362249,0.0006057593,0.65399677,0.30892622,4.058334e-05
/home/share/Uni_Eval/HAM10000_clean/ISIC2018/ISIC_0033441.jpg,5,4,0.006722947,0.012560119,0.0033281003,0.001205358,0.68575925,0.29036874,5.550132e-05
/home/share/Uni_Eval/HAM10000_clean/ISIC2018/ISIC_0032663.jpg,5,4,0.009809969,0.014273421,0.0046339016,0.0041538025,0.687732,0.27786884,0.0015280986
/home/share/Uni_Eval/HAM10000_clean/ISIC2018/ISIC_0034272.jpg,5,5,0.02678271,0.02678271,0.017292216,0.0031003235,0.2970815,0.6289215,3.9027313e-05
/home/share/Uni_Eval/HAM10000_clean/ISIC2018/ISIC_0032911.jpg,5,5,0.026679683,0.018918728,0.012407205,0.0051720925,0.4173405,0.5193886,9.326152e-05
/home/share/Uni_Eval/HAM10000_clean/ISIC2018/ISIC_0033926.jpg,5,4,0.040549517,0.053719383,0.015879419,0.015152248,0.5341351,0.33951694,0.0010473613
/home/share/Uni_Eval/HAM10000_clean/ISIC2018/ISIC_0033835.jpg,5,4,0.009763505,0.021661285,0.0090297675,0.0091719655,0.49300858,0.4559584,0.0014065664
/home/share/Uni_Eval/HAM10000_clean/ISIC2018/ISIC_0033109.jpg,5,5,0.005761555,0.012782569,0.005584291,0.0027215658,0.1820593,0.79082954,0.00026118074
/home/share/Uni_Eval/HAM10000_clean/ISIC2018/ISIC_0033396.jpg,5,5,0.064323485,0.070645526,0.036082204,0.04420884,0.33703092,0.44649345,0.0012155232
/home/share/Uni_Eval/HAM10000_clean/ISIC2018/ISIC_0032752.jpg,5,5,0.021541068,0.022930348,0.026392667,0.039620087,0.3878374,0.49799308,0.0036852418
/home/share/Uni_Eval/HAM10000_clean/ISIC2018/ISIC_0032539.jpg,5,4,0.022479447,0.023558257,0.008666598,0.0068558436,0.5196868,0.4175801,0.0011728966
/home/share/Uni_Eval/HAM10000_clean/ISIC2018/ISIC_0033329.jpg,5,5,0.014839023,0.036726933,0.008323939,0.0011265224,0.3273436,0.6115584,8.1605016e-05
/home/share/Uni_Eval/HAM10000_clean/ISIC2018/ISIC_0034181.jpg,5,4,0.016531603,0.06437007,0.009567756,0.0007612061,0.47563407,0.43306977,6.548225e-05
/home/share/Uni_Eval/HAM10000_clean/ISIC2018/ISIC_0033197.jpg,5,5,0.025520759,0.019875588,0.014093903,0.0013525507,0.41837043,0.5206704,0.00011635228
/home/share/Uni_Eval/HAM10000_clean/ISIC2018/ISIC_0034171.jpg,5,4,0.012146374,0.023781447,0.003647003,0.00083958777,0.5246103,0.43491724,5.8034402e-05
/home/share/Uni_Eval/HAM10000_clean/ISIC2018/ISIC_0032952.jpg,5,4,0.034803152,0.009514653,0.012604867,0.038223784,0.5444129,0.33020312,0.030237503
/home/share/Uni_Eval/HAM10000_clean/ISIC2018/ISIC_0033250.jpg,5,4,0.012488283,0.014600282,0.011549773,0.0038087112,0.68183714,0.2754871,0.00022873087
/home/share/Uni_Eval/HAM10000_clean/ISIC2018/ISIC_0032720.jpg,5,4,0.0049443636,0.04012495,0.0039729076,0.00020729203,0.73380864,0.2169134,2.849571e-05
/home/share/Uni_Eval/HAM10000_clean/ISIC2018/ISIC_0033153.jpg,5,4,0.028866114,0.011128879,0.02393085,0.0038460381,0.47321197,0.45865276,0.00036337078
/home/share/Uni_Eval/HAM10000_clean/ISIC2018/ISIC_0033757.jpg,5,5,0.03691614,0.056290396,0.02239077,0.02038703,0.27707103,0.58655936,0.0003852545
/home/share/Uni_Eval/HAM10000_clean/ISIC2018/ISIC_0030626.jpg,5,4,0.012582124,0.060971227,0.007751622,0.002596468,0.77842844,0.13740078,0.00026942292
/home/share/Uni_Eval/HAM10000_clean/ISIC2018/ISIC_0031163.jpg,5,4,0.027476605,0.030652372,0.030177152,0.0044158925,0.8156293,0.09151107,0.00013758133
/home/share/Uni_Eval/HAM10000_clean/ISIC2018/ISIC_0029775.jpg,5,4,0.0038014252,0.0244041,0.0024543845,0.000102899874,0.9448263,0.0244041,6.786982e-06
/home/share/Uni_Eval/HAM10000_clean/ISIC2018/ISIC_0031411.jpg,5,5,0.06385356,0.022067199,0.06797176,0.035263285,0.36745185,0.44323152,0.00016076965
/home/share/Uni_Eval/HAM10000_clean/ISIC2018/ISIC_0026427.jpg,5,5,0.025025249,0.13957961,0.0154176075,0.005761139,0.35642907,0.45766398,0.00012336414
/home/share/Uni_Eval/HAM10000_clean/ISIC2018/ISIC_0024608.jpg,5,4,0.031231262,0.008809182,0.01894272,0.01167027,0.60799676,0.3203918,0.00095795403
/home/share/Uni_Eval/HAM10000_clean/ISIC2018/ISIC_0028734.jpg,5,4,0.017283153,0.040184535,0.007912804,0.0010542792,0.6587587,0.27461147,0.00019502205
/home/share/Uni_Eval/HAM10000_clean/ISIC2018/ISIC_0026125.jpg,5,4,0.011849926,0.054793507,0.005866139,0.0006581626,0.6887109,0.23801214,0.000109134045
/home/share/Uni_Eval/HAM10000_clean/ISIC2018/ISIC_0025618.jpg,5,4,0.021733236,0.01773815,0.020099957,0.0063247327,0.75424534,0.17914897,0.00070961536
/home/share/Uni_Eval/HAM10000_clean/ISIC2018/ISIC_0031796.jpg,5,5,0.010010032,0.034938443,0.009854841,0.020862699,0.34200925,0.58177733,0.0005473526
/home/share/Uni_Eval/HAM10000_clean/ISIC2018/ISIC_0030232.jpg,5,4,0.017497092,0.082179815,0.009513005,0.0013920601,0.7557115,0.13339101,0.00031550197
/home/share/Uni_Eval/HAM10000_clean/ISIC2018/ISIC_0024682.jpg,5,4,0.0033684561,0.008080506,0.0012199739,0.0016675066,0.6419141,0.34359187,0.0001575448
/home/share/Uni_Eval/HAM10000_clean/ISIC2018/ISIC_0026141.jpg,5,4,0.013195251,0.059137013,0.008928354,0.0007924364,0.7669005,0.15101165,3.481723e-05
/home/share/Uni_Eval/HAM10000_clean/ISIC2018/ISIC_0030841.jpg,5,4,0.011408988,0.009758625,0.009311745,0.009912301,0.6735259,0.28518882,0.000893621
/home/share/Uni_Eval/HAM10000_clean/ISIC2018/ISIC_0030074.jpg,5,5,0.0033132604,0.007703562,0.004321306,0.004188353,0.41407937,0.5659794,0.00041470316
/home/share/Uni_Eval/HAM10000_clean/ISIC2018/ISIC_0025734.jpg,5,4,0.14102246,0.062578335,0.22535326,0.020001236,0.2848732,0.26346463,0.002706873
/home/share/Uni_Eval/HAM10000_clean/ISIC2018/ISIC_0027942.jpg,5,4,0.006144131,0.014064054,0.003187533,0.0021233545,0.77996355,0.19414829,0.00036898372
/home/share/Uni_Eval/HAM10000_clean/ISIC2018/ISIC_0026419.jpg,5,4,0.044337325,0.13656858,0.036187068,0.0026626633,0.57497513,0.20501372,0.00025552802
/home/share/Uni_Eval/HAM10000_clean/ISIC2018/ISIC_0028894.jpg,5,4,0.017485105,0.029282037,0.0066365968,0.0016263679,0.58814543,0.35672826,9.6156735e-05
/home/share/Uni_Eval/HAM10000_clean/ISIC2018/ISIC_0032260.jpg,5,4,0.02204197,0.03991285,0.016380202,0.0025917243,0.5684699,0.35022417,0.00037925306
/home/share/Uni_Eval/HAM10000_clean/ISIC2018/ISIC_0024936.jpg,5,4,0.012546929,0.009037213,0.009925438,0.0044043865,0.5419105,0.42204034,0.00013509541
/home/share/Uni_Eval/HAM10000_clean/ISIC2018/ISIC_0025043.jpg,5,5,0.021013947,0.11720639,0.08575003,0.001779685,0.05623624,0.71797615,3.7517842e-05
/home/share/Uni_Eval/HAM10000_clean/ISIC2018/ISIC_0025227.jpg,5,5,0.02657886,0.035211273,0.020699637,0.0805994,0.2994631,0.5338507,0.0035970577
/home/share/Uni_Eval/HAM10000_clean/ISIC2018/ISIC_0029499.jpg,5,3,0.14074437,0.02603509,0.12228084,0.37081206,0.055984244,0.24318448,0.04095895
/home/share/Uni_Eval/HAM10000_clean/ISIC2018/ISIC_0024658.jpg,5,4,0.015921978,0.07837073,0.009809246,0.025843924,0.47263598,0.391829,0.00558914
/home/share/Uni_Eval/HAM10000_clean/ISIC2018/ISIC_0029027.jpg,5,5,0.012195883,0.02835628,0.0056716125,0.007397177,0.44356683,0.5026271,0.00018518472
/home/share/Uni_Eval/HAM10000_clean/ISIC2018/ISIC_0025782.jpg,5,5,0.011872679,0.00790891,0.005351436,0.008033456,0.45253488,0.5127892,0.0015094418
/home/share/Uni_Eval/HAM10000_clean/ISIC2018/ISIC_0031308.jpg,5,4,0.17674881,0.020460162,0.110606596,0.069215834,0.31020385,0.31020385,0.0025608893
/home/share/Uni_Eval/HAM10000_clean/ISIC2018/ISIC_0028981.jpg,5,5,0.20759745,0.02055493,0.10276819,0.06233206,0.25041032,0.35313517,0.0032018407
/home/share/Uni_Eval/HAM10000_clean/ISIC2018/ISIC_0031194.jpg,5,5,0.029931992,0.10778925,0.029931992,0.005624055,0.40679237,0.41970536,0.00022499051
/home/share/Uni_Eval/HAM10000_clean/ISIC2018/ISIC_0029667.jpg,5,4,0.04363716,0.03192563,0.020612735,0.0026206153,0.61187875,0.28903106,0.0002940249
/home/share/Uni_Eval/HAM10000_clean/ISIC2018/ISIC_0027574.jpg,5,4,0.037736017,0.15887456,0.054905582,0.0035099962,0.38112026,0.36366752,0.000186023
/home/share/Uni_Eval/HAM10000_clean/ISIC2018/ISIC_0025945.jpg,5,4,0.006511605,0.016889816,0.0019248268,0.0016208665,0.7765305,0.19633766,0.00018472
/home/share/Uni_Eval/HAM10000_clean/ISIC2018/ISIC_0031149.jpg,5,4,0.00550773,0.014064481,0.001933395,0.00081865094,0.79227024,0.18526322,0.0001422602
/home/share/Uni_Eval/HAM10000_clean/ISIC2018/ISIC_0027208.jpg,5,4,0.023220504,0.010466301,0.013865597,0.0045723883,0.47374097,0.47374097,0.0003933367
/home/share/Uni_Eval/HAM10000_clean/ISIC2018/ISIC_0029504.jpg,5,4,0.022212094,0.008171372,0.011704951,0.008300052,0.5552324,0.39371872,0.00066034804
/home/share/Uni_Eval/HAM10000_clean/ISIC2018/ISIC_0026106.jpg,5,4,0.0083306,0.03618648,0.007949115,0.0010265314,0.66178155,0.28462872,9.698591e-05
/home/share/Uni_Eval/HAM10000_clean/ISIC2018/ISIC_0032227.jpg,5,5,0.007946071,0.010860992,0.004457342,0.0073489137,0.19554734,0.7734048,0.00043449432
/home/share/Uni_Eval/HAM10000_clean/ISIC2018/ISIC_0024394.jpg,5,4,0.03678867,0.043687627,0.030979168,0.010376722,0.7389202,0.13883899,0.0004086852
/home/share/Uni_Eval/HAM10000_clean/ISIC2018/ISIC_0032165.jpg,5,4,0.006012092,0.013548456,0.0037039423,0.0014733264,0.76320195,0.21193351,0.00012674193
/home/share/Uni_Eval/HAM10000_clean/ISIC2018/ISIC_0024834.jpg,5,4,0.012672237,0.023674857,0.008181811,0.0021679641,0.6601972,0.29296073,0.00014524453
/home/share/Uni_Eval/HAM10000_clean/ISIC2018/ISIC_0027596.jpg,5,4,0.027923139,0.025824683,0.01011309,0.0030843182,0.5027438,0.4300196,0.0002914041
/home/share/Uni_Eval/HAM10000_clean/ISIC2018/ISIC_0031204.jpg,5,4,0.01776393,0.009964661,0.013620078,0.012794878,0.6985767,0.24522349,0.002056324
/home/share/Uni_Eval/HAM10000_clean/ISIC2018/ISIC_0031857.jpg,5,5,0.029547764,0.015570578,0.017370235,0.01231734,0.3031213,0.6219645,0.00010824405
/home/share/Uni_Eval/HAM10000_clean/ISIC2018/ISIC_0028706.jpg,5,4,0.044519633,0.12882183,0.07340047,0.012170991,0.41584197,0.32385805,0.0013870515
/home/share/Uni_Eval/HAM10000_clean/ISIC2018/ISIC_0027364.jpg,5,4,0.0050103576,0.027945533,0.002258345,0.00092682295,0.6985504,0.26513982,0.00016878701
/home/share/Uni_Eval/HAM10000_clean/ISIC2018/ISIC_0031756.jpg,5,5,0.08158992,0.04648854,0.049486786,0.11871263,0.11871263,0.575265,0.009744526
/home/share/Uni_Eval/HAM10000_clean/ISIC2018/ISIC_0030397.jpg,5,4,0.0075953915,0.017937915,0.005385939,0.00074038625,0.7869515,0.18116653,0.00022230425
/home/share/Uni_Eval/HAM10000_clean/ISIC2018/ISIC_0031405.jpg,5,4,0.018131437,0.02679653,0.0059791137,0.0018814115,0.6910916,0.25423843,0.0018814115
/home/share/Uni_Eval/HAM10000_clean/ISIC2018/ISIC_0031092.jpg,5,4,0.06599408,0.05471101,0.027510425,0.0106062135,0.46530357,0.37388194,0.0019928485
/home/share/Uni_Eval/HAM10000_clean/ISIC2018/ISIC_0027390.jpg,5,5,0.025768058,0.0035980272,0.010090916,0.022740234,0.36700875,0.5684343,0.0023596438
/home/share/Uni_Eval/HAM10000_clean/ISIC2018/ISIC_0028757.jpg,5,5,0.040528614,0.012953723,0.010739014,0.017160894,0.36691612,0.5508063,0.00089539366
/home/share/Uni_Eval/HAM10000_clean/ISIC2018/ISIC_0027978.jpg,5,4,0.009943862,0.052922603,0.0055780015,0.0055780015,0.53449935,0.39104807,0.00043012926
/home/share/Uni_Eval/HAM10000_clean/ISIC2018/ISIC_0025562.jpg,5,5,0.004553381,0.017454894,0.0033837855,0.0026767943,0.1438822,0.827985,6.3943524e-05
/home/share/Uni_Eval/HAM10000_clean/ISIC2018/ISIC_0028598.jpg,5,4,0.019405056,0.0107164895,0.014420614,0.005826455,0.5943145,0.3548814,0.00043546478
/home/share/Uni_Eval/HAM10000_clean/ISIC2018/ISIC_0026759.jpg,5,4,0.035249464,0.018867677,0.0091953715,0.010583808,0.6151249,0.3093042,0.0016746015
/home/share/Uni_Eval/HAM10000_clean/ISIC2018/ISIC_0032015.jpg,5,5,0.016873155,0.0062072873,0.004333385,0.004685506,0.4087991,0.55876213,0.0003394169
/home/share/Uni_Eval/HAM10000_clean/ISIC2018/ISIC_0031285.jpg,5,4,0.02347339,0.017718643,0.0075025456,0.035792645,0.5178147,0.39086702,0.0068311454
/home/share/Uni_Eval/HAM10000_clean/ISIC2018/ISIC_0028304.jpg,5,4,0.032060407,0.018555142,0.007980467,0.02006289,0.51742876,0.40297392,0.0009383539
/home/share/Uni_Eval/HAM10000_clean/ISIC2018/ISIC_0024862.jpg,5,4,0.09811167,0.051701207,0.14499962,0.21097323,0.26669514,0.18329671,0.04422239
/home/share/Uni_Eval/HAM10000_clean/ISIC2018/ISIC_0028715.jpg,5,5,0.056842513,0.0361313,0.0361313,0.012293056,0.39456528,0.46129352,0.0027429515
/home/share/Uni_Eval/HAM10000_clean/ISIC2018/ISIC_0032136.jpg,5,5,0.018365365,0.010142316,0.006151626,0.002772755,0.47364894,0.48868418,0.00023482645
/home/share/Uni_Eval/HAM10000_clean/ISIC2018/ISIC_0030592.jpg,5,4,0.012639359,0.03079772,0.0086868955,0.0033490967,0.6900856,0.25386834,0.00057296286
/home/share/Uni_Eval/HAM10000_clean/ISIC2018/ISIC_0024841.jpg,5,5,0.07282026,0.029885374,0.026373751,0.111037634,0.27482077,0.4823255,0.0027366765
/home/share/Uni_Eval/HAM10000_clean/ISIC2018/ISIC_0029457.jpg,5,4,0.029350355,0.021811334,0.023583677,0.014758286,0.50424117,0.4051692,0.0010859224
/home/share/Uni_Eval/HAM10000_clean/ISIC2018/ISIC_0031126.jpg,5,5,0.07416189,0.017892387,0.042921606,0.02297428,0.31715015,0.5228922,0.0020074702
/home/share/Uni_Eval/HAM10000_clean/ISIC2018/ISIC_0025506.jpg,5,4,0.058953486,0.061782725,0.029184094,0.003485543,0.6642269,0.18158953,0.0007777297
/home/share/Uni_Eval/HAM10000_clean/ISIC2018/ISIC_0030914.jpg,5,4,0.033557948,0.010395768,0.01234528,0.010559478,0.6635796,0.2681104,0.0014515745
/home/share/Uni_Eval/HAM10000_clean/ISIC2018/ISIC_0028408.jpg,5,5,0.06551732,0.016055709,0.039738264,0.0073508397,0.32248753,0.5485698,0.00028060412
/home/share/Uni_Eval/HAM10000_clean/ISIC2018/ISIC_0028998.jpg,5,5,0.0044866204,0.0018127584,0.009954003,0.0030836065,0.3145364,0.6658735,0.00025311782
/home/share/Uni_Eval/HAM10000_clean/ISIC2018/ISIC_0025118.jpg,5,4,0.04528057,0.03312797,0.019781616,0.0036025,0.5182087,0.37912956,0.0008691436
/home/share/Uni_Eval/HAM10000_clean/ISIC2018/ISIC_0025563.jpg,5,5,0.016694,0.014279135,0.018050516,0.0017595345,0.26113808,0.68800724,7.1498725e-05
/home/share/Uni_Eval/HAM10000_clean/ISIC2018/ISIC_0024790.jpg,5,5,0.014425116,0.007966305,0.008480088,0.007367628,0.3283141,0.632842,0.0006047718
/home/share/Uni_Eval/HAM10000_clean/ISIC2018/ISIC_0025225.jpg,5,5,0.0036551945,0.016381443,0.0011147714,0.004141878,0.45681307,0.517637,0.0002566349
/home/share/Uni_Eval/HAM10000_clean/ISIC2018/ISIC_0025926.jpg,5,5,0.096165374,0.059245773,0.05832725,0.04136021,0.36292434,0.37444478,0.007532254
/home/share/Uni_Eval/HAM10000_clean/ISIC2018/ISIC_0026741.jpg,5,4,0.0073081073,0.02511234,0.0064493823,0.0040359204,0.8852405,0.0661622,0.0056915595
/home/share/Uni_Eval/HAM10000_clean/ISIC2018/ISIC_0031117.jpg,5,4,0.022175249,0.22048987,0.008416775,0.010639801,0.43169817,0.30611983,0.0004602326
/home/share/Uni_Eval/HAM10000_clean/ISIC2018/ISIC_0027471.jpg,5,4,0.1697661,0.15700798,0.045691922,0.015545893,0.49123448,0.12038219,0.00037136182
/home/share/Uni_Eval/HAM10000_clean/ISIC2018/ISIC_0029109.jpg,5,5,0.05940631,0.04019632,0.019590123,0.012847516,0.32114744,0.5462903,0.0005220591
/home/share/Uni_Eval/HAM10000_clean/ISIC2018/ISIC_0026654.jpg,5,3,0.05725428,0.026212921,0.052130613,0.5692828,0.20298406,0.07467365,0.017461568
/home/share/Uni_Eval/HAM10000_clean/ISIC2018/ISIC_0026921.jpg,5,4,0.09997436,0.091027685,0.05435511,0.034550212,0.47695097,0.23982601,0.0033156835
/home/share/Uni_Eval/HAM10000_clean/ISIC2018/ISIC_0031942.jpg,5,4,0.029594937,0.021652121,0.031999756,0.041088503,0.50056046,0.37198493,0.0031192836
/home/share/Uni_Eval/HAM10000_clean/ISIC2018/ISIC_0026712.jpg,5,5,0.036732696,0.028607452,0.017624538,0.011379258,0.3887911,0.51506454,0.0018004602
/home/share/Uni_Eval/HAM10000_clean/ISIC2018/ISIC_0028983.jpg,5,5,0.03307222,0.030586805,0.017702285,0.11364375,0.1482194,0.6539747,0.002800908
/home/share/Uni_Eval/HAM10000_clean/ISIC2018/ISIC_0028744.jpg,5,4,0.019845393,0.053109024,0.010457787,0.0021920714,0.7105909,0.20358771,0.00021704445
/home/share/Uni_Eval/HAM10000_clean/ISIC2018/ISIC_0026588.jpg,5,5,0.07380934,0.045472614,0.078569636,0.04339027,0.29192162,0.46648937,0.0003471877
/home/share/Uni_Eval/HAM10000_clean/ISIC2018/ISIC_0028364.jpg,5,4,0.032566924,0.02616826,0.009626764,0.002631811,0.4861038,0.44260257,0.000299931
/home/share/Uni_Eval/HAM10000_clean/ISIC2018/ISIC_0027490.jpg,5,4,0.1963583,0.13923888,0.17878626,0.016371893,0.32883826,0.13923888,0.0011675891
/home/share/Uni_Eval/HAM10000_clean/ISIC2018/ISIC_0030082.jpg,5,4,0.004653814,0.013466258,0.0035682032,0.0021306714,0.75857157,0.21733439,0.0002751503
/home/share/Uni_Eval/HAM10000_clean/ISIC2018/ISIC_0026974.jpg,5,4,0.014050598,0.004352672,0.0042851903,0.0017586385,0.8558028,0.119496845,0.00025335592
/home/share/Uni_Eval/HAM10000_clean/ISIC2018/ISIC_0026097.jpg,5,4,0.049200393,0.058426913,0.026335074,0.0019377484,0.44542402,0.41843712,0.00023877744
/home/share/Uni_Eval/HAM10000_clean/ISIC2018/ISIC_0027883.jpg,5,4,0.13395023,0.021194004,0.030359007,0.02679173,0.50552285,0.27917624,0.0030059486
/home/share/Uni_Eval/HAM10000_clean/ISIC2018/ISIC_0031700.jpg,5,3,0.051888477,0.025686659,0.13250187,0.5000568,0.1098479,0.15734985,0.022668397
/home/share/Uni_Eval/HAM10000_clean/ISIC2018/ISIC_0030209.jpg,5,4,0.0062685083,0.017857317,0.001911787,0.0037430967,0.6101247,0.35867378,0.0014207193
/home/share/Uni_Eval/HAM10000_clean/ISIC2018/ISIC_0027073.jpg,5,5,0.019920522,0.0084348805,0.024028737,0.10601976,0.22797833,0.61010164,0.0035161814
/home/share/Uni_Eval/HAM10000_clean/ISIC2018/ISIC_0030219.jpg,5,4,0.16864052,0.24537054,0.03590564,0.02930533,0.29597336,0.22341241,0.0013922128
/home/share/Uni_Eval/HAM10000_clean/ISIC2018/ISIC_0025476.jpg,5,5,0.048384134,0.017251896,0.018653747,0.0026456635,0.3926513,0.52017844,0.000234816
/home/share/Uni_Eval/HAM10000_clean/ISIC2018/ISIC_0024476.jpg,5,3,0.10840596,0.014443696,0.058939297,0.328737,0.29010937,0.11360847,0.085756175
/home/share/Uni_Eval/HAM10000_clean/ISIC2018/ISIC_0026560.jpg,5,4,0.007879819,0.016168337,0.0060416665,0.009654555,0.56111723,0.39789167,0.0012467683
/home/share/Uni_Eval/HAM10000_clean/ISIC2018/ISIC_0032281.jpg,5,5,0.015963161,0.020497104,0.005781473,0.018662825,0.32062864,0.61802787,0.00043890756
/home/share/Uni_Eval/HAM10000_clean/ISIC2018/ISIC_0030425.jpg,5,4,0.029785743,0.0066460986,0.01619423,0.0136369085,0.48828778,0.44459108,0.00085826265
/home/share/Uni_Eval/HAM10000_clean/ISIC2018/ISIC_0028130.jpg,5,3,0.04818354,0.027454153,0.05291926,0.4643518,0.21259575,0.18470639,0.00978908
/home/share/Uni_Eval/HAM10000_clean/ISIC2018/ISIC_0026359.jpg,5,5,0.042971306,0.031933565,0.05432082,0.009293198,0.37706125,0.48415622,0.0002636277
/home/share/Uni_Eval/HAM10000_clean/ISIC2018/ISIC_0030444.jpg,5,4,0.046720013,0.06385869,0.026620263,0.019475799,0.70833886,0.13102952,0.0039567486
/home/share/Uni_Eval/HAM10000_clean/ISIC2018/ISIC_0032292.jpg,5,4,0.07484754,0.1376657,0.035912246,0.01241094,0.5444784,0.19413978,0.0005452987
/home/share/Uni_Eval/HAM10000_clean/ISIC2018/ISIC_0032107.jpg,5,5,0.005128777,0.0027026758,0.0019773198,0.0011807117,0.44053608,0.548256,0.00021840967
/home/share/Uni_Eval/HAM10000_clean/ISIC2018/ISIC_0030253.jpg,5,4,0.09171147,0.12933391,0.055625822,0.028858297,0.4657493,0.22698808,0.0017330755
/home/share/Uni_Eval/HAM10000_clean/ISIC2018/ISIC_0030340.jpg,5,5,0.18047956,0.044228416,0.09363156,0.019626241,0.2795322,0.38207522,0.00042687778
/home/share/Uni_Eval/HAM10000_clean/ISIC2018/ISIC_0028580.jpg,5,4,0.010840776,0.019630112,0.0080561815,0.00078530324,0.5474054,0.41320327,7.898002e-05
/home/share/Uni_Eval/HAM10000_clean/ISIC2018/ISIC_0026922.jpg,5,4,0.005090786,0.019212425,0.006435356,0.00084413507,0.58841485,0.3799092,9.3241e-05
/home/share/Uni_Eval/HAM10000_clean/ISIC2018/ISIC_0026964.jpg,5,5,0.032586105,0.011438798,0.051265135,0.078169994,0.2261924,0.59593755,0.0044100494
/home/share/Uni_Eval/HAM10000_clean/ISIC2018/ISIC_0028905.jpg,5,4,0.026544519,0.048065912,0.024936268,0.00046391605,0.6233282,0.27660024,6.0852537e-05
/home/share/Uni_Eval/HAM10000_clean/ISIC2018/ISIC_0032327.jpg,5,5,0.023562301,0.008401397,0.0074142064,0.023933351,0.34624544,0.58898336,0.0014599438
/home/share/Uni_Eval/HAM10000_clean/ISIC2018/ISIC_0025310.jpg,5,4,0.013681929,0.010009913,0.0068797055,0.043481078,0.52970797,0.3875426,0.008696763
/home/share/Uni_Eval/HAM10000_clean/ISIC2018/ISIC_0032423.jpg,5,4,0.015442157,0.046101764,0.0075259064,0.043990612,0.511374,0.3741292,0.0014363445
/home/share/Uni_Eval/HAM10000_clean/ISIC2018/ISIC_0030873.jpg,5,4,0.05402425,0.046209387,0.034880675,0.035429966,0.64794636,0.17992821,0.0015811982
/home/share/Uni_Eval/HAM10000_clean/ISIC2018/ISIC_0024363.jpg,5,4,0.07575106,0.19957745,0.026591124,0.024211492,0.40315756,0.26029807,0.010413234
/home/share/Uni_Eval/HAM10000_clean/ISIC2018/ISIC_0025169.jpg,5,4,0.013156229,0.009930842,0.0084943,0.00476487,0.75277793,0.20903888,0.0018370211
/home/share/Uni_Eval/HAM10000_clean/ISIC2018/ISIC_0030008.jpg,5,5,0.071935646,0.12236666,0.12429366,0.03790742,0.2081527,0.4338275,0.0015164878
/home/share/Uni_Eval/HAM10000_clean/ISIC2018/ISIC_0031583.jpg,5,5,0.017360466,0.035069104,0.016055804,0.0034184784,0.4206056,0.50734717,0.00014331941
/home/share/Uni_Eval/HAM10000_clean/ISIC2018/ISIC_0025533.jpg,5,4,0.014101499,0.029390046,0.02051756,0.028934395,0.599611,0.30625135,0.0011942652
/home/share/Uni_Eval/HAM10000_clean/ISIC2018/ISIC_0028183.jpg,5,4,0.24268918,0.13194782,0.14491633,0.008567976,0.326574,0.14491633,0.0003884004
/home/share/Uni_Eval/HAM10000_clean/ISIC2018/ISIC_0026658.jpg,5,4,0.038384866,0.030843109,0.01703318,0.004045735,0.77098066,0.13822922,0.00048319413
/home/share/Uni_Eval/HAM10000_clean/ISIC2018/ISIC_0032195.jpg,5,5,0.013974173,0.018512772,0.0071373098,0.0007761464,0.3836424,0.57591546,4.1782023e-05
/home/share/Uni_Eval/HAM10000_clean/ISIC2018/ISIC_0027066.jpg,5,4,0.017680505,0.010723768,0.015361089,0.020670604,0.52483696,0.40874344,0.0019836978
/home/share/Uni_Eval/HAM10000_clean/ISIC2018/ISIC_0024680.jpg,5,4,0.06434022,0.13201757,0.016015548,0.002068213,0.6917226,0.09361447,0.00022142087
/home/share/Uni_Eval/HAM10000_clean/ISIC2018/ISIC_0027091.jpg,5,4,0.04535668,0.03532382,0.03266919,0.04535668,0.48763028,0.34578162,0.007881809
/home/share/Uni_Eval/HAM10000_clean/ISIC2018/ISIC_0024497.jpg,5,4,0.04062165,0.043922473,0.027059851,0.049770683,0.7428923,0.08735027,0.008382751
/home/share/Uni_Eval/HAM10000_clean/ISIC2018/ISIC_0031960.jpg,5,5,0.107508585,0.08504629,0.06623413,0.015488082,0.30626345,0.4186125,0.00084689434
/home/share/Uni_Eval/HAM10000_clean/ISIC2018/ISIC_0029554.jpg,5,0,0.35328493,0.006781172,0.14959025,0.104430825,0.16950797,0.21095607,0.0054488247
/home/share/Uni_Eval/HAM10000_clean/ISIC2018/ISIC_0024578.jpg,5,5,0.11007994,0.10022892,0.04961691,0.024562154,0.26406804,0.44919485,0.0022492162
/home/share/Uni_Eval/HAM10000_clean/ISIC2018/ISIC_0027036.jpg,5,4,0.053400006,0.013930224,0.01154856,0.004452367,0.55644083,0.3592652,0.0009628919
/home/share/Uni_Eval/HAM10000_clean/ISIC2018/ISIC_0026023.jpg,5,4,0.06435477,0.03338681,0.034989078,0.003925666,0.4983417,0.36459458,0.00040734737
/home/share/Uni_Eval/HAM10000_clean/ISIC2018/ISIC_0025936.jpg,5,4,0.042672023,0.019844335,0.022486577,0.018642027,0.768291,0.12542005,0.0026440015
/home/share/Uni_Eval/HAM10000_clean/ISIC2018/ISIC_0026216.jpg,5,5,0.010888283,0.030063512,0.008748981,0.0049077333,0.37787455,0.56725687,0.00026010035
/home/share/Uni_Eval/HAM10000_clean/ISIC2018/ISIC_0028987.jpg,5,4,0.025066812,0.08749177,0.0082661575,0.027530508,0.6168771,0.23414013,0.0006275354
/home/share/Uni_Eval/HAM10000_clean/ISIC2018/ISIC_0029075.jpg,5,4,0.06413747,0.016994739,0.035977863,0.0041647395,0.466568,0.4117448,0.0004123651
/home/share/Uni_Eval/HAM10000_clean/ISIC2018/ISIC_0030451.jpg,5,4,0.09831189,0.047170557,0.031917196,0.042949285,0.53146905,0.24715607,0.0010259766
/home/share/Uni_Eval/HAM10000_clean/ISIC2018/ISIC_0027137.jpg,5,4,0.050923236,0.028122483,0.024818003,0.0013784288,0.46828136,0.42637503,0.0001014255
/home/share/Uni_Eval/HAM10000_clean/ISIC2018/ISIC_0030833.jpg,5,5,0.029369814,0.010637042,0.0071973833,0.007425852,0.3634321,0.5807628,0.0011749404
/home/share/Uni_Eval/HAM10000_clean/ISIC2018/ISIC_0030635.jpg,5,5,0.045789927,0.00194997,0.018213974,0.07432438,0.28940123,0.56662005,0.003700393
/home/share/Uni_Eval/HAM10000_clean/ISIC2018/ISIC_0031991.jpg,5,5,0.009475245,0.006824762,0.021021748,0.08445193,0.11188063,0.7645654,0.0017803456
/home/share/Uni_Eval/HAM10000_clean/ISIC2018/ISIC_0029470.jpg,5,4,0.0041638557,0.012430979,0.0016823501,0.0015080489,0.67870843,0.30117503,0.00033127438
/home/share/Uni_Eval/HAM10000_clean/ISIC2018/ISIC_0026488.jpg,5,4,0.16616994,0.21336643,0.07373747,0.017789993,0.30089492,0.2271274,0.00091382716
/home/share/Uni_Eval/HAM10000_clean/ISIC2018/ISIC_0027098.jpg,5,5,0.09005815,0.01978315,0.025008246,0.08199888,0.084601805,0.69738007,0.0011696513
/home/share/Uni_Eval/HAM10000_clean/ISIC2018/ISIC_0025571.jpg,5,4,0.049282268,0.05761681,0.028522387,0.009857073,0.5819092,0.2706129,0.0021994105
/home/share/Uni_Eval/HAM10000_clean/ISIC2018/ISIC_0024466.jpg,5,5,0.19482237,0.019290024,0.20100668,0.13389933,0.15900937,0.2879288,0.004043409
/home/share/Uni_Eval/HAM10000_clean/ISIC2018/ISIC_0025892.jpg,5,5,0.079278365,0.15281305,0.051185958,0.045171447,0.32859966,0.33377436,0.009177136
/home/share/Uni_Eval/HAM10000_clean/ISIC2018/ISIC_0025488.jpg,5,4,0.048024803,0.050329562,0.043727085,0.08972214,0.45564666,0.30352613,0.009023593
/home/share/Uni_Eval/HAM10000_clean/ISIC2018/ISIC_0027997.jpg,5,5,0.06430332,0.01842321,0.03900194,0.0063668913,0.18034315,0.6913259,0.00023556611
/home/share/Uni_Eval/HAM10000_clean/ISIC2018/ISIC_0027578.jpg,5,4,0.082055315,0.029257726,0.048237834,0.079530746,0.42327356,0.33483696,0.0028077788
/home/share/Uni_Eval/HAM10000_clean/ISIC2018/ISIC_0027475.jpg,5,5,0.009373796,0.028425682,0.013638791,0.0012885828,0.12940125,0.81784105,3.078179e-05
/home/share/Uni_Eval/HAM10000_clean/ISIC2018/ISIC_0031304.jpg,5,4,0.34505078,0.03209472,0.05996084,0.009942481,0.36730465,0.18469238,0.0009541509
/home/share/Uni_Eval/HAM10000_clean/ISIC2018/ISIC_0028809.jpg,5,4,0.041330893,0.013418176,0.05063967,0.014969057,0.6365005,0.24158834,0.0015532665
/home/share/Uni_Eval/HAM10000_clean/ISIC2018/ISIC_0028464.jpg,5,5,0.027228672,0.008567882,0.022223394,0.010497588,0.31161565,0.6197217,0.00014513303
/home/share/Uni_Eval/HAM10000_clean/ISIC2018/ISIC_0027798.jpg,5,5,0.024411662,0.0323402,0.013272392,0.003152469,0.41289198,0.51385236,7.8920515e-05
/home/share/Uni_Eval/HAM10000_clean/ISIC2018/ISIC_0024916.jpg,5,4,0.022683077,0.031492338,0.012924428,0.0027091075,0.55821496,0.37185135,0.00012474223
/home/share/Uni_Eval/HAM10000_clean/ISIC2018/ISIC_0030839.jpg,5,5,0.080223046,0.025243303,0.047903366,0.2549483,0.13434832,0.44744822,0.009885418
/home/share/Uni_Eval/HAM10000_clean/ISIC2018/ISIC_0030593.jpg,5,5,0.029544964,0.0066961874,0.015090092,0.005817749,0.34885743,0.59342647,0.00056710455
/home/share/Uni_Eval/HAM10000_clean/ISIC2018/ISIC_0030847.jpg,5,5,0.07735242,0.07266588,0.040129904,0.04271806,0.3059348,0.45926246,0.00193648
/home/share/Uni_Eval/HAM10000_clean/ISIC2018/ISIC_0029560.jpg,5,4,0.087745525,0.021502966,0.02288979,0.055774447,0.43870005,0.3636951,0.0096921455
/home/share/Uni_Eval/HAM10000_clean/ISIC2018/ISIC_0027849.jpg,5,4,0.06842354,0.03232099,0.032829974,0.21075934,0.43926018,0.19799009,0.018415947
/home/share/Uni_Eval/HAM10000_clean/ISIC2018/ISIC_0025681.jpg,5,4,0.07162134,0.02593953,0.037741795,0.063205615,0.40576252,0.3932785,0.0024507474
/home/share/Uni_Eval/HAM10000_clean/ISIC2018/ISIC_0030912.jpg,5,4,0.010063061,0.015106444,0.005733759,0.0025844078,0.6225795,0.34382105,0.000111790505
/home/share/Uni_Eval/HAM10000_clean/ISIC2018/ISIC_0027783.jpg,5,5,0.014378895,0.027286347,0.010196163,0.013092133,0.35942715,0.57436293,0.0012564139
/home/share/Uni_Eval/HAM10000_clean/ISIC2018/ISIC_0026991.jpg,5,5,0.004038448,0.0035086644,0.004648225,0.0034007144,0.24984993,0.7343498,0.00020422875
/home/share/Uni_Eval/HAM10000_clean/ISIC2018/ISIC_0025065.jpg,5,5,0.048480727,0.0267736,0.02151319,0.0040422087,0.27040377,0.6287076,7.8810524e-05
/home/share/Uni_Eval/HAM10000_clean/ISIC2018/ISIC_0026333.jpg,5,4,0.012132059,0.03349769,0.010540516,0.0021414356,0.7162122,0.22536615,0.00011000015
/home/share/Uni_Eval/HAM10000_clean/ISIC2018/ISIC_0028477.jpg,5,4,0.04099564,0.026885599,0.056034405,0.004320909,0.70430803,0.16728783,0.00016753982
/home/share/Uni_Eval/HAM10000_clean/ISIC2018/ISIC_0026603.jpg,5,4,0.014096652,0.05320021,0.007199865,0.0010211581,0.6583175,0.2659843,0.0001802451
/home/share/Uni_Eval/HAM10000_clean/ISIC2018/ISIC_0025323.jpg,5,5,0.021504512,0.04846116,0.019276518,0.00502858,0.44564053,0.4597867,0.00030198973
/home/share/Uni_Eval/HAM10000_clean/ISIC2018/ISIC_0024857.jpg,5,3,0.07513069,0.013682315,0.086474895,0.52151036,0.1381865,0.1565858,0.00842943
/home/share/Uni_Eval/HAM10000_clean/ISIC2018/ISIC_0026295.jpg,5,4,0.10071269,0.11591958,0.05920593,0.0080126515,0.4240162,0.2914218,0.0007111633
/home/share/Uni_Eval/HAM10000_clean/ISIC2018/ISIC_0030485.jpg,5,5,0.037102148,0.009678674,0.014758215,0.008541401,0.3010947,0.6275353,0.0012895585
/home/share/Uni_Eval/HAM10000_clean/ISIC2018/ISIC_0029055.jpg,5,4,0.042140912,0.06425722,0.028962998,0.002340569,0.71275955,0.14940251,0.00013623745
/home/share/Uni_Eval/HAM10000_clean/ISIC2018/ISIC_0028067.jpg,5,4,0.014986975,0.06612564,0.02016718,0.0034501974,0.55366313,0.34110197,0.00050487544
/home/share/Uni_Eval/HAM10000_clean/ISIC2018/ISIC_0030977.jpg,5,5,0.05609666,0.0896422,0.020636808,0.0019804542,0.3833511,0.4481828,0.00010999738
/home/share/Uni_Eval/HAM10000_clean/ISIC2018/ISIC_0024821.jpg,5,5,0.11615028,0.12756613,0.0612069,0.0054324213,0.29660013,0.39293134,0.0001127463
/home/share/Uni_Eval/HAM10000_clean/ISIC2018/ISIC_0029759.jpg,5,5,0.00637761,0.012683392,0.0058983243,0.005455059,0.31704488,0.65053385,0.0020068039
/home/share/Uni_Eval/HAM10000_clean/ISIC2018/ISIC_0030348.jpg,5,4,0.021651639,0.00024816315,0.013762618,0.074400015,0.40853643,0.4022027,0.0791984
/home/share/Uni_Eval/HAM10000_clean/ISIC2018/ISIC_0024617.jpg,5,4,0.006672749,0.012082786,0.004047226,0.00086170423,0.6596978,0.31652644,0.00011127861
/home/share/Uni_Eval/HAM10000_clean/ISIC2018/ISIC_0026942.jpg,5,5,0.07886364,0.04636154,0.055055697,0.0054512518,0.26679227,0.5474222,5.3442192e-05
/home/share/Uni_Eval/HAM10000_clean/ISIC2018/ISIC_0030710.jpg,5,4,0.0031354493,0.006742275,0.0031848254,0.0014810814,0.7320856,0.25300202,0.0003686703
/home/share/Uni_Eval/HAM10000_clean/ISIC2018/ISIC_0030963.jpg,5,4,0.0040444937,0.01676396,0.004583012,0.0019405693,0.8204528,0.1517685,0.00044674438
/home/share/Uni_Eval/HAM10000_clean/ISIC2018/ISIC_0030890.jpg,5,4,0.010937774,0.013401239,0.0056744413,0.00021661086,0.7788724,0.19087088,2.6691696e-05
/home/share/Uni_Eval/HAM10000_clean/ISIC2018/ISIC_0031896.jpg,5,4,0.011049679,0.037380576,0.0057324977,0.0002558347,0.642201,0.3033543,2.6135162e-05
/home/share/Uni_Eval/HAM10000_clean/ISIC2018/ISIC_0025956.jpg,5,4,0.0070519364,0.023486532,0.003545936,0.0015982786,0.719317,0.2447353,0.0002650206
/home/share/Uni_Eval/HAM10000_clean/ISIC2018/ISIC_0025860.jpg,5,4,0.009193021,0.0015483573,0.0043424754,0.01198996,0.56875205,0.4033056,0.00086854975
/home/share/Uni_Eval/HAM10000_clean/ISIC2018/ISIC_0025473.jpg,5,5,0.04225582,0.0063796747,0.02562945,0.012106494,0.36503458,0.5479818,0.0006122387
/home/share/Uni_Eval/HAM10000_clean/ISIC2018/ISIC_0024540.jpg,5,4,0.026687749,0.082204044,0.017777873,0.00095703005,0.6266916,0.24541596,0.00026575767
/home/share/Uni_Eval/HAM10000_clean/ISIC2018/ISIC_0032020.jpg,5,4,0.0048210016,0.013950031,0.001978535,0.00046994328,0.71550006,0.2632178,6.261388e-05
/home/share/Uni_Eval/HAM10000_clean/ISIC2018/ISIC_0028632.jpg,5,4,0.100263424,0.0927285,0.05201598,0.005656475,0.4493495,0.2993313,0.0006547845
/home/share/Uni_Eval/HAM10000_clean/ISIC2018/ISIC_0029537.jpg,5,3,0.060226716,0.0030457312,0.034316145,0.55383456,0.21688472,0.087629355,0.04406281
/home/share/Uni_Eval/HAM10000_clean/ISIC2018/ISIC_0027431.jpg,5,4,0.07127418,0.05380057,0.036976557,0.0071682325,0.5967714,0.23369904,0.00031006732
/home/share/Uni_Eval/HAM10000_clean/ISIC2018/ISIC_0031395.jpg,5,4,0.13495587,0.29477072,0.02616239,0.015380077,0.41569337,0.11014778,0.0028898306
/home/share/Uni_Eval/HAM10000_clean/ISIC2018/ISIC_0025897.jpg,5,4,0.023313452,0.02122714,0.008443572,0.000889946,0.7140161,0.23180708,0.00030278886
/home/share/Uni_Eval/HAM10000_clean/ISIC2018/ISIC_0033537.jpg,5,5,0.04155368,0.05091263,0.058600083,0.0069987816,0.25855568,0.5826642,0.0007149705
/home/share/Uni_Eval/HAM10000_clean/ISIC2018/ISIC_0032682.jpg,5,5,0.030293612,0.025114287,0.076158136,0.013442709,0.38076672,0.47387183,0.00035268214
/home/share/Uni_Eval/HAM10000_clean/ISIC2018/ISIC_0032616.jpg,5,4,0.06433672,0.10944044,0.14958735,0.030390512,0.3371003,0.29287782,0.01626687
/home/share/Uni_Eval/HAM10000_clean/ISIC2018/ISIC_0033139.jpg,5,5,0.11860345,0.010044604,0.0881386,0.13651173,0.3028645,0.3326316,0.011205564
/home/share/Uni_Eval/HAM10000_clean/ISIC2018/ISIC_0033418.jpg,5,4,0.011012731,0.021227594,0.009718701,0.004245786,0.62036127,0.33205548,0.0013784049
/home/share/Uni_Eval/HAM10000_clean/ISIC2018/ISIC_0033364.jpg,5,5,0.11277818,0.024011858,0.05411156,0.09061981,0.32127514,0.3936345,0.0035690442
/home/share/Uni_Eval/HAM10000_clean/ISIC2018/ISIC_0034098.jpg,5,5,0.037682593,0.031731922,0.07731966,0.1107553,0.24191181,0.4963708,0.0042278697
/home/share/Uni_Eval/HAM10000_clean/ISIC2018/ISIC_0033040.jpg,5,5,0.03048285,0.020950535,0.021280458,0.009296743,0.4015328,0.5155783,0.00087834947
/home/share/Uni_Eval/HAM10000_clean/ISIC2018/ISIC_0032868.jpg,5,5,0.026973965,0.04588426,0.036869038,0.006406878,0.34980372,0.53338695,0.00067528
/home/share/Uni_Eval/HAM10000_clean/ISIC2018/ISIC_0034018.jpg,5,5,0.0037610568,0.011405263,0.0046081436,0.0022811962,0.42797935,0.5495364,0.0004286241
/home/share/Uni_Eval/HAM10000_clean/ISIC2018/ISIC_0033464.jpg,5,4,0.016913047,0.016913047,0.013379322,0.007505119,0.63465744,0.30930734,0.0013247322
/home/share/Uni_Eval/HAM10000_clean/ISIC2018/ISIC_0033970.jpg,5,5,0.0050604385,0.006703992,0.0031667417,0.0015676507,0.20855507,0.7748761,6.9962436e-05
/home/share/Uni_Eval/HAM10000_clean/ISIC2018/ISIC_0033896.jpg,5,5,0.02633829,0.07621237,0.013879305,0.0030016098,0.32591894,0.5544068,0.00024256727
/home/share/Uni_Eval/HAM10000_clean/ISIC2018/ISIC_0032402.jpg,5,5,0.066149004,0.03326181,0.04475866,0.007421713,0.38066125,0.4663959,0.0013515943
/home/share/Uni_Eval/HAM10000_clean/ISIC2018/ISIC_0034309.jpg,5,5,0.02154318,0.019011788,0.018717041,0.044899844,0.39398363,0.49804193,0.0038025968
/home/share/Uni_Eval/HAM10000_clean/ISIC2018/ISIC_0033043.jpg,5,5,0.06835113,0.012254681,0.02635171,0.027188202,0.25395525,0.609207,0.0026919965
/home/share/Uni_Eval/HAM10000_clean/ISIC2018/ISIC_0032562.jpg,5,4,0.039656024,0.07293859,0.012874426,0.0026567883,0.5919179,0.27960223,0.00035398273
/home/share/Uni_Eval/HAM10000_clean/ISIC2018/ISIC_0033421.jpg,5,5,0.02414879,0.039814625,0.015837163,0.02002005,0.42804757,0.47011828,0.0020134693
/home/share/Uni_Eval/HAM10000_clean/ISIC2018/ISIC_0033467.jpg,5,5,0.009611712,0.0091715595,0.005308091,0.0015690686,0.3606768,0.61353195,0.00013082527
/home/share/Uni_Eval/HAM10000_clean/ISIC2018/ISIC_0032996.jpg,5,4,0.008602912,0.009748376,0.0037583339,0.002175157,0.56657004,0.40808514,0.0010600868
/home/share/Uni_Eval/HAM10000_clean/ISIC2018/ISIC_0033623.jpg,5,5,0.041295696,0.07836546,0.01861343,0.008389729,0.291163,0.5612314,0.0009413015
/home/share/Uni_Eval/HAM10000_clean/ISIC2018/ISIC_0033383.jpg,5,4,0.015696347,0.06608409,0.010293916,0.004712898,0.7330237,0.16875164,0.0014373529
/home/share/Uni_Eval/HAM10000_clean/ISIC2018/ISIC_0032634.jpg,5,5,0.20649603,0.18223208,0.068095155,0.018327564,0.19398504,0.3299797,0.0008844017
/home/share/Uni_Eval/HAM10000_clean/ISIC2018/ISIC_0033751.jpg,5,4,0.012638357,0.0034015675,0.011328949,0.05664118,0.48930514,0.4185249,0.0081599355
/home/share/Uni_Eval/HAM10000_clean/ISIC2018/ISIC_0033065.jpg,5,4,0.014128848,0.034427088,0.012665018,0.016778424,0.7134367,0.20123406,0.0073299506
/home/share/Uni_Eval/HAM10000_clean/ISIC2018/ISIC_0033353.jpg,5,5,0.054404367,0.12453284,0.05526111,0.0040031015,0.16757725,0.59411293,0.00010835899
/home/share/Uni_Eval/HAM10000_clean/ISIC2018/ISIC_0034019.jpg,5,4,0.014711792,0.06697199,0.03213351,0.041909996,0.66590655,0.16318743,0.015178795
/home/share/Uni_Eval/HAM10000_clean/ISIC2018/ISIC_0034154.jpg,5,4,0.0051795817,0.026718318,0.0034503455,0.00039321423,0.66787386,0.29636723,1.7548695e-05
/home/share/Uni_Eval/HAM10000_clean/ISIC2018/ISIC_0033597.jpg,5,4,0.014063773,0.0055941828,0.008800884,0.021444693,0.5035722,0.44440094,0.002123312
/home/share/Uni_Eval/HAM10000_clean/ISIC2018/ISIC_0033330.jpg,5,5,0.037303083,0.015550238,0.030925343,0.021254657,0.30272534,0.5835184,0.008722894
/home/share/Uni_Eval/HAM10000_clean/ISIC2018/ISIC_0033982.jpg,5,5,0.007067787,0.014055973,0.006536635,0.0010505328,0.32495037,0.646241,9.771477e-05
/home/share/Uni_Eval/HAM10000_clean/ISIC2018/ISIC_0027265.jpg,5,5,0.022180796,0.044806436,0.0072010495,0.003401535,0.42511165,0.49700585,0.0002926148
/home/share/Uni_Eval/HAM10000_clean/ISIC2018/ISIC_0030038.jpg,5,5,0.04467055,0.02246176,0.028841473,0.0011009675,0.43727592,0.4654778,0.00017149767
/home/share/Uni_Eval/HAM10000_clean/ISIC2018/ISIC_0027345.jpg,5,4,0.018641666,0.034827214,0.007531914,0.004427783,0.6077564,0.32530856,0.0015064776
/home/share/Uni_Eval/HAM10000_clean/ISIC2018/ISIC_0031299.jpg,5,4,0.021670619,0.09413288,0.010896672,0.0017512545,0.45615488,0.41533375,5.9924638e-05
/home/share/Uni_Eval/HAM10000_clean/ISIC2018/ISIC_0029915.jpg,0,2,0.23074114,0.08227328,0.30094317,0.008274442,0.07609035,0.30094317,0.00073439843
/home/share/Uni_Eval/HAM10000_clean/ISIC2018/ISIC_0033456.jpg,0,0,0.4623936,0.18392748,0.08161732,0.06766313,0.12641138,0.07548368,0.0025034416
/home/share/Uni_Eval/HAM10000_clean/ISIC2018/ISIC_0031191.jpg,0,4,0.01537614,0.040510733,0.006212522,0.0018947121,0.80106485,0.13492134,1.9773095e-05
/home/share/Uni_Eval/HAM10000_clean/ISIC2018/ISIC_0025948.jpg,0,5,0.04519569,0.10841881,0.10508312,0.068915196,0.036315754,0.6239072,0.012164255
/home/share/Uni_Eval/HAM10000_clean/ISIC2018/ISIC_0030803.jpg,0,0,0.4586122,0.024688315,0.18529609,0.16352323,0.059224185,0.107241146,0.0014147531
/home/share/Uni_Eval/HAM10000_clean/ISIC2018/ISIC_0025069.jpg,0,4,0.03565202,0.10643727,0.012712119,0.00092086283,0.6940582,0.15010062,0.00011891822
/home/share/Uni_Eval/HAM10000_clean/ISIC2018/ISIC_0028232.jpg,0,0,0.2512887,0.05350245,0.1132647,0.108077936,0.22525375,0.24739286,0.0012195448
/home/share/Uni_Eval/HAM10000_clean/ISIC2018/ISIC_0029067.jpg,0,5,0.18041365,0.07065101,0.114677906,0.05766367,0.25442404,0.31663585,0.0055338144
/home/share/Uni_Eval/HAM10000_clean/ISIC2018/ISIC_0025539.jpg,0,4,0.20896715,0.0325508,0.15288362,0.11906589,0.2641592,0.21899568,0.003377639
/home/share/Uni_Eval/HAM10000_clean/ISIC2018/ISIC_0030191.jpg,0,4,0.09191074,0.032263707,0.031763505,0.009537133,0.57188785,0.26182935,0.0008077061
/home/share/Uni_Eval/HAM10000_clean/ISIC2018/ISIC_0031043.jpg,0,0,0.3523572,0.04410268,0.13373971,0.24598496,0.07385808,0.1446071,0.0053502615
/home/share/Uni_Eval/HAM10000_clean/ISIC2018/ISIC_0032455.jpg,0,4,0.17233561,0.20148073,0.074120626,0.007571898,0.34273028,0.20148073,0.0002801497
/home/share/Uni_Eval/HAM10000_clean/ISIC2018/ISIC_0027896.jpg,0,2,0.27684376,0.016114239,0.3186452,0.24816114,0.02344608,0.11361646,0.0031730817
/home/share/Uni_Eval/HAM10000_clean/ISIC2018/ISIC_0031044.jpg,0,0,0.3782268,0.045884117,0.15281744,0.057103705,0.03986481,0.32351452,0.0025886048
/home/share/Uni_Eval/HAM10000_clean/ISIC2018/ISIC_0031012.jpg,0,0,0.5401784,0.033469997,0.07085599,0.04297633,0.24731171,0.063514896,0.0016926148
/home/share/Uni_Eval/HAM10000_clean/ISIC2018/ISIC_0029533.jpg,0,0,0.28057832,0.11336389,0.07319324,0.02097021,0.25949252,0.25150877,0.0008930194
/home/share/Uni_Eval/HAM10000_clean/ISIC2018/ISIC_0026992.jpg,0,4,0.16298486,0.15552124,0.05209309,0.021378959,0.3615977,0.24466926,0.0017548921
/home/share/Uni_Eval/HAM10000_clean/ISIC2018/ISIC_0025825.jpg,0,0,0.3509419,0.046033558,0.24499694,0.0564015,0.06697844,0.23377773,0.00086989807
/home/share/Uni_Eval/HAM10000_clean/ISIC2018/ISIC_0026645.jpg,0,3,0.110482946,0.21972159,0.055554315,0.47991604,0.01668043,0.09903627,0.018608363
/home/share/Uni_Eval/HAM10000_clean/ISIC2018/ISIC_0029811.jpg,0,0,0.31201392,0.042891465,0.10952719,0.10952719,0.2078461,0.2078461,0.010348048
/home/share/Uni_Eval/HAM10000_clean/ISIC2018/ISIC_0027178.jpg,0,2,0.18234119,0.037044853,0.25315565,0.16863802,0.15116614,0.20661962,0.0010345893
/home/share/Uni_Eval/HAM10000_clean/ISIC2018/ISIC_0028872.jpg,0,0,0.30225936,0.13000013,0.26674294,0.016787935,0.14730944,0.13623896,0.00066118967
/home/share/Uni_Eval/HAM10000_clean/ISIC2018/ISIC_0031292.jpg,0,5,0.24555163,0.015944792,0.14893459,0.24174471,0.05565279,0.26968572,0.022485761
/home/share/Uni_Eval/HAM10000_clean/ISIC2018/ISIC_0033494.jpg,0,1,0.23787382,0.55307317,0.04469517,0.020785183,0.07722632,0.061091043,0.005255317
/home/share/Uni_Eval/HAM10000_clean/ISIC2018/ISIC_0026014.jpg,0,5,0.13282497,0.034112275,0.20896302,0.108408585,0.19026299,0.32364824,0.0017798557
/home/share/Uni_Eval/HAM10000_clean/ISIC2018/ISIC_0026549.jpg,0,4,0.19587289,0.07551573,0.06984063,0.04105719,0.39567414,0.2151243,0.006915159
/home/share/Uni_Eval/HAM10000_clean/ISIC2018/ISIC_0030387.jpg,0,4,0.19480282,0.026778862,0.1719129,0.18880938,0.27471602,0.13599429,0.0069856844
/home/share/Uni_Eval/HAM10000_clean/ISIC2018/ISIC_0029573.jpg,0,2,0.26886514,0.021059146,0.28620544,0.26469678,0.021059146,0.13732287,0.000791429
/home/share/Uni_Eval/HAM10000_clean/ISIC2018/ISIC_0029268.jpg,0,4,0.12269879,0.120796524,0.059798617,0.15754835,0.276506,0.2517616,0.0108901365
/home/share/Uni_Eval/HAM10000_clean/ISIC2018/ISIC_0029598.jpg,0,4,0.20513342,0.12059172,0.13039073,0.026079789,0.4275348,0.08822679,0.002042727
/home/share/Uni_Eval/HAM10000_clean/ISIC2018/ISIC_0029781.jpg,0,0,0.45738894,0.07948227,0.19367066,0.061900858,0.09438753,0.11208798,0.0010818354
/home/share/Uni_Eval/HAM10000_clean/ISIC2018/ISIC_0025247.jpg,0,0,0.56284505,0.028911933,0.18560661,0.08767435,0.046201136,0.08767435,0.0010865466
/home/share/Uni_Eval/HAM10000_clean/ISIC2018/ISIC_0028499.jpg,0,2,0.23318401,0.012750594,0.30412927,0.25213203,0.028733907,0.16795613,0.0011141344
/home/share/Uni_Eval/HAM10000_clean/ISIC2018/ISIC_0030591.jpg,0,5,0.08695337,0.03405143,0.029125731,0.026108138,0.26368284,0.5582166,0.0018619456
/home/share/Uni_Eval/HAM10000_clean/ISIC2018/ISIC_0029638.jpg,0,5,0.11224186,0.015190285,0.02389767,0.021759078,0.23761602,0.58810526,0.001189795
/home/share/Uni_Eval/HAM10000_clean/ISIC2018/ISIC_0026132.jpg,0,5,0.25517797,0.06553513,0.07426103,0.060610086,0.14092268,0.40145132,0.002041809
/home/share/Uni_Eval/HAM10000_clean/ISIC2018/ISIC_0024763.jpg,0,5,0.1403459,0.026785484,0.1181831,0.06629471,0.1802077,0.46742323,0.0007598457
/home/share/Uni_Eval/HAM10000_clean/ISIC2018/ISIC_0028076.jpg,0,0,0.3418513,0.06837456,0.25804287,0.1381204,0.08917724,0.08917724,0.015256426
/home/share/Uni_Eval/HAM10000_clean/ISIC2018/ISIC_0025957.jpg,0,4,0.22358264,0.10896547,0.05565412,0.09320311,0.36291045,0.12347406,0.03221013
/home/share/Uni_Eval/HAM10000_clean/ISIC2018/ISIC_0031927.jpg,0,3,0.17886242,0.032068264,0.16285609,0.29032236,0.06579981,0.26434153,0.0057495227
/home/share/Uni_Eval/HAM10000_clean/ISIC2018/ISIC_0025264.jpg,0,0,0.31787664,0.109855235,0.10319943,0.051891934,0.30332002,0.109855235,0.0040014763
/home/share/Uni_Eval/HAM10000_clean/ISIC2018/ISIC_0026457.jpg,0,0,0.4405149,0.048658147,0.057782978,0.14987765,0.12620963,0.14079702,0.036159664
/home/share/Uni_Eval/HAM10000_clean/ISIC2018/ISIC_0028763.jpg,0,0,0.31476367,0.06807242,0.07958472,0.25291973,0.1418751,0.13327932,0.009505039
/home/share/Uni_Eval/HAM10000_clean/ISIC2018/ISIC_0025780.jpg,0,0,0.28601027,0.02831885,0.27721062,0.18179917,0.019769743,0.20281163,0.0040797167
/home/share/Uni_Eval/HAM10000_clean/ISIC2018/ISIC_0027452.jpg,0,4,0.1901718,0.030563386,0.06675657,0.11006299,0.31354025,0.28105566,0.007849327
/home/share/Uni_Eval/HAM10000_clean/ISIC2018/ISIC_0027884.jpg,0,0,0.35752043,0.022501176,0.1636848,0.17424154,0.10084327,0.1636848,0.017523933
/home/share/Uni_Eval/HAM10000_clean/ISIC2018/ISIC_0027950.jpg,0,0,0.25989553,0.06270272,0.09561024,0.0870541,0.25989553,0.22230045,0.012541332
/home/share/Uni_Eval/HAM10000_clean/ISIC2018/ISIC_0033536.jpg,0,4,0.22886364,0.066603124,0.24746062,0.029554954,0.25135756,0.17547584,0.00068428984
/home/share/Uni_Eval/HAM10000_clean/ISIC2018/ISIC_0032854.jpg,0,5,0.23371872,0.13526602,0.17919835,0.036406353,0.057275236,0.3563785,0.0017567988
