image_path,true_label,predicted_label,probability_class_0,probability_class_1,probability_class_2,probability_class_3,probability_class_4,probability_class_5,probability_class_6
/home/share/Uni_Eval/HAM10000_clean/ISIC2018/ISIC_0025661.jpg,2,0,0.9580981,0.025934529,0.0011574279,0.0023018203,0.008686978,0.0024888609,0.0013321914
/home/share/Uni_Eval/HAM10000_clean/ISIC2018/ISIC_0027850.jpg,2,0,0.79150623,0.048282187,0.030214222,0.00014663448,0.105458006,0.014272188,0.010120497
/home/share/Uni_Eval/HAM10000_clean/ISIC2018/ISIC_0029068.jpg,2,0,0.7938861,0.08907155,0.10413519,0.0031941307,0.0031446104,0.004231536,0.002336876
/home/share/Uni_Eval/HAM10000_clean/ISIC2018/ISIC_0025984.jpg,2,5,0.063365474,0.047830768,0.0674522,0.051717393,0.19517942,0.5560144,0.018440407
/home/share/Uni_Eval/HAM10000_clean/ISIC2018/ISIC_0032417.jpg,2,2,0.30325496,0.0043257,0.54061043,0.002926915,0.022665048,0.11691521,0.009301716
/home/share/Uni_Eval/HAM10000_clean/ISIC2018/ISIC_0027310.jpg,2,5,0.00794165,0.01875567,0.3172281,0.04941461,0.25489995,0.32729802,0.024462005
/home/share/Uni_Eval/HAM10000_clean/ISIC2018/ISIC_0025937.jpg,2,5,0.053901777,0.0021229114,0.17673713,0.007409689,0.16345513,0.4956715,0.10070178
/home/share/Uni_Eval/HAM10000_clean/ISIC2018/ISIC_0027828.jpg,2,5,0.06417265,0.02513037,0.027172409,0.0015571031,0.36356282,0.43854046,0.07986415
/home/share/Uni_Eval/HAM10000_clean/ISIC2018/ISIC_0030698.jpg,2,5,0.020107802,0.007998331,0.25671923,0.0027212955,0.117534615,0.5876361,0.007282564
/home/share/Uni_Eval/HAM10000_clean/ISIC2018/ISIC_0024981.jpg,2,4,0.25085795,0.09671435,0.059583984,0.0021366985,0.31219774,0.2548084,0.023700872
/home/share/Uni_Eval/HAM10000_clean/ISIC2018/ISIC_0027053.jpg,2,5,0.20311132,0.011281104,0.105372764,0.007398329,0.30490622,0.35647148,0.011458757
/home/share/Uni_Eval/HAM10000_clean/ISIC2018/ISIC_0025819.jpg,2,0,0.9572826,0.0028622232,0.0051828166,0.0063501196,0.008027304,0.01866404,0.0016308457
/home/share/Uni_Eval/HAM10000_clean/ISIC2018/ISIC_0032013.jpg,2,0,0.9037087,0.0062824315,0.027719386,0.0034156987,0.008066801,0.046421237,0.0043858443
/home/share/Uni_Eval/HAM10000_clean/ISIC2018/ISIC_0025099.jpg,2,5,0.047432814,0.25244397,0.16816391,0.011443698,0.16816391,0.29513687,0.05721489
/home/share/Uni_Eval/HAM10000_clean/ISIC2018/ISIC_0029289.jpg,2,5,0.00064710976,0.0010180466,0.002992205,0.0047815302,0.08744506,0.8970716,0.006044421
/home/share/Uni_Eval/HAM10000_clean/ISIC2018/ISIC_0032283.jpg,2,0,0.73065966,0.019778052,0.08197774,0.032608494,0.070119284,0.053762317,0.011094481
/home/share/Uni_Eval/HAM10000_clean/ISIC2018/ISIC_0031624.jpg,2,2,0.045359157,0.0064332956,0.6985362,0.00033566623,0.02544418,0.18509367,0.03879774
/home/share/Uni_Eval/HAM10000_clean/ISIC2018/ISIC_0029060.jpg,2,0,0.42697504,0.009286861,0.040975552,0.029513583,0.16983894,0.3123816,0.01102842
/home/share/Uni_Eval/HAM10000_clean/ISIC2018/ISIC_0032306.jpg,2,0,0.9483507,0.00040216188,0.018203236,0.004748598,0.0057279025,0.020951796,0.0016156293
/home/share/Uni_Eval/HAM10000_clean/ISIC2018/ISIC_0027957.jpg,2,5,0.01785571,0.0021325601,0.022221789,0.2244321,0.15667886,0.55547476,0.021204177
/home/share/Uni_Eval/HAM10000_clean/ISIC2018/ISIC_0032382.jpg,2,0,0.80852437,0.014130504,0.058569312,0.0062703732,0.016011957,0.08792295,0.0085705845
/home/share/Uni_Eval/HAM10000_clean/ISIC2018/ISIC_0029674.jpg,2,0,0.77943635,0.025449498,0.11405673,0.0016525525,0.017766614,0.05387659,0.007761658
/home/share/Uni_Eval/HAM10000_clean/ISIC2018/ISIC_0024623.jpg,2,2,0.2753089,0.0056252684,0.43994236,0.00015710258,0.1450776,0.06642136,0.06746735
/home/share/Uni_Eval/HAM10000_clean/ISIC2018/ISIC_0032929.jpg,2,0,0.7243092,0.1693713,0.011891732,0.015753984,0.030844808,0.019302186,0.028526781
/home/share/Uni_Eval/HAM10000_clean/ISIC2018/ISIC_0033900.jpg,2,4,0.0042455997,0.048588313,0.004519417,0.18052751,0.54744285,0.201393,0.013283307
/home/share/Uni_Eval/HAM10000_clean/ISIC2018/ISIC_0030276.jpg,2,0,0.68798834,0.05826618,0.07481526,8.759966e-05,0.13547292,0.026676202,0.016693542
/home/share/Uni_Eval/HAM10000_clean/ISIC2018/ISIC_0033465.jpg,2,0,0.8165449,0.0013695153,0.034772675,0.0116473865,0.029281529,0.10061807,0.005765875
/home/share/Uni_Eval/HAM10000_clean/ISIC2018/ISIC_0029683.jpg,2,4,0.03518926,0.0020482605,0.06998219,0.0016980676,0.47824153,0.39647618,0.016364524
/home/share/Uni_Eval/HAM10000_clean/ISIC2018/ISIC_0032514.jpg,2,0,0.6013352,0.013706945,0.028567724,0.0015140341,0.041565794,0.307132,0.0061782044
/home/share/Uni_Eval/HAM10000_clean/ISIC2018/ISIC_0033910.jpg,2,5,0.04733715,0.06995977,0.008756491,0.07218053,0.34977686,0.42855555,0.023433588
/home/share/Uni_Eval/HAM10000_clean/ISIC2018/ISIC_0033212.jpg,2,4,0.18870524,0.02475274,0.14023383,0.0049508596,0.3932955,0.0762438,0.17181808
/home/share/Uni_Eval/HAM10000_clean/ISIC2018/ISIC_0033601.jpg,2,5,0.03714584,0.018972237,0.09485522,0.001737334,0.19463028,0.5810587,0.071600474
/home/share/Uni_Eval/HAM10000_clean/ISIC2018/ISIC_0033677.jpg,2,5,0.10246476,0.0025651548,0.17429842,0.010632272,0.34125975,0.35763714,0.011142526
/home/share/Uni_Eval/HAM10000_clean/ISIC2018/ISIC_0033262.jpg,2,0,0.33986932,0.021058645,0.034181558,0.0794745,0.27739328,0.23726703,0.010755703
/home/share/Uni_Eval/HAM10000_clean/ISIC2018/ISIC_0032570.jpg,2,2,0.06800007,0.002220281,0.56053054,0.002850897,0.09440875,0.16830178,0.103687726
/home/share/Uni_Eval/HAM10000_clean/ISIC2018/ISIC_0033264.jpg,2,4,0.12897016,0.016396716,0.02385708,0.010260803,0.47918227,0.32933685,0.011996094
/home/share/Uni_Eval/HAM10000_clean/ISIC2018/ISIC_0032665.jpg,2,2,0.22369327,0.03595078,0.35746083,0.0009580558,0.16885254,0.17421249,0.03887206
/home/share/Uni_Eval/HAM10000_clean/ISIC2018/ISIC_0033587.jpg,2,4,0.07394617,0.0043719644,0.022552308,0.0013756996,0.6590751,0.23135713,0.007321663
/home/share/Uni_Eval/HAM10000_clean/ISIC2018/ISIC_0032675.jpg,2,5,0.03356882,0.0016198729,0.02494623,0.0017790825,0.4353271,0.49329025,0.009468522
/home/share/Uni_Eval/HAM10000_clean/ISIC2018/ISIC_0033449.jpg,2,0,0.3083264,0.0058264565,0.028678821,0.1433851,0.24774723,0.25963688,0.00639911
/home/share/Uni_Eval/HAM10000_clean/ISIC2018/ISIC_0033758.jpg,2,4,0.0030360385,0.23376201,0.10053979,0.001575076,0.24118242,0.19684735,0.22305727
/home/share/Uni_Eval/HAM10000_clean/ISIC2018/ISIC_0032876.jpg,2,5,0.053943504,0.023566172,0.26970053,0.0010517308,0.17687392,0.4516634,0.023200812
/home/share/Uni_Eval/HAM10000_clean/ISIC2018/ISIC_0025157.jpg,2,0,0.79900485,0.0139641315,0.02910375,0.0014489903,0.115107566,0.031468656,0.009902053
/home/share/Uni_Eval/HAM10000_clean/ISIC2018/ISIC_0026060.jpg,2,0,0.9526714,0.00025679427,0.025787633,0.00020633999,0.006833042,0.013589127,0.0006557472
/home/share/Uni_Eval/HAM10000_clean/ISIC2018/ISIC_0029394.jpg,2,5,0.033478893,0.0006131874,0.09994952,0.015569133,0.37135753,0.46943986,0.0095918635
/home/share/Uni_Eval/HAM10000_clean/ISIC2018/ISIC_0026844.jpg,2,4,0.124374054,0.056942597,0.019373741,0.13239549,0.39525995,0.23602049,0.035633765
/home/share/Uni_Eval/HAM10000_clean/ISIC2018/ISIC_0027374.jpg,2,5,0.009060049,0.075858876,0.02106525,0.003333006,0.39130986,0.45039487,0.04897817
/home/share/Uni_Eval/HAM10000_clean/ISIC2018/ISIC_0025507.jpg,2,4,0.09848129,0.002504256,0.06560268,0.01353788,0.5939182,0.21176808,0.014187576
/home/share/Uni_Eval/HAM10000_clean/ISIC2018/ISIC_0028336.jpg,2,1,0.09607536,0.7099063,0.08747762,0.0010507539,0.06300776,0.037623655,0.004858637
/home/share/Uni_Eval/HAM10000_clean/ISIC2018/ISIC_0025838.jpg,2,4,0.06909497,0.006949064,0.02463657,0.00088347425,0.56072575,0.32452318,0.013187006
/home/share/Uni_Eval/HAM10000_clean/ISIC2018/ISIC_0027780.jpg,2,4,0.115584575,0.01977419,0.041212946,0.03994496,0.55142313,0.21259257,0.019467618
/home/share/Uni_Eval/HAM10000_clean/ISIC2018/ISIC_0024592.jpg,2,4,0.03287172,0.022948159,0.11295479,0.00093249884,0.4004595,0.35340428,0.07642904
/home/share/Uni_Eval/HAM10000_clean/ISIC2018/ISIC_0030721.jpg,2,4,0.011809456,0.04894883,0.029688967,0.0027186912,0.5601897,0.31918645,0.027457805
/home/share/Uni_Eval/HAM10000_clean/ISIC2018/ISIC_0032168.jpg,2,5,0.08359234,0.005778111,0.25349063,0.008407102,0.17696497,0.4379925,0.033774357
/home/share/Uni_Eval/HAM10000_clean/ISIC2018/ISIC_0024505.jpg,2,4,0.25004363,0.0066634365,0.029863449,0.008966634,0.34715116,0.34715116,0.010160527
/home/share/Uni_Eval/HAM10000_clean/ISIC2018/ISIC_0024626.jpg,2,5,0.2071988,0.004577618,0.06832692,0.0048728487,0.27881646,0.43183938,0.0043679937
/home/share/Uni_Eval/HAM10000_clean/ISIC2018/ISIC_0024971.jpg,2,0,0.6365927,0.0149712255,0.067096375,0.0011544569,0.22000057,0.054762464,0.0054222187
/home/share/Uni_Eval/HAM10000_clean/ISIC2018/ISIC_0025485.jpg,2,0,0.6770198,0.0031352236,0.026250904,0.0042189043,0.119501084,0.16591084,0.003963294
/home/share/Uni_Eval/HAM10000_clean/ISIC2018/ISIC_0028856.jpg,2,4,0.04469935,0.07255419,0.010617025,0.0057723764,0.5531249,0.30546457,0.0077675814
/home/share/Uni_Eval/HAM10000_clean/ISIC2018/ISIC_0030095.jpg,2,4,0.17181566,0.0072033573,0.036014516,0.052400816,0.5129468,0.21051295,0.009105897
/home/share/Uni_Eval/HAM10000_clean/ISIC2018/ISIC_0024883.jpg,2,5,0.0017306139,0.0142656015,0.008002277,0.10377511,0.37370855,0.4874078,0.011110062
/home/share/Uni_Eval/HAM10000_clean/ISIC2018/ISIC_0027295.jpg,2,0,0.2994104,0.20578156,0.078105874,0.06680749,0.14821889,0.19331388,0.008361938
/home/share/Uni_Eval/HAM10000_clean/ISIC2018/ISIC_0032156.jpg,2,4,0.11729071,0.019147182,0.010089857,0.009779424,0.6050316,0.23326045,0.005400711
/home/share/Uni_Eval/HAM10000_clean/ISIC2018/ISIC_0030783.jpg,2,4,0.029878713,0.031805724,0.016760437,0.003249159,0.638835,0.2704998,0.008971217
/home/share/Uni_Eval/HAM10000_clean/ISIC2018/ISIC_0030459.jpg,2,4,0.26135978,0.00922713,0.06712274,0.05564671,0.3628621,0.22707333,0.016708173
/home/share/Uni_Eval/HAM10000_clean/ISIC2018/ISIC_0026861.jpg,2,0,0.6641549,0.03519892,0.011075832,0.0013436509,0.16023484,0.12095159,0.0070402273
/home/share/Uni_Eval/HAM10000_clean/ISIC2018/ISIC_0030208.jpg,2,2,0.10852735,0.010094615,0.6053169,0.00016834364,0.037506044,0.22975238,0.008634381
/home/share/Uni_Eval/HAM10000_clean/ISIC2018/ISIC_0030723.jpg,2,0,0.88067544,0.058086842,0.0037718446,0.00031448752,0.045950476,0.0012634097,0.009937487
/home/share/Uni_Eval/HAM10000_clean/ISIC2018/ISIC_0027969.jpg,2,5,0.07764517,0.0033586004,0.08265285,0.01067361,0.086619444,0.70294195,0.03610836
/home/share/Uni_Eval/HAM10000_clean/ISIC2018/ISIC_0031851.jpg,2,4,0.05798466,0.14577341,0.15276922,0.009614798,0.48549962,0.10176624,0.046591986
/home/share/Uni_Eval/HAM10000_clean/ISIC2018/ISIC_0029420.jpg,2,5,0.21630493,0.0014574511,0.035310812,0.014951537,0.35662654,0.3679471,0.0074015474
/home/share/Uni_Eval/HAM10000_clean/ISIC2018/ISIC_0024381.jpg,2,4,0.10924671,0.012646224,0.02986639,0.003197466,0.6486276,0.1829538,0.013461835
/home/share/Uni_Eval/HAM10000_clean/ISIC2018/ISIC_0029991.jpg,2,3,0.030566603,0.35532507,0.0068203313,0.37237746,0.1993193,0.031047957,0.00454332
/home/share/Uni_Eval/HAM10000_clean/ISIC2018/ISIC_0031168.jpg,2,1,0.20062022,0.28291985,0.02757856,0.19750988,0.1944478,0.066157535,0.030766109
/home/share/Uni_Eval/HAM10000_clean/ISIC2018/ISIC_0024547.jpg,2,5,0.104253076,0.00065989234,0.033846024,0.017559085,0.23129559,0.5999351,0.012451256
/home/share/Uni_Eval/HAM10000_clean/ISIC2018/ISIC_0029897.jpg,2,0,0.8973419,0.018335002,0.045379568,0.00024568918,0.023913352,0.0054198164,0.009364604
/home/share/Uni_Eval/HAM10000_clean/ISIC2018/ISIC_0027006.jpg,2,5,0.057300415,0.0306707,0.17376137,0.0024023151,0.17106745,0.5187556,0.046042174
/home/share/Uni_Eval/HAM10000_clean/ISIC2018/ISIC_0028881.jpg,2,4,0.051260058,0.0076191276,0.013371985,0.035785288,0.5425536,0.33425757,0.015152444
/home/share/Uni_Eval/HAM10000_clean/ISIC2018/ISIC_0029311.jpg,2,0,0.54698277,0.0043088347,0.044899084,0.032339595,0.14493603,0.22100103,0.0055326526
/home/share/Uni_Eval/HAM10000_clean/ISIC2018/ISIC_0025973.jpg,2,4,0.24179763,0.044728063,0.015701028,0.06018819,0.5039495,0.12349815,0.010137345
/home/share/Uni_Eval/HAM10000_clean/ISIC2018/ISIC_0031580.jpg,2,0,0.40155092,0.041021008,0.024880499,0.08684148,0.15972592,0.2674906,0.018489618
/home/share/Uni_Eval/HAM10000_clean/ISIC2018/ISIC_0028389.jpg,2,0,0.36500698,0.19845085,0.054253444,0.07300599,0.21124984,0.08944881,0.008584142
/home/share/Uni_Eval/HAM10000_clean/ISIC2018/ISIC_0028750.jpg,2,0,0.90764266,0.0008406968,0.024568763,0.0029805289,0.015616855,0.04311952,0.0052309916
/home/share/Uni_Eval/HAM10000_clean/ISIC2018/ISIC_0026378.jpg,2,0,0.8935568,0.00041616845,0.018837223,0.0019243435,0.025747431,0.05712317,0.0023948841
/home/share/Uni_Eval/HAM10000_clean/ISIC2018/ISIC_0030683.jpg,2,0,0.32622167,0.019287402,0.031306546,0.0058823256,0.2621265,0.32622167,0.028953819
/home/share/Uni_Eval/HAM10000_clean/ISIC2018/ISIC_0025883.jpg,2,2,0.22665039,0.020754926,0.29102486,0.00012733086,0.1291415,0.29102486,0.0412761
/home/share/Uni_Eval/HAM10000_clean/ISIC2018/ISIC_0031050.jpg,2,0,0.37019604,0.0064698807,0.030866075,0.030866075,0.33184156,0.22105414,0.008706177
/home/share/Uni_Eval/HAM10000_clean/ISIC2018/ISIC_0026316.jpg,2,5,0.051544152,0.06217411,0.0140913855,0.084981926,0.36914468,0.41181067,0.0062530143
/home/share/Uni_Eval/HAM10000_clean/ISIC2018/ISIC_0031522.jpg,2,0,0.570233,0.02428345,0.094553895,0.0019624035,0.15589303,0.12332153,0.029752705
/home/share/Uni_Eval/HAM10000_clean/ISIC2018/ISIC_0032024.jpg,2,0,0.4432348,0.052936852,0.043886192,0.19363496,0.17357324,0.05635098,0.03638293
/home/share/Uni_Eval/HAM10000_clean/ISIC2018/ISIC_0025374.jpg,2,5,0.33377105,0.0021459456,0.031045545,0.0009979574,0.28106344,0.3443661,0.006609978
/home/share/Uni_Eval/HAM10000_clean/ISIC2018/ISIC_0026365.jpg,2,4,0.047143646,0.14074492,0.0061839004,0.07895075,0.4335249,0.28431258,0.009139213
/home/share/Uni_Eval/HAM10000_clean/ISIC2018/ISIC_0028656.jpg,2,5,0.0042586457,0.0008926607,0.008338024,0.03621873,0.15248652,0.78658533,0.011220037
/home/share/Uni_Eval/HAM10000_clean/ISIC2018/ISIC_0031716.jpg,2,0,0.36501265,0.28427213,0.013295584,0.056858003,0.2112531,0.0415982,0.027710378
/home/share/Uni_Eval/HAM10000_clean/ISIC2018/ISIC_0027893.jpg,2,5,0.09311528,0.0034451354,0.013625775,0.02013759,0.3514134,0.5113034,0.0069593657
/home/share/Uni_Eval/HAM10000_clean/ISIC2018/ISIC_0030318.jpg,2,4,0.24328618,0.007579812,0.11492025,0.006382842,0.38274288,0.23580106,0.00928698
/home/share/Uni_Eval/HAM10000_clean/ISIC2018/ISIC_0028749.jpg,2,0,0.6674066,0.0048623625,0.010787624,0.0030907062,0.15364574,0.15126367,0.008943254
/home/share/Uni_Eval/HAM10000_clean/ISIC2018/ISIC_0026961.jpg,2,5,0.23794346,0.0013713328,0.023194335,0.054777693,0.22352718,0.4515373,0.0076486794
/home/share/Uni_Eval/HAM10000_clean/ISIC2018/ISIC_0025040.jpg,2,5,0.0027064711,0.0058198273,0.0048248065,0.036782444,0.46232614,0.47700197,0.010538345
/home/share/Uni_Eval/HAM10000_clean/ISIC2018/ISIC_0026704.jpg,2,0,0.7418871,0.010749101,0.02967922,0.0033299162,0.14382137,0.0608978,0.009635432
/home/share/Uni_Eval/HAM10000_clean/ISIC2018/ISIC_0029302.jpg,2,0,0.9115365,0.00045192303,0.008797844,0.000116063435,0.02839979,0.049070433,0.0016274374
/home/share/Uni_Eval/HAM10000_clean/ISIC2018/ISIC_0030310.jpg,2,4,0.111531444,0.0030190179,0.020631244,0.040394012,0.584383,0.2324515,0.00758981
/home/share/Uni_Eval/HAM10000_clean/ISIC2018/ISIC_0028229.jpg,2,0,0.8755895,0.007006038,0.0032581105,0.0038691019,0.08535101,0.02261577,0.002310346
/home/share/Uni_Eval/HAM10000_clean/ISIC2018/ISIC_0025068.jpg,2,0,0.9496639,0.010715948,0.0058261594,0.0009812855,0.011769167,0.011586702,0.009456791
/home/share/Uni_Eval/HAM10000_clean/ISIC2018/ISIC_0028943.jpg,2,0,0.9152569,0.0008884337,0.034938164,0.0001427843,0.013055438,0.032312524,0.0034057149
/home/share/Uni_Eval/HAM10000_clean/ISIC2018/ISIC_0031980.jpg,2,0,0.4428764,0.001957006,0.028312141,0.059936803,0.36715746,0.089975804,0.009784414
/home/share/Uni_Eval/HAM10000_clean/ISIC2018/ISIC_0028611.jpg,2,3,0.04930156,0.34760985,0.004110648,0.53838867,0.053307697,0.002695829,0.0045857597
/home/share/Uni_Eval/HAM10000_clean/ISIC2018/ISIC_0027509.jpg,2,0,0.9591602,0.006879583,0.005192982,0.000292968,0.019906735,0.006772926,0.0017946466
/home/share/Uni_Eval/HAM10000_clean/ISIC2018/ISIC_0030240.jpg,2,0,0.9686478,0.0010992752,0.0038368474,0.0008695983,0.013817018,0.008646469,0.0030829937
/home/share/Uni_Eval/HAM10000_clean/ISIC2018/ISIC_0026871.jpg,2,0,0.99351585,0.0011452524,0.002540853,7.91627e-05,0.00089192344,0.0014936907,0.00033328743
/home/share/Uni_Eval/HAM10000_clean/ISIC2018/ISIC_0027859.jpg,2,0,0.9288908,0.0011945162,0.009543558,0.0030503038,0.01701323,0.03716031,0.003147131
/home/share/Uni_Eval/HAM10000_clean/ISIC2018/ISIC_0029329.jpg,2,1,0.045585316,0.61952966,0.042159524,0.0052768835,0.121992625,0.13823576,0.027220236
/home/share/Uni_Eval/HAM10000_clean/ISIC2018/ISIC_0028913.jpg,2,4,0.10587213,0.16397798,0.07163668,0.19779518,0.27035397,0.18293066,0.0074333907
/home/share/Uni_Eval/HAM10000_clean/ISIC2018/ISIC_0028165.jpg,2,0,0.5069088,0.0015637411,0.12617958,0.050981157,0.175183,0.13018495,0.008998709
/home/share/Uni_Eval/HAM10000_clean/ISIC2018/ISIC_0031465.jpg,2,0,0.5727683,0.005528167,0.1615567,0.00032684515,0.07751576,0.17197622,0.010327975
/home/share/Uni_Eval/HAM10000_clean/ISIC2018/ISIC_0031000.jpg,2,0,0.41410112,0.011747145,0.03733235,0.0953315,0.3433019,0.086800314,0.011385723
/home/share/Uni_Eval/HAM10000_clean/ISIC2018/ISIC_0026276.jpg,2,0,0.7131825,0.019304967,0.015511976,0.096518755,0.102743685,0.04778025,0.0049579255
/home/share/Uni_Eval/HAM10000_clean/ISIC2018/ISIC_0027435.jpg,2,0,0.8361782,0.029063025,0.022990745,0.047173947,0.0075815427,0.050216403,0.0067960517
/home/share/Uni_Eval/HAM10000_clean/ISIC2018/ISIC_0028294.jpg,2,0,0.9915944,0.0020060933,0.0026576417,0.0003378812,0.0020060933,0.0008494333,0.0005484354
/home/share/Uni_Eval/HAM10000_clean/ISIC2018/ISIC_0026803.jpg,2,0,0.8728038,0.0019092506,0.038348325,0.007318906,0.0333176,0.044138648,0.0021634644
/home/share/Uni_Eval/HAM10000_clean/ISIC2018/ISIC_0026016.jpg,2,0,0.9220221,0.004074281,0.011249449,0.0005179867,0.009472987,0.05121048,0.0014527295
/home/share/Uni_Eval/HAM10000_clean/ISIC2018/ISIC_0029505.jpg,2,0,0.85441333,0.00469872,0.02312791,0.004345605,0.028783146,0.08199556,0.002635743
/home/share/Uni_Eval/HAM10000_clean/ISIC2018/ISIC_0026069.jpg,2,0,0.9069139,0.00961354,0.024549035,0.002283416,0.004333162,0.0473195,0.004987439
/home/share/Uni_Eval/HAM10000_clean/ISIC2018/ISIC_0031528.jpg,2,0,0.9806356,0.0029782206,0.0019839224,0.008352626,0.0018348284,0.0026696592,0.0015450803
/home/share/Uni_Eval/HAM10000_clean/ISIC2018/ISIC_0028490.jpg,2,0,0.9539908,0.00036835027,0.012008972,0.0003053731,0.012585294,0.019190282,0.0015508126
/home/share/Uni_Eval/HAM10000_clean/ISIC2018/ISIC_0031987.jpg,2,0,0.42700818,0.0032097022,0.32739854,0.0044562304,0.092346996,0.12622337,0.01935698
/home/share/Uni_Eval/HAM10000_clean/ISIC2018/ISIC_0026631.jpg,2,0,0.9825021,0.00092436577,0.005155698,0.0007906519,0.0058421707,0.004341533,0.0004435155
/home/share/Uni_Eval/HAM10000_clean/ISIC2018/ISIC_0025710.jpg,2,0,0.93219745,0.0038696716,0.027283842,0.0057190033,0.014833968,0.012887974,0.0032080703
/home/share/Uni_Eval/HAM10000_clean/ISIC2018/ISIC_0030123.jpg,2,4,0.0038491304,0.045449294,0.005179571,0.11248807,0.58025765,0.24569656,0.007079634
/home/share/Uni_Eval/HAM10000_clean/ISIC2018/ISIC_0029872.jpg,2,4,0.02507091,0.11412943,0.062051095,0.0021906716,0.5530554,0.15599644,0.08750608
/home/share/Uni_Eval/HAM10000_clean/ISIC2018/ISIC_0026530.jpg,2,0,0.839483,0.0005778368,0.039263144,0.0013226817,0.015617799,0.101840846,0.0018946541
/home/share/Uni_Eval/HAM10000_clean/ISIC2018/ISIC_0032498.jpg,2,0,0.8620185,0.0038091335,0.022972014,0.011917724,0.044977024,0.051768232,0.0025374298
/home/share/Uni_Eval/HAM10000_clean/ISIC2018/ISIC_0029778.jpg,2,0,0.9249056,0.005674268,0.009502612,0.014949706,0.013193069,0.030674808,0.0011000071
/home/share/Uni_Eval/HAM10000_clean/ISIC2018/ISIC_0029555.jpg,2,0,0.4793601,0.0024002602,0.062878355,0.021061612,0.18480977,0.23730046,0.012189527
/home/share/Uni_Eval/HAM10000_clean/ISIC2018/ISIC_0030173.jpg,2,5,0.15283233,0.0034296778,0.03630086,0.0023943011,0.32864112,0.4634583,0.01294347
/home/share/Uni_Eval/HAM10000_clean/ISIC2018/ISIC_0029012.jpg,2,4,0.16387165,0.005969024,0.024357345,0.015726283,0.4969346,0.2831448,0.0099962335
/home/share/Uni_Eval/HAM10000_clean/ISIC2018/ISIC_0032170.jpg,2,5,0.098252214,0.0013165803,0.10960826,0.07301484,0.055114493,0.65077424,0.011919346
/home/share/Uni_Eval/HAM10000_clean/ISIC2018/ISIC_0033460.jpg,2,0,0.64521825,0.0048499266,0.0114539955,0.04124742,0.19072615,0.102088355,0.004415909
/home/share/Uni_Eval/HAM10000_clean/ISIC2018/ISIC_0033199.jpg,2,3,0.17249969,0.016554292,0.0067938683,0.67167217,0.07535953,0.04942199,0.0076984614
/home/share/Uni_Eval/HAM10000_clean/ISIC2018/ISIC_0028411.jpg,2,5,0.041612074,0.007231095,0.106260166,0.0019462226,0.1223047,0.6821608,0.038484883
/home/share/Uni_Eval/HAM10000_clean/ISIC2018/ISIC_0032681.jpg,2,0,0.64952064,0.0008095592,0.08257727,0.030378485,0.07174438,0.15917188,0.0057978346
/home/share/Uni_Eval/HAM10000_clean/ISIC2018/ISIC_0033509.jpg,2,0,0.85989916,0.0016861372,0.023642953,0.0074395854,0.010994994,0.09498226,0.0013548492
/home/share/Uni_Eval/HAM10000_clean/ISIC2018/ISIC_0032636.jpg,2,4,0.025330266,0.08436267,0.029154958,0.009614285,0.56757617,0.24411148,0.0398501
/home/share/Uni_Eval/HAM10000_clean/ISIC2018/ISIC_0034167.jpg,2,5,0.08404279,0.008065341,0.0718856,0.0016643773,0.28879035,0.52293175,0.02261981
/home/share/Uni_Eval/HAM10000_clean/ISIC2018/ISIC_0032271.jpg,2,0,0.8601017,0.0029140697,0.020227654,0.012078484,0.029894534,0.069506876,0.005276698
/home/share/Uni_Eval/HAM10000_clean/ISIC2018/ISIC_0027142.jpg,2,5,0.032974478,0.28934184,0.09247921,0.115092225,0.02955813,0.3954834,0.045070764
/home/share/Uni_Eval/HAM10000_clean/ISIC2018/ISIC_0031396.jpg,2,5,0.058117796,0.007865388,0.17624003,0.0757999,0.17901541,0.4500447,0.052916855
/home/share/Uni_Eval/HAM10000_clean/ISIC2018/ISIC_0027370.jpg,2,5,0.107703075,0.0004612815,0.3643548,0.0018531338,0.015275543,0.48269168,0.027660437
/home/share/Uni_Eval/HAM10000_clean/ISIC2018/ISIC_0026566.jpg,2,5,0.11373006,0.108521976,0.11196683,0.014918137,0.1051831,0.4788214,0.06685845
/home/share/Uni_Eval/HAM10000_clean/ISIC2018/ISIC_0031511.jpg,2,5,0.061844222,0.012963254,0.07230323,0.02921314,0.2728695,0.50188386,0.048922807
/home/share/Uni_Eval/HAM10000_clean/ISIC2018/ISIC_0030316.jpg,2,0,0.63484865,0.0023623023,0.036952622,0.019472664,0.05634602,0.22992696,0.020090792
/home/share/Uni_Eval/HAM10000_clean/ISIC2018/ISIC_0029345.jpg,2,5,0.03713237,0.0019989342,0.1445845,0.00053800584,0.045495532,0.73426074,0.03598993
/home/share/Uni_Eval/HAM10000_clean/ISIC2018/ISIC_0026846.jpg,2,2,0.096842475,0.002704618,0.7155745,0.00024382869,0.011386868,0.109736905,0.06351084
/home/share/Uni_Eval/HAM10000_clean/ISIC2018/ISIC_0032460.jpg,2,0,0.78296524,0.08784626,0.08648433,0.0011058213,0.00570426,0.015028724,0.020865316
/home/share/Uni_Eval/HAM10000_clean/ISIC2018/ISIC_0027025.jpg,2,5,0.05131498,0.012773309,0.05462451,0.0846041,0.15806127,0.56037587,0.078246005
/home/share/Uni_Eval/HAM10000_clean/ISIC2018/ISIC_0030088.jpg,2,0,0.43338746,0.0006828413,0.11848154,0.036703866,0.08016862,0.31707305,0.0135026
/home/share/Uni_Eval/HAM10000_clean/ISIC2018/ISIC_0025392.jpg,2,2,0.004568623,0.014747694,0.5448234,4.341118e-05,0.013639388,0.36293066,0.059246797
/home/share/Uni_Eval/HAM10000_clean/ISIC2018/ISIC_0026783.jpg,2,0,0.4492445,0.005834668,0.09270684,0.003430024,0.058928054,0.3724368,0.0174191
/home/share/Uni_Eval/HAM10000_clean/ISIC2018/ISIC_0025330.jpg,2,5,0.035806865,0.007865725,0.13303865,0.09433853,0.19357009,0.50998926,0.02539087
/home/share/Uni_Eval/HAM10000_clean/ISIC2018/ISIC_0027275.jpg,2,5,0.020504124,0.00017739541,0.3157659,0.0058745295,0.019873278,0.6182395,0.019565169
/home/share/Uni_Eval/HAM10000_clean/ISIC2018/ISIC_0029233.jpg,2,5,0.0077322097,0.008899719,0.15052734,0.012748259,0.115413316,0.6852404,0.019438773
/home/share/Uni_Eval/HAM10000_clean/ISIC2018/ISIC_0032359.jpg,2,5,0.016359642,0.003766203,0.19930123,0.00050179806,0.06675755,0.6433522,0.06996131
/home/share/Uni_Eval/HAM10000_clean/ISIC2018/ISIC_0029048.jpg,2,2,0.023952426,0.006248364,0.5894528,0.00045263,0.021137943,0.32047993,0.03827587
/home/share/Uni_Eval/HAM10000_clean/ISIC2018/ISIC_0028925.jpg,2,3,0.061406467,0.02223995,0.01732049,0.7839852,0.053350862,0.036099,0.025598023
/home/share/Uni_Eval/HAM10000_clean/ISIC2018/ISIC_0027008.jpg,3,1,0.29317823,0.31208658,0.016283555,0.2797526,0.07648011,0.018165616,0.0040532975
/home/share/Uni_Eval/HAM10000_clean/ISIC2018/ISIC_0032468.jpg,3,3,0.020700168,0.02496917,0.0031744738,0.9369612,0.009626473,0.0020178184,0.0025507612
/home/share/Uni_Eval/HAM10000_clean/ISIC2018/ISIC_0030555.jpg,3,3,0.009953298,0.032129638,0.0358432,0.47957677,0.18489331,0.023876721,0.23372704
/home/share/Uni_Eval/HAM10000_clean/ISIC2018/ISIC_0030244.jpg,3,3,0.013702238,0.0936378,0.003305819,0.87463725,0.008441704,0.003357878,0.0029173747
/home/share/Uni_Eval/HAM10000_clean/ISIC2018/ISIC_0025668.jpg,3,3,0.11787875,0.091804065,0.010964431,0.6372465,0.040737804,0.09471823,0.006650264
/home/share/Uni_Eval/HAM10000_clean/ISIC2018/ISIC_0033790.jpg,3,3,0.015443086,0.004784045,0.013004383,0.7797992,0.09460038,0.08886883,0.0035000825
/home/share/Uni_Eval/HAM10000_clean/ISIC2018/ISIC_0029039.jpg,3,4,0.032171745,0.010282708,0.016690483,0.23403336,0.37987363,0.3149263,0.012021703
/home/share/Uni_Eval/HAM10000_clean/ISIC2018/ISIC_0027107.jpg,3,3,0.08030488,0.011569015,0.0032631906,0.73846996,0.13034768,0.034003228,0.0020420523
/home/share/Uni_Eval/HAM10000_clean/ISIC2018/ISIC_0024973.jpg,3,1,0.03265368,0.51078945,0.0074007586,0.29103905,0.12517434,0.0188985,0.014044172
/home/share/Uni_Eval/HAM10000_clean/ISIC2018/ISIC_0025622.jpg,3,0,0.6464718,0.010287243,0.0063377866,0.26531148,0.04756773,0.022121048,0.0019029485
/home/share/Uni_Eval/HAM10000_clean/ISIC2018/ISIC_0033626.jpg,3,3,0.0032774059,0.00076638337,0.0011869977,0.96734214,0.010579595,0.015393222,0.0014543401
/home/share/Uni_Eval/HAM10000_clean/ISIC2018/ISIC_0033891.jpg,3,3,0.007234078,0.037903856,0.0036948055,0.93278795,0.006384052,0.010525522,0.0014696921
/home/share/Uni_Eval/HAM10000_clean/ISIC2018/ISIC_0033005.jpg,3,3,0.0013016443,0.00096729974,0.00017342731,0.99650407,0.00059593614,0.0002815003,0.00017615837
/home/share/Uni_Eval/HAM10000_clean/ISIC2018/ISIC_0033847.jpg,3,3,0.0022514996,0.0010972932,0.00060598284,0.9821278,0.006617525,0.0067217364,0.00057823287
/home/share/Uni_Eval/HAM10000_clean/ISIC2018/ISIC_0026471.jpg,3,3,0.012935346,0.06268289,0.003481501,0.8927786,0.005563423,0.0062064473,0.01635181
/home/share/Uni_Eval/HAM10000_clean/ISIC2018/ISIC_0026629.jpg,3,0,0.44516155,0.008815946,0.039510332,0.2658181,0.094780356,0.1357666,0.010147093
/home/share/Uni_Eval/HAM10000_clean/ISIC2018/ISIC_0025771.jpg,3,3,0.017186897,0.038731273,0.00035117252,0.9383728,0.0025948333,0.0012845357,0.0014784915
/home/share/Uni_Eval/HAM10000_clean/ISIC2018/ISIC_0030623.jpg,4,5,0.0048166593,0.005127307,0.0122997705,0.0015156291,0.1475188,0.78511536,0.043606475
/home/share/Uni_Eval/HAM10000_clean/ISIC2018/ISIC_0032396.jpg,4,4,0.022987375,0.0450071,0.044309326,0.03673372,0.5836609,0.22502133,0.042280257
/home/share/Uni_Eval/HAM10000_clean/ISIC2018/ISIC_0028445.jpg,4,5,0.073142044,0.11506858,0.012319129,0.046491906,0.32271782,0.40795353,0.022307063
/home/share/Uni_Eval/HAM10000_clean/ISIC2018/ISIC_0029512.jpg,4,3,0.052443705,0.023271753,0.013680758,0.712739,0.14255677,0.047010235,0.008297799
/home/share/Uni_Eval/HAM10000_clean/ISIC2018/ISIC_0028579.jpg,4,5,0.00914239,0.003524705,0.009286362,0.0015887091,0.08810654,0.8760488,0.01230243
/home/share/Uni_Eval/HAM10000_clean/ISIC2018/ISIC_0031953.jpg,4,5,0.0071885213,0.094690196,0.019848146,0.028431153,0.26556525,0.571055,0.013221715
/home/share/Uni_Eval/HAM10000_clean/ISIC2018/ISIC_0032079.jpg,4,0,0.5239703,0.13042653,0.03002589,0.032465726,0.115101,0.1598019,0.008208621
/home/share/Uni_Eval/HAM10000_clean/ISIC2018/ISIC_0026150.jpg,4,5,0.020995453,0.013769154,0.027814455,0.05278256,0.4350913,0.441943,0.0076040486
/home/share/Uni_Eval/HAM10000_clean/ISIC2018/ISIC_0031642.jpg,4,5,0.054305673,0.012308053,0.04867929,0.011032865,0.31250754,0.5484679,0.012698752
/home/share/Uni_Eval/HAM10000_clean/ISIC2018/ISIC_0029000.jpg,4,5,0.0014006258,0.015295277,0.008579873,0.06854867,0.25468922,0.620589,0.030897308
/home/share/Uni_Eval/HAM10000_clean/ISIC2018/ISIC_0025751.jpg,4,5,0.0029312316,0.010231004,0.00582945,0.022000117,0.33355165,0.61349535,0.011961256
/home/share/Uni_Eval/HAM10000_clean/ISIC2018/ISIC_0026892.jpg,4,0,0.52659047,0.16313012,0.047473572,0.0044157305,0.10208422,0.13523963,0.02106627
/home/share/Uni_Eval/HAM10000_clean/ISIC2018/ISIC_0028291.jpg,4,5,0.0119268205,0.003994985,0.017353423,0.24332908,0.32743508,0.38883874,0.0071218302
/home/share/Uni_Eval/HAM10000_clean/ISIC2018/ISIC_0027769.jpg,4,5,0.019719593,0.022345224,0.014203489,0.07442096,0.3232699,0.5247189,0.021321962
/home/share/Uni_Eval/HAM10000_clean/ISIC2018/ISIC_0030445.jpg,4,3,0.17843574,0.019709555,0.003942159,0.7281292,0.036822297,0.015837071,0.017123958
/home/share/Uni_Eval/HAM10000_clean/ISIC2018/ISIC_0025155.jpg,4,4,0.024941761,0.013774149,0.010077383,0.038630556,0.51687115,0.384106,0.011598997
/home/share/Uni_Eval/HAM10000_clean/ISIC2018/ISIC_0027102.jpg,4,4,0.0021279703,0.0019990432,0.0060620233,0.043414503,0.8857357,0.040784158,0.01987661
/home/share/Uni_Eval/HAM10000_clean/ISIC2018/ISIC_0032046.jpg,4,1,0.1561544,0.3745949,0.06408563,0.009827849,0.1235283,0.2615094,0.010299498
/home/share/Uni_Eval/HAM10000_clean/ISIC2018/ISIC_0029630.jpg,4,0,0.77741426,0.01799958,0.01074804,0.015157167,0.117372,0.054583047,0.0067259516
/home/share/Uni_Eval/HAM10000_clean/ISIC2018/ISIC_0031941.jpg,4,4,0.11272046,0.0383512,0.06422618,0.005700398,0.45283866,0.2833792,0.04278386
/home/share/Uni_Eval/HAM10000_clean/ISIC2018/ISIC_0031586.jpg,4,4,0.028021118,0.0067604096,0.010148576,0.030775178,0.4889858,0.42483822,0.0104707265
/home/share/Uni_Eval/HAM10000_clean/ISIC2018/ISIC_0027261.jpg,4,0,0.8678097,0.025005542,0.030162442,0.032107756,0.020408928,0.020730322,0.0037752723
/home/share/Uni_Eval/HAM10000_clean/ISIC2018/ISIC_0024675.jpg,4,5,0.002202199,0.0011424859,0.002202199,0.0073344433,0.23541065,0.74813354,0.0035745222
/home/share/Uni_Eval/HAM10000_clean/ISIC2018/ISIC_0025891.jpg,4,5,0.001783591,0.002290176,0.0048483033,0.008509036,0.39121363,0.5781762,0.013179054
/home/share/Uni_Eval/HAM10000_clean/ISIC2018/ISIC_0031189.jpg,4,4,0.12002715,0.014560944,0.012650768,0.07629389,0.5053331,0.26216337,0.008970737
/home/share/Uni_Eval/HAM10000_clean/ISIC2018/ISIC_0034006.jpg,4,4,0.012744087,0.030571477,0.03009751,0.0060198805,0.53349113,0.30397406,0.08310189
/home/share/Uni_Eval/HAM10000_clean/ISIC2018/ISIC_0028696.jpg,4,5,0.008501971,0.027019208,0.019159488,0.011440653,0.39704436,0.50981504,0.027019208
/home/share/Uni_Eval/HAM10000_clean/ISIC2018/ISIC_0028325.jpg,4,4,0.13415672,0.01759753,0.014140014,0.085275196,0.5560641,0.1891913,0.003575155
/home/share/Uni_Eval/HAM10000_clean/ISIC2018/ISIC_0028489.jpg,4,5,0.011774986,0.0021443842,0.015599323,0.0009079894,0.33352822,0.62311274,0.012932292
/home/share/Uni_Eval/HAM10000_clean/ISIC2018/ISIC_0028969.jpg,4,4,0.113171354,0.005547116,0.06757771,0.00746446,0.5399103,0.23586936,0.03045966
/home/share/Uni_Eval/HAM10000_clean/ISIC2018/ISIC_0033496.jpg,4,5,0.0028478082,0.0032269894,0.0057527306,0.31903464,0.21926908,0.43606865,0.013800083
/home/share/Uni_Eval/HAM10000_clean/ISIC2018/ISIC_0033573.jpg,4,4,0.0640219,0.06709438,0.016701112,0.023923237,0.41747522,0.38610148,0.024682641
/home/share/Uni_Eval/HAM10000_clean/ISIC2018/ISIC_0030828.jpg,4,5,0.0012987206,0.012130884,0.005056904,0.0061958497,0.42099863,0.54057294,0.013746093
/home/share/Uni_Eval/HAM10000_clean/ISIC2018/ISIC_0033931.jpg,4,0,0.36904985,0.10089261,0.01114434,0.21358968,0.2576383,0.036540885,0.01114434
/home/share/Uni_Eval/HAM10000_clean/ISIC2018/ISIC_0033268.jpg,4,5,0.013343565,0.0044695344,0.012149453,0.022698171,0.328376,0.6134871,0.005476188
/home/share/Uni_Eval/HAM10000_clean/ISIC2018/ISIC_0033428.jpg,4,4,0.27070153,0.0059805755,0.019609554,0.016512899,0.5468321,0.1319294,0.008433964
/home/share/Uni_Eval/HAM10000_clean/ISIC2018/ISIC_0033152.jpg,4,5,0.00044838883,0.0012380413,0.0038734884,0.0052944315,0.22867012,0.7497805,0.010695044
/home/share/Uni_Eval/HAM10000_clean/ISIC2018/ISIC_0034236.jpg,4,5,0.020140572,0.005172526,0.012603646,0.048314713,0.35700014,0.5443602,0.012408245
/home/share/Uni_Eval/HAM10000_clean/ISIC2018/ISIC_0025987.jpg,4,5,0.0053783394,0.0022420257,0.02264366,0.015083928,0.3327461,0.61201376,0.009892281
/home/share/Uni_Eval/HAM10000_clean/ISIC2018/ISIC_0032447.jpg,4,4,0.0709763,0.031991526,0.09854083,0.0015437601,0.49267316,0.2896276,0.014646787
/home/share/Uni_Eval/HAM10000_clean/ISIC2018/ISIC_0033831.jpg,4,5,0.025141006,0.0075486987,0.06222459,0.0015822932,0.32097885,0.5722067,0.010317848
/home/share/Uni_Eval/HAM10000_clean/ISIC2018/ISIC_0032583.jpg,4,5,0.14579996,0.03356506,0.018249005,0.15520325,0.2258194,0.41534543,0.006017883
/home/share/Uni_Eval/HAM10000_clean/ISIC2018/ISIC_0034294.jpg,4,5,0.027830245,0.0027989615,0.025738768,0.008356155,0.28550184,0.63341343,0.016360559
/home/share/Uni_Eval/HAM10000_clean/ISIC2018/ISIC_0032984.jpg,4,1,0.038581338,0.43469462,0.0022457032,0.16243352,0.27202496,0.057019524,0.03300037
/home/share/Uni_Eval/HAM10000_clean/ISIC2018/ISIC_0033802.jpg,4,4,0.017007904,0.0065571303,0.0126392,0.01454763,0.5128216,0.41206375,0.024362694
/home/share/Uni_Eval/HAM10000_clean/ISIC2018/ISIC_0032993.jpg,4,4,0.0041796183,0.003057874,0.035546616,0.042877402,0.4830982,0.40680948,0.024430808
/home/share/Uni_Eval/HAM10000_clean/ISIC2018/ISIC_0033804.jpg,4,5,0.00071865367,0.0005257782,0.0019535033,0.030084176,0.094125055,0.8655579,0.007034836
/home/share/Uni_Eval/HAM10000_clean/ISIC2018/ISIC_0032774.jpg,4,4,0.051760152,0.06051375,0.015785955,0.08533806,0.42004868,0.3375186,0.029034814
/home/share/Uni_Eval/HAM10000_clean/ISIC2018/ISIC_0032840.jpg,4,3,0.0036185167,0.2742909,0.005264911,0.41824368,0.15147783,0.10090599,0.046198122
/home/share/Uni_Eval/HAM10000_clean/ISIC2018/ISIC_0034208.jpg,4,3,0.1993923,0.097176045,0.0041382555,0.59527546,0.08442801,0.013568817,0.006021126
/home/share/Uni_Eval/HAM10000_clean/ISIC2018/ISIC_0033287.jpg,4,5,0.058404244,0.20069043,0.0045036515,0.13368864,0.24207886,0.34676197,0.013872225
/home/share/Uni_Eval/HAM10000_clean/ISIC2018/ISIC_0033286.jpg,4,4,0.28156433,0.009485231,0.028763605,0.00891055,0.48649952,0.16812974,0.016647097
/home/share/Uni_Eval/HAM10000_clean/ISIC2018/ISIC_0033175.jpg,4,5,0.014920987,0.17895667,0.01198935,0.29969603,0.12299501,0.3615024,0.00993952
/home/share/Uni_Eval/HAM10000_clean/ISIC2018/ISIC_0033942.jpg,4,4,0.2687057,0.03470007,0.012567532,0.11201319,0.4161795,0.1351137,0.020720357
/home/share/Uni_Eval/HAM10000_clean/ISIC2018/ISIC_0032522.jpg,4,5,0.3656449,0.015816245,0.04948466,0.001719937,0.13451324,0.41432995,0.018491065
/home/share/Uni_Eval/HAM10000_clean/ISIC2018/ISIC_0033272.jpg,4,0,0.9341339,0.00063301873,0.02910383,0.0011109825,0.014184074,0.018790843,0.0020434095
/home/share/Uni_Eval/HAM10000_clean/ISIC2018/ISIC_0033004.jpg,4,5,0.0020187767,0.011085264,0.012366506,0.0445335,0.17890713,0.7300527,0.021036137
/home/share/Uni_Eval/HAM10000_clean/ISIC2018/ISIC_0032511.jpg,4,4,0.32963908,0.011637682,0.023878973,0.01448333,0.49484685,0.1157142,0.009799911
/home/share/Uni_Eval/HAM10000_clean/ISIC2018/ISIC_0034085.jpg,4,5,0.0011842267,0.0043999357,0.008750318,0.06365418,0.15510309,0.7399555,0.026952876
/home/share/Uni_Eval/HAM10000_clean/ISIC2018/ISIC_0033299.jpg,4,4,0.0014716886,0.0021080968,0.048735633,0.009157155,0.5754547,0.33304763,0.030025154
/home/share/Uni_Eval/HAM10000_clean/ISIC2018/ISIC_0033779.jpg,4,3,0.0030288096,0.0022508202,0.0027577626,0.71832323,0.14367367,0.12679158,0.0031741653
/home/share/Uni_Eval/HAM10000_clean/ISIC2018/ISIC_0034065.jpg,4,5,0.00064736657,0.010126517,0.0016791413,0.14422975,0.15594955,0.6669116,0.020456128
/home/share/Uni_Eval/HAM10000_clean/ISIC2018/ISIC_0033038.jpg,4,0,0.5251731,0.012545386,0.016108595,0.025342375,0.32354978,0.091261394,0.0060193427
/home/share/Uni_Eval/HAM10000_clean/ISIC2018/ISIC_0033630.jpg,4,0,0.8809294,0.0026754097,0.013376206,0.00065563736,0.042509496,0.055442836,0.004411005
/home/share/Uni_Eval/HAM10000_clean/ISIC2018/ISIC_0034150.jpg,4,4,0.07151136,0.26988104,0.0059624487,0.15619516,0.3155229,0.17154683,0.009380249
/home/share/Uni_Eval/HAM10000_clean/ISIC2018/ISIC_0032915.jpg,4,3,0.20876613,0.20876613,0.0070328326,0.40874425,0.13269982,0.0066067353,0.027384156
/home/share/Uni_Eval/HAM10000_clean/ISIC2018/ISIC_0028460.jpg,4,4,0.051209766,0.17596853,0.006409653,0.008898922,0.40913907,0.3339296,0.014444376
/home/share/Uni_Eval/HAM10000_clean/ISIC2018/ISIC_0033883.jpg,4,5,0.0035576439,0.0036705758,0.0021243664,0.06208308,0.25333774,0.66745603,0.007770609
/home/share/Uni_Eval/HAM10000_clean/ISIC2018/ISIC_0034005.jpg,4,3,0.11690601,0.15731423,0.008080836,0.32278785,0.28485927,0.09999501,0.010056763
/home/share/Uni_Eval/HAM10000_clean/ISIC2018/ISIC_0033872.jpg,4,4,0.1479656,0.18704604,0.006400364,0.0480374,0.4776388,0.12076601,0.012145757
/home/share/Uni_Eval/HAM10000_clean/ISIC2018/ISIC_0032547.jpg,4,4,0.0059664696,0.002647605,0.009241049,0.01132237,0.4739754,0.4739754,0.022871815
/home/share/Uni_Eval/HAM10000_clean/ISIC2018/ISIC_0032806.jpg,4,5,0.05206934,0.001781715,0.017715702,0.057186987,0.26442993,0.5959021,0.010914328
/home/share/Uni_Eval/HAM10000_clean/ISIC2018/ISIC_0033569.jpg,4,4,0.16214293,0.1186263,0.21818715,0.08281451,0.23591657,0.1523192,0.029993424
/home/share/Uni_Eval/HAM10000_clean/ISIC2018/ISIC_0032810.jpg,4,4,0.028465848,0.06828602,0.008284034,0.09480575,0.43837732,0.35224608,0.009534865
/home/share/Uni_Eval/HAM10000_clean/ISIC2018/ISIC_0032517.jpg,4,4,0.031792622,0.02185073,0.0016849472,0.23491748,0.5051519,0.19475342,0.0098488955
/home/share/Uni_Eval/HAM10000_clean/ISIC2018/ISIC_0034022.jpg,4,5,0.09887674,0.05129658,0.021720339,0.043876287,0.27730668,0.4943526,0.012570768
/home/share/Uni_Eval/HAM10000_clean/ISIC2018/ISIC_0033444.jpg,4,5,0.0007672149,0.0020855065,0.006732097,0.02277439,0.21948013,0.74249166,0.0056689936
/home/share/Uni_Eval/HAM10000_clean/ISIC2018/ISIC_0032695.jpg,4,4,0.08953103,0.008727337,0.032425992,0.0008915535,0.7496341,0.06448678,0.054303315
/home/share/Uni_Eval/HAM10000_clean/ISIC2018/ISIC_0026430.jpg,4,4,0.12010512,0.036062095,0.0069909566,0.1518271,0.6004878,0.062309716,0.022217214
/home/share/Uni_Eval/HAM10000_clean/ISIC2018/ISIC_0032968.jpg,4,4,0.077960275,0.06564913,0.026113423,0.34939373,0.39591494,0.06463134,0.020337153
/home/share/Uni_Eval/HAM10000_clean/ISIC2018/ISIC_0029265.jpg,4,4,0.13146235,0.12942423,0.029795147,0.291662,0.3409874,0.05743165,0.019237194
/home/share/Uni_Eval/HAM10000_clean/ISIC2018/ISIC_0034205.jpg,4,5,0.0036123875,0.0036123875,0.01451226,0.037058357,0.38017017,0.5531443,0.00789018
/home/share/Uni_Eval/HAM10000_clean/ISIC2018/ISIC_0033612.jpg,4,4,0.008642349,0.00280576,0.06904782,0.050516468,0.47185627,0.37326905,0.023862291
/home/share/Uni_Eval/HAM10000_clean/ISIC2018/ISIC_0033616.jpg,4,5,0.008056826,0.0005070704,0.024053238,0.0038657072,0.13841683,0.80907744,0.01602291
/home/share/Uni_Eval/HAM10000_clean/ISIC2018/ISIC_0029606.jpg,4,5,0.0054756533,0.0021110522,0.02737654,0.0050641512,0.27649328,0.6737179,0.009761406
/home/share/Uni_Eval/HAM10000_clean/ISIC2018/ISIC_0032597.jpg,4,4,0.039292183,0.006515282,0.029659292,0.041826308,0.5095488,0.35572237,0.0174358
/home/share/Uni_Eval/HAM10000_clean/ISIC2018/ISIC_0032982.jpg,4,5,0.010395415,0.023795344,0.015125239,0.11176124,0.28096774,0.55010813,0.00784687
/home/share/Uni_Eval/HAM10000_clean/ISIC2018/ISIC_0033226.jpg,4,5,0.013184329,0.0063259103,0.024631571,0.004556382,0.19679332,0.74269015,0.011818357
/home/share/Uni_Eval/HAM10000_clean/ISIC2018/ISIC_0033670.jpg,4,5,0.06808814,0.0013069262,0.022453085,0.014050782,0.30995527,0.570095,0.014050782
/home/share/Uni_Eval/HAM10000_clean/ISIC2018/ISIC_0034107.jpg,4,4,0.00768423,0.0043783416,0.009414915,0.040896524,0.610434,0.31668898,0.0105030965
/home/share/Uni_Eval/HAM10000_clean/ISIC2018/ISIC_0033055.jpg,4,4,0.020500256,0.010802874,0.016995307,0.16378626,0.4966757,0.2786098,0.0126298405
/home/share/Uni_Eval/HAM10000_clean/ISIC2018/ISIC_0033061.jpg,4,6,0.008407839,0.003560103,0.021470169,0.00070102577,0.15376331,0.19437502,0.6177226
/home/share/Uni_Eval/HAM10000_clean/ISIC2018/ISIC_0033696.jpg,4,4,0.017714463,0.07694812,0.0028918067,0.039920162,0.7076017,0.054564387,0.10035927
/home/share/Uni_Eval/HAM10000_clean/ISIC2018/ISIC_0027234.jpg,4,0,0.37376365,0.0050873077,0.0874003,0.0120146135,0.2451202,0.2692119,0.007401988
/home/share/Uni_Eval/HAM10000_clean/ISIC2018/ISIC_0032918.jpg,4,0,0.9536468,0.000374016,0.012385709,4.608782e-05,0.006326001,0.026220547,0.0010009188
/home/share/Uni_Eval/HAM10000_clean/ISIC2018/ISIC_0028520.jpg,4,5,0.008570691,0.0016357448,0.015519514,0.00087555114,0.4535467,0.49040094,0.029450865
/home/share/Uni_Eval/HAM10000_clean/ISIC2018/ISIC_0032807.jpg,4,5,0.04724883,0.043698024,0.021632088,0.008083321,0.40816757,0.4553438,0.015826374
/home/share/Uni_Eval/HAM10000_clean/ISIC2018/ISIC_0032645.jpg,4,5,0.053947367,0.07036063,0.052287582,0.0017341354,0.380366,0.42432895,0.016975295
/home/share/Uni_Eval/HAM10000_clean/ISIC2018/ISIC_0033807.jpg,4,4,0.04604274,0.012392236,0.025827637,0.3349379,0.37953436,0.17106955,0.030195568
/home/share/Uni_Eval/HAM10000_clean/ISIC2018/ISIC_0033454.jpg,4,5,0.22060095,0.0050284183,0.112671934,0.01524849,0.13804854,0.4894246,0.01897705
/home/share/Uni_Eval/HAM10000_clean/ISIC2018/ISIC_0032960.jpg,4,0,0.9821738,0.0022870626,0.0050740703,0.00012311865,0.0039516897,0.0043400824,0.0020501097
/home/share/Uni_Eval/HAM10000_clean/ISIC2018/ISIC_0033773.jpg,4,4,0.18873276,0.014105743,0.018687071,0.023622675,0.59049255,0.15403919,0.010319983
/home/share/Uni_Eval/HAM10000_clean/ISIC2018/ISIC_0033730.jpg,4,5,0.058812253,0.000643216,0.036803767,0.009600837,0.36594212,0.5160611,0.012136595
/home/share/Uni_Eval/HAM10000_clean/ISIC2018/ISIC_0033805.jpg,4,5,0.0008517478,0.004127452,0.0032144627,0.05107449,0.3330475,0.5937214,0.01396299
/home/share/Uni_Eval/HAM10000_clean/ISIC2018/ISIC_0027204.jpg,4,0,0.67638206,0.0056718094,0.01948964,0.052978337,0.13112263,0.100535214,0.013820224
/home/share/Uni_Eval/HAM10000_clean/ISIC2018/ISIC_0033178.jpg,4,5,0.0067009963,0.0034764314,0.011048075,0.0059136082,0.4413138,0.5000741,0.031473037
/home/share/Uni_Eval/HAM10000_clean/ISIC2018/ISIC_0033023.jpg,4,4,0.05258058,0.016545216,0.033948578,0.00599228,0.5924236,0.2712313,0.02727845
/home/share/Uni_Eval/HAM10000_clean/ISIC2018/ISIC_0027069.jpg,4,0,0.5191023,0.16334277,0.018042427,0.010606594,0.18509163,0.04465543,0.059158836
/home/share/Uni_Eval/HAM10000_clean/ISIC2018/ISIC_0026545.jpg,4,4,0.06771687,0.0052217646,0.0144177545,0.01558931,0.6130585,0.27204305,0.011952738
/home/share/Uni_Eval/HAM10000_clean/ISIC2018/ISIC_0026268.jpg,4,0,0.45709303,0.0091947885,0.04318581,0.004481183,0.16298155,0.3044896,0.018573985
/home/share/Uni_Eval/HAM10000_clean/ISIC2018/ISIC_0027282.jpg,4,4,0.15056936,0.14593682,0.0064120167,0.01295263,0.40294448,0.26016054,0.021024194
/home/share/Uni_Eval/HAM10000_clean/ISIC2018/ISIC_0028463.jpg,4,4,0.024606623,0.018866552,0.012966778,0.027882956,0.5869212,0.29512253,0.033633266
/home/share/Uni_Eval/HAM10000_clean/ISIC2018/ISIC_0024823.jpg,4,4,0.015152556,0.04118891,0.045949556,0.00027322603,0.5866446,0.117336296,0.19345486
/home/share/Uni_Eval/HAM10000_clean/ISIC2018/ISIC_0025512.jpg,4,5,0.059297245,0.01063141,0.020174872,0.009529934,0.43135777,0.44505054,0.023958253
/home/share/Uni_Eval/HAM10000_clean/ISIC2018/ISIC_0027622.jpg,4,4,0.0044698585,0.020032514,0.0125360275,0.004006755,0.76355237,0.17305453,0.022347886
/home/share/Uni_Eval/HAM10000_clean/ISIC2018/ISIC_0026167.jpg,4,0,0.7675497,0.0080101,0.032179456,0.0010183699,0.1272722,0.059187077,0.0047830488
/home/share/Uni_Eval/HAM10000_clean/ISIC2018/ISIC_0032134.jpg,4,4,0.048054203,0.008350569,0.02305666,0.004832938,0.7877688,0.10661291,0.021323925
/home/share/Uni_Eval/HAM10000_clean/ISIC2018/ISIC_0030756.jpg,4,4,0.031880576,0.008715664,0.030420657,0.002203665,0.61101526,0.30247447,0.013289801
/home/share/Uni_Eval/HAM10000_clean/ISIC2018/ISIC_0030034.jpg,4,3,0.0078231245,0.036173765,0.024476392,0.45467553,0.20493832,0.12430137,0.14761153
/home/share/Uni_Eval/HAM10000_clean/ISIC2018/ISIC_0025316.jpg,4,5,0.0055468986,0.0044570584,0.015556661,0.06863921,0.43381318,0.4546323,0.01735471
/home/share/Uni_Eval/HAM10000_clean/ISIC2018/ISIC_0028760.jpg,4,5,0.0014601948,0.0026030785,0.015455189,0.038854342,0.16877557,0.75639963,0.016451964
/home/share/Uni_Eval/HAM10000_clean/ISIC2018/ISIC_0028003.jpg,4,5,0.0013094526,0.0007345364,0.006054848,0.042690832,0.36879253,0.56234145,0.018076437
/home/share/Uni_Eval/HAM10000_clean/ISIC2018/ISIC_0025145.jpg,4,4,0.0029755642,0.0014276914,0.01608575,0.076740816,0.65266156,0.21861424,0.031494364
/home/share/Uni_Eval/HAM10000_clean/ISIC2018/ISIC_0029172.jpg,4,4,0.3259158,0.011327848,0.03127719,0.01572716,0.3751268,0.23474836,0.00587681
/home/share/Uni_Eval/HAM10000_clean/ISIC2018/ISIC_0028543.jpg,4,4,0.07167499,0.0035131637,0.11634,0.00036454396,0.60957795,0.18302849,0.015500804
/home/share/Uni_Eval/HAM10000_clean/ISIC2018/ISIC_0027130.jpg,4,4,0.009526132,0.026302492,0.005098971,0.006861415,0.7807763,0.16365962,0.007775002
/home/share/Uni_Eval/HAM10000_clean/ISIC2018/ISIC_0026094.jpg,4,4,0.14296599,0.08404536,0.017074853,0.041605473,0.4268176,0.2799138,0.0075769196
/home/share/Uni_Eval/HAM10000_clean/ISIC2018/ISIC_0024525.jpg,4,5,0.10880567,0.011468033,0.057336558,0.022105213,0.25696462,0.53556025,0.007759659
/home/share/Uni_Eval/HAM10000_clean/ISIC2018/ISIC_0026009.jpg,4,4,0.060586188,0.004457963,0.0155598195,0.0077026696,0.59307265,0.31252736,0.0060933135
/home/share/Uni_Eval/HAM10000_clean/ISIC2018/ISIC_0027030.jpg,4,4,0.12645353,0.013751185,0.006701792,0.027778156,0.5323893,0.28496745,0.007958575
/home/share/Uni_Eval/HAM10000_clean/ISIC2018/ISIC_0026796.jpg,4,0,0.3923791,0.022839202,0.008668783,0.17411718,0.27392477,0.11966886,0.008402074
/home/share/Uni_Eval/HAM10000_clean/ISIC2018/ISIC_0026604.jpg,4,0,0.634087,0.07003963,0.008496772,0.021697264,0.16541149,0.08581435,0.014453495
/home/share/Uni_Eval/HAM10000_clean/ISIC2018/ISIC_0024952.jpg,4,4,0.00654873,0.0027729066,0.0061519616,0.018366367,0.5625028,0.3926902,0.010967059
/home/share/Uni_Eval/HAM10000_clean/ISIC2018/ISIC_0032192.jpg,4,4,0.04140201,0.006653908,0.01621326,0.03432347,0.7690872,0.12168728,0.010632915
/home/share/Uni_Eval/HAM10000_clean/ISIC2018/ISIC_0024323.jpg,4,5,0.080213666,0.035594594,0.019052414,0.26715228,0.26715228,0.32224718,0.008587596
/home/share/Uni_Eval/HAM10000_clean/ISIC2018/ISIC_0027436.jpg,4,0,0.41277876,0.13826357,0.05763683,0.07061812,0.09502707,0.22094455,0.0047311196
/home/share/Uni_Eval/HAM10000_clean/ISIC2018/ISIC_0031915.jpg,4,5,0.06367713,0.006110909,0.010893873,0.021329166,0.26393437,0.62332964,0.0107249785
/home/share/Uni_Eval/HAM10000_clean/ISIC2018/ISIC_0026847.jpg,4,4,0.02773271,0.06057381,0.004972201,0.005813091,0.76136476,0.13025415,0.009289294
/home/share/Uni_Eval/HAM10000_clean/ISIC2018/ISIC_0029958.jpg,4,0,0.5930126,0.0023489434,0.031428516,0.012501401,0.132319,0.22159263,0.006796894
/home/share/Uni_Eval/HAM10000_clean/ISIC2018/ISIC_0031170.jpg,4,5,0.14933991,0.004303162,0.041470196,0.021514455,0.32618836,0.44584665,0.011337321
/home/share/Uni_Eval/HAM10000_clean/ISIC2018/ISIC_0024652.jpg,4,4,0.26387125,0.007255148,0.028694667,0.011236993,0.4853335,0.19305232,0.010556177
/home/share/Uni_Eval/HAM10000_clean/ISIC2018/ISIC_0030653.jpg,4,5,0.00428932,0.046840735,0.025466867,0.0052553853,0.2824858,0.62672216,0.00893971
/home/share/Uni_Eval/HAM10000_clean/ISIC2018/ISIC_0026652.jpg,4,4,0.08135946,0.011720942,0.011010806,0.23912877,0.39425668,0.2428945,0.019628884
/home/share/Uni_Eval/HAM10000_clean/ISIC2018/ISIC_0029885.jpg,4,3,0.004806239,0.006672802,0.0045150435,0.88772756,0.07062717,0.02120612,0.004445045
/home/share/Uni_Eval/HAM10000_clean/ISIC2018/ISIC_0025814.jpg,4,3,0.030587152,0.05804422,0.007152451,0.43564606,0.37849587,0.07001469,0.020059548
/home/share/Uni_Eval/HAM10000_clean/ISIC2018/ISIC_0031550.jpg,4,5,0.01684962,0.0026246645,0.0059147733,0.014869738,0.37755004,0.57569504,0.006496107
/home/share/Uni_Eval/HAM10000_clean/ISIC2018/ISIC_0029893.jpg,4,0,0.98216033,0.0010803171,0.0028021291,0.00042972044,0.00726817,0.0055726995,0.0006866913
/home/share/Uni_Eval/HAM10000_clean/ISIC2018/ISIC_0031417.jpg,4,5,0.0040183393,0.0009396421,0.02040681,0.057232317,0.40988177,0.5021976,0.005323435
/home/share/Uni_Eval/HAM10000_clean/ISIC2018/ISIC_0024647.jpg,4,0,0.64626306,0.018621776,0.03167671,0.04537479,0.191035,0.063988715,0.0030399216
/home/share/Uni_Eval/HAM10000_clean/ISIC2018/ISIC_0028567.jpg,4,5,0.0026478262,0.0074260132,0.0021275883,0.1236542,0.21365532,0.63785696,0.012632072
/home/share/Uni_Eval/HAM10000_clean/ISIC2018/ISIC_0031203.jpg,4,5,0.075530626,0.02232681,0.009453767,0.0070254426,0.42791015,0.44844598,0.009307199
/home/share/Uni_Eval/HAM10000_clean/ISIC2018/ISIC_0024679.jpg,4,0,0.4852682,0.0063025337,0.014884594,0.020665213,0.34952557,0.1152613,0.008092613
/home/share/Uni_Eval/HAM10000_clean/ISIC2018/ISIC_0026690.jpg,4,4,0.0310071,0.0022815184,0.022685278,0.010066532,0.54961395,0.3777438,0.0066017923
/home/share/Uni_Eval/HAM10000_clean/ISIC2018/ISIC_0032269.jpg,4,4,0.18945147,0.007119823,0.02408605,0.07079284,0.44048783,0.25098237,0.017079566
/home/share/Uni_Eval/HAM10000_clean/ISIC2018/ISIC_0028218.jpg,4,4,0.14249824,0.01928504,0.020528816,0.021852812,0.4123323,0.36961228,0.013890492
/home/share/Uni_Eval/HAM10000_clean/ISIC2018/ISIC_0025105.jpg,4,4,0.030217987,0.0059502744,0.0076403045,0.011469454,0.66659814,0.26933,0.008793935
/home/share/Uni_Eval/HAM10000_clean/ISIC2018/ISIC_0025766.jpg,4,4,0.01371264,0.22479592,0.009723717,0.016284162,0.5065854,0.21787968,0.011018415
/home/share/Uni_Eval/HAM10000_clean/ISIC2018/ISIC_0031410.jpg,4,4,0.009799389,0.0065278006,0.043917816,0.017744401,0.766393,0.09743593,0.058181655
/home/share/Uni_Eval/HAM10000_clean/ISIC2018/ISIC_0025573.jpg,4,4,0.017305808,0.0066719837,0.024789426,0.037213333,0.61965764,0.28369996,0.0106617985
/home/share/Uni_Eval/HAM10000_clean/ISIC2018/ISIC_0032149.jpg,4,0,0.56350505,0.046255313,0.009545323,0.016752565,0.23490386,0.114483,0.014554881
/home/share/Uni_Eval/HAM10000_clean/ISIC2018/ISIC_0026802.jpg,4,4,0.0117677925,0.0144182,0.016856585,0.011228906,0.7167602,0.21521042,0.013757943
/home/share/Uni_Eval/HAM10000_clean/ISIC2018/ISIC_0031900.jpg,4,4,0.17732707,0.009252288,0.010649319,0.10588683,0.5635443,0.12379425,0.0095459875
/home/share/Uni_Eval/HAM10000_clean/ISIC2018/ISIC_0031377.jpg,4,4,0.007338513,0.012679813,0.004181359,0.035010092,0.48329937,0.44697884,0.010511935
/home/share/Uni_Eval/HAM10000_clean/ISIC2018/ISIC_0031957.jpg,4,4,0.012531768,0.036832914,0.0073670465,0.06464378,0.70593053,0.1526682,0.02002571
/home/share/Uni_Eval/HAM10000_clean/ISIC2018/ISIC_0029021.jpg,4,5,0.044907432,0.0041122832,0.0113543775,0.095069036,0.25047356,0.58236843,0.011714803
/home/share/Uni_Eval/HAM10000_clean/ISIC2018/ISIC_0025616.jpg,4,4,0.083398335,0.0024030851,0.02352358,0.018901728,0.5353942,0.3298468,0.006532262
/home/share/Uni_Eval/HAM10000_clean/ISIC2018/ISIC_0028968.jpg,4,0,0.6228792,0.124583684,0.037995875,0.019105526,0.14339495,0.045121223,0.0069195637
/home/share/Uni_Eval/HAM10000_clean/ISIC2018/ISIC_0027797.jpg,4,5,0.002523425,0.0036146396,0.004095923,0.019848276,0.30566576,0.6572846,0.0069674
/home/share/Uni_Eval/HAM10000_clean/ISIC2018/ISIC_0029486.jpg,6,3,0.13661113,0.1956864,0.012315867,0.37719542,0.18383037,0.02566847,0.068692386
/home/share/Uni_Eval/HAM10000_clean/ISIC2018/ISIC_0026092.jpg,6,6,0.004647319,0.08499058,0.045492183,0.0049470454,0.0693673,0.044786893,0.7457687
/home/share/Uni_Eval/HAM10000_clean/ISIC2018/ISIC_0031217.jpg,6,3,0.000635878,0.0101034455,0.0033842304,0.71946037,0.08199239,0.09437266,0.09005103
/home/share/Uni_Eval/HAM10000_clean/ISIC2018/ISIC_0032240.jpg,6,3,0.002058537,0.078462474,0.0006895235,0.89795554,0.0062424364,0.0023693617,0.012222098
/home/share/Uni_Eval/HAM10000_clean/ISIC2018/ISIC_0025807.jpg,6,3,0.0064946623,0.019389482,0.032982618,0.6942664,0.0855504,0.044382963,0.11693353
/home/share/Uni_Eval/HAM10000_clean/ISIC2018/ISIC_0032745.jpg,6,6,0.027280983,0.122264884,0.1342817,0.015303245,0.16452539,0.109597534,0.42674637
/home/share/Uni_Eval/HAM10000_clean/ISIC2018/ISIC_0032557.jpg,6,6,0.026724273,0.07854701,0.10405787,0.022504095,0.15140331,0.1125134,0.50425005
/home/share/Uni_Eval/HAM10000_clean/ISIC2018/ISIC_0033230.jpg,6,1,0.029845001,0.51273924,0.0010702502,0.43176976,0.0134521965,0.0023013998,0.008822165
/home/share/Uni_Eval/HAM10000_clean/ISIC2018/ISIC_0033762.jpg,6,3,0.020816997,0.36326942,0.00212659,0.48883244,0.097772636,0.0050223344,0.022159576
/home/share/Uni_Eval/HAM10000_clean/ISIC2018/ISIC_0031090.jpg,6,4,0.018956685,0.02181901,0.008544447,0.062156577,0.57158124,0.059310224,0.25763187
/home/share/Uni_Eval/HAM10000_clean/ISIC2018/ISIC_0030606.jpg,6,6,0.013348219,0.008096104,0.07215978,0.19011573,0.049594652,0.29445702,0.3722285
/home/share/Uni_Eval/HAM10000_clean/ISIC2018/ISIC_0031346.jpg,6,0,0.69953185,0.023936663,0.05653084,0.031710926,0.034287687,0.06506659,0.08893549
/home/share/Uni_Eval/HAM10000_clean/ISIC2018/ISIC_0031996.jpg,6,6,0.0012035882,0.0037656948,0.027824929,8.3195024e-05,0.057093043,0.07105344,0.83897614
/home/share/Uni_Eval/HAM10000_clean/ISIC2018/ISIC_0029439.jpg,6,6,0.0005850802,0.0074698017,0.007951563,0.00859769,0.082857184,0.28030226,0.61223644
/home/share/Uni_Eval/HAM10000_clean/ISIC2018/ISIC_0025707.jpg,6,6,0.002180545,0.024955016,0.132814,0.028277734,0.08710156,0.26829168,0.45637953
/home/share/Uni_Eval/HAM10000_clean/ISIC2018/ISIC_0027522.jpg,6,6,0.010933591,0.029259805,0.023510914,0.051352557,0.11754718,0.3096956,0.45770037
/home/share/Uni_Eval/HAM10000_clean/ISIC2018/ISIC_0028406.jpg,6,6,0.009666616,0.04332277,0.037639476,0.22699508,0.08889254,0.14204988,0.4514336
/home/share/Uni_Eval/HAM10000_clean/ISIC2018/ISIC_0025250.jpg,6,6,0.009158752,0.26765797,0.076685295,0.0010938569,0.03147158,0.08163107,0.5323014
/home/share/Uni_Eval/HAM10000_clean/ISIC2018/ISIC_0027665.jpg,6,6,0.00086949614,0.15324435,0.04060571,0.012003024,0.026217015,0.14172783,0.62533253
/home/share/Uni_Eval/HAM10000_clean/ISIC2018/ISIC_0026467.jpg,6,6,0.001874937,0.23069008,0.054793693,0.0601791,0.038252164,0.24556832,0.36864167
/home/share/Uni_Eval/HAM10000_clean/ISIC2018/ISIC_0025680.jpg,6,5,0.0010505845,0.0068506715,0.025453335,0.023175523,0.13759942,0.5527864,0.25308406
/home/share/Uni_Eval/HAM10000_clean/ISIC2018/ISIC_0025718.jpg,1,0,0.5458315,0.41201523,0.007089114,0.012441782,0.0170059,0.0025675069,0.00304899
/home/share/Uni_Eval/HAM10000_clean/ISIC2018/ISIC_0028807.jpg,1,1,0.3131706,0.5850797,0.030527353,0.050331093,0.009165973,0.007963536,0.0037617078
/home/share/Uni_Eval/HAM10000_clean/ISIC2018/ISIC_0024590.jpg,1,1,0.03214466,0.92484045,0.0042164614,0.0019917153,0.02972895,0.0050860234,0.0019917153
/home/share/Uni_Eval/HAM10000_clean/ISIC2018/ISIC_0025731.jpg,1,0,0.6421604,0.32289854,0.003068191,0.012326028,0.011761578,0.0021419423,0.0056432667
/home/share/Uni_Eval/HAM10000_clean/ISIC2018/ISIC_0027858.jpg,1,0,0.8607266,0.047064874,0.0075640134,0.0028709755,0.05417134,0.0016104714,0.025991691
/home/share/Uni_Eval/HAM10000_clean/ISIC2018/ISIC_0026643.jpg,1,0,0.89573467,0.07352638,0.008249431,0.009644562,0.005082327,0.0011340204,0.0066286037
/home/share/Uni_Eval/HAM10000_clean/ISIC2018/ISIC_0032139.jpg,1,0,0.8581902,0.04013809,0.009533633,0.014765977,0.03327564,0.023595965,0.02050053
/home/share/Uni_Eval/HAM10000_clean/ISIC2018/ISIC_0027744.jpg,1,1,0.32030925,0.637011,0.006443275,0.00061834225,0.014073405,0.0045689656,0.016975768
/home/share/Uni_Eval/HAM10000_clean/ISIC2018/ISIC_0031640.jpg,1,1,0.040268447,0.74803007,0.07641608,0.0071078027,0.032866146,0.03390943,0.061402045
/home/share/Uni_Eval/HAM10000_clean/ISIC2018/ISIC_0030659.jpg,1,0,0.3515321,0.20345119,0.019221917,0.15599144,0.20990941,0.04006191,0.019832086
/home/share/Uni_Eval/HAM10000_clean/ISIC2018/ISIC_0025513.jpg,1,4,0.12589651,0.13827027,0.026804913,0.23520565,0.31159684,0.12989289,0.0323329
/home/share/Uni_Eval/HAM10000_clean/ISIC2018/ISIC_0027478.jpg,1,1,0.39178163,0.5881338,0.0055018226,0.004088608,0.00717573,0.0018143087,0.0015041146
/home/share/Uni_Eval/HAM10000_clean/ISIC2018/ISIC_0024573.jpg,1,0,0.9046107,0.08956859,0.00200999,8.0409714e-05,0.00177381,0.0007749201,0.0011816121
/home/share/Uni_Eval/HAM10000_clean/ISIC2018/ISIC_0024572.jpg,1,1,0.223918,0.6279935,0.030304004,0.026328575,0.031758323,0.028916284,0.030781223
/home/share/Uni_Eval/HAM10000_clean/ISIC2018/ISIC_0026439.jpg,1,1,0.12048201,0.36535716,0.062505245,0.021601234,0.101456024,0.020936634,0.3076616
/home/share/Uni_Eval/HAM10000_clean/ISIC2018/ISIC_0026453.jpg,1,1,0.091135606,0.66296595,0.021646604,0.005222487,0.08833166,0.077952415,0.052745245
/home/share/Uni_Eval/HAM10000_clean/ISIC2018/ISIC_0033575.jpg,1,0,0.73640084,0.1981996,0.009126202,0.008053845,0.03338226,0.005711031,0.009126202
/home/share/Uni_Eval/HAM10000_clean/ISIC2018/ISIC_0032894.jpg,1,0,0.56275725,0.27858502,0.01097202,0.009096123,0.097792536,0.01097202,0.029825041
/home/share/Uni_Eval/HAM10000_clean/ISIC2018/ISIC_0034255.jpg,1,4,0.0015407626,0.14535114,0.00191751,0.12432541,0.34327346,0.32755384,0.056037854
/home/share/Uni_Eval/HAM10000_clean/ISIC2018/ISIC_0027544.jpg,1,0,0.6133702,0.34948778,0.022693846,0.0011657255,0.007601486,0.0028404677,0.0028404677
/home/share/Uni_Eval/HAM10000_clean/ISIC2018/ISIC_0033354.jpg,1,1,0.017089672,0.67206115,0.005999039,0.04364001,0.2114734,0.0252569,0.024479825
/home/share/Uni_Eval/HAM10000_clean/ISIC2018/ISIC_0032857.jpg,1,1,0.005468406,0.8775309,0.0021751816,0.018790701,0.07911181,0.009448558,0.007474425
/home/share/Uni_Eval/HAM10000_clean/ISIC2018/ISIC_0027786.jpg,1,1,0.13668159,0.8242955,0.019385573,0.005217556,0.0036424412,0.002175001,0.008602296
/home/share/Uni_Eval/HAM10000_clean/ISIC2018/ISIC_0034095.jpg,1,1,0.003210728,0.7496622,0.0034178023,0.07901382,0.0719429,0.07539552,0.017357033
/home/share/Uni_Eval/HAM10000_clean/ISIC2018/ISIC_0033551.jpg,1,1,0.13148679,0.47350213,0.02113185,0.03826484,0.04268751,0.25344744,0.039479494
/home/share/Uni_Eval/HAM10000_clean/ISIC2018/ISIC_0032536.jpg,1,1,0.0065005296,0.81241286,0.010068218,0.04373434,0.09404362,0.010551401,0.022689078
/home/share/Uni_Eval/HAM10000_clean/ISIC2018/ISIC_0033468.jpg,1,4,0.006175999,0.13412815,0.011538286,0.14731096,0.54732656,0.08393525,0.069584765
/home/share/Uni_Eval/HAM10000_clean/ISIC2018/ISIC_0034015.jpg,1,0,0.9391745,0.028360613,0.0027645456,0.0026794893,0.020427382,0.005246186,0.0013473319
/home/share/Uni_Eval/HAM10000_clean/ISIC2018/ISIC_0033372.jpg,1,1,0.040961236,0.8099732,0.012689198,0.018462677,0.06859716,0.029967884,0.019348718
/home/share/Uni_Eval/HAM10000_clean/ISIC2018/ISIC_0029546.jpg,1,1,0.18236251,0.7677748,0.011299365,0.006642554,0.02247147,0.004356293,0.0050930227
/home/share/Uni_Eval/HAM10000_clean/ISIC2018/ISIC_0031643.jpg,1,4,0.039218474,0.4086659,0.0050645885,0.036271155,0.48530272,0.012340641,0.013136543
/home/share/Uni_Eval/HAM10000_clean/ISIC2018/ISIC_0026192.jpg,1,1,0.0047010654,0.9243023,0.002596175,0.0015746598,0.0341979,0.018593073,0.014034788
/home/share/Uni_Eval/HAM10000_clean/ISIC2018/ISIC_0024331.jpg,1,1,0.12842363,0.79907864,0.013965422,0.0146356365,0.021970693,0.015824895,0.0061010406
/home/share/Uni_Eval/HAM10000_clean/ISIC2018/ISIC_0031384.jpg,1,1,0.21825199,0.631533,0.010207781,0.011566931,0.08818177,0.03453248,0.005726046
/home/share/Uni_Eval/HAM10000_clean/ISIC2018/ISIC_0024595.jpg,1,1,0.043049257,0.73958933,0.008610395,0.0032174692,0.1650247,0.034591056,0.005917832
/home/share/Uni_Eval/HAM10000_clean/ISIC2018/ISIC_0024665.jpg,1,5,0.0109518375,0.07843398,0.021780329,0.029770182,0.35151672,0.45846424,0.04908273
/home/share/Uni_Eval/HAM10000_clean/ISIC2018/ISIC_0029129.jpg,1,4,0.1711486,0.3350927,0.016424634,0.058230374,0.35117412,0.038188417,0.029741166
/home/share/Uni_Eval/HAM10000_clean/ISIC2018/ISIC_0025433.jpg,1,1,0.018938348,0.6887917,0.005425928,0.06307433,0.1536902,0.061133735,0.008945842
/home/share/Uni_Eval/HAM10000_clean/ISIC2018/ISIC_0026968.jpg,1,4,0.14283367,0.27105066,0.0028732128,0.049362,0.4908094,0.026011946,0.01705905
/home/share/Uni_Eval/HAM10000_clean/ISIC2018/ISIC_0026156.jpg,1,1,0.16756184,0.7869994,0.009906861,0.0022806888,0.02064767,0.004129794,0.008473787
/home/share/Uni_Eval/HAM10000_clean/ISIC2018/ISIC_0031597.jpg,1,4,0.232371,0.052665476,0.05606211,0.25922856,0.26745737,0.068688735,0.0635267
/home/share/Uni_Eval/HAM10000_clean/ISIC2018/ISIC_0026798.jpg,1,1,0.007767283,0.58877575,0.013212594,0.30545285,0.019526947,0.05225682,0.013007751
/home/share/Uni_Eval/HAM10000_clean/ISIC2018/ISIC_0027915.jpg,1,4,0.020448063,0.06600716,0.0098110875,0.099088475,0.6666486,0.09603985,0.0419567
/home/share/Uni_Eval/HAM10000_clean/ISIC2018/ISIC_0027189.jpg,1,1,0.2695,0.5114211,0.0140615385,0.0834872,0.10888783,0.0056813755,0.0069609666
/home/share/Uni_Eval/HAM10000_clean/ISIC2018/ISIC_0025266.jpg,1,1,0.06738478,0.5218051,0.017855188,0.037213407,0.28816813,0.05674367,0.010829719
/home/share/Uni_Eval/HAM10000_clean/ISIC2018/ISIC_0032307.jpg,1,1,0.17111468,0.6259115,0.022445362,0.005675076,0.07022532,0.07712743,0.027500633
/home/share/Uni_Eval/HAM10000_clean/ISIC2018/ISIC_0026845.jpg,1,4,0.11100725,0.23135899,0.012071479,0.06130403,0.52958596,0.021858625,0.03281368
/home/share/Uni_Eval/HAM10000_clean/ISIC2018/ISIC_0024448.jpg,1,1,0.05289557,0.8671349,0.0049200547,0.00823954,0.047415286,0.0125637995,0.00683082
/home/share/Uni_Eval/HAM10000_clean/ISIC2018/ISIC_0031258.jpg,1,1,0.009984655,0.871137,0.0031912872,0.008540328,0.053139698,0.04138524,0.012621785
/home/share/Uni_Eval/HAM10000_clean/ISIC2018/ISIC_0030197.jpg,1,1,0.018491883,0.566347,0.007589054,0.16741185,0.18970248,0.044359725,0.0060979766
/home/share/Uni_Eval/HAM10000_clean/ISIC2018/ISIC_0028989.jpg,1,4,0.02110808,0.12930265,0.009970751,0.16345388,0.5114019,0.15842493,0.006337795
/home/share/Uni_Eval/HAM10000_clean/ISIC2018/ISIC_0031728.jpg,1,5,0.03626886,0.027808297,0.03407144,0.05277088,0.31331512,0.5247041,0.011061377
/home/share/Uni_Eval/HAM10000_clean/ISIC2018/ISIC_0029082.jpg,1,1,0.06525432,0.8730932,0.003148866,0.029875606,0.017562961,0.0057916506,0.0052733575
/home/share/Uni_Eval/HAM10000_clean/ISIC2018/ISIC_0025601.jpg,1,1,0.1562739,0.38078514,0.17433614,0.0026471545,0.14008303,0.105740204,0.040134456
/home/share/Uni_Eval/HAM10000_clean/ISIC2018/ISIC_0025362.jpg,1,0,0.7669635,0.127175,0.018037252,0.0035517458,0.023160292,0.033175588,0.027936643
/home/share/Uni_Eval/HAM10000_clean/ISIC2018/ISIC_0027093.jpg,1,1,0.1681684,0.6446553,0.044560187,0.0056651914,0.0315979,0.07010301,0.035250008
/home/share/Uni_Eval/HAM10000_clean/ISIC2018/ISIC_0032246.jpg,1,0,0.49153885,0.18950512,0.03293105,0.1386449,0.11140431,0.03191787,0.0040579014
/home/share/Uni_Eval/HAM10000_clean/ISIC2018/ISIC_0027229.jpg,1,4,0.018420467,0.13610984,0.02087312,0.0002668916,0.6595695,0.1319222,0.03283803
/home/share/Uni_Eval/HAM10000_clean/ISIC2018/ISIC_0027004.jpg,1,4,0.035329297,0.32999834,0.05824817,0.0022235112,0.40432242,0.14193052,0.027947776
/home/share/Uni_Eval/HAM10000_clean/ISIC2018/ISIC_0031171.jpg,1,3,0.0068298555,0.32908088,0.011085951,0.44980022,0.13505451,0.024982575,0.04316602
/home/share/Uni_Eval/HAM10000_clean/ISIC2018/ISIC_0025530.jpg,1,4,0.11641231,0.20114242,0.0037420676,0.31644145,0.33685017,0.017852405,0.0075591845
/home/share/Uni_Eval/HAM10000_clean/ISIC2018/ISIC_0024345.jpg,1,3,0.18780212,0.17099576,0.02350619,0.51049906,0.06490266,0.011636408,0.03065785
/home/share/Uni_Eval/HAM10000_clean/ISIC2018/ISIC_0024550.jpg,1,0,0.9226519,0.048140656,0.004548293,0.017165078,0.0057495814,0.00069750333,0.0010470765
/home/share/Uni_Eval/HAM10000_clean/ISIC2018/ISIC_0024833.jpg,1,1,0.2791303,0.3065647,0.006462743,0.08251077,0.266348,0.04348012,0.015503313
/home/share/Uni_Eval/HAM10000_clean/ISIC2018/ISIC_0030915.jpg,1,0,0.34898108,0.15485942,0.0324603,0.103158616,0.25934073,0.08962576,0.0115740765
/home/share/Uni_Eval/HAM10000_clean/ISIC2018/ISIC_0029745.jpg,1,1,0.27216575,0.5328746,0.0033729444,0.0010613442,0.09704368,0.08431301,0.009168614
/home/share/Uni_Eval/HAM10000_clean/ISIC2018/ISIC_0029680.jpg,1,1,0.15268579,0.4630139,0.011411619,0.15753256,0.17850776,0.01971751,0.01713087
/home/share/Uni_Eval/HAM10000_clean/ISIC2018/ISIC_0031298.jpg,1,1,0.39642957,0.5768016,0.007260861,0.0020162682,0.01314772,0.0033766136,0.00096741604
/home/share/Uni_Eval/HAM10000_clean/ISIC2018/ISIC_0027595.jpg,1,1,0.11133166,0.8098821,0.0058088847,0.030915685,0.0226184,0.014154232,0.00528905
/home/share/Uni_Eval/HAM10000_clean/ISIC2018/ISIC_0026154.jpg,1,1,0.34262756,0.5390288,0.0041155354,0.0100281285,0.08799404,0.009420556,0.0067853713
/home/share/Uni_Eval/HAM10000_clean/ISIC2018/ISIC_0029501.jpg,1,0,0.66414374,0.18442604,0.013783863,0.007263585,0.106737606,0.020371228,0.0032739544
/home/share/Uni_Eval/HAM10000_clean/ISIC2018/ISIC_0027920.jpg,1,1,0.15951739,0.7149073,0.025636777,0.0031590709,0.044993944,0.03848536,0.013300184
/home/share/Uni_Eval/HAM10000_clean/ISIC2018/ISIC_0027788.jpg,1,1,0.046268288,0.52130324,0.0074359905,0.087801784,0.27044854,0.054093115,0.012649047
/home/share/Uni_Eval/HAM10000_clean/ISIC2018/ISIC_0031263.jpg,1,1,0.048032816,0.642672,0.007599895,0.22210151,0.058851037,0.016861103,0.0038816466
/home/share/Uni_Eval/HAM10000_clean/ISIC2018/ISIC_0024931.jpg,1,1,0.10295398,0.531077,0.036709376,0.09521688,0.096716315,0.12226088,0.015065497
/home/share/Uni_Eval/HAM10000_clean/ISIC2018/ISIC_0031971.jpg,1,1,0.009537088,0.42498893,0.0091003515,0.1296143,0.18566391,0.0919103,0.14918515
/home/share/Uni_Eval/HAM10000_clean/ISIC2018/ISIC_0028978.jpg,1,3,0.17219482,0.16430944,0.012869711,0.5558517,0.055903476,0.021552708,0.017318089
/home/share/Uni_Eval/HAM10000_clean/ISIC2018/ISIC_0028502.jpg,5,5,0.0014512902,0.00019950377,0.010232593,0.00991777,0.03054888,0.9211086,0.026541326
/home/share/Uni_Eval/HAM10000_clean/ISIC2018/ISIC_0028239.jpg,5,5,0.004543333,0.00020920008,0.0076086507,0.009035497,0.0898405,0.8794405,0.0093223145
/home/share/Uni_Eval/HAM10000_clean/ISIC2018/ISIC_0029624.jpg,5,5,0.022755528,0.0025530993,0.016910473,0.015158449,0.18757582,0.7418767,0.013169889
/home/share/Uni_Eval/HAM10000_clean/ISIC2018/ISIC_0029961.jpg,5,5,0.002033821,0.0005826995,0.021865638,0.005113026,0.049274977,0.91533613,0.005793817
/home/share/Uni_Eval/HAM10000_clean/ISIC2018/ISIC_0026583.jpg,5,5,0.0022750222,0.009882247,0.021924721,0.030918812,0.055986736,0.86220217,0.016810266
/home/share/Uni_Eval/HAM10000_clean/ISIC2018/ISIC_0025457.jpg,5,5,0.05326626,0.0021985613,0.066290945,0.24248219,0.17465335,0.41897163,0.042137086
/home/share/Uni_Eval/HAM10000_clean/ISIC2018/ISIC_0028455.jpg,5,5,0.010400228,0.00032402895,0.033051852,0.0030266384,0.02783245,0.90739477,0.017969979
/home/share/Uni_Eval/HAM10000_clean/ISIC2018/ISIC_0025723.jpg,5,5,0.009391248,0.0066593927,0.010476694,0.010476694,0.31099543,0.6381212,0.013879365
/home/share/Uni_Eval/HAM10000_clean/ISIC2018/ISIC_0024872.jpg,5,5,0.008030902,0.07501378,0.0377193,0.044792775,0.07501378,0.7343031,0.02512647
/home/share/Uni_Eval/HAM10000_clean/ISIC2018/ISIC_0025143.jpg,5,5,0.0013482335,0.0012469123,0.0102784075,0.028379587,0.046790037,0.89676625,0.0151905
/home/share/Uni_Eval/HAM10000_clean/ISIC2018/ISIC_0031926.jpg,5,5,0.024688771,0.0049380646,0.011303342,0.008803052,0.3627988,0.5707627,0.016705258
/home/share/Uni_Eval/HAM10000_clean/ISIC2018/ISIC_0028164.jpg,5,5,0.1343192,0.0007863086,0.032406017,0.0027019372,0.12422496,0.69287115,0.012690378
/home/share/Uni_Eval/HAM10000_clean/ISIC2018/ISIC_0032317.jpg,5,5,0.039824404,0.0027961119,0.037411563,0.015841052,0.029594984,0.8514833,0.023048596
/home/share/Uni_Eval/HAM10000_clean/ISIC2018/ISIC_0025053.jpg,5,5,0.012939608,0.000908503,0.021333806,0.0023935866,0.01687643,0.9359321,0.0096159
/home/share/Uni_Eval/HAM10000_clean/ISIC2018/ISIC_0024357.jpg,5,5,0.10800251,0.0032613934,0.036746006,0.023725005,0.025255134,0.77348363,0.029526243
/home/share/Uni_Eval/HAM10000_clean/ISIC2018/ISIC_0028889.jpg,5,5,0.011660167,0.00052857446,0.0048606806,0.025468145,0.10556254,0.84338915,0.00853076
/home/share/Uni_Eval/HAM10000_clean/ISIC2018/ISIC_0028302.jpg,5,5,0.02279339,0.06195886,0.0049294163,0.15097219,0.14632726,0.5971066,0.01591235
/home/share/Uni_Eval/HAM10000_clean/ISIC2018/ISIC_0026172.jpg,5,5,0.00032192835,0.0145715885,0.0012535113,0.09803491,0.15665935,0.7131549,0.01600376
/home/share/Uni_Eval/HAM10000_clean/ISIC2018/ISIC_0031604.jpg,5,5,0.005595457,0.00035770558,0.033744927,0.0008716042,0.04007309,0.9120593,0.0072978516
/home/share/Uni_Eval/HAM10000_clean/ISIC2018/ISIC_0027808.jpg,5,5,0.003022023,0.00024806277,0.016083622,0.034049034,0.030521352,0.9060111,0.010064875
/home/share/Uni_Eval/HAM10000_clean/ISIC2018/ISIC_0025416.jpg,5,5,0.0040033595,0.0016429751,0.010882258,0.045816015,0.062623076,0.86448485,0.010547446
/home/share/Uni_Eval/HAM10000_clean/ISIC2018/ISIC_0027339.jpg,5,5,0.02572203,0.0011126258,0.029146878,0.048055075,0.24026029,0.64296985,0.012733327
/home/share/Uni_Eval/HAM10000_clean/ISIC2018/ISIC_0031997.jpg,5,5,0.0008917998,0.0018586705,0.013950096,0.005725108,0.10802487,0.8630619,0.0064873975
/home/share/Uni_Eval/HAM10000_clean/ISIC2018/ISIC_0030669.jpg,5,5,0.0014130013,0.0012086041,0.0070645628,0.04260476,0.0670267,0.8692154,0.011466916
/home/share/Uni_Eval/HAM10000_clean/ISIC2018/ISIC_0025364.jpg,5,5,0.0026621537,0.0018584828,0.0023493427,0.27154708,0.20497447,0.5073167,0.00929183
/home/share/Uni_Eval/HAM10000_clean/ISIC2018/ISIC_0026234.jpg,5,5,0.004882549,0.0011779699,0.011176268,0.106037475,0.07174854,0.7958554,0.0091218045
/home/share/Uni_Eval/HAM10000_clean/ISIC2018/ISIC_0024365.jpg,5,5,0.17500344,0.0022376599,0.17229025,0.0094209,0.03844315,0.5475373,0.05506728
/home/share/Uni_Eval/HAM10000_clean/ISIC2018/ISIC_0029293.jpg,5,5,0.017267684,0.00073534664,0.037716087,0.003453754,0.1515191,0.75754786,0.03176013
/home/share/Uni_Eval/HAM10000_clean/ISIC2018/ISIC_0027717.jpg,5,5,0.0083924355,0.056462727,0.05917243,0.035333473,0.1558986,0.66669375,0.018046573
/home/share/Uni_Eval/HAM10000_clean/ISIC2018/ISIC_0027732.jpg,5,5,0.0028180196,0.005692557,0.002862397,0.1357798,0.11796753,0.7226387,0.01224092
/home/share/Uni_Eval/HAM10000_clean/ISIC2018/ISIC_0028395.jpg,5,5,0.22438501,0.005530279,0.071717754,0.11282787,0.105991974,0.43251342,0.047033653
/home/share/Uni_Eval/HAM10000_clean/ISIC2018/ISIC_0027426.jpg,5,5,0.0038517104,0.0001381234,0.015233809,0.0077806693,0.028908692,0.9278706,0.016216306
/home/share/Uni_Eval/HAM10000_clean/ISIC2018/ISIC_0027195.jpg,5,5,0.0039756666,0.00012194532,0.030786226,0.003400568,0.044793695,0.91387373,0.0030482493
/home/share/Uni_Eval/HAM10000_clean/ISIC2018/ISIC_0026098.jpg,5,5,0.008301117,0.0005828299,0.032322552,0.010997194,0.12198403,0.80796206,0.017850207
/home/share/Uni_Eval/HAM10000_clean/ISIC2018/ISIC_0029336.jpg,5,5,0.1450443,0.027253017,0.092195764,0.0062740007,0.101257235,0.59187126,0.036104377
/home/share/Uni_Eval/HAM10000_clean/ISIC2018/ISIC_0032100.jpg,5,5,0.013050537,0.0004904555,0.019287445,0.0077928314,0.08120317,0.85948145,0.01869403
/home/share/Uni_Eval/HAM10000_clean/ISIC2018/ISIC_0031453.jpg,5,5,0.0015748168,0.00053580437,0.0028074144,0.0070578386,0.073544376,0.910063,0.0044166828
/home/share/Uni_Eval/HAM10000_clean/ISIC2018/ISIC_0026242.jpg,5,5,0.0017556011,0.00549279,0.006421722,0.03695446,0.11382775,0.8280399,0.0075077536
/home/share/Uni_Eval/HAM10000_clean/ISIC2018/ISIC_0028282.jpg,5,5,0.0068284883,0.032071836,0.013162254,0.22262268,0.10034389,0.5957691,0.029201737
/home/share/Uni_Eval/HAM10000_clean/ISIC2018/ISIC_0028639.jpg,5,0,0.54214275,0.11724659,0.045202587,0.023450794,0.06892571,0.13079803,0.07223353
/home/share/Uni_Eval/HAM10000_clean/ISIC2018/ISIC_0028136.jpg,5,5,0.0071370276,0.0004422174,0.005558322,0.03681559,0.085598804,0.8511142,0.013333722
/home/share/Uni_Eval/HAM10000_clean/ISIC2018/ISIC_0026283.jpg,5,5,0.027475217,0.00095495547,0.019482847,0.31938887,0.043224588,0.56937224,0.0201013
/home/share/Uni_Eval/HAM10000_clean/ISIC2018/ISIC_0027416.jpg,5,5,0.023008928,0.008870732,0.116848975,0.039139505,0.06254475,0.6830085,0.06657854
/home/share/Uni_Eval/HAM10000_clean/ISIC2018/ISIC_0025930.jpg,5,5,0.007135698,0.011950047,0.048763648,0.010711952,0.06068734,0.81198764,0.048763648
/home/share/Uni_Eval/HAM10000_clean/ISIC2018/ISIC_0029815.jpg,5,5,0.007235643,0.013947068,0.013308384,0.12626645,0.05181964,0.7734757,0.013947068
/home/share/Uni_Eval/HAM10000_clean/ISIC2018/ISIC_0032011.jpg,5,5,0.0015607688,0.0002887132,0.012086069,0.005620544,0.02403602,0.9452302,0.011177787
/home/share/Uni_Eval/HAM10000_clean/ISIC2018/ISIC_0030540.jpg,5,5,0.072777785,0.005272005,0.045543175,0.0016850341,0.06422617,0.79475653,0.0157393
/home/share/Uni_Eval/HAM10000_clean/ISIC2018/ISIC_0025366.jpg,2,5,0.0059973486,0.015555938,0.03045705,0.043627705,0.18083182,0.7152037,0.008326494
/home/share/Uni_Eval/HAM10000_clean/ISIC2018/ISIC_0031229.jpg,5,5,0.018659158,0.0028171113,0.008813961,0.16372891,0.07152786,0.7224058,0.012047257
/home/share/Uni_Eval/HAM10000_clean/ISIC2018/ISIC_0031777.jpg,5,5,0.0021884434,0.0020239796,0.005948806,0.021422474,0.06102695,0.8967845,0.010604893
/home/share/Uni_Eval/HAM10000_clean/ISIC2018/ISIC_0025558.jpg,5,5,0.004049312,0.002271458,0.010022144,0.04421977,0.107748196,0.7961575,0.035531584
/home/share/Uni_Eval/HAM10000_clean/ISIC2018/ISIC_0028007.jpg,5,5,0.0011416585,0.0004910212,0.0026544358,0.18320525,0.0787956,0.7245908,0.009121252
/home/share/Uni_Eval/HAM10000_clean/ISIC2018/ISIC_0028768.jpg,5,5,0.0012907059,0.0010700327,0.013876394,0.1744153,0.037135158,0.7458796,0.026332771
/home/share/Uni_Eval/HAM10000_clean/ISIC2018/ISIC_0028137.jpg,5,5,0.0026662974,0.00064327416,0.0030213108,0.014640853,0.08294608,0.8917544,0.004327828
/home/share/Uni_Eval/HAM10000_clean/ISIC2018/ISIC_0025255.jpg,5,5,0.012660272,0.00040065445,0.014801359,0.029899566,0.044188693,0.8875537,0.010495734
/home/share/Uni_Eval/HAM10000_clean/ISIC2018/ISIC_0032453.jpg,5,5,0.01595739,0.00094345846,0.017801756,0.020489696,0.097750865,0.8313468,0.015709994
/home/share/Uni_Eval/HAM10000_clean/ISIC2018/ISIC_0028546.jpg,5,5,0.001410739,0.0012645784,0.005493078,0.032613907,0.016919872,0.9383413,0.003956516
/home/share/Uni_Eval/HAM10000_clean/ISIC2018/ISIC_0031174.jpg,5,5,0.005200479,0.00013224166,0.012671758,0.0038047514,0.026826112,0.945653,0.0057116086
/home/share/Uni_Eval/HAM10000_clean/ISIC2018/ISIC_0026836.jpg,5,5,0.049902204,0.0006184371,0.013222768,0.017517323,0.015702426,0.8984672,0.004569666
/home/share/Uni_Eval/HAM10000_clean/ISIC2018/ISIC_0026613.jpg,5,3,0.0014138058,0.045378353,0.0014138058,0.5442508,0.058266956,0.324987,0.024289282
/home/share/Uni_Eval/HAM10000_clean/ISIC2018/ISIC_0027843.jpg,5,5,0.0006605546,0.0007485066,0.0028693187,0.31646085,0.10600112,0.5554061,0.017853502
/home/share/Uni_Eval/HAM10000_clean/ISIC2018/ISIC_0030797.jpg,5,5,0.011703789,0.006880303,0.02807593,0.012075307,0.28355685,0.6390052,0.0187026
/home/share/Uni_Eval/HAM10000_clean/ISIC2018/ISIC_0027939.jpg,5,5,0.036375914,0.0016234149,0.029689156,0.016395908,0.07463853,0.8150764,0.026200589
/home/share/Uni_Eval/HAM10000_clean/ISIC2018/ISIC_0031947.jpg,5,5,0.0040234816,0.00038612177,0.003779711,0.025829637,0.06293783,0.8964097,0.006633599
/home/share/Uni_Eval/HAM10000_clean/ISIC2018/ISIC_0029675.jpg,5,5,0.0005727272,0.002863456,0.0017098476,0.06316682,0.02435298,0.8996711,0.0076630055
/home/share/Uni_Eval/HAM10000_clean/ISIC2018/ISIC_0032426.jpg,5,5,0.0021265103,0.00028779183,0.0039728438,0.0045018224,0.025906198,0.9570515,0.006153261
/home/share/Uni_Eval/HAM10000_clean/ISIC2018/ISIC_0031571.jpg,5,5,0.060969602,0.0011342827,0.012386726,0.15327758,0.13110526,0.6254682,0.015658291
/home/share/Uni_Eval/HAM10000_clean/ISIC2018/ISIC_0030120.jpg,5,5,0.042326123,0.07545448,0.15005915,0.04038787,0.023374707,0.6028416,0.06555598
/home/share/Uni_Eval/HAM10000_clean/ISIC2018/ISIC_0025878.jpg,5,5,0.004134549,0.17307988,0.025327183,0.07328663,0.07561301,0.60410815,0.04445059
/home/share/Uni_Eval/HAM10000_clean/ISIC2018/ISIC_0025613.jpg,5,5,0.0072554275,0.008094014,0.017404865,0.43506688,0.029147664,0.4853522,0.017678954
/home/share/Uni_Eval/HAM10000_clean/ISIC2018/ISIC_0027085.jpg,5,5,0.022446413,0.0007329013,0.043947935,0.01775657,0.01721026,0.8827179,0.015188
/home/share/Uni_Eval/HAM10000_clean/ISIC2018/ISIC_0028933.jpg,5,5,0.0012517056,0.0009748293,0.022187011,0.034905065,0.01324847,0.91438985,0.01304307
/home/share/Uni_Eval/HAM10000_clean/ISIC2018/ISIC_0027356.jpg,5,5,0.06283338,0.00089627004,0.037519526,0.007742591,0.023479119,0.8539404,0.013588672
/home/share/Uni_Eval/HAM10000_clean/ISIC2018/ISIC_0030836.jpg,5,0,0.3058684,0.014305655,0.057470966,0.27849633,0.042708796,0.26574305,0.035406835
/home/share/Uni_Eval/HAM10000_clean/ISIC2018/ISIC_0030204.jpg,5,5,0.07022589,0.0014348956,0.08604255,0.0026807375,0.0102763185,0.8163491,0.012990484
/home/share/Uni_Eval/HAM10000_clean/ISIC2018/ISIC_0028242.jpg,5,5,0.0018052288,0.00041558727,0.014649956,0.045125037,0.035143416,0.89230883,0.010551967
/home/share/Uni_Eval/HAM10000_clean/ISIC2018/ISIC_0024856.jpg,5,5,0.009087337,0.08621826,0.016714172,0.34099984,0.04268113,0.45886543,0.04543383
/home/share/Uni_Eval/HAM10000_clean/ISIC2018/ISIC_0028775.jpg,5,0,0.6520188,0.0061955005,0.07787254,0.007130977,0.016069906,0.19273637,0.04797588
/home/share/Uni_Eval/HAM10000_clean/ISIC2018/ISIC_0025910.jpg,5,5,0.093451664,0.013254263,0.024378322,0.21728164,0.096418135,0.5051949,0.05002107
/home/share/Uni_Eval/HAM10000_clean/ISIC2018/ISIC_0031392.jpg,5,5,0.007696007,0.0024985275,0.009577835,0.0121075185,0.085366316,0.8757464,0.007007294
/home/share/Uni_Eval/HAM10000_clean/ISIC2018/ISIC_0031909.jpg,5,5,0.0021121486,0.0014977376,0.0025878586,0.088418454,0.17043103,0.72884107,0.0061117047
/home/share/Uni_Eval/HAM10000_clean/ISIC2018/ISIC_0029274.jpg,5,5,0.0059071924,0.029076222,0.08028202,0.004458983,0.04793858,0.78587335,0.04646367
/home/share/Uni_Eval/HAM10000_clean/ISIC2018/ISIC_0029972.jpg,5,5,0.0015643341,0.0010920813,0.0020086449,0.08540975,0.055144683,0.84923446,0.0055460464
/home/share/Uni_Eval/HAM10000_clean/ISIC2018/ISIC_0027373.jpg,5,5,0.0023537653,0.000349856,0.011953408,0.007364281,0.05111824,0.9203614,0.006498955
/home/share/Uni_Eval/HAM10000_clean/ISIC2018/ISIC_0024556.jpg,5,5,0.018902434,0.034227885,0.0062333606,0.06597597,0.09750617,0.75505507,0.022099184
/home/share/Uni_Eval/HAM10000_clean/ISIC2018/ISIC_0027157.jpg,5,5,0.018506346,0.0031660625,0.008341464,0.026926573,0.104845576,0.8246744,0.013539531
/home/share/Uni_Eval/HAM10000_clean/ISIC2018/ISIC_0032288.jpg,5,5,0.04517394,0.0015948351,0.016618565,0.061745454,0.19931675,0.6535345,0.022016019
/home/share/Uni_Eval/HAM10000_clean/ISIC2018/ISIC_0024534.jpg,5,5,0.0060695,0.00024281054,0.010820054,0.010006914,0.03603628,0.9293879,0.007436507
/home/share/Uni_Eval/HAM10000_clean/ISIC2018/ISIC_0031313.jpg,5,5,0.0071208747,0.0037524374,0.03849509,0.009582185,0.09234491,0.8230612,0.025643257
/home/share/Uni_Eval/HAM10000_clean/ISIC2018/ISIC_0028813.jpg,5,5,0.07863562,0.0008600194,0.042753447,0.016742488,0.068319805,0.7818788,0.010809763
/home/share/Uni_Eval/HAM10000_clean/ISIC2018/ISIC_0027482.jpg,5,5,0.0049360897,0.00013785518,0.038825355,0.0014591054,0.030713381,0.9117114,0.01221694
/home/share/Uni_Eval/HAM10000_clean/ISIC2018/ISIC_0026689.jpg,5,5,0.003306088,0.0058937385,0.017595453,0.003926076,0.2211609,0.7365783,0.01153938
/home/share/Uni_Eval/HAM10000_clean/ISIC2018/ISIC_0032419.jpg,5,5,0.00024519948,0.0005525655,0.002326388,0.053782158,0.05131929,0.8816691,0.01010537
/home/share/Uni_Eval/HAM10000_clean/ISIC2018/ISIC_0028985.jpg,5,5,0.00048113614,0.00078096107,0.007181584,0.01982899,0.03704543,0.9260192,0.008662644
/home/share/Uni_Eval/HAM10000_clean/ISIC2018/ISIC_0029335.jpg,5,5,0.023093,0.04451292,0.018555747,0.0927729,0.0528604,0.74120665,0.026998451
/home/share/Uni_Eval/HAM10000_clean/ISIC2018/ISIC_0030351.jpg,5,5,0.0007084767,0.0017811102,0.0029365541,0.03868152,0.06788818,0.88038725,0.007616842
/home/share/Uni_Eval/HAM10000_clean/ISIC2018/ISIC_0026994.jpg,5,5,0.0143019585,0.0019055515,0.04405313,0.23082192,0.0703967,0.6177114,0.020809226
/home/share/Uni_Eval/HAM10000_clean/ISIC2018/ISIC_0029111.jpg,5,5,0.019313551,0.00066087337,0.03840958,0.016011495,0.05168574,0.8606448,0.013273996
/home/share/Uni_Eval/HAM10000_clean/ISIC2018/ISIC_0031114.jpg,5,3,0.023041576,0.011768485,0.009756418,0.38367668,0.1702555,0.37772834,0.023772994
/home/share/Uni_Eval/HAM10000_clean/ISIC2018/ISIC_0025146.jpg,5,5,0.00043448588,0.0005578909,0.0035259794,0.10631519,0.09680108,0.7855689,0.0067965025
/home/share/Uni_Eval/HAM10000_clean/ISIC2018/ISIC_0027600.jpg,5,5,0.0010421368,0.0032605578,0.0039329836,0.20812695,0.08541514,0.68242204,0.015800212
/home/share/Uni_Eval/HAM10000_clean/ISIC2018/ISIC_0024804.jpg,5,5,0.00062756636,0.0045652315,0.008138405,0.07601793,0.09460583,0.7921249,0.023920102
/home/share/Uni_Eval/HAM10000_clean/ISIC2018/ISIC_0032266.jpg,5,5,0.0039191586,0.0025702468,0.007794177,0.09348041,0.062271383,0.8202646,0.00970001
/home/share/Uni_Eval/HAM10000_clean/ISIC2018/ISIC_0026415.jpg,5,5,0.0011375343,0.024704563,0.015703175,0.054809466,0.06407876,0.8181028,0.021463694
/home/share/Uni_Eval/HAM10000_clean/ISIC2018/ISIC_0030524.jpg,5,2,0.009192406,0.0026751426,0.51782,0.00028639814,0.0056632767,0.43604818,0.028314605
/home/share/Uni_Eval/HAM10000_clean/ISIC2018/ISIC_0030679.jpg,5,5,0.009961948,0.0015277141,0.020123687,0.021421554,0.0808441,0.85568094,0.010440031
/home/share/Uni_Eval/HAM10000_clean/ISIC2018/ISIC_0026740.jpg,5,5,0.00028200707,0.00024887035,0.00205146,0.06482406,0.031102924,0.8948685,0.006622194
/home/share/Uni_Eval/HAM10000_clean/ISIC2018/ISIC_0028712.jpg,5,5,0.0016480038,0.0005520121,0.003488824,0.02967158,0.07343787,0.88078606,0.010415704
/home/share/Uni_Eval/HAM10000_clean/ISIC2018/ISIC_0024379.jpg,5,5,0.01021345,0.00020545165,0.03245828,0.04577351,0.08962017,0.8113548,0.010374288
/home/share/Uni_Eval/HAM10000_clean/ISIC2018/ISIC_0030237.jpg,5,5,0.0031786917,0.00045793396,0.009342695,0.017454451,0.081979536,0.88136315,0.0062235766
/home/share/Uni_Eval/HAM10000_clean/ISIC2018/ISIC_0028177.jpg,5,5,0.015783587,0.0031079727,0.006278278,0.06856078,0.1497505,0.74870545,0.0078134425
/home/share/Uni_Eval/HAM10000_clean/ISIC2018/ISIC_0024661.jpg,5,5,0.029018272,0.0019441029,0.026011812,0.028125474,0.19220273,0.7141198,0.0085777845
/home/share/Uni_Eval/HAM10000_clean/ISIC2018/ISIC_0025474.jpg,5,5,0.013369876,0.0029369718,0.016127149,0.30429694,0.09280533,0.5510106,0.019453056
/home/share/Uni_Eval/HAM10000_clean/ISIC2018/ISIC_0025397.jpg,5,5,0.0026608703,0.0011807542,0.01174031,0.01966132,0.0814939,0.876142,0.0071208584
/home/share/Uni_Eval/HAM10000_clean/ISIC2018/ISIC_0024641.jpg,5,5,0.007035337,0.009033552,0.013350724,0.050385106,0.14809006,0.75206345,0.02004181
/home/share/Uni_Eval/HAM10000_clean/ISIC2018/ISIC_0026267.jpg,5,5,0.007022369,0.008739479,0.047989182,0.044382736,0.15735047,0.7163011,0.01821464
/home/share/Uni_Eval/HAM10000_clean/ISIC2018/ISIC_0030407.jpg,5,5,0.0015768658,0.0026823392,0.014054453,0.1510996,0.15589602,0.6666827,0.008007986
/home/share/Uni_Eval/HAM10000_clean/ISIC2018/ISIC_0030490.jpg,5,5,0.00412117,0.0022059034,0.011378916,0.0937974,0.22855164,0.651083,0.008861909
/home/share/Uni_Eval/HAM10000_clean/ISIC2018/ISIC_0029150.jpg,5,0,0.62039775,0.029473329,0.15686111,0.031868268,0.019633468,0.13004243,0.01172368
/home/share/Uni_Eval/HAM10000_clean/ISIC2018/ISIC_0030711.jpg,5,5,0.0020682,0.0006820199,0.020245418,0.013698736,0.03609136,0.91637766,0.010836591
/home/share/Uni_Eval/HAM10000_clean/ISIC2018/ISIC_0027541.jpg,5,5,0.0004039379,0.00089617545,0.004920971,0.0035444424,0.073451914,0.9089189,0.007863689
/home/share/Uni_Eval/HAM10000_clean/ISIC2018/ISIC_0027557.jpg,5,5,0.0008756601,0.02599353,0.008179227,0.015521445,0.12995946,0.808635,0.010835716
/home/share/Uni_Eval/HAM10000_clean/ISIC2018/ISIC_0027892.jpg,5,5,0.1473544,0.024054945,0.02993686,0.0718148,0.18920681,0.5143174,0.02331485
/home/share/Uni_Eval/HAM10000_clean/ISIC2018/ISIC_0028786.jpg,5,5,0.08472925,0.0022229515,0.030211141,0.034233708,0.19700138,0.6359283,0.015673334
/home/share/Uni_Eval/HAM10000_clean/ISIC2018/ISIC_0031097.jpg,5,5,0.0027848878,0.0011251965,0.015777465,0.019031255,0.12028124,0.83491725,0.006082754
/home/share/Uni_Eval/HAM10000_clean/ISIC2018/ISIC_0024392.jpg,5,5,0.0020112968,0.0011460024,0.0074728746,0.013531626,0.07786913,0.8911651,0.0068041286
/home/share/Uni_Eval/HAM10000_clean/ISIC2018/ISIC_0029004.jpg,5,5,0.002765211,0.0008173948,0.007172412,0.071315736,0.10874351,0.8035119,0.0056738453
/home/share/Uni_Eval/HAM10000_clean/ISIC2018/ISIC_0025109.jpg,5,3,0.0055884914,0.037598316,0.027507517,0.4875824,0.04752872,0.20325457,0.19094
/home/share/Uni_Eval/HAM10000_clean/ISIC2018/ISIC_0029508.jpg,5,5,0.013799534,0.0024357624,0.004844092,0.044545442,0.26447847,0.6648988,0.00499786
/home/share/Uni_Eval/HAM10000_clean/ISIC2018/ISIC_0030484.jpg,5,5,0.003427948,0.02132941,0.0340843,0.05446656,0.1171215,0.7518876,0.017682703
/home/share/Uni_Eval/HAM10000_clean/ISIC2018/ISIC_0026515.jpg,5,5,0.08864248,0.004482748,0.028331839,0.27733782,0.14614676,0.41633335,0.03872503
/home/share/Uni_Eval/HAM10000_clean/ISIC2018/ISIC_0029706.jpg,5,5,0.024894599,0.011759375,0.041690607,0.010707034,0.12253551,0.7744482,0.013964604
/home/share/Uni_Eval/HAM10000_clean/ISIC2018/ISIC_0030414.jpg,5,5,0.01758486,0.010665757,0.007216812,0.085213795,0.37015185,0.482769,0.026398003
/home/share/Uni_Eval/HAM10000_clean/ISIC2018/ISIC_0028021.jpg,5,5,0.22558896,0.014197836,0.0335308,0.19295645,0.19599508,0.31319922,0.02453166
/home/share/Uni_Eval/HAM10000_clean/ISIC2018/ISIC_0025944.jpg,5,5,0.0027914904,0.007588058,0.021281233,0.06555081,0.115045264,0.7740029,0.013740197
/home/share/Uni_Eval/HAM10000_clean/ISIC2018/ISIC_0026628.jpg,5,5,0.0024324516,0.0010299649,0.005744682,0.06889954,0.15049043,0.76425356,0.007149372
/home/share/Uni_Eval/HAM10000_clean/ISIC2018/ISIC_0027438.jpg,5,5,0.0037228786,0.035321686,0.08606666,0.25694758,0.044650793,0.5272222,0.04606816
/home/share/Uni_Eval/HAM10000_clean/ISIC2018/ISIC_0024656.jpg,5,5,0.06131795,0.0047283326,0.093498714,0.02327367,0.02477469,0.7828551,0.009551494
/home/share/Uni_Eval/HAM10000_clean/ISIC2018/ISIC_0029456.jpg,5,5,0.0036341234,0.0010575901,0.005807312,0.051760007,0.040310737,0.8892406,0.008189623
/home/share/Uni_Eval/HAM10000_clean/ISIC2018/ISIC_0030692.jpg,5,5,0.003968745,0.014977888,0.043339957,0.14892608,0.11418558,0.6270022,0.047599632
/home/share/Uni_Eval/HAM10000_clean/ISIC2018/ISIC_0028908.jpg,5,5,0.04367008,0.00033342518,0.024496697,0.024496697,0.11327157,0.78626055,0.0074710697
/home/share/Uni_Eval/HAM10000_clean/ISIC2018/ISIC_0024395.jpg,5,5,0.030751523,0.021468023,0.018362574,0.33581638,0.1399891,0.39879182,0.054820515
/home/share/Uni_Eval/HAM10000_clean/ISIC2018/ISIC_0026791.jpg,5,5,0.028910011,0.0021272134,0.0081544425,0.05660305,0.17434968,0.7226593,0.00719627
/home/share/Uni_Eval/HAM10000_clean/ISIC2018/ISIC_0024736.jpg,5,5,0.005503115,0.0007218516,0.016429266,0.07248932,0.06497901,0.82959634,0.010281173
/home/share/Uni_Eval/HAM10000_clean/ISIC2018/ISIC_0030775.jpg,5,5,0.0007245274,0.0009749582,0.0031472035,0.15164076,0.114464454,0.72343755,0.0056104967
/home/share/Uni_Eval/HAM10000_clean/ISIC2018/ISIC_0028318.jpg,5,5,0.00038659578,0.00011076155,0.0029015627,0.008137633,0.055610634,0.9260002,0.006852574
/home/share/Uni_Eval/HAM10000_clean/ISIC2018/ISIC_0027901.jpg,5,5,0.052586105,0.017891522,0.028147316,0.13639799,0.18643394,0.5394645,0.03907868
/home/share/Uni_Eval/HAM10000_clean/ISIC2018/ISIC_0030866.jpg,5,5,0.0006854956,0.00056829577,0.004332466,0.013344933,0.041752603,0.93555206,0.0037641113
/home/share/Uni_Eval/HAM10000_clean/ISIC2018/ISIC_0027477.jpg,5,5,0.0072178496,0.010835275,0.026401797,0.2316684,0.22454071,0.46798304,0.031352907
/home/share/Uni_Eval/HAM10000_clean/ISIC2018/ISIC_0027637.jpg,5,3,0.023366349,0.05605295,0.0048978524,0.6315466,0.03047546,0.23970807,0.013952683
/home/share/Uni_Eval/HAM10000_clean/ISIC2018/ISIC_0029264.jpg,5,5,0.0006388375,0.00041895988,0.007426241,0.0023005423,0.049962357,0.92810494,0.011148108
/home/share/Uni_Eval/HAM10000_clean/ISIC2018/ISIC_0027617.jpg,5,5,0.015796801,0.0015159731,0.014383151,0.014383151,0.05869224,0.8898541,0.005374591
/home/share/Uni_Eval/HAM10000_clean/ISIC2018/ISIC_0029711.jpg,5,5,0.0012217883,0.0010128982,0.0031690781,0.050353378,0.09555392,0.838459,0.010229909
/home/share/Uni_Eval/HAM10000_clean/ISIC2018/ISIC_0024977.jpg,5,5,0.003781415,0.0020240457,0.0036650728,0.07135006,0.10381373,0.8038987,0.011466999
/home/share/Uni_Eval/HAM10000_clean/ISIC2018/ISIC_0031785.jpg,5,5,0.0010009337,0.004021111,0.005850682,0.06290076,0.10868277,0.80306304,0.014480577
/home/share/Uni_Eval/HAM10000_clean/ISIC2018/ISIC_0025976.jpg,5,5,0.00020918752,0.0003671355,0.0059252675,0.020044921,0.09866455,0.86575395,0.009034954
/home/share/Uni_Eval/HAM10000_clean/ISIC2018/ISIC_0030578.jpg,5,0,0.32530862,0.13143657,0.19123907,0.13350639,0.057420384,0.1356088,0.025480142
/home/share/Uni_Eval/HAM10000_clean/ISIC2018/ISIC_0028552.jpg,5,5,0.3032788,0.00086526247,0.04507837,0.01607319,0.12446538,0.50002223,0.01021674
/home/share/Uni_Eval/HAM10000_clean/ISIC2018/ISIC_0026945.jpg,5,5,0.018370615,0.0028172252,0.01571322,0.021144446,0.2964867,0.62766236,0.01780541
/home/share/Uni_Eval/HAM10000_clean/ISIC2018/ISIC_0029387.jpg,5,5,0.0010218404,0.0022319048,0.0077901133,0.16143544,0.09055708,0.7235035,0.013460107
/home/share/Uni_Eval/HAM10000_clean/ISIC2018/ISIC_0024321.jpg,5,3,0.013133797,0.09260229,0.015842384,0.6133519,0.03570136,0.21196876,0.017399454
/home/share/Uni_Eval/HAM10000_clean/ISIC2018/ISIC_0027807.jpg,5,5,0.0016145139,0.000298655,0.015080596,0.005211715,0.06449153,0.90429795,0.009005035
/home/share/Uni_Eval/HAM10000_clean/ISIC2018/ISIC_0025714.jpg,5,5,0.02241799,0.0045544915,0.011813451,0.18479347,0.11034522,0.65514976,0.010925656
/home/share/Uni_Eval/HAM10000_clean/ISIC2018/ISIC_0028612.jpg,5,5,0.0011220248,0.00043257908,0.00518819,0.04276671,0.06941722,0.87251943,0.00855388
/home/share/Uni_Eval/HAM10000_clean/ISIC2018/ISIC_0029795.jpg,5,5,0.033896375,0.00051468925,0.028101083,0.005709081,0.07758957,0.84730273,0.0068864664
/home/share/Uni_Eval/HAM10000_clean/ISIC2018/ISIC_0030562.jpg,5,5,0.0011169738,0.0022918812,0.008125425,0.01774756,0.13113773,0.8288159,0.01076444
/home/share/Uni_Eval/HAM10000_clean/ISIC2018/ISIC_0032198.jpg,5,5,0.035559047,0.24300198,0.18058376,0.09368562,0.02642524,0.3822958,0.038448498
/home/share/Uni_Eval/HAM10000_clean/ISIC2018/ISIC_0030643.jpg,5,5,0.0025073884,0.062676825,0.038614072,0.1189397,0.06366383,0.68445075,0.02914743
/home/share/Uni_Eval/HAM10000_clean/ISIC2018/ISIC_0027353.jpg,5,5,0.1111641,0.002455935,0.035530183,0.055030223,0.2044621,0.56453794,0.026819589
/home/share/Uni_Eval/HAM10000_clean/ISIC2018/ISIC_0026701.jpg,5,5,0.037977874,0.0005857447,0.018508937,0.019397201,0.051909596,0.86437243,0.007248204
/home/share/Uni_Eval/HAM10000_clean/ISIC2018/ISIC_0028616.jpg,5,5,0.12350691,0.002563304,0.020161951,0.29168433,0.10899448,0.43787003,0.015219038
/home/share/Uni_Eval/HAM10000_clean/ISIC2018/ISIC_0026708.jpg,5,5,0.004746731,0.0023868063,0.017636245,0.05024099,0.14090434,0.773717,0.0103678135
/home/share/Uni_Eval/HAM10000_clean/ISIC2018/ISIC_0024820.jpg,5,5,0.0047280584,0.0011586605,0.011702058,0.046282534,0.048503682,0.8732874,0.01433766
/home/share/Uni_Eval/HAM10000_clean/ISIC2018/ISIC_0031275.jpg,5,3,0.0067122765,0.005309848,0.0014516317,0.93583405,0.013772698,0.031526018,0.005393466
/home/share/Uni_Eval/HAM10000_clean/ISIC2018/ISIC_0031343.jpg,5,5,0.045438807,0.0016811728,0.019542988,0.03222094,0.2036426,0.6782335,0.019240003
/home/share/Uni_Eval/HAM10000_clean/ISIC2018/ISIC_0029423.jpg,5,5,0.0006775978,0.0029433507,0.0026384026,0.038169954,0.36214647,0.57870835,0.014715829
/home/share/Uni_Eval/HAM10000_clean/ISIC2018/ISIC_0031296.jpg,5,3,0.0009360687,0.0025845685,0.0034779166,0.5494586,0.043036927,0.3896245,0.010881438
/home/share/Uni_Eval/HAM10000_clean/ISIC2018/ISIC_0025137.jpg,5,5,0.0006907048,0.0008868825,0.019872408,0.017813513,0.032764062,0.91365886,0.014313559
/home/share/Uni_Eval/HAM10000_clean/ISIC2018/ISIC_0025890.jpg,5,5,0.03210315,0.008914722,0.07348484,0.08070731,0.04252976,0.7421706,0.020089637
/home/share/Uni_Eval/HAM10000_clean/ISIC2018/ISIC_0027232.jpg,5,5,0.019027954,0.0056246524,0.11839591,0.27961373,0.20779128,0.3479849,0.021561496
/home/share/Uni_Eval/HAM10000_clean/ISIC2018/ISIC_0027259.jpg,5,5,0.0004200961,0.011354376,0.0049603595,0.24276727,0.15921067,0.5556998,0.025587484
/home/share/Uni_Eval/HAM10000_clean/ISIC2018/ISIC_0029556.jpg,5,5,0.012749679,0.0019552265,0.012357413,0.011251553,0.12287052,0.8266498,0.01216583
/home/share/Uni_Eval/HAM10000_clean/ISIC2018/ISIC_0030613.jpg,5,5,0.0022249352,0.0019330574,0.0134180775,0.07843167,0.03321006,0.8564988,0.014283469
/home/share/Uni_Eval/HAM10000_clean/ISIC2018/ISIC_0025698.jpg,5,5,0.0018597426,0.0015178777,0.025672955,0.026487904,0.076645285,0.8501715,0.017644746
/home/share/Uni_Eval/HAM10000_clean/ISIC2018/ISIC_0031230.jpg,5,5,0.010995221,0.001022715,0.045573927,0.0055287452,0.26638985,0.6593212,0.011168371
/home/share/Uni_Eval/HAM10000_clean/ISIC2018/ISIC_0026300.jpg,5,5,0.007852041,0.000998275,0.0053966236,0.2155674,0.10671359,0.6537,0.009772023
/home/share/Uni_Eval/HAM10000_clean/ISIC2018/ISIC_0027474.jpg,5,5,0.0057219453,0.0053752703,0.03789935,0.027727757,0.18654713,0.69310665,0.043621883
/home/share/Uni_Eval/HAM10000_clean/ISIC2018/ISIC_0031635.jpg,5,5,0.0020741709,0.0017466269,0.026070686,0.024491142,0.26745102,0.6516851,0.026481237
/home/share/Uni_Eval/HAM10000_clean/ISIC2018/ISIC_0026972.jpg,5,5,0.004213512,0.00037985956,0.020418093,0.023871167,0.03697239,0.90986514,0.004279865
/home/share/Uni_Eval/HAM10000_clean/ISIC2018/ISIC_0024568.jpg,5,5,0.00022775095,0.0004529369,0.002731559,0.009534078,0.1236398,0.8582303,0.005183588
/home/share/Uni_Eval/HAM10000_clean/ISIC2018/ISIC_0030863.jpg,5,5,0.0020710775,0.00091903517,0.0025774979,0.12614651,0.098243006,0.76076084,0.009281926
/home/share/Uni_Eval/HAM10000_clean/ISIC2018/ISIC_0027682.jpg,5,5,0.0003741932,0.0034952052,0.0020870822,0.094468564,0.13531996,0.7547541,0.009500952
/home/share/Uni_Eval/HAM10000_clean/ISIC2018/ISIC_0030975.jpg,5,5,0.00547159,0.025698798,0.005824477,0.09698626,0.07320906,0.77486914,0.017940652
/home/share/Uni_Eval/HAM10000_clean/ISIC2018/ISIC_0031763.jpg,5,3,0.0007780905,0.00075415114,0.0015234271,0.82702714,0.017434701,0.14371575,0.008766718
/home/share/Uni_Eval/HAM10000_clean/ISIC2018/ISIC_0031030.jpg,5,5,0.010075609,0.05037488,0.07103997,0.3336584,0.05037488,0.4217837,0.06269255
/home/share/Uni_Eval/HAM10000_clean/ISIC2018/ISIC_0031954.jpg,5,5,0.0014923686,0.0015886183,0.011200849,0.026869437,0.1498657,0.7976058,0.011377236
/home/share/Uni_Eval/HAM10000_clean/ISIC2018/ISIC_0028595.jpg,5,5,0.014781836,0.0010707927,0.1297065,0.015982976,0.08244646,0.73483735,0.021174004
/home/share/Uni_Eval/HAM10000_clean/ISIC2018/ISIC_0026413.jpg,5,5,0.0018029438,0.0008126505,0.0052991468,0.12250732,0.0984374,0.76226616,0.008874401
/home/share/Uni_Eval/HAM10000_clean/ISIC2018/ISIC_0028157.jpg,5,5,0.005264264,0.00047458787,0.014087902,0.17162578,0.1944775,0.6084662,0.00560378
/home/share/Uni_Eval/HAM10000_clean/ISIC2018/ISIC_0024311.jpg,5,5,0.0025135886,0.0005027494,0.027881451,0.0069402414,0.029219506,0.9233068,0.009635571
/home/share/Uni_Eval/HAM10000_clean/ISIC2018/ISIC_0026838.jpg,5,5,0.00031550697,0.00058030616,0.002901348,0.0042214366,0.10388666,0.88353026,0.0045644613
/home/share/Uni_Eval/HAM10000_clean/ISIC2018/ISIC_0029016.jpg,5,5,0.00018304015,0.00021736555,0.0036194616,0.0052662855,0.03952567,0.94277275,0.0084155
/home/share/Uni_Eval/HAM10000_clean/ISIC2018/ISIC_0028322.jpg,5,5,0.0016897822,0.036129143,0.01482737,0.20151216,0.07073742,0.6607329,0.014371179
/home/share/Uni_Eval/HAM10000_clean/ISIC2018/ISIC_0026695.jpg,5,5,0.0010843015,0.00084445486,0.010614129,0.05828303,0.070302755,0.84318465,0.015686665
/home/share/Uni_Eval/HAM10000_clean/ISIC2018/ISIC_0029225.jpg,5,5,0.0010669755,0.017766738,0.009217262,0.24145983,0.05917227,0.6563558,0.014961094
/home/share/Uni_Eval/HAM10000_clean/ISIC2018/ISIC_0026184.jpg,5,3,0.0055684806,0.053664256,0.010733526,0.68513924,0.055367745,0.17595832,0.013568447
/home/share/Uni_Eval/HAM10000_clean/ISIC2018/ISIC_0029903.jpg,5,5,0.0011996292,0.01735512,0.008197977,0.31739193,0.07193497,0.5570402,0.026880132
/home/share/Uni_Eval/HAM10000_clean/ISIC2018/ISIC_0024874.jpg,5,5,0.014233038,0.034143284,0.03207465,0.098796874,0.08450544,0.6857862,0.050460503
/home/share/Uni_Eval/HAM10000_clean/ISIC2018/ISIC_0030769.jpg,5,5,0.012663648,0.0006711488,0.007680891,0.019922717,0.08257737,0.86047584,0.016008351
/home/share/Uni_Eval/HAM10000_clean/ISIC2018/ISIC_0029816.jpg,5,5,0.00047479325,0.0039753956,0.0028633699,0.029837,0.13372014,0.8191352,0.009994142
/home/share/Uni_Eval/HAM10000_clean/ISIC2018/ISIC_0028896.jpg,5,3,0.054492056,0.011070734,0.017416708,0.4933308,0.07107104,0.3185183,0.03410026
/home/share/Uni_Eval/HAM10000_clean/ISIC2018/ISIC_0025560.jpg,5,5,0.0021615375,0.006254616,0.048433647,0.030309,0.1539218,0.7458837,0.013035739
/home/share/Uni_Eval/HAM10000_clean/ISIC2018/ISIC_0030612.jpg,5,5,0.0045171576,0.0019428051,0.026403802,0.09215832,0.10774399,0.75966907,0.007564815
/home/share/Uni_Eval/HAM10000_clean/ISIC2018/ISIC_0027885.jpg,5,5,0.004980708,0.00081307825,0.029113352,0.0052197366,0.086916424,0.8642153,0.008741414
/home/share/Uni_Eval/HAM10000_clean/ISIC2018/ISIC_0028997.jpg,5,5,0.020436354,0.09903175,0.073594145,0.3147222,0.034224454,0.41047513,0.047515947
/home/share/Uni_Eval/HAM10000_clean/ISIC2018/ISIC_0031505.jpg,5,5,0.17960504,0.0024067087,0.2003639,0.0075299256,0.033746783,0.5446455,0.03170217
/home/share/Uni_Eval/HAM10000_clean/ISIC2018/ISIC_0024625.jpg,5,5,0.0008059437,0.0005989265,0.010130074,0.0085303765,0.06109216,0.91188014,0.0069622905
/home/share/Uni_Eval/HAM10000_clean/ISIC2018/ISIC_0024601.jpg,5,5,0.0026889164,0.023594491,0.018375408,0.04692325,0.10090084,0.7936466,0.013870486
/home/share/Uni_Eval/HAM10000_clean/ISIC2018/ISIC_0027696.jpg,5,5,0.0013352191,0.005199021,0.0064702863,0.1495821,0.12208535,0.69166064,0.023667324
/home/share/Uni_Eval/HAM10000_clean/ISIC2018/ISIC_0025059.jpg,5,5,0.004790798,0.0062483787,0.02756914,0.031731885,0.14221244,0.76879317,0.018654212
/home/share/Uni_Eval/HAM10000_clean/ISIC2018/ISIC_0032106.jpg,5,5,0.0076368437,0.0031835097,0.004283881,0.07133302,0.16075145,0.7433071,0.009504205
/home/share/Uni_Eval/HAM10000_clean/ISIC2018/ISIC_0030368.jpg,5,3,0.0031655258,0.0035313992,0.010877476,0.5938901,0.034568544,0.21509273,0.1388743
/home/share/Uni_Eval/HAM10000_clean/ISIC2018/ISIC_0029090.jpg,5,3,0.042259086,0.06859327,0.015305227,0.5480242,0.047143415,0.1984812,0.080193646
/home/share/Uni_Eval/HAM10000_clean/ISIC2018/ISIC_0032137.jpg,5,5,0.022474911,0.0010511656,0.011479061,0.044696696,0.1089103,0.8047443,0.0066435705
/home/share/Uni_Eval/HAM10000_clean/ISIC2018/ISIC_0030701.jpg,5,5,0.010073497,0.00051745016,0.009172024,0.108300306,0.072143555,0.7878305,0.011962574
/home/share/Uni_Eval/HAM10000_clean/ISIC2018/ISIC_0028839.jpg,5,5,0.0006731313,0.0005940363,0.0027042108,0.011385154,0.058729086,0.9186775,0.0072368444
/home/share/Uni_Eval/HAM10000_clean/ISIC2018/ISIC_0026648.jpg,5,5,0.004126222,0.0007632743,0.0055524386,0.14097919,0.14774491,0.69392383,0.0069101215
/home/share/Uni_Eval/HAM10000_clean/ISIC2018/ISIC_0025408.jpg,5,5,0.0023259565,0.0006768919,0.008118386,0.08199279,0.06385605,0.8280978,0.014931996
/home/share/Uni_Eval/HAM10000_clean/ISIC2018/ISIC_0031884.jpg,5,5,0.04496096,0.1013211,0.041582093,0.2587325,0.14288566,0.3823818,0.028135851
/home/share/Uni_Eval/HAM10000_clean/ISIC2018/ISIC_0024775.jpg,5,5,0.00035795599,0.00026601032,0.0021252828,0.1107228,0.025094653,0.8574002,0.004033078
/home/share/Uni_Eval/HAM10000_clean/ISIC2018/ISIC_0024659.jpg,5,5,0.010096451,0.05544043,0.058101065,0.061848264,0.083225936,0.6860387,0.045249157
/home/share/Uni_Eval/HAM10000_clean/ISIC2018/ISIC_0032053.jpg,5,5,0.0013317721,0.0011752846,0.004721542,0.019878434,0.14688286,0.8192468,0.006763296
/home/share/Uni_Eval/HAM10000_clean/ISIC2018/ISIC_0030256.jpg,5,5,0.0065367725,0.0017320721,0.01833283,0.010283787,0.12333984,0.8298073,0.009967387
/home/share/Uni_Eval/HAM10000_clean/ISIC2018/ISIC_0026357.jpg,5,5,0.041210577,0.029222673,0.24467847,0.1052349,0.01564177,0.45711955,0.10689211
/home/share/Uni_Eval/HAM10000_clean/ISIC2018/ISIC_0026155.jpg,5,5,0.0035767162,0.01136678,0.028576083,0.07297158,0.07297158,0.7845185,0.02601882
/home/share/Uni_Eval/HAM10000_clean/ISIC2018/ISIC_0028140.jpg,5,5,0.001079541,0.001302175,0.007976789,0.04380119,0.07221596,0.8661308,0.0074935
/home/share/Uni_Eval/HAM10000_clean/ISIC2018/ISIC_0025058.jpg,5,5,0.011140495,0.0062492513,0.035961956,0.015467045,0.097754724,0.793308,0.04011846
/home/share/Uni_Eval/HAM10000_clean/ISIC2018/ISIC_0024956.jpg,5,5,0.0017282466,0.0021174923,0.014470431,0.06587324,0.06485198,0.8410132,0.009945372
/home/share/Uni_Eval/HAM10000_clean/ISIC2018/ISIC_0030103.jpg,5,5,0.00039496555,0.00078548276,0.00424628,0.008184918,0.099712715,0.8749513,0.011724355
/home/share/Uni_Eval/HAM10000_clean/ISIC2018/ISIC_0027245.jpg,5,5,0.0028657373,0.0004751858,0.013671668,0.009396391,0.05407249,0.91456693,0.0049515497
/home/share/Uni_Eval/HAM10000_clean/ISIC2018/ISIC_0024532.jpg,5,5,0.018485297,0.002501713,0.019372424,0.16475767,0.066568114,0.7045792,0.02373559
/home/share/Uni_Eval/HAM10000_clean/ISIC2018/ISIC_0026380.jpg,5,5,0.0056539867,0.0010623527,0.017415507,0.07106614,0.12088757,0.77606475,0.007849784
/home/share/Uni_Eval/HAM10000_clean/ISIC2018/ISIC_0027602.jpg,5,5,0.0017692901,0.00029799703,0.0067823813,0.016526304,0.08134532,0.8883167,0.0049620965
/home/share/Uni_Eval/HAM10000_clean/ISIC2018/ISIC_0027372.jpg,5,5,0.0010431424,0.014626905,0.047959775,0.030485088,0.08821152,0.7862208,0.03145279
/home/share/Uni_Eval/HAM10000_clean/ISIC2018/ISIC_0025852.jpg,5,5,0.0010821609,0.0003681867,0.0125797065,0.031135071,0.13108355,0.81562924,0.008122069
/home/share/Uni_Eval/HAM10000_clean/ISIC2018/ISIC_0032403.jpg,5,5,0.016845988,0.0047516297,0.009598556,0.26351562,0.1783036,0.5000648,0.026919816
/home/share/Uni_Eval/HAM10000_clean/ISIC2018/ISIC_0025190.jpg,5,5,0.0002060399,0.009039145,0.0109032905,0.012355047,0.041796587,0.9077233,0.017976485
/home/share/Uni_Eval/HAM10000_clean/ISIC2018/ISIC_0027321.jpg,5,5,0.24607892,0.010479304,0.027181245,0.03545103,0.1218179,0.54594994,0.013041704
/home/share/Uni_Eval/HAM10000_clean/ISIC2018/ISIC_0031878.jpg,5,5,0.022020562,0.0076101026,0.05200561,0.10342551,0.0496241,0.7523688,0.01294522
/home/share/Uni_Eval/HAM10000_clean/ISIC2018/ISIC_0029086.jpg,5,5,0.00061276293,0.0016144154,0.0018581806,0.11861083,0.061534494,0.81055796,0.0052113966
/home/share/Uni_Eval/HAM10000_clean/ISIC2018/ISIC_0024399.jpg,5,5,0.0049010054,0.005553567,0.00513621,0.22532988,0.10981701,0.64190507,0.0073572816
/home/share/Uni_Eval/HAM10000_clean/ISIC2018/ISIC_0024603.jpg,5,5,0.0002797707,0.0002931972,0.0047319625,0.007680733,0.049308185,0.9303772,0.0073290076
/home/share/Uni_Eval/HAM10000_clean/ISIC2018/ISIC_0025429.jpg,5,5,0.004807025,0.015761627,0.0069941794,0.27078587,0.112880334,0.5732537,0.0155172665
/home/share/Uni_Eval/HAM10000_clean/ISIC2018/ISIC_0026548.jpg,5,5,0.0003445351,0.0014280584,0.005560515,0.122663,0.21194266,0.6427081,0.015353074
/home/share/Uni_Eval/HAM10000_clean/ISIC2018/ISIC_0031992.jpg,5,5,0.0014452015,0.0008234508,0.0032568115,0.0509451,0.08941144,0.8483121,0.0058058943
/home/share/Uni_Eval/HAM10000_clean/ISIC2018/ISIC_0032416.jpg,5,5,0.03307415,0.011252914,0.011252914,0.18737784,0.2225167,0.51736677,0.017158646
/home/share/Uni_Eval/HAM10000_clean/ISIC2018/ISIC_0029587.jpg,5,5,0.0023335598,0.0010683815,0.012037418,0.025483213,0.08098548,0.870676,0.007416038
/home/share/Uni_Eval/HAM10000_clean/ISIC2018/ISIC_0026685.jpg,5,5,0.0008644731,0.00036036596,0.003997283,0.041006878,0.08546568,0.86317277,0.005132613
/home/share/Uni_Eval/HAM10000_clean/ISIC2018/ISIC_0031022.jpg,5,3,0.08114421,0.013882138,0.011689932,0.74618834,0.04144441,0.08637757,0.019273441
/home/share/Uni_Eval/HAM10000_clean/ISIC2018/ISIC_0029019.jpg,5,5,0.00093355443,0.014153952,0.014153952,0.02484096,0.06647786,0.862098,0.017341783
/home/share/Uni_Eval/HAM10000_clean/ISIC2018/ISIC_0028204.jpg,5,5,0.00074237306,0.0007083773,0.022384003,0.012954867,0.101897925,0.8399535,0.021358965
/home/share/Uni_Eval/HAM10000_clean/ISIC2018/ISIC_0029941.jpg,5,5,0.0021381874,0.0020402728,0.01935757,0.009733598,0.15225907,0.7854121,0.029059157
/home/share/Uni_Eval/HAM10000_clean/ISIC2018/ISIC_0025728.jpg,5,5,0.0026150108,0.014815047,0.124044865,0.042868763,0.031363454,0.75986695,0.024425883
/home/share/Uni_Eval/HAM10000_clean/ISIC2018/ISIC_0026066.jpg,5,5,0.00037419854,0.008925445,0.004216082,0.0759087,0.078318305,0.8160954,0.016161893
/home/share/Uni_Eval/HAM10000_clean/ISIC2018/ISIC_0024645.jpg,5,5,0.0005582652,0.001110243,0.006695622,0.013954873,0.13448516,0.8238214,0.019374425
/home/share/Uni_Eval/HAM10000_clean/ISIC2018/ISIC_0031608.jpg,5,5,0.0017702546,0.0037476295,0.0060830023,0.13630205,0.18630283,0.65026075,0.015533491
/home/share/Uni_Eval/HAM10000_clean/ISIC2018/ISIC_0025333.jpg,5,5,0.0031137366,0.006695586,0.0050540934,0.033475827,0.042983808,0.89075863,0.017918317
/home/share/Uni_Eval/HAM10000_clean/ISIC2018/ISIC_0028161.jpg,5,3,0.0021982242,0.0034582918,0.035477538,0.5815953,0.10265766,0.25408018,0.020532826
/home/share/Uni_Eval/HAM10000_clean/ISIC2018/ISIC_0025023.jpg,5,5,0.002869514,0.0002931393,0.01480208,0.006074761,0.066338316,0.9015745,0.008047751
/home/share/Uni_Eval/HAM10000_clean/ISIC2018/ISIC_0030228.jpg,5,5,0.00082372065,5.3487955e-05,0.011021262,0.0058992556,0.012685393,0.9615785,0.007938316
/home/share/Uni_Eval/HAM10000_clean/ISIC2018/ISIC_0029433.jpg,5,5,0.013581306,0.02577279,0.05206247,0.0059332335,0.100353025,0.78933775,0.012959372
/home/share/Uni_Eval/HAM10000_clean/ISIC2018/ISIC_0025586.jpg,5,5,0.0039742645,0.00045292202,0.0071964627,0.014311875,0.09628761,0.87171686,0.00606003
/home/share/Uni_Eval/HAM10000_clean/ISIC2018/ISIC_0025114.jpg,5,5,0.0014227573,0.0005316455,0.005286184,0.0126808975,0.09667421,0.87521684,0.008187402
/home/share/Uni_Eval/HAM10000_clean/ISIC2018/ISIC_0026418.jpg,5,5,0.0046140705,0.0003907687,0.014663487,0.044466473,0.14353955,0.7759674,0.016358303
/home/share/Uni_Eval/HAM10000_clean/ISIC2018/ISIC_0032062.jpg,5,5,0.0053619575,0.001055832,0.009120997,0.030855935,0.34765273,0.59137726,0.014575312
/home/share/Uni_Eval/HAM10000_clean/ISIC2018/ISIC_0032401.jpg,5,5,0.006338654,0.0016535367,0.020783646,0.09314584,0.11235533,0.7559055,0.009817499
/home/share/Uni_Eval/HAM10000_clean/ISIC2018/ISIC_0025204.jpg,5,5,0.02502872,0.007875636,0.1212857,0.009955736,0.094457395,0.6764773,0.06491956
/home/share/Uni_Eval/HAM10000_clean/ISIC2018/ISIC_0030713.jpg,5,5,0.003376533,0.0015219226,0.0034837157,0.051998995,0.117181554,0.81340116,0.009036072
/home/share/Uni_Eval/HAM10000_clean/ISIC2018/ISIC_0025858.jpg,5,5,0.0035570576,0.00037491112,0.010133114,0.10558947,0.10558947,0.7681105,0.0066454583
/home/share/Uni_Eval/HAM10000_clean/ISIC2018/ISIC_0024844.jpg,5,5,0.036422454,0.0006074019,0.013610076,0.022439219,0.20314813,0.7090566,0.014716
/home/share/Uni_Eval/HAM10000_clean/ISIC2018/ISIC_0027824.jpg,5,5,0.0007636619,0.053536836,0.032983087,0.143272,0.04369549,0.6942763,0.031472683
/home/share/Uni_Eval/HAM10000_clean/ISIC2018/ISIC_0027611.jpg,5,3,0.009091662,0.04617127,0.00983043,0.81840533,0.015225668,0.07732233,0.02395334
/home/share/Uni_Eval/HAM10000_clean/ISIC2018/ISIC_0032224.jpg,5,5,0.13949175,0.018878156,0.046723884,0.117463835,0.18193154,0.45737585,0.038134925
/home/share/Uni_Eval/HAM10000_clean/ISIC2018/ISIC_0025445.jpg,5,5,0.00038154432,0.0024879817,0.006658184,0.14235826,0.26183692,0.5630378,0.023239346
/home/share/Uni_Eval/HAM10000_clean/ISIC2018/ISIC_0024629.jpg,5,5,0.025186948,0.003408683,0.062338296,0.015039814,0.038405515,0.8340772,0.02154354
/home/share/Uni_Eval/HAM10000_clean/ISIC2018/ISIC_0028788.jpg,5,5,0.010182753,0.0006211519,0.03724696,0.004962677,0.0366695,0.88842064,0.021896359
/home/share/Uni_Eval/HAM10000_clean/ISIC2018/ISIC_0030779.jpg,5,5,0.0046244767,0.00084217975,0.023120927,0.008775715,0.11559737,0.84091294,0.006126436
/home/share/Uni_Eval/HAM10000_clean/ISIC2018/ISIC_0027913.jpg,5,5,0.0025580088,0.000527875,0.012395756,0.061974883,0.12134094,0.79124224,0.0099602705
/home/share/Uni_Eval/HAM10000_clean/ISIC2018/ISIC_0024614.jpg,5,5,0.0018710204,0.00085661566,0.0063295807,0.029728584,0.058205742,0.8963751,0.006633343
/home/share/Uni_Eval/HAM10000_clean/ISIC2018/ISIC_0027705.jpg,5,5,0.0035459718,0.016916884,0.012970626,0.009197551,0.13099869,0.81510115,0.011269075
/home/share/Uni_Eval/HAM10000_clean/ISIC2018/ISIC_0024347.jpg,5,5,0.00043817546,0.0014367221,0.010953008,0.07722622,0.3200938,0.57062894,0.019223128
/home/share/Uni_Eval/HAM10000_clean/ISIC2018/ISIC_0029631.jpg,5,5,0.0053490964,0.0019678224,0.011867488,0.010310654,0.03433972,0.92813534,0.008029944
/home/share/Uni_Eval/HAM10000_clean/ISIC2018/ISIC_0032167.jpg,5,5,0.029449282,0.0014661934,0.01208596,0.030384103,0.20441854,0.7134908,0.00870519
/home/share/Uni_Eval/HAM10000_clean/ISIC2018/ISIC_0031058.jpg,5,5,0.0034245336,0.00037240074,0.0034245336,0.09401603,0.08168254,0.81217456,0.0049054176
/home/share/Uni_Eval/HAM10000_clean/ISIC2018/ISIC_0030288.jpg,5,3,0.056321472,0.005844207,0.016136372,0.41616252,0.13510819,0.3559627,0.014464552
/home/share/Uni_Eval/HAM10000_clean/ISIC2018/ISIC_0030438.jpg,5,5,0.0020969885,0.0066642156,0.010004172,0.12973608,0.083763905,0.75833654,0.009398051
/home/share/Uni_Eval/HAM10000_clean/ISIC2018/ISIC_0030212.jpg,5,5,0.0822459,0.005957873,0.17411458,0.008143447,0.16614129,0.54475635,0.018640537
/home/share/Uni_Eval/HAM10000_clean/ISIC2018/ISIC_0031129.jpg,5,2,0.08440574,0.021010252,0.251989,0.10181276,0.18435909,0.19624923,0.16017395
/home/share/Uni_Eval/HAM10000_clean/ISIC2018/ISIC_0029451.jpg,5,5,0.0075108106,0.0026365425,0.027473405,0.008510863,0.19070323,0.7542459,0.008919308
/home/share/Uni_Eval/HAM10000_clean/ISIC2018/ISIC_0024622.jpg,5,5,0.003844528,0.0018160264,0.0048599388,0.09461119,0.14653668,0.7441747,0.004156926
/home/share/Uni_Eval/HAM10000_clean/ISIC2018/ISIC_0025203.jpg,5,5,0.001625828,0.0011894812,0.0041516973,0.0039001587,0.05731241,0.92497545,0.0068449914
/home/share/Uni_Eval/HAM10000_clean/ISIC2018/ISIC_0026627.jpg,5,5,0.0011127564,0.0063041947,0.004612247,0.29904383,0.07680081,0.5947197,0.01740644
/home/share/Uni_Eval/HAM10000_clean/ISIC2018/ISIC_0029487.jpg,5,5,0.0053199204,0.006417048,0.008501207,0.058095213,0.13720255,0.77730536,0.007158735
/home/share/Uni_Eval/HAM10000_clean/ISIC2018/ISIC_0031994.jpg,5,5,0.014523315,0.015703449,0.008947556,0.1235172,0.104011916,0.72198576,0.01131077
/home/share/Uni_Eval/HAM10000_clean/ISIC2018/ISIC_0029186.jpg,5,5,0.0015119402,0.016770873,0.022923067,0.037207812,0.065301746,0.83371675,0.02256768
/home/share/Uni_Eval/HAM10000_clean/ISIC2018/ISIC_0032286.jpg,5,5,0.009858501,0.0021320505,0.032324776,0.009117623,0.08650559,0.8467954,0.013266062
/home/share/Uni_Eval/HAM10000_clean/ISIC2018/ISIC_0026160.jpg,5,5,0.0029003487,0.0010837812,0.003964307,0.03478569,0.08344653,0.86953276,0.0042864378
/home/share/Uni_Eval/HAM10000_clean/ISIC2018/ISIC_0030476.jpg,5,5,0.0070127244,0.0010754361,0.008864915,0.021265825,0.106322445,0.84946036,0.0059983013
/home/share/Uni_Eval/HAM10000_clean/ISIC2018/ISIC_0026047.jpg,5,0,0.38776532,0.112846136,0.023653835,0.11826174,0.10600914,0.23154525,0.019918527
/home/share/Uni_Eval/HAM10000_clean/ISIC2018/ISIC_0031549.jpg,5,5,0.11580319,0.0010665106,0.042601615,0.0087913405,0.15583023,0.6664014,0.009505705
/home/share/Uni_Eval/HAM10000_clean/ISIC2018/ISIC_0029325.jpg,5,5,0.001759403,0.0003519027,0.0044927928,0.017222635,0.07138584,0.8972634,0.007524012
/home/share/Uni_Eval/HAM10000_clean/ISIC2018/ISIC_0027923.jpg,5,5,0.0015011176,0.0010644518,0.003032341,0.206043,0.08724411,0.6970345,0.0040804604
/home/share/Uni_Eval/HAM10000_clean/ISIC2018/ISIC_0029283.jpg,5,5,0.0015402765,0.0018871862,0.013944523,0.17803176,0.09236165,0.6718848,0.04034982
/home/share/Uni_Eval/HAM10000_clean/ISIC2018/ISIC_0026721.jpg,5,5,0.002953326,0.0024104344,0.0032435944,0.0836534,0.16898452,0.73403525,0.0047194017
/home/share/Uni_Eval/HAM10000_clean/ISIC2018/ISIC_0026997.jpg,5,3,0.0040285503,0.016439002,0.00285667,0.5529578,0.11590624,0.2780446,0.029767185
/home/share/Uni_Eval/HAM10000_clean/ISIC2018/ISIC_0029709.jpg,5,5,0.08161871,0.0027069123,0.036218084,0.008875623,0.14550108,0.70507807,0.020001527
/home/share/Uni_Eval/HAM10000_clean/ISIC2018/ISIC_0030419.jpg,5,5,0.00021668927,9.466453e-05,0.004561193,0.0051685083,0.018323952,0.9696732,0.0019617444
/home/share/Uni_Eval/HAM10000_clean/ISIC2018/ISIC_0031280.jpg,5,5,0.050970994,0.031402316,0.22489458,0.16712745,0.0577577,0.28429335,0.18355359
/home/share/Uni_Eval/HAM10000_clean/ISIC2018/ISIC_0025110.jpg,5,5,0.0041881907,0.00086428196,0.05781619,0.0042541446,0.07308651,0.8364308,0.023359852
/home/share/Uni_Eval/HAM10000_clean/ISIC2018/ISIC_0029421.jpg,5,5,0.035524983,0.003008634,0.016264522,0.020241525,0.1748601,0.7361885,0.013911784
/home/share/Uni_Eval/HAM10000_clean/ISIC2018/ISIC_0025496.jpg,5,5,0.22283448,0.009944845,0.038722828,0.018579416,0.12499882,0.56902784,0.015891816
/home/share/Uni_Eval/HAM10000_clean/ISIC2018/ISIC_0030750.jpg,5,5,0.0010153848,0.005237754,0.009633703,0.1789565,0.11921073,0.664904,0.02104194
/home/share/Uni_Eval/HAM10000_clean/ISIC2018/ISIC_0025570.jpg,5,5,0.00079532684,0.011871289,0.08370075,0.03079178,0.028477743,0.8066363,0.037726883
/home/share/Uni_Eval/HAM10000_clean/ISIC2018/ISIC_0025270.jpg,5,5,0.037650302,0.023195682,0.09031838,0.040709686,0.14890985,0.61721414,0.042001948
/home/share/Uni_Eval/HAM10000_clean/ISIC2018/ISIC_0030788.jpg,5,5,0.017793138,0.0007817759,0.008404884,0.013642473,0.09618879,0.85732144,0.0058675543
/home/share/Uni_Eval/HAM10000_clean/ISIC2018/ISIC_0026278.jpg,5,5,0.0017368329,0.0005134069,0.0061576073,0.010977122,0.06122547,0.91387,0.0055196434
/home/share/Uni_Eval/HAM10000_clean/ISIC2018/ISIC_0029981.jpg,5,5,0.18662827,0.0048204567,0.039119408,0.058725186,0.068656705,0.6313553,0.010694651
/home/share/Uni_Eval/HAM10000_clean/ISIC2018/ISIC_0027001.jpg,5,5,0.002689501,0.0005464052,0.008284247,0.059329435,0.07983649,0.84501606,0.00429781
/home/share/Uni_Eval/HAM10000_clean/ISIC2018/ISIC_0030864.jpg,5,5,0.00033665207,0.0013737505,0.007782827,0.049188983,0.17439009,0.74577177,0.021155918
/home/share/Uni_Eval/HAM10000_clean/ISIC2018/ISIC_0032295.jpg,5,5,0.11927089,0.008776014,0.026200335,0.02832932,0.10691373,0.6652396,0.045270123
/home/share/Uni_Eval/HAM10000_clean/ISIC2018/ISIC_0024810.jpg,5,5,0.065218,0.0018792271,0.028940314,0.016234044,0.25394318,0.6187712,0.0150140375
/home/share/Uni_Eval/HAM10000_clean/ISIC2018/ISIC_0024627.jpg,5,5,0.006686131,0.0032585603,0.016548334,0.01506743,0.2588595,0.6714304,0.028149664
/home/share/Uni_Eval/HAM10000_clean/ISIC2018/ISIC_0031124.jpg,5,5,0.00019796747,0.010153794,0.0076644868,0.15394533,0.10095981,0.711836,0.015242651
/home/share/Uni_Eval/HAM10000_clean/ISIC2018/ISIC_0024384.jpg,5,5,0.0028892157,0.00152251,0.025352065,0.03010632,0.031062,0.89369106,0.015376803
/home/share/Uni_Eval/HAM10000_clean/ISIC2018/ISIC_0029234.jpg,5,5,0.00042077157,0.0028308718,0.020593178,0.01530355,0.07532671,0.87564415,0.009880714
/home/share/Uni_Eval/HAM10000_clean/ISIC2018/ISIC_0031683.jpg,5,5,0.00044807384,0.0011089933,0.009580241,0.0314124,0.0719037,0.87596637,0.009580241
/home/share/Uni_Eval/HAM10000_clean/ISIC2018/ISIC_0027880.jpg,5,5,0.010170781,0.0028688007,0.0068818955,0.025172926,0.10272126,0.8467403,0.005444027
/home/share/Uni_Eval/HAM10000_clean/ISIC2018/ISIC_0029718.jpg,5,4,0.019531215,0.008400271,0.008015594,0.04910147,0.4806498,0.4175958,0.016705934
/home/share/Uni_Eval/HAM10000_clean/ISIC2018/ISIC_0029076.jpg,5,0,0.36668682,0.0082287425,0.051200952,0.09417297,0.09716234,0.36668682,0.015861316
/home/share/Uni_Eval/HAM10000_clean/ISIC2018/ISIC_0030017.jpg,5,5,0.0041319756,0.0009662145,0.004067915,0.040447533,0.11888191,0.825204,0.00630051
/home/share/Uni_Eval/HAM10000_clean/ISIC2018/ISIC_0028893.jpg,5,5,0.003183139,0.000511577,0.006430119,0.0061356616,0.16073272,0.81626815,0.0067387056
/home/share/Uni_Eval/HAM10000_clean/ISIC2018/ISIC_0030078.jpg,5,3,0.033765875,0.0019049401,0.01954219,0.5892353,0.052297607,0.29628614,0.0069679813
/home/share/Uni_Eval/HAM10000_clean/ISIC2018/ISIC_0028434.jpg,5,5,0.0028336374,0.004320781,0.056032747,0.026057646,0.019669343,0.86291075,0.028175034
/home/share/Uni_Eval/HAM10000_clean/ISIC2018/ISIC_0024966.jpg,5,5,0.0010687718,0.00022055353,0.002815839,0.02756399,0.021134045,0.9417691,0.0054276716
/home/share/Uni_Eval/HAM10000_clean/ISIC2018/ISIC_0031873.jpg,5,5,0.0018983762,0.004483365,0.0039565563,0.40993515,0.08199219,0.48681003,0.010924402
/home/share/Uni_Eval/HAM10000_clean/ISIC2018/ISIC_0024722.jpg,5,5,0.016532475,0.0028283729,0.011186432,0.05861271,0.052540094,0.84795415,0.010345758
/home/share/Uni_Eval/HAM10000_clean/ISIC2018/ISIC_0027699.jpg,5,5,0.011016801,0.00083635387,0.026018206,0.013498068,0.02260501,0.9171734,0.008852249
/home/share/Uni_Eval/HAM10000_clean/ISIC2018/ISIC_0032438.jpg,5,5,0.00050845684,0.0003132512,0.008735325,0.019380165,0.10979611,0.8502242,0.011042485
/home/share/Uni_Eval/HAM10000_clean/ISIC2018/ISIC_0029765.jpg,5,5,0.005256308,0.0005627352,0.019226776,0.058304474,0.090303734,0.81754327,0.00880266
/home/share/Uni_Eval/HAM10000_clean/ISIC2018/ISIC_0025010.jpg,5,5,0.009835329,0.05659841,0.027583864,0.35771298,0.03541838,0.4966353,0.016215716
/home/share/Uni_Eval/HAM10000_clean/ISIC2018/ISIC_0028569.jpg,5,5,0.00043419213,0.00037723267,0.00571936,0.031900026,0.11487641,0.8356684,0.011024354
/home/share/Uni_Eval/HAM10000_clean/ISIC2018/ISIC_0031788.jpg,5,5,0.0039889845,0.0038063156,0.0041156085,0.20459588,0.14061655,0.6301997,0.012676966
/home/share/Uni_Eval/HAM10000_clean/ISIC2018/ISIC_0031628.jpg,5,5,0.008171165,0.0031014245,0.008835137,0.15660654,0.28357783,0.52157944,0.018128525
/home/share/Uni_Eval/HAM10000_clean/ISIC2018/ISIC_0031859.jpg,5,5,0.0065404554,0.0008579211,0.016701639,0.025072128,0.24929371,0.688322,0.013212083
/home/share/Uni_Eval/HAM10000_clean/ISIC2018/ISIC_0028333.jpg,5,5,0.0044341455,0.0075427364,0.0130326785,0.2966224,0.32577598,0.33611724,0.01647485
/home/share/Uni_Eval/HAM10000_clean/ISIC2018/ISIC_0027792.jpg,5,5,0.003871383,0.0014242022,0.008068655,0.026045937,0.2844299,0.6613193,0.014840528
/home/share/Uni_Eval/HAM10000_clean/ISIC2018/ISIC_0029078.jpg,5,5,0.17022,0.00071773253,0.04653556,0.024522517,0.11517661,0.632444,0.010383487
/home/share/Uni_Eval/HAM10000_clean/ISIC2018/ISIC_0027830.jpg,5,5,0.0006395024,0.0005732463,0.0017383478,0.08375829,0.07391643,0.8328138,0.0065604565
/home/share/Uni_Eval/HAM10000_clean/ISIC2018/ISIC_0026534.jpg,5,5,0.0018961808,0.00037338014,0.0071561113,0.11370323,0.079377644,0.7892568,0.008236635
/home/share/Uni_Eval/HAM10000_clean/ISIC2018/ISIC_0027396.jpg,5,5,0.0003081909,0.0008377498,0.0023865271,0.009148493,0.07780565,0.90446097,0.005052278
/home/share/Uni_Eval/HAM10000_clean/ISIC2018/ISIC_0029901.jpg,5,5,0.00054404006,0.003896262,0.004925336,0.078258514,0.11565858,0.7781292,0.018588025
/home/share/Uni_Eval/HAM10000_clean/ISIC2018/ISIC_0031425.jpg,5,5,5.017618e-05,0.00052284775,0.0015367351,0.44654274,0.031845946,0.5139675,0.005533996
/home/share/Uni_Eval/HAM10000_clean/ISIC2018/ISIC_0024802.jpg,5,5,0.008215284,0.0010282634,0.03681835,0.030050265,0.04511079,0.8645822,0.014194739
/home/share/Uni_Eval/HAM10000_clean/ISIC2018/ISIC_0030638.jpg,5,5,0.010011037,0.012655137,0.048512097,0.17744988,0.02556408,0.6802349,0.045572896
/home/share/Uni_Eval/HAM10000_clean/ISIC2018/ISIC_0030983.jpg,5,5,0.0032167886,0.0013620739,0.020650892,0.17022711,0.025302002,0.762905,0.0163362
/home/share/Uni_Eval/HAM10000_clean/ISIC2018/ISIC_0026379.jpg,5,5,0.006393035,0.0005414303,0.0080815535,0.0397788,0.1115624,0.8243409,0.009301811
/home/share/Uni_Eval/HAM10000_clean/ISIC2018/ISIC_0024912.jpg,5,5,0.011097365,0.0022545662,0.011097365,0.025402121,0.12503362,0.81532156,0.00979339
/home/share/Uni_Eval/HAM10000_clean/ISIC2018/ISIC_0032431.jpg,5,3,0.017612653,0.003929914,0.033422943,0.44719404,0.03613882,0.36498916,0.09671249
/home/share/Uni_Eval/HAM10000_clean/ISIC2018/ISIC_0029842.jpg,5,5,0.0013594673,0.0010423396,0.010861429,0.00521137,0.09094164,0.87641776,0.014165973
/home/share/Uni_Eval/HAM10000_clean/ISIC2018/ISIC_0031641.jpg,5,5,0.0007630438,0.0021068314,0.003875056,0.022650573,0.060616072,0.90477395,0.0052144583
/home/share/Uni_Eval/HAM10000_clean/ISIC2018/ISIC_0031512.jpg,5,3,0.06274263,0.10344511,0.05624213,0.5091747,0.06373069,0.17055215,0.034112576
/home/share/Uni_Eval/HAM10000_clean/ISIC2018/ISIC_0025037.jpg,5,5,0.041364346,0.016712705,0.02284356,0.20044588,0.2455914,0.43102634,0.042015735
/home/share/Uni_Eval/HAM10000_clean/ISIC2018/ISIC_0031205.jpg,5,5,0.024215482,0.0065175085,0.03523332,0.0054882923,0.20594665,0.7076801,0.014918726
/home/share/Uni_Eval/HAM10000_clean/ISIC2018/ISIC_0025233.jpg,5,5,0.0043535167,0.0032352593,0.009073509,0.059166707,0.17120455,0.720798,0.03216838
/home/share/Uni_Eval/HAM10000_clean/ISIC2018/ISIC_0029863.jpg,5,5,0.00019111458,0.00040458958,0.001930189,0.050564155,0.06004642,0.88237566,0.0044878237
/home/share/Uni_Eval/HAM10000_clean/ISIC2018/ISIC_0027095.jpg,5,5,0.00075658906,0.0012280653,0.011117995,0.014275788,0.08882694,0.8695188,0.014275788
/home/share/Uni_Eval/HAM10000_clean/ISIC2018/ISIC_0026197.jpg,5,5,0.0039720875,0.0020606916,0.0254997,0.0063473764,0.065115765,0.8849593,0.012045206
/home/share/Uni_Eval/HAM10000_clean/ISIC2018/ISIC_0028722.jpg,5,5,0.0048839026,0.00125429,0.011900372,0.0054483875,0.19206227,0.7715833,0.01286737
/home/share/Uni_Eval/HAM10000_clean/ISIC2018/ISIC_0025232.jpg,5,5,0.015487083,0.00043252346,0.02938932,0.011509024,0.09052547,0.84556603,0.0070905033
/home/share/Uni_Eval/HAM10000_clean/ISIC2018/ISIC_0029551.jpg,5,5,0.004166335,0.00045306783,0.028471729,0.09631862,0.11618243,0.745859,0.0085487645
/home/share/Uni_Eval/HAM10000_clean/ISIC2018/ISIC_0032297.jpg,5,5,0.034872774,0.0020942728,0.03890339,0.044777527,0.133681,0.65800095,0.08767015
/home/share/Uni_Eval/HAM10000_clean/ISIC2018/ISIC_0024978.jpg,5,3,0.06735664,0.0113447085,0.020542612,0.6697312,0.050843455,0.16670927,0.013472173
/home/share/Uni_Eval/HAM10000_clean/ISIC2018/ISIC_0025889.jpg,5,5,0.017567437,0.00080890174,0.029883219,0.039588835,0.037190266,0.8464466,0.028514765
/home/share/Uni_Eval/HAM10000_clean/ISIC2018/ISIC_0030708.jpg,5,5,0.0008398709,0.00031877903,0.0031696395,0.04881281,0.10015739,0.83860755,0.008093958
/home/share/Uni_Eval/HAM10000_clean/ISIC2018/ISIC_0026542.jpg,5,5,0.03926778,0.010243612,0.038059637,0.09130032,0.11012921,0.68524694,0.025752438
/home/share/Uni_Eval/HAM10000_clean/ISIC2018/ISIC_0025459.jpg,5,5,0.0012020676,0.00029921829,0.009308409,0.026934773,0.048772573,0.9060035,0.007479516
/home/share/Uni_Eval/HAM10000_clean/ISIC2018/ISIC_0029256.jpg,5,5,0.0022630861,0.0071920734,0.035958108,0.05397951,0.09039866,0.7932231,0.016985407
/home/share/Uni_Eval/HAM10000_clean/ISIC2018/ISIC_0024527.jpg,5,5,0.030064447,0.04374351,0.032507416,0.2764675,0.094063334,0.5085016,0.014652241
/home/share/Uni_Eval/HAM10000_clean/ISIC2018/ISIC_0029910.jpg,5,5,0.05405845,0.010982641,0.23481923,0.055774454,0.064196005,0.5128923,0.06727683
/home/share/Uni_Eval/HAM10000_clean/ISIC2018/ISIC_0025464.jpg,5,5,0.0016255345,0.0446269,0.05383031,0.030196067,0.04393502,0.79103065,0.03475546
/home/share/Uni_Eval/HAM10000_clean/ISIC2018/ISIC_0029124.jpg,5,5,0.19874145,0.0008782094,0.23601133,0.032443654,0.06352159,0.407791,0.06061272
/home/share/Uni_Eval/HAM10000_clean/ISIC2018/ISIC_0031265.jpg,5,5,0.0021376403,0.0003954237,0.02371132,0.017347574,0.040334314,0.9037725,0.012301272
/home/share/Uni_Eval/HAM10000_clean/ISIC2018/ISIC_0027499.jpg,5,5,0.005857584,0.0003986136,0.0089317495,0.019206278,0.03477808,0.92541033,0.0054173796
/home/share/Uni_Eval/HAM10000_clean/ISIC2018/ISIC_0025344.jpg,5,5,0.001848085,0.00022072226,0.0029997379,0.018958926,0.02890891,0.9424896,0.0045740544
/home/share/Uni_Eval/HAM10000_clean/ISIC2018/ISIC_0031047.jpg,5,5,0.0030812642,0.0010160932,0.013384401,0.021725029,0.19977966,0.7539605,0.0070530833
/home/share/Uni_Eval/HAM10000_clean/ISIC2018/ISIC_0025595.jpg,5,5,0.0023962855,0.0018956178,0.003653899,0.04965851,0.10846416,0.82688844,0.007043075
/home/share/Uni_Eval/HAM10000_clean/ISIC2018/ISIC_0026732.jpg,5,5,0.034071397,0.0037634391,0.04374854,0.008888054,0.081733026,0.81267655,0.01511909
/home/share/Uni_Eval/HAM10000_clean/ISIC2018/ISIC_0027635.jpg,5,5,0.0085210055,0.009358494,0.014722977,0.059147496,0.25692502,0.63589555,0.015429547
/home/share/Uni_Eval/HAM10000_clean/ISIC2018/ISIC_0029280.jpg,5,5,0.255937,0.009923753,0.015370211,0.117176495,0.20565115,0.37825036,0.017691005
/home/share/Uni_Eval/HAM10000_clean/ISIC2018/ISIC_0032472.jpg,5,5,0.0025753626,0.0010904771,0.0033589064,0.05593081,0.17499202,0.748346,0.0137064345
/home/share/Uni_Eval/HAM10000_clean/ISIC2018/ISIC_0028433.jpg,5,3,0.045830306,0.0014964126,0.010067582,0.61320275,0.051127404,0.26788846,0.010387162
/home/share/Uni_Eval/HAM10000_clean/ISIC2018/ISIC_0030439.jpg,5,5,0.020332405,0.006298686,0.015834894,0.07916949,0.26782694,0.5942,0.016337547
/home/share/Uni_Eval/HAM10000_clean/ISIC2018/ISIC_0027726.jpg,5,5,0.015785487,0.0057171243,0.0478689,0.05016618,0.23561898,0.6207733,0.024069993
/home/share/Uni_Eval/HAM10000_clean/ISIC2018/ISIC_0030343.jpg,5,5,0.0019261207,0.081900746,0.048905168,0.11194504,0.095751666,0.59578687,0.06378436
/home/share/Uni_Eval/HAM10000_clean/ISIC2018/ISIC_0025679.jpg,5,3,0.24400298,0.08976368,0.1960619,0.26798484,0.026951944,0.120790236,0.054444425
/home/share/Uni_Eval/HAM10000_clean/ISIC2018/ISIC_0031737.jpg,5,1,0.22527009,0.5403949,0.020953383,0.11327292,0.030967094,0.045766395,0.023375189
/home/share/Uni_Eval/HAM10000_clean/ISIC2018/ISIC_0025187.jpg,5,5,0.14487913,0.0028691757,0.025572686,0.0212005,0.19802628,0.59119725,0.016254988
/home/share/Uni_Eval/HAM10000_clean/ISIC2018/ISIC_0024751.jpg,5,5,0.0132460445,0.002733476,0.04343211,0.10418821,0.075043954,0.73459846,0.026757747
/home/share/Uni_Eval/HAM10000_clean/ISIC2018/ISIC_0030749.jpg,5,5,0.0012737098,0.0005066468,0.012468229,0.046325095,0.054159522,0.8740904,0.011176449
/home/share/Uni_Eval/HAM10000_clean/ISIC2018/ISIC_0025864.jpg,5,5,0.0024075652,0.0015066158,0.00997908,0.018936967,0.12542914,0.8307808,0.010959876
/home/share/Uni_Eval/HAM10000_clean/ISIC2018/ISIC_0025688.jpg,5,5,0.017974121,0.0018650873,0.02344267,0.26828718,0.09566073,0.57690805,0.015862105
/home/share/Uni_Eval/HAM10000_clean/ISIC2018/ISIC_0030948.jpg,5,5,0.0015358239,0.002572021,0.009859564,0.036632724,0.106000304,0.82083076,0.022568766
/home/share/Uni_Eval/HAM10000_clean/ISIC2018/ISIC_0027413.jpg,5,5,0.0026061966,0.009990573,0.005517318,0.29196733,0.06617263,0.60851216,0.0152338045
/home/share/Uni_Eval/HAM10000_clean/ISIC2018/ISIC_0026294.jpg,5,5,0.0079808645,0.0063133826,0.02006389,0.03107556,0.11366968,0.8140702,0.006826395
/home/share/Uni_Eval/HAM10000_clean/ISIC2018/ISIC_0029327.jpg,5,5,0.004220143,0.0014814094,0.0030396553,0.0460853,0.31005323,0.6263248,0.008795533
/home/share/Uni_Eval/HAM10000_clean/ISIC2018/ISIC_0029796.jpg,5,5,0.0036594353,0.005080623,0.0091998195,0.029236967,0.057243202,0.88155186,0.01402805
/home/share/Uni_Eval/HAM10000_clean/ISIC2018/ISIC_0024533.jpg,5,5,0.0323865,0.09668823,0.037276633,0.032896515,0.2507902,0.53092283,0.019039042
/home/share/Uni_Eval/HAM10000_clean/ISIC2018/ISIC_0028620.jpg,5,5,0.0021027566,0.0027857001,0.004966047,0.113026716,0.08666058,0.78456086,0.005897327
/home/share/Uni_Eval/HAM10000_clean/ISIC2018/ISIC_0032332.jpg,5,5,0.0014624047,0.0026070182,0.002449067,0.032260127,0.110853225,0.8451018,0.0052663214
/home/share/Uni_Eval/HAM10000_clean/ISIC2018/ISIC_0025705.jpg,5,5,0.011258354,0.0007310565,0.014231893,0.026588676,0.1248809,0.81432575,0.007983369
/home/share/Uni_Eval/HAM10000_clean/ISIC2018/ISIC_0030004.jpg,5,5,0.006785426,0.00473699,0.009568983,0.1982992,0.17775424,0.59201205,0.010843079
/home/share/Uni_Eval/HAM10000_clean/ISIC2018/ISIC_0031445.jpg,5,5,0.003939398,0.008083121,0.01440972,0.0269209,0.15015273,0.78674406,0.0097501045
/home/share/Uni_Eval/HAM10000_clean/ISIC2018/ISIC_0025050.jpg,5,3,0.012195097,0.0015504326,0.036407832,0.42322713,0.11752593,0.37937835,0.029715206
/home/share/Uni_Eval/HAM10000_clean/ISIC2018/ISIC_0024681.jpg,5,5,0.010191852,0.00053177413,0.014599154,0.0675058,0.10455503,0.78472906,0.017887257
/home/share/Uni_Eval/HAM10000_clean/ISIC2018/ISIC_0029707.jpg,5,5,0.0037580566,0.016842442,0.010376327,0.116909705,0.13668129,0.70505583,0.010376327
/home/share/Uni_Eval/HAM10000_clean/ISIC2018/ISIC_0028240.jpg,5,5,0.03435016,0.027173216,0.0122479275,0.3415458,0.18281628,0.37511465,0.026751932
/home/share/Uni_Eval/HAM10000_clean/ISIC2018/ISIC_0026325.jpg,5,3,0.0017162986,0.0011081256,0.005204611,0.53924495,0.0764812,0.3706173,0.0056275264
/home/share/Uni_Eval/HAM10000_clean/ISIC2018/ISIC_0029817.jpg,5,5,0.00051197695,0.0029926205,0.0021220855,0.09309769,0.038207214,0.8561104,0.006958051
/home/share/Uni_Eval/HAM10000_clean/ISIC2018/ISIC_0030530.jpg,5,5,0.0024008492,0.00089713174,0.00338574,0.11038204,0.07016309,0.8029741,0.009796963
/home/share/Uni_Eval/HAM10000_clean/ISIC2018/ISIC_0028421.jpg,5,5,0.00040789953,0.0026598389,0.013298358,0.08808176,0.036148686,0.8356965,0.023706887
/home/share/Uni_Eval/HAM10000_clean/ISIC2018/ISIC_0029445.jpg,5,0,0.45144674,0.0057723676,0.0039057794,0.38614288,0.040699158,0.011301748,0.10073139
/home/share/Uni_Eval/HAM10000_clean/ISIC2018/ISIC_0031315.jpg,5,3,0.16349621,0.1398457,0.105561085,0.2532279,0.11062707,0.15120926,0.076032795
/home/share/Uni_Eval/HAM10000_clean/ISIC2018/ISIC_0031224.jpg,5,5,0.011798315,0.00032439505,0.013579777,0.021700423,0.09280094,0.8533815,0.006414633
/home/share/Uni_Eval/HAM10000_clean/ISIC2018/ISIC_0030317.jpg,5,5,0.0006019037,0.0001984868,0.008844911,0.0078056073,0.045625523,0.93084455,0.0060790125
/home/share/Uni_Eval/HAM10000_clean/ISIC2018/ISIC_0026375.jpg,5,5,0.006770402,0.040830746,0.064235784,0.1059069,0.25805828,0.49742034,0.02677746
/home/share/Uni_Eval/HAM10000_clean/ISIC2018/ISIC_0030515.jpg,5,5,0.0013342601,0.010494768,0.01134755,0.054988652,0.09802787,0.80805236,0.015754513
/home/share/Uni_Eval/HAM10000_clean/ISIC2018/ISIC_0029461.jpg,5,5,0.011816803,0.0011164428,0.022777487,0.13952902,0.17915879,0.6351731,0.010428293
/home/share/Uni_Eval/HAM10000_clean/ISIC2018/ISIC_0032458.jpg,5,5,0.002854469,0.00076827,0.013832362,0.022805708,0.08341982,0.86925447,0.0070648794
/home/share/Uni_Eval/HAM10000_clean/ISIC2018/ISIC_0026447.jpg,5,5,0.00044901503,0.022321519,0.013122144,0.084240526,0.041055553,0.82462287,0.01418842
/home/share/Uni_Eval/HAM10000_clean/ISIC2018/ISIC_0029643.jpg,5,5,0.009355969,0.00067774416,0.013401806,0.029272234,0.065966,0.86893165,0.012394644
/home/share/Uni_Eval/HAM10000_clean/ISIC2018/ISIC_0026837.jpg,5,5,0.0014548837,0.00069806085,0.0054906732,0.0452601,0.041858755,0.8949796,0.01025793
/home/share/Uni_Eval/HAM10000_clean/ISIC2018/ISIC_0032480.jpg,5,5,0.07313081,0.00161567,0.014400309,0.15725596,0.31766576,0.427466,0.008465505
/home/share/Uni_Eval/HAM10000_clean/ISIC2018/ISIC_0026971.jpg,5,5,0.021605944,0.00326201,0.014169525,0.047191724,0.17262015,0.72675794,0.014392661
/home/share/Uni_Eval/HAM10000_clean/ISIC2018/ISIC_0030027.jpg,5,3,0.006145263,0.08752562,0.007890673,0.4881787,0.12935449,0.2235045,0.0574007
/home/share/Uni_Eval/HAM10000_clean/ISIC2018/ISIC_0030702.jpg,5,5,0.0005332636,0.00021545797,0.022674946,0.0061028786,0.09546509,0.8508711,0.024137355
/home/share/Uni_Eval/HAM10000_clean/ISIC2018/ISIC_0027196.jpg,5,5,0.0073337806,0.00049133267,0.005801498,0.020568097,0.23538938,0.7250504,0.005365508
/home/share/Uni_Eval/HAM10000_clean/ISIC2018/ISIC_0031732.jpg,5,5,0.014394536,0.010865566,0.027746193,0.096843734,0.1282971,0.7044897,0.017363125
/home/share/Uni_Eval/HAM10000_clean/ISIC2018/ISIC_0027168.jpg,5,5,0.02840738,0.000545269,0.018341184,0.04683585,0.11235337,0.7798869,0.01363001
/home/share/Uni_Eval/HAM10000_clean/ISIC2018/ISIC_0028257.jpg,5,5,0.002569571,0.0057008425,0.0383542,0.012847046,0.09345583,0.83296275,0.0141097205
/home/share/Uni_Eval/HAM10000_clean/ISIC2018/ISIC_0025329.jpg,5,5,0.1442792,0.010616139,0.023552932,0.25321788,0.13553777,0.4110132,0.021782901
/home/share/Uni_Eval/HAM10000_clean/ISIC2018/ISIC_0029834.jpg,5,5,0.0021135856,0.0035395897,0.0077311746,0.064732336,0.09717474,0.81363416,0.011074397
/home/share/Uni_Eval/HAM10000_clean/ISIC2018/ISIC_0025279.jpg,5,5,0.0024613999,0.0014929146,0.00807062,0.029985992,0.08813373,0.86273307,0.007122297
/home/share/Uni_Eval/HAM10000_clean/ISIC2018/ISIC_0030595.jpg,5,3,0.006013168,0.020026907,0.020342285,0.40858573,0.17849788,0.33872947,0.027804608
/home/share/Uni_Eval/HAM10000_clean/ISIC2018/ISIC_0030651.jpg,5,3,0.18426484,0.0171393,0.01512538,0.6136956,0.06368023,0.08841124,0.01768336
/home/share/Uni_Eval/HAM10000_clean/ISIC2018/ISIC_0027516.jpg,5,5,0.3442557,0.023795813,0.053624697,0.054469164,0.14128226,0.35518354,0.027388815
/home/share/Uni_Eval/HAM10000_clean/ISIC2018/ISIC_0031241.jpg,5,5,0.0029887294,0.0040217754,0.0581833,0.07355059,0.18490614,0.5876305,0.08871894
/home/share/Uni_Eval/HAM10000_clean/ISIC2018/ISIC_0029873.jpg,5,5,0.014484691,0.00097041385,0.0138213895,0.0038985023,0.11939859,0.841842,0.005584346
/home/share/Uni_Eval/HAM10000_clean/ISIC2018/ISIC_0024389.jpg,5,5,0.0068412065,0.010431595,0.018596329,0.1005308,0.105355375,0.7428277,0.015416897
/home/share/Uni_Eval/HAM10000_clean/ISIC2018/ISIC_0029658.jpg,5,3,0.0006400409,0.05672142,0.009405333,0.4531743,0.07059094,0.3698701,0.03959793
/home/share/Uni_Eval/HAM10000_clean/ISIC2018/ISIC_0027995.jpg,5,1,0.016802551,0.44709927,0.030904619,0.1301133,0.14290151,0.22133018,0.010848542
/home/share/Uni_Eval/HAM10000_clean/ISIC2018/ISIC_0031740.jpg,5,5,0.013235952,0.049177527,0.039515257,0.04141163,0.34135973,0.504497,0.01080287
/home/share/Uni_Eval/HAM10000_clean/ISIC2018/ISIC_0028532.jpg,5,3,0.022240117,0.0056231823,0.0240473,0.43296105,0.06639673,0.43296105,0.015770605
/home/share/Uni_Eval/HAM10000_clean/ISIC2018/ISIC_0026719.jpg,5,5,0.0005160356,0.01531826,0.0128992675,0.45471486,0.039116543,0.46187556,0.015559486
/home/share/Uni_Eval/HAM10000_clean/ISIC2018/ISIC_0029037.jpg,5,5,0.0052610235,0.000886101,0.0447437,0.06716824,0.18258224,0.6890581,0.010300584
/home/share/Uni_Eval/HAM10000_clean/ISIC2018/ISIC_0031193.jpg,5,5,0.0013496956,0.0026016065,0.0067480532,0.19113961,0.17133643,0.61700624,0.00981836
/home/share/Uni_Eval/HAM10000_clean/ISIC2018/ISIC_0030934.jpg,5,5,0.006455047,0.00029722595,0.0049492563,0.04769671,0.08772767,0.8454444,0.007429714
/home/share/Uni_Eval/HAM10000_clean/ISIC2018/ISIC_0028530.jpg,5,5,0.0004362519,0.00021261217,0.0032234895,0.024193633,0.07110904,0.8937843,0.007040749
/home/share/Uni_Eval/HAM10000_clean/ISIC2018/ISIC_0028959.jpg,5,5,0.004714442,0.0038478153,0.04836399,0.09769796,0.03594107,0.78055525,0.02887946
/home/share/Uni_Eval/HAM10000_clean/ISIC2018/ISIC_0028754.jpg,5,5,0.00084037654,0.00095227145,0.014213893,0.007849657,0.28998953,0.66379267,0.022361591
/home/share/Uni_Eval/HAM10000_clean/ISIC2018/ISIC_0032353.jpg,5,5,0.0052958727,0.002139726,0.018197838,0.054328706,0.11147527,0.7983545,0.010208061
/home/share/Uni_Eval/HAM10000_clean/ISIC2018/ISIC_0029579.jpg,5,5,0.0013296306,0.001996012,0.005775652,0.046871096,0.103988074,0.83081,0.009229466
/home/share/Uni_Eval/HAM10000_clean/ISIC2018/ISIC_0032001.jpg,5,5,0.00030845846,0.00021533872,0.0050566643,0.02095929,0.06257288,0.9052462,0.0056411163
/home/share/Uni_Eval/HAM10000_clean/ISIC2018/ISIC_0027894.jpg,5,5,0.0027406293,0.0003027229,0.016271865,0.004735383,0.14502956,0.8216484,0.00927143
/home/share/Uni_Eval/HAM10000_clean/ISIC2018/ISIC_0026763.jpg,5,5,0.00045197672,0.000102437785,0.011656633,0.0040284246,0.046102874,0.926001,0.011656633
/home/share/Uni_Eval/HAM10000_clean/ISIC2018/ISIC_0031432.jpg,5,5,0.001010433,0.004973525,0.019065471,0.018478889,0.11862936,0.8234509,0.014391373
/home/share/Uni_Eval/HAM10000_clean/ISIC2018/ISIC_0030780.jpg,5,5,0.011291552,0.00080527604,0.013620211,0.03166794,0.13125996,0.80406475,0.007290373
/home/share/Uni_Eval/HAM10000_clean/ISIC2018/ISIC_0025787.jpg,5,5,0.009087184,0.0017893728,0.027556546,0.019540517,0.037081387,0.8983997,0.006545253
/home/share/Uni_Eval/HAM10000_clean/ISIC2018/ISIC_0028286.jpg,5,5,0.00059706473,0.0021167784,0.0203997,0.022057336,0.094327256,0.8407297,0.01977207
/home/share/Uni_Eval/HAM10000_clean/ISIC2018/ISIC_0031911.jpg,5,5,0.0002441088,0.00075190805,0.0055558905,0.12449104,0.2594616,0.59391356,0.015581881
/home/share/Uni_Eval/HAM10000_clean/ISIC2018/ISIC_0025138.jpg,5,5,0.0065059606,0.0015943542,0.007257924,0.11713695,0.17861253,0.6846918,0.0042005633
/home/share/Uni_Eval/HAM10000_clean/ISIC2018/ISIC_0026797.jpg,5,5,0.0028654083,0.008554529,0.10752366,0.043443482,0.047713332,0.7581156,0.03178393
/home/share/Uni_Eval/HAM10000_clean/ISIC2018/ISIC_0027464.jpg,5,5,0.00052791816,0.0019923423,0.0017582361,0.16586697,0.19391811,0.6259754,0.009961085
/home/share/Uni_Eval/HAM10000_clean/ISIC2018/ISIC_0027241.jpg,5,5,0.008117159,0.0024755937,0.018872961,0.020090163,0.04744662,0.895252,0.0077454476
/home/share/Uni_Eval/HAM10000_clean/ISIC2018/ISIC_0031242.jpg,5,5,0.000649182,0.0014179439,0.005608077,0.027603922,0.14691187,0.79419804,0.023610886
/home/share/Uni_Eval/HAM10000_clean/ISIC2018/ISIC_0030224.jpg,5,5,0.00828772,0.0004899999,0.01132797,0.010809224,0.1091693,0.8453704,0.014545401
/home/share/Uni_Eval/HAM10000_clean/ISIC2018/ISIC_0025220.jpg,5,5,0.022502346,0.0075373426,0.046171818,0.023953624,0.07263847,0.76882976,0.05836665
/home/share/Uni_Eval/HAM10000_clean/ISIC2018/ISIC_0026408.jpg,5,5,0.0015167879,0.0006033365,0.003365141,0.0059060063,0.051020112,0.93306035,0.0045282925
/home/share/Uni_Eval/HAM10000_clean/ISIC2018/ISIC_0030496.jpg,5,1,0.04522971,0.50170094,0.0957513,0.11916443,0.026589176,0.14151125,0.07005315
/home/share/Uni_Eval/HAM10000_clean/ISIC2018/ISIC_0027733.jpg,5,3,0.0010589343,0.0005080822,0.00735046,0.51530707,0.07195299,0.3889742,0.014848338
/home/share/Uni_Eval/HAM10000_clean/ISIC2018/ISIC_0028590.jpg,5,5,0.1018769,0.0032748275,0.012553697,0.063752934,0.122887,0.68540865,0.010246029
/home/share/Uni_Eval/HAM10000_clean/ISIC2018/ISIC_0031161.jpg,5,5,0.032945085,0.0039347294,0.18958588,0.12433345,0.041646488,0.5931617,0.014392641
/home/share/Uni_Eval/HAM10000_clean/ISIC2018/ISIC_0027314.jpg,5,5,0.05062264,0.009813645,0.086112,0.17669035,0.17669035,0.4878577,0.0122132795
/home/share/Uni_Eval/HAM10000_clean/ISIC2018/ISIC_0030571.jpg,5,5,0.007204246,0.0012519102,0.0049514007,0.058464546,0.17729156,0.734853,0.015983317
/home/share/Uni_Eval/HAM10000_clean/ISIC2018/ISIC_0026873.jpg,5,5,0.010194234,0.000641592,0.009428126,0.13854527,0.15946466,0.6713713,0.01035477
/home/share/Uni_Eval/HAM10000_clean/ISIC2018/ISIC_0032506.jpg,5,5,0.002132822,0.005619237,0.03183515,0.054153413,0.019009635,0.8604418,0.026807884
/home/share/Uni_Eval/HAM10000_clean/ISIC2018/ISIC_0024359.jpg,5,5,0.021051448,0.0046243896,0.08196926,0.0056659197,0.12895574,0.7420891,0.015644109
/home/share/Uni_Eval/HAM10000_clean/ISIC2018/ISIC_0031420.jpg,5,5,0.107231684,0.0067488146,0.0128069995,0.15847816,0.14429602,0.54456747,0.025870848
/home/share/Uni_Eval/HAM10000_clean/ISIC2018/ISIC_0026785.jpg,5,5,0.042214517,0.0037467512,0.013283388,0.11839354,0.1544143,0.6301067,0.037840847
/home/share/Uni_Eval/HAM10000_clean/ISIC2018/ISIC_0025229.jpg,5,3,0.063616954,0.036247853,0.03052375,0.5582211,0.13053353,0.15745348,0.023403373
/home/share/Uni_Eval/HAM10000_clean/ISIC2018/ISIC_0030739.jpg,5,3,0.02448868,0.14092262,0.016312977,0.55735976,0.101502754,0.13033213,0.029081028
/home/share/Uni_Eval/HAM10000_clean/ISIC2018/ISIC_0030611.jpg,5,5,0.00014419628,0.0002823226,0.0010326932,0.016929287,0.039361775,0.9388636,0.0033860707
/home/share/Uni_Eval/HAM10000_clean/ISIC2018/ISIC_0027363.jpg,5,5,0.0013600287,0.0018017454,0.002662807,0.0999211,0.0510347,0.8366291,0.006590511
/home/share/Uni_Eval/HAM10000_clean/ISIC2018/ISIC_0030619.jpg,5,5,0.014022744,0.027455201,0.011267591,0.009943615,0.12498337,0.78991914,0.022408282
/home/share/Uni_Eval/HAM10000_clean/ISIC2018/ISIC_0029601.jpg,5,5,0.014689533,0.0070481156,0.005752504,0.106859006,0.19049677,0.66489905,0.0102549475
/home/share/Uni_Eval/HAM10000_clean/ISIC2018/ISIC_0027088.jpg,5,5,0.0028533167,0.00017405344,0.061967317,0.0040871873,0.060060777,0.8554324,0.015424884
/home/share/Uni_Eval/HAM10000_clean/ISIC2018/ISIC_0027158.jpg,5,5,0.001363812,0.00070753635,0.0052280254,0.344307,0.08842535,0.550201,0.009767238
/home/share/Uni_Eval/HAM10000_clean/ISIC2018/ISIC_0024502.jpg,5,3,0.0011643631,0.00058547856,0.0021753167,0.48464864,0.091062784,0.414542,0.0058214488
/home/share/Uni_Eval/HAM10000_clean/ISIC2018/ISIC_0027199.jpg,5,3,0.062120553,0.04837953,0.026717715,0.49631053,0.0602093,0.18837823,0.11788409
/home/share/Uni_Eval/HAM10000_clean/ISIC2018/ISIC_0027929.jpg,5,5,0.0014992483,0.00021938849,0.0030762576,0.0029816113,0.05122429,0.9367944,0.0042047463
/home/share/Uni_Eval/HAM10000_clean/ISIC2018/ISIC_0027029.jpg,5,5,0.012973344,0.020093506,0.025006773,0.23725766,0.060932808,0.61539954,0.02833639
/home/share/Uni_Eval/HAM10000_clean/ISIC2018/ISIC_0031920.jpg,5,5,0.023331117,0.07892815,0.06543373,0.095205516,0.08805071,0.6305944,0.018456431
/home/share/Uni_Eval/HAM10000_clean/ISIC2018/ISIC_0029763.jpg,5,2,0.043277472,0.26099655,0.3738603,0.057333335,0.031171594,0.19395617,0.039404586
/home/share/Uni_Eval/HAM10000_clean/ISIC2018/ISIC_0031841.jpg,5,5,0.008571214,0.028546501,0.10942992,0.11115319,0.028546501,0.6808958,0.03285682
/home/share/Uni_Eval/HAM10000_clean/ISIC2018/ISIC_0028946.jpg,5,5,0.0018278298,0.0014687026,0.0039304523,0.036712945,0.07533006,0.8756832,0.0050468002
/home/share/Uni_Eval/HAM10000_clean/ISIC2018/ISIC_0031152.jpg,5,5,0.00644068,0.001191406,0.0065421057,0.16610733,0.08095424,0.7328999,0.005864306
/home/share/Uni_Eval/HAM10000_clean/ISIC2018/ISIC_0030075.jpg,5,5,0.0005314046,0.0002285543,0.0022725295,0.01705628,0.05953227,0.9168038,0.0035751904
/home/share/Uni_Eval/HAM10000_clean/ISIC2018/ISIC_0028328.jpg,5,5,0.0007848021,0.00041356165,0.0038629312,0.012865525,0.07638614,0.90194297,0.0037440814
/home/share/Uni_Eval/HAM10000_clean/ISIC2018/ISIC_0027547.jpg,5,5,0.0069640325,0.0023326585,0.008941994,0.09464506,0.06110744,0.81760854,0.008400227
/home/share/Uni_Eval/HAM10000_clean/ISIC2018/ISIC_0029750.jpg,5,5,0.0008654955,0.0023526608,0.0075944825,0.00600773,0.08164838,0.8916262,0.009905073
/home/share/Uni_Eval/HAM10000_clean/ISIC2018/ISIC_0024991.jpg,5,5,0.001888705,0.00066299783,0.027754318,0.002425145,0.07198922,0.8908191,0.004460525
/home/share/Uni_Eval/HAM10000_clean/ISIC2018/ISIC_0031805.jpg,5,5,0.001455815,0.00024519925,0.012774371,0.0331342,0.064873606,0.88166827,0.005848533
/home/share/Uni_Eval/HAM10000_clean/ISIC2018/ISIC_0031688.jpg,5,5,0.0054292297,0.00023854367,0.015466434,0.008278586,0.022857908,0.9420395,0.005689783
/home/share/Uni_Eval/HAM10000_clean/ISIC2018/ISIC_0031731.jpg,5,5,0.00035305266,0.00060056284,0.0025682815,0.05754757,0.07389254,0.85897255,0.0060654697
/home/share/Uni_Eval/HAM10000_clean/ISIC2018/ISIC_0028444.jpg,5,5,0.006276347,0.0023452996,0.009275839,0.03137976,0.16963737,0.7722344,0.008851068
/home/share/Uni_Eval/HAM10000_clean/ISIC2018/ISIC_0025139.jpg,5,5,0.013573062,0.00060574996,0.01090626,0.0100866435,0.048878472,0.9079706,0.007979191
/home/share/Uni_Eval/HAM10000_clean/ISIC2018/ISIC_0027690.jpg,5,5,0.01483248,0.0011085684,0.04159872,0.021920986,0.044978943,0.86205524,0.013505126
/home/share/Uni_Eval/HAM10000_clean/ISIC2018/ISIC_0031658.jpg,5,5,0.0004168822,0.0010480417,0.0028047052,0.17083077,0.08325627,0.7305505,0.011092824
/home/share/Uni_Eval/HAM10000_clean/ISIC2018/ISIC_0025828.jpg,5,5,0.0007366476,0.0025711523,0.002780079,0.062293325,0.13187496,0.7829777,0.016766021
/home/share/Uni_Eval/HAM10000_clean/ISIC2018/ISIC_0026578.jpg,5,5,0.0020218652,0.0071681347,0.008122561,0.17918082,0.155675,0.63525116,0.012580467
/home/share/Uni_Eval/HAM10000_clean/ISIC2018/ISIC_0025349.jpg,5,5,0.02069321,0.0033780742,0.014904763,0.22953506,0.054519355,0.65388453,0.023084948
/home/share/Uni_Eval/HAM10000_clean/ISIC2018/ISIC_0027169.jpg,5,5,0.0028123502,0.000689196,0.0030887623,0.086133234,0.09459886,0.8045398,0.008137804
/home/share/Uni_Eval/HAM10000_clean/ISIC2018/ISIC_0025888.jpg,5,5,0.0003278746,0.00057543785,0.0053749587,0.03344412,0.13862202,0.8102768,0.011378788
/home/share/Uni_Eval/HAM10000_clean/ISIC2018/ISIC_0026813.jpg,5,5,0.0020034218,0.061358377,0.016258352,0.037215736,0.118271366,0.73590916,0.028983645
/home/share/Uni_Eval/HAM10000_clean/ISIC2018/ISIC_0030449.jpg,5,5,0.0035564597,0.003967517,0.004861104,0.040701527,0.18241158,0.7443531,0.020148717
/home/share/Uni_Eval/HAM10000_clean/ISIC2018/ISIC_0029520.jpg,5,5,0.01105634,0.003479032,0.014196622,0.024529561,0.1550316,0.7751093,0.016597532
/home/share/Uni_Eval/HAM10000_clean/ISIC2018/ISIC_0026517.jpg,5,5,0.019188266,0.0011168909,0.014259509,0.05910402,0.12909505,0.7664726,0.010763642
/home/share/Uni_Eval/HAM10000_clean/ISIC2018/ISIC_0031416.jpg,5,5,0.0057953717,0.0039830967,0.019301536,0.00755859,0.26644945,0.6804025,0.016509477
/home/share/Uni_Eval/HAM10000_clean/ISIC2018/ISIC_0027782.jpg,5,5,0.00023525888,0.00645872,0.01649292,0.030335125,0.05080177,0.872778,0.02289815
/home/share/Uni_Eval/HAM10000_clean/ISIC2018/ISIC_0031752.jpg,5,5,0.004885039,0.0024563516,0.023672221,0.010181295,0.08392531,0.86096364,0.0139161805
/home/share/Uni_Eval/HAM10000_clean/ISIC2018/ISIC_0028152.jpg,5,5,0.018780421,0.04298881,0.003584306,0.25127923,0.25127923,0.39531776,0.036770277
/home/share/Uni_Eval/HAM10000_clean/ISIC2018/ISIC_0025697.jpg,5,5,0.0008445282,0.020461045,0.007071148,0.1233959,0.09915139,0.73263514,0.016440913
/home/share/Uni_Eval/HAM10000_clean/ISIC2018/ISIC_0030905.jpg,5,4,0.02657763,0.0013440601,0.017159808,0.0070423707,0.4785185,0.45660555,0.012752086
/home/share/Uni_Eval/HAM10000_clean/ISIC2018/ISIC_0026630.jpg,5,5,0.0063494695,0.00983425,0.007779532,0.10739313,0.2616797,0.5897043,0.017259646
/home/share/Uni_Eval/HAM10000_clean/ISIC2018/ISIC_0025360.jpg,5,5,0.00035753977,0.00028729127,0.001553082,0.117726766,0.04468404,0.8300545,0.005336747
/home/share/Uni_Eval/HAM10000_clean/ISIC2018/ISIC_0028253.jpg,5,0,0.46563777,0.022469481,0.13550831,0.03071214,0.044685904,0.24537387,0.055612504
/home/share/Uni_Eval/HAM10000_clean/ISIC2018/ISIC_0025669.jpg,5,5,0.059957217,0.0052390024,0.04251603,0.18468122,0.10359678,0.5778164,0.026193367
/home/share/Uni_Eval/HAM10000_clean/ISIC2018/ISIC_0027368.jpg,5,5,0.018833958,0.05040228,0.08054262,0.009470309,0.094163865,0.71786857,0.028718358
/home/share/Uni_Eval/HAM10000_clean/ISIC2018/ISIC_0030777.jpg,5,5,0.010765923,0.003283421,0.016937174,0.025826108,0.12320948,0.7787078,0.041270003
/home/share/Uni_Eval/HAM10000_clean/ISIC2018/ISIC_0029875.jpg,5,5,0.019839387,0.005509199,0.015450931,0.05564094,0.12153098,0.73292565,0.049102955
/home/share/Uni_Eval/HAM10000_clean/ISIC2018/ISIC_0029204.jpg,5,5,0.036686275,0.0059888703,0.035557557,0.031379435,0.20461963,0.5920865,0.09368169
/home/share/Uni_Eval/HAM10000_clean/ISIC2018/ISIC_0032267.jpg,5,5,0.014762859,0.00035821012,0.015231481,0.0067589288,0.030291418,0.9277288,0.0048682736
/home/share/Uni_Eval/HAM10000_clean/ISIC2018/ISIC_0032069.jpg,5,5,0.011600285,0.00055109645,0.01585571,0.022360135,0.0636981,0.87932503,0.006609643
/home/share/Uni_Eval/HAM10000_clean/ISIC2018/ISIC_0029657.jpg,5,5,0.014598571,0.00037122332,0.015299169,0.0074562207,0.03786581,0.9174046,0.00700447
/home/share/Uni_Eval/HAM10000_clean/ISIC2018/ISIC_0030646.jpg,5,5,0.0021636991,0.00033703932,0.0014189886,0.2580283,0.09345166,0.6386262,0.005974164
/home/share/Uni_Eval/HAM10000_clean/ISIC2018/ISIC_0029018.jpg,5,5,0.004782134,0.0017319742,0.03820674,0.049830984,0.20654368,0.6667312,0.032173302
/home/share/Uni_Eval/HAM10000_clean/ISIC2018/ISIC_0028247.jpg,5,5,0.024984973,0.011802066,0.15305153,0.10037364,0.03809753,0.6545183,0.017171904
/home/share/Uni_Eval/HAM10000_clean/ISIC2018/ISIC_0027757.jpg,5,5,0.00045034368,0.0054012514,0.0023596322,0.09573947,0.12293193,0.7530493,0.020068085
/home/share/Uni_Eval/HAM10000_clean/ISIC2018/ISIC_0032363.jpg,5,5,0.009032744,0.17311935,0.00917499,0.13482548,0.13694867,0.47799784,0.058900893
/home/share/Uni_Eval/HAM10000_clean/ISIC2018/ISIC_0025638.jpg,5,3,0.0019130115,0.19820537,0.0060795383,0.4536966,0.06335024,0.24284631,0.03390894
/home/share/Uni_Eval/HAM10000_clean/ISIC2018/ISIC_0031178.jpg,5,5,0.013188248,0.04392357,0.07589313,0.13113156,0.21284755,0.45059824,0.07241773
/home/share/Uni_Eval/HAM10000_clean/ISIC2018/ISIC_0029534.jpg,5,0,0.39982605,0.1298045,0.010327184,0.26221234,0.15414667,0.019293718,0.024389545
/home/share/Uni_Eval/HAM10000_clean/ISIC2018/ISIC_0024594.jpg,5,5,0.0063560926,0.0025282789,0.01115529,0.024365392,0.20400892,0.74623364,0.005352366
/home/share/Uni_Eval/HAM10000_clean/ISIC2018/ISIC_0027444.jpg,5,5,0.0021500809,0.0047701625,0.0042096535,0.031105366,0.40973288,0.5099208,0.03811109
/home/share/Uni_Eval/HAM10000_clean/ISIC2018/ISIC_0027644.jpg,5,5,0.07963245,0.011652802,0.014502147,0.053046644,0.40440693,0.4172442,0.019514773
/home/share/Uni_Eval/HAM10000_clean/ISIC2018/ISIC_0032376.jpg,5,1,0.009566709,0.37038362,0.054199096,0.010183709,0.19825207,0.20776637,0.1496485
/home/share/Uni_Eval/HAM10000_clean/ISIC2018/ISIC_0029790.jpg,5,5,0.0015049258,0.00032041717,0.025059262,0.0010182837,0.05473446,0.9114106,0.0059520965
/home/share/Uni_Eval/HAM10000_clean/ISIC2018/ISIC_0027305.jpg,5,5,0.09561242,0.14130601,0.024941992,0.12866057,0.27666372,0.3086407,0.024174606
/home/share/Uni_Eval/HAM10000_clean/ISIC2018/ISIC_0028918.jpg,5,5,0.0014084834,0.002286194,0.0049935062,0.016119238,0.13924895,0.8267591,0.009184465
/home/share/Uni_Eval/HAM10000_clean/ISIC2018/ISIC_0030697.jpg,5,5,0.0013084436,0.0018452014,0.007529573,0.020467503,0.13346489,0.83044636,0.0049380143
/home/share/Uni_Eval/HAM10000_clean/ISIC2018/ISIC_0028293.jpg,5,5,0.11598911,0.079718076,0.011484478,0.11598911,0.1536606,0.4883324,0.034826245
/home/share/Uni_Eval/HAM10000_clean/ISIC2018/ISIC_0027264.jpg,5,5,0.05216485,0.0783087,0.018892856,0.1683902,0.1999683,0.45063552,0.031639576
/home/share/Uni_Eval/HAM10000_clean/ISIC2018/ISIC_0031404.jpg,5,1,0.08832749,0.6839784,0.019708527,0.019402975,0.14336966,0.029127315,0.01608563
/home/share/Uni_Eval/HAM10000_clean/ISIC2018/ISIC_0025152.jpg,5,3,0.015159649,0.07579348,0.013378344,0.46429133,0.12496232,0.26044384,0.04597107
/home/share/Uni_Eval/HAM10000_clean/ISIC2018/ISIC_0027235.jpg,5,5,0.0044945185,0.0022955758,0.0037260868,0.023184491,0.465673,0.48802108,0.01260519
/home/share/Uni_Eval/HAM10000_clean/ISIC2018/ISIC_0031160.jpg,5,5,0.012762322,0.007862638,0.013167441,0.004479996,0.25236392,0.69679916,0.01256446
/home/share/Uni_Eval/HAM10000_clean/ISIC2018/ISIC_0028010.jpg,5,5,0.0010162186,0.007053955,0.01424938,0.006323124,0.12309585,0.8412075,0.007053955
/home/share/Uni_Eval/HAM10000_clean/ISIC2018/ISIC_0024934.jpg,5,5,0.016362077,0.0040728427,0.043787185,0.019430447,0.25594592,0.65358084,0.0068207285
/home/share/Uni_Eval/HAM10000_clean/ISIC2018/ISIC_0028461.jpg,5,3,0.008451619,0.009880943,0.005900181,0.43348533,0.24316323,0.2887635,0.010355139
/home/share/Uni_Eval/HAM10000_clean/ISIC2018/ISIC_0028332.jpg,5,4,0.03809365,0.0024735949,0.012175462,0.06280581,0.48634708,0.38473225,0.013372128
/home/share/Uni_Eval/HAM10000_clean/ISIC2018/ISIC_0032334.jpg,5,4,0.025191225,0.003924036,0.024800673,0.120180614,0.41296828,0.40656582,0.00636934
/home/share/Uni_Eval/HAM10000_clean/ISIC2018/ISIC_0030858.jpg,5,5,0.001196023,0.00245408,0.017302947,0.00437487,0.12391884,0.8468316,0.0039216084
/home/share/Uni_Eval/HAM10000_clean/ISIC2018/ISIC_0030609.jpg,5,5,0.032772727,0.001509037,0.10914984,0.001104035,0.14460003,0.7007118,0.010152517
/home/share/Uni_Eval/HAM10000_clean/ISIC2018/ISIC_0027987.jpg,5,5,0.0016611306,0.07879689,0.028095897,0.27076423,0.10939864,0.49801165,0.013271561
/home/share/Uni_Eval/HAM10000_clean/ISIC2018/ISIC_0026722.jpg,5,5,0.049926247,0.04915221,0.046901368,0.09474337,0.18262264,0.5537963,0.022857903
/home/share/Uni_Eval/HAM10000_clean/ISIC2018/ISIC_0031663.jpg,5,5,0.006660208,0.01115375,0.013665859,0.09194133,0.04695904,0.81946415,0.010155604
/home/share/Uni_Eval/HAM10000_clean/ISIC2018/ISIC_0025568.jpg,5,5,0.0041686646,0.0089640375,0.021503609,0.01927571,0.12182624,0.79440683,0.029854804
/home/share/Uni_Eval/HAM10000_clean/ISIC2018/ISIC_0030247.jpg,5,3,0.11676124,0.059635803,0.010526344,0.5315281,0.13230783,0.126249,0.022991652
/home/share/Uni_Eval/HAM10000_clean/ISIC2018/ISIC_0029756.jpg,5,5,0.001738109,0.0019695356,0.01783072,0.01649072,0.27033794,0.66909283,0.02254014
/home/share/Uni_Eval/HAM10000_clean/ISIC2018/ISIC_0031629.jpg,5,5,0.041871954,0.009639471,0.059048917,0.009198047,0.21264334,0.6448329,0.022765387
/home/share/Uni_Eval/HAM10000_clean/ISIC2018/ISIC_0027537.jpg,5,5,0.0027064437,0.0025424683,0.019688021,0.02909701,0.19884199,0.7387876,0.008336433
/home/share/Uni_Eval/HAM10000_clean/ISIC2018/ISIC_0026223.jpg,5,5,0.0011062763,0.00049090706,0.00392209,0.02023168,0.08255787,0.8875808,0.004110315
/home/share/Uni_Eval/HAM10000_clean/ISIC2018/ISIC_0024789.jpg,5,0,0.863921,0.06258223,0.008738438,0.037369557,0.013963982,0.007956437,0.0054683737
/home/share/Uni_Eval/HAM10000_clean/ISIC2018/ISIC_0029854.jpg,5,5,0.0139302,0.03906821,0.010515067,0.033416815,0.22482204,0.65054417,0.027703512
/home/share/Uni_Eval/HAM10000_clean/ISIC2018/ISIC_0027911.jpg,5,5,0.07133854,0.020760698,0.028823376,0.037592765,0.29110578,0.5354254,0.01495337
/home/share/Uni_Eval/HAM10000_clean/ISIC2018/ISIC_0031435.jpg,5,5,0.012232458,0.006150866,0.025494631,0.008276895,0.2827938,0.6575152,0.0075361994
/home/share/Uni_Eval/HAM10000_clean/ISIC2018/ISIC_0026389.jpg,5,5,0.016685221,0.1441383,0.0125946645,0.31482702,0.16079791,0.31978482,0.031172095
/home/share/Uni_Eval/HAM10000_clean/ISIC2018/ISIC_0025847.jpg,5,3,0.008373392,0.029686252,0.004624226,0.42281473,0.15075925,0.3673478,0.016394306
/home/share/Uni_Eval/HAM10000_clean/ISIC2018/ISIC_0027462.jpg,5,5,0.0013053798,0.014707668,0.0067336615,0.07827623,0.3095885,0.5605924,0.028796218
/home/share/Uni_Eval/HAM10000_clean/ISIC2018/ISIC_0024824.jpg,5,5,0.030121548,0.019754192,0.023094991,0.020702217,0.1760672,0.7184641,0.011795767
/home/share/Uni_Eval/HAM10000_clean/ISIC2018/ISIC_0031293.jpg,5,5,0.00024051145,0.0007643438,0.002281909,0.006399772,0.13471177,0.85140455,0.004197073
/home/share/Uni_Eval/HAM10000_clean/ISIC2018/ISIC_0025809.jpg,5,5,0.028332997,0.007276515,0.006729677,0.042532865,0.23722929,0.66532594,0.012572691
/home/share/Uni_Eval/HAM10000_clean/ISIC2018/ISIC_0029296.jpg,5,5,0.0012959848,0.0047405157,0.0029665388,0.03787423,0.246971,0.6926473,0.013504473
/home/share/Uni_Eval/HAM10000_clean/ISIC2018/ISIC_0031646.jpg,5,5,0.067930676,0.049699143,0.048928626,0.031590693,0.12890975,0.6546578,0.018283293
/home/share/Uni_Eval/HAM10000_clean/ISIC2018/ISIC_0029986.jpg,5,4,0.23277524,0.04583616,0.05528896,0.020339672,0.34401947,0.27642742,0.025313132
/home/share/Uni_Eval/HAM10000_clean/ISIC2018/ISIC_0026501.jpg,5,5,0.019313592,0.047801603,0.015763296,0.18040137,0.15673542,0.5059481,0.07403657
/home/share/Uni_Eval/HAM10000_clean/ISIC2018/ISIC_0026006.jpg,5,5,0.19073991,0.17640558,0.035283335,0.1156896,0.10051287,0.35634905,0.025019629
/home/share/Uni_Eval/HAM10000_clean/ISIC2018/ISIC_0032364.jpg,5,5,0.08345182,0.0013488733,0.05388055,0.005504245,0.20979789,0.6362042,0.009812377
/home/share/Uni_Eval/HAM10000_clean/ISIC2018/ISIC_0032078.jpg,5,5,0.018547695,0.0055690287,0.02308298,0.04886667,0.35548058,0.54204315,0.006409912
/home/share/Uni_Eval/HAM10000_clean/ISIC2018/ISIC_0027049.jpg,5,5,0.019137075,0.01797762,0.009622727,0.31372052,0.13283764,0.4935517,0.013152707
/home/share/Uni_Eval/HAM10000_clean/ISIC2018/ISIC_0028966.jpg,5,5,0.0013017189,0.0017516542,0.0030265874,0.051190842,0.08439943,0.85240406,0.0059257704
/home/share/Uni_Eval/HAM10000_clean/ISIC2018/ISIC_0032443.jpg,5,5,0.0017683118,0.009265292,0.015516444,0.06331678,0.08929096,0.8083744,0.012467813
/home/share/Uni_Eval/HAM10000_clean/ISIC2018/ISIC_0028527.jpg,5,0,0.32222176,0.006583819,0.078963846,0.021927467,0.32222176,0.21464598,0.033435397
/home/share/Uni_Eval/HAM10000_clean/ISIC2018/ISIC_0025863.jpg,5,5,0.0043462175,0.009948591,0.016923124,0.012975409,0.23729545,0.6974501,0.021061167
/home/share/Uni_Eval/HAM10000_clean/ISIC2018/ISIC_0024387.jpg,5,5,0.002452643,0.0010714803,0.0031988495,0.089203134,0.21735701,0.6800499,0.006666975
/home/share/Uni_Eval/HAM10000_clean/ISIC2018/ISIC_0024924.jpg,5,5,0.005555563,0.008471222,0.014410033,0.019090194,0.389475,0.5492478,0.013750151
/home/share/Uni_Eval/HAM10000_clean/ISIC2018/ISIC_0027099.jpg,5,5,0.06560883,0.016331328,0.07319193,0.0023898014,0.3716993,0.41466057,0.056118205
/home/share/Uni_Eval/HAM10000_clean/ISIC2018/ISIC_0030125.jpg,5,1,0.008719623,0.82258433,0.05096815,0.011551624,0.011372533,0.055109713,0.039694037
/home/share/Uni_Eval/HAM10000_clean/ISIC2018/ISIC_0026911.jpg,5,5,0.00040595065,0.0032944076,0.0033462867,0.054006334,0.19754696,0.733976,0.007424062
/home/share/Uni_Eval/HAM10000_clean/ISIC2018/ISIC_0030464.jpg,5,5,0.00028932752,0.0004144425,0.0030148616,0.007943103,0.080222495,0.9038641,0.004251637
/home/share/Uni_Eval/HAM10000_clean/ISIC2018/ISIC_0026781.jpg,5,5,0.02160583,0.0012381127,0.018771471,0.011746887,0.15473488,0.78580856,0.0060942043
/home/share/Uni_Eval/HAM10000_clean/ISIC2018/ISIC_0032309.jpg,5,5,0.026267186,0.16090602,0.01833745,0.27802068,0.0650119,0.44427577,0.007181049
/home/share/Uni_Eval/HAM10000_clean/ISIC2018/ISIC_0029194.jpg,5,5,0.00073442014,0.01301791,0.0024080712,0.12743114,0.12351047,0.71075374,0.022144211
/home/share/Uni_Eval/HAM10000_clean/ISIC2018/ISIC_0027034.jpg,5,5,0.015924228,0.0006370493,0.042615443,0.005089689,0.22328898,0.69860935,0.0138352085
/home/share/Uni_Eval/HAM10000_clean/ISIC2018/ISIC_0025094.jpg,5,6,0.0024583826,0.0059902235,0.16445366,0.00036540598,0.03845558,0.3270551,0.46122164
/home/share/Uni_Eval/HAM10000_clean/ISIC2018/ISIC_0031713.jpg,5,5,0.0045592724,0.0129881585,0.0040869056,0.0063299234,0.35657266,0.59714687,0.01831624
/home/share/Uni_Eval/HAM10000_clean/ISIC2018/ISIC_0027645.jpg,5,5,0.024578653,0.044506192,0.012553548,0.08578794,0.09421961,0.71829355,0.020060513
/home/share/Uni_Eval/HAM10000_clean/ISIC2018/ISIC_0030979.jpg,5,5,0.00060488004,0.0007296246,0.0041987,0.0068151625,0.07678619,0.9066667,0.0041987
/home/share/Uni_Eval/HAM10000_clean/ISIC2018/ISIC_0028831.jpg,5,5,0.00095194596,0.002797925,0.007487636,0.009614314,0.31838235,0.6532782,0.007487636
/home/share/Uni_Eval/HAM10000_clean/ISIC2018/ISIC_0030053.jpg,5,5,0.039423384,0.023175811,0.013838909,0.17124738,0.2779619,0.45117673,0.023175811
/home/share/Uni_Eval/HAM10000_clean/ISIC2018/ISIC_0025671.jpg,5,5,0.044165265,0.006564581,0.059430864,0.050833907,0.20421812,0.6192838,0.015503467
/home/share/Uni_Eval/HAM10000_clean/ISIC2018/ISIC_0026608.jpg,5,5,0.022406671,0.003893696,0.035250645,0.010258522,0.45005003,0.46433616,0.013804351
/home/share/Uni_Eval/HAM10000_clean/ISIC2018/ISIC_0030334.jpg,5,5,0.028739825,0.003275298,0.028739825,0.006215424,0.3446946,0.57725483,0.011080191
/home/share/Uni_Eval/HAM10000_clean/ISIC2018/ISIC_0030473.jpg,5,5,0.0019946194,0.0034463932,0.05144191,0.011125094,0.090283364,0.8302304,0.011478242
/home/share/Uni_Eval/HAM10000_clean/ISIC2018/ISIC_0030350.jpg,5,5,0.003523706,0.01554732,0.014378921,0.006281685,0.101381265,0.8227384,0.036148604
/home/share/Uni_Eval/HAM10000_clean/ISIC2018/ISIC_0028823.jpg,5,5,0.0030331844,0.09003855,0.015164969,0.38504606,0.05211032,0.43631437,0.018292444
/home/share/Uni_Eval/HAM10000_clean/ISIC2018/ISIC_0024317.jpg,5,5,0.004570917,0.00055451517,0.015463214,0.0060554817,0.07976533,0.88477993,0.008810674
/home/share/Uni_Eval/HAM10000_clean/ISIC2018/ISIC_0033356.jpg,5,5,0.0013907353,0.0017307979,0.001246647,0.080828734,0.20005304,0.7092496,0.0055004642
/home/share/Uni_Eval/HAM10000_clean/ISIC2018/ISIC_0026544.jpg,5,1,0.13332094,0.4236931,0.11583124,0.21640126,0.016173664,0.07596399,0.018615775
/home/share/Uni_Eval/HAM10000_clean/ISIC2018/ISIC_0032470.jpg,5,1,0.23383656,0.5436863,0.07243919,0.086023666,0.009803577,0.04393659,0.010274061
/home/share/Uni_Eval/HAM10000_clean/ISIC2018/ISIC_0025049.jpg,5,5,0.0047385655,0.008715555,0.02225595,0.007691451,0.25470588,0.6816282,0.020264274
/home/share/Uni_Eval/HAM10000_clean/ISIC2018/ISIC_0026432.jpg,5,5,0.0040081507,0.0049882242,0.012737877,0.030082842,0.23661987,0.7064165,0.0051465672
/home/share/Uni_Eval/HAM10000_clean/ISIC2018/ISIC_0030462.jpg,5,5,0.009543073,0.01782881,0.02475285,0.0041044247,0.15890644,0.7581002,0.026764212
/home/share/Uni_Eval/HAM10000_clean/ISIC2018/ISIC_0032527.jpg,5,3,0.00031089404,0.013639184,0.011131979,0.3572986,0.27395034,0.33565098,0.008018063
/home/share/Uni_Eval/HAM10000_clean/ISIC2018/ISIC_0033963.jpg,5,5,0.014021971,0.011092293,0.007623614,0.02040185,0.299803,0.6346829,0.012374348
/home/share/Uni_Eval/HAM10000_clean/ISIC2018/ISIC_0032924.jpg,5,5,0.04503507,0.0046730717,0.010530929,0.011036319,0.338007,0.5840237,0.0066938666
/home/share/Uni_Eval/HAM10000_clean/ISIC2018/ISIC_0030845.jpg,5,5,0.0040307273,0.0028139015,0.01222303,0.08095933,0.24550612,0.62692183,0.027545024
/home/share/Uni_Eval/HAM10000_clean/ISIC2018/ISIC_0033561.jpg,5,5,0.005980184,0.010495551,0.028979143,0.03388005,0.3585978,0.5467963,0.015270936
/home/share/Uni_Eval/HAM10000_clean/ISIC2018/ISIC_0025619.jpg,5,5,0.032563247,0.01689359,0.13287838,0.0012824974,0.15779698,0.6048976,0.053687714
/home/share/Uni_Eval/HAM10000_clean/ISIC2018/ISIC_0034290.jpg,5,5,0.0020847828,0.010102568,0.006625427,0.02877954,0.1372995,0.7901041,0.025004096
/home/share/Uni_Eval/HAM10000_clean/ISIC2018/ISIC_0033165.jpg,5,5,0.0038397578,0.004631632,0.011110707,0.011285676,0.13965277,0.8036463,0.025833169
/home/share/Uni_Eval/HAM10000_clean/ISIC2018/ISIC_0033767.jpg,5,5,0.00049633085,0.0030882743,0.0052533317,0.029762149,0.3301303,0.6167646,0.014504913
/home/share/Uni_Eval/HAM10000_clean/ISIC2018/ISIC_0032590.jpg,5,5,0.0007493828,0.013492308,0.005894352,0.024431411,0.41973338,0.49844572,0.037253454
/home/share/Uni_Eval/HAM10000_clean/ISIC2018/ISIC_0033549.jpg,5,5,0.0007191616,0.0063104434,0.007039808,0.04519362,0.3499642,0.56804794,0.02272478
/home/share/Uni_Eval/HAM10000_clean/ISIC2018/ISIC_0032953.jpg,5,5,0.0016721488,0.003827587,0.023816045,0.007040009,0.09871476,0.8527654,0.012164044
/home/share/Uni_Eval/HAM10000_clean/ISIC2018/ISIC_0031904.jpg,5,5,0.024239697,0.0006984558,0.032618076,0.010263733,0.13103856,0.77801174,0.02312968
/home/share/Uni_Eval/HAM10000_clean/ISIC2018/ISIC_0033511.jpg,5,5,0.002115785,0.00672395,0.015879847,0.07116854,0.1530364,0.7415932,0.00948229
/home/share/Uni_Eval/HAM10000_clean/ISIC2018/ISIC_0025978.jpg,5,5,0.02292119,0.020869981,0.07399051,0.04418175,0.10434335,0.7242864,0.009406838
/home/share/Uni_Eval/HAM10000_clean/ISIC2018/ISIC_0027654.jpg,5,6,0.025870673,0.003967397,0.26128456,0.0011727603,0.061098363,0.27813596,0.36847028
/home/share/Uni_Eval/HAM10000_clean/ISIC2018/ISIC_0025421.jpg,5,5,0.023974713,0.0068688695,0.09631505,0.014541398,0.3809334,0.43845165,0.038914796
/home/share/Uni_Eval/HAM10000_clean/ISIC2018/ISIC_0024730.jpg,5,5,0.00046472118,0.0010805092,0.0037713472,0.022391522,0.26855543,0.69657975,0.0071567604
/home/share/Uni_Eval/HAM10000_clean/ISIC2018/ISIC_0031988.jpg,5,5,0.0010473724,0.0008819759,0.0028918877,0.013582531,0.1229662,0.85355455,0.0050754207
/home/share/Uni_Eval/HAM10000_clean/ISIC2018/ISIC_0026084.jpg,5,0,0.665222,0.13098997,0.0054917433,0.042526215,0.105253406,0.042526215,0.007990439
/home/share/Uni_Eval/HAM10000_clean/ISIC2018/ISIC_0030085.jpg,5,5,0.015516246,0.009862727,0.08129931,0.0038622988,0.16681537,0.71337885,0.009265173
/home/share/Uni_Eval/HAM10000_clean/ISIC2018/ISIC_0031757.jpg,5,5,0.009127069,0.003254357,0.14501971,0.003057185,0.39420447,0.40041226,0.044925008
/home/share/Uni_Eval/HAM10000_clean/ISIC2018/ISIC_0025117.jpg,5,5,0.0027808482,0.024401166,0.02256739,0.17475428,0.12785296,0.61955774,0.028085569
/home/share/Uni_Eval/HAM10000_clean/ISIC2018/ISIC_0032641.jpg,5,5,0.00092776085,0.009081766,0.010617661,0.35160863,0.18241215,0.437584,0.0077680466
/home/share/Uni_Eval/HAM10000_clean/ISIC2018/ISIC_0032743.jpg,5,5,0.0067494437,0.00028742594,0.028416218,0.001578279,0.08752811,0.85680467,0.01863581
/home/share/Uni_Eval/HAM10000_clean/ISIC2018/ISIC_0033157.jpg,5,5,0.0045686658,0.00046671863,0.010622468,0.0077715633,0.04542653,0.9267847,0.0043594516
/home/share/Uni_Eval/HAM10000_clean/ISIC2018/ISIC_0032623.jpg,5,5,0.0071232226,0.0024617198,0.02773611,0.017356815,0.44069818,0.48401225,0.02061173
/home/share/Uni_Eval/HAM10000_clean/ISIC2018/ISIC_0032595.jpg,5,5,0.011114175,0.0028543565,0.007638654,0.06102883,0.24903573,0.6561218,0.012206534
/home/share/Uni_Eval/HAM10000_clean/ISIC2018/ISIC_0034281.jpg,5,3,0.004888375,0.0076904935,0.0032563598,0.8093529,0.069624044,0.09818564,0.007002274
/home/share/Uni_Eval/HAM10000_clean/ISIC2018/ISIC_0032957.jpg,5,5,0.0039814,0.007917959,0.007795203,0.03131614,0.24632049,0.68011266,0.022556167
/home/share/Uni_Eval/HAM10000_clean/ISIC2018/ISIC_0033070.jpg,5,5,0.019360768,0.048672963,0.0057230312,0.13230683,0.3326193,0.4475882,0.013728838
/home/share/Uni_Eval/HAM10000_clean/ISIC2018/ISIC_0032742.jpg,5,5,0.0011520425,0.001990551,0.0030830256,0.06289939,0.2607107,0.6657481,0.00441623
/home/share/Uni_Eval/HAM10000_clean/ISIC2018/ISIC_0034112.jpg,5,5,0.0013179099,0.0015407926,0.0044584316,0.017090915,0.12050269,0.84962666,0.0054625846
/home/share/Uni_Eval/HAM10000_clean/ISIC2018/ISIC_0033409.jpg,5,5,0.00020343508,0.00059792894,0.001730165,0.0944638,0.28201684,0.61598134,0.0050063985
/home/share/Uni_Eval/HAM10000_clean/ISIC2018/ISIC_0034184.jpg,5,5,0.012588977,0.016677683,0.15336512,0.01060098,0.093020655,0.6456913,0.068055354
/home/share/Uni_Eval/HAM10000_clean/ISIC2018/ISIC_0033471.jpg,5,4,0.032158542,0.005168348,0.020441217,0.013831219,0.55248606,0.3567118,0.019202745
/home/share/Uni_Eval/HAM10000_clean/ISIC2018/ISIC_0032568.jpg,5,5,0.002774366,0.0014393221,0.027585693,0.02890956,0.1255774,0.80617213,0.0075415084
/home/share/Uni_Eval/HAM10000_clean/ISIC2018/ISIC_0032516.jpg,5,5,0.015580346,0.041048743,0.0035311908,0.29860908,0.25541386,0.3774772,0.008339558
/home/share/Uni_Eval/HAM10000_clean/ISIC2018/ISIC_0034102.jpg,5,5,0.0008599682,0.0010212375,0.008287638,0.0824045,0.28316084,0.61848015,0.0057857037
/home/share/Uni_Eval/HAM10000_clean/ISIC2018/ISIC_0033988.jpg,5,5,0.022965522,0.0062784245,0.026849417,0.01995279,0.082702026,0.8352608,0.005990914
/home/share/Uni_Eval/HAM10000_clean/ISIC2018/ISIC_0032859.jpg,5,5,0.020222018,0.003981951,0.014339557,0.038374644,0.121954374,0.79524237,0.005884942
/home/share/Uni_Eval/HAM10000_clean/ISIC2018/ISIC_0032728.jpg,5,5,0.000102920254,0.000931764,0.00097648037,0.17756279,0.08519556,0.724567,0.010663474
/home/share/Uni_Eval/HAM10000_clean/ISIC2018/ISIC_0032802.jpg,5,5,0.003358253,0.00044050693,0.010183777,0.02025286,0.13840316,0.8217374,0.005624016
/home/share/Uni_Eval/HAM10000_clean/ISIC2018/ISIC_0033222.jpg,5,4,0.117029674,0.02415044,0.028679358,0.011230997,0.54966146,0.2596417,0.009606382
/home/share/Uni_Eval/HAM10000_clean/ISIC2018/ISIC_0032546.jpg,5,0,0.31735876,0.076566376,0.030456,0.017353304,0.298131,0.25500494,0.005129627
/home/share/Uni_Eval/HAM10000_clean/ISIC2018/ISIC_0032521.jpg,5,5,0.0021735157,0.01606023,0.06156515,0.07197695,0.14768712,0.6828983,0.017638711
/home/share/Uni_Eval/HAM10000_clean/ISIC2018/ISIC_0033618.jpg,5,5,0.008035184,0.01727836,0.008553409,0.10584279,0.27885863,0.54597867,0.0354529
/home/share/Uni_Eval/HAM10000_clean/ISIC2018/ISIC_0033016.jpg,5,5,0.0053917905,0.01686942,0.015121651,0.10496506,0.25979102,0.55863845,0.039222576
/home/share/Uni_Eval/HAM10000_clean/ISIC2018/ISIC_0032895.jpg,5,5,0.010896449,0.0022486092,0.0105612,0.02494222,0.14353256,0.8005603,0.007258599
/home/share/Uni_Eval/HAM10000_clean/ISIC2018/ISIC_0033237.jpg,5,5,0.004995832,0.0025918037,0.010576176,0.06279365,0.344805,0.56848735,0.005750168
/home/share/Uni_Eval/HAM10000_clean/ISIC2018/ISIC_0033373.jpg,5,5,0.030067915,0.09555563,0.10660001,0.0034266517,0.31824887,0.38992664,0.05617426
/home/share/Uni_Eval/HAM10000_clean/ISIC2018/ISIC_0033411.jpg,5,5,0.0073466697,0.13647237,0.0061865165,0.04227717,0.17251724,0.62125844,0.013941531
/home/share/Uni_Eval/HAM10000_clean/ISIC2018/ISIC_0033824.jpg,5,5,0.0008512981,0.0015904343,0.0028352556,0.33287168,0.1838292,0.46942434,0.008597807
/home/share/Uni_Eval/HAM10000_clean/ISIC2018/ISIC_0032838.jpg,5,5,0.0008916643,0.0014701058,0.0023862172,0.07423305,0.19557802,0.7153947,0.010046351
/home/share/Uni_Eval/HAM10000_clean/ISIC2018/ISIC_0034307.jpg,5,3,0.0013829168,0.0052190735,0.0117613645,0.42776328,0.12644657,0.42113143,0.006295405
/home/share/Uni_Eval/HAM10000_clean/ISIC2018/ISIC_0034137.jpg,5,5,0.008336019,0.0023148288,0.007830964,0.019081337,0.11872807,0.8371144,0.0065943343
/home/share/Uni_Eval/HAM10000_clean/ISIC2018/ISIC_0033972.jpg,5,0,0.49264306,0.09256489,0.036819767,0.11165457,0.05274188,0.19292179,0.020654019
/home/share/Uni_Eval/HAM10000_clean/ISIC2018/ISIC_0033367.jpg,5,0,0.75765145,0.009100674,0.0053500105,0.087704524,0.07501765,0.056626294,0.008549293
/home/share/Uni_Eval/HAM10000_clean/ISIC2018/ISIC_0033289.jpg,5,5,0.030558754,0.0013852785,0.02235726,0.016356923,0.33896646,0.5766014,0.01377391
/home/share/Uni_Eval/HAM10000_clean/ISIC2018/ISIC_0033283.jpg,5,5,0.0075547984,0.009112827,0.0073223626,0.023636876,0.30652764,0.6388585,0.0069870465
/home/share/Uni_Eval/HAM10000_clean/ISIC2018/ISIC_0034179.jpg,5,5,0.0023175974,0.00038429536,0.11342662,0.012926522,0.044418503,0.81232953,0.014197007
/home/share/Uni_Eval/HAM10000_clean/ISIC2018/ISIC_0033983.jpg,5,5,0.0044946577,0.0070710895,0.053907227,0.022471875,0.21997513,0.6775711,0.014508932
/home/share/Uni_Eval/HAM10000_clean/ISIC2018/ISIC_0032541.jpg,5,5,0.0014825105,0.0026844796,0.009974052,0.018060677,0.18240637,0.7800531,0.0053387256
/home/share/Uni_Eval/HAM10000_clean/ISIC2018/ISIC_0033961.jpg,5,5,0.0017859226,0.0016517085,0.010603512,0.011287379,0.20007358,0.7669604,0.0076374225
/home/share/Uni_Eval/HAM10000_clean/ISIC2018/ISIC_0033702.jpg,5,5,0.0009880977,0.000806462,0.0064432067,0.009086379,0.13352337,0.8438936,0.0052587925
/home/share/Uni_Eval/HAM10000_clean/ISIC2018/ISIC_0032942.jpg,5,5,0.0008246971,0.00375424,0.033461176,0.0053777,0.103067674,0.8364241,0.017090295
/home/share/Uni_Eval/HAM10000_clean/ISIC2018/ISIC_0034153.jpg,5,0,0.6237257,0.14585103,0.014441207,0.0058347746,0.10670689,0.09270855,0.010731793
/home/share/Uni_Eval/HAM10000_clean/ISIC2018/ISIC_0032860.jpg,5,1,0.018185565,0.5657363,0.0034169662,0.028609907,0.10143094,0.0069024614,0.27571785
/home/share/Uni_Eval/HAM10000_clean/ISIC2018/ISIC_0034116.jpg,5,5,0.011710646,0.07756554,0.0087026125,0.06845135,0.32150027,0.48262903,0.029440558
/home/share/Uni_Eval/HAM10000_clean/ISIC2018/ISIC_0034060.jpg,5,5,0.00067026267,0.002451719,0.007791547,0.029404992,0.15649739,0.7947594,0.008424671
/home/share/Uni_Eval/HAM10000_clean/ISIC2018/ISIC_0033213.jpg,5,5,0.00060143636,0.002132277,0.002341848,0.20115292,0.22092324,0.5641473,0.008701021
/home/share/Uni_Eval/HAM10000_clean/ISIC2018/ISIC_0033897.jpg,5,5,0.00032027345,0.0017045393,0.0040889774,0.022452902,0.22325058,0.73201054,0.016172219
/home/share/Uni_Eval/HAM10000_clean/ISIC2018/ISIC_0032908.jpg,5,5,0.008598468,0.09995391,0.095376685,0.0060026986,0.34346464,0.40155083,0.045052752
/home/share/Uni_Eval/HAM10000_clean/ISIC2018/ISIC_0034203.jpg,5,0,0.5794601,0.28240627,0.010448639,0.06920663,0.021439217,0.015932271,0.021106832
/home/share/Uni_Eval/HAM10000_clean/ISIC2018/ISIC_0032746.jpg,5,5,0.16486935,0.03349524,0.01533524,0.05522432,0.16486935,0.54909885,0.017107697
/home/share/Uni_Eval/HAM10000_clean/ISIC2018/ISIC_0034121.jpg,5,3,0.0005439652,0.0009109703,0.002151424,0.9096,0.025009481,0.059064496,0.002719655
/home/share/Uni_Eval/HAM10000_clean/ISIC2018/ISIC_0034240.jpg,5,5,0.02793335,0.0002781614,0.03067878,0.014266958,0.12518859,0.7912162,0.01043793
/home/share/Uni_Eval/HAM10000_clean/ISIC2018/ISIC_0032820.jpg,5,5,0.0017811948,0.0012434743,0.014010182,0.01771053,0.12883525,0.82708657,0.009332794
/home/share/Uni_Eval/HAM10000_clean/ISIC2018/ISIC_0034148.jpg,5,5,0.016537689,0.013288406,0.03237922,0.05255667,0.3648156,0.50649625,0.013926131
/home/share/Uni_Eval/HAM10000_clean/ISIC2018/ISIC_0033566.jpg,5,5,0.0061277105,0.008375587,0.12501654,0.0005109141,0.17087735,0.60581285,0.08327898
/home/share/Uni_Eval/HAM10000_clean/ISIC2018/ISIC_0033447.jpg,5,5,0.007807062,0.047082607,0.031857688,0.029006753,0.17222102,0.68114734,0.030877527
/home/share/Uni_Eval/HAM10000_clean/ISIC2018/ISIC_0033282.jpg,5,3,0.00085871917,0.001996582,0.0032918071,0.5801645,0.13149078,0.27405033,0.008147301
/home/share/Uni_Eval/HAM10000_clean/ISIC2018/ISIC_0034084.jpg,5,4,0.0031026036,0.0075599654,0.019609058,0.2792875,0.36425954,0.31647417,0.009707188
/home/share/Uni_Eval/HAM10000_clean/ISIC2018/ISIC_0034176.jpg,5,5,0.010376399,0.006392714,0.04368627,0.11691052,0.24749959,0.5665322,0.008602337
/home/share/Uni_Eval/HAM10000_clean/ISIC2018/ISIC_0033104.jpg,5,5,0.004624588,0.0058460273,0.005578318,0.15314531,0.26461136,0.55149746,0.01469691
/home/share/Uni_Eval/HAM10000_clean/ISIC2018/ISIC_0034213.jpg,5,3,0.0009194123,0.013510665,0.002921886,0.46888348,0.25894204,0.23576942,0.01905309
/home/share/Uni_Eval/HAM10000_clean/ISIC2018/ISIC_0026279.jpg,5,5,0.007317469,0.003350181,0.038944572,0.026766187,0.22411056,0.65869755,0.04081356
/home/share/Uni_Eval/HAM10000_clean/ISIC2018/ISIC_0032601.jpg,5,5,0.009152031,0.0686898,0.024492105,0.09686815,0.22522521,0.5319108,0.043661896
/home/share/Uni_Eval/HAM10000_clean/ISIC2018/ISIC_0033940.jpg,5,4,0.07313402,0.095384754,0.053505994,0.0129089225,0.42085728,0.31275457,0.031454552
/home/share/Uni_Eval/HAM10000_clean/ISIC2018/ISIC_0032649.jpg,5,5,0.0002838263,0.0012523003,0.0019701447,0.11813844,0.10264046,0.77035934,0.0053554093
/home/share/Uni_Eval/HAM10000_clean/ISIC2018/ISIC_0025769.jpg,5,5,0.00086925935,0.0010162671,0.007054292,0.027900266,0.103662066,0.8544955,0.005002242
/home/share/Uni_Eval/HAM10000_clean/ISIC2018/ISIC_0033978.jpg,5,5,0.007087747,0.0017099985,0.007087747,0.037137136,0.0704739,0.872068,0.004435398
/home/share/Uni_Eval/HAM10000_clean/ISIC2018/ISIC_0032819.jpg,5,3,0.017743655,0.15328178,0.014257427,0.3454258,0.1439949,0.3096377,0.01565872
/home/share/Uni_Eval/HAM10000_clean/ISIC2018/ISIC_0033552.jpg,5,5,0.004263692,0.0017498154,0.0073669986,0.008748527,0.2291806,0.7398041,0.008886296
/home/share/Uni_Eval/HAM10000_clean/ISIC2018/ISIC_0034310.jpg,5,5,0.013765304,0.0005254639,0.018236065,0.011774087,0.24021305,0.70602536,0.009460745
/home/share/Uni_Eval/HAM10000_clean/ISIC2018/ISIC_0033083.jpg,5,5,0.012107606,0.0058092927,0.09087263,0.004385084,0.31717664,0.5311709,0.038477894
/home/share/Uni_Eval/HAM10000_clean/ISIC2018/ISIC_0033244.jpg,5,5,0.11692799,0.26350132,0.017110348,0.109843686,0.07317167,0.4017915,0.017653488
/home/share/Uni_Eval/HAM10000_clean/ISIC2018/ISIC_0034004.jpg,5,3,0.0012969121,0.04500894,0.0069023445,0.68239665,0.12623069,0.10142921,0.036735225
/home/share/Uni_Eval/HAM10000_clean/ISIC2018/ISIC_0032737.jpg,5,5,0.021546647,0.11289636,0.022230612,0.07520519,0.2794212,0.44651377,0.04218629
/home/share/Uni_Eval/HAM10000_clean/ISIC2018/ISIC_0033010.jpg,5,5,0.0071927127,0.00023854873,0.011493922,0.009986092,0.11791257,0.8313646,0.02181163
/home/share/Uni_Eval/HAM10000_clean/ISIC2018/ISIC_0034127.jpg,5,5,0.015138826,0.0079776,0.022373736,0.008360454,0.32877958,0.595343,0.022026863
/home/share/Uni_Eval/HAM10000_clean/ISIC2018/ISIC_0032792.jpg,5,5,0.013291742,0.006683508,0.021240145,0.045673486,0.38241944,0.50662345,0.024068236
/home/share/Uni_Eval/HAM10000_clean/ISIC2018/ISIC_0034187.jpg,5,6,0.0018424982,0.0002613218,0.08471117,0.00027817563,0.0724573,0.36796853,0.47248092
/home/share/Uni_Eval/HAM10000_clean/ISIC2018/ISIC_0034251.jpg,5,5,0.0023729363,0.010802236,0.028908286,0.020181235,0.26583564,0.6278198,0.044079866
/home/share/Uni_Eval/HAM10000_clean/ISIC2018/ISIC_0033673.jpg,5,5,0.015348995,0.0024285633,0.039812263,0.13895845,0.18993367,0.60360795,0.009910055
/home/share/Uni_Eval/HAM10000_clean/ISIC2018/ISIC_0033932.jpg,5,5,0.0061807926,0.0020066095,0.006788272,0.022608398,0.37646362,0.5740385,0.0119137885
/home/share/Uni_Eval/HAM10000_clean/ISIC2018/ISIC_0032593.jpg,5,5,0.00020766175,0.0003940728,0.005110414,0.02438042,0.07393271,0.88672096,0.009253764
/home/share/Uni_Eval/HAM10000_clean/ISIC2018/ISIC_0031290.jpg,5,4,0.007906803,0.006658196,0.019266127,0.014542837,0.5719053,0.35788924,0.021831382
/home/share/Uni_Eval/HAM10000_clean/ISIC2018/ISIC_0033703.jpg,5,5,0.0040906332,0.0080090705,0.03703357,0.0008985929,0.24915493,0.6772732,0.02353997
/home/share/Uni_Eval/HAM10000_clean/ISIC2018/ISIC_0033574.jpg,5,5,0.004864932,0.004429571,0.007418136,0.12352304,0.20686217,0.6472145,0.0056876815
/home/share/Uni_Eval/HAM10000_clean/ISIC2018/ISIC_0032846.jpg,5,5,0.0068273107,0.008496725,0.003951344,0.052868396,0.30423662,0.6145749,0.009044717
/home/share/Uni_Eval/HAM10000_clean/ISIC2018/ISIC_0033994.jpg,5,5,0.0057180016,0.004249258,0.024452794,0.17788182,0.18352841,0.5742096,0.029960189
/home/share/Uni_Eval/HAM10000_clean/ISIC2018/ISIC_0032760.jpg,5,5,0.0005797164,0.0012082327,0.00594713,0.15100059,0.21629836,0.61617666,0.008789288
/home/share/Uni_Eval/HAM10000_clean/ISIC2018/ISIC_0034271.jpg,5,5,0.17437153,0.077376895,0.054017775,0.06026119,0.19758885,0.42488274,0.01150105
/home/share/Uni_Eval/HAM10000_clean/ISIC2018/ISIC_0032670.jpg,5,5,0.00054377515,0.0024370311,0.0020521858,0.026613155,0.24093582,0.71930146,0.008116553
/home/share/Uni_Eval/HAM10000_clean/ISIC2018/ISIC_0033441.jpg,5,5,0.0010891517,0.0030546018,0.0025323536,0.054144107,0.26650664,0.6596103,0.013062873
/home/share/Uni_Eval/HAM10000_clean/ISIC2018/ISIC_0032663.jpg,5,5,0.07044556,0.006350859,0.09479485,0.0056928736,0.23098207,0.56282294,0.028910797
/home/share/Uni_Eval/HAM10000_clean/ISIC2018/ISIC_0034272.jpg,5,3,0.007962581,0.021644538,0.0040668882,0.43474218,0.13053328,0.38365865,0.017391877
/home/share/Uni_Eval/HAM10000_clean/ISIC2018/ISIC_0032911.jpg,5,5,0.007673176,0.023635045,0.0041718334,0.25410068,0.21065687,0.48219836,0.017564073
/home/share/Uni_Eval/HAM10000_clean/ISIC2018/ISIC_0033926.jpg,5,5,0.0017986057,0.0005659564,0.0036332833,0.011728383,0.30247897,0.6710789,0.0087157935
/home/share/Uni_Eval/HAM10000_clean/ISIC2018/ISIC_0033835.jpg,5,5,0.0014635244,0.00077122316,0.00487428,0.006457372,0.14469056,0.8326368,0.009106354
/home/share/Uni_Eval/HAM10000_clean/ISIC2018/ISIC_0033109.jpg,5,3,0.00066288596,0.010532574,0.0007167507,0.76182944,0.08284511,0.13873944,0.0046738004
/home/share/Uni_Eval/HAM10000_clean/ISIC2018/ISIC_0033396.jpg,5,4,0.08728967,0.034183126,0.012575269,0.020733114,0.57816374,0.25258103,0.014474047
/home/share/Uni_Eval/HAM10000_clean/ISIC2018/ISIC_0032752.jpg,5,5,0.06824849,0.0017905635,0.08901282,0.056579985,0.19748357,0.58043647,0.006448067
/home/share/Uni_Eval/HAM10000_clean/ISIC2018/ISIC_0032539.jpg,5,5,0.005735502,0.0014276793,0.021986425,0.025306223,0.23637637,0.69474876,0.014419051
/home/share/Uni_Eval/HAM10000_clean/ISIC2018/ISIC_0033329.jpg,5,5,0.000533483,0.0042622495,0.0023538375,0.12263003,0.124561176,0.73955375,0.0061053894
/home/share/Uni_Eval/HAM10000_clean/ISIC2018/ISIC_0034181.jpg,5,5,0.00027852325,0.00049652136,0.00318753,0.060144275,0.14885852,0.77996284,0.007071844
/home/share/Uni_Eval/HAM10000_clean/ISIC2018/ISIC_0033197.jpg,5,5,0.0018808221,0.00029297557,0.004172786,0.023640443,0.13185582,0.83335435,0.0048028477
/home/share/Uni_Eval/HAM10000_clean/ISIC2018/ISIC_0034171.jpg,5,5,0.001181114,0.002539794,0.004122493,0.017629666,0.18953678,0.7734284,0.0115618175
/home/share/Uni_Eval/HAM10000_clean/ISIC2018/ISIC_0032952.jpg,5,5,0.05227955,0.0015787056,0.023564242,0.013426499,0.29618382,0.5890319,0.023935322
/home/share/Uni_Eval/HAM10000_clean/ISIC2018/ISIC_0033250.jpg,5,5,0.0025278893,0.12180053,0.008551739,0.054899797,0.2538541,0.45254385,0.10582213
/home/share/Uni_Eval/HAM10000_clean/ISIC2018/ISIC_0032720.jpg,5,5,0.00026344703,0.009885776,0.004526038,0.085400075,0.06970151,0.8102533,0.019969817
/home/share/Uni_Eval/HAM10000_clean/ISIC2018/ISIC_0033153.jpg,5,5,0.0011895563,0.0017857356,0.004778876,0.094498165,0.0847076,0.8036834,0.009356586
/home/share/Uni_Eval/HAM10000_clean/ISIC2018/ISIC_0033757.jpg,5,5,0.005360198,0.0015844714,0.08516801,0.008173327,0.25032273,0.5820178,0.06737345
/home/share/Uni_Eval/HAM10000_clean/ISIC2018/ISIC_0030626.jpg,5,5,0.0025482054,0.0025883336,0.011782781,0.0018354034,0.16265629,0.8006223,0.017966598
/home/share/Uni_Eval/HAM10000_clean/ISIC2018/ISIC_0031163.jpg,5,5,0.0043361187,0.00041612468,0.0096201,0.0001579431,0.105054535,0.8659738,0.014441479
/home/share/Uni_Eval/HAM10000_clean/ISIC2018/ISIC_0029775.jpg,5,5,0.006448129,0.009093319,0.027147636,0.016988557,0.26993063,0.59886724,0.07152449
/home/share/Uni_Eval/HAM10000_clean/ISIC2018/ISIC_0031411.jpg,5,5,0.032874,0.00088985835,0.025602298,0.001356872,0.3218006,0.6012026,0.01627381
/home/share/Uni_Eval/HAM10000_clean/ISIC2018/ISIC_0026427.jpg,5,5,0.0065962225,0.019692682,0.0073586185,0.0153366765,0.15012933,0.75059944,0.050287027
/home/share/Uni_Eval/HAM10000_clean/ISIC2018/ISIC_0024608.jpg,5,4,0.015817728,0.002042667,0.007953653,0.00901267,0.51569027,0.42752227,0.021960743
/home/share/Uni_Eval/HAM10000_clean/ISIC2018/ISIC_0028734.jpg,5,4,0.0070160353,0.0066947476,0.01967696,0.037340302,0.45489803,0.44090226,0.033471633
/home/share/Uni_Eval/HAM10000_clean/ISIC2018/ISIC_0026125.jpg,5,5,0.0132579375,0.008427258,0.016243966,0.021519758,0.25015894,0.65908104,0.03131106
/home/share/Uni_Eval/HAM10000_clean/ISIC2018/ISIC_0025618.jpg,5,5,0.01797671,0.024958191,0.10841344,0.0013435656,0.1154055,0.7069444,0.024958191
/home/share/Uni_Eval/HAM10000_clean/ISIC2018/ISIC_0031796.jpg,5,5,0.01519492,0.00060787325,0.0077608055,0.010607763,0.14874169,0.80408996,0.012996904
/home/share/Uni_Eval/HAM10000_clean/ISIC2018/ISIC_0030232.jpg,5,5,0.003987891,0.0038052725,0.009272126,0.009870126,0.16435234,0.7964287,0.01228357
/home/share/Uni_Eval/HAM10000_clean/ISIC2018/ISIC_0024682.jpg,5,5,0.023890616,0.022796586,0.049020357,0.046775553,0.18213274,0.65588516,0.019498954
/home/share/Uni_Eval/HAM10000_clean/ISIC2018/ISIC_0026141.jpg,5,5,0.005119225,0.0019736371,0.013072399,0.013487361,0.20131646,0.74798137,0.017049624
/home/share/Uni_Eval/HAM10000_clean/ISIC2018/ISIC_0030841.jpg,5,4,0.014750509,0.002027701,0.007895378,0.008274285,0.52816176,0.4113328,0.027557578
/home/share/Uni_Eval/HAM10000_clean/ISIC2018/ISIC_0030074.jpg,5,5,0.019770294,0.006418475,0.009194041,0.02275547,0.27721837,0.65470225,0.009941128
/home/share/Uni_Eval/HAM10000_clean/ISIC2018/ISIC_0025734.jpg,5,5,0.24366397,0.004462861,0.18682362,0.0010936711,0.21169892,0.33829388,0.013963057
/home/share/Uni_Eval/HAM10000_clean/ISIC2018/ISIC_0027942.jpg,5,5,0.0026336343,0.005842973,0.027875265,0.024987226,0.4429092,0.46416485,0.031586815
/home/share/Uni_Eval/HAM10000_clean/ISIC2018/ISIC_0026419.jpg,5,5,0.004987266,0.13479605,0.011595742,0.15759254,0.14574927,0.5008281,0.044451017
/home/share/Uni_Eval/HAM10000_clean/ISIC2018/ISIC_0028894.jpg,5,4,0.00917272,0.0021449341,0.013139315,0.011778005,0.51671106,0.42172727,0.02532669
/home/share/Uni_Eval/HAM10000_clean/ISIC2018/ISIC_0032260.jpg,5,5,0.0017381005,0.0017932737,0.0029107705,0.007549964,0.4744555,0.4972251,0.014327315
/home/share/Uni_Eval/HAM10000_clean/ISIC2018/ISIC_0024936.jpg,5,5,0.010994492,0.0012927471,0.02896663,0.0053582876,0.15177427,0.7829113,0.018702261
/home/share/Uni_Eval/HAM10000_clean/ISIC2018/ISIC_0025043.jpg,5,5,0.036363635,0.059953503,0.064825185,0.02137708,0.062830724,0.741885,0.012764837
/home/share/Uni_Eval/HAM10000_clean/ISIC2018/ISIC_0025227.jpg,5,5,0.041816566,0.0031745555,0.012555611,0.015144958,0.35563952,0.5594995,0.0121693155
/home/share/Uni_Eval/HAM10000_clean/ISIC2018/ISIC_0029499.jpg,5,5,0.15182614,0.004584752,0.02943284,0.018418603,0.22791803,0.555357,0.0124626495
/home/share/Uni_Eval/HAM10000_clean/ISIC2018/ISIC_0024658.jpg,5,5,0.003593346,0.008486347,0.017965598,0.13911955,0.35525423,0.45615548,0.019425444
/home/share/Uni_Eval/HAM10000_clean/ISIC2018/ISIC_0029027.jpg,5,5,0.0068879356,0.0020045035,0.007684047,0.006996404,0.32166845,0.6397141,0.015044634
/home/share/Uni_Eval/HAM10000_clean/ISIC2018/ISIC_0025782.jpg,5,5,0.017215982,0.0055892114,0.010280132,0.29118627,0.14191285,0.5031248,0.030690804
/home/share/Uni_Eval/HAM10000_clean/ISIC2018/ISIC_0031308.jpg,5,0,0.49089596,0.022603558,0.19223762,0.0014449969,0.093689136,0.15689978,0.042229
/home/share/Uni_Eval/HAM10000_clean/ISIC2018/ISIC_0028981.jpg,5,0,0.49440372,0.0067293425,0.17628509,0.0021846977,0.09584452,0.1966602,0.02789235
/home/share/Uni_Eval/HAM10000_clean/ISIC2018/ISIC_0031194.jpg,5,5,0.0024020222,0.008515908,0.014040359,0.0331589,0.23379299,0.69797695,0.010112892
/home/share/Uni_Eval/HAM10000_clean/ISIC2018/ISIC_0029667.jpg,5,5,0.011911772,0.007690819,0.03393348,0.062413223,0.15447421,0.71428156,0.015295018
/home/share/Uni_Eval/HAM10000_clean/ISIC2018/ISIC_0027574.jpg,5,5,0.0057367487,0.059778288,0.008478364,0.014422185,0.32315838,0.5583676,0.030058414
/home/share/Uni_Eval/HAM10000_clean/ISIC2018/ISIC_0025945.jpg,5,4,0.0022081395,0.0022081395,0.005465198,0.013316785,0.46943283,0.46943283,0.03793599
/home/share/Uni_Eval/HAM10000_clean/ISIC2018/ISIC_0031149.jpg,5,4,0.0039492254,0.0033255813,0.0058365776,0.024572907,0.50922734,0.41561922,0.03746921
/home/share/Uni_Eval/HAM10000_clean/ISIC2018/ISIC_0027208.jpg,5,5,0.0164743,0.0021609578,0.019563716,0.007904455,0.14914614,0.7937762,0.01097425
/home/share/Uni_Eval/HAM10000_clean/ISIC2018/ISIC_0029504.jpg,5,5,0.019156862,0.0022524893,0.02498526,0.013373645,0.209199,0.7188559,0.0121768415
/home/share/Uni_Eval/HAM10000_clean/ISIC2018/ISIC_0026106.jpg,5,5,0.029832408,0.0023004282,0.063155204,0.0034533518,0.077379376,0.8190092,0.0048700063
/home/share/Uni_Eval/HAM10000_clean/ISIC2018/ISIC_0032227.jpg,5,5,0.20818432,0.0048201196,0.018768385,0.07539936,0.2890353,0.3950644,0.008728109
/home/share/Uni_Eval/HAM10000_clean/ISIC2018/ISIC_0024394.jpg,5,4,0.012694648,0.003694353,0.064468734,0.009001853,0.5070859,0.3827685,0.02028599
/home/share/Uni_Eval/HAM10000_clean/ISIC2018/ISIC_0032165.jpg,5,5,0.012693531,0.0025388657,0.07191375,0.014610165,0.08949811,0.7731457,0.03559989
/home/share/Uni_Eval/HAM10000_clean/ISIC2018/ISIC_0024834.jpg,5,5,0.009285621,0.0018572411,0.046425186,0.012495169,0.06547,0.83586496,0.028601727
/home/share/Uni_Eval/HAM10000_clean/ISIC2018/ISIC_0027596.jpg,5,5,0.004787631,0.14662975,0.008144035,0.13143805,0.29620025,0.3629121,0.049888257
/home/share/Uni_Eval/HAM10000_clean/ISIC2018/ISIC_0031204.jpg,5,5,0.010477447,0.0055212257,0.027176429,0.044111695,0.12566254,0.7697763,0.017274389
/home/share/Uni_Eval/HAM10000_clean/ISIC2018/ISIC_0031857.jpg,5,4,0.014387803,0.21813864,0.0044571334,0.031920735,0.56580853,0.14531165,0.019975485
/home/share/Uni_Eval/HAM10000_clean/ISIC2018/ISIC_0028706.jpg,5,4,0.00055009965,0.012326103,0.004902985,0.017656326,0.4413526,0.30811375,0.21509808
/home/share/Uni_Eval/HAM10000_clean/ISIC2018/ISIC_0027364.jpg,5,5,0.001487845,0.0006706242,0.016503602,0.107617006,0.17467964,0.69087136,0.0081698755
/home/share/Uni_Eval/HAM10000_clean/ISIC2018/ISIC_0031756.jpg,5,3,0.0038902354,0.005749395,0.003433121,0.52569425,0.31884968,0.12102169,0.021361595
/home/share/Uni_Eval/HAM10000_clean/ISIC2018/ISIC_0030397.jpg,5,5,0.0030777983,0.006026037,0.0066183065,0.007983201,0.074568234,0.89434314,0.0073832544
/home/share/Uni_Eval/HAM10000_clean/ISIC2018/ISIC_0031405.jpg,5,5,0.016298054,0.0016137258,0.00858847,0.07419306,0.18652135,0.7039242,0.0088610975
/home/share/Uni_Eval/HAM10000_clean/ISIC2018/ISIC_0031092.jpg,5,5,0.001108635,0.00018672459,0.011734162,0.010852326,0.033953927,0.91770816,0.024456095
/home/share/Uni_Eval/HAM10000_clean/ISIC2018/ISIC_0027390.jpg,5,5,0.007717909,0.00032357266,0.01659611,0.11885669,0.08971773,0.75119734,0.015590603
/home/share/Uni_Eval/HAM10000_clean/ISIC2018/ISIC_0028757.jpg,5,5,0.14401373,0.014483841,0.028357984,0.03367594,0.23013328,0.5350759,0.01425929
/home/share/Uni_Eval/HAM10000_clean/ISIC2018/ISIC_0027978.jpg,5,5,0.0027913358,0.011569765,0.0036979187,0.02607287,0.3488511,0.6027607,0.0042562787
/home/share/Uni_Eval/HAM10000_clean/ISIC2018/ISIC_0025562.jpg,5,4,0.0014213814,0.00710646,0.003463412,0.086574405,0.5303325,0.34780058,0.023301186
/home/share/Uni_Eval/HAM10000_clean/ISIC2018/ISIC_0028598.jpg,5,5,0.00068320736,0.0024603242,0.0018000117,0.19544776,0.17248204,0.6211317,0.0059949546
/home/share/Uni_Eval/HAM10000_clean/ISIC2018/ISIC_0026759.jpg,5,5,0.004863743,0.0020594387,0.00967271,0.09034932,0.22713816,0.65724605,0.00867056
/home/share/Uni_Eval/HAM10000_clean/ISIC2018/ISIC_0032015.jpg,5,5,0.013028143,0.00062867673,0.012238807,0.0049449257,0.24969418,0.71131253,0.008152804
/home/share/Uni_Eval/HAM10000_clean/ISIC2018/ISIC_0031285.jpg,5,4,0.004288336,0.00064744195,0.0041563977,0.022120923,0.5978852,0.3626357,0.008265984
/home/share/Uni_Eval/HAM10000_clean/ISIC2018/ISIC_0028304.jpg,5,5,0.011320261,0.00038135258,0.007424009,0.016993726,0.257648,0.70035976,0.0058728745
/home/share/Uni_Eval/HAM10000_clean/ISIC2018/ISIC_0024862.jpg,5,5,0.14448264,0.014305718,0.047645316,0.0039109658,0.27849755,0.5042939,0.006863959
/home/share/Uni_Eval/HAM10000_clean/ISIC2018/ISIC_0028715.jpg,5,5,0.014260745,0.013189032,0.0066318624,0.1657757,0.3735813,0.41676006,0.009801257
/home/share/Uni_Eval/HAM10000_clean/ISIC2018/ISIC_0032136.jpg,5,5,0.0028548702,0.002024406,0.0041538114,0.040030885,0.3004485,0.6460658,0.0044217096
/home/share/Uni_Eval/HAM10000_clean/ISIC2018/ISIC_0030592.jpg,5,4,0.008016219,0.0027273814,0.020152774,0.009669406,0.6172147,0.3355738,0.00664568
/home/share/Uni_Eval/HAM10000_clean/ISIC2018/ISIC_0024841.jpg,5,4,0.054967903,0.01265433,0.02637389,0.0024531537,0.51343554,0.38155288,0.008562348
/home/share/Uni_Eval/HAM10000_clean/ISIC2018/ISIC_0029457.jpg,5,5,0.00459057,0.008711372,0.026832914,0.003255202,0.25859272,0.69202995,0.0059872326
/home/share/Uni_Eval/HAM10000_clean/ISIC2018/ISIC_0031126.jpg,5,4,0.11776132,0.10392399,0.009973283,0.13137223,0.4730896,0.1535897,0.010289868
/home/share/Uni_Eval/HAM10000_clean/ISIC2018/ISIC_0025506.jpg,5,5,0.01720402,0.014947112,0.012784942,0.15575247,0.26911613,0.51873493,0.011460347
/home/share/Uni_Eval/HAM10000_clean/ISIC2018/ISIC_0030914.jpg,5,5,0.007864118,0.0009843097,0.008371309,0.016390227,0.13301146,0.82762516,0.0057535116
/home/share/Uni_Eval/HAM10000_clean/ISIC2018/ISIC_0028408.jpg,5,5,0.0135280825,0.0062911427,0.009444124,0.023374433,0.42747372,0.5156317,0.0042568003
/home/share/Uni_Eval/HAM10000_clean/ISIC2018/ISIC_0028998.jpg,5,5,0.0030978785,0.018392954,0.031780172,0.06030817,0.1540023,0.7233134,0.009105172
/home/share/Uni_Eval/HAM10000_clean/ISIC2018/ISIC_0025118.jpg,5,5,0.008096795,0.0024693825,0.017140914,0.009032626,0.19312607,0.7638284,0.006305789
/home/share/Uni_Eval/HAM10000_clean/ISIC2018/ISIC_0025563.jpg,5,5,0.01050279,0.14726974,0.018432971,0.3318775,0.12596649,0.35328174,0.012668783
/home/share/Uni_Eval/HAM10000_clean/ISIC2018/ISIC_0024790.jpg,5,5,0.0021486792,0.0020825714,0.0056610163,0.018561756,0.4094658,0.5509964,0.0110837305
/home/share/Uni_Eval/HAM10000_clean/ISIC2018/ISIC_0025225.jpg,5,5,0.0063705575,0.0050395257,0.0048087495,0.076406054,0.21428609,0.6809998,0.012089194
/home/share/Uni_Eval/HAM10000_clean/ISIC2018/ISIC_0025926.jpg,5,4,0.018947076,0.02671966,0.005688944,0.12947977,0.50416297,0.29178715,0.023214445
/home/share/Uni_Eval/HAM10000_clean/ISIC2018/ISIC_0026741.jpg,5,5,0.008589918,0.0006126045,0.009886936,0.0022060736,0.2433107,0.72639155,0.0090021575
/home/share/Uni_Eval/HAM10000_clean/ISIC2018/ISIC_0031117.jpg,5,4,0.008014238,0.0014368737,0.006644037,0.02977651,0.5278012,0.41752517,0.008801919
/home/share/Uni_Eval/HAM10000_clean/ISIC2018/ISIC_0027471.jpg,5,5,0.0031231379,0.0013432448,0.0048372103,0.0057443297,0.26000822,0.7179057,0.0070381
/home/share/Uni_Eval/HAM10000_clean/ISIC2018/ISIC_0029109.jpg,5,5,0.13030933,0.0017190744,0.030951178,0.07309691,0.34331936,0.4077018,0.012902369
/home/share/Uni_Eval/HAM10000_clean/ISIC2018/ISIC_0026654.jpg,5,5,0.13003932,0.006679792,0.0378436,0.009273973,0.3647043,0.43991736,0.011541645
/home/share/Uni_Eval/HAM10000_clean/ISIC2018/ISIC_0026921.jpg,5,5,0.028200777,0.0013397385,0.017104635,0.00959483,0.3128111,0.61245435,0.01849452
/home/share/Uni_Eval/HAM10000_clean/ISIC2018/ISIC_0031942.jpg,5,5,0.04992324,0.0019357342,0.017524706,0.031733144,0.2698825,0.6081896,0.020811103
/home/share/Uni_Eval/HAM10000_clean/ISIC2018/ISIC_0026712.jpg,5,5,0.012125178,0.0034739221,0.014625758,0.066580325,0.28921178,0.6027691,0.011213957
/home/share/Uni_Eval/HAM10000_clean/ISIC2018/ISIC_0028983.jpg,5,4,0.116968855,0.04170653,0.015830014,0.011581485,0.50808954,0.29405966,0.011763867
/home/share/Uni_Eval/HAM10000_clean/ISIC2018/ISIC_0028744.jpg,5,5,0.0022232744,0.0026817806,0.0075212405,0.027085027,0.22326423,0.73205525,0.0051692678
/home/share/Uni_Eval/HAM10000_clean/ISIC2018/ISIC_0026588.jpg,5,4,0.005276498,0.021531407,0.009857797,0.015752714,0.56404704,0.37573636,0.007798159
/home/share/Uni_Eval/HAM10000_clean/ISIC2018/ISIC_0028364.jpg,5,5,0.087486826,0.02752895,0.012215897,0.0114757735,0.28241092,0.5704858,0.008395855
/home/share/Uni_Eval/HAM10000_clean/ISIC2018/ISIC_0027490.jpg,5,4,0.022496488,0.06115179,0.063092954,0.078520454,0.5365899,0.21344073,0.02470756
/home/share/Uni_Eval/HAM10000_clean/ISIC2018/ISIC_0030082.jpg,5,4,0.0044618114,0.0015419608,0.009445654,0.008600367,0.79875547,0.17006484,0.007129954
/home/share/Uni_Eval/HAM10000_clean/ISIC2018/ISIC_0026974.jpg,5,5,0.0047833594,0.002122603,0.005860694,0.0030883693,0.1608976,0.8171055,0.0061419555
/home/share/Uni_Eval/HAM10000_clean/ISIC2018/ISIC_0026097.jpg,5,5,0.03891605,0.016222624,0.030307854,0.047680944,0.17994599,0.64801043,0.03891605
/home/share/Uni_Eval/HAM10000_clean/ISIC2018/ISIC_0027883.jpg,5,4,0.016931236,0.0033339583,0.009647127,0.01979462,0.5784836,0.3563934,0.015416065
/home/share/Uni_Eval/HAM10000_clean/ISIC2018/ISIC_0031700.jpg,5,5,0.016415546,0.0050852983,0.014040959,0.00663248,0.25678235,0.69800675,0.0030365705
/home/share/Uni_Eval/HAM10000_clean/ISIC2018/ISIC_0030209.jpg,5,5,0.0012022115,0.0024285342,0.0020772354,0.060705714,0.2596054,0.66292566,0.011055332
/home/share/Uni_Eval/HAM10000_clean/ISIC2018/ISIC_0027073.jpg,5,4,0.038981557,0.007919584,0.03083695,0.013683814,0.49768317,0.39989966,0.010995253
/home/share/Uni_Eval/HAM10000_clean/ISIC2018/ISIC_0030219.jpg,5,5,0.042964738,0.0028784578,0.03143367,0.011563802,0.3541621,0.54853696,0.008460258
/home/share/Uni_Eval/HAM10000_clean/ISIC2018/ISIC_0025476.jpg,5,5,0.08535414,0.039693363,0.062446423,0.015065901,0.17513533,0.61128235,0.011022449
/home/share/Uni_Eval/HAM10000_clean/ISIC2018/ISIC_0024476.jpg,5,4,0.14475761,0.013050294,0.02987242,0.00535583,0.62879837,0.17190391,0.0062615993
/home/share/Uni_Eval/HAM10000_clean/ISIC2018/ISIC_0026560.jpg,5,5,0.00096316607,0.0014234671,0.0019456489,0.005542638,0.29330721,0.69269896,0.0041189385
/home/share/Uni_Eval/HAM10000_clean/ISIC2018/ISIC_0032281.jpg,5,4,0.04126859,0.113946244,0.0071714064,0.024642603,0.44367918,0.35097915,0.018312829
/home/share/Uni_Eval/HAM10000_clean/ISIC2018/ISIC_0030425.jpg,5,5,0.025183186,0.0014889208,0.018138768,0.03284507,0.19198678,0.71331745,0.017039796
/home/share/Uni_Eval/HAM10000_clean/ISIC2018/ISIC_0028130.jpg,5,5,0.037564527,0.0034940452,0.010931901,0.011456533,0.45053473,0.47959173,0.006426533
/home/share/Uni_Eval/HAM10000_clean/ISIC2018/ISIC_0026359.jpg,5,5,0.04779328,0.044897635,0.024410421,0.032338556,0.41287097,0.4259769,0.0117122475
/home/share/Uni_Eval/HAM10000_clean/ISIC2018/ISIC_0030444.jpg,5,5,0.05290372,0.0042089936,0.013168776,0.0062204893,0.2158802,0.6968698,0.010748043
/home/share/Uni_Eval/HAM10000_clean/ISIC2018/ISIC_0032292.jpg,5,5,0.029337069,0.00039930764,0.01835867,0.0025634447,0.22018693,0.7219652,0.007189358
/home/share/Uni_Eval/HAM10000_clean/ISIC2018/ISIC_0032107.jpg,5,5,0.06642663,0.0010245187,0.053375296,0.010510219,0.3119906,0.5390714,0.017601304
/home/share/Uni_Eval/HAM10000_clean/ISIC2018/ISIC_0030253.jpg,5,5,0.02434108,0.047657516,0.0377002,0.03486699,0.40531534,0.43145594,0.018662954
/home/share/Uni_Eval/HAM10000_clean/ISIC2018/ISIC_0030340.jpg,5,5,0.095844984,0.0075071603,0.019778732,0.0114470525,0.3674114,0.48674104,0.011269582
/home/share/Uni_Eval/HAM10000_clean/ISIC2018/ISIC_0028580.jpg,5,5,0.0074639567,0.0021721353,0.012305985,0.009435326,0.06249495,0.9041187,0.0020088968
/home/share/Uni_Eval/HAM10000_clean/ISIC2018/ISIC_0026922.jpg,5,5,0.007908877,0.0013530492,0.013039533,0.0030491434,0.044112172,0.9285375,0.0019996772
/home/share/Uni_Eval/HAM10000_clean/ISIC2018/ISIC_0026964.jpg,5,5,0.010545175,0.0676971,0.055252764,0.059742484,0.19588807,0.5940232,0.016851142
/home/share/Uni_Eval/HAM10000_clean/ISIC2018/ISIC_0028905.jpg,5,5,0.0041901865,0.0060966853,0.014855501,0.015813598,0.35991582,0.5934009,0.0057273055
/home/share/Uni_Eval/HAM10000_clean/ISIC2018/ISIC_0032327.jpg,5,5,0.2675747,0.00061340723,0.14100195,0.0015663903,0.2848318,0.2938733,0.01053838
/home/share/Uni_Eval/HAM10000_clean/ISIC2018/ISIC_0025310.jpg,5,4,0.0031920648,0.0036740443,0.0035610057,0.012046727,0.4887827,0.48120484,0.0075386493
/home/share/Uni_Eval/HAM10000_clean/ISIC2018/ISIC_0032423.jpg,5,5,0.011011841,0.0035750212,0.0052016247,0.0064735273,0.44679332,0.5223543,0.0045904177
/home/share/Uni_Eval/HAM10000_clean/ISIC2018/ISIC_0030873.jpg,5,4,0.14920944,0.008287314,0.17719059,0.0038539588,0.43175182,0.21373264,0.015974218
/home/share/Uni_Eval/HAM10000_clean/ISIC2018/ISIC_0024363.jpg,5,5,0.0011371262,0.00020387549,0.003907427,0.01893485,0.11419177,0.8570568,0.0045682453
/home/share/Uni_Eval/HAM10000_clean/ISIC2018/ISIC_0025169.jpg,5,5,0.002165439,0.0054439134,0.005194619,0.014798091,0.45321795,0.5135632,0.005616721
/home/share/Uni_Eval/HAM10000_clean/ISIC2018/ISIC_0030008.jpg,5,5,0.0070629492,0.030204404,0.029736126,0.020437323,0.1711196,0.7317857,0.009653907
/home/share/Uni_Eval/HAM10000_clean/ISIC2018/ISIC_0031583.jpg,5,5,0.0024283328,0.007026613,0.006397805,0.015347534,0.19902988,0.7629595,0.006810427
/home/share/Uni_Eval/HAM10000_clean/ISIC2018/ISIC_0025533.jpg,5,4,0.0011121228,0.00847839,0.0028846266,0.09552572,0.4486623,0.4348584,0.00847839
/home/share/Uni_Eval/HAM10000_clean/ISIC2018/ISIC_0028183.jpg,5,5,0.011821796,0.0052458905,0.028359018,0.004629482,0.19995053,0.6870761,0.062917225
/home/share/Uni_Eval/HAM10000_clean/ISIC2018/ISIC_0026658.jpg,5,5,0.0032636444,0.0015905732,0.010211039,0.0036981935,0.07199484,0.9049181,0.0043236264
/home/share/Uni_Eval/HAM10000_clean/ISIC2018/ISIC_0032195.jpg,5,5,0.0025997218,0.002480672,0.004562654,0.013621568,0.30521896,0.66665953,0.0048569194
/home/share/Uni_Eval/HAM10000_clean/ISIC2018/ISIC_0027066.jpg,5,4,0.012733145,0.0026276328,0.01767822,0.0066058678,0.6633703,0.28088868,0.016096203
/home/share/Uni_Eval/HAM10000_clean/ISIC2018/ISIC_0024680.jpg,5,5,0.0040596966,0.010864311,0.004974044,0.009292737,0.44774914,0.5153561,0.0077039497
/home/share/Uni_Eval/HAM10000_clean/ISIC2018/ISIC_0027091.jpg,5,5,0.018838877,0.00039098845,0.030578518,0.0004571118,0.12674443,0.81366414,0.009325922
/home/share/Uni_Eval/HAM10000_clean/ISIC2018/ISIC_0024497.jpg,5,5,0.009547783,0.00687701,0.015741631,0.0022326382,0.3582779,0.6000025,0.007320538
/home/share/Uni_Eval/HAM10000_clean/ISIC2018/ISIC_0031960.jpg,5,3,0.02243859,0.00428248,0.017750386,0.4233851,0.24889526,0.27766275,0.0055854064
/home/share/Uni_Eval/HAM10000_clean/ISIC2018/ISIC_0029554.jpg,5,1,0.08732165,0.526617,0.08332291,0.003604195,0.16570736,0.12123411,0.012192835
/home/share/Uni_Eval/HAM10000_clean/ISIC2018/ISIC_0024578.jpg,5,3,0.018168563,0.011193327,0.008449167,0.6207589,0.14744318,0.18932076,0.004666073
/home/share/Uni_Eval/HAM10000_clean/ISIC2018/ISIC_0027036.jpg,5,5,0.014723674,0.0026813801,0.013406058,0.029742638,0.30512047,0.62606657,0.008259232
/home/share/Uni_Eval/HAM10000_clean/ISIC2018/ISIC_0026023.jpg,5,5,0.04020558,0.047745306,0.033331595,0.014790806,0.24247067,0.6095712,0.011884747
/home/share/Uni_Eval/HAM10000_clean/ISIC2018/ISIC_0025936.jpg,5,5,0.005444192,0.0014425673,0.0073259617,0.025173692,0.25424528,0.6803956,0.025972787
/home/share/Uni_Eval/HAM10000_clean/ISIC2018/ISIC_0026216.jpg,5,5,0.001981204,0.007023978,0.0012593298,0.0404202,0.40190056,0.5408163,0.0065984163
/home/share/Uni_Eval/HAM10000_clean/ISIC2018/ISIC_0028987.jpg,5,4,0.015240095,0.026332524,0.007198911,0.04078461,0.6379786,0.2618259,0.010639301
/home/share/Uni_Eval/HAM10000_clean/ISIC2018/ISIC_0029075.jpg,5,5,0.0075692907,0.0044497564,0.020899482,0.0076884893,0.4331025,0.5063481,0.019942425
/home/share/Uni_Eval/HAM10000_clean/ISIC2018/ISIC_0030451.jpg,5,4,0.09541864,0.0035303568,0.039159734,0.001889664,0.5937147,0.25937477,0.006912104
/home/share/Uni_Eval/HAM10000_clean/ISIC2018/ISIC_0027137.jpg,5,5,0.018951738,0.023220154,0.027147114,0.009832032,0.1798091,0.7337333,0.007306546
/home/share/Uni_Eval/HAM10000_clean/ISIC2018/ISIC_0030833.jpg,5,5,0.034578335,0.0029284619,0.010382299,0.006808878,0.36598864,0.575781,0.0035323992
/home/share/Uni_Eval/HAM10000_clean/ISIC2018/ISIC_0030635.jpg,5,5,0.0317577,0.0027319354,0.044785537,0.14232813,0.046207182,0.7228019,0.009387558
/home/share/Uni_Eval/HAM10000_clean/ISIC2018/ISIC_0031991.jpg,5,5,0.20586246,0.009479042,0.045934126,0.061811123,0.16285062,0.5095145,0.0045480942
/home/share/Uni_Eval/HAM10000_clean/ISIC2018/ISIC_0029470.jpg,5,4,0.001835336,0.002213838,0.0046140347,0.051986165,0.47064433,0.4561641,0.012542246
/home/share/Uni_Eval/HAM10000_clean/ISIC2018/ISIC_0026488.jpg,5,5,0.0149383005,0.004485291,0.012003261,0.0063252742,0.2908124,0.66567624,0.0057592276
/home/share/Uni_Eval/HAM10000_clean/ISIC2018/ISIC_0027098.jpg,5,4,0.043363918,0.025492333,0.0288866,0.005019738,0.50408894,0.38649842,0.0066500725
/home/share/Uni_Eval/HAM10000_clean/ISIC2018/ISIC_0025571.jpg,5,5,0.013862018,0.008407739,0.049145117,0.07611744,0.24190074,0.5987101,0.011856811
/home/share/Uni_Eval/HAM10000_clean/ISIC2018/ISIC_0024466.jpg,5,5,0.057737943,0.27545235,0.049385883,0.022966567,0.16193007,0.42662892,0.0058983024
/home/share/Uni_Eval/HAM10000_clean/ISIC2018/ISIC_0025892.jpg,5,4,0.0112666935,0.039324623,0.008115095,0.020085054,0.45713368,0.45713368,0.006941208
/home/share/Uni_Eval/HAM10000_clean/ISIC2018/ISIC_0025488.jpg,5,5,0.0011608585,0.009719749,0.003011038,0.029017812,0.32694268,0.62042814,0.009719749
/home/share/Uni_Eval/HAM10000_clean/ISIC2018/ISIC_0027997.jpg,5,5,0.10550484,0.08216725,0.028396243,0.20656846,0.17394808,0.38592067,0.017494418
/home/share/Uni_Eval/HAM10000_clean/ISIC2018/ISIC_0027578.jpg,5,4,0.082666405,0.00090410333,0.028125828,0.0078102606,0.5649224,0.2976932,0.017877864
/home/share/Uni_Eval/HAM10000_clean/ISIC2018/ISIC_0027475.jpg,5,5,0.00077739207,0.0016979802,0.005230147,0.008623055,0.16270511,0.81347436,0.0074918396
/home/share/Uni_Eval/HAM10000_clean/ISIC2018/ISIC_0031304.jpg,5,4,0.14963885,0.007807616,0.020894263,0.03185995,0.4131661,0.3703597,0.0062735956
/home/share/Uni_Eval/HAM10000_clean/ISIC2018/ISIC_0028809.jpg,5,5,0.0010345847,0.0026835087,0.009221154,0.0038439487,0.079658605,0.8975108,0.00604738
/home/share/Uni_Eval/HAM10000_clean/ISIC2018/ISIC_0028464.jpg,5,4,0.07175684,0.0921376,0.030862233,0.04780036,0.47528192,0.27080745,0.01135358
/home/share/Uni_Eval/HAM10000_clean/ISIC2018/ISIC_0027798.jpg,5,4,0.009884441,0.037890933,0.019052759,0.0067934706,0.5396722,0.3709109,0.015795292
/home/share/Uni_Eval/HAM10000_clean/ISIC2018/ISIC_0024916.jpg,5,5,0.0007589963,0.0033488483,0.004039482,0.19769819,0.36934885,0.38707423,0.037731357
/home/share/Uni_Eval/HAM10000_clean/ISIC2018/ISIC_0030839.jpg,5,4,0.2874064,0.0023359002,0.018956507,0.01672906,0.46650666,0.20064202,0.0074234754
/home/share/Uni_Eval/HAM10000_clean/ISIC2018/ISIC_0030593.jpg,5,5,0.03844474,0.0009776016,0.05506955,0.015777688,0.15687855,0.725399,0.0074528535
/home/share/Uni_Eval/HAM10000_clean/ISIC2018/ISIC_0030847.jpg,5,5,0.011636278,0.0062284507,0.0045568314,0.04823103,0.4366481,0.48711616,0.0055831475
/home/share/Uni_Eval/HAM10000_clean/ISIC2018/ISIC_0029560.jpg,5,4,0.05190824,0.05031119,0.013970914,0.16496405,0.39572817,0.30341533,0.019702146
/home/share/Uni_Eval/HAM10000_clean/ISIC2018/ISIC_0027849.jpg,5,4,0.014292706,0.013426756,0.002091485,0.18535064,0.51982874,0.25334427,0.0116653675
/home/share/Uni_Eval/HAM10000_clean/ISIC2018/ISIC_0025681.jpg,5,4,0.07122096,0.007275678,0.008374255,0.21262649,0.43628123,0.2564765,0.0077449195
/home/share/Uni_Eval/HAM10000_clean/ISIC2018/ISIC_0030912.jpg,5,5,0.0008589349,0.0099847885,0.0027726754,0.027141469,0.26156628,0.6891354,0.008540442
/home/share/Uni_Eval/HAM10000_clean/ISIC2018/ISIC_0027783.jpg,5,5,0.005545328,0.0014465853,0.009885616,0.04294116,0.35396776,0.58359414,0.0026194276
/home/share/Uni_Eval/HAM10000_clean/ISIC2018/ISIC_0026991.jpg,5,5,0.00058222335,0.0010708726,0.003197035,0.08777035,0.11810792,0.7822887,0.006982966
/home/share/Uni_Eval/HAM10000_clean/ISIC2018/ISIC_0025065.jpg,5,5,0.0049506547,0.006161189,0.0026088117,0.029393392,0.12767906,0.81966424,0.0095426375
/home/share/Uni_Eval/HAM10000_clean/ISIC2018/ISIC_0026333.jpg,5,5,0.0017894363,0.0013297963,0.0042926352,0.014982768,0.20362413,0.7684694,0.005511852
/home/share/Uni_Eval/HAM10000_clean/ISIC2018/ISIC_0028477.jpg,5,5,0.0017068592,0.02469325,0.009372501,0.16102022,0.15606616,0.6368473,0.010293678
/home/share/Uni_Eval/HAM10000_clean/ISIC2018/ISIC_0026603.jpg,5,5,0.0038302268,0.00863155,0.01255883,0.024207776,0.17068146,0.7649412,0.01514884
/home/share/Uni_Eval/HAM10000_clean/ISIC2018/ISIC_0025323.jpg,5,4,0.0030657293,0.009443111,0.036199145,0.036199145,0.4621597,0.44099587,0.011937211
/home/share/Uni_Eval/HAM10000_clean/ISIC2018/ISIC_0024857.jpg,5,2,0.19708335,0.02211214,0.6772238,0.0036665522,0.017767603,0.0353351,0.0468114
/home/share/Uni_Eval/HAM10000_clean/ISIC2018/ISIC_0026295.jpg,5,5,0.007342234,0.015065285,0.0081908535,0.28426108,0.11485186,0.5653207,0.004968004
/home/share/Uni_Eval/HAM10000_clean/ISIC2018/ISIC_0030485.jpg,5,5,0.02584613,0.00193172,0.023533167,0.021764623,0.2912074,0.5975188,0.0381981
/home/share/Uni_Eval/HAM10000_clean/ISIC2018/ISIC_0029055.jpg,5,5,0.00080923707,0.0018236438,0.0050352416,0.015753878,0.14946863,0.8207443,0.0063651423
/home/share/Uni_Eval/HAM10000_clean/ISIC2018/ISIC_0028067.jpg,5,5,0.001157313,0.0026908333,0.012837247,0.020195825,0.20718268,0.74609345,0.009842659
/home/share/Uni_Eval/HAM10000_clean/ISIC2018/ISIC_0030977.jpg,5,5,0.037806187,0.04930856,0.008304917,0.05415486,0.27935204,0.55555785,0.015515628
/home/share/Uni_Eval/HAM10000_clean/ISIC2018/ISIC_0024821.jpg,5,5,0.02305245,0.02378421,0.022695055,0.17033584,0.24783719,0.4928831,0.019412108
/home/share/Uni_Eval/HAM10000_clean/ISIC2018/ISIC_0029759.jpg,5,5,0.00039481552,0.00096202805,0.0025745207,0.05090893,0.1749348,0.75988215,0.010342777
/home/share/Uni_Eval/HAM10000_clean/ISIC2018/ISIC_0030348.jpg,5,5,0.018328039,0.0069565387,0.14416118,0.23399669,0.18510664,0.39804178,0.013409078
/home/share/Uni_Eval/HAM10000_clean/ISIC2018/ISIC_0024617.jpg,5,5,0.013509599,0.002137529,0.14985234,0.0020396444,0.32223317,0.4615777,0.04864993
/home/share/Uni_Eval/HAM10000_clean/ISIC2018/ISIC_0026942.jpg,5,5,0.08446556,0.00036175756,0.03576497,0.018554622,0.07002441,0.7889626,0.0018660873
/home/share/Uni_Eval/HAM10000_clean/ISIC2018/ISIC_0030710.jpg,5,5,0.011402002,0.0031662218,0.0397969,0.003879336,0.04042361,0.89173055,0.00960145
/home/share/Uni_Eval/HAM10000_clean/ISIC2018/ISIC_0030963.jpg,5,5,0.001438876,0.00070125225,0.00828016,0.008677533,0.03432031,0.9422186,0.004363338
/home/share/Uni_Eval/HAM10000_clean/ISIC2018/ISIC_0030890.jpg,5,5,0.00036228934,0.00093970716,0.0050800084,0.026204677,0.092903644,0.86777973,0.0067299176
/home/share/Uni_Eval/HAM10000_clean/ISIC2018/ISIC_0031896.jpg,5,5,0.00046928102,0.00055728504,0.0023832058,0.0040539694,0.13636315,0.84848005,0.007693082
/home/share/Uni_Eval/HAM10000_clean/ISIC2018/ISIC_0025956.jpg,5,5,0.031971782,0.001860981,0.07550725,0.027346916,0.19585091,0.6421704,0.025291761
/home/share/Uni_Eval/HAM10000_clean/ISIC2018/ISIC_0025860.jpg,5,5,0.089199424,0.013052761,0.20739487,0.087816514,0.20739487,0.29247367,0.10266792
/home/share/Uni_Eval/HAM10000_clean/ISIC2018/ISIC_0025473.jpg,5,5,0.03069437,0.02466362,0.10713387,0.022108324,0.11583933,0.65627456,0.043286
/home/share/Uni_Eval/HAM10000_clean/ISIC2018/ISIC_0024540.jpg,5,5,0.0014563971,0.012386296,0.034199663,0.002988333,0.112136364,0.8285819,0.008251051
/home/share/Uni_Eval/HAM10000_clean/ISIC2018/ISIC_0032020.jpg,5,5,0.0053332276,0.00020679168,0.027510883,0.0018145394,0.06297304,0.896911,0.005250544
/home/share/Uni_Eval/HAM10000_clean/ISIC2018/ISIC_0028632.jpg,5,0,0.45425072,0.050965514,0.03847079,0.096715555,0.04640463,0.28873932,0.024453523
/home/share/Uni_Eval/HAM10000_clean/ISIC2018/ISIC_0029537.jpg,5,2,0.08008948,0.004178781,0.538827,0.014359253,0.1921247,0.15198313,0.018437646
/home/share/Uni_Eval/HAM10000_clean/ISIC2018/ISIC_0027431.jpg,5,5,0.0031161476,0.0008256969,0.055235036,0.089655325,0.12254428,0.7162988,0.012324602
/home/share/Uni_Eval/HAM10000_clean/ISIC2018/ISIC_0031395.jpg,5,5,0.14301826,0.016555564,0.021932561,0.036160678,0.22854252,0.548245,0.0055454196
/home/share/Uni_Eval/HAM10000_clean/ISIC2018/ISIC_0025897.jpg,5,5,0.08683129,0.0056383535,0.03734567,0.03244648,0.14770499,0.6723923,0.017640844
/home/share/Uni_Eval/HAM10000_clean/ISIC2018/ISIC_0033537.jpg,5,5,0.031855535,0.018726904,0.048573893,0.10776589,0.12022155,0.6499115,0.022944683
/home/share/Uni_Eval/HAM10000_clean/ISIC2018/ISIC_0032682.jpg,5,5,0.006594956,0.007831705,0.009595605,0.11330181,0.055218894,0.79885554,0.008601445
/home/share/Uni_Eval/HAM10000_clean/ISIC2018/ISIC_0032616.jpg,5,5,0.00082799233,0.0099306265,0.023453003,0.05203276,0.07689944,0.76461583,0.07224034
/home/share/Uni_Eval/HAM10000_clean/ISIC2018/ISIC_0033139.jpg,5,5,0.23000649,0.05725314,0.06589796,0.07237475,0.025012044,0.5183276,0.031127993
/home/share/Uni_Eval/HAM10000_clean/ISIC2018/ISIC_0033418.jpg,5,5,0.0015463248,0.0022498895,0.006716929,0.1993887,0.03204468,0.752485,0.0055685295
/home/share/Uni_Eval/HAM10000_clean/ISIC2018/ISIC_0033364.jpg,5,5,0.021828681,0.0006591691,0.042738486,0.027166234,0.32077014,0.5718346,0.015002619
/home/share/Uni_Eval/HAM10000_clean/ISIC2018/ISIC_0034098.jpg,5,5,0.0070737978,0.010786253,0.010132748,0.009668735,0.19119091,0.74445134,0.026696235
/home/share/Uni_Eval/HAM10000_clean/ISIC2018/ISIC_0033040.jpg,5,5,0.015784606,0.0024974875,0.01414923,0.023328137,0.08270542,0.84844923,0.013085899
/home/share/Uni_Eval/HAM10000_clean/ISIC2018/ISIC_0032868.jpg,5,5,0.09614615,0.006964804,0.026284896,0.20674671,0.04471211,0.6076624,0.011483019
/home/share/Uni_Eval/HAM10000_clean/ISIC2018/ISIC_0034018.jpg,5,5,0.0010713432,0.0017941623,0.005701836,0.05409751,0.11815982,0.8074759,0.011699407
/home/share/Uni_Eval/HAM10000_clean/ISIC2018/ISIC_0033464.jpg,5,5,0.0013162043,0.00020502508,0.011731202,0.011549327,0.037281685,0.93192476,0.0059917113
/home/share/Uni_Eval/HAM10000_clean/ISIC2018/ISIC_0033970.jpg,5,5,0.0014709649,0.001541558,0.0019793997,0.018488863,0.17002042,0.7985468,0.007951961
/home/share/Uni_Eval/HAM10000_clean/ISIC2018/ISIC_0033896.jpg,5,5,0.0047522034,0.0012991801,0.003476786,0.10483193,0.19585183,0.68359005,0.006198041
/home/share/Uni_Eval/HAM10000_clean/ISIC2018/ISIC_0032402.jpg,5,5,0.0019550375,0.002844563,0.0099285,0.08849176,0.12675859,0.76445216,0.005569384
/home/share/Uni_Eval/HAM10000_clean/ISIC2018/ISIC_0034309.jpg,5,5,0.023140566,0.0007555663,0.017742489,0.13110024,0.10051804,0.70872116,0.01802189
/home/share/Uni_Eval/HAM10000_clean/ISIC2018/ISIC_0033043.jpg,5,5,0.0041770088,0.0010727446,0.0041770088,0.2465884,0.13832355,0.58236384,0.023297487
/home/share/Uni_Eval/HAM10000_clean/ISIC2018/ISIC_0032562.jpg,5,5,0.0027474938,0.0014706275,0.0072386824,0.031938564,0.11323204,0.8366779,0.0066946866
/home/share/Uni_Eval/HAM10000_clean/ISIC2018/ISIC_0033421.jpg,5,5,0.027192203,0.011159657,0.007551003,0.10103129,0.28781137,0.55477095,0.0104835285
/home/share/Uni_Eval/HAM10000_clean/ISIC2018/ISIC_0033467.jpg,5,5,0.0061469288,0.001210402,0.012612679,0.09766835,0.20040244,0.6674421,0.014517104
/home/share/Uni_Eval/HAM10000_clean/ISIC2018/ISIC_0032996.jpg,5,5,0.0019596333,0.0034934245,0.0034392637,0.025412913,0.12314745,0.8285129,0.014034343
/home/share/Uni_Eval/HAM10000_clean/ISIC2018/ISIC_0033623.jpg,5,5,0.09589615,0.060955305,0.017739005,0.30475733,0.15565482,0.33998138,0.025016006
/home/share/Uni_Eval/HAM10000_clean/ISIC2018/ISIC_0033383.jpg,5,5,0.00047359045,0.001577297,0.0017323219,0.036464445,0.12927769,0.8170601,0.013414519
/home/share/Uni_Eval/HAM10000_clean/ISIC2018/ISIC_0032634.jpg,5,5,0.1514828,0.0043649077,0.05486343,0.006975103,0.20705245,0.5628269,0.012434465
/home/share/Uni_Eval/HAM10000_clean/ISIC2018/ISIC_0033751.jpg,5,3,0.00021388759,0.0003753844,0.00091468124,0.9276878,0.010800262,0.055711985,0.004296047
/home/share/Uni_Eval/HAM10000_clean/ISIC2018/ISIC_0033065.jpg,5,5,0.0016733342,0.00020944233,0.015387693,0.11915714,0.11730979,0.7414206,0.0048419526
/home/share/Uni_Eval/HAM10000_clean/ISIC2018/ISIC_0033353.jpg,5,3,0.008037382,0.007912774,0.004874918,0.7822922,0.060323894,0.1317595,0.004799339
/home/share/Uni_Eval/HAM10000_clean/ISIC2018/ISIC_0034019.jpg,5,5,0.0036197924,0.011503676,0.0047210995,0.17715794,0.100941546,0.68981034,0.012245599
/home/share/Uni_Eval/HAM10000_clean/ISIC2018/ISIC_0034154.jpg,5,5,0.0008988479,0.0013284112,0.0047837924,0.003610996,0.20986901,0.76766896,0.01184
/home/share/Uni_Eval/HAM10000_clean/ISIC2018/ISIC_0033597.jpg,5,5,0.005434197,0.00790671,0.017002098,0.31093588,0.0904875,0.5457095,0.022524122
/home/share/Uni_Eval/HAM10000_clean/ISIC2018/ISIC_0033330.jpg,5,5,0.00449104,0.016686238,0.067034625,0.19397113,0.24140096,0.43034375,0.046072178
/home/share/Uni_Eval/HAM10000_clean/ISIC2018/ISIC_0033982.jpg,5,5,0.00013697926,0.0014958571,0.004130194,0.050316058,0.05791343,0.8780463,0.007961156
/home/share/Uni_Eval/HAM10000_clean/ISIC2018/ISIC_0027265.jpg,5,5,0.005032189,0.0016594399,0.0038583134,0.056697503,0.24628273,0.6800084,0.0064614587
/home/share/Uni_Eval/HAM10000_clean/ISIC2018/ISIC_0030038.jpg,5,5,0.011099807,0.016925184,0.012382729,0.35074264,0.13735278,0.4646585,0.0068383925
/home/share/Uni_Eval/HAM10000_clean/ISIC2018/ISIC_0027345.jpg,5,3,0.009742731,0.0006840471,0.008077008,0.60276145,0.08157489,0.28920808,0.007951786
/home/share/Uni_Eval/HAM10000_clean/ISIC2018/ISIC_0031299.jpg,5,5,0.0011775562,0.0024928865,0.0044440506,0.028529579,0.19194163,0.7591439,0.012270418
/home/share/Uni_Eval/HAM10000_clean/ISIC2018/ISIC_0029915.jpg,0,0,0.9255096,0.0358859,0.0037237061,0.020130167,0.006638224,0.006433988,0.0016784059
/home/share/Uni_Eval/HAM10000_clean/ISIC2018/ISIC_0033456.jpg,0,3,0.17845075,0.029131282,0.008611191,0.6630249,0.113430195,0.0037619506,0.0035896783
/home/share/Uni_Eval/HAM10000_clean/ISIC2018/ISIC_0031191.jpg,0,4,0.043681335,0.03455478,0.026083317,0.16229585,0.5753887,0.14548105,0.012514912
/home/share/Uni_Eval/HAM10000_clean/ISIC2018/ISIC_0025948.jpg,0,0,0.4708303,0.33912635,0.07334121,0.00011026405,0.08985953,0.017973037,0.008759359
/home/share/Uni_Eval/HAM10000_clean/ISIC2018/ISIC_0030803.jpg,0,0,0.90418607,0.0105266515,0.004527456,0.0026202905,0.06057669,0.0119282575,0.00563451
/home/share/Uni_Eval/HAM10000_clean/ISIC2018/ISIC_0025069.jpg,0,4,0.036461737,0.100674085,0.03217737,0.10885464,0.4802892,0.21648331,0.025059761
/home/share/Uni_Eval/HAM10000_clean/ISIC2018/ISIC_0028232.jpg,0,4,0.18246202,0.15606803,0.018639667,0.027547643,0.5533092,0.05066787,0.01130553
/home/share/Uni_Eval/HAM10000_clean/ISIC2018/ISIC_0029067.jpg,0,0,0.2667161,0.038424097,0.02189339,0.2109898,0.25851008,0.1921084,0.011358141
/home/share/Uni_Eval/HAM10000_clean/ISIC2018/ISIC_0025539.jpg,0,4,0.041182816,0.08319159,0.013794515,0.07574679,0.664657,0.1119465,0.009480823
/home/share/Uni_Eval/HAM10000_clean/ISIC2018/ISIC_0030191.jpg,0,4,0.079432994,0.030149365,0.02745131,0.050490685,0.6861964,0.10523163,0.021047648
/home/share/Uni_Eval/HAM10000_clean/ISIC2018/ISIC_0031043.jpg,0,4,0.1751963,0.053431854,0.008454147,0.010521356,0.65093327,0.09232197,0.009141113
/home/share/Uni_Eval/HAM10000_clean/ISIC2018/ISIC_0032455.jpg,0,4,0.32750377,0.020612024,0.042959142,0.08152213,0.4840192,0.03451864,0.008865121
/home/share/Uni_Eval/HAM10000_clean/ISIC2018/ISIC_0027896.jpg,0,0,0.76069844,0.019648226,0.16196203,0.005371526,0.013088539,0.03728578,0.0019454375
/home/share/Uni_Eval/HAM10000_clean/ISIC2018/ISIC_0031044.jpg,0,0,0.99628544,0.00046401372,0.0007770768,5.8992722e-05,0.001619567,0.0006442192,0.00015064319
/home/share/Uni_Eval/HAM10000_clean/ISIC2018/ISIC_0031012.jpg,0,4,0.2162862,0.2734114,0.023155391,0.07833367,0.36791524,0.027071394,0.013826716
/home/share/Uni_Eval/HAM10000_clean/ISIC2018/ISIC_0029533.jpg,0,1,0.22274297,0.34499106,0.014691492,0.04386069,0.3240891,0.03870692,0.010917788
/home/share/Uni_Eval/HAM10000_clean/ISIC2018/ISIC_0026992.jpg,0,4,0.23479977,0.14020534,0.010643858,0.21715428,0.35247618,0.038933616,0.005786965
/home/share/Uni_Eval/HAM10000_clean/ISIC2018/ISIC_0025825.jpg,0,0,0.96957254,0.00012539711,0.0040882025,0.0002455156,0.00500897,0.018903656,0.0020556771
/home/share/Uni_Eval/HAM10000_clean/ISIC2018/ISIC_0026645.jpg,0,4,0.12847586,0.101632774,0.006297269,0.032483783,0.6627289,0.05525678,0.0131246345
/home/share/Uni_Eval/HAM10000_clean/ISIC2018/ISIC_0029811.jpg,0,0,0.4002138,0.09070604,0.017861078,0.38790053,0.085210435,0.008841874,0.009266205
/home/share/Uni_Eval/HAM10000_clean/ISIC2018/ISIC_0027178.jpg,0,0,0.88894767,0.0063759834,0.024062712,0.0005072701,0.044258095,0.03393386,0.0019144175
/home/share/Uni_Eval/HAM10000_clean/ISIC2018/ISIC_0028872.jpg,0,4,0.1843306,0.069964,0.12868349,0.057102956,0.36090177,0.18723337,0.01178386
/home/share/Uni_Eval/HAM10000_clean/ISIC2018/ISIC_0031292.jpg,0,0,0.5987029,0.11074891,0.01779897,0.072630905,0.15375963,0.040110596,0.006248026
/home/share/Uni_Eval/HAM10000_clean/ISIC2018/ISIC_0033494.jpg,0,0,0.6423934,0.06460721,0.00930755,0.22905245,0.05191335,0.0018043511,0.0009215723
/home/share/Uni_Eval/HAM10000_clean/ISIC2018/ISIC_0026014.jpg,0,4,0.22880512,0.11686223,0.023742,0.03976037,0.49975634,0.07199673,0.019077232
/home/share/Uni_Eval/HAM10000_clean/ISIC2018/ISIC_0026549.jpg,0,5,0.052335758,0.012048375,0.0064490302,0.045470096,0.42471987,0.45211196,0.006864957
/home/share/Uni_Eval/HAM10000_clean/ISIC2018/ISIC_0030387.jpg,0,3,0.18607116,0.2624024,0.011710715,0.40641677,0.072866514,0.05248378,0.008048648
/home/share/Uni_Eval/HAM10000_clean/ISIC2018/ISIC_0029573.jpg,0,0,0.6346489,0.12112487,0.07120563,0.0035451201,0.07943563,0.041859634,0.048180144
/home/share/Uni_Eval/HAM10000_clean/ISIC2018/ISIC_0029268.jpg,0,4,0.031310067,0.018990517,0.012454284,0.1948178,0.5726013,0.15900564,0.01082047
/home/share/Uni_Eval/HAM10000_clean/ISIC2018/ISIC_0029598.jpg,0,0,0.5524756,0.36232233,0.0077584633,0.0040884223,0.05470249,0.006636165,0.012016542
/home/share/Uni_Eval/HAM10000_clean/ISIC2018/ISIC_0029781.jpg,0,0,0.99708444,0.0002687659,0.0020172,3.0804963e-06,0.00029983002,0.00019972987,0.00012695602
/home/share/Uni_Eval/HAM10000_clean/ISIC2018/ISIC_0025247.jpg,0,4,0.25553638,0.01685445,0.2363325,0.0053034886,0.33328226,0.12070684,0.031984128
/home/share/Uni_Eval/HAM10000_clean/ISIC2018/ISIC_0028499.jpg,0,4,0.19235478,0.039694656,0.07771836,0.042920154,0.47608265,0.145197,0.02603239
/home/share/Uni_Eval/HAM10000_clean/ISIC2018/ISIC_0030591.jpg,0,4,0.16873474,0.009976207,0.034280542,0.046129514,0.53623796,0.15851162,0.046129514
/home/share/Uni_Eval/HAM10000_clean/ISIC2018/ISIC_0029638.jpg,0,4,0.08206372,0.0118224,0.028360464,0.06803322,0.54354966,0.25277406,0.013396534
/home/share/Uni_Eval/HAM10000_clean/ISIC2018/ISIC_0026132.jpg,0,0,0.46192047,0.0397364,0.120499164,0.0062872125,0.29823828,0.067593895,0.005724572
/home/share/Uni_Eval/HAM10000_clean/ISIC2018/ISIC_0024763.jpg,0,0,0.97782874,0.0001455602,0.009737258,9.546072e-05,0.0032110068,0.007236115,0.0017457941
/home/share/Uni_Eval/HAM10000_clean/ISIC2018/ISIC_0028076.jpg,0,4,0.19865887,0.11319242,0.015560165,0.035065375,0.5072932,0.120492704,0.009737303
/home/share/Uni_Eval/HAM10000_clean/ISIC2018/ISIC_0025957.jpg,0,4,0.10437539,0.04087399,0.025181737,0.039616425,0.68061304,0.101164095,0.008175313
/home/share/Uni_Eval/HAM10000_clean/ISIC2018/ISIC_0031927.jpg,0,4,0.23876615,0.0050334698,0.0313193,0.04701584,0.52151316,0.15176898,0.0045830263
/home/share/Uni_Eval/HAM10000_clean/ISIC2018/ISIC_0025264.jpg,0,4,0.020503055,0.18274173,0.02936927,0.044088494,0.56288415,0.1423194,0.018093882
/home/share/Uni_Eval/HAM10000_clean/ISIC2018/ISIC_0026457.jpg,0,0,0.6658373,0.029254848,0.023506932,0.024635054,0.20951498,0.036981594,0.010269417
/home/share/Uni_Eval/HAM10000_clean/ISIC2018/ISIC_0028763.jpg,0,4,0.2323267,0.042309836,0.018774876,0.08155434,0.44782144,0.14767584,0.029537026
/home/share/Uni_Eval/HAM10000_clean/ISIC2018/ISIC_0025780.jpg,0,0,0.9854015,0.0013489133,0.0042868373,0.00064721564,0.0018727804,0.0052523427,0.0011904117
/home/share/Uni_Eval/HAM10000_clean/ISIC2018/ISIC_0027452.jpg,0,4,0.28450784,0.034514714,0.034514714,0.02564916,0.3223896,0.28898817,0.009435798
/home/share/Uni_Eval/HAM10000_clean/ISIC2018/ISIC_0027884.jpg,0,0,0.9624748,0.0017729289,0.010044326,0.0003834227,0.009145463,0.012306565,0.0038724325
/home/share/Uni_Eval/HAM10000_clean/ISIC2018/ISIC_0027950.jpg,0,0,0.97483814,0.0014428877,0.006883633,0.001823981,0.0067769117,0.006466574,0.0017678629
/home/share/Uni_Eval/HAM10000_clean/ISIC2018/ISIC_0033536.jpg,0,1,0.04649752,0.68327606,0.05696995,0.10810998,0.044368245,0.039154835,0.021623353
/home/share/Uni_Eval/HAM10000_clean/ISIC2018/ISIC_0032854.jpg,0,0,0.9950669,0.00019932573,0.0026669486,8.572893e-05,0.00072910317,0.001129257,0.00012280101
