image_path,true_label,predicted_label,probability_class_0,probability_class_1,probability_class_2,probability_class_3,probability_class_4,probability_class_5,probability_class_6
/home/share/Uni_Eval/HAM10000_clean/ISIC2018/ISIC_0025661.jpg,2,0,0.5814713,0.14701897,0.22070162,0.033845685,0.0089682145,0.0036234863,0.004370759
/home/share/Uni_Eval/HAM10000_clean/ISIC2018/ISIC_0027850.jpg,2,1,0.21088263,0.62957925,0.04351809,0.024411436,0.07287908,0.0039232746,0.014806285
/home/share/Uni_Eval/HAM10000_clean/ISIC2018/ISIC_0029068.jpg,2,0,0.35794148,0.22399408,0.14462143,0.26187557,0.004871952,0.0015092602,0.005186165
/home/share/Uni_Eval/HAM10000_clean/ISIC2018/ISIC_0025984.jpg,2,3,0.009322332,0.07928412,0.14356498,0.6638378,0.06174653,0.03573615,0.006508037
/home/share/Uni_Eval/HAM10000_clean/ISIC2018/ISIC_0032417.jpg,2,2,0.05595113,0.0055399123,0.7032613,0.21448258,0.005990073,0.01084662,0.0039283857
/home/share/Uni_Eval/HAM10000_clean/ISIC2018/ISIC_0027310.jpg,2,3,0.018705918,0.07283633,0.28360713,0.46758908,0.099555455,0.031326514,0.026379572
/home/share/Uni_Eval/HAM10000_clean/ISIC2018/ISIC_0025937.jpg,2,2,0.05996872,0.04121586,0.502112,0.26876116,0.016394535,0.06902357,0.04252419
/home/share/Uni_Eval/HAM10000_clean/ISIC2018/ISIC_0027828.jpg,2,2,0.043907613,0.1053289,0.5874774,0.1270509,0.09590305,0.023137687,0.017194469
/home/share/Uni_Eval/HAM10000_clean/ISIC2018/ISIC_0030698.jpg,2,3,0.044267673,0.0029197696,0.44708768,0.49102977,0.0020067263,0.010190997,0.0024974113
/home/share/Uni_Eval/HAM10000_clean/ISIC2018/ISIC_0024981.jpg,2,4,0.047280297,0.05192725,0.05032962,0.005559281,0.81227887,0.027794655,0.0048299865
/home/share/Uni_Eval/HAM10000_clean/ISIC2018/ISIC_0027053.jpg,2,2,0.019135877,0.016367782,0.75252926,0.031549726,0.08848339,0.07451049,0.017423414
/home/share/Uni_Eval/HAM10000_clean/ISIC2018/ISIC_0025819.jpg,2,2,0.3765812,0.013294943,0.4008686,0.15215255,0.021245256,0.0128859,0.0229716
/home/share/Uni_Eval/HAM10000_clean/ISIC2018/ISIC_0032013.jpg,2,2,0.21780364,0.01154317,0.67088246,0.058621053,0.019331172,0.007452831,0.014365707
/home/share/Uni_Eval/HAM10000_clean/ISIC2018/ISIC_0025099.jpg,2,2,0.08462704,0.013814985,0.45748946,0.26894417,0.08595972,0.083315015,0.0058496324
/home/share/Uni_Eval/HAM10000_clean/ISIC2018/ISIC_0029289.jpg,2,3,0.00088465185,0.0064354,0.024286943,0.59768504,0.18228363,0.18228363,0.0061407015
/home/share/Uni_Eval/HAM10000_clean/ISIC2018/ISIC_0032283.jpg,2,0,0.4527723,0.0864131,0.3210636,0.0395628,0.06943488,0.015016346,0.015736995
/home/share/Uni_Eval/HAM10000_clean/ISIC2018/ISIC_0031624.jpg,2,2,0.108932644,0.062067956,0.62686414,0.15849607,0.01363452,0.012221905,0.017782766
/home/share/Uni_Eval/HAM10000_clean/ISIC2018/ISIC_0029060.jpg,2,3,0.17231613,0.013287595,0.34269157,0.42648652,0.025612507,0.013709388,0.005896334
/home/share/Uni_Eval/HAM10000_clean/ISIC2018/ISIC_0032306.jpg,2,2,0.32705346,0.008187623,0.5226299,0.09370238,0.011728228,0.006277668,0.030420706
/home/share/Uni_Eval/HAM10000_clean/ISIC2018/ISIC_0027957.jpg,2,2,0.14562762,0.12851594,0.34934253,0.17566045,0.13259546,0.047278367,0.020979648
/home/share/Uni_Eval/HAM10000_clean/ISIC2018/ISIC_0032382.jpg,2,2,0.1049776,0.024934366,0.47047696,0.32335377,0.0386191,0.03103132,0.0066069495
/home/share/Uni_Eval/HAM10000_clean/ISIC2018/ISIC_0029674.jpg,2,2,0.083965026,0.0044499836,0.56490093,0.31196788,0.006474688,0.024435217,0.0038062725
/home/share/Uni_Eval/HAM10000_clean/ISIC2018/ISIC_0024623.jpg,2,2,0.18031466,0.12392833,0.591229,0.021874653,0.053300913,0.0041748504,0.02517757
/home/share/Uni_Eval/HAM10000_clean/ISIC2018/ISIC_0032929.jpg,2,2,0.19958405,0.01587881,0.5958479,0.025374265,0.012561172,0.0135818655,0.13717198
/home/share/Uni_Eval/HAM10000_clean/ISIC2018/ISIC_0033900.jpg,2,2,0.031946104,0.0066962675,0.52370334,0.1548064,0.11325879,0.14095284,0.028636307
/home/share/Uni_Eval/HAM10000_clean/ISIC2018/ISIC_0030276.jpg,2,4,0.019425796,0.3285624,0.068870425,0.041772027,0.36085522,0.03008726,0.15042683
/home/share/Uni_Eval/HAM10000_clean/ISIC2018/ISIC_0033465.jpg,2,2,0.18095192,0.005550324,0.49187827,0.09098833,0.15001439,0.0686816,0.011935072
/home/share/Uni_Eval/HAM10000_clean/ISIC2018/ISIC_0029683.jpg,2,4,0.0011651561,0.015589616,0.020978123,0.008744983,0.78719825,0.15023941,0.016084485
/home/share/Uni_Eval/HAM10000_clean/ISIC2018/ISIC_0032514.jpg,2,2,0.023298243,0.014809265,0.49041548,0.16426861,0.062349327,0.21762055,0.027238406
/home/share/Uni_Eval/HAM10000_clean/ISIC2018/ISIC_0033910.jpg,2,2,0.1442334,0.022118911,0.47292316,0.29594776,0.038819898,0.019519871,0.0064369706
/home/share/Uni_Eval/HAM10000_clean/ISIC2018/ISIC_0033212.jpg,2,2,0.053030025,0.11582822,0.68770385,0.045358986,0.03267085,0.013200218,0.052207872
/home/share/Uni_Eval/HAM10000_clean/ISIC2018/ISIC_0033601.jpg,2,2,0.005718819,0.015067082,0.35381082,0.040956575,0.35381082,0.2145971,0.016038826
/home/share/Uni_Eval/HAM10000_clean/ISIC2018/ISIC_0033677.jpg,2,2,0.017183322,0.004624828,0.53455746,0.35609207,0.01829155,0.06384379,0.005406972
/home/share/Uni_Eval/HAM10000_clean/ISIC2018/ISIC_0033262.jpg,2,3,0.02556722,0.026794218,0.34208563,0.49773166,0.06949891,0.02989111,0.008431175
/home/share/Uni_Eval/HAM10000_clean/ISIC2018/ISIC_0032570.jpg,2,3,0.0029630733,0.0031052744,0.080086075,0.88833773,0.0021011336,0.009270636,0.014136033
/home/share/Uni_Eval/HAM10000_clean/ISIC2018/ISIC_0033264.jpg,2,4,0.005774672,0.023564268,0.025084034,0.017787242,0.85703737,0.06208358,0.00866881
/home/share/Uni_Eval/HAM10000_clean/ISIC2018/ISIC_0032665.jpg,2,4,0.13724533,0.20602962,0.20602962,0.071201935,0.21931739,0.018574134,0.14160196
/home/share/Uni_Eval/HAM10000_clean/ISIC2018/ISIC_0033587.jpg,2,4,0.007829133,0.012316955,0.27598646,0.09537838,0.3892033,0.20191602,0.017369693
/home/share/Uni_Eval/HAM10000_clean/ISIC2018/ISIC_0032675.jpg,2,4,0.01315894,0.008765745,0.28578117,0.10513303,0.39061657,0.1788373,0.01770729
/home/share/Uni_Eval/HAM10000_clean/ISIC2018/ISIC_0033449.jpg,2,2,0.11359457,0.025346376,0.46353677,0.13280551,0.2122226,0.036878757,0.015615447
/home/share/Uni_Eval/HAM10000_clean/ISIC2018/ISIC_0033758.jpg,2,3,0.014511609,0.19722082,0.19722082,0.26127514,0.067101,0.09916885,0.1635018
/home/share/Uni_Eval/HAM10000_clean/ISIC2018/ISIC_0032876.jpg,2,3,0.003963248,0.054710947,0.23765355,0.27784514,0.24519746,0.12329303,0.05733658
/home/share/Uni_Eval/HAM10000_clean/ISIC2018/ISIC_0025157.jpg,2,2,0.16752239,0.0055559357,0.7507832,0.047251858,0.008740715,0.013751075,0.0063948436
/home/share/Uni_Eval/HAM10000_clean/ISIC2018/ISIC_0026060.jpg,2,2,0.22031415,0.06932492,0.3632366,0.32055518,0.016466111,0.0033452935,0.0067576785
/home/share/Uni_Eval/HAM10000_clean/ISIC2018/ISIC_0029394.jpg,2,4,0.005970187,0.00060989294,0.15158603,0.030796567,0.58108854,0.22055635,0.009392422
/home/share/Uni_Eval/HAM10000_clean/ISIC2018/ISIC_0026844.jpg,2,3,0.03940916,0.009657631,0.11226626,0.70954454,0.008931847,0.014726127,0.10546438
/home/share/Uni_Eval/HAM10000_clean/ISIC2018/ISIC_0027374.jpg,2,3,0.0018889745,0.019378398,0.09538382,0.4015809,0.3127515,0.14773338,0.021283008
/home/share/Uni_Eval/HAM10000_clean/ISIC2018/ISIC_0025507.jpg,2,4,0.039197598,0.04044186,0.18700126,0.084288076,0.59428877,0.023774544,0.03100785
/home/share/Uni_Eval/HAM10000_clean/ISIC2018/ISIC_0028336.jpg,2,3,0.0007552187,0.004773129,0.06287364,0.5516987,0.08729141,0.2647079,0.027900008
/home/share/Uni_Eval/HAM10000_clean/ISIC2018/ISIC_0025838.jpg,2,4,0.004955629,0.020863978,0.09062898,0.020540511,0.770777,0.07169343,0.020540511
/home/share/Uni_Eval/HAM10000_clean/ISIC2018/ISIC_0027780.jpg,2,5,0.0049380343,0.0026021614,0.08483577,0.030249126,0.26542765,0.57974726,0.032200027
/home/share/Uni_Eval/HAM10000_clean/ISIC2018/ISIC_0024592.jpg,2,2,0.008571971,0.039636392,0.38799706,0.10774289,0.25445467,0.10943959,0.09215738
/home/share/Uni_Eval/HAM10000_clean/ISIC2018/ISIC_0030721.jpg,2,3,0.00813114,0.05556626,0.20645371,0.5790137,0.034772474,0.0670257,0.049037047
/home/share/Uni_Eval/HAM10000_clean/ISIC2018/ISIC_0032168.jpg,2,0,0.6627537,0.03299656,0.10486287,0.041064885,0.13050394,0.0051398734,0.022678183
/home/share/Uni_Eval/HAM10000_clean/ISIC2018/ISIC_0024505.jpg,2,2,0.084216885,0.007956749,0.59378684,0.05437451,0.09693304,0.15489857,0.0078333905
/home/share/Uni_Eval/HAM10000_clean/ISIC2018/ISIC_0024626.jpg,2,2,0.06473588,0.010083906,0.60467476,0.039882623,0.13920404,0.12674671,0.014671997
/home/share/Uni_Eval/HAM10000_clean/ISIC2018/ISIC_0024971.jpg,2,2,0.044103913,0.01781959,0.38099965,0.27442378,0.1492016,0.05842819,0.07502327
/home/share/Uni_Eval/HAM10000_clean/ISIC2018/ISIC_0025485.jpg,2,2,0.30162016,0.0109865125,0.44576564,0.041462664,0.10423713,0.07507919,0.020848738
/home/share/Uni_Eval/HAM10000_clean/ISIC2018/ISIC_0028856.jpg,2,2,0.18144763,0.010236573,0.6741597,0.075638615,0.030560765,0.019731512,0.008225318
/home/share/Uni_Eval/HAM10000_clean/ISIC2018/ISIC_0030095.jpg,2,4,0.027905174,0.03366006,0.17914349,0.13951708,0.3618798,0.18774076,0.070153594
/home/share/Uni_Eval/HAM10000_clean/ISIC2018/ISIC_0024883.jpg,2,3,0.0055182218,0.0030954422,0.0761767,0.8717962,0.008414284,0.031755175,0.0032439954
/home/share/Uni_Eval/HAM10000_clean/ISIC2018/ISIC_0027295.jpg,2,3,0.12580357,0.07168072,0.13602611,0.3875023,0.20103355,0.03958585,0.038367923
/home/share/Uni_Eval/HAM10000_clean/ISIC2018/ISIC_0032156.jpg,2,5,0.018847428,0.015382823,0.24062783,0.19948748,0.21235332,0.256147,0.05715412
/home/share/Uni_Eval/HAM10000_clean/ISIC2018/ISIC_0030783.jpg,2,4,0.0014149359,0.01385068,0.07033955,0.062074434,0.5446859,0.27388525,0.033749286
/home/share/Uni_Eval/HAM10000_clean/ISIC2018/ISIC_0030459.jpg,2,2,0.23740858,0.031631634,0.47957852,0.14856648,0.055515245,0.011456218,0.035843335
/home/share/Uni_Eval/HAM10000_clean/ISIC2018/ISIC_0026861.jpg,2,3,0.03643317,0.08210342,0.2609241,0.3350332,0.22318023,0.03116294,0.03116294
/home/share/Uni_Eval/HAM10000_clean/ISIC2018/ISIC_0030208.jpg,2,2,0.093469694,0.019288562,0.7949365,0.06324476,0.0039804196,0.019288562,0.005791476
/home/share/Uni_Eval/HAM10000_clean/ISIC2018/ISIC_0030723.jpg,2,0,0.27029893,0.16914874,0.26198268,0.15162395,0.039553467,0.00479838,0.1025939
/home/share/Uni_Eval/HAM10000_clean/ISIC2018/ISIC_0027969.jpg,2,2,0.018516956,0.0016956428,0.67346555,0.20221102,0.019104747,0.07323598,0.011770094
/home/share/Uni_Eval/HAM10000_clean/ISIC2018/ISIC_0031851.jpg,2,1,0.0698618,0.7279766,0.013973239,0.058829535,0.10487498,0.0073633795,0.01712037
/home/share/Uni_Eval/HAM10000_clean/ISIC2018/ISIC_0029420.jpg,2,2,0.120705634,0.007716454,0.5669266,0.053562805,0.15022062,0.07672518,0.024142649
/home/share/Uni_Eval/HAM10000_clean/ISIC2018/ISIC_0024381.jpg,2,2,0.023060853,0.013556775,0.30376714,0.2944212,0.16775614,0.15759231,0.039845575
/home/share/Uni_Eval/HAM10000_clean/ISIC2018/ISIC_0029991.jpg,2,3,0.039317034,0.03810738,0.19657283,0.55998385,0.06688054,0.044552043,0.0545863
/home/share/Uni_Eval/HAM10000_clean/ISIC2018/ISIC_0031168.jpg,2,2,0.26789102,0.022687867,0.5327649,0.09551948,0.0066025457,0.008884695,0.06564952
/home/share/Uni_Eval/HAM10000_clean/ISIC2018/ISIC_0024547.jpg,2,2,0.10037741,0.0153933745,0.35035157,0.122984976,0.3449199,0.03809897,0.027873801
/home/share/Uni_Eval/HAM10000_clean/ISIC2018/ISIC_0029897.jpg,2,2,0.05317625,0.1275632,0.39292228,0.044084657,0.33608425,0.02182349,0.02434586
/home/share/Uni_Eval/HAM10000_clean/ISIC2018/ISIC_0027006.jpg,2,2,0.20050384,0.129455,0.58017707,0.03430216,0.042027887,0.0055128587,0.008021163
/home/share/Uni_Eval/HAM10000_clean/ISIC2018/ISIC_0028881.jpg,2,4,0.024341296,0.051530525,0.16896209,0.12954772,0.4738659,0.10409452,0.047657944
/home/share/Uni_Eval/HAM10000_clean/ISIC2018/ISIC_0029311.jpg,2,2,0.044238873,0.0078086248,0.43986982,0.3762406,0.055923168,0.03236585,0.043553013
/home/share/Uni_Eval/HAM10000_clean/ISIC2018/ISIC_0025973.jpg,2,4,0.050483096,0.008241138,0.26041165,0.115556955,0.4161366,0.09285263,0.056317963
/home/share/Uni_Eval/HAM10000_clean/ISIC2018/ISIC_0031580.jpg,2,2,0.046975788,0.010001722,0.29229316,0.071629524,0.18579283,0.29229316,0.10101382
/home/share/Uni_Eval/HAM10000_clean/ISIC2018/ISIC_0028389.jpg,2,2,0.039779283,0.008738348,0.5078678,0.10317961,0.15489092,0.1000051,0.0855389
/home/share/Uni_Eval/HAM10000_clean/ISIC2018/ISIC_0028750.jpg,2,2,0.2574094,0.0073021436,0.6370944,0.049127445,0.026296027,0.008019835,0.014750734
/home/share/Uni_Eval/HAM10000_clean/ISIC2018/ISIC_0026378.jpg,2,2,0.07765927,0.0059884405,0.7368107,0.056816738,0.052546892,0.051732227,0.018445695
/home/share/Uni_Eval/HAM10000_clean/ISIC2018/ISIC_0030683.jpg,2,3,0.01645507,0.054803744,0.23436591,0.2574006,0.2574006,0.08488171,0.094692394
/home/share/Uni_Eval/HAM10000_clean/ISIC2018/ISIC_0025883.jpg,2,3,0.013073761,0.04422796,0.12797786,0.6918417,0.07884487,0.03136232,0.012671524
/home/share/Uni_Eval/HAM10000_clean/ISIC2018/ISIC_0031050.jpg,2,4,0.065205455,0.019274697,0.23851165,0.07388746,0.5459586,0.044120222,0.013041912
/home/share/Uni_Eval/HAM10000_clean/ISIC2018/ISIC_0026316.jpg,2,4,0.009449504,0.008209871,0.1115767,0.05108353,0.40180314,0.40180314,0.016074149
/home/share/Uni_Eval/HAM10000_clean/ISIC2018/ISIC_0031522.jpg,2,2,0.19463481,0.21045041,0.40565377,0.023245813,0.11264598,0.023983715,0.029385462
/home/share/Uni_Eval/HAM10000_clean/ISIC2018/ISIC_0032024.jpg,2,2,0.11950812,0.009657736,0.58823955,0.12721573,0.024661895,0.04328297,0.087434
/home/share/Uni_Eval/HAM10000_clean/ISIC2018/ISIC_0025374.jpg,2,2,0.010180651,0.0054493095,0.33713683,0.18618463,0.16689484,0.22458157,0.06957211
/home/share/Uni_Eval/HAM10000_clean/ISIC2018/ISIC_0026365.jpg,2,3,0.009278299,0.0550878,0.09820463,0.51455545,0.19530322,0.070734136,0.056836475
/home/share/Uni_Eval/HAM10000_clean/ISIC2018/ISIC_0028656.jpg,2,3,0.0051221093,0.0011977459,0.20460194,0.38224673,0.14736925,0.2392039,0.020258335
/home/share/Uni_Eval/HAM10000_clean/ISIC2018/ISIC_0031716.jpg,2,2,0.23847997,0.05664396,0.35800081,0.27023318,0.032783005,0.0017647963,0.042094212
/home/share/Uni_Eval/HAM10000_clean/ISIC2018/ISIC_0027893.jpg,2,5,0.0006295953,0.0015582633,0.06032954,0.020207867,0.16657522,0.7123518,0.038347792
/home/share/Uni_Eval/HAM10000_clean/ISIC2018/ISIC_0030318.jpg,2,2,0.01865669,0.011315853,0.5202605,0.09327758,0.08626765,0.10905253,0.16116919
/home/share/Uni_Eval/HAM10000_clean/ISIC2018/ISIC_0028749.jpg,2,2,0.13491943,0.03865506,0.2993318,0.20253806,0.14362098,0.048107002,0.1328277
/home/share/Uni_Eval/HAM10000_clean/ISIC2018/ISIC_0026961.jpg,2,2,0.047527596,0.0018428448,0.7914055,0.06702465,0.034232844,0.049036283,0.008930171
/home/share/Uni_Eval/HAM10000_clean/ISIC2018/ISIC_0025040.jpg,2,3,0.0033334822,0.0041485853,0.21278185,0.63524926,0.023503339,0.11038976,0.010593784
/home/share/Uni_Eval/HAM10000_clean/ISIC2018/ISIC_0026704.jpg,2,2,0.15949634,0.009729338,0.64075416,0.023707014,0.10624745,0.038480278,0.02158548
/home/share/Uni_Eval/HAM10000_clean/ISIC2018/ISIC_0029302.jpg,2,2,0.047965545,0.018492367,0.4920636,0.103142135,0.14097859,0.16226538,0.035092343
/home/share/Uni_Eval/HAM10000_clean/ISIC2018/ISIC_0030310.jpg,2,2,0.1371308,0.014453481,0.50950277,0.07573082,0.1816688,0.066832215,0.01468109
/home/share/Uni_Eval/HAM10000_clean/ISIC2018/ISIC_0028229.jpg,2,2,0.107026,0.039372668,0.4948832,0.19995089,0.094450116,0.02107467,0.043242414
/home/share/Uni_Eval/HAM10000_clean/ISIC2018/ISIC_0025068.jpg,2,2,0.25888583,0.042261947,0.41369838,0.039085913,0.04160674,0.06149077,0.14297034
/home/share/Uni_Eval/HAM10000_clean/ISIC2018/ISIC_0028943.jpg,2,2,0.21765412,0.15433991,0.4195393,0.08523458,0.06433844,0.02223477,0.036658935
/home/share/Uni_Eval/HAM10000_clean/ISIC2018/ISIC_0031980.jpg,2,0,0.46637267,0.011316197,0.374741,0.089008786,0.027146142,0.0070814947,0.024333648
/home/share/Uni_Eval/HAM10000_clean/ISIC2018/ISIC_0028611.jpg,2,3,0.08057815,0.050424512,0.08849778,0.58616567,0.10186031,0.028731022,0.06374256
/home/share/Uni_Eval/HAM10000_clean/ISIC2018/ISIC_0027509.jpg,2,2,0.092683725,0.012941548,0.485628,0.13485402,0.06675758,0.04447014,0.16266501
/home/share/Uni_Eval/HAM10000_clean/ISIC2018/ISIC_0030240.jpg,2,2,0.2588514,0.07076604,0.3122344,0.2508874,0.035583396,0.010194814,0.061482593
/home/share/Uni_Eval/HAM10000_clean/ISIC2018/ISIC_0026871.jpg,2,2,0.34624395,0.02431014,0.503782,0.053934403,0.022837264,0.03482267,0.014069631
/home/share/Uni_Eval/HAM10000_clean/ISIC2018/ISIC_0027859.jpg,2,2,0.16309604,0.0054943166,0.66553366,0.10864539,0.015170295,0.036391646,0.0056687254
/home/share/Uni_Eval/HAM10000_clean/ISIC2018/ISIC_0029329.jpg,2,3,0.01980357,0.12516241,0.11943081,0.300249,0.24891518,0.1291355,0.05730353
/home/share/Uni_Eval/HAM10000_clean/ISIC2018/ISIC_0028913.jpg,2,3,0.0061780037,0.034458134,0.08396249,0.5561262,0.102873,0.13628457,0.080117576
/home/share/Uni_Eval/HAM10000_clean/ISIC2018/ISIC_0028165.jpg,2,2,0.18330343,0.0033052692,0.660101,0.01731837,0.061398957,0.050901525,0.02367141
/home/share/Uni_Eval/HAM10000_clean/ISIC2018/ISIC_0031465.jpg,2,5,0.012180641,0.003079748,0.08194906,0.00762245,0.37892863,0.5019989,0.014240612
/home/share/Uni_Eval/HAM10000_clean/ISIC2018/ISIC_0031000.jpg,2,2,0.28412864,0.016029442,0.5829941,0.04566363,0.043572538,0.006376071,0.02123556
/home/share/Uni_Eval/HAM10000_clean/ISIC2018/ISIC_0026276.jpg,2,2,0.12728459,0.010779816,0.4442669,0.3800016,0.022467064,0.008661825,0.0065382887
/home/share/Uni_Eval/HAM10000_clean/ISIC2018/ISIC_0027435.jpg,2,2,0.4172472,0.009510809,0.44415736,0.094566554,0.008393259,0.0043543656,0.021770457
/home/share/Uni_Eval/HAM10000_clean/ISIC2018/ISIC_0028294.jpg,2,0,0.83130646,0.006651707,0.12748498,0.017800892,0.0015799189,0.00041863683,0.014757457
/home/share/Uni_Eval/HAM10000_clean/ISIC2018/ISIC_0026803.jpg,2,2,0.084821075,0.0027265686,0.6776758,0.1767823,0.012412065,0.038833916,0.0067483224
/home/share/Uni_Eval/HAM10000_clean/ISIC2018/ISIC_0026016.jpg,2,2,0.16613853,0.037654296,0.5447473,0.14210582,0.06506079,0.022838484,0.02145477
/home/share/Uni_Eval/HAM10000_clean/ISIC2018/ISIC_0029505.jpg,2,2,0.08103909,0.01430425,0.78098553,0.08626566,0.02081256,0.010630016,0.005962898
/home/share/Uni_Eval/HAM10000_clean/ISIC2018/ISIC_0026069.jpg,2,2,0.06756246,0.005903542,0.7732114,0.1262233,0.008069186,0.009886572,0.009143584
/home/share/Uni_Eval/HAM10000_clean/ISIC2018/ISIC_0031528.jpg,2,2,0.19100288,0.003087274,0.55268514,0.2164346,0.0132025955,0.009965842,0.013621692
/home/share/Uni_Eval/HAM10000_clean/ISIC2018/ISIC_0028490.jpg,2,2,0.060586616,0.0043888795,0.5748298,0.2890426,0.01656346,0.048682716,0.005905884
/home/share/Uni_Eval/HAM10000_clean/ISIC2018/ISIC_0031987.jpg,2,2,0.16590036,0.0065339548,0.7671155,0.03701737,0.007289153,0.006636849,0.009506849
/home/share/Uni_Eval/HAM10000_clean/ISIC2018/ISIC_0026631.jpg,2,2,0.22691144,0.014505965,0.5794387,0.13762876,0.025458759,0.0057700737,0.010286269
/home/share/Uni_Eval/HAM10000_clean/ISIC2018/ISIC_0025710.jpg,2,0,0.653755,0.008760322,0.31861472,0.008490795,0.0047629043,0.00062475714,0.0049914806
/home/share/Uni_Eval/HAM10000_clean/ISIC2018/ISIC_0030123.jpg,2,2,0.122132435,0.15199627,0.2177246,0.2177246,0.13624859,0.080096416,0.07407707
/home/share/Uni_Eval/HAM10000_clean/ISIC2018/ISIC_0029872.jpg,2,2,0.1701909,0.07094611,0.47731215,0.07552175,0.09697185,0.028664822,0.08039248
/home/share/Uni_Eval/HAM10000_clean/ISIC2018/ISIC_0026530.jpg,2,2,0.14800815,0.037422318,0.64291805,0.0883797,0.061698977,0.01420391,0.0073688924
/home/share/Uni_Eval/HAM10000_clean/ISIC2018/ISIC_0032498.jpg,2,2,0.26691955,0.010349595,0.4833289,0.12412913,0.07297175,0.026018878,0.016282197
/home/share/Uni_Eval/HAM10000_clean/ISIC2018/ISIC_0029778.jpg,2,0,0.4074731,0.02298806,0.35959375,0.02298806,0.15709488,0.016557677,0.013304468
/home/share/Uni_Eval/HAM10000_clean/ISIC2018/ISIC_0029555.jpg,2,2,0.1244332,0.007831423,0.631924,0.0999849,0.066604294,0.05436084,0.014861427
/home/share/Uni_Eval/HAM10000_clean/ISIC2018/ISIC_0030173.jpg,2,2,0.043267712,0.0069537545,0.68747926,0.051381677,0.09450537,0.10877502,0.007637205
/home/share/Uni_Eval/HAM10000_clean/ISIC2018/ISIC_0029012.jpg,2,2,0.031990297,0.009023277,0.7395616,0.07555097,0.041723214,0.09700937,0.0051413085
/home/share/Uni_Eval/HAM10000_clean/ISIC2018/ISIC_0032170.jpg,2,3,0.064351745,0.0011972043,0.22814678,0.66016454,0.007929691,0.030876309,0.007333766
/home/share/Uni_Eval/HAM10000_clean/ISIC2018/ISIC_0033460.jpg,2,2,0.3657763,0.017107585,0.4276358,0.111555465,0.049502436,0.01737699,0.011045487
/home/share/Uni_Eval/HAM10000_clean/ISIC2018/ISIC_0033199.jpg,2,3,0.23294587,0.007145131,0.23294587,0.4490149,0.031037034,0.016355367,0.030555848
/home/share/Uni_Eval/HAM10000_clean/ISIC2018/ISIC_0028411.jpg,2,2,0.011695684,0.023625933,0.44578862,0.16920228,0.23861347,0.10588408,0.0051899287
/home/share/Uni_Eval/HAM10000_clean/ISIC2018/ISIC_0032681.jpg,2,2,0.12893397,0.011806797,0.4790478,0.031106768,0.19969682,0.106890015,0.042517908
/home/share/Uni_Eval/HAM10000_clean/ISIC2018/ISIC_0033509.jpg,2,2,0.12708499,0.030185325,0.34545276,0.08205222,0.24496268,0.09897388,0.071288206
/home/share/Uni_Eval/HAM10000_clean/ISIC2018/ISIC_0032636.jpg,2,4,0.0034146896,0.13428463,0.027711198,0.22842583,0.5479651,0.043595836,0.014602775
/home/share/Uni_Eval/HAM10000_clean/ISIC2018/ISIC_0034167.jpg,2,4,0.02911717,0.056124814,0.15740594,0.06769945,0.6423145,0.02911717,0.01822106
/home/share/Uni_Eval/HAM10000_clean/ISIC2018/ISIC_0032271.jpg,2,3,0.08382328,0.009856052,0.39989847,0.45314434,0.012655422,0.007796779,0.032825667
/home/share/Uni_Eval/HAM10000_clean/ISIC2018/ISIC_0027142.jpg,2,2,0.18309605,0.018704437,0.3876143,0.20109166,0.03132404,0.026377486,0.15179195
/home/share/Uni_Eval/HAM10000_clean/ISIC2018/ISIC_0031396.jpg,2,3,0.03495093,0.024399683,0.29264057,0.4977984,0.06950823,0.043497138,0.037205074
/home/share/Uni_Eval/HAM10000_clean/ISIC2018/ISIC_0027370.jpg,2,2,0.015036773,0.0012151576,0.6197082,0.34223533,0.0022350168,0.016514665,0.0030549057
/home/share/Uni_Eval/HAM10000_clean/ISIC2018/ISIC_0026566.jpg,2,3,0.09287589,0.07944096,0.22987002,0.5514295,0.01886888,0.009789047,0.017725674
/home/share/Uni_Eval/HAM10000_clean/ISIC2018/ISIC_0031511.jpg,2,4,0.011980876,0.06084391,0.18164636,0.1760577,0.5094398,0.034667812,0.025363514
/home/share/Uni_Eval/HAM10000_clean/ISIC2018/ISIC_0030316.jpg,2,2,0.04050514,0.016365556,0.42207325,0.3185976,0.06080542,0.04448619,0.097166784
/home/share/Uni_Eval/HAM10000_clean/ISIC2018/ISIC_0029345.jpg,2,2,0.01276689,0.045262557,0.6446646,0.072329365,0.13512905,0.05459707,0.03525052
/home/share/Uni_Eval/HAM10000_clean/ISIC2018/ISIC_0026846.jpg,2,2,0.094652265,0.08618187,0.5619764,0.12539388,0.032203812,0.025876492,0.073715255
/home/share/Uni_Eval/HAM10000_clean/ISIC2018/ISIC_0032460.jpg,2,3,0.124916956,0.12107366,0.08857939,0.5426145,0.047413126,0.0064166686,0.068985686
/home/share/Uni_Eval/HAM10000_clean/ISIC2018/ISIC_0027025.jpg,2,2,0.1490684,0.019553518,0.6892853,0.09041455,0.02215704,0.003617037,0.025904205
/home/share/Uni_Eval/HAM10000_clean/ISIC2018/ISIC_0030088.jpg,2,2,0.04965573,0.0021478962,0.60493064,0.06277073,0.11545304,0.1191179,0.045924045
/home/share/Uni_Eval/HAM10000_clean/ISIC2018/ISIC_0025392.jpg,2,2,0.034894325,0.021164477,0.7460735,0.10748208,0.023982495,0.05576097,0.010642166
/home/share/Uni_Eval/HAM10000_clean/ISIC2018/ISIC_0026783.jpg,2,4,0.037425835,0.06992067,0.28531998,0.1434679,0.40236565,0.039839596,0.021660414
/home/share/Uni_Eval/HAM10000_clean/ISIC2018/ISIC_0025330.jpg,2,2,0.06685679,0.0011868499,0.46407804,0.43596098,0.007157622,0.019762827,0.0049968255
/home/share/Uni_Eval/HAM10000_clean/ISIC2018/ISIC_0027275.jpg,2,2,0.0032645676,0.0025824858,0.8113929,0.030973356,0.007831291,0.128381,0.015574383
/home/share/Uni_Eval/HAM10000_clean/ISIC2018/ISIC_0029233.jpg,2,2,0.15193835,0.007804691,0.68094045,0.07639939,0.04932716,0.02258362,0.011006377
/home/share/Uni_Eval/HAM10000_clean/ISIC2018/ISIC_0032359.jpg,2,2,0.0040620244,0.0125119155,0.47689983,0.17004389,0.19880143,0.12057916,0.017101763
/home/share/Uni_Eval/HAM10000_clean/ISIC2018/ISIC_0029048.jpg,2,2,0.0058781337,0.021167971,0.7461967,0.18286337,0.006660797,0.023986453,0.013246577
/home/share/Uni_Eval/HAM10000_clean/ISIC2018/ISIC_0028925.jpg,2,3,0.035062324,0.0044576745,0.11142785,0.7266008,0.024862913,0.0052115493,0.092376925
/home/share/Uni_Eval/HAM10000_clean/ISIC2018/ISIC_0027008.jpg,3,1,0.012517643,0.6222794,0.061614003,0.22892381,0.056100186,0.011759238,0.0068057245
/home/share/Uni_Eval/HAM10000_clean/ISIC2018/ISIC_0032468.jpg,3,3,0.057692584,0.08135957,0.08935601,0.72515005,0.018439658,0.009272041,0.018730039
/home/share/Uni_Eval/HAM10000_clean/ISIC2018/ISIC_0030555.jpg,3,6,0.00023103101,0.013638841,0.12739553,0.33564255,0.004939661,0.014293383,0.5038591
/home/share/Uni_Eval/HAM10000_clean/ISIC2018/ISIC_0030244.jpg,3,3,0.021747464,0.06391936,0.024261048,0.7909598,0.0070603676,0.0060390523,0.08601289
/home/share/Uni_Eval/HAM10000_clean/ISIC2018/ISIC_0025668.jpg,3,2,0.02730983,0.017359184,0.42719764,0.35415927,0.09238797,0.07423581,0.007350341
/home/share/Uni_Eval/HAM10000_clean/ISIC2018/ISIC_0033790.jpg,3,3,0.022631273,0.007944323,0.3223322,0.4838779,0.111395024,0.024090862,0.027728412
/home/share/Uni_Eval/HAM10000_clean/ISIC2018/ISIC_0029039.jpg,3,2,0.07587312,0.007630761,0.61573243,0.17098272,0.039362457,0.057272036,0.03314651
/home/share/Uni_Eval/HAM10000_clean/ISIC2018/ISIC_0027107.jpg,3,2,0.044211477,0.010501146,0.4327821,0.2465918,0.09071606,0.13618092,0.03901649
/home/share/Uni_Eval/HAM10000_clean/ISIC2018/ISIC_0024973.jpg,3,4,0.1946163,0.20716797,0.14690408,0.054894045,0.31099594,0.025132326,0.06028931
/home/share/Uni_Eval/HAM10000_clean/ISIC2018/ISIC_0025622.jpg,3,2,0.17104408,0.10213509,0.30019173,0.18785518,0.14630176,0.07472363,0.017748417
/home/share/Uni_Eval/HAM10000_clean/ISIC2018/ISIC_0033626.jpg,3,3,0.010727775,0.0010135523,0.113546364,0.8131871,0.021670701,0.030086793,0.00976775
/home/share/Uni_Eval/HAM10000_clean/ISIC2018/ISIC_0033891.jpg,3,3,0.0046948926,0.0023979165,0.015155299,0.9673885,0.0011870547,0.0037724518,0.0054037883
/home/share/Uni_Eval/HAM10000_clean/ISIC2018/ISIC_0033005.jpg,3,3,0.00664889,0.0027716698,0.027131623,0.9564226,0.0018463301,0.0015069306,0.003671866
/home/share/Uni_Eval/HAM10000_clean/ISIC2018/ISIC_0033847.jpg,3,3,0.0016111915,0.003519166,0.023676287,0.9166484,0.017594723,0.017321942,0.019628331
/home/share/Uni_Eval/HAM10000_clean/ISIC2018/ISIC_0026471.jpg,3,6,0.03138374,0.032379974,0.26277286,0.09666874,0.10954004,0.02026287,0.44699174
/home/share/Uni_Eval/HAM10000_clean/ISIC2018/ISIC_0026629.jpg,3,3,0.021779994,0.0023684641,0.041331165,0.86999875,0.012605293,0.019220775,0.032695644
/home/share/Uni_Eval/HAM10000_clean/ISIC2018/ISIC_0025771.jpg,3,3,0.1200977,0.012268753,0.19191559,0.6099065,0.015753392,0.021532333,0.028525706
/home/share/Uni_Eval/HAM10000_clean/ISIC2018/ISIC_0030623.jpg,4,4,0.0048955437,0.03451694,0.07082417,0.08543026,0.46183157,0.29818088,0.04432063
/home/share/Uni_Eval/HAM10000_clean/ISIC2018/ISIC_0032396.jpg,4,4,0.0080167875,0.026286036,0.07488195,0.09174728,0.48829162,0.21001162,0.10076467
/home/share/Uni_Eval/HAM10000_clean/ISIC2018/ISIC_0028445.jpg,4,3,0.010204281,0.016053587,0.08543939,0.43389705,0.16468875,0.27152586,0.018191097
/home/share/Uni_Eval/HAM10000_clean/ISIC2018/ISIC_0029512.jpg,4,3,0.057484042,0.037114486,0.09330581,0.62774396,0.14006862,0.025910089,0.018373003
/home/share/Uni_Eval/HAM10000_clean/ISIC2018/ISIC_0028579.jpg,4,5,0.011135195,0.008672099,0.18833755,0.22365637,0.24183021,0.31540605,0.010962561
/home/share/Uni_Eval/HAM10000_clean/ISIC2018/ISIC_0031953.jpg,4,3,0.07067694,0.03724413,0.288406,0.29756102,0.18914129,0.10283434,0.014136276
/home/share/Uni_Eval/HAM10000_clean/ISIC2018/ISIC_0032079.jpg,4,4,0.27883407,0.06520211,0.21715619,0.04209765,0.33633807,0.04921713,0.011154766
/home/share/Uni_Eval/HAM10000_clean/ISIC2018/ISIC_0026150.jpg,4,4,0.021069765,0.107001096,0.0859778,0.15089573,0.50255954,0.11390208,0.018594004
/home/share/Uni_Eval/HAM10000_clean/ISIC2018/ISIC_0031642.jpg,4,4,0.019953888,0.05257149,0.21452452,0.16448165,0.41350684,0.113046475,0.02191506
/home/share/Uni_Eval/HAM10000_clean/ISIC2018/ISIC_0029000.jpg,4,5,0.0022371605,0.008987479,0.036674526,0.07180523,0.32180876,0.5142489,0.04423792
/home/share/Uni_Eval/HAM10000_clean/ISIC2018/ISIC_0025751.jpg,4,4,0.0052777757,0.0128601035,0.19497664,0.051663667,0.43938664,0.27496114,0.020874009
/home/share/Uni_Eval/HAM10000_clean/ISIC2018/ISIC_0026892.jpg,4,3,0.04438678,0.15984294,0.24756959,0.31788564,0.13460125,0.08037408,0.01533966
/home/share/Uni_Eval/HAM10000_clean/ISIC2018/ISIC_0028291.jpg,4,2,0.07183937,0.0058055106,0.45403877,0.16189252,0.18344826,0.10452566,0.018449875
/home/share/Uni_Eval/HAM10000_clean/ISIC2018/ISIC_0027769.jpg,4,3,0.008507042,0.025003586,0.16821945,0.36742502,0.20935246,0.20291136,0.018581087
/home/share/Uni_Eval/HAM10000_clean/ISIC2018/ISIC_0030445.jpg,4,6,0.07665602,0.031459566,0.19574802,0.25932395,0.03195498,0.039152063,0.36570543
/home/share/Uni_Eval/HAM10000_clean/ISIC2018/ISIC_0025155.jpg,4,2,0.0591653,0.027514419,0.43039793,0.23037542,0.19098793,0.05303543,0.0085235685
/home/share/Uni_Eval/HAM10000_clean/ISIC2018/ISIC_0027102.jpg,4,4,0.014696451,0.21261457,0.094347134,0.06383847,0.5429303,0.019469634,0.052103445
/home/share/Uni_Eval/HAM10000_clean/ISIC2018/ISIC_0032046.jpg,4,2,0.14478941,0.16927597,0.19181481,0.18303098,0.19181481,0.075115755,0.044158276
/home/share/Uni_Eval/HAM10000_clean/ISIC2018/ISIC_0029630.jpg,4,0,0.3329296,0.037941903,0.3329296,0.13878572,0.04648739,0.012511913,0.09841381
/home/share/Uni_Eval/HAM10000_clean/ISIC2018/ISIC_0031941.jpg,4,4,0.014299166,0.04336169,0.08897241,0.039481267,0.72203696,0.07038297,0.021465594
/home/share/Uni_Eval/HAM10000_clean/ISIC2018/ISIC_0031586.jpg,4,2,0.019630956,0.016274633,0.27959937,0.19826563,0.270997,0.20455927,0.010673166
/home/share/Uni_Eval/HAM10000_clean/ISIC2018/ISIC_0027261.jpg,4,4,0.12547849,0.116048634,0.10402532,0.1356746,0.3464572,0.12161793,0.05069789
/home/share/Uni_Eval/HAM10000_clean/ISIC2018/ISIC_0024675.jpg,4,3,0.00464916,0.0084185405,0.22753668,0.38705295,0.14238884,0.21711703,0.012836742
/home/share/Uni_Eval/HAM10000_clean/ISIC2018/ISIC_0025891.jpg,4,3,0.0022587106,0.0099658985,0.090223886,0.36816975,0.19706708,0.32490867,0.0074060266
/home/share/Uni_Eval/HAM10000_clean/ISIC2018/ISIC_0031189.jpg,4,4,0.0075827115,0.033456493,0.056911413,0.058717974,0.7980098,0.036175095,0.009146498
/home/share/Uni_Eval/HAM10000_clean/ISIC2018/ISIC_0034006.jpg,4,4,0.013238034,0.12365175,0.040143844,0.038908746,0.668455,0.009837672,0.105764955
/home/share/Uni_Eval/HAM10000_clean/ISIC2018/ISIC_0028696.jpg,4,5,0.006723801,0.010093621,0.21920967,0.029666804,0.30913517,0.40953758,0.015633306
/home/share/Uni_Eval/HAM10000_clean/ISIC2018/ISIC_0028325.jpg,4,2,0.14283624,0.06539519,0.582861,0.039049253,0.13005388,0.031871073,0.007933337
/home/share/Uni_Eval/HAM10000_clean/ISIC2018/ISIC_0028489.jpg,4,4,0.0190127,0.0076818257,0.25438717,0.08004646,0.3759598,0.25044325,0.012468835
/home/share/Uni_Eval/HAM10000_clean/ISIC2018/ISIC_0028969.jpg,4,2,0.1494587,0.09352887,0.47497877,0.08253893,0.14486034,0.03440735,0.020227037
/home/share/Uni_Eval/HAM10000_clean/ISIC2018/ISIC_0033496.jpg,4,4,0.0071896687,0.020803995,0.15372188,0.185424,0.3925426,0.16883048,0.07148732
/home/share/Uni_Eval/HAM10000_clean/ISIC2018/ISIC_0033573.jpg,4,4,0.058326587,0.050675016,0.12156305,0.097678654,0.4516615,0.094673395,0.12542187
/home/share/Uni_Eval/HAM10000_clean/ISIC2018/ISIC_0030828.jpg,4,3,0.00835275,0.0068173157,0.0488237,0.3664422,0.27660507,0.27660507,0.01635389
/home/share/Uni_Eval/HAM10000_clean/ISIC2018/ISIC_0033931.jpg,4,2,0.32576755,0.056609914,0.35778564,0.072688565,0.15876642,0.0088181235,0.019563863
/home/share/Uni_Eval/HAM10000_clean/ISIC2018/ISIC_0033268.jpg,4,4,0.0048807934,0.008977153,0.1720539,0.2351698,0.41273588,0.15183705,0.014345451
/home/share/Uni_Eval/HAM10000_clean/ISIC2018/ISIC_0033428.jpg,4,4,0.016368454,0.012747766,0.051212367,0.018260332,0.82652575,0.06784537,0.007039985
/home/share/Uni_Eval/HAM10000_clean/ISIC2018/ISIC_0033152.jpg,4,3,0.0009494607,0.01174895,0.056933783,0.7383285,0.09386793,0.08546773,0.012703643
/home/share/Uni_Eval/HAM10000_clean/ISIC2018/ISIC_0034236.jpg,4,4,0.0030389624,0.01060702,0.0874346,0.16592172,0.38577956,0.28224233,0.06497588
/home/share/Uni_Eval/HAM10000_clean/ISIC2018/ISIC_0025987.jpg,4,5,0.00063285604,0.005467043,0.020312527,0.01999761,0.28930682,0.651963,0.01232017
/home/share/Uni_Eval/HAM10000_clean/ISIC2018/ISIC_0032447.jpg,4,4,0.00030161,0.006153399,0.0132318875,0.022159245,0.4812465,0.4664401,0.010467284
/home/share/Uni_Eval/HAM10000_clean/ISIC2018/ISIC_0033831.jpg,4,4,0.00071346876,0.004509261,0.02362684,0.027622575,0.5905967,0.32615843,0.026772715
/home/share/Uni_Eval/HAM10000_clean/ISIC2018/ISIC_0032583.jpg,4,3,0.040539745,0.11019845,0.20587781,0.36132684,0.17609663,0.06478234,0.041178156
/home/share/Uni_Eval/HAM10000_clean/ISIC2018/ISIC_0034294.jpg,4,4,0.0055321585,0.025183853,0.05087278,0.02188011,0.8210451,0.05587282,0.019613205
/home/share/Uni_Eval/HAM10000_clean/ISIC2018/ISIC_0032984.jpg,4,4,0.038440038,0.22822902,0.06960592,0.11840365,0.4831608,0.019942429,0.04221812
/home/share/Uni_Eval/HAM10000_clean/ISIC2018/ISIC_0033802.jpg,4,4,0.005354781,0.013673913,0.123793505,0.023260111,0.66922134,0.12574297,0.03895335
/home/share/Uni_Eval/HAM10000_clean/ISIC2018/ISIC_0032993.jpg,4,4,0.0015428377,0.022671835,0.0061981347,0.006394884,0.89158285,0.06458605,0.007023407
/home/share/Uni_Eval/HAM10000_clean/ISIC2018/ISIC_0033804.jpg,4,3,0.000908994,0.002357751,0.039878335,0.44234195,0.20894755,0.29466328,0.01090213
/home/share/Uni_Eval/HAM10000_clean/ISIC2018/ISIC_0032774.jpg,4,4,0.06191033,0.14851518,0.10531302,0.026627302,0.6060346,0.019480951,0.032118656
/home/share/Uni_Eval/HAM10000_clean/ISIC2018/ISIC_0032840.jpg,4,3,0.011508809,0.1492485,0.023614544,0.5049012,0.13171135,0.034358956,0.14465661
/home/share/Uni_Eval/HAM10000_clean/ISIC2018/ISIC_0034208.jpg,4,0,0.26378062,0.058857415,0.24779896,0.07557442,0.19298603,0.024155034,0.13684759
/home/share/Uni_Eval/HAM10000_clean/ISIC2018/ISIC_0033287.jpg,4,4,0.06168096,0.045837402,0.20542899,0.21194997,0.2988974,0.14567095,0.030534292
/home/share/Uni_Eval/HAM10000_clean/ISIC2018/ISIC_0033286.jpg,4,4,0.012564771,0.02967402,0.11375215,0.012963619,0.7653031,0.03415459,0.03158783
/home/share/Uni_Eval/HAM10000_clean/ISIC2018/ISIC_0033175.jpg,4,5,0.012831261,0.0076618968,0.08906661,0.19453935,0.13581036,0.48148954,0.07860101
/home/share/Uni_Eval/HAM10000_clean/ISIC2018/ISIC_0033942.jpg,4,3,0.07016191,0.06289273,0.092949435,0.3563116,0.31444386,0.039357264,0.06388315
/home/share/Uni_Eval/HAM10000_clean/ISIC2018/ISIC_0032522.jpg,4,4,0.022075295,0.05725896,0.098934606,0.065904655,0.5518129,0.18483417,0.019179348
/home/share/Uni_Eval/HAM10000_clean/ISIC2018/ISIC_0033272.jpg,4,0,0.45202804,0.057468913,0.33071077,0.10736608,0.03596313,0.00708156,0.009381542
/home/share/Uni_Eval/HAM10000_clean/ISIC2018/ISIC_0033004.jpg,4,4,0.0066749793,0.006571493,0.12594762,0.024800556,0.5139449,0.3021326,0.019927807
/home/share/Uni_Eval/HAM10000_clean/ISIC2018/ISIC_0032511.jpg,4,4,0.053228952,0.07990612,0.1026015,0.017829467,0.7121955,0.023254007,0.010984416
/home/share/Uni_Eval/HAM10000_clean/ISIC2018/ISIC_0034085.jpg,4,4,0.0014573568,0.0063304696,0.0144905895,0.020756813,0.69819576,0.24129,0.01747899
/home/share/Uni_Eval/HAM10000_clean/ISIC2018/ISIC_0033299.jpg,4,4,0.0013424526,0.009465213,0.0064044828,0.008891745,0.82581705,0.10499085,0.04308816
/home/share/Uni_Eval/HAM10000_clean/ISIC2018/ISIC_0033779.jpg,4,3,0.009055586,0.011447333,0.17629024,0.32935354,0.24860908,0.17629024,0.048954032
/home/share/Uni_Eval/HAM10000_clean/ISIC2018/ISIC_0034065.jpg,4,5,0.002857954,0.003967876,0.029780563,0.14889346,0.38021275,0.417582,0.016705383
/home/share/Uni_Eval/HAM10000_clean/ISIC2018/ISIC_0033038.jpg,4,4,0.028770298,0.01665097,0.32415393,0.16816884,0.34506005,0.103605814,0.013590125
/home/share/Uni_Eval/HAM10000_clean/ISIC2018/ISIC_0033630.jpg,4,4,0.2060179,0.11377389,0.2262664,0.1507259,0.2645322,0.018285127,0.020398535
/home/share/Uni_Eval/HAM10000_clean/ISIC2018/ISIC_0034150.jpg,4,4,0.054102007,0.022203417,0.27475265,0.13182777,0.37554234,0.08121673,0.06035515
/home/share/Uni_Eval/HAM10000_clean/ISIC2018/ISIC_0032915.jpg,4,6,0.12644823,0.24373534,0.057892222,0.15736736,0.098477975,0.003116492,0.31296238
/home/share/Uni_Eval/HAM10000_clean/ISIC2018/ISIC_0028460.jpg,4,4,0.0018982398,0.01718526,0.018293615,0.04058616,0.7778643,0.13307689,0.011095637
/home/share/Uni_Eval/HAM10000_clean/ISIC2018/ISIC_0033883.jpg,4,2,0.021116808,0.0111277765,0.35716373,0.11238655,0.30549833,0.1852941,0.0074126963
/home/share/Uni_Eval/HAM10000_clean/ISIC2018/ISIC_0034005.jpg,4,2,0.0068946523,0.0016122346,0.33220297,0.27540594,0.12413519,0.20466432,0.05508465
/home/share/Uni_Eval/HAM10000_clean/ISIC2018/ISIC_0033872.jpg,4,4,0.03979091,0.0743392,0.1081629,0.30335033,0.41463077,0.034034964,0.02569094
/home/share/Uni_Eval/HAM10000_clean/ISIC2018/ISIC_0032547.jpg,4,4,0.0016525887,0.0026824162,0.05387777,0.03022269,0.7437597,0.16338232,0.0044225566
/home/share/Uni_Eval/HAM10000_clean/ISIC2018/ISIC_0032806.jpg,4,2,0.12401304,0.03723547,0.40662313,0.08793842,0.2708694,0.06433713,0.008983474
/home/share/Uni_Eval/HAM10000_clean/ISIC2018/ISIC_0033569.jpg,4,4,0.0014545429,0.076972,0.0032778631,0.008240547,0.8020666,0.08998938,0.01799901
/home/share/Uni_Eval/HAM10000_clean/ISIC2018/ISIC_0032810.jpg,4,2,0.023605483,0.021831501,0.32586363,0.25378284,0.17995897,0.17171806,0.023239512
/home/share/Uni_Eval/HAM10000_clean/ISIC2018/ISIC_0032517.jpg,4,4,0.0035831574,0.009149914,0.015323221,0.03852257,0.8497943,0.07661128,0.0070154816
/home/share/Uni_Eval/HAM10000_clean/ISIC2018/ISIC_0034022.jpg,4,2,0.051230345,0.015624371,0.3187659,0.17062311,0.14145152,0.27265495,0.029649848
/home/share/Uni_Eval/HAM10000_clean/ISIC2018/ISIC_0033444.jpg,4,5,0.00044496355,0.0004811203,0.054747798,0.029304385,0.19715439,0.70998025,0.007887169
/home/share/Uni_Eval/HAM10000_clean/ISIC2018/ISIC_0032695.jpg,4,4,0.0010408068,0.04157488,0.0062768683,0.008714568,0.91712713,0.017330987,0.007934704
/home/share/Uni_Eval/HAM10000_clean/ISIC2018/ISIC_0026430.jpg,4,2,0.104402564,0.03184098,0.45350406,0.15672682,0.1472312,0.029911837,0.07638255
/home/share/Uni_Eval/HAM10000_clean/ISIC2018/ISIC_0032968.jpg,4,2,0.052812893,0.06676175,0.3235182,0.12669154,0.268206,0.05364457,0.10836502
/home/share/Uni_Eval/HAM10000_clean/ISIC2018/ISIC_0029265.jpg,4,4,0.02796974,0.046114303,0.12535168,0.0468405,0.6170026,0.06303078,0.07369045
/home/share/Uni_Eval/HAM10000_clean/ISIC2018/ISIC_0034205.jpg,4,4,0.0009620894,0.015049609,0.045637377,0.104465,0.7481489,0.08135743,0.004379686
/home/share/Uni_Eval/HAM10000_clean/ISIC2018/ISIC_0033612.jpg,4,4,0.0048562163,0.00921548,0.09307304,0.105465576,0.62617797,0.15345152,0.0077602123
/home/share/Uni_Eval/HAM10000_clean/ISIC2018/ISIC_0033616.jpg,4,5,0.0018164305,0.00081872934,0.1055699,0.052260887,0.23790543,0.5888216,0.012807081
/home/share/Uni_Eval/HAM10000_clean/ISIC2018/ISIC_0029606.jpg,4,5,0.004616022,0.005927089,0.09417532,0.120923504,0.18438633,0.5679499,0.022021808
/home/share/Uni_Eval/HAM10000_clean/ISIC2018/ISIC_0032597.jpg,4,4,0.00744372,0.00744372,0.12590097,0.08789305,0.46052665,0.250384,0.060407948
/home/share/Uni_Eval/HAM10000_clean/ISIC2018/ISIC_0032982.jpg,4,2,0.016754394,0.0059739635,0.5724415,0.30640587,0.032294944,0.05757196,0.0085573075
/home/share/Uni_Eval/HAM10000_clean/ISIC2018/ISIC_0033226.jpg,4,4,0.004080624,0.008372895,0.21593982,0.026196472,0.36732602,0.35602456,0.022059642
/home/share/Uni_Eval/HAM10000_clean/ISIC2018/ISIC_0033670.jpg,4,4,0.03860409,0.009609317,0.2679655,0.07212193,0.38988748,0.17301153,0.048800148
/home/share/Uni_Eval/HAM10000_clean/ISIC2018/ISIC_0034107.jpg,4,4,0.022183295,0.042759422,0.14020275,0.28767738,0.35802025,0.12765606,0.021500787
/home/share/Uni_Eval/HAM10000_clean/ISIC2018/ISIC_0033055.jpg,4,4,0.0065612146,0.014556691,0.058479466,0.021852178,0.69050676,0.18584737,0.022196304
/home/share/Uni_Eval/HAM10000_clean/ISIC2018/ISIC_0033061.jpg,4,1,0.016212713,0.40526682,0.20378095,0.04840222,0.15382193,0.028013056,0.14450234
/home/share/Uni_Eval/HAM10000_clean/ISIC2018/ISIC_0033696.jpg,4,1,0.018168984,0.62077326,0.033417877,0.15695606,0.08401252,0.0026587097,0.08401252
/home/share/Uni_Eval/HAM10000_clean/ISIC2018/ISIC_0027234.jpg,4,4,0.022965057,0.0062782974,0.1545046,0.024067173,0.46852937,0.31210786,0.011547556
/home/share/Uni_Eval/HAM10000_clean/ISIC2018/ISIC_0032918.jpg,4,2,0.07172365,0.007213436,0.7243831,0.15665884,0.014123224,0.023285259,0.0026125335
/home/share/Uni_Eval/HAM10000_clean/ISIC2018/ISIC_0028520.jpg,4,4,0.0010459444,0.007973871,0.008757585,0.009035581,0.86581403,0.10022525,0.007147732
/home/share/Uni_Eval/HAM10000_clean/ISIC2018/ISIC_0032807.jpg,4,4,0.11307222,0.14518759,0.13014533,0.03969208,0.5228406,0.020916257,0.0281459
/home/share/Uni_Eval/HAM10000_clean/ISIC2018/ISIC_0032645.jpg,4,4,0.057314493,0.06806265,0.22316882,0.013194546,0.5879715,0.040011965,0.010275923
/home/share/Uni_Eval/HAM10000_clean/ISIC2018/ISIC_0033807.jpg,4,3,0.01706496,0.05256378,0.08941399,0.660685,0.046387367,0.022607397,0.11127751
/home/share/Uni_Eval/HAM10000_clean/ISIC2018/ISIC_0033454.jpg,4,4,0.006681936,0.018739954,0.13847058,0.049373202,0.40067786,0.36482134,0.02123515
/home/share/Uni_Eval/HAM10000_clean/ISIC2018/ISIC_0032960.jpg,4,0,0.7195509,0.026209641,0.17090833,0.066928655,0.005940256,0.00096972025,0.009492503
/home/share/Uni_Eval/HAM10000_clean/ISIC2018/ISIC_0033773.jpg,4,4,0.036544863,0.015234167,0.14912586,0.0661742,0.5370229,0.18559015,0.010307953
/home/share/Uni_Eval/HAM10000_clean/ISIC2018/ISIC_0033730.jpg,4,4,0.0012475234,0.008262981,0.0177682,0.01165267,0.8428469,0.11406692,0.004154887
/home/share/Uni_Eval/HAM10000_clean/ISIC2018/ISIC_0033805.jpg,4,3,0.0025833028,0.0045338375,0.10646526,0.34908617,0.18685237,0.3383459,0.012133179
/home/share/Uni_Eval/HAM10000_clean/ISIC2018/ISIC_0027204.jpg,4,0,0.53723866,0.019877084,0.23839821,0.046215598,0.11261134,0.016738182,0.028920984
/home/share/Uni_Eval/HAM10000_clean/ISIC2018/ISIC_0033178.jpg,4,4,0.0006575802,0.013415846,0.00852763,0.0067459107,0.9115865,0.049845915,0.0092205675
/home/share/Uni_Eval/HAM10000_clean/ISIC2018/ISIC_0033023.jpg,4,4,0.0035475541,0.024243135,0.01614941,0.0054093744,0.9097169,0.037548505,0.0033851003
/home/share/Uni_Eval/HAM10000_clean/ISIC2018/ISIC_0027069.jpg,4,0,0.35889447,0.14500646,0.106088996,0.016269274,0.27090773,0.012090297,0.09074273
/home/share/Uni_Eval/HAM10000_clean/ISIC2018/ISIC_0026545.jpg,4,4,0.0037455866,0.027676351,0.023672836,0.049338426,0.860986,0.027247265,0.0073335026
/home/share/Uni_Eval/HAM10000_clean/ISIC2018/ISIC_0026268.jpg,4,4,0.003614392,0.04403231,0.08487449,0.03483242,0.7804913,0.041364525,0.010790581
/home/share/Uni_Eval/HAM10000_clean/ISIC2018/ISIC_0027282.jpg,4,4,0.025227288,0.09520678,0.10788342,0.10621085,0.5741704,0.06646505,0.024836177
/home/share/Uni_Eval/HAM10000_clean/ISIC2018/ISIC_0028463.jpg,4,4,0.010034159,0.010034159,0.08271246,0.016804054,0.7034489,0.15213148,0.024834784
/home/share/Uni_Eval/HAM10000_clean/ISIC2018/ISIC_0024823.jpg,4,1,0.010977938,0.7696129,0.009537798,0.015005063,0.16644046,0.0051856106,0.023240296
/home/share/Uni_Eval/HAM10000_clean/ISIC2018/ISIC_0025512.jpg,4,4,0.025129244,0.09938808,0.06938406,0.051561855,0.5900942,0.13166782,0.03277471
/home/share/Uni_Eval/HAM10000_clean/ISIC2018/ISIC_0027622.jpg,4,4,0.00250834,0.009920677,0.081777014,0.03356122,0.585664,0.27664807,0.009920677
/home/share/Uni_Eval/HAM10000_clean/ISIC2018/ISIC_0026167.jpg,4,4,0.0084192995,0.030796517,0.17176917,0.09485996,0.6185646,0.059361845,0.016228624
/home/share/Uni_Eval/HAM10000_clean/ISIC2018/ISIC_0032134.jpg,4,4,0.008512399,0.024249567,0.095908895,0.012979858,0.82852644,0.022427183,0.0073956996
/home/share/Uni_Eval/HAM10000_clean/ISIC2018/ISIC_0030756.jpg,4,4,0.0017646798,0.002450015,0.01867796,0.0018784917,0.8999545,0.06939704,0.0058772806
/home/share/Uni_Eval/HAM10000_clean/ISIC2018/ISIC_0030034.jpg,4,3,0.0065884674,0.120490484,0.15471284,0.4765491,0.10633248,0.06449391,0.0708327
/home/share/Uni_Eval/HAM10000_clean/ISIC2018/ISIC_0025316.jpg,4,3,0.009274315,0.0061780266,0.25066662,0.27530342,0.22121252,0.22823456,0.009130531
/home/share/Uni_Eval/HAM10000_clean/ISIC2018/ISIC_0028760.jpg,4,3,0.001887663,0.004973329,0.11319246,0.420561,0.14995565,0.2982224,0.01120757
/home/share/Uni_Eval/HAM10000_clean/ISIC2018/ISIC_0028003.jpg,4,5,0.00033583256,0.0005451101,0.034255855,0.093117066,0.2453308,0.60719955,0.01921579
/home/share/Uni_Eval/HAM10000_clean/ISIC2018/ISIC_0025145.jpg,4,4,0.00012401558,0.0015587778,0.0031488177,0.0017389422,0.859544,0.034386087,0.09949944
/home/share/Uni_Eval/HAM10000_clean/ISIC2018/ISIC_0029172.jpg,4,2,0.045000616,0.012892893,0.39486787,0.08022228,0.36519307,0.082768805,0.01905446
/home/share/Uni_Eval/HAM10000_clean/ISIC2018/ISIC_0028543.jpg,4,4,0.003763661,0.009762194,0.05706222,0.031024192,0.7399941,0.13267364,0.025719957
/home/share/Uni_Eval/HAM10000_clean/ISIC2018/ISIC_0027130.jpg,4,4,0.0039744633,0.005693156,0.060258258,0.03380182,0.47396794,0.36912662,0.05317773
/home/share/Uni_Eval/HAM10000_clean/ISIC2018/ISIC_0026094.jpg,4,2,0.06436055,0.02855982,0.34792984,0.05335677,0.28844398,0.1921451,0.025203954
/home/share/Uni_Eval/HAM10000_clean/ISIC2018/ISIC_0024525.jpg,4,2,0.020377858,0.011610953,0.5093823,0.095710106,0.095710106,0.21908262,0.048126064
/home/share/Uni_Eval/HAM10000_clean/ISIC2018/ISIC_0026009.jpg,4,5,0.0283706,0.01616508,0.1582385,0.10216645,0.29562846,0.32468432,0.07474658
/home/share/Uni_Eval/HAM10000_clean/ISIC2018/ISIC_0027030.jpg,4,4,0.0484852,0.021515178,0.27468738,0.09794281,0.42544413,0.12576105,0.0061642015
/home/share/Uni_Eval/HAM10000_clean/ISIC2018/ISIC_0026796.jpg,4,2,0.18413499,0.029134387,0.6037554,0.10824739,0.04044909,0.011588859,0.022689886
/home/share/Uni_Eval/HAM10000_clean/ISIC2018/ISIC_0026604.jpg,4,2,0.08234192,0.015231722,0.68944037,0.090434894,0.09330561,0.022162026,0.007083409
/home/share/Uni_Eval/HAM10000_clean/ISIC2018/ISIC_0024952.jpg,4,4,0.05045182,0.055410486,0.19954082,0.0781413,0.5773905,0.031082464,0.007982637
/home/share/Uni_Eval/HAM10000_clean/ISIC2018/ISIC_0032192.jpg,4,4,0.005600399,0.015706707,0.13782197,0.07731111,0.57125616,0.13999236,0.05231132
/home/share/Uni_Eval/HAM10000_clean/ISIC2018/ISIC_0024323.jpg,4,4,0.022395004,0.01057865,0.09282471,0.10194799,0.51773465,0.2158239,0.038695093
/home/share/Uni_Eval/HAM10000_clean/ISIC2018/ISIC_0027436.jpg,4,0,0.39538836,0.041673627,0.26338544,0.032966554,0.21835418,0.039765254,0.008466511
/home/share/Uni_Eval/HAM10000_clean/ISIC2018/ISIC_0031915.jpg,4,2,0.05312239,0.01222947,0.5040112,0.2783414,0.10564649,0.036510453,0.010138585
/home/share/Uni_Eval/HAM10000_clean/ISIC2018/ISIC_0026847.jpg,4,4,0.005865416,0.012035051,0.06925693,0.03537298,0.74458224,0.112415105,0.02047231
/home/share/Uni_Eval/HAM10000_clean/ISIC2018/ISIC_0029958.jpg,4,2,0.09351735,0.014119007,0.35848862,0.14712343,0.21743435,0.096485905,0.072831385
/home/share/Uni_Eval/HAM10000_clean/ISIC2018/ISIC_0031170.jpg,4,4,0.025620498,0.010848401,0.1385031,0.06050752,0.40708324,0.33748388,0.019953262
/home/share/Uni_Eval/HAM10000_clean/ISIC2018/ISIC_0024652.jpg,4,5,0.017990816,0.006828544,0.14150873,0.07693696,0.26853642,0.4639893,0.02420929
/home/share/Uni_Eval/HAM10000_clean/ISIC2018/ISIC_0030653.jpg,4,4,0.0071761273,0.04260663,0.041295763,0.16079576,0.43708816,0.24904531,0.061992284
/home/share/Uni_Eval/HAM10000_clean/ISIC2018/ISIC_0026652.jpg,4,0,0.37346622,0.071277276,0.2819071,0.19375172,0.06489869,0.006947991,0.0077510444
/home/share/Uni_Eval/HAM10000_clean/ISIC2018/ISIC_0029885.jpg,4,3,0.08112133,0.0024116735,0.21372624,0.65832317,0.0062554055,0.02552596,0.012636267
/home/share/Uni_Eval/HAM10000_clean/ISIC2018/ISIC_0025814.jpg,4,0,0.30737767,0.10295862,0.26291406,0.104579985,0.18069799,0.009576644,0.031895094
/home/share/Uni_Eval/HAM10000_clean/ISIC2018/ISIC_0031550.jpg,4,5,0.006316514,0.0049193064,0.16290504,0.0819138,0.24075803,0.42254353,0.08064385
/home/share/Uni_Eval/HAM10000_clean/ISIC2018/ISIC_0029893.jpg,4,2,0.08804818,0.023697848,0.650593,0.050168343,0.09084313,0.060514573,0.036134902
/home/share/Uni_Eval/HAM10000_clean/ISIC2018/ISIC_0031417.jpg,4,5,0.0022138865,0.003375774,0.19016166,0.098654576,0.084383726,0.6043325,0.016877808
/home/share/Uni_Eval/HAM10000_clean/ISIC2018/ISIC_0024647.jpg,4,2,0.09090705,0.09233863,0.42034996,0.2048622,0.1407996,0.03971435,0.011028276
/home/share/Uni_Eval/HAM10000_clean/ISIC2018/ISIC_0028567.jpg,4,5,0.00012510062,0.00052669324,0.008111137,0.034149162,0.30436817,0.60530835,0.047411416
/home/share/Uni_Eval/HAM10000_clean/ISIC2018/ISIC_0031203.jpg,4,5,0.0015120303,0.006170027,0.059461452,0.11641987,0.38172606,0.39384335,0.04086722
/home/share/Uni_Eval/HAM10000_clean/ISIC2018/ISIC_0024679.jpg,4,2,0.12656303,0.0151157975,0.5497647,0.09856739,0.1390023,0.040451974,0.030534752
/home/share/Uni_Eval/HAM10000_clean/ISIC2018/ISIC_0026690.jpg,4,2,0.029946456,0.0058968067,0.36482254,0.072969094,0.29314315,0.20464689,0.02857511
/home/share/Uni_Eval/HAM10000_clean/ISIC2018/ISIC_0032269.jpg,4,2,0.03391314,0.006574362,0.49062374,0.1891523,0.15198813,0.07762795,0.05012037
/home/share/Uni_Eval/HAM10000_clean/ISIC2018/ISIC_0028218.jpg,4,4,0.034230232,0.015671743,0.26924166,0.182178,0.3247674,0.13968073,0.034230232
/home/share/Uni_Eval/HAM10000_clean/ISIC2018/ISIC_0025105.jpg,4,4,0.00477779,0.00477779,0.11575525,0.08875263,0.60651416,0.16581173,0.013610657
/home/share/Uni_Eval/HAM10000_clean/ISIC2018/ISIC_0025766.jpg,4,5,0.009529986,0.0075388392,0.20696884,0.038285386,0.26575324,0.4520615,0.019862197
/home/share/Uni_Eval/HAM10000_clean/ISIC2018/ISIC_0031410.jpg,4,4,0.00077703956,0.016613837,0.1017721,0.098640904,0.5501748,0.05890117,0.17312016
/home/share/Uni_Eval/HAM10000_clean/ISIC2018/ISIC_0025573.jpg,4,4,0.010401578,0.011972142,0.16270804,0.06574,0.55043423,0.15285006,0.045893915
/home/share/Uni_Eval/HAM10000_clean/ISIC2018/ISIC_0032149.jpg,4,2,0.20760867,0.010018215,0.27503678,0.048546877,0.25837317,0.08929137,0.11112491
/home/share/Uni_Eval/HAM10000_clean/ISIC2018/ISIC_0026802.jpg,4,4,0.0017899837,0.023949716,0.024709962,0.04616428,0.79310566,0.10403282,0.0062476574
/home/share/Uni_Eval/HAM10000_clean/ISIC2018/ISIC_0031900.jpg,4,2,0.105967805,0.012855353,0.48999014,0.24638252,0.09351626,0.023644611,0.027643355
/home/share/Uni_Eval/HAM10000_clean/ISIC2018/ISIC_0031377.jpg,4,3,0.013839899,0.028397625,0.20657852,0.33011153,0.2570911,0.1464861,0.01749527
/home/share/Uni_Eval/HAM10000_clean/ISIC2018/ISIC_0031957.jpg,4,2,0.018198961,0.026068809,0.28916273,0.08547633,0.1956573,0.19873844,0.18669748
/home/share/Uni_Eval/HAM10000_clean/ISIC2018/ISIC_0029021.jpg,4,2,0.12608925,0.023324164,0.31207386,0.17234355,0.2754042,0.07768133,0.013083671
/home/share/Uni_Eval/HAM10000_clean/ISIC2018/ISIC_0025616.jpg,4,2,0.031382456,0.0028292143,0.46842408,0.17232361,0.15690242,0.13420576,0.03393253
/home/share/Uni_Eval/HAM10000_clean/ISIC2018/ISIC_0028968.jpg,4,2,0.23370582,0.07127625,0.33476815,0.14855246,0.11751468,0.01948584,0.07469687
/home/share/Uni_Eval/HAM10000_clean/ISIC2018/ISIC_0027797.jpg,4,5,0.0080786,0.007589143,0.19269212,0.09996734,0.10154161,0.5752724,0.0148588205
/home/share/Uni_Eval/HAM10000_clean/ISIC2018/ISIC_0029486.jpg,6,3,0.21997944,0.20029354,0.17675844,0.3626848,0.025069678,0.0035556366,0.011658483
/home/share/Uni_Eval/HAM10000_clean/ISIC2018/ISIC_0026092.jpg,6,6,0.00052158715,0.31098545,0.028036188,0.28315547,0.016481625,0.019268973,0.3415507
/home/share/Uni_Eval/HAM10000_clean/ISIC2018/ISIC_0031217.jpg,6,3,4.18146e-05,0.016607681,0.0037056748,0.965229,0.00055947324,0.00092241546,0.012934076
/home/share/Uni_Eval/HAM10000_clean/ISIC2018/ISIC_0032240.jpg,6,3,0.00021986196,0.010760368,0.0028512133,0.9686174,0.0022554954,0.00147919,0.013816584
/home/share/Uni_Eval/HAM10000_clean/ISIC2018/ISIC_0025807.jpg,6,3,7.982231e-05,0.0010680109,0.001680217,0.9862628,0.0006477813,0.0010351515,0.009226205
/home/share/Uni_Eval/HAM10000_clean/ISIC2018/ISIC_0032745.jpg,6,1,0.0041398727,0.52553403,0.021024007,0.18738495,0.124825284,0.017982787,0.11910911
/home/share/Uni_Eval/HAM10000_clean/ISIC2018/ISIC_0032557.jpg,6,1,0.007020955,0.6727671,0.0209607,0.09104913,0.09104913,0.010705678,0.10644722
/home/share/Uni_Eval/HAM10000_clean/ISIC2018/ISIC_0033230.jpg,6,3,0.04198023,0.29598942,0.0874943,0.503495,0.015933895,0.005254442,0.049852755
/home/share/Uni_Eval/HAM10000_clean/ISIC2018/ISIC_0033762.jpg,6,1,0.07910126,0.6221796,0.042339858,0.16745739,0.051071614,0.0027493208,0.035100974
/home/share/Uni_Eval/HAM10000_clean/ISIC2018/ISIC_0031090.jpg,6,6,0.000998193,0.08573974,0.010565208,0.026149144,0.24046305,0.0025489752,0.63353574
/home/share/Uni_Eval/HAM10000_clean/ISIC2018/ISIC_0030606.jpg,6,3,0.0002007741,0.010624633,0.018940456,0.8440191,0.004940913,0.023571778,0.0977023
/home/share/Uni_Eval/HAM10000_clean/ISIC2018/ISIC_0031346.jpg,6,3,0.016194697,0.15365101,0.057415187,0.62699205,0.021792348,0.0042911675,0.11966353
/home/share/Uni_Eval/HAM10000_clean/ISIC2018/ISIC_0031996.jpg,6,3,5.1947234e-05,0.011940945,0.09103311,0.4921203,0.055214364,0.077864744,0.27177462
/home/share/Uni_Eval/HAM10000_clean/ISIC2018/ISIC_0029439.jpg,6,3,0.000229561,0.0035909384,0.01767522,0.9065658,0.0023920808,0.011591691,0.057954807
/home/share/Uni_Eval/HAM10000_clean/ISIC2018/ISIC_0025707.jpg,6,3,0.0051263836,0.036144525,0.17243588,0.6209655,0.009282682,0.01309068,0.14295438
/home/share/Uni_Eval/HAM10000_clean/ISIC2018/ISIC_0027522.jpg,6,3,0.0008916145,0.0060930783,0.018768001,0.93299836,0.0034179073,0.0059056142,0.031925447
/home/share/Uni_Eval/HAM10000_clean/ISIC2018/ISIC_0028406.jpg,6,3,0.0004685572,0.00153634,0.016517209,0.95997083,0.002417002,0.002572885,0.016517209
/home/share/Uni_Eval/HAM10000_clean/ISIC2018/ISIC_0025250.jpg,6,3,0.004621717,0.020391973,0.12888122,0.7416603,0.011618995,0.023840632,0.06898515
/home/share/Uni_Eval/HAM10000_clean/ISIC2018/ISIC_0027665.jpg,6,3,0.00095265196,0.030576885,0.12093393,0.63364846,0.018837873,0.053664103,0.14138609
/home/share/Uni_Eval/HAM10000_clean/ISIC2018/ISIC_0026467.jpg,6,3,0.0009724858,0.039457545,0.11417419,0.5446946,0.014976393,0.04401807,0.24170676
/home/share/Uni_Eval/HAM10000_clean/ISIC2018/ISIC_0025680.jpg,6,3,9.7350094e-05,0.0042046183,0.030112294,0.93676597,0.0038283484,0.008361882,0.016629588
/home/share/Uni_Eval/HAM10000_clean/ISIC2018/ISIC_0025718.jpg,1,2,0.114985675,0.1780933,0.36542374,0.2673497,0.024102308,0.016055599,0.0339897
/home/share/Uni_Eval/HAM10000_clean/ISIC2018/ISIC_0028807.jpg,1,0,0.5371704,0.051550683,0.29665366,0.06619238,0.006657143,0.0028632015,0.038912497
/home/share/Uni_Eval/HAM10000_clean/ISIC2018/ISIC_0024590.jpg,1,2,0.14851394,0.09739782,0.53481925,0.12703072,0.054635227,0.012977004,0.024626028
/home/share/Uni_Eval/HAM10000_clean/ISIC2018/ISIC_0025731.jpg,1,2,0.29407644,0.026511798,0.51612025,0.12258931,0.012920819,0.0068087927,0.020972557
/home/share/Uni_Eval/HAM10000_clean/ISIC2018/ISIC_0027858.jpg,1,1,0.31102547,0.45253935,0.078639545,0.0157289,0.10097518,0.002162197,0.0389294
/home/share/Uni_Eval/HAM10000_clean/ISIC2018/ISIC_0026643.jpg,1,1,0.24366565,0.5158402,0.006293686,0.06356398,0.021967124,0.0008787956,0.14779069
/home/share/Uni_Eval/HAM10000_clean/ISIC2018/ISIC_0032139.jpg,1,3,0.2270272,0.10724004,0.2270272,0.3516266,0.05563541,0.012807998,0.018635526
/home/share/Uni_Eval/HAM10000_clean/ISIC2018/ISIC_0027744.jpg,1,2,0.19340213,0.16542561,0.37279236,0.20587549,0.027004989,0.005840238,0.029659178
/home/share/Uni_Eval/HAM10000_clean/ISIC2018/ISIC_0031640.jpg,1,1,0.28287607,0.38664576,0.046178255,0.059294052,0.029814921,0.041393917,0.15379706
/home/share/Uni_Eval/HAM10000_clean/ISIC2018/ISIC_0030659.jpg,1,2,0.37168685,0.00724674,0.4924051,0.11335809,0.0056437673,0.004678847,0.004980607
/home/share/Uni_Eval/HAM10000_clean/ISIC2018/ISIC_0025513.jpg,1,3,0.029700743,0.12119757,0.27312294,0.5264582,0.018298097,0.009492926,0.021729527
/home/share/Uni_Eval/HAM10000_clean/ISIC2018/ISIC_0027478.jpg,1,3,0.2441318,0.31347144,0.087047875,0.3234221,0.014210176,0.0018639695,0.015852597
/home/share/Uni_Eval/HAM10000_clean/ISIC2018/ISIC_0024573.jpg,1,2,0.11953566,0.06299086,0.64620364,0.077178024,0.071378,0.013203602,0.009510198
/home/share/Uni_Eval/HAM10000_clean/ISIC2018/ISIC_0024572.jpg,1,3,0.064512886,0.020299882,0.109740116,0.78592783,0.0031621114,0.0028344984,0.013522635
/home/share/Uni_Eval/HAM10000_clean/ISIC2018/ISIC_0026439.jpg,1,1,0.057431173,0.5800343,0.07374308,0.013641099,0.026707979,0.0066481414,0.24179426
/home/share/Uni_Eval/HAM10000_clean/ISIC2018/ISIC_0026453.jpg,1,4,0.026473662,0.10973029,0.096836634,0.0708472,0.6514987,0.03851895,0.006094583
/home/share/Uni_Eval/HAM10000_clean/ISIC2018/ISIC_0033575.jpg,1,3,0.28434533,0.08672042,0.17246415,0.42685285,0.010038617,0.0008240199,0.018754605
/home/share/Uni_Eval/HAM10000_clean/ISIC2018/ISIC_0032894.jpg,1,0,0.34237882,0.18326218,0.17215888,0.18907954,0.030866388,0.0009320841,0.081322104
/home/share/Uni_Eval/HAM10000_clean/ISIC2018/ISIC_0034255.jpg,1,3,0.029996173,0.026888397,0.10469694,0.49948114,0.22164342,0.08955204,0.027741926
/home/share/Uni_Eval/HAM10000_clean/ISIC2018/ISIC_0027544.jpg,1,1,0.22793314,0.33164075,0.09651296,0.26648083,0.023284834,0.005617728,0.048529763
/home/share/Uni_Eval/HAM10000_clean/ISIC2018/ISIC_0033354.jpg,1,4,0.05142022,0.11408076,0.21989638,0.2652457,0.31010363,0.024289193,0.014964137
/home/share/Uni_Eval/HAM10000_clean/ISIC2018/ISIC_0032857.jpg,1,3,0.06985605,0.01851001,0.34384352,0.42792016,0.08426247,0.04801131,0.007596493
/home/share/Uni_Eval/HAM10000_clean/ISIC2018/ISIC_0027786.jpg,1,1,0.32523844,0.43087092,0.049876932,0.105589464,0.009519178,0.0016541852,0.077250905
/home/share/Uni_Eval/HAM10000_clean/ISIC2018/ISIC_0034095.jpg,1,5,0.017420754,0.02101344,0.19024016,0.26002747,0.21222824,0.27250645,0.026563479
/home/share/Uni_Eval/HAM10000_clean/ISIC2018/ISIC_0033551.jpg,1,4,0.032188974,0.074841596,0.22695433,0.12339293,0.39831728,0.07721732,0.067087576
/home/share/Uni_Eval/HAM10000_clean/ISIC2018/ISIC_0032536.jpg,1,1,0.03809686,0.40957984,0.02701472,0.04891734,0.3091671,0.0068303905,0.16039376
/home/share/Uni_Eval/HAM10000_clean/ISIC2018/ISIC_0033468.jpg,1,4,0.0011745486,0.05152844,0.013233598,0.05152844,0.8316269,0.032245673,0.018662365
/home/share/Uni_Eval/HAM10000_clean/ISIC2018/ISIC_0034015.jpg,1,4,0.17170481,0.15633902,0.15152895,0.12562193,0.36349908,0.018672032,0.012634129
/home/share/Uni_Eval/HAM10000_clean/ISIC2018/ISIC_0033372.jpg,1,1,0.10324929,0.44849446,0.21857874,0.06666275,0.12071065,0.012722809,0.029581416
/home/share/Uni_Eval/HAM10000_clean/ISIC2018/ISIC_0029546.jpg,1,3,0.18537699,0.15856133,0.17414556,0.3803689,0.040090583,0.009979335,0.051477328
/home/share/Uni_Eval/HAM10000_clean/ISIC2018/ISIC_0031643.jpg,1,3,0.100405,0.088607095,0.27722704,0.37892446,0.097315855,0.012966082,0.044554442
/home/share/Uni_Eval/HAM10000_clean/ISIC2018/ISIC_0026192.jpg,1,2,0.057519503,0.21371086,0.37507427,0.11261771,0.17717254,0.042744864,0.021160243
/home/share/Uni_Eval/HAM10000_clean/ISIC2018/ISIC_0024331.jpg,1,2,0.13485865,0.26404044,0.276712,0.21216245,0.071065515,0.011069873,0.030091032
/home/share/Uni_Eval/HAM10000_clean/ISIC2018/ISIC_0031384.jpg,1,2,0.23595592,0.045032974,0.4995187,0.0625221,0.11499573,0.026890418,0.015084158
/home/share/Uni_Eval/HAM10000_clean/ISIC2018/ISIC_0024595.jpg,1,3,0.014926238,0.027453553,0.27297238,0.38495275,0.14841251,0.12113076,0.030151831
/home/share/Uni_Eval/HAM10000_clean/ISIC2018/ISIC_0024665.jpg,1,3,0.00047859145,0.011238463,0.026541699,0.5331043,0.08978941,0.25182065,0.08702688
/home/share/Uni_Eval/HAM10000_clean/ISIC2018/ISIC_0029129.jpg,1,2,0.19873072,0.11323336,0.2716327,0.070859626,0.22519143,0.026478307,0.093873754
/home/share/Uni_Eval/HAM10000_clean/ISIC2018/ISIC_0025433.jpg,1,2,0.030924374,0.04941701,0.35948402,0.26300412,0.18075992,0.09675381,0.01965673
/home/share/Uni_Eval/HAM10000_clean/ISIC2018/ISIC_0026968.jpg,1,2,0.18810764,0.07366401,0.43736336,0.18810764,0.057369586,0.013415212,0.04197249
/home/share/Uni_Eval/HAM10000_clean/ISIC2018/ISIC_0026156.jpg,1,6,0.053459037,0.09382353,0.17528543,0.019976182,0.24335971,0.06549938,0.3485967
/home/share/Uni_Eval/HAM10000_clean/ISIC2018/ISIC_0031597.jpg,1,0,0.36783823,0.02011354,0.2864727,0.10873277,0.115745425,0.016416194,0.08468117
/home/share/Uni_Eval/HAM10000_clean/ISIC2018/ISIC_0026798.jpg,1,2,0.060848173,0.03256968,0.43577752,0.058976073,0.034670245,0.027001213,0.35015705
/home/share/Uni_Eval/HAM10000_clean/ISIC2018/ISIC_0027915.jpg,1,4,0.023999877,0.040825166,0.118131526,0.058479346,0.55483663,0.099476725,0.104250714
/home/share/Uni_Eval/HAM10000_clean/ISIC2018/ISIC_0027189.jpg,1,0,0.807841,0.022211613,0.06949399,0.034943774,0.023644138,0.0022690592,0.03959648
/home/share/Uni_Eval/HAM10000_clean/ISIC2018/ISIC_0025266.jpg,1,1,0.017776879,0.34070727,0.123395994,0.14202791,0.3006731,0.046109714,0.029309116
/home/share/Uni_Eval/HAM10000_clean/ISIC2018/ISIC_0032307.jpg,1,3,0.061932985,0.19377117,0.18780947,0.3735037,0.06002751,0.05054823,0.07240699
/home/share/Uni_Eval/HAM10000_clean/ISIC2018/ISIC_0026845.jpg,1,1,0.08911264,0.49703035,0.060296625,0.07988005,0.15158568,0.0040396224,0.11805506
/home/share/Uni_Eval/HAM10000_clean/ISIC2018/ISIC_0024448.jpg,1,2,0.10414118,0.09482162,0.48154393,0.044790562,0.14013727,0.02018869,0.11437672
/home/share/Uni_Eval/HAM10000_clean/ISIC2018/ISIC_0031258.jpg,1,3,0.021429218,0.034243792,0.19099654,0.70963824,0.016430352,0.009216592,0.018045211
/home/share/Uni_Eval/HAM10000_clean/ISIC2018/ISIC_0030197.jpg,1,3,0.0027920296,0.008079006,0.09245931,0.7272489,0.057859566,0.051864978,0.059696224
/home/share/Uni_Eval/HAM10000_clean/ISIC2018/ISIC_0028989.jpg,1,2,0.056580286,0.009987014,0.50429463,0.11077883,0.14003757,0.14003757,0.03828414
/home/share/Uni_Eval/HAM10000_clean/ISIC2018/ISIC_0031728.jpg,1,3,0.014404142,0.008601106,0.32275414,0.48451132,0.021963693,0.12838273,0.019382892
/home/share/Uni_Eval/HAM10000_clean/ISIC2018/ISIC_0029082.jpg,1,2,0.21633582,0.045346446,0.21974261,0.21633582,0.03531585,0.05058762,0.21633582
/home/share/Uni_Eval/HAM10000_clean/ISIC2018/ISIC_0025601.jpg,1,2,0.17173772,0.039536268,0.7007971,0.05935096,0.0019683947,0.0030014436,0.02360818
/home/share/Uni_Eval/HAM10000_clean/ISIC2018/ISIC_0025362.jpg,1,2,0.05528106,0.049553625,0.60368675,0.08429355,0.04238546,0.016859772,0.1479398
/home/share/Uni_Eval/HAM10000_clean/ISIC2018/ISIC_0027093.jpg,1,2,0.2598498,0.050374184,0.48546332,0.13271828,0.014208689,0.009318287,0.04806738
/home/share/Uni_Eval/HAM10000_clean/ISIC2018/ISIC_0032246.jpg,1,0,0.3315365,0.28357822,0.19490024,0.09206436,0.047021873,0.017030194,0.033868585
/home/share/Uni_Eval/HAM10000_clean/ISIC2018/ISIC_0027229.jpg,1,4,0.0082699135,0.057404574,0.059226792,0.027976757,0.7444338,0.09173225,0.010955854
/home/share/Uni_Eval/HAM10000_clean/ISIC2018/ISIC_0027004.jpg,1,3,0.017328052,0.08663481,0.16699296,0.2930818,0.2930818,0.12028052,0.022600042
/home/share/Uni_Eval/HAM10000_clean/ISIC2018/ISIC_0031171.jpg,1,3,0.11741294,0.1330463,0.09434395,0.36165732,0.07580749,0.018005857,0.19972612
/home/share/Uni_Eval/HAM10000_clean/ISIC2018/ISIC_0025530.jpg,1,3,0.24360837,0.084188804,0.26755145,0.34354287,0.035095114,0.0053820102,0.020631352
/home/share/Uni_Eval/HAM10000_clean/ISIC2018/ISIC_0024345.jpg,1,0,0.50604945,0.012088559,0.23168634,0.14052486,0.012668701,0.013070849,0.083911225
/home/share/Uni_Eval/HAM10000_clean/ISIC2018/ISIC_0024550.jpg,1,2,0.25786343,0.22403562,0.3014729,0.121806055,0.05844318,0.004103356,0.03227539
/home/share/Uni_Eval/HAM10000_clean/ISIC2018/ISIC_0024833.jpg,1,2,0.20367932,0.014986829,0.44487655,0.2168155,0.07492944,0.023577593,0.021134818
/home/share/Uni_Eval/HAM10000_clean/ISIC2018/ISIC_0030915.jpg,1,2,0.3381929,0.038541727,0.4342483,0.060634647,0.09996963,0.013319665,0.015093158
/home/share/Uni_Eval/HAM10000_clean/ISIC2018/ISIC_0029745.jpg,1,2,0.15123291,0.17959352,0.32016006,0.10557759,0.17680916,0.05740154,0.009225267
/home/share/Uni_Eval/HAM10000_clean/ISIC2018/ISIC_0029680.jpg,1,3,0.09196001,0.040807005,0.15642925,0.63832897,0.012062528,0.0028651017,0.057547104
/home/share/Uni_Eval/HAM10000_clean/ISIC2018/ISIC_0031298.jpg,1,2,0.29439455,0.04444693,0.42834154,0.14347644,0.030547896,0.012934794,0.045857824
/home/share/Uni_Eval/HAM10000_clean/ISIC2018/ISIC_0027595.jpg,1,2,0.056771457,0.047065195,0.43280345,0.33706766,0.044213656,0.030387571,0.051691003
/home/share/Uni_Eval/HAM10000_clean/ISIC2018/ISIC_0026154.jpg,1,4,0.2135182,0.17426847,0.1378577,0.09183303,0.31066713,0.04011888,0.031736646
/home/share/Uni_Eval/HAM10000_clean/ISIC2018/ISIC_0029501.jpg,1,2,0.081372626,0.05172359,0.6012669,0.12026095,0.09513425,0.021227319,0.029014304
/home/share/Uni_Eval/HAM10000_clean/ISIC2018/ISIC_0027920.jpg,1,4,0.017527703,0.23821121,0.037106153,0.12358235,0.4591641,0.099301204,0.025107278
/home/share/Uni_Eval/HAM10000_clean/ISIC2018/ISIC_0027788.jpg,1,2,0.05110013,0.052722223,0.63233036,0.14109199,0.046527196,0.022675546,0.05355247
/home/share/Uni_Eval/HAM10000_clean/ISIC2018/ISIC_0031263.jpg,1,2,0.066549145,0.21482326,0.3654267,0.19559883,0.0881633,0.026471421,0.042967357
/home/share/Uni_Eval/HAM10000_clean/ISIC2018/ISIC_0024931.jpg,1,2,0.07768628,0.05956414,0.35364857,0.22130764,0.18635972,0.06749501,0.033938624
/home/share/Uni_Eval/HAM10000_clean/ISIC2018/ISIC_0031971.jpg,1,2,0.24412258,0.069942296,0.3234099,0.13481729,0.16778283,0.008754305,0.051170878
/home/share/Uni_Eval/HAM10000_clean/ISIC2018/ISIC_0028978.jpg,1,3,0.013124852,0.06985227,0.009453476,0.89181393,0.0033184823,0.0018908143,0.010546114
/home/share/Uni_Eval/HAM10000_clean/ISIC2018/ISIC_0028502.jpg,5,5,0.0004839334,0.0007733233,0.06853311,0.21109682,0.053373635,0.506395,0.15934424
/home/share/Uni_Eval/HAM10000_clean/ISIC2018/ISIC_0028239.jpg,5,5,0.0054146578,0.0017855647,0.24128641,0.057310548,0.13325101,0.42347085,0.13748085
/home/share/Uni_Eval/HAM10000_clean/ISIC2018/ISIC_0029624.jpg,5,4,0.0006391297,0.0014179714,0.036569964,0.028480716,0.50483274,0.39316416,0.0348953
/home/share/Uni_Eval/HAM10000_clean/ISIC2018/ISIC_0029961.jpg,5,5,0.0017848287,0.008649033,0.14628729,0.03264111,0.18205747,0.5969435,0.031636845
/home/share/Uni_Eval/HAM10000_clean/ISIC2018/ISIC_0026583.jpg,5,2,0.010457679,0.027552316,0.34631076,0.19125095,0.07489496,0.09616702,0.25336635
/home/share/Uni_Eval/HAM10000_clean/ISIC2018/ISIC_0025457.jpg,5,3,0.006870582,0.0022305513,0.11440545,0.49695462,0.037726916,0.24988449,0.091927364
/home/share/Uni_Eval/HAM10000_clean/ISIC2018/ISIC_0028455.jpg,5,2,0.006337121,0.0030405838,0.45126265,0.14199609,0.044681054,0.3199931,0.03268936
/home/share/Uni_Eval/HAM10000_clean/ISIC2018/ISIC_0025723.jpg,5,2,0.011708377,0.008700928,0.34216893,0.19496197,0.18314984,0.20431839,0.05499155
/home/share/Uni_Eval/HAM10000_clean/ISIC2018/ISIC_0024872.jpg,5,5,0.0029378608,0.002717077,0.13091609,0.02967134,0.21584415,0.6053499,0.012563636
/home/share/Uni_Eval/HAM10000_clean/ISIC2018/ISIC_0025143.jpg,5,5,0.00062978204,0.0011951163,0.052430764,0.057583924,0.2924353,0.51324,0.08248517
/home/share/Uni_Eval/HAM10000_clean/ISIC2018/ISIC_0031926.jpg,5,2,0.026981663,0.0123531055,0.44928503,0.29008022,0.106714554,0.097164705,0.01742067
/home/share/Uni_Eval/HAM10000_clean/ISIC2018/ISIC_0028164.jpg,5,3,0.014237457,0.012762374,0.17617914,0.27287158,0.27287158,0.150694,0.100383855
/home/share/Uni_Eval/HAM10000_clean/ISIC2018/ISIC_0032317.jpg,5,3,0.012551571,0.0061171474,0.14141811,0.4221965,0.11363265,0.22598551,0.078098506
/home/share/Uni_Eval/HAM10000_clean/ISIC2018/ISIC_0025053.jpg,5,5,0.00083134364,0.0020575952,0.096090265,0.08749118,0.13550898,0.6265872,0.05143341
/home/share/Uni_Eval/HAM10000_clean/ISIC2018/ISIC_0024357.jpg,5,5,0.02547299,0.00644058,0.20672071,0.17681758,0.14658694,0.3201753,0.11778592
/home/share/Uni_Eval/HAM10000_clean/ISIC2018/ISIC_0028889.jpg,5,3,0.0026846817,0.001482622,0.13346139,0.4958692,0.14657865,0.20670903,0.013214466
/home/share/Uni_Eval/HAM10000_clean/ISIC2018/ISIC_0028302.jpg,5,3,0.0026568528,0.0033585767,0.12215214,0.68130994,0.049353927,0.11475132,0.026417252
/home/share/Uni_Eval/HAM10000_clean/ISIC2018/ISIC_0026172.jpg,5,5,0.00023181658,0.0049564573,0.024396537,0.19798498,0.30664513,0.43243894,0.033346113
/home/share/Uni_Eval/HAM10000_clean/ISIC2018/ISIC_0031604.jpg,5,5,0.0039982283,0.008333024,0.23603411,0.3030738,0.07906152,0.3434276,0.026071724
/home/share/Uni_Eval/HAM10000_clean/ISIC2018/ISIC_0027808.jpg,5,4,0.0016760915,0.0012262547,0.10050572,0.046739496,0.4365769,0.30957937,0.10369611
/home/share/Uni_Eval/HAM10000_clean/ISIC2018/ISIC_0025416.jpg,5,5,0.0011981913,0.0013159557,0.10453931,0.052565668,0.30249453,0.5145605,0.023325874
/home/share/Uni_Eval/HAM10000_clean/ISIC2018/ISIC_0027339.jpg,5,3,0.003818378,0.0015188459,0.081640534,0.515984,0.07433455,0.27618635,0.04651737
/home/share/Uni_Eval/HAM10000_clean/ISIC2018/ISIC_0031997.jpg,5,5,0.0014775728,0.004342828,0.14607947,0.069003046,0.106874004,0.6150175,0.057205535
/home/share/Uni_Eval/HAM10000_clean/ISIC2018/ISIC_0030669.jpg,5,4,0.0032480103,0.005881387,0.04924425,0.07627098,0.6189612,0.22770312,0.018691009
/home/share/Uni_Eval/HAM10000_clean/ISIC2018/ISIC_0025364.jpg,5,5,0.002415659,0.0042396137,0.21407942,0.1471345,0.22788638,0.3757211,0.028523324
/home/share/Uni_Eval/HAM10000_clean/ISIC2018/ISIC_0026234.jpg,5,3,0.0034027558,0.0018213639,0.13381532,0.61875576,0.0360159,0.17182226,0.034366615
/home/share/Uni_Eval/HAM10000_clean/ISIC2018/ISIC_0024365.jpg,5,3,0.0073557706,0.0019490852,0.27174392,0.39538506,0.050267566,0.23981316,0.03348542
/home/share/Uni_Eval/HAM10000_clean/ISIC2018/ISIC_0029293.jpg,5,5,0.007551924,0.007319576,0.24620815,0.25402364,0.10589281,0.34720916,0.031794786
/home/share/Uni_Eval/HAM10000_clean/ISIC2018/ISIC_0027717.jpg,5,4,0.0011754162,0.022527734,0.08635764,0.021496117,0.46684495,0.35239306,0.049205095
/home/share/Uni_Eval/HAM10000_clean/ISIC2018/ISIC_0027732.jpg,5,2,0.009759927,0.01910901,0.35497057,0.20867643,0.18415631,0.20867643,0.014651386
/home/share/Uni_Eval/HAM10000_clean/ISIC2018/ISIC_0028395.jpg,5,3,0.016094463,0.0060140616,0.30368024,0.3663083,0.095557235,0.081734434,0.13061126
/home/share/Uni_Eval/HAM10000_clean/ISIC2018/ISIC_0027426.jpg,5,3,0.0066527687,0.0033979015,0.25756782,0.374759,0.07855375,0.24196258,0.037106164
/home/share/Uni_Eval/HAM10000_clean/ISIC2018/ISIC_0027195.jpg,5,3,0.0068050534,0.0031155807,0.30802026,0.46239316,0.020001166,0.17010495,0.029559804
/home/share/Uni_Eval/HAM10000_clean/ISIC2018/ISIC_0026098.jpg,5,2,0.0105336895,0.0062899534,0.35432112,0.21490663,0.12245011,0.2217285,0.06976996
/home/share/Uni_Eval/HAM10000_clean/ISIC2018/ISIC_0029336.jpg,5,2,0.018931976,0.034281377,0.33557728,0.3152457,0.1635473,0.07034082,0.06207556
/home/share/Uni_Eval/HAM10000_clean/ISIC2018/ISIC_0032100.jpg,5,3,0.021947555,0.007237536,0.23595849,0.6414016,0.021947555,0.04503346,0.026473807
/home/share/Uni_Eval/HAM10000_clean/ISIC2018/ISIC_0031453.jpg,5,5,0.0030401973,0.002856001,0.07719212,0.27797952,0.11955751,0.45831072,0.061063997
/home/share/Uni_Eval/HAM10000_clean/ISIC2018/ISIC_0026242.jpg,5,5,0.00017151784,0.0003411039,0.017770804,0.020776177,0.08747096,0.85624534,0.017224053
/home/share/Uni_Eval/HAM10000_clean/ISIC2018/ISIC_0028282.jpg,5,6,0.0024838068,0.0288733,0.0714621,0.23800515,0.21003881,0.2035766,0.24556024
/home/share/Uni_Eval/HAM10000_clean/ISIC2018/ISIC_0028639.jpg,5,2,0.12837522,0.07546789,0.36003718,0.26340884,0.048725735,0.014179997,0.10980513
/home/share/Uni_Eval/HAM10000_clean/ISIC2018/ISIC_0028136.jpg,5,3,0.010076299,0.0010787587,0.26396358,0.2991099,0.11713312,0.25584227,0.052796036
/home/share/Uni_Eval/HAM10000_clean/ISIC2018/ISIC_0026283.jpg,5,3,0.0036287564,0.0003824681,0.069547854,0.87416136,0.0055331923,0.03608095,0.010665508
/home/share/Uni_Eval/HAM10000_clean/ISIC2018/ISIC_0027416.jpg,5,2,0.023702525,0.037876528,0.40089783,0.172424,0.10790019,0.09522158,0.16197737
/home/share/Uni_Eval/HAM10000_clean/ISIC2018/ISIC_0025930.jpg,5,3,0.0041511967,0.003232955,0.16071723,0.49504396,0.03265169,0.24126515,0.062937774
/home/share/Uni_Eval/HAM10000_clean/ISIC2018/ISIC_0029815.jpg,5,5,0.0001691199,0.0039097667,0.023950223,0.028889485,0.17975642,0.73351836,0.029806534
/home/share/Uni_Eval/HAM10000_clean/ISIC2018/ISIC_0032011.jpg,5,5,0.0021260437,0.0028165504,0.14222181,0.08626188,0.2272698,0.5121604,0.027143506
/home/share/Uni_Eval/HAM10000_clean/ISIC2018/ISIC_0030540.jpg,5,5,0.010804047,0.018093372,0.25370464,0.06828368,0.29661077,0.3257632,0.026740272
/home/share/Uni_Eval/HAM10000_clean/ISIC2018/ISIC_0025366.jpg,2,4,0.007187985,0.010790443,0.24558936,0.06609948,0.39245066,0.26142853,0.016453462
/home/share/Uni_Eval/HAM10000_clean/ISIC2018/ISIC_0031229.jpg,5,5,0.0018633665,0.0018344776,0.058880486,0.22571196,0.25576517,0.39613685,0.059807718
/home/share/Uni_Eval/HAM10000_clean/ISIC2018/ISIC_0031777.jpg,5,5,0.0022725568,0.003688723,0.039657515,0.104483634,0.32183227,0.48312742,0.04493785
/home/share/Uni_Eval/HAM10000_clean/ISIC2018/ISIC_0025558.jpg,5,4,0.002233809,0.00552873,0.03959521,0.11820945,0.3875939,0.2748452,0.17199375
/home/share/Uni_Eval/HAM10000_clean/ISIC2018/ISIC_0028007.jpg,5,3,0.0032774906,0.0026335379,0.09578232,0.82743293,0.01664447,0.03415224,0.020077065
/home/share/Uni_Eval/HAM10000_clean/ISIC2018/ISIC_0028768.jpg,5,3,0.0002930049,0.0010717675,0.03494181,0.8205166,0.016505342,0.10110748,0.025563976
/home/share/Uni_Eval/HAM10000_clean/ISIC2018/ISIC_0028137.jpg,5,3,0.013553755,0.0061091557,0.35506064,0.3779601,0.056178752,0.16771877,0.023418788
/home/share/Uni_Eval/HAM10000_clean/ISIC2018/ISIC_0025255.jpg,5,5,0.00097172795,0.0013281946,0.025061194,0.079644315,0.356941,0.50336754,0.03268596
/home/share/Uni_Eval/HAM10000_clean/ISIC2018/ISIC_0032453.jpg,5,4,0.0012511846,0.010313624,0.07862705,0.0317682,0.7230409,0.13799477,0.017004292
/home/share/Uni_Eval/HAM10000_clean/ISIC2018/ISIC_0028546.jpg,5,3,0.007958601,0.0071340436,0.21177052,0.49238122,0.07093424,0.14106958,0.06875182
/home/share/Uni_Eval/HAM10000_clean/ISIC2018/ISIC_0031174.jpg,5,5,0.0016025319,0.0052544996,0.13981704,0.16865155,0.25317597,0.33540365,0.096094765
/home/share/Uni_Eval/HAM10000_clean/ISIC2018/ISIC_0026836.jpg,5,5,0.0046031643,0.0047492846,0.12637377,0.09539193,0.2360973,0.49981797,0.03296657
/home/share/Uni_Eval/HAM10000_clean/ISIC2018/ISIC_0026613.jpg,5,3,0.001252335,0.0043710787,0.05668501,0.78251237,0.058484383,0.07993867,0.016756056
/home/share/Uni_Eval/HAM10000_clean/ISIC2018/ISIC_0027843.jpg,5,5,0.0033977448,0.00062851957,0.21021102,0.27848437,0.090410635,0.40519235,0.011675433
/home/share/Uni_Eval/HAM10000_clean/ISIC2018/ISIC_0030797.jpg,5,4,0.002258967,0.0044228425,0.07839676,0.14877091,0.41723832,0.29586625,0.053045895
/home/share/Uni_Eval/HAM10000_clean/ISIC2018/ISIC_0027939.jpg,5,3,0.0030586992,0.003632295,0.15935184,0.28854895,0.25464353,0.21780816,0.07295659
/home/share/Uni_Eval/HAM10000_clean/ISIC2018/ISIC_0031947.jpg,5,3,0.0013566486,0.00431142,0.1519828,0.5646846,0.05252385,0.16178486,0.063355856
/home/share/Uni_Eval/HAM10000_clean/ISIC2018/ISIC_0029675.jpg,5,5,0.0008309193,0.0032353993,0.074796975,0.3681636,0.10548063,0.3919081,0.05558439
/home/share/Uni_Eval/HAM10000_clean/ISIC2018/ISIC_0032426.jpg,5,4,0.0015524365,0.0015283682,0.10548572,0.1851332,0.3249189,0.3249189,0.056462433
/home/share/Uni_Eval/HAM10000_clean/ISIC2018/ISIC_0031571.jpg,5,3,0.011677796,0.010145846,0.10572214,0.5715285,0.08495012,0.1538248,0.06215084
/home/share/Uni_Eval/HAM10000_clean/ISIC2018/ISIC_0030120.jpg,5,2,0.02867812,0.01535029,0.3958892,0.10655214,0.08833482,0.07555678,0.28963873
/home/share/Uni_Eval/HAM10000_clean/ISIC2018/ISIC_0025878.jpg,5,5,0.0076295855,0.0021186594,0.13736732,0.13736732,0.20621277,0.46470764,0.044596642
/home/share/Uni_Eval/HAM10000_clean/ISIC2018/ISIC_0025613.jpg,5,6,0.005776306,0.00923051,0.023570936,0.12742327,0.07260359,0.050685473,0.7107099
/home/share/Uni_Eval/HAM10000_clean/ISIC2018/ISIC_0027085.jpg,5,2,0.012459618,0.0023047975,0.46754375,0.23509575,0.03181675,0.22786261,0.022916745
/home/share/Uni_Eval/HAM10000_clean/ISIC2018/ISIC_0028933.jpg,5,5,0.0007490299,0.0013563179,0.09361107,0.07290437,0.18616784,0.57343733,0.0717741
/home/share/Uni_Eval/HAM10000_clean/ISIC2018/ISIC_0027356.jpg,5,2,0.023442123,0.005396683,0.42871162,0.1577142,0.115386166,0.2294728,0.03987639
/home/share/Uni_Eval/HAM10000_clean/ISIC2018/ISIC_0030836.jpg,5,2,0.16204862,0.0048934445,0.4010742,0.30274668,0.026453711,0.016044987,0.08673838
/home/share/Uni_Eval/HAM10000_clean/ISIC2018/ISIC_0030204.jpg,5,2,0.050285462,0.006805397,0.40808114,0.12062855,0.12840842,0.263477,0.02231404
/home/share/Uni_Eval/HAM10000_clean/ISIC2018/ISIC_0028242.jpg,5,4,0.0040792488,0.0017544632,0.2192665,0.018569825,0.46418718,0.2563485,0.035794273
/home/share/Uni_Eval/HAM10000_clean/ISIC2018/ISIC_0024856.jpg,5,5,0.0002436184,0.0051280363,0.039094146,0.19242813,0.18076952,0.5069806,0.07535594
/home/share/Uni_Eval/HAM10000_clean/ISIC2018/ISIC_0028775.jpg,5,6,0.034093484,0.033564914,0.10501533,0.21547747,0.108348876,0.04733412,0.4561658
/home/share/Uni_Eval/HAM10000_clean/ISIC2018/ISIC_0025910.jpg,5,3,0.024953492,0.011073045,0.052826542,0.8525772,0.015615497,0.013780627,0.029173588
/home/share/Uni_Eval/HAM10000_clean/ISIC2018/ISIC_0031392.jpg,5,3,0.032800324,0.011513998,0.2500569,0.5130834,0.08641735,0.07626304,0.029865034
/home/share/Uni_Eval/HAM10000_clean/ISIC2018/ISIC_0031909.jpg,5,3,0.004290641,0.004290641,0.11239968,0.7802084,0.018931195,0.051460322,0.02841909
/home/share/Uni_Eval/HAM10000_clean/ISIC2018/ISIC_0029274.jpg,5,2,0.028345235,0.015411037,0.51838017,0.16311556,0.04673339,0.14851841,0.079496175
/home/share/Uni_Eval/HAM10000_clean/ISIC2018/ISIC_0029972.jpg,5,3,0.009530718,0.0077787465,0.253603,0.66815495,0.010467446,0.030288562,0.020176532
/home/share/Uni_Eval/HAM10000_clean/ISIC2018/ISIC_0027373.jpg,5,2,0.0023320823,0.023188036,0.296045,0.16868135,0.27810854,0.16349156,0.06815343
/home/share/Uni_Eval/HAM10000_clean/ISIC2018/ISIC_0024556.jpg,5,3,0.008381706,0.00825176,0.2095163,0.587603,0.03420259,0.061932895,0.09011184
/home/share/Uni_Eval/HAM10000_clean/ISIC2018/ISIC_0027157.jpg,5,5,0.00041532886,0.00092144735,0.049529344,0.096973754,0.101627626,0.7054355,0.045096982
/home/share/Uni_Eval/HAM10000_clean/ISIC2018/ISIC_0032288.jpg,5,4,0.0037666275,0.015858093,0.084398955,0.03104864,0.77611834,0.07219025,0.016619138
/home/share/Uni_Eval/HAM10000_clean/ISIC2018/ISIC_0024534.jpg,5,5,0.0003939485,0.00042595988,0.029862097,0.015736219,0.25396973,0.6903612,0.009250846
/home/share/Uni_Eval/HAM10000_clean/ISIC2018/ISIC_0031313.jpg,5,4,0.0063659917,0.020873282,0.07755365,0.02808807,0.46045724,0.29729354,0.10936818
/home/share/Uni_Eval/HAM10000_clean/ISIC2018/ISIC_0028813.jpg,5,3,0.0057579554,0.0018987723,0.1439308,0.40366384,0.10864466,0.31437373,0.021730298
/home/share/Uni_Eval/HAM10000_clean/ISIC2018/ISIC_0027482.jpg,5,5,0.000768778,0.0021226641,0.08612476,0.20660256,0.18811375,0.4803653,0.03590214
/home/share/Uni_Eval/HAM10000_clean/ISIC2018/ISIC_0026689.jpg,5,5,0.0011717142,0.0062360237,0.102229245,0.11227686,0.19705203,0.55264604,0.028388036
/home/share/Uni_Eval/HAM10000_clean/ISIC2018/ISIC_0032419.jpg,5,3,0.00107545,0.004671542,0.06348885,0.40126184,0.15230182,0.34321743,0.033983126
/home/share/Uni_Eval/HAM10000_clean/ISIC2018/ISIC_0028985.jpg,5,3,0.008275606,0.015704341,0.11072639,0.45183277,0.18255694,0.17694025,0.053963732
/home/share/Uni_Eval/HAM10000_clean/ISIC2018/ISIC_0029335.jpg,5,3,0.019555677,0.014761399,0.11253515,0.4888304,0.109072804,0.23090713,0.024337431
/home/share/Uni_Eval/HAM10000_clean/ISIC2018/ISIC_0030351.jpg,5,5,0.015245434,0.01432176,0.27880985,0.22403002,0.082416035,0.35799894,0.027177924
/home/share/Uni_Eval/HAM10000_clean/ISIC2018/ISIC_0026994.jpg,5,5,0.0036011694,0.0010157565,0.0769964,0.15798634,0.11202909,0.5689307,0.07944053
/home/share/Uni_Eval/HAM10000_clean/ISIC2018/ISIC_0029111.jpg,5,3,0.00911864,0.0043751714,0.23517282,0.52997017,0.0435026,0.13825098,0.039609566
/home/share/Uni_Eval/HAM10000_clean/ISIC2018/ISIC_0031114.jpg,5,3,0.009330026,0.0031251672,0.13926281,0.77674556,0.008628864,0.036328875,0.026578771
/home/share/Uni_Eval/HAM10000_clean/ISIC2018/ISIC_0025146.jpg,5,5,0.003681891,0.0029126152,0.2277905,0.18303482,0.114540264,0.4530155,0.015024413
/home/share/Uni_Eval/HAM10000_clean/ISIC2018/ISIC_0027600.jpg,5,3,0.0015681047,0.0035894273,0.20538117,0.65270007,0.023406006,0.0970152,0.016340027
/home/share/Uni_Eval/HAM10000_clean/ISIC2018/ISIC_0024804.jpg,5,5,0.001900112,0.002764647,0.07019575,0.025029065,0.24886556,0.6159482,0.03529664
/home/share/Uni_Eval/HAM10000_clean/ISIC2018/ISIC_0032266.jpg,5,5,0.0006565076,0.0070581217,0.10052727,0.110407606,0.21957174,0.43667054,0.12510821
/home/share/Uni_Eval/HAM10000_clean/ISIC2018/ISIC_0026415.jpg,5,5,0.0017027279,0.0038371563,0.15568839,0.31945184,0.09442978,0.36198634,0.06290379
/home/share/Uni_Eval/HAM10000_clean/ISIC2018/ISIC_0030524.jpg,5,5,0.00060997525,0.008034848,0.23481268,0.07388709,0.01988644,0.618649,0.04411999
/home/share/Uni_Eval/HAM10000_clean/ISIC2018/ISIC_0030679.jpg,5,3,0.019423107,0.005146611,0.17861156,0.4025074,0.08981154,0.19616643,0.108333394
/home/share/Uni_Eval/HAM10000_clean/ISIC2018/ISIC_0026740.jpg,5,3,0.0015626304,0.0038075866,0.13633575,0.5065487,0.08802497,0.23927669,0.02444365
/home/share/Uni_Eval/HAM10000_clean/ISIC2018/ISIC_0028712.jpg,5,5,0.00045121417,0.0015264378,0.029716037,0.32450855,0.12316955,0.4435506,0.07707753
/home/share/Uni_Eval/HAM10000_clean/ISIC2018/ISIC_0024379.jpg,5,3,0.0023391896,0.0013121665,0.12573539,0.74652535,0.019282145,0.08118086,0.023624975
/home/share/Uni_Eval/HAM10000_clean/ISIC2018/ISIC_0030237.jpg,5,5,0.0017172949,0.0011802784,0.12815626,0.016549822,0.279919,0.55668545,0.01579195
/home/share/Uni_Eval/HAM10000_clean/ISIC2018/ISIC_0028177.jpg,5,3,0.01893323,0.007074831,0.27390835,0.4659338,0.08096715,0.13772976,0.0154528525
/home/share/Uni_Eval/HAM10000_clean/ISIC2018/ISIC_0024661.jpg,5,2,0.0059490674,0.007175945,0.32992306,0.17659509,0.21977615,0.24137686,0.019203823
/home/share/Uni_Eval/HAM10000_clean/ISIC2018/ISIC_0025474.jpg,5,3,0.0034444977,0.003087628,0.11768694,0.37400836,0.160859,0.22684754,0.114066094
/home/share/Uni_Eval/HAM10000_clean/ISIC2018/ISIC_0025397.jpg,5,2,0.007980205,0.0023589442,0.3612117,0.12099076,0.13288236,0.3612117,0.01336433
/home/share/Uni_Eval/HAM10000_clean/ISIC2018/ISIC_0024641.jpg,5,3,0.0038990562,0.019494053,0.1581999,0.55217195,0.06195197,0.10214154,0.10214154
/home/share/Uni_Eval/HAM10000_clean/ISIC2018/ISIC_0026267.jpg,5,4,0.003996712,0.0060942583,0.10469978,0.08027611,0.4140957,0.27584723,0.11499022
/home/share/Uni_Eval/HAM10000_clean/ISIC2018/ISIC_0030407.jpg,5,5,0.0014279155,0.0025856209,0.09702471,0.026942788,0.31813174,0.54116035,0.012726872
/home/share/Uni_Eval/HAM10000_clean/ISIC2018/ISIC_0030490.jpg,5,4,0.002844565,0.0025498518,0.21228087,0.008761878,0.46366405,0.29015356,0.019745197
/home/share/Uni_Eval/HAM10000_clean/ISIC2018/ISIC_0029150.jpg,5,3,0.06748093,0.013081775,0.14064233,0.73691314,0.0035763585,0.01228919,0.026016217
/home/share/Uni_Eval/HAM10000_clean/ISIC2018/ISIC_0030711.jpg,5,3,0.007986697,0.007048235,0.16550927,0.69682,0.020078553,0.050477475,0.0520798
/home/share/Uni_Eval/HAM10000_clean/ISIC2018/ISIC_0027541.jpg,5,5,0.0016738652,0.004208097,0.15304935,0.12688237,0.2226855,0.4714252,0.020075707
/home/share/Uni_Eval/HAM10000_clean/ISIC2018/ISIC_0027557.jpg,5,2,0.01582713,0.023390982,0.45536557,0.21509947,0.14783555,0.11513445,0.027346829
/home/share/Uni_Eval/HAM10000_clean/ISIC2018/ISIC_0027892.jpg,5,3,0.07828959,0.1175266,0.23372953,0.32961148,0.13317508,0.055515632,0.052152112
/home/share/Uni_Eval/HAM10000_clean/ISIC2018/ISIC_0028786.jpg,5,2,0.008313562,0.007569585,0.302366,0.16184486,0.29306316,0.2078129,0.019029934
/home/share/Uni_Eval/HAM10000_clean/ISIC2018/ISIC_0031097.jpg,5,2,0.025264252,0.008331267,0.35983318,0.27161634,0.090980075,0.211535,0.032439943
/home/share/Uni_Eval/HAM10000_clean/ISIC2018/ISIC_0024392.jpg,5,5,0.0011725598,0.0022251275,0.09610479,0.03480685,0.36840734,0.48806044,0.009222898
/home/share/Uni_Eval/HAM10000_clean/ISIC2018/ISIC_0029004.jpg,5,3,0.0040958794,0.002124914,0.26556414,0.38639352,0.09769558,0.22714902,0.016976947
/home/share/Uni_Eval/HAM10000_clean/ISIC2018/ISIC_0025109.jpg,5,2,0.082618095,0.015767938,0.4608067,0.069571406,0.017317694,0.016784882,0.33713338
/home/share/Uni_Eval/HAM10000_clean/ISIC2018/ISIC_0029508.jpg,5,4,0.0033967292,0.003504553,0.15374771,0.030751474,0.41792956,0.3805292,0.01014076
/home/share/Uni_Eval/HAM10000_clean/ISIC2018/ISIC_0030484.jpg,5,5,0.00045749854,0.003598505,0.05807693,0.03309124,0.16805117,0.7075218,0.029202914
/home/share/Uni_Eval/HAM10000_clean/ISIC2018/ISIC_0026515.jpg,5,3,0.0034409403,0.0005530094,0.049780324,0.910387,0.0033350738,0.018894479,0.013609183
/home/share/Uni_Eval/HAM10000_clean/ISIC2018/ISIC_0029706.jpg,5,2,0.031272225,0.011869596,0.3869731,0.05403355,0.320812,0.18279316,0.012246377
/home/share/Uni_Eval/HAM10000_clean/ISIC2018/ISIC_0030414.jpg,5,4,0.007638754,0.010279068,0.16850823,0.13123435,0.37973917,0.2376347,0.06496571
/home/share/Uni_Eval/HAM10000_clean/ISIC2018/ISIC_0028021.jpg,5,2,0.028243372,0.005063758,0.48522317,0.22920321,0.057951644,0.1017083,0.09260646
/home/share/Uni_Eval/HAM10000_clean/ISIC2018/ISIC_0025944.jpg,5,5,0.0024583226,0.0044514476,0.10617665,0.16703933,0.30246913,0.38837805,0.02902708
/home/share/Uni_Eval/HAM10000_clean/ISIC2018/ISIC_0026628.jpg,5,2,0.040475156,0.01072485,0.4779176,0.17040679,0.14575663,0.13271293,0.022005964
/home/share/Uni_Eval/HAM10000_clean/ISIC2018/ISIC_0027438.jpg,5,5,0.0004442085,0.0008697181,0.06389805,0.022082575,0.12707645,0.7544876,0.031141423
/home/share/Uni_Eval/HAM10000_clean/ISIC2018/ISIC_0024656.jpg,5,2,0.011893966,0.00955707,0.43258604,0.08926917,0.08256049,0.3067494,0.06738391
/home/share/Uni_Eval/HAM10000_clean/ISIC2018/ISIC_0029456.jpg,5,5,0.0023151173,0.0060049575,0.17549056,0.09691509,0.13246724,0.5577079,0.02909919
/home/share/Uni_Eval/HAM10000_clean/ISIC2018/ISIC_0030692.jpg,5,5,0.0036605112,0.010106996,0.34532216,0.058161743,0.19675863,0.35628387,0.029706111
/home/share/Uni_Eval/HAM10000_clean/ISIC2018/ISIC_0028908.jpg,5,5,0.004883523,0.0011068209,0.25842795,0.2427706,0.19507165,0.28382757,0.013911863
/home/share/Uni_Eval/HAM10000_clean/ISIC2018/ISIC_0024395.jpg,5,3,0.012108051,0.008721101,0.065455504,0.87578493,0.0089979395,0.007007602,0.021924848
/home/share/Uni_Eval/HAM10000_clean/ISIC2018/ISIC_0026791.jpg,5,2,0.028733218,0.019748034,0.42223155,0.24058028,0.16026103,0.10675686,0.021688972
/home/share/Uni_Eval/HAM10000_clean/ISIC2018/ISIC_0024736.jpg,5,3,0.003480708,0.0027534668,0.07559278,0.39607784,0.18709393,0.30846575,0.026535561
/home/share/Uni_Eval/HAM10000_clean/ISIC2018/ISIC_0030775.jpg,5,3,0.0003840316,0.0005764997,0.09544923,0.85072976,0.0067015886,0.038564976,0.007593894
/home/share/Uni_Eval/HAM10000_clean/ISIC2018/ISIC_0028318.jpg,5,2,0.0070791785,0.0038488824,0.4114378,0.4114378,0.030750548,0.11073699,0.02470876
/home/share/Uni_Eval/HAM10000_clean/ISIC2018/ISIC_0027901.jpg,5,3,0.016953116,0.006536008,0.14645258,0.72086483,0.014054627,0.049055465,0.046083346
/home/share/Uni_Eval/HAM10000_clean/ISIC2018/ISIC_0030866.jpg,5,3,0.007186029,0.004567718,0.2613574,0.40479824,0.068179145,0.2379686,0.015942903
/home/share/Uni_Eval/HAM10000_clean/ISIC2018/ISIC_0027477.jpg,5,2,0.03678126,0.017104873,0.401663,0.26756525,0.14776358,0.06355232,0.065569684
/home/share/Uni_Eval/HAM10000_clean/ISIC2018/ISIC_0027637.jpg,5,3,0.061522067,0.020287823,0.22154944,0.40117425,0.12623507,0.11493835,0.05429303
/home/share/Uni_Eval/HAM10000_clean/ISIC2018/ISIC_0029264.jpg,5,3,0.0037842111,0.0036677832,0.39207867,0.48794976,0.010127074,0.068133056,0.03425945
/home/share/Uni_Eval/HAM10000_clean/ISIC2018/ISIC_0027617.jpg,5,5,0.0017795513,0.0019852326,0.10024439,0.23307522,0.1034265,0.50908303,0.05040605
/home/share/Uni_Eval/HAM10000_clean/ISIC2018/ISIC_0029711.jpg,5,3,0.008123981,0.009062956,0.25670955,0.39759952,0.13740672,0.18203433,0.009062956
/home/share/Uni_Eval/HAM10000_clean/ISIC2018/ISIC_0024977.jpg,5,4,0.011952588,0.0277906,0.15992385,0.27203965,0.36039397,0.15023455,0.017664779
/home/share/Uni_Eval/HAM10000_clean/ISIC2018/ISIC_0031785.jpg,5,5,0.0016651934,0.0074628787,0.15956339,0.16462848,0.19247018,0.46171194,0.01249797
/home/share/Uni_Eval/HAM10000_clean/ISIC2018/ISIC_0025976.jpg,5,5,0.0025055984,0.004262167,0.26369092,0.19292039,0.11341205,0.39584693,0.027361931
/home/share/Uni_Eval/HAM10000_clean/ISIC2018/ISIC_0030578.jpg,5,2,0.02022446,0.037784267,0.52980965,0.24256454,0.05084429,0.034944735,0.08382806
/home/share/Uni_Eval/HAM10000_clean/ISIC2018/ISIC_0028552.jpg,5,2,0.12019659,0.008179481,0.61040866,0.12401205,0.058579147,0.062357172,0.01626684
/home/share/Uni_Eval/HAM10000_clean/ISIC2018/ISIC_0026945.jpg,5,3,0.008312907,0.0026569648,0.25065047,0.31193954,0.16696921,0.24293876,0.01653219
/home/share/Uni_Eval/HAM10000_clean/ISIC2018/ISIC_0029387.jpg,5,3,0.00095044455,0.0034226817,0.14553614,0.55789703,0.08555628,0.19892433,0.007713133
/home/share/Uni_Eval/HAM10000_clean/ISIC2018/ISIC_0024321.jpg,5,3,0.0038013572,0.00792271,0.076352306,0.74740577,0.044885203,0.10436123,0.0152714215
/home/share/Uni_Eval/HAM10000_clean/ISIC2018/ISIC_0027807.jpg,5,5,0.0021566174,0.004425091,0.15357146,0.13552633,0.28690925,0.4046069,0.012804426
/home/share/Uni_Eval/HAM10000_clean/ISIC2018/ISIC_0025714.jpg,5,2,0.013241806,0.004871388,0.48919144,0.10915337,0.090491325,0.27873287,0.014317806
/home/share/Uni_Eval/HAM10000_clean/ISIC2018/ISIC_0028612.jpg,5,3,0.0024417583,0.0030866712,0.18509021,0.51909834,0.13124861,0.15344517,0.00558924
/home/share/Uni_Eval/HAM10000_clean/ISIC2018/ISIC_0029795.jpg,5,4,0.0026405703,0.0040263887,0.10547721,0.019511322,0.636109,0.2198334,0.012402152
/home/share/Uni_Eval/HAM10000_clean/ISIC2018/ISIC_0030562.jpg,5,3,0.004079931,0.0028482503,0.23344697,0.39710668,0.09432111,0.25639135,0.011805671
/home/share/Uni_Eval/HAM10000_clean/ISIC2018/ISIC_0032198.jpg,5,2,0.015712606,0.018659178,0.34124073,0.0354089,0.27419463,0.24965703,0.06512693
/home/share/Uni_Eval/HAM10000_clean/ISIC2018/ISIC_0030643.jpg,5,4,0.029718133,0.02208464,0.20628473,0.20628473,0.24882688,0.18782438,0.09897649
/home/share/Uni_Eval/HAM10000_clean/ISIC2018/ISIC_0027353.jpg,5,2,0.069768354,0.008076273,0.4341133,0.14540973,0.122447275,0.1867098,0.033475224
/home/share/Uni_Eval/HAM10000_clean/ISIC2018/ISIC_0026701.jpg,5,5,0.0007974073,0.002783225,0.10945191,0.15925159,0.15925159,0.50610054,0.06236382
/home/share/Uni_Eval/HAM10000_clean/ISIC2018/ISIC_0028616.jpg,5,3,0.055507928,0.008122604,0.24876927,0.57840586,0.025413381,0.01888562,0.06489533
/home/share/Uni_Eval/HAM10000_clean/ISIC2018/ISIC_0026708.jpg,5,4,0.00012539055,0.0015038871,0.030682059,0.035314836,0.47994816,0.43699777,0.015427909
/home/share/Uni_Eval/HAM10000_clean/ISIC2018/ISIC_0024820.jpg,5,5,0.005603017,0.010305526,0.15870628,0.26996848,0.18554644,0.34664637,0.023223858
/home/share/Uni_Eval/HAM10000_clean/ISIC2018/ISIC_0031275.jpg,5,3,0.054875784,0.011867721,0.15878835,0.53717405,0.035430472,0.016221251,0.1856424
/home/share/Uni_Eval/HAM10000_clean/ISIC2018/ISIC_0031343.jpg,5,4,0.024022426,0.013475359,0.22438487,0.15911269,0.2881159,0.27065983,0.02022891
/home/share/Uni_Eval/HAM10000_clean/ISIC2018/ISIC_0029423.jpg,5,3,0.0016192204,0.0010619106,0.2809551,0.59478194,0.02532887,0.088406436,0.0078465175
/home/share/Uni_Eval/HAM10000_clean/ISIC2018/ISIC_0031296.jpg,5,3,0.0012849359,0.0022551324,0.07585577,0.79043525,0.021733042,0.094404034,0.014031907
/home/share/Uni_Eval/HAM10000_clean/ISIC2018/ISIC_0025137.jpg,5,5,0.0016673817,0.0056406795,0.32275048,0.11153958,0.08160411,0.44114763,0.035650194
/home/share/Uni_Eval/HAM10000_clean/ISIC2018/ISIC_0025890.jpg,5,5,0.004183068,0.013503108,0.24311751,0.07299711,0.21455042,0.36496258,0.08668622
/home/share/Uni_Eval/HAM10000_clean/ISIC2018/ISIC_0027232.jpg,5,2,0.16440251,0.024821065,0.3480401,0.102880456,0.15934438,0.030890314,0.1696212
/home/share/Uni_Eval/HAM10000_clean/ISIC2018/ISIC_0027259.jpg,5,3,0.008030698,0.008819997,0.16384101,0.39303416,0.12367368,0.26181722,0.040783253
/home/share/Uni_Eval/HAM10000_clean/ISIC2018/ISIC_0029556.jpg,5,2,0.020466939,0.0175063,0.25725317,0.20670874,0.21327038,0.25725317,0.027541272
/home/share/Uni_Eval/HAM10000_clean/ISIC2018/ISIC_0030613.jpg,5,5,0.0014542749,0.0006977687,0.10518886,0.4032301,0.036352295,0.4292362,0.023840418
/home/share/Uni_Eval/HAM10000_clean/ISIC2018/ISIC_0025698.jpg,5,5,7.682802e-05,0.0024276879,0.019095242,0.011051479,0.44144976,0.4848377,0.041061223
/home/share/Uni_Eval/HAM10000_clean/ISIC2018/ISIC_0031230.jpg,5,4,0.0020717084,0.012690752,0.13019048,0.071898006,0.4837163,0.28436214,0.015070642
/home/share/Uni_Eval/HAM10000_clean/ISIC2018/ISIC_0026300.jpg,5,3,0.007345004,0.002618942,0.08020977,0.61148804,0.10626068,0.16980408,0.022273451
/home/share/Uni_Eval/HAM10000_clean/ISIC2018/ISIC_0027474.jpg,5,4,0.0039046684,0.065018564,0.115908116,0.1739987,0.28687534,0.26949444,0.08480019
/home/share/Uni_Eval/HAM10000_clean/ISIC2018/ISIC_0031635.jpg,5,4,0.0010057455,0.0024126577,0.03080275,0.31599578,0.4456255,0.18576434,0.018393163
/home/share/Uni_Eval/HAM10000_clean/ISIC2018/ISIC_0026972.jpg,5,2,0.014141088,0.005713516,0.43991634,0.27529263,0.10448929,0.13003902,0.030408118
/home/share/Uni_Eval/HAM10000_clean/ISIC2018/ISIC_0024568.jpg,5,3,0.0031983445,0.0020975254,0.1666271,0.58158565,0.054095894,0.1773736,0.015021889
/home/share/Uni_Eval/HAM10000_clean/ISIC2018/ISIC_0030863.jpg,5,3,0.004305064,0.0081695765,0.16409034,0.7354018,0.018410426,0.060365457,0.009257343
/home/share/Uni_Eval/HAM10000_clean/ISIC2018/ISIC_0027682.jpg,5,3,0.001664397,0.0064807604,0.16199863,0.46875855,0.12616466,0.22142588,0.013507064
/home/share/Uni_Eval/HAM10000_clean/ISIC2018/ISIC_0030975.jpg,5,3,0.009182856,0.011428248,0.20900083,0.68528736,0.015620564,0.051217858,0.01826229
/home/share/Uni_Eval/HAM10000_clean/ISIC2018/ISIC_0031763.jpg,5,3,0.0036556416,0.00389141,0.03692067,0.7300745,0.021036765,0.03634827,0.1680727
/home/share/Uni_Eval/HAM10000_clean/ISIC2018/ISIC_0031030.jpg,5,3,0.018967945,0.012439483,0.14919445,0.5900755,0.022524992,0.062193494,0.14460422
/home/share/Uni_Eval/HAM10000_clean/ISIC2018/ISIC_0031954.jpg,5,2,0.008396008,0.023182118,0.39827046,0.11772852,0.15116641,0.27372703,0.02752945
/home/share/Uni_Eval/HAM10000_clean/ISIC2018/ISIC_0028595.jpg,5,2,0.01263859,0.0043677804,0.7578647,0.040165357,0.04411301,0.09941021,0.041440345
/home/share/Uni_Eval/HAM10000_clean/ISIC2018/ISIC_0026413.jpg,5,2,0.014472035,0.003279999,0.40992248,0.13308235,0.11744476,0.29067856,0.031119764
/home/share/Uni_Eval/HAM10000_clean/ISIC2018/ISIC_0028157.jpg,5,2,0.004019301,0.00096970156,0.5516882,0.20939723,0.029238405,0.19065836,0.01402874
/home/share/Uni_Eval/HAM10000_clean/ISIC2018/ISIC_0024311.jpg,5,5,0.0011364443,0.004936489,0.10071344,0.15356965,0.23785333,0.4584743,0.043316312
/home/share/Uni_Eval/HAM10000_clean/ISIC2018/ISIC_0026838.jpg,5,3,0.001269147,0.0033964135,0.1178715,0.58018386,0.029340535,0.22720325,0.040735297
/home/share/Uni_Eval/HAM10000_clean/ISIC2018/ISIC_0029016.jpg,5,5,0.00026486488,0.001810023,0.03523675,0.124925114,0.1707524,0.6344221,0.03258867
/home/share/Uni_Eval/HAM10000_clean/ISIC2018/ISIC_0028322.jpg,5,5,0.0005946318,0.0012011895,0.08553599,0.030979082,0.16487494,0.6941494,0.02266478
/home/share/Uni_Eval/HAM10000_clean/ISIC2018/ISIC_0026695.jpg,5,5,0.0023658169,0.0021880227,0.20966232,0.04394761,0.18502636,0.5353915,0.021418357
/home/share/Uni_Eval/HAM10000_clean/ISIC2018/ISIC_0029225.jpg,5,5,0.0025943394,0.0032795523,0.11742877,0.18765065,0.113815874,0.5262793,0.048951592
/home/share/Uni_Eval/HAM10000_clean/ISIC2018/ISIC_0026184.jpg,5,4,0.04860706,0.024826057,0.2546828,0.18344113,0.29775435,0.07767387,0.1130148
/home/share/Uni_Eval/HAM10000_clean/ISIC2018/ISIC_0029903.jpg,5,5,0.0033238167,0.0045431186,0.15281662,0.13914111,0.18433203,0.28999498,0.22584833
/home/share/Uni_Eval/HAM10000_clean/ISIC2018/ISIC_0024874.jpg,5,3,0.0061769574,0.023311593,0.10126094,0.79647905,0.011361163,0.026415497,0.034994848
/home/share/Uni_Eval/HAM10000_clean/ISIC2018/ISIC_0030769.jpg,5,5,0.00036456232,0.0013335134,0.045561686,0.04926393,0.12778091,0.7586702,0.01702516
/home/share/Uni_Eval/HAM10000_clean/ISIC2018/ISIC_0029816.jpg,5,3,0.00664348,0.007767016,0.121496566,0.7213583,0.03705436,0.08615397,0.019526275
/home/share/Uni_Eval/HAM10000_clean/ISIC2018/ISIC_0028896.jpg,5,5,0.0064690486,0.005447485,0.13198048,0.06432215,0.26247454,0.43274733,0.09655899
/home/share/Uni_Eval/HAM10000_clean/ISIC2018/ISIC_0025560.jpg,5,5,0.0055692866,0.005070893,0.21561988,0.14363381,0.11186211,0.40283096,0.115413
/home/share/Uni_Eval/HAM10000_clean/ISIC2018/ISIC_0030612.jpg,5,2,0.0034776286,0.0023166002,0.4924907,0.08558205,0.18692839,0.21181762,0.01738705
/home/share/Uni_Eval/HAM10000_clean/ISIC2018/ISIC_0027885.jpg,5,2,0.008901527,0.009475626,0.47105408,0.23686086,0.08445534,0.15292886,0.03632379
/home/share/Uni_Eval/HAM10000_clean/ISIC2018/ISIC_0028997.jpg,5,2,0.0149656655,0.018052038,0.52755785,0.23410238,0.02930135,0.042633213,0.13338752
/home/share/Uni_Eval/HAM10000_clean/ISIC2018/ISIC_0031505.jpg,5,3,0.0076784184,0.006671125,0.14948013,0.7591228,0.013267117,0.038994223,0.024786236
/home/share/Uni_Eval/HAM10000_clean/ISIC2018/ISIC_0024625.jpg,5,5,0.00041018118,0.001987681,0.11196862,0.11196862,0.22974469,0.5177376,0.026182562
/home/share/Uni_Eval/HAM10000_clean/ISIC2018/ISIC_0024601.jpg,5,4,0.004904361,0.026101682,0.17020436,0.23264177,0.33849177,0.19898903,0.028667089
/home/share/Uni_Eval/HAM10000_clean/ISIC2018/ISIC_0027696.jpg,5,4,0.005674907,0.013827775,0.07132909,0.086039305,0.59723115,0.20639756,0.019500287
/home/share/Uni_Eval/HAM10000_clean/ISIC2018/ISIC_0025059.jpg,5,3,0.006182388,0.019043097,0.116653115,0.52280295,0.23935665,0.08017444,0.015787283
/home/share/Uni_Eval/HAM10000_clean/ISIC2018/ISIC_0032106.jpg,5,3,0.045818888,0.020977417,0.36039346,0.38363686,0.1099138,0.06461499,0.014644596
/home/share/Uni_Eval/HAM10000_clean/ISIC2018/ISIC_0030368.jpg,5,3,0.0010430207,0.0029712897,0.051850837,0.43414173,0.030481532,0.23975581,0.23975581
/home/share/Uni_Eval/HAM10000_clean/ISIC2018/ISIC_0029090.jpg,5,2,0.12800592,0.034452323,0.2795906,0.2177454,0.09969111,0.029468633,0.21104607
/home/share/Uni_Eval/HAM10000_clean/ISIC2018/ISIC_0032137.jpg,5,4,0.0073580286,0.0036424883,0.20518605,0.15732159,0.3032453,0.3032453,0.020001195
/home/share/Uni_Eval/HAM10000_clean/ISIC2018/ISIC_0030701.jpg,5,2,0.014359352,0.0021012374,0.44670632,0.192126,0.08009004,0.2317482,0.032868885
/home/share/Uni_Eval/HAM10000_clean/ISIC2018/ISIC_0028839.jpg,5,5,0.0046779397,0.0024651007,0.28941387,0.1927912,0.15491208,0.3383591,0.017380653
/home/share/Uni_Eval/HAM10000_clean/ISIC2018/ISIC_0026648.jpg,5,2,0.0135101015,0.0020080972,0.53129244,0.32224515,0.022625161,0.09827922,0.010039854
/home/share/Uni_Eval/HAM10000_clean/ISIC2018/ISIC_0025408.jpg,5,3,0.00069798174,0.0006660188,0.04251312,0.44299686,0.103589684,0.3789153,0.03062105
/home/share/Uni_Eval/HAM10000_clean/ISIC2018/ISIC_0031884.jpg,5,2,0.08236477,0.022871867,0.45939374,0.23833033,0.12756903,0.042730276,0.026739921
/home/share/Uni_Eval/HAM10000_clean/ISIC2018/ISIC_0024775.jpg,5,3,0.008522877,0.0050103413,0.17388235,0.43036294,0.13541971,0.22326936,0.023532419
/home/share/Uni_Eval/HAM10000_clean/ISIC2018/ISIC_0024659.jpg,5,2,0.03825113,0.046139672,0.3202728,0.11068332,0.24175459,0.1421202,0.100778304
/home/share/Uni_Eval/HAM10000_clean/ISIC2018/ISIC_0032053.jpg,5,3,0.0045887562,0.0026145943,0.13836,0.66007864,0.09216763,0.09216763,0.010022764
/home/share/Uni_Eval/HAM10000_clean/ISIC2018/ISIC_0030256.jpg,5,3,0.002515587,0.0005191208,0.20618136,0.69750255,0.019177854,0.06693729,0.007166241
/home/share/Uni_Eval/HAM10000_clean/ISIC2018/ISIC_0026357.jpg,5,2,0.026427532,0.0058053588,0.69230825,0.13212934,0.01628153,0.07767483,0.049373128
/home/share/Uni_Eval/HAM10000_clean/ISIC2018/ISIC_0026155.jpg,5,5,0.010694265,0.007824091,0.28904507,0.24723336,0.061541244,0.29822034,0.08544156
/home/share/Uni_Eval/HAM10000_clean/ISIC2018/ISIC_0028140.jpg,5,3,0.007985988,0.01468848,0.19652969,0.66485137,0.04119486,0.067918845,0.006830778
/home/share/Uni_Eval/HAM10000_clean/ISIC2018/ISIC_0025058.jpg,5,2,0.006331677,0.00800399,0.66635007,0.19697271,0.025042271,0.08211044,0.0151889045
/home/share/Uni_Eval/HAM10000_clean/ISIC2018/ISIC_0024956.jpg,5,5,0.0007995089,0.0023868927,0.32762426,0.13237217,0.0457466,0.38303155,0.108039014
/home/share/Uni_Eval/HAM10000_clean/ISIC2018/ISIC_0030103.jpg,5,5,0.008177082,0.0054471106,0.17483371,0.14048283,0.3068427,0.34769836,0.016518159
/home/share/Uni_Eval/HAM10000_clean/ISIC2018/ISIC_0027245.jpg,5,5,0.0067225355,0.004766992,0.2445,0.07456829,0.22261979,0.42911088,0.017711522
/home/share/Uni_Eval/HAM10000_clean/ISIC2018/ISIC_0024532.jpg,5,2,0.011505323,0.0045765014,0.40557665,0.105800994,0.102545835,0.28759688,0.08239789
/home/share/Uni_Eval/HAM10000_clean/ISIC2018/ISIC_0026380.jpg,5,5,0.0022045288,0.0020388558,0.19233985,0.09085491,0.18642217,0.44720352,0.07893611
/home/share/Uni_Eval/HAM10000_clean/ISIC2018/ISIC_0027602.jpg,5,2,0.002774072,0.007083841,0.4117088,0.13790518,0.10089359,0.2658192,0.07381532
/home/share/Uni_Eval/HAM10000_clean/ISIC2018/ISIC_0027372.jpg,5,5,0.00025063046,0.0008612239,0.036052432,0.008299741,0.17199652,0.7708349,0.01170451
/home/share/Uni_Eval/HAM10000_clean/ISIC2018/ISIC_0025852.jpg,5,4,0.0004154435,0.0032677162,0.0709671,0.07794211,0.4926093,0.26367477,0.09112356
/home/share/Uni_Eval/HAM10000_clean/ISIC2018/ISIC_0032403.jpg,5,4,0.0020720523,0.009286295,0.08539517,0.1595392,0.29805845,0.24709913,0.19854973
/home/share/Uni_Eval/HAM10000_clean/ISIC2018/ISIC_0025190.jpg,5,5,0.00068469404,0.0033701817,0.12845668,0.100042164,0.100042164,0.6322859,0.0351181
/home/share/Uni_Eval/HAM10000_clean/ISIC2018/ISIC_0027321.jpg,5,2,0.051168997,0.017139468,0.40247536,0.30380434,0.13909177,0.06778791,0.018532185
/home/share/Uni_Eval/HAM10000_clean/ISIC2018/ISIC_0031878.jpg,5,2,0.018250342,0.0043348363,0.43531016,0.032534752,0.27241015,0.20562597,0.031533763
/home/share/Uni_Eval/HAM10000_clean/ISIC2018/ISIC_0029086.jpg,5,3,0.0055995593,0.006054567,0.22367363,0.41787732,0.0682166,0.20365714,0.07492128
/home/share/Uni_Eval/HAM10000_clean/ISIC2018/ISIC_0024399.jpg,5,3,0.030322498,0.019274151,0.2578853,0.3871317,0.14693862,0.14693862,0.011509122
/home/share/Uni_Eval/HAM10000_clean/ISIC2018/ISIC_0024603.jpg,5,5,0.0028485032,0.0021168278,0.22277641,0.22984812,0.060903683,0.42941278,0.05209368
/home/share/Uni_Eval/HAM10000_clean/ISIC2018/ISIC_0025429.jpg,5,5,0.0026769307,0.000709316,0.10363974,0.026616884,0.15079494,0.69726866,0.0182935
/home/share/Uni_Eval/HAM10000_clean/ISIC2018/ISIC_0026548.jpg,5,5,0.0017561279,0.0022199538,0.19068281,0.09588134,0.27744186,0.4036755,0.028342467
/home/share/Uni_Eval/HAM10000_clean/ISIC2018/ISIC_0031992.jpg,5,3,0.003273287,0.0037091202,0.18729216,0.4934491,0.062735006,0.21896671,0.030574603
/home/share/Uni_Eval/HAM10000_clean/ISIC2018/ISIC_0032416.jpg,5,3,0.0071461117,0.0048353015,0.09413157,0.86561775,0.004334336,0.011967486,0.011967486
/home/share/Uni_Eval/HAM10000_clean/ISIC2018/ISIC_0029587.jpg,5,5,0.009116503,0.0043063317,0.3315691,0.026379475,0.24258116,0.37571704,0.010330351
/home/share/Uni_Eval/HAM10000_clean/ISIC2018/ISIC_0026685.jpg,5,3,0.0020903666,0.0030893611,0.1941419,0.4657222,0.07722431,0.23417984,0.023552084
/home/share/Uni_Eval/HAM10000_clean/ISIC2018/ISIC_0031022.jpg,5,3,0.109354325,0.019002933,0.31642723,0.43250477,0.011525861,0.005195113,0.10598985
/home/share/Uni_Eval/HAM10000_clean/ISIC2018/ISIC_0029019.jpg,5,5,0.00078208564,0.0045714662,0.11789967,0.1826066,0.12164221,0.49637616,0.07612175
/home/share/Uni_Eval/HAM10000_clean/ISIC2018/ISIC_0028204.jpg,5,5,0.0003999813,0.0048727696,0.16910799,0.0455148,0.16390508,0.57208496,0.044114456
/home/share/Uni_Eval/HAM10000_clean/ISIC2018/ISIC_0029941.jpg,5,4,0.0005607707,0.004550817,0.052901506,0.030617045,0.66493,0.22979367,0.016646197
/home/share/Uni_Eval/HAM10000_clean/ISIC2018/ISIC_0025728.jpg,5,5,0.0015257988,0.0029410543,0.14393951,0.079490945,0.072377324,0.64509207,0.05463327
/home/share/Uni_Eval/HAM10000_clean/ISIC2018/ISIC_0026066.jpg,5,5,0.00040837834,0.0050534126,0.13873476,0.25121617,0.06867868,0.4014423,0.13446632
/home/share/Uni_Eval/HAM10000_clean/ISIC2018/ISIC_0024645.jpg,5,4,0.000784338,0.0012148065,0.050854053,0.029432066,0.4900879,0.4191944,0.008432427
/home/share/Uni_Eval/HAM10000_clean/ISIC2018/ISIC_0031608.jpg,5,5,0.0017545003,0.0015007036,0.27288735,0.09140581,0.08066535,0.52600414,0.025782194
/home/share/Uni_Eval/HAM10000_clean/ISIC2018/ISIC_0025333.jpg,5,3,0.0030622839,0.004970577,0.15223281,0.45448324,0.07419235,0.29343644,0.017622227
/home/share/Uni_Eval/HAM10000_clean/ISIC2018/ISIC_0028161.jpg,5,3,0.011157785,0.011511972,0.19471025,0.5460784,0.052405555,0.146975,0.0371611
/home/share/Uni_Eval/HAM10000_clean/ISIC2018/ISIC_0025023.jpg,5,4,0.0006317378,0.009429511,0.11852148,0.1779218,0.34295326,0.3026552,0.047887005
/home/share/Uni_Eval/HAM10000_clean/ISIC2018/ISIC_0030228.jpg,5,5,0.0007490533,0.0004989771,0.074054755,0.24281621,0.07883088,0.58248585,0.020564266
/home/share/Uni_Eval/HAM10000_clean/ISIC2018/ISIC_0029433.jpg,5,4,0.0019197671,0.018501077,0.10159091,0.022667995,0.70518064,0.1304453,0.019694295
/home/share/Uni_Eval/HAM10000_clean/ISIC2018/ISIC_0025586.jpg,5,5,0.0027061459,0.0018310697,0.20195107,0.15244065,0.15244065,0.46955028,0.019080184
/home/share/Uni_Eval/HAM10000_clean/ISIC2018/ISIC_0025114.jpg,5,3,0.00477797,0.014264382,0.13963273,0.4300991,0.19085531,0.20316443,0.017206129
/home/share/Uni_Eval/HAM10000_clean/ISIC2018/ISIC_0026418.jpg,5,5,0.0026655765,0.0013195559,0.08037236,0.17831388,0.30809876,0.3834351,0.045794792
/home/share/Uni_Eval/HAM10000_clean/ISIC2018/ISIC_0032062.jpg,5,5,0.005288784,0.0041189096,0.19235417,0.11307918,0.28875783,0.3707724,0.025628714
/home/share/Uni_Eval/HAM10000_clean/ISIC2018/ISIC_0032401.jpg,5,2,0.028098587,0.0036857326,0.48273572,0.38788906,0.017042657,0.06954468,0.011003566
/home/share/Uni_Eval/HAM10000_clean/ISIC2018/ISIC_0025204.jpg,5,2,0.012345607,0.09710573,0.36079153,0.12864418,0.19924799,0.16010027,0.04176465
/home/share/Uni_Eval/HAM10000_clean/ISIC2018/ISIC_0030713.jpg,5,2,0.0084680505,0.011756725,0.49990866,0.30320993,0.054362543,0.10811283,0.014181317
/home/share/Uni_Eval/HAM10000_clean/ISIC2018/ISIC_0025858.jpg,5,3,0.01179561,0.0032755223,0.40301648,0.42900878,0.02700042,0.10847041,0.017432781
/home/share/Uni_Eval/HAM10000_clean/ISIC2018/ISIC_0024844.jpg,5,6,0.006745143,0.0056799795,0.20658204,0.1559363,0.16599333,0.176699,0.2823642
/home/share/Uni_Eval/HAM10000_clean/ISIC2018/ISIC_0027824.jpg,5,5,0.0018220596,0.008829448,0.13597453,0.26209775,0.1493388,0.28785807,0.15407933
/home/share/Uni_Eval/HAM10000_clean/ISIC2018/ISIC_0027611.jpg,5,2,0.040662784,0.018044002,0.43716615,0.24142605,0.08881569,0.12922606,0.04465933
/home/share/Uni_Eval/HAM10000_clean/ISIC2018/ISIC_0032224.jpg,5,3,0.017213875,0.0040886533,0.12522233,0.7670797,0.021423014,0.018905742,0.046066716
/home/share/Uni_Eval/HAM10000_clean/ISIC2018/ISIC_0025445.jpg,5,3,0.0010295892,0.00175139,0.08982918,0.6433313,0.08982918,0.167823,0.006406319
/home/share/Uni_Eval/HAM10000_clean/ISIC2018/ISIC_0024629.jpg,5,5,0.0047508026,0.008081388,0.17278768,0.29392174,0.11875512,0.30325183,0.09845146
/home/share/Uni_Eval/HAM10000_clean/ISIC2018/ISIC_0028788.jpg,5,3,0.0065658744,0.003683122,0.33154404,0.45316702,0.02401697,0.13820812,0.04281488
/home/share/Uni_Eval/HAM10000_clean/ISIC2018/ISIC_0030779.jpg,5,2,0.037297856,0.05259841,0.45438093,0.16715741,0.1475159,0.12229497,0.018754542
/home/share/Uni_Eval/HAM10000_clean/ISIC2018/ISIC_0027913.jpg,5,5,0.0008497002,0.0006617472,0.13635385,0.23930846,0.041585572,0.5564088,0.02483188
/home/share/Uni_Eval/HAM10000_clean/ISIC2018/ISIC_0024614.jpg,5,3,0.00427959,0.003547905,0.17915158,0.502443,0.07015676,0.22295773,0.0174634
/home/share/Uni_Eval/HAM10000_clean/ISIC2018/ISIC_0027705.jpg,5,2,0.017897354,0.003636068,0.5396403,0.348418,0.025239315,0.05343163,0.011737371
/home/share/Uni_Eval/HAM10000_clean/ISIC2018/ISIC_0024347.jpg,5,3,0.0012058819,0.0015007445,0.1707732,0.49414858,0.12109632,0.19965407,0.011621261
/home/share/Uni_Eval/HAM10000_clean/ISIC2018/ISIC_0029631.jpg,5,5,0.000364744,0.0027806659,0.07284365,0.04630224,0.13823296,0.6594726,0.080003105
/home/share/Uni_Eval/HAM10000_clean/ISIC2018/ISIC_0032167.jpg,5,2,0.009922413,0.007259392,0.28105378,0.16522299,0.2480291,0.27240667,0.016105665
/home/share/Uni_Eval/HAM10000_clean/ISIC2018/ISIC_0031058.jpg,5,2,0.02128042,0.0014035959,0.4843401,0.40153205,0.025669085,0.058757123,0.0070175375
/home/share/Uni_Eval/HAM10000_clean/ISIC2018/ISIC_0030288.jpg,5,3,0.0067072846,0.0029301955,0.20542258,0.3959624,0.055288736,0.3083758,0.025313027
/home/share/Uni_Eval/HAM10000_clean/ISIC2018/ISIC_0030438.jpg,5,2,0.007882666,0.0080068,0.51913613,0.21640813,0.03879984,0.1851037,0.024662679
/home/share/Uni_Eval/HAM10000_clean/ISIC2018/ISIC_0030212.jpg,5,5,0.006765063,0.001938223,0.31593028,0.036004595,0.036004595,0.57207584,0.031281337
/home/share/Uni_Eval/HAM10000_clean/ISIC2018/ISIC_0031129.jpg,5,3,0.0072534624,0.008091821,0.35499507,0.40226212,0.028688,0.09857858,0.10013097
/home/share/Uni_Eval/HAM10000_clean/ISIC2018/ISIC_0029451.jpg,5,2,0.016943488,0.012991023,0.36226773,0.14410014,0.20006323,0.23389764,0.029736746
/home/share/Uni_Eval/HAM10000_clean/ISIC2018/ISIC_0024622.jpg,5,2,0.006913405,0.005057955,0.3228579,0.07668547,0.251442,0.3228579,0.014185386
/home/share/Uni_Eval/HAM10000_clean/ISIC2018/ISIC_0025203.jpg,5,5,0.0024590993,0.0065808906,0.14070566,0.19232182,0.22484697,0.39461875,0.03846678
/home/share/Uni_Eval/HAM10000_clean/ISIC2018/ISIC_0026627.jpg,5,3,0.0027723566,0.00429391,0.15374921,0.68905616,0.009828857,0.09038449,0.04991506
/home/share/Uni_Eval/HAM10000_clean/ISIC2018/ISIC_0029487.jpg,5,5,0.0127989,0.008135475,0.24149749,0.10716386,0.24916345,0.34056607,0.040674817
/home/share/Uni_Eval/HAM10000_clean/ISIC2018/ISIC_0031994.jpg,5,2,0.008917462,0.015650634,0.31435138,0.12310176,0.21605034,0.2953058,0.026622623
/home/share/Uni_Eval/HAM10000_clean/ISIC2018/ISIC_0029186.jpg,5,5,0.0039153113,0.0136657795,0.22402771,0.19770376,0.14923462,0.36935925,0.042093556
/home/share/Uni_Eval/HAM10000_clean/ISIC2018/ISIC_0032286.jpg,5,5,0.0030322934,0.0023615523,0.14610408,0.02619502,0.33970216,0.46431783,0.01828707
/home/share/Uni_Eval/HAM10000_clean/ISIC2018/ISIC_0026160.jpg,5,2,0.023215555,0.012233739,0.48867497,0.11249936,0.20371002,0.14903744,0.010628856
/home/share/Uni_Eval/HAM10000_clean/ISIC2018/ISIC_0030476.jpg,5,3,0.0034663086,0.0023454218,0.2796993,0.50647,0.0674806,0.12805568,0.012482656
/home/share/Uni_Eval/HAM10000_clean/ISIC2018/ISIC_0026047.jpg,5,3,0.054335006,0.018777674,0.10975973,0.71572334,0.021277893,0.02908343,0.05104301
/home/share/Uni_Eval/HAM10000_clean/ISIC2018/ISIC_0031549.jpg,5,2,0.05301789,0.01182989,0.62601817,0.07958928,0.14411758,0.070237294,0.0151898805
/home/share/Uni_Eval/HAM10000_clean/ISIC2018/ISIC_0029325.jpg,5,3,0.005909484,0.0014709868,0.3176447,0.5574838,0.015328034,0.08820675,0.013956334
/home/share/Uni_Eval/HAM10000_clean/ISIC2018/ISIC_0027923.jpg,5,2,0.007912753,0.0093966285,0.3995548,0.33124256,0.09490258,0.146988,0.010002659
/home/share/Uni_Eval/HAM10000_clean/ISIC2018/ISIC_0029283.jpg,5,3,0.02130638,0.049538814,0.20856622,0.56694174,0.08426836,0.031984664,0.03739386
/home/share/Uni_Eval/HAM10000_clean/ISIC2018/ISIC_0026721.jpg,5,4,0.0074865,0.012151789,0.18423761,0.16258913,0.31339875,0.29441088,0.025725337
/home/share/Uni_Eval/HAM10000_clean/ISIC2018/ISIC_0026997.jpg,5,3,0.0021503721,0.0042765257,0.11029305,0.6151652,0.043191373,0.20605454,0.018868914
/home/share/Uni_Eval/HAM10000_clean/ISIC2018/ISIC_0029709.jpg,5,3,0.024466343,0.0048177084,0.26303798,0.5397189,0.034503073,0.10300715,0.030448858
/home/share/Uni_Eval/HAM10000_clean/ISIC2018/ISIC_0030419.jpg,5,3,0.0009971346,0.0034803418,0.20227548,0.38989618,0.038604952,0.34408218,0.020663742
/home/share/Uni_Eval/HAM10000_clean/ISIC2018/ISIC_0031280.jpg,5,3,0.0007014351,0.004164612,0.042723455,0.512409,0.026321156,0.17163551,0.24204487
/home/share/Uni_Eval/HAM10000_clean/ISIC2018/ISIC_0025110.jpg,5,5,0.0015665826,0.009901107,0.12444908,0.06356237,0.2804503,0.47706208,0.04300845
/home/share/Uni_Eval/HAM10000_clean/ISIC2018/ISIC_0029421.jpg,5,4,0.004800476,0.012647569,0.19175434,0.09642013,0.41882998,0.2540332,0.02151424
/home/share/Uni_Eval/HAM10000_clean/ISIC2018/ISIC_0025496.jpg,5,3,0.02515702,0.004371634,0.33137876,0.52954173,0.03385247,0.06324474,0.012453628
/home/share/Uni_Eval/HAM10000_clean/ISIC2018/ISIC_0030750.jpg,5,5,0.0004421917,0.0013201407,0.061650924,0.02268011,0.21518287,0.68384975,0.014873978
/home/share/Uni_Eval/HAM10000_clean/ISIC2018/ISIC_0025570.jpg,5,3,0.0052908524,0.037891597,0.19545972,0.25097525,0.11490485,0.24325356,0.15222418
/home/share/Uni_Eval/HAM10000_clean/ISIC2018/ISIC_0025270.jpg,5,3,0.011759744,0.0561026,0.27614665,0.48465252,0.09846313,0.06357257,0.009302723
/home/share/Uni_Eval/HAM10000_clean/ISIC2018/ISIC_0030788.jpg,5,4,0.016157215,0.04391986,0.1581615,0.15329538,0.4435749,0.13957703,0.04531403
/home/share/Uni_Eval/HAM10000_clean/ISIC2018/ISIC_0026278.jpg,5,2,0.0032044642,0.006274036,0.3703857,0.3703857,0.08010153,0.1362573,0.033391282
/home/share/Uni_Eval/HAM10000_clean/ISIC2018/ISIC_0029981.jpg,5,2,0.09443042,0.0055830674,0.47955725,0.340057,0.021070275,0.0474826,0.011819353
/home/share/Uni_Eval/HAM10000_clean/ISIC2018/ISIC_0027001.jpg,5,4,0.008830518,0.009254304,0.2834296,0.14251736,0.30170923,0.23497137,0.019287625
/home/share/Uni_Eval/HAM10000_clean/ISIC2018/ISIC_0030864.jpg,5,3,0.0008461273,0.002061718,0.15147409,0.5806595,0.04619699,0.20067057,0.018091
/home/share/Uni_Eval/HAM10000_clean/ISIC2018/ISIC_0032295.jpg,5,3,0.027132872,0.029799629,0.166209,0.51195973,0.14216608,0.08896526,0.033767406
/home/share/Uni_Eval/HAM10000_clean/ISIC2018/ISIC_0024810.jpg,5,4,0.0072931866,0.008660873,0.22688437,0.18230672,0.38594332,0.17669775,0.012213788
/home/share/Uni_Eval/HAM10000_clean/ISIC2018/ISIC_0024627.jpg,5,4,0.004489598,0.013828934,0.21296719,0.19390884,0.42353582,0.12917112,0.022098575
/home/share/Uni_Eval/HAM10000_clean/ISIC2018/ISIC_0031124.jpg,5,3,0.00047846485,0.0023921735,0.10998317,0.5006726,0.04046055,0.28527462,0.060738478
/home/share/Uni_Eval/HAM10000_clean/ISIC2018/ISIC_0024384.jpg,5,5,0.00062961923,0.0022673458,0.08118536,0.051604554,0.27038854,0.57241255,0.021511981
/home/share/Uni_Eval/HAM10000_clean/ISIC2018/ISIC_0029234.jpg,5,5,0.00026070705,0.00084157276,0.055424243,0.039301675,0.07575596,0.77715683,0.05125905
/home/share/Uni_Eval/HAM10000_clean/ISIC2018/ISIC_0031683.jpg,5,5,0.00076015876,0.0011411335,0.14945899,0.24641621,0.057621572,0.50561327,0.038988706
/home/share/Uni_Eval/HAM10000_clean/ISIC2018/ISIC_0027880.jpg,5,3,0.010047062,0.012900683,0.23592883,0.31255493,0.18957415,0.22163463,0.017359767
/home/share/Uni_Eval/HAM10000_clean/ISIC2018/ISIC_0029718.jpg,5,4,0.008091729,0.013134173,0.14798228,0.2852433,0.38988137,0.11706361,0.038603485
/home/share/Uni_Eval/HAM10000_clean/ISIC2018/ISIC_0029076.jpg,5,2,0.028088598,0.005618073,0.50572276,0.22441313,0.07516898,0.1201197,0.04086867
/home/share/Uni_Eval/HAM10000_clean/ISIC2018/ISIC_0030017.jpg,5,3,0.0068703145,0.003145459,0.34153834,0.4385439,0.078626595,0.11803249,0.013242878
/home/share/Uni_Eval/HAM10000_clean/ISIC2018/ISIC_0028893.jpg,5,2,0.015067632,0.008720476,0.41366184,0.11486974,0.29333016,0.13855936,0.015790742
/home/share/Uni_Eval/HAM10000_clean/ISIC2018/ISIC_0030078.jpg,5,2,0.08501543,0.0055204416,0.54577553,0.28314462,0.019268233,0.04844033,0.01283541
/home/share/Uni_Eval/HAM10000_clean/ISIC2018/ISIC_0028434.jpg,5,5,0.00042644978,0.0015598885,0.054987963,0.06428744,0.12785086,0.7130948,0.037792638
/home/share/Uni_Eval/HAM10000_clean/ISIC2018/ISIC_0024966.jpg,5,3,0.001830449,0.0008122568,0.15970226,0.5075328,0.039136723,0.2802862,0.010699386
/home/share/Uni_Eval/HAM10000_clean/ISIC2018/ISIC_0031873.jpg,5,3,0.005434437,0.0018780911,0.23107816,0.36926183,0.09336401,0.26184583,0.03713764
/home/share/Uni_Eval/HAM10000_clean/ISIC2018/ISIC_0024722.jpg,5,4,0.005761106,0.0072827204,0.12511766,0.12908931,0.5105581,0.20628414,0.015906926
/home/share/Uni_Eval/HAM10000_clean/ISIC2018/ISIC_0027699.jpg,5,3,0.0049089734,0.0014739409,0.32329485,0.35506994,0.04957887,0.23652758,0.029145915
/home/share/Uni_Eval/HAM10000_clean/ISIC2018/ISIC_0032438.jpg,5,2,0.004735043,0.0018542694,0.38809136,0.14277084,0.12599482,0.32173905,0.0148146385
/home/share/Uni_Eval/HAM10000_clean/ISIC2018/ISIC_0029765.jpg,5,2,0.017629445,0.010363816,0.3326432,0.24336697,0.22862212,0.15229517,0.015079264
/home/share/Uni_Eval/HAM10000_clean/ISIC2018/ISIC_0025010.jpg,5,4,0.005989345,0.0068936935,0.18925722,0.03612037,0.41337577,0.32193738,0.026426228
/home/share/Uni_Eval/HAM10000_clean/ISIC2018/ISIC_0028569.jpg,5,3,0.0021842413,0.007050818,0.106899984,0.74203295,0.057219435,0.06483811,0.019774508
/home/share/Uni_Eval/HAM10000_clean/ISIC2018/ISIC_0031788.jpg,5,2,0.012690942,0.026866725,0.43360695,0.33769345,0.11311314,0.05868232,0.017346462
/home/share/Uni_Eval/HAM10000_clean/ISIC2018/ISIC_0031628.jpg,5,3,0.03741515,0.043742742,0.33347765,0.4150196,0.10170493,0.054438725,0.01420119
/home/share/Uni_Eval/HAM10000_clean/ISIC2018/ISIC_0031859.jpg,5,4,0.0016798358,0.013632356,0.12733497,0.096117474,0.5196062,0.17957109,0.062058106
/home/share/Uni_Eval/HAM10000_clean/ISIC2018/ISIC_0028333.jpg,5,3,0.028670873,0.016082902,0.08296192,0.81210667,0.021306382,0.01583356,0.023037694
/home/share/Uni_Eval/HAM10000_clean/ISIC2018/ISIC_0027792.jpg,5,2,0.021930775,0.009731722,0.5149866,0.28440258,0.074190855,0.084069245,0.010688205
/home/share/Uni_Eval/HAM10000_clean/ISIC2018/ISIC_0029078.jpg,5,3,0.04261606,0.00740556,0.4171647,0.4440695,0.030219309,0.034242965,0.024281899
/home/share/Uni_Eval/HAM10000_clean/ISIC2018/ISIC_0027830.jpg,5,3,0.0034820046,0.005227109,0.18426192,0.4854655,0.14805861,0.16261058,0.01089423
/home/share/Uni_Eval/HAM10000_clean/ISIC2018/ISIC_0026534.jpg,5,3,0.0018385842,0.00085502106,0.1288947,0.5259708,0.071182415,0.2563377,0.014920644
/home/share/Uni_Eval/HAM10000_clean/ISIC2018/ISIC_0027396.jpg,5,3,0.004075085,0.004475605,0.16025506,0.6143204,0.050426487,0.1328561,0.033591285
/home/share/Uni_Eval/HAM10000_clean/ISIC2018/ISIC_0029901.jpg,5,5,0.0026500148,0.009846,0.15890639,0.25393167,0.23120742,0.30630007,0.037158415
/home/share/Uni_Eval/HAM10000_clean/ISIC2018/ISIC_0031425.jpg,5,5,0.00065040716,0.005196412,0.07173426,0.13827139,0.25832498,0.51374054,0.01208202
/home/share/Uni_Eval/HAM10000_clean/ISIC2018/ISIC_0024802.jpg,5,5,0.00043091594,0.00074455596,0.13329074,0.09905326,0.12521505,0.5524747,0.08879077
/home/share/Uni_Eval/HAM10000_clean/ISIC2018/ISIC_0030638.jpg,5,2,0.024212297,0.017993052,0.4359317,0.06280192,0.14152631,0.2261584,0.09137625
/home/share/Uni_Eval/HAM10000_clean/ISIC2018/ISIC_0030983.jpg,5,5,0.0023045416,0.0010226341,0.32636186,0.123872995,0.044863824,0.41905692,0.0825172
/home/share/Uni_Eval/HAM10000_clean/ISIC2018/ISIC_0026379.jpg,5,5,0.0027243441,0.00088446506,0.25302234,0.10882355,0.20330918,0.37983152,0.051404607
/home/share/Uni_Eval/HAM10000_clean/ISIC2018/ISIC_0024912.jpg,5,5,0.0017838033,0.0018118941,0.08730194,0.2487001,0.21272448,0.42305315,0.024624644
/home/share/Uni_Eval/HAM10000_clean/ISIC2018/ISIC_0032431.jpg,5,3,0.0070722806,0.0034467545,0.20993711,0.430763,0.019224454,0.14428753,0.18526886
/home/share/Uni_Eval/HAM10000_clean/ISIC2018/ISIC_0029842.jpg,5,3,0.01852336,0.016604234,0.31329888,0.41505358,0.1082732,0.101713255,0.026533486
/home/share/Uni_Eval/HAM10000_clean/ISIC2018/ISIC_0031641.jpg,5,5,0.0004155927,0.0018918882,0.09404989,0.19910361,0.060723174,0.6132823,0.030533528
/home/share/Uni_Eval/HAM10000_clean/ISIC2018/ISIC_0031512.jpg,5,2,0.13069019,0.087058425,0.3552527,0.16264655,0.069953404,0.018535808,0.17586285
/home/share/Uni_Eval/HAM10000_clean/ISIC2018/ISIC_0025037.jpg,5,4,0.020275887,0.016809301,0.26294172,0.10623805,0.32723624,0.16976792,0.09673084
/home/share/Uni_Eval/HAM10000_clean/ISIC2018/ISIC_0031205.jpg,5,2,0.005620754,0.0054478217,0.59153205,0.1011992,0.06847481,0.20442802,0.023297379
/home/share/Uni_Eval/HAM10000_clean/ISIC2018/ISIC_0025233.jpg,5,4,0.006370645,0.021551613,0.18044946,0.25447452,0.34782544,0.1543466,0.034981724
/home/share/Uni_Eval/HAM10000_clean/ISIC2018/ISIC_0029863.jpg,5,3,0.0026974734,0.005118905,0.15924446,0.5060779,0.08794314,0.23169933,0.0072188126
/home/share/Uni_Eval/HAM10000_clean/ISIC2018/ISIC_0027095.jpg,5,6,0.0009018643,0.009108508,0.076264605,0.063225575,0.1665772,0.33127832,0.35264394
/home/share/Uni_Eval/HAM10000_clean/ISIC2018/ISIC_0026197.jpg,5,4,0.0015846575,0.018421035,0.15423745,0.056740787,0.36426014,0.26649842,0.13825756
/home/share/Uni_Eval/HAM10000_clean/ISIC2018/ISIC_0028722.jpg,5,3,0.0072196927,0.0027834396,0.28391856,0.30222973,0.17767169,0.1833116,0.04286529
/home/share/Uni_Eval/HAM10000_clean/ISIC2018/ISIC_0025232.jpg,5,5,0.002970116,0.0028787353,0.17810106,0.17262147,0.10147892,0.48412883,0.057820946
/home/share/Uni_Eval/HAM10000_clean/ISIC2018/ISIC_0029551.jpg,5,3,0.012369885,0.012762548,0.29047427,0.36150104,0.170761,0.13721032,0.014920931
/home/share/Uni_Eval/HAM10000_clean/ISIC2018/ISIC_0032297.jpg,5,3,0.0024015117,0.0040217754,0.11041251,0.39761072,0.12511376,0.2567168,0.10372296
/home/share/Uni_Eval/HAM10000_clean/ISIC2018/ISIC_0024978.jpg,5,2,0.14677684,0.015961241,0.4381947,0.36327615,0.014532875,0.008025816,0.013232333
/home/share/Uni_Eval/HAM10000_clean/ISIC2018/ISIC_0025889.jpg,5,2,0.0071303784,0.0054670507,0.5238677,0.2324649,0.035649646,0.15977062,0.035649646
/home/share/Uni_Eval/HAM10000_clean/ISIC2018/ISIC_0030708.jpg,5,5,0.00088620844,0.00081960886,0.11075515,0.33065382,0.10734758,0.4380451,0.011492525
/home/share/Uni_Eval/HAM10000_clean/ISIC2018/ISIC_0026542.jpg,5,4,0.028584167,0.02124195,0.29323608,0.042244658,0.33228,0.17785667,0.10455654
/home/share/Uni_Eval/HAM10000_clean/ISIC2018/ISIC_0025459.jpg,5,5,0.009678505,0.0035053226,0.11608033,0.20372732,0.2873016,0.3575526,0.022154318
/home/share/Uni_Eval/HAM10000_clean/ISIC2018/ISIC_0029256.jpg,5,5,0.00034421234,0.0008653498,0.022317665,0.015338692,0.2718848,0.67292136,0.016327951
/home/share/Uni_Eval/HAM10000_clean/ISIC2018/ISIC_0024527.jpg,5,5,0.014045529,0.010769081,0.26501969,0.054689903,0.2568659,0.3098394,0.08877048
/home/share/Uni_Eval/HAM10000_clean/ISIC2018/ISIC_0029910.jpg,5,2,0.016994447,0.028908527,0.657955,0.14680961,0.019868521,0.0114990175,0.11796484
/home/share/Uni_Eval/HAM10000_clean/ISIC2018/ISIC_0025464.jpg,5,5,0.0018484547,0.008155764,0.05840929,0.14011662,0.2786551,0.39296672,0.11984807
/home/share/Uni_Eval/HAM10000_clean/ISIC2018/ISIC_0029124.jpg,5,2,0.002191074,0.0015296163,0.36848202,0.14657202,0.12934935,0.2572419,0.09463401
/home/share/Uni_Eval/HAM10000_clean/ISIC2018/ISIC_0031265.jpg,5,5,0.0010678339,0.00071133074,0.1420611,0.050653443,0.20033826,0.57969797,0.02547015
/home/share/Uni_Eval/HAM10000_clean/ISIC2018/ISIC_0027499.jpg,5,5,0.0029544125,0.0051851557,0.19763559,0.14918317,0.1690467,0.4595165,0.016478391
/home/share/Uni_Eval/HAM10000_clean/ISIC2018/ISIC_0025344.jpg,5,5,0.00035977212,0.0005234654,0.042238854,0.04496303,0.3025028,0.6015987,0.007813403
/home/share/Uni_Eval/HAM10000_clean/ISIC2018/ISIC_0031047.jpg,5,4,0.0046750302,0.005465664,0.21832518,0.03348125,0.4479742,0.2803351,0.009743599
/home/share/Uni_Eval/HAM10000_clean/ISIC2018/ISIC_0025595.jpg,5,4,0.0057866015,0.017823987,0.123722985,0.16910926,0.55448794,0.109185144,0.019884095
/home/share/Uni_Eval/HAM10000_clean/ISIC2018/ISIC_0026732.jpg,5,2,0.053061366,0.0064370744,0.5034323,0.28684703,0.03646851,0.10227847,0.0114753265
/home/share/Uni_Eval/HAM10000_clean/ISIC2018/ISIC_0027635.jpg,5,3,0.002126105,0.005180578,0.14446564,0.53675497,0.087622836,0.17979039,0.04405953
/home/share/Uni_Eval/HAM10000_clean/ISIC2018/ISIC_0029280.jpg,5,3,0.032030616,0.025737323,0.24418892,0.47068647,0.10179309,0.059841063,0.065722555
/home/share/Uni_Eval/HAM10000_clean/ISIC2018/ISIC_0032472.jpg,5,3,0.0066598984,0.0041030445,0.18571797,0.45965642,0.12764198,0.2039713,0.012249428
/home/share/Uni_Eval/HAM10000_clean/ISIC2018/ISIC_0028433.jpg,5,3,0.08014505,0.003867422,0.2886134,0.5921963,0.0044513755,0.013927123,0.016799316
/home/share/Uni_Eval/HAM10000_clean/ISIC2018/ISIC_0030439.jpg,5,4,0.012012808,0.024648683,0.06393381,0.058212403,0.5971829,0.14184338,0.10216595
/home/share/Uni_Eval/HAM10000_clean/ISIC2018/ISIC_0027726.jpg,5,3,0.07061965,0.0044445717,0.3067578,0.5057581,0.019007023,0.072861366,0.02055149
/home/share/Uni_Eval/HAM10000_clean/ISIC2018/ISIC_0030343.jpg,5,5,0.003731214,0.023216395,0.11607467,0.11975927,0.24573006,0.4312697,0.060218744
/home/share/Uni_Eval/HAM10000_clean/ISIC2018/ISIC_0025679.jpg,5,2,0.20342684,0.014507727,0.47298157,0.10228944,0.03943609,0.04005712,0.12730126
/home/share/Uni_Eval/HAM10000_clean/ISIC2018/ISIC_0031737.jpg,5,2,0.15855601,0.058329493,0.4309999,0.1489496,0.03707648,0.0075325444,0.15855601
/home/share/Uni_Eval/HAM10000_clean/ISIC2018/ISIC_0025187.jpg,5,4,0.020985277,0.012928654,0.22561298,0.15998355,0.28969282,0.255653,0.035143726
/home/share/Uni_Eval/HAM10000_clean/ISIC2018/ISIC_0024751.jpg,5,5,0.0023424071,0.0017959857,0.11464083,0.037804537,0.09504059,0.49797708,0.2503986
/home/share/Uni_Eval/HAM10000_clean/ISIC2018/ISIC_0030749.jpg,5,5,0.0020507185,0.000882003,0.113728635,0.23335601,0.14603046,0.49401465,0.009937497
/home/share/Uni_Eval/HAM10000_clean/ISIC2018/ISIC_0025864.jpg,5,2,0.0076812822,0.007925112,0.2750386,0.22099973,0.20122252,0.26657656,0.020556176
/home/share/Uni_Eval/HAM10000_clean/ISIC2018/ISIC_0025688.jpg,5,3,0.011326347,0.005105185,0.35790107,0.52074295,0.016224245,0.054885905,0.03381423
/home/share/Uni_Eval/HAM10000_clean/ISIC2018/ISIC_0030948.jpg,5,4,0.0042217723,0.020458123,0.04610309,0.23050094,0.4173833,0.26119182,0.020140948
/home/share/Uni_Eval/HAM10000_clean/ISIC2018/ISIC_0027413.jpg,5,3,0.0166488,0.026192237,0.17899145,0.2772274,0.23712516,0.2446523,0.019162651
/home/share/Uni_Eval/HAM10000_clean/ISIC2018/ISIC_0026294.jpg,5,2,0.004464202,0.015826972,0.33839557,0.23257564,0.09107793,0.28944507,0.028214628
/home/share/Uni_Eval/HAM10000_clean/ISIC2018/ISIC_0029327.jpg,5,2,0.0044563385,0.008589817,0.30756992,0.298107,0.10966744,0.24713938,0.024470113
/home/share/Uni_Eval/HAM10000_clean/ISIC2018/ISIC_0029796.jpg,5,5,0.0016109805,0.006573806,0.1833172,0.14276758,0.11471697,0.5304459,0.020567618
/home/share/Uni_Eval/HAM10000_clean/ISIC2018/ISIC_0024533.jpg,5,5,0.0187042,0.005616019,0.23145215,0.16933401,0.1802551,0.36985946,0.024779039
/home/share/Uni_Eval/HAM10000_clean/ISIC2018/ISIC_0028620.jpg,5,3,0.003331891,0.0017285622,0.25654137,0.4229652,0.094376296,0.21268027,0.008376372
/home/share/Uni_Eval/HAM10000_clean/ISIC2018/ISIC_0032332.jpg,5,3,0.010973365,0.0058736186,0.2658603,0.6181437,0.020500945,0.057496317,0.021151714
/home/share/Uni_Eval/HAM10000_clean/ISIC2018/ISIC_0025705.jpg,5,4,0.002349507,0.008866946,0.09532866,0.09835472,0.62162095,0.15717039,0.01630881
/home/share/Uni_Eval/HAM10000_clean/ISIC2018/ISIC_0030004.jpg,5,4,0.004771844,0.034174602,0.15557186,0.070121735,0.3972667,0.29064652,0.047446743
/home/share/Uni_Eval/HAM10000_clean/ISIC2018/ISIC_0031445.jpg,5,5,0.007858092,0.016377669,0.27271268,0.14597258,0.17607655,0.32895428,0.05204813
/home/share/Uni_Eval/HAM10000_clean/ISIC2018/ISIC_0025050.jpg,5,6,0.012829677,0.0015564162,0.15875877,0.054014955,0.08497745,0.11615041,0.5717123
/home/share/Uni_Eval/HAM10000_clean/ISIC2018/ISIC_0024681.jpg,5,2,0.00625248,0.0026474665,0.32069105,0.24975443,0.12172059,0.24975443,0.049179565
/home/share/Uni_Eval/HAM10000_clean/ISIC2018/ISIC_0029707.jpg,5,3,0.00349461,0.0056723123,0.1557258,0.3854251,0.2265797,0.1999559,0.023146575
/home/share/Uni_Eval/HAM10000_clean/ISIC2018/ISIC_0028240.jpg,5,4,0.0068023424,0.056072302,0.25129864,0.17819743,0.4143214,0.06763611,0.02567177
/home/share/Uni_Eval/HAM10000_clean/ISIC2018/ISIC_0026325.jpg,5,4,0.0067625456,0.01031165,0.2966786,0.13165033,0.3258377,0.21037664,0.018382506
/home/share/Uni_Eval/HAM10000_clean/ISIC2018/ISIC_0029817.jpg,5,3,0.0009640314,0.0015166341,0.052634332,0.44070184,0.03617501,0.44070184,0.02730633
/home/share/Uni_Eval/HAM10000_clean/ISIC2018/ISIC_0030530.jpg,5,3,0.0026638757,0.0019796244,0.17271747,0.51563907,0.05434796,0.23607679,0.016575193
/home/share/Uni_Eval/HAM10000_clean/ISIC2018/ISIC_0028421.jpg,5,5,0.0013235054,0.0046922336,0.0899302,0.07455474,0.1964256,0.5864185,0.04665517
/home/share/Uni_Eval/HAM10000_clean/ISIC2018/ISIC_0029445.jpg,5,3,0.014928933,0.0047715735,0.07581538,0.49437836,0.023122385,0.013807006,0.37317637
/home/share/Uni_Eval/HAM10000_clean/ISIC2018/ISIC_0031315.jpg,5,2,0.02375739,0.015338924,0.43447727,0.38342482,0.0324725,0.05699101,0.053538103
/home/share/Uni_Eval/HAM10000_clean/ISIC2018/ISIC_0031224.jpg,5,3,0.002337181,0.0016834083,0.23839892,0.3361964,0.10578888,0.287564,0.028031265
/home/share/Uni_Eval/HAM10000_clean/ISIC2018/ISIC_0030317.jpg,5,3,0.003554528,0.0033917546,0.2340939,0.4803295,0.063005514,0.18809973,0.027525073
/home/share/Uni_Eval/HAM10000_clean/ISIC2018/ISIC_0026375.jpg,5,6,0.004366072,0.025922565,0.12366963,0.17440213,0.20389675,0.1976235,0.2701193
/home/share/Uni_Eval/HAM10000_clean/ISIC2018/ISIC_0030515.jpg,5,5,0.0010498246,0.0044895303,0.16846839,0.16846839,0.11578652,0.5029537,0.038783625
/home/share/Uni_Eval/HAM10000_clean/ISIC2018/ISIC_0029461.jpg,5,2,0.013508392,0.0066871387,0.42023373,0.20480555,0.093766816,0.19239703,0.06860127
/home/share/Uni_Eval/HAM10000_clean/ISIC2018/ISIC_0032458.jpg,5,5,0.003538972,0.006211089,0.22589858,0.1872765,0.20568302,0.31856808,0.052823763
/home/share/Uni_Eval/HAM10000_clean/ISIC2018/ISIC_0026447.jpg,5,5,0.00018526381,0.0019005638,0.022441244,0.016939541,0.23021774,0.7091206,0.019195015
/home/share/Uni_Eval/HAM10000_clean/ISIC2018/ISIC_0029643.jpg,5,3,0.011331931,0.008290619,0.18576817,0.35807753,0.21050291,0.1916651,0.03436366
/home/share/Uni_Eval/HAM10000_clean/ISIC2018/ISIC_0026837.jpg,5,5,0.0020968972,0.0019092466,0.08118323,0.025149392,0.28335732,0.5635233,0.042780556
/home/share/Uni_Eval/HAM10000_clean/ISIC2018/ISIC_0032480.jpg,5,3,0.03739393,0.010222932,0.2085666,0.3438682,0.17290778,0.11883767,0.10820292
/home/share/Uni_Eval/HAM10000_clean/ISIC2018/ISIC_0026971.jpg,5,2,0.009792899,0.0040822877,0.37326273,0.14617178,0.18191372,0.2646829,0.020093724
/home/share/Uni_Eval/HAM10000_clean/ISIC2018/ISIC_0030027.jpg,5,3,0.00593101,0.03156565,0.06894572,0.8399308,0.011612354,0.012361286,0.029653184
/home/share/Uni_Eval/HAM10000_clean/ISIC2018/ISIC_0030702.jpg,5,5,0.000831576,0.0039057212,0.115939364,0.1488691,0.3151559,0.36845458,0.046843737
/home/share/Uni_Eval/HAM10000_clean/ISIC2018/ISIC_0027196.jpg,5,5,0.005454823,0.002070417,0.27117115,0.17508124,0.19839303,0.33747792,0.010351434
/home/share/Uni_Eval/HAM10000_clean/ISIC2018/ISIC_0031732.jpg,5,3,0.0061402484,0.0041546994,0.105489895,0.45822722,0.19101752,0.18514054,0.0498299
/home/share/Uni_Eval/HAM10000_clean/ISIC2018/ISIC_0027168.jpg,5,3,0.0022580046,0.0031842967,0.13123393,0.41706058,0.12328287,0.26098984,0.061990518
/home/share/Uni_Eval/HAM10000_clean/ISIC2018/ISIC_0028257.jpg,5,5,0.000572057,0.0021929184,0.12547523,0.02146628,0.21344055,0.6176107,0.01924225
/home/share/Uni_Eval/HAM10000_clean/ISIC2018/ISIC_0025329.jpg,5,3,0.05423118,0.006277715,0.3648572,0.49870068,0.015537495,0.049378052,0.011017732
/home/share/Uni_Eval/HAM10000_clean/ISIC2018/ISIC_0029834.jpg,5,5,0.0037132057,0.0028028747,0.1707193,0.31400082,0.097272925,0.39078033,0.020710599
/home/share/Uni_Eval/HAM10000_clean/ISIC2018/ISIC_0025279.jpg,5,3,0.006896084,0.005287411,0.25476173,0.6111416,0.03786695,0.078921504,0.0051247347
/home/share/Uni_Eval/HAM10000_clean/ISIC2018/ISIC_0030595.jpg,5,3,0.009351311,0.040620245,0.23375337,0.6158581,0.022432629,0.034744337,0.043240022
/home/share/Uni_Eval/HAM10000_clean/ISIC2018/ISIC_0030651.jpg,5,3,0.08496062,0.012049977,0.27000427,0.5540128,0.015963627,0.017532611,0.04547614
/home/share/Uni_Eval/HAM10000_clean/ISIC2018/ISIC_0027516.jpg,5,2,0.06790341,0.055421147,0.41595882,0.21579659,0.11550759,0.078156345,0.05125618
/home/share/Uni_Eval/HAM10000_clean/ISIC2018/ISIC_0031241.jpg,5,4,0.00031123994,0.003094678,0.1336613,0.03486763,0.49661195,0.29194307,0.039510205
/home/share/Uni_Eval/HAM10000_clean/ISIC2018/ISIC_0029873.jpg,5,2,0.014215866,0.005395734,0.59510255,0.1932015,0.06888812,0.113577306,0.009618936
/home/share/Uni_Eval/HAM10000_clean/ISIC2018/ISIC_0024389.jpg,5,3,0.04216626,0.022220055,0.2706957,0.34758016,0.1110933,0.06135154,0.14489296
/home/share/Uni_Eval/HAM10000_clean/ISIC2018/ISIC_0029658.jpg,5,5,0.0015548234,0.0019350088,0.12944251,0.109001525,0.11423262,0.6175357,0.026297843
/home/share/Uni_Eval/HAM10000_clean/ISIC2018/ISIC_0027995.jpg,5,4,0.0043742927,0.012856763,0.32137862,0.044874508,0.34210575,0.24258928,0.03182079
/home/share/Uni_Eval/HAM10000_clean/ISIC2018/ISIC_0031740.jpg,5,2,0.009030024,0.010892289,0.48537898,0.050365433,0.1677425,0.2292768,0.04731394
/home/share/Uni_Eval/HAM10000_clean/ISIC2018/ISIC_0028532.jpg,5,2,0.0213674,0.009631043,0.42252198,0.28146034,0.057182133,0.15065487,0.057182133
/home/share/Uni_Eval/HAM10000_clean/ISIC2018/ISIC_0026719.jpg,5,5,0.0047241086,0.0076679853,0.17452255,0.11625708,0.15890458,0.48946056,0.04846316
/home/share/Uni_Eval/HAM10000_clean/ISIC2018/ISIC_0029037.jpg,5,5,0.00404458,0.0049555227,0.11103859,0.08123757,0.33149996,0.45310673,0.014116973
/home/share/Uni_Eval/HAM10000_clean/ISIC2018/ISIC_0031193.jpg,5,3,0.0015781918,0.0012681127,0.077239014,0.85675734,0.018928235,0.040071078,0.004157982
/home/share/Uni_Eval/HAM10000_clean/ISIC2018/ISIC_0030934.jpg,5,3,0.0071840463,0.0016538611,0.27813673,0.6466872,0.010131129,0.049867164,0.006339899
/home/share/Uni_Eval/HAM10000_clean/ISIC2018/ISIC_0028530.jpg,5,3,0.0063431077,0.0025628472,0.2697158,0.5709883,0.028427834,0.11600331,0.005958798
/home/share/Uni_Eval/HAM10000_clean/ISIC2018/ISIC_0028959.jpg,5,5,0.0022167803,0.002802273,0.26025993,0.046662033,0.22967856,0.41589418,0.042486265
/home/share/Uni_Eval/HAM10000_clean/ISIC2018/ISIC_0028754.jpg,5,5,0.0012039888,0.0022144744,0.14135367,0.23305282,0.25595844,0.3498537,0.016362876
/home/share/Uni_Eval/HAM10000_clean/ISIC2018/ISIC_0032353.jpg,5,2,0.0041029435,0.0031458365,0.37515143,0.27446663,0.050771225,0.26602218,0.026339762
/home/share/Uni_Eval/HAM10000_clean/ISIC2018/ISIC_0029579.jpg,5,4,0.005530217,0.015269419,0.17204002,0.11824125,0.38769817,0.28364602,0.017574994
/home/share/Uni_Eval/HAM10000_clean/ISIC2018/ISIC_0032001.jpg,5,5,0.0029779777,0.0035364358,0.2440796,0.20234907,0.15758963,0.36640686,0.023060458
/home/share/Uni_Eval/HAM10000_clean/ISIC2018/ISIC_0027894.jpg,5,4,0.0043277834,0.005059691,0.21853156,0.116971515,0.34921244,0.28060007,0.025296865
/home/share/Uni_Eval/HAM10000_clean/ISIC2018/ISIC_0026763.jpg,5,5,0.00011881999,0.0019176573,0.090965405,0.124334976,0.1453623,0.46196046,0.17534041
/home/share/Uni_Eval/HAM10000_clean/ISIC2018/ISIC_0031432.jpg,5,5,0.0021215985,0.0056776917,0.09907922,0.09907922,0.28225043,0.4801242,0.031667624
/home/share/Uni_Eval/HAM10000_clean/ISIC2018/ISIC_0030780.jpg,5,2,0.010752427,0.010100971,0.3560715,0.22989704,0.19664134,0.18472746,0.011809232
/home/share/Uni_Eval/HAM10000_clean/ISIC2018/ISIC_0025787.jpg,5,2,0.013844367,0.004028941,0.68823373,0.17401275,0.008397033,0.09314231,0.018340807
/home/share/Uni_Eval/HAM10000_clean/ISIC2018/ISIC_0028286.jpg,5,5,0.0016171884,0.0016171884,0.13463457,0.26775283,0.06984749,0.40194458,0.12258616
/home/share/Uni_Eval/HAM10000_clean/ISIC2018/ISIC_0031911.jpg,5,4,0.0020201427,0.0030325935,0.06483971,0.06187048,0.50209695,0.35604003,0.010100078
/home/share/Uni_Eval/HAM10000_clean/ISIC2018/ISIC_0025138.jpg,5,3,0.009864852,0.002100348,0.35878673,0.5220316,0.047062576,0.050886776,0.00926717
/home/share/Uni_Eval/HAM10000_clean/ISIC2018/ISIC_0026797.jpg,5,2,0.0027402353,0.016269527,0.45369214,0.15679182,0.07641423,0.25055256,0.043539517
/home/share/Uni_Eval/HAM10000_clean/ISIC2018/ISIC_0027464.jpg,5,3,0.0016296582,0.0013094671,0.20051122,0.657451,0.035949685,0.09772137,0.00542759
/home/share/Uni_Eval/HAM10000_clean/ISIC2018/ISIC_0027241.jpg,5,2,0.0053055477,0.005142313,0.42810908,0.25167233,0.041084383,0.2596613,0.009025041
/home/share/Uni_Eval/HAM10000_clean/ISIC2018/ISIC_0031242.jpg,5,5,0.0034359696,0.0027180756,0.19660059,0.24467339,0.157973,0.37895754,0.015641447
/home/share/Uni_Eval/HAM10000_clean/ISIC2018/ISIC_0030224.jpg,5,2,0.0068411254,0.0021526557,0.569539,0.10869843,0.06696715,0.21957685,0.026224717
/home/share/Uni_Eval/HAM10000_clean/ISIC2018/ISIC_0025220.jpg,5,3,0.012285044,0.0018260088,0.4197388,0.49072435,0.016791664,0.047093388,0.011540731
/home/share/Uni_Eval/HAM10000_clean/ISIC2018/ISIC_0026408.jpg,5,2,0.00912248,0.003685815,0.41291496,0.36439618,0.059486046,0.1383092,0.012085322
/home/share/Uni_Eval/HAM10000_clean/ISIC2018/ISIC_0030496.jpg,5,6,0.03185089,0.07760954,0.26668423,0.20130384,0.0813341,0.039024528,0.30219284
/home/share/Uni_Eval/HAM10000_clean/ISIC2018/ISIC_0027733.jpg,5,5,0.0006568231,0.0024788242,0.055543106,0.14183429,0.22665055,0.4798192,0.09301719
/home/share/Uni_Eval/HAM10000_clean/ISIC2018/ISIC_0028590.jpg,5,3,0.07377796,0.034850243,0.17153892,0.37467542,0.24190864,0.024712523,0.078536235
/home/share/Uni_Eval/HAM10000_clean/ISIC2018/ISIC_0031161.jpg,5,4,0.015223922,0.014755533,0.23814222,0.021136323,0.39263013,0.26154807,0.056563735
/home/share/Uni_Eval/HAM10000_clean/ISIC2018/ISIC_0027314.jpg,5,2,0.00513738,0.005731162,0.38338637,0.024895033,0.24753284,0.26349735,0.069819845
/home/share/Uni_Eval/HAM10000_clean/ISIC2018/ISIC_0030571.jpg,5,3,0.031802792,0.029412776,0.21064603,0.44593763,0.109281726,0.08510869,0.08781032
/home/share/Uni_Eval/HAM10000_clean/ISIC2018/ISIC_0026873.jpg,5,4,0.0070127933,0.0060928203,0.22159716,0.2017665,0.32242194,0.20817126,0.032937475
/home/share/Uni_Eval/HAM10000_clean/ISIC2018/ISIC_0032506.jpg,5,3,0.004807379,0.0026966948,0.27080578,0.4194322,0.036649577,0.18039554,0.08521282
/home/share/Uni_Eval/HAM10000_clean/ISIC2018/ISIC_0024359.jpg,5,2,0.0075054835,0.023852378,0.46434784,0.07820894,0.16556834,0.23348875,0.027028283
/home/share/Uni_Eval/HAM10000_clean/ISIC2018/ISIC_0031420.jpg,5,2,0.05216572,0.0039602243,0.60640657,0.28644618,0.011459289,0.027922302,0.011639747
/home/share/Uni_Eval/HAM10000_clean/ISIC2018/ISIC_0026785.jpg,5,3,0.008512952,0.0016762995,0.28191027,0.6157486,0.008783182,0.06695955,0.016409144
/home/share/Uni_Eval/HAM10000_clean/ISIC2018/ISIC_0025229.jpg,5,2,0.04130619,0.0024043086,0.62625796,0.30521375,0.0050899214,0.01776557,0.0019623395
/home/share/Uni_Eval/HAM10000_clean/ISIC2018/ISIC_0030739.jpg,5,3,0.014722277,0.008130414,0.08741018,0.8038091,0.009961592,0.04064951,0.035316907
/home/share/Uni_Eval/HAM10000_clean/ISIC2018/ISIC_0030611.jpg,5,5,0.00022638269,0.0012238134,0.023824671,0.11016416,0.10030561,0.7411638,0.023091665
/home/share/Uni_Eval/HAM10000_clean/ISIC2018/ISIC_0027363.jpg,5,5,0.0026446562,0.005259527,0.15132292,0.24948932,0.17147134,0.3986828,0.021129414
/home/share/Uni_Eval/HAM10000_clean/ISIC2018/ISIC_0030619.jpg,5,3,0.015631476,0.017167818,0.16288371,0.36706412,0.23699442,0.17889276,0.021365693
/home/share/Uni_Eval/HAM10000_clean/ISIC2018/ISIC_0029601.jpg,5,3,0.015036608,0.008978769,0.28372,0.31160545,0.11827209,0.19499771,0.067389406
/home/share/Uni_Eval/HAM10000_clean/ISIC2018/ISIC_0027088.jpg,5,2,0.002077582,0.0010284776,0.36048657,0.29885387,0.06167198,0.2637376,0.012143932
/home/share/Uni_Eval/HAM10000_clean/ISIC2018/ISIC_0027158.jpg,5,3,0.0016233684,0.0014551778,0.21936855,0.3616776,0.07581174,0.3293112,0.010752391
/home/share/Uni_Eval/HAM10000_clean/ISIC2018/ISIC_0024502.jpg,5,3,0.0021029646,0.00059316837,0.14289327,0.72567195,0.01506084,0.10454296,0.009134862
/home/share/Uni_Eval/HAM10000_clean/ISIC2018/ISIC_0027199.jpg,5,6,0.046108857,0.046108857,0.18815294,0.14653364,0.024297662,0.021110175,0.5276879
/home/share/Uni_Eval/HAM10000_clean/ISIC2018/ISIC_0027929.jpg,5,5,0.0010286352,0.003168419,0.11705076,0.08044774,0.19298409,0.5944329,0.010887418
/home/share/Uni_Eval/HAM10000_clean/ISIC2018/ISIC_0027029.jpg,5,5,0.029763637,0.015931327,0.33014682,0.07139926,0.18811199,0.35143945,0.013207535
/home/share/Uni_Eval/HAM10000_clean/ISIC2018/ISIC_0031920.jpg,5,5,0.0069063087,0.0074675004,0.3654704,0.024484992,0.14312029,0.38904122,0.06350923
/home/share/Uni_Eval/HAM10000_clean/ISIC2018/ISIC_0029763.jpg,5,4,0.024594007,0.17613536,0.12489868,0.1068315,0.2407485,0.15065657,0.17613536
/home/share/Uni_Eval/HAM10000_clean/ISIC2018/ISIC_0031841.jpg,5,2,0.046107516,0.010951496,0.5617045,0.029307721,0.102294,0.13551754,0.114117205
/home/share/Uni_Eval/HAM10000_clean/ISIC2018/ISIC_0028946.jpg,5,3,0.004537657,0.0056472053,0.19598454,0.4556777,0.108232945,0.22207958,0.007840368
/home/share/Uni_Eval/HAM10000_clean/ISIC2018/ISIC_0031152.jpg,5,3,0.01608777,0.0024671396,0.38977098,0.51636267,0.015838353,0.05112683,0.008346225
/home/share/Uni_Eval/HAM10000_clean/ISIC2018/ISIC_0030075.jpg,5,3,0.003326899,0.0027153357,0.26428828,0.4785643,0.05369342,0.17605399,0.02135777
/home/share/Uni_Eval/HAM10000_clean/ISIC2018/ISIC_0028328.jpg,5,3,0.0064042956,0.0047592684,0.34424168,0.3780755,0.08703793,0.16260827,0.016873071
/home/share/Uni_Eval/HAM10000_clean/ISIC2018/ISIC_0027547.jpg,5,3,0.0069463276,0.0070557166,0.3295039,0.42309138,0.05549751,0.15085788,0.027047325
/home/share/Uni_Eval/HAM10000_clean/ISIC2018/ISIC_0029750.jpg,5,2,0.007289379,0.0039017233,0.41062006,0.22676592,0.07836821,0.24139106,0.03166362
/home/share/Uni_Eval/HAM10000_clean/ISIC2018/ISIC_0024991.jpg,5,2,0.008876093,0.011046475,0.34905744,0.106456496,0.1927678,0.30804208,0.023753656
/home/share/Uni_Eval/HAM10000_clean/ISIC2018/ISIC_0031805.jpg,5,5,0.005079958,0.00632211,0.24862058,0.2061137,0.17087427,0.35061124,0.012378091
/home/share/Uni_Eval/HAM10000_clean/ISIC2018/ISIC_0031688.jpg,5,3,0.0038744588,0.0010266294,0.19260779,0.38304633,0.035076484,0.3712612,0.013107124
/home/share/Uni_Eval/HAM10000_clean/ISIC2018/ISIC_0031731.jpg,5,3,0.0005193305,0.0012654277,0.06909001,0.6763158,0.028801002,0.20626466,0.017743781
/home/share/Uni_Eval/HAM10000_clean/ISIC2018/ISIC_0028444.jpg,5,5,0.0068147024,0.009314594,0.29896677,0.11347499,0.23283553,0.31824845,0.020344943
/home/share/Uni_Eval/HAM10000_clean/ISIC2018/ISIC_0025139.jpg,5,3,0.0141105475,0.005031271,0.24242021,0.51320356,0.08377818,0.12975818,0.011698055
/home/share/Uni_Eval/HAM10000_clean/ISIC2018/ISIC_0027690.jpg,5,5,0.004465262,0.0029283904,0.30818585,0.04303238,0.120687306,0.49247953,0.028221326
/home/share/Uni_Eval/HAM10000_clean/ISIC2018/ISIC_0031658.jpg,5,3,0.003714061,0.0027172652,0.190495,0.4032779,0.05994191,0.31407315,0.025780693
/home/share/Uni_Eval/HAM10000_clean/ISIC2018/ISIC_0025828.jpg,5,3,0.01005474,0.0113935135,0.24744025,0.25529486,0.19882384,0.24744025,0.029552525
/home/share/Uni_Eval/HAM10000_clean/ISIC2018/ISIC_0026578.jpg,5,2,0.010685493,0.0051269564,0.44731456,0.38260844,0.027286362,0.08537148,0.041606735
/home/share/Uni_Eval/HAM10000_clean/ISIC2018/ISIC_0025349.jpg,5,3,0.032014575,0.002392745,0.25577965,0.5764083,0.010393611,0.08839508,0.03461601
/home/share/Uni_Eval/HAM10000_clean/ISIC2018/ISIC_0027169.jpg,5,3,0.0057764184,0.0017894511,0.20683241,0.6370887,0.044730645,0.09469478,0.009087582
/home/share/Uni_Eval/HAM10000_clean/ISIC2018/ISIC_0025888.jpg,5,4,0.0008829069,0.0038351726,0.06386136,0.11208018,0.41642836,0.3561901,0.046721965
/home/share/Uni_Eval/HAM10000_clean/ISIC2018/ISIC_0026813.jpg,5,5,0.0042064027,0.009628552,0.18744451,0.12486496,0.21240246,0.449656,0.011797148
/home/share/Uni_Eval/HAM10000_clean/ISIC2018/ISIC_0030449.jpg,5,5,0.005037259,0.006885116,0.25435656,0.18036582,0.19199839,0.3476642,0.013692689
/home/share/Uni_Eval/HAM10000_clean/ISIC2018/ISIC_0029520.jpg,5,4,0.011736878,0.06649394,0.16457409,0.08537991,0.4615594,0.18074927,0.029506506
/home/share/Uni_Eval/HAM10000_clean/ISIC2018/ISIC_0026517.jpg,5,4,0.029764112,0.017772963,0.2913582,0.12531161,0.35144508,0.1660109,0.01833714
/home/share/Uni_Eval/HAM10000_clean/ISIC2018/ISIC_0031416.jpg,5,2,0.0118217245,0.017471377,0.3348521,0.13958712,0.19079296,0.2690612,0.036413476
/home/share/Uni_Eval/HAM10000_clean/ISIC2018/ISIC_0027782.jpg,5,5,0.00095271197,0.001985622,0.06679026,0.016887223,0.21225901,0.67455775,0.02656733
/home/share/Uni_Eval/HAM10000_clean/ISIC2018/ISIC_0031752.jpg,5,2,0.003602994,0.0033846993,0.3562081,0.20296124,0.15806638,0.2606074,0.015169171
/home/share/Uni_Eval/HAM10000_clean/ISIC2018/ISIC_0028152.jpg,5,3,0.028569246,0.16185579,0.14283724,0.28406575,0.27532598,0.03089072,0.076455265
/home/share/Uni_Eval/HAM10000_clean/ISIC2018/ISIC_0025697.jpg,5,5,0.0036658314,0.016174406,0.22328082,0.12330737,0.1909822,0.41714346,0.025445912
/home/share/Uni_Eval/HAM10000_clean/ISIC2018/ISIC_0030905.jpg,5,2,0.0059399297,0.005580047,0.4573492,0.07236316,0.19670346,0.2525722,0.00949198
/home/share/Uni_Eval/HAM10000_clean/ISIC2018/ISIC_0026630.jpg,5,3,0.0061487146,0.01222818,0.17969179,0.34636497,0.24560954,0.17969179,0.030265033
/home/share/Uni_Eval/HAM10000_clean/ISIC2018/ISIC_0025360.jpg,5,2,0.01072831,0.0026290852,0.36655042,0.23666273,0.10501845,0.268174,0.010237025
/home/share/Uni_Eval/HAM10000_clean/ISIC2018/ISIC_0028253.jpg,5,3,0.20587535,0.0027159608,0.32898784,0.4358381,0.0018960463,0.006414242,0.018272476
/home/share/Uni_Eval/HAM10000_clean/ISIC2018/ISIC_0025669.jpg,5,5,0.01141795,0.016874636,0.19012594,0.21544091,0.22933565,0.23661555,0.10018933
/home/share/Uni_Eval/HAM10000_clean/ISIC2018/ISIC_0027368.jpg,5,4,0.0048671523,0.009679489,0.086272344,0.013438638,0.51222247,0.35204503,0.021474885
/home/share/Uni_Eval/HAM10000_clean/ISIC2018/ISIC_0030777.jpg,5,3,0.0014174699,0.011324841,0.107447095,0.58085346,0.037717476,0.11437682,0.14686276
/home/share/Uni_Eval/HAM10000_clean/ISIC2018/ISIC_0029875.jpg,5,3,0.00605782,0.023221996,0.19443539,0.5989032,0.037108645,0.05399276,0.08628019
/home/share/Uni_Eval/HAM10000_clean/ISIC2018/ISIC_0029204.jpg,5,2,0.008605218,0.02490002,0.27619818,0.13888116,0.20207089,0.08164402,0.26770043
/home/share/Uni_Eval/HAM10000_clean/ISIC2018/ISIC_0032267.jpg,5,5,0.008679669,0.003193072,0.18557951,0.27858785,0.1275468,0.30596888,0.09044423
/home/share/Uni_Eval/HAM10000_clean/ISIC2018/ISIC_0032069.jpg,5,4,0.0077956845,0.0017124846,0.16667907,0.10109597,0.34200326,0.32128233,0.05943125
/home/share/Uni_Eval/HAM10000_clean/ISIC2018/ISIC_0029657.jpg,5,5,0.0045659943,0.003967004,0.2269855,0.071424164,0.26537296,0.39837196,0.029312417
/home/share/Uni_Eval/HAM10000_clean/ISIC2018/ISIC_0030646.jpg,5,3,0.0026436779,0.0010352792,0.15364906,0.6674211,0.045418575,0.11598039,0.013851882
/home/share/Uni_Eval/HAM10000_clean/ISIC2018/ISIC_0029018.jpg,5,3,0.0005593151,0.028242633,0.0030712436,0.5246375,0.3283098,0.09857647,0.016602986
/home/share/Uni_Eval/HAM10000_clean/ISIC2018/ISIC_0028247.jpg,5,3,0.012221284,0.024687672,0.3007574,0.5036739,0.025471343,0.096127845,0.037060585
/home/share/Uni_Eval/HAM10000_clean/ISIC2018/ISIC_0027757.jpg,5,3,0.0004542673,0.004808117,0.017864322,0.7715724,0.07759908,0.1220805,0.005621258
/home/share/Uni_Eval/HAM10000_clean/ISIC2018/ISIC_0032363.jpg,5,3,0.0017407659,0.07401925,0.00607587,0.3643355,0.25835255,0.21418178,0.081294246
/home/share/Uni_Eval/HAM10000_clean/ISIC2018/ISIC_0025638.jpg,5,3,0.00067536754,0.09126358,0.0068209707,0.65360403,0.10181188,0.110084884,0.035739332
/home/share/Uni_Eval/HAM10000_clean/ISIC2018/ISIC_0031178.jpg,5,3,0.0010258555,0.007232986,0.18080188,0.5745872,0.012894192,0.103017814,0.12044002
/home/share/Uni_Eval/HAM10000_clean/ISIC2018/ISIC_0029534.jpg,5,2,0.04165985,0.30305457,0.31759846,0.26329836,0.015325802,0.0095906425,0.0494723
/home/share/Uni_Eval/HAM10000_clean/ISIC2018/ISIC_0024594.jpg,5,3,0.018311264,0.007875578,0.3677916,0.40394002,0.060985822,0.13114013,0.009955662
/home/share/Uni_Eval/HAM10000_clean/ISIC2018/ISIC_0027444.jpg,5,3,0.0070393365,0.012746592,0.15773067,0.47089678,0.12284077,0.22243589,0.0063100206
/home/share/Uni_Eval/HAM10000_clean/ISIC2018/ISIC_0027644.jpg,5,2,0.05543325,0.0043418678,0.50975466,0.37294447,0.020076592,0.03468924,0.002759859
/home/share/Uni_Eval/HAM10000_clean/ISIC2018/ISIC_0032376.jpg,5,1,0.022006126,0.4284058,0.14575773,0.09862462,0.16008356,0.055323396,0.08979873
/home/share/Uni_Eval/HAM10000_clean/ISIC2018/ISIC_0029790.jpg,5,5,0.0035131199,0.0060701277,0.19180986,0.10592747,0.10592747,0.57263845,0.014113469
/home/share/Uni_Eval/HAM10000_clean/ISIC2018/ISIC_0027305.jpg,5,2,0.05161126,0.019589426,0.3813585,0.1470268,0.20734102,0.17189175,0.021181218
/home/share/Uni_Eval/HAM10000_clean/ISIC2018/ISIC_0028918.jpg,5,5,0.0020291933,0.005964131,0.15869963,0.11979277,0.14677317,0.55391616,0.012824897
/home/share/Uni_Eval/HAM10000_clean/ISIC2018/ISIC_0030697.jpg,5,5,0.0026483946,0.007312451,0.12760678,0.07861626,0.21370114,0.56302756,0.007087471
/home/share/Uni_Eval/HAM10000_clean/ISIC2018/ISIC_0028293.jpg,5,3,0.00839216,0.038804952,0.15834844,0.6461605,0.056460872,0.0796226,0.012210521
/home/share/Uni_Eval/HAM10000_clean/ISIC2018/ISIC_0027264.jpg,5,3,0.010149512,0.012631274,0.09188619,0.79377556,0.03598315,0.047669925,0.007904449
/home/share/Uni_Eval/HAM10000_clean/ISIC2018/ISIC_0031404.jpg,5,2,0.19943196,0.03058388,0.31869134,0.050424296,0.25607568,0.110136785,0.034656074
/home/share/Uni_Eval/HAM10000_clean/ISIC2018/ISIC_0025152.jpg,5,3,0.0034859013,0.03576078,0.10029358,0.47105587,0.17602073,0.15533775,0.05804547
/home/share/Uni_Eval/HAM10000_clean/ISIC2018/ISIC_0027235.jpg,5,4,0.025651917,0.018189935,0.12825152,0.13652302,0.48401615,0.19863982,0.008727625
/home/share/Uni_Eval/HAM10000_clean/ISIC2018/ISIC_0031160.jpg,5,5,0.007952895,0.008205348,0.18969378,0.06255437,0.33292297,0.38922635,0.009444297
/home/share/Uni_Eval/HAM10000_clean/ISIC2018/ISIC_0028010.jpg,5,5,0.0008256049,0.0016677676,0.05522888,0.111565396,0.047983684,0.7624112,0.02031757
/home/share/Uni_Eval/HAM10000_clean/ISIC2018/ISIC_0024934.jpg,5,5,0.0011424986,0.0032546753,0.047827106,0.06958803,0.3022766,0.54735225,0.02855887
/home/share/Uni_Eval/HAM10000_clean/ISIC2018/ISIC_0028461.jpg,5,3,0.02994749,0.04029875,0.16444406,0.57396615,0.10290647,0.051744618,0.03669243
/home/share/Uni_Eval/HAM10000_clean/ISIC2018/ISIC_0028332.jpg,5,4,0.06351424,0.018483698,0.28913367,0.26325923,0.3077812,0.042975884,0.014852067
/home/share/Uni_Eval/HAM10000_clean/ISIC2018/ISIC_0032334.jpg,5,2,0.059478153,0.0134803625,0.5913949,0.14492756,0.10939706,0.06845893,0.012863051
/home/share/Uni_Eval/HAM10000_clean/ISIC2018/ISIC_0030858.jpg,5,2,0.0030882042,0.015200674,0.3682786,0.16088901,0.04830764,0.34596574,0.05827014
/home/share/Uni_Eval/HAM10000_clean/ISIC2018/ISIC_0030609.jpg,5,5,0.0009882253,0.0015305934,0.13147023,0.058339562,0.10899265,0.65730983,0.041368946
/home/share/Uni_Eval/HAM10000_clean/ISIC2018/ISIC_0027987.jpg,5,3,0.0009714144,0.04466199,0.059167523,0.43719217,0.084753565,0.2268123,0.14644103
/home/share/Uni_Eval/HAM10000_clean/ISIC2018/ISIC_0026722.jpg,5,4,0.17784214,0.063411556,0.113043346,0.07185472,0.30728364,0.20791852,0.05864611
/home/share/Uni_Eval/HAM10000_clean/ISIC2018/ISIC_0031663.jpg,5,3,0.05247914,0.050075945,0.20434113,0.5730888,0.068445705,0.03133673,0.020232512
/home/share/Uni_Eval/HAM10000_clean/ISIC2018/ISIC_0025568.jpg,5,3,0.005923213,0.019727312,0.28989074,0.44899157,0.087040976,0.14128146,0.0071447594
/home/share/Uni_Eval/HAM10000_clean/ISIC2018/ISIC_0030247.jpg,5,3,0.01068406,0.024456058,0.061482515,0.87568194,0.007816625,0.0065822583,0.013296527
/home/share/Uni_Eval/HAM10000_clean/ISIC2018/ISIC_0029756.jpg,5,3,0.004754567,0.003118121,0.1729246,0.37770203,0.24386276,0.18992051,0.0077174236
/home/share/Uni_Eval/HAM10000_clean/ISIC2018/ISIC_0031629.jpg,5,2,0.020559702,0.008437685,0.41945574,0.20125705,0.13832183,0.19204083,0.019927148
/home/share/Uni_Eval/HAM10000_clean/ISIC2018/ISIC_0027537.jpg,5,3,0.016963676,0.01112505,0.17676555,0.39834732,0.16867088,0.21998826,0.00813926
/home/share/Uni_Eval/HAM10000_clean/ISIC2018/ISIC_0026223.jpg,5,3,0.004666654,0.011021163,0.07531598,0.61121106,0.09823056,0.18351884,0.016035696
/home/share/Uni_Eval/HAM10000_clean/ISIC2018/ISIC_0024789.jpg,5,2,0.08975655,0.0036472594,0.4558214,0.41503012,0.0032186955,0.0076015415,0.024924496
/home/share/Uni_Eval/HAM10000_clean/ISIC2018/ISIC_0029854.jpg,5,2,0.07145033,0.031705894,0.4111683,0.330383,0.08754278,0.047596186,0.020153493
/home/share/Uni_Eval/HAM10000_clean/ISIC2018/ISIC_0027911.jpg,5,2,0.15492071,0.03796495,0.3894706,0.26767898,0.07669131,0.049515627,0.023757858
/home/share/Uni_Eval/HAM10000_clean/ISIC2018/ISIC_0031435.jpg,5,2,0.03494782,0.017572865,0.4603472,0.26642853,0.054980636,0.14485466,0.020868296
/home/share/Uni_Eval/HAM10000_clean/ISIC2018/ISIC_0026389.jpg,5,4,0.011348023,0.107667044,0.23516643,0.23516643,0.30195966,0.098031946,0.010660481
/home/share/Uni_Eval/HAM10000_clean/ISIC2018/ISIC_0025847.jpg,5,5,0.035444304,0.017274175,0.075035594,0.24221785,0.27021357,0.32088652,0.038927954
/home/share/Uni_Eval/HAM10000_clean/ISIC2018/ISIC_0027462.jpg,5,5,0.005433019,0.016219998,0.28304896,0.07045646,0.15631448,0.399163,0.06936412
/home/share/Uni_Eval/HAM10000_clean/ISIC2018/ISIC_0024824.jpg,5,4,0.02495118,0.03864515,0.22944681,0.0792947,0.42866307,0.17592297,0.023076072
/home/share/Uni_Eval/HAM10000_clean/ISIC2018/ISIC_0031293.jpg,5,4,0.0031496098,0.010489802,0.11818822,0.19485945,0.3756014,0.29251868,0.0051928284
/home/share/Uni_Eval/HAM10000_clean/ISIC2018/ISIC_0025809.jpg,5,3,0.02356105,0.05227247,0.21666339,0.31524336,0.28703234,0.09614378,0.009083594
/home/share/Uni_Eval/HAM10000_clean/ISIC2018/ISIC_0029296.jpg,5,4,0.014698982,0.022766229,0.108611606,0.08727188,0.38506156,0.37321445,0.008375227
/home/share/Uni_Eval/HAM10000_clean/ISIC2018/ISIC_0031646.jpg,5,3,0.007862577,0.027017627,0.21925591,0.5959993,0.03635619,0.10356914,0.009939229
/home/share/Uni_Eval/HAM10000_clean/ISIC2018/ISIC_0029986.jpg,5,4,0.03756117,0.056385994,0.10534291,0.084645405,0.62544966,0.04530742,0.04530742
/home/share/Uni_Eval/HAM10000_clean/ISIC2018/ISIC_0026501.jpg,5,2,0.07891409,0.022965308,0.41348025,0.31211126,0.10619051,0.054236803,0.012101867
/home/share/Uni_Eval/HAM10000_clean/ISIC2018/ISIC_0026006.jpg,5,4,0.01863745,0.07605243,0.23062612,0.2235305,0.4047615,0.040707935,0.005684101
/home/share/Uni_Eval/HAM10000_clean/ISIC2018/ISIC_0032364.jpg,5,2,0.0909275,0.0072341464,0.57467943,0.1571086,0.08279042,0.076568626,0.010691375
/home/share/Uni_Eval/HAM10000_clean/ISIC2018/ISIC_0032078.jpg,5,2,0.036859654,0.005146761,0.53325117,0.36649784,0.0078478735,0.042425204,0.007971459
/home/share/Uni_Eval/HAM10000_clean/ISIC2018/ISIC_0027049.jpg,5,3,0.026256608,0.0046345666,0.43721178,0.49542585,0.011470662,0.02109778,0.0039026968
/home/share/Uni_Eval/HAM10000_clean/ISIC2018/ISIC_0028966.jpg,5,5,0.001349066,0.006436034,0.023912767,0.34594768,0.21989772,0.3920101,0.010446714
/home/share/Uni_Eval/HAM10000_clean/ISIC2018/ISIC_0032443.jpg,5,5,0.00012540224,0.00061725144,0.02012366,0.009213282,0.16330934,0.7791053,0.027505782
/home/share/Uni_Eval/HAM10000_clean/ISIC2018/ISIC_0028527.jpg,5,2,0.06178363,0.009929532,0.7765712,0.038663205,0.067856036,0.019441081,0.025755249
/home/share/Uni_Eval/HAM10000_clean/ISIC2018/ISIC_0025863.jpg,5,5,0.0048500136,0.009203708,0.10050741,0.14173816,0.3000597,0.43658426,0.0070567275
/home/share/Uni_Eval/HAM10000_clean/ISIC2018/ISIC_0024387.jpg,5,4,0.00559607,0.018931262,0.053094037,0.053094037,0.5889343,0.27819288,0.0021574772
/home/share/Uni_Eval/HAM10000_clean/ISIC2018/ISIC_0024924.jpg,5,5,0.010023477,0.013488061,0.30698687,0.14054883,0.17491584,0.34786168,0.0061752843
/home/share/Uni_Eval/HAM10000_clean/ISIC2018/ISIC_0027099.jpg,5,2,0.14786124,0.036234953,0.5668101,0.046526603,0.13890278,0.042362954,0.021301433
/home/share/Uni_Eval/HAM10000_clean/ISIC2018/ISIC_0030125.jpg,5,3,0.0025750124,0.20777991,0.011011932,0.2585863,0.2013872,0.1568405,0.16181916
/home/share/Uni_Eval/HAM10000_clean/ISIC2018/ISIC_0026911.jpg,5,3,0.0008676648,0.0005779893,0.037475042,0.50930655,0.026161794,0.40923932,0.016371634
/home/share/Uni_Eval/HAM10000_clean/ISIC2018/ISIC_0030464.jpg,5,3,0.0060219513,0.0026722248,0.071105264,0.69604295,0.081841655,0.13284212,0.00947386
/home/share/Uni_Eval/HAM10000_clean/ISIC2018/ISIC_0026781.jpg,5,2,0.025537988,0.008825693,0.38118777,0.15162602,0.20403512,0.20403512,0.024752269
/home/share/Uni_Eval/HAM10000_clean/ISIC2018/ISIC_0032309.jpg,5,5,0.012117091,0.02605584,0.28453803,0.25907484,0.084109284,0.31250387,0.02160105
/home/share/Uni_Eval/HAM10000_clean/ISIC2018/ISIC_0029194.jpg,5,3,0.00017493367,0.0072095147,0.021862583,0.8464292,0.069479145,0.04628309,0.008561511
/home/share/Uni_Eval/HAM10000_clean/ISIC2018/ISIC_0027034.jpg,5,2,0.008222777,0.01089341,0.42174798,0.27230096,0.047318812,0.22574544,0.01377056
/home/share/Uni_Eval/HAM10000_clean/ISIC2018/ISIC_0025094.jpg,5,2,0.014539282,0.065160535,0.38687593,0.06217662,0.14915395,0.24591328,0.076180376
/home/share/Uni_Eval/HAM10000_clean/ISIC2018/ISIC_0031713.jpg,5,3,0.038268976,0.015462065,0.17150965,0.5120332,0.13357186,0.12161856,0.0075356085
/home/share/Uni_Eval/HAM10000_clean/ISIC2018/ISIC_0027645.jpg,5,2,0.049096983,0.025076285,0.36849332,0.2960927,0.19724026,0.06015488,0.003845573
/home/share/Uni_Eval/HAM10000_clean/ISIC2018/ISIC_0030979.jpg,5,4,0.0011786366,0.0032038665,0.011903808,0.050906133,0.6499259,0.27519596,0.0076856758
/home/share/Uni_Eval/HAM10000_clean/ISIC2018/ISIC_0028831.jpg,5,5,0.006739796,0.0056754774,0.23027624,0.04064617,0.2129707,0.49517173,0.0085199
/home/share/Uni_Eval/HAM10000_clean/ISIC2018/ISIC_0030053.jpg,5,4,0.022226177,0.0152758155,0.116456844,0.24653916,0.38184732,0.21087609,0.0067786016
/home/share/Uni_Eval/HAM10000_clean/ISIC2018/ISIC_0025671.jpg,5,2,0.0066513023,0.008149346,0.3631488,0.034850333,0.18839912,0.30106094,0.09774017
/home/share/Uni_Eval/HAM10000_clean/ISIC2018/ISIC_0026608.jpg,5,4,0.039218046,0.04657258,0.15033813,0.103325784,0.51659644,0.12859103,0.0153580075
/home/share/Uni_Eval/HAM10000_clean/ISIC2018/ISIC_0030334.jpg,5,4,0.028500443,0.018691048,0.1402841,0.056679897,0.5814614,0.1665915,0.0077915876
/home/share/Uni_Eval/HAM10000_clean/ISIC2018/ISIC_0030473.jpg,5,5,0.0023486717,0.0027458752,0.14530717,0.018473733,0.1595887,0.63118553,0.04035034
/home/share/Uni_Eval/HAM10000_clean/ISIC2018/ISIC_0030350.jpg,5,3,0.005135302,0.028642416,0.23982,0.42089722,0.15007554,0.13664532,0.018784154
/home/share/Uni_Eval/HAM10000_clean/ISIC2018/ISIC_0028823.jpg,5,3,0.0023228717,0.027427722,0.065795675,0.74131763,0.057164278,0.08853777,0.01743412
/home/share/Uni_Eval/HAM10000_clean/ISIC2018/ISIC_0024317.jpg,5,5,0.00763414,0.0040862607,0.15820321,0.15333581,0.23749112,0.4300409,0.00920853
/home/share/Uni_Eval/HAM10000_clean/ISIC2018/ISIC_0033356.jpg,5,3,0.008328766,0.0050516515,0.14087039,0.7043077,0.046454128,0.08678773,0.008199641
/home/share/Uni_Eval/HAM10000_clean/ISIC2018/ISIC_0026544.jpg,5,2,0.3461397,0.031205438,0.44445217,0.13137981,0.0037856495,0.009819227,0.03321802
/home/share/Uni_Eval/HAM10000_clean/ISIC2018/ISIC_0032470.jpg,5,2,0.2620893,0.019588357,0.6093759,0.07747345,0.009109432,0.009109432,0.013254144
/home/share/Uni_Eval/HAM10000_clean/ISIC2018/ISIC_0025049.jpg,5,4,0.002081817,0.028293047,0.0374822,0.032565095,0.54225755,0.3393361,0.017984156
/home/share/Uni_Eval/HAM10000_clean/ISIC2018/ISIC_0026432.jpg,5,5,0.00043564072,0.013135421,0.022695974,0.17302527,0.1017163,0.6632736,0.025717907
/home/share/Uni_Eval/HAM10000_clean/ISIC2018/ISIC_0030462.jpg,5,4,0.0016427243,0.005302779,0.025696531,0.05881995,0.46994045,0.42788565,0.010711907
/home/share/Uni_Eval/HAM10000_clean/ISIC2018/ISIC_0032527.jpg,5,3,0.0004487528,0.0019799902,0.12837642,0.45513397,0.067649625,0.28481558,0.061595686
/home/share/Uni_Eval/HAM10000_clean/ISIC2018/ISIC_0033963.jpg,5,4,0.016890239,0.027415564,0.2521088,0.2521088,0.28567672,0.13922772,0.026572075
/home/share/Uni_Eval/HAM10000_clean/ISIC2018/ISIC_0032924.jpg,5,4,0.008662581,0.016183833,0.097601004,0.082188286,0.5794838,0.19410278,0.021777729
/home/share/Uni_Eval/HAM10000_clean/ISIC2018/ISIC_0030845.jpg,5,4,0.0010129339,0.0067091743,0.058871135,0.005920825,0.5945774,0.31825435,0.014654184
/home/share/Uni_Eval/HAM10000_clean/ISIC2018/ISIC_0033561.jpg,5,4,0.0031080476,0.008993435,0.0323866,0.156941,0.47591764,0.29782167,0.02483167
/home/share/Uni_Eval/HAM10000_clean/ISIC2018/ISIC_0025619.jpg,5,5,0.0013526456,0.0236045,0.0811105,0.12367874,0.34148797,0.405527,0.023238547
/home/share/Uni_Eval/HAM10000_clean/ISIC2018/ISIC_0034290.jpg,5,5,0.007862839,0.022051876,0.2859731,0.1229955,0.21586381,0.3343364,0.010916471
/home/share/Uni_Eval/HAM10000_clean/ISIC2018/ISIC_0033165.jpg,5,4,0.0046502575,0.02939053,0.19165033,0.16913082,0.40572375,0.16913082,0.030323485
/home/share/Uni_Eval/HAM10000_clean/ISIC2018/ISIC_0033767.jpg,5,3,2.0894011e-05,0.0009310729,0.016247798,0.46746865,0.14256987,0.36406496,0.008696819
/home/share/Uni_Eval/HAM10000_clean/ISIC2018/ISIC_0032590.jpg,5,3,0.0003091283,0.004267385,0.023801561,0.38413775,0.3184614,0.24801797,0.021004805
/home/share/Uni_Eval/HAM10000_clean/ISIC2018/ISIC_0033549.jpg,5,4,0.00023337174,0.0046873973,0.026974108,0.21890272,0.4089641,0.3087023,0.031535927
/home/share/Uni_Eval/HAM10000_clean/ISIC2018/ISIC_0032953.jpg,5,3,0.00015067037,0.0073740287,0.02962413,0.45621502,0.3135517,0.18432753,0.008756876
/home/share/Uni_Eval/HAM10000_clean/ISIC2018/ISIC_0031904.jpg,5,4,0.016946668,0.0538564,0.1607855,0.10710623,0.38570437,0.24136764,0.03423321
/home/share/Uni_Eval/HAM10000_clean/ISIC2018/ISIC_0033511.jpg,5,5,0.0029300733,0.0027098747,0.17029418,0.09115191,0.08973873,0.5943851,0.0487901
/home/share/Uni_Eval/HAM10000_clean/ISIC2018/ISIC_0025978.jpg,5,3,0.02700223,0.04593234,0.20585446,0.6963967,0.0073819994,0.013159836,0.004272373
/home/share/Uni_Eval/HAM10000_clean/ISIC2018/ISIC_0027654.jpg,5,1,0.0005452391,0.27806196,0.15117967,0.042642187,0.20343448,0.100707375,0.22342907
/home/share/Uni_Eval/HAM10000_clean/ISIC2018/ISIC_0025421.jpg,5,2,0.022234518,0.074052244,0.37606835,0.24280798,0.13834783,0.12996575,0.01652329
/home/share/Uni_Eval/HAM10000_clean/ISIC2018/ISIC_0024730.jpg,5,5,0.0063885744,0.005637897,0.07543423,0.18964165,0.33807278,0.3713003,0.013524612
/home/share/Uni_Eval/HAM10000_clean/ISIC2018/ISIC_0031988.jpg,5,3,0.03043429,0.05597722,0.2670524,0.3221267,0.14072673,0.16974884,0.013933834
/home/share/Uni_Eval/HAM10000_clean/ISIC2018/ISIC_0026084.jpg,5,2,0.12384138,0.020858292,0.5213917,0.18018815,0.090604275,0.05326351,0.00985276
/home/share/Uni_Eval/HAM10000_clean/ISIC2018/ISIC_0030085.jpg,5,2,0.25973943,0.068824105,0.28526795,0.047302064,0.20228526,0.068824105,0.067757085
/home/share/Uni_Eval/HAM10000_clean/ISIC2018/ISIC_0031757.jpg,5,4,0.008928931,0.009806513,0.11946779,0.026656866,0.6259664,0.19696906,0.012204403
/home/share/Uni_Eval/HAM10000_clean/ISIC2018/ISIC_0025117.jpg,5,3,0.0008831246,0.023499075,0.090081155,0.80288464,0.038142763,0.021733092,0.022776086
/home/share/Uni_Eval/HAM10000_clean/ISIC2018/ISIC_0032641.jpg,5,3,0.000724599,0.009544721,0.112700984,0.48955077,0.0683566,0.2789376,0.040184774
/home/share/Uni_Eval/HAM10000_clean/ISIC2018/ISIC_0032743.jpg,5,4,0.00031047908,0.002024578,0.0138354795,0.0134098055,0.5111235,0.43718714,0.022109034
/home/share/Uni_Eval/HAM10000_clean/ISIC2018/ISIC_0033157.jpg,5,5,0.0011756282,0.0005382418,0.16390756,0.11090541,0.04343118,0.648267,0.03177493
/home/share/Uni_Eval/HAM10000_clean/ISIC2018/ISIC_0032623.jpg,5,4,0.0017886417,0.005957086,0.12344942,0.1536353,0.35721272,0.3252459,0.03271084
/home/share/Uni_Eval/HAM10000_clean/ISIC2018/ISIC_0032595.jpg,5,2,0.0060009407,0.005213707,0.3175598,0.3175598,0.12053211,0.22518362,0.007949955
/home/share/Uni_Eval/HAM10000_clean/ISIC2018/ISIC_0034281.jpg,5,3,0.009208058,0.0032323322,0.1251426,0.6765145,0.038767368,0.07356754,0.07356754
/home/share/Uni_Eval/HAM10000_clean/ISIC2018/ISIC_0032957.jpg,5,5,0.002154538,0.003781332,0.033702645,0.21636166,0.26098195,0.4725773,0.010440592
/home/share/Uni_Eval/HAM10000_clean/ISIC2018/ISIC_0033070.jpg,5,4,0.0024514738,0.031791195,0.07391674,0.10423931,0.59985584,0.18294568,0.0047997525
/home/share/Uni_Eval/HAM10000_clean/ISIC2018/ISIC_0032742.jpg,5,4,0.0016756529,0.0063238484,0.059999004,0.1630942,0.50236547,0.23730066,0.029241176
/home/share/Uni_Eval/HAM10000_clean/ISIC2018/ISIC_0034112.jpg,5,4,0.0092438655,0.007906698,0.11086743,0.11801776,0.4249983,0.30136892,0.027597087
/home/share/Uni_Eval/HAM10000_clean/ISIC2018/ISIC_0033409.jpg,5,3,8.5378306e-05,0.0004615507,0.04707945,0.73644656,0.08008485,0.1320376,0.0038046031
/home/share/Uni_Eval/HAM10000_clean/ISIC2018/ISIC_0034184.jpg,5,3,0.069361225,0.009837513,0.19759174,0.57175064,0.04077536,0.057502475,0.05318109
/home/share/Uni_Eval/HAM10000_clean/ISIC2018/ISIC_0033471.jpg,5,4,0.062216286,0.011874186,0.07864875,0.025533514,0.73462987,0.0716105,0.015486859
/home/share/Uni_Eval/HAM10000_clean/ISIC2018/ISIC_0032568.jpg,5,5,0.00050814444,0.0011451212,0.05264838,0.32758924,0.20822838,0.3829906,0.026890159
/home/share/Uni_Eval/HAM10000_clean/ISIC2018/ISIC_0032516.jpg,5,4,0.0061749015,0.015768163,0.044222906,0.21429807,0.5140744,0.19512062,0.010341014
/home/share/Uni_Eval/HAM10000_clean/ISIC2018/ISIC_0034102.jpg,5,3,0.0003601386,0.0046703485,0.06863027,0.31734315,0.2981163,0.2889442,0.021935552
/home/share/Uni_Eval/HAM10000_clean/ISIC2018/ISIC_0033988.jpg,5,2,0.015026615,0.010167516,0.42563108,0.21070266,0.08513157,0.24251726,0.010823266
/home/share/Uni_Eval/HAM10000_clean/ISIC2018/ISIC_0032859.jpg,5,3,0.016088612,0.008217259,0.39592972,0.42146498,0.053583257,0.10010671,0.004609464
/home/share/Uni_Eval/HAM10000_clean/ISIC2018/ISIC_0032728.jpg,5,4,0.0007823867,0.0037913374,0.013653129,0.06412561,0.52039796,0.392817,0.0044325227
/home/share/Uni_Eval/HAM10000_clean/ISIC2018/ISIC_0032802.jpg,5,3,0.00143867,0.0030456644,0.15140663,0.61783355,0.031736553,0.17701228,0.01752659
/home/share/Uni_Eval/HAM10000_clean/ISIC2018/ISIC_0033222.jpg,5,2,0.015774054,0.02331254,0.3704122,0.17225768,0.2391561,0.1568424,0.02224498
/home/share/Uni_Eval/HAM10000_clean/ISIC2018/ISIC_0032546.jpg,5,4,0.03246194,0.068721935,0.28933015,0.04039954,0.37150726,0.18974735,0.007831808
/home/share/Uni_Eval/HAM10000_clean/ISIC2018/ISIC_0032521.jpg,5,4,0.0006906171,0.04339981,0.038903344,0.26173437,0.40538213,0.19148897,0.058400836
/home/share/Uni_Eval/HAM10000_clean/ISIC2018/ISIC_0033618.jpg,5,4,0.0038507795,0.023960356,0.06312713,0.03486211,0.58050627,0.15143411,0.14225918
/home/share/Uni_Eval/HAM10000_clean/ISIC2018/ISIC_0033016.jpg,5,4,0.008942644,0.054780338,0.08753873,0.02356073,0.66736114,0.045414496,0.112401955
/home/share/Uni_Eval/HAM10000_clean/ISIC2018/ISIC_0032895.jpg,5,5,0.00082746934,0.0014297387,0.14135039,0.33382493,0.10504267,0.37827322,0.039251585
/home/share/Uni_Eval/HAM10000_clean/ISIC2018/ISIC_0033237.jpg,5,2,0.011236429,0.014204176,0.34955505,0.34955505,0.13688771,0.12660044,0.0119611155
/home/share/Uni_Eval/HAM10000_clean/ISIC2018/ISIC_0033373.jpg,5,4,0.011852644,0.040096972,0.24562375,0.25342068,0.31538716,0.10239121,0.031227557
/home/share/Uni_Eval/HAM10000_clean/ISIC2018/ISIC_0033411.jpg,5,4,0.015002323,0.019263366,0.17993219,0.14457957,0.44533646,0.17439626,0.021489836
/home/share/Uni_Eval/HAM10000_clean/ISIC2018/ISIC_0033824.jpg,5,3,0.00045973563,0.0030930147,0.037680633,0.3519613,0.32046443,0.27410775,0.012233111
/home/share/Uni_Eval/HAM10000_clean/ISIC2018/ISIC_0032838.jpg,5,4,0.0011427448,0.0019137375,0.020574618,0.046365615,0.6203651,0.30710298,0.0025352903
/home/share/Uni_Eval/HAM10000_clean/ISIC2018/ISIC_0034307.jpg,5,2,0.0018431519,0.0044911196,0.50313175,0.13541608,0.04129957,0.2957759,0.018042447
/home/share/Uni_Eval/HAM10000_clean/ISIC2018/ISIC_0034137.jpg,5,5,0.010159799,0.0054381485,0.26615095,0.076253526,0.23487741,0.375333,0.031787198
/home/share/Uni_Eval/HAM10000_clean/ISIC2018/ISIC_0033972.jpg,5,2,0.2517399,0.023784198,0.5165367,0.12658277,0.05795381,0.014653019,0.008749717
/home/share/Uni_Eval/HAM10000_clean/ISIC2018/ISIC_0033367.jpg,5,2,0.081371464,0.013077584,0.43988994,0.3534615,0.0614224,0.043555003,0.007222127
/home/share/Uni_Eval/HAM10000_clean/ISIC2018/ISIC_0033289.jpg,5,4,0.008017886,0.0055973865,0.07373111,0.026703639,0.7217471,0.1443585,0.019844458
/home/share/Uni_Eval/HAM10000_clean/ISIC2018/ISIC_0033283.jpg,5,4,0.003033327,0.0046981084,0.17629522,0.22636753,0.37321696,0.19362241,0.02276638
/home/share/Uni_Eval/HAM10000_clean/ISIC2018/ISIC_0034179.jpg,5,3,0.00071139267,0.0013928392,0.34618363,0.40472963,0.010132209,0.23060799,0.006242273
/home/share/Uni_Eval/HAM10000_clean/ISIC2018/ISIC_0033983.jpg,5,5,0.0003763981,0.004240864,0.04929842,0.016512902,0.26237297,0.6294001,0.037798412
/home/share/Uni_Eval/HAM10000_clean/ISIC2018/ISIC_0032541.jpg,5,3,0.0005408342,0.0030640343,0.036748867,0.59309673,0.13442178,0.22511412,0.007013644
/home/share/Uni_Eval/HAM10000_clean/ISIC2018/ISIC_0033961.jpg,5,5,0.0008341468,0.002197684,0.12187904,0.09057281,0.26208112,0.48963198,0.032803297
/home/share/Uni_Eval/HAM10000_clean/ISIC2018/ISIC_0033702.jpg,5,5,0.00028578867,0.003481619,0.12082853,0.19308345,0.21206068,0.44893244,0.021327501
/home/share/Uni_Eval/HAM10000_clean/ISIC2018/ISIC_0032942.jpg,5,5,0.0017549124,0.013378767,0.08588799,0.13724862,0.19969556,0.50994045,0.0520937
/home/share/Uni_Eval/HAM10000_clean/ISIC2018/ISIC_0034153.jpg,5,3,0.08967328,0.08424026,0.34375283,0.38952297,0.06768894,0.010709946,0.014411809
/home/share/Uni_Eval/HAM10000_clean/ISIC2018/ISIC_0032860.jpg,5,3,0.006065998,0.094888166,0.007788896,0.74635327,0.028939256,0.005028889,0.11093551
/home/share/Uni_Eval/HAM10000_clean/ISIC2018/ISIC_0034116.jpg,5,4,0.00051194354,0.004286451,0.012796978,0.015926095,0.7673623,0.17665683,0.022459395
/home/share/Uni_Eval/HAM10000_clean/ISIC2018/ISIC_0034060.jpg,5,3,0.0041905115,0.01121439,0.096877545,0.434175,0.1283419,0.27169982,0.05350086
/home/share/Uni_Eval/HAM10000_clean/ISIC2018/ISIC_0033213.jpg,5,5,0.0049800407,0.006495198,0.23256926,0.2475687,0.1928067,0.30810422,0.007475927
/home/share/Uni_Eval/HAM10000_clean/ISIC2018/ISIC_0033897.jpg,5,5,0.0010761663,0.006490113,0.057845753,0.1431696,0.29376495,0.48433653,0.013316847
/home/share/Uni_Eval/HAM10000_clean/ISIC2018/ISIC_0032908.jpg,5,4,0.061953604,0.15095939,0.13322118,0.018601846,0.45068148,0.05136134,0.13322118
/home/share/Uni_Eval/HAM10000_clean/ISIC2018/ISIC_0034203.jpg,5,3,0.0325671,0.055398505,0.048889004,0.8399166,0.007381136,0.0034866019,0.012361077
/home/share/Uni_Eval/HAM10000_clean/ISIC2018/ISIC_0032746.jpg,5,4,0.016762681,0.03837016,0.15903988,0.045565695,0.5464977,0.15657422,0.037189636
/home/share/Uni_Eval/HAM10000_clean/ISIC2018/ISIC_0034121.jpg,5,4,0.0012224783,0.0062082577,0.023798684,0.19313323,0.47800934,0.25585997,0.04176799
/home/share/Uni_Eval/HAM10000_clean/ISIC2018/ISIC_0034240.jpg,5,5,0.00052640156,0.0009095403,0.059900448,0.07003073,0.24828047,0.5595086,0.060843743
/home/share/Uni_Eval/HAM10000_clean/ISIC2018/ISIC_0032820.jpg,5,5,0.00045343186,0.0016847036,0.039560836,0.007669218,0.43882012,0.48194963,0.029862083
/home/share/Uni_Eval/HAM10000_clean/ISIC2018/ISIC_0034148.jpg,5,5,0.003995303,0.01138156,0.033979055,0.30285206,0.30285206,0.30762127,0.037318695
/home/share/Uni_Eval/HAM10000_clean/ISIC2018/ISIC_0033566.jpg,5,2,0.016988361,0.0548391,0.8058547,0.037690327,0.033261597,0.015959086,0.035406783
/home/share/Uni_Eval/HAM10000_clean/ISIC2018/ISIC_0033447.jpg,5,5,0.0037397463,0.013894843,0.016500533,0.28348032,0.29247895,0.3366412,0.053264376
/home/share/Uni_Eval/HAM10000_clean/ISIC2018/ISIC_0033282.jpg,5,3,0.005322359,0.005322359,0.095826715,0.75373554,0.074629925,0.059037134,0.0061259978
/home/share/Uni_Eval/HAM10000_clean/ISIC2018/ISIC_0034084.jpg,5,3,0.00063105184,0.0033064752,0.03725394,0.7841754,0.04424015,0.10949542,0.020897565
/home/share/Uni_Eval/HAM10000_clean/ISIC2018/ISIC_0034176.jpg,5,3,0.0035495241,0.008648955,0.19079292,0.53509194,0.1631938,0.079534315,0.019188548
/home/share/Uni_Eval/HAM10000_clean/ISIC2018/ISIC_0033104.jpg,5,5,0.0026114916,0.006988715,0.16669598,0.13394399,0.18307972,0.36409748,0.14258263
/home/share/Uni_Eval/HAM10000_clean/ISIC2018/ISIC_0034213.jpg,5,5,0.00033524117,0.004213716,0.014707313,0.209473,0.24489875,0.50249964,0.023872325
/home/share/Uni_Eval/HAM10000_clean/ISIC2018/ISIC_0026279.jpg,5,4,0.00061029225,0.009849618,0.005525135,0.044142924,0.7124307,0.21727908,0.010162278
/home/share/Uni_Eval/HAM10000_clean/ISIC2018/ISIC_0032601.jpg,5,5,0.0016084714,0.002340312,0.028959818,0.39977798,0.08645805,0.4673878,0.013467567
/home/share/Uni_Eval/HAM10000_clean/ISIC2018/ISIC_0033940.jpg,5,2,0.011128627,0.0033414196,0.5197099,0.14431822,0.13557443,0.17408101,0.011846362
/home/share/Uni_Eval/HAM10000_clean/ISIC2018/ISIC_0032649.jpg,5,5,0.0006961252,0.0027105438,0.020989541,0.11891386,0.37204853,0.47771975,0.006921616
/home/share/Uni_Eval/HAM10000_clean/ISIC2018/ISIC_0025769.jpg,5,3,0.0007451412,0.007886823,0.028848799,0.57944363,0.09168131,0.24154805,0.049846254
/home/share/Uni_Eval/HAM10000_clean/ISIC2018/ISIC_0033978.jpg,5,5,0.0033444487,0.0067559723,0.048384372,0.12355383,0.37467235,0.43124524,0.0120438235
/home/share/Uni_Eval/HAM10000_clean/ISIC2018/ISIC_0032819.jpg,5,2,0.12673588,0.027408555,0.2768166,0.26004514,0.10183515,0.16789776,0.039260942
/home/share/Uni_Eval/HAM10000_clean/ISIC2018/ISIC_0033552.jpg,5,4,0.006526936,0.0025962354,0.23370568,0.06489772,0.34003976,0.34003976,0.012193921
/home/share/Uni_Eval/HAM10000_clean/ISIC2018/ISIC_0034310.jpg,5,4,0.009474683,0.006511848,0.15532166,0.08712756,0.5593348,0.16533905,0.016890448
/home/share/Uni_Eval/HAM10000_clean/ISIC2018/ISIC_0033083.jpg,5,5,0.0004397183,0.0039808843,0.050036564,0.24247025,0.2073958,0.48220965,0.013467159
/home/share/Uni_Eval/HAM10000_clean/ISIC2018/ISIC_0033244.jpg,5,2,0.06569968,0.09709784,0.24410392,0.23292561,0.22931442,0.059820242,0.07103829
/home/share/Uni_Eval/HAM10000_clean/ISIC2018/ISIC_0034004.jpg,5,3,0.0031570832,0.055093054,0.15451229,0.69247603,0.011548131,0.040306933,0.04290651
/home/share/Uni_Eval/HAM10000_clean/ISIC2018/ISIC_0032737.jpg,5,4,0.002964799,0.017329916,0.014593252,0.12218781,0.68150884,0.13845693,0.022958407
/home/share/Uni_Eval/HAM10000_clean/ISIC2018/ISIC_0033010.jpg,5,5,0.0007425194,0.0041414406,0.10191801,0.20268817,0.14372744,0.5175824,0.029200003
/home/share/Uni_Eval/HAM10000_clean/ISIC2018/ISIC_0034127.jpg,5,4,0.0018061945,0.006606784,0.0102327885,0.013139159,0.9211262,0.04308165,0.0040072175
/home/share/Uni_Eval/HAM10000_clean/ISIC2018/ISIC_0032792.jpg,5,5,0.0018453165,0.0064407876,0.20036702,0.08617678,0.171383,0.5116551,0.02213203
/home/share/Uni_Eval/HAM10000_clean/ISIC2018/ISIC_0034187.jpg,5,2,0.0020157245,0.015854903,0.44212988,0.12667233,0.034093395,0.065716736,0.313517
/home/share/Uni_Eval/HAM10000_clean/ISIC2018/ISIC_0034251.jpg,5,3,0.00034205776,0.004367101,0.029843718,0.50476825,0.19767007,0.24600439,0.017004438
/home/share/Uni_Eval/HAM10000_clean/ISIC2018/ISIC_0033673.jpg,5,3,0.030336095,0.0029571124,0.32108733,0.43887436,0.10103462,0.07391851,0.031791955
/home/share/Uni_Eval/HAM10000_clean/ISIC2018/ISIC_0033932.jpg,5,4,0.004601724,0.008732539,0.16221637,0.1080594,0.5155226,0.17267843,0.02818898
/home/share/Uni_Eval/HAM10000_clean/ISIC2018/ISIC_0032593.jpg,5,5,0.0011381216,0.0021597752,0.034857005,0.0876305,0.29185414,0.5452553,0.03710509
/home/share/Uni_Eval/HAM10000_clean/ISIC2018/ISIC_0031290.jpg,5,4,0.0059012785,0.0070079416,0.21463074,0.17793512,0.4687966,0.11134896,0.014379362
/home/share/Uni_Eval/HAM10000_clean/ISIC2018/ISIC_0033703.jpg,5,4,0.00096147327,0.014577241,0.04024905,0.014351241,0.79589033,0.114658885,0.019311706
/home/share/Uni_Eval/HAM10000_clean/ISIC2018/ISIC_0033574.jpg,5,2,0.018860124,0.00621941,0.3240183,0.2523457,0.14378224,0.23705684,0.017717449
/home/share/Uni_Eval/HAM10000_clean/ISIC2018/ISIC_0032846.jpg,5,2,0.0434788,0.0045826323,0.50542444,0.1403513,0.15903886,0.1403513,0.006772692
/home/share/Uni_Eval/HAM10000_clean/ISIC2018/ISIC_0033994.jpg,5,3,0.0022240311,0.0067442907,0.14647008,0.49550194,0.22685733,0.080888465,0.04131379
/home/share/Uni_Eval/HAM10000_clean/ISIC2018/ISIC_0032760.jpg,5,3,0.000302792,0.0017154338,0.047836594,0.7600741,0.011722862,0.15932019,0.019028084
/home/share/Uni_Eval/HAM10000_clean/ISIC2018/ISIC_0034271.jpg,5,3,0.010918249,0.01058233,0.27721977,0.6247244,0.026603974,0.03636332,0.01358798
/home/share/Uni_Eval/HAM10000_clean/ISIC2018/ISIC_0032670.jpg,5,5,0.00010748594,0.002815753,0.017796108,0.12745072,0.330582,0.5120154,0.009232499
/home/share/Uni_Eval/HAM10000_clean/ISIC2018/ISIC_0033441.jpg,5,5,0.00062436576,0.0025083022,0.034626044,0.19616991,0.19616991,0.5501721,0.019729326
/home/share/Uni_Eval/HAM10000_clean/ISIC2018/ISIC_0032663.jpg,5,5,0.00095498754,0.0050037773,0.16831177,0.052140556,0.30004817,0.43656752,0.036973186
/home/share/Uni_Eval/HAM10000_clean/ISIC2018/ISIC_0034272.jpg,5,3,0.0026036368,0.00028313237,0.042020567,0.92695886,0.0044289352,0.021799983,0.0019048613
/home/share/Uni_Eval/HAM10000_clean/ISIC2018/ISIC_0032911.jpg,5,3,0.00511872,0.006470668,0.08793996,0.78380036,0.036658835,0.07290479,0.0071066385
/home/share/Uni_Eval/HAM10000_clean/ISIC2018/ISIC_0033926.jpg,5,4,0.002919537,0.006788127,0.13009956,0.1474221,0.58306575,0.11662049,0.013084457
/home/share/Uni_Eval/HAM10000_clean/ISIC2018/ISIC_0033835.jpg,5,5,0.0018655609,0.0016208274,0.105089426,0.13922088,0.12676205,0.60474795,0.020693336
/home/share/Uni_Eval/HAM10000_clean/ISIC2018/ISIC_0033109.jpg,5,3,0.003457672,0.0026928377,0.12773663,0.7584073,0.03602977,0.060338516,0.011337271
/home/share/Uni_Eval/HAM10000_clean/ISIC2018/ISIC_0033396.jpg,5,2,0.051720466,0.024431022,0.61069864,0.21105182,0.062386796,0.026006687,0.013704561
/home/share/Uni_Eval/HAM10000_clean/ISIC2018/ISIC_0032752.jpg,5,5,0.007885558,0.0026003807,0.26524606,0.030704457,0.1333741,0.52750474,0.032684725
/home/share/Uni_Eval/HAM10000_clean/ISIC2018/ISIC_0032539.jpg,5,5,0.0014309038,0.0019254914,0.12100191,0.050441097,0.29026845,0.4937633,0.041168824
/home/share/Uni_Eval/HAM10000_clean/ISIC2018/ISIC_0033329.jpg,5,5,0.014838773,0.0024605095,0.30750567,0.23211746,0.06445668,0.37092263,0.0076982533
/home/share/Uni_Eval/HAM10000_clean/ISIC2018/ISIC_0034181.jpg,5,5,0.0050636046,0.0014507471,0.22214463,0.22214463,0.12657419,0.4150208,0.0076013715
/home/share/Uni_Eval/HAM10000_clean/ISIC2018/ISIC_0033197.jpg,5,5,0.004180578,0.0016117563,0.1722935,0.09514951,0.14969118,0.53070134,0.046372164
/home/share/Uni_Eval/HAM10000_clean/ISIC2018/ISIC_0034171.jpg,5,5,0.0016731175,0.0041410057,0.04889566,0.16541187,0.36129275,0.40939835,0.009187222
/home/share/Uni_Eval/HAM10000_clean/ISIC2018/ISIC_0032952.jpg,5,4,0.0008201677,0.006060265,0.12364055,0.2383234,0.30601332,0.19757704,0.12756532
/home/share/Uni_Eval/HAM10000_clean/ISIC2018/ISIC_0033250.jpg,5,3,0.0008065223,0.03323908,0.029333388,0.6781384,0.08621561,0.121583514,0.050683543
/home/share/Uni_Eval/HAM10000_clean/ISIC2018/ISIC_0032720.jpg,5,5,8.2787235e-05,0.0019440405,0.013922672,0.20459217,0.13628776,0.6107994,0.032371182
/home/share/Uni_Eval/HAM10000_clean/ISIC2018/ISIC_0033153.jpg,5,3,0.01656743,0.009149402,0.2323079,0.28911185,0.10308601,0.19259003,0.15718739
/home/share/Uni_Eval/HAM10000_clean/ISIC2018/ISIC_0033757.jpg,5,5,9.324842e-05,0.0018439073,0.08089377,0.1712521,0.282347,0.43730757,0.026262362
/home/share/Uni_Eval/HAM10000_clean/ISIC2018/ISIC_0030626.jpg,5,4,0.0052816435,0.019623686,0.076409906,0.015282942,0.79620945,0.0706676,0.0165248
/home/share/Uni_Eval/HAM10000_clean/ISIC2018/ISIC_0031163.jpg,5,4,0.0014337407,0.01238563,0.046018198,0.012778792,0.7783388,0.13954847,0.009496392
/home/share/Uni_Eval/HAM10000_clean/ISIC2018/ISIC_0029775.jpg,5,4,0.0006042626,0.026926974,0.0041944133,0.024517288,0.81190103,0.10987886,0.021977155
/home/share/Uni_Eval/HAM10000_clean/ISIC2018/ISIC_0031411.jpg,5,4,0.007923133,0.0042409473,0.13826355,0.14718078,0.5642016,0.12988658,0.008303371
/home/share/Uni_Eval/HAM10000_clean/ISIC2018/ISIC_0026427.jpg,5,3,0.002133354,0.020559445,0.027665757,0.40024242,0.3423455,0.20125453,0.0057990574
/home/share/Uni_Eval/HAM10000_clean/ISIC2018/ISIC_0024608.jpg,5,4,0.0005662335,0.00086340285,0.039080597,0.022618115,0.5742852,0.35937852,0.003207931
/home/share/Uni_Eval/HAM10000_clean/ISIC2018/ISIC_0028734.jpg,5,5,2.949998e-05,0.0014213888,0.0076839556,0.04353257,0.20446247,0.7362976,0.006572435
/home/share/Uni_Eval/HAM10000_clean/ISIC2018/ISIC_0026125.jpg,5,4,0.0006861553,0.0076110307,0.017421825,0.034110274,0.7643101,0.16529366,0.010566871
/home/share/Uni_Eval/HAM10000_clean/ISIC2018/ISIC_0025618.jpg,5,5,0.00505017,0.036737453,0.11315933,0.07081329,0.31244293,0.40750238,0.05429444
/home/share/Uni_Eval/HAM10000_clean/ISIC2018/ISIC_0031796.jpg,5,4,0.00517881,0.016717404,0.09925579,0.23810227,0.36878002,0.26150417,0.010461484
/home/share/Uni_Eval/HAM10000_clean/ISIC2018/ISIC_0030232.jpg,5,4,0.00045394053,0.011347085,0.015269172,0.022566374,0.7472957,0.18894595,0.014121677
/home/share/Uni_Eval/HAM10000_clean/ISIC2018/ISIC_0024682.jpg,5,4,0.0005146447,0.011897716,0.014577387,0.013694188,0.6007756,0.35317773,0.0053627207
/home/share/Uni_Eval/HAM10000_clean/ISIC2018/ISIC_0026141.jpg,5,4,0.010156935,0.042762294,0.037737593,0.3363515,0.48938856,0.07505017,0.008552997
/home/share/Uni_Eval/HAM10000_clean/ISIC2018/ISIC_0030841.jpg,5,4,0.00027512197,0.0005557617,0.015257701,0.0058823675,0.7825707,0.19177721,0.0036810916
/home/share/Uni_Eval/HAM10000_clean/ISIC2018/ISIC_0030074.jpg,5,5,0.0030635127,0.003695302,0.06250129,0.16211602,0.3326405,0.42711884,0.008864569
/home/share/Uni_Eval/HAM10000_clean/ISIC2018/ISIC_0025734.jpg,5,2,0.181104,0.10814213,0.4922917,0.022667825,0.13670446,0.043015968,0.016073892
/home/share/Uni_Eval/HAM10000_clean/ISIC2018/ISIC_0027942.jpg,5,4,0.0004988977,0.0064698034,0.026816592,0.17761987,0.42608795,0.35323933,0.009267566
/home/share/Uni_Eval/HAM10000_clean/ISIC2018/ISIC_0026419.jpg,5,4,0.0019701782,0.12381009,0.042787626,0.13812014,0.42543998,0.13812014,0.12975186
/home/share/Uni_Eval/HAM10000_clean/ISIC2018/ISIC_0028894.jpg,5,4,0.0018345899,0.016098015,0.016098015,0.021326406,0.7756458,0.15758201,0.011415202
/home/share/Uni_Eval/HAM10000_clean/ISIC2018/ISIC_0032260.jpg,5,4,0.009923855,0.07928639,0.07107186,0.13915196,0.5767688,0.091258086,0.03253907
/home/share/Uni_Eval/HAM10000_clean/ISIC2018/ISIC_0024936.jpg,5,4,0.00055255956,0.014934603,0.01565133,0.038136847,0.7195895,0.19367489,0.01746032
/home/share/Uni_Eval/HAM10000_clean/ISIC2018/ISIC_0025043.jpg,5,5,0.0065941317,0.007242237,0.074295856,0.24360673,0.25931802,0.39541274,0.01353028
/home/share/Uni_Eval/HAM10000_clean/ISIC2018/ISIC_0025227.jpg,5,4,0.0065162606,0.02537275,0.09726369,0.14151783,0.5774811,0.13716379,0.01468462
/home/share/Uni_Eval/HAM10000_clean/ISIC2018/ISIC_0029499.jpg,5,2,0.023436079,0.048087712,0.44220638,0.09269149,0.16267864,0.20888351,0.022016158
/home/share/Uni_Eval/HAM10000_clean/ISIC2018/ISIC_0024658.jpg,5,3,0.0016484365,0.002893096,0.20925994,0.35044447,0.1935338,0.22275604,0.019464208
/home/share/Uni_Eval/HAM10000_clean/ISIC2018/ISIC_0029027.jpg,5,4,0.0009676075,0.018544927,0.025347907,0.29929993,0.49346215,0.13702948,0.025347907
/home/share/Uni_Eval/HAM10000_clean/ISIC2018/ISIC_0025782.jpg,5,4,0.014323993,0.05322009,0.12568904,0.042763546,0.54596835,0.17179655,0.046238415
/home/share/Uni_Eval/HAM10000_clean/ISIC2018/ISIC_0031308.jpg,5,4,0.037572596,0.03937574,0.14403048,0.008924274,0.41676602,0.25278136,0.10054949
/home/share/Uni_Eval/HAM10000_clean/ISIC2018/ISIC_0028981.jpg,5,4,0.030523093,0.05356969,0.18122393,0.015835172,0.3082723,0.25556672,0.15500905
/home/share/Uni_Eval/HAM10000_clean/ISIC2018/ISIC_0031194.jpg,5,3,0.0024362986,0.007504328,0.23712915,0.4033703,0.052090365,0.26870257,0.02876703
/home/share/Uni_Eval/HAM10000_clean/ISIC2018/ISIC_0029667.jpg,5,3,0.010747128,0.0057525234,0.12689863,0.40328303,0.29047388,0.13937089,0.023473885
/home/share/Uni_Eval/HAM10000_clean/ISIC2018/ISIC_0027574.jpg,5,3,0.008697842,0.012265923,0.24636768,0.572822,0.08514239,0.05943897,0.015265189
/home/share/Uni_Eval/HAM10000_clean/ISIC2018/ISIC_0025945.jpg,5,4,0.0008442109,0.0035542608,0.026262632,0.08477681,0.7438929,0.13130489,0.00936423
/home/share/Uni_Eval/HAM10000_clean/ISIC2018/ISIC_0031149.jpg,5,4,0.0009973064,0.0035914383,0.021659143,0.053606898,0.74002033,0.17036237,0.00976254
/home/share/Uni_Eval/HAM10000_clean/ISIC2018/ISIC_0027208.jpg,5,2,0.012713606,0.0027068828,0.34903517,0.18682507,0.1755059,0.26346558,0.00974786
/home/share/Uni_Eval/HAM10000_clean/ISIC2018/ISIC_0029504.jpg,5,4,0.012826071,0.004868227,0.22035278,0.20700228,0.34128907,0.20063348,0.013028051
/home/share/Uni_Eval/HAM10000_clean/ISIC2018/ISIC_0026106.jpg,5,5,0.017091388,0.02731196,0.25511128,0.22868027,0.1647122,0.2673543,0.03973867
/home/share/Uni_Eval/HAM10000_clean/ISIC2018/ISIC_0032227.jpg,5,2,0.015229897,0.0140853515,0.3689866,0.072657764,0.3689866,0.14908406,0.0109696835
/home/share/Uni_Eval/HAM10000_clean/ISIC2018/ISIC_0024394.jpg,5,4,0.0033250977,0.013358114,0.078081176,0.033582296,0.8010105,0.051206887,0.019435942
/home/share/Uni_Eval/HAM10000_clean/ISIC2018/ISIC_0032165.jpg,5,3,0.0013782838,0.0051209456,0.08661423,0.36465952,0.24291563,0.27525944,0.024051903
/home/share/Uni_Eval/HAM10000_clean/ISIC2018/ISIC_0024834.jpg,5,5,0.001133953,0.009347273,0.06799673,0.29536435,0.24486566,0.3562774,0.0250146
/home/share/Uni_Eval/HAM10000_clean/ISIC2018/ISIC_0027596.jpg,5,3,0.00020218421,0.0010429455,0.026480906,0.9047638,0.007951009,0.057839613,0.0017195264
/home/share/Uni_Eval/HAM10000_clean/ISIC2018/ISIC_0031204.jpg,5,4,0.0006202969,0.003682872,0.118207656,0.06426839,0.6490877,0.13605618,0.028076781
/home/share/Uni_Eval/HAM10000_clean/ISIC2018/ISIC_0031857.jpg,5,4,0.034478895,0.04358541,0.15452369,0.31214646,0.37068304,0.060512345,0.02407015
/home/share/Uni_Eval/HAM10000_clean/ISIC2018/ISIC_0028706.jpg,5,3,0.00077092845,0.028480375,0.10256177,0.3362871,0.20718049,0.10417689,0.22054248
/home/share/Uni_Eval/HAM10000_clean/ISIC2018/ISIC_0027364.jpg,5,5,0.00014609034,0.0020807325,0.016623959,0.08986827,0.22592881,0.65374666,0.011605393
/home/share/Uni_Eval/HAM10000_clean/ISIC2018/ISIC_0031756.jpg,5,4,0.0071522696,0.022729864,0.07223537,0.115431786,0.47103375,0.08185338,0.22956352
/home/share/Uni_Eval/HAM10000_clean/ISIC2018/ISIC_0030397.jpg,5,2,0.0028934216,0.0119929,0.31417173,0.31417173,0.13096626,0.1905548,0.03524909
/home/share/Uni_Eval/HAM10000_clean/ISIC2018/ISIC_0031405.jpg,5,4,0.012036346,0.0070758024,0.15608971,0.13774869,0.48079014,0.17143102,0.03482832
/home/share/Uni_Eval/HAM10000_clean/ISIC2018/ISIC_0031092.jpg,5,5,0.0044898763,0.0032339364,0.25690338,0.22671647,0.11049277,0.36229187,0.03587175
/home/share/Uni_Eval/HAM10000_clean/ISIC2018/ISIC_0027390.jpg,5,3,0.0031965063,0.0021628642,0.21383044,0.42525262,0.12969472,0.1887047,0.037158158
/home/share/Uni_Eval/HAM10000_clean/ISIC2018/ISIC_0028757.jpg,5,2,0.038747046,0.007395003,0.32442504,0.14853261,0.15811212,0.3047691,0.018019048
/home/share/Uni_Eval/HAM10000_clean/ISIC2018/ISIC_0027978.jpg,5,3,0.0066158758,0.015143891,0.16281216,0.517416,0.03748149,0.24441002,0.016120588
/home/share/Uni_Eval/HAM10000_clean/ISIC2018/ISIC_0025562.jpg,5,3,0.0007634476,0.010873615,0.03146385,0.69408137,0.1548705,0.09999191,0.007955308
/home/share/Uni_Eval/HAM10000_clean/ISIC2018/ISIC_0028598.jpg,5,5,0.0014402585,0.0015093777,0.065191075,0.30144048,0.1380095,0.4668801,0.025529193
/home/share/Uni_Eval/HAM10000_clean/ISIC2018/ISIC_0026759.jpg,5,5,0.002803527,0.0015726362,0.08998368,0.25633964,0.24845292,0.37297198,0.027875641
/home/share/Uni_Eval/HAM10000_clean/ISIC2018/ISIC_0032015.jpg,5,4,0.0032300777,0.0012649165,0.08330479,0.060002185,0.41004056,0.41004056,0.03211686
/home/share/Uni_Eval/HAM10000_clean/ISIC2018/ISIC_0031285.jpg,5,5,0.005489251,0.0015974633,0.092843644,0.0845351,0.34495598,0.45699245,0.013586028
/home/share/Uni_Eval/HAM10000_clean/ISIC2018/ISIC_0028304.jpg,5,4,0.0083138505,0.001770121,0.08396691,0.048596326,0.48319626,0.36473566,0.009420828
/home/share/Uni_Eval/HAM10000_clean/ISIC2018/ISIC_0024862.jpg,5,5,0.0049002194,0.005640118,0.11688084,0.045771196,0.22884157,0.57530767,0.022658383
/home/share/Uni_Eval/HAM10000_clean/ISIC2018/ISIC_0028715.jpg,5,2,0.016536066,0.007689985,0.37052423,0.31692618,0.0685401,0.16963837,0.050145004
/home/share/Uni_Eval/HAM10000_clean/ISIC2018/ISIC_0032136.jpg,5,2,0.040041093,0.002367374,0.47279236,0.09605359,0.06398548,0.31494763,0.009812492
/home/share/Uni_Eval/HAM10000_clean/ISIC2018/ISIC_0030592.jpg,5,4,0.00047151593,0.0058346987,0.015134056,0.038047012,0.55909675,0.34987384,0.03154208
/home/share/Uni_Eval/HAM10000_clean/ISIC2018/ISIC_0024841.jpg,5,2,0.024236063,0.01297263,0.37323815,0.19668269,0.17357187,0.20612167,0.013176919
/home/share/Uni_Eval/HAM10000_clean/ISIC2018/ISIC_0029457.jpg,5,5,0.003100253,0.006461482,0.25410149,0.038967725,0.15654738,0.5053412,0.035480514
/home/share/Uni_Eval/HAM10000_clean/ISIC2018/ISIC_0031126.jpg,5,2,0.10045382,0.0040819426,0.45020276,0.35061824,0.02040843,0.040587008,0.033647813
/home/share/Uni_Eval/HAM10000_clean/ISIC2018/ISIC_0025506.jpg,5,5,0.00578692,0.007909781,0.17178184,0.12966771,0.1946543,0.4669514,0.02324814
/home/share/Uni_Eval/HAM10000_clean/ISIC2018/ISIC_0030914.jpg,5,5,0.00046994613,0.00083776953,0.033464584,0.033464584,0.28460798,0.49950257,0.14765267
/home/share/Uni_Eval/HAM10000_clean/ISIC2018/ISIC_0028408.jpg,5,2,0.015865762,0.0057461974,0.6239301,0.12875524,0.055376943,0.15290065,0.01742513
/home/share/Uni_Eval/HAM10000_clean/ISIC2018/ISIC_0028998.jpg,5,5,0.00034561125,0.00060656667,0.02877291,0.02788766,0.113799065,0.8149969,0.013591359
/home/share/Uni_Eval/HAM10000_clean/ISIC2018/ISIC_0025118.jpg,5,5,0.0025292782,0.0041700746,0.08507719,0.08375819,0.3364868,0.45992294,0.028055478
/home/share/Uni_Eval/HAM10000_clean/ISIC2018/ISIC_0025563.jpg,5,5,0.012375897,0.016395401,0.25249106,0.22633149,0.06484507,0.4098334,0.017727654
/home/share/Uni_Eval/HAM10000_clean/ISIC2018/ISIC_0024790.jpg,5,5,0.0023479215,0.001828563,0.10462739,0.07079443,0.24709687,0.5231041,0.050200775
/home/share/Uni_Eval/HAM10000_clean/ISIC2018/ISIC_0025225.jpg,5,5,0.004421453,0.0059497147,0.15344517,0.18800494,0.18222064,0.45100042,0.014957583
/home/share/Uni_Eval/HAM10000_clean/ISIC2018/ISIC_0025926.jpg,5,3,0.0155282,0.026830323,0.06141523,0.46094686,0.08136196,0.23177864,0.12213877
/home/share/Uni_Eval/HAM10000_clean/ISIC2018/ISIC_0026741.jpg,5,5,0.0008582552,0.001628682,0.061115846,0.033751376,0.28259683,0.5982574,0.021791527
/home/share/Uni_Eval/HAM10000_clean/ISIC2018/ISIC_0031117.jpg,5,4,0.003943226,0.015595759,0.095535606,0.33345202,0.34403694,0.19602633,0.011410102
/home/share/Uni_Eval/HAM10000_clean/ISIC2018/ISIC_0027471.jpg,5,2,0.041896086,0.01719412,0.45751855,0.13108127,0.23367763,0.10369381,0.014938509
/home/share/Uni_Eval/HAM10000_clean/ISIC2018/ISIC_0029109.jpg,5,2,0.122175395,0.0073372032,0.4198228,0.18056355,0.047102813,0.16962375,0.053374477
/home/share/Uni_Eval/HAM10000_clean/ISIC2018/ISIC_0026654.jpg,5,5,0.0071344348,0.009160795,0.19282982,0.18689705,0.21511722,0.31792262,0.070938125
/home/share/Uni_Eval/HAM10000_clean/ISIC2018/ISIC_0026921.jpg,5,4,0.026423786,0.011910134,0.13006243,0.18057382,0.41984668,0.15935582,0.0718273
/home/share/Uni_Eval/HAM10000_clean/ISIC2018/ISIC_0031942.jpg,5,5,0.0019697093,0.0013121092,0.048473198,0.06322097,0.3364707,0.5051023,0.04345109
/home/share/Uni_Eval/HAM10000_clean/ISIC2018/ISIC_0026712.jpg,5,3,0.013899171,0.0019106704,0.31634367,0.50551575,0.030358579,0.09647937,0.035492774
/home/share/Uni_Eval/HAM10000_clean/ISIC2018/ISIC_0028983.jpg,5,5,0.04525215,0.027021293,0.17897573,0.20924383,0.2262465,0.29050627,0.02275421
/home/share/Uni_Eval/HAM10000_clean/ISIC2018/ISIC_0028744.jpg,5,5,0.0036584353,0.0059382273,0.16049865,0.21262617,0.08863577,0.5100637,0.01857907
/home/share/Uni_Eval/HAM10000_clean/ISIC2018/ISIC_0026588.jpg,5,2,0.088866405,0.024294727,0.4443041,0.11590365,0.100698836,0.16091628,0.06501605
/home/share/Uni_Eval/HAM10000_clean/ISIC2018/ISIC_0028364.jpg,5,4,0.08235754,0.056603458,0.3467382,0.069352,0.35774484,0.07736775,0.009836205
/home/share/Uni_Eval/HAM10000_clean/ISIC2018/ISIC_0027490.jpg,5,2,0.004292764,0.01835782,0.50398964,0.16108477,0.053120114,0.12350798,0.13564697
/home/share/Uni_Eval/HAM10000_clean/ISIC2018/ISIC_0030082.jpg,5,4,4.6284436e-05,0.0013739304,0.0042320034,0.017541166,0.5718779,0.38095284,0.023975933
/home/share/Uni_Eval/HAM10000_clean/ISIC2018/ISIC_0026974.jpg,5,4,0.0007475081,0.0006700619,0.058461297,0.066245325,0.467075,0.38721877,0.01958208
/home/share/Uni_Eval/HAM10000_clean/ISIC2018/ISIC_0026097.jpg,5,5,0.011304104,0.035924368,0.19119442,0.26962736,0.100752376,0.33555666,0.055640746
/home/share/Uni_Eval/HAM10000_clean/ISIC2018/ISIC_0027883.jpg,5,4,0.029392669,0.013884114,0.20086245,0.19468255,0.4319221,0.08373191,0.045524254
/home/share/Uni_Eval/HAM10000_clean/ISIC2018/ISIC_0031700.jpg,5,5,0.00055615517,0.00084803527,0.02221554,0.018131796,0.18312463,0.724272,0.05085187
/home/share/Uni_Eval/HAM10000_clean/ISIC2018/ISIC_0030209.jpg,5,5,0.0012690885,0.0022980224,0.06509182,0.1714941,0.18255451,0.56230754,0.014984988
/home/share/Uni_Eval/HAM10000_clean/ISIC2018/ISIC_0027073.jpg,5,5,0.0031966574,0.0045080096,0.13806583,0.06321115,0.24612898,0.45982945,0.085059896
/home/share/Uni_Eval/HAM10000_clean/ISIC2018/ISIC_0030219.jpg,5,3,0.015706144,0.015462644,0.24955443,0.41144568,0.12162311,0.15136242,0.0348456
/home/share/Uni_Eval/HAM10000_clean/ISIC2018/ISIC_0025476.jpg,5,2,0.053045433,0.014962153,0.37400672,0.048298415,0.20979875,0.27362916,0.026259392
/home/share/Uni_Eval/HAM10000_clean/ISIC2018/ISIC_0024476.jpg,5,5,0.0123217,0.009596149,0.23987357,0.08034758,0.2675983,0.2804406,0.10982212
/home/share/Uni_Eval/HAM10000_clean/ISIC2018/ISIC_0026560.jpg,5,4,0.001904094,0.005175864,0.077256516,0.20038815,0.34087172,0.3303842,0.044019435
/home/share/Uni_Eval/HAM10000_clean/ISIC2018/ISIC_0032281.jpg,5,3,0.01713685,0.024166828,0.17307603,0.41518784,0.27657476,0.074439086,0.019418595
/home/share/Uni_Eval/HAM10000_clean/ISIC2018/ISIC_0030425.jpg,5,3,0.011442375,0.0028930856,0.19967651,0.42271516,0.07119685,0.24464877,0.047427323
/home/share/Uni_Eval/HAM10000_clean/ISIC2018/ISIC_0028130.jpg,5,2,0.010311135,0.004166075,0.34683508,0.14458236,0.123667866,0.34683508,0.023602422
/home/share/Uni_Eval/HAM10000_clean/ISIC2018/ISIC_0026359.jpg,5,5,0.022445673,0.01278916,0.24131373,0.06597151,0.19695455,0.4235188,0.037006658
/home/share/Uni_Eval/HAM10000_clean/ISIC2018/ISIC_0030444.jpg,5,5,0.0033110837,0.001800205,0.03730586,0.08949211,0.2285261,0.5835619,0.056002736
/home/share/Uni_Eval/HAM10000_clean/ISIC2018/ISIC_0032292.jpg,5,2,0.054799967,0.011486697,0.30564967,0.16879576,0.14665231,0.28713128,0.025484351
/home/share/Uni_Eval/HAM10000_clean/ISIC2018/ISIC_0032107.jpg,5,4,0.0022724527,0.0040510846,0.0653812,0.029469615,0.45383543,0.38818604,0.05680417
/home/share/Uni_Eval/HAM10000_clean/ISIC2018/ISIC_0030253.jpg,5,2,0.011987127,0.00786135,0.46409222,0.4498136,0.0040151845,0.058087956,0.00414264
/home/share/Uni_Eval/HAM10000_clean/ISIC2018/ISIC_0030340.jpg,5,2,0.04126086,0.010933041,0.4648847,0.2775953,0.06909894,0.12512201,0.0111052105
/home/share/Uni_Eval/HAM10000_clean/ISIC2018/ISIC_0028580.jpg,5,5,0.0012846653,0.0021514096,0.056359354,0.043212216,0.13949074,0.73087925,0.026622275
/home/share/Uni_Eval/HAM10000_clean/ISIC2018/ISIC_0026922.jpg,5,5,0.0028021354,0.0040770825,0.09573958,0.04593635,0.16802819,0.6645644,0.018852241
/home/share/Uni_Eval/HAM10000_clean/ISIC2018/ISIC_0026964.jpg,5,5,0.0011086229,0.0039923037,0.040955804,0.10960341,0.27127105,0.52288866,0.050180104
/home/share/Uni_Eval/HAM10000_clean/ISIC2018/ISIC_0028905.jpg,5,2,0.0044924417,0.008525156,0.33005896,0.16857763,0.15590881,0.31494448,0.017492484
/home/share/Uni_Eval/HAM10000_clean/ISIC2018/ISIC_0032327.jpg,5,5,0.004429628,0.0021588285,0.23809998,0.038868755,0.2963202,0.3925605,0.02756207
/home/share/Uni_Eval/HAM10000_clean/ISIC2018/ISIC_0025310.jpg,5,5,0.002391198,0.002975894,0.109938316,0.12074362,0.3035494,0.4084704,0.05193118
/home/share/Uni_Eval/HAM10000_clean/ISIC2018/ISIC_0032423.jpg,5,4,0.01509804,0.01509804,0.14550203,0.20200954,0.31780562,0.24750727,0.056979414
/home/share/Uni_Eval/HAM10000_clean/ISIC2018/ISIC_0030873.jpg,5,4,0.0018175079,0.007416567,0.04989727,0.0023337265,0.65726763,0.24179527,0.039471988
/home/share/Uni_Eval/HAM10000_clean/ISIC2018/ISIC_0024363.jpg,5,3,0.0008501164,0.0021040586,0.08146048,0.44730607,0.04714571,0.27130485,0.14982876
/home/share/Uni_Eval/HAM10000_clean/ISIC2018/ISIC_0025169.jpg,5,5,0.0004469066,0.0009761338,0.045585714,0.015032574,0.3164276,0.5911645,0.030366631
/home/share/Uni_Eval/HAM10000_clean/ISIC2018/ISIC_0030008.jpg,5,2,0.011136323,0.011489828,0.5200693,0.12547258,0.04010344,0.25346154,0.03826697
/home/share/Uni_Eval/HAM10000_clean/ISIC2018/ISIC_0031583.jpg,5,2,0.012548195,0.0121621275,0.43548128,0.1815356,0.053661823,0.28116786,0.023443114
/home/share/Uni_Eval/HAM10000_clean/ISIC2018/ISIC_0025533.jpg,5,5,0.0005473087,0.0023774004,0.08921129,0.07996849,0.1615408,0.6096486,0.05670615
/home/share/Uni_Eval/HAM10000_clean/ISIC2018/ISIC_0028183.jpg,5,2,0.009349151,0.0042139925,0.52664965,0.3000759,0.022427447,0.12509026,0.012193591
/home/share/Uni_Eval/HAM10000_clean/ISIC2018/ISIC_0026658.jpg,5,5,0.0043235947,0.009297189,0.23606025,0.17002782,0.12439501,0.40155202,0.054344155
/home/share/Uni_Eval/HAM10000_clean/ISIC2018/ISIC_0032195.jpg,5,5,0.007355956,0.0034747072,0.1727353,0.20194802,0.12836596,0.4695432,0.016576903
/home/share/Uni_Eval/HAM10000_clean/ISIC2018/ISIC_0027066.jpg,5,4,0.00095398625,0.0036003063,0.11922578,0.019161327,0.47897285,0.31906474,0.059021037
/home/share/Uni_Eval/HAM10000_clean/ISIC2018/ISIC_0024680.jpg,5,5,0.0082808975,0.007194568,0.13788931,0.16120896,0.2919117,0.3521127,0.04140188
/home/share/Uni_Eval/HAM10000_clean/ISIC2018/ISIC_0027091.jpg,5,5,0.007689598,0.013924063,0.21443215,0.26686513,0.16699992,0.30239782,0.027691305
/home/share/Uni_Eval/HAM10000_clean/ISIC2018/ISIC_0024497.jpg,5,4,0.002137827,0.0035801863,0.08022137,0.10462839,0.4336726,0.34846574,0.027293945
/home/share/Uni_Eval/HAM10000_clean/ISIC2018/ISIC_0031960.jpg,5,3,0.023450961,0.0042045256,0.40923375,0.4936301,0.011977579,0.048876002,0.008627127
/home/share/Uni_Eval/HAM10000_clean/ISIC2018/ISIC_0029554.jpg,5,2,0.04952654,0.037384592,0.35469514,0.29868326,0.07434814,0.14556658,0.03979569
/home/share/Uni_Eval/HAM10000_clean/ISIC2018/ISIC_0024578.jpg,5,3,0.020633223,0.0020429657,0.41442937,0.5321378,0.006391874,0.01968836,0.004676395
/home/share/Uni_Eval/HAM10000_clean/ISIC2018/ISIC_0027036.jpg,5,5,0.007857218,0.0019254942,0.15296094,0.22255686,0.20583147,0.39059946,0.018268581
/home/share/Uni_Eval/HAM10000_clean/ISIC2018/ISIC_0026023.jpg,5,3,0.0007708699,0.051567383,0.08112688,0.42507446,0.13168192,0.2347484,0.075030096
/home/share/Uni_Eval/HAM10000_clean/ISIC2018/ISIC_0025936.jpg,5,5,0.0013607412,0.001128094,0.06556418,0.18971623,0.3329624,0.38927245,0.019995945
/home/share/Uni_Eval/HAM10000_clean/ISIC2018/ISIC_0026216.jpg,5,5,0.0046266792,0.008918158,0.15083921,0.24483621,0.27743575,0.29532883,0.018015172
/home/share/Uni_Eval/HAM10000_clean/ISIC2018/ISIC_0028987.jpg,5,4,0.019181227,0.012003305,0.28630483,0.068003364,0.37929228,0.2300524,0.005162558
/home/share/Uni_Eval/HAM10000_clean/ISIC2018/ISIC_0029075.jpg,5,4,0.031334423,0.021535814,0.27068812,0.01900529,0.5912372,0.057632823,0.008566354
/home/share/Uni_Eval/HAM10000_clean/ISIC2018/ISIC_0030451.jpg,5,2,0.09925039,0.06308739,0.3203842,0.13565922,0.17148931,0.18542415,0.024705376
/home/share/Uni_Eval/HAM10000_clean/ISIC2018/ISIC_0027137.jpg,5,5,0.024304366,0.007297494,0.28697816,0.078455456,0.24546541,0.34079495,0.016704129
/home/share/Uni_Eval/HAM10000_clean/ISIC2018/ISIC_0030833.jpg,5,4,0.016578067,0.009445897,0.23611774,0.038545158,0.35445467,0.30318117,0.04167725
/home/share/Uni_Eval/HAM10000_clean/ISIC2018/ISIC_0030635.jpg,5,5,0.00056046766,0.00047939338,0.026173994,0.060856357,0.03691125,0.78919727,0.08582122
/home/share/Uni_Eval/HAM10000_clean/ISIC2018/ISIC_0031991.jpg,5,5,0.008207661,0.0053827153,0.24747705,0.08034404,0.22887887,0.42097268,0.008737009
/home/share/Uni_Eval/HAM10000_clean/ISIC2018/ISIC_0029470.jpg,5,5,0.0019124469,0.0020357892,0.05677003,0.09507191,0.26250198,0.55571663,0.025991216
/home/share/Uni_Eval/HAM10000_clean/ISIC2018/ISIC_0026488.jpg,5,2,0.007118552,0.00832243,0.37670195,0.2509376,0.029048137,0.2933758,0.034495514
/home/share/Uni_Eval/HAM10000_clean/ISIC2018/ISIC_0027098.jpg,5,2,0.034000076,0.0060013705,0.4767479,0.047947798,0.18095309,0.24733354,0.007016313
/home/share/Uni_Eval/HAM10000_clean/ISIC2018/ISIC_0025571.jpg,5,5,0.0015392844,0.0012368498,0.13856196,0.04095884,0.070770524,0.72601277,0.020919727
/home/share/Uni_Eval/HAM10000_clean/ISIC2018/ISIC_0024466.jpg,5,3,0.008131566,0.020764682,0.13123684,0.345763,0.1822043,0.2651057,0.046793934
/home/share/Uni_Eval/HAM10000_clean/ISIC2018/ISIC_0025892.jpg,5,2,0.012725299,0.013759328,0.44858223,0.17294386,0.12852097,0.18994167,0.033526696
/home/share/Uni_Eval/HAM10000_clean/ISIC2018/ISIC_0025488.jpg,5,3,0.0020477348,0.007608258,0.09866538,0.7760634,0.01561113,0.08439298,0.01561113
/home/share/Uni_Eval/HAM10000_clean/ISIC2018/ISIC_0027997.jpg,5,3,0.02050885,0.09938304,0.23471138,0.3523435,0.12961994,0.12961994,0.03381338
/home/share/Uni_Eval/HAM10000_clean/ISIC2018/ISIC_0027578.jpg,5,4,0.013159242,0.00491725,0.072258465,0.029195055,0.50157315,0.35015446,0.02874243
/home/share/Uni_Eval/HAM10000_clean/ISIC2018/ISIC_0027475.jpg,5,5,0.0016271393,0.0057687094,0.10066753,0.30053774,0.06398819,0.51123196,0.016178744
/home/share/Uni_Eval/HAM10000_clean/ISIC2018/ISIC_0031304.jpg,5,0,0.32831827,0.015597466,0.31821698,0.024538258,0.17573611,0.11525056,0.02234234
/home/share/Uni_Eval/HAM10000_clean/ISIC2018/ISIC_0028809.jpg,5,5,0.00077074155,0.0014626106,0.07739892,0.13583933,0.038315248,0.7007126,0.045500483
/home/share/Uni_Eval/HAM10000_clean/ISIC2018/ISIC_0028464.jpg,5,5,0.009643238,0.017190931,0.24105062,0.094396785,0.22293536,0.4036838,0.011099299
/home/share/Uni_Eval/HAM10000_clean/ISIC2018/ISIC_0027798.jpg,5,3,0.005147506,0.0046868576,0.25192648,0.41535655,0.06369699,0.25192648,0.007259147
/home/share/Uni_Eval/HAM10000_clean/ISIC2018/ISIC_0024916.jpg,5,3,0.0006066654,0.0030809012,0.081979744,0.6249816,0.07234687,0.15315834,0.06384589
/home/share/Uni_Eval/HAM10000_clean/ISIC2018/ISIC_0030839.jpg,5,2,0.047359653,0.0059277555,0.40912494,0.022371115,0.36673722,0.12873687,0.019742439
/home/share/Uni_Eval/HAM10000_clean/ISIC2018/ISIC_0030593.jpg,5,5,0.001648637,0.00069807685,0.061864648,0.06090553,0.22278318,0.6346502,0.017449725
/home/share/Uni_Eval/HAM10000_clean/ISIC2018/ISIC_0030847.jpg,5,3,0.03148743,0.01659271,0.22905532,0.2720099,0.13051178,0.25156802,0.06877487
/home/share/Uni_Eval/HAM10000_clean/ISIC2018/ISIC_0029560.jpg,5,4,0.023487734,0.008914939,0.24474782,0.12115896,0.33453062,0.24474782,0.022412153
/home/share/Uni_Eval/HAM10000_clean/ISIC2018/ISIC_0027849.jpg,5,2,0.029161725,0.011599733,0.28103578,0.23298685,0.23298685,0.17045683,0.04177224
/home/share/Uni_Eval/HAM10000_clean/ISIC2018/ISIC_0025681.jpg,5,4,0.08905954,0.011147108,0.30602905,0.071561344,0.3414001,0.16380556,0.01699731
/home/share/Uni_Eval/HAM10000_clean/ISIC2018/ISIC_0030912.jpg,5,3,0.0015745722,0.0066291965,0.27751046,0.35080606,0.052142665,0.30006033,0.011276643
/home/share/Uni_Eval/HAM10000_clean/ISIC2018/ISIC_0027783.jpg,5,5,0.033355206,0.005360669,0.33165285,0.06039847,0.0980364,0.43936864,0.03182776
/home/share/Uni_Eval/HAM10000_clean/ISIC2018/ISIC_0026991.jpg,5,3,0.0049404795,0.0032400456,0.17145783,0.5800344,0.057431184,0.16618264,0.016713427
/home/share/Uni_Eval/HAM10000_clean/ISIC2018/ISIC_0025065.jpg,5,3,0.009896174,0.014625599,0.1754139,0.4919604,0.099947825,0.18966764,0.01848849
/home/share/Uni_Eval/HAM10000_clean/ISIC2018/ISIC_0026333.jpg,5,2,0.008010317,0.0017054948,0.45833722,0.26115265,0.0960727,0.16342518,0.011296356
/home/share/Uni_Eval/HAM10000_clean/ISIC2018/ISIC_0028477.jpg,5,3,0.0033540274,0.009260767,0.17473786,0.38166255,0.05762243,0.27063927,0.102723084
/home/share/Uni_Eval/HAM10000_clean/ISIC2018/ISIC_0026603.jpg,5,3,0.021090416,0.009070874,0.14639649,0.7434628,0.028380256,0.0419433,0.009655896
/home/share/Uni_Eval/HAM10000_clean/ISIC2018/ISIC_0025323.jpg,5,3,0.002021398,0.0010324289,0.21948618,0.6552647,0.007994783,0.11036458,0.0038359389
/home/share/Uni_Eval/HAM10000_clean/ISIC2018/ISIC_0024857.jpg,5,2,0.12940557,0.028874287,0.67803675,0.063067235,0.024697486,0.05479377,0.02112488
/home/share/Uni_Eval/HAM10000_clean/ISIC2018/ISIC_0026295.jpg,5,3,0.008551391,0.013453226,0.07863712,0.76977164,0.020195682,0.100972064,0.008418813
/home/share/Uni_Eval/HAM10000_clean/ISIC2018/ISIC_0030485.jpg,5,2,0.0047837547,0.003137263,0.6566169,0.04984787,0.09759739,0.18233593,0.0056808493
/home/share/Uni_Eval/HAM10000_clean/ISIC2018/ISIC_0029055.jpg,5,2,0.0026262512,0.0063000484,0.37192133,0.3282194,0.0368252,0.24013045,0.01397727
/home/share/Uni_Eval/HAM10000_clean/ISIC2018/ISIC_0028067.jpg,5,3,0.0025239815,0.0011922444,0.1444181,0.75669676,0.009377729,0.08228696,0.0035042015
/home/share/Uni_Eval/HAM10000_clean/ISIC2018/ISIC_0030977.jpg,5,3,0.103189185,0.026090309,0.3658374,0.38943186,0.047243446,0.05698647,0.011221303
/home/share/Uni_Eval/HAM10000_clean/ISIC2018/ISIC_0024821.jpg,5,2,0.01590184,0.0023635975,0.6253489,0.33472517,0.0063253148,0.013183088,0.0021520797
/home/share/Uni_Eval/HAM10000_clean/ISIC2018/ISIC_0029759.jpg,5,3,0.0015548676,0.0030922235,0.079749495,0.57114345,0.07037868,0.24564576,0.028435558
/home/share/Uni_Eval/HAM10000_clean/ISIC2018/ISIC_0030348.jpg,5,2,0.058767416,0.0045316564,0.38321167,0.22882614,0.05350834,0.22882614,0.04232858
/home/share/Uni_Eval/HAM10000_clean/ISIC2018/ISIC_0024617.jpg,5,4,0.0005583793,0.002835684,0.021282991,0.0075886836,0.49977508,0.4550504,0.012908787
/home/share/Uni_Eval/HAM10000_clean/ISIC2018/ISIC_0026942.jpg,5,3,0.026636383,0.001207471,0.31946668,0.5606815,0.024252703,0.064903595,0.002851665
/home/share/Uni_Eval/HAM10000_clean/ISIC2018/ISIC_0030710.jpg,5,4,0.0045502977,0.013374068,0.13297918,0.073438086,0.40960473,0.32912666,0.036926985
/home/share/Uni_Eval/HAM10000_clean/ISIC2018/ISIC_0030963.jpg,5,5,0.007364583,0.008088412,0.29880986,0.15025105,0.09700936,0.40842468,0.030052098
/home/share/Uni_Eval/HAM10000_clean/ISIC2018/ISIC_0030890.jpg,5,4,0.0004557203,0.005909871,0.017921463,0.07088076,0.44798017,0.44798017,0.008871767
/home/share/Uni_Eval/HAM10000_clean/ISIC2018/ISIC_0031896.jpg,5,5,0.0012151398,0.0027383594,0.17479415,0.16678974,0.21753484,0.4326197,0.004308044
/home/share/Uni_Eval/HAM10000_clean/ISIC2018/ISIC_0025956.jpg,5,4,0.0002920614,0.0012686567,0.04614131,0.025481654,0.49606588,0.42430764,0.0064427713
/home/share/Uni_Eval/HAM10000_clean/ISIC2018/ISIC_0025860.jpg,5,5,0.017737238,0.0025552912,0.0886806,0.1193328,0.3000026,0.40369767,0.06799378
/home/share/Uni_Eval/HAM10000_clean/ISIC2018/ISIC_0025473.jpg,5,3,0.0025287385,0.0019388511,0.07866675,0.5546546,0.050003625,0.27889782,0.033309598
/home/share/Uni_Eval/HAM10000_clean/ISIC2018/ISIC_0024540.jpg,5,2,0.0065259207,0.0067330757,0.4870087,0.102082565,0.04975107,0.33471587,0.013182722
/home/share/Uni_Eval/HAM10000_clean/ISIC2018/ISIC_0032020.jpg,5,5,0.0038213034,0.0017495204,0.11521981,0.0437325,0.20221706,0.6228724,0.010387381
/home/share/Uni_Eval/HAM10000_clean/ISIC2018/ISIC_0028632.jpg,5,0,0.37945026,0.0846668,0.3454934,0.09012734,0.07709,0.0077531445,0.015418969
/home/share/Uni_Eval/HAM10000_clean/ISIC2018/ISIC_0029537.jpg,5,5,0.0071659856,0.00016334276,0.18772359,0.021730583,0.19673264,0.5264838,0.06000006
/home/share/Uni_Eval/HAM10000_clean/ISIC2018/ISIC_0027431.jpg,5,2,0.08656762,0.0065718847,0.6008983,0.25049168,0.0060780006,0.046336304,0.0030562105
/home/share/Uni_Eval/HAM10000_clean/ISIC2018/ISIC_0031395.jpg,5,4,0.047625825,0.052306734,0.1943431,0.07852171,0.46620488,0.14669786,0.014299866
/home/share/Uni_Eval/HAM10000_clean/ISIC2018/ISIC_0025897.jpg,5,4,0.017903684,0.02028753,0.12427618,0.106299065,0.42704162,0.29350114,0.010690778
/home/share/Uni_Eval/HAM10000_clean/ISIC2018/ISIC_0033537.jpg,5,3,0.02091439,0.10621206,0.15944318,0.29787907,0.21793297,0.13218303,0.06543534
/home/share/Uni_Eval/HAM10000_clean/ISIC2018/ISIC_0032682.jpg,5,5,0.00699256,0.028983355,0.120132685,0.21753219,0.24649623,0.32655445,0.05330855
/home/share/Uni_Eval/HAM10000_clean/ISIC2018/ISIC_0032616.jpg,5,3,0.0018269927,0.031387866,0.16446064,0.29779977,0.10291685,0.16968119,0.2319267
/home/share/Uni_Eval/HAM10000_clean/ISIC2018/ISIC_0033139.jpg,5,2,0.14366233,0.019442583,0.37849984,0.09421606,0.050430223,0.13495828,0.17879067
/home/share/Uni_Eval/HAM10000_clean/ISIC2018/ISIC_0033418.jpg,5,5,0.0011542762,0.0015532484,0.07966645,0.10070782,0.16346495,0.60734594,0.046107404
/home/share/Uni_Eval/HAM10000_clean/ISIC2018/ISIC_0033364.jpg,5,4,0.014250364,0.00377597,0.13310754,0.28178868,0.3094843,0.21945722,0.03813595
/home/share/Uni_Eval/HAM10000_clean/ISIC2018/ISIC_0034098.jpg,5,4,0.0071645062,0.009344277,0.06385655,0.24478717,0.39116877,0.25255755,0.031121196
/home/share/Uni_Eval/HAM10000_clean/ISIC2018/ISIC_0033040.jpg,5,5,0.0035016255,0.001760728,0.19118227,0.34618637,0.07604705,0.3685135,0.012808415
/home/share/Uni_Eval/HAM10000_clean/ISIC2018/ISIC_0032868.jpg,5,3,0.020210968,0.013890781,0.24621998,0.25403583,0.18585658,0.23130226,0.04848359
/home/share/Uni_Eval/HAM10000_clean/ISIC2018/ISIC_0034018.jpg,5,5,0.00018744546,0.000328977,0.012153384,0.047322348,0.104989216,0.80039686,0.03462177
/home/share/Uni_Eval/HAM10000_clean/ISIC2018/ISIC_0033464.jpg,5,5,0.0016712684,0.0040091644,0.08052622,0.026143035,0.31848738,0.5417653,0.027397666
/home/share/Uni_Eval/HAM10000_clean/ISIC2018/ISIC_0033970.jpg,5,2,0.014678806,0.006616256,0.34469315,0.21570349,0.22255065,0.19035763,0.005400031
/home/share/Uni_Eval/HAM10000_clean/ISIC2018/ISIC_0033896.jpg,5,3,0.02128817,0.0071306434,0.20838793,0.64188004,0.051871862,0.057867236,0.011574176
/home/share/Uni_Eval/HAM10000_clean/ISIC2018/ISIC_0032402.jpg,5,2,0.0064732893,0.002615445,0.6602934,0.18335685,0.014138963,0.101259276,0.031862643
/home/share/Uni_Eval/HAM10000_clean/ISIC2018/ISIC_0034309.jpg,5,3,0.0010149776,0.0010309612,0.07574455,0.55968076,0.038086753,0.124881655,0.19956033
/home/share/Uni_Eval/HAM10000_clean/ISIC2018/ISIC_0033043.jpg,5,3,0.01360741,0.0024018504,0.1878445,0.5786018,0.059107892,0.09745244,0.060984176
/home/share/Uni_Eval/HAM10000_clean/ISIC2018/ISIC_0032562.jpg,5,4,0.010234007,0.0112398565,0.24794726,0.097097546,0.32847676,0.2898797,0.015124882
/home/share/Uni_Eval/HAM10000_clean/ISIC2018/ISIC_0033421.jpg,5,3,0.008842607,0.0051983004,0.21091531,0.35321668,0.14495984,0.25046813,0.026399147
/home/share/Uni_Eval/HAM10000_clean/ISIC2018/ISIC_0033467.jpg,5,5,0.006956371,0.0010835937,0.07136324,0.13755625,0.33517674,0.43037546,0.017488316
/home/share/Uni_Eval/HAM10000_clean/ISIC2018/ISIC_0032996.jpg,5,5,0.002973674,0.0030205029,0.047992673,0.2676816,0.14782782,0.4847088,0.045794927
/home/share/Uni_Eval/HAM10000_clean/ISIC2018/ISIC_0033623.jpg,5,3,0.011583683,0.0046802307,0.10324424,0.61298925,0.045814354,0.19900848,0.022679752
/home/share/Uni_Eval/HAM10000_clean/ISIC2018/ISIC_0033383.jpg,5,3,0.001261846,0.0011311115,0.10181941,0.3666658,0.20891987,0.28555962,0.034642313
/home/share/Uni_Eval/HAM10000_clean/ISIC2018/ISIC_0032634.jpg,5,2,0.048725624,0.01968693,0.40797463,0.40797463,0.041677233,0.060640015,0.013320844
/home/share/Uni_Eval/HAM10000_clean/ISIC2018/ISIC_0033751.jpg,5,3,0.0018903023,0.002973863,0.08164346,0.60326815,0.07669693,0.18982673,0.0437006
/home/share/Uni_Eval/HAM10000_clean/ISIC2018/ISIC_0033065.jpg,5,3,0.00026532382,0.00076773996,0.05467031,0.57864887,0.046761997,0.2909629,0.027922861
/home/share/Uni_Eval/HAM10000_clean/ISIC2018/ISIC_0033353.jpg,5,3,0.0019413868,0.0019112885,0.050857503,0.9014707,0.009407692,0.029897584,0.0045138597
/home/share/Uni_Eval/HAM10000_clean/ISIC2018/ISIC_0034019.jpg,5,5,0.00053921517,0.0049585304,0.12589955,0.13827361,0.118271686,0.5821536,0.029903766
/home/share/Uni_Eval/HAM10000_clean/ISIC2018/ISIC_0034154.jpg,5,4,0.000250801,0.001635428,0.014576411,0.020237343,0.5822527,0.37593058,0.0051168012
/home/share/Uni_Eval/HAM10000_clean/ISIC2018/ISIC_0033597.jpg,5,5,0.0012064566,0.0009106812,0.14387396,0.16303055,0.20289479,0.4035045,0.08457913
/home/share/Uni_Eval/HAM10000_clean/ISIC2018/ISIC_0033330.jpg,5,5,4.0697814e-05,0.0019918107,0.018897776,0.2412706,0.16582271,0.5028511,0.06912519
/home/share/Uni_Eval/HAM10000_clean/ISIC2018/ISIC_0033982.jpg,5,3,0.0019498441,0.0037584228,0.08964652,0.5158801,0.053530388,0.30327025,0.03196445
/home/share/Uni_Eval/HAM10000_clean/ISIC2018/ISIC_0027265.jpg,5,2,0.018731548,0.016530534,0.3590042,0.2545721,0.20455442,0.13626263,0.010344543
/home/share/Uni_Eval/HAM10000_clean/ISIC2018/ISIC_0030038.jpg,5,4,0.008126786,0.04901079,0.22311012,0.22311012,0.24503854,0.23019241,0.021411227
/home/share/Uni_Eval/HAM10000_clean/ISIC2018/ISIC_0027345.jpg,5,5,0.040997643,0.0052943463,0.07902502,0.08153354,0.37116233,0.39510024,0.026886908
/home/share/Uni_Eval/HAM10000_clean/ISIC2018/ISIC_0031299.jpg,5,3,0.0030780598,0.002551801,0.10850535,0.7770848,0.037498444,0.06790091,0.0033805876
/home/share/Uni_Eval/HAM10000_clean/ISIC2018/ISIC_0029915.jpg,0,3,0.07297418,0.07768061,0.07768061,0.7370131,0.0037484996,0.008992183,0.021910822
/home/share/Uni_Eval/HAM10000_clean/ISIC2018/ISIC_0033456.jpg,0,0,0.61377555,0.08570227,0.19313304,0.05363111,0.04176795,0.0037654948,0.008224597
/home/share/Uni_Eval/HAM10000_clean/ISIC2018/ISIC_0031191.jpg,0,4,0.007861073,0.3448719,0.01091402,0.092821024,0.48634738,0.04968351,0.0075010885
/home/share/Uni_Eval/HAM10000_clean/ISIC2018/ISIC_0025948.jpg,0,1,0.016167821,0.27776432,0.014268053,0.15339601,0.26921842,0.11578939,0.15339601
/home/share/Uni_Eval/HAM10000_clean/ISIC2018/ISIC_0030803.jpg,0,0,0.46632913,0.08626222,0.29182133,0.11076288,0.023217158,0.0029517305,0.018655512
/home/share/Uni_Eval/HAM10000_clean/ISIC2018/ISIC_0025069.jpg,0,4,0.005378847,0.01906967,0.028626963,0.033995364,0.73829913,0.1647368,0.009893214
/home/share/Uni_Eval/HAM10000_clean/ISIC2018/ISIC_0028232.jpg,0,2,0.3340324,0.10187412,0.40291995,0.035761178,0.09421816,0.023089152,0.0081050545
/home/share/Uni_Eval/HAM10000_clean/ISIC2018/ISIC_0029067.jpg,0,2,0.23545155,0.17226003,0.25063688,0.18336985,0.1300287,0.008312457,0.019940548
/home/share/Uni_Eval/HAM10000_clean/ISIC2018/ISIC_0025539.jpg,0,4,0.029874323,0.0964355,0.07994784,0.23133671,0.39351702,0.0837846,0.085104026
/home/share/Uni_Eval/HAM10000_clean/ISIC2018/ISIC_0030191.jpg,0,4,0.05025814,0.024114119,0.24354397,0.26333383,0.34886065,0.042988066,0.026901243
/home/share/Uni_Eval/HAM10000_clean/ISIC2018/ISIC_0031043.jpg,0,2,0.17720658,0.031771388,0.6793022,0.04079527,0.046227098,0.01500774,0.009689725
/home/share/Uni_Eval/HAM10000_clean/ISIC2018/ISIC_0032455.jpg,0,3,0.026337136,0.07862816,0.013037827,0.7696839,0.059351653,0.009538678,0.0434226
/home/share/Uni_Eval/HAM10000_clean/ISIC2018/ISIC_0027896.jpg,0,3,0.021247482,0.05425735,0.37662065,0.44724807,0.007939604,0.02192195,0.07076493
/home/share/Uni_Eval/HAM10000_clean/ISIC2018/ISIC_0031044.jpg,0,2,0.12874103,0.044491716,0.46361428,0.10026362,0.07568295,0.026985586,0.16022082
/home/share/Uni_Eval/HAM10000_clean/ISIC2018/ISIC_0031012.jpg,0,0,0.29397976,0.08965876,0.25145423,0.2676716,0.08163523,0.005058201,0.010542197
/home/share/Uni_Eval/HAM10000_clean/ISIC2018/ISIC_0029533.jpg,0,0,0.3480888,0.05862772,0.32699916,0.13211961,0.11125587,0.012878802,0.01003002
/home/share/Uni_Eval/HAM10000_clean/ISIC2018/ISIC_0026992.jpg,0,2,0.084602304,0.08199937,0.42964596,0.12309563,0.20939271,0.03313074,0.038133245
/home/share/Uni_Eval/HAM10000_clean/ISIC2018/ISIC_0025825.jpg,0,2,0.13771129,0.017783735,0.6778387,0.06817203,0.027543988,0.032709293,0.038241044
/home/share/Uni_Eval/HAM10000_clean/ISIC2018/ISIC_0026645.jpg,0,0,0.5118314,0.029792158,0.35177624,0.04201368,0.04201368,0.0055977805,0.016975062
/home/share/Uni_Eval/HAM10000_clean/ISIC2018/ISIC_0029811.jpg,0,0,0.38308218,0.12831646,0.3175863,0.11323888,0.016060688,0.0025811875,0.03913431
/home/share/Uni_Eval/HAM10000_clean/ISIC2018/ISIC_0027178.jpg,0,2,0.07164206,0.03602389,0.7235592,0.116286546,0.026770685,0.013461145,0.0122565115
/home/share/Uni_Eval/HAM10000_clean/ISIC2018/ISIC_0028872.jpg,0,2,0.14958191,0.06848358,0.4536015,0.16173661,0.04025942,0.056774892,0.06956205
/home/share/Uni_Eval/HAM10000_clean/ISIC2018/ISIC_0031292.jpg,0,2,0.20367216,0.059271976,0.3574558,0.2534741,0.040736996,0.010462126,0.0749268
/home/share/Uni_Eval/HAM10000_clean/ISIC2018/ISIC_0033494.jpg,0,3,0.15680502,0.16178252,0.17221661,0.29295033,0.12999593,0.047822826,0.03842672
/home/share/Uni_Eval/HAM10000_clean/ISIC2018/ISIC_0026014.jpg,0,0,0.5970204,0.18786079,0.05819656,0.0140405735,0.12911472,0.0017573838,0.012009539
/home/share/Uni_Eval/HAM10000_clean/ISIC2018/ISIC_0026549.jpg,0,2,0.065525725,0.051835116,0.38904414,0.19562368,0.11500123,0.06975178,0.11321829
/home/share/Uni_Eval/HAM10000_clean/ISIC2018/ISIC_0030387.jpg,0,3,0.1531705,0.05634828,0.31923473,0.36174035,0.03312544,0.016398283,0.059982426
/home/share/Uni_Eval/HAM10000_clean/ISIC2018/ISIC_0029573.jpg,0,2,0.19790268,0.034390327,0.60013247,0.13390765,0.0033003397,0.0070968447,0.023269659
/home/share/Uni_Eval/HAM10000_clean/ISIC2018/ISIC_0029268.jpg,0,2,0.03887851,0.0069705336,0.50418425,0.16888057,0.13152432,0.13569935,0.0138625605
/home/share/Uni_Eval/HAM10000_clean/ISIC2018/ISIC_0029598.jpg,0,4,0.05267009,0.15240596,0.027324885,0.082861684,0.6027773,0.045760572,0.03619959
/home/share/Uni_Eval/HAM10000_clean/ISIC2018/ISIC_0029781.jpg,0,2,0.18842983,0.03173676,0.7223253,0.044756003,0.0040984163,0.0016819866,0.006971641
/home/share/Uni_Eval/HAM10000_clean/ISIC2018/ISIC_0025247.jpg,0,2,0.04218883,0.0064698667,0.4828256,0.41298264,0.0017687632,0.014131488,0.039632738
/home/share/Uni_Eval/HAM10000_clean/ISIC2018/ISIC_0028499.jpg,0,2,0.10693388,0.008915896,0.4644996,0.10861784,0.10364387,0.10045508,0.10693388
/home/share/Uni_Eval/HAM10000_clean/ISIC2018/ISIC_0030591.jpg,0,2,0.11145369,0.036183715,0.40136015,0.22868812,0.14310938,0.0457405,0.03346447
/home/share/Uni_Eval/HAM10000_clean/ISIC2018/ISIC_0029638.jpg,0,2,0.08995725,0.010251864,0.5685473,0.058995407,0.15302244,0.09575899,0.023466751
/home/share/Uni_Eval/HAM10000_clean/ISIC2018/ISIC_0026132.jpg,0,2,0.107109055,0.014955773,0.67695,0.08085015,0.046067026,0.035877034,0.03819091
/home/share/Uni_Eval/HAM10000_clean/ISIC2018/ISIC_0024763.jpg,0,2,0.17603363,0.06475916,0.5422218,0.060835596,0.12878896,0.01742969,0.009931139
/home/share/Uni_Eval/HAM10000_clean/ISIC2018/ISIC_0028076.jpg,0,4,0.06198807,0.084727645,0.15342194,0.20009993,0.24902838,0.08741719,0.1633168
/home/share/Uni_Eval/HAM10000_clean/ISIC2018/ISIC_0025957.jpg,0,2,0.08290368,0.0778808,0.33829877,0.31780228,0.10645043,0.04368717,0.032976806
/home/share/Uni_Eval/HAM10000_clean/ISIC2018/ISIC_0031927.jpg,0,2,0.03633689,0.018559068,0.5095146,0.30903623,0.029197512,0.058066186,0.039289545
/home/share/Uni_Eval/HAM10000_clean/ISIC2018/ISIC_0025264.jpg,0,4,0.009051478,0.04669108,0.10687694,0.2729198,0.37303716,0.10687694,0.08454661
/home/share/Uni_Eval/HAM10000_clean/ISIC2018/ISIC_0026457.jpg,0,0,0.42307356,0.03935197,0.17093718,0.029243903,0.1763633,0.025807653,0.13522243
/home/share/Uni_Eval/HAM10000_clean/ISIC2018/ISIC_0028763.jpg,0,2,0.3059223,0.049166188,0.34665537,0.2169314,0.0407602,0.0034520081,0.037112582
/home/share/Uni_Eval/HAM10000_clean/ISIC2018/ISIC_0025780.jpg,0,2,0.09413431,0.07926903,0.2640062,0.2640062,0.1626495,0.035729352,0.100205444
/home/share/Uni_Eval/HAM10000_clean/ISIC2018/ISIC_0027452.jpg,0,4,0.12967515,0.20722027,0.20084476,0.04999422,0.35249355,0.04276232,0.017009676
/home/share/Uni_Eval/HAM10000_clean/ISIC2018/ISIC_0027884.jpg,0,0,0.41602045,0.10518644,0.27712938,0.108525425,0.050469007,0.011086569,0.0315827
/home/share/Uni_Eval/HAM10000_clean/ISIC2018/ISIC_0027950.jpg,0,0,0.49242288,0.017115131,0.42119163,0.013752393,0.012718885,0.0048275446,0.037971575
/home/share/Uni_Eval/HAM10000_clean/ISIC2018/ISIC_0033536.jpg,0,0,0.30545732,0.22347733,0.08350738,0.14428782,0.07032027,0.051447406,0.121502526
/home/share/Uni_Eval/HAM10000_clean/ISIC2018/ISIC_0032854.jpg,0,2,0.22405659,0.011690467,0.7120504,0.04551986,0.0032463253,0.001557604,0.001878829
