filename,true_label,predicted_label,probability_class_0,probability_class_1,probability_class_2,probability_class_3,probability_class_4,probability_class_5,probability_class_6
/home/share/Uni_Eval/HAM10000_clean/ISIC2018/ISIC_0025661.jpg,2,2,0.2729363,0.08767776,0.5775048,0.031822585,0.018591577,0.011414985,5.1950825e-05
/home/share/Uni_Eval/HAM10000_clean/ISIC2018/ISIC_0027850.jpg,2,1,0.13991098,0.37232035,0.28567478,0.0035328409,0.06882963,0.1289542,0.00077718234
/home/share/Uni_Eval/HAM10000_clean/ISIC2018/ISIC_0029068.jpg,2,1,0.078336194,0.4405589,0.3451919,0.010342408,0.02150345,0.09801611,0.0060509983
/home/share/Uni_Eval/HAM10000_clean/ISIC2018/ISIC_0025984.jpg,2,5,0.0006366631,0.05744309,0.015554375,0.0013396259,0.029219981,0.8949977,0.0008084778
/home/share/Uni_Eval/HAM10000_clean/ISIC2018/ISIC_0032417.jpg,2,2,0.0085375,5.267285e-05,0.9777489,0.0018223886,0.0023516086,0.009328312,0.00015871064
/home/share/Uni_Eval/HAM10000_clean/ISIC2018/ISIC_0027310.jpg,2,2,0.002287625,0.0058865286,0.93725735,0.0017955311,0.0073109004,0.045258533,0.00020354756
/home/share/Uni_Eval/HAM10000_clean/ISIC2018/ISIC_0025937.jpg,2,2,0.16151097,0.11970172,0.36329028,0.015606045,0.030189311,0.3088818,0.00081983535
/home/share/Uni_Eval/HAM10000_clean/ISIC2018/ISIC_0027828.jpg,2,2,0.0038801786,0.0013077526,0.8778555,0.00147147,0.03788538,0.072709456,0.004890351
/home/share/Uni_Eval/HAM10000_clean/ISIC2018/ISIC_0030698.jpg,2,2,0.0029908814,0.0016508256,0.70043063,0.0028036267,0.012419573,0.27927625,0.0004282163
/home/share/Uni_Eval/HAM10000_clean/ISIC2018/ISIC_0024981.jpg,2,4,0.00023897771,0.0026424977,0.009849861,9.037237e-06,0.9422156,0.04501715,2.6877915e-05
/home/share/Uni_Eval/HAM10000_clean/ISIC2018/ISIC_0027053.jpg,2,5,0.032181274,0.024707604,0.20280483,0.001135269,0.059889328,0.6788502,0.00043149598
/home/share/Uni_Eval/HAM10000_clean/ISIC2018/ISIC_0025819.jpg,2,2,0.0042537237,0.012600568,0.71724355,0.0365632,0.085660525,0.14351575,0.00016271594
/home/share/Uni_Eval/HAM10000_clean/ISIC2018/ISIC_0032013.jpg,2,2,0.030830717,0.055482734,0.666365,0.06368321,0.03831321,0.14519206,0.00013307517
/home/share/Uni_Eval/HAM10000_clean/ISIC2018/ISIC_0025099.jpg,2,2,0.0016148934,0.00036352605,0.57074165,0.00033775516,0.0962836,0.33025083,0.0004077493
/home/share/Uni_Eval/HAM10000_clean/ISIC2018/ISIC_0029289.jpg,2,5,0.002079073,0.007359143,0.09968448,0.007242947,0.11807134,0.75656533,0.00899773
/home/share/Uni_Eval/HAM10000_clean/ISIC2018/ISIC_0032283.jpg,2,5,0.01582216,0.0943274,0.24362892,0.0078679565,0.23408666,0.404038,0.00022894819
/home/share/Uni_Eval/HAM10000_clean/ISIC2018/ISIC_0031624.jpg,2,2,0.012379692,0.0009952097,0.9274473,0.00026833863,0.0066615595,0.05073585,0.001511993
/home/share/Uni_Eval/HAM10000_clean/ISIC2018/ISIC_0029060.jpg,2,2,0.008017444,0.0091385385,0.582006,0.033036377,0.026686527,0.34072727,0.0003879205
/home/share/Uni_Eval/HAM10000_clean/ISIC2018/ISIC_0032306.jpg,2,2,0.039345577,0.0009542142,0.8306989,0.03888661,0.01029873,0.07973352,8.2392624e-05
/home/share/Uni_Eval/HAM10000_clean/ISIC2018/ISIC_0027957.jpg,2,5,0.001995037,0.010650791,0.22201781,0.0010058102,0.12274979,0.6364541,0.005126597
/home/share/Uni_Eval/HAM10000_clean/ISIC2018/ISIC_0032382.jpg,2,5,0.00996874,0.06630658,0.27073708,0.00037171695,0.030411,0.62121624,0.0009888058
/home/share/Uni_Eval/HAM10000_clean/ISIC2018/ISIC_0029674.jpg,2,5,0.010366788,0.0074837063,0.16316764,0.0019188776,0.0341678,0.782468,0.0004270971
/home/share/Uni_Eval/HAM10000_clean/ISIC2018/ISIC_0024623.jpg,2,2,0.0021674214,0.0038103408,0.99020654,0.00010986749,0.002316214,0.0013733188,1.6236983e-05
/home/share/Uni_Eval/HAM10000_clean/ISIC2018/ISIC_0032929.jpg,2,2,0.04710048,0.0055649783,0.8685947,0.007707312,0.05431384,0.016430888,0.00028780132
/home/share/Uni_Eval/HAM10000_clean/ISIC2018/ISIC_0033900.jpg,2,2,0.0030475536,0.0014107961,0.7247047,0.0075917076,0.122186646,0.1409322,0.00012635806
/home/share/Uni_Eval/HAM10000_clean/ISIC2018/ISIC_0030276.jpg,2,2,0.0046490165,0.052539498,0.8654752,0.0060054,0.05017116,0.02095581,0.00020385592
/home/share/Uni_Eval/HAM10000_clean/ISIC2018/ISIC_0033465.jpg,2,2,0.011272629,0.00064499554,0.8114447,0.0053277225,0.059358574,0.11194396,7.4713826e-06
/home/share/Uni_Eval/HAM10000_clean/ISIC2018/ISIC_0029683.jpg,2,4,0.0014393568,0.0006887427,0.36245593,0.0005849912,0.45514673,0.17967562,8.665461e-06
/home/share/Uni_Eval/HAM10000_clean/ISIC2018/ISIC_0032514.jpg,2,2,0.0028737714,0.017645812,0.59109735,0.010185086,0.30845952,0.0697097,2.8745868e-05
/home/share/Uni_Eval/HAM10000_clean/ISIC2018/ISIC_0033910.jpg,2,4,0.052907895,0.03619744,0.2698279,0.0031269232,0.35778013,0.27813995,0.0020197716
/home/share/Uni_Eval/HAM10000_clean/ISIC2018/ISIC_0033212.jpg,2,2,0.0015279909,0.0018730935,0.95646507,0.0020225253,0.013519245,0.024179315,0.00041270512
/home/share/Uni_Eval/HAM10000_clean/ISIC2018/ISIC_0033601.jpg,2,2,0.00033011456,0.00046850753,0.90753645,0.00013254322,0.04307428,0.048327267,0.00013077262
/home/share/Uni_Eval/HAM10000_clean/ISIC2018/ISIC_0033677.jpg,2,2,0.0071939314,0.0006435773,0.6457768,0.009501846,0.09190697,0.24487169,0.000105171974
/home/share/Uni_Eval/HAM10000_clean/ISIC2018/ISIC_0033262.jpg,2,5,0.0016890677,0.0019265409,0.16250528,0.015344544,0.025023261,0.79314643,0.00036482696
/home/share/Uni_Eval/HAM10000_clean/ISIC2018/ISIC_0032570.jpg,2,2,0.008930056,0.0003969459,0.8955741,0.016998855,0.010598048,0.03794126,0.029560681
/home/share/Uni_Eval/HAM10000_clean/ISIC2018/ISIC_0033264.jpg,2,4,0.0060723154,0.0004056838,0.17545873,0.00061212305,0.5754046,0.24203002,1.6601673e-05
/home/share/Uni_Eval/HAM10000_clean/ISIC2018/ISIC_0032665.jpg,2,4,0.09391685,0.028877288,0.13783926,0.0004786002,0.37783673,0.3482931,0.012758145
/home/share/Uni_Eval/HAM10000_clean/ISIC2018/ISIC_0033587.jpg,2,4,0.000613814,0.00018131567,0.28952566,0.0013940961,0.6872746,0.020974716,3.589771e-05
/home/share/Uni_Eval/HAM10000_clean/ISIC2018/ISIC_0032675.jpg,2,2,0.001773385,0.0011082113,0.7404974,0.005445535,0.124660365,0.12644301,7.2035735e-05
/home/share/Uni_Eval/HAM10000_clean/ISIC2018/ISIC_0033449.jpg,2,2,0.019991932,0.0013853906,0.8416426,0.020111157,0.07603853,0.040817983,1.2310044e-05
/home/share/Uni_Eval/HAM10000_clean/ISIC2018/ISIC_0033758.jpg,2,5,0.0051036696,0.04542543,0.044473723,0.0024950623,0.048395704,0.8488103,0.0052960864
/home/share/Uni_Eval/HAM10000_clean/ISIC2018/ISIC_0032876.jpg,2,5,0.0056222645,0.008678353,0.13717073,0.0005626647,0.23046723,0.6119871,0.0055116066
/home/share/Uni_Eval/HAM10000_clean/ISIC2018/ISIC_0025157.jpg,2,2,0.058266297,0.0019260793,0.91629267,0.00030036457,0.0060319533,0.017176384,6.2720146e-06
/home/share/Uni_Eval/HAM10000_clean/ISIC2018/ISIC_0026060.jpg,2,2,0.0072220885,0.0006164762,0.9846256,0.0046614236,0.0008169962,0.0017937801,0.0002635997
/home/share/Uni_Eval/HAM10000_clean/ISIC2018/ISIC_0029394.jpg,2,5,0.0035341755,5.936488e-05,0.10352069,0.00017061048,0.36750314,0.52520645,5.609771e-06
/home/share/Uni_Eval/HAM10000_clean/ISIC2018/ISIC_0026844.jpg,2,5,0.23083097,0.1833623,0.13568695,0.113137566,0.060590692,0.23650464,0.03988697
/home/share/Uni_Eval/HAM10000_clean/ISIC2018/ISIC_0027374.jpg,2,2,0.0057878853,0.01975132,0.57426214,0.008490294,0.14391889,0.24332455,0.00446493
/home/share/Uni_Eval/HAM10000_clean/ISIC2018/ISIC_0025507.jpg,2,2,0.0040418436,0.00080448756,0.8748781,0.0004097678,0.09687833,0.022982284,5.0694716e-06
/home/share/Uni_Eval/HAM10000_clean/ISIC2018/ISIC_0028336.jpg,2,2,0.031031197,0.3603161,0.36573407,0.0035680793,0.029722039,0.20929003,0.00033852312
/home/share/Uni_Eval/HAM10000_clean/ISIC2018/ISIC_0025838.jpg,2,4,0.04434221,0.009994432,0.35088125,0.012423939,0.4148638,0.1674778,1.660442e-05
/home/share/Uni_Eval/HAM10000_clean/ISIC2018/ISIC_0027780.jpg,2,5,0.013109511,0.0014541615,0.3673353,0.0047724065,0.047513254,0.5657896,2.5807616e-05
/home/share/Uni_Eval/HAM10000_clean/ISIC2018/ISIC_0024592.jpg,2,5,0.00581979,0.022972802,0.34774864,0.024219157,0.0017149915,0.597415,0.00010966721
/home/share/Uni_Eval/HAM10000_clean/ISIC2018/ISIC_0030721.jpg,2,1,0.010463185,0.5009394,0.32801414,0.014459161,0.033009656,0.07685577,0.036258638
/home/share/Uni_Eval/HAM10000_clean/ISIC2018/ISIC_0032168.jpg,2,2,0.016536767,0.0048560696,0.897245,0.00355678,0.02659141,0.051146373,6.762917e-05
/home/share/Uni_Eval/HAM10000_clean/ISIC2018/ISIC_0024505.jpg,2,2,0.09143371,0.0016615007,0.7279582,0.0012351158,0.118603125,0.05908172,2.6660544e-05
/home/share/Uni_Eval/HAM10000_clean/ISIC2018/ISIC_0024626.jpg,2,2,0.35623938,0.014862989,0.4445569,0.013267998,0.049964454,0.12110405,4.216466e-06
/home/share/Uni_Eval/HAM10000_clean/ISIC2018/ISIC_0024971.jpg,2,2,0.25895506,0.014769463,0.5828877,0.0024842755,0.07340435,0.06739305,0.00010611189
/home/share/Uni_Eval/HAM10000_clean/ISIC2018/ISIC_0025485.jpg,2,2,0.0141776875,0.010411238,0.90739363,0.0036339383,0.010263067,0.054119643,8.681129e-07
/home/share/Uni_Eval/HAM10000_clean/ISIC2018/ISIC_0028856.jpg,2,2,0.051240798,0.062308755,0.771538,0.011656711,0.025557065,0.07764453,5.4110085e-05
/home/share/Uni_Eval/HAM10000_clean/ISIC2018/ISIC_0030095.jpg,2,2,0.11135081,0.009875465,0.7339166,0.0022468008,0.06832878,0.07427328,8.341889e-06
/home/share/Uni_Eval/HAM10000_clean/ISIC2018/ISIC_0024883.jpg,2,5,0.0010985867,0.0044505373,0.0045326063,0.0006758731,0.0030623702,0.98575866,0.00042139427
/home/share/Uni_Eval/HAM10000_clean/ISIC2018/ISIC_0027295.jpg,2,2,0.06989533,0.008484675,0.81353396,0.026066082,0.058545347,0.023440024,3.4626693e-05
/home/share/Uni_Eval/HAM10000_clean/ISIC2018/ISIC_0032156.jpg,2,2,0.02693838,0.004349077,0.65634614,0.003920646,0.17422315,0.1342163,6.2776653e-06
/home/share/Uni_Eval/HAM10000_clean/ISIC2018/ISIC_0030783.jpg,2,4,0.03577736,0.04394291,0.21247897,0.0010608942,0.46755713,0.23887128,0.00031150944
/home/share/Uni_Eval/HAM10000_clean/ISIC2018/ISIC_0030459.jpg,2,2,0.041367132,0.0054458347,0.9119075,0.0027884482,0.026939949,0.011544583,6.4690903e-06
/home/share/Uni_Eval/HAM10000_clean/ISIC2018/ISIC_0026861.jpg,2,2,0.06920241,0.05131,0.6733377,0.018238084,0.1374265,0.050189134,0.00029621038
/home/share/Uni_Eval/HAM10000_clean/ISIC2018/ISIC_0030208.jpg,2,2,0.07919664,0.017779892,0.82152843,0.045436636,0.003637509,0.032341536,7.9281555e-05
/home/share/Uni_Eval/HAM10000_clean/ISIC2018/ISIC_0030723.jpg,2,2,0.07697595,0.11881191,0.7772824,0.00081353955,0.0200943,0.0053267255,0.00069522776
/home/share/Uni_Eval/HAM10000_clean/ISIC2018/ISIC_0027969.jpg,2,2,0.004701002,0.000110643094,0.7402471,0.0009280214,0.00076238817,0.25323886,1.2002127e-05
/home/share/Uni_Eval/HAM10000_clean/ISIC2018/ISIC_0031851.jpg,2,0,0.43387073,0.28088602,0.12083035,0.0016471299,0.15094298,0.009298633,0.0025241326
/home/share/Uni_Eval/HAM10000_clean/ISIC2018/ISIC_0029420.jpg,2,2,0.008898174,0.0003933175,0.79742867,0.0016058872,0.08166344,0.11000892,1.6674497e-06
/home/share/Uni_Eval/HAM10000_clean/ISIC2018/ISIC_0024381.jpg,2,2,0.0063655595,0.0005466781,0.9484973,0.00029510696,0.003818154,0.04047228,4.821149e-06
/home/share/Uni_Eval/HAM10000_clean/ISIC2018/ISIC_0029991.jpg,2,1,0.28532937,0.41880867,0.19768332,0.016401842,0.028293168,0.053343654,0.00013993651
/home/share/Uni_Eval/HAM10000_clean/ISIC2018/ISIC_0031168.jpg,2,1,0.084704705,0.48824564,0.30397192,0.024016654,0.02129202,0.077076815,0.0006923062
/home/share/Uni_Eval/HAM10000_clean/ISIC2018/ISIC_0024547.jpg,2,5,0.01714831,0.0020021254,0.38569123,0.009935623,0.13479565,0.45040265,2.4409761e-05
/home/share/Uni_Eval/HAM10000_clean/ISIC2018/ISIC_0029897.jpg,2,2,0.0011851087,0.00902251,0.9808022,0.0028950735,0.0015578866,0.0044873827,4.9916827e-05
/home/share/Uni_Eval/HAM10000_clean/ISIC2018/ISIC_0027006.jpg,2,2,0.012054042,0.046172,0.6152707,0.030357031,0.18048957,0.115609534,4.707538e-05
/home/share/Uni_Eval/HAM10000_clean/ISIC2018/ISIC_0028881.jpg,2,2,0.0945542,0.037235662,0.4359989,0.0028837917,0.2398831,0.18932892,0.000115547984
/home/share/Uni_Eval/HAM10000_clean/ISIC2018/ISIC_0029311.jpg,2,2,0.0075655486,0.0074889436,0.7987163,0.009012687,0.0034828032,0.17363279,0.000100902784
/home/share/Uni_Eval/HAM10000_clean/ISIC2018/ISIC_0025973.jpg,2,2,0.03023748,0.034338936,0.51988435,0.0039787157,0.1602044,0.25131065,4.5464018e-05
/home/share/Uni_Eval/HAM10000_clean/ISIC2018/ISIC_0031580.jpg,2,2,0.0067177033,0.008491014,0.66883755,0.00858153,0.13042684,0.17689785,4.7417725e-05
/home/share/Uni_Eval/HAM10000_clean/ISIC2018/ISIC_0028389.jpg,2,2,0.024472175,0.03836908,0.67197925,0.031466436,0.038567368,0.19484161,0.00030410936
/home/share/Uni_Eval/HAM10000_clean/ISIC2018/ISIC_0028750.jpg,2,2,0.1501938,0.0009183761,0.6293949,0.00994769,0.053052705,0.15644658,4.5966735e-05
/home/share/Uni_Eval/HAM10000_clean/ISIC2018/ISIC_0026378.jpg,2,2,0.09905087,0.00079928705,0.83065754,0.0058082,0.018716112,0.044961058,6.9550424e-06
/home/share/Uni_Eval/HAM10000_clean/ISIC2018/ISIC_0030683.jpg,2,5,0.01255715,0.026366943,0.20833497,0.011290835,0.004201328,0.7369697,0.00027899322
/home/share/Uni_Eval/HAM10000_clean/ISIC2018/ISIC_0025883.jpg,2,2,0.00748187,0.03475972,0.8862418,0.0020347433,0.037460547,0.030175567,0.0018457647
/home/share/Uni_Eval/HAM10000_clean/ISIC2018/ISIC_0031050.jpg,2,2,0.008077562,0.0061379545,0.81736124,0.02480832,0.102613874,0.040996686,4.366497e-06
/home/share/Uni_Eval/HAM10000_clean/ISIC2018/ISIC_0026316.jpg,2,4,0.0032273065,0.0017278309,0.16817705,0.0026864358,0.42093906,0.40323877,3.4821355e-06
/home/share/Uni_Eval/HAM10000_clean/ISIC2018/ISIC_0031522.jpg,2,2,0.06691372,0.04353007,0.7297051,0.0047507496,0.018937085,0.1342586,0.001904688
/home/share/Uni_Eval/HAM10000_clean/ISIC2018/ISIC_0032024.jpg,2,0,0.42608124,0.0450248,0.36032435,0.08932258,0.012276378,0.0666265,0.00034415093
/home/share/Uni_Eval/HAM10000_clean/ISIC2018/ISIC_0025374.jpg,2,2,0.027638447,0.00034523514,0.71864414,0.002173686,0.12003305,0.1311541,1.1299158e-05
/home/share/Uni_Eval/HAM10000_clean/ISIC2018/ISIC_0026365.jpg,2,5,0.026676176,0.10062037,0.15527023,0.0060673873,0.09272744,0.6178922,0.0007461775
/home/share/Uni_Eval/HAM10000_clean/ISIC2018/ISIC_0028656.jpg,2,5,0.0010513829,0.00032987914,0.08250819,0.0020814205,0.34461078,0.56936234,5.6044963e-05
/home/share/Uni_Eval/HAM10000_clean/ISIC2018/ISIC_0031716.jpg,2,1,0.14460939,0.5882904,0.18941632,0.036223684,0.036944043,0.004266081,0.00025015767
/home/share/Uni_Eval/HAM10000_clean/ISIC2018/ISIC_0027893.jpg,2,4,0.010378411,0.001377348,0.1221384,0.0019078482,0.4790118,0.38517332,1.28838465e-05
/home/share/Uni_Eval/HAM10000_clean/ISIC2018/ISIC_0030318.jpg,2,2,0.0030266268,0.00082112616,0.9231954,0.0001550911,0.002090433,0.070701115,1.0266817e-05
/home/share/Uni_Eval/HAM10000_clean/ISIC2018/ISIC_0028749.jpg,2,2,0.06967971,0.014810588,0.6976509,0.004241961,0.1645791,0.048931036,0.0001066699
/home/share/Uni_Eval/HAM10000_clean/ISIC2018/ISIC_0026961.jpg,2,2,0.0077051953,0.00040882776,0.85067946,0.017503357,0.095759735,0.02793534,8.007271e-06
/home/share/Uni_Eval/HAM10000_clean/ISIC2018/ISIC_0025040.jpg,2,5,0.0027613267,0.0037785268,0.018027341,0.0013730011,0.05467388,0.91798425,0.0014016549
/home/share/Uni_Eval/HAM10000_clean/ISIC2018/ISIC_0026704.jpg,2,2,0.049390625,0.010829355,0.59353894,0.00207726,0.08524711,0.25888732,2.9463397e-05
/home/share/Uni_Eval/HAM10000_clean/ISIC2018/ISIC_0029302.jpg,2,2,0.010673268,0.00035258514,0.92891073,0.0031772302,0.006576957,0.05030578,3.4618138e-06
/home/share/Uni_Eval/HAM10000_clean/ISIC2018/ISIC_0030310.jpg,2,2,0.006048842,0.00013979299,0.8891328,0.0011767519,0.07750359,0.025997788,4.579683e-07
/home/share/Uni_Eval/HAM10000_clean/ISIC2018/ISIC_0028229.jpg,2,2,0.12933043,0.02455676,0.7776488,0.0033475184,0.05681493,0.008281597,1.9947971e-05
/home/share/Uni_Eval/HAM10000_clean/ISIC2018/ISIC_0025068.jpg,2,0,0.65797424,0.07088794,0.061238445,0.00040458306,0.17069922,0.038498923,0.00029662822
/home/share/Uni_Eval/HAM10000_clean/ISIC2018/ISIC_0028943.jpg,2,2,0.069116384,0.025137365,0.8704524,0.00094680284,0.02838237,0.0056597055,0.0003050144
/home/share/Uni_Eval/HAM10000_clean/ISIC2018/ISIC_0031980.jpg,2,2,0.011682175,0.00096722227,0.93405056,0.0013167827,0.050736867,0.0012367333,9.638617e-06
/home/share/Uni_Eval/HAM10000_clean/ISIC2018/ISIC_0028611.jpg,2,1,0.0947531,0.43304464,0.0050427923,0.03150916,0.30601504,0.12722248,0.0024127653
/home/share/Uni_Eval/HAM10000_clean/ISIC2018/ISIC_0027509.jpg,2,2,0.030558687,0.001841267,0.92809314,0.00066760945,0.03286694,0.0059667407,5.599023e-06
/home/share/Uni_Eval/HAM10000_clean/ISIC2018/ISIC_0030240.jpg,2,2,0.05706037,0.0015584023,0.9238677,0.0053208536,0.008766319,0.0034054355,2.0950087e-05
/home/share/Uni_Eval/HAM10000_clean/ISIC2018/ISIC_0026871.jpg,2,0,0.34458247,0.011126607,0.29506892,0.000966924,0.009670904,0.33849096,9.320545e-05
/home/share/Uni_Eval/HAM10000_clean/ISIC2018/ISIC_0027859.jpg,2,2,0.12580505,0.0020638332,0.7108504,0.0135845095,0.0086267525,0.13898617,8.325358e-05
/home/share/Uni_Eval/HAM10000_clean/ISIC2018/ISIC_0029329.jpg,2,1,0.0068417625,0.5997959,0.16602713,0.0022462634,0.19172095,0.03222105,0.0011469302
/home/share/Uni_Eval/HAM10000_clean/ISIC2018/ISIC_0028913.jpg,2,2,0.010985642,0.022875613,0.56560236,0.001275095,0.025752194,0.3695372,0.0039719604
/home/share/Uni_Eval/HAM10000_clean/ISIC2018/ISIC_0028165.jpg,2,2,0.017054273,0.0004597886,0.5477574,0.00070935854,0.18784806,0.2461684,2.6521923e-06
/home/share/Uni_Eval/HAM10000_clean/ISIC2018/ISIC_0031465.jpg,2,2,0.005072412,0.0019689403,0.546991,2.6061667e-05,0.0668585,0.3790817,1.4666881e-06
/home/share/Uni_Eval/HAM10000_clean/ISIC2018/ISIC_0031000.jpg,2,0,0.40768665,0.12775663,0.3949302,0.011390413,0.03918176,0.01896291,9.1421636e-05
/home/share/Uni_Eval/HAM10000_clean/ISIC2018/ISIC_0026276.jpg,2,2,0.006176316,0.0028203833,0.94300705,0.019692471,0.012480572,0.015802158,2.1016842e-05
/home/share/Uni_Eval/HAM10000_clean/ISIC2018/ISIC_0027435.jpg,2,2,0.008984899,0.07908668,0.709014,0.011218974,0.0057402537,0.18578887,0.00016625108
/home/share/Uni_Eval/HAM10000_clean/ISIC2018/ISIC_0028294.jpg,2,2,0.02742754,0.01643245,0.75670743,0.0064564385,0.17418426,0.018563969,0.00022783324
/home/share/Uni_Eval/HAM10000_clean/ISIC2018/ISIC_0026803.jpg,2,2,0.0034994923,0.001067572,0.88095033,0.008975544,0.0056623803,0.09982591,1.876347e-05
/home/share/Uni_Eval/HAM10000_clean/ISIC2018/ISIC_0026016.jpg,2,2,0.00344835,0.0030946117,0.89230317,0.0006204846,0.09081177,0.00971437,7.3093415e-06
/home/share/Uni_Eval/HAM10000_clean/ISIC2018/ISIC_0029505.jpg,2,2,0.015093331,0.009648294,0.86475986,0.002356501,0.015034067,0.09306487,4.308608e-05
/home/share/Uni_Eval/HAM10000_clean/ISIC2018/ISIC_0026069.jpg,2,2,0.008520264,0.010680968,0.5454116,0.00588334,0.009570637,0.41976395,0.00016926776
/home/share/Uni_Eval/HAM10000_clean/ISIC2018/ISIC_0031528.jpg,2,5,0.017110247,0.006546531,0.32836008,0.022546541,0.15720002,0.46778297,0.00045368445
/home/share/Uni_Eval/HAM10000_clean/ISIC2018/ISIC_0028490.jpg,2,2,0.09311335,0.0012618889,0.582157,0.061817087,0.02232176,0.23885605,0.00047285153
/home/share/Uni_Eval/HAM10000_clean/ISIC2018/ISIC_0031987.jpg,2,2,0.028998194,0.0014464626,0.9201126,0.018604962,0.0016923145,0.02902932,0.000116188065
/home/share/Uni_Eval/HAM10000_clean/ISIC2018/ISIC_0026631.jpg,2,2,0.05490308,0.0040378207,0.87513846,0.0048720795,0.051974572,0.009054193,1.9817653e-05
/home/share/Uni_Eval/HAM10000_clean/ISIC2018/ISIC_0025710.jpg,2,2,0.03562051,0.01198908,0.89820534,0.005105744,0.013302284,0.03574805,2.9000901e-05
/home/share/Uni_Eval/HAM10000_clean/ISIC2018/ISIC_0030123.jpg,2,4,0.012709667,0.010390888,0.21729498,0.008616756,0.61722994,0.1335729,0.00018483294
/home/share/Uni_Eval/HAM10000_clean/ISIC2018/ISIC_0029872.jpg,2,2,0.0144807985,0.014309677,0.89711493,0.0025835086,0.036659192,0.03472773,0.0001241672
/home/share/Uni_Eval/HAM10000_clean/ISIC2018/ISIC_0026530.jpg,2,5,0.01527765,0.019301435,0.40136054,0.011081487,0.020331897,0.53258806,5.89316e-05
/home/share/Uni_Eval/HAM10000_clean/ISIC2018/ISIC_0032498.jpg,2,2,0.0099385325,0.0024444435,0.8489219,0.0012005027,0.08555095,0.051933974,9.757234e-06
/home/share/Uni_Eval/HAM10000_clean/ISIC2018/ISIC_0029778.jpg,2,2,0.009725259,0.011030282,0.8500033,0.004196222,0.05384424,0.071195714,4.974495e-06
/home/share/Uni_Eval/HAM10000_clean/ISIC2018/ISIC_0029555.jpg,2,2,0.0017439891,0.00015817452,0.91772634,0.00089742045,0.02649741,0.05294174,3.4867124e-05
/home/share/Uni_Eval/HAM10000_clean/ISIC2018/ISIC_0030173.jpg,2,5,0.0033437205,0.0008219369,0.09915551,0.00045328334,0.30283946,0.59331894,6.708491e-05
/home/share/Uni_Eval/HAM10000_clean/ISIC2018/ISIC_0029012.jpg,2,5,0.0045509534,0.0022109358,0.43413764,0.0016210985,0.06964827,0.48778343,4.766357e-05
/home/share/Uni_Eval/HAM10000_clean/ISIC2018/ISIC_0032170.jpg,2,5,0.0006255306,6.8682064e-05,0.23254885,0.002357187,0.0010943428,0.7632815,2.3898903e-05
/home/share/Uni_Eval/HAM10000_clean/ISIC2018/ISIC_0033460.jpg,2,2,0.02288087,0.008065676,0.63876414,0.0047632237,0.28064784,0.04482816,5.000933e-05
/home/share/Uni_Eval/HAM10000_clean/ISIC2018/ISIC_0033199.jpg,2,2,0.023177752,0.08141658,0.42567867,0.19618526,0.10598113,0.16702844,0.0005322044
/home/share/Uni_Eval/HAM10000_clean/ISIC2018/ISIC_0028411.jpg,2,2,0.011190864,0.0032325047,0.8621403,0.00240748,0.055606924,0.06428099,0.0011408662
/home/share/Uni_Eval/HAM10000_clean/ISIC2018/ISIC_0032681.jpg,2,2,0.00420754,0.00012610688,0.80172795,0.009882177,0.1664542,0.017581653,2.0325715e-05
/home/share/Uni_Eval/HAM10000_clean/ISIC2018/ISIC_0033509.jpg,2,2,0.0076386724,0.00087107805,0.68295753,0.009138205,0.2571614,0.042221703,1.138524e-05
/home/share/Uni_Eval/HAM10000_clean/ISIC2018/ISIC_0032636.jpg,2,5,0.0058701625,0.046381123,0.021450954,0.0006871059,0.45125183,0.45426908,0.020089725
/home/share/Uni_Eval/HAM10000_clean/ISIC2018/ISIC_0034167.jpg,2,4,0.0005206864,0.0028906544,0.3234091,0.00040207483,0.58653694,0.08257819,0.0036622898
/home/share/Uni_Eval/HAM10000_clean/ISIC2018/ISIC_0032271.jpg,2,2,0.15896566,0.079272866,0.49508357,0.14735411,0.008780224,0.1096661,0.0008774862
/home/share/Uni_Eval/HAM10000_clean/ISIC2018/ISIC_0027142.jpg,2,5,0.005446204,0.04418932,0.41991034,0.07247901,0.0057456875,0.45182538,0.00040411405
/home/share/Uni_Eval/HAM10000_clean/ISIC2018/ISIC_0031396.jpg,2,2,0.011421737,0.013952148,0.88808954,0.007173333,0.007547857,0.07083574,0.0009795539
/home/share/Uni_Eval/HAM10000_clean/ISIC2018/ISIC_0027370.jpg,2,2,0.001144386,2.484359e-05,0.8276058,0.005403354,0.00034418388,0.16496965,0.00050776714
/home/share/Uni_Eval/HAM10000_clean/ISIC2018/ISIC_0026566.jpg,2,2,0.0135236615,0.012186481,0.63562375,0.07725606,0.005756614,0.25110206,0.0045513012
/home/share/Uni_Eval/HAM10000_clean/ISIC2018/ISIC_0031511.jpg,2,2,0.00011699238,0.00024303487,0.98077995,0.0073581473,0.00132125,0.010117115,6.3527754e-05
/home/share/Uni_Eval/HAM10000_clean/ISIC2018/ISIC_0030316.jpg,2,2,0.0025309762,0.008071388,0.7392595,0.06614613,0.0011548809,0.18226077,0.0005763184
/home/share/Uni_Eval/HAM10000_clean/ISIC2018/ISIC_0029345.jpg,2,2,0.00043474606,0.0010995116,0.71303934,0.0013137175,0.03062503,0.25322458,0.00026305488
/home/share/Uni_Eval/HAM10000_clean/ISIC2018/ISIC_0026846.jpg,2,2,0.0013693656,0.006216997,0.9543813,0.0065491055,0.00028209528,0.031072969,0.00012815966
/home/share/Uni_Eval/HAM10000_clean/ISIC2018/ISIC_0032460.jpg,2,2,0.011714971,0.075714655,0.8890082,0.009306377,0.0035933738,0.009863659,0.0007987739
/home/share/Uni_Eval/HAM10000_clean/ISIC2018/ISIC_0027025.jpg,2,2,0.0012188177,0.0012613175,0.9892461,0.0032383632,0.0020764666,0.0029519661,7.106409e-06
/home/share/Uni_Eval/HAM10000_clean/ISIC2018/ISIC_0030088.jpg,2,2,0.0003588522,2.7116586e-05,0.9684503,0.0005486372,0.0020916588,0.028519643,3.842943e-06
/home/share/Uni_Eval/HAM10000_clean/ISIC2018/ISIC_0025392.jpg,2,2,0.0010900964,0.00056936924,0.8805987,0.00073748815,0.0017890942,0.11464626,0.00056901586
/home/share/Uni_Eval/HAM10000_clean/ISIC2018/ISIC_0026783.jpg,2,2,0.0042533902,0.0010691533,0.9250184,0.0024077904,0.031836025,0.035392277,2.2901706e-05
/home/share/Uni_Eval/HAM10000_clean/ISIC2018/ISIC_0025330.jpg,2,2,0.002267487,0.000202193,0.9437851,0.005756392,0.00090388244,0.04668279,0.0004022066
/home/share/Uni_Eval/HAM10000_clean/ISIC2018/ISIC_0027275.jpg,2,2,0.001422295,0.00017615495,0.70048493,0.0025863277,0.0074800835,0.28593644,0.0019137302
/home/share/Uni_Eval/HAM10000_clean/ISIC2018/ISIC_0029233.jpg,2,2,0.013966255,0.00057770853,0.9428221,0.0022971835,0.00718855,0.032952145,0.00019608164
/home/share/Uni_Eval/HAM10000_clean/ISIC2018/ISIC_0032359.jpg,2,2,0.0002406513,5.400459e-05,0.91128546,0.0004846789,0.008574796,0.078466706,0.00089374563
/home/share/Uni_Eval/HAM10000_clean/ISIC2018/ISIC_0029048.jpg,2,2,0.00017668775,0.00055685407,0.98105407,0.0006089588,0.0005103209,0.01622864,0.0008644789
/home/share/Uni_Eval/HAM10000_clean/ISIC2018/ISIC_0028925.jpg,2,2,0.0014053417,0.006781516,0.70299673,0.24029282,0.0007969377,0.045243107,0.0024835735
/home/share/Uni_Eval/HAM10000_clean/ISIC2018/ISIC_0027008.jpg,3,1,0.021919968,0.5727375,0.020424202,0.0761219,0.057678808,0.24407028,0.007047372
/home/share/Uni_Eval/HAM10000_clean/ISIC2018/ISIC_0032468.jpg,3,3,0.012980009,0.033261288,0.013854781,0.86294615,0.037665326,0.033838574,0.0054538646
/home/share/Uni_Eval/HAM10000_clean/ISIC2018/ISIC_0030555.jpg,3,5,0.0047210865,0.14533807,0.02479801,0.31657603,0.0037985896,0.44075826,0.06401002
/home/share/Uni_Eval/HAM10000_clean/ISIC2018/ISIC_0030244.jpg,3,3,0.012630833,0.22491588,0.092121586,0.34739566,0.05207281,0.23344356,0.037419703
/home/share/Uni_Eval/HAM10000_clean/ISIC2018/ISIC_0025668.jpg,3,5,0.0036930507,0.0144645395,0.17523189,0.19333224,0.012792886,0.60032576,0.00015962447
/home/share/Uni_Eval/HAM10000_clean/ISIC2018/ISIC_0033790.jpg,3,5,0.06735815,0.0043921927,0.097038835,0.29526705,0.10691071,0.4281272,0.0009058561
/home/share/Uni_Eval/HAM10000_clean/ISIC2018/ISIC_0029039.jpg,3,2,0.121546514,0.13591559,0.4020421,0.092393085,0.0049046734,0.24302907,0.00016902712
/home/share/Uni_Eval/HAM10000_clean/ISIC2018/ISIC_0027107.jpg,3,2,0.20670389,0.014657861,0.4910163,0.17348765,0.0502763,0.063837856,2.0159187e-05
/home/share/Uni_Eval/HAM10000_clean/ISIC2018/ISIC_0024973.jpg,3,1,0.013833938,0.44430146,0.06342171,0.013175922,0.22528018,0.23987481,0.00011201162
/home/share/Uni_Eval/HAM10000_clean/ISIC2018/ISIC_0025622.jpg,3,4,0.009224825,0.019886434,0.28584585,0.117073014,0.34540245,0.22253364,3.387592e-05
/home/share/Uni_Eval/HAM10000_clean/ISIC2018/ISIC_0033626.jpg,3,5,0.017764634,0.0010424182,0.027335418,0.3247841,0.0753971,0.5532212,0.00045518237
/home/share/Uni_Eval/HAM10000_clean/ISIC2018/ISIC_0033891.jpg,3,3,0.002409929,0.0018370195,0.06267997,0.79721344,0.008349173,0.1270372,0.00047328512
/home/share/Uni_Eval/HAM10000_clean/ISIC2018/ISIC_0033005.jpg,3,3,0.0030933293,0.0041962746,0.003318707,0.9248663,0.0034387652,0.058792423,0.002294147
/home/share/Uni_Eval/HAM10000_clean/ISIC2018/ISIC_0033847.jpg,3,3,0.0123804305,0.017884476,0.10135645,0.7002459,0.004214823,0.16300683,0.0009111357
/home/share/Uni_Eval/HAM10000_clean/ISIC2018/ISIC_0026471.jpg,3,5,0.006945256,0.03808281,0.13434733,0.36571193,0.029181505,0.42251042,0.003220744
/home/share/Uni_Eval/HAM10000_clean/ISIC2018/ISIC_0026629.jpg,3,3,0.046052206,0.005633995,0.28608182,0.39703366,0.008718905,0.25417435,0.0023050753
/home/share/Uni_Eval/HAM10000_clean/ISIC2018/ISIC_0025771.jpg,3,3,0.00033695175,0.0032502352,0.0021319669,0.96934444,0.0005026392,0.02404148,0.0003922963
/home/share/Uni_Eval/HAM10000_clean/ISIC2018/ISIC_0030623.jpg,4,4,0.0008251602,0.0017106613,0.0031813912,1.3534265e-05,0.8838236,0.108002275,0.0024433166
/home/share/Uni_Eval/HAM10000_clean/ISIC2018/ISIC_0032396.jpg,4,5,0.003083669,0.005436074,0.068564646,0.0063965684,0.3179314,0.5982078,0.00037984762
/home/share/Uni_Eval/HAM10000_clean/ISIC2018/ISIC_0028445.jpg,4,4,0.006098255,0.003983768,0.050546553,0.0023587642,0.6075634,0.3291289,0.0003203755
/home/share/Uni_Eval/HAM10000_clean/ISIC2018/ISIC_0029512.jpg,4,2,0.07307375,0.13739824,0.4454058,0.033124648,0.055081267,0.25564918,0.0002670716
/home/share/Uni_Eval/HAM10000_clean/ISIC2018/ISIC_0028579.jpg,4,5,0.0005572273,0.0017608159,0.021335674,0.0002800403,0.17265251,0.8033403,7.337621e-05
/home/share/Uni_Eval/HAM10000_clean/ISIC2018/ISIC_0031953.jpg,4,5,0.007537258,0.022083344,0.13330054,0.0042542056,0.20771247,0.6245988,0.00051334355
/home/share/Uni_Eval/HAM10000_clean/ISIC2018/ISIC_0032079.jpg,4,4,0.0171592,0.09604434,0.073619366,0.0022387428,0.60318196,0.2077297,2.6790753e-05
/home/share/Uni_Eval/HAM10000_clean/ISIC2018/ISIC_0026150.jpg,4,4,0.0016948172,0.0028289591,0.030741414,0.0017654938,0.50413233,0.45872813,0.000108882494
/home/share/Uni_Eval/HAM10000_clean/ISIC2018/ISIC_0031642.jpg,4,5,0.0026027022,0.0024803795,0.046399903,0.00126495,0.39530998,0.55189663,4.543901e-05
/home/share/Uni_Eval/HAM10000_clean/ISIC2018/ISIC_0029000.jpg,4,4,0.0012067824,0.0044059493,0.0037620403,0.0009110309,0.5716156,0.41670585,0.0013928486
/home/share/Uni_Eval/HAM10000_clean/ISIC2018/ISIC_0025751.jpg,4,4,0.00031437646,0.0005928441,0.038918383,0.0005139132,0.6961477,0.2634809,3.1964926e-05
/home/share/Uni_Eval/HAM10000_clean/ISIC2018/ISIC_0026892.jpg,4,5,0.00025004896,0.059961736,0.025836635,0.00030008907,0.30509502,0.6080596,0.0004968722
/home/share/Uni_Eval/HAM10000_clean/ISIC2018/ISIC_0028291.jpg,4,4,0.004282485,0.00034824095,0.10207626,0.0049652453,0.76900035,0.11928636,4.108663e-05
/home/share/Uni_Eval/HAM10000_clean/ISIC2018/ISIC_0027769.jpg,4,5,0.0037433326,0.076299824,0.016089493,0.0015759806,0.115354225,0.78003615,0.006901006
/home/share/Uni_Eval/HAM10000_clean/ISIC2018/ISIC_0030445.jpg,4,4,0.019904597,0.044696372,0.23358086,0.07824672,0.45938656,0.044310715,0.11987421
/home/share/Uni_Eval/HAM10000_clean/ISIC2018/ISIC_0025155.jpg,4,2,0.0021213635,0.00071329577,0.66815263,0.007299823,0.13860135,0.18305619,5.536121e-05
/home/share/Uni_Eval/HAM10000_clean/ISIC2018/ISIC_0027102.jpg,4,4,0.02292674,0.01603788,0.0032938153,0.0035235416,0.89788085,0.0451157,0.011221525
/home/share/Uni_Eval/HAM10000_clean/ISIC2018/ISIC_0032046.jpg,4,5,0.0108440025,0.03162258,0.2853579,0.0063048024,0.2608816,0.4049171,7.2012714e-05
/home/share/Uni_Eval/HAM10000_clean/ISIC2018/ISIC_0029630.jpg,4,4,0.087909825,0.029336771,0.12656063,0.0017401039,0.7462557,0.008011175,0.00018580849
/home/share/Uni_Eval/HAM10000_clean/ISIC2018/ISIC_0031941.jpg,4,4,0.00044180205,0.0032006674,0.0032190157,3.599134e-05,0.9297044,0.063377336,2.0735173e-05
/home/share/Uni_Eval/HAM10000_clean/ISIC2018/ISIC_0031586.jpg,4,4,0.0011403611,0.00019123981,0.08250195,0.0003412092,0.54702324,0.3687841,1.7962448e-05
/home/share/Uni_Eval/HAM10000_clean/ISIC2018/ISIC_0027261.jpg,4,4,0.05731655,0.18135408,0.22852455,0.008697157,0.34480643,0.1789991,0.0003022089
/home/share/Uni_Eval/HAM10000_clean/ISIC2018/ISIC_0024675.jpg,4,5,0.0015552196,0.015904747,0.2809591,0.0030113216,0.1719395,0.52630097,0.0003290906
/home/share/Uni_Eval/HAM10000_clean/ISIC2018/ISIC_0025891.jpg,4,5,0.0012682274,0.0010008627,0.03487514,0.0005714313,0.42088118,0.5406079,0.0007952642
/home/share/Uni_Eval/HAM10000_clean/ISIC2018/ISIC_0031189.jpg,4,4,0.005036674,0.012566256,0.07600837,0.001158704,0.55636865,0.3479961,0.0008652319
/home/share/Uni_Eval/HAM10000_clean/ISIC2018/ISIC_0034006.jpg,4,4,0.012371648,0.17953801,0.21691416,0.0076717995,0.38790533,0.18812345,0.007475587
/home/share/Uni_Eval/HAM10000_clean/ISIC2018/ISIC_0028696.jpg,4,5,0.00016014706,0.0016127003,0.020372856,0.002008401,0.41907588,0.55676115,8.914627e-06
/home/share/Uni_Eval/HAM10000_clean/ISIC2018/ISIC_0028325.jpg,4,4,0.012951191,0.005886833,0.28955516,0.0021728533,0.51251674,0.17686549,5.1737054e-05
/home/share/Uni_Eval/HAM10000_clean/ISIC2018/ISIC_0028489.jpg,4,5,0.0016846359,0.0002830281,0.06663232,2.1731703e-05,0.11774626,0.8135859,4.6222034e-05
/home/share/Uni_Eval/HAM10000_clean/ISIC2018/ISIC_0028969.jpg,4,4,0.06352369,0.010845011,0.34825653,0.009779093,0.5120996,0.055424213,7.1817616e-05
/home/share/Uni_Eval/HAM10000_clean/ISIC2018/ISIC_0033496.jpg,4,4,0.00046137397,0.0003426829,0.026027134,0.0019228647,0.49584785,0.47527137,0.00012675991
/home/share/Uni_Eval/HAM10000_clean/ISIC2018/ISIC_0033573.jpg,4,4,0.0027228254,0.0023034622,0.07206064,0.0010355862,0.8201761,0.10147069,0.0002306855
/home/share/Uni_Eval/HAM10000_clean/ISIC2018/ISIC_0030828.jpg,4,5,0.0002533373,0.0026189024,0.044443388,0.000723985,0.18282585,0.76814985,0.0009847534
/home/share/Uni_Eval/HAM10000_clean/ISIC2018/ISIC_0033931.jpg,4,4,0.07241307,0.021139104,0.25845742,0.02147941,0.6162059,0.010244244,6.083279e-05
/home/share/Uni_Eval/HAM10000_clean/ISIC2018/ISIC_0033268.jpg,4,5,0.0008636648,3.4508936e-05,0.07520579,0.0009927121,0.28526774,0.63761896,1.6653727e-05
/home/share/Uni_Eval/HAM10000_clean/ISIC2018/ISIC_0033428.jpg,4,4,0.0028258676,0.000115338495,0.051341478,0.00014750008,0.9306095,0.014951607,8.658881e-06
/home/share/Uni_Eval/HAM10000_clean/ISIC2018/ISIC_0033152.jpg,4,5,0.00037828274,0.0030130036,0.035112888,0.0013873986,0.048682008,0.9032777,0.0081487065
/home/share/Uni_Eval/HAM10000_clean/ISIC2018/ISIC_0034236.jpg,4,5,0.002135451,0.0007287994,0.009894889,0.0069361506,0.3254352,0.6544939,0.00037558246
/home/share/Uni_Eval/HAM10000_clean/ISIC2018/ISIC_0025987.jpg,4,5,6.969853e-05,0.000107167616,0.0032987997,0.00010908077,0.108669445,0.8877157,3.0025174e-05
/home/share/Uni_Eval/HAM10000_clean/ISIC2018/ISIC_0032447.jpg,4,5,0.000231969,0.00033589613,0.005157153,8.5907144e-05,0.29900748,0.69515353,2.8102599e-05
/home/share/Uni_Eval/HAM10000_clean/ISIC2018/ISIC_0033831.jpg,4,4,0.00022168331,8.574116e-05,0.01235545,4.61129e-05,0.7099514,0.27728403,5.564527e-05
/home/share/Uni_Eval/HAM10000_clean/ISIC2018/ISIC_0032583.jpg,4,5,0.017731369,0.019812236,0.1497629,0.017886389,0.3498153,0.44232124,0.002670659
/home/share/Uni_Eval/HAM10000_clean/ISIC2018/ISIC_0034294.jpg,4,4,0.00026226515,0.0004324937,0.02075613,0.0003221477,0.9154587,0.062755704,1.2606446e-05
/home/share/Uni_Eval/HAM10000_clean/ISIC2018/ISIC_0032984.jpg,4,4,0.011071484,0.344709,0.023553595,0.0022149936,0.45702052,0.15794998,0.0034803632
/home/share/Uni_Eval/HAM10000_clean/ISIC2018/ISIC_0033802.jpg,4,4,0.003682502,0.0018171769,0.13443248,0.0011886837,0.43313748,0.42572585,1.5879486e-05
/home/share/Uni_Eval/HAM10000_clean/ISIC2018/ISIC_0032993.jpg,4,4,0.00024191203,0.00027110617,0.0026435882,0.0002325112,0.9125378,0.084022656,5.040329e-05
/home/share/Uni_Eval/HAM10000_clean/ISIC2018/ISIC_0033804.jpg,4,5,0.00015915305,5.9892154e-05,0.0051949304,0.00046511003,0.18169256,0.8121614,0.00026696236
/home/share/Uni_Eval/HAM10000_clean/ISIC2018/ISIC_0032774.jpg,4,4,0.00082520855,0.0073757325,0.037695743,0.0010597798,0.78484136,0.16292587,0.005276321
/home/share/Uni_Eval/HAM10000_clean/ISIC2018/ISIC_0032840.jpg,4,4,0.0027160775,0.037975166,0.0151394075,0.019456252,0.8061783,0.08410052,0.034434244
/home/share/Uni_Eval/HAM10000_clean/ISIC2018/ISIC_0034208.jpg,4,4,0.07849871,0.16249841,0.2466015,0.08100231,0.38772553,0.0433307,0.00034286658
/home/share/Uni_Eval/HAM10000_clean/ISIC2018/ISIC_0033287.jpg,4,4,0.0010314621,0.0047753653,0.07175341,0.0016449319,0.7904778,0.13028188,3.5249534e-05
/home/share/Uni_Eval/HAM10000_clean/ISIC2018/ISIC_0033286.jpg,4,4,0.024124673,0.0011214757,0.041965734,0.0011741654,0.90320116,0.02840003,1.2865391e-05
/home/share/Uni_Eval/HAM10000_clean/ISIC2018/ISIC_0033175.jpg,4,4,0.001482726,0.0009728797,0.09065642,0.0030606976,0.48540512,0.41840208,2.0070564e-05
/home/share/Uni_Eval/HAM10000_clean/ISIC2018/ISIC_0033942.jpg,4,4,0.024521116,0.015050978,0.21552297,0.014591496,0.6193738,0.11077,0.00016969035
/home/share/Uni_Eval/HAM10000_clean/ISIC2018/ISIC_0032522.jpg,4,4,0.0019579635,0.0010121745,0.040361747,0.00023719775,0.88889134,0.067514546,2.4947682e-05
/home/share/Uni_Eval/HAM10000_clean/ISIC2018/ISIC_0033272.jpg,4,2,0.07487652,0.00027036373,0.79181516,0.005007199,0.10290811,0.02508115,4.1417363e-05
/home/share/Uni_Eval/HAM10000_clean/ISIC2018/ISIC_0033004.jpg,4,5,0.00013039095,0.00015746205,0.018510135,0.002176466,0.3681371,0.6108825,5.974679e-06
/home/share/Uni_Eval/HAM10000_clean/ISIC2018/ISIC_0032511.jpg,4,4,0.0025431213,0.0014629174,0.03300293,0.00010428755,0.95807767,0.004805233,3.7963778e-06
/home/share/Uni_Eval/HAM10000_clean/ISIC2018/ISIC_0034085.jpg,4,5,0.0005289646,0.0004902857,0.021969333,0.0010906833,0.4373719,0.5385051,4.3841108e-05
/home/share/Uni_Eval/HAM10000_clean/ISIC2018/ISIC_0033299.jpg,4,4,0.0039462773,0.007309162,0.22310978,0.019321881,0.51643616,0.2284316,0.0014451613
/home/share/Uni_Eval/HAM10000_clean/ISIC2018/ISIC_0033779.jpg,4,4,0.00026389537,0.000119308475,0.014194302,0.0070216814,0.55978626,0.41838843,0.00022609158
/home/share/Uni_Eval/HAM10000_clean/ISIC2018/ISIC_0034065.jpg,4,5,0.00022287539,0.00104376,0.00276564,0.00038658662,0.22082749,0.7734277,0.0013258351
/home/share/Uni_Eval/HAM10000_clean/ISIC2018/ISIC_0033038.jpg,4,4,0.006469944,0.0032596323,0.09862072,0.0020104328,0.83812225,0.051511265,5.770184e-06
/home/share/Uni_Eval/HAM10000_clean/ISIC2018/ISIC_0033630.jpg,4,4,0.09894219,0.0025920738,0.27286604,0.0016535458,0.61293185,0.010937002,7.7328514e-05
/home/share/Uni_Eval/HAM10000_clean/ISIC2018/ISIC_0034150.jpg,4,4,0.032100115,0.018220592,0.29187867,0.025894947,0.56959283,0.062287264,2.5571127e-05
/home/share/Uni_Eval/HAM10000_clean/ISIC2018/ISIC_0032915.jpg,4,4,0.30124286,0.037744157,0.20693497,0.019759044,0.42909235,0.0012905822,0.003936048
/home/share/Uni_Eval/HAM10000_clean/ISIC2018/ISIC_0028460.jpg,4,4,0.024568237,0.02994173,0.021119079,0.00046272372,0.79397434,0.12987131,6.2548876e-05
/home/share/Uni_Eval/HAM10000_clean/ISIC2018/ISIC_0033883.jpg,4,5,0.0008045997,0.0001854656,0.07004204,0.0049285353,0.4126648,0.5113679,6.6487873e-06
/home/share/Uni_Eval/HAM10000_clean/ISIC2018/ISIC_0034005.jpg,4,5,0.014503646,0.02182791,0.27900898,0.279215,0.018246561,0.387084,0.00011388841
/home/share/Uni_Eval/HAM10000_clean/ISIC2018/ISIC_0033872.jpg,4,4,0.0093885325,0.0034010438,0.04742226,0.012750662,0.8743959,0.052522775,0.000118811826
/home/share/Uni_Eval/HAM10000_clean/ISIC2018/ISIC_0032547.jpg,4,4,7.820686e-05,1.3857487e-05,0.0018050042,7.319475e-05,0.92570007,0.072326355,3.2407218e-06
/home/share/Uni_Eval/HAM10000_clean/ISIC2018/ISIC_0032806.jpg,4,4,0.0011903424,9.274003e-05,0.052115355,7.1309914e-05,0.81510276,0.1314215,6.0788007e-06
/home/share/Uni_Eval/HAM10000_clean/ISIC2018/ISIC_0033569.jpg,4,4,9.493222e-05,0.002594283,0.002858347,3.4129833e-05,0.90476525,0.08917075,0.00048231712
/home/share/Uni_Eval/HAM10000_clean/ISIC2018/ISIC_0032810.jpg,4,4,0.0017069549,0.00095694675,0.03407902,0.0021814741,0.7570181,0.20387706,0.0001804272
/home/share/Uni_Eval/HAM10000_clean/ISIC2018/ISIC_0032517.jpg,4,4,0.0012072866,0.0006006185,0.13153541,0.0009339656,0.7346629,0.13104787,1.20345385e-05
/home/share/Uni_Eval/HAM10000_clean/ISIC2018/ISIC_0034022.jpg,4,5,0.014614472,0.0030497524,0.0064395666,0.00022617036,0.045749344,0.9298937,2.7027092e-05
/home/share/Uni_Eval/HAM10000_clean/ISIC2018/ISIC_0033444.jpg,4,5,3.8420363e-05,7.761215e-05,0.009417795,0.00048354003,0.038141314,0.9518269,1.4422166e-05
/home/share/Uni_Eval/HAM10000_clean/ISIC2018/ISIC_0032695.jpg,4,4,0.0030678608,0.0016315241,0.008718428,0.00016350388,0.9826382,0.0033097244,0.000470851
/home/share/Uni_Eval/HAM10000_clean/ISIC2018/ISIC_0026430.jpg,4,0,0.4035367,0.026112743,0.15220608,0.00519408,0.3996128,0.013298297,3.9314204e-05
/home/share/Uni_Eval/HAM10000_clean/ISIC2018/ISIC_0032968.jpg,4,4,0.08342819,0.07048581,0.3211053,0.013466388,0.38486362,0.12639955,0.00025116367
/home/share/Uni_Eval/HAM10000_clean/ISIC2018/ISIC_0029265.jpg,4,4,0.071276926,0.07385168,0.062734924,0.0077790753,0.7703713,0.013949988,3.60735e-05
/home/share/Uni_Eval/HAM10000_clean/ISIC2018/ISIC_0034205.jpg,4,5,0.00083018903,0.001877182,0.068613455,0.0005029661,0.098210946,0.82800204,0.0019631963
/home/share/Uni_Eval/HAM10000_clean/ISIC2018/ISIC_0033612.jpg,4,4,0.0034451266,0.00073896255,0.10181765,0.000341613,0.46104497,0.43231025,0.00030147439
/home/share/Uni_Eval/HAM10000_clean/ISIC2018/ISIC_0033616.jpg,4,5,6.652636e-05,8.1828813e-07,0.004052706,4.0280414e-05,0.090301506,0.9055371,9.753704e-07
/home/share/Uni_Eval/HAM10000_clean/ISIC2018/ISIC_0029606.jpg,4,5,2.3096964e-05,1.8018254e-05,0.005698955,0.00012492652,0.042537015,0.9515898,8.127444e-06
/home/share/Uni_Eval/HAM10000_clean/ISIC2018/ISIC_0032597.jpg,4,4,0.0011446711,0.00040967335,0.02365742,0.00060550065,0.9022834,0.07188846,1.0808688e-05
/home/share/Uni_Eval/HAM10000_clean/ISIC2018/ISIC_0032982.jpg,4,5,0.0018079366,0.002204656,0.0064384122,0.0029210302,0.020444341,0.9660383,0.00014535291
/home/share/Uni_Eval/HAM10000_clean/ISIC2018/ISIC_0033226.jpg,4,5,0.0015031847,0.00018160613,0.09609401,0.00017072515,0.44061285,0.461433,4.6275563e-06
/home/share/Uni_Eval/HAM10000_clean/ISIC2018/ISIC_0033670.jpg,4,4,0.0002643321,1.766604e-05,0.008355944,0.0001815113,0.6319217,0.359238,2.083608e-05
/home/share/Uni_Eval/HAM10000_clean/ISIC2018/ISIC_0034107.jpg,4,5,0.013562275,0.0030541008,0.015557866,0.0011798319,0.46023178,0.50597596,0.00043814405
/home/share/Uni_Eval/HAM10000_clean/ISIC2018/ISIC_0033055.jpg,4,4,0.0072297296,0.0005337041,0.06745874,0.0030137568,0.7360283,0.18571611,1.9630928e-05
/home/share/Uni_Eval/HAM10000_clean/ISIC2018/ISIC_0033061.jpg,4,2,0.0042696856,0.009825959,0.8147187,0.0006268982,0.074747354,0.06867755,0.027133875
/home/share/Uni_Eval/HAM10000_clean/ISIC2018/ISIC_0033696.jpg,4,4,0.0050358837,0.09301409,0.048828043,0.003566309,0.6313725,0.00900556,0.20917766
/home/share/Uni_Eval/HAM10000_clean/ISIC2018/ISIC_0027234.jpg,4,4,0.0006971103,0.0006669698,0.19538158,0.000503662,0.6904626,0.11228657,1.535554e-06
/home/share/Uni_Eval/HAM10000_clean/ISIC2018/ISIC_0032918.jpg,4,2,0.009567422,0.00060786115,0.754703,0.0016371326,0.013013939,0.22044885,2.1873517e-05
/home/share/Uni_Eval/HAM10000_clean/ISIC2018/ISIC_0028520.jpg,4,4,5.603667e-05,8.387792e-06,0.0027856906,3.7848877e-06,0.984026,0.013110064,1.0055045e-05
/home/share/Uni_Eval/HAM10000_clean/ISIC2018/ISIC_0032807.jpg,4,4,0.0024115783,0.012870622,0.023753952,0.00019361045,0.74795264,0.21263486,0.0001827551
/home/share/Uni_Eval/HAM10000_clean/ISIC2018/ISIC_0032645.jpg,4,5,0.0003888513,0.013019219,0.057979632,0.0001108067,0.38902938,0.53943175,4.0320654e-05
/home/share/Uni_Eval/HAM10000_clean/ISIC2018/ISIC_0033807.jpg,4,4,0.0061660977,0.037629098,0.15524991,0.051123522,0.44049278,0.15465148,0.15468715
/home/share/Uni_Eval/HAM10000_clean/ISIC2018/ISIC_0033454.jpg,4,5,0.0012145967,0.0013142256,0.106931545,0.0006201769,0.38038045,0.5094616,7.7417644e-05
/home/share/Uni_Eval/HAM10000_clean/ISIC2018/ISIC_0032960.jpg,4,2,0.10003434,0.067711465,0.7121252,0.0059079747,0.07396975,0.039729822,0.0005215086
/home/share/Uni_Eval/HAM10000_clean/ISIC2018/ISIC_0033773.jpg,4,5,0.033371136,0.009142918,0.2345283,0.003715812,0.3130195,0.4061751,4.7204205e-05
/home/share/Uni_Eval/HAM10000_clean/ISIC2018/ISIC_0033730.jpg,4,4,0.0013166076,0.0001726692,0.13087171,0.00034570135,0.8289004,0.038319923,7.294538e-05
/home/share/Uni_Eval/HAM10000_clean/ISIC2018/ISIC_0033805.jpg,4,5,0.008262217,0.0049047302,0.013451489,0.001308019,0.15774822,0.8133884,0.00093691034
/home/share/Uni_Eval/HAM10000_clean/ISIC2018/ISIC_0027204.jpg,4,4,0.01162299,0.0005161571,0.44833523,0.0007613237,0.48331693,0.055442963,4.486082e-06
/home/share/Uni_Eval/HAM10000_clean/ISIC2018/ISIC_0033178.jpg,4,4,0.000698913,0.00057768397,0.0042862515,1.3099282e-05,0.90418774,0.08993159,0.00030472042
/home/share/Uni_Eval/HAM10000_clean/ISIC2018/ISIC_0033023.jpg,4,4,0.005011569,0.0018224432,0.030845907,0.00023530416,0.8995945,0.06247683,1.3507531e-05
/home/share/Uni_Eval/HAM10000_clean/ISIC2018/ISIC_0027069.jpg,4,4,0.16940449,0.06849082,0.18503274,0.0030407228,0.5393214,0.034560163,0.00014967626
/home/share/Uni_Eval/HAM10000_clean/ISIC2018/ISIC_0026545.jpg,4,4,0.00027612445,0.00013414293,0.041197043,0.00032885213,0.83669174,0.121307276,6.490584e-05
/home/share/Uni_Eval/HAM10000_clean/ISIC2018/ISIC_0026268.jpg,4,4,0.003662608,0.0014583708,0.094869465,0.0011421008,0.5286922,0.37010345,7.1768125e-05
/home/share/Uni_Eval/HAM10000_clean/ISIC2018/ISIC_0027282.jpg,4,4,0.0047583575,0.011682412,0.21131982,0.0013200735,0.49946263,0.2712524,0.00020433457
/home/share/Uni_Eval/HAM10000_clean/ISIC2018/ISIC_0028463.jpg,4,5,0.0021566143,0.0010937317,0.08009448,0.0036513591,0.18306789,0.72992474,1.1160436e-05
/home/share/Uni_Eval/HAM10000_clean/ISIC2018/ISIC_0024823.jpg,4,4,0.0034800707,0.03355329,0.13265437,0.0008160961,0.5232575,0.21684407,0.089394644
/home/share/Uni_Eval/HAM10000_clean/ISIC2018/ISIC_0025512.jpg,4,4,0.0010219972,0.00051156007,0.017329948,5.8950463e-05,0.84104776,0.14002325,6.4836454e-06
/home/share/Uni_Eval/HAM10000_clean/ISIC2018/ISIC_0027622.jpg,4,4,0.0025623783,8.5619344e-05,0.018969769,5.633849e-05,0.52943593,0.44886923,2.0743033e-05
/home/share/Uni_Eval/HAM10000_clean/ISIC2018/ISIC_0026167.jpg,4,4,0.003941787,0.0009549839,0.03696129,7.32965e-05,0.5921705,0.36585537,4.2782067e-05
/home/share/Uni_Eval/HAM10000_clean/ISIC2018/ISIC_0032134.jpg,4,4,0.0008770626,9.5526695e-05,0.03378191,0.00016800893,0.9165047,0.04856936,3.3615938e-06
/home/share/Uni_Eval/HAM10000_clean/ISIC2018/ISIC_0030756.jpg,4,5,0.0028509113,0.0004908025,0.069363885,0.00062506786,0.3749068,0.55173624,2.623774e-05
/home/share/Uni_Eval/HAM10000_clean/ISIC2018/ISIC_0030034.jpg,4,5,0.009774733,0.016516618,0.12945615,0.05826599,0.02648631,0.7043153,0.055184826
/home/share/Uni_Eval/HAM10000_clean/ISIC2018/ISIC_0025316.jpg,4,5,0.0005626307,0.0001684291,0.002555334,5.1386203e-05,0.02236455,0.97427624,2.149729e-05
/home/share/Uni_Eval/HAM10000_clean/ISIC2018/ISIC_0028760.jpg,4,5,0.0010676471,0.0022917464,4.5789817e-05,9.150993e-05,0.003855079,0.99190444,0.0007438495
/home/share/Uni_Eval/HAM10000_clean/ISIC2018/ISIC_0028003.jpg,4,5,4.486699e-05,2.9204127e-06,0.00034319662,0.00013356222,0.017274061,0.9821859,1.5482934e-05
/home/share/Uni_Eval/HAM10000_clean/ISIC2018/ISIC_0025145.jpg,4,4,8.312924e-06,2.61659e-05,0.0023598967,0.000103146056,0.7806424,0.2157511,0.0011090303
/home/share/Uni_Eval/HAM10000_clean/ISIC2018/ISIC_0029172.jpg,4,4,0.07206607,0.011587888,0.16743515,0.0044523445,0.56410265,0.18035208,3.856324e-06
/home/share/Uni_Eval/HAM10000_clean/ISIC2018/ISIC_0028543.jpg,4,4,0.01710548,0.0010155512,0.24671297,0.00013584904,0.3897828,0.3451837,6.3678395e-05
/home/share/Uni_Eval/HAM10000_clean/ISIC2018/ISIC_0027130.jpg,4,2,0.04243399,0.014569055,0.41288263,0.006522421,0.3536579,0.16987853,5.5574954e-05
/home/share/Uni_Eval/HAM10000_clean/ISIC2018/ISIC_0026094.jpg,4,4,0.03287534,0.015298965,0.051095136,0.0014987913,0.69608235,0.2031321,1.7400047e-05
/home/share/Uni_Eval/HAM10000_clean/ISIC2018/ISIC_0024525.jpg,4,2,0.067877,0.0037506637,0.68920237,0.0032161004,0.06462818,0.17131051,1.5215438e-05
/home/share/Uni_Eval/HAM10000_clean/ISIC2018/ISIC_0026009.jpg,4,2,0.03626628,0.0015638735,0.5022018,0.00061302236,0.33120546,0.12813613,1.3421447e-05
/home/share/Uni_Eval/HAM10000_clean/ISIC2018/ISIC_0027030.jpg,4,4,0.013537561,0.008696388,0.120163225,0.0029875084,0.7786544,0.07595842,2.5053062e-06
/home/share/Uni_Eval/HAM10000_clean/ISIC2018/ISIC_0026796.jpg,4,2,0.0987599,0.02564205,0.5185271,0.013089492,0.24601659,0.097941585,2.3276465e-05
/home/share/Uni_Eval/HAM10000_clean/ISIC2018/ISIC_0026604.jpg,4,0,0.38341203,0.048242483,0.22554353,0.0142152645,0.27143097,0.05687015,0.0002855444
/home/share/Uni_Eval/HAM10000_clean/ISIC2018/ISIC_0024952.jpg,4,4,0.008023628,0.0017562852,0.029315414,0.0001489207,0.9018313,0.058853246,7.112918e-05
/home/share/Uni_Eval/HAM10000_clean/ISIC2018/ISIC_0032192.jpg,4,5,0.15830143,0.009310898,0.054197602,0.002217236,0.35290337,0.42296782,0.00010163911
/home/share/Uni_Eval/HAM10000_clean/ISIC2018/ISIC_0024323.jpg,4,4,0.020886555,0.010326503,0.18015307,0.003932933,0.49987236,0.28480592,2.2711685e-05
/home/share/Uni_Eval/HAM10000_clean/ISIC2018/ISIC_0027436.jpg,4,4,0.05183024,0.03159034,0.22852464,0.0030209732,0.6263845,0.058641724,7.613492e-06
/home/share/Uni_Eval/HAM10000_clean/ISIC2018/ISIC_0031915.jpg,4,2,0.014740627,0.0020952018,0.5315007,0.004589784,0.2909238,0.1561398,1.0077356e-05
/home/share/Uni_Eval/HAM10000_clean/ISIC2018/ISIC_0026847.jpg,4,4,0.053128827,0.019894166,0.058057945,0.001016691,0.6429807,0.22487345,4.8197e-05
/home/share/Uni_Eval/HAM10000_clean/ISIC2018/ISIC_0029958.jpg,4,2,0.19966231,0.0012907104,0.71302307,0.003651637,0.040127225,0.042235106,9.88911e-06
/home/share/Uni_Eval/HAM10000_clean/ISIC2018/ISIC_0031170.jpg,4,4,0.0024619543,0.010962982,0.18001199,0.0004574176,0.73190165,0.07419186,1.22508445e-05
/home/share/Uni_Eval/HAM10000_clean/ISIC2018/ISIC_0024652.jpg,4,4,0.013209564,0.0016860603,0.115967736,0.001531272,0.7644621,0.10313686,6.446382e-06
/home/share/Uni_Eval/HAM10000_clean/ISIC2018/ISIC_0030653.jpg,4,4,0.001071727,0.010192515,0.005337906,0.0002072345,0.92213917,0.05841459,0.0026369472
/home/share/Uni_Eval/HAM10000_clean/ISIC2018/ISIC_0026652.jpg,4,0,0.43355742,0.020670015,0.121330015,0.06260784,0.27166587,0.090081535,8.736694e-05
/home/share/Uni_Eval/HAM10000_clean/ISIC2018/ISIC_0029885.jpg,4,5,0.089394264,0.081987604,0.009712796,0.09197771,0.015749494,0.7096224,0.0015557621
/home/share/Uni_Eval/HAM10000_clean/ISIC2018/ISIC_0025814.jpg,4,4,0.025956243,0.030870372,0.14066456,0.045605943,0.72373384,0.03311634,5.263874e-05
/home/share/Uni_Eval/HAM10000_clean/ISIC2018/ISIC_0031550.jpg,4,5,0.010371469,0.0017754283,0.17480187,0.0012670868,0.18502733,0.6267276,2.9154517e-05
/home/share/Uni_Eval/HAM10000_clean/ISIC2018/ISIC_0029893.jpg,4,4,0.055092406,0.019984083,0.27502847,0.0008015303,0.56321234,0.08584835,3.2807642e-05
/home/share/Uni_Eval/HAM10000_clean/ISIC2018/ISIC_0031417.jpg,4,5,0.015169599,0.00074807974,0.038541645,0.0011358043,0.023353763,0.9210042,4.69331e-05
/home/share/Uni_Eval/HAM10000_clean/ISIC2018/ISIC_0024647.jpg,4,2,0.09441654,0.038633548,0.6005574,0.028289448,0.13804387,0.10004815,1.103005e-05
/home/share/Uni_Eval/HAM10000_clean/ISIC2018/ISIC_0028567.jpg,4,5,0.00029032392,7.892759e-05,0.00043904,3.4311226e-05,0.0017147966,0.99743587,6.729895e-06
/home/share/Uni_Eval/HAM10000_clean/ISIC2018/ISIC_0031203.jpg,4,4,0.031400006,0.0074468404,0.114928156,0.0024728314,0.6026139,0.24108984,4.8323403e-05
/home/share/Uni_Eval/HAM10000_clean/ISIC2018/ISIC_0024679.jpg,4,2,0.3390419,0.0054400885,0.3521804,0.0054697385,0.28771722,0.010136982,1.3693627e-05
/home/share/Uni_Eval/HAM10000_clean/ISIC2018/ISIC_0026690.jpg,4,2,0.005137821,0.00012497693,0.7208657,0.0006028049,0.15573336,0.11753345,1.7878232e-06
/home/share/Uni_Eval/HAM10000_clean/ISIC2018/ISIC_0032269.jpg,4,2,0.18786766,0.064787775,0.61596656,0.024584066,0.06093392,0.045835923,2.4089086e-05
/home/share/Uni_Eval/HAM10000_clean/ISIC2018/ISIC_0028218.jpg,4,4,0.026973104,0.014541295,0.27819067,0.0064416686,0.47168568,0.20214805,1.9538904e-05
/home/share/Uni_Eval/HAM10000_clean/ISIC2018/ISIC_0025105.jpg,4,5,0.022678817,0.00029728026,0.013576968,0.00017921181,0.42847368,0.5347765,1.7572233e-05
/home/share/Uni_Eval/HAM10000_clean/ISIC2018/ISIC_0025766.jpg,4,4,0.023312094,0.0038625312,0.037854053,0.00038319573,0.5654367,0.36914012,1.1312183e-05
/home/share/Uni_Eval/HAM10000_clean/ISIC2018/ISIC_0031410.jpg,4,4,0.002857872,0.0026600445,0.045699928,0.002392593,0.9151534,0.021811275,0.009424932
/home/share/Uni_Eval/HAM10000_clean/ISIC2018/ISIC_0025573.jpg,4,4,0.011129537,0.00040976223,0.02083371,0.0003127658,0.70120454,0.2660976,1.2176929e-05
/home/share/Uni_Eval/HAM10000_clean/ISIC2018/ISIC_0032149.jpg,4,2,0.09370172,0.013962886,0.47664052,0.0013133752,0.34250382,0.071874164,3.656612e-06
/home/share/Uni_Eval/HAM10000_clean/ISIC2018/ISIC_0026802.jpg,4,4,0.013488893,0.005053717,0.040883455,0.00018027869,0.73018134,0.20919298,0.0010192787
/home/share/Uni_Eval/HAM10000_clean/ISIC2018/ISIC_0031900.jpg,4,0,0.28428614,0.22464609,0.20248564,0.018911766,0.25024515,0.019338494,8.672424e-05
/home/share/Uni_Eval/HAM10000_clean/ISIC2018/ISIC_0031377.jpg,4,4,0.003910581,0.0042639915,0.07581219,0.0030219075,0.514495,0.39833102,0.00016526732
/home/share/Uni_Eval/HAM10000_clean/ISIC2018/ISIC_0031957.jpg,4,5,0.03764297,0.0040543787,0.0283644,0.0005183083,0.22680615,0.7023236,0.0002901441
/home/share/Uni_Eval/HAM10000_clean/ISIC2018/ISIC_0029021.jpg,4,4,0.19232549,0.015635354,0.024116201,0.0038895134,0.64996326,0.11404854,2.1697708e-05
/home/share/Uni_Eval/HAM10000_clean/ISIC2018/ISIC_0025616.jpg,4,4,0.003805654,9.784955e-05,0.3681534,0.00021541104,0.4510256,0.17669669,5.417974e-06
/home/share/Uni_Eval/HAM10000_clean/ISIC2018/ISIC_0028968.jpg,4,1,0.28591275,0.49514657,0.025263324,0.008596131,0.07897726,0.10602183,8.2077386e-05
/home/share/Uni_Eval/HAM10000_clean/ISIC2018/ISIC_0027797.jpg,4,5,0.0014904509,0.00083832315,0.024698887,0.000847856,0.06685821,0.9051965,6.981653e-05
/home/share/Uni_Eval/HAM10000_clean/ISIC2018/ISIC_0029486.jpg,6,5,0.031481598,0.15297784,0.07521917,0.28855187,0.05864888,0.38932702,0.0037936585
/home/share/Uni_Eval/HAM10000_clean/ISIC2018/ISIC_0026092.jpg,6,6,0.0002369176,0.030879853,0.0012785422,0.00045257827,0.0016725216,0.012435766,0.95304376
/home/share/Uni_Eval/HAM10000_clean/ISIC2018/ISIC_0031217.jpg,6,6,0.00015627156,0.026520297,0.008538352,0.03058543,0.020775665,0.13470279,0.7787211
/home/share/Uni_Eval/HAM10000_clean/ISIC2018/ISIC_0032240.jpg,6,6,0.00020810361,0.018288437,0.0030861113,0.0045843637,0.0016860389,0.0077793496,0.96436757
/home/share/Uni_Eval/HAM10000_clean/ISIC2018/ISIC_0025807.jpg,6,6,0.00013308223,0.006244462,0.00037398067,0.0017889182,0.00036668064,0.054671846,0.9364211
/home/share/Uni_Eval/HAM10000_clean/ISIC2018/ISIC_0032745.jpg,6,6,0.0012428496,0.028744861,0.07222316,0.007083574,0.18492073,0.08327303,0.62251186
/home/share/Uni_Eval/HAM10000_clean/ISIC2018/ISIC_0032557.jpg,6,6,0.006099284,0.037289064,0.20517172,0.004064231,0.10547316,0.071810596,0.5700919
/home/share/Uni_Eval/HAM10000_clean/ISIC2018/ISIC_0033230.jpg,6,1,0.043408006,0.5979397,0.0067179725,0.030138541,0.029735718,0.01532656,0.2767335
/home/share/Uni_Eval/HAM10000_clean/ISIC2018/ISIC_0033762.jpg,6,6,0.07638091,0.15662822,0.051003605,0.04606606,0.286412,0.028214391,0.35529485
/home/share/Uni_Eval/HAM10000_clean/ISIC2018/ISIC_0031090.jpg,6,6,0.0032066964,0.17460918,0.0065460163,0.0069649327,0.30207488,0.1918085,0.31478974
/home/share/Uni_Eval/HAM10000_clean/ISIC2018/ISIC_0030606.jpg,6,6,4.1304625e-05,0.009568854,0.00011676217,0.00023913891,0.0003360123,0.10719195,0.88250595
/home/share/Uni_Eval/HAM10000_clean/ISIC2018/ISIC_0031346.jpg,6,6,0.004068339,0.11504813,0.037424434,0.006845819,0.050919667,0.13931322,0.64638036
/home/share/Uni_Eval/HAM10000_clean/ISIC2018/ISIC_0031996.jpg,6,6,0.0005879827,0.0025511691,0.009762773,0.0015710088,0.0062738317,0.2123326,0.76692057
/home/share/Uni_Eval/HAM10000_clean/ISIC2018/ISIC_0029439.jpg,6,6,5.5196165e-06,0.0001565158,5.1594902e-06,8.613901e-05,5.873044e-05,0.0038142533,0.99587375
/home/share/Uni_Eval/HAM10000_clean/ISIC2018/ISIC_0025707.jpg,6,6,6.398849e-05,0.014143255,0.0063535534,0.0013036627,0.0014543864,0.2911675,0.68551373
/home/share/Uni_Eval/HAM10000_clean/ISIC2018/ISIC_0027522.jpg,6,6,2.284781e-05,0.0035040358,0.0004100841,0.0034364795,0.00070467615,0.07396601,0.91795594
/home/share/Uni_Eval/HAM10000_clean/ISIC2018/ISIC_0028406.jpg,6,6,0.0001921917,0.002226153,0.0068557737,0.005324783,0.00032089386,0.03268535,0.95239484
/home/share/Uni_Eval/HAM10000_clean/ISIC2018/ISIC_0025250.jpg,6,5,0.000329288,0.018331323,0.042294353,0.0028067154,0.07315111,0.7171364,0.14595087
/home/share/Uni_Eval/HAM10000_clean/ISIC2018/ISIC_0027665.jpg,6,5,0.0075899274,0.007703009,0.00015147618,0.006199644,0.00036237997,0.88654083,0.09145278
/home/share/Uni_Eval/HAM10000_clean/ISIC2018/ISIC_0026467.jpg,6,5,0.0017494551,0.005572008,0.00050420885,0.0022537843,0.0006133963,0.7223165,0.26699078
/home/share/Uni_Eval/HAM10000_clean/ISIC2018/ISIC_0025680.jpg,6,6,0.00033362274,0.0002763143,6.092077e-05,0.0004753697,6.0753733e-05,0.13562846,0.8631645
/home/share/Uni_Eval/HAM10000_clean/ISIC2018/ISIC_0025718.jpg,1,1,0.09755459,0.6574033,0.030558208,0.06076523,0.08989638,0.044553913,0.019268407
/home/share/Uni_Eval/HAM10000_clean/ISIC2018/ISIC_0028807.jpg,1,1,0.027730243,0.82280695,0.05750347,0.07705359,0.004012198,0.01060059,0.00029296632
/home/share/Uni_Eval/HAM10000_clean/ISIC2018/ISIC_0024590.jpg,1,1,0.0135667175,0.96420395,0.014033774,0.0019708448,0.0011754431,0.00497925,7.0033624e-05
/home/share/Uni_Eval/HAM10000_clean/ISIC2018/ISIC_0025731.jpg,1,1,0.0081066005,0.9358444,0.025040237,0.00032989724,0.0049893376,0.02483341,0.0008560965
/home/share/Uni_Eval/HAM10000_clean/ISIC2018/ISIC_0027858.jpg,1,4,0.010758466,0.027388373,0.14702654,0.000763222,0.80373734,0.010093896,0.00023226897
/home/share/Uni_Eval/HAM10000_clean/ISIC2018/ISIC_0026643.jpg,1,1,0.11112767,0.679008,0.117958724,0.0070272596,0.05906695,0.01645986,0.009351553
/home/share/Uni_Eval/HAM10000_clean/ISIC2018/ISIC_0032139.jpg,1,2,0.020306,0.2440713,0.33344808,0.013219219,0.22500277,0.12063807,0.043314535
/home/share/Uni_Eval/HAM10000_clean/ISIC2018/ISIC_0027744.jpg,1,1,0.10184489,0.83359206,0.0076308833,0.0019858924,0.025165664,0.028554,0.001226601
/home/share/Uni_Eval/HAM10000_clean/ISIC2018/ISIC_0031640.jpg,1,5,0.030336102,0.2300269,0.077411905,0.02221717,0.25754505,0.3780442,0.0044186506
/home/share/Uni_Eval/HAM10000_clean/ISIC2018/ISIC_0030659.jpg,1,1,0.059311707,0.7922173,0.07848844,0.008285525,0.0062935804,0.05467347,0.0007298446
/home/share/Uni_Eval/HAM10000_clean/ISIC2018/ISIC_0025513.jpg,1,5,0.014868563,0.11344966,0.13435362,0.067976825,0.105581045,0.46770245,0.0960679
/home/share/Uni_Eval/HAM10000_clean/ISIC2018/ISIC_0027478.jpg,1,1,0.17226534,0.75516814,0.044739597,0.007301855,0.013736622,0.0062825256,0.0005058958
/home/share/Uni_Eval/HAM10000_clean/ISIC2018/ISIC_0024573.jpg,1,1,0.0011758066,0.86850864,0.03125798,6.347422e-05,0.0040334687,0.094734825,0.00022584855
/home/share/Uni_Eval/HAM10000_clean/ISIC2018/ISIC_0024572.jpg,1,1,0.00619744,0.8793139,0.008177664,0.0044287518,0.0013388302,0.06240251,0.038140822
/home/share/Uni_Eval/HAM10000_clean/ISIC2018/ISIC_0026439.jpg,1,1,0.036482353,0.7970873,0.046761405,0.0031118575,0.057937674,0.05363882,0.0049806763
/home/share/Uni_Eval/HAM10000_clean/ISIC2018/ISIC_0026453.jpg,1,1,0.017784161,0.7179594,0.028699568,0.00043208007,0.064051345,0.1698074,0.0012660824
/home/share/Uni_Eval/HAM10000_clean/ISIC2018/ISIC_0033575.jpg,1,1,0.030846424,0.4819096,0.31052393,0.012410745,0.01700293,0.09794631,0.04936008
/home/share/Uni_Eval/HAM10000_clean/ISIC2018/ISIC_0032894.jpg,1,2,0.032714795,0.23037834,0.6772677,0.0038478195,0.03333043,0.0092673,0.013193674
/home/share/Uni_Eval/HAM10000_clean/ISIC2018/ISIC_0034255.jpg,1,1,0.006039821,0.44184843,0.08044589,0.009714935,0.14898889,0.3123405,0.0006215236
/home/share/Uni_Eval/HAM10000_clean/ISIC2018/ISIC_0027544.jpg,1,1,0.024028338,0.94117624,0.013429583,0.0005270226,0.00062613835,0.01965998,0.00055270066
/home/share/Uni_Eval/HAM10000_clean/ISIC2018/ISIC_0033354.jpg,1,1,0.015462936,0.7621949,0.12161603,0.003589554,0.08572191,0.01110575,0.00030897223
/home/share/Uni_Eval/HAM10000_clean/ISIC2018/ISIC_0032857.jpg,1,5,0.011283465,0.29019696,0.088640794,0.025733998,0.24782552,0.33549854,0.000820688
/home/share/Uni_Eval/HAM10000_clean/ISIC2018/ISIC_0027786.jpg,1,1,0.23319533,0.66604817,0.041331235,0.0136495065,0.009121388,0.030333938,0.0063204546
/home/share/Uni_Eval/HAM10000_clean/ISIC2018/ISIC_0034095.jpg,1,1,0.0059259646,0.6568456,0.015136933,0.033763196,0.028004376,0.25996885,0.00035511664
/home/share/Uni_Eval/HAM10000_clean/ISIC2018/ISIC_0033551.jpg,1,1,0.0018295929,0.81109726,0.07451355,0.00045085672,0.022253491,0.08828091,0.0015743695
/home/share/Uni_Eval/HAM10000_clean/ISIC2018/ISIC_0032536.jpg,1,1,0.3001275,0.5314856,0.007801645,0.0110952435,0.06288947,0.083902985,0.00269743
/home/share/Uni_Eval/HAM10000_clean/ISIC2018/ISIC_0033468.jpg,1,4,0.0036664163,0.08663559,0.038897436,0.013937942,0.81312907,0.033704072,0.010029491
/home/share/Uni_Eval/HAM10000_clean/ISIC2018/ISIC_0034015.jpg,1,4,0.088092215,0.10595123,0.27882975,0.0010478604,0.46935472,0.055900358,0.00082380086
/home/share/Uni_Eval/HAM10000_clean/ISIC2018/ISIC_0033372.jpg,1,1,0.004291784,0.7973276,0.15312883,0.0021909776,0.031820204,0.0111910915,4.9518807e-05
/home/share/Uni_Eval/HAM10000_clean/ISIC2018/ISIC_0029546.jpg,1,1,0.045245193,0.83338416,0.02712134,0.00513064,0.071266934,0.017407738,0.00044402725
/home/share/Uni_Eval/HAM10000_clean/ISIC2018/ISIC_0031643.jpg,1,1,0.20519815,0.6432766,0.010135663,0.0028353164,0.12160044,0.016505392,0.00044841008
/home/share/Uni_Eval/HAM10000_clean/ISIC2018/ISIC_0026192.jpg,1,1,0.0036780562,0.956646,0.0038986863,2.8838067e-05,0.008720655,0.022577997,0.0044497717
/home/share/Uni_Eval/HAM10000_clean/ISIC2018/ISIC_0024331.jpg,1,1,0.014280776,0.8949287,0.05681348,0.0057348534,0.004540577,0.022888077,0.00081349426
/home/share/Uni_Eval/HAM10000_clean/ISIC2018/ISIC_0031384.jpg,1,1,0.07953287,0.4006592,0.11196826,0.0053063836,0.16615231,0.23636453,1.6396683e-05
/home/share/Uni_Eval/HAM10000_clean/ISIC2018/ISIC_0024595.jpg,1,2,0.26637816,0.3099385,0.33218217,0.0041853706,0.019730736,0.06742503,0.00016012248
/home/share/Uni_Eval/HAM10000_clean/ISIC2018/ISIC_0024665.jpg,1,5,0.015126922,0.439484,0.018020695,0.0021490154,0.03979236,0.4432674,0.042159554
/home/share/Uni_Eval/HAM10000_clean/ISIC2018/ISIC_0029129.jpg,1,1,0.12740402,0.76706517,0.024067013,0.009046114,0.05320668,0.019141203,6.977956e-05
/home/share/Uni_Eval/HAM10000_clean/ISIC2018/ISIC_0025433.jpg,1,1,0.09717628,0.6823906,0.07180206,0.016963048,0.00660327,0.12498043,8.433521e-05
/home/share/Uni_Eval/HAM10000_clean/ISIC2018/ISIC_0026968.jpg,1,1,0.24981324,0.44933748,0.047623876,0.0028663408,0.17243457,0.07766214,0.00026237496
/home/share/Uni_Eval/HAM10000_clean/ISIC2018/ISIC_0026156.jpg,1,5,0.084463984,0.2775893,0.06269476,0.00044004768,0.018865077,0.5559177,2.9149272e-05
/home/share/Uni_Eval/HAM10000_clean/ISIC2018/ISIC_0031597.jpg,1,2,0.008590848,0.084059596,0.37643823,0.013030197,0.18550073,0.33229113,8.930235e-05
/home/share/Uni_Eval/HAM10000_clean/ISIC2018/ISIC_0026798.jpg,1,0,0.6031257,0.15868695,0.045628633,0.006240181,0.0013326001,0.18469757,0.00028836422
/home/share/Uni_Eval/HAM10000_clean/ISIC2018/ISIC_0027915.jpg,1,5,0.11475914,0.20998941,0.048821986,0.03164996,0.14394104,0.4501726,0.0006658623
/home/share/Uni_Eval/HAM10000_clean/ISIC2018/ISIC_0027189.jpg,1,1,0.13053133,0.624436,0.15351583,0.028898103,0.04842562,0.014086156,0.00010694934
/home/share/Uni_Eval/HAM10000_clean/ISIC2018/ISIC_0025266.jpg,1,1,0.029892283,0.91298604,0.019739019,0.0009101588,0.031461813,0.00372176,0.001288844
/home/share/Uni_Eval/HAM10000_clean/ISIC2018/ISIC_0032307.jpg,1,0,0.2730557,0.103435494,0.23815922,0.02526464,0.21529864,0.14434096,0.00044522758
/home/share/Uni_Eval/HAM10000_clean/ISIC2018/ISIC_0026845.jpg,1,1,0.06522748,0.61537236,0.23001777,0.023153706,0.047160033,0.011153701,0.007914946
/home/share/Uni_Eval/HAM10000_clean/ISIC2018/ISIC_0024448.jpg,1,1,0.059950415,0.8651668,0.036015894,0.0017552103,0.022393968,0.014659173,5.8642698e-05
/home/share/Uni_Eval/HAM10000_clean/ISIC2018/ISIC_0031258.jpg,1,1,0.014074923,0.8266192,0.06050845,0.015741823,0.00389747,0.07386396,0.005294241
/home/share/Uni_Eval/HAM10000_clean/ISIC2018/ISIC_0030197.jpg,1,1,0.07845783,0.36208323,0.2981471,0.03866266,0.07138471,0.14918338,0.0020811397
/home/share/Uni_Eval/HAM10000_clean/ISIC2018/ISIC_0028989.jpg,1,5,0.10532494,0.3287067,0.1912908,0.0123446835,0.01272614,0.349561,4.5692545e-05
/home/share/Uni_Eval/HAM10000_clean/ISIC2018/ISIC_0031728.jpg,1,5,0.002002328,0.017673131,0.008218971,0.0019293171,0.0044552796,0.9647424,0.000978583
/home/share/Uni_Eval/HAM10000_clean/ISIC2018/ISIC_0029082.jpg,1,1,0.0141160535,0.97953165,0.0013706196,0.0012540293,0.00012436345,0.0033493938,0.00025388732
/home/share/Uni_Eval/HAM10000_clean/ISIC2018/ISIC_0025601.jpg,1,0,0.48627508,0.36772156,0.07688257,0.0014195286,0.0061221733,0.059094,0.0024851211
/home/share/Uni_Eval/HAM10000_clean/ISIC2018/ISIC_0025362.jpg,1,2,0.051562738,0.26802862,0.582558,0.0015282085,0.005597454,0.09046903,0.00025595175
/home/share/Uni_Eval/HAM10000_clean/ISIC2018/ISIC_0027093.jpg,1,1,0.02267934,0.873278,0.017381545,6.976182e-05,0.0010957663,0.08532446,0.00017115766
/home/share/Uni_Eval/HAM10000_clean/ISIC2018/ISIC_0032246.jpg,1,1,0.29005122,0.6429613,0.006118019,0.028759668,0.016440202,0.015624381,4.5140918e-05
/home/share/Uni_Eval/HAM10000_clean/ISIC2018/ISIC_0027229.jpg,1,4,0.046888933,0.16839525,0.12792076,0.0011669062,0.40319684,0.25234476,8.647319e-05
/home/share/Uni_Eval/HAM10000_clean/ISIC2018/ISIC_0027004.jpg,1,1,0.030837975,0.5529066,0.22030981,0.0010605999,0.08076101,0.11360614,0.0005178578
/home/share/Uni_Eval/HAM10000_clean/ISIC2018/ISIC_0031171.jpg,1,1,0.25877526,0.42767385,0.014190091,0.07651991,0.029946012,0.19095244,0.0019424161
/home/share/Uni_Eval/HAM10000_clean/ISIC2018/ISIC_0025530.jpg,1,1,0.30575308,0.47270298,0.07402017,0.11228787,0.012647196,0.021945506,0.00064321933
/home/share/Uni_Eval/HAM10000_clean/ISIC2018/ISIC_0024345.jpg,1,0,0.8168411,0.11759823,0.03669714,0.009560767,0.009152206,0.009577649,0.00057283853
/home/share/Uni_Eval/HAM10000_clean/ISIC2018/ISIC_0024550.jpg,1,1,0.052905776,0.9021039,0.018053144,0.016796917,0.0042490484,0.0055898833,0.00030146015
/home/share/Uni_Eval/HAM10000_clean/ISIC2018/ISIC_0024833.jpg,1,1,0.0907511,0.56876224,0.13880382,0.02334565,0.02583957,0.15226711,0.00023058386
/home/share/Uni_Eval/HAM10000_clean/ISIC2018/ISIC_0030915.jpg,1,5,0.10164458,0.23110165,0.31406534,0.005262277,0.021780321,0.32612678,1.9055378e-05
/home/share/Uni_Eval/HAM10000_clean/ISIC2018/ISIC_0029745.jpg,1,2,0.03599814,0.19195443,0.3570932,0.0029442492,0.2688809,0.14296806,0.00016107957
/home/share/Uni_Eval/HAM10000_clean/ISIC2018/ISIC_0029680.jpg,1,1,0.025537563,0.9175575,0.0042409464,0.0069571645,0.019832471,0.02425665,0.0016177257
/home/share/Uni_Eval/HAM10000_clean/ISIC2018/ISIC_0031298.jpg,1,1,0.07623956,0.9021662,0.019365225,0.00022089783,0.0001802161,0.0018151137,1.2903813e-05
/home/share/Uni_Eval/HAM10000_clean/ISIC2018/ISIC_0027595.jpg,1,1,0.0078121615,0.92082995,0.0048507187,0.0005628818,0.014587822,0.05112286,0.00023357807
/home/share/Uni_Eval/HAM10000_clean/ISIC2018/ISIC_0026154.jpg,1,1,0.109439515,0.77571684,0.027563777,0.0053059254,0.056122888,0.025833232,1.7811597e-05
/home/share/Uni_Eval/HAM10000_clean/ISIC2018/ISIC_0029501.jpg,1,2,0.04395517,0.28311482,0.60155356,0.004937497,0.010313803,0.056080047,4.5097175e-05
/home/share/Uni_Eval/HAM10000_clean/ISIC2018/ISIC_0027920.jpg,1,1,0.0042890734,0.772305,0.004350051,0.0016979873,0.057749547,0.15849231,0.001115972
/home/share/Uni_Eval/HAM10000_clean/ISIC2018/ISIC_0027788.jpg,1,1,0.023580395,0.8977413,0.038600914,0.01001383,0.0013650443,0.028488118,0.00021032886
/home/share/Uni_Eval/HAM10000_clean/ISIC2018/ISIC_0031263.jpg,1,1,0.037845828,0.8388709,0.06979071,0.0039259368,0.0015662033,0.047624107,0.00037636474
/home/share/Uni_Eval/HAM10000_clean/ISIC2018/ISIC_0024931.jpg,1,5,0.006545979,0.068659954,0.060346883,0.0005691426,0.002638325,0.86119324,4.6369405e-05
/home/share/Uni_Eval/HAM10000_clean/ISIC2018/ISIC_0031971.jpg,1,1,0.02241676,0.4243098,0.069864154,0.013708242,0.08764152,0.3815379,0.0005216417
/home/share/Uni_Eval/HAM10000_clean/ISIC2018/ISIC_0028978.jpg,1,1,0.06345552,0.51186126,0.036769424,0.29469627,0.0109208105,0.06677044,0.015526312
/home/share/Uni_Eval/HAM10000_clean/ISIC2018/ISIC_0028502.jpg,5,5,1.8061102e-05,9.548151e-06,0.002815311,0.00027657478,0.0050718705,0.9908119,0.0009966292
/home/share/Uni_Eval/HAM10000_clean/ISIC2018/ISIC_0028239.jpg,5,5,0.00013549556,9.709852e-05,0.0055933995,0.00016994253,0.0095316,0.98398834,0.00048400767
/home/share/Uni_Eval/HAM10000_clean/ISIC2018/ISIC_0029624.jpg,5,5,7.3109622e-06,2.1372223e-06,0.0008309993,1.7452077e-05,0.022921609,0.9762111,9.418157e-06
/home/share/Uni_Eval/HAM10000_clean/ISIC2018/ISIC_0029961.jpg,5,5,0.00066019676,0.00025009827,0.0077005685,0.0003025185,0.019216543,0.9717458,0.000124321
/home/share/Uni_Eval/HAM10000_clean/ISIC2018/ISIC_0026583.jpg,5,5,0.0011672813,0.0039340016,0.005378253,0.0047143456,0.005733272,0.975978,0.0030948585
/home/share/Uni_Eval/HAM10000_clean/ISIC2018/ISIC_0025457.jpg,5,5,0.0058507635,9.383276e-05,0.00068079244,0.0051462133,0.004339555,0.98337215,0.00051670126
/home/share/Uni_Eval/HAM10000_clean/ISIC2018/ISIC_0028455.jpg,5,5,0.00016914414,1.0552623e-05,0.0031698672,0.00015293717,0.0015516274,0.9948302,0.00011570083
/home/share/Uni_Eval/HAM10000_clean/ISIC2018/ISIC_0025723.jpg,5,5,0.0074214204,0.006787187,0.019249495,0.0014816868,0.01295484,0.9519479,0.0001573516
/home/share/Uni_Eval/HAM10000_clean/ISIC2018/ISIC_0024872.jpg,5,5,0.0016658799,0.0037227548,0.035308924,0.0011845572,0.018441245,0.9396375,3.9146234e-05
/home/share/Uni_Eval/HAM10000_clean/ISIC2018/ISIC_0025143.jpg,5,5,3.2400392e-05,1.9934329e-05,0.0011489134,0.00051315106,0.007046632,0.99108446,0.00015458485
/home/share/Uni_Eval/HAM10000_clean/ISIC2018/ISIC_0031926.jpg,5,5,0.0012454191,0.0029754848,0.052443452,0.0009496576,0.072524466,0.8697259,0.0001356114
/home/share/Uni_Eval/HAM10000_clean/ISIC2018/ISIC_0028164.jpg,5,5,0.00011095184,1.3253558e-05,0.020354956,0.00019679694,0.024609795,0.9546012,0.00011305614
/home/share/Uni_Eval/HAM10000_clean/ISIC2018/ISIC_0032317.jpg,5,5,4.1476826e-05,9.193115e-05,0.002494701,0.00050204527,0.0023474693,0.99419963,0.00032275377
/home/share/Uni_Eval/HAM10000_clean/ISIC2018/ISIC_0025053.jpg,5,5,8.11723e-06,8.222648e-06,0.0014700685,8.237125e-05,0.002279947,0.99611264,3.8651975e-05
/home/share/Uni_Eval/HAM10000_clean/ISIC2018/ISIC_0024357.jpg,5,5,0.00030214433,0.00013173914,0.018874675,0.0008193759,0.010273592,0.9695631,3.5353958e-05
/home/share/Uni_Eval/HAM10000_clean/ISIC2018/ISIC_0028889.jpg,5,5,3.9459937e-05,2.3666562e-05,0.001983253,0.00053605717,0.007824772,0.98956805,2.4721418e-05
/home/share/Uni_Eval/HAM10000_clean/ISIC2018/ISIC_0028302.jpg,5,5,0.00084787357,0.006888005,0.0036543123,0.00681525,0.01687336,0.9616701,0.0032511277
/home/share/Uni_Eval/HAM10000_clean/ISIC2018/ISIC_0026172.jpg,5,5,3.9892795e-05,8.646058e-05,0.00022906771,0.00014576268,0.0041462784,0.99525213,0.0001002858
/home/share/Uni_Eval/HAM10000_clean/ISIC2018/ISIC_0031604.jpg,5,5,0.0009762641,0.0005628759,0.055872522,0.0004826819,0.09666227,0.8420074,0.0034358941
/home/share/Uni_Eval/HAM10000_clean/ISIC2018/ISIC_0027808.jpg,5,5,8.50912e-06,1.6189744e-06,0.0020713438,0.00024524992,0.0135215325,0.984145,6.777427e-06
/home/share/Uni_Eval/HAM10000_clean/ISIC2018/ISIC_0025416.jpg,5,5,4.5539415e-05,9.000571e-06,0.0020622564,0.00026453656,0.015992602,0.981616,1.0007966e-05
/home/share/Uni_Eval/HAM10000_clean/ISIC2018/ISIC_0027339.jpg,5,5,1.3477724e-05,6.703713e-06,0.004892711,0.0005551114,0.0025699262,0.9918703,9.167964e-05
/home/share/Uni_Eval/HAM10000_clean/ISIC2018/ISIC_0031997.jpg,5,5,0.00015830914,0.0001105371,0.00052555115,0.00014075876,0.009493541,0.98939884,0.00017259123
/home/share/Uni_Eval/HAM10000_clean/ISIC2018/ISIC_0030669.jpg,5,5,1.2343049e-05,5.3266143e-05,0.00012488254,6.6835884e-05,0.0017056784,0.99803287,4.034492e-06
/home/share/Uni_Eval/HAM10000_clean/ISIC2018/ISIC_0025364.jpg,5,5,3.7682104e-05,0.00015289223,0.0005865686,0.00023150703,0.00089290866,0.9980667,3.1747953e-05
/home/share/Uni_Eval/HAM10000_clean/ISIC2018/ISIC_0026234.jpg,5,5,0.00061571057,0.0020266296,0.0072875144,0.0009352884,0.004727512,0.98370576,0.00070155394
/home/share/Uni_Eval/HAM10000_clean/ISIC2018/ISIC_0024365.jpg,5,5,3.7476606e-05,4.9439477e-06,0.006197154,0.0025875214,0.0038235963,0.9871907,0.00015857014
/home/share/Uni_Eval/HAM10000_clean/ISIC2018/ISIC_0029293.jpg,5,5,0.0013513382,8.884587e-05,0.03963792,0.0064912136,0.17796223,0.77374595,0.0007224644
/home/share/Uni_Eval/HAM10000_clean/ISIC2018/ISIC_0027717.jpg,5,5,0.0016314778,0.00037244955,0.019852212,0.00019209304,0.05560019,0.9222511,0.00010049393
/home/share/Uni_Eval/HAM10000_clean/ISIC2018/ISIC_0027732.jpg,5,5,0.00050313404,0.0022587439,0.0010811234,0.00026647458,0.0027719587,0.993009,0.000109679415
/home/share/Uni_Eval/HAM10000_clean/ISIC2018/ISIC_0028395.jpg,5,5,0.007970825,0.0030303316,0.1384508,0.03217082,0.005908331,0.8117249,0.0007439552
/home/share/Uni_Eval/HAM10000_clean/ISIC2018/ISIC_0027426.jpg,5,5,8.409914e-05,3.962783e-06,0.00359139,0.00032633636,0.0030430066,0.9928429,0.00010843249
/home/share/Uni_Eval/HAM10000_clean/ISIC2018/ISIC_0027195.jpg,5,5,0.0024675578,0.00041075834,0.047117446,0.0021012772,0.015934737,0.92975414,0.0022139982
/home/share/Uni_Eval/HAM10000_clean/ISIC2018/ISIC_0026098.jpg,5,5,8.438376e-05,9.328751e-05,0.035995327,0.0013335004,0.04725812,0.9146381,0.0005972769
/home/share/Uni_Eval/HAM10000_clean/ISIC2018/ISIC_0029336.jpg,5,5,0.0027379468,0.0034568568,0.07557349,0.007403688,0.030152967,0.87931466,0.0013604214
/home/share/Uni_Eval/HAM10000_clean/ISIC2018/ISIC_0032100.jpg,5,5,1.8148434e-05,8.050324e-06,0.01884241,0.00042424977,0.0005563073,0.9799543,0.00019648782
/home/share/Uni_Eval/HAM10000_clean/ISIC2018/ISIC_0031453.jpg,5,5,7.4828626e-05,1.8176768e-05,0.0011656987,0.00042253107,0.011561707,0.9867137,4.3290853e-05
/home/share/Uni_Eval/HAM10000_clean/ISIC2018/ISIC_0026242.jpg,5,5,0.00015670448,0.00011741841,0.025290329,0.00022847515,0.043600995,0.9305993,6.8097947e-06
/home/share/Uni_Eval/HAM10000_clean/ISIC2018/ISIC_0028282.jpg,5,5,0.024191212,0.025765438,0.074773975,0.0070273243,0.03338274,0.8343372,0.0005222149
/home/share/Uni_Eval/HAM10000_clean/ISIC2018/ISIC_0028639.jpg,5,5,0.002649359,0.0030043866,0.07685738,0.0065477937,0.05215634,0.85538715,0.003397592
/home/share/Uni_Eval/HAM10000_clean/ISIC2018/ISIC_0028136.jpg,5,5,0.00033408537,0.00024564704,0.018478386,0.0062519237,0.033143625,0.9414357,0.00011073986
/home/share/Uni_Eval/HAM10000_clean/ISIC2018/ISIC_0026283.jpg,5,5,0.001055739,0.00021921938,0.0053801723,0.040203925,0.0016666035,0.95075613,0.000718162
/home/share/Uni_Eval/HAM10000_clean/ISIC2018/ISIC_0027416.jpg,5,5,0.017705243,0.005406722,0.31772593,0.016246751,0.021297678,0.61671084,0.004906909
/home/share/Uni_Eval/HAM10000_clean/ISIC2018/ISIC_0025930.jpg,5,5,0.00048570297,0.0014923675,0.0018620318,0.0025988473,0.010383736,0.9739778,0.009199591
/home/share/Uni_Eval/HAM10000_clean/ISIC2018/ISIC_0029815.jpg,5,5,1.4708966e-05,3.8892358e-05,6.900495e-05,3.5451903e-05,0.0017987222,0.99802303,2.0204896e-05
/home/share/Uni_Eval/HAM10000_clean/ISIC2018/ISIC_0032011.jpg,5,5,4.511251e-06,3.2979736e-07,0.005532382,1.4520865e-05,0.0023316215,0.9921111,5.4330517e-06
/home/share/Uni_Eval/HAM10000_clean/ISIC2018/ISIC_0030540.jpg,5,5,1.4951885e-05,1.4580836e-05,0.0052925767,1.8002045e-05,0.0049695885,0.98968786,2.3942782e-06
/home/share/Uni_Eval/HAM10000_clean/ISIC2018/ISIC_0025366.jpg,2,5,0.000119724784,0.0020517395,0.014649402,0.00022590095,0.006175277,0.9767284,4.9641036e-05
/home/share/Uni_Eval/HAM10000_clean/ISIC2018/ISIC_0031229.jpg,5,5,3.8991402e-05,3.3078355e-05,0.0018531315,0.0010151414,0.01140452,0.98563683,1.8204193e-05
/home/share/Uni_Eval/HAM10000_clean/ISIC2018/ISIC_0031777.jpg,5,5,2.7948867e-05,3.0987154e-05,0.0033050142,0.00018097804,0.007511149,0.98885226,9.1661605e-05
/home/share/Uni_Eval/HAM10000_clean/ISIC2018/ISIC_0025558.jpg,5,5,0.00010034445,1.5578149e-05,0.006558265,0.00020324568,0.054589335,0.93829185,0.00024140306
/home/share/Uni_Eval/HAM10000_clean/ISIC2018/ISIC_0028007.jpg,5,5,1.38748655e-05,8.726892e-06,0.0024726181,0.0011925905,0.00056272687,0.9955647,0.00018470029
/home/share/Uni_Eval/HAM10000_clean/ISIC2018/ISIC_0028768.jpg,5,5,4.4386798e-05,4.522053e-05,0.012892528,0.0015636652,0.00023602591,0.9834485,0.0017696358
/home/share/Uni_Eval/HAM10000_clean/ISIC2018/ISIC_0028137.jpg,5,5,2.7546387e-06,2.0299462e-06,0.001253029,2.3027165e-05,0.00046950736,0.9982476,1.9585432e-06
/home/share/Uni_Eval/HAM10000_clean/ISIC2018/ISIC_0025255.jpg,5,5,5.059042e-06,6.345252e-07,0.00039838208,9.864382e-06,0.002006776,0.9975642,1.5165777e-05
/home/share/Uni_Eval/HAM10000_clean/ISIC2018/ISIC_0032453.jpg,5,5,0.00012118594,0.00012493924,0.0026189012,8.4822466e-05,0.019418638,0.97756493,6.658445e-05
/home/share/Uni_Eval/HAM10000_clean/ISIC2018/ISIC_0028546.jpg,5,5,0.00012019402,0.00021725277,0.0005684244,0.0016715098,0.0006060638,0.99668306,0.00013350224
/home/share/Uni_Eval/HAM10000_clean/ISIC2018/ISIC_0031174.jpg,5,5,8.0273356e-05,2.9059818e-06,0.011976208,0.00020913582,0.011846081,0.9757968,8.861003e-05
/home/share/Uni_Eval/HAM10000_clean/ISIC2018/ISIC_0026836.jpg,5,5,0.00011686873,6.155361e-05,0.017622378,0.00051924645,0.0058015585,0.9758168,6.162221e-05
/home/share/Uni_Eval/HAM10000_clean/ISIC2018/ISIC_0026613.jpg,5,5,0.0011183316,0.0044873557,0.013112337,0.004943461,0.009242118,0.9652106,0.0018858566
/home/share/Uni_Eval/HAM10000_clean/ISIC2018/ISIC_0027843.jpg,5,5,0.0005060187,0.00024378717,0.011540132,0.0026386038,0.0005933338,0.9842457,0.00023228861
/home/share/Uni_Eval/HAM10000_clean/ISIC2018/ISIC_0030797.jpg,5,5,4.5334e-05,9.069399e-05,0.00096804585,0.00036735777,0.00773063,0.9906882,0.00010970017
/home/share/Uni_Eval/HAM10000_clean/ISIC2018/ISIC_0027939.jpg,5,5,0.0002906714,9.335293e-05,0.07783486,0.01632055,0.09486756,0.81046516,0.00012776723
/home/share/Uni_Eval/HAM10000_clean/ISIC2018/ISIC_0031947.jpg,5,5,6.4433916e-06,1.5931215e-06,0.00043891056,0.00017709025,0.00050500396,0.9987496,0.000121371675
/home/share/Uni_Eval/HAM10000_clean/ISIC2018/ISIC_0029675.jpg,5,5,6.929667e-05,0.00015959489,0.0026309902,0.0016316938,0.0036772573,0.99171126,0.00011985467
/home/share/Uni_Eval/HAM10000_clean/ISIC2018/ISIC_0032426.jpg,5,5,0.00016854696,4.2913798e-05,0.0049826545,0.00025251613,0.02278702,0.97133857,0.0004277139
/home/share/Uni_Eval/HAM10000_clean/ISIC2018/ISIC_0031571.jpg,5,5,0.00014418132,2.562572e-05,0.0040307194,0.0007650971,0.007715833,0.9872858,3.2749926e-05
/home/share/Uni_Eval/HAM10000_clean/ISIC2018/ISIC_0030120.jpg,5,5,0.01589472,0.0023710849,0.027591567,0.00066990143,0.030025635,0.9222472,0.0011999847
/home/share/Uni_Eval/HAM10000_clean/ISIC2018/ISIC_0025878.jpg,5,5,0.00058973784,0.00020460386,0.0035760282,0.00023566923,0.004136268,0.9912509,6.9533694e-06
/home/share/Uni_Eval/HAM10000_clean/ISIC2018/ISIC_0025613.jpg,5,5,0.004421862,0.00066963886,0.014616748,0.0029050899,0.108135335,0.86267114,0.0065801963
/home/share/Uni_Eval/HAM10000_clean/ISIC2018/ISIC_0027085.jpg,5,5,0.00027571258,0.00042676023,0.013303023,0.008972342,0.005255485,0.9715182,0.00024849546
/home/share/Uni_Eval/HAM10000_clean/ISIC2018/ISIC_0028933.jpg,5,5,0.000106031424,3.4211385e-05,0.006512508,0.0002028374,0.006640427,0.9864167,8.72744e-05
/home/share/Uni_Eval/HAM10000_clean/ISIC2018/ISIC_0027356.jpg,5,5,0.00016777217,1.6081578e-05,0.1412791,0.0009110379,0.014311599,0.8432963,1.8213956e-05
/home/share/Uni_Eval/HAM10000_clean/ISIC2018/ISIC_0030836.jpg,5,5,0.007834714,0.007573152,0.121979155,0.048594616,0.0038457345,0.8072992,0.0028735234
/home/share/Uni_Eval/HAM10000_clean/ISIC2018/ISIC_0030204.jpg,5,5,0.00042253325,0.00059897645,0.030384282,0.0042652674,0.0023827443,0.96193254,1.364849e-05
/home/share/Uni_Eval/HAM10000_clean/ISIC2018/ISIC_0028242.jpg,5,5,5.7474317e-06,3.1924544e-06,0.003897843,5.794065e-05,0.003499411,0.99253196,3.9323177e-06
/home/share/Uni_Eval/HAM10000_clean/ISIC2018/ISIC_0024856.jpg,5,5,0.0014069336,0.002526628,0.010182335,0.003988879,0.01146022,0.9694044,0.0010305786
/home/share/Uni_Eval/HAM10000_clean/ISIC2018/ISIC_0028775.jpg,5,5,0.009689522,0.0036273713,0.0453113,0.01897308,0.0034354548,0.91581297,0.003150331
/home/share/Uni_Eval/HAM10000_clean/ISIC2018/ISIC_0025910.jpg,5,5,0.00017277632,0.00031563285,0.008133098,0.0073390617,0.002655868,0.97861165,0.0027718865
/home/share/Uni_Eval/HAM10000_clean/ISIC2018/ISIC_0031392.jpg,5,5,0.0016802268,0.00021177485,0.023254313,0.0023822605,0.015495709,0.9567515,0.00022414562
/home/share/Uni_Eval/HAM10000_clean/ISIC2018/ISIC_0031909.jpg,5,5,0.00012687012,0.00012256316,0.0027285537,0.0034743585,0.0006212407,0.98949975,0.0034267167
/home/share/Uni_Eval/HAM10000_clean/ISIC2018/ISIC_0029274.jpg,5,5,0.0022519464,0.0027636283,0.15730499,0.005009429,0.008302228,0.8236688,0.0006989933
/home/share/Uni_Eval/HAM10000_clean/ISIC2018/ISIC_0029972.jpg,5,5,1.536514e-05,2.1862921e-05,0.00036477036,0.00023106704,7.0343216e-05,0.9991708,0.00012574297
/home/share/Uni_Eval/HAM10000_clean/ISIC2018/ISIC_0027373.jpg,5,5,0.00015250719,0.0005220485,0.004068755,0.00016256863,0.018313432,0.9760405,0.0007401918
/home/share/Uni_Eval/HAM10000_clean/ISIC2018/ISIC_0024556.jpg,5,5,0.0023563022,0.004066628,0.04890431,0.006174127,0.005073455,0.93163353,0.0017915829
/home/share/Uni_Eval/HAM10000_clean/ISIC2018/ISIC_0027157.jpg,5,5,0.00023601679,3.4003744e-05,0.0075277183,0.0032667078,0.013587154,0.9752998,4.8732556e-05
/home/share/Uni_Eval/HAM10000_clean/ISIC2018/ISIC_0032288.jpg,5,5,0.00017259493,0.00023951166,0.012834963,0.0012475454,0.04579805,0.9395895,0.0001178979
/home/share/Uni_Eval/HAM10000_clean/ISIC2018/ISIC_0024534.jpg,5,5,3.819e-06,9.682603e-07,0.0011131124,3.255876e-05,0.006530412,0.99231637,2.7809926e-06
/home/share/Uni_Eval/HAM10000_clean/ISIC2018/ISIC_0031313.jpg,5,5,0.00062647404,0.00010463164,0.18000084,0.001889687,0.027349016,0.7892582,0.00077120145
/home/share/Uni_Eval/HAM10000_clean/ISIC2018/ISIC_0028813.jpg,5,5,0.00018543917,9.244675e-06,0.003308419,0.000100381265,0.01083837,0.9855282,2.9974668e-05
/home/share/Uni_Eval/HAM10000_clean/ISIC2018/ISIC_0027482.jpg,5,5,5.926649e-05,6.089362e-05,0.0034661116,0.00029325878,0.03139951,0.96395916,0.00076175417
/home/share/Uni_Eval/HAM10000_clean/ISIC2018/ISIC_0026689.jpg,5,5,1.5377833e-05,3.8124548e-05,0.00046642555,6.9644893e-06,0.001878299,0.9975349,5.979335e-05
/home/share/Uni_Eval/HAM10000_clean/ISIC2018/ISIC_0032419.jpg,5,5,0.00057537184,0.0010399652,0.008664477,0.0035033536,0.07787248,0.9050584,0.003285929
/home/share/Uni_Eval/HAM10000_clean/ISIC2018/ISIC_0028985.jpg,5,5,0.00013308143,3.62473e-05,0.00040738063,0.00065428123,0.0034826596,0.99501497,0.00027131787
/home/share/Uni_Eval/HAM10000_clean/ISIC2018/ISIC_0029335.jpg,5,5,0.00011424039,0.0004109332,0.008442374,0.0011996144,0.008016853,0.9817925,2.3459024e-05
/home/share/Uni_Eval/HAM10000_clean/ISIC2018/ISIC_0030351.jpg,5,5,9.331144e-06,3.2202348e-05,0.001441832,0.00026768158,0.0012819207,0.996938,2.9097557e-05
/home/share/Uni_Eval/HAM10000_clean/ISIC2018/ISIC_0026994.jpg,5,5,5.5695906e-05,4.237798e-06,0.013938514,0.00017139995,0.004091985,0.9816912,4.6995665e-05
/home/share/Uni_Eval/HAM10000_clean/ISIC2018/ISIC_0029111.jpg,5,5,0.00011064819,1.0604973e-05,0.0033886773,0.0014113511,0.0051279687,0.98993427,1.6478774e-05
/home/share/Uni_Eval/HAM10000_clean/ISIC2018/ISIC_0031114.jpg,5,5,0.0016245306,0.002006356,0.000950827,0.0019662522,0.00035130227,0.98940456,0.0036961755
/home/share/Uni_Eval/HAM10000_clean/ISIC2018/ISIC_0025146.jpg,5,5,7.556675e-05,0.00012570129,0.0016925407,0.00017066933,0.00088260963,0.99703515,1.7699194e-05
/home/share/Uni_Eval/HAM10000_clean/ISIC2018/ISIC_0027600.jpg,5,5,3.1310825e-05,8.233475e-05,0.00022101728,0.00013846243,0.0004458981,0.9989544,0.00012658676
/home/share/Uni_Eval/HAM10000_clean/ISIC2018/ISIC_0024804.jpg,5,5,9.242378e-05,2.3238204e-05,0.0024045054,0.00041343857,0.002685769,0.9943656,1.5051723e-05
/home/share/Uni_Eval/HAM10000_clean/ISIC2018/ISIC_0032266.jpg,5,5,0.0006676948,6.672826e-05,0.0030904675,0.00019352355,0.0074663647,0.9882416,0.00027362653
/home/share/Uni_Eval/HAM10000_clean/ISIC2018/ISIC_0026415.jpg,5,5,5.296895e-05,4.4983066e-05,0.0065751467,0.0010182488,0.0012563375,0.9909871,6.51395e-05
/home/share/Uni_Eval/HAM10000_clean/ISIC2018/ISIC_0030524.jpg,5,5,0.0021651438,0.00046689052,0.04581951,0.00044033083,0.0017439654,0.9426525,0.006711676
/home/share/Uni_Eval/HAM10000_clean/ISIC2018/ISIC_0030679.jpg,5,5,4.3747514e-05,4.1104104e-06,0.0022750858,0.00019735548,0.00049851404,0.99685514,0.00012595097
/home/share/Uni_Eval/HAM10000_clean/ISIC2018/ISIC_0026740.jpg,5,5,1.13104925e-05,7.779187e-06,9.782281e-05,4.2883286e-05,0.00059546833,0.99913955,0.00010521502
/home/share/Uni_Eval/HAM10000_clean/ISIC2018/ISIC_0028712.jpg,5,5,1.5950867e-05,5.115093e-06,0.00021957234,4.463875e-05,0.002831933,0.9968258,5.7001173e-05
/home/share/Uni_Eval/HAM10000_clean/ISIC2018/ISIC_0024379.jpg,5,5,6.414566e-05,1.9974395e-05,0.00082273467,0.007992772,0.0009782971,0.98989654,0.00022547833
/home/share/Uni_Eval/HAM10000_clean/ISIC2018/ISIC_0030237.jpg,5,5,5.3879476e-06,3.715001e-07,3.2156542e-05,3.2853768e-06,0.00010133324,0.9998567,6.9924624e-07
/home/share/Uni_Eval/HAM10000_clean/ISIC2018/ISIC_0028177.jpg,5,5,0.0010436483,0.0003636484,0.0016134817,0.0002757542,0.0016296636,0.995046,2.7686532e-05
/home/share/Uni_Eval/HAM10000_clean/ISIC2018/ISIC_0024661.jpg,5,5,1.1129283e-05,9.299769e-06,6.0083836e-05,1.9033141e-05,0.00017638547,0.9997222,1.8203019e-06
/home/share/Uni_Eval/HAM10000_clean/ISIC2018/ISIC_0025474.jpg,5,5,1.5238541e-05,3.967604e-05,3.5529505e-05,0.0001502896,9.858987e-05,0.9996288,3.191783e-05
/home/share/Uni_Eval/HAM10000_clean/ISIC2018/ISIC_0025397.jpg,5,5,0.0001090226,2.0004718e-05,0.0034298813,6.484075e-05,0.0028279906,0.9935421,6.1631945e-06
/home/share/Uni_Eval/HAM10000_clean/ISIC2018/ISIC_0024641.jpg,5,5,0.0011352397,0.0010382915,0.0024569423,0.0010834341,0.0031756484,0.9895536,0.0015568478
/home/share/Uni_Eval/HAM10000_clean/ISIC2018/ISIC_0026267.jpg,5,5,0.0016811315,0.00038507552,0.036849193,0.0005992713,0.13474765,0.825445,0.00029270368
/home/share/Uni_Eval/HAM10000_clean/ISIC2018/ISIC_0030407.jpg,5,5,6.797427e-05,2.9414103e-05,0.0023583674,7.7587545e-05,0.0053759776,0.99208826,2.463529e-06
/home/share/Uni_Eval/HAM10000_clean/ISIC2018/ISIC_0030490.jpg,5,5,0.0002644398,0.00011817188,0.0003229729,5.8829635e-05,0.0029100142,0.99632263,2.9547355e-06
/home/share/Uni_Eval/HAM10000_clean/ISIC2018/ISIC_0029150.jpg,5,5,0.0095655285,0.014700367,0.046685223,0.007151293,0.00070232555,0.9205925,0.00060288166
/home/share/Uni_Eval/HAM10000_clean/ISIC2018/ISIC_0030711.jpg,5,5,0.0001670421,1.3611797e-05,0.0004642207,0.003812753,0.00046964196,0.9943189,0.00075392367
/home/share/Uni_Eval/HAM10000_clean/ISIC2018/ISIC_0027541.jpg,5,5,5.1747206e-06,4.8741704e-06,4.5908557e-05,1.6231934e-05,0.0015332281,0.9983773,1.7337352e-05
/home/share/Uni_Eval/HAM10000_clean/ISIC2018/ISIC_0027557.jpg,5,5,0.00011407154,0.0006031537,0.00048741896,8.8908935e-05,0.0011062991,0.99752265,7.7452256e-05
/home/share/Uni_Eval/HAM10000_clean/ISIC2018/ISIC_0027892.jpg,5,5,0.0022738876,0.0035233947,0.001633269,0.00066369417,0.0029637336,0.98890054,4.1496416e-05
/home/share/Uni_Eval/HAM10000_clean/ISIC2018/ISIC_0028786.jpg,5,5,0.00045503327,7.4814845e-05,0.0011534585,0.00028362643,0.0014143046,0.9966143,4.478419e-06
/home/share/Uni_Eval/HAM10000_clean/ISIC2018/ISIC_0031097.jpg,5,5,0.0004657167,0.00016155967,0.0003375243,0.00011530425,0.00071453187,0.99816364,4.168491e-05
/home/share/Uni_Eval/HAM10000_clean/ISIC2018/ISIC_0024392.jpg,5,5,7.282751e-06,8.339171e-06,6.3881926e-05,2.255593e-05,0.0064644814,0.99343264,9.095164e-07
/home/share/Uni_Eval/HAM10000_clean/ISIC2018/ISIC_0029004.jpg,5,5,0.00041392693,9.889695e-05,0.00039247374,0.00015663455,0.001741454,0.9971445,5.2046686e-05
/home/share/Uni_Eval/HAM10000_clean/ISIC2018/ISIC_0025109.jpg,5,5,0.0013058373,0.0016526114,0.0006327698,0.0025555012,0.00077212666,0.992046,0.0010351759
/home/share/Uni_Eval/HAM10000_clean/ISIC2018/ISIC_0029508.jpg,5,5,0.00012083447,8.829776e-06,6.521453e-05,2.2689999e-06,0.00018855771,0.99961346,9.024726e-07
/home/share/Uni_Eval/HAM10000_clean/ISIC2018/ISIC_0030484.jpg,5,5,0.0007694788,0.00021414788,0.0043064672,0.00018075295,0.0013193546,0.99319804,1.173846e-05
/home/share/Uni_Eval/HAM10000_clean/ISIC2018/ISIC_0026515.jpg,5,5,0.0001506553,0.0001370239,0.0030708734,0.0029169316,0.00012342217,0.9912306,0.0023705126
/home/share/Uni_Eval/HAM10000_clean/ISIC2018/ISIC_0029706.jpg,5,5,0.00017490772,0.0001944,0.0016218164,1.7065217e-05,0.0020051738,0.9959842,2.510443e-06
/home/share/Uni_Eval/HAM10000_clean/ISIC2018/ISIC_0030414.jpg,5,5,7.012367e-05,0.00011833477,0.000167507,0.0001293609,0.002581127,0.9969217,1.1697392e-05
/home/share/Uni_Eval/HAM10000_clean/ISIC2018/ISIC_0028021.jpg,5,5,0.0010526712,0.0017297699,0.01884379,0.0017395443,0.0023169536,0.9742863,3.1029187e-05
/home/share/Uni_Eval/HAM10000_clean/ISIC2018/ISIC_0025944.jpg,5,5,0.0003612272,0.00031665756,0.0003052902,0.00027733226,0.004987377,0.9937331,1.9060266e-05
/home/share/Uni_Eval/HAM10000_clean/ISIC2018/ISIC_0026628.jpg,5,5,5.186399e-05,4.9481838e-05,0.00068380445,0.00019685192,0.0007862011,0.9981976,3.4176268e-05
/home/share/Uni_Eval/HAM10000_clean/ISIC2018/ISIC_0027438.jpg,5,5,2.0655662e-05,1.2471882e-05,4.523671e-05,7.1024e-05,0.00017366937,0.99965894,1.7925287e-05
/home/share/Uni_Eval/HAM10000_clean/ISIC2018/ISIC_0024656.jpg,5,5,0.00018913568,3.7139667e-05,0.0014769498,0.00016946817,0.00046001584,0.99766505,2.2648796e-06
/home/share/Uni_Eval/HAM10000_clean/ISIC2018/ISIC_0029456.jpg,5,5,1.9474135e-05,1.2693831e-05,4.6113848e-05,1.7205573e-05,0.0002021741,0.99969935,3.053748e-06
/home/share/Uni_Eval/HAM10000_clean/ISIC2018/ISIC_0030692.jpg,5,5,0.00048604587,0.00013920893,0.0061593,0.0004965136,0.001521876,0.9911398,5.7309073e-05
/home/share/Uni_Eval/HAM10000_clean/ISIC2018/ISIC_0028908.jpg,5,5,1.6445812e-05,7.6500515e-07,1.7299006e-05,5.843726e-06,0.00074351527,0.9992157,4.799152e-07
/home/share/Uni_Eval/HAM10000_clean/ISIC2018/ISIC_0024395.jpg,5,5,0.0022997935,0.002612234,0.0008680104,0.009194644,0.0010451154,0.98343647,0.00054377445
/home/share/Uni_Eval/HAM10000_clean/ISIC2018/ISIC_0026791.jpg,5,5,0.0003154692,0.00056490727,0.002703842,0.00027505824,0.0019310848,0.99419713,1.2512892e-05
/home/share/Uni_Eval/HAM10000_clean/ISIC2018/ISIC_0024736.jpg,5,5,3.9228064e-05,3.401687e-06,0.00024488074,9.2998824e-05,0.0031671675,0.99643385,1.8417024e-05
/home/share/Uni_Eval/HAM10000_clean/ISIC2018/ISIC_0030775.jpg,5,5,0.00013051556,0.00013685923,2.5431065e-05,0.00045521703,0.00015159848,0.99848026,0.000620133
/home/share/Uni_Eval/HAM10000_clean/ISIC2018/ISIC_0028318.jpg,5,5,2.1201105e-05,1.0584264e-05,0.0006164424,0.00026223235,0.00017913504,0.9986621,0.00024818617
/home/share/Uni_Eval/HAM10000_clean/ISIC2018/ISIC_0027901.jpg,5,5,0.00010590493,0.00029378926,0.00013457016,8.774328e-05,6.663098e-05,0.9992723,3.91096e-05
/home/share/Uni_Eval/HAM10000_clean/ISIC2018/ISIC_0030866.jpg,5,5,7.20471e-05,6.134925e-05,0.00041610087,7.888127e-05,0.00064274465,0.9986651,6.377293e-05
/home/share/Uni_Eval/HAM10000_clean/ISIC2018/ISIC_0027477.jpg,5,5,0.00032334728,0.00096066843,0.025395945,0.0027514298,0.0012023608,0.969059,0.0003071295
/home/share/Uni_Eval/HAM10000_clean/ISIC2018/ISIC_0027637.jpg,5,5,2.1428355e-05,2.4768828e-05,0.0002424348,0.0004671325,0.0002532238,0.9989857,5.241138e-06
/home/share/Uni_Eval/HAM10000_clean/ISIC2018/ISIC_0029264.jpg,5,5,0.00022122043,1.48588715e-05,0.00032271625,0.00055991486,0.00012319924,0.99709105,0.0016669325
/home/share/Uni_Eval/HAM10000_clean/ISIC2018/ISIC_0027617.jpg,5,5,3.343403e-05,3.713102e-05,0.00031924053,0.00029696754,0.0013599199,0.9979236,2.973602e-05
/home/share/Uni_Eval/HAM10000_clean/ISIC2018/ISIC_0029711.jpg,5,5,4.2000695e-05,4.23568e-05,3.630873e-05,3.6011745e-05,0.00046817804,0.9993481,2.7026163e-05
/home/share/Uni_Eval/HAM10000_clean/ISIC2018/ISIC_0024977.jpg,5,5,0.00020539534,7.464709e-05,0.00029622545,4.2718162e-05,0.0016296908,0.9977442,7.1720656e-06
/home/share/Uni_Eval/HAM10000_clean/ISIC2018/ISIC_0031785.jpg,5,5,1.9856736e-05,5.9553775e-05,0.00012921181,3.6045585e-05,0.00015459055,0.9995901,1.0698655e-05
/home/share/Uni_Eval/HAM10000_clean/ISIC2018/ISIC_0025976.jpg,5,5,9.231042e-06,5.0673505e-05,0.00013762577,0.0001099318,0.0005282167,0.9991171,4.7347952e-05
/home/share/Uni_Eval/HAM10000_clean/ISIC2018/ISIC_0030578.jpg,5,5,0.004609417,0.045442328,0.00443453,0.0046778005,0.0014025039,0.93892676,0.0005067275
/home/share/Uni_Eval/HAM10000_clean/ISIC2018/ISIC_0028552.jpg,5,5,0.00027087747,5.453384e-05,0.0018852171,3.9323106e-05,0.0010179717,0.996727,5.057193e-06
/home/share/Uni_Eval/HAM10000_clean/ISIC2018/ISIC_0026945.jpg,5,5,0.0004894969,0.00032821877,0.0031552739,0.0003148362,0.003859487,0.9916611,0.00019161562
/home/share/Uni_Eval/HAM10000_clean/ISIC2018/ISIC_0029387.jpg,5,5,0.00022279129,0.0003577123,0.00044913948,0.00013565164,0.0022428068,0.9963426,0.00024922806
/home/share/Uni_Eval/HAM10000_clean/ISIC2018/ISIC_0024321.jpg,5,5,0.0001679034,0.0037223161,0.000113520866,0.006059908,0.00028295344,0.98960483,4.8596627e-05
/home/share/Uni_Eval/HAM10000_clean/ISIC2018/ISIC_0027807.jpg,5,5,1.4825369e-05,5.2672956e-05,5.2336567e-05,3.6514116e-06,0.0012427451,0.9986091,2.469881e-05
/home/share/Uni_Eval/HAM10000_clean/ISIC2018/ISIC_0025714.jpg,5,5,0.00037653238,8.706718e-05,0.002193834,0.00028494428,0.00094860164,0.9960991,9.832804e-06
/home/share/Uni_Eval/HAM10000_clean/ISIC2018/ISIC_0028612.jpg,5,5,0.00017511492,0.00014592381,0.00016159735,0.000107320266,0.0005672257,0.9987754,6.741855e-05
/home/share/Uni_Eval/HAM10000_clean/ISIC2018/ISIC_0029795.jpg,5,5,0.00018956052,1.2292222e-05,0.0005302826,1.147653e-05,0.012065747,0.9871867,3.915271e-06
/home/share/Uni_Eval/HAM10000_clean/ISIC2018/ISIC_0030562.jpg,5,5,0.0002389543,4.7538706e-05,0.0005580288,4.3708886e-05,0.0014018825,0.9975662,0.00014366087
/home/share/Uni_Eval/HAM10000_clean/ISIC2018/ISIC_0032198.jpg,5,5,0.0006162196,0.00251167,0.007101236,0.0001433488,0.00059332506,0.98902994,4.2576908e-06
/home/share/Uni_Eval/HAM10000_clean/ISIC2018/ISIC_0030643.jpg,5,5,0.003462985,0.0013791496,0.0042261565,0.0004220968,0.005213055,0.9852734,2.312775e-05
/home/share/Uni_Eval/HAM10000_clean/ISIC2018/ISIC_0027353.jpg,5,5,0.00022827988,8.811505e-05,0.0027482621,0.00014610788,0.0009906994,0.9957871,1.1464876e-05
/home/share/Uni_Eval/HAM10000_clean/ISIC2018/ISIC_0026701.jpg,5,5,0.00011613464,1.1181843e-05,0.00017310216,5.3633496e-05,0.0017961237,0.9978338,1.598595e-05
/home/share/Uni_Eval/HAM10000_clean/ISIC2018/ISIC_0028616.jpg,5,5,0.002969911,0.0008285581,0.013256709,0.0016339817,0.0033882614,0.97775227,0.00017020635
/home/share/Uni_Eval/HAM10000_clean/ISIC2018/ISIC_0026708.jpg,5,5,4.4043783e-05,2.628673e-05,9.5652395e-05,5.0245235e-06,0.003185497,0.9966273,1.6252216e-05
/home/share/Uni_Eval/HAM10000_clean/ISIC2018/ISIC_0024820.jpg,5,5,1.1098495e-05,3.8149752e-05,7.674323e-05,0.00014010673,0.0007724713,0.9989532,8.113145e-06
/home/share/Uni_Eval/HAM10000_clean/ISIC2018/ISIC_0031275.jpg,5,5,0.00019226351,0.0008962926,0.00029705148,0.0007691099,6.710038e-05,0.99774593,3.216967e-05
/home/share/Uni_Eval/HAM10000_clean/ISIC2018/ISIC_0031343.jpg,5,5,0.00059494394,0.00014408921,0.0014509633,9.696794e-05,0.009105582,0.98860383,3.527573e-06
/home/share/Uni_Eval/HAM10000_clean/ISIC2018/ISIC_0029423.jpg,5,5,0.0008432544,0.00029788242,0.00015461647,0.0009122759,0.00047352293,0.9959759,0.0013425135
/home/share/Uni_Eval/HAM10000_clean/ISIC2018/ISIC_0031296.jpg,5,5,0.000110703535,0.00015934577,0.0001129963,0.00095689646,0.0003022378,0.9982975,6.0330185e-05
/home/share/Uni_Eval/HAM10000_clean/ISIC2018/ISIC_0025137.jpg,5,5,9.269619e-06,4.0257346e-06,1.1856499e-05,2.906404e-05,0.00017152159,0.9997595,1.4775267e-05
/home/share/Uni_Eval/HAM10000_clean/ISIC2018/ISIC_0025890.jpg,5,5,0.0018844632,0.0011103032,0.018746609,0.0006442851,0.0019074879,0.9756251,8.165431e-05
/home/share/Uni_Eval/HAM10000_clean/ISIC2018/ISIC_0027232.jpg,5,5,0.04351449,0.02493438,0.059357777,0.047205314,0.051433776,0.772219,0.0013352542
/home/share/Uni_Eval/HAM10000_clean/ISIC2018/ISIC_0027259.jpg,5,5,0.0002470409,0.0005462844,0.00016589387,0.0009661865,0.0013034851,0.99620616,0.00056493306
/home/share/Uni_Eval/HAM10000_clean/ISIC2018/ISIC_0029556.jpg,5,5,6.99293e-05,3.2846292e-05,0.0005195824,1.6428026e-05,0.0016099953,0.99774015,1.1122249e-05
/home/share/Uni_Eval/HAM10000_clean/ISIC2018/ISIC_0030613.jpg,5,5,1.2103139e-05,1.397769e-06,1.5735974e-05,0.0001492014,0.00015944234,0.9996563,5.772391e-06
/home/share/Uni_Eval/HAM10000_clean/ISIC2018/ISIC_0025698.jpg,5,5,2.7086307e-06,2.151042e-06,1.9223882e-05,3.1139061e-06,0.0040581487,0.99590814,6.5508584e-06
/home/share/Uni_Eval/HAM10000_clean/ISIC2018/ISIC_0031230.jpg,5,5,0.00014490573,5.2653788e-05,0.001231165,1.9169496e-05,0.017195007,0.981313,4.4082753e-05
/home/share/Uni_Eval/HAM10000_clean/ISIC2018/ISIC_0026300.jpg,5,5,0.00033246446,2.6951062e-05,0.001014338,0.00053692854,0.0019302338,0.9960884,7.069314e-05
/home/share/Uni_Eval/HAM10000_clean/ISIC2018/ISIC_0027474.jpg,5,5,0.0046354057,0.002474338,0.003362371,0.015304902,0.0046878415,0.96919763,0.00033757288
/home/share/Uni_Eval/HAM10000_clean/ISIC2018/ISIC_0031635.jpg,5,5,0.0008619874,0.0012907665,0.0013992097,0.00032217905,0.054267004,0.9397264,0.0021324914
/home/share/Uni_Eval/HAM10000_clean/ISIC2018/ISIC_0026972.jpg,5,5,0.0009469874,3.8059843e-05,0.0001676968,0.0005746522,0.00039473732,0.9978744,3.406527e-06
/home/share/Uni_Eval/HAM10000_clean/ISIC2018/ISIC_0024568.jpg,5,5,0.00016894826,2.9239774e-05,7.87959e-05,0.00014351394,0.00058521784,0.998657,0.00033712963
/home/share/Uni_Eval/HAM10000_clean/ISIC2018/ISIC_0030863.jpg,5,5,0.00028570308,5.227421e-05,0.00038000243,0.0008450843,0.000288585,0.9978788,0.0002696941
/home/share/Uni_Eval/HAM10000_clean/ISIC2018/ISIC_0027682.jpg,5,5,4.8221616e-05,0.0007952994,4.9752143e-05,7.928655e-05,0.0005629077,0.9975062,0.00095834903
/home/share/Uni_Eval/HAM10000_clean/ISIC2018/ISIC_0030975.jpg,5,5,0.00050225307,0.0009988614,0.00025184554,0.0005577174,0.00048393442,0.9968797,0.00032579398
/home/share/Uni_Eval/HAM10000_clean/ISIC2018/ISIC_0031763.jpg,5,5,0.0013657304,0.00026417122,0.0008952187,0.0079465555,0.010929325,0.97286487,0.0057341196
/home/share/Uni_Eval/HAM10000_clean/ISIC2018/ISIC_0031030.jpg,5,5,0.000750692,0.0014448268,0.0010517347,0.0037051963,6.247324e-05,0.99141824,0.0015668378
/home/share/Uni_Eval/HAM10000_clean/ISIC2018/ISIC_0031954.jpg,5,5,0.0002501726,0.00065953046,0.0032918411,0.00013262045,0.010552246,0.984646,0.0004675565
/home/share/Uni_Eval/HAM10000_clean/ISIC2018/ISIC_0028595.jpg,5,5,3.2104883e-05,7.21481e-06,0.0022875264,5.4255404e-05,0.00036355827,0.99723995,1.5402387e-05
/home/share/Uni_Eval/HAM10000_clean/ISIC2018/ISIC_0026413.jpg,5,5,0.00033429204,0.00021807489,0.00039037864,0.00015441336,0.0010309896,0.9977762,9.5705145e-05
/home/share/Uni_Eval/HAM10000_clean/ISIC2018/ISIC_0028157.jpg,5,5,0.00023422988,0.00024595423,2.631618e-05,8.8522e-05,0.00023725233,0.99902546,0.00014235418
/home/share/Uni_Eval/HAM10000_clean/ISIC2018/ISIC_0024311.jpg,5,5,0.00038023348,6.261615e-05,0.0005785187,0.00011125496,0.004448888,0.99441034,8.059752e-06
/home/share/Uni_Eval/HAM10000_clean/ISIC2018/ISIC_0026838.jpg,5,5,0.00011119629,0.00025801398,0.0002488201,0.00015680771,0.0036972915,0.99267995,0.0028480494
/home/share/Uni_Eval/HAM10000_clean/ISIC2018/ISIC_0029016.jpg,5,5,1.0248581e-05,3.21845e-06,4.6071486e-06,1.0784637e-05,0.00051733444,0.99942756,2.624107e-05
/home/share/Uni_Eval/HAM10000_clean/ISIC2018/ISIC_0028322.jpg,5,5,0.00010912657,0.00024697298,0.00051691,0.00024458757,0.0012096802,0.9976509,2.1759475e-05
/home/share/Uni_Eval/HAM10000_clean/ISIC2018/ISIC_0026695.jpg,5,5,7.237401e-05,1.1139252e-05,0.0008413804,0.00021291205,0.002037439,0.99681735,7.2923945e-06
/home/share/Uni_Eval/HAM10000_clean/ISIC2018/ISIC_0029225.jpg,5,5,7.093093e-05,1.4879832e-05,0.0010290154,0.0001693678,0.00038690207,0.9983272,1.776043e-06
/home/share/Uni_Eval/HAM10000_clean/ISIC2018/ISIC_0026184.jpg,5,5,0.0014099951,0.0013463247,0.0003642868,0.000610834,0.005984861,0.99018085,0.000102799626
/home/share/Uni_Eval/HAM10000_clean/ISIC2018/ISIC_0029903.jpg,5,5,0.00014296887,0.00031338044,8.051877e-05,0.00010333826,0.005953141,0.9933055,0.000101025136
/home/share/Uni_Eval/HAM10000_clean/ISIC2018/ISIC_0024874.jpg,5,5,0.00067946396,0.007709692,0.00010570601,0.00046649599,0.00072350254,0.96603775,0.024277397
/home/share/Uni_Eval/HAM10000_clean/ISIC2018/ISIC_0030769.jpg,5,5,2.5903722e-05,9.159846e-06,0.00023827437,0.00056007213,0.0012727086,0.9978822,1.167451e-05
/home/share/Uni_Eval/HAM10000_clean/ISIC2018/ISIC_0029816.jpg,5,5,0.0005263442,0.00062516547,0.000346328,0.0010031774,0.0022156823,0.9950405,0.00024286169
/home/share/Uni_Eval/HAM10000_clean/ISIC2018/ISIC_0028896.jpg,5,5,5.7124504e-05,7.859558e-05,0.0010266263,0.00013500244,0.00040300938,0.99829775,2.0299265e-06
/home/share/Uni_Eval/HAM10000_clean/ISIC2018/ISIC_0025560.jpg,5,5,0.00054894516,0.00042181826,0.00034836069,0.00011273965,0.0008153297,0.99772805,2.468316e-05
/home/share/Uni_Eval/HAM10000_clean/ISIC2018/ISIC_0030612.jpg,5,5,1.425966e-05,2.7468868e-05,5.3005126e-05,8.7031214e-05,0.00025365467,0.99955887,5.676381e-06
/home/share/Uni_Eval/HAM10000_clean/ISIC2018/ISIC_0027885.jpg,5,5,0.00011634593,3.3767017e-05,0.00014880318,0.00030864714,0.00027628534,0.99906796,4.8109832e-05
/home/share/Uni_Eval/HAM10000_clean/ISIC2018/ISIC_0028997.jpg,5,5,0.00038504793,0.0012310382,0.0008339986,0.00033025464,0.00017084305,0.9958443,0.001204492
/home/share/Uni_Eval/HAM10000_clean/ISIC2018/ISIC_0031505.jpg,5,5,0.0007740777,0.0021429118,0.0002899485,0.003601202,0.00017757512,0.99264777,0.00036656912
/home/share/Uni_Eval/HAM10000_clean/ISIC2018/ISIC_0024625.jpg,5,5,6.9337984e-06,6.4063397e-06,1.44594105e-05,1.8368917e-06,0.0020362542,0.9979249,9.1532165e-06
/home/share/Uni_Eval/HAM10000_clean/ISIC2018/ISIC_0024601.jpg,5,5,9.187168e-05,0.00089512515,0.0011312028,6.767717e-05,0.0086838845,0.988897,0.00023325463
/home/share/Uni_Eval/HAM10000_clean/ISIC2018/ISIC_0027696.jpg,5,5,6.432656e-06,1.9983838e-05,5.0928324e-05,1.9703346e-05,0.0035841863,0.996307,1.1759168e-05
/home/share/Uni_Eval/HAM10000_clean/ISIC2018/ISIC_0025059.jpg,5,5,0.0002423483,0.00010578007,0.00072981213,0.0003641918,0.0031594422,0.9951591,0.00023933967
/home/share/Uni_Eval/HAM10000_clean/ISIC2018/ISIC_0032106.jpg,5,5,0.00044443994,0.00068789965,0.0013086437,0.00053531164,0.0012387687,0.995738,4.6884852e-05
/home/share/Uni_Eval/HAM10000_clean/ISIC2018/ISIC_0030368.jpg,5,5,2.2128832e-05,6.034201e-05,0.000107380416,0.00047775038,0.00013651322,0.99669695,0.0024989266
/home/share/Uni_Eval/HAM10000_clean/ISIC2018/ISIC_0029090.jpg,5,5,0.00085727766,0.0024827758,0.0020818599,0.0006002977,0.00090416824,0.9929395,0.00013422008
/home/share/Uni_Eval/HAM10000_clean/ISIC2018/ISIC_0032137.jpg,5,5,0.0004638474,0.00013696587,0.0011969656,2.247112e-05,0.0025615608,0.9956092,8.970057e-06
/home/share/Uni_Eval/HAM10000_clean/ISIC2018/ISIC_0030701.jpg,5,5,0.00038108532,0.00015658342,0.00021849386,8.1974984e-05,0.00084633386,0.99828416,3.13051e-05
/home/share/Uni_Eval/HAM10000_clean/ISIC2018/ISIC_0028839.jpg,5,5,5.292822e-06,8.990807e-06,0.0001280989,5.9331236e-05,0.00011626423,0.9996792,2.82502e-06
/home/share/Uni_Eval/HAM10000_clean/ISIC2018/ISIC_0026648.jpg,5,5,6.772633e-05,5.272611e-05,0.00022829142,0.00032225676,0.0005204607,0.9987078,0.000100770565
/home/share/Uni_Eval/HAM10000_clean/ISIC2018/ISIC_0025408.jpg,5,5,8.199111e-05,7.923217e-05,0.00022577863,0.00030176435,0.00079799845,0.99849284,2.041685e-05
/home/share/Uni_Eval/HAM10000_clean/ISIC2018/ISIC_0031884.jpg,5,5,0.0060957544,0.006589844,0.00432589,0.0015409762,0.015170965,0.9662041,7.24558e-05
/home/share/Uni_Eval/HAM10000_clean/ISIC2018/ISIC_0024775.jpg,5,5,0.00037094153,0.0009012126,0.0006378557,0.00039778577,0.0029680873,0.9940843,0.0006398547
/home/share/Uni_Eval/HAM10000_clean/ISIC2018/ISIC_0024659.jpg,5,5,0.004301842,0.0027734214,0.0064380993,0.00074506085,0.001708354,0.98397714,5.606933e-05
/home/share/Uni_Eval/HAM10000_clean/ISIC2018/ISIC_0032053.jpg,5,5,0.0010526448,8.6619875e-05,0.00048317664,0.00028356147,0.0051896297,0.99282724,7.708703e-05
/home/share/Uni_Eval/HAM10000_clean/ISIC2018/ISIC_0030256.jpg,5,5,0.0002598709,3.374347e-05,0.001232305,0.00047039648,0.0007508539,0.9968918,0.000361084
/home/share/Uni_Eval/HAM10000_clean/ISIC2018/ISIC_0026357.jpg,5,5,0.005286246,0.012644142,0.004368161,0.0013962593,7.09722e-05,0.97611827,0.00011591579
/home/share/Uni_Eval/HAM10000_clean/ISIC2018/ISIC_0026155.jpg,5,5,0.00010438252,7.757221e-05,8.668284e-05,8.479306e-05,0.00023565603,0.9993781,3.2777763e-05
/home/share/Uni_Eval/HAM10000_clean/ISIC2018/ISIC_0028140.jpg,5,5,0.00061904796,7.260102e-05,0.0018075659,0.00048500372,0.0016356813,0.9952005,0.00017953044
/home/share/Uni_Eval/HAM10000_clean/ISIC2018/ISIC_0025058.jpg,5,5,0.00031428784,9.7671335e-05,0.0036861005,0.00064466154,0.00016522933,0.9946732,0.00041881375
/home/share/Uni_Eval/HAM10000_clean/ISIC2018/ISIC_0024956.jpg,5,5,8.6073065e-05,2.1955027e-05,8.9325906e-05,0.00013532068,0.00037533947,0.99927205,2.0030699e-05
/home/share/Uni_Eval/HAM10000_clean/ISIC2018/ISIC_0030103.jpg,5,5,6.262065e-05,1.5773448e-05,0.00045867826,3.6228816e-05,0.02856052,0.9708391,2.7105269e-05
/home/share/Uni_Eval/HAM10000_clean/ISIC2018/ISIC_0027245.jpg,5,5,3.0393967e-05,1.0526096e-05,0.00015602732,5.882224e-06,0.0012309904,0.9985292,3.7082682e-05
/home/share/Uni_Eval/HAM10000_clean/ISIC2018/ISIC_0024532.jpg,5,5,0.00010393851,0.00023729495,0.0019803606,0.0013728223,0.00047152146,0.9957651,6.8948975e-05
/home/share/Uni_Eval/HAM10000_clean/ISIC2018/ISIC_0026380.jpg,5,5,1.2200261e-05,5.649174e-06,1.7855456e-05,3.770632e-05,9.760866e-05,0.9998202,8.911552e-06
/home/share/Uni_Eval/HAM10000_clean/ISIC2018/ISIC_0027602.jpg,5,5,0.0003103235,0.000220311,0.00023009306,0.00012709892,0.00026840207,0.99812096,0.0007227896
/home/share/Uni_Eval/HAM10000_clean/ISIC2018/ISIC_0027372.jpg,5,5,2.2270335e-05,1.9323521e-05,0.00053089537,1.3209001e-05,0.01379688,0.98561007,7.4770414e-06
/home/share/Uni_Eval/HAM10000_clean/ISIC2018/ISIC_0025852.jpg,5,5,8.92646e-06,2.8779332e-06,2.3080174e-05,2.1242062e-05,0.0048392243,0.99509394,1.0714837e-05
/home/share/Uni_Eval/HAM10000_clean/ISIC2018/ISIC_0032403.jpg,5,5,1.584626e-06,9.871918e-06,0.0018319254,0.00026209492,0.00035994948,0.9974679,6.671051e-05
/home/share/Uni_Eval/HAM10000_clean/ISIC2018/ISIC_0025190.jpg,5,5,3.051308e-05,1.341675e-05,4.047109e-05,2.78616e-05,0.00034920804,0.99952996,8.528124e-06
/home/share/Uni_Eval/HAM10000_clean/ISIC2018/ISIC_0027321.jpg,5,5,0.00021066984,0.0005394932,0.0031496498,0.0005093771,0.0005963605,0.99496126,3.3136144e-05
/home/share/Uni_Eval/HAM10000_clean/ISIC2018/ISIC_0031878.jpg,5,5,0.0014929201,0.00057938544,0.01073197,0.00076977414,0.007825856,0.97859323,6.7874275e-06
/home/share/Uni_Eval/HAM10000_clean/ISIC2018/ISIC_0029086.jpg,5,5,0.00019492698,7.575794e-05,4.5611938e-05,0.00022922756,0.00031580505,0.9990422,9.636518e-05
/home/share/Uni_Eval/HAM10000_clean/ISIC2018/ISIC_0024399.jpg,5,5,0.0010025564,0.00029814785,0.0010115447,0.0002335349,0.0036371287,0.99379444,2.2610328e-05
/home/share/Uni_Eval/HAM10000_clean/ISIC2018/ISIC_0024603.jpg,5,5,7.1335407e-06,1.8075211e-06,5.8061687e-06,7.049511e-06,0.0002725548,0.99969816,7.575264e-06
/home/share/Uni_Eval/HAM10000_clean/ISIC2018/ISIC_0025429.jpg,5,5,1.9277908e-05,1.0800012e-05,0.00058179,3.952572e-05,0.00055929285,0.998789,2.3238542e-07
/home/share/Uni_Eval/HAM10000_clean/ISIC2018/ISIC_0026548.jpg,5,5,0.000116949814,1.2477347e-05,0.00023854573,3.8911567e-05,0.004163332,0.99539065,3.9181687e-05
/home/share/Uni_Eval/HAM10000_clean/ISIC2018/ISIC_0031992.jpg,5,5,1.0554201e-05,1.6412509e-05,0.000101520505,4.0663286e-05,0.00019642031,0.9995364,9.806766e-05
/home/share/Uni_Eval/HAM10000_clean/ISIC2018/ISIC_0032416.jpg,5,5,0.0038818826,0.0020835428,0.0001417932,0.0015481405,0.00034637089,0.98957235,0.0024258608
/home/share/Uni_Eval/HAM10000_clean/ISIC2018/ISIC_0029587.jpg,5,5,4.5439418e-05,8.141903e-05,0.00016892004,3.4150115e-05,0.00094469124,0.99871874,6.6667617e-06
/home/share/Uni_Eval/HAM10000_clean/ISIC2018/ISIC_0026685.jpg,5,5,0.0003284221,2.946545e-05,0.0025411358,0.00046017842,0.0045216237,0.99183077,0.00028842303
/home/share/Uni_Eval/HAM10000_clean/ISIC2018/ISIC_0031022.jpg,5,5,0.0039878692,0.005269123,0.0016126652,0.013236289,0.0026028238,0.97171336,0.0015779858
/home/share/Uni_Eval/HAM10000_clean/ISIC2018/ISIC_0029019.jpg,5,5,9.5850075e-05,4.4197943e-05,0.00094418204,0.00012317009,0.00022184786,0.99853647,3.42309e-05
/home/share/Uni_Eval/HAM10000_clean/ISIC2018/ISIC_0028204.jpg,5,5,8.158036e-06,1.8240363e-06,2.4660238e-05,2.010243e-05,0.0010064443,0.9989322,6.582278e-06
/home/share/Uni_Eval/HAM10000_clean/ISIC2018/ISIC_0029941.jpg,5,5,6.5085956e-06,4.9283517e-06,0.0003513797,7.2586063e-06,0.013207519,0.9864096,1.2682411e-05
/home/share/Uni_Eval/HAM10000_clean/ISIC2018/ISIC_0025728.jpg,5,5,0.0009513251,0.00022374558,0.0013001926,0.00029216064,0.0006852967,0.99652964,1.7794622e-05
/home/share/Uni_Eval/HAM10000_clean/ISIC2018/ISIC_0026066.jpg,5,5,2.6167222e-06,6.235354e-06,8.764709e-06,6.9039675e-06,2.2484845e-05,0.999897,5.601536e-05
/home/share/Uni_Eval/HAM10000_clean/ISIC2018/ISIC_0024645.jpg,5,5,7.983718e-06,1.801327e-05,0.00029658998,0.00012395208,0.0015203113,0.9980216,1.1634824e-05
/home/share/Uni_Eval/HAM10000_clean/ISIC2018/ISIC_0031608.jpg,5,5,0.00017549424,6.588237e-05,0.0018854081,0.0011245881,0.0015422336,0.9951538,5.263361e-05
/home/share/Uni_Eval/HAM10000_clean/ISIC2018/ISIC_0025333.jpg,5,5,3.6176778e-05,0.0002052803,0.0002184264,2.9715975e-05,0.0001668341,0.9992874,5.6264023e-05
/home/share/Uni_Eval/HAM10000_clean/ISIC2018/ISIC_0028161.jpg,5,5,0.0011842233,0.00012013251,0.0004050731,0.0069719558,0.00094608084,0.9900962,0.0002763157
/home/share/Uni_Eval/HAM10000_clean/ISIC2018/ISIC_0025023.jpg,5,5,6.465844e-06,3.6494687e-06,0.00026304545,1.667985e-05,0.0023098758,0.99720615,0.00019408559
/home/share/Uni_Eval/HAM10000_clean/ISIC2018/ISIC_0030228.jpg,5,5,3.2005116e-06,1.6388016e-07,9.440619e-06,9.398084e-06,0.00042383175,0.99955267,1.296005e-06
/home/share/Uni_Eval/HAM10000_clean/ISIC2018/ISIC_0029433.jpg,5,5,2.9704335e-05,0.00012843445,4.4336262e-05,1.6507926e-06,0.002141352,0.9976459,8.607371e-06
/home/share/Uni_Eval/HAM10000_clean/ISIC2018/ISIC_0025586.jpg,5,5,7.6538745e-06,2.2777405e-05,1.4355901e-05,5.273953e-06,0.0009799436,0.99896157,8.479163e-06
/home/share/Uni_Eval/HAM10000_clean/ISIC2018/ISIC_0025114.jpg,5,5,2.5255904e-05,2.2966304e-05,0.00018912162,3.0335766e-05,0.0011696205,0.99854374,1.893758e-05
/home/share/Uni_Eval/HAM10000_clean/ISIC2018/ISIC_0026418.jpg,5,5,0.00020733011,5.4824245e-06,0.00049908744,6.9143025e-05,0.02473306,0.9744364,4.9526014e-05
/home/share/Uni_Eval/HAM10000_clean/ISIC2018/ISIC_0032062.jpg,5,5,6.405753e-05,4.0818663e-06,4.8013448e-05,8.737788e-06,0.002199598,0.99767035,5.2384917e-06
/home/share/Uni_Eval/HAM10000_clean/ISIC2018/ISIC_0032401.jpg,5,5,6.714123e-05,2.3271778e-05,0.0007341565,0.00018295857,0.00020210649,0.9987752,1.5145125e-05
/home/share/Uni_Eval/HAM10000_clean/ISIC2018/ISIC_0025204.jpg,5,5,0.00027336742,0.000608816,0.008666382,0.00014947748,0.00848576,0.9816389,0.00017730756
/home/share/Uni_Eval/HAM10000_clean/ISIC2018/ISIC_0030713.jpg,5,5,0.00021952656,0.00022658582,0.0012942159,0.000490959,0.0002074032,0.9974595,0.00010184332
/home/share/Uni_Eval/HAM10000_clean/ISIC2018/ISIC_0025858.jpg,5,5,0.00012704878,4.0108658e-05,0.0006445809,0.00027960906,0.00027915716,0.99861646,1.3049782e-05
/home/share/Uni_Eval/HAM10000_clean/ISIC2018/ISIC_0024844.jpg,5,5,0.00092924706,9.474903e-05,0.00034035643,9.995684e-05,0.0010418091,0.99738413,0.000109676366
/home/share/Uni_Eval/HAM10000_clean/ISIC2018/ISIC_0027824.jpg,5,5,0.0002758392,6.972359e-05,0.0013119042,0.00032785314,0.00054651254,0.9974299,3.8283535e-05
/home/share/Uni_Eval/HAM10000_clean/ISIC2018/ISIC_0027611.jpg,5,5,0.0003621985,0.004647303,0.0028029508,0.008924736,0.0005343437,0.982453,0.00027546217
/home/share/Uni_Eval/HAM10000_clean/ISIC2018/ISIC_0032224.jpg,5,5,0.006459937,0.0051304055,0.02505439,0.008077478,0.0021866348,0.95278674,0.00030438852
/home/share/Uni_Eval/HAM10000_clean/ISIC2018/ISIC_0025445.jpg,5,5,0.0007172586,0.00040718907,0.00015789601,0.00023745942,0.0020423084,0.99564594,0.00079184363
/home/share/Uni_Eval/HAM10000_clean/ISIC2018/ISIC_0024629.jpg,5,5,0.00021024932,5.649315e-05,0.0014695942,0.00013741583,0.0024948826,0.9956161,1.5286478e-05
/home/share/Uni_Eval/HAM10000_clean/ISIC2018/ISIC_0028788.jpg,5,5,0.0001833975,0.0001424328,0.0008083474,0.0008469005,0.0019316346,0.9958891,0.00019809036
/home/share/Uni_Eval/HAM10000_clean/ISIC2018/ISIC_0030779.jpg,5,5,0.00029460434,0.0006252416,0.0007060135,4.87433e-05,0.0025678298,0.9957071,5.0369876e-05
/home/share/Uni_Eval/HAM10000_clean/ISIC2018/ISIC_0027913.jpg,5,5,0.0019759303,0.00039012148,0.0038302364,0.0023774656,0.010223061,0.9792733,0.0019298653
/home/share/Uni_Eval/HAM10000_clean/ISIC2018/ISIC_0024614.jpg,5,5,0.00017789005,7.9170284e-05,9.7771015e-05,0.0002262521,0.00034261565,0.9990459,3.0266392e-05
/home/share/Uni_Eval/HAM10000_clean/ISIC2018/ISIC_0027705.jpg,5,5,0.008484891,0.01009746,0.0025602353,0.0014132438,0.010353614,0.9657935,0.0012970595
/home/share/Uni_Eval/HAM10000_clean/ISIC2018/ISIC_0024347.jpg,5,5,0.000435002,0.0001158731,0.00027563662,0.0001138557,0.012974871,0.9854537,0.0006311322
/home/share/Uni_Eval/HAM10000_clean/ISIC2018/ISIC_0029631.jpg,5,5,1.7142074e-05,2.2672825e-06,1.1925365e-05,3.8922303e-06,0.00027017138,0.9996916,2.9768948e-06
/home/share/Uni_Eval/HAM10000_clean/ISIC2018/ISIC_0032167.jpg,5,5,0.00022557839,4.4140947e-05,0.00041280483,6.1152336e-05,0.0025591457,0.99669063,6.429894e-06
/home/share/Uni_Eval/HAM10000_clean/ISIC2018/ISIC_0031058.jpg,5,5,0.00044887193,0.0001409504,0.0014434657,0.0008825433,0.0010530424,0.9959799,5.1259307e-05
/home/share/Uni_Eval/HAM10000_clean/ISIC2018/ISIC_0030288.jpg,5,5,0.0003649399,0.0004626689,0.0015141154,0.00037661087,0.0014634333,0.99576974,4.841843e-05
/home/share/Uni_Eval/HAM10000_clean/ISIC2018/ISIC_0030438.jpg,5,5,0.001026948,0.00023399132,0.00024145008,0.00013408113,0.00041621848,0.9978994,4.7936526e-05
/home/share/Uni_Eval/HAM10000_clean/ISIC2018/ISIC_0030212.jpg,5,5,0.00015360731,0.00028918948,0.0031239958,7.656444e-06,0.0005593673,0.99583495,3.1341613e-05
/home/share/Uni_Eval/HAM10000_clean/ISIC2018/ISIC_0031129.jpg,5,5,5.3215233e-05,0.0012679108,0.0019728658,0.000121100034,8.1888364e-05,0.9964155,8.752357e-05
/home/share/Uni_Eval/HAM10000_clean/ISIC2018/ISIC_0029451.jpg,5,5,3.5723224e-05,0.00016321638,7.562586e-05,9.691942e-06,0.0011521524,0.99853754,2.608266e-05
/home/share/Uni_Eval/HAM10000_clean/ISIC2018/ISIC_0024622.jpg,5,5,0.00019043367,0.00010874992,0.00037774202,2.629929e-05,0.00080591114,0.99848807,2.7585625e-06
/home/share/Uni_Eval/HAM10000_clean/ISIC2018/ISIC_0025203.jpg,5,5,4.987944e-05,9.221692e-06,5.7005516e-05,4.184507e-06,0.0008042318,0.9990565,1.9002808e-05
/home/share/Uni_Eval/HAM10000_clean/ISIC2018/ISIC_0026627.jpg,5,5,8.403196e-05,1.7427303e-05,0.0001382441,0.00048629937,4.243909e-05,0.99908614,0.00014542925
/home/share/Uni_Eval/HAM10000_clean/ISIC2018/ISIC_0029487.jpg,5,5,2.8577399e-05,3.7386373e-05,0.00060458755,0.0001828037,0.005541208,0.99360424,1.1825712e-06
/home/share/Uni_Eval/HAM10000_clean/ISIC2018/ISIC_0031994.jpg,5,5,3.323226e-05,0.00013127616,0.00024604402,0.00013145946,0.00060009625,0.99884605,1.18462995e-05
/home/share/Uni_Eval/HAM10000_clean/ISIC2018/ISIC_0029186.jpg,5,5,0.000145553,6.57122e-05,0.0006319451,0.000117361385,0.0007118427,0.9983156,1.2031186e-05
/home/share/Uni_Eval/HAM10000_clean/ISIC2018/ISIC_0032286.jpg,5,5,2.6923484e-05,9.600267e-06,0.0024338705,1.0024073e-05,0.008715176,0.98880297,1.5339332e-06
/home/share/Uni_Eval/HAM10000_clean/ISIC2018/ISIC_0026160.jpg,5,5,0.0004466381,0.0009055409,0.0005199198,0.00019590466,0.0048572514,0.9930419,3.287772e-05
/home/share/Uni_Eval/HAM10000_clean/ISIC2018/ISIC_0030476.jpg,5,5,8.411896e-05,5.1487725e-05,0.0012481348,4.6529298e-05,0.0036975122,0.9947583,0.00011395283
/home/share/Uni_Eval/HAM10000_clean/ISIC2018/ISIC_0026047.jpg,5,5,0.03622505,0.0115525555,0.01521129,0.0046578585,0.006147704,0.92346567,0.002739897
/home/share/Uni_Eval/HAM10000_clean/ISIC2018/ISIC_0031549.jpg,5,5,0.00017453799,8.440282e-05,0.0026660261,3.07207e-05,0.0020182426,0.9950169,9.191213e-06
/home/share/Uni_Eval/HAM10000_clean/ISIC2018/ISIC_0029325.jpg,5,5,0.0001342067,0.000330991,0.00093238486,0.00070821383,0.0001920456,0.9973416,0.00036057294
/home/share/Uni_Eval/HAM10000_clean/ISIC2018/ISIC_0027923.jpg,5,5,0.00019348961,0.0007507732,0.0005290744,0.000116764146,0.0012199247,0.9970866,0.000103484206
/home/share/Uni_Eval/HAM10000_clean/ISIC2018/ISIC_0029283.jpg,5,5,0.0007728487,0.00018394855,0.00046645827,0.00029258608,0.0022516826,0.9950498,0.0009825669
/home/share/Uni_Eval/HAM10000_clean/ISIC2018/ISIC_0026721.jpg,5,5,0.00022098377,0.00016507287,0.0026991258,0.00012748584,0.003490303,0.99326795,2.906283e-05
/home/share/Uni_Eval/HAM10000_clean/ISIC2018/ISIC_0026997.jpg,5,5,0.000472557,0.00020052437,0.0011742654,0.007044165,0.00046332498,0.9904965,0.00014866289
/home/share/Uni_Eval/HAM10000_clean/ISIC2018/ISIC_0029709.jpg,5,5,0.00017854758,4.1838925e-05,0.0017882492,0.00025818375,0.00022260672,0.9974976,1.2903561e-05
/home/share/Uni_Eval/HAM10000_clean/ISIC2018/ISIC_0030419.jpg,5,5,9.572049e-06,9.223839e-06,1.0841848e-05,3.558823e-05,4.630955e-05,0.9998648,2.3639546e-05
/home/share/Uni_Eval/HAM10000_clean/ISIC2018/ISIC_0031280.jpg,5,5,0.00092524977,0.001143066,0.006423134,0.009116664,0.0015459615,0.9794391,0.0014067156
/home/share/Uni_Eval/HAM10000_clean/ISIC2018/ISIC_0025110.jpg,5,5,4.7787154e-05,1.6276786e-05,3.7855963e-05,1.9393014e-05,0.006495515,0.99334043,4.2749773e-05
/home/share/Uni_Eval/HAM10000_clean/ISIC2018/ISIC_0029421.jpg,5,5,3.913141e-05,1.3718809e-05,0.0016557017,5.1618503e-05,0.0017403752,0.99648833,1.1199967e-05
/home/share/Uni_Eval/HAM10000_clean/ISIC2018/ISIC_0025496.jpg,5,5,0.0004915776,0.0007392464,0.008274214,0.0005518839,0.0018123209,0.9880873,4.3576976e-05
/home/share/Uni_Eval/HAM10000_clean/ISIC2018/ISIC_0030750.jpg,5,5,1.942852e-06,3.5501123e-06,6.917678e-06,1.0106445e-05,8.65385e-05,0.99989057,2.7985243e-07
/home/share/Uni_Eval/HAM10000_clean/ISIC2018/ISIC_0025570.jpg,5,5,2.4346666e-05,3.056107e-05,0.00041279267,7.484953e-05,0.00020926668,0.99899036,0.00025772493
/home/share/Uni_Eval/HAM10000_clean/ISIC2018/ISIC_0025270.jpg,5,5,0.00067139417,0.0013443395,0.001972188,0.0003333305,0.0060026473,0.9889004,0.00077561854
/home/share/Uni_Eval/HAM10000_clean/ISIC2018/ISIC_0030788.jpg,5,5,3.5177047e-05,1.4235763e-05,0.00019106569,5.087086e-05,0.0015365429,0.99817026,1.6919751e-06
/home/share/Uni_Eval/HAM10000_clean/ISIC2018/ISIC_0026278.jpg,5,5,0.00015606669,0.00012641835,0.0003093184,8.249958e-05,0.0008267309,0.9982698,0.00022926102
/home/share/Uni_Eval/HAM10000_clean/ISIC2018/ISIC_0029981.jpg,5,5,0.0048559844,0.00082328793,0.0018340226,0.0021268502,0.00087772834,0.9893471,0.00013501637
/home/share/Uni_Eval/HAM10000_clean/ISIC2018/ISIC_0027001.jpg,5,5,9.4871684e-05,3.3172055e-05,0.00010033241,4.7736103e-05,0.0004344122,0.99926776,2.1772365e-05
/home/share/Uni_Eval/HAM10000_clean/ISIC2018/ISIC_0030864.jpg,5,5,0.000153899,0.00010080429,1.9234249e-05,0.00011500415,0.00016153877,0.9989686,0.00048095576
/home/share/Uni_Eval/HAM10000_clean/ISIC2018/ISIC_0032295.jpg,5,5,0.00093759556,0.0022017048,0.0015480533,0.0003869895,0.016200006,0.9773661,0.0013596424
/home/share/Uni_Eval/HAM10000_clean/ISIC2018/ISIC_0024810.jpg,5,5,0.0005462108,9.044892e-05,0.00046748054,5.3406668e-05,0.016213754,0.9826157,1.30163435e-05
/home/share/Uni_Eval/HAM10000_clean/ISIC2018/ISIC_0024627.jpg,5,5,0.00058403524,6.775457e-05,0.0028223875,6.48235e-05,0.07970451,0.9163908,0.00036584729
/home/share/Uni_Eval/HAM10000_clean/ISIC2018/ISIC_0031124.jpg,5,5,0.0004997847,8.472288e-05,0.00074894965,0.0021508627,0.00015619225,0.9962824,7.715564e-05
/home/share/Uni_Eval/HAM10000_clean/ISIC2018/ISIC_0024384.jpg,5,5,0.00013235022,6.5937464e-05,0.0040572216,0.00010285529,0.00026138878,0.9953726,7.5885337e-06
/home/share/Uni_Eval/HAM10000_clean/ISIC2018/ISIC_0029234.jpg,5,5,3.6475867e-05,3.647293e-06,0.00014785865,2.0367037e-05,9.243364e-05,0.99969685,2.3450734e-06
/home/share/Uni_Eval/HAM10000_clean/ISIC2018/ISIC_0031683.jpg,5,5,4.758752e-05,1.7441796e-05,0.0008950321,6.006729e-05,8.020525e-05,0.9988877,1.2121002e-05
/home/share/Uni_Eval/HAM10000_clean/ISIC2018/ISIC_0027880.jpg,5,5,0.00028442085,7.1398696e-05,0.0001715296,7.212501e-05,0.0022347039,0.997159,6.7901665e-06
/home/share/Uni_Eval/HAM10000_clean/ISIC2018/ISIC_0029718.jpg,5,5,0.0008770507,0.0008712617,0.0040619066,0.0003273249,0.042275976,0.95156115,2.5274454e-05
/home/share/Uni_Eval/HAM10000_clean/ISIC2018/ISIC_0029076.jpg,5,5,0.0029927585,0.00036630468,0.022172462,0.0011486006,0.013313522,0.9599651,4.1193893e-05
/home/share/Uni_Eval/HAM10000_clean/ISIC2018/ISIC_0030017.jpg,5,5,0.00033030944,6.0754395e-05,0.00019230637,5.3369724e-05,0.0008447266,0.99849665,2.2004917e-05
/home/share/Uni_Eval/HAM10000_clean/ISIC2018/ISIC_0028893.jpg,5,5,7.937957e-05,8.6855674e-05,0.0008102954,1.2672612e-05,0.0024029342,0.99660146,6.301989e-06
/home/share/Uni_Eval/HAM10000_clean/ISIC2018/ISIC_0030078.jpg,5,5,0.0015222554,0.0016260215,0.0031125525,0.00034981332,0.0008839687,0.99242413,8.121377e-05
/home/share/Uni_Eval/HAM10000_clean/ISIC2018/ISIC_0028434.jpg,5,5,3.469397e-05,3.4844146e-05,0.001585773,1.6963113e-05,0.0016448908,0.99667066,1.2172401e-05
/home/share/Uni_Eval/HAM10000_clean/ISIC2018/ISIC_0024966.jpg,5,5,2.7141192e-05,3.925835e-06,0.000114344446,4.5295517e-05,0.00018740412,0.9996117,1.0284623e-05
/home/share/Uni_Eval/HAM10000_clean/ISIC2018/ISIC_0031873.jpg,5,5,3.9618357e-05,8.691308e-05,0.0006533412,0.0006918258,0.00046405525,0.9980546,9.599455e-06
/home/share/Uni_Eval/HAM10000_clean/ISIC2018/ISIC_0024722.jpg,5,5,7.779988e-05,4.1451818e-05,0.00096900604,7.170802e-05,0.0022907613,0.99654776,1.5358229e-06
/home/share/Uni_Eval/HAM10000_clean/ISIC2018/ISIC_0027699.jpg,5,5,0.0002186657,9.9550634e-05,0.0028465446,0.00095984293,0.0011009229,0.99465996,0.00011442571
/home/share/Uni_Eval/HAM10000_clean/ISIC2018/ISIC_0032438.jpg,5,5,7.807946e-06,3.4123568e-06,0.0002103046,4.585612e-05,0.00033764332,0.9993895,5.325653e-06
/home/share/Uni_Eval/HAM10000_clean/ISIC2018/ISIC_0029765.jpg,5,5,0.0011338278,0.00012489907,0.0048915613,0.00029524125,0.0013098384,0.9922294,1.52533785e-05
/home/share/Uni_Eval/HAM10000_clean/ISIC2018/ISIC_0025010.jpg,5,5,0.00020423376,5.8556376e-05,0.0004063281,0.00022357884,0.0015403596,0.99756444,2.550121e-06
/home/share/Uni_Eval/HAM10000_clean/ISIC2018/ISIC_0028569.jpg,5,5,0.00010331045,3.8167113e-06,0.00019655106,0.00018633711,0.0002827384,0.9988996,0.00032768713
/home/share/Uni_Eval/HAM10000_clean/ISIC2018/ISIC_0031788.jpg,5,5,0.0015625493,0.0004662555,0.0009058969,0.0006534642,0.00043298514,0.9955577,0.0004211412
/home/share/Uni_Eval/HAM10000_clean/ISIC2018/ISIC_0031628.jpg,5,5,0.003777013,0.00018268632,0.0072374763,0.0015390547,0.013900244,0.97316813,0.00019538411
/home/share/Uni_Eval/HAM10000_clean/ISIC2018/ISIC_0031859.jpg,5,5,0.0018774692,0.00035288595,0.0016806117,0.0003402134,0.05017985,0.94550604,6.300397e-05
/home/share/Uni_Eval/HAM10000_clean/ISIC2018/ISIC_0028333.jpg,5,5,0.0028220727,0.0020112072,0.0026932785,0.014349454,0.0005565068,0.97695655,0.00061095547
/home/share/Uni_Eval/HAM10000_clean/ISIC2018/ISIC_0027792.jpg,5,5,0.0005708405,8.3114566e-05,0.00073756557,0.00033931318,0.00067593413,0.99757665,1.6633667e-05
/home/share/Uni_Eval/HAM10000_clean/ISIC2018/ISIC_0029078.jpg,5,5,0.0002859054,0.0001336149,0.0029070885,0.00019705278,0.00042437486,0.996007,4.4907978e-05
/home/share/Uni_Eval/HAM10000_clean/ISIC2018/ISIC_0027830.jpg,5,5,9.4913536e-05,2.3041894e-05,2.4875599e-05,1.7972807e-05,0.00051574636,0.99931014,1.3390437e-05
/home/share/Uni_Eval/HAM10000_clean/ISIC2018/ISIC_0026534.jpg,5,5,8.78375e-05,1.7396029e-05,0.00010700252,0.00017316225,0.0016724663,0.997926,1.6102513e-05
/home/share/Uni_Eval/HAM10000_clean/ISIC2018/ISIC_0027396.jpg,5,5,3.8447106e-05,1.4629245e-05,0.00010296087,0.00014184635,0.00080558937,0.99887365,2.2820232e-05
/home/share/Uni_Eval/HAM10000_clean/ISIC2018/ISIC_0029901.jpg,5,5,5.2868018e-05,5.3688914e-06,8.2804174e-05,6.618392e-05,8.409604e-05,0.99968207,2.6673404e-05
/home/share/Uni_Eval/HAM10000_clean/ISIC2018/ISIC_0031425.jpg,5,5,6.819053e-05,0.00068408187,3.8369617e-05,4.997059e-05,0.0007760809,0.9981608,0.00022259756
/home/share/Uni_Eval/HAM10000_clean/ISIC2018/ISIC_0024802.jpg,5,5,8.5337786e-05,2.0677949e-06,3.7103935e-05,7.820871e-05,0.00083968294,0.9989453,1.230104e-05
/home/share/Uni_Eval/HAM10000_clean/ISIC2018/ISIC_0030638.jpg,5,5,0.00019549941,0.00015998265,0.00038296895,0.0004587855,0.00040465346,0.9983096,8.855808e-05
/home/share/Uni_Eval/HAM10000_clean/ISIC2018/ISIC_0030983.jpg,5,5,4.6762892e-05,2.2308914e-05,2.7357339e-05,0.0002906673,6.37153e-05,0.9995035,4.5638437e-05
/home/share/Uni_Eval/HAM10000_clean/ISIC2018/ISIC_0026379.jpg,5,5,0.00010667428,3.6572737e-06,9.006378e-05,0.00011900126,0.0059621166,0.99371654,1.8868845e-06
/home/share/Uni_Eval/HAM10000_clean/ISIC2018/ISIC_0024912.jpg,5,5,6.349386e-05,3.1396597e-05,0.000262263,0.000106497224,0.003699974,0.9957724,6.401645e-05
/home/share/Uni_Eval/HAM10000_clean/ISIC2018/ISIC_0032431.jpg,5,5,0.00010950679,4.7318896e-05,0.00082214066,0.0026459042,0.00032962617,0.99578226,0.00026327147
/home/share/Uni_Eval/HAM10000_clean/ISIC2018/ISIC_0029842.jpg,5,5,0.00023920243,0.00011416353,0.00041533847,0.0001508149,0.0020965512,0.9968676,0.000116330186
/home/share/Uni_Eval/HAM10000_clean/ISIC2018/ISIC_0031641.jpg,5,5,1.3605838e-05,5.5358632e-05,8.093947e-06,1.9268944e-05,6.442447e-05,0.99983,9.279588e-06
/home/share/Uni_Eval/HAM10000_clean/ISIC2018/ISIC_0031512.jpg,5,5,0.0027297384,0.009448634,0.0062311823,0.0031943626,0.0013734113,0.9757766,0.0012460897
/home/share/Uni_Eval/HAM10000_clean/ISIC2018/ISIC_0025037.jpg,5,5,0.00048454854,0.00040190583,0.0019271041,0.0008081699,0.010746797,0.9855906,4.075374e-05
/home/share/Uni_Eval/HAM10000_clean/ISIC2018/ISIC_0031205.jpg,5,5,0.0009527044,0.0004109682,0.0004335437,2.9037934e-05,0.00037204547,0.9975877,0.00021396788
/home/share/Uni_Eval/HAM10000_clean/ISIC2018/ISIC_0025233.jpg,5,5,4.306878e-05,2.6799506e-05,0.00087457284,0.00013827205,0.0018019015,0.99704725,6.81985e-05
/home/share/Uni_Eval/HAM10000_clean/ISIC2018/ISIC_0029863.jpg,5,5,0.00013236917,5.8865084e-05,0.00012123511,6.979424e-05,0.0012353176,0.99834824,3.419189e-05
/home/share/Uni_Eval/HAM10000_clean/ISIC2018/ISIC_0027095.jpg,5,5,7.4815407e-06,2.6363045e-05,0.00024935676,5.068307e-06,0.0006050258,0.9987317,0.00037505248
/home/share/Uni_Eval/HAM10000_clean/ISIC2018/ISIC_0026197.jpg,5,5,0.0004503828,0.000507012,0.0030966448,6.554628e-05,0.0006316055,0.9952213,2.7454565e-05
/home/share/Uni_Eval/HAM10000_clean/ISIC2018/ISIC_0028722.jpg,5,5,0.00013170904,2.7973263e-05,0.00034190164,5.7900845e-05,0.0062820604,0.9930265,0.00013198351
/home/share/Uni_Eval/HAM10000_clean/ISIC2018/ISIC_0025232.jpg,5,5,0.0004399149,4.327635e-05,0.00014973267,4.3393637e-05,0.0043377583,0.99494755,3.8287228e-05
/home/share/Uni_Eval/HAM10000_clean/ISIC2018/ISIC_0029551.jpg,5,5,0.00022662329,5.209309e-05,0.0006755383,0.00017297904,0.0008912311,0.9977633,0.00021827033
/home/share/Uni_Eval/HAM10000_clean/ISIC2018/ISIC_0032297.jpg,5,5,0.0003705455,7.4534764e-05,0.0006850596,0.00086597126,0.029382002,0.967162,0.0014599948
/home/share/Uni_Eval/HAM10000_clean/ISIC2018/ISIC_0024978.jpg,5,5,0.014220169,0.0028788978,0.00375058,0.0016076316,0.0008181152,0.9765842,0.00014049915
/home/share/Uni_Eval/HAM10000_clean/ISIC2018/ISIC_0025889.jpg,5,5,7.999197e-05,5.0413273e-05,0.0005097361,5.0141793e-05,0.00015616657,0.9991173,3.6251116e-05
/home/share/Uni_Eval/HAM10000_clean/ISIC2018/ISIC_0030708.jpg,5,5,0.000142219,2.4897034e-05,0.00014999618,7.241765e-05,0.0011135397,0.9984138,8.321209e-05
/home/share/Uni_Eval/HAM10000_clean/ISIC2018/ISIC_0026542.jpg,5,5,0.00057584356,0.0004050151,0.010996956,0.0006415645,0.002163333,0.9852063,1.0875093e-05
/home/share/Uni_Eval/HAM10000_clean/ISIC2018/ISIC_0025459.jpg,5,5,8.6359705e-06,1.4183839e-05,4.4796394e-05,1.2503188e-05,0.00023084435,0.9996835,5.599616e-06
/home/share/Uni_Eval/HAM10000_clean/ISIC2018/ISIC_0029256.jpg,5,5,3.2422166e-05,0.00010300942,0.00018755,5.816504e-05,0.001352277,0.99826175,4.8244997e-06
/home/share/Uni_Eval/HAM10000_clean/ISIC2018/ISIC_0024527.jpg,5,5,3.6733138e-05,7.808666e-05,0.00017064497,5.4233988e-05,8.638016e-05,0.99957174,2.259312e-06
/home/share/Uni_Eval/HAM10000_clean/ISIC2018/ISIC_0029910.jpg,5,5,0.056374703,0.0724824,0.02389359,0.03598827,0.032103058,0.7767245,0.0024333901
/home/share/Uni_Eval/HAM10000_clean/ISIC2018/ISIC_0025464.jpg,5,5,0.00014660592,2.5634314e-05,0.0001783492,7.106017e-05,0.0009131501,0.9984945,0.00017071763
/home/share/Uni_Eval/HAM10000_clean/ISIC2018/ISIC_0029124.jpg,5,5,0.0036665925,6.6936256e-05,0.070680715,0.00079366023,0.0013679382,0.92327917,0.00014496545
/home/share/Uni_Eval/HAM10000_clean/ISIC2018/ISIC_0031265.jpg,5,5,3.0113502e-05,2.4309325e-06,0.00042257356,1.9339881e-05,0.004223204,0.9952998,2.5176676e-06
/home/share/Uni_Eval/HAM10000_clean/ISIC2018/ISIC_0027499.jpg,5,5,9.28927e-06,1.9180334e-06,0.00010316322,1.6959038e-05,0.0005506613,0.9993166,1.4802202e-06
/home/share/Uni_Eval/HAM10000_clean/ISIC2018/ISIC_0025344.jpg,5,5,7.443759e-06,8.128401e-07,5.0586576e-05,5.105351e-06,0.0006267132,0.9993082,1.092597e-06
/home/share/Uni_Eval/HAM10000_clean/ISIC2018/ISIC_0031047.jpg,5,5,8.425276e-05,4.602065e-06,0.0005110542,1.1488228e-05,0.008455067,0.9909298,3.766017e-06
/home/share/Uni_Eval/HAM10000_clean/ISIC2018/ISIC_0025595.jpg,5,5,1.1691461e-05,2.0081445e-05,0.00013524726,1.66498e-05,0.00086164323,0.99895096,3.670467e-06
/home/share/Uni_Eval/HAM10000_clean/ISIC2018/ISIC_0026732.jpg,5,5,0.0011500833,0.0006588877,0.0007291553,0.0017525615,0.0010836887,0.9945679,5.781037e-05
/home/share/Uni_Eval/HAM10000_clean/ISIC2018/ISIC_0027635.jpg,5,5,0.004902154,0.004904441,0.0006485643,0.00015036367,0.011580371,0.9755711,0.0022429875
/home/share/Uni_Eval/HAM10000_clean/ISIC2018/ISIC_0029280.jpg,5,5,0.00045958243,0.00022292475,0.0008878945,0.0021626719,0.0017139995,0.99448,7.294543e-05
/home/share/Uni_Eval/HAM10000_clean/ISIC2018/ISIC_0032472.jpg,5,5,8.30268e-05,1.4405827e-05,0.00043869435,0.00015499796,0.003798137,0.9954774,3.3428303e-05
/home/share/Uni_Eval/HAM10000_clean/ISIC2018/ISIC_0028433.jpg,5,5,0.0009319455,0.0010521795,0.0015887867,0.0032428761,8.223135e-05,0.99270964,0.00039234763
/home/share/Uni_Eval/HAM10000_clean/ISIC2018/ISIC_0030439.jpg,5,5,0.0017235788,0.0012145943,0.00086024654,0.0009053202,0.003198251,0.99206597,3.2104195e-05
/home/share/Uni_Eval/HAM10000_clean/ISIC2018/ISIC_0027726.jpg,5,5,0.0004334886,0.00024493624,0.0044884305,0.0014239458,0.0007057959,0.9920918,0.0006116983
/home/share/Uni_Eval/HAM10000_clean/ISIC2018/ISIC_0030343.jpg,5,5,0.00014136641,0.00051724975,0.0011186514,0.000377811,0.007714448,0.9899934,0.00013711363
/home/share/Uni_Eval/HAM10000_clean/ISIC2018/ISIC_0025679.jpg,5,5,0.052901722,0.012624952,0.00671522,0.0031724328,0.0011399048,0.9232927,0.00015313714
/home/share/Uni_Eval/HAM10000_clean/ISIC2018/ISIC_0031737.jpg,5,5,0.0125542525,0.14187156,0.006864918,0.0026071179,0.0008266205,0.83511996,0.00015563633
/home/share/Uni_Eval/HAM10000_clean/ISIC2018/ISIC_0025187.jpg,5,5,0.0002864318,5.2617015e-05,0.0024441036,7.096232e-05,0.0057520666,0.991385,8.858586e-06
/home/share/Uni_Eval/HAM10000_clean/ISIC2018/ISIC_0024751.jpg,5,5,3.059471e-05,8.742056e-06,0.000318408,5.9593673e-05,0.0012849151,0.9982815,1.6361246e-05
/home/share/Uni_Eval/HAM10000_clean/ISIC2018/ISIC_0030749.jpg,5,5,7.0744454e-06,5.9751405e-06,1.7278318e-05,6.8450663e-06,0.0005155695,0.9994419,5.3664967e-06
/home/share/Uni_Eval/HAM10000_clean/ISIC2018/ISIC_0025864.jpg,5,5,0.00044455336,5.342526e-05,0.00026276003,2.0874479e-05,0.0055138255,0.9936744,3.0231167e-05
/home/share/Uni_Eval/HAM10000_clean/ISIC2018/ISIC_0025688.jpg,5,5,0.0007858886,0.0030403163,0.0011137233,0.0007421626,0.000404896,0.9938192,9.385191e-05
/home/share/Uni_Eval/HAM10000_clean/ISIC2018/ISIC_0030948.jpg,5,5,7.922918e-05,0.0018855785,0.00018787353,8.712087e-05,0.004730053,0.9921034,0.0009267668
/home/share/Uni_Eval/HAM10000_clean/ISIC2018/ISIC_0027413.jpg,5,5,5.0892377e-05,0.000179902,0.000108643006,8.682766e-05,0.00068339607,0.99888295,7.439249e-06
/home/share/Uni_Eval/HAM10000_clean/ISIC2018/ISIC_0026294.jpg,5,5,3.052904e-05,1.1075227e-05,3.0642685e-05,9.12807e-06,0.00014483671,0.9997714,2.3284938e-06
/home/share/Uni_Eval/HAM10000_clean/ISIC2018/ISIC_0029327.jpg,5,5,0.00090538047,8.707536e-05,4.8532125e-05,3.3090102e-05,0.0003400535,0.9985392,4.666608e-05
/home/share/Uni_Eval/HAM10000_clean/ISIC2018/ISIC_0029796.jpg,5,5,5.015833e-05,0.00011255475,0.00013110021,7.371861e-05,0.0009465979,0.9986779,8.009382e-06
/home/share/Uni_Eval/HAM10000_clean/ISIC2018/ISIC_0024533.jpg,5,5,0.00018024481,0.00091148185,0.00016035128,0.0001012172,0.001719071,0.99674976,0.00017788091
/home/share/Uni_Eval/HAM10000_clean/ISIC2018/ISIC_0028620.jpg,5,5,6.371685e-05,1.1264552e-05,9.7057215e-05,2.30627e-05,0.00069947477,0.99910176,3.5910195e-06
/home/share/Uni_Eval/HAM10000_clean/ISIC2018/ISIC_0032332.jpg,5,5,8.070043e-05,5.9817074e-05,0.00028454352,0.00013215831,0.00024335906,0.9991448,5.457861e-05
/home/share/Uni_Eval/HAM10000_clean/ISIC2018/ISIC_0025705.jpg,5,5,0.0005905149,0.00015678516,0.0014602998,9.216845e-05,0.09499644,0.9026998,3.939699e-06
/home/share/Uni_Eval/HAM10000_clean/ISIC2018/ISIC_0030004.jpg,5,5,0.00018286459,0.0001429763,0.0002636107,0.0006604745,0.0001826133,0.9985536,1.39112135e-05
/home/share/Uni_Eval/HAM10000_clean/ISIC2018/ISIC_0031445.jpg,5,5,0.0005079503,0.00029289498,0.0015455582,9.97904e-05,0.0012139414,0.99623436,0.00010562265
/home/share/Uni_Eval/HAM10000_clean/ISIC2018/ISIC_0025050.jpg,5,5,0.0006443627,0.00013327149,0.0003195938,0.00033189452,0.00026041633,0.99826413,4.6355148e-05
/home/share/Uni_Eval/HAM10000_clean/ISIC2018/ISIC_0024681.jpg,5,5,2.0920184e-05,3.4180161e-06,0.00011650384,0.00019440922,0.00010199189,0.999556,6.682087e-06
/home/share/Uni_Eval/HAM10000_clean/ISIC2018/ISIC_0029707.jpg,5,5,0.00015515042,0.00018482645,0.00033080738,9.59932e-05,0.0036223675,0.9955533,5.7581943e-05
/home/share/Uni_Eval/HAM10000_clean/ISIC2018/ISIC_0028240.jpg,5,5,0.00083448144,0.00027929802,0.0005682951,0.0005199299,0.0016248059,0.99606353,0.00010969893
/home/share/Uni_Eval/HAM10000_clean/ISIC2018/ISIC_0026325.jpg,5,5,6.7132096e-05,1.6547127e-05,0.0012004746,0.000110415596,0.0024544615,0.996132,1.8941544e-05
/home/share/Uni_Eval/HAM10000_clean/ISIC2018/ISIC_0029817.jpg,5,5,7.1951166e-05,0.00017370895,1.3617229e-05,0.000103166974,0.00013894927,0.9994387,5.9912836e-05
/home/share/Uni_Eval/HAM10000_clean/ISIC2018/ISIC_0030530.jpg,5,5,5.6775018e-05,1.9077394e-05,0.00064604834,8.576853e-05,0.0005518974,0.99862075,1.9718334e-05
/home/share/Uni_Eval/HAM10000_clean/ISIC2018/ISIC_0028421.jpg,5,5,2.2708944e-05,9.3577255e-06,5.7963607e-05,1.986011e-05,9.058542e-05,0.99979514,4.3468267e-06
/home/share/Uni_Eval/HAM10000_clean/ISIC2018/ISIC_0029445.jpg,5,5,0.020921249,0.02626982,0.055998955,0.016960263,0.07797647,0.7709325,0.030940723
/home/share/Uni_Eval/HAM10000_clean/ISIC2018/ISIC_0031315.jpg,5,5,0.005347932,0.016980976,0.02695825,0.0012930204,0.0037118401,0.9439622,0.0017457614
/home/share/Uni_Eval/HAM10000_clean/ISIC2018/ISIC_0031224.jpg,5,5,0.00011787447,3.861661e-06,0.00020529616,0.00015443235,0.0015071351,0.99798167,2.9735198e-05
/home/share/Uni_Eval/HAM10000_clean/ISIC2018/ISIC_0030317.jpg,5,5,3.800794e-05,3.7896298e-06,0.00017343358,4.864109e-05,0.00066900515,0.99894756,0.00011963431
/home/share/Uni_Eval/HAM10000_clean/ISIC2018/ISIC_0026375.jpg,5,5,0.0005253953,0.001460411,0.0027802414,0.00051233795,0.0025950386,0.99170715,0.00041936993
/home/share/Uni_Eval/HAM10000_clean/ISIC2018/ISIC_0030515.jpg,5,5,0.00011625377,3.2390937e-05,0.00016430159,5.51774e-05,0.0005255499,0.99909365,1.2707064e-05
/home/share/Uni_Eval/HAM10000_clean/ISIC2018/ISIC_0029461.jpg,5,5,0.0006778659,0.00041990186,0.0026131356,0.0008786856,0.013235941,0.98206747,0.00010690467
/home/share/Uni_Eval/HAM10000_clean/ISIC2018/ISIC_0032458.jpg,5,5,3.5922305e-05,7.0873735e-05,0.0002812134,2.2409225e-05,0.0010394186,0.9985226,2.767674e-05
/home/share/Uni_Eval/HAM10000_clean/ISIC2018/ISIC_0026447.jpg,5,5,0.0009040467,0.000259579,0.0001972409,0.0004511605,0.0004084222,0.9977683,1.1317074e-05
/home/share/Uni_Eval/HAM10000_clean/ISIC2018/ISIC_0029643.jpg,5,5,1.3222228e-05,2.590887e-06,0.00015707528,6.908311e-05,0.00017271674,0.99958223,2.979449e-06
/home/share/Uni_Eval/HAM10000_clean/ISIC2018/ISIC_0026837.jpg,5,5,5.4411216e-06,1.4122153e-06,9.407257e-05,2.0642725e-05,0.00051608094,0.9993606,1.780221e-06
/home/share/Uni_Eval/HAM10000_clean/ISIC2018/ISIC_0032480.jpg,5,5,0.006114252,0.0007076263,0.003209062,0.0037546316,0.060472593,0.925683,5.877919e-05
/home/share/Uni_Eval/HAM10000_clean/ISIC2018/ISIC_0026971.jpg,5,5,0.00020314421,8.385515e-06,7.1076494e-05,1.0738255e-05,0.0004407604,0.9992623,3.7096936e-06
/home/share/Uni_Eval/HAM10000_clean/ISIC2018/ISIC_0030027.jpg,5,5,0.0005539316,0.000662028,0.00055141456,0.0010754324,7.921998e-05,0.99241287,0.004665146
/home/share/Uni_Eval/HAM10000_clean/ISIC2018/ISIC_0030702.jpg,5,5,0.00012866635,5.7136407e-05,0.0006882683,0.0002759401,0.008695358,0.9892569,0.00089777034
/home/share/Uni_Eval/HAM10000_clean/ISIC2018/ISIC_0027196.jpg,5,5,0.00039432567,2.13902e-05,0.00063437334,1.1640913e-05,0.0025052102,0.9964198,1.3286735e-05
/home/share/Uni_Eval/HAM10000_clean/ISIC2018/ISIC_0031732.jpg,5,5,0.00043949898,7.78331e-05,0.00038768008,0.00041306915,0.004249304,0.9944066,2.59495e-05
/home/share/Uni_Eval/HAM10000_clean/ISIC2018/ISIC_0027168.jpg,5,5,8.981585e-05,2.8086519e-05,0.00010916082,0.00016732365,0.0022705747,0.9973123,2.2811195e-05
/home/share/Uni_Eval/HAM10000_clean/ISIC2018/ISIC_0028257.jpg,5,5,8.282708e-07,2.019544e-06,1.3999015e-05,1.6945555e-06,0.000110629495,0.99986994,9.4565155e-07
/home/share/Uni_Eval/HAM10000_clean/ISIC2018/ISIC_0025329.jpg,5,5,0.0065728663,0.007512297,0.002349128,0.0012155729,0.0011779483,0.98107487,9.728414e-05
/home/share/Uni_Eval/HAM10000_clean/ISIC2018/ISIC_0029834.jpg,5,5,0.0015014235,0.00023395455,6.098985e-05,7.114975e-05,0.0012454174,0.99682486,6.2196734e-05
/home/share/Uni_Eval/HAM10000_clean/ISIC2018/ISIC_0025279.jpg,5,5,0.0025313376,0.0035381597,0.0007840533,0.00044661615,0.0005961399,0.991783,0.00032067552
/home/share/Uni_Eval/HAM10000_clean/ISIC2018/ISIC_0030595.jpg,5,5,0.00024691093,0.0012272871,0.00010153442,0.0010098167,0.0006955147,0.996498,0.00022090759
/home/share/Uni_Eval/HAM10000_clean/ISIC2018/ISIC_0030651.jpg,5,5,0.053533014,0.009430494,0.008482008,0.0058745528,0.008366556,0.91367847,0.00063490414
/home/share/Uni_Eval/HAM10000_clean/ISIC2018/ISIC_0027516.jpg,5,5,0.0051559955,0.0072133853,0.0122518195,0.0005289788,0.006564531,0.96824396,4.1343777e-05
/home/share/Uni_Eval/HAM10000_clean/ISIC2018/ISIC_0031241.jpg,5,5,0.0023454914,0.00017028472,0.0044620596,1.6729116e-05,0.0067835595,0.98568094,0.00054095295
/home/share/Uni_Eval/HAM10000_clean/ISIC2018/ISIC_0029873.jpg,5,5,0.00037070844,9.780881e-05,0.0004094526,0.00010305842,0.00091510994,0.99808145,2.2471859e-05
/home/share/Uni_Eval/HAM10000_clean/ISIC2018/ISIC_0024389.jpg,5,5,0.0002567573,0.00047732657,0.00050311984,0.000823759,0.00040973473,0.9964743,0.0010549697
/home/share/Uni_Eval/HAM10000_clean/ISIC2018/ISIC_0029658.jpg,5,5,0.0015658134,0.0005943379,0.0012994346,0.0010394559,0.00059587986,0.99486417,4.089281e-05
/home/share/Uni_Eval/HAM10000_clean/ISIC2018/ISIC_0027995.jpg,5,5,0.003558209,0.0017209518,0.0057529663,0.0005454333,0.0048985137,0.9835105,1.3440654e-05
/home/share/Uni_Eval/HAM10000_clean/ISIC2018/ISIC_0031740.jpg,5,5,0.001824331,0.0021995467,0.0050374684,0.00029052614,0.0039033915,0.986566,0.00017879195
/home/share/Uni_Eval/HAM10000_clean/ISIC2018/ISIC_0028532.jpg,5,5,3.438566e-05,3.8900496e-05,5.3958775e-05,0.00053532736,4.6901434e-05,0.9992834,7.117672e-06
/home/share/Uni_Eval/HAM10000_clean/ISIC2018/ISIC_0026719.jpg,5,5,8.089278e-05,2.517557e-05,0.00019022383,0.00019964814,0.0016357999,0.99785393,1.4279937e-05
/home/share/Uni_Eval/HAM10000_clean/ISIC2018/ISIC_0029037.jpg,5,5,8.830722e-05,1.0464619e-05,9.559422e-05,3.2120997e-06,0.009668887,0.9901266,6.903583e-06
/home/share/Uni_Eval/HAM10000_clean/ISIC2018/ISIC_0031193.jpg,5,5,0.00040074848,5.2768577e-05,0.00021179435,0.00031785914,0.00058949454,0.99711394,0.001313425
/home/share/Uni_Eval/HAM10000_clean/ISIC2018/ISIC_0030934.jpg,5,5,0.00054811634,6.485401e-05,7.6978366e-05,0.0007540399,0.0002069251,0.9982132,0.00013586861
/home/share/Uni_Eval/HAM10000_clean/ISIC2018/ISIC_0028530.jpg,5,5,7.367779e-05,1.9793983e-05,9.601152e-05,0.00020630407,0.00023363049,0.99927443,9.612723e-05
/home/share/Uni_Eval/HAM10000_clean/ISIC2018/ISIC_0028959.jpg,5,5,2.3300157e-05,1.4601349e-05,0.0008078402,4.1460044e-05,0.00048469554,0.9986247,3.4625125e-06
/home/share/Uni_Eval/HAM10000_clean/ISIC2018/ISIC_0028754.jpg,5,5,4.738423e-05,9.0590265e-06,0.000114341194,8.835607e-06,0.005331445,0.99438995,9.900721e-05
/home/share/Uni_Eval/HAM10000_clean/ISIC2018/ISIC_0032353.jpg,5,5,0.0001613668,0.00070714334,0.00039791877,0.00017107077,0.00071771437,0.9977938,5.106112e-05
/home/share/Uni_Eval/HAM10000_clean/ISIC2018/ISIC_0029579.jpg,5,5,2.1362652e-05,7.6328815e-06,8.336828e-05,3.4743111e-06,0.0021712668,0.99770784,5.127276e-06
/home/share/Uni_Eval/HAM10000_clean/ISIC2018/ISIC_0032001.jpg,5,5,2.6044793e-06,3.386498e-06,4.382022e-05,3.343855e-05,0.00011633597,0.9997944,5.9770937e-06
/home/share/Uni_Eval/HAM10000_clean/ISIC2018/ISIC_0027894.jpg,5,5,0.00041495104,2.0247558e-05,0.00028076672,9.7065735e-05,0.0084273415,0.9907464,1.32350815e-05
/home/share/Uni_Eval/HAM10000_clean/ISIC2018/ISIC_0026763.jpg,5,5,1.7402168e-05,2.4573112e-06,7.9483776e-05,8.334349e-05,0.002511348,0.9969586,0.00034737255
/home/share/Uni_Eval/HAM10000_clean/ISIC2018/ISIC_0031432.jpg,5,5,0.00019653805,0.00014208324,1.7435212e-05,1.2037554e-05,0.0044244374,0.9951643,4.3171745e-05
/home/share/Uni_Eval/HAM10000_clean/ISIC2018/ISIC_0030780.jpg,5,5,0.00032902413,2.5638687e-05,0.00022915257,2.8826158e-05,0.0015126495,0.99786806,6.5795816e-06
/home/share/Uni_Eval/HAM10000_clean/ISIC2018/ISIC_0025787.jpg,5,5,0.00011652915,5.6277582e-05,0.00017772251,0.00030980696,0.00012699427,0.9991374,7.536692e-05
/home/share/Uni_Eval/HAM10000_clean/ISIC2018/ISIC_0028286.jpg,5,5,4.475764e-06,1.9685467e-06,3.353302e-06,3.868514e-05,0.000106962216,0.999835,9.439261e-06
/home/share/Uni_Eval/HAM10000_clean/ISIC2018/ISIC_0031911.jpg,5,5,0.0006213408,0.0011156108,0.0058952468,0.00024186731,0.04208015,0.94972944,0.00031632266
/home/share/Uni_Eval/HAM10000_clean/ISIC2018/ISIC_0025138.jpg,5,5,0.0040378342,0.0009230979,0.00038372085,0.00031302703,0.001338557,0.9928195,0.00018420731
/home/share/Uni_Eval/HAM10000_clean/ISIC2018/ISIC_0026797.jpg,5,5,0.00052283757,0.00058299827,0.003095981,0.00036433467,0.0015539166,0.9937349,0.00014499821
/home/share/Uni_Eval/HAM10000_clean/ISIC2018/ISIC_0027464.jpg,5,5,0.00049404014,0.00018749216,0.00045782645,0.0002467259,0.0023807785,0.9953002,0.0009330547
/home/share/Uni_Eval/HAM10000_clean/ISIC2018/ISIC_0027241.jpg,5,5,4.911847e-05,2.3249613e-05,0.00042373067,0.00018362627,0.0005450136,0.998755,2.0316185e-05
/home/share/Uni_Eval/HAM10000_clean/ISIC2018/ISIC_0031242.jpg,5,5,0.0011251972,0.0005582481,0.0009056656,0.000467478,0.014645272,0.98127973,0.0010185139
/home/share/Uni_Eval/HAM10000_clean/ISIC2018/ISIC_0030224.jpg,5,5,0.0009319663,0.00016214015,0.0017951285,0.0002214803,0.0036450464,0.9932152,2.9070321e-05
/home/share/Uni_Eval/HAM10000_clean/ISIC2018/ISIC_0025220.jpg,5,5,0.00042468918,0.00010380469,0.0005794693,0.0012972587,0.00037750255,0.9963921,0.00082514435
/home/share/Uni_Eval/HAM10000_clean/ISIC2018/ISIC_0026408.jpg,5,5,0.00022433582,2.0810181e-05,6.4761894e-05,5.9126854e-05,0.0004080208,0.9992071,1.5846583e-05
/home/share/Uni_Eval/HAM10000_clean/ISIC2018/ISIC_0030496.jpg,5,5,0.0016236656,0.019906927,0.014429398,0.0055038063,0.0010885015,0.9564096,0.0010381871
/home/share/Uni_Eval/HAM10000_clean/ISIC2018/ISIC_0027733.jpg,5,5,1.1816834e-05,2.3667567e-06,5.9915677e-05,7.3862648e-06,0.00075890735,0.9991535,6.1451497e-06
/home/share/Uni_Eval/HAM10000_clean/ISIC2018/ISIC_0028590.jpg,5,5,0.00027510338,0.0005788771,0.005844857,0.0015953704,0.0046404838,0.9870193,4.5996927e-05
/home/share/Uni_Eval/HAM10000_clean/ISIC2018/ISIC_0031161.jpg,5,5,0.001755764,0.00020424042,0.0025710792,0.00013175214,0.003890286,0.99143034,1.6518858e-05
/home/share/Uni_Eval/HAM10000_clean/ISIC2018/ISIC_0027314.jpg,5,5,0.00042899715,8.719717e-05,0.0042982274,0.00029003256,0.0015053474,0.9933844,5.8256846e-06
/home/share/Uni_Eval/HAM10000_clean/ISIC2018/ISIC_0030571.jpg,5,5,0.00013907078,0.00017145278,0.00065897475,0.00019002613,0.0028146128,0.99597114,5.464747e-05
/home/share/Uni_Eval/HAM10000_clean/ISIC2018/ISIC_0026873.jpg,5,5,0.0002016038,5.3762367e-05,0.000701005,0.00011418055,0.002785499,0.99613804,5.7695074e-06
/home/share/Uni_Eval/HAM10000_clean/ISIC2018/ISIC_0032506.jpg,5,5,2.6084295e-05,1.0245988e-05,0.00016163851,0.00049212854,4.1016956e-05,0.9992299,3.901351e-05
/home/share/Uni_Eval/HAM10000_clean/ISIC2018/ISIC_0024359.jpg,5,5,0.00017571781,2.4597251e-05,0.00024635438,2.7555681e-05,0.0007535873,0.998762,1.0140456e-05
/home/share/Uni_Eval/HAM10000_clean/ISIC2018/ISIC_0031420.jpg,5,5,0.0065958747,0.000928352,0.021982037,0.0033685367,0.0014555526,0.96564007,2.951933e-05
/home/share/Uni_Eval/HAM10000_clean/ISIC2018/ISIC_0026785.jpg,5,5,0.0011668142,0.0003534818,0.0028833316,0.007100968,0.0013898885,0.986193,0.00091253046
/home/share/Uni_Eval/HAM10000_clean/ISIC2018/ISIC_0025229.jpg,5,5,0.008710928,0.008285659,0.005897873,0.0039696605,0.0012596345,0.9715223,0.00035390005
/home/share/Uni_Eval/HAM10000_clean/ISIC2018/ISIC_0030739.jpg,5,5,0.008762736,0.04961227,0.0057981126,0.020319216,0.0038538158,0.90953445,0.0021193642
/home/share/Uni_Eval/HAM10000_clean/ISIC2018/ISIC_0030611.jpg,5,5,3.816397e-06,3.029322e-05,2.9544839e-05,2.0428413e-05,0.00018025389,0.9997093,2.6444704e-05
/home/share/Uni_Eval/HAM10000_clean/ISIC2018/ISIC_0027363.jpg,5,5,6.810764e-05,0.0005477978,0.0014534043,0.0006403367,0.0003437492,0.9969055,4.1080057e-05
/home/share/Uni_Eval/HAM10000_clean/ISIC2018/ISIC_0030619.jpg,5,5,0.00018792902,0.00014451199,0.0012175357,6.7817746e-05,0.0018866907,0.99645257,4.2886983e-05
/home/share/Uni_Eval/HAM10000_clean/ISIC2018/ISIC_0029601.jpg,5,5,0.00023532358,0.0005632879,0.003670805,0.00048059347,0.0021791037,0.992451,0.00041987165
/home/share/Uni_Eval/HAM10000_clean/ISIC2018/ISIC_0027088.jpg,5,5,0.000119182994,6.721537e-06,0.0007030011,2.2419274e-05,0.0039857225,0.9949817,0.00018127367
/home/share/Uni_Eval/HAM10000_clean/ISIC2018/ISIC_0027158.jpg,5,5,0.000118108714,5.3810923e-05,1.7878712e-05,1.7916604e-05,0.00021488353,0.99953496,4.2449326e-05
/home/share/Uni_Eval/HAM10000_clean/ISIC2018/ISIC_0024502.jpg,5,5,0.00011533964,4.051931e-05,0.0003079895,0.0006242175,0.00044615538,0.9980654,0.0004003667
/home/share/Uni_Eval/HAM10000_clean/ISIC2018/ISIC_0027199.jpg,5,5,0.0021698494,0.0006157159,0.006413943,0.0019033812,0.00039585217,0.98828423,0.00021709235
/home/share/Uni_Eval/HAM10000_clean/ISIC2018/ISIC_0027929.jpg,5,5,5.2157493e-06,1.6352996e-06,3.5810335e-05,4.960763e-06,0.00043253799,0.9995177,2.0566704e-06
/home/share/Uni_Eval/HAM10000_clean/ISIC2018/ISIC_0027029.jpg,5,5,0.00012486623,0.00041958745,0.0022954822,0.00010399171,0.0015553606,0.9954987,1.964343e-06
/home/share/Uni_Eval/HAM10000_clean/ISIC2018/ISIC_0031920.jpg,5,5,0.0025971322,0.0019559222,0.0063351216,0.0005857169,0.001872837,0.986634,1.9206796e-05
/home/share/Uni_Eval/HAM10000_clean/ISIC2018/ISIC_0029763.jpg,5,5,0.005416637,0.0018705084,0.00037206348,0.00041929857,0.0007541517,0.99111676,5.0532148e-05
/home/share/Uni_Eval/HAM10000_clean/ISIC2018/ISIC_0031841.jpg,5,5,0.008131466,0.0005486774,0.001576546,0.00020305868,0.00094932335,0.98856133,2.9664332e-05
/home/share/Uni_Eval/HAM10000_clean/ISIC2018/ISIC_0028946.jpg,5,5,2.7102646e-05,2.9685241e-05,9.917688e-05,8.449601e-06,0.00016155627,0.99964285,3.1168845e-05
/home/share/Uni_Eval/HAM10000_clean/ISIC2018/ISIC_0031152.jpg,5,5,0.0019146203,0.0027935898,0.004029658,0.00314552,0.0019179601,0.98598856,0.00021012506
/home/share/Uni_Eval/HAM10000_clean/ISIC2018/ISIC_0030075.jpg,5,5,6.1384046e-05,3.4421115e-05,9.494263e-05,7.2295195e-05,0.00027693287,0.999403,5.700392e-05
/home/share/Uni_Eval/HAM10000_clean/ISIC2018/ISIC_0028328.jpg,5,5,5.1715895e-05,0.00016713004,0.0036017355,0.0005527137,0.00072091713,0.99486333,4.2542528e-05
/home/share/Uni_Eval/HAM10000_clean/ISIC2018/ISIC_0027547.jpg,5,5,0.0007012193,0.0010514158,0.00048626593,0.0012107354,0.0004034778,0.99606967,7.7189565e-05
/home/share/Uni_Eval/HAM10000_clean/ISIC2018/ISIC_0029750.jpg,5,5,1.8745299e-05,1.0252894e-05,8.195219e-05,3.7605132e-05,0.0003946748,0.99939907,5.7719823e-05
/home/share/Uni_Eval/HAM10000_clean/ISIC2018/ISIC_0024991.jpg,5,5,0.00016883893,0.00014235478,0.000248627,8.34775e-06,0.0020973366,0.9973029,3.163088e-05
/home/share/Uni_Eval/HAM10000_clean/ISIC2018/ISIC_0031805.jpg,5,5,0.00017198932,6.478048e-05,0.00012759896,1.3700163e-05,0.0012755565,0.9982755,7.085925e-05
/home/share/Uni_Eval/HAM10000_clean/ISIC2018/ISIC_0031688.jpg,5,5,3.112618e-05,6.8253253e-06,3.4175904e-05,0.00020527613,5.8791797e-05,0.99965024,1.3550899e-05
/home/share/Uni_Eval/HAM10000_clean/ISIC2018/ISIC_0031731.jpg,5,5,0.0020999063,0.005339468,0.00027922168,0.0013135034,0.0029501647,0.969573,0.018444825
/home/share/Uni_Eval/HAM10000_clean/ISIC2018/ISIC_0028444.jpg,5,5,9.5761294e-05,6.835187e-05,0.0005933444,0.0003648074,0.00494979,0.99392223,5.746307e-06
/home/share/Uni_Eval/HAM10000_clean/ISIC2018/ISIC_0025139.jpg,5,5,5.1109273e-05,1.6805834e-05,0.0012704948,0.00012760995,0.00088261213,0.99763525,1.6122018e-05
/home/share/Uni_Eval/HAM10000_clean/ISIC2018/ISIC_0027690.jpg,5,5,1.9203602e-05,7.061054e-06,2.9047751e-05,2.0690964e-05,8.980789e-05,0.99983203,2.0532698e-06
/home/share/Uni_Eval/HAM10000_clean/ISIC2018/ISIC_0031658.jpg,5,5,8.840608e-05,0.0012174569,0.00042025375,0.0007311582,0.00038000598,0.9967083,0.00045445512
/home/share/Uni_Eval/HAM10000_clean/ISIC2018/ISIC_0025828.jpg,5,5,6.0251168e-05,6.5679866e-05,0.00021892098,6.549896e-05,0.0023154062,0.9972077,6.645768e-05
/home/share/Uni_Eval/HAM10000_clean/ISIC2018/ISIC_0026578.jpg,5,5,0.0006579297,0.0009663398,0.00044393356,0.00061320985,0.00032504048,0.9967353,0.00025820275
/home/share/Uni_Eval/HAM10000_clean/ISIC2018/ISIC_0025349.jpg,5,5,0.00014319427,0.00010645183,0.0007144524,0.00039536547,5.4275053e-05,0.9984958,9.040551e-05
/home/share/Uni_Eval/HAM10000_clean/ISIC2018/ISIC_0027169.jpg,5,5,3.591607e-05,2.9046327e-05,8.327529e-05,1.6149443e-05,0.00013032803,0.99968874,1.6451211e-05
/home/share/Uni_Eval/HAM10000_clean/ISIC2018/ISIC_0025888.jpg,5,5,1.1795284e-05,2.6933374e-05,3.6982954e-05,1.4897048e-05,0.00014461143,0.99967384,9.0945585e-05
/home/share/Uni_Eval/HAM10000_clean/ISIC2018/ISIC_0026813.jpg,5,5,7.707913e-06,7.344201e-05,8.697251e-05,2.05445e-05,0.0010991845,0.9987104,1.6364302e-06
/home/share/Uni_Eval/HAM10000_clean/ISIC2018/ISIC_0030449.jpg,5,5,1.7241198e-05,1.04303435e-05,0.00012423647,1.5867636e-05,0.0019349809,0.99789315,4.117834e-06
/home/share/Uni_Eval/HAM10000_clean/ISIC2018/ISIC_0029520.jpg,5,5,0.00022003804,0.00016047207,0.002971892,0.00013217657,0.024858147,0.97158563,7.1650335e-05
/home/share/Uni_Eval/HAM10000_clean/ISIC2018/ISIC_0026517.jpg,5,5,0.00011944481,1.5936184e-05,0.00048224395,1.880632e-05,0.001498489,0.9978619,3.2097328e-06
/home/share/Uni_Eval/HAM10000_clean/ISIC2018/ISIC_0031416.jpg,5,5,3.803211e-05,5.1431292e-05,0.00072284095,4.038529e-05,0.00357633,0.9954722,9.895684e-05
/home/share/Uni_Eval/HAM10000_clean/ISIC2018/ISIC_0027782.jpg,5,5,0.00016773853,2.891921e-05,0.004085203,5.9719874e-05,0.0005689007,0.99506605,2.3526718e-05
/home/share/Uni_Eval/HAM10000_clean/ISIC2018/ISIC_0031752.jpg,5,5,0.0006674281,8.641387e-05,0.0026829923,0.00022677895,0.0057231216,0.9905766,3.6634872e-05
/home/share/Uni_Eval/HAM10000_clean/ISIC2018/ISIC_0028152.jpg,5,5,0.0004948255,0.0020549376,0.0006951595,0.00068623095,0.0025929038,0.99336046,0.00011557883
/home/share/Uni_Eval/HAM10000_clean/ISIC2018/ISIC_0025697.jpg,5,5,2.451468e-05,2.8247294e-05,0.0004220219,0.00036724447,0.00012087832,0.9990288,8.294407e-06
/home/share/Uni_Eval/HAM10000_clean/ISIC2018/ISIC_0030905.jpg,5,5,0.0022291334,0.0004946949,0.07710452,0.00046985352,0.085171334,0.8344014,0.00012906709
/home/share/Uni_Eval/HAM10000_clean/ISIC2018/ISIC_0026630.jpg,5,5,0.0007957353,0.00027406096,0.00032214052,0.00016273493,0.0021932353,0.99616677,8.532781e-05
/home/share/Uni_Eval/HAM10000_clean/ISIC2018/ISIC_0025360.jpg,5,5,3.730515e-05,2.5529584e-05,2.8036142e-05,3.7230122e-05,0.00063611433,0.9991911,4.463041e-05
/home/share/Uni_Eval/HAM10000_clean/ISIC2018/ISIC_0028253.jpg,5,5,0.035049304,0.029486591,0.009752308,0.0123782465,0.00065582816,0.90831184,0.004365882
/home/share/Uni_Eval/HAM10000_clean/ISIC2018/ISIC_0025669.jpg,5,5,6.883158e-05,1.7323337e-05,8.951871e-05,6.7924586e-05,0.0012420716,0.9984516,6.266655e-05
/home/share/Uni_Eval/HAM10000_clean/ISIC2018/ISIC_0027368.jpg,5,5,0.0003705082,0.00020341731,0.002371336,0.00012964402,0.0066247145,0.9902958,4.6194823e-06
/home/share/Uni_Eval/HAM10000_clean/ISIC2018/ISIC_0030777.jpg,5,5,4.3959903e-05,4.2803702e-05,0.00025930646,0.0004131583,0.0006734141,0.99772483,0.00084251905
/home/share/Uni_Eval/HAM10000_clean/ISIC2018/ISIC_0029875.jpg,5,5,5.272313e-05,0.00018861909,0.0018329013,0.0014193642,0.00027055386,0.9957717,0.00046410365
/home/share/Uni_Eval/HAM10000_clean/ISIC2018/ISIC_0029204.jpg,5,5,0.003923714,0.0005405645,0.0029706801,0.00069792976,0.021836346,0.96471745,0.0053133215
/home/share/Uni_Eval/HAM10000_clean/ISIC2018/ISIC_0032267.jpg,5,5,6.163408e-06,3.5480664e-06,0.0029483736,0.00022533706,0.0011178387,0.9956709,2.7839122e-05
/home/share/Uni_Eval/HAM10000_clean/ISIC2018/ISIC_0032069.jpg,5,5,2.9422106e-06,1.725761e-06,0.003579806,0.00020749481,0.0019251404,0.99427694,5.821484e-06
/home/share/Uni_Eval/HAM10000_clean/ISIC2018/ISIC_0029657.jpg,5,5,1.3128813e-05,5.505045e-06,0.0015608089,0.0001173867,0.0046339426,0.9936597,9.591872e-06
/home/share/Uni_Eval/HAM10000_clean/ISIC2018/ISIC_0030646.jpg,5,5,6.175741e-05,1.1808222e-05,0.0039316886,0.0005740195,0.002485483,0.99272764,0.00020770999
/home/share/Uni_Eval/HAM10000_clean/ISIC2018/ISIC_0029018.jpg,5,5,0.00018622182,0.0306425,0.009433582,0.00017213129,0.01603079,0.93903375,0.0045010108
/home/share/Uni_Eval/HAM10000_clean/ISIC2018/ISIC_0028247.jpg,5,5,0.0005683978,0.007807846,0.005655718,0.00021077132,0.0054964744,0.9801853,7.550211e-05
/home/share/Uni_Eval/HAM10000_clean/ISIC2018/ISIC_0027757.jpg,5,5,2.8494145e-05,0.004081769,0.001703608,0.0006134837,0.03351082,0.9598423,0.00021951445
/home/share/Uni_Eval/HAM10000_clean/ISIC2018/ISIC_0032363.jpg,5,5,0.0014280805,0.14954467,0.0059943115,0.0134239765,0.07580006,0.75275594,0.0010529639
/home/share/Uni_Eval/HAM10000_clean/ISIC2018/ISIC_0025638.jpg,5,5,0.0001061977,0.06196774,0.0070056138,0.020639982,0.053469226,0.8549273,0.0018839707
/home/share/Uni_Eval/HAM10000_clean/ISIC2018/ISIC_0031178.jpg,5,5,0.0005737761,0.005476081,0.005235299,0.025647953,0.0006449087,0.9409592,0.021462856
/home/share/Uni_Eval/HAM10000_clean/ISIC2018/ISIC_0029534.jpg,5,5,0.008665467,0.19873191,0.0130902305,0.0128512755,0.0021948628,0.730886,0.03358028
/home/share/Uni_Eval/HAM10000_clean/ISIC2018/ISIC_0024594.jpg,5,5,0.0014698325,0.004304949,0.013991474,0.0014842948,0.049676523,0.928976,9.700237e-05
/home/share/Uni_Eval/HAM10000_clean/ISIC2018/ISIC_0027444.jpg,5,5,0.0047589834,0.008896792,0.016209243,0.00077445636,0.18789838,0.7807766,0.00068557204
/home/share/Uni_Eval/HAM10000_clean/ISIC2018/ISIC_0027644.jpg,5,5,0.0016550669,0.0005229269,0.0409767,0.0046262555,0.006791101,0.9453357,9.229773e-05
/home/share/Uni_Eval/HAM10000_clean/ISIC2018/ISIC_0032376.jpg,5,5,0.0040594023,0.17869619,0.026557548,0.0039353203,0.107123956,0.6255457,0.05408187
/home/share/Uni_Eval/HAM10000_clean/ISIC2018/ISIC_0029790.jpg,5,5,7.4257056e-05,0.000102946964,0.0007952785,0.00015734903,0.02561192,0.9732334,2.4956587e-05
/home/share/Uni_Eval/HAM10000_clean/ISIC2018/ISIC_0027305.jpg,5,5,0.0009198173,0.009634957,0.011598834,0.0006183591,0.021976814,0.95521396,3.7299917e-05
/home/share/Uni_Eval/HAM10000_clean/ISIC2018/ISIC_0028918.jpg,5,5,0.00028520887,0.000420727,0.005536466,0.0004532707,0.09749785,0.895701,0.000105467516
/home/share/Uni_Eval/HAM10000_clean/ISIC2018/ISIC_0030697.jpg,5,5,0.00022522816,0.0018733437,0.0037005767,0.00041448997,0.11862757,0.8750657,9.3216986e-05
/home/share/Uni_Eval/HAM10000_clean/ISIC2018/ISIC_0028293.jpg,5,5,0.0011040353,0.01655134,0.015217485,0.0049066083,0.0806418,0.8781667,0.0034120851
/home/share/Uni_Eval/HAM10000_clean/ISIC2018/ISIC_0027264.jpg,5,5,0.013650486,0.018436098,0.0315064,0.0018703548,0.04452216,0.8871663,0.0028482077
/home/share/Uni_Eval/HAM10000_clean/ISIC2018/ISIC_0031404.jpg,5,5,0.016044147,0.18301782,0.0087531395,0.0010130499,0.08179905,0.709144,0.00022875842
/home/share/Uni_Eval/HAM10000_clean/ISIC2018/ISIC_0025152.jpg,5,5,0.00020541936,0.012067377,0.028268434,0.0039147064,0.011091493,0.9414674,0.0029851026
/home/share/Uni_Eval/HAM10000_clean/ISIC2018/ISIC_0027235.jpg,5,4,0.00042412442,0.00040687958,0.045180988,0.00028540174,0.6713795,0.28226724,5.579302e-05
/home/share/Uni_Eval/HAM10000_clean/ISIC2018/ISIC_0031160.jpg,5,5,0.00123039,0.0009064876,0.00372438,1.8390656e-05,0.26283127,0.73118705,0.00010193834
/home/share/Uni_Eval/HAM10000_clean/ISIC2018/ISIC_0028010.jpg,5,5,0.00011895398,0.00038532604,0.009194779,0.00029347962,0.06269228,0.9273075,7.709935e-06
/home/share/Uni_Eval/HAM10000_clean/ISIC2018/ISIC_0024934.jpg,5,5,0.00026275933,0.0002959172,0.030189933,0.0018431465,0.021439342,0.94595814,1.0778578e-05
/home/share/Uni_Eval/HAM10000_clean/ISIC2018/ISIC_0028461.jpg,5,5,0.0039478443,0.0053579356,0.08038691,0.051818833,0.20904398,0.6462583,0.003186194
/home/share/Uni_Eval/HAM10000_clean/ISIC2018/ISIC_0028332.jpg,5,5,0.05408489,0.0026589157,0.13024071,0.021211596,0.13388537,0.6578872,3.1399377e-05
/home/share/Uni_Eval/HAM10000_clean/ISIC2018/ISIC_0032334.jpg,5,5,0.008412503,0.007998033,0.08963985,0.0022292146,0.12777334,0.7637926,0.00015446126
/home/share/Uni_Eval/HAM10000_clean/ISIC2018/ISIC_0030858.jpg,5,5,0.0053970143,0.01133628,0.013455497,0.00066143327,0.07266326,0.8963482,0.00013839196
/home/share/Uni_Eval/HAM10000_clean/ISIC2018/ISIC_0030609.jpg,5,5,0.0004236543,4.218318e-05,0.0019759096,5.3167372e-05,0.11083649,0.88666105,7.508732e-06
/home/share/Uni_Eval/HAM10000_clean/ISIC2018/ISIC_0027987.jpg,5,5,0.0009688885,0.0024475984,0.0028321785,0.0036758806,0.09517402,0.89333016,0.0015712222
/home/share/Uni_Eval/HAM10000_clean/ISIC2018/ISIC_0026722.jpg,5,1,0.0061033093,0.541968,0.019979639,0.00402789,0.311952,0.115033224,0.0009359317
/home/share/Uni_Eval/HAM10000_clean/ISIC2018/ISIC_0031663.jpg,5,5,0.0021633438,0.06629977,0.1492529,0.010360345,0.28123093,0.49023962,0.00045309772
/home/share/Uni_Eval/HAM10000_clean/ISIC2018/ISIC_0025568.jpg,5,5,6.374139e-05,0.008969829,0.05820428,8.794794e-05,0.04624372,0.8858584,0.0005719968
/home/share/Uni_Eval/HAM10000_clean/ISIC2018/ISIC_0030247.jpg,5,5,0.058133446,0.04938379,0.12440737,0.28939325,0.094661705,0.34920233,0.034818124
/home/share/Uni_Eval/HAM10000_clean/ISIC2018/ISIC_0029756.jpg,5,5,0.0005229524,0.004678303,0.048188414,0.0012829147,0.08975532,0.8542971,0.0012750329
/home/share/Uni_Eval/HAM10000_clean/ISIC2018/ISIC_0031629.jpg,5,5,0.0008103604,0.0010217124,0.01352738,6.264085e-05,0.018901097,0.96565163,2.5117097e-05
/home/share/Uni_Eval/HAM10000_clean/ISIC2018/ISIC_0027537.jpg,5,5,0.0007311859,0.0022005327,0.023086373,0.00071896624,0.14353664,0.82949847,0.00022773635
/home/share/Uni_Eval/HAM10000_clean/ISIC2018/ISIC_0026223.jpg,5,5,0.0006456086,0.0042949724,0.10107628,0.0014434503,0.058164623,0.8337874,0.0005877831
/home/share/Uni_Eval/HAM10000_clean/ISIC2018/ISIC_0024789.jpg,5,5,0.017260168,0.31444693,0.18066263,0.0062512723,0.0019597167,0.4782773,0.0011419856
/home/share/Uni_Eval/HAM10000_clean/ISIC2018/ISIC_0029854.jpg,5,5,0.0022784483,0.082809076,0.04383204,0.0013843114,0.09666617,0.77216876,0.000861218
/home/share/Uni_Eval/HAM10000_clean/ISIC2018/ISIC_0027911.jpg,5,5,0.010183967,0.03812263,0.33878535,0.002258282,0.2390469,0.37118438,0.0004185395
/home/share/Uni_Eval/HAM10000_clean/ISIC2018/ISIC_0031435.jpg,5,5,0.00038255958,0.00039014802,0.019037088,4.281227e-05,0.005265756,0.97485965,2.2003449e-05
/home/share/Uni_Eval/HAM10000_clean/ISIC2018/ISIC_0026389.jpg,5,5,0.0015307979,0.2659423,0.038994923,0.0008732116,0.022416461,0.6633595,0.0068827886
/home/share/Uni_Eval/HAM10000_clean/ISIC2018/ISIC_0025847.jpg,5,5,0.003280392,0.007554394,0.087635614,0.0025526185,0.3149252,0.5834411,0.0006106898
/home/share/Uni_Eval/HAM10000_clean/ISIC2018/ISIC_0027462.jpg,5,5,1.1694481e-05,7.36224e-05,0.01563781,0.00035784327,0.29460073,0.6892902,2.8076138e-05
/home/share/Uni_Eval/HAM10000_clean/ISIC2018/ISIC_0024824.jpg,5,5,0.0007733576,0.00328834,0.054505024,0.0010855763,0.08227218,0.85802925,4.628164e-05
/home/share/Uni_Eval/HAM10000_clean/ISIC2018/ISIC_0031293.jpg,5,5,0.00010745108,0.00051362923,0.0035333016,5.7089866e-05,0.029601244,0.96616524,2.1965901e-05
/home/share/Uni_Eval/HAM10000_clean/ISIC2018/ISIC_0025809.jpg,5,4,0.0024552695,0.006301203,0.12504135,0.00039686516,0.48345125,0.3821534,0.00020071496
/home/share/Uni_Eval/HAM10000_clean/ISIC2018/ISIC_0029296.jpg,5,5,0.0004790961,0.02114426,0.009789555,0.00010290604,0.019008791,0.94889057,0.0005847149
/home/share/Uni_Eval/HAM10000_clean/ISIC2018/ISIC_0031646.jpg,5,4,0.0017298433,0.004222355,0.059346683,0.0030416048,0.550211,0.38110983,0.0003387539
/home/share/Uni_Eval/HAM10000_clean/ISIC2018/ISIC_0029986.jpg,5,4,0.0061974158,0.006969772,0.02584836,0.0025846695,0.87428373,0.08381479,0.00030137008
/home/share/Uni_Eval/HAM10000_clean/ISIC2018/ISIC_0026501.jpg,5,5,0.00013443209,0.018172763,0.009836491,0.0002822138,0.02040834,0.95083946,0.0003263172
/home/share/Uni_Eval/HAM10000_clean/ISIC2018/ISIC_0026006.jpg,5,5,0.00040758192,0.10759327,0.021839458,0.00064818386,0.021961065,0.8423082,0.0052422993
/home/share/Uni_Eval/HAM10000_clean/ISIC2018/ISIC_0032364.jpg,5,5,0.0011530397,0.00011061103,0.33692956,0.00053059985,0.22520837,0.4360604,7.436097e-06
/home/share/Uni_Eval/HAM10000_clean/ISIC2018/ISIC_0032078.jpg,5,5,0.00070574944,7.086005e-05,0.06311708,0.00066060864,0.00708781,0.92820305,0.00015488139
/home/share/Uni_Eval/HAM10000_clean/ISIC2018/ISIC_0027049.jpg,5,5,0.0004264377,0.0005023678,0.0063383738,0.0008944078,0.0033801016,0.9883627,9.554686e-05
/home/share/Uni_Eval/HAM10000_clean/ISIC2018/ISIC_0028966.jpg,5,5,5.801023e-05,0.00012845498,0.0027010061,0.00025975532,0.0077618733,0.9890514,3.949071e-05
/home/share/Uni_Eval/HAM10000_clean/ISIC2018/ISIC_0032443.jpg,5,5,5.546122e-06,6.860339e-06,0.0006873512,3.2597734e-05,0.002315601,0.9969506,1.4472988e-06
/home/share/Uni_Eval/HAM10000_clean/ISIC2018/ISIC_0028527.jpg,5,2,0.015804673,0.00445985,0.34206635,0.007996298,0.2902973,0.339149,0.00022653586
/home/share/Uni_Eval/HAM10000_clean/ISIC2018/ISIC_0025863.jpg,5,5,3.3748936e-05,3.6128713e-05,0.014531408,0.00020262941,0.018442854,0.96673846,1.4838115e-05
/home/share/Uni_Eval/HAM10000_clean/ISIC2018/ISIC_0024387.jpg,5,5,0.00018279455,0.00013542874,0.0051333783,0.00049090147,0.07508437,0.918956,1.7215665e-05
/home/share/Uni_Eval/HAM10000_clean/ISIC2018/ISIC_0024924.jpg,5,5,0.0037524956,0.0028483656,0.042685084,0.00045448588,0.43414697,0.51573455,0.00037804124
/home/share/Uni_Eval/HAM10000_clean/ISIC2018/ISIC_0027099.jpg,5,5,0.0010725922,0.002617636,0.14009295,0.0006529478,0.043184962,0.8117915,0.00058748014
/home/share/Uni_Eval/HAM10000_clean/ISIC2018/ISIC_0030125.jpg,5,5,0.007216618,0.02211518,0.007486536,0.0128989015,0.113107115,0.8241248,0.013050887
/home/share/Uni_Eval/HAM10000_clean/ISIC2018/ISIC_0026911.jpg,5,5,0.0005535763,0.00091562985,0.0018301221,0.0008747809,0.020746853,0.9748437,0.00023532803
/home/share/Uni_Eval/HAM10000_clean/ISIC2018/ISIC_0030464.jpg,5,5,0.00012090077,1.6427699e-05,0.0015353858,0.0003777643,0.013944569,0.9839894,1.5638525e-05
/home/share/Uni_Eval/HAM10000_clean/ISIC2018/ISIC_0026781.jpg,5,5,7.682664e-05,0.00016862761,0.0051201303,0.0001460304,0.005805676,0.98867947,3.2560752e-06
/home/share/Uni_Eval/HAM10000_clean/ISIC2018/ISIC_0032309.jpg,5,5,0.0077806376,0.046200767,0.10664117,0.011075391,0.08925986,0.7385742,0.0004679271
/home/share/Uni_Eval/HAM10000_clean/ISIC2018/ISIC_0029194.jpg,5,5,8.6528635e-06,0.0007725681,0.0032891275,0.0005905427,0.0063057905,0.9798656,0.009167595
/home/share/Uni_Eval/HAM10000_clean/ISIC2018/ISIC_0027034.jpg,5,5,0.0011180406,0.00014429289,0.018061042,0.0012479867,0.08141402,0.8973999,0.00061468786
/home/share/Uni_Eval/HAM10000_clean/ISIC2018/ISIC_0025094.jpg,5,5,0.004239362,0.005374672,0.04502789,0.0005039838,0.046037376,0.89736307,0.0014536462
/home/share/Uni_Eval/HAM10000_clean/ISIC2018/ISIC_0031713.jpg,5,5,0.0004908326,0.0004688163,0.022485754,0.00012682992,0.06072839,0.9155417,0.00015760624
/home/share/Uni_Eval/HAM10000_clean/ISIC2018/ISIC_0027645.jpg,5,5,0.00045175955,0.036974832,0.041195516,0.00041041957,0.036229853,0.8825952,0.0021424186
/home/share/Uni_Eval/HAM10000_clean/ISIC2018/ISIC_0030979.jpg,5,5,0.00019818055,0.00014315745,0.017742684,6.9074486e-05,0.08864422,0.89314044,6.22205e-05
/home/share/Uni_Eval/HAM10000_clean/ISIC2018/ISIC_0028831.jpg,5,5,0.0005594374,0.002990591,0.014006451,0.00034227315,0.3707488,0.61122406,0.00012837765
/home/share/Uni_Eval/HAM10000_clean/ISIC2018/ISIC_0030053.jpg,5,5,0.0008200977,0.003137343,0.057687104,0.00028671263,0.26760623,0.67012763,0.0003348386
/home/share/Uni_Eval/HAM10000_clean/ISIC2018/ISIC_0025671.jpg,5,5,0.00028164586,7.059031e-05,0.003909356,1.0675186e-06,0.0031880117,0.99253017,1.9143661e-05
/home/share/Uni_Eval/HAM10000_clean/ISIC2018/ISIC_0026608.jpg,5,4,0.00097536587,0.0002712646,0.055726938,3.9826755e-05,0.5856053,0.35732293,5.830063e-05
/home/share/Uni_Eval/HAM10000_clean/ISIC2018/ISIC_0030334.jpg,5,4,0.0020924194,0.0006862516,0.13794522,1.5312322e-05,0.722802,0.13635924,9.951815e-05
/home/share/Uni_Eval/HAM10000_clean/ISIC2018/ISIC_0030473.jpg,5,5,4.2560747e-05,2.4006082e-05,0.0033974692,9.46472e-05,0.17601609,0.82041204,1.3247837e-05
/home/share/Uni_Eval/HAM10000_clean/ISIC2018/ISIC_0030350.jpg,5,5,0.0022351893,0.16430038,0.011939852,0.0012182527,0.0022176437,0.8148272,0.0032614383
/home/share/Uni_Eval/HAM10000_clean/ISIC2018/ISIC_0028823.jpg,5,5,0.0003501948,0.12851809,0.011205741,0.013450296,0.013788157,0.8283753,0.0043122317
/home/share/Uni_Eval/HAM10000_clean/ISIC2018/ISIC_0024317.jpg,5,5,0.0010234452,6.912663e-05,0.027410418,0.0025434927,0.10926478,0.85966593,2.2836779e-05
/home/share/Uni_Eval/HAM10000_clean/ISIC2018/ISIC_0033356.jpg,5,5,0.0007356634,0.0018655129,0.024850734,0.0029692608,0.018643197,0.9507336,0.0002019101
/home/share/Uni_Eval/HAM10000_clean/ISIC2018/ISIC_0026544.jpg,5,3,0.13364072,0.29317716,0.09697689,0.314005,0.02468124,0.13563493,0.0018840308
/home/share/Uni_Eval/HAM10000_clean/ISIC2018/ISIC_0032470.jpg,5,1,0.03505387,0.4862241,0.14602406,0.17530806,0.035344545,0.12163143,0.00041391762
/home/share/Uni_Eval/HAM10000_clean/ISIC2018/ISIC_0025049.jpg,5,5,0.0003763441,0.0006197378,0.011067115,0.00022026402,0.01237148,0.97534025,4.9226846e-06
/home/share/Uni_Eval/HAM10000_clean/ISIC2018/ISIC_0026432.jpg,5,5,0.00017064475,0.0068946886,0.0020449718,0.0024010486,0.13916291,0.84816104,0.0011647275
/home/share/Uni_Eval/HAM10000_clean/ISIC2018/ISIC_0030462.jpg,5,5,6.863668e-05,0.00012448354,0.0025315753,2.3812472e-05,0.11120999,0.88602674,1.4791298e-05
/home/share/Uni_Eval/HAM10000_clean/ISIC2018/ISIC_0032527.jpg,5,5,8.733752e-05,0.0004936714,0.002509388,0.00095212396,0.0075936764,0.9881455,0.00021828353
/home/share/Uni_Eval/HAM10000_clean/ISIC2018/ISIC_0033963.jpg,5,5,0.009880484,0.0014813018,0.092541315,0.0016240464,0.28045017,0.61367524,0.00034740867
/home/share/Uni_Eval/HAM10000_clean/ISIC2018/ISIC_0032924.jpg,5,5,0.002426571,0.0011112482,0.08343702,0.00042881773,0.3761081,0.5363751,0.0001132331
/home/share/Uni_Eval/HAM10000_clean/ISIC2018/ISIC_0030845.jpg,5,5,0.00040092153,0.00048773628,0.0012617187,4.596871e-05,0.03135838,0.9663924,5.2810352e-05
/home/share/Uni_Eval/HAM10000_clean/ISIC2018/ISIC_0033561.jpg,5,5,0.0003558662,0.0038458959,0.14407754,0.00072095485,0.28352883,0.56721234,0.00025851512
/home/share/Uni_Eval/HAM10000_clean/ISIC2018/ISIC_0025619.jpg,5,5,0.0016441046,0.012629572,0.08873857,9.9666984e-05,0.027159227,0.8670308,0.002698074
/home/share/Uni_Eval/HAM10000_clean/ISIC2018/ISIC_0034290.jpg,5,5,0.0014610072,0.007457267,0.115510814,0.015086646,0.1261584,0.7303337,0.0039921966
/home/share/Uni_Eval/HAM10000_clean/ISIC2018/ISIC_0033165.jpg,5,5,0.00015296879,0.0049271705,0.06294497,0.0038747326,0.18024686,0.74148023,0.006373096
/home/share/Uni_Eval/HAM10000_clean/ISIC2018/ISIC_0033767.jpg,5,5,0.00013752108,0.00087543746,0.002068125,0.0009956785,0.0030630738,0.9873669,0.0054931976
/home/share/Uni_Eval/HAM10000_clean/ISIC2018/ISIC_0032590.jpg,5,5,0.0006978722,0.0014147157,0.0013624143,0.00021509838,0.033733174,0.95744723,0.005129429
/home/share/Uni_Eval/HAM10000_clean/ISIC2018/ISIC_0033549.jpg,5,5,0.00043426338,0.0058950502,0.021275554,0.00065180025,0.19869402,0.76895416,0.0040950426
/home/share/Uni_Eval/HAM10000_clean/ISIC2018/ISIC_0032953.jpg,5,5,5.7791738e-05,0.0026929637,0.0039210483,0.0009993496,0.0047689825,0.9688362,0.01872364
/home/share/Uni_Eval/HAM10000_clean/ISIC2018/ISIC_0031904.jpg,5,5,0.0008306596,0.0009400872,0.0050703287,0.00271923,0.011681552,0.9787548,3.2615199e-06
/home/share/Uni_Eval/HAM10000_clean/ISIC2018/ISIC_0033511.jpg,5,5,0.00020374126,0.0011680557,0.0032884306,0.00023894667,0.050350886,0.94471776,3.2163738e-05
/home/share/Uni_Eval/HAM10000_clean/ISIC2018/ISIC_0025978.jpg,5,5,0.00017756937,0.0074278205,0.040256582,0.001056991,0.017622214,0.93293065,0.00052816275
/home/share/Uni_Eval/HAM10000_clean/ISIC2018/ISIC_0027654.jpg,5,5,0.0027268264,0.021726927,0.33559272,0.0013022701,0.014085472,0.44839054,0.17617524
/home/share/Uni_Eval/HAM10000_clean/ISIC2018/ISIC_0025421.jpg,5,5,0.0020377224,0.0031059806,0.070709966,0.001684058,0.18169054,0.73384804,0.0069238166
/home/share/Uni_Eval/HAM10000_clean/ISIC2018/ISIC_0024730.jpg,5,5,0.0006906951,0.00015151245,0.015599255,8.034143e-05,0.117882274,0.8654764,0.00011937151
/home/share/Uni_Eval/HAM10000_clean/ISIC2018/ISIC_0031988.jpg,5,5,0.0003487044,0.002927886,0.020883836,0.0005646353,0.083633445,0.89156324,7.817203e-05
/home/share/Uni_Eval/HAM10000_clean/ISIC2018/ISIC_0026084.jpg,5,5,0.0067356084,0.07732644,0.053024117,0.0038988434,0.27887055,0.5797234,0.00042109337
/home/share/Uni_Eval/HAM10000_clean/ISIC2018/ISIC_0030085.jpg,5,5,0.0015902574,0.0016885749,0.04932116,0.00013386247,0.31989446,0.6272872,8.452026e-05
/home/share/Uni_Eval/HAM10000_clean/ISIC2018/ISIC_0031757.jpg,5,5,0.0008528618,0.00027491635,0.086205594,9.4739014e-05,0.004517666,0.908036,1.8236788e-05
/home/share/Uni_Eval/HAM10000_clean/ISIC2018/ISIC_0025117.jpg,5,5,0.00080110517,0.022854632,0.011417359,0.00772727,0.0060555567,0.89679456,0.054349493
/home/share/Uni_Eval/HAM10000_clean/ISIC2018/ISIC_0032641.jpg,5,5,0.0034266594,0.012022966,0.01084622,0.0040063793,0.13521935,0.8340763,0.00040210754
/home/share/Uni_Eval/HAM10000_clean/ISIC2018/ISIC_0032743.jpg,5,5,2.9288169e-05,2.2484378e-06,0.005335632,5.91924e-05,0.104121655,0.89043593,1.598944e-05
/home/share/Uni_Eval/HAM10000_clean/ISIC2018/ISIC_0033157.jpg,5,5,3.9932835e-05,6.735909e-06,0.0027669098,9.1265625e-05,0.0056626652,0.9914267,5.766069e-06
/home/share/Uni_Eval/HAM10000_clean/ISIC2018/ISIC_0032623.jpg,5,5,0.0002214367,0.00013255075,0.028907945,0.00022228346,0.058683902,0.91177034,6.1535866e-05
/home/share/Uni_Eval/HAM10000_clean/ISIC2018/ISIC_0032595.jpg,5,5,9.6343436e-05,0.00043377854,0.005771542,0.00023447508,0.024722327,0.9686471,9.437633e-05
/home/share/Uni_Eval/HAM10000_clean/ISIC2018/ISIC_0034281.jpg,5,5,0.0007371229,0.013800516,0.013366915,0.0027830242,0.048862748,0.9193546,0.0010950363
/home/share/Uni_Eval/HAM10000_clean/ISIC2018/ISIC_0032957.jpg,5,5,0.00020357153,0.0013956245,0.0027184386,6.1500636e-05,0.0063353195,0.9886867,0.00059887464
/home/share/Uni_Eval/HAM10000_clean/ISIC2018/ISIC_0033070.jpg,5,5,0.0026876568,0.0030932305,0.0331304,0.0047972426,0.03672068,0.91925055,0.00032027
/home/share/Uni_Eval/HAM10000_clean/ISIC2018/ISIC_0032742.jpg,5,5,6.757848e-05,2.5287733e-05,0.016351927,9.4509254e-05,0.12602444,0.8574071,2.9143885e-05
/home/share/Uni_Eval/HAM10000_clean/ISIC2018/ISIC_0034112.jpg,5,5,9.379301e-05,2.4309582e-05,0.003509336,7.0710965e-05,0.17396936,0.8223231,9.447101e-06
/home/share/Uni_Eval/HAM10000_clean/ISIC2018/ISIC_0033409.jpg,5,5,2.856114e-05,5.6865923e-05,0.0036888467,0.00021173597,0.040387135,0.95516384,0.0004629593
/home/share/Uni_Eval/HAM10000_clean/ISIC2018/ISIC_0034184.jpg,5,5,0.0034861437,0.004166427,0.041604307,0.007174158,0.06015718,0.88227034,0.0011414677
/home/share/Uni_Eval/HAM10000_clean/ISIC2018/ISIC_0033471.jpg,5,4,0.0017367656,0.00091133715,0.057422783,0.00017103669,0.76925725,0.17040233,9.850947e-05
/home/share/Uni_Eval/HAM10000_clean/ISIC2018/ISIC_0032568.jpg,5,5,0.00020264088,0.00032569387,0.025426088,0.0022303937,0.021857759,0.9499309,2.651252e-05
/home/share/Uni_Eval/HAM10000_clean/ISIC2018/ISIC_0032516.jpg,5,5,0.0032081313,0.011409687,0.029724782,0.003314982,0.073628336,0.87856084,0.00015325996
/home/share/Uni_Eval/HAM10000_clean/ISIC2018/ISIC_0034102.jpg,5,5,0.00012714825,0.00035653453,0.0036745195,0.00030455238,0.11857019,0.87624305,0.00072390045
/home/share/Uni_Eval/HAM10000_clean/ISIC2018/ISIC_0033988.jpg,5,5,0.00062174205,0.0015608153,0.021889761,0.0023026548,0.024995262,0.9485825,4.721356e-05
/home/share/Uni_Eval/HAM10000_clean/ISIC2018/ISIC_0032859.jpg,5,5,0.00061460846,0.00061444525,0.02677586,0.0012749931,0.0040377127,0.96666044,2.201685e-05
/home/share/Uni_Eval/HAM10000_clean/ISIC2018/ISIC_0032728.jpg,5,5,8.0851146e-07,2.1436308e-06,0.0003870901,1.9617182e-06,0.001712664,0.9978884,7.0633205e-06
/home/share/Uni_Eval/HAM10000_clean/ISIC2018/ISIC_0032802.jpg,5,5,0.00040762365,0.00019152094,0.006618667,0.0024106666,0.018410644,0.9715664,0.0003944883
/home/share/Uni_Eval/HAM10000_clean/ISIC2018/ISIC_0033222.jpg,5,4,0.0038982641,0.0033507678,0.013680574,0.0005073433,0.7460171,0.23253055,1.5386931e-05
/home/share/Uni_Eval/HAM10000_clean/ISIC2018/ISIC_0032546.jpg,5,5,0.0020710782,0.011652796,0.2348803,0.00023394717,0.15285611,0.5982956,1.0151047e-05
/home/share/Uni_Eval/HAM10000_clean/ISIC2018/ISIC_0032521.jpg,5,5,0.0007226905,0.0008505198,0.0050471444,0.00134871,0.05439053,0.93626004,0.0013803863
/home/share/Uni_Eval/HAM10000_clean/ISIC2018/ISIC_0033618.jpg,5,5,0.00067576574,0.009178931,0.0066114306,4.7773316e-05,0.34954992,0.6326149,0.0013212025
/home/share/Uni_Eval/HAM10000_clean/ISIC2018/ISIC_0033016.jpg,5,5,0.0007378231,0.008770373,0.004696504,8.55465e-05,0.36706638,0.6184615,0.00018196965
/home/share/Uni_Eval/HAM10000_clean/ISIC2018/ISIC_0032895.jpg,5,5,0.0002547855,5.454624e-05,0.022241343,0.0003686152,0.053833615,0.92319626,5.0826442e-05
/home/share/Uni_Eval/HAM10000_clean/ISIC2018/ISIC_0033237.jpg,5,5,0.0012981896,0.0012440811,0.09871343,0.00048445814,0.19260687,0.70556074,9.220447e-05
/home/share/Uni_Eval/HAM10000_clean/ISIC2018/ISIC_0033373.jpg,5,2,0.0024550012,0.02321017,0.5842253,0.0011129173,0.053793307,0.331447,0.003756329
/home/share/Uni_Eval/HAM10000_clean/ISIC2018/ISIC_0033411.jpg,5,5,0.0014221057,0.010122923,0.06716802,0.0023895588,0.05292744,0.86592513,4.4836113e-05
/home/share/Uni_Eval/HAM10000_clean/ISIC2018/ISIC_0033824.jpg,5,5,6.911056e-05,0.00022376196,0.009424365,0.00042691606,0.0915848,0.8980357,0.0002353788
/home/share/Uni_Eval/HAM10000_clean/ISIC2018/ISIC_0032838.jpg,5,5,0.00010729319,0.00013926171,0.006296365,0.00016607375,0.09509613,0.89817464,2.0256712e-05
/home/share/Uni_Eval/HAM10000_clean/ISIC2018/ISIC_0034307.jpg,5,5,0.00026041662,0.00043644154,0.00946997,0.002777483,0.07260854,0.914403,4.4172328e-05
/home/share/Uni_Eval/HAM10000_clean/ISIC2018/ISIC_0034137.jpg,5,5,0.0011585746,0.00036514172,0.025212241,0.003015032,0.09679598,0.8734433,9.662737e-06
/home/share/Uni_Eval/HAM10000_clean/ISIC2018/ISIC_0033972.jpg,5,5,0.029012391,0.061891533,0.2802989,0.012705297,0.044888563,0.57116586,3.74709e-05
/home/share/Uni_Eval/HAM10000_clean/ISIC2018/ISIC_0033367.jpg,5,5,0.012618376,0.046233308,0.30121666,0.28448144,0.04022833,0.3148778,0.00034402378
/home/share/Uni_Eval/HAM10000_clean/ISIC2018/ISIC_0033289.jpg,5,4,0.003229789,0.0002691383,0.14986828,0.00076294073,0.5734577,0.27240384,8.306068e-06
/home/share/Uni_Eval/HAM10000_clean/ISIC2018/ISIC_0033283.jpg,5,5,0.00054775673,0.00015442396,0.07450036,0.0013125704,0.40562546,0.5178118,4.7604524e-05
/home/share/Uni_Eval/HAM10000_clean/ISIC2018/ISIC_0034179.jpg,5,5,0.002661513,0.0007866259,0.01604013,0.013641953,0.039558202,0.9243305,0.0029811
/home/share/Uni_Eval/HAM10000_clean/ISIC2018/ISIC_0033983.jpg,5,5,0.00030289986,0.00018250699,0.007050085,0.00010728746,0.21422559,0.77811825,1.32746845e-05
/home/share/Uni_Eval/HAM10000_clean/ISIC2018/ISIC_0032541.jpg,5,5,0.00014096199,0.0017056132,0.0045964443,0.00027907916,0.041596323,0.95130205,0.00037958854
/home/share/Uni_Eval/HAM10000_clean/ISIC2018/ISIC_0033961.jpg,5,5,0.00024497783,4.6740035e-05,0.00070902746,2.3123966e-05,0.0879007,0.9110173,5.814074e-05
/home/share/Uni_Eval/HAM10000_clean/ISIC2018/ISIC_0033702.jpg,5,5,0.000106188716,6.187238e-05,0.0012122467,4.623817e-05,0.14648698,0.8519852,0.00010134859
/home/share/Uni_Eval/HAM10000_clean/ISIC2018/ISIC_0032942.jpg,5,5,2.0659494e-05,0.000122001446,0.00024016811,8.2846615e-05,0.011556937,0.98795366,2.3777666e-05
/home/share/Uni_Eval/HAM10000_clean/ISIC2018/ISIC_0034153.jpg,5,2,0.023648487,0.07480656,0.62667006,0.0013917476,0.10927938,0.16389327,0.00031045647
/home/share/Uni_Eval/HAM10000_clean/ISIC2018/ISIC_0032860.jpg,5,6,0.001049446,0.044493023,0.05639071,0.009931085,0.2268928,0.010150469,0.65109247
/home/share/Uni_Eval/HAM10000_clean/ISIC2018/ISIC_0034116.jpg,5,5,0.00030680926,0.0008065021,0.0014540668,0.00012347497,0.100590594,0.8967025,1.6037371e-05
/home/share/Uni_Eval/HAM10000_clean/ISIC2018/ISIC_0034060.jpg,5,5,4.1552907e-05,4.722827e-05,0.0007050614,0.00046299974,0.021973917,0.9763357,0.00043357885
/home/share/Uni_Eval/HAM10000_clean/ISIC2018/ISIC_0033213.jpg,5,5,0.0010294272,0.001440819,0.11466,0.0026583541,0.13835299,0.7416818,0.00017662419
/home/share/Uni_Eval/HAM10000_clean/ISIC2018/ISIC_0033897.jpg,5,5,0.0008084838,0.00057270465,0.0056545944,0.00061492063,0.031711403,0.96035427,0.00028359398
/home/share/Uni_Eval/HAM10000_clean/ISIC2018/ISIC_0032908.jpg,5,5,0.001367986,0.03323203,0.046207666,0.00047078924,0.113635525,0.80501014,7.5917575e-05
/home/share/Uni_Eval/HAM10000_clean/ISIC2018/ISIC_0034203.jpg,5,5,0.027861705,0.3194265,0.028939713,0.017196175,0.020325212,0.5643759,0.021874731
/home/share/Uni_Eval/HAM10000_clean/ISIC2018/ISIC_0032746.jpg,5,4,0.0030944333,0.013479867,0.07309723,0.0010084325,0.78843325,0.120756745,0.00013005959
/home/share/Uni_Eval/HAM10000_clean/ISIC2018/ISIC_0034121.jpg,5,5,0.00017414706,0.0036843435,0.055382583,0.00066740107,0.09313073,0.84618574,0.0007751086
/home/share/Uni_Eval/HAM10000_clean/ISIC2018/ISIC_0034240.jpg,5,5,3.4017718e-05,1.9235972e-06,0.00075816625,3.5859288e-05,0.017121384,0.98204386,4.9148703e-06
/home/share/Uni_Eval/HAM10000_clean/ISIC2018/ISIC_0032820.jpg,5,5,7.203383e-05,7.662208e-05,0.00018658706,3.531094e-05,0.024840036,0.97478783,1.6411427e-06
/home/share/Uni_Eval/HAM10000_clean/ISIC2018/ISIC_0034148.jpg,5,5,0.001322748,0.00088344514,0.02229888,0.00019597377,0.17514189,0.7999994,0.00015768455
/home/share/Uni_Eval/HAM10000_clean/ISIC2018/ISIC_0033566.jpg,5,5,0.04322048,0.0015834867,0.33393306,0.002384323,0.1045664,0.51187116,0.0024411075
/home/share/Uni_Eval/HAM10000_clean/ISIC2018/ISIC_0033447.jpg,5,5,0.00015058237,0.0012327316,0.0039003212,0.0006217604,0.07522325,0.91668534,0.0021859528
/home/share/Uni_Eval/HAM10000_clean/ISIC2018/ISIC_0033282.jpg,5,5,0.0004257432,0.004305003,0.049083486,0.015030652,0.049114704,0.8806357,0.001404769
/home/share/Uni_Eval/HAM10000_clean/ISIC2018/ISIC_0034084.jpg,5,5,0.00035737868,0.0014168719,0.008651753,0.0021492327,0.016471349,0.96962065,0.001332784
/home/share/Uni_Eval/HAM10000_clean/ISIC2018/ISIC_0034176.jpg,5,5,0.0069548935,0.015484181,0.06522434,0.0020971554,0.015902633,0.8893234,0.0050133043
/home/share/Uni_Eval/HAM10000_clean/ISIC2018/ISIC_0033104.jpg,5,4,0.002469095,0.0006135756,0.024875687,0.003698477,0.5088077,0.4587228,0.00081271917
/home/share/Uni_Eval/HAM10000_clean/ISIC2018/ISIC_0034213.jpg,5,5,0.0033238642,0.008731409,0.0015847638,0.0002979998,0.016845778,0.9670055,0.0022107991
/home/share/Uni_Eval/HAM10000_clean/ISIC2018/ISIC_0026279.jpg,5,5,0.0009690317,0.00013849749,0.005913077,2.444381e-05,0.25686532,0.73562205,0.0004676074
/home/share/Uni_Eval/HAM10000_clean/ISIC2018/ISIC_0032601.jpg,5,5,0.00042189864,0.004691421,0.0053053168,0.00045807738,0.05203742,0.93693453,0.00015145709
/home/share/Uni_Eval/HAM10000_clean/ISIC2018/ISIC_0033940.jpg,5,5,0.0011225645,0.00041049352,0.024910102,0.00034949745,0.06336746,0.9097801,5.9798465e-05
/home/share/Uni_Eval/HAM10000_clean/ISIC2018/ISIC_0032649.jpg,5,5,0.00013655459,9.2938666e-05,0.0041654026,0.00010319957,0.024941737,0.97053784,2.2345712e-05
/home/share/Uni_Eval/HAM10000_clean/ISIC2018/ISIC_0025769.jpg,5,5,0.00014794001,0.004048611,0.0068411436,0.003599876,0.027414294,0.95688576,0.0010624247
/home/share/Uni_Eval/HAM10000_clean/ISIC2018/ISIC_0033978.jpg,5,5,0.0010927718,0.00022768379,0.057985943,0.0017664495,0.11377977,0.82511413,3.317609e-05
/home/share/Uni_Eval/HAM10000_clean/ISIC2018/ISIC_0032819.jpg,5,5,0.020034509,0.008253245,0.033111874,0.0073753186,0.1534471,0.7777493,2.8776007e-05
/home/share/Uni_Eval/HAM10000_clean/ISIC2018/ISIC_0033552.jpg,5,4,0.0010200434,3.9750546e-05,0.24238686,0.00037923382,0.5675224,0.18862037,3.132943e-05
/home/share/Uni_Eval/HAM10000_clean/ISIC2018/ISIC_0034310.jpg,5,4,0.00137158,9.1458925e-05,0.19140004,0.0010695596,0.50603503,0.30002034,1.19867145e-05
/home/share/Uni_Eval/HAM10000_clean/ISIC2018/ISIC_0033083.jpg,5,5,0.0006764509,7.4741765e-05,0.054445487,0.00013296983,0.043768022,0.89859307,0.0023092595
/home/share/Uni_Eval/HAM10000_clean/ISIC2018/ISIC_0033244.jpg,5,5,0.012603156,0.14491418,0.17717984,0.015914006,0.12948307,0.51945996,0.00044572793
/home/share/Uni_Eval/HAM10000_clean/ISIC2018/ISIC_0034004.jpg,5,5,0.0011036182,0.06843784,0.043248627,0.023833323,0.0918014,0.6885272,0.08304798
/home/share/Uni_Eval/HAM10000_clean/ISIC2018/ISIC_0032737.jpg,5,5,0.0013303064,0.026130341,0.0646377,0.0012844815,0.19592077,0.70969814,0.0009981529
/home/share/Uni_Eval/HAM10000_clean/ISIC2018/ISIC_0033010.jpg,5,5,8.745078e-06,6.558358e-07,0.0020039126,0.0001876046,0.010664076,0.9871296,5.3246436e-06
/home/share/Uni_Eval/HAM10000_clean/ISIC2018/ISIC_0034127.jpg,5,5,0.0007056887,0.00021458931,0.058571648,0.00040572247,0.39420712,0.5458346,6.065253e-05
/home/share/Uni_Eval/HAM10000_clean/ISIC2018/ISIC_0032792.jpg,5,5,8.685804e-06,2.8187653e-06,0.0010466783,8.230788e-06,0.002174008,0.996745,1.4622954e-05
/home/share/Uni_Eval/HAM10000_clean/ISIC2018/ISIC_0034187.jpg,5,5,0.007570668,0.0002688614,0.46608052,0.004463443,0.0468296,0.47077268,0.004014202
/home/share/Uni_Eval/HAM10000_clean/ISIC2018/ISIC_0034251.jpg,5,5,0.00060541014,0.0025243438,0.14667012,0.00052233064,0.023371654,0.8111191,0.015187067
/home/share/Uni_Eval/HAM10000_clean/ISIC2018/ISIC_0033673.jpg,5,5,0.002579998,0.0007007239,0.115426265,0.0034982222,0.10945932,0.7682736,6.194422e-05
/home/share/Uni_Eval/HAM10000_clean/ISIC2018/ISIC_0033932.jpg,5,5,0.00036958593,0.00016911405,0.021161994,0.00036843235,0.17208223,0.80537486,0.00047381112
/home/share/Uni_Eval/HAM10000_clean/ISIC2018/ISIC_0032593.jpg,5,5,0.00016201077,6.0677652e-05,0.00040455454,9.126891e-05,0.06799242,0.9312035,8.558088e-05
/home/share/Uni_Eval/HAM10000_clean/ISIC2018/ISIC_0031290.jpg,5,5,0.00682687,0.0004858141,0.009754888,0.00020676774,0.033015423,0.9494945,0.00021573192
/home/share/Uni_Eval/HAM10000_clean/ISIC2018/ISIC_0033703.jpg,5,5,0.0005468109,0.0016590321,0.20108476,0.0005190123,0.31597352,0.48019406,2.2784658e-05
/home/share/Uni_Eval/HAM10000_clean/ISIC2018/ISIC_0033574.jpg,5,5,0.00021956742,8.961794e-05,0.0037140911,0.0006320958,0.04329025,0.9520495,4.9551772e-06
/home/share/Uni_Eval/HAM10000_clean/ISIC2018/ISIC_0032846.jpg,5,5,0.0018252402,0.0017254816,0.05754698,0.0015021442,0.13465324,0.8027033,4.360503e-05
/home/share/Uni_Eval/HAM10000_clean/ISIC2018/ISIC_0033994.jpg,5,5,0.0016303383,0.0010734326,0.0117986025,0.00085052603,0.016970271,0.96584445,0.0018323689
/home/share/Uni_Eval/HAM10000_clean/ISIC2018/ISIC_0032760.jpg,5,5,0.0015231596,0.003098405,0.020799644,0.0035706817,0.032869373,0.93424505,0.003893655
/home/share/Uni_Eval/HAM10000_clean/ISIC2018/ISIC_0034271.jpg,5,5,0.0026097205,0.0040059313,0.049252354,0.0035319652,0.010136704,0.92946863,0.0009946199
/home/share/Uni_Eval/HAM10000_clean/ISIC2018/ISIC_0032670.jpg,5,5,0.0001561327,0.0041624727,0.00822818,0.0003929595,0.0064245,0.9795259,0.0011098582
/home/share/Uni_Eval/HAM10000_clean/ISIC2018/ISIC_0033441.jpg,5,5,0.00022174024,0.0026430213,0.001977106,5.3868855e-05,0.009462501,0.9851656,0.00047615942
/home/share/Uni_Eval/HAM10000_clean/ISIC2018/ISIC_0032663.jpg,5,4,0.005289972,0.0029891976,0.030739412,0.00013180934,0.49938622,0.4578872,0.003576187
/home/share/Uni_Eval/HAM10000_clean/ISIC2018/ISIC_0034272.jpg,5,5,0.0014835432,0.004707984,0.06912933,0.01020245,0.0031058672,0.9089265,0.0024442459
/home/share/Uni_Eval/HAM10000_clean/ISIC2018/ISIC_0032911.jpg,5,5,0.00067627244,0.0023809941,0.09760019,0.008880794,0.014333367,0.8749659,0.0011625246
/home/share/Uni_Eval/HAM10000_clean/ISIC2018/ISIC_0033926.jpg,5,5,0.00031864198,0.00017743648,0.05198038,0.0013172644,0.095745966,0.85043675,2.3536584e-05
/home/share/Uni_Eval/HAM10000_clean/ISIC2018/ISIC_0033835.jpg,5,5,4.04658e-05,1.6161615e-05,0.0011254965,0.0001833636,0.012211797,0.9863945,2.8275314e-05
/home/share/Uni_Eval/HAM10000_clean/ISIC2018/ISIC_0033109.jpg,5,5,0.0007101508,0.0020390495,0.0044134213,0.013876094,0.05292478,0.92449176,0.0015447913
/home/share/Uni_Eval/HAM10000_clean/ISIC2018/ISIC_0033396.jpg,5,5,0.02740295,0.0112424595,0.08007711,0.002143309,0.08607235,0.79229313,0.0007687253
/home/share/Uni_Eval/HAM10000_clean/ISIC2018/ISIC_0032752.jpg,5,5,0.000493714,6.369052e-05,0.4182874,0.0006844666,0.04071405,0.5397546,1.995174e-06
/home/share/Uni_Eval/HAM10000_clean/ISIC2018/ISIC_0032539.jpg,5,5,0.00055833184,0.00048413692,0.09673608,0.0020031333,0.06793031,0.8322708,1.7145076e-05
/home/share/Uni_Eval/HAM10000_clean/ISIC2018/ISIC_0033329.jpg,5,5,0.00036469934,0.00038239665,0.0061227535,0.0006460937,0.014470978,0.9779926,2.0493462e-05
/home/share/Uni_Eval/HAM10000_clean/ISIC2018/ISIC_0034181.jpg,5,5,0.00011088647,6.9472284e-05,0.0040021325,0.00031451392,0.0063746036,0.98908746,4.09686e-05
/home/share/Uni_Eval/HAM10000_clean/ISIC2018/ISIC_0033197.jpg,5,5,0.0003735517,0.00072686496,0.008809506,0.00034568587,0.12246959,0.86713064,0.00014416764
/home/share/Uni_Eval/HAM10000_clean/ISIC2018/ISIC_0034171.jpg,5,5,0.00022223656,0.00079047703,0.0030672653,0.00019817035,0.06396834,0.9316455,0.00010798755
/home/share/Uni_Eval/HAM10000_clean/ISIC2018/ISIC_0032952.jpg,5,5,3.8728696e-05,5.301049e-06,0.0004989409,1.38217365e-05,0.01122435,0.9880425,0.00017642575
/home/share/Uni_Eval/HAM10000_clean/ISIC2018/ISIC_0033250.jpg,5,5,0.006424417,0.04419632,0.13247657,0.02956319,0.0743489,0.6611796,0.051810917
/home/share/Uni_Eval/HAM10000_clean/ISIC2018/ISIC_0032720.jpg,5,5,3.0160985e-05,0.00042748626,0.0011058712,0.0013223906,0.0140455915,0.9822756,0.00079294766
/home/share/Uni_Eval/HAM10000_clean/ISIC2018/ISIC_0033153.jpg,5,5,0.0005827265,0.0002979381,0.059809636,0.005646948,0.020632446,0.91283953,0.00019084774
/home/share/Uni_Eval/HAM10000_clean/ISIC2018/ISIC_0033757.jpg,5,2,0.0008068418,2.2498725e-05,0.5167268,0.00061877543,0.29769778,0.18359056,0.0005367372
/home/share/Uni_Eval/HAM10000_clean/ISIC2018/ISIC_0030626.jpg,5,5,0.005988099,0.0014152663,0.088893086,0.000107641856,0.3471916,0.55639094,1.3319258e-05
/home/share/Uni_Eval/HAM10000_clean/ISIC2018/ISIC_0031163.jpg,5,5,0.002117043,0.0006803897,0.08022148,0.00014725843,0.18923983,0.7275834,1.063626e-05
/home/share/Uni_Eval/HAM10000_clean/ISIC2018/ISIC_0029775.jpg,5,4,8.5797226e-05,0.00086729723,0.0035228275,6.4262706e-05,0.54159755,0.42776895,0.026093302
/home/share/Uni_Eval/HAM10000_clean/ISIC2018/ISIC_0031411.jpg,5,5,0.0019110984,0.00013625676,0.054705117,0.00063336064,0.2221066,0.720499,8.611207e-06
/home/share/Uni_Eval/HAM10000_clean/ISIC2018/ISIC_0026427.jpg,5,5,9.779227e-05,0.022536002,0.011034746,0.0018453576,0.061657116,0.9021384,0.0006906003
/home/share/Uni_Eval/HAM10000_clean/ISIC2018/ISIC_0024608.jpg,5,5,0.00033459516,1.8311368e-05,0.019254567,0.00011886521,0.28658435,0.6936839,5.49373e-06
/home/share/Uni_Eval/HAM10000_clean/ISIC2018/ISIC_0028734.jpg,5,5,0.0004065318,0.00018560886,0.0014570352,0.00038813957,0.06395457,0.93306524,0.0005427992
/home/share/Uni_Eval/HAM10000_clean/ISIC2018/ISIC_0026125.jpg,5,5,0.0013438306,0.00016267617,0.003043459,2.1250678e-05,0.47058806,0.52427673,0.00056398497
/home/share/Uni_Eval/HAM10000_clean/ISIC2018/ISIC_0025618.jpg,5,5,0.0017741165,0.00012508508,0.01198625,2.3354472e-05,0.0049094995,0.9810291,0.00015255572
/home/share/Uni_Eval/HAM10000_clean/ISIC2018/ISIC_0031796.jpg,5,5,0.001917889,0.0043736934,0.20087253,0.026476247,0.027298812,0.73842305,0.00063769874
/home/share/Uni_Eval/HAM10000_clean/ISIC2018/ISIC_0030232.jpg,5,5,0.001562211,0.00068332604,0.07482435,0.00016510695,0.10954869,0.81301177,0.00020454575
/home/share/Uni_Eval/HAM10000_clean/ISIC2018/ISIC_0024682.jpg,5,5,0.00042740055,0.0020610187,0.007783821,0.00087993545,0.46311778,0.52565926,7.0795715e-05
/home/share/Uni_Eval/HAM10000_clean/ISIC2018/ISIC_0026141.jpg,5,5,0.0050077504,0.0011878245,0.21400148,0.0021028486,0.28658912,0.49018544,0.00092559145
/home/share/Uni_Eval/HAM10000_clean/ISIC2018/ISIC_0030841.jpg,5,5,0.00014512711,2.4669971e-05,0.0075309514,8.0927835e-05,0.30522078,0.68699473,2.8165487e-06
/home/share/Uni_Eval/HAM10000_clean/ISIC2018/ISIC_0030074.jpg,5,5,8.590362e-05,6.333387e-05,0.00028688417,7.3260635e-05,0.0029752434,0.99651295,2.43097e-06
/home/share/Uni_Eval/HAM10000_clean/ISIC2018/ISIC_0025734.jpg,5,5,0.054544948,0.0030399205,0.047763065,0.0011207698,0.037589688,0.8559196,2.2110587e-05
/home/share/Uni_Eval/HAM10000_clean/ISIC2018/ISIC_0027942.jpg,5,5,0.00014907344,6.787433e-05,0.0022364804,2.7535345e-05,0.124433614,0.87298447,0.00010095206
/home/share/Uni_Eval/HAM10000_clean/ISIC2018/ISIC_0026419.jpg,5,5,0.00042985377,0.040417522,0.020104287,0.0064480775,0.041675836,0.87967,0.011254477
/home/share/Uni_Eval/HAM10000_clean/ISIC2018/ISIC_0028894.jpg,5,4,0.00033708915,0.00017606064,0.034197763,0.0020577088,0.53183085,0.43138734,1.3286123e-05
/home/share/Uni_Eval/HAM10000_clean/ISIC2018/ISIC_0032260.jpg,5,5,0.002175635,0.0038347435,0.021150954,0.0037591297,0.27555296,0.6932655,0.0002610965
/home/share/Uni_Eval/HAM10000_clean/ISIC2018/ISIC_0024936.jpg,5,5,1.2942145e-05,5.5027594e-05,0.0008623178,0.0001292614,0.017018808,0.98190904,1.2611873e-05
/home/share/Uni_Eval/HAM10000_clean/ISIC2018/ISIC_0025043.jpg,5,5,0.0039866944,0.0048778737,0.0033222565,0.0025352961,0.007181825,0.9780905,5.595302e-06
/home/share/Uni_Eval/HAM10000_clean/ISIC2018/ISIC_0025227.jpg,5,5,0.0045045814,0.000969206,0.008335416,0.000373122,0.061982546,0.92379373,4.135817e-05
/home/share/Uni_Eval/HAM10000_clean/ISIC2018/ISIC_0029499.jpg,5,5,0.033717763,0.041152216,0.1530374,0.03893424,0.010754919,0.7223128,9.063245e-05
/home/share/Uni_Eval/HAM10000_clean/ISIC2018/ISIC_0024658.jpg,5,5,0.00017055249,9.2077455e-05,0.0010062031,0.0002862729,0.014929705,0.98341215,0.00010310307
/home/share/Uni_Eval/HAM10000_clean/ISIC2018/ISIC_0029027.jpg,5,5,0.0002873583,0.00011556814,0.004610361,0.00017065144,0.010816772,0.9835699,0.0004293669
/home/share/Uni_Eval/HAM10000_clean/ISIC2018/ISIC_0025782.jpg,5,5,0.047115415,0.0025514483,0.017553626,0.014570165,0.09283703,0.82531166,6.068786e-05
/home/share/Uni_Eval/HAM10000_clean/ISIC2018/ISIC_0031308.jpg,5,5,0.14604643,0.0032987376,0.08734761,0.0015051998,0.11022183,0.65157074,9.4388215e-06
/home/share/Uni_Eval/HAM10000_clean/ISIC2018/ISIC_0028981.jpg,5,5,0.016033877,0.0014167755,0.08184494,0.0013210699,0.09117535,0.80818295,2.5030513e-05
/home/share/Uni_Eval/HAM10000_clean/ISIC2018/ISIC_0031194.jpg,5,5,0.002057993,0.0040647346,0.05558133,0.009863724,0.038186673,0.88845336,0.001792203
/home/share/Uni_Eval/HAM10000_clean/ISIC2018/ISIC_0029667.jpg,5,5,0.0034524263,0.0072068437,0.0024243072,0.0004472286,0.07005756,0.9162098,0.00020181878
/home/share/Uni_Eval/HAM10000_clean/ISIC2018/ISIC_0027574.jpg,5,5,0.0011437885,0.026743768,0.017399348,0.0035034483,0.02147249,0.92353857,0.0061986297
/home/share/Uni_Eval/HAM10000_clean/ISIC2018/ISIC_0025945.jpg,5,5,0.00048476373,0.00012263622,0.0036777502,0.0001030148,0.056807816,0.9386218,0.00018213104
/home/share/Uni_Eval/HAM10000_clean/ISIC2018/ISIC_0031149.jpg,5,5,0.0011129163,0.00026453068,0.0055482574,8.584107e-05,0.19089699,0.8017722,0.00031926145
/home/share/Uni_Eval/HAM10000_clean/ISIC2018/ISIC_0027208.jpg,5,5,0.00032628927,0.000102833554,0.000502214,0.00012282636,0.007673402,0.9912702,2.3878367e-06
/home/share/Uni_Eval/HAM10000_clean/ISIC2018/ISIC_0029504.jpg,5,5,0.00021426177,0.00012007813,0.0007808215,9.661376e-05,0.012726987,0.9860588,2.4225817e-06
/home/share/Uni_Eval/HAM10000_clean/ISIC2018/ISIC_0026106.jpg,5,5,0.00037028693,7.849997e-05,0.0048401584,0.00021873215,0.006647974,0.9878401,4.282384e-06
/home/share/Uni_Eval/HAM10000_clean/ISIC2018/ISIC_0032227.jpg,5,5,0.006001865,0.0018370628,0.013150826,0.00017229946,0.043034527,0.9357519,5.1537056e-05
/home/share/Uni_Eval/HAM10000_clean/ISIC2018/ISIC_0024394.jpg,5,5,0.007986685,0.00047362235,0.027981415,0.00015891313,0.07230124,0.89109224,5.849548e-06
/home/share/Uni_Eval/HAM10000_clean/ISIC2018/ISIC_0032165.jpg,5,5,0.00010402276,6.214398e-05,0.002826776,0.00027620848,0.012082432,0.9845316,0.0001168645
/home/share/Uni_Eval/HAM10000_clean/ISIC2018/ISIC_0024834.jpg,5,5,4.2892647e-05,2.423513e-05,0.0027532517,0.00026370373,0.013362097,0.9834737,8.012422e-05
/home/share/Uni_Eval/HAM10000_clean/ISIC2018/ISIC_0027596.jpg,5,5,0.0031757103,0.0046276213,0.004466003,0.009914485,0.027634343,0.87571865,0.07446309
/home/share/Uni_Eval/HAM10000_clean/ISIC2018/ISIC_0031204.jpg,5,5,0.00018967316,0.0010031103,0.016717048,0.0008338404,0.04973134,0.9311904,0.0003345913
/home/share/Uni_Eval/HAM10000_clean/ISIC2018/ISIC_0031857.jpg,5,5,0.011503952,0.00676734,0.024783064,0.0018176985,0.04502506,0.91000193,0.000100979436
/home/share/Uni_Eval/HAM10000_clean/ISIC2018/ISIC_0028706.jpg,5,5,0.0009041077,0.0020108705,0.108213745,0.00420639,0.02439798,0.67466795,0.1855989
/home/share/Uni_Eval/HAM10000_clean/ISIC2018/ISIC_0027364.jpg,5,5,0.00039000457,5.5811655e-05,0.0056168935,0.0002836713,0.03838214,0.95522255,4.8975016e-05
/home/share/Uni_Eval/HAM10000_clean/ISIC2018/ISIC_0031756.jpg,5,5,0.0008313239,0.007178663,0.028660458,0.05235796,0.09094191,0.81798875,0.0020410265
/home/share/Uni_Eval/HAM10000_clean/ISIC2018/ISIC_0030397.jpg,5,5,0.00038484632,0.0005688089,0.0135152675,0.0006206037,0.008016688,0.9759287,0.00096508086
/home/share/Uni_Eval/HAM10000_clean/ISIC2018/ISIC_0031405.jpg,5,5,0.00025815348,0.00020890162,0.033949986,0.002591415,0.15486108,0.80800635,0.00012403006
/home/share/Uni_Eval/HAM10000_clean/ISIC2018/ISIC_0031092.jpg,5,5,3.6375186e-05,1.9649498e-05,0.001816236,0.0012317492,0.0025486122,0.9942211,0.00012620342
/home/share/Uni_Eval/HAM10000_clean/ISIC2018/ISIC_0027390.jpg,5,5,0.00039897222,2.5980416e-05,0.0155494325,0.025659563,0.017502062,0.9404537,0.00041029268
/home/share/Uni_Eval/HAM10000_clean/ISIC2018/ISIC_0028757.jpg,5,5,0.0075094094,0.0044136005,0.00669798,0.0033501305,0.011195205,0.96682537,8.368177e-06
/home/share/Uni_Eval/HAM10000_clean/ISIC2018/ISIC_0027978.jpg,5,5,0.0070663313,0.16642687,0.26586238,0.059029266,0.12455874,0.36836776,0.0086886985
/home/share/Uni_Eval/HAM10000_clean/ISIC2018/ISIC_0025562.jpg,5,5,0.0058286493,0.048743334,0.019819122,0.003953888,0.05306197,0.85021394,0.018379102
/home/share/Uni_Eval/HAM10000_clean/ISIC2018/ISIC_0028598.jpg,5,5,0.0041608373,0.0007609681,0.015077496,0.00033319966,0.04629972,0.9327983,0.00056946935
/home/share/Uni_Eval/HAM10000_clean/ISIC2018/ISIC_0026759.jpg,5,5,0.001983757,0.00022889336,0.0061126924,0.0003567852,0.09465604,0.89662105,4.08724e-05
/home/share/Uni_Eval/HAM10000_clean/ISIC2018/ISIC_0032015.jpg,5,5,0.003487657,0.00019554087,0.008540692,0.0002609377,0.09344586,0.8940536,1.5771533e-05
/home/share/Uni_Eval/HAM10000_clean/ISIC2018/ISIC_0031285.jpg,5,5,0.00084783015,9.7367534e-05,0.08004082,0.0012126169,0.12632976,0.79146504,6.5524173e-06
/home/share/Uni_Eval/HAM10000_clean/ISIC2018/ISIC_0028304.jpg,5,4,0.00073578727,1.8305127e-05,0.023225749,5.3793963e-05,0.76094824,0.21501741,7.146803e-07
/home/share/Uni_Eval/HAM10000_clean/ISIC2018/ISIC_0024862.jpg,5,5,0.021011494,0.0013384601,0.2779719,0.0025938614,0.056500226,0.64058024,3.866985e-06
/home/share/Uni_Eval/HAM10000_clean/ISIC2018/ISIC_0028715.jpg,5,5,0.0051655453,0.010279371,0.005508367,0.0022205603,0.011128375,0.96477026,0.0009274685
/home/share/Uni_Eval/HAM10000_clean/ISIC2018/ISIC_0032136.jpg,5,5,0.009263964,0.0012995021,0.018098565,0.0012748878,0.07881357,0.8911911,5.8473273e-05
/home/share/Uni_Eval/HAM10000_clean/ISIC2018/ISIC_0030592.jpg,5,5,0.001076358,0.00044560307,0.031771813,0.00028350146,0.44287667,0.5232897,0.00025639386
/home/share/Uni_Eval/HAM10000_clean/ISIC2018/ISIC_0024841.jpg,5,5,0.015420218,0.004670424,0.16174535,0.0012038291,0.32243818,0.49445516,6.679987e-05
/home/share/Uni_Eval/HAM10000_clean/ISIC2018/ISIC_0029457.jpg,5,5,0.0013074303,0.0012733748,0.0019291018,6.601907e-05,0.03855925,0.9568226,4.2234646e-05
/home/share/Uni_Eval/HAM10000_clean/ISIC2018/ISIC_0031126.jpg,5,5,0.045073368,0.02644499,0.024781607,0.010905981,0.03298434,0.85915387,0.0006558122
/home/share/Uni_Eval/HAM10000_clean/ISIC2018/ISIC_0025506.jpg,5,5,0.014814911,0.0072043343,0.0426608,0.0034232026,0.12914702,0.8027142,3.5501293e-05
/home/share/Uni_Eval/HAM10000_clean/ISIC2018/ISIC_0030914.jpg,5,5,0.00081496977,0.00021979488,0.008862255,0.0034235874,0.040704876,0.94584197,0.0001325244
/home/share/Uni_Eval/HAM10000_clean/ISIC2018/ISIC_0028408.jpg,5,5,0.008982751,0.001526574,0.00469259,0.0006143267,0.009778957,0.97426164,0.0001431838
/home/share/Uni_Eval/HAM10000_clean/ISIC2018/ISIC_0028998.jpg,5,5,0.0010095726,7.205115e-05,0.0070344186,0.00016319737,0.003468988,0.98823977,1.2008823e-05
/home/share/Uni_Eval/HAM10000_clean/ISIC2018/ISIC_0025118.jpg,5,5,0.001735536,7.546518e-05,0.0055082366,3.433159e-05,0.049562883,0.9429614,0.00012229085
/home/share/Uni_Eval/HAM10000_clean/ISIC2018/ISIC_0025563.jpg,5,5,0.0010522312,0.0038500559,0.0031280085,0.0004149852,0.0014350516,0.99011666,2.9741152e-06
/home/share/Uni_Eval/HAM10000_clean/ISIC2018/ISIC_0024790.jpg,5,5,0.001425715,0.000118612974,0.01957468,0.00012181807,0.100469604,0.8782416,4.7884416e-05
/home/share/Uni_Eval/HAM10000_clean/ISIC2018/ISIC_0025225.jpg,5,5,0.00039537094,0.00039873685,0.0027176777,0.00050915265,0.018463364,0.9774944,2.131938e-05
/home/share/Uni_Eval/HAM10000_clean/ISIC2018/ISIC_0025926.jpg,5,5,0.034767408,0.063974954,0.012539217,0.0010049216,0.036956843,0.85007715,0.00067955174
/home/share/Uni_Eval/HAM10000_clean/ISIC2018/ISIC_0026741.jpg,5,5,0.00088196405,3.0046476e-05,0.007315628,8.975834e-05,0.07524662,0.91639423,4.1687483e-05
/home/share/Uni_Eval/HAM10000_clean/ISIC2018/ISIC_0031117.jpg,5,5,0.015978778,0.003938907,0.012125141,0.0016479357,0.028113786,0.9365907,0.0016047598
/home/share/Uni_Eval/HAM10000_clean/ISIC2018/ISIC_0027471.jpg,5,5,0.003892091,0.001185157,0.079998836,7.5131196e-05,0.14242864,0.772397,2.3215547e-05
/home/share/Uni_Eval/HAM10000_clean/ISIC2018/ISIC_0029109.jpg,5,5,0.015040659,0.00027956016,0.029910132,0.007851728,0.053372655,0.89352983,1.5420834e-05
/home/share/Uni_Eval/HAM10000_clean/ISIC2018/ISIC_0026654.jpg,5,5,0.1907014,0.007428685,0.11601496,0.011552082,0.13883732,0.5354122,5.3432257e-05
/home/share/Uni_Eval/HAM10000_clean/ISIC2018/ISIC_0026921.jpg,5,4,0.018824238,0.00084517646,0.08906849,0.0030668282,0.49165955,0.39640376,0.00013188232
/home/share/Uni_Eval/HAM10000_clean/ISIC2018/ISIC_0031942.jpg,5,5,0.0032243868,0.0001129454,0.013342613,0.0024767765,0.3226054,0.65823144,6.550392e-06
/home/share/Uni_Eval/HAM10000_clean/ISIC2018/ISIC_0026712.jpg,5,5,0.003222408,0.0004230503,0.020557692,0.004705392,0.044856876,0.92588156,0.00035306983
/home/share/Uni_Eval/HAM10000_clean/ISIC2018/ISIC_0028983.jpg,5,5,0.033972003,0.020530028,0.10396679,0.0041406453,0.114262536,0.7230686,5.948906e-05
/home/share/Uni_Eval/HAM10000_clean/ISIC2018/ISIC_0028744.jpg,5,5,0.008286203,0.00251905,0.010630638,0.006168766,0.01745732,0.954882,5.6078323e-05
/home/share/Uni_Eval/HAM10000_clean/ISIC2018/ISIC_0026588.jpg,5,5,0.10067897,0.030808374,0.17399156,0.0072998987,0.072616786,0.61456656,3.7829104e-05
/home/share/Uni_Eval/HAM10000_clean/ISIC2018/ISIC_0028364.jpg,5,4,0.20119485,0.1266432,0.104971796,0.0007973868,0.380735,0.18559115,6.656043e-05
/home/share/Uni_Eval/HAM10000_clean/ISIC2018/ISIC_0027490.jpg,5,5,0.030937567,0.00924752,0.1714937,0.04867408,0.09778131,0.6407861,0.0010797303
/home/share/Uni_Eval/HAM10000_clean/ISIC2018/ISIC_0030082.jpg,5,5,0.00016559029,0.000540737,0.021388583,0.00012207347,0.31117785,0.6636229,0.0029822818
/home/share/Uni_Eval/HAM10000_clean/ISIC2018/ISIC_0026974.jpg,5,5,0.0028113385,0.0005040092,0.011646986,0.001153732,0.19679399,0.7869968,9.318085e-05
/home/share/Uni_Eval/HAM10000_clean/ISIC2018/ISIC_0026097.jpg,5,5,0.017293662,0.006843629,0.005220876,0.0097037,0.21725793,0.74324584,0.00043438128
/home/share/Uni_Eval/HAM10000_clean/ISIC2018/ISIC_0027883.jpg,5,5,0.027422406,0.005459245,0.27957904,0.0033709104,0.29325825,0.39082983,8.029944e-05
/home/share/Uni_Eval/HAM10000_clean/ISIC2018/ISIC_0031700.jpg,5,5,0.0063435575,0.00014249068,0.12703267,0.00013495688,0.10550126,0.7608379,7.181775e-06
/home/share/Uni_Eval/HAM10000_clean/ISIC2018/ISIC_0030209.jpg,5,5,0.0033888512,0.0023610212,0.009960273,0.0005346944,0.18904993,0.7945303,0.00017488643
/home/share/Uni_Eval/HAM10000_clean/ISIC2018/ISIC_0027073.jpg,5,5,0.017324788,0.0023740188,0.13705519,0.002637283,0.072806746,0.7677933,8.589118e-06
/home/share/Uni_Eval/HAM10000_clean/ISIC2018/ISIC_0030219.jpg,5,5,0.07535612,0.0053442367,0.06478064,0.0034155066,0.1470913,0.7037269,0.0002852885
/home/share/Uni_Eval/HAM10000_clean/ISIC2018/ISIC_0025476.jpg,5,5,0.012035695,0.008829784,0.014435529,0.000122667,0.028397754,0.93617505,3.5555242e-06
/home/share/Uni_Eval/HAM10000_clean/ISIC2018/ISIC_0024476.jpg,5,2,0.06491064,0.015949532,0.48652953,0.0010829696,0.25532725,0.17608686,0.00011328559
/home/share/Uni_Eval/HAM10000_clean/ISIC2018/ISIC_0026560.jpg,5,5,0.0022576107,0.0018969913,0.010649919,0.00015880622,0.04047032,0.9443875,0.00017883045
/home/share/Uni_Eval/HAM10000_clean/ISIC2018/ISIC_0032281.jpg,5,4,0.01846669,0.060129654,0.027361061,0.02393822,0.4793732,0.38969597,0.001035176
/home/share/Uni_Eval/HAM10000_clean/ISIC2018/ISIC_0030425.jpg,5,5,0.0074604363,0.00058588304,0.047590025,0.0041722334,0.021317774,0.91886187,1.1754747e-05
/home/share/Uni_Eval/HAM10000_clean/ISIC2018/ISIC_0028130.jpg,5,5,0.011883817,0.0007596602,0.13495998,0.0054816213,0.017730271,0.829176,8.696043e-06
/home/share/Uni_Eval/HAM10000_clean/ISIC2018/ISIC_0026359.jpg,5,5,0.015872438,0.016097877,0.024863724,0.0017581547,0.037218805,0.90418464,4.420194e-06
/home/share/Uni_Eval/HAM10000_clean/ISIC2018/ISIC_0030444.jpg,5,5,0.0038269535,4.7575493e-05,0.010644908,0.00022473063,0.13925429,0.8459585,4.3111504e-05
/home/share/Uni_Eval/HAM10000_clean/ISIC2018/ISIC_0032292.jpg,5,5,0.022591319,0.00023779689,0.23209219,0.0013543556,0.088710465,0.6549823,3.153453e-05
/home/share/Uni_Eval/HAM10000_clean/ISIC2018/ISIC_0032107.jpg,5,5,0.00610707,3.3509583e-05,0.009817641,0.00019851395,0.059291273,0.92454493,7.088809e-06
/home/share/Uni_Eval/HAM10000_clean/ISIC2018/ISIC_0030253.jpg,5,5,0.011125856,0.004390965,0.03693195,0.004212356,0.16763596,0.7733868,0.002316075
/home/share/Uni_Eval/HAM10000_clean/ISIC2018/ISIC_0030340.jpg,5,5,0.018080184,0.00535526,0.083739035,0.0017142168,0.08815409,0.80293524,2.195245e-05
/home/share/Uni_Eval/HAM10000_clean/ISIC2018/ISIC_0028580.jpg,5,5,0.00089297624,0.00089014665,0.0009285325,0.00022495315,0.011723777,0.985288,5.1537954e-05
/home/share/Uni_Eval/HAM10000_clean/ISIC2018/ISIC_0026922.jpg,5,5,0.0013754257,0.0010054978,0.0007178643,6.0744787e-05,0.006810517,0.9900219,8.010359e-06
/home/share/Uni_Eval/HAM10000_clean/ISIC2018/ISIC_0026964.jpg,5,5,0.0067275623,0.0005235432,0.24612378,0.0017680902,0.15266214,0.5919716,0.00022335656
/home/share/Uni_Eval/HAM10000_clean/ISIC2018/ISIC_0028905.jpg,5,5,0.018422147,0.0143367,0.014028352,0.00021095137,0.109720685,0.8424712,0.0008099637
/home/share/Uni_Eval/HAM10000_clean/ISIC2018/ISIC_0032327.jpg,5,5,0.034049727,3.7287722e-05,0.24805842,0.0012902613,0.125207,0.59134555,1.173693e-05
/home/share/Uni_Eval/HAM10000_clean/ISIC2018/ISIC_0025310.jpg,5,5,0.004851304,0.00021011998,0.15037145,0.00021123463,0.17847764,0.6658658,1.2418892e-05
/home/share/Uni_Eval/HAM10000_clean/ISIC2018/ISIC_0032423.jpg,5,5,0.017850248,0.0026767533,0.22113745,0.0002560579,0.37838304,0.37955984,0.0001366012
/home/share/Uni_Eval/HAM10000_clean/ISIC2018/ISIC_0030873.jpg,5,2,0.0504504,0.0002807852,0.49787772,0.00011635171,0.015542383,0.4357304,1.9878937e-06
/home/share/Uni_Eval/HAM10000_clean/ISIC2018/ISIC_0024363.jpg,5,5,0.00043568778,7.042923e-05,0.012657577,0.0014829767,0.098429285,0.8845582,0.002365801
/home/share/Uni_Eval/HAM10000_clean/ISIC2018/ISIC_0025169.jpg,5,5,0.0010766014,0.0009390763,0.012288598,0.0003903552,0.013669547,0.9715405,9.545681e-05
/home/share/Uni_Eval/HAM10000_clean/ISIC2018/ISIC_0030008.jpg,5,5,0.03968107,0.038052037,0.12506296,0.0053703627,0.17043246,0.6210748,0.00032633575
/home/share/Uni_Eval/HAM10000_clean/ISIC2018/ISIC_0031583.jpg,5,5,0.008716512,0.015357426,0.015588058,0.0007297143,0.16612881,0.79281384,0.0006656495
/home/share/Uni_Eval/HAM10000_clean/ISIC2018/ISIC_0025533.jpg,5,5,0.0013500787,0.0007382242,0.022158926,0.00022647383,0.19880655,0.7766122,0.00010754957
/home/share/Uni_Eval/HAM10000_clean/ISIC2018/ISIC_0028183.jpg,5,5,0.0013401657,0.0011389186,0.0024522934,0.00038368444,0.0013627328,0.99276936,0.0005527957
/home/share/Uni_Eval/HAM10000_clean/ISIC2018/ISIC_0026658.jpg,5,5,0.017829116,0.0010211082,0.05480712,0.0012844508,0.01076579,0.91427785,1.4569134e-05
/home/share/Uni_Eval/HAM10000_clean/ISIC2018/ISIC_0032195.jpg,5,5,0.0010081724,0.0011070522,0.0186475,0.00026219524,0.042547267,0.93638855,3.930568e-05
/home/share/Uni_Eval/HAM10000_clean/ISIC2018/ISIC_0027066.jpg,5,5,0.0016986523,3.3061297e-05,0.004440621,5.689911e-05,0.11184116,0.8819198,9.895931e-06
/home/share/Uni_Eval/HAM10000_clean/ISIC2018/ISIC_0024680.jpg,5,4,0.009636821,0.0006806326,0.017029246,0.00020341271,0.68933743,0.28294393,0.00016848685
/home/share/Uni_Eval/HAM10000_clean/ISIC2018/ISIC_0027091.jpg,5,5,0.0017638339,0.00051000516,0.3689476,0.0024779267,0.061432745,0.5648043,6.3543535e-05
/home/share/Uni_Eval/HAM10000_clean/ISIC2018/ISIC_0024497.jpg,5,5,0.0030071593,0.000880083,0.24397579,0.0006471572,0.10051413,0.6509417,3.385993e-05
/home/share/Uni_Eval/HAM10000_clean/ISIC2018/ISIC_0031960.jpg,5,5,0.024033098,0.011625452,0.056809127,0.02804435,0.04028499,0.8384039,0.0007991721
/home/share/Uni_Eval/HAM10000_clean/ISIC2018/ISIC_0029554.jpg,5,5,0.017172089,0.42867234,0.013717429,0.0014151753,0.008029917,0.5309682,2.4915587e-05
/home/share/Uni_Eval/HAM10000_clean/ISIC2018/ISIC_0024578.jpg,5,5,0.06086835,0.022968803,0.12438802,0.04310486,0.06750529,0.6800137,0.0011509141
/home/share/Uni_Eval/HAM10000_clean/ISIC2018/ISIC_0027036.jpg,5,5,0.0011175135,0.00027279483,0.018995501,0.0005244235,0.09236716,0.8867085,1.4133169e-05
/home/share/Uni_Eval/HAM10000_clean/ISIC2018/ISIC_0026023.jpg,5,5,0.0010287542,0.19591548,0.0019016026,0.0005917159,0.0035942835,0.7956556,0.0013125594
/home/share/Uni_Eval/HAM10000_clean/ISIC2018/ISIC_0025936.jpg,5,5,6.248151e-05,9.363368e-06,0.0011104683,0.000301023,0.022715993,0.9757934,7.3472747e-06
/home/share/Uni_Eval/HAM10000_clean/ISIC2018/ISIC_0026216.jpg,5,5,0.0034331938,0.014272318,0.0077485885,0.00026435347,0.043812644,0.9303277,0.00014113178
/home/share/Uni_Eval/HAM10000_clean/ISIC2018/ISIC_0028987.jpg,5,5,0.01670174,0.0027798295,0.46281588,0.0017982812,0.0476532,0.46823657,1.4435902e-05
/home/share/Uni_Eval/HAM10000_clean/ISIC2018/ISIC_0029075.jpg,5,5,0.002177499,0.0007386112,0.0148612885,0.00019873101,0.008323811,0.97369903,1.0797102e-06
/home/share/Uni_Eval/HAM10000_clean/ISIC2018/ISIC_0030451.jpg,5,5,0.06519138,0.038772084,0.12365017,0.0008785932,0.07604617,0.695406,5.5671168e-05
/home/share/Uni_Eval/HAM10000_clean/ISIC2018/ISIC_0027137.jpg,5,5,0.0013329231,0.002271429,0.029492432,0.00017929805,0.006012426,0.96070975,1.7560053e-06
/home/share/Uni_Eval/HAM10000_clean/ISIC2018/ISIC_0030833.jpg,5,5,0.011412402,0.002851969,0.060426753,0.00029663963,0.4031899,0.5217903,3.1992793e-05
/home/share/Uni_Eval/HAM10000_clean/ISIC2018/ISIC_0030635.jpg,5,5,0.0011181881,0.000712622,0.012531243,0.00017977005,0.00010855327,0.98534805,1.5642406e-06
/home/share/Uni_Eval/HAM10000_clean/ISIC2018/ISIC_0031991.jpg,5,5,0.0009874341,0.0002244179,0.08582467,0.0036612847,0.0012545947,0.9080475,2.0273934e-07
/home/share/Uni_Eval/HAM10000_clean/ISIC2018/ISIC_0029470.jpg,5,5,0.0017835536,8.234611e-05,0.01534356,0.00018649094,0.07285707,0.9097186,2.8437273e-05
/home/share/Uni_Eval/HAM10000_clean/ISIC2018/ISIC_0026488.jpg,5,5,0.002727339,0.0016520692,0.10787104,0.0054299217,0.42697516,0.45278466,0.0025598195
/home/share/Uni_Eval/HAM10000_clean/ISIC2018/ISIC_0027098.jpg,5,5,0.0055323206,0.008260392,0.15946375,0.0015389865,0.099642314,0.7255563,5.885865e-06
/home/share/Uni_Eval/HAM10000_clean/ISIC2018/ISIC_0025571.jpg,5,5,0.00015463764,0.0003602314,0.0033360948,0.0018757278,0.0045745624,0.9896979,8.22766e-07
/home/share/Uni_Eval/HAM10000_clean/ISIC2018/ISIC_0024466.jpg,5,5,0.021494374,0.10128835,0.18484554,0.0038852904,0.09789806,0.5904884,0.000100046105
/home/share/Uni_Eval/HAM10000_clean/ISIC2018/ISIC_0025892.jpg,5,5,0.008637596,0.008212873,0.3088097,0.0005395489,0.2470908,0.42652947,0.00018002948
/home/share/Uni_Eval/HAM10000_clean/ISIC2018/ISIC_0025488.jpg,5,5,0.013618413,0.0038762947,0.0064094146,0.009144057,0.06690206,0.897555,0.0024947494
/home/share/Uni_Eval/HAM10000_clean/ISIC2018/ISIC_0027997.jpg,5,5,0.0004421798,0.45127723,0.0205398,0.0018317803,0.024121232,0.48422185,0.017565925
/home/share/Uni_Eval/HAM10000_clean/ISIC2018/ISIC_0027578.jpg,5,4,0.0027302927,1.5395583e-05,0.017295767,0.00036187202,0.50499874,0.47459546,2.489897e-06
/home/share/Uni_Eval/HAM10000_clean/ISIC2018/ISIC_0027475.jpg,5,5,0.00028749905,0.0002190346,0.0062895236,0.00084260665,0.012330136,0.97999084,4.027232e-05
/home/share/Uni_Eval/HAM10000_clean/ISIC2018/ISIC_0031304.jpg,5,5,0.05064541,0.03213171,0.11690522,0.00068342034,0.018012779,0.7816142,7.2280423e-06
/home/share/Uni_Eval/HAM10000_clean/ISIC2018/ISIC_0028809.jpg,5,5,0.00024090293,0.00029655226,0.002394335,0.00014565575,0.0027977375,0.99411714,7.709224e-06
/home/share/Uni_Eval/HAM10000_clean/ISIC2018/ISIC_0028464.jpg,5,5,0.0013578908,0.06152496,0.038522344,0.011478443,0.0078409985,0.879243,3.230839e-05
/home/share/Uni_Eval/HAM10000_clean/ISIC2018/ISIC_0027798.jpg,5,5,0.00028016418,0.0022077472,0.027575478,0.0007072408,0.001941694,0.96721387,7.379706e-05
/home/share/Uni_Eval/HAM10000_clean/ISIC2018/ISIC_0024916.jpg,5,5,0.0016240146,0.007671441,0.03383156,0.0050100945,0.025007866,0.6980149,0.22884014
/home/share/Uni_Eval/HAM10000_clean/ISIC2018/ISIC_0030839.jpg,5,5,0.017629812,0.001423308,0.4418822,0.00095000525,0.09049214,0.4476217,8.178197e-07
/home/share/Uni_Eval/HAM10000_clean/ISIC2018/ISIC_0030593.jpg,5,5,0.0072227563,0.00014369996,0.016770644,0.0033683646,0.17094071,0.80154717,6.6213966e-06
/home/share/Uni_Eval/HAM10000_clean/ISIC2018/ISIC_0030847.jpg,5,5,0.0059719197,0.0026598775,0.042944055,0.004778226,0.08787551,0.8555906,0.0001798129
/home/share/Uni_Eval/HAM10000_clean/ISIC2018/ISIC_0029560.jpg,5,5,0.0005022253,0.0006041222,0.0029686338,7.773126e-05,0.011230324,0.98461145,5.4760885e-06
/home/share/Uni_Eval/HAM10000_clean/ISIC2018/ISIC_0027849.jpg,5,4,0.015140973,0.00519066,0.31051067,0.035679866,0.3478801,0.28541633,0.0001813535
/home/share/Uni_Eval/HAM10000_clean/ISIC2018/ISIC_0025681.jpg,5,2,0.028291183,0.0036595906,0.46532226,0.008386915,0.17971282,0.3146231,4.1159165e-06
/home/share/Uni_Eval/HAM10000_clean/ISIC2018/ISIC_0030912.jpg,5,5,0.00038352373,0.0041928063,0.015523146,0.00014021758,0.0022654394,0.9771847,0.00031011947
/home/share/Uni_Eval/HAM10000_clean/ISIC2018/ISIC_0027783.jpg,5,5,0.008421704,0.0020459883,0.027906893,0.0008588438,0.026989203,0.93371475,6.270493e-05
/home/share/Uni_Eval/HAM10000_clean/ISIC2018/ISIC_0026991.jpg,5,5,0.0005192936,0.0038469187,0.017470216,0.0004205673,0.014831582,0.96228844,0.0006230044
/home/share/Uni_Eval/HAM10000_clean/ISIC2018/ISIC_0025065.jpg,5,5,0.0005070529,0.0044707186,0.034282617,0.0018658246,0.024683,0.9341819,8.959514e-06
/home/share/Uni_Eval/HAM10000_clean/ISIC2018/ISIC_0026333.jpg,5,5,0.0020742319,0.00020204647,0.008299269,8.048773e-05,0.052656285,0.9365064,0.00018121627
/home/share/Uni_Eval/HAM10000_clean/ISIC2018/ISIC_0028477.jpg,5,5,0.0009719266,0.037631277,0.011452886,0.008588702,0.24464779,0.6913202,0.005387176
/home/share/Uni_Eval/HAM10000_clean/ISIC2018/ISIC_0026603.jpg,5,5,0.0056041647,0.028646676,0.041079305,0.0012425814,0.09277134,0.81855273,0.012103223
/home/share/Uni_Eval/HAM10000_clean/ISIC2018/ISIC_0025323.jpg,5,5,0.00046664526,0.0009387469,0.026084492,0.00083635096,0.02443106,0.9462996,0.00094303413
/home/share/Uni_Eval/HAM10000_clean/ISIC2018/ISIC_0024857.jpg,5,2,0.010212276,0.018501086,0.5975487,0.00019753071,0.011210636,0.36145556,0.00087413896
/home/share/Uni_Eval/HAM10000_clean/ISIC2018/ISIC_0026295.jpg,5,5,0.00067706447,0.0011293204,0.004845393,0.011814777,0.021614129,0.95955485,0.0003644229
/home/share/Uni_Eval/HAM10000_clean/ISIC2018/ISIC_0030485.jpg,5,5,0.0007055944,0.00024056053,0.012072185,0.00015896016,0.024531374,0.9622628,2.8458217e-05
/home/share/Uni_Eval/HAM10000_clean/ISIC2018/ISIC_0029055.jpg,5,5,0.00073076016,0.010788735,0.0039471327,0.00072758715,0.04328732,0.93897086,0.0015476412
/home/share/Uni_Eval/HAM10000_clean/ISIC2018/ISIC_0028067.jpg,5,5,0.0021477717,0.006868126,0.003702217,0.0024562408,0.054938853,0.9214493,0.008437593
/home/share/Uni_Eval/HAM10000_clean/ISIC2018/ISIC_0030977.jpg,5,5,0.0136245,0.010259565,0.09773083,0.00090964086,0.14967765,0.7274379,0.0003599346
/home/share/Uni_Eval/HAM10000_clean/ISIC2018/ISIC_0024821.jpg,5,5,0.0027981878,0.0034959873,0.07143954,0.004818193,0.011155667,0.90601355,0.00027881216
/home/share/Uni_Eval/HAM10000_clean/ISIC2018/ISIC_0029759.jpg,5,5,0.00024980545,0.016973695,0.0021943452,0.0004978174,0.03389603,0.9354155,0.010772899
/home/share/Uni_Eval/HAM10000_clean/ISIC2018/ISIC_0030348.jpg,5,5,0.013184798,0.04615498,0.22186375,0.0032664244,0.04602846,0.66948384,1.7763325e-05
/home/share/Uni_Eval/HAM10000_clean/ISIC2018/ISIC_0024617.jpg,5,5,0.00020292723,6.7368186e-05,0.008931021,8.8343106e-05,0.051911037,0.9387947,4.7510703e-06
/home/share/Uni_Eval/HAM10000_clean/ISIC2018/ISIC_0026942.jpg,5,5,0.00016963638,4.1645668e-05,0.15016003,0.0021297939,0.016528876,0.830951,1.905656e-05
/home/share/Uni_Eval/HAM10000_clean/ISIC2018/ISIC_0030710.jpg,5,5,0.00037013288,0.0067846244,0.1277761,0.0008677621,0.0075145373,0.8563795,0.0003073507
/home/share/Uni_Eval/HAM10000_clean/ISIC2018/ISIC_0030963.jpg,5,5,0.00014009258,4.985461e-05,0.0021051168,0.00021825414,0.010887,0.986521,7.864278e-05
/home/share/Uni_Eval/HAM10000_clean/ISIC2018/ISIC_0030890.jpg,5,5,0.0017656565,0.01737382,0.006972879,0.0010808164,0.086355,0.8815454,0.004906426
/home/share/Uni_Eval/HAM10000_clean/ISIC2018/ISIC_0031896.jpg,5,5,0.00014620037,0.0001609717,0.0139856115,0.00026385728,0.109117545,0.87625706,6.872791e-05
/home/share/Uni_Eval/HAM10000_clean/ISIC2018/ISIC_0025956.jpg,5,5,0.0013006141,5.0066905e-05,0.059112713,0.0008608053,0.34125444,0.59738284,3.8438764e-05
/home/share/Uni_Eval/HAM10000_clean/ISIC2018/ISIC_0025860.jpg,5,5,0.0014749108,0.01986717,0.08279428,0.0003368746,0.0101649165,0.8853142,4.7668243e-05
/home/share/Uni_Eval/HAM10000_clean/ISIC2018/ISIC_0025473.jpg,5,5,0.00047568066,0.019173214,0.010373469,0.00295959,0.0076724743,0.95928305,6.256268e-05
/home/share/Uni_Eval/HAM10000_clean/ISIC2018/ISIC_0024540.jpg,5,5,0.00056443526,0.0019524732,0.0034479422,6.2751526e-05,0.039078508,0.95451707,0.0003768562
/home/share/Uni_Eval/HAM10000_clean/ISIC2018/ISIC_0032020.jpg,5,5,0.00024817203,2.6388152e-05,0.18831213,0.000105165265,0.15565975,0.6556305,1.7816812e-05
/home/share/Uni_Eval/HAM10000_clean/ISIC2018/ISIC_0028632.jpg,5,2,0.11055112,0.1149304,0.31429234,0.026777059,0.12056178,0.31256822,0.00031905284
/home/share/Uni_Eval/HAM10000_clean/ISIC2018/ISIC_0029537.jpg,5,5,0.0004334054,2.0629086e-05,0.023998763,4.694283e-05,0.002294044,0.97320426,1.8678008e-06
/home/share/Uni_Eval/HAM10000_clean/ISIC2018/ISIC_0027431.jpg,5,5,0.0054806,0.016234927,0.10412793,0.00341371,0.0025262723,0.8674506,0.00076601567
/home/share/Uni_Eval/HAM10000_clean/ISIC2018/ISIC_0031395.jpg,5,5,0.055891678,0.012659826,0.03132818,0.002811652,0.36873868,0.52829176,0.0002782614
/home/share/Uni_Eval/HAM10000_clean/ISIC2018/ISIC_0025897.jpg,5,5,0.0012199336,0.00042556968,0.00091456156,7.1605275e-05,0.010589278,0.9867705,8.524573e-06
/home/share/Uni_Eval/HAM10000_clean/ISIC2018/ISIC_0033537.jpg,5,5,0.02045532,0.0049904254,0.05301477,0.011330724,0.10260338,0.80729866,0.00030678528
/home/share/Uni_Eval/HAM10000_clean/ISIC2018/ISIC_0032682.jpg,5,5,0.001163136,0.001056396,0.056073133,0.0017450379,0.007580344,0.932345,3.6858655e-05
/home/share/Uni_Eval/HAM10000_clean/ISIC2018/ISIC_0032616.jpg,5,5,0.0008708975,0.0012311498,0.002111924,0.0006632168,0.003862204,0.9882138,0.0030467906
/home/share/Uni_Eval/HAM10000_clean/ISIC2018/ISIC_0033139.jpg,5,2,0.01923746,0.0023503308,0.57339203,0.0048655304,0.030445738,0.3696513,5.7649486e-05
/home/share/Uni_Eval/HAM10000_clean/ISIC2018/ISIC_0033418.jpg,5,5,0.00025718336,2.9841549e-05,0.009374872,0.0004719341,0.037971634,0.95186824,2.6303724e-05
/home/share/Uni_Eval/HAM10000_clean/ISIC2018/ISIC_0033364.jpg,5,5,0.001644974,0.0001174393,0.33040753,0.013262368,0.06849328,0.5860717,2.5684585e-06
/home/share/Uni_Eval/HAM10000_clean/ISIC2018/ISIC_0034098.jpg,5,5,0.001214775,0.007908282,0.004095999,0.012552824,0.1684935,0.8056272,0.0001073618
/home/share/Uni_Eval/HAM10000_clean/ISIC2018/ISIC_0033040.jpg,5,5,0.0004214012,4.6336565e-05,0.0040593892,0.003740951,0.024002582,0.9677008,2.8524706e-05
/home/share/Uni_Eval/HAM10000_clean/ISIC2018/ISIC_0032868.jpg,5,5,0.0041811243,0.0029901501,0.21585391,0.011761442,0.035130564,0.7300503,3.259791e-05
/home/share/Uni_Eval/HAM10000_clean/ISIC2018/ISIC_0034018.jpg,5,5,0.0005679739,0.0014087565,0.0018729727,0.0015932161,0.03581212,0.9583144,0.00043049175
/home/share/Uni_Eval/HAM10000_clean/ISIC2018/ISIC_0033464.jpg,5,5,3.9422655e-05,3.747778e-05,0.0009542167,0.00012542588,0.011074278,0.98776037,8.839642e-06
/home/share/Uni_Eval/HAM10000_clean/ISIC2018/ISIC_0033970.jpg,5,5,0.0035230266,0.0029542546,0.1046012,0.0018559159,0.14183474,0.744912,0.0003188189
/home/share/Uni_Eval/HAM10000_clean/ISIC2018/ISIC_0033896.jpg,5,5,0.003451189,0.0028670756,0.109349914,0.0155566735,0.029009053,0.8394516,0.00031447416
/home/share/Uni_Eval/HAM10000_clean/ISIC2018/ISIC_0032402.jpg,5,5,0.0032345229,0.0065444736,0.0010456777,0.0029867934,0.006286377,0.9790565,0.00084566436
/home/share/Uni_Eval/HAM10000_clean/ISIC2018/ISIC_0034309.jpg,5,5,0.00024719964,0.0001449125,0.0070330855,0.047762197,0.0111503415,0.9280257,0.005636587
/home/share/Uni_Eval/HAM10000_clean/ISIC2018/ISIC_0033043.jpg,5,5,0.00030810188,9.766235e-05,0.011471394,0.0034138474,0.017678844,0.9666901,0.0003401662
/home/share/Uni_Eval/HAM10000_clean/ISIC2018/ISIC_0032562.jpg,5,5,0.002697713,0.00016912997,0.018003402,0.0028827284,0.1258289,0.8503757,4.2390053e-05
/home/share/Uni_Eval/HAM10000_clean/ISIC2018/ISIC_0033421.jpg,5,5,0.0036304581,0.0013465814,0.008900287,0.0022299618,0.04074942,0.9430838,5.94012e-05
/home/share/Uni_Eval/HAM10000_clean/ISIC2018/ISIC_0033467.jpg,5,5,0.0007039538,7.5125725e-05,0.0049475497,0.00060557853,0.023385797,0.9702781,3.7680322e-06
/home/share/Uni_Eval/HAM10000_clean/ISIC2018/ISIC_0032996.jpg,5,5,0.00046207575,0.00083064096,0.00156067,0.0010361042,0.025333613,0.97016656,0.0006103578
/home/share/Uni_Eval/HAM10000_clean/ISIC2018/ISIC_0033623.jpg,5,5,0.0020192582,0.0029030228,0.0046198675,0.0052052396,0.031792603,0.9531467,0.00031335742
/home/share/Uni_Eval/HAM10000_clean/ISIC2018/ISIC_0033383.jpg,5,5,0.0006941469,0.00012716165,0.0138918655,0.002244636,0.14173812,0.8411303,0.0001736932
/home/share/Uni_Eval/HAM10000_clean/ISIC2018/ISIC_0032634.jpg,5,5,0.00925884,0.006344705,0.04235139,0.0038878608,0.07358431,0.86429304,0.00027981948
/home/share/Uni_Eval/HAM10000_clean/ISIC2018/ISIC_0033751.jpg,5,5,0.00052889733,0.0010614088,0.012050886,0.0036141404,0.004235143,0.97827417,0.00023540178
/home/share/Uni_Eval/HAM10000_clean/ISIC2018/ISIC_0033065.jpg,5,5,7.735529e-05,8.352877e-05,0.002955347,0.0009914336,0.015630351,0.97874796,0.0015140355
/home/share/Uni_Eval/HAM10000_clean/ISIC2018/ISIC_0033353.jpg,5,5,0.001783134,0.010624083,0.01307671,0.07092983,0.029322581,0.87365663,0.00060706394
/home/share/Uni_Eval/HAM10000_clean/ISIC2018/ISIC_0034019.jpg,5,5,0.002957439,0.0035859828,0.0029066317,0.015893692,0.027589887,0.94606555,0.0010008289
/home/share/Uni_Eval/HAM10000_clean/ISIC2018/ISIC_0034154.jpg,5,5,0.00019787469,0.0004898184,0.007891678,5.324065e-05,0.24590129,0.744323,0.0011431851
/home/share/Uni_Eval/HAM10000_clean/ISIC2018/ISIC_0033597.jpg,5,5,0.0003708153,0.00011791383,0.035082877,0.001088032,0.0021393646,0.9611364,6.4639484e-05
/home/share/Uni_Eval/HAM10000_clean/ISIC2018/ISIC_0033330.jpg,5,5,4.9051655e-06,2.3740664e-05,3.67337e-05,2.603492e-06,0.00011403998,0.9998111,6.8603017e-06
/home/share/Uni_Eval/HAM10000_clean/ISIC2018/ISIC_0033982.jpg,5,5,0.00022581274,0.0003167297,0.0053713494,0.0020806517,0.021670138,0.97012186,0.00021345295
/home/share/Uni_Eval/HAM10000_clean/ISIC2018/ISIC_0027265.jpg,5,5,0.0034277253,0.0024744067,0.039698068,0.0036699749,0.037284583,0.9131906,0.00025456143
/home/share/Uni_Eval/HAM10000_clean/ISIC2018/ISIC_0030038.jpg,5,5,0.0010529377,0.008155222,0.0022474434,0.0006311096,0.006106115,0.9817245,8.271065e-05
/home/share/Uni_Eval/HAM10000_clean/ISIC2018/ISIC_0027345.jpg,5,5,0.016213419,0.017287746,0.041490074,0.0006870276,0.029406235,0.8943801,0.00053544436
/home/share/Uni_Eval/HAM10000_clean/ISIC2018/ISIC_0031299.jpg,5,5,0.0044145323,0.004797574,0.002730734,0.00034036636,0.045263235,0.9387911,0.0036625464
/home/share/Uni_Eval/HAM10000_clean/ISIC2018/ISIC_0029915.jpg,0,5,0.15684268,0.2198367,0.03628033,0.12451204,0.023405496,0.43711048,0.0020123394
/home/share/Uni_Eval/HAM10000_clean/ISIC2018/ISIC_0033456.jpg,0,0,0.68248963,0.052955,0.040277768,0.02772087,0.1913531,0.005002915,0.00020064077
/home/share/Uni_Eval/HAM10000_clean/ISIC2018/ISIC_0031191.jpg,0,2,0.0010707442,0.012277254,0.6359757,0.009764497,0.09547478,0.13183656,0.1136005
/home/share/Uni_Eval/HAM10000_clean/ISIC2018/ISIC_0025948.jpg,0,4,0.03230872,0.09977798,0.038955905,0.0019557637,0.7045361,0.12154794,0.0009176495
/home/share/Uni_Eval/HAM10000_clean/ISIC2018/ISIC_0030803.jpg,0,0,0.7416128,0.10304721,0.12637316,0.017767722,0.008172672,0.0028877852,0.00013863332
/home/share/Uni_Eval/HAM10000_clean/ISIC2018/ISIC_0025069.jpg,0,4,0.040742096,0.058833554,0.06367138,0.0009175134,0.56878614,0.2657761,0.0012732551
/home/share/Uni_Eval/HAM10000_clean/ISIC2018/ISIC_0028232.jpg,0,2,0.15971531,0.1153177,0.60451335,0.007790144,0.017447699,0.09518827,2.7609463e-05
/home/share/Uni_Eval/HAM10000_clean/ISIC2018/ISIC_0029067.jpg,0,2,0.155734,0.06968158,0.30564305,0.13400696,0.1575776,0.17719652,0.00016033209
/home/share/Uni_Eval/HAM10000_clean/ISIC2018/ISIC_0025539.jpg,0,2,0.09328142,0.050410777,0.36958936,0.018579021,0.32463077,0.14305906,0.0004496615
/home/share/Uni_Eval/HAM10000_clean/ISIC2018/ISIC_0030191.jpg,0,2,0.086724654,0.03831243,0.6771149,0.004533221,0.14084661,0.052435856,3.2379263e-05
/home/share/Uni_Eval/HAM10000_clean/ISIC2018/ISIC_0031043.jpg,0,0,0.56309485,0.08162286,0.07628826,0.0024498347,0.13395157,0.14236166,0.00023099656
/home/share/Uni_Eval/HAM10000_clean/ISIC2018/ISIC_0032455.jpg,0,0,0.487775,0.1116798,0.11145531,0.07116702,0.14934114,0.034300867,0.034280807
/home/share/Uni_Eval/HAM10000_clean/ISIC2018/ISIC_0027896.jpg,0,0,0.81767285,0.020585675,0.08208081,0.013374741,0.0029528753,0.062856935,0.0004761281
/home/share/Uni_Eval/HAM10000_clean/ISIC2018/ISIC_0031044.jpg,0,0,0.75059634,0.06406153,0.131897,0.0048305443,0.036705114,0.011665934,0.0002434712
/home/share/Uni_Eval/HAM10000_clean/ISIC2018/ISIC_0031012.jpg,0,4,0.3778964,0.12679392,0.063470505,0.011672374,0.39715573,0.02288267,0.00012844108
/home/share/Uni_Eval/HAM10000_clean/ISIC2018/ISIC_0029533.jpg,0,0,0.4186893,0.096723914,0.12106856,0.0061352593,0.33133072,0.025973605,7.858499e-05
/home/share/Uni_Eval/HAM10000_clean/ISIC2018/ISIC_0026992.jpg,0,0,0.5176709,0.027876625,0.28700566,0.13265094,0.02053338,0.014186466,7.603473e-05
/home/share/Uni_Eval/HAM10000_clean/ISIC2018/ISIC_0025825.jpg,0,0,0.9366561,0.0012535169,0.042258985,0.0044222604,0.0018980441,0.01349078,2.0216929e-05
/home/share/Uni_Eval/HAM10000_clean/ISIC2018/ISIC_0026645.jpg,0,0,0.73679936,0.1375858,0.0704303,0.010704527,0.035915744,0.008549925,1.4276641e-05
/home/share/Uni_Eval/HAM10000_clean/ISIC2018/ISIC_0029811.jpg,0,0,0.624306,0.27796268,0.02872402,0.039252907,0.027336484,0.0019027941,0.00051506545
/home/share/Uni_Eval/HAM10000_clean/ISIC2018/ISIC_0027178.jpg,0,2,0.23115882,0.006733642,0.70141244,0.009663161,0.0041027507,0.04690017,2.9032046e-05
/home/share/Uni_Eval/HAM10000_clean/ISIC2018/ISIC_0028872.jpg,0,0,0.6338635,0.07275436,0.09799202,0.0042368653,0.035583064,0.15547357,9.655037e-05
/home/share/Uni_Eval/HAM10000_clean/ISIC2018/ISIC_0031292.jpg,0,0,0.6654994,0.04836004,0.23213474,0.0040836446,0.021611284,0.028250309,6.063001e-05
/home/share/Uni_Eval/HAM10000_clean/ISIC2018/ISIC_0033494.jpg,0,0,0.57869333,0.073703915,0.19041368,0.04712749,0.09446265,0.014967786,0.0006311344
/home/share/Uni_Eval/HAM10000_clean/ISIC2018/ISIC_0026014.jpg,0,1,0.23244411,0.47696096,0.058910087,0.0034258605,0.18358953,0.04465623,1.3211422e-05
/home/share/Uni_Eval/HAM10000_clean/ISIC2018/ISIC_0026549.jpg,0,5,0.21781802,0.24867867,0.052465945,0.0036008428,0.0484131,0.42837846,0.00064497394
/home/share/Uni_Eval/HAM10000_clean/ISIC2018/ISIC_0030387.jpg,0,1,0.25826603,0.42105702,0.14684607,0.04066602,0.018288137,0.11428884,0.0005878578
/home/share/Uni_Eval/HAM10000_clean/ISIC2018/ISIC_0029573.jpg,0,0,0.62803566,0.018235747,0.3360003,0.010270573,0.0022290964,0.0049524326,0.00027619526
/home/share/Uni_Eval/HAM10000_clean/ISIC2018/ISIC_0029268.jpg,0,2,0.284706,0.046638183,0.31067726,0.053912215,0.125648,0.17828079,0.00013757698
/home/share/Uni_Eval/HAM10000_clean/ISIC2018/ISIC_0029598.jpg,0,4,0.016289081,0.15067235,0.23311584,0.0073298323,0.37331375,0.21914646,0.00013272326
/home/share/Uni_Eval/HAM10000_clean/ISIC2018/ISIC_0029781.jpg,0,0,0.97805184,0.008544504,0.00892492,0.0010170289,0.0019687964,0.0014612557,3.1610023e-05
/home/share/Uni_Eval/HAM10000_clean/ISIC2018/ISIC_0025247.jpg,0,0,0.816119,0.070120685,0.057721324,0.030213183,0.0009116946,0.021774968,0.0031391522
/home/share/Uni_Eval/HAM10000_clean/ISIC2018/ISIC_0028499.jpg,0,2,0.14388208,0.06920622,0.66507214,0.005108596,0.006601596,0.11009585,3.3450568e-05
/home/share/Uni_Eval/HAM10000_clean/ISIC2018/ISIC_0030591.jpg,0,0,0.60868645,0.030105997,0.07461155,0.031574793,0.16263676,0.0922034,0.00018106577
/home/share/Uni_Eval/HAM10000_clean/ISIC2018/ISIC_0029638.jpg,0,5,0.2501812,0.091419935,0.12609881,0.018775405,0.1158661,0.3975627,9.5829826e-05
/home/share/Uni_Eval/HAM10000_clean/ISIC2018/ISIC_0026132.jpg,0,0,0.36469382,0.28946385,0.104073815,0.008301378,0.11221345,0.12089472,0.0003590276
/home/share/Uni_Eval/HAM10000_clean/ISIC2018/ISIC_0024763.jpg,0,0,0.6047464,0.0007833123,0.2368392,0.0043564746,0.12133157,0.0316869,0.00025618053
/home/share/Uni_Eval/HAM10000_clean/ISIC2018/ISIC_0028076.jpg,0,0,0.8235891,0.014458381,0.082355805,0.004415863,0.057332177,0.017814748,3.39021e-05
/home/share/Uni_Eval/HAM10000_clean/ISIC2018/ISIC_0025957.jpg,0,5,0.18593311,0.20912729,0.18806084,0.026660522,0.16647387,0.22323646,0.000508016
/home/share/Uni_Eval/HAM10000_clean/ISIC2018/ISIC_0031927.jpg,0,2,0.25628883,0.0132723395,0.45356512,0.02583141,0.012836391,0.23783292,0.0003729297
/home/share/Uni_Eval/HAM10000_clean/ISIC2018/ISIC_0025264.jpg,0,4,0.07325738,0.017972277,0.32109192,0.0030971998,0.44365597,0.14068593,0.00023935463
/home/share/Uni_Eval/HAM10000_clean/ISIC2018/ISIC_0026457.jpg,0,0,0.6637707,0.023657704,0.27932486,0.0003089254,0.013133655,0.019769363,3.4862656e-05
/home/share/Uni_Eval/HAM10000_clean/ISIC2018/ISIC_0028763.jpg,0,0,0.41853786,0.036067877,0.24692827,0.017818099,0.24261412,0.03722,0.00081369886
/home/share/Uni_Eval/HAM10000_clean/ISIC2018/ISIC_0025780.jpg,0,0,0.726527,0.011328797,0.070345685,0.0048190537,0.10680816,0.08010726,6.4093154e-05
/home/share/Uni_Eval/HAM10000_clean/ISIC2018/ISIC_0027452.jpg,0,0,0.33934718,0.09428608,0.15376228,0.0052289264,0.14573461,0.2615378,0.000103145874
/home/share/Uni_Eval/HAM10000_clean/ISIC2018/ISIC_0027884.jpg,0,0,0.5214375,0.23945984,0.046830405,0.0014510229,0.16643672,0.022541756,0.0018427395
/home/share/Uni_Eval/HAM10000_clean/ISIC2018/ISIC_0027950.jpg,0,0,0.93124384,0.015216868,0.012159071,0.0003489326,0.015087774,0.025913104,3.0462594e-05
/home/share/Uni_Eval/HAM10000_clean/ISIC2018/ISIC_0033536.jpg,0,0,0.6782111,0.10962727,0.066078074,0.0669054,0.020448087,0.058651038,7.9046506e-05
/home/share/Uni_Eval/HAM10000_clean/ISIC2018/ISIC_0032854.jpg,0,2,0.30722454,0.002431397,0.6509677,0.0065391758,0.010458467,0.022348132,3.0664403e-05
