filename,true_label,predicted_label,probability_class_0,probability_class_1,probability_class_2,probability_class_3,probability_class_4,probability_class_5,probability_class_6
/home/share/Uni_Eval/HAM10000_clean/ISIC2018/ISIC_0025661.jpg,2,2,7.7065044e-05,0.11327916,0.84510994,9.2307897e-07,0.03552476,0.0060065268,1.5914202e-06
/home/share/Uni_Eval/HAM10000_clean/ISIC2018/ISIC_0027850.jpg,2,2,0.0012507885,0.0057623656,0.991322,1.8708963e-08,6.016342e-05,0.0016047457,2.4714396e-08
/home/share/Uni_Eval/HAM10000_clean/ISIC2018/ISIC_0029068.jpg,2,2,0.06069006,0.00011627779,0.9380281,8.236957e-06,2.6872645e-05,0.0010742894,5.6172903e-05
/home/share/Uni_Eval/HAM10000_clean/ISIC2018/ISIC_0025984.jpg,2,4,0.00025531102,0.022911998,0.08759442,1.5725047e-05,0.84474945,0.04385107,0.0006220059
/home/share/Uni_Eval/HAM10000_clean/ISIC2018/ISIC_0032417.jpg,2,2,1.4840535e-07,7.0189863e-09,0.9999901,7.141281e-08,4.5750184e-07,8.855496e-06,3.430693e-07
/home/share/Uni_Eval/HAM10000_clean/ISIC2018/ISIC_0027310.jpg,2,2,0.0002514041,5.0808586e-07,0.78267205,0.0009690879,4.4038694e-05,0.21606208,7.644575e-07
/home/share/Uni_Eval/HAM10000_clean/ISIC2018/ISIC_0025937.jpg,2,2,3.6656156e-06,0.00087377237,0.99912065,7.850814e-07,4.3136652e-07,7.701786e-07,9.074739e-09
/home/share/Uni_Eval/HAM10000_clean/ISIC2018/ISIC_0027828.jpg,2,2,3.8563468e-07,2.390401e-07,0.91483194,3.3250987e-07,0.00020173563,0.084965155,3.3560644e-07
/home/share/Uni_Eval/HAM10000_clean/ISIC2018/ISIC_0030698.jpg,2,2,1.9879856e-06,2.6499242e-07,0.99851876,8.5469786e-08,9.121348e-06,0.0014558041,1.4001298e-05
/home/share/Uni_Eval/HAM10000_clean/ISIC2018/ISIC_0024981.jpg,2,2,0.040940724,1.6833494e-05,0.8864477,9.565415e-07,0.06893033,0.003652521,1.0858762e-05
/home/share/Uni_Eval/HAM10000_clean/ISIC2018/ISIC_0027053.jpg,2,2,1.6731932e-05,2.84729e-06,0.75889415,3.1431065e-07,0.00013209043,0.24094559,8.295484e-06
/home/share/Uni_Eval/HAM10000_clean/ISIC2018/ISIC_0025819.jpg,2,2,0.0026006917,7.1432686e-07,0.9973779,2.2103146e-09,1.9772378e-05,9.319742e-07,1.851009e-08
/home/share/Uni_Eval/HAM10000_clean/ISIC2018/ISIC_0032013.jpg,2,2,6.270407e-05,8.935185e-07,0.99991024,5.910092e-10,2.6112413e-05,1.8674294e-08,2.8437936e-08
/home/share/Uni_Eval/HAM10000_clean/ISIC2018/ISIC_0025099.jpg,2,2,7.87161e-06,2.688338e-07,0.99891794,2.601429e-06,2.3092981e-07,0.001063057,8.117021e-06
/home/share/Uni_Eval/HAM10000_clean/ISIC2018/ISIC_0029289.jpg,2,5,3.1343507e-08,3.5425126e-07,0.004555021,3.023225e-07,0.0014543699,0.99360293,0.00038688534
/home/share/Uni_Eval/HAM10000_clean/ISIC2018/ISIC_0032283.jpg,2,2,0.002334117,0.0017497189,0.99286145,0.000104005936,0.0028198678,0.00013067604,1.4108893e-07
/home/share/Uni_Eval/HAM10000_clean/ISIC2018/ISIC_0031624.jpg,2,2,3.0090405e-05,7.531582e-06,0.9715342,4.6010714e-06,1.5882159e-06,0.028418407,3.5632634e-06
/home/share/Uni_Eval/HAM10000_clean/ISIC2018/ISIC_0029060.jpg,2,2,0.0003942198,3.8733757e-05,0.8599216,7.689149e-06,0.08240052,0.057088155,0.0001490466
/home/share/Uni_Eval/HAM10000_clean/ISIC2018/ISIC_0032306.jpg,2,2,0.0020298455,0.00027869988,0.997497,1.3015972e-07,0.00018723414,3.2281102e-06,3.8132134e-06
/home/share/Uni_Eval/HAM10000_clean/ISIC2018/ISIC_0027957.jpg,2,5,0.00016794652,0.00025855436,0.34236395,9.029969e-06,0.01756634,0.63939786,0.00023640499
/home/share/Uni_Eval/HAM10000_clean/ISIC2018/ISIC_0032382.jpg,2,2,0.00012421752,0.00535242,0.7327863,5.578506e-06,0.07231574,0.18835281,0.0010629271
/home/share/Uni_Eval/HAM10000_clean/ISIC2018/ISIC_0029674.jpg,2,2,0.07999193,0.00022261137,0.9192481,3.9477962e-07,9.014153e-06,0.00052492187,3.0427336e-06
/home/share/Uni_Eval/HAM10000_clean/ISIC2018/ISIC_0024623.jpg,2,2,7.8537107e-07,1.0848798e-05,0.99992025,1.5813317e-08,2.4861487e-07,6.781353e-05,5.8315583e-09
/home/share/Uni_Eval/HAM10000_clean/ISIC2018/ISIC_0032929.jpg,2,4,0.026429148,2.6695654e-05,0.3421575,1.7510509e-07,0.6312324,0.0001346227,1.9452978e-05
/home/share/Uni_Eval/HAM10000_clean/ISIC2018/ISIC_0033900.jpg,2,2,1.639124e-05,4.7812557e-07,0.9860007,6.272157e-06,0.012663603,0.0013124032,1.6293968e-07
/home/share/Uni_Eval/HAM10000_clean/ISIC2018/ISIC_0030276.jpg,2,2,4.2187753e-06,0.0014128736,0.9950052,1.1791398e-05,4.6354203e-06,0.0035611216,9.77528e-08
/home/share/Uni_Eval/HAM10000_clean/ISIC2018/ISIC_0033465.jpg,2,2,4.6308874e-06,1.036773e-08,0.85854685,4.4670156e-08,0.13991913,0.0015291952,7.987594e-08
/home/share/Uni_Eval/HAM10000_clean/ISIC2018/ISIC_0029683.jpg,2,4,1.5917644e-07,1.9679975e-07,0.24240723,6.655409e-07,0.7032082,0.054383345,2.190238e-07
/home/share/Uni_Eval/HAM10000_clean/ISIC2018/ISIC_0032514.jpg,2,2,0.0013402476,8.0121737e-07,0.9847356,3.6809789e-09,0.0024894048,0.011434026,1.540643e-08
/home/share/Uni_Eval/HAM10000_clean/ISIC2018/ISIC_0033910.jpg,2,2,0.07431025,5.820212e-05,0.92471486,2.6050272e-06,0.00086483674,4.3441392e-05,5.72661e-06
/home/share/Uni_Eval/HAM10000_clean/ISIC2018/ISIC_0033212.jpg,2,2,5.51876e-06,4.638959e-06,0.99969554,8.775194e-06,1.1718616e-06,0.00026848828,1.5996879e-05
/home/share/Uni_Eval/HAM10000_clean/ISIC2018/ISIC_0033601.jpg,2,2,6.0035586e-06,4.043176e-06,0.9870101,0.00023209087,0.0006893198,0.012053986,4.4101316e-06
/home/share/Uni_Eval/HAM10000_clean/ISIC2018/ISIC_0033677.jpg,2,2,3.705745e-05,7.1094137e-06,0.9999503,6.9717345e-07,3.7843536e-06,1.0617497e-06,3.7947867e-10
/home/share/Uni_Eval/HAM10000_clean/ISIC2018/ISIC_0033262.jpg,2,2,0.0004347826,4.188982e-06,0.99933076,0.0001964818,1.9737338e-07,3.3551172e-05,7.1837015e-08
/home/share/Uni_Eval/HAM10000_clean/ISIC2018/ISIC_0032570.jpg,2,2,0.00013986173,4.1870334e-09,0.9991704,4.6671735e-06,0.0006690526,1.4821329e-05,1.1911108e-06
/home/share/Uni_Eval/HAM10000_clean/ISIC2018/ISIC_0033264.jpg,2,2,0.0013543591,5.005342e-07,0.9950564,8.9599183e-07,0.0035539563,3.3941462e-05,1.3026189e-08
/home/share/Uni_Eval/HAM10000_clean/ISIC2018/ISIC_0032665.jpg,2,2,5.1737832e-05,2.7850174e-06,0.9973822,1.4771662e-06,0.00082851056,0.0017220313,1.1243311e-05
/home/share/Uni_Eval/HAM10000_clean/ISIC2018/ISIC_0033587.jpg,2,4,3.7499608e-06,3.9257725e-07,0.04170513,1.2040751e-09,0.62046283,0.33782786,2.3381652e-08
/home/share/Uni_Eval/HAM10000_clean/ISIC2018/ISIC_0032675.jpg,2,2,1.9044404e-05,8.443782e-06,0.7083877,1.186025e-08,0.00868482,0.28289998,2.9087748e-09
/home/share/Uni_Eval/HAM10000_clean/ISIC2018/ISIC_0033449.jpg,2,2,0.050110795,2.9653708e-07,0.9283915,8.9313473e-10,0.004863373,0.016633973,2.870067e-08
/home/share/Uni_Eval/HAM10000_clean/ISIC2018/ISIC_0033758.jpg,2,2,0.024704454,0.09375367,0.8488405,0.0020220592,0.00293876,0.0010149673,0.026725639
/home/share/Uni_Eval/HAM10000_clean/ISIC2018/ISIC_0032876.jpg,2,2,5.1598736e-06,2.4073312e-05,0.9922323,2.8623456e-06,0.0021873498,0.0055206562,2.7528606e-05
/home/share/Uni_Eval/HAM10000_clean/ISIC2018/ISIC_0025157.jpg,2,2,0.010512845,0.003720133,0.9847727,1.1828613e-08,0.0007407415,0.0002534128,8.0641094e-08
/home/share/Uni_Eval/HAM10000_clean/ISIC2018/ISIC_0026060.jpg,2,2,0.01258501,4.315377e-06,0.98732656,5.2367346e-07,7.955765e-05,3.9409306e-06,1.1521106e-08
/home/share/Uni_Eval/HAM10000_clean/ISIC2018/ISIC_0029394.jpg,2,2,0.015184287,1.2868161e-05,0.96682394,4.1542117e-10,0.015954208,0.002024313,3.4953712e-07
/home/share/Uni_Eval/HAM10000_clean/ISIC2018/ISIC_0026844.jpg,2,2,0.029835915,1.0960543e-05,0.9533431,0.00076243,1.1041667e-06,0.016046546,3.333077e-08
/home/share/Uni_Eval/HAM10000_clean/ISIC2018/ISIC_0027374.jpg,2,2,3.21756e-05,4.5627542e-07,0.9999552,2.276575e-07,1.0920309e-06,1.0788088e-05,1.2134636e-07
/home/share/Uni_Eval/HAM10000_clean/ISIC2018/ISIC_0025507.jpg,2,2,0.0017077352,2.6447196e-05,0.9976653,1.1364647e-09,0.0004757956,0.00012463122,7.829571e-08
/home/share/Uni_Eval/HAM10000_clean/ISIC2018/ISIC_0028336.jpg,2,2,0.0011867794,0.27365386,0.72280806,9.875732e-05,7.87987e-05,0.0021729793,7.611001e-07
/home/share/Uni_Eval/HAM10000_clean/ISIC2018/ISIC_0025838.jpg,2,2,0.00081129454,7.472584e-06,0.81105673,2.4957717e-05,0.045589503,0.14250945,5.580268e-07
/home/share/Uni_Eval/HAM10000_clean/ISIC2018/ISIC_0027780.jpg,2,2,5.9182843e-05,0.000106217274,0.99907315,3.8242865e-06,0.00043965233,0.00027405855,4.3930824e-05
/home/share/Uni_Eval/HAM10000_clean/ISIC2018/ISIC_0024592.jpg,2,2,1.5002504e-08,2.2110115e-05,0.9987613,1.6286658e-05,1.6563256e-06,0.0011971134,1.589278e-06
/home/share/Uni_Eval/HAM10000_clean/ISIC2018/ISIC_0030721.jpg,2,1,3.9240902e-05,0.9994862,0.0004472599,1.1327837e-07,3.7251505e-06,2.0559673e-05,2.7943868e-06
/home/share/Uni_Eval/HAM10000_clean/ISIC2018/ISIC_0032168.jpg,2,2,0.00026641117,8.906587e-08,0.951741,1.1517037e-05,0.015323514,0.03265036,7.1361846e-06
/home/share/Uni_Eval/HAM10000_clean/ISIC2018/ISIC_0024505.jpg,2,2,0.018417777,6.574909e-06,0.93747836,3.1586782e-09,0.002233478,0.041863717,2.8584285e-08
/home/share/Uni_Eval/HAM10000_clean/ISIC2018/ISIC_0024626.jpg,2,2,0.00071850093,3.2396943e-07,0.99445623,3.2986864e-07,0.0004182594,0.00440644,5.6866374e-09
/home/share/Uni_Eval/HAM10000_clean/ISIC2018/ISIC_0024971.jpg,2,2,0.0023737848,1.6921554e-06,0.7566735,5.0711386e-09,0.23727754,0.003673488,3.918136e-08
/home/share/Uni_Eval/HAM10000_clean/ISIC2018/ISIC_0025485.jpg,2,2,0.005476762,3.083738e-07,0.9783844,1.491583e-10,0.013995316,0.0021433283,5.5186607e-08
/home/share/Uni_Eval/HAM10000_clean/ISIC2018/ISIC_0028856.jpg,2,2,7.205411e-05,1.021698e-07,0.9611151,8.480124e-06,0.018592272,0.020194726,1.7255656e-05
/home/share/Uni_Eval/HAM10000_clean/ISIC2018/ISIC_0030095.jpg,2,2,0.00016604745,1.2554524e-07,0.88427675,2.8614135e-08,0.02882891,0.08672745,7.355596e-07
/home/share/Uni_Eval/HAM10000_clean/ISIC2018/ISIC_0024883.jpg,2,5,4.3723598e-05,4.8771803e-05,0.24236386,4.6989812e-06,0.31005564,0.4474349,4.8464673e-05
/home/share/Uni_Eval/HAM10000_clean/ISIC2018/ISIC_0027295.jpg,2,2,0.00940163,8.330743e-06,0.9543876,0.00036860773,0.0015194326,0.03431378,6.227856e-07
/home/share/Uni_Eval/HAM10000_clean/ISIC2018/ISIC_0032156.jpg,2,2,0.0016716901,2.4863452e-06,0.95165193,1.3233694e-07,0.019264823,0.027408946,8.3219325e-09
/home/share/Uni_Eval/HAM10000_clean/ISIC2018/ISIC_0030783.jpg,2,2,0.004621278,0.0003137188,0.669907,1.0151899e-06,0.13883945,0.18631648,1.1374556e-06
/home/share/Uni_Eval/HAM10000_clean/ISIC2018/ISIC_0030459.jpg,2,2,0.00037414808,1.481167e-08,0.9958456,8.6001906e-10,0.0034578121,0.00032241188,6.4394055e-09
/home/share/Uni_Eval/HAM10000_clean/ISIC2018/ISIC_0026861.jpg,2,4,0.005465248,0.0007391593,0.007841514,7.961706e-09,0.9803366,0.0056175324,6.3006556e-09
/home/share/Uni_Eval/HAM10000_clean/ISIC2018/ISIC_0030208.jpg,2,2,0.00013143058,3.6970528e-06,0.9998493,2.944937e-06,1.7267583e-07,1.220646e-05,2.059684e-07
/home/share/Uni_Eval/HAM10000_clean/ISIC2018/ISIC_0030723.jpg,2,0,0.495347,0.017385928,0.48722503,3.299242e-06,5.29353e-06,3.3460194e-05,5.4907265e-08
/home/share/Uni_Eval/HAM10000_clean/ISIC2018/ISIC_0027969.jpg,2,2,0.00079669786,4.4951317e-05,0.9986696,7.90271e-07,2.292823e-05,0.00043694742,2.811954e-05
/home/share/Uni_Eval/HAM10000_clean/ISIC2018/ISIC_0031851.jpg,2,2,0.00013203907,2.7771982e-06,0.99980587,3.6664628e-07,5.5518496e-05,3.4069708e-06,4.8187275e-08
/home/share/Uni_Eval/HAM10000_clean/ISIC2018/ISIC_0029420.jpg,2,2,4.673952e-06,2.8290518e-07,0.9626078,1.719453e-09,0.0001748615,0.03721229,1.2452066e-10
/home/share/Uni_Eval/HAM10000_clean/ISIC2018/ISIC_0024381.jpg,2,2,4.2121435e-05,7.240486e-05,0.99959797,1.526594e-07,0.00028587013,1.5654848e-06,1.8579947e-11
/home/share/Uni_Eval/HAM10000_clean/ISIC2018/ISIC_0029991.jpg,2,0,0.5597012,0.41047534,0.0035583065,0.02499812,2.143393e-05,0.00034459436,0.00090100995
/home/share/Uni_Eval/HAM10000_clean/ISIC2018/ISIC_0031168.jpg,2,2,0.07817176,8.855055e-06,0.9217506,1.9147076e-06,2.1128426e-05,4.568683e-05,2.2904448e-08
/home/share/Uni_Eval/HAM10000_clean/ISIC2018/ISIC_0024547.jpg,2,5,0.0013005763,8.21018e-07,0.32964116,9.097887e-06,0.30814895,0.36089933,8.1652615e-08
/home/share/Uni_Eval/HAM10000_clean/ISIC2018/ISIC_0029897.jpg,2,2,1.7792787e-05,3.4701967e-05,0.99991095,1.6644942e-07,3.045802e-08,3.602478e-05,2.0925835e-07
/home/share/Uni_Eval/HAM10000_clean/ISIC2018/ISIC_0027006.jpg,2,2,1.1697404e-06,0.0013428482,0.9982161,1.729432e-06,0.00019696374,0.00024090536,2.569684e-07
/home/share/Uni_Eval/HAM10000_clean/ISIC2018/ISIC_0028881.jpg,2,5,3.1894604e-05,9.735115e-05,0.0033234803,3.5327113e-07,0.20914236,0.7874037,8.43032e-07
/home/share/Uni_Eval/HAM10000_clean/ISIC2018/ISIC_0029311.jpg,2,2,0.000993244,1.6546329e-06,0.9989594,3.0318367e-07,1.5337554e-06,4.394325e-05,2.058578e-08
/home/share/Uni_Eval/HAM10000_clean/ISIC2018/ISIC_0025973.jpg,2,2,0.10114971,0.00020895022,0.8090997,9.667682e-07,0.062165122,0.027374608,8.754436e-07
/home/share/Uni_Eval/HAM10000_clean/ISIC2018/ISIC_0031580.jpg,2,2,0.0052298685,0.0006602359,0.93156505,8.694285e-05,0.025219288,0.037238363,2.8288594e-07
/home/share/Uni_Eval/HAM10000_clean/ISIC2018/ISIC_0028389.jpg,2,2,0.0020831272,3.0001493e-05,0.99612063,0.0012551765,1.5802266e-06,0.00050946895,2.9965146e-09
/home/share/Uni_Eval/HAM10000_clean/ISIC2018/ISIC_0028750.jpg,2,2,0.00094107166,5.3992084e-05,0.98174036,4.033623e-08,0.016951535,0.00030651296,6.404284e-06
/home/share/Uni_Eval/HAM10000_clean/ISIC2018/ISIC_0026378.jpg,2,2,0.03858315,5.786062e-05,0.8028902,5.866656e-09,0.08244608,0.07602267,1.2439104e-08
/home/share/Uni_Eval/HAM10000_clean/ISIC2018/ISIC_0030683.jpg,2,2,0.00035155792,6.711763e-05,0.3712142,5.6017086e-07,0.3020356,0.32631478,1.6190566e-05
/home/share/Uni_Eval/HAM10000_clean/ISIC2018/ISIC_0025883.jpg,2,1,0.00032843213,0.62190306,0.37471232,9.47477e-05,0.0017487362,0.0011960207,1.6619268e-05
/home/share/Uni_Eval/HAM10000_clean/ISIC2018/ISIC_0031050.jpg,2,2,5.1184568e-08,3.3314855e-06,0.99961543,1.2979374e-09,0.00026690468,0.00011383134,4.6342834e-07
/home/share/Uni_Eval/HAM10000_clean/ISIC2018/ISIC_0026316.jpg,2,4,0.0068077818,4.9296053e-05,0.12552878,3.2961933e-07,0.69804585,0.16956674,1.2718269e-06
/home/share/Uni_Eval/HAM10000_clean/ISIC2018/ISIC_0031522.jpg,2,2,0.028381877,0.096458144,0.8391618,7.374155e-06,0.022993043,0.012603631,0.00039413496
/home/share/Uni_Eval/HAM10000_clean/ISIC2018/ISIC_0032024.jpg,2,0,0.8916837,0.0014335513,0.09050919,7.230641e-08,2.8369217e-05,0.016343959,1.2506094e-06
/home/share/Uni_Eval/HAM10000_clean/ISIC2018/ISIC_0025374.jpg,2,2,0.0014930924,1.176704e-06,0.7358032,7.5279684e-07,0.15804799,0.1046533,5.0578046e-07
/home/share/Uni_Eval/HAM10000_clean/ISIC2018/ISIC_0026365.jpg,2,5,0.0015542464,3.4423463e-06,0.015291506,8.35284e-07,0.0002834269,0.98286587,7.249042e-07
/home/share/Uni_Eval/HAM10000_clean/ISIC2018/ISIC_0028656.jpg,2,5,1.7471155e-05,2.4033102e-07,0.4064146,1.7190614e-05,0.025093276,0.5684572,1.583126e-08
/home/share/Uni_Eval/HAM10000_clean/ISIC2018/ISIC_0031716.jpg,2,2,0.28055033,0.01215495,0.7071003,3.1017514e-08,0.00017224396,1.7746033e-05,4.365965e-06
/home/share/Uni_Eval/HAM10000_clean/ISIC2018/ISIC_0027893.jpg,2,5,2.5018406e-05,7.4222926e-09,0.4837459,2.133721e-06,0.021281999,0.49494472,1.6510849e-07
/home/share/Uni_Eval/HAM10000_clean/ISIC2018/ISIC_0030318.jpg,2,2,4.8858287e-06,1.1773318e-08,0.9906607,1.4068172e-09,1.8915709e-05,0.009315364,6.3735093e-09
/home/share/Uni_Eval/HAM10000_clean/ISIC2018/ISIC_0028749.jpg,2,2,0.016838694,3.3564065e-05,0.7126823,6.53719e-07,0.26409778,0.0063406657,6.3787834e-06
/home/share/Uni_Eval/HAM10000_clean/ISIC2018/ISIC_0026961.jpg,2,2,9.9671715e-06,1.1653142e-06,0.89890474,7.8885996e-08,0.016735027,0.084349036,2.4054282e-08
/home/share/Uni_Eval/HAM10000_clean/ISIC2018/ISIC_0025040.jpg,2,5,6.459703e-05,0.00040641477,0.28862238,1.4136394e-05,0.05304237,0.65784657,3.6027955e-06
/home/share/Uni_Eval/HAM10000_clean/ISIC2018/ISIC_0026704.jpg,2,4,0.00021886139,7.699724e-05,0.18034643,1.0436783e-07,0.8107633,0.008587562,6.847717e-06
/home/share/Uni_Eval/HAM10000_clean/ISIC2018/ISIC_0029302.jpg,2,2,2.8667162e-05,7.826037e-08,0.9998622,2.5370424e-08,7.3492425e-05,3.521373e-05,3.4753091e-07
/home/share/Uni_Eval/HAM10000_clean/ISIC2018/ISIC_0030310.jpg,2,2,0.00011924465,6.378568e-09,0.688476,3.2711538e-09,0.022981724,0.288423,4.2239182e-10
/home/share/Uni_Eval/HAM10000_clean/ISIC2018/ISIC_0028229.jpg,2,0,0.5943551,0.0007279715,0.27848166,1.3502168e-07,0.12587784,0.000557332,2.4137452e-09
/home/share/Uni_Eval/HAM10000_clean/ISIC2018/ISIC_0025068.jpg,2,4,0.047117967,0.0010981782,0.12136376,1.0264705e-08,0.8301443,0.00027572268,9.55856e-08
/home/share/Uni_Eval/HAM10000_clean/ISIC2018/ISIC_0028943.jpg,2,2,0.024516331,0.00012769742,0.91474384,6.037918e-08,0.060602166,9.801454e-06,6.876475e-08
/home/share/Uni_Eval/HAM10000_clean/ISIC2018/ISIC_0031980.jpg,2,2,0.000803345,3.167812e-05,0.99751675,5.6814016e-09,0.0014447983,0.00020345494,3.901128e-08
/home/share/Uni_Eval/HAM10000_clean/ISIC2018/ISIC_0028611.jpg,2,3,7.307532e-05,0.00022347593,1.4385239e-05,0.9917774,0.0012871687,0.0066217906,2.7462856e-06
/home/share/Uni_Eval/HAM10000_clean/ISIC2018/ISIC_0027509.jpg,2,2,0.0040747933,2.927899e-05,0.9942755,3.155929e-07,0.0009672937,0.0006527981,6.9670247e-09
/home/share/Uni_Eval/HAM10000_clean/ISIC2018/ISIC_0030240.jpg,2,2,0.19649069,3.2001833e-05,0.79395133,7.0632655e-07,0.0023975403,0.0071277195,1.0800587e-08
/home/share/Uni_Eval/HAM10000_clean/ISIC2018/ISIC_0026871.jpg,2,2,0.0053176703,0.0004336953,0.95412296,8.335979e-07,0.03656248,0.0024755502,0.001086876
/home/share/Uni_Eval/HAM10000_clean/ISIC2018/ISIC_0027859.jpg,2,2,0.0043089376,9.553292e-06,0.84418595,1.5268657e-08,0.11589062,0.03557848,2.6453214e-05
/home/share/Uni_Eval/HAM10000_clean/ISIC2018/ISIC_0029329.jpg,2,1,0.00017361288,0.8995913,0.09679661,4.8476244e-07,0.0020795364,0.0013511021,7.2578277e-06
/home/share/Uni_Eval/HAM10000_clean/ISIC2018/ISIC_0028913.jpg,2,2,0.19784765,0.00013567119,0.78073496,0.00076164905,0.00067909516,0.019838594,2.4505825e-06
/home/share/Uni_Eval/HAM10000_clean/ISIC2018/ISIC_0028165.jpg,2,2,0.005012498,0.00013503189,0.959269,1.470132e-06,0.00055571226,0.03502218,4.072892e-06
/home/share/Uni_Eval/HAM10000_clean/ISIC2018/ISIC_0031465.jpg,2,2,4.545025e-06,5.6469133e-07,0.99878687,5.7969103e-08,7.450106e-06,0.0012004911,6.3524888e-09
/home/share/Uni_Eval/HAM10000_clean/ISIC2018/ISIC_0031000.jpg,2,2,0.01326186,0.00027957614,0.6908417,1.0371774e-07,0.29519358,0.00042303707,1.8560142e-07
/home/share/Uni_Eval/HAM10000_clean/ISIC2018/ISIC_0026276.jpg,2,2,0.0043151253,3.5962992e-06,0.99567515,2.4192584e-10,3.8857797e-06,2.2671584e-06,2.8002878e-10
/home/share/Uni_Eval/HAM10000_clean/ISIC2018/ISIC_0027435.jpg,2,2,0.00010991436,0.0021014065,0.9977617,1.0558118e-08,7.803305e-06,9.977249e-06,9.162635e-06
/home/share/Uni_Eval/HAM10000_clean/ISIC2018/ISIC_0028294.jpg,2,2,0.009763354,0.00022501878,0.98994255,2.3451339e-09,6.6855915e-05,1.8574931e-06,1.8231883e-07
/home/share/Uni_Eval/HAM10000_clean/ISIC2018/ISIC_0026803.jpg,2,2,0.000106784166,4.164825e-07,0.99966824,2.4150426e-09,0.00016587136,4.888683e-05,9.733315e-06
/home/share/Uni_Eval/HAM10000_clean/ISIC2018/ISIC_0026016.jpg,2,2,3.4437235e-06,1.0072715e-06,0.99473464,4.1759712e-10,0.0051569394,0.00010322868,7.0983083e-07
/home/share/Uni_Eval/HAM10000_clean/ISIC2018/ISIC_0029505.jpg,2,2,7.741238e-06,5.611043e-06,0.9808506,6.7827614e-08,0.0021040502,0.01691814,0.00011375081
/home/share/Uni_Eval/HAM10000_clean/ISIC2018/ISIC_0026069.jpg,2,2,0.00024518112,3.3200864e-05,0.99968183,6.930798e-10,3.1118674e-05,5.8846404e-06,2.7741937e-06
/home/share/Uni_Eval/HAM10000_clean/ISIC2018/ISIC_0031528.jpg,2,2,0.008672502,0.00070294616,0.88492805,6.861802e-05,0.02003796,0.08553965,5.0272152e-05
/home/share/Uni_Eval/HAM10000_clean/ISIC2018/ISIC_0028490.jpg,2,2,0.18975455,1.2579903e-06,0.78419787,1.6318292e-08,0.026042761,3.4668933e-06,2.2222842e-08
/home/share/Uni_Eval/HAM10000_clean/ISIC2018/ISIC_0031987.jpg,2,2,5.4361223e-08,5.0821463e-06,0.99954295,7.615634e-08,7.379995e-06,0.00044455638,1.5946855e-09
/home/share/Uni_Eval/HAM10000_clean/ISIC2018/ISIC_0026631.jpg,2,4,2.5879906e-06,5.8542223e-06,0.26572013,4.593508e-11,0.7342557,1.5798156e-05,5.96645e-09
/home/share/Uni_Eval/HAM10000_clean/ISIC2018/ISIC_0025710.jpg,2,2,1.9193672e-07,1.3401541e-07,0.99999964,2.0017675e-11,1.2178688e-09,2.215084e-10,2.3599995e-11
/home/share/Uni_Eval/HAM10000_clean/ISIC2018/ISIC_0030123.jpg,2,2,0.00014671346,2.5744632e-05,0.9987087,5.50806e-07,0.00019406222,0.0009240206,2.6108108e-07
/home/share/Uni_Eval/HAM10000_clean/ISIC2018/ISIC_0029872.jpg,2,2,3.6897745e-05,0.0006265774,0.99882215,7.038511e-05,0.00017531645,0.00026777014,9.4909984e-07
/home/share/Uni_Eval/HAM10000_clean/ISIC2018/ISIC_0026530.jpg,2,2,0.0012439351,4.132487e-07,0.9890064,3.992884e-09,0.0005059771,0.009240769,2.598612e-06
/home/share/Uni_Eval/HAM10000_clean/ISIC2018/ISIC_0032498.jpg,2,2,0.00045359216,1.1491262e-05,0.99261135,4.398464e-09,0.003837185,0.0030847543,1.5936374e-06
/home/share/Uni_Eval/HAM10000_clean/ISIC2018/ISIC_0029778.jpg,2,2,1.1208533e-06,5.0491894e-06,0.99983454,7.7396345e-12,5.9884518e-05,9.9219185e-05,6.561844e-08
/home/share/Uni_Eval/HAM10000_clean/ISIC2018/ISIC_0029555.jpg,2,2,0.00022893226,8.9068413e-07,0.99975055,1.5529029e-09,8.7101535e-07,4.5273373e-06,1.4338304e-05
/home/share/Uni_Eval/HAM10000_clean/ISIC2018/ISIC_0030173.jpg,2,2,5.8739263e-10,1.5715575e-07,0.99987555,8.700283e-09,1.2308505e-05,0.0001119264,1.268277e-07
/home/share/Uni_Eval/HAM10000_clean/ISIC2018/ISIC_0029012.jpg,2,2,2.0265857e-06,1.5455706e-05,0.9805417,4.073956e-08,0.00021157713,0.019227667,1.5501045e-06
/home/share/Uni_Eval/HAM10000_clean/ISIC2018/ISIC_0032170.jpg,2,5,1.468407e-07,1.5216421e-09,0.14444105,3.35969e-06,5.572501e-05,0.8549137,0.0005860619
/home/share/Uni_Eval/HAM10000_clean/ISIC2018/ISIC_0033460.jpg,2,4,6.981994e-07,4.3279235e-07,0.06623271,1.7281994e-09,0.9193507,0.01441546,1.2219647e-08
/home/share/Uni_Eval/HAM10000_clean/ISIC2018/ISIC_0033199.jpg,2,2,0.00020340737,7.925942e-06,0.98970747,6.074336e-08,0.010067513,1.3210211e-05,3.2937822e-07
/home/share/Uni_Eval/HAM10000_clean/ISIC2018/ISIC_0028411.jpg,2,2,1.1466336e-09,2.3050956e-07,0.99991393,1.9768445e-06,1.8142613e-07,8.3593266e-05,5.9643235e-10
/home/share/Uni_Eval/HAM10000_clean/ISIC2018/ISIC_0032681.jpg,2,2,0.00027442275,4.0784457e-06,0.9996512,3.2156876e-08,6.037024e-05,9.965932e-06,2.4921956e-08
/home/share/Uni_Eval/HAM10000_clean/ISIC2018/ISIC_0033509.jpg,2,2,0.00021546982,2.4920496e-07,0.9997627,6.5556396e-09,4.1030194e-06,1.7450084e-05,1.0647081e-09
/home/share/Uni_Eval/HAM10000_clean/ISIC2018/ISIC_0032636.jpg,2,2,0.0013451248,0.0011209362,0.8749978,1.7125886e-06,0.089396946,0.033130612,6.897791e-06
/home/share/Uni_Eval/HAM10000_clean/ISIC2018/ISIC_0034167.jpg,2,2,5.430724e-07,2.4322992e-06,0.9978454,2.125888e-06,0.0011073825,0.0010416992,3.1959607e-07
/home/share/Uni_Eval/HAM10000_clean/ISIC2018/ISIC_0032271.jpg,2,2,9.132946e-05,3.6656527e-07,0.9988931,3.5249338e-11,0.0002393479,0.00077592663,2.3753236e-08
/home/share/Uni_Eval/HAM10000_clean/ISIC2018/ISIC_0027142.jpg,2,2,7.5959514e-07,1.8405297e-08,0.99984705,2.284494e-08,4.1695024e-08,0.00015205218,2.0450631e-08
/home/share/Uni_Eval/HAM10000_clean/ISIC2018/ISIC_0031396.jpg,2,2,3.1442862e-06,1.4948348e-06,0.999838,2.0383955e-06,1.9841688e-07,0.00015500671,9.386665e-08
/home/share/Uni_Eval/HAM10000_clean/ISIC2018/ISIC_0027370.jpg,2,2,1.3528933e-06,1.8100897e-08,0.99999857,6.8358568e-09,2.2190365e-09,1.2599958e-07,2.7038606e-08
/home/share/Uni_Eval/HAM10000_clean/ISIC2018/ISIC_0026566.jpg,2,2,0.0048907436,1.5316724e-05,0.99386555,8.169703e-05,6.0980627e-05,0.000572175,0.0005136296
/home/share/Uni_Eval/HAM10000_clean/ISIC2018/ISIC_0031511.jpg,2,2,1.1252032e-07,8.139812e-11,0.9999976,1.2077597e-07,7.089005e-08,1.6656606e-06,3.2687137e-07
/home/share/Uni_Eval/HAM10000_clean/ISIC2018/ISIC_0030316.jpg,2,2,5.63858e-08,1.672652e-07,0.999961,1.2279404e-08,1.9374998e-07,3.862089e-05,6.800099e-09
/home/share/Uni_Eval/HAM10000_clean/ISIC2018/ISIC_0029345.jpg,2,2,3.163863e-06,1.3417366e-06,0.99823016,1.7083597e-07,2.9257757e-05,0.0017358295,1.1432681e-07
/home/share/Uni_Eval/HAM10000_clean/ISIC2018/ISIC_0026846.jpg,2,2,6.207718e-07,0.00018600038,0.9997968,3.2827559e-06,1.8427458e-07,9.987021e-06,3.1231743e-06
/home/share/Uni_Eval/HAM10000_clean/ISIC2018/ISIC_0032460.jpg,2,2,1.9300489e-05,6.048502e-05,0.99919635,4.0227574e-06,1.4943619e-07,0.0007195664,1.2329926e-07
/home/share/Uni_Eval/HAM10000_clean/ISIC2018/ISIC_0027025.jpg,2,2,4.77792e-07,2.2046036e-09,0.99981135,2.7546645e-07,6.870877e-08,0.00018774462,1.6225803e-09
/home/share/Uni_Eval/HAM10000_clean/ISIC2018/ISIC_0030088.jpg,2,2,9.7262695e-05,6.7754125e-05,0.991366,5.235288e-05,6.844228e-06,0.008407494,2.2377942e-06
/home/share/Uni_Eval/HAM10000_clean/ISIC2018/ISIC_0025392.jpg,2,2,1.4776057e-07,3.4843524e-08,0.9955363,7.1442567e-09,3.3396728e-07,0.0044467924,1.6373911e-05
/home/share/Uni_Eval/HAM10000_clean/ISIC2018/ISIC_0026783.jpg,2,2,0.00023033755,1.07237265e-05,0.99948174,3.0151264e-06,4.3651293e-05,0.0002305318,5.0437745e-08
/home/share/Uni_Eval/HAM10000_clean/ISIC2018/ISIC_0025330.jpg,2,2,2.397956e-05,1.3320026e-08,0.99997306,1.0131989e-08,1.2396238e-10,2.98896e-06,3.862962e-08
/home/share/Uni_Eval/HAM10000_clean/ISIC2018/ISIC_0027275.jpg,2,2,1.8644252e-07,5.776729e-06,0.99855644,2.1372195e-07,5.9909405e-07,0.0014300775,6.6706325e-06
/home/share/Uni_Eval/HAM10000_clean/ISIC2018/ISIC_0029233.jpg,2,2,4.9529144e-06,3.0423783e-07,0.99999416,3.2137304e-08,9.34882e-08,5.560791e-07,4.273011e-10
/home/share/Uni_Eval/HAM10000_clean/ISIC2018/ISIC_0032359.jpg,2,2,1.9795415e-11,2.2487885e-09,0.9978375,3.907395e-08,2.2839818e-07,0.0021621154,1.4204643e-07
/home/share/Uni_Eval/HAM10000_clean/ISIC2018/ISIC_0029048.jpg,2,2,8.622716e-10,1.2102416e-06,0.99990225,4.0024104e-09,1.3050082e-09,9.630006e-05,2.6722643e-07
/home/share/Uni_Eval/HAM10000_clean/ISIC2018/ISIC_0028925.jpg,2,2,0.0010828106,4.076466e-08,0.99888223,5.6889867e-06,4.617513e-09,6.490824e-07,2.851898e-05
/home/share/Uni_Eval/HAM10000_clean/ISIC2018/ISIC_0027008.jpg,3,3,1.3652143e-06,0.07543886,6.1152105e-06,0.91922015,0.0007662121,7.952872e-05,0.0044877673
/home/share/Uni_Eval/HAM10000_clean/ISIC2018/ISIC_0032468.jpg,3,3,1.8136919e-07,2.1129525e-08,2.947757e-08,0.9999958,1.8081129e-06,1.7421482e-06,4.166011e-07
/home/share/Uni_Eval/HAM10000_clean/ISIC2018/ISIC_0030555.jpg,3,5,0.00096334796,0.0018630943,0.0140806325,0.44854644,0.02567571,0.48643756,0.022433255
/home/share/Uni_Eval/HAM10000_clean/ISIC2018/ISIC_0030244.jpg,3,3,6.032761e-09,3.540366e-06,9.289369e-08,0.9984225,4.3452803e-07,0.0015730325,3.9819662e-07
/home/share/Uni_Eval/HAM10000_clean/ISIC2018/ISIC_0025668.jpg,3,5,2.3382415e-07,6.5267704e-07,0.0038217427,0.3256155,0.0001710992,0.6697735,0.00061720936
/home/share/Uni_Eval/HAM10000_clean/ISIC2018/ISIC_0033790.jpg,3,3,2.6781628e-08,4.968771e-09,4.6818303e-07,0.9887655,0.0066052605,0.004468902,0.0001598294
/home/share/Uni_Eval/HAM10000_clean/ISIC2018/ISIC_0029039.jpg,3,2,0.026429504,0.0035903119,0.5634339,0.38067663,7.942914e-06,0.02586143,2.6481277e-07
/home/share/Uni_Eval/HAM10000_clean/ISIC2018/ISIC_0027107.jpg,3,3,1.5593898e-08,5.073624e-10,9.724242e-09,0.9999988,5.879306e-07,5.858803e-07,5.054646e-09
/home/share/Uni_Eval/HAM10000_clean/ISIC2018/ISIC_0024973.jpg,3,3,0.0001332441,0.0052815843,2.5899419e-05,0.9885096,0.005880646,0.00016895645,1.0521469e-07
/home/share/Uni_Eval/HAM10000_clean/ISIC2018/ISIC_0025622.jpg,3,3,3.8153525e-09,9.356235e-07,1.1181711e-05,0.98176306,0.018134857,8.992734e-05,6.5071795e-08
/home/share/Uni_Eval/HAM10000_clean/ISIC2018/ISIC_0033626.jpg,3,3,1.0151319e-11,2.1827154e-10,4.190046e-09,0.9999981,1.5753029e-06,3.8736854e-07,1.47832955e-08
/home/share/Uni_Eval/HAM10000_clean/ISIC2018/ISIC_0033891.jpg,3,3,3.8461523e-10,3.7756877e-08,7.676677e-08,0.9996624,3.7168602e-06,0.00033336444,3.683097e-07
/home/share/Uni_Eval/HAM10000_clean/ISIC2018/ISIC_0033005.jpg,3,3,1.1599696e-08,3.027776e-08,2.6721008e-07,0.999213,6.775258e-05,0.0007129791,5.928618e-06
/home/share/Uni_Eval/HAM10000_clean/ISIC2018/ISIC_0033847.jpg,3,3,3.08295e-11,4.3174958e-10,4.2586382e-08,0.998319,2.540266e-06,0.001677301,1.1652056e-06
/home/share/Uni_Eval/HAM10000_clean/ISIC2018/ISIC_0026471.jpg,3,3,9.4473364e-07,7.007023e-08,0.0001273046,0.99910235,2.2382444e-06,0.0004995492,0.00026757055
/home/share/Uni_Eval/HAM10000_clean/ISIC2018/ISIC_0026629.jpg,3,3,0.03478884,0.00016901462,0.0011070954,0.88822967,0.0012915293,0.073583946,0.00082987157
/home/share/Uni_Eval/HAM10000_clean/ISIC2018/ISIC_0025771.jpg,3,3,1.9299493e-14,2.7666335e-11,6.214769e-08,0.99999964,7.97036e-10,2.574133e-07,4.2053774e-09
/home/share/Uni_Eval/HAM10000_clean/ISIC2018/ISIC_0030623.jpg,4,5,4.2420258e-08,2.7785163e-07,2.068256e-06,4.68574e-09,0.033494588,0.9665005,2.5430209e-06
/home/share/Uni_Eval/HAM10000_clean/ISIC2018/ISIC_0032396.jpg,4,4,0.0010832703,1.771626e-05,0.0010823146,0.00012706852,0.93416977,0.06351463,5.4083357e-06
/home/share/Uni_Eval/HAM10000_clean/ISIC2018/ISIC_0028445.jpg,4,5,1.0393993e-05,9.23036e-05,2.8401577e-05,2.9568237e-06,0.28195208,0.71791375,4.037053e-08
/home/share/Uni_Eval/HAM10000_clean/ISIC2018/ISIC_0029512.jpg,4,5,2.3575058e-05,1.1171971e-05,0.0011352352,3.3682034e-05,0.47548553,0.52331054,2.7649122e-07
/home/share/Uni_Eval/HAM10000_clean/ISIC2018/ISIC_0028579.jpg,4,5,5.3312266e-10,6.078969e-07,6.2084414e-06,5.6237013e-08,0.19915408,0.8008316,7.430305e-06
/home/share/Uni_Eval/HAM10000_clean/ISIC2018/ISIC_0031953.jpg,4,5,7.0446745e-06,5.8175497e-06,5.967712e-05,1.9333138e-06,0.2597608,0.7401604,4.369039e-06
/home/share/Uni_Eval/HAM10000_clean/ISIC2018/ISIC_0032079.jpg,4,4,8.2763996e-05,0.09669387,0.094566904,0.042987574,0.6546298,0.11100016,3.882609e-05
/home/share/Uni_Eval/HAM10000_clean/ISIC2018/ISIC_0026150.jpg,4,4,2.8481628e-07,1.1020492e-05,0.0054641594,7.448429e-08,0.56368524,0.43083733,1.8462036e-06
/home/share/Uni_Eval/HAM10000_clean/ISIC2018/ISIC_0031642.jpg,4,4,3.9997383e-10,1.9944886e-07,1.1703333e-05,1.335619e-06,0.7576507,0.24233596,1.0758207e-07
/home/share/Uni_Eval/HAM10000_clean/ISIC2018/ISIC_0029000.jpg,4,4,0.00065953936,1.8367298e-05,2.018067e-05,3.915466e-05,0.9413816,0.057874754,6.4048622e-06
/home/share/Uni_Eval/HAM10000_clean/ISIC2018/ISIC_0025751.jpg,4,4,2.2049298e-07,8.5738945e-09,0.00042625854,2.4631161e-08,0.9380731,0.061500363,3.283345e-08
/home/share/Uni_Eval/HAM10000_clean/ISIC2018/ISIC_0026892.jpg,4,4,0.00032534046,0.011324735,0.023163546,5.9665624e-08,0.80791646,0.15726857,1.3209446e-06
/home/share/Uni_Eval/HAM10000_clean/ISIC2018/ISIC_0028291.jpg,4,4,0.00050003285,8.236786e-07,0.07807058,7.605772e-06,0.86049646,0.06092428,1.3283487e-07
/home/share/Uni_Eval/HAM10000_clean/ISIC2018/ISIC_0027769.jpg,4,4,0.0033633874,0.00013314767,0.009331648,3.2641285e-05,0.9080879,0.07901893,3.2317475e-05
/home/share/Uni_Eval/HAM10000_clean/ISIC2018/ISIC_0030445.jpg,4,1,0.15059705,0.61190563,0.13186574,0.03374549,0.04181569,0.02033127,0.0097390935
/home/share/Uni_Eval/HAM10000_clean/ISIC2018/ISIC_0025155.jpg,4,4,5.8112533e-07,1.1837649e-06,0.0024560797,6.66463e-07,0.990227,0.007313783,6.0409263e-07
/home/share/Uni_Eval/HAM10000_clean/ISIC2018/ISIC_0027102.jpg,4,4,5.86824e-06,9.557787e-06,7.5924116e-05,7.354019e-07,0.999689,0.00021864656,3.4187363e-07
/home/share/Uni_Eval/HAM10000_clean/ISIC2018/ISIC_0032046.jpg,4,4,2.945346e-06,1.4195024e-07,0.022037284,2.2628214e-08,0.95314485,0.024813468,1.2739667e-06
/home/share/Uni_Eval/HAM10000_clean/ISIC2018/ISIC_0029630.jpg,4,4,1.281858e-05,7.718201e-09,0.07151168,4.432782e-09,0.9251798,0.0032956712,3.4216033e-08
/home/share/Uni_Eval/HAM10000_clean/ISIC2018/ISIC_0031941.jpg,4,4,2.0565727e-09,6.251534e-09,0.0012020123,2.040877e-08,0.99824584,0.00055213046,3.7969214e-09
/home/share/Uni_Eval/HAM10000_clean/ISIC2018/ISIC_0031586.jpg,4,4,1.2604827e-06,2.6772693e-06,0.00023220094,2.2167333e-08,0.99826497,0.0014989097,7.1537345e-09
/home/share/Uni_Eval/HAM10000_clean/ISIC2018/ISIC_0027261.jpg,4,4,0.00081115466,0.004162106,7.2563285e-05,0.00022093892,0.588213,0.40651062,9.592537e-06
/home/share/Uni_Eval/HAM10000_clean/ISIC2018/ISIC_0024675.jpg,4,5,0.00025770222,6.0053367e-06,2.4333005e-05,1.0466634e-05,0.4103543,0.5893445,2.6994392e-06
/home/share/Uni_Eval/HAM10000_clean/ISIC2018/ISIC_0025891.jpg,4,4,0.00010923039,2.029274e-07,0.0028007068,1.1650162e-05,0.6711314,0.32593167,1.5147554e-05
/home/share/Uni_Eval/HAM10000_clean/ISIC2018/ISIC_0031189.jpg,4,4,2.9468415e-08,9.895666e-08,4.3552394e-05,1.2491156e-06,0.99981123,0.00014395041,3.4800833e-09
/home/share/Uni_Eval/HAM10000_clean/ISIC2018/ISIC_0034006.jpg,4,2,2.1877238e-05,0.06118281,0.63515186,5.1376132e-06,0.27964237,0.02393835,5.7649235e-05
/home/share/Uni_Eval/HAM10000_clean/ISIC2018/ISIC_0028696.jpg,4,4,7.676802e-11,1.1190838e-06,0.00045166718,1.4567409e-05,0.7381338,0.26139346,5.3944e-06
/home/share/Uni_Eval/HAM10000_clean/ISIC2018/ISIC_0028325.jpg,4,4,3.4513735e-07,1.5560417e-07,0.0015948957,1.6238322e-05,0.93291414,0.06547425,2.100414e-08
/home/share/Uni_Eval/HAM10000_clean/ISIC2018/ISIC_0028489.jpg,4,5,2.3727883e-07,8.491677e-07,0.0054638716,7.0979816e-08,0.010593956,0.9839393,1.6573164e-06
/home/share/Uni_Eval/HAM10000_clean/ISIC2018/ISIC_0028969.jpg,4,4,0.0008430269,1.4080561e-05,0.008005227,3.849756e-08,0.95078665,0.04035082,1.3104415e-07
/home/share/Uni_Eval/HAM10000_clean/ISIC2018/ISIC_0033496.jpg,4,4,2.4941388e-10,3.3907814e-11,8.882049e-05,1.5507256e-06,0.8490618,0.15084767,1.3688111e-07
/home/share/Uni_Eval/HAM10000_clean/ISIC2018/ISIC_0033573.jpg,4,4,2.8473496e-05,1.6372447e-08,0.0010435957,3.8083854e-08,0.8485997,0.15032825,8.7374685e-09
/home/share/Uni_Eval/HAM10000_clean/ISIC2018/ISIC_0030828.jpg,4,4,2.5089578e-06,2.266061e-07,0.021173676,2.9668154e-06,0.8031366,0.17568082,3.281833e-06
/home/share/Uni_Eval/HAM10000_clean/ISIC2018/ISIC_0033931.jpg,4,4,0.006850153,0.0007489239,0.061192002,1.987299e-05,0.9291249,0.00206403,1.1377357e-07
/home/share/Uni_Eval/HAM10000_clean/ISIC2018/ISIC_0033268.jpg,4,4,8.957984e-05,7.3164614e-05,0.07220697,0.00047055134,0.7811296,0.14603014,5.2469492e-08
/home/share/Uni_Eval/HAM10000_clean/ISIC2018/ISIC_0033428.jpg,4,5,9.056881e-08,5.211152e-08,0.021291846,3.7920438e-06,0.37817642,0.60052776,1.60347e-08
/home/share/Uni_Eval/HAM10000_clean/ISIC2018/ISIC_0033152.jpg,4,5,8.6030246e-07,1.0208218e-05,0.034892518,5.063528e-07,0.0015491745,0.96350056,4.6211273e-05
/home/share/Uni_Eval/HAM10000_clean/ISIC2018/ISIC_0034236.jpg,4,4,9.66105e-06,2.2566567e-08,3.133594e-05,1.1347707e-07,0.98479307,0.0151658235,9.37962e-10
/home/share/Uni_Eval/HAM10000_clean/ISIC2018/ISIC_0025987.jpg,4,5,0.0031690153,3.8444374e-05,0.014933615,3.1259584e-05,0.3436111,0.63820904,7.6031665e-06
/home/share/Uni_Eval/HAM10000_clean/ISIC2018/ISIC_0032447.jpg,4,4,2.9718087e-05,5.466665e-05,0.09791475,4.1179715e-07,0.89840615,0.00359242,2.0066145e-06
/home/share/Uni_Eval/HAM10000_clean/ISIC2018/ISIC_0033831.jpg,4,4,7.3922576e-11,2.15645e-11,2.2624661e-05,5.625364e-11,0.99975795,0.00021945947,1.033407e-09
/home/share/Uni_Eval/HAM10000_clean/ISIC2018/ISIC_0032583.jpg,4,4,1.1160827e-06,5.7431407e-05,0.0013560653,0.00064287806,0.94220525,0.055732317,4.8734405e-06
/home/share/Uni_Eval/HAM10000_clean/ISIC2018/ISIC_0034294.jpg,4,4,4.5373683e-09,2.5482834e-09,1.0625928e-05,1.08090665e-08,0.99942386,0.0005655573,2.7260269e-08
/home/share/Uni_Eval/HAM10000_clean/ISIC2018/ISIC_0032984.jpg,4,1,0.0070629213,0.66398597,0.0436027,0.0013997969,0.282996,0.00087636115,7.6220655e-05
/home/share/Uni_Eval/HAM10000_clean/ISIC2018/ISIC_0033802.jpg,4,4,3.952608e-08,1.0337653e-09,0.005278336,2.2531346e-07,0.93007225,0.06464908,1.197011e-07
/home/share/Uni_Eval/HAM10000_clean/ISIC2018/ISIC_0032993.jpg,4,4,4.477494e-09,5.265385e-08,2.2355202e-07,1.2787384e-10,0.99973947,0.00026021266,7.944275e-11
/home/share/Uni_Eval/HAM10000_clean/ISIC2018/ISIC_0033804.jpg,4,4,5.8958953e-09,5.382399e-10,3.8078455e-05,2.6019e-06,0.7900996,0.2098399,1.9873834e-05
/home/share/Uni_Eval/HAM10000_clean/ISIC2018/ISIC_0032774.jpg,4,4,4.219051e-07,1.2067437e-08,0.0010160421,9.9115184e-08,0.9989405,4.1223706e-05,1.6062097e-06
/home/share/Uni_Eval/HAM10000_clean/ISIC2018/ISIC_0032840.jpg,4,4,8.3483627e-07,1.2872111e-06,0.00031924783,2.4569108e-05,0.9626574,0.036993336,3.3437427e-06
/home/share/Uni_Eval/HAM10000_clean/ISIC2018/ISIC_0034208.jpg,4,4,6.789974e-06,2.859703e-05,0.00066535955,1.493951e-06,0.98966074,0.009636911,2.861323e-09
/home/share/Uni_Eval/HAM10000_clean/ISIC2018/ISIC_0033287.jpg,4,4,2.7292704e-09,1.508452e-08,2.1994987e-05,1.4334565e-09,0.9910671,0.0089109605,3.3867048e-11
/home/share/Uni_Eval/HAM10000_clean/ISIC2018/ISIC_0033286.jpg,4,4,1.1409869e-06,4.5456205e-10,3.3941099e-06,9.942068e-12,0.9999825,1.2995068e-05,1.4719172e-11
/home/share/Uni_Eval/HAM10000_clean/ISIC2018/ISIC_0033175.jpg,4,4,2.346426e-06,5.661175e-08,0.0008688938,2.8203052e-05,0.68019915,0.318901,3.7845965e-07
/home/share/Uni_Eval/HAM10000_clean/ISIC2018/ISIC_0033942.jpg,4,4,2.3933117e-07,3.7369706e-08,0.09196022,0.00039402468,0.9073777,0.00026577045,2.0517298e-06
/home/share/Uni_Eval/HAM10000_clean/ISIC2018/ISIC_0032522.jpg,4,4,9.968675e-05,1.1530405e-07,0.0021995169,6.5513217e-09,0.97157866,0.026121916,1.0916043e-08
/home/share/Uni_Eval/HAM10000_clean/ISIC2018/ISIC_0033272.jpg,4,4,0.026507635,0.00016499223,0.13727455,7.939849e-06,0.7887086,0.047254894,8.134298e-05
/home/share/Uni_Eval/HAM10000_clean/ISIC2018/ISIC_0033004.jpg,4,5,2.1934156e-10,1.4375479e-09,9.779938e-06,2.523121e-06,0.08675037,0.91323733,5.7568176e-08
/home/share/Uni_Eval/HAM10000_clean/ISIC2018/ISIC_0032511.jpg,4,4,0.00012377916,3.155286e-05,0.03688177,6.7185195e-09,0.9617342,0.0012286997,5.515612e-10
/home/share/Uni_Eval/HAM10000_clean/ISIC2018/ISIC_0034085.jpg,4,4,3.1020695e-09,2.1961334e-07,5.2285113e-06,1.8573269e-06,0.9368344,0.0631583,7.563352e-09
/home/share/Uni_Eval/HAM10000_clean/ISIC2018/ISIC_0033299.jpg,4,4,2.3729943e-07,5.1336833e-08,0.00016668985,2.8544147e-07,0.99973434,9.75678e-05,6.968953e-07
/home/share/Uni_Eval/HAM10000_clean/ISIC2018/ISIC_0033779.jpg,4,5,3.5850246e-06,1.3403664e-05,3.6289603e-05,5.426336e-05,0.2315323,0.76836014,9.3957425e-08
/home/share/Uni_Eval/HAM10000_clean/ISIC2018/ISIC_0034065.jpg,4,5,4.3816995e-06,1.5749592e-05,0.0032730259,4.952371e-06,0.25731972,0.7393781,4.105018e-06
/home/share/Uni_Eval/HAM10000_clean/ISIC2018/ISIC_0033038.jpg,4,4,0.0021942065,1.6707485e-05,0.04530025,3.2821445e-05,0.61915153,0.33330446,1.400824e-10
/home/share/Uni_Eval/HAM10000_clean/ISIC2018/ISIC_0033630.jpg,4,4,3.2534874e-05,1.8738369e-08,0.0009656829,9.697448e-09,0.9989949,6.8574604e-06,3.648684e-11
/home/share/Uni_Eval/HAM10000_clean/ISIC2018/ISIC_0034150.jpg,4,4,7.3965424e-07,6.1088116e-07,0.04079504,8.71254e-05,0.9438777,0.015238293,4.716087e-07
/home/share/Uni_Eval/HAM10000_clean/ISIC2018/ISIC_0032915.jpg,4,4,0.32725358,0.0069030235,0.00746617,0.006598439,0.6506963,2.623165e-05,0.0010562523
/home/share/Uni_Eval/HAM10000_clean/ISIC2018/ISIC_0028460.jpg,4,4,0.00015882726,8.5387546e-05,0.00074756535,5.4550395e-07,0.99804175,0.00095379364,1.2094279e-05
/home/share/Uni_Eval/HAM10000_clean/ISIC2018/ISIC_0033883.jpg,4,4,1.4422805e-05,8.0413834e-08,0.0012023235,7.424591e-08,0.61638945,0.38239366,1.0899988e-08
/home/share/Uni_Eval/HAM10000_clean/ISIC2018/ISIC_0034005.jpg,4,2,8.504928e-06,3.411666e-05,0.8821813,0.00061099563,0.113026835,0.004131803,6.5244376e-06
/home/share/Uni_Eval/HAM10000_clean/ISIC2018/ISIC_0033872.jpg,4,4,4.961097e-07,3.240586e-07,0.00032283633,0.0003645875,0.96891654,0.030395279,4.4628905e-09
/home/share/Uni_Eval/HAM10000_clean/ISIC2018/ISIC_0032547.jpg,4,4,4.682542e-12,4.6962562e-11,5.4439383e-08,5.968974e-10,0.9997799,0.00022016403,9.6590756e-11
/home/share/Uni_Eval/HAM10000_clean/ISIC2018/ISIC_0032806.jpg,4,4,2.5883134e-07,1.1170518e-10,2.2251374e-05,8.878126e-09,0.9408146,0.05916294,1.02747796e-10
/home/share/Uni_Eval/HAM10000_clean/ISIC2018/ISIC_0033569.jpg,4,4,3.9243133e-07,9.809302e-07,0.00036828232,2.885858e-07,0.9943738,0.0052562277,5.8551418e-08
/home/share/Uni_Eval/HAM10000_clean/ISIC2018/ISIC_0032810.jpg,4,4,8.617209e-07,2.0573501e-05,0.00018707688,1.2233545e-07,0.98726636,0.012524792,1.4797352e-07
/home/share/Uni_Eval/HAM10000_clean/ISIC2018/ISIC_0032517.jpg,4,4,4.2104183e-08,1.4439179e-06,0.0002094966,1.045988e-06,0.96113056,0.03865737,2.2915321e-08
/home/share/Uni_Eval/HAM10000_clean/ISIC2018/ISIC_0034022.jpg,4,5,1.7348823e-08,1.997564e-09,2.5171006e-05,1.1845624e-10,0.004585457,0.99538934,2.2536324e-09
/home/share/Uni_Eval/HAM10000_clean/ISIC2018/ISIC_0033444.jpg,4,5,0.0005309023,1.0687565e-06,9.94142e-06,5.357602e-06,0.3294237,0.670029,1.0510392e-07
/home/share/Uni_Eval/HAM10000_clean/ISIC2018/ISIC_0032695.jpg,4,4,3.9350846e-07,8.717775e-06,0.000752609,1.9516778e-08,0.99922967,8.702747e-06,3.016997e-10
/home/share/Uni_Eval/HAM10000_clean/ISIC2018/ISIC_0026430.jpg,4,4,0.0013069834,1.0141163e-05,0.0022174402,3.088587e-07,0.9841972,0.012267902,2.3038382e-08
/home/share/Uni_Eval/HAM10000_clean/ISIC2018/ISIC_0032968.jpg,4,0,0.5799153,0.02975761,0.06596429,1.2091981e-06,0.31298468,0.011368351,8.537866e-06
/home/share/Uni_Eval/HAM10000_clean/ISIC2018/ISIC_0029265.jpg,4,4,0.03761454,0.0006019317,0.021084512,7.4570187e-07,0.94029516,0.00040165018,1.4442757e-06
/home/share/Uni_Eval/HAM10000_clean/ISIC2018/ISIC_0034205.jpg,4,5,0.00049336755,0.006366297,0.047982637,4.8231428e-05,0.3117565,0.6333388,1.4192231e-05
/home/share/Uni_Eval/HAM10000_clean/ISIC2018/ISIC_0033612.jpg,4,4,0.004230095,4.9759827e-05,0.1665903,0.00013938344,0.5239886,0.30498314,1.8793538e-05
/home/share/Uni_Eval/HAM10000_clean/ISIC2018/ISIC_0033616.jpg,4,4,5.781596e-07,2.1577723e-07,0.0009270955,1.4437436e-08,0.5363697,0.46270245,1.3789752e-09
/home/share/Uni_Eval/HAM10000_clean/ISIC2018/ISIC_0029606.jpg,4,4,5.373275e-06,7.7817566e-07,0.0021886863,3.8111186e-05,0.98990726,0.007852588,7.217793e-06
/home/share/Uni_Eval/HAM10000_clean/ISIC2018/ISIC_0032597.jpg,4,5,3.688291e-08,1.0977247e-08,0.0027733361,1.6741103e-09,0.3553152,0.6419114,2.0651776e-09
/home/share/Uni_Eval/HAM10000_clean/ISIC2018/ISIC_0032982.jpg,4,5,1.4088873e-05,0.016145289,0.00033870648,6.2688614e-06,0.08822607,0.89519715,7.244433e-05
/home/share/Uni_Eval/HAM10000_clean/ISIC2018/ISIC_0033226.jpg,4,5,9.772045e-07,1.2540951e-08,0.10347816,2.3164193e-10,0.23722015,0.6593007,2.8627336e-09
/home/share/Uni_Eval/HAM10000_clean/ISIC2018/ISIC_0033670.jpg,4,5,1.9240389e-07,1.3745614e-10,0.0024051294,9.333277e-09,0.48226815,0.5153265,2.803962e-09
/home/share/Uni_Eval/HAM10000_clean/ISIC2018/ISIC_0034107.jpg,4,5,0.00021650264,6.9334277e-07,7.9859674e-05,1.6265293e-06,0.13572088,0.86398005,2.9367976e-07
/home/share/Uni_Eval/HAM10000_clean/ISIC2018/ISIC_0033055.jpg,4,4,6.972652e-08,4.3916117e-08,5.198429e-06,2.4319015e-05,0.98074645,0.01922396,3.7227768e-09
/home/share/Uni_Eval/HAM10000_clean/ISIC2018/ISIC_0033061.jpg,4,4,3.836143e-07,7.931257e-05,0.038015302,1.7280317e-05,0.93321073,0.018388122,0.01028887
/home/share/Uni_Eval/HAM10000_clean/ISIC2018/ISIC_0033696.jpg,4,4,7.7834066e-08,0.0015955712,4.129853e-05,3.2353077e-07,0.9981402,0.00014489278,7.7557954e-05
/home/share/Uni_Eval/HAM10000_clean/ISIC2018/ISIC_0027234.jpg,4,4,6.086496e-06,9.12446e-06,0.13331468,8.2362546e-13,0.7783593,0.0883106,1.4793422e-07
/home/share/Uni_Eval/HAM10000_clean/ISIC2018/ISIC_0032918.jpg,4,4,0.00029457294,2.0512958e-05,0.030359535,8.081183e-08,0.9624906,0.00683472,1.6405889e-09
/home/share/Uni_Eval/HAM10000_clean/ISIC2018/ISIC_0028520.jpg,4,4,1.2374282e-09,1.3602782e-09,0.00020602302,3.920879e-12,0.99977344,2.0482923e-05,7.932557e-10
/home/share/Uni_Eval/HAM10000_clean/ISIC2018/ISIC_0032807.jpg,4,4,9.3183615e-08,5.2025594e-06,0.00428778,1.2009717e-10,0.98187673,0.013829623,5.763035e-07
/home/share/Uni_Eval/HAM10000_clean/ISIC2018/ISIC_0032645.jpg,4,5,2.6637026e-05,1.1456814e-05,0.0052585076,3.7567127e-09,0.17979139,0.8149112,7.9293096e-07
/home/share/Uni_Eval/HAM10000_clean/ISIC2018/ISIC_0033807.jpg,4,4,0.000118061565,1.8955194e-05,0.00089967507,1.1434437e-05,0.9989434,8.177959e-06,3.5707183e-07
/home/share/Uni_Eval/HAM10000_clean/ISIC2018/ISIC_0033454.jpg,4,4,4.773868e-07,1.9659185e-05,0.1389485,1.6653143e-08,0.7807257,0.08030533,3.2718606e-07
/home/share/Uni_Eval/HAM10000_clean/ISIC2018/ISIC_0032960.jpg,4,4,0.073781304,0.00010856846,0.0051282113,4.5919537e-06,0.92095804,1.908654e-05,1.6346864e-07
/home/share/Uni_Eval/HAM10000_clean/ISIC2018/ISIC_0033773.jpg,4,4,6.9808434e-06,2.6008908e-07,0.00031317837,5.940743e-09,0.97514784,0.024531748,6.3883565e-10
/home/share/Uni_Eval/HAM10000_clean/ISIC2018/ISIC_0033730.jpg,4,4,2.598731e-08,2.6540166e-09,0.00032081542,2.2696882e-10,0.99948394,0.00019517094,1.6051457e-10
/home/share/Uni_Eval/HAM10000_clean/ISIC2018/ISIC_0033805.jpg,4,4,4.7840367e-06,6.5076106e-06,0.00027616022,1.5274865e-05,0.62286067,0.37683576,8.847367e-07
/home/share/Uni_Eval/HAM10000_clean/ISIC2018/ISIC_0027204.jpg,4,2,5.4761713e-05,8.495394e-06,0.8600123,1.1836748e-09,0.13074255,0.009181643,2.9496093e-07
/home/share/Uni_Eval/HAM10000_clean/ISIC2018/ISIC_0033178.jpg,4,4,7.379562e-07,0.004743447,0.004153089,1.920085e-05,0.9875343,0.0034575677,9.171445e-05
/home/share/Uni_Eval/HAM10000_clean/ISIC2018/ISIC_0033023.jpg,4,4,3.4083553e-07,7.6894764e-08,0.007616385,2.7926193e-08,0.98954445,0.002838696,2.2850765e-08
/home/share/Uni_Eval/HAM10000_clean/ISIC2018/ISIC_0027069.jpg,4,4,0.01583494,0.0016280678,0.0005142412,4.114159e-06,0.9786871,0.0033305676,9.4906e-07
/home/share/Uni_Eval/HAM10000_clean/ISIC2018/ISIC_0026545.jpg,4,4,4.0008977e-06,5.1360765e-09,3.4342087e-05,4.600212e-08,0.9477372,0.05222407,3.9851116e-07
/home/share/Uni_Eval/HAM10000_clean/ISIC2018/ISIC_0026268.jpg,4,4,0.00056560145,6.920198e-05,0.0009566122,4.0787977e-08,0.998257,0.00013264631,1.88947e-05
/home/share/Uni_Eval/HAM10000_clean/ISIC2018/ISIC_0027282.jpg,4,4,0.0005776636,9.1295027e-07,0.0009493187,6.441348e-06,0.9757125,0.022752857,3.669142e-07
/home/share/Uni_Eval/HAM10000_clean/ISIC2018/ISIC_0028463.jpg,4,4,1.2023158e-07,6.565601e-07,0.0007525756,2.769159e-07,0.91267353,0.08657273,8.191914e-08
/home/share/Uni_Eval/HAM10000_clean/ISIC2018/ISIC_0024823.jpg,4,4,2.8987276e-07,0.008801206,0.011057508,4.017996e-07,0.77499676,0.09574816,0.10939581
/home/share/Uni_Eval/HAM10000_clean/ISIC2018/ISIC_0025512.jpg,4,4,9.631404e-08,0.0006890131,0.013778081,0.0001097161,0.8519329,0.133477,1.32163195e-05
/home/share/Uni_Eval/HAM10000_clean/ISIC2018/ISIC_0027622.jpg,4,4,4.1051956e-07,4.1469883e-07,8.3753825e-05,5.502778e-10,0.9329854,0.066929966,3.927428e-09
/home/share/Uni_Eval/HAM10000_clean/ISIC2018/ISIC_0026167.jpg,4,4,2.5239166e-05,1.1907559e-05,0.0007177285,1.2939857e-08,0.90316176,0.096083365,3.1896604e-08
/home/share/Uni_Eval/HAM10000_clean/ISIC2018/ISIC_0032134.jpg,4,4,1.0650736e-07,9.297549e-09,0.0049994136,3.4142178e-09,0.9906617,0.0043387963,4.1669398e-10
/home/share/Uni_Eval/HAM10000_clean/ISIC2018/ISIC_0030756.jpg,4,4,8.2098103e-07,2.3173068e-07,0.0002318009,8.043178e-08,0.98828274,0.011481742,2.6384905e-06
/home/share/Uni_Eval/HAM10000_clean/ISIC2018/ISIC_0030034.jpg,4,4,6.250119e-06,7.4816107e-06,0.11987698,0.001662402,0.45039245,0.42334855,0.004705898
/home/share/Uni_Eval/HAM10000_clean/ISIC2018/ISIC_0025316.jpg,4,5,8.286007e-07,9.292278e-07,8.9522e-06,3.2007677e-07,0.04956645,0.9504224,8.087778e-08
/home/share/Uni_Eval/HAM10000_clean/ISIC2018/ISIC_0028760.jpg,4,5,4.1913122e-11,2.2637785e-06,1.9253572e-07,1.0395679e-07,0.004661176,0.9953359,3.7580864e-07
/home/share/Uni_Eval/HAM10000_clean/ISIC2018/ISIC_0028003.jpg,4,5,1.4877243e-08,2.3835856e-10,3.340191e-05,3.8436724e-06,0.41966483,0.58029795,1.9452868e-08
/home/share/Uni_Eval/HAM10000_clean/ISIC2018/ISIC_0025145.jpg,4,4,2.5288557e-08,3.191403e-10,0.00034521733,1.4183419e-06,0.9420313,0.057618976,3.0391395e-06
/home/share/Uni_Eval/HAM10000_clean/ISIC2018/ISIC_0029172.jpg,4,4,0.00011432733,3.2050636e-07,0.0014368861,1.4351055e-09,0.9970163,0.0014320605,2.823509e-10
/home/share/Uni_Eval/HAM10000_clean/ISIC2018/ISIC_0028543.jpg,4,4,3.046625e-07,2.3475807e-06,0.0008907719,1.0987118e-10,0.7508624,0.24824418,1.4680931e-09
/home/share/Uni_Eval/HAM10000_clean/ISIC2018/ISIC_0027130.jpg,4,4,0.0005678096,8.0840355e-06,0.019560795,8.811322e-08,0.94612116,0.033742145,1.5070133e-09
/home/share/Uni_Eval/HAM10000_clean/ISIC2018/ISIC_0026094.jpg,4,5,1.2342068e-05,2.4634386e-05,0.0012506705,1.3566878e-05,0.051709272,0.9469895,1.07561995e-07
/home/share/Uni_Eval/HAM10000_clean/ISIC2018/ISIC_0024525.jpg,4,4,3.539044e-05,1.4310885e-07,0.20592001,9.0606214e-08,0.75793445,0.03610982,2.144607e-09
/home/share/Uni_Eval/HAM10000_clean/ISIC2018/ISIC_0026009.jpg,4,5,0.0050844536,3.9008005e-06,0.25586998,4.4405347e-06,0.08109442,0.6579132,2.9558161e-05
/home/share/Uni_Eval/HAM10000_clean/ISIC2018/ISIC_0027030.jpg,4,4,0.0006554182,6.466839e-07,0.0006789869,1.9528029e-10,0.9982614,0.00040343843,2.7806799e-10
/home/share/Uni_Eval/HAM10000_clean/ISIC2018/ISIC_0026796.jpg,4,2,0.0008066487,2.1860993e-08,0.5112175,3.467532e-05,0.42209965,0.0658414,1.8441668e-07
/home/share/Uni_Eval/HAM10000_clean/ISIC2018/ISIC_0026604.jpg,4,2,0.00974543,0.0014695987,0.68406206,6.090951e-06,0.30147323,0.0032404272,3.2096261e-06
/home/share/Uni_Eval/HAM10000_clean/ISIC2018/ISIC_0024952.jpg,4,4,1.5745168e-06,5.9377564e-10,7.927409e-06,3.6662797e-08,0.9946344,0.005356079,1.98469e-09
/home/share/Uni_Eval/HAM10000_clean/ISIC2018/ISIC_0032192.jpg,4,0,0.55909556,1.4962985e-06,0.0016295555,8.458808e-06,0.43464494,0.004619979,1.8539637e-08
/home/share/Uni_Eval/HAM10000_clean/ISIC2018/ISIC_0024323.jpg,4,4,0.0005564255,2.2305942e-08,0.0011703944,5.2697537e-06,0.9809887,0.01727913,4.3165674e-08
/home/share/Uni_Eval/HAM10000_clean/ISIC2018/ISIC_0027436.jpg,4,2,0.016107976,0.010701558,0.44131744,8.179917e-06,0.13297443,0.39888972,6.108561e-07
/home/share/Uni_Eval/HAM10000_clean/ISIC2018/ISIC_0031915.jpg,4,2,1.8160907e-06,1.8536415e-08,0.42204428,5.58101e-06,0.3394444,0.23850392,7.2974004e-08
/home/share/Uni_Eval/HAM10000_clean/ISIC2018/ISIC_0026847.jpg,4,4,0.0015713249,6.501225e-05,0.002233106,1.2387818e-06,0.9946918,0.0014374,5.4696038e-08
/home/share/Uni_Eval/HAM10000_clean/ISIC2018/ISIC_0029958.jpg,4,4,0.0005875241,4.0946124e-06,0.37063769,9.204323e-10,0.5940394,0.034731016,2.0188803e-07
/home/share/Uni_Eval/HAM10000_clean/ISIC2018/ISIC_0031170.jpg,4,4,0.00073231885,1.0036211e-05,0.24773543,3.0545903e-06,0.74311626,0.008402898,7.933488e-09
/home/share/Uni_Eval/HAM10000_clean/ISIC2018/ISIC_0024652.jpg,4,4,0.0008986261,3.533403e-06,0.0769339,3.190812e-06,0.91719854,0.0049622143,3.48472e-09
/home/share/Uni_Eval/HAM10000_clean/ISIC2018/ISIC_0030653.jpg,4,4,1.1434751e-05,0.00012223164,0.0013035765,2.1004167e-05,0.954693,0.04380474,4.404936e-05
/home/share/Uni_Eval/HAM10000_clean/ISIC2018/ISIC_0026652.jpg,4,4,0.0068706307,2.2593572e-06,0.023843644,0.057251807,0.73219,0.17984033,1.3628326e-06
/home/share/Uni_Eval/HAM10000_clean/ISIC2018/ISIC_0029885.jpg,4,5,0.014157969,0.053695224,0.016306456,0.00029711306,0.2873503,0.6281578,3.5139004e-05
/home/share/Uni_Eval/HAM10000_clean/ISIC2018/ISIC_0025814.jpg,4,4,7.837544e-05,1.8298353e-07,0.040423818,0.015037447,0.88924414,0.055213027,2.9533567e-06
/home/share/Uni_Eval/HAM10000_clean/ISIC2018/ISIC_0031550.jpg,4,4,0.00010287739,1.5816275e-05,0.003740302,3.0262383e-06,0.6243318,0.37180233,3.89114e-06
/home/share/Uni_Eval/HAM10000_clean/ISIC2018/ISIC_0029893.jpg,4,2,0.124553815,0.000165819,0.4418723,3.316694e-08,0.42225197,0.011156021,1.2113985e-09
/home/share/Uni_Eval/HAM10000_clean/ISIC2018/ISIC_0031417.jpg,4,5,0.002490995,8.747797e-05,0.00023903759,2.4520073e-06,0.05371022,0.9434697,4.76996e-08
/home/share/Uni_Eval/HAM10000_clean/ISIC2018/ISIC_0024647.jpg,4,4,0.0017190841,0.10989293,0.2709082,1.0271112e-07,0.6105893,0.0068903053,2.4241476e-08
/home/share/Uni_Eval/HAM10000_clean/ISIC2018/ISIC_0028567.jpg,4,4,3.334332e-07,2.7877338e-06,0.102917396,1.0495825e-05,0.6537951,0.2432701,3.7558739e-06
/home/share/Uni_Eval/HAM10000_clean/ISIC2018/ISIC_0031203.jpg,4,5,0.005001783,7.2634226e-05,0.36504525,1.7627728e-05,0.09896194,0.5309004,2.9799506e-07
/home/share/Uni_Eval/HAM10000_clean/ISIC2018/ISIC_0024679.jpg,4,4,0.0003644538,3.111086e-08,0.16388828,8.660638e-09,0.8249962,0.010751096,4.6146192e-10
/home/share/Uni_Eval/HAM10000_clean/ISIC2018/ISIC_0026690.jpg,4,4,1.13540345e-05,1.0024091e-06,0.14902653,1.9299021e-07,0.7889407,0.062020086,3.0817446e-08
/home/share/Uni_Eval/HAM10000_clean/ISIC2018/ISIC_0032269.jpg,4,4,0.0017085242,9.338383e-09,0.00096347264,2.1348638e-08,0.99687237,0.000455566,8.637532e-09
/home/share/Uni_Eval/HAM10000_clean/ISIC2018/ISIC_0028218.jpg,4,4,2.4803394e-05,5.661997e-07,0.31347865,2.964167e-07,0.6391937,0.04728929,1.2635164e-05
/home/share/Uni_Eval/HAM10000_clean/ISIC2018/ISIC_0025105.jpg,4,4,0.0005183862,8.369218e-07,0.02379269,0.00089953636,0.5475571,0.42722905,2.363684e-06
/home/share/Uni_Eval/HAM10000_clean/ISIC2018/ISIC_0025766.jpg,4,5,0.00047797602,0.00502367,0.0012588309,7.793441e-06,0.26802418,0.7252011,6.4800565e-06
/home/share/Uni_Eval/HAM10000_clean/ISIC2018/ISIC_0031410.jpg,4,4,6.9427855e-09,9.708397e-07,1.0234957e-05,5.6961795e-07,0.9999826,4.127633e-06,1.4871302e-06
/home/share/Uni_Eval/HAM10000_clean/ISIC2018/ISIC_0025573.jpg,4,4,0.0005295049,7.517127e-07,0.012077773,1.0827264e-06,0.98245597,0.0049349167,2.0139545e-08
/home/share/Uni_Eval/HAM10000_clean/ISIC2018/ISIC_0032149.jpg,4,4,0.0003436985,2.710287e-05,0.06934817,1.3105719e-08,0.83508354,0.09519738,1.3261665e-09
/home/share/Uni_Eval/HAM10000_clean/ISIC2018/ISIC_0026802.jpg,4,4,0.0037797152,4.3052623e-06,0.043098293,5.4860484e-05,0.51903874,0.4338483,0.00017577132
/home/share/Uni_Eval/HAM10000_clean/ISIC2018/ISIC_0031900.jpg,4,4,0.0011821324,1.2360812e-07,0.06776174,1.7550277e-06,0.8876518,0.04340202,3.9140517e-07
/home/share/Uni_Eval/HAM10000_clean/ISIC2018/ISIC_0031377.jpg,4,5,8.580508e-06,3.1477573e-08,0.06900744,5.2399764e-07,0.3257106,0.6052722,6.9790667e-07
/home/share/Uni_Eval/HAM10000_clean/ISIC2018/ISIC_0031957.jpg,4,4,3.6231718e-06,2.2166228e-07,0.0033421721,2.0099833e-05,0.98140323,0.01522791,2.7777382e-06
/home/share/Uni_Eval/HAM10000_clean/ISIC2018/ISIC_0029021.jpg,4,2,0.0007607359,2.4551585e-07,0.5002709,8.314835e-06,0.15237647,0.34658223,1.0790166e-06
/home/share/Uni_Eval/HAM10000_clean/ISIC2018/ISIC_0025616.jpg,4,5,0.0009388653,5.663e-06,0.32317296,5.964917e-09,0.32608277,0.34979972,1.5238836e-08
/home/share/Uni_Eval/HAM10000_clean/ISIC2018/ISIC_0028968.jpg,4,4,0.00617899,0.00011417895,0.27263388,2.7283307e-09,0.7197085,0.0013642597,1.2464827e-07
/home/share/Uni_Eval/HAM10000_clean/ISIC2018/ISIC_0027797.jpg,4,5,9.7827804e-05,1.2563895e-05,0.0044645583,2.1545166e-06,0.04004381,0.9553785,6.73508e-07
/home/share/Uni_Eval/HAM10000_clean/ISIC2018/ISIC_0029486.jpg,6,6,0.0002834042,0.001724433,0.04623849,0.08094725,0.06297178,0.2655932,0.54224145
/home/share/Uni_Eval/HAM10000_clean/ISIC2018/ISIC_0026092.jpg,6,6,5.391824e-08,2.2178876e-06,2.1839437e-08,5.253974e-10,3.0960058e-07,4.6150413e-07,0.999997
/home/share/Uni_Eval/HAM10000_clean/ISIC2018/ISIC_0031217.jpg,6,6,1.95847e-08,0.00020685213,3.0059155e-07,4.6900496e-08,1.2704752e-06,0.12671146,0.87308
/home/share/Uni_Eval/HAM10000_clean/ISIC2018/ISIC_0032240.jpg,6,6,6.715296e-10,2.3430723e-06,5.970219e-08,4.484674e-05,1.5330351e-06,1.9670767e-06,0.9999492
/home/share/Uni_Eval/HAM10000_clean/ISIC2018/ISIC_0025807.jpg,6,6,3.5036414e-06,1.5895638e-06,1.3783848e-07,5.558807e-09,4.2866912e-05,0.0033728385,0.9965791
/home/share/Uni_Eval/HAM10000_clean/ISIC2018/ISIC_0032745.jpg,6,6,0.00010946315,0.0030443093,0.0002494388,5.09402e-05,0.017492581,0.0017784585,0.9772749
/home/share/Uni_Eval/HAM10000_clean/ISIC2018/ISIC_0032557.jpg,6,6,5.3122967e-05,0.0016185438,0.00020669363,7.638141e-06,0.005311198,0.0047037196,0.98809904
/home/share/Uni_Eval/HAM10000_clean/ISIC2018/ISIC_0033230.jpg,6,1,0.00015695915,0.646107,0.00028667282,0.0026624936,0.008408369,0.03328883,0.30908966
/home/share/Uni_Eval/HAM10000_clean/ISIC2018/ISIC_0033762.jpg,6,6,6.89869e-06,0.012161193,8.045028e-06,0.00260346,0.012550528,6.8752092e-06,0.97266304
/home/share/Uni_Eval/HAM10000_clean/ISIC2018/ISIC_0031090.jpg,6,4,4.1200263e-07,0.00021587663,0.00023116049,5.6527864e-05,0.72746557,0.030513145,0.24151725
/home/share/Uni_Eval/HAM10000_clean/ISIC2018/ISIC_0030606.jpg,6,6,4.188665e-08,3.0501551e-05,3.6926785e-08,3.954326e-09,7.815086e-07,0.00016919122,0.99979943
/home/share/Uni_Eval/HAM10000_clean/ISIC2018/ISIC_0031346.jpg,6,6,0.0007174866,0.022211822,0.002037226,2.5047538e-07,0.00037368218,0.009026076,0.9656334
/home/share/Uni_Eval/HAM10000_clean/ISIC2018/ISIC_0031996.jpg,6,6,4.1601048e-10,1.1980029e-06,9.312503e-08,3.814241e-08,4.3181935e-05,2.1622567e-05,0.99993384
/home/share/Uni_Eval/HAM10000_clean/ISIC2018/ISIC_0029439.jpg,6,6,5.7195765e-10,3.6271328e-07,1.9680538e-08,3.093853e-11,3.4246062e-07,0.0016519461,0.9983473
/home/share/Uni_Eval/HAM10000_clean/ISIC2018/ISIC_0025707.jpg,6,6,9.418379e-10,2.671865e-07,7.418512e-08,4.173092e-08,7.893881e-07,0.009463796,0.99053496
/home/share/Uni_Eval/HAM10000_clean/ISIC2018/ISIC_0027522.jpg,6,6,4.31646e-08,5.0756494e-06,7.5772675e-07,2.2543438e-09,1.09277125e-05,0.012120698,0.9878626
/home/share/Uni_Eval/HAM10000_clean/ISIC2018/ISIC_0028406.jpg,6,6,1.0814897e-09,2.2154326e-08,5.7725157e-07,2.3615587e-10,2.8610683e-07,0.0001844779,0.9998147
/home/share/Uni_Eval/HAM10000_clean/ISIC2018/ISIC_0025250.jpg,6,5,6.237639e-07,2.006133e-05,1.0937129e-06,7.710735e-08,2.1630522e-06,0.5916079,0.4083681
/home/share/Uni_Eval/HAM10000_clean/ISIC2018/ISIC_0027665.jpg,6,6,3.6576896e-06,0.0015837231,2.5558052e-08,9.490749e-09,1.1354282e-06,0.15531792,0.84309345
/home/share/Uni_Eval/HAM10000_clean/ISIC2018/ISIC_0026467.jpg,6,6,2.779155e-08,2.6112319e-05,1.6149318e-08,1.7345253e-09,2.0801723e-07,0.0033582228,0.99661547
/home/share/Uni_Eval/HAM10000_clean/ISIC2018/ISIC_0025680.jpg,6,6,1.4636066e-08,4.500899e-07,2.8963484e-07,1.6813795e-10,5.8024725e-06,0.012905487,0.9870881
/home/share/Uni_Eval/HAM10000_clean/ISIC2018/ISIC_0025718.jpg,1,1,1.6016429e-05,0.9980605,4.7161317e-05,4.9962064e-06,0.001810612,6.3557275e-07,6.0077113e-05
/home/share/Uni_Eval/HAM10000_clean/ISIC2018/ISIC_0028807.jpg,1,1,3.0358166e-07,0.9999856,7.01606e-06,1.729767e-06,5.311594e-06,3.938751e-08,1.2338847e-08
/home/share/Uni_Eval/HAM10000_clean/ISIC2018/ISIC_0024590.jpg,1,1,4.0314524e-05,0.99994326,3.3154706e-07,1.06503144e-07,1.5760452e-05,2.1552668e-07,6.5916073e-09
/home/share/Uni_Eval/HAM10000_clean/ISIC2018/ISIC_0025731.jpg,1,1,2.3176503e-05,0.99994206,7.971616e-07,2.584723e-08,3.2694832e-05,6.642405e-07,5.7731575e-07
/home/share/Uni_Eval/HAM10000_clean/ISIC2018/ISIC_0027858.jpg,1,5,0.0010792549,0.04150763,0.009132588,3.8984194e-07,0.138043,0.8093807,0.00085638306
/home/share/Uni_Eval/HAM10000_clean/ISIC2018/ISIC_0026643.jpg,1,1,0.052590147,0.94656855,0.00039626998,1.87906e-07,2.6505717e-05,1.494145e-05,0.00040338477
/home/share/Uni_Eval/HAM10000_clean/ISIC2018/ISIC_0032139.jpg,1,4,0.0001271532,0.16644111,0.003167353,3.517687e-07,0.6582161,0.17200358,4.4370092e-05
/home/share/Uni_Eval/HAM10000_clean/ISIC2018/ISIC_0027744.jpg,1,1,1.4982439e-06,0.99991024,5.9702206e-06,1.5331764e-07,7.971158e-05,1.997663e-06,3.8926902e-07
/home/share/Uni_Eval/HAM10000_clean/ISIC2018/ISIC_0031640.jpg,1,6,0.021328693,0.08504207,0.34359044,0.0019778598,0.048795976,0.056629837,0.4426351
/home/share/Uni_Eval/HAM10000_clean/ISIC2018/ISIC_0030659.jpg,1,1,1.496027e-05,0.70510775,0.03952899,0.24614915,0.003576145,0.0056011425,2.1879867e-05
/home/share/Uni_Eval/HAM10000_clean/ISIC2018/ISIC_0025513.jpg,1,1,3.093035e-05,0.9467876,0.03715558,0.00100878,0.0013965437,0.013428591,0.00019199518
/home/share/Uni_Eval/HAM10000_clean/ISIC2018/ISIC_0027478.jpg,1,1,0.00034580988,0.9620784,0.0033458776,1.02144995e-05,0.033949595,0.00025859178,1.1502534e-05
/home/share/Uni_Eval/HAM10000_clean/ISIC2018/ISIC_0024573.jpg,1,1,4.6981594e-07,0.99999905,3.287626e-07,6.277857e-09,1.4998888e-07,1.5139602e-08,5.2705884e-09
/home/share/Uni_Eval/HAM10000_clean/ISIC2018/ISIC_0024572.jpg,1,1,2.1898504e-05,0.96975315,0.0055500227,0.000452922,2.4877245e-06,0.020961016,0.0032584956
/home/share/Uni_Eval/HAM10000_clean/ISIC2018/ISIC_0026439.jpg,1,1,0.00628588,0.9566203,0.0136926845,5.473336e-07,0.02055609,0.0025555734,0.00028888337
/home/share/Uni_Eval/HAM10000_clean/ISIC2018/ISIC_0026453.jpg,1,1,2.2310517e-06,0.9998029,7.355467e-05,8.736274e-07,0.000101097765,7.784983e-06,1.1710329e-05
/home/share/Uni_Eval/HAM10000_clean/ISIC2018/ISIC_0033575.jpg,1,1,2.2389291e-05,0.9999366,2.5044155e-05,1.8844377e-09,1.5652544e-05,6.236307e-08,2.332567e-07
/home/share/Uni_Eval/HAM10000_clean/ISIC2018/ISIC_0032894.jpg,1,1,4.130776e-05,0.9989786,5.0212583e-07,1.3518258e-09,0.0009769606,9.875442e-07,1.6611536e-06
/home/share/Uni_Eval/HAM10000_clean/ISIC2018/ISIC_0034255.jpg,1,1,0.00062865077,0.6474578,0.34988204,3.6154224e-06,0.0016767473,0.00035043817,7.382755e-07
/home/share/Uni_Eval/HAM10000_clean/ISIC2018/ISIC_0027544.jpg,1,1,6.692758e-05,0.99564844,0.0010417735,9.6714594e-08,0.00023208714,0.000849453,0.0021611725
/home/share/Uni_Eval/HAM10000_clean/ISIC2018/ISIC_0033354.jpg,1,1,3.36951e-07,0.9999863,5.634973e-07,8.455712e-10,1.2774018e-05,1.553515e-09,1.6590324e-08
/home/share/Uni_Eval/HAM10000_clean/ISIC2018/ISIC_0032857.jpg,1,1,6.048806e-07,0.9982855,0.001374352,6.572514e-07,0.0003378148,6.8826097e-07,2.6608006e-07
/home/share/Uni_Eval/HAM10000_clean/ISIC2018/ISIC_0027786.jpg,1,1,0.0020266925,0.9976853,5.0531376e-06,3.9480648e-07,0.00028006214,3.0842446e-07,2.1371204e-06
/home/share/Uni_Eval/HAM10000_clean/ISIC2018/ISIC_0034095.jpg,1,1,1.4891945e-07,0.99996734,2.2705513e-05,6.9521815e-07,8.519611e-06,5.936883e-07,1.4801003e-09
/home/share/Uni_Eval/HAM10000_clean/ISIC2018/ISIC_0033551.jpg,1,1,5.275279e-05,0.99704677,0.0024766722,7.080652e-07,0.00011176876,0.00027033922,4.10363e-05
/home/share/Uni_Eval/HAM10000_clean/ISIC2018/ISIC_0032536.jpg,1,1,0.00022972752,0.99755174,1.9085398e-07,6.3645476e-09,0.0022135437,3.4963814e-06,1.343382e-06
/home/share/Uni_Eval/HAM10000_clean/ISIC2018/ISIC_0033468.jpg,1,4,0.0001412856,0.31630516,0.010865232,0.008044547,0.6567447,0.00016517725,0.007733905
/home/share/Uni_Eval/HAM10000_clean/ISIC2018/ISIC_0034015.jpg,1,4,0.011164642,0.027515262,0.16951871,0.00016349327,0.79123014,0.00040584817,1.9746267e-06
/home/share/Uni_Eval/HAM10000_clean/ISIC2018/ISIC_0033372.jpg,1,1,2.0647696e-05,0.99997604,3.0052806e-08,2.477916e-08,1.7954443e-06,1.2248187e-06,2.7883016e-07
/home/share/Uni_Eval/HAM10000_clean/ISIC2018/ISIC_0029546.jpg,1,1,0.0044263173,0.9809058,0.008795793,0.003348977,3.3835982e-05,0.002239535,0.0002497703
/home/share/Uni_Eval/HAM10000_clean/ISIC2018/ISIC_0031643.jpg,1,1,0.15838568,0.83946705,0.0011035986,0.0003528369,0.0006906364,6.943266e-08,2.8866983e-08
/home/share/Uni_Eval/HAM10000_clean/ISIC2018/ISIC_0026192.jpg,1,1,2.8250133e-07,0.99999964,1.4036865e-10,9.308964e-11,1.594916e-08,6.547832e-09,5.751773e-10
/home/share/Uni_Eval/HAM10000_clean/ISIC2018/ISIC_0024331.jpg,1,1,0.0017174513,0.99774987,0.00037271224,5.6893998e-05,4.067733e-07,0.000101396865,1.3521018e-06
/home/share/Uni_Eval/HAM10000_clean/ISIC2018/ISIC_0031384.jpg,1,1,0.054168098,0.9092047,0.0101736495,3.2549715e-06,0.0022530828,0.024117658,7.9566926e-05
/home/share/Uni_Eval/HAM10000_clean/ISIC2018/ISIC_0024595.jpg,1,1,1.2448818e-05,0.9744674,0.025504872,3.6047587e-07,1.3024998e-06,1.3631327e-05,1.610257e-08
/home/share/Uni_Eval/HAM10000_clean/ISIC2018/ISIC_0024665.jpg,1,1,0.00010801212,0.9301607,0.00022797035,0.0002851807,0.015419716,0.053795196,3.2335122e-06
/home/share/Uni_Eval/HAM10000_clean/ISIC2018/ISIC_0029129.jpg,1,1,0.04373029,0.9555647,0.00021671208,0.000118634205,0.000267939,0.000101647754,2.442132e-07
/home/share/Uni_Eval/HAM10000_clean/ISIC2018/ISIC_0025433.jpg,1,1,0.00023222672,0.9997621,1.0565242e-06,1.307178e-07,5.9903135e-07,3.6613847e-06,1.3699893e-07
/home/share/Uni_Eval/HAM10000_clean/ISIC2018/ISIC_0026968.jpg,1,1,0.4755616,0.49976385,0.0056460286,0.018739948,0.00022950086,1.8647046e-05,4.0463765e-05
/home/share/Uni_Eval/HAM10000_clean/ISIC2018/ISIC_0026156.jpg,1,1,6.750611e-07,0.99999905,1.09252824e-07,4.45237e-10,7.308926e-08,1.6807525e-07,2.5341562e-10
/home/share/Uni_Eval/HAM10000_clean/ISIC2018/ISIC_0031597.jpg,1,2,0.03023916,0.28031087,0.5071086,1.3493631e-07,0.17083949,0.011500681,1.1119769e-06
/home/share/Uni_Eval/HAM10000_clean/ISIC2018/ISIC_0026798.jpg,1,0,0.58621603,0.39006615,0.0020620432,0.016570305,3.383876e-06,0.005081767,2.9576043e-07
/home/share/Uni_Eval/HAM10000_clean/ISIC2018/ISIC_0027915.jpg,1,1,0.0096377665,0.98910695,8.567164e-06,7.257435e-07,0.001245511,5.151703e-07,2.9359764e-09
/home/share/Uni_Eval/HAM10000_clean/ISIC2018/ISIC_0027189.jpg,1,0,0.60693175,0.3753121,0.016721822,0.00025533704,0.0007390533,3.1081658e-05,8.815133e-06
/home/share/Uni_Eval/HAM10000_clean/ISIC2018/ISIC_0025266.jpg,1,1,0.00015044882,0.99948597,0.00025604756,3.948614e-07,3.2867842e-06,7.730451e-05,2.6481139e-05
/home/share/Uni_Eval/HAM10000_clean/ISIC2018/ISIC_0032307.jpg,1,1,0.038157355,0.9242981,0.030012617,1.1091205e-06,0.0032418726,0.004287544,1.4686455e-06
/home/share/Uni_Eval/HAM10000_clean/ISIC2018/ISIC_0026845.jpg,1,4,0.10718223,0.050342087,0.121407986,0.00082053215,0.5774396,0.016991323,0.12581627
/home/share/Uni_Eval/HAM10000_clean/ISIC2018/ISIC_0024448.jpg,1,1,0.00020092344,0.9995023,0.0002777478,4.827493e-06,1.0789024e-05,3.148643e-06,2.8980762e-07
/home/share/Uni_Eval/HAM10000_clean/ISIC2018/ISIC_0031258.jpg,1,1,4.458918e-06,0.9999713,6.428911e-06,8.672555e-08,5.521896e-07,1.6967188e-05,1.855485e-07
/home/share/Uni_Eval/HAM10000_clean/ISIC2018/ISIC_0030197.jpg,1,1,8.920177e-05,0.99990284,7.9723674e-07,1.0863016e-06,5.986933e-06,1.1897397e-08,7.172777e-08
/home/share/Uni_Eval/HAM10000_clean/ISIC2018/ISIC_0028989.jpg,1,1,0.00049012434,0.9995034,2.0908e-06,4.1162234e-06,2.6372018e-07,5.6775358e-09,5.2298293e-10
/home/share/Uni_Eval/HAM10000_clean/ISIC2018/ISIC_0031728.jpg,1,1,8.636929e-05,0.9554404,0.0001388014,6.310192e-07,0.0005374086,0.043796156,1.6556528e-07
/home/share/Uni_Eval/HAM10000_clean/ISIC2018/ISIC_0029082.jpg,1,1,0.005377879,0.9938239,0.0007415406,3.4945835e-05,2.2111333e-06,1.5855132e-05,3.6129807e-06
/home/share/Uni_Eval/HAM10000_clean/ISIC2018/ISIC_0025601.jpg,1,1,0.0005770591,0.99744785,0.00026163115,3.7562413e-06,0.0006762428,0.0010318845,1.5888902e-06
/home/share/Uni_Eval/HAM10000_clean/ISIC2018/ISIC_0025362.jpg,1,1,5.1629704e-05,0.9999312,1.4618179e-05,4.127785e-09,2.4487392e-06,8.230987e-08,5.6684724e-09
/home/share/Uni_Eval/HAM10000_clean/ISIC2018/ISIC_0027093.jpg,1,1,4.254111e-06,0.9999957,2.9530351e-08,3.8848907e-12,3.8393506e-09,4.4479265e-09,6.468949e-11
/home/share/Uni_Eval/HAM10000_clean/ISIC2018/ISIC_0032246.jpg,1,1,0.23524064,0.7557073,0.008184889,3.6261802e-08,0.0007974596,6.287994e-05,6.8701925e-06
/home/share/Uni_Eval/HAM10000_clean/ISIC2018/ISIC_0027229.jpg,1,1,8.448854e-05,0.9998791,4.3217574e-06,3.3409204e-08,6.813957e-06,1.5550297e-05,9.706916e-06
/home/share/Uni_Eval/HAM10000_clean/ISIC2018/ISIC_0027004.jpg,1,1,0.0039971443,0.9956072,6.3809275e-05,1.2572295e-07,0.00016686293,0.00015576418,9.100875e-06
/home/share/Uni_Eval/HAM10000_clean/ISIC2018/ISIC_0031171.jpg,1,0,0.975115,0.024646457,6.8820285e-05,1.3526004e-05,0.00015114257,3.7355594e-06,1.381356e-06
/home/share/Uni_Eval/HAM10000_clean/ISIC2018/ISIC_0025530.jpg,1,0,0.7120316,0.2517075,0.03299448,0.0031913032,5.4977892e-05,1.8968494e-05,1.1267892e-06
/home/share/Uni_Eval/HAM10000_clean/ISIC2018/ISIC_0024345.jpg,1,1,0.00015260944,0.9998233,1.2611123e-06,1.5091832e-05,3.6519345e-06,2.085635e-06,2.1201975e-06
/home/share/Uni_Eval/HAM10000_clean/ISIC2018/ISIC_0024550.jpg,1,1,0.009548092,0.9517302,0.0346295,0.0038723953,0.0002134821,6.2733454e-07,5.6421086e-06
/home/share/Uni_Eval/HAM10000_clean/ISIC2018/ISIC_0024833.jpg,1,1,0.011503869,0.9712723,0.0010798626,0.0080878325,0.0013231863,0.0067327516,1.6424565e-07
/home/share/Uni_Eval/HAM10000_clean/ISIC2018/ISIC_0030915.jpg,1,1,1.0419993e-05,0.99981445,0.00016171962,6.1598093e-06,1.1332006e-06,5.9321355e-06,1.2113009e-07
/home/share/Uni_Eval/HAM10000_clean/ISIC2018/ISIC_0029745.jpg,1,1,1.4333624e-06,0.99996436,1.245414e-05,1.958268e-06,1.8384571e-05,1.3780174e-06,9.154165e-08
/home/share/Uni_Eval/HAM10000_clean/ISIC2018/ISIC_0029680.jpg,1,1,0.00028997075,0.9986223,0.0010741935,1.2250143e-06,1.2246458e-05,8.291292e-08,2.996528e-08
/home/share/Uni_Eval/HAM10000_clean/ISIC2018/ISIC_0031298.jpg,1,1,0.00032747336,0.9993882,0.00028137214,2.4588614e-08,2.4242727e-06,3.611534e-07,1.3452244e-07
/home/share/Uni_Eval/HAM10000_clean/ISIC2018/ISIC_0027595.jpg,1,1,0.12632765,0.8592834,0.00066329166,0.00010627929,0.011519106,0.0009351012,0.0011651487
/home/share/Uni_Eval/HAM10000_clean/ISIC2018/ISIC_0026154.jpg,1,1,0.086313546,0.91202587,1.698472e-05,2.2294633e-05,0.00046499277,0.0011417291,1.45916465e-05
/home/share/Uni_Eval/HAM10000_clean/ISIC2018/ISIC_0029501.jpg,1,1,0.0012887426,0.99068123,0.0047469055,3.800587e-05,3.002274e-05,0.0032093234,5.7542434e-06
/home/share/Uni_Eval/HAM10000_clean/ISIC2018/ISIC_0027920.jpg,1,1,0.00032364507,0.9292887,0.0013088085,1.2046864e-05,0.01932979,0.04959329,0.00014380536
/home/share/Uni_Eval/HAM10000_clean/ISIC2018/ISIC_0027788.jpg,1,1,0.0023839632,0.9878907,0.009430039,1.7029228e-05,0.00017649708,9.8681434e-05,2.9902521e-06
/home/share/Uni_Eval/HAM10000_clean/ISIC2018/ISIC_0031263.jpg,1,1,0.0076739886,0.98968995,0.0021469372,7.298298e-08,2.2264805e-05,0.000425764,4.0949675e-05
/home/share/Uni_Eval/HAM10000_clean/ISIC2018/ISIC_0024931.jpg,1,1,3.1567455e-05,0.99995565,9.24127e-07,2.4321756e-07,1.7547674e-06,2.6899875e-06,7.1269387e-06
/home/share/Uni_Eval/HAM10000_clean/ISIC2018/ISIC_0031971.jpg,1,1,0.0020795034,0.9976411,1.4350199e-08,2.4025919e-08,0.00027882014,5.883735e-07,3.553253e-08
/home/share/Uni_Eval/HAM10000_clean/ISIC2018/ISIC_0028978.jpg,1,1,0.03299639,0.8379568,0.1248836,1.9953798e-06,2.2392098e-06,0.00019607422,0.003962917
/home/share/Uni_Eval/HAM10000_clean/ISIC2018/ISIC_0028502.jpg,5,5,1.4969555e-11,9.395646e-11,3.715051e-06,3.725654e-09,3.0214545e-05,0.999966,5.2318764e-08
/home/share/Uni_Eval/HAM10000_clean/ISIC2018/ISIC_0028239.jpg,5,5,3.4417405e-07,2.0405887e-06,8.449935e-06,1.1496998e-05,6.8453846e-05,0.9998454,6.3841486e-05
/home/share/Uni_Eval/HAM10000_clean/ISIC2018/ISIC_0029624.jpg,5,5,9.040767e-12,1.6771024e-11,2.5777484e-07,2.41029e-09,0.00011188497,0.9998878,3.0066726e-08
/home/share/Uni_Eval/HAM10000_clean/ISIC2018/ISIC_0029961.jpg,5,5,1.5417283e-08,2.1186672e-07,4.9604114e-05,2.6739713e-09,0.001989634,0.99796045,2.7533707e-08
/home/share/Uni_Eval/HAM10000_clean/ISIC2018/ISIC_0026583.jpg,5,5,1.3321345e-06,1.8858296e-05,4.8562095e-05,2.045987e-05,0.00044669182,0.9994618,2.2877316e-06
/home/share/Uni_Eval/HAM10000_clean/ISIC2018/ISIC_0025457.jpg,5,5,1.0832216e-06,5.5467208e-08,3.3217166e-05,9.381267e-06,8.6069245e-05,0.9998702,6.762636e-08
/home/share/Uni_Eval/HAM10000_clean/ISIC2018/ISIC_0028455.jpg,5,5,4.673729e-13,1.7024001e-09,4.1280878e-06,1.2573811e-07,1.2654996e-06,0.9999945,7.0386976e-09
/home/share/Uni_Eval/HAM10000_clean/ISIC2018/ISIC_0025723.jpg,5,5,7.480126e-10,1.6186924e-08,0.0001876814,8.220465e-07,0.0009237288,0.99888676,1.019827e-06
/home/share/Uni_Eval/HAM10000_clean/ISIC2018/ISIC_0024872.jpg,5,5,1.2897917e-07,0.00053627667,0.00019759763,6.120267e-07,0.008853098,0.9904123,2.7345163e-08
/home/share/Uni_Eval/HAM10000_clean/ISIC2018/ISIC_0025143.jpg,5,5,3.7511278e-08,3.2328416e-08,0.00028547746,2.9643825e-06,0.0073866416,0.9923248,4.0444256e-08
/home/share/Uni_Eval/HAM10000_clean/ISIC2018/ISIC_0031926.jpg,5,5,1.1541728e-07,5.5454263e-09,7.7158796e-07,7.565976e-09,0.077817425,0.92218167,2.4307878e-08
/home/share/Uni_Eval/HAM10000_clean/ISIC2018/ISIC_0028164.jpg,5,5,3.7241208e-09,1.4464067e-11,1.5465557e-05,2.1079545e-07,5.2237596e-05,0.99993205,2.174246e-09
/home/share/Uni_Eval/HAM10000_clean/ISIC2018/ISIC_0032317.jpg,5,5,2.7034792e-09,6.530231e-07,7.733026e-05,9.283512e-08,6.6344624e-06,0.99991524,1.0082977e-08
/home/share/Uni_Eval/HAM10000_clean/ISIC2018/ISIC_0025053.jpg,5,5,3.4276786e-09,1.819734e-07,3.23972e-05,2.4182983e-08,0.00016556143,0.9998017,1.3926434e-07
/home/share/Uni_Eval/HAM10000_clean/ISIC2018/ISIC_0024357.jpg,5,5,7.486077e-07,1.117271e-07,0.0001740207,2.7717476e-06,9.783106e-06,0.99981254,1.1271141e-08
/home/share/Uni_Eval/HAM10000_clean/ISIC2018/ISIC_0028889.jpg,5,5,1.0939909e-09,7.1482864e-10,3.7926577e-05,3.121276e-05,0.0014926855,0.99843794,2.6940816e-07
/home/share/Uni_Eval/HAM10000_clean/ISIC2018/ISIC_0028302.jpg,5,5,9.951941e-10,2.5530905e-08,2.6857386e-05,1.07667226e-07,0.00377527,0.99619764,5.573347e-08
/home/share/Uni_Eval/HAM10000_clean/ISIC2018/ISIC_0026172.jpg,5,5,1.18854674e-11,9.177946e-09,1.00591684e-07,1.6545555e-07,0.0030792772,0.99692035,1.5555908e-07
/home/share/Uni_Eval/HAM10000_clean/ISIC2018/ISIC_0031604.jpg,5,5,3.5068427e-11,6.6770878e-09,0.00015910779,1.483621e-09,0.00089594943,0.99894494,5.893951e-08
/home/share/Uni_Eval/HAM10000_clean/ISIC2018/ISIC_0027808.jpg,5,5,7.1942935e-08,1.1447358e-09,8.73728e-05,1.3273255e-07,0.00032923374,0.9995832,1.8777884e-09
/home/share/Uni_Eval/HAM10000_clean/ISIC2018/ISIC_0025416.jpg,5,5,3.7024864e-10,3.1768823e-09,5.8221913e-06,1.2087295e-07,2.2534197e-05,0.9999715,9.958309e-10
/home/share/Uni_Eval/HAM10000_clean/ISIC2018/ISIC_0027339.jpg,5,5,1.8665103e-10,2.354271e-10,1.2533775e-06,2.0594506e-08,3.442649e-05,0.99996436,3.7177522e-10
/home/share/Uni_Eval/HAM10000_clean/ISIC2018/ISIC_0031997.jpg,5,5,4.4868598e-09,5.615554e-07,5.9783986e-07,4.9627795e-09,0.0022127694,0.9977859,5.313443e-08
/home/share/Uni_Eval/HAM10000_clean/ISIC2018/ISIC_0030669.jpg,5,5,2.6995717e-12,4.414663e-12,1.222587e-07,2.7886994e-08,0.0004709193,0.999529,7.652723e-10
/home/share/Uni_Eval/HAM10000_clean/ISIC2018/ISIC_0025364.jpg,5,5,5.0111884e-09,3.1779397e-08,4.735699e-06,3.864584e-09,4.0380437e-05,0.9999547,1.6307455e-07
/home/share/Uni_Eval/HAM10000_clean/ISIC2018/ISIC_0026234.jpg,5,5,1.3388808e-05,0.00066092226,0.0007242703,2.9877888e-06,8.138286e-07,0.998596,1.5663742e-06
/home/share/Uni_Eval/HAM10000_clean/ISIC2018/ISIC_0024365.jpg,5,5,4.5808088e-10,9.785705e-09,3.9052925e-06,1.904842e-06,3.4799325e-07,0.9999938,9.605153e-08
/home/share/Uni_Eval/HAM10000_clean/ISIC2018/ISIC_0029293.jpg,5,5,1.465996e-09,7.8132445e-11,1.16911266e-07,5.597414e-08,4.086273e-06,0.9999958,6.9561725e-09
/home/share/Uni_Eval/HAM10000_clean/ISIC2018/ISIC_0027717.jpg,5,5,2.4724416e-09,1.1269935e-10,1.461091e-05,7.165134e-08,2.151651e-06,0.9999831,6.3917494e-10
/home/share/Uni_Eval/HAM10000_clean/ISIC2018/ISIC_0027732.jpg,5,5,1.2650338e-12,4.674428e-10,7.475134e-09,3.8486161e-10,2.2072563e-06,0.9999976,1.6542727e-07
/home/share/Uni_Eval/HAM10000_clean/ISIC2018/ISIC_0028395.jpg,5,5,1.4572841e-08,7.4443425e-09,4.9971048e-05,3.3959025e-06,8.395815e-06,0.99993825,9.724821e-09
/home/share/Uni_Eval/HAM10000_clean/ISIC2018/ISIC_0027426.jpg,5,5,6.570506e-08,2.0664302e-07,9.6777556e-05,3.5437162e-05,1.0341023e-06,0.99986637,1.0678582e-07
/home/share/Uni_Eval/HAM10000_clean/ISIC2018/ISIC_0027195.jpg,5,5,1.1354297e-10,1.1978943e-07,5.181442e-06,9.677485e-08,4.1372385e-08,0.9999887,5.869831e-06
/home/share/Uni_Eval/HAM10000_clean/ISIC2018/ISIC_0026098.jpg,5,5,3.5721057e-12,3.4295535e-11,1.234839e-06,5.288215e-10,2.1446337e-07,0.99999857,2.1587378e-12
/home/share/Uni_Eval/HAM10000_clean/ISIC2018/ISIC_0029336.jpg,5,5,2.341216e-11,8.989107e-10,7.900136e-05,7.2517357e-09,7.1067154e-07,0.99992025,1.8522602e-10
/home/share/Uni_Eval/HAM10000_clean/ISIC2018/ISIC_0032100.jpg,5,5,1.0010333e-07,1.1664706e-06,0.0006907404,2.7031485e-05,6.181523e-07,0.9992799,3.9980696e-07
/home/share/Uni_Eval/HAM10000_clean/ISIC2018/ISIC_0031453.jpg,5,5,6.062991e-09,9.209217e-08,3.2082295e-05,0.00013740428,9.277296e-06,0.99982053,5.486317e-07
/home/share/Uni_Eval/HAM10000_clean/ISIC2018/ISIC_0026242.jpg,5,5,4.3480074e-07,7.250087e-06,0.0003394054,1.8440054e-05,0.00031940127,0.9993149,1.4177338e-07
/home/share/Uni_Eval/HAM10000_clean/ISIC2018/ISIC_0028282.jpg,5,5,4.942252e-08,0.0010083299,2.1634334e-05,4.6063058e-05,0.00044835528,0.99846494,1.06998295e-05
/home/share/Uni_Eval/HAM10000_clean/ISIC2018/ISIC_0028639.jpg,5,5,2.2286576e-07,6.4966065e-07,0.014550544,1.0220523e-05,2.0889056e-05,0.98540664,1.074483e-05
/home/share/Uni_Eval/HAM10000_clean/ISIC2018/ISIC_0028136.jpg,5,5,1.5511129e-09,1.2538993e-08,6.6556413e-06,2.159006e-07,3.5005567e-06,0.9999896,2.8704065e-08
/home/share/Uni_Eval/HAM10000_clean/ISIC2018/ISIC_0026283.jpg,5,5,3.4262466e-06,3.115659e-07,0.0027209576,6.7803696e-05,0.00012652065,0.99707294,8.04335e-06
/home/share/Uni_Eval/HAM10000_clean/ISIC2018/ISIC_0027416.jpg,5,5,1.2483619e-06,2.0337962e-09,0.0007381481,8.414864e-05,0.0029561357,0.9962203,1.918854e-09
/home/share/Uni_Eval/HAM10000_clean/ISIC2018/ISIC_0025930.jpg,5,5,4.3090857e-11,9.798194e-07,2.7014107e-06,3.4937534e-07,1.3207313e-06,0.99999416,5.1376065e-07
/home/share/Uni_Eval/HAM10000_clean/ISIC2018/ISIC_0029815.jpg,5,5,2.2920645e-09,6.0666774e-09,1.4332169e-06,4.3103558e-08,9.272732e-05,0.9999058,1.2906285e-09
/home/share/Uni_Eval/HAM10000_clean/ISIC2018/ISIC_0032011.jpg,5,5,1.0581977e-11,5.746733e-11,5.7917478e-06,8.268673e-10,2.5792151e-05,0.9999684,2.116213e-09
/home/share/Uni_Eval/HAM10000_clean/ISIC2018/ISIC_0030540.jpg,5,5,7.492017e-09,2.2417843e-09,0.0013306172,9.57501e-07,0.0046442403,0.9940241,1.5428806e-07
/home/share/Uni_Eval/HAM10000_clean/ISIC2018/ISIC_0025366.jpg,2,5,3.456461e-10,4.1946153e-09,0.0013988694,1.1156002e-08,0.00041063724,0.99819034,1.0458794e-07
/home/share/Uni_Eval/HAM10000_clean/ISIC2018/ISIC_0031229.jpg,5,5,2.9407223e-11,5.0126736e-10,7.61313e-06,8.073687e-06,1.1055848e-05,0.99997306,1.3653997e-07
/home/share/Uni_Eval/HAM10000_clean/ISIC2018/ISIC_0031777.jpg,5,5,1.1829858e-11,6.7592594e-12,3.2682203e-07,5.4855502e-09,1.3294283e-06,0.99999833,1.8511825e-10
/home/share/Uni_Eval/HAM10000_clean/ISIC2018/ISIC_0025558.jpg,5,5,2.95508e-11,2.721297e-12,1.1833732e-06,3.2053313e-10,1.7769922e-06,0.999997,1.6528959e-10
/home/share/Uni_Eval/HAM10000_clean/ISIC2018/ISIC_0028007.jpg,5,5,5.4435406e-10,4.234119e-09,3.6428958e-07,3.6277406e-06,1.042317e-08,0.99999595,6.336221e-08
/home/share/Uni_Eval/HAM10000_clean/ISIC2018/ISIC_0028768.jpg,5,5,4.7192106e-08,4.2903815e-05,0.0010360845,1.71738e-05,6.453085e-06,0.99887174,2.5608684e-05
/home/share/Uni_Eval/HAM10000_clean/ISIC2018/ISIC_0028137.jpg,5,5,2.3401227e-13,1.1352196e-13,1.2738762e-09,2.232635e-11,1.9471459e-07,0.99999976,8.567001e-09
/home/share/Uni_Eval/HAM10000_clean/ISIC2018/ISIC_0025255.jpg,5,5,2.7033548e-06,6.938047e-06,0.0010457564,3.869573e-05,7.780399e-05,0.9988279,2.1885805e-07
/home/share/Uni_Eval/HAM10000_clean/ISIC2018/ISIC_0032453.jpg,5,5,2.7102534e-09,8.060541e-10,0.000121458186,5.611083e-08,0.0026487485,0.99722975,2.7725902e-08
/home/share/Uni_Eval/HAM10000_clean/ISIC2018/ISIC_0028546.jpg,5,5,1.5640047e-06,0.0011354936,0.00016598614,5.3219737e-05,2.371957e-06,0.99859565,4.5637094e-05
/home/share/Uni_Eval/HAM10000_clean/ISIC2018/ISIC_0031174.jpg,5,5,1.7145818e-10,1.3981388e-10,0.00010880985,4.399813e-07,0.00086575357,0.999025,6.6381047e-09
/home/share/Uni_Eval/HAM10000_clean/ISIC2018/ISIC_0026836.jpg,5,5,1.7485482e-06,5.4069155e-06,0.0056599565,8.182501e-06,1.2968383e-06,0.99431956,3.7465395e-06
/home/share/Uni_Eval/HAM10000_clean/ISIC2018/ISIC_0026613.jpg,5,5,5.525105e-09,1.980744e-06,7.7624945e-06,1.1055755e-05,3.2419823e-05,0.9999466,1.366364e-07
/home/share/Uni_Eval/HAM10000_clean/ISIC2018/ISIC_0027843.jpg,5,5,1.1049317e-09,6.4325384e-08,4.1907138e-06,6.175289e-08,3.5112884e-05,0.9999479,1.2542915e-05
/home/share/Uni_Eval/HAM10000_clean/ISIC2018/ISIC_0030797.jpg,5,5,5.887893e-10,5.427027e-10,1.3330284e-06,2.0869429e-08,1.2167164e-05,0.9999865,3.192375e-10
/home/share/Uni_Eval/HAM10000_clean/ISIC2018/ISIC_0027939.jpg,5,5,5.7513005e-10,2.4453741e-09,8.179196e-05,8.817215e-07,0.0021983609,0.997719,2.9459566e-09
/home/share/Uni_Eval/HAM10000_clean/ISIC2018/ISIC_0031947.jpg,5,5,2.6552346e-08,9.740179e-08,6.969442e-06,1.6733666e-06,0.0001038374,0.9998869,4.701689e-07
/home/share/Uni_Eval/HAM10000_clean/ISIC2018/ISIC_0029675.jpg,5,5,3.1493533e-11,1.2473427e-07,9.99162e-09,4.7079114e-09,2.4231838e-06,0.9999974,1.7849638e-08
/home/share/Uni_Eval/HAM10000_clean/ISIC2018/ISIC_0032426.jpg,5,5,2.3553698e-12,2.1983017e-10,1.3702886e-06,1.0806462e-08,3.0109315e-05,0.9999685,2.1958806e-09
/home/share/Uni_Eval/HAM10000_clean/ISIC2018/ISIC_0031571.jpg,5,5,4.1587856e-07,1.5216468e-10,0.00054518506,1.4447741e-07,8.8735316e-05,0.9993655,7.7208796e-08
/home/share/Uni_Eval/HAM10000_clean/ISIC2018/ISIC_0030120.jpg,5,5,3.6516936e-05,2.8044372e-08,0.00013661546,3.1882366e-05,0.0002457604,0.99954885,2.4012448e-07
/home/share/Uni_Eval/HAM10000_clean/ISIC2018/ISIC_0025878.jpg,5,5,8.869876e-09,9.853364e-09,2.8736882e-05,3.8192732e-07,0.0015617075,0.9984092,1.3780572e-09
/home/share/Uni_Eval/HAM10000_clean/ISIC2018/ISIC_0025613.jpg,5,5,1.955827e-07,5.9948807e-10,3.2834032e-05,2.947218e-05,9.700521e-06,0.99992776,1.9741945e-08
/home/share/Uni_Eval/HAM10000_clean/ISIC2018/ISIC_0027085.jpg,5,5,1.3239985e-09,9.854833e-08,1.2663954e-06,2.211879e-06,1.7879454e-06,0.9999945,1.3433442e-08
/home/share/Uni_Eval/HAM10000_clean/ISIC2018/ISIC_0028933.jpg,5,5,2.8764124e-09,4.6220927e-10,0.00031436994,1.3460624e-07,0.002508852,0.99717665,4.574055e-08
/home/share/Uni_Eval/HAM10000_clean/ISIC2018/ISIC_0027356.jpg,5,5,1.7517934e-08,2.3304978e-09,0.00072125235,2.5173435e-06,2.5499252e-05,0.9992506,1.03088986e-07
/home/share/Uni_Eval/HAM10000_clean/ISIC2018/ISIC_0030836.jpg,5,5,2.2328359e-07,1.0874482e-07,0.0011393161,0.0001664329,3.1421152e-06,0.9986904,3.3166612e-07
/home/share/Uni_Eval/HAM10000_clean/ISIC2018/ISIC_0030204.jpg,5,5,3.8653535e-08,6.622873e-06,0.0038030038,0.00065596006,1.7650538e-07,0.9955342,4.053342e-09
/home/share/Uni_Eval/HAM10000_clean/ISIC2018/ISIC_0028242.jpg,5,5,6.606227e-09,2.9892026e-11,2.5643235e-06,5.389961e-10,9.205616e-06,0.9999882,3.662322e-11
/home/share/Uni_Eval/HAM10000_clean/ISIC2018/ISIC_0024856.jpg,5,5,1.0511413e-06,2.4243487e-05,7.082684e-05,0.00047911343,6.555362e-05,0.99935895,3.3568762e-07
/home/share/Uni_Eval/HAM10000_clean/ISIC2018/ISIC_0028775.jpg,5,5,1.8555137e-07,3.0772776e-06,0.0019941598,1.12684575e-05,2.9536807e-07,0.99799085,1.777575e-07
/home/share/Uni_Eval/HAM10000_clean/ISIC2018/ISIC_0025910.jpg,5,5,4.4862003e-07,2.9610533e-06,0.00049927935,4.0882373e-06,4.716562e-06,0.9994867,1.7976711e-06
/home/share/Uni_Eval/HAM10000_clean/ISIC2018/ISIC_0031392.jpg,5,5,1.3757772e-11,8.517321e-09,4.1318635e-05,2.3462674e-09,7.0004444e-06,0.9999517,1.5633139e-10
/home/share/Uni_Eval/HAM10000_clean/ISIC2018/ISIC_0031909.jpg,5,5,2.7411393e-10,1.4186454e-06,1.5402959e-05,8.193696e-05,2.0657553e-06,0.9998987,5.8195724e-07
/home/share/Uni_Eval/HAM10000_clean/ISIC2018/ISIC_0029274.jpg,5,5,5.660244e-08,6.9293935e-07,0.00052233884,4.8379485e-07,6.4216024e-06,0.99947006,4.8244444e-09
/home/share/Uni_Eval/HAM10000_clean/ISIC2018/ISIC_0029972.jpg,5,5,1.1627391e-11,3.3693627e-12,1.5250968e-07,3.755579e-08,1.1401546e-06,0.99999857,8.151267e-08
/home/share/Uni_Eval/HAM10000_clean/ISIC2018/ISIC_0027373.jpg,5,5,1.2737775e-06,1.067676e-05,0.000456369,7.3423726e-05,0.0022197783,0.9970726,0.00016586849
/home/share/Uni_Eval/HAM10000_clean/ISIC2018/ISIC_0024556.jpg,5,5,2.1183552e-10,9.053798e-06,4.888046e-05,2.379143e-06,3.557062e-07,0.9999393,2.4997131e-08
/home/share/Uni_Eval/HAM10000_clean/ISIC2018/ISIC_0027157.jpg,5,5,2.1266408e-10,2.3510837e-07,2.2775755e-05,8.401989e-07,1.653092e-05,0.9999596,8.7203983e-10
/home/share/Uni_Eval/HAM10000_clean/ISIC2018/ISIC_0032288.jpg,5,5,6.3314326e-07,1.7108748e-08,1.940549e-06,7.464105e-08,2.3721634e-06,0.9999949,9.436125e-08
/home/share/Uni_Eval/HAM10000_clean/ISIC2018/ISIC_0024534.jpg,5,5,2.8771685e-08,1.7473024e-08,2.290389e-05,2.5892554e-08,3.447733e-06,0.99997365,1.847547e-09
/home/share/Uni_Eval/HAM10000_clean/ISIC2018/ISIC_0031313.jpg,5,5,1.2829725e-08,2.2057306e-07,0.0004065178,6.535177e-07,2.359904e-05,0.999569,9.135003e-09
/home/share/Uni_Eval/HAM10000_clean/ISIC2018/ISIC_0028813.jpg,5,5,7.1958915e-08,1.08867255e-07,5.4237935e-06,1.2392569e-07,2.5002733e-05,0.99996924,1.4374903e-09
/home/share/Uni_Eval/HAM10000_clean/ISIC2018/ISIC_0027482.jpg,5,5,8.134179e-10,1.1740758e-08,5.6100635e-05,1.2036612e-07,8.206883e-05,0.9998617,1.2384276e-09
/home/share/Uni_Eval/HAM10000_clean/ISIC2018/ISIC_0026689.jpg,5,5,1.06942585e-14,8.620474e-12,7.7865354e-07,1.8866972e-09,0.0058659217,0.99413306,2.6519854e-07
/home/share/Uni_Eval/HAM10000_clean/ISIC2018/ISIC_0032419.jpg,5,5,6.0237865e-10,1.6424413e-07,2.4257328e-05,1.0197713e-05,0.00035170134,0.9996092,4.4705216e-06
/home/share/Uni_Eval/HAM10000_clean/ISIC2018/ISIC_0028985.jpg,5,5,3.3406652e-11,2.507977e-07,4.4280337e-06,1.7131331e-06,0.001047091,0.9989465,5.7183563e-08
/home/share/Uni_Eval/HAM10000_clean/ISIC2018/ISIC_0029335.jpg,5,5,4.9146427e-11,3.4052613e-07,0.00010031926,2.533062e-07,1.6105462e-06,0.9998975,9.51758e-10
/home/share/Uni_Eval/HAM10000_clean/ISIC2018/ISIC_0030351.jpg,5,5,3.1130826e-10,8.151416e-09,8.892501e-06,1.704126e-08,4.182167e-07,0.9999907,4.2645794e-09
/home/share/Uni_Eval/HAM10000_clean/ISIC2018/ISIC_0026994.jpg,5,5,2.3596483e-09,9.158687e-08,6.693323e-07,6.027378e-07,9.603359e-06,0.99998903,3.3517367e-08
/home/share/Uni_Eval/HAM10000_clean/ISIC2018/ISIC_0029111.jpg,5,5,1.2707274e-10,5.6779004e-10,1.5417445e-06,9.0980095e-09,1.2764846e-06,0.99999714,1.4511117e-09
/home/share/Uni_Eval/HAM10000_clean/ISIC2018/ISIC_0031114.jpg,5,5,4.4488353e-08,1.0709226e-08,6.9571587e-07,6.79542e-09,6.500531e-07,0.9999974,1.269198e-06
/home/share/Uni_Eval/HAM10000_clean/ISIC2018/ISIC_0025146.jpg,5,5,4.3767486e-07,3.1800403e-07,0.0040881936,5.6111453e-06,0.00046696272,0.99543744,1.0125635e-06
/home/share/Uni_Eval/HAM10000_clean/ISIC2018/ISIC_0027600.jpg,5,5,1.1134753e-09,3.1905454e-09,1.4565226e-06,6.675121e-07,0.0023112139,0.9976853,1.302528e-06
/home/share/Uni_Eval/HAM10000_clean/ISIC2018/ISIC_0024804.jpg,5,5,2.4070786e-07,1.7242266e-07,6.2309923e-06,2.069484e-07,2.34086e-06,0.9999908,3.7520056e-08
/home/share/Uni_Eval/HAM10000_clean/ISIC2018/ISIC_0032266.jpg,5,5,3.4485076e-08,1.8892012e-08,6.885491e-06,1.4667935e-07,7.5002325e-05,0.999918,2.786954e-09
/home/share/Uni_Eval/HAM10000_clean/ISIC2018/ISIC_0026415.jpg,5,5,1.8063279e-10,5.4412858e-08,2.4805436e-06,1.1294089e-06,0.00014501292,0.99985135,1.995097e-08
/home/share/Uni_Eval/HAM10000_clean/ISIC2018/ISIC_0030524.jpg,5,5,2.607129e-08,9.593342e-07,1.597805e-05,3.8260763e-09,8.612449e-07,0.9999807,1.4612052e-06
/home/share/Uni_Eval/HAM10000_clean/ISIC2018/ISIC_0030679.jpg,5,5,2.1319993e-11,4.1432316e-10,8.3988755e-07,1.5350783e-09,7.815323e-08,0.99999905,1.5399729e-09
/home/share/Uni_Eval/HAM10000_clean/ISIC2018/ISIC_0026740.jpg,5,5,4.8282477e-13,2.06292e-10,1.7810335e-06,1.9567784e-08,1.268685e-05,0.99998546,2.2257568e-08
/home/share/Uni_Eval/HAM10000_clean/ISIC2018/ISIC_0028712.jpg,5,5,1.8839973e-11,3.4910091e-10,6.9201135e-08,4.8523134e-08,2.4396288e-06,0.9999975,1.1719283e-08
/home/share/Uni_Eval/HAM10000_clean/ISIC2018/ISIC_0024379.jpg,5,5,2.532097e-07,6.7583204e-07,0.00022586594,1.455295e-06,0.0022252174,0.99754435,2.2012075e-06
/home/share/Uni_Eval/HAM10000_clean/ISIC2018/ISIC_0030237.jpg,5,5,8.368328e-08,3.818633e-09,0.00012771835,6.6802897e-09,0.00026901503,0.9996032,1.8075493e-08
/home/share/Uni_Eval/HAM10000_clean/ISIC2018/ISIC_0028177.jpg,5,5,1.1704429e-10,1.4474373e-09,1.3790899e-06,2.5410742e-08,7.5904877e-06,0.99999094,9.415628e-08
/home/share/Uni_Eval/HAM10000_clean/ISIC2018/ISIC_0024661.jpg,5,5,1.4812615e-07,5.3950573e-11,5.8616247e-06,1.7575417e-08,2.9047644e-05,0.99996483,1.1450594e-07
/home/share/Uni_Eval/HAM10000_clean/ISIC2018/ISIC_0025474.jpg,5,5,2.0056795e-12,1.8823342e-11,6.3069643e-07,3.799679e-11,2.082389e-08,0.9999994,1.3809341e-09
/home/share/Uni_Eval/HAM10000_clean/ISIC2018/ISIC_0025397.jpg,5,5,1.611228e-11,1.5333286e-09,4.4429777e-07,4.3043804e-09,6.0556113e-06,0.99999344,2.9409125e-10
/home/share/Uni_Eval/HAM10000_clean/ISIC2018/ISIC_0024641.jpg,5,5,2.699615e-10,2.3307283e-09,3.7868006e-08,1.1572105e-07,6.803049e-07,0.99999404,5.1078223e-06
/home/share/Uni_Eval/HAM10000_clean/ISIC2018/ISIC_0026267.jpg,5,5,6.9678108e-09,7.707626e-11,1.0674749e-05,3.641066e-08,0.007042057,0.9929472,3.011919e-08
/home/share/Uni_Eval/HAM10000_clean/ISIC2018/ISIC_0030407.jpg,5,5,1.0119404e-07,3.5370176e-09,1.917499e-06,5.841099e-08,0.003697016,0.9963008,1.3049453e-07
/home/share/Uni_Eval/HAM10000_clean/ISIC2018/ISIC_0030490.jpg,5,5,5.525096e-08,1.7674163e-08,7.367153e-07,2.0256763e-08,0.0007369835,0.99926203,1.3959875e-07
/home/share/Uni_Eval/HAM10000_clean/ISIC2018/ISIC_0029150.jpg,5,5,4.0478085e-08,1.7535344e-08,0.004463319,2.5687916e-07,7.179316e-08,0.995535,1.2687204e-06
/home/share/Uni_Eval/HAM10000_clean/ISIC2018/ISIC_0030711.jpg,5,5,4.96523e-11,1.8489284e-10,2.5160466e-06,8.3919105e-08,4.0686402e-05,0.9999567,2.9096825e-10
/home/share/Uni_Eval/HAM10000_clean/ISIC2018/ISIC_0027541.jpg,5,5,1.016967e-14,4.3572215e-13,5.022621e-08,3.4832486e-09,6.305196e-05,0.99993646,4.505755e-07
/home/share/Uni_Eval/HAM10000_clean/ISIC2018/ISIC_0027557.jpg,5,5,2.5518546e-11,8.963403e-09,1.3341632e-06,2.6504578e-08,3.562711e-05,0.99996305,6.4696573e-09
/home/share/Uni_Eval/HAM10000_clean/ISIC2018/ISIC_0027892.jpg,5,5,2.4789366e-09,4.6762524e-11,2.3592678e-05,2.4072827e-07,1.6514468e-06,0.9999745,1.4609493e-08
/home/share/Uni_Eval/HAM10000_clean/ISIC2018/ISIC_0028786.jpg,5,5,1.9020188e-08,5.1545868e-08,0.00031243826,3.141616e-08,0.0006594673,0.9990281,3.3344736e-09
/home/share/Uni_Eval/HAM10000_clean/ISIC2018/ISIC_0031097.jpg,5,5,1.5927525e-11,8.26842e-08,6.187339e-09,2.3704405e-10,3.741663e-06,0.99999607,8.915514e-09
/home/share/Uni_Eval/HAM10000_clean/ISIC2018/ISIC_0024392.jpg,5,5,1.039738e-10,1.6923496e-12,1.5587321e-07,8.4643325e-08,0.0016109948,0.99838865,6.641437e-08
/home/share/Uni_Eval/HAM10000_clean/ISIC2018/ISIC_0029004.jpg,5,5,2.1368723e-10,1.9384345e-08,3.557289e-07,8.4622595e-12,8.743331e-06,0.9999908,2.7644086e-08
/home/share/Uni_Eval/HAM10000_clean/ISIC2018/ISIC_0025109.jpg,5,5,8.855207e-11,1.7376693e-13,1.8266207e-09,7.4056428e-09,1.7414817e-09,1.0,4.0682895e-12
/home/share/Uni_Eval/HAM10000_clean/ISIC2018/ISIC_0029508.jpg,5,5,2.018016e-09,3.5748417e-07,1.7740762e-06,7.447981e-09,3.4333247e-05,0.9999634,1.3613129e-07
/home/share/Uni_Eval/HAM10000_clean/ISIC2018/ISIC_0030484.jpg,5,5,9.357466e-07,2.2669195e-08,0.00033777935,8.4246835e-08,0.0092623085,0.99039876,1.2465964e-07
/home/share/Uni_Eval/HAM10000_clean/ISIC2018/ISIC_0026515.jpg,5,5,2.2523153e-10,2.3109845e-10,4.0171052e-08,6.9576764e-08,3.3585692e-08,0.99999976,6.461845e-08
/home/share/Uni_Eval/HAM10000_clean/ISIC2018/ISIC_0029706.jpg,5,5,6.700282e-11,3.6643643e-11,2.318742e-07,1.892364e-08,2.0632171e-05,0.99997914,2.6485598e-08
/home/share/Uni_Eval/HAM10000_clean/ISIC2018/ISIC_0030414.jpg,5,5,7.932552e-11,1.3740982e-10,6.9701737e-06,4.9648204e-08,7.2821254e-05,0.99992025,1.7837702e-09
/home/share/Uni_Eval/HAM10000_clean/ISIC2018/ISIC_0028021.jpg,5,5,2.583058e-07,3.9784185e-09,2.4491263e-05,1.5692317e-06,0.00066292816,0.99931073,2.8053684e-08
/home/share/Uni_Eval/HAM10000_clean/ISIC2018/ISIC_0025944.jpg,5,5,1.1170929e-12,3.027751e-10,2.7482113e-07,1.1595978e-09,8.467933e-06,0.9999913,3.4114456e-10
/home/share/Uni_Eval/HAM10000_clean/ISIC2018/ISIC_0026628.jpg,5,5,1.5660704e-09,3.545261e-11,7.957742e-06,3.7958195e-08,6.7898904e-06,0.99998486,4.3193896e-07
/home/share/Uni_Eval/HAM10000_clean/ISIC2018/ISIC_0027438.jpg,5,5,3.9313077e-06,4.282593e-06,2.2499555e-06,1.4986771e-05,7.336666e-07,0.9999738,1.2038258e-09
/home/share/Uni_Eval/HAM10000_clean/ISIC2018/ISIC_0024656.jpg,5,5,2.439231e-08,3.0806607e-08,5.731218e-06,5.5356423e-08,1.3758984e-05,0.99998045,4.423712e-09
/home/share/Uni_Eval/HAM10000_clean/ISIC2018/ISIC_0029456.jpg,5,5,1.2089181e-07,3.8746137e-08,7.9596675e-06,1.0478122e-09,7.036983e-05,0.99992156,2.5522054e-08
/home/share/Uni_Eval/HAM10000_clean/ISIC2018/ISIC_0030692.jpg,5,5,5.6984054e-06,1.1650683e-07,1.0586178e-05,9.402055e-08,0.0008453233,0.9991381,6.118804e-08
/home/share/Uni_Eval/HAM10000_clean/ISIC2018/ISIC_0028908.jpg,5,5,1.7950666e-10,2.0118627e-11,3.8510688e-08,2.1798219e-09,1.4245968e-06,0.99999857,1.187028e-10
/home/share/Uni_Eval/HAM10000_clean/ISIC2018/ISIC_0024395.jpg,5,5,4.1518348e-08,2.4890007e-08,8.660078e-06,1.5040946e-05,8.570082e-06,0.99996674,9.262593e-07
/home/share/Uni_Eval/HAM10000_clean/ISIC2018/ISIC_0026791.jpg,5,5,1.5046378e-08,3.922336e-09,0.0013908205,1.9440948e-07,0.00012090049,0.99848133,6.7312144e-06
/home/share/Uni_Eval/HAM10000_clean/ISIC2018/ISIC_0024736.jpg,5,5,6.172627e-09,3.5836207e-09,4.1314982e-07,1.4089991e-08,1.9020585e-05,0.99998057,1.1057282e-10
/home/share/Uni_Eval/HAM10000_clean/ISIC2018/ISIC_0030775.jpg,5,5,4.2589758e-11,1.5237545e-08,4.0690452e-08,1.3633708e-07,8.512458e-09,0.9999987,1.0933529e-06
/home/share/Uni_Eval/HAM10000_clean/ISIC2018/ISIC_0028318.jpg,5,5,2.6564395e-13,1.1153124e-11,1.2928423e-08,2.1737048e-09,1.7669686e-07,0.99999976,7.3107964e-09
/home/share/Uni_Eval/HAM10000_clean/ISIC2018/ISIC_0027901.jpg,5,5,1.2701755e-12,2.2908513e-10,2.4220304e-07,1.3628425e-08,1.0838546e-06,0.9999987,1.9591685e-08
/home/share/Uni_Eval/HAM10000_clean/ISIC2018/ISIC_0030866.jpg,5,5,5.5639576e-10,3.0597571e-09,7.703302e-08,4.9708876e-07,4.105314e-06,0.99999475,5.6493445e-07
/home/share/Uni_Eval/HAM10000_clean/ISIC2018/ISIC_0027477.jpg,5,5,8.038331e-10,1.7106427e-11,4.938588e-07,3.1094308e-11,1.3714417e-06,0.9999981,1.7744547e-09
/home/share/Uni_Eval/HAM10000_clean/ISIC2018/ISIC_0027637.jpg,5,5,3.549271e-11,9.446407e-13,7.472019e-07,5.5636924e-08,5.1396382e-05,0.9999479,5.1968105e-09
/home/share/Uni_Eval/HAM10000_clean/ISIC2018/ISIC_0029264.jpg,5,5,1.8807361e-10,3.4573476e-11,2.5197746e-06,7.4418466e-10,8.642356e-08,0.99984944,0.0001478942
/home/share/Uni_Eval/HAM10000_clean/ISIC2018/ISIC_0027617.jpg,5,5,1.5591043e-08,8.459339e-09,9.56183e-07,6.734887e-09,4.016154e-05,0.9999589,4.1228554e-09
/home/share/Uni_Eval/HAM10000_clean/ISIC2018/ISIC_0029711.jpg,5,5,6.8192105e-11,1.1134397e-10,1.8829974e-08,1.422956e-08,2.3717927e-05,0.9999763,9.709382e-09
/home/share/Uni_Eval/HAM10000_clean/ISIC2018/ISIC_0024977.jpg,5,5,5.229896e-09,1.4315805e-09,3.3812396e-06,1.9300552e-08,0.00032463987,0.99967194,8.922663e-08
/home/share/Uni_Eval/HAM10000_clean/ISIC2018/ISIC_0031785.jpg,5,5,1.6975532e-09,2.7840228e-09,6.28635e-07,8.2242013e-07,0.00014252042,0.9998536,2.338444e-06
/home/share/Uni_Eval/HAM10000_clean/ISIC2018/ISIC_0025976.jpg,5,5,5.6861604e-09,1.5078225e-11,2.1908481e-05,1.4925914e-07,8.68317e-05,0.9998902,8.9469097e-07
/home/share/Uni_Eval/HAM10000_clean/ISIC2018/ISIC_0030578.jpg,5,5,5.944013e-07,6.4994433e-06,2.2979502e-05,2.3497012e-06,1.0911136e-05,0.99995637,1.5300569e-07
/home/share/Uni_Eval/HAM10000_clean/ISIC2018/ISIC_0028552.jpg,5,5,3.9071285e-08,7.062677e-09,0.000112009264,4.6627115e-11,1.1400976e-05,0.9998765,2.6621901e-08
/home/share/Uni_Eval/HAM10000_clean/ISIC2018/ISIC_0026945.jpg,5,5,2.6953457e-09,2.4712425e-09,1.6978159e-07,2.7840628e-09,1.8506124e-05,0.99998057,7.3287987e-07
/home/share/Uni_Eval/HAM10000_clean/ISIC2018/ISIC_0029387.jpg,5,5,2.2687852e-09,9.356603e-07,3.1181e-06,2.7100057e-08,0.00012656019,0.99984634,2.297809e-05
/home/share/Uni_Eval/HAM10000_clean/ISIC2018/ISIC_0024321.jpg,5,5,1.2457234e-11,4.020543e-09,1.3191122e-07,5.959207e-09,2.7269349e-05,0.9999726,7.9603035e-09
/home/share/Uni_Eval/HAM10000_clean/ISIC2018/ISIC_0027807.jpg,5,5,1.1935743e-12,2.1995314e-12,6.325189e-08,1.6957676e-08,7.534784e-05,0.9999242,4.337476e-07
/home/share/Uni_Eval/HAM10000_clean/ISIC2018/ISIC_0025714.jpg,5,5,1.8079974e-10,3.3698508e-09,1.6431904e-06,1.526692e-09,1.4766849e-06,0.9999969,3.060995e-09
/home/share/Uni_Eval/HAM10000_clean/ISIC2018/ISIC_0028612.jpg,5,5,2.0788293e-09,4.499726e-08,2.972171e-07,1.3909616e-07,1.3063623e-05,0.9999846,1.9122012e-06
/home/share/Uni_Eval/HAM10000_clean/ISIC2018/ISIC_0029795.jpg,5,5,7.013794e-12,1.5424506e-10,5.7509186e-07,1.8252508e-09,1.3513835e-05,0.99998593,1.964914e-08
/home/share/Uni_Eval/HAM10000_clean/ISIC2018/ISIC_0030562.jpg,5,5,3.060361e-12,1.1603504e-09,2.139387e-07,1.5731403e-09,7.876272e-05,0.99992096,2.7767552e-08
/home/share/Uni_Eval/HAM10000_clean/ISIC2018/ISIC_0032198.jpg,5,5,0.0027985,0.00023165571,0.005411313,3.109716e-05,5.221166e-05,0.9914659,9.3201925e-06
/home/share/Uni_Eval/HAM10000_clean/ISIC2018/ISIC_0030643.jpg,5,5,4.3588528e-07,4.5478888e-08,0.00012707319,1.3131358e-05,0.00011135595,0.99974793,1.18386104e-07
/home/share/Uni_Eval/HAM10000_clean/ISIC2018/ISIC_0027353.jpg,5,5,3.9557083e-11,6.000798e-11,7.050516e-05,9.320034e-10,1.2181077e-05,0.99991727,1.0597867e-09
/home/share/Uni_Eval/HAM10000_clean/ISIC2018/ISIC_0026701.jpg,5,5,5.7955247e-12,1.5482357e-10,3.2821742e-07,1.0868035e-08,6.746158e-06,0.99999297,1.9543584e-11
/home/share/Uni_Eval/HAM10000_clean/ISIC2018/ISIC_0028616.jpg,5,5,0.010005019,2.3653796e-07,0.04898527,5.362151e-06,0.00010511821,0.94089717,1.8949538e-06
/home/share/Uni_Eval/HAM10000_clean/ISIC2018/ISIC_0026708.jpg,5,5,5.2694196e-11,2.3286585e-08,2.0253763e-06,5.3976528e-11,6.329809e-05,0.9999347,1.5350878e-09
/home/share/Uni_Eval/HAM10000_clean/ISIC2018/ISIC_0024820.jpg,5,5,1.0000272e-12,5.136854e-12,2.8153456e-05,1.2596422e-05,1.637396e-05,0.9999418,1.0596245e-06
/home/share/Uni_Eval/HAM10000_clean/ISIC2018/ISIC_0031275.jpg,5,5,1.2686857e-10,1.1185623e-08,4.187221e-06,3.5606855e-09,3.2496933e-07,0.99999535,1.6365811e-07
/home/share/Uni_Eval/HAM10000_clean/ISIC2018/ISIC_0031343.jpg,5,5,1.01832e-06,7.10406e-10,0.00019111116,2.8732041e-09,0.00036736776,0.9994405,4.1371457e-09
/home/share/Uni_Eval/HAM10000_clean/ISIC2018/ISIC_0029423.jpg,5,5,4.126634e-09,2.150037e-08,0.00012002201,3.8440422e-08,4.0358182e-07,0.9998679,1.1629167e-05
/home/share/Uni_Eval/HAM10000_clean/ISIC2018/ISIC_0031296.jpg,5,5,7.691807e-09,2.3524029e-08,2.4649482e-05,1.9675485e-06,1.587119e-05,0.9999573,1.2880231e-07
/home/share/Uni_Eval/HAM10000_clean/ISIC2018/ISIC_0025137.jpg,5,5,4.325358e-09,2.664881e-10,1.4669623e-06,3.1184468e-09,2.9888226e-05,0.9999685,9.153435e-08
/home/share/Uni_Eval/HAM10000_clean/ISIC2018/ISIC_0025890.jpg,5,5,1.8874326e-07,1.9655955e-09,2.9608184e-06,4.2870695e-07,8.244034e-06,0.9999881,3.0336984e-08
/home/share/Uni_Eval/HAM10000_clean/ISIC2018/ISIC_0027232.jpg,5,2,0.093881436,6.164669e-08,0.65884656,0.000107983185,0.02583518,0.22122487,0.000103815226
/home/share/Uni_Eval/HAM10000_clean/ISIC2018/ISIC_0027259.jpg,5,5,8.5603996e-10,1.3373196e-06,0.00013011959,1.837499e-05,0.000941823,0.9982811,0.00062727387
/home/share/Uni_Eval/HAM10000_clean/ISIC2018/ISIC_0029556.jpg,5,5,1.724227e-11,1.9066798e-10,1.2836272e-06,4.9767827e-08,5.2202446e-05,0.9999465,4.0273168e-08
/home/share/Uni_Eval/HAM10000_clean/ISIC2018/ISIC_0030613.jpg,5,5,1.08769285e-10,2.2697815e-09,1.933337e-06,2.0754658e-08,5.8864504e-07,0.9999975,1.3829374e-09
/home/share/Uni_Eval/HAM10000_clean/ISIC2018/ISIC_0025698.jpg,5,5,2.2729445e-13,1.5360516e-13,1.063141e-07,4.6826387e-10,0.00015667385,0.99984324,4.5904873e-12
/home/share/Uni_Eval/HAM10000_clean/ISIC2018/ISIC_0031230.jpg,5,5,1.1497201e-09,5.734169e-12,0.00032597996,1.6901633e-10,9.666978e-05,0.9995771,2.1630338e-07
/home/share/Uni_Eval/HAM10000_clean/ISIC2018/ISIC_0026300.jpg,5,5,3.8860257e-08,8.161126e-11,6.4603315e-05,3.1638483e-06,2.403366e-05,0.9999081,1.7911228e-09
/home/share/Uni_Eval/HAM10000_clean/ISIC2018/ISIC_0027474.jpg,5,5,2.4227074e-08,2.4087601e-08,1.3692548e-07,1.016048e-08,0.00030855648,0.99969125,4.5819673e-09
/home/share/Uni_Eval/HAM10000_clean/ISIC2018/ISIC_0031635.jpg,5,5,7.484157e-10,5.1363358e-08,2.705548e-05,3.569069e-09,5.2121664e-05,0.99992085,9.768954e-09
/home/share/Uni_Eval/HAM10000_clean/ISIC2018/ISIC_0026972.jpg,5,5,1.3032094e-12,5.410799e-12,2.5913093e-06,6.934861e-10,4.9683155e-07,0.9999969,7.6666073e-10
/home/share/Uni_Eval/HAM10000_clean/ISIC2018/ISIC_0024568.jpg,5,5,2.0775273e-09,7.565206e-09,9.929948e-07,2.901472e-07,8.671638e-06,0.9999894,6.7995467e-07
/home/share/Uni_Eval/HAM10000_clean/ISIC2018/ISIC_0030863.jpg,5,5,2.0037352e-11,5.762577e-11,4.3074346e-07,4.2872017e-09,9.1520815e-06,0.99999034,1.7942767e-08
/home/share/Uni_Eval/HAM10000_clean/ISIC2018/ISIC_0027682.jpg,5,5,9.353144e-13,5.681787e-08,8.46898e-06,4.2741714e-08,7.935081e-07,0.99994993,4.0782856e-05
/home/share/Uni_Eval/HAM10000_clean/ISIC2018/ISIC_0030975.jpg,5,5,1.5373989e-11,2.1704043e-08,3.314329e-08,2.1060838e-09,8.456691e-08,0.9999999,3.729719e-09
/home/share/Uni_Eval/HAM10000_clean/ISIC2018/ISIC_0031763.jpg,5,5,3.8894598e-14,1.1687847e-12,1.5665454e-07,2.0421804e-09,1.9822963e-05,0.99998,8.803522e-09
/home/share/Uni_Eval/HAM10000_clean/ISIC2018/ISIC_0031030.jpg,5,5,2.40801e-10,6.712486e-11,6.974598e-07,9.651221e-08,5.196698e-07,0.99999857,8.192025e-08
/home/share/Uni_Eval/HAM10000_clean/ISIC2018/ISIC_0031954.jpg,5,5,1.1214192e-09,7.644002e-06,4.6167776e-07,1.7259875e-08,0.00031287744,0.9996437,3.53101e-05
/home/share/Uni_Eval/HAM10000_clean/ISIC2018/ISIC_0028595.jpg,5,5,7.2207975e-08,2.5233964e-09,0.00037130516,4.2377426e-09,1.5671048e-06,0.999627,1.2913525e-08
/home/share/Uni_Eval/HAM10000_clean/ISIC2018/ISIC_0026413.jpg,5,5,4.7307747e-10,1.9611173e-09,6.4407665e-08,3.3762038e-09,2.0717528e-06,0.99999785,5.2694187e-08
/home/share/Uni_Eval/HAM10000_clean/ISIC2018/ISIC_0028157.jpg,5,5,4.1673023e-11,6.5244393e-07,2.715833e-07,1.0631111e-10,2.064799e-07,0.99999785,1.050475e-06
/home/share/Uni_Eval/HAM10000_clean/ISIC2018/ISIC_0024311.jpg,5,5,3.9498715e-09,1.7899298e-07,6.651683e-07,1.9077913e-08,1.0603643e-06,0.999998,5.8714447e-09
/home/share/Uni_Eval/HAM10000_clean/ISIC2018/ISIC_0026838.jpg,5,5,2.2825793e-11,1.4520827e-08,1.5976326e-06,8.590691e-10,1.3064889e-06,0.9999943,2.771641e-06
/home/share/Uni_Eval/HAM10000_clean/ISIC2018/ISIC_0029016.jpg,5,5,4.6271636e-11,7.0622497e-10,1.5335636e-05,5.8611827e-09,0.00011853111,0.9998661,6.2853847e-09
/home/share/Uni_Eval/HAM10000_clean/ISIC2018/ISIC_0028322.jpg,5,5,8.950365e-12,5.845891e-09,2.5519552e-07,2.3581364e-09,9.853214e-05,0.9999012,6.3730186e-09
/home/share/Uni_Eval/HAM10000_clean/ISIC2018/ISIC_0026695.jpg,5,5,2.1394159e-11,1.5112854e-11,7.7581274e-07,5.636807e-10,4.5577003e-06,0.99999464,1.0598386e-09
/home/share/Uni_Eval/HAM10000_clean/ISIC2018/ISIC_0029225.jpg,5,5,1.2654378e-05,3.0879942e-06,6.8754714e-05,2.997796e-05,7.172934e-07,0.9998841,5.907361e-07
/home/share/Uni_Eval/HAM10000_clean/ISIC2018/ISIC_0026184.jpg,5,5,1.10236876e-07,8.0738636e-07,1.1883854e-05,1.1242939e-06,0.0011762431,0.9988098,5.5874494e-08
/home/share/Uni_Eval/HAM10000_clean/ISIC2018/ISIC_0029903.jpg,5,5,3.538097e-10,1.4806208e-09,1.8648234e-06,3.870487e-06,0.0013831317,0.998611,4.7868955e-08
/home/share/Uni_Eval/HAM10000_clean/ISIC2018/ISIC_0024874.jpg,5,5,7.5185816e-13,2.7779058e-06,3.6058953e-08,6.8795445e-09,1.4751813e-08,0.9997259,0.00027132558
/home/share/Uni_Eval/HAM10000_clean/ISIC2018/ISIC_0030769.jpg,5,5,1.1058682e-10,1.1231214e-08,1.8225584e-05,1.179653e-06,0.00010999572,0.99987054,1.2084133e-08
/home/share/Uni_Eval/HAM10000_clean/ISIC2018/ISIC_0029816.jpg,5,5,6.2933997e-10,4.068703e-08,1.604696e-07,7.763467e-08,4.661647e-06,0.99999464,4.033617e-07
/home/share/Uni_Eval/HAM10000_clean/ISIC2018/ISIC_0028896.jpg,5,5,4.3648933e-07,3.9765249e-07,0.0003137405,1.2134038e-06,0.00011169151,0.9995726,4.4491685e-08
/home/share/Uni_Eval/HAM10000_clean/ISIC2018/ISIC_0025560.jpg,5,5,8.2216546e-11,3.8500494e-10,1.1031954e-08,5.1569193e-10,0.00012777404,0.9998721,5.072996e-08
/home/share/Uni_Eval/HAM10000_clean/ISIC2018/ISIC_0030612.jpg,5,5,2.6923662e-14,2.5581239e-12,1.4778251e-09,1.987547e-12,1.3646725e-06,0.9999987,9.6863566e-11
/home/share/Uni_Eval/HAM10000_clean/ISIC2018/ISIC_0027885.jpg,5,5,1.2630952e-11,6.770411e-12,3.219266e-07,5.5684923e-10,4.4757442e-05,0.99995494,3.5218535e-09
/home/share/Uni_Eval/HAM10000_clean/ISIC2018/ISIC_0028997.jpg,5,5,2.390172e-08,8.505224e-09,6.9474373e-07,8.664211e-09,4.6331618e-07,0.99999714,1.6504672e-06
/home/share/Uni_Eval/HAM10000_clean/ISIC2018/ISIC_0031505.jpg,5,5,9.1894214e-11,7.855431e-07,7.593724e-05,3.6609688e-07,4.312567e-08,0.99992275,2.193069e-08
/home/share/Uni_Eval/HAM10000_clean/ISIC2018/ISIC_0024625.jpg,5,5,1.0314945e-11,3.085572e-10,1.0320304e-06,1.1828297e-09,0.073324755,0.9266736,6.098557e-07
/home/share/Uni_Eval/HAM10000_clean/ISIC2018/ISIC_0024601.jpg,5,5,6.905675e-11,2.3402148e-07,2.0017578e-06,1.500071e-08,0.00084915315,0.9991486,1.1424913e-09
/home/share/Uni_Eval/HAM10000_clean/ISIC2018/ISIC_0027696.jpg,5,5,4.350522e-10,5.560766e-09,5.5369346e-06,8.404983e-07,0.0010495009,0.9989441,1.45380685e-08
/home/share/Uni_Eval/HAM10000_clean/ISIC2018/ISIC_0025059.jpg,5,5,1.34325155e-08,4.686806e-09,7.5808985e-06,1.9684742e-07,7.0946558e-06,0.99998474,3.621528e-07
/home/share/Uni_Eval/HAM10000_clean/ISIC2018/ISIC_0032106.jpg,5,5,1.31603874e-08,4.127054e-10,4.619649e-06,8.329925e-08,3.8352315e-05,0.99995685,6.819866e-09
/home/share/Uni_Eval/HAM10000_clean/ISIC2018/ISIC_0030368.jpg,5,5,1.9912955e-11,3.02956e-11,3.2319313e-08,5.262087e-08,7.030567e-08,0.9999864,1.3468553e-05
/home/share/Uni_Eval/HAM10000_clean/ISIC2018/ISIC_0029090.jpg,5,5,8.0037574e-11,1.3843979e-10,8.922879e-07,4.4111907e-08,3.2636015e-06,0.999995,8.374846e-07
/home/share/Uni_Eval/HAM10000_clean/ISIC2018/ISIC_0032137.jpg,5,5,2.5576337e-08,6.5876584e-08,2.098686e-06,1.7997354e-09,3.2379274e-05,0.9999653,1.19952555e-08
/home/share/Uni_Eval/HAM10000_clean/ISIC2018/ISIC_0030701.jpg,5,5,3.7538663e-11,2.5916133e-10,4.2990774e-08,5.8979416e-10,1.1986987e-07,0.9999999,5.3071275e-10
/home/share/Uni_Eval/HAM10000_clean/ISIC2018/ISIC_0028839.jpg,5,5,1.620342e-10,1.1854411e-09,2.2252793e-07,9.3535945e-08,3.9322344e-07,0.9999993,4.2947614e-09
/home/share/Uni_Eval/HAM10000_clean/ISIC2018/ISIC_0026648.jpg,5,5,1.5655826e-09,4.5192095e-10,8.062242e-08,2.0530776e-07,2.1141093e-06,0.9999975,1.1611128e-08
/home/share/Uni_Eval/HAM10000_clean/ISIC2018/ISIC_0025408.jpg,5,5,1.0745421e-09,1.2863364e-08,1.04562105e-07,2.8039888e-09,1.136523e-07,0.99999976,6.570662e-10
/home/share/Uni_Eval/HAM10000_clean/ISIC2018/ISIC_0031884.jpg,5,5,1.6155596e-09,2.3806848e-09,0.00044800746,1.229287e-06,1.297197e-05,0.9995378,5.108226e-09
/home/share/Uni_Eval/HAM10000_clean/ISIC2018/ISIC_0024775.jpg,5,5,4.356792e-09,2.5459443e-07,2.610051e-05,2.9426149e-06,5.1523084e-06,0.9999654,3.704968e-08
/home/share/Uni_Eval/HAM10000_clean/ISIC2018/ISIC_0024659.jpg,5,5,0.00025005642,6.3828963e-07,0.0014870502,8.282113e-05,0.0025853112,0.9955935,6.4637675e-07
/home/share/Uni_Eval/HAM10000_clean/ISIC2018/ISIC_0032053.jpg,5,5,6.9247746e-10,4.054621e-11,9.333392e-07,1.8114365e-08,9.953649e-05,0.9998994,1.4608962e-07
/home/share/Uni_Eval/HAM10000_clean/ISIC2018/ISIC_0030256.jpg,5,5,6.0892247e-10,2.601648e-09,5.192235e-07,1.6214534e-09,1.0631694e-05,0.9999844,4.409988e-06
/home/share/Uni_Eval/HAM10000_clean/ISIC2018/ISIC_0026357.jpg,5,5,1.6561931e-12,9.392939e-10,3.6921975e-07,1.4654221e-10,8.560646e-09,0.99999964,1.1216478e-08
/home/share/Uni_Eval/HAM10000_clean/ISIC2018/ISIC_0026155.jpg,5,5,2.3096408e-08,9.684171e-09,6.3100444e-08,5.6407057e-09,0.00021454951,0.99978536,3.8620968e-08
/home/share/Uni_Eval/HAM10000_clean/ISIC2018/ISIC_0028140.jpg,5,5,4.264349e-11,3.9458257e-08,4.7145146e-05,2.9903223e-08,5.814113e-07,0.9999435,8.753371e-06
/home/share/Uni_Eval/HAM10000_clean/ISIC2018/ISIC_0025058.jpg,5,5,4.4039552e-13,5.6770665e-12,3.9191132e-08,2.3092509e-12,1.9736697e-09,1.0,3.005185e-09
/home/share/Uni_Eval/HAM10000_clean/ISIC2018/ISIC_0024956.jpg,5,5,2.5823287e-08,5.9783483e-06,3.7121032e-07,3.2738674e-07,1.4091819e-06,0.9999919,2.5988468e-08
/home/share/Uni_Eval/HAM10000_clean/ISIC2018/ISIC_0030103.jpg,5,5,3.7813064e-09,5.849175e-10,8.943117e-06,3.9464525e-09,0.0011083412,0.9988827,5.253009e-09
/home/share/Uni_Eval/HAM10000_clean/ISIC2018/ISIC_0027245.jpg,5,5,1.120317e-11,6.2699285e-10,7.7181517e-07,1.7702459e-10,1.0284071e-05,0.9999889,1.0599092e-09
/home/share/Uni_Eval/HAM10000_clean/ISIC2018/ISIC_0024532.jpg,5,5,8.494782e-07,3.696388e-07,3.0862113e-06,2.0519367e-06,0.0002300152,0.9997596,3.9999186e-06
/home/share/Uni_Eval/HAM10000_clean/ISIC2018/ISIC_0026380.jpg,5,5,4.2167767e-09,4.374298e-08,6.575739e-07,3.0051099e-06,3.0479378e-05,0.9999658,4.8400043e-08
/home/share/Uni_Eval/HAM10000_clean/ISIC2018/ISIC_0027602.jpg,5,5,5.6127754e-12,2.3178184e-09,8.598438e-07,8.6551884e-11,7.2821294e-06,0.9999919,1.4574115e-09
/home/share/Uni_Eval/HAM10000_clean/ISIC2018/ISIC_0027372.jpg,5,5,2.4259195e-09,2.7071836e-11,1.2291689e-05,1.87595e-09,0.0006549912,0.9993326,3.7637374e-08
/home/share/Uni_Eval/HAM10000_clean/ISIC2018/ISIC_0025852.jpg,5,5,1.7886777e-10,2.249767e-12,4.8555665e-07,2.2100265e-08,0.0006880278,0.99931145,2.1099786e-10
/home/share/Uni_Eval/HAM10000_clean/ISIC2018/ISIC_0032403.jpg,5,5,6.711727e-11,2.5828726e-11,8.598184e-06,1.2724001e-09,0.00024506202,0.99974626,3.238998e-08
/home/share/Uni_Eval/HAM10000_clean/ISIC2018/ISIC_0025190.jpg,5,5,2.5945124e-09,1.919715e-09,4.22313e-07,6.3821204e-07,4.49393e-05,0.999954,2.7597695e-09
/home/share/Uni_Eval/HAM10000_clean/ISIC2018/ISIC_0027321.jpg,5,5,2.4779885e-09,1.212993e-07,0.00012819638,2.0529538e-09,4.543647e-06,0.9998666,4.703679e-07
/home/share/Uni_Eval/HAM10000_clean/ISIC2018/ISIC_0031878.jpg,5,5,2.4888559e-08,4.7978347e-08,1.1174648e-05,1.7865252e-08,3.962839e-06,0.99998486,5.924419e-09
/home/share/Uni_Eval/HAM10000_clean/ISIC2018/ISIC_0029086.jpg,5,5,1.3671326e-11,6.066736e-10,2.4106244e-09,1.2516536e-09,1.2731745e-07,0.9999999,2.9982685e-09
/home/share/Uni_Eval/HAM10000_clean/ISIC2018/ISIC_0024399.jpg,5,5,1.3748538e-08,1.5522742e-09,2.3553334e-06,1.4593878e-06,0.000118385964,0.9998777,8.1577944e-08
/home/share/Uni_Eval/HAM10000_clean/ISIC2018/ISIC_0024603.jpg,5,5,2.3629615e-10,9.333403e-10,1.0559292e-07,4.2212354e-09,3.0078818e-05,0.99996984,3.2130871e-09
/home/share/Uni_Eval/HAM10000_clean/ISIC2018/ISIC_0025429.jpg,5,5,9.386367e-11,5.0648454e-09,9.685643e-09,6.020055e-10,0.0003639563,0.99963605,5.2523947e-11
/home/share/Uni_Eval/HAM10000_clean/ISIC2018/ISIC_0026548.jpg,5,5,2.4160592e-08,1.6887107e-10,1.1843536e-05,7.447612e-07,0.0010992378,0.9988875,7.352574e-07
/home/share/Uni_Eval/HAM10000_clean/ISIC2018/ISIC_0031992.jpg,5,5,1.776547e-10,2.1486506e-10,6.6272946e-07,5.3672534e-07,0.00016347492,0.9998342,1.0707673e-06
/home/share/Uni_Eval/HAM10000_clean/ISIC2018/ISIC_0032416.jpg,5,5,4.4087103e-09,8.484105e-08,1.4168069e-07,5.2792086e-07,1.2659646e-06,0.9999976,4.3295245e-07
/home/share/Uni_Eval/HAM10000_clean/ISIC2018/ISIC_0029587.jpg,5,5,1.0696591e-07,2.637904e-08,5.3823146e-06,2.2907571e-09,0.0068518245,0.9931427,6.1542424e-11
/home/share/Uni_Eval/HAM10000_clean/ISIC2018/ISIC_0026685.jpg,5,5,1.2245518e-10,2.9478286e-07,1.2165461e-06,1.260329e-09,8.8487595e-06,0.99998915,4.994057e-07
/home/share/Uni_Eval/HAM10000_clean/ISIC2018/ISIC_0031022.jpg,5,5,5.6922164e-07,3.311182e-08,0.00013055324,1.653176e-05,1.141686e-06,0.9998511,1.6498909e-08
/home/share/Uni_Eval/HAM10000_clean/ISIC2018/ISIC_0029019.jpg,5,5,2.9076093e-08,1.3586358e-10,1.7577497e-06,8.784282e-08,0.0020727904,0.99792516,1.16101454e-07
/home/share/Uni_Eval/HAM10000_clean/ISIC2018/ISIC_0028204.jpg,5,5,1.5457488e-11,1.8634577e-12,6.724215e-08,1.2271799e-08,2.5234682e-05,0.9999747,1.5742055e-10
/home/share/Uni_Eval/HAM10000_clean/ISIC2018/ISIC_0029941.jpg,5,5,3.9742025e-12,6.0165046e-12,8.117791e-07,4.1900136e-11,0.000276884,0.9997223,4.6810456e-10
/home/share/Uni_Eval/HAM10000_clean/ISIC2018/ISIC_0025728.jpg,5,5,1.7015928e-09,6.08446e-10,1.5694403e-07,5.088477e-08,4.6629743e-06,0.9999951,4.8159734e-08
/home/share/Uni_Eval/HAM10000_clean/ISIC2018/ISIC_0026066.jpg,5,5,1.010665e-08,5.4302514e-09,1.04618394e-07,9.274985e-09,3.7699443e-05,0.999962,2.3150321e-07
/home/share/Uni_Eval/HAM10000_clean/ISIC2018/ISIC_0024645.jpg,5,5,9.64229e-09,9.876091e-09,0.0006676482,7.9858955e-06,0.0014212442,0.9979025,5.83872e-07
/home/share/Uni_Eval/HAM10000_clean/ISIC2018/ISIC_0031608.jpg,5,5,7.2086505e-07,4.4714966e-08,2.8917839e-05,8.742305e-05,0.0007790223,0.9991009,3.0100737e-06
/home/share/Uni_Eval/HAM10000_clean/ISIC2018/ISIC_0025333.jpg,5,5,1.16243785e-10,4.6410042e-07,1.5494261e-06,9.399185e-09,5.2502255e-06,0.9999927,3.8479e-10
/home/share/Uni_Eval/HAM10000_clean/ISIC2018/ISIC_0028161.jpg,5,5,1.1365729e-08,1.0195502e-08,3.266913e-08,2.5977092e-08,3.5359943e-05,0.9999641,5.267716e-07
/home/share/Uni_Eval/HAM10000_clean/ISIC2018/ISIC_0025023.jpg,5,5,1.0764825e-13,7.720674e-14,1.1390734e-06,1.3621304e-10,2.0058844e-05,0.9999788,2.1432764e-09
/home/share/Uni_Eval/HAM10000_clean/ISIC2018/ISIC_0030228.jpg,5,5,8.549487e-11,5.533659e-10,8.512258e-07,5.9163973e-08,4.2230662e-05,0.99995697,2.5232185e-09
/home/share/Uni_Eval/HAM10000_clean/ISIC2018/ISIC_0029433.jpg,5,5,2.477844e-12,1.0504707e-12,2.3639696e-08,8.640928e-11,2.9994288e-05,0.99996996,3.502192e-09
/home/share/Uni_Eval/HAM10000_clean/ISIC2018/ISIC_0025586.jpg,5,5,2.3895276e-12,1.6585548e-09,3.3740253e-08,1.5494257e-10,2.6573593e-05,0.999966,7.3523856e-06
/home/share/Uni_Eval/HAM10000_clean/ISIC2018/ISIC_0025114.jpg,5,5,5.906784e-10,1.1969203e-10,1.6602593e-06,1.2989355e-07,3.308908e-05,0.9999645,6.59293e-07
/home/share/Uni_Eval/HAM10000_clean/ISIC2018/ISIC_0026418.jpg,5,5,4.215451e-10,8.083106e-11,1.2102991e-07,1.6002017e-08,1.9865165e-05,0.99998,7.506255e-11
/home/share/Uni_Eval/HAM10000_clean/ISIC2018/ISIC_0032062.jpg,5,5,9.124555e-08,1.6824796e-08,2.297977e-05,1.2259451e-07,0.020674242,0.9793026,1.0524131e-08
/home/share/Uni_Eval/HAM10000_clean/ISIC2018/ISIC_0032401.jpg,5,5,1.9887485e-10,1.32836115e-08,3.6798082e-07,1.0629001e-09,1.6705141e-07,0.99999917,2.850584e-07
/home/share/Uni_Eval/HAM10000_clean/ISIC2018/ISIC_0025204.jpg,5,5,6.2519965e-13,2.949332e-10,9.64578e-07,2.068575e-09,1.951606e-07,0.9999988,4.6234e-08
/home/share/Uni_Eval/HAM10000_clean/ISIC2018/ISIC_0030713.jpg,5,5,1.1785244e-09,4.114191e-09,7.080338e-05,3.811136e-09,1.749137e-05,0.9999114,2.425441e-07
/home/share/Uni_Eval/HAM10000_clean/ISIC2018/ISIC_0025858.jpg,5,5,2.1265736e-10,1.4321848e-09,1.0139576e-06,1.10547994e-07,7.6788155e-07,0.99999475,3.3502317e-06
/home/share/Uni_Eval/HAM10000_clean/ISIC2018/ISIC_0024844.jpg,5,5,4.0579273e-09,1.14148534e-11,4.4110446e-05,7.4359065e-07,0.00026144457,0.9996933,4.819322e-07
/home/share/Uni_Eval/HAM10000_clean/ISIC2018/ISIC_0027824.jpg,5,5,7.166715e-08,5.076353e-08,0.00075724564,2.7030362e-06,2.7988367e-06,0.99923694,1.6164603e-07
/home/share/Uni_Eval/HAM10000_clean/ISIC2018/ISIC_0027611.jpg,5,5,8.946956e-09,1.290289e-09,1.5401206e-07,1.717538e-06,1.0166942e-05,0.99998796,2.4548463e-09
/home/share/Uni_Eval/HAM10000_clean/ISIC2018/ISIC_0032224.jpg,5,5,2.0982536e-07,3.6231552e-07,0.030403027,9.86334e-08,1.1638186e-06,0.9695948,3.4431625e-07
/home/share/Uni_Eval/HAM10000_clean/ISIC2018/ISIC_0025445.jpg,5,5,2.0023549e-08,5.8066707e-09,5.840009e-07,2.5618536e-07,0.00027085972,0.9997193,8.952127e-06
/home/share/Uni_Eval/HAM10000_clean/ISIC2018/ISIC_0024629.jpg,5,5,2.0332847e-09,3.0274435e-08,5.637103e-06,4.037398e-08,1.0264709e-05,0.99998415,1.26416e-09
/home/share/Uni_Eval/HAM10000_clean/ISIC2018/ISIC_0028788.jpg,5,5,5.0333435e-11,4.7878884e-10,1.8193033e-06,2.8019826e-09,8.526431e-07,0.9999974,6.728117e-11
/home/share/Uni_Eval/HAM10000_clean/ISIC2018/ISIC_0030779.jpg,5,5,7.342514e-09,1.5234587e-08,1.4648006e-07,9.950497e-10,2.8146751e-05,0.9999707,9.656756e-07
/home/share/Uni_Eval/HAM10000_clean/ISIC2018/ISIC_0027913.jpg,5,5,4.6896824e-09,1.3044427e-06,5.604397e-07,8.2288554e-10,4.6499563e-06,0.9999918,1.707217e-06
/home/share/Uni_Eval/HAM10000_clean/ISIC2018/ISIC_0024614.jpg,5,5,2.9106193e-09,6.5591688e-09,1.0003105e-06,7.999712e-09,1.4562852e-05,0.9999844,2.3912358e-08
/home/share/Uni_Eval/HAM10000_clean/ISIC2018/ISIC_0027705.jpg,5,5,7.4162315e-10,7.108874e-05,7.057872e-05,1.2082122e-06,5.5391138e-06,0.99985003,1.565602e-06
/home/share/Uni_Eval/HAM10000_clean/ISIC2018/ISIC_0024347.jpg,5,5,0.0015151453,5.6199233e-06,0.0065108966,1.9809022e-06,0.12118608,0.8707642,1.610171e-05
/home/share/Uni_Eval/HAM10000_clean/ISIC2018/ISIC_0029631.jpg,5,5,3.8842186e-11,2.3608209e-09,4.347164e-06,2.3589543e-08,2.8586952e-05,0.9999671,1.6250487e-08
/home/share/Uni_Eval/HAM10000_clean/ISIC2018/ISIC_0032167.jpg,5,5,1.10216874e-07,2.9879046e-09,4.383715e-06,5.671333e-09,0.000105129315,0.9998903,2.7170592e-09
/home/share/Uni_Eval/HAM10000_clean/ISIC2018/ISIC_0031058.jpg,5,5,1.4793526e-11,6.6799305e-12,1.1220657e-06,4.3064432e-08,5.5667742e-06,0.9999933,2.3143993e-08
/home/share/Uni_Eval/HAM10000_clean/ISIC2018/ISIC_0030288.jpg,5,5,4.7615717e-10,2.546023e-10,2.6351656e-06,6.477078e-06,2.4733451e-06,0.9999883,1.1404914e-07
/home/share/Uni_Eval/HAM10000_clean/ISIC2018/ISIC_0030438.jpg,5,5,4.4685073e-09,6.9002e-09,7.1673206e-08,6.377569e-08,3.4624509e-06,0.9999963,4.2927116e-08
/home/share/Uni_Eval/HAM10000_clean/ISIC2018/ISIC_0030212.jpg,5,5,6.251784e-11,1.5886273e-10,8.4122456e-07,8.529666e-09,5.3831704e-05,0.9999447,6.774938e-07
/home/share/Uni_Eval/HAM10000_clean/ISIC2018/ISIC_0031129.jpg,5,5,2.1231623e-08,5.3083822e-05,6.0861646e-05,0.00010866548,0.0003864894,0.97774464,0.021646293
/home/share/Uni_Eval/HAM10000_clean/ISIC2018/ISIC_0029451.jpg,5,5,2.2175421e-10,7.713723e-09,1.1918901e-06,3.27273e-10,0.00073604984,0.99926275,3.4641467e-08
/home/share/Uni_Eval/HAM10000_clean/ISIC2018/ISIC_0024622.jpg,5,5,3.4668357e-10,3.142266e-06,1.884743e-07,1.7274668e-09,0.0005198707,0.99947685,2.7999365e-09
/home/share/Uni_Eval/HAM10000_clean/ISIC2018/ISIC_0025203.jpg,5,5,2.479709e-13,1.1960401e-11,4.150524e-08,2.8042837e-09,3.7607094e-06,0.9999962,5.6837486e-09
/home/share/Uni_Eval/HAM10000_clean/ISIC2018/ISIC_0026627.jpg,5,5,7.469014e-11,7.201792e-09,1.4510553e-08,8.539891e-08,3.94261e-06,0.99999595,8.5753875e-09
/home/share/Uni_Eval/HAM10000_clean/ISIC2018/ISIC_0029487.jpg,5,5,6.8984895e-07,8.4110917e-07,1.092737e-05,1.47182e-07,0.00010355652,0.9998838,7.2513636e-08
/home/share/Uni_Eval/HAM10000_clean/ISIC2018/ISIC_0031994.jpg,5,5,1.9874891e-08,3.1296247e-07,2.7130288e-06,3.5423074e-07,0.00016580112,0.9998301,5.7402485e-07
/home/share/Uni_Eval/HAM10000_clean/ISIC2018/ISIC_0029186.jpg,5,5,5.7009166e-09,1.2761614e-08,9.0287284e-07,4.0814055e-07,2.0106768e-06,0.99999666,9.793916e-08
/home/share/Uni_Eval/HAM10000_clean/ISIC2018/ISIC_0032286.jpg,5,5,1.5655519e-10,3.3694252e-11,1.095335e-07,2.05145e-08,0.00033808895,0.9996618,5.4342677e-09
/home/share/Uni_Eval/HAM10000_clean/ISIC2018/ISIC_0026160.jpg,5,5,8.061575e-10,1.522919e-08,6.0375106e-07,1.203527e-06,0.0012926789,0.9987054,1.3250109e-07
/home/share/Uni_Eval/HAM10000_clean/ISIC2018/ISIC_0030476.jpg,5,5,6.647779e-10,5.1324363e-08,1.290916e-07,8.096234e-11,7.1630035e-05,0.99992824,3.569383e-08
/home/share/Uni_Eval/HAM10000_clean/ISIC2018/ISIC_0026047.jpg,5,5,0.0002081694,6.301561e-06,1.45068025e-05,7.1841384e-07,8.1525395e-06,0.999757,5.1008683e-06
/home/share/Uni_Eval/HAM10000_clean/ISIC2018/ISIC_0031549.jpg,5,5,2.6491043e-06,1.2600193e-08,0.00061440456,2.084934e-09,0.0001298323,0.9992531,1.0994361e-08
/home/share/Uni_Eval/HAM10000_clean/ISIC2018/ISIC_0029325.jpg,5,5,6.1391226e-12,1.9923306e-10,1.0719955e-06,4.957996e-08,3.6375891e-07,0.9999982,3.112383e-07
/home/share/Uni_Eval/HAM10000_clean/ISIC2018/ISIC_0027923.jpg,5,5,1.4369213e-10,8.26365e-09,1.5369602e-08,1.620931e-08,1.0332129e-05,0.9999896,5.054879e-09
/home/share/Uni_Eval/HAM10000_clean/ISIC2018/ISIC_0029283.jpg,5,5,1.6045486e-09,2.131398e-09,2.5709422e-05,4.0138904e-08,2.7698127e-06,0.9999696,1.8830675e-06
/home/share/Uni_Eval/HAM10000_clean/ISIC2018/ISIC_0026721.jpg,5,5,3.5731333e-09,3.437745e-08,1.5883707e-06,3.472508e-08,3.1618256e-05,0.99996614,5.848842e-07
/home/share/Uni_Eval/HAM10000_clean/ISIC2018/ISIC_0026997.jpg,5,5,1.2110252e-11,9.005392e-09,1.1708806e-05,2.1639633e-07,8.971247e-06,0.9999789,1.7325596e-07
/home/share/Uni_Eval/HAM10000_clean/ISIC2018/ISIC_0029709.jpg,5,5,2.7897116e-09,1.2281295e-09,1.0429961e-05,8.981267e-09,5.8005207e-06,0.9999838,6.5766157e-09
/home/share/Uni_Eval/HAM10000_clean/ISIC2018/ISIC_0030419.jpg,5,5,1.00635095e-14,1.2314669e-11,2.600345e-08,7.644468e-09,5.920746e-07,0.99999785,1.5389105e-06
/home/share/Uni_Eval/HAM10000_clean/ISIC2018/ISIC_0031280.jpg,5,5,2.3718547e-08,6.6614646e-08,0.0023367715,1.7815998e-06,2.0052636e-05,0.9976398,1.4454332e-06
/home/share/Uni_Eval/HAM10000_clean/ISIC2018/ISIC_0025110.jpg,5,5,4.932342e-12,6.9686014e-11,6.74914e-07,3.5082476e-10,0.00026771124,0.9997316,3.4674746e-10
/home/share/Uni_Eval/HAM10000_clean/ISIC2018/ISIC_0029421.jpg,5,5,6.514476e-13,1.07751814e-10,1.9500583e-06,1.6421956e-09,5.336644e-06,0.9999927,5.686058e-10
/home/share/Uni_Eval/HAM10000_clean/ISIC2018/ISIC_0025496.jpg,5,5,3.2919088e-12,4.400287e-10,6.237758e-07,5.6600228e-11,6.0909247e-07,0.9999988,1.475467e-10
/home/share/Uni_Eval/HAM10000_clean/ISIC2018/ISIC_0030750.jpg,5,5,1.5007889e-09,9.125365e-09,1.3894526e-06,1.0205671e-07,2.793269e-05,0.99997056,7.647584e-09
/home/share/Uni_Eval/HAM10000_clean/ISIC2018/ISIC_0025570.jpg,5,5,7.344683e-10,9.857817e-11,5.8006275e-08,1.0716052e-08,0.00012446035,0.9998754,1.0274674e-08
/home/share/Uni_Eval/HAM10000_clean/ISIC2018/ISIC_0025270.jpg,5,2,7.800097e-07,3.0725456e-08,0.9474219,2.1765805e-08,4.894981e-06,0.052551415,2.104411e-05
/home/share/Uni_Eval/HAM10000_clean/ISIC2018/ISIC_0030788.jpg,5,5,2.527511e-09,5.491349e-11,1.4362523e-05,1.2912692e-06,0.0013021748,0.9986821,1.7384173e-09
/home/share/Uni_Eval/HAM10000_clean/ISIC2018/ISIC_0026278.jpg,5,5,6.6421315e-13,2.4810215e-10,1.223746e-08,3.6760133e-09,7.1653227e-07,0.9999993,5.7574927e-09
/home/share/Uni_Eval/HAM10000_clean/ISIC2018/ISIC_0029981.jpg,5,5,7.120232e-07,1.3616816e-06,1.6858492e-05,9.315779e-07,1.394845e-08,0.99997985,2.998237e-07
/home/share/Uni_Eval/HAM10000_clean/ISIC2018/ISIC_0027001.jpg,5,5,6.8539563e-10,1.9467009e-10,9.866732e-08,1.6566979e-07,9.9445735e-08,0.99999964,6.262039e-09
/home/share/Uni_Eval/HAM10000_clean/ISIC2018/ISIC_0030864.jpg,5,5,8.570502e-10,3.3903975e-09,5.7674015e-06,1.1764443e-09,1.2620227e-05,0.99992824,5.342851e-05
/home/share/Uni_Eval/HAM10000_clean/ISIC2018/ISIC_0032295.jpg,5,5,1.05264035e-05,5.6624476e-08,0.0008779246,2.9285815e-08,0.00019944317,0.99891174,3.733414e-07
/home/share/Uni_Eval/HAM10000_clean/ISIC2018/ISIC_0024810.jpg,5,5,1.9505663e-11,1.8429351e-10,6.9037255e-06,1.6135071e-09,0.0051138224,0.99487877,4.442372e-07
/home/share/Uni_Eval/HAM10000_clean/ISIC2018/ISIC_0024627.jpg,5,5,6.856581e-13,1.2668037e-11,4.321216e-06,1.0321095e-09,0.0003438114,0.9996518,3.2137763e-08
/home/share/Uni_Eval/HAM10000_clean/ISIC2018/ISIC_0031124.jpg,5,5,2.711041e-07,5.740333e-08,3.5007677e-05,1.6097643e-05,1.0121494e-06,0.9999379,9.759684e-06
/home/share/Uni_Eval/HAM10000_clean/ISIC2018/ISIC_0024384.jpg,5,5,7.6701645e-07,6.2280055e-06,5.4733766e-05,0.0002638696,1.2675311e-07,0.99966586,8.473116e-06
/home/share/Uni_Eval/HAM10000_clean/ISIC2018/ISIC_0029234.jpg,5,5,1.0192579e-06,6.9187886e-06,2.849778e-05,1.3712868e-06,1.780476e-06,0.9999509,9.4181605e-06
/home/share/Uni_Eval/HAM10000_clean/ISIC2018/ISIC_0031683.jpg,5,5,3.0239267e-09,3.687371e-07,8.056659e-06,5.9705604e-07,1.13600855e-07,0.9999857,5.2347095e-06
/home/share/Uni_Eval/HAM10000_clean/ISIC2018/ISIC_0027880.jpg,5,5,1.8972256e-10,7.184514e-10,4.625141e-06,2.0838546e-09,5.477105e-05,0.9999405,1.31927e-07
/home/share/Uni_Eval/HAM10000_clean/ISIC2018/ISIC_0029718.jpg,5,5,5.5174825e-09,5.875657e-10,0.00017205482,2.2151598e-08,0.00047386537,0.99935406,1.9653397e-08
/home/share/Uni_Eval/HAM10000_clean/ISIC2018/ISIC_0029076.jpg,5,5,7.593379e-09,2.8447051e-09,8.543864e-06,1.2134412e-07,5.187385e-05,0.99993944,1.380825e-09
/home/share/Uni_Eval/HAM10000_clean/ISIC2018/ISIC_0030017.jpg,5,5,5.330317e-09,7.869499e-09,1.967733e-07,7.90645e-09,6.2644733e-07,0.99999917,2.997799e-08
/home/share/Uni_Eval/HAM10000_clean/ISIC2018/ISIC_0028893.jpg,5,5,1.8177628e-13,2.4006854e-11,1.1921625e-07,3.7524256e-10,0.00014221661,0.99985766,9.840664e-10
/home/share/Uni_Eval/HAM10000_clean/ISIC2018/ISIC_0030078.jpg,5,5,1.2434273e-08,3.0534468e-06,3.5422051e-06,2.6621345e-07,4.0456065e-08,0.9999896,3.4798534e-06
/home/share/Uni_Eval/HAM10000_clean/ISIC2018/ISIC_0028434.jpg,5,5,6.165384e-09,8.246458e-11,3.9420806e-07,2.9162367e-11,4.4949964e-05,0.9999547,5.487804e-12
/home/share/Uni_Eval/HAM10000_clean/ISIC2018/ISIC_0024966.jpg,5,5,3.3370247e-07,4.617839e-07,6.7042565e-06,3.716991e-07,2.7710828e-07,0.9999918,1.2420581e-07
/home/share/Uni_Eval/HAM10000_clean/ISIC2018/ISIC_0031873.jpg,5,5,7.1985223e-10,8.252179e-08,2.4574915e-08,9.586651e-09,6.639542e-05,0.99993336,1.2062698e-07
/home/share/Uni_Eval/HAM10000_clean/ISIC2018/ISIC_0024722.jpg,5,5,3.1551064e-08,4.8917945e-09,0.00014503936,1.2391062e-09,0.0008030305,0.99905187,2.3218092e-09
/home/share/Uni_Eval/HAM10000_clean/ISIC2018/ISIC_0027699.jpg,5,5,1.7806341e-10,5.045465e-08,2.1637834e-07,3.0171116e-10,2.038412e-08,0.99999976,7.962672e-10
/home/share/Uni_Eval/HAM10000_clean/ISIC2018/ISIC_0032438.jpg,5,5,8.216612e-10,1.4048762e-10,1.15158066e-07,5.9056643e-10,3.6726294e-06,0.9999962,8.452769e-09
/home/share/Uni_Eval/HAM10000_clean/ISIC2018/ISIC_0029765.jpg,5,5,1.872696e-05,6.475794e-09,5.320872e-05,4.3876227e-08,4.9076993e-06,0.9999231,1.2538375e-08
/home/share/Uni_Eval/HAM10000_clean/ISIC2018/ISIC_0025010.jpg,5,5,4.5201737e-08,2.5706768e-09,5.4070017e-07,1.7061569e-06,0.002156483,0.99784124,1.4264026e-08
/home/share/Uni_Eval/HAM10000_clean/ISIC2018/ISIC_0028569.jpg,5,5,1.4551159e-11,1.3075508e-11,9.180086e-08,5.1366516e-08,3.3395244e-07,0.9999995,1.6125286e-08
/home/share/Uni_Eval/HAM10000_clean/ISIC2018/ISIC_0031788.jpg,5,5,4.5058903e-09,3.0027613e-07,2.135689e-05,1.3878768e-07,0.000103624174,0.999874,5.1374593e-07
/home/share/Uni_Eval/HAM10000_clean/ISIC2018/ISIC_0031628.jpg,5,5,1.9708532e-08,5.153466e-11,1.0815577e-06,8.49283e-07,0.00019633869,0.9998016,1.4136168e-07
/home/share/Uni_Eval/HAM10000_clean/ISIC2018/ISIC_0031859.jpg,5,5,9.295991e-09,1.4605543e-09,1.3399869e-06,1.8442603e-07,0.0054516313,0.9945468,1.0190446e-08
/home/share/Uni_Eval/HAM10000_clean/ISIC2018/ISIC_0028333.jpg,5,5,3.2305984e-08,9.365259e-10,0.00059696473,1.1975795e-08,2.3121836e-05,0.9993794,4.039509e-07
/home/share/Uni_Eval/HAM10000_clean/ISIC2018/ISIC_0027792.jpg,5,5,1.4944712e-08,1.385146e-10,4.6352674e-05,3.8558767e-07,3.2074568e-05,0.9999211,6.264059e-08
/home/share/Uni_Eval/HAM10000_clean/ISIC2018/ISIC_0029078.jpg,5,5,1.4534394e-05,3.1098787e-06,0.00032940417,1.5112506e-06,4.2451912e-08,0.9996506,7.8041364e-07
/home/share/Uni_Eval/HAM10000_clean/ISIC2018/ISIC_0027830.jpg,5,5,1.5860266e-10,2.5959832e-09,3.2303285e-07,6.339519e-09,0.00015010187,0.9998493,2.8479099e-07
/home/share/Uni_Eval/HAM10000_clean/ISIC2018/ISIC_0026534.jpg,5,5,9.500408e-09,4.024752e-09,1.1903347e-06,1.4807019e-06,0.0014285073,0.9985689,2.0403648e-09
/home/share/Uni_Eval/HAM10000_clean/ISIC2018/ISIC_0027396.jpg,5,5,6.4127007e-12,6.2758776e-10,4.0852203e-08,2.1512801e-10,3.1702628e-05,0.9999683,1.2450572e-08
/home/share/Uni_Eval/HAM10000_clean/ISIC2018/ISIC_0029901.jpg,5,5,7.422222e-12,2.7176792e-09,1.1942616e-05,1.0164068e-06,7.107607e-06,0.999966,1.381755e-05
/home/share/Uni_Eval/HAM10000_clean/ISIC2018/ISIC_0031425.jpg,5,5,2.4689886e-14,1.5851805e-08,4.2607126e-06,1.8265998e-08,1.5658588e-07,0.9999956,2.3254845e-08
/home/share/Uni_Eval/HAM10000_clean/ISIC2018/ISIC_0024802.jpg,5,5,7.4690094e-11,1.2761255e-08,4.9663555e-07,1.1641077e-09,3.9848626e-07,0.99999905,1.1185275e-09
/home/share/Uni_Eval/HAM10000_clean/ISIC2018/ISIC_0030638.jpg,5,5,4.062173e-08,2.9226497e-08,1.1723502e-05,7.0970395e-06,3.3466035e-06,0.99997735,3.495391e-07
/home/share/Uni_Eval/HAM10000_clean/ISIC2018/ISIC_0030983.jpg,5,5,2.1743375e-08,4.098048e-09,1.0429866e-07,1.9222496e-08,1.3409064e-06,0.99999857,9.449095e-11
/home/share/Uni_Eval/HAM10000_clean/ISIC2018/ISIC_0026379.jpg,5,5,1.8638517e-09,3.8959382e-09,8.6927616e-07,8.4568015e-08,0.00033885083,0.99966013,8.463844e-10
/home/share/Uni_Eval/HAM10000_clean/ISIC2018/ISIC_0024912.jpg,5,5,6.4587974e-10,3.1090668e-09,7.4492146e-07,5.5590377e-09,0.00021067166,0.9997886,4.4214102e-10
/home/share/Uni_Eval/HAM10000_clean/ISIC2018/ISIC_0032431.jpg,5,5,1.9757569e-11,2.2255423e-11,3.2830968e-07,1.16442685e-07,9.444432e-08,0.9999994,1.7242485e-08
/home/share/Uni_Eval/HAM10000_clean/ISIC2018/ISIC_0029842.jpg,5,5,4.636994e-10,3.970343e-09,8.3473225e-08,5.2363898e-08,1.0330463e-06,0.99999857,2.7171328e-07
/home/share/Uni_Eval/HAM10000_clean/ISIC2018/ISIC_0031641.jpg,5,5,2.465448e-15,1.07770404e-10,2.3244588e-09,4.4635587e-11,6.7616935e-07,0.9999993,1.8369956e-10
/home/share/Uni_Eval/HAM10000_clean/ISIC2018/ISIC_0031512.jpg,5,5,1.7975194e-11,2.5283034e-11,3.444226e-07,1.6083086e-10,4.5882043e-06,0.9999951,1.2618373e-09
/home/share/Uni_Eval/HAM10000_clean/ISIC2018/ISIC_0025037.jpg,5,5,2.12589e-12,6.258423e-10,6.29392e-07,2.6227753e-09,0.00091220246,0.9990872,1.0119156e-11
/home/share/Uni_Eval/HAM10000_clean/ISIC2018/ISIC_0031205.jpg,5,5,1.11718114e-10,2.6324085e-07,8.979767e-07,2.0694588e-09,2.6131465e-05,0.99996436,8.316763e-06
/home/share/Uni_Eval/HAM10000_clean/ISIC2018/ISIC_0025233.jpg,5,5,1.6604104e-09,7.613376e-10,8.0454905e-05,2.0697167e-08,3.21914e-05,0.999871,1.6285048e-05
/home/share/Uni_Eval/HAM10000_clean/ISIC2018/ISIC_0029863.jpg,5,5,5.2961357e-13,2.1823052e-11,6.047804e-08,2.5579945e-08,2.7113429e-05,0.9999728,2.8278673e-09
/home/share/Uni_Eval/HAM10000_clean/ISIC2018/ISIC_0027095.jpg,5,5,2.0677453e-11,8.5169205e-11,1.0346292e-08,7.140835e-10,1.0879822e-06,0.99999726,1.5996711e-06
/home/share/Uni_Eval/HAM10000_clean/ISIC2018/ISIC_0026197.jpg,5,5,7.988897e-10,1.3126391e-06,1.0911632e-06,4.2294668e-10,1.8556533e-06,0.9999957,7.7468265e-10
/home/share/Uni_Eval/HAM10000_clean/ISIC2018/ISIC_0028722.jpg,5,5,4.3024464e-09,2.5425608e-08,1.8428117e-06,1.5481429e-10,0.0046870164,0.9953112,1.7764143e-10
/home/share/Uni_Eval/HAM10000_clean/ISIC2018/ISIC_0025232.jpg,5,5,4.484807e-13,5.747205e-13,1.4770889e-07,8.204132e-10,1.1120238e-05,0.9999887,3.044386e-10
/home/share/Uni_Eval/HAM10000_clean/ISIC2018/ISIC_0029551.jpg,5,5,7.325616e-08,1.43114836e-08,3.2605854e-05,1.2220131e-07,5.134692e-05,0.9999149,9.759351e-07
/home/share/Uni_Eval/HAM10000_clean/ISIC2018/ISIC_0032297.jpg,5,5,2.0523629e-10,1.6423053e-10,2.918481e-07,1.181712e-06,7.203858e-06,0.9999913,2.0466857e-11
/home/share/Uni_Eval/HAM10000_clean/ISIC2018/ISIC_0024978.jpg,5,5,1.893734e-09,4.6616715e-09,2.0749337e-06,1.2381484e-07,5.612562e-08,0.9999976,1.2770667e-07
/home/share/Uni_Eval/HAM10000_clean/ISIC2018/ISIC_0025889.jpg,5,5,1.455733e-11,9.6555945e-09,4.3401806e-07,9.277373e-09,1.3961377e-06,0.9999982,1.0389175e-08
/home/share/Uni_Eval/HAM10000_clean/ISIC2018/ISIC_0030708.jpg,5,5,3.600546e-09,3.2814235e-10,4.0283103e-06,5.4428204e-09,6.754164e-06,0.9999889,2.879193e-07
/home/share/Uni_Eval/HAM10000_clean/ISIC2018/ISIC_0026542.jpg,5,5,6.084593e-08,1.8862665e-09,2.4087973e-05,2.2427373e-09,0.000663594,0.9993123,2.3779707e-08
/home/share/Uni_Eval/HAM10000_clean/ISIC2018/ISIC_0025459.jpg,5,5,1.3972529e-08,3.3616182e-08,1.7458252e-06,4.9754615e-08,4.4356398e-06,0.9999937,1.7901695e-07
/home/share/Uni_Eval/HAM10000_clean/ISIC2018/ISIC_0029256.jpg,5,5,2.6146022e-08,2.9992748e-08,8.009195e-06,1.2034692e-06,9.830705e-05,0.9998925,2.8999403e-09
/home/share/Uni_Eval/HAM10000_clean/ISIC2018/ISIC_0024527.jpg,5,5,2.8448593e-08,6.420461e-08,1.991167e-05,4.6156748e-07,0.000116045696,0.9998634,3.4008512e-09
/home/share/Uni_Eval/HAM10000_clean/ISIC2018/ISIC_0029910.jpg,5,5,4.473902e-09,2.6030435e-08,0.00025350976,1.0589261e-09,2.1758258e-05,0.9997247,8.5359864e-10
/home/share/Uni_Eval/HAM10000_clean/ISIC2018/ISIC_0025464.jpg,5,5,1.6808877e-09,4.2835027e-10,4.3016937e-07,5.5962994e-09,1.15375105e-05,0.99998796,1.9719877e-08
/home/share/Uni_Eval/HAM10000_clean/ISIC2018/ISIC_0029124.jpg,5,5,4.2915108e-08,3.9970757e-05,3.3302356e-05,2.654498e-05,3.3100187e-05,0.9993333,0.00053366384
/home/share/Uni_Eval/HAM10000_clean/ISIC2018/ISIC_0031265.jpg,5,5,7.4505674e-13,2.0581932e-11,2.794583e-08,3.2355862e-10,3.061352e-05,0.99996936,6.287238e-11
/home/share/Uni_Eval/HAM10000_clean/ISIC2018/ISIC_0027499.jpg,5,5,3.3698244e-09,1.4130608e-09,1.08341595e-07,3.5871615e-08,8.9315745e-06,0.99999094,2.5411744e-09
/home/share/Uni_Eval/HAM10000_clean/ISIC2018/ISIC_0025344.jpg,5,5,1.8873738e-11,3.6240295e-09,1.077145e-06,2.5751763e-08,4.173095e-05,0.9999572,4.5591837e-09
/home/share/Uni_Eval/HAM10000_clean/ISIC2018/ISIC_0031047.jpg,5,5,2.1331411e-08,2.0263166e-11,6.4592086e-06,2.8582272e-07,6.0928138e-05,0.99993217,1.8585683e-07
/home/share/Uni_Eval/HAM10000_clean/ISIC2018/ISIC_0025595.jpg,5,5,3.8118142e-10,2.1836156e-10,5.453202e-07,1.4029189e-07,8.660778e-05,0.9999126,9.312412e-08
/home/share/Uni_Eval/HAM10000_clean/ISIC2018/ISIC_0026732.jpg,5,5,4.821037e-09,7.63839e-08,1.6384725e-05,2.6149354e-07,6.8910695e-06,0.9999764,1.2442863e-08
/home/share/Uni_Eval/HAM10000_clean/ISIC2018/ISIC_0027635.jpg,5,5,1.6422577e-10,3.089732e-08,1.864323e-05,4.210957e-10,8.360608e-05,0.9998975,2.1169713e-07
/home/share/Uni_Eval/HAM10000_clean/ISIC2018/ISIC_0029280.jpg,5,5,5.510957e-07,4.1017756e-10,0.00082339614,0.0002750278,0.00028202392,0.9986186,4.4473964e-07
/home/share/Uni_Eval/HAM10000_clean/ISIC2018/ISIC_0032472.jpg,5,5,1.9277314e-10,7.0216505e-13,3.087587e-07,2.2664656e-08,1.895133e-05,0.9999807,6.4223593e-10
/home/share/Uni_Eval/HAM10000_clean/ISIC2018/ISIC_0028433.jpg,5,5,1.476364e-07,5.0672387e-08,0.00069520104,2.4211084e-05,2.4246157e-07,0.999271,9.314136e-06
/home/share/Uni_Eval/HAM10000_clean/ISIC2018/ISIC_0030439.jpg,5,5,1.3157449e-08,1.0637206e-10,3.5204066e-05,1.12843686e-07,0.00061034417,0.9993543,1.7721889e-10
/home/share/Uni_Eval/HAM10000_clean/ISIC2018/ISIC_0027726.jpg,5,5,3.9693817e-09,8.361409e-08,1.2292896e-06,1.4456383e-09,7.132983e-08,0.99999857,5.8972425e-08
/home/share/Uni_Eval/HAM10000_clean/ISIC2018/ISIC_0030343.jpg,5,5,4.655823e-11,1.2676611e-11,1.8085624e-06,2.0319497e-08,2.0845458e-05,0.99997735,1.8472694e-08
/home/share/Uni_Eval/HAM10000_clean/ISIC2018/ISIC_0025679.jpg,5,5,1.1174033e-06,1.1895994e-09,8.5738367e-07,1.7626276e-08,9.0319634e-05,0.9999075,1.5641898e-07
/home/share/Uni_Eval/HAM10000_clean/ISIC2018/ISIC_0031737.jpg,5,5,2.4508265e-07,0.0002785754,6.597396e-05,5.7797356e-06,5.4025582e-05,0.9995946,7.262854e-07
/home/share/Uni_Eval/HAM10000_clean/ISIC2018/ISIC_0025187.jpg,5,5,2.5294584e-08,9.072694e-11,0.00049132085,5.143594e-09,0.00069027656,0.99881834,8.964946e-10
/home/share/Uni_Eval/HAM10000_clean/ISIC2018/ISIC_0024751.jpg,5,5,0.0002305246,1.4545176e-06,0.0053670797,8.438172e-05,0.025171624,0.9691367,8.186199e-06
/home/share/Uni_Eval/HAM10000_clean/ISIC2018/ISIC_0030749.jpg,5,5,1.7294685e-09,4.4426216e-08,2.5327749e-05,2.8711564e-09,0.00083497126,0.99913967,1.0990758e-09
/home/share/Uni_Eval/HAM10000_clean/ISIC2018/ISIC_0025864.jpg,5,5,7.865657e-10,1.1954378e-11,7.996727e-08,3.0372003e-09,0.00041013278,0.99958974,3.727841e-09
/home/share/Uni_Eval/HAM10000_clean/ISIC2018/ISIC_0025688.jpg,5,5,3.2922989e-09,6.0851253e-06,3.014335e-08,4.3228297e-08,1.4278717e-08,0.9999937,1.9280793e-07
/home/share/Uni_Eval/HAM10000_clean/ISIC2018/ISIC_0030948.jpg,5,5,3.501272e-11,2.7355324e-07,2.4523024e-05,5.129688e-10,0.0012858004,0.99868864,8.575898e-07
/home/share/Uni_Eval/HAM10000_clean/ISIC2018/ISIC_0027413.jpg,5,5,1.5168652e-09,1.9319506e-07,6.8967233e-07,7.726969e-09,1.2611635e-05,0.9999863,1.7516501e-07
/home/share/Uni_Eval/HAM10000_clean/ISIC2018/ISIC_0026294.jpg,5,5,4.4370462e-11,7.051138e-10,3.1136493e-05,9.512227e-10,0.00013239478,0.99983644,1.948271e-09
/home/share/Uni_Eval/HAM10000_clean/ISIC2018/ISIC_0029327.jpg,5,5,2.5959679e-09,7.8311004e-08,1.1884443e-06,1.9595777e-08,8.865177e-05,0.9999063,3.7862917e-06
/home/share/Uni_Eval/HAM10000_clean/ISIC2018/ISIC_0029796.jpg,5,5,5.947099e-09,1.9748128e-08,1.6169984e-07,6.133233e-10,0.00017088366,0.99982893,2.386034e-09
/home/share/Uni_Eval/HAM10000_clean/ISIC2018/ISIC_0024533.jpg,5,5,1.6057476e-10,2.2290559e-08,5.1749073e-08,1.9800268e-09,0.00024031955,0.9997596,7.685184e-09
/home/share/Uni_Eval/HAM10000_clean/ISIC2018/ISIC_0028620.jpg,5,5,2.989301e-11,1.4640785e-11,8.417849e-07,1.6214173e-07,8.074872e-05,0.9999182,1.1845207e-08
/home/share/Uni_Eval/HAM10000_clean/ISIC2018/ISIC_0032332.jpg,5,5,1.436166e-10,2.4931882e-08,8.04249e-07,1.0166665e-07,3.707908e-05,0.9999616,3.563759e-07
/home/share/Uni_Eval/HAM10000_clean/ISIC2018/ISIC_0025705.jpg,5,5,1.5854383e-07,2.0367374e-09,2.6521195e-06,8.613759e-11,0.05383329,0.94616395,5.012645e-11
/home/share/Uni_Eval/HAM10000_clean/ISIC2018/ISIC_0030004.jpg,5,5,1.5109029e-07,4.7552323e-08,5.0772374e-05,6.2649406e-06,0.00112678,0.998816,1.2953006e-08
/home/share/Uni_Eval/HAM10000_clean/ISIC2018/ISIC_0031445.jpg,5,5,9.7472235e-09,4.2729768e-11,6.1167077e-07,3.5684393e-09,3.5591576e-05,0.99996376,3.0443477e-08
/home/share/Uni_Eval/HAM10000_clean/ISIC2018/ISIC_0025050.jpg,5,5,5.1760193e-08,1.8645445e-09,2.678939e-05,1.17082e-08,6.2742834e-06,0.99996686,1.7355152e-09
/home/share/Uni_Eval/HAM10000_clean/ISIC2018/ISIC_0024681.jpg,5,5,1.336047e-09,8.0277195e-11,9.55519e-07,4.5791768e-07,3.1410872e-07,0.9999974,8.9064326e-07
/home/share/Uni_Eval/HAM10000_clean/ISIC2018/ISIC_0029707.jpg,5,5,1.4242421e-09,1.0888102e-08,2.2419961e-07,1.7146175e-06,0.0019350862,0.998063,2.7760926e-08
/home/share/Uni_Eval/HAM10000_clean/ISIC2018/ISIC_0028240.jpg,5,5,1.7050152e-07,1.9012324e-08,9.7034914e-05,2.8143108e-07,0.00091224787,0.99899024,5.0866024e-08
/home/share/Uni_Eval/HAM10000_clean/ISIC2018/ISIC_0026325.jpg,5,5,3.94112e-10,5.6079275e-10,9.660424e-07,0.0033144718,0.0002950049,0.99636215,2.7488213e-05
/home/share/Uni_Eval/HAM10000_clean/ISIC2018/ISIC_0029817.jpg,5,5,2.6892497e-10,1.7277365e-07,4.0947116e-06,4.842379e-07,4.2942775e-05,0.9999522,1.5285586e-07
/home/share/Uni_Eval/HAM10000_clean/ISIC2018/ISIC_0030530.jpg,5,5,7.807375e-11,6.3391026e-10,2.519634e-06,8.954952e-08,9.873063e-05,0.99989855,7.509551e-08
/home/share/Uni_Eval/HAM10000_clean/ISIC2018/ISIC_0028421.jpg,5,5,3.341792e-11,4.3696433e-09,1.9273935e-07,4.8028874e-09,1.0048082e-05,0.9999794,1.0414529e-05
/home/share/Uni_Eval/HAM10000_clean/ISIC2018/ISIC_0029445.jpg,5,5,0.00016792929,2.2749288e-07,0.008146178,0.00022325783,0.00015843676,0.9895488,0.001755133
/home/share/Uni_Eval/HAM10000_clean/ISIC2018/ISIC_0031315.jpg,5,5,8.724054e-09,1.272318e-06,8.7353954e-05,1.9552208e-06,2.534139e-06,0.9998747,3.2198393e-05
/home/share/Uni_Eval/HAM10000_clean/ISIC2018/ISIC_0031224.jpg,5,5,5.0791596e-07,2.093784e-10,5.9117206e-06,2.4423946e-08,2.4702874e-06,0.99999106,1.0795443e-07
/home/share/Uni_Eval/HAM10000_clean/ISIC2018/ISIC_0030317.jpg,5,5,1.3177306e-10,2.1118522e-11,3.0343116e-07,6.4231685e-08,8.076792e-06,0.9999914,6.3735364e-08
/home/share/Uni_Eval/HAM10000_clean/ISIC2018/ISIC_0026375.jpg,5,5,1.1408738e-07,0.0002366315,0.00012436707,3.3030435e-06,0.00016677997,0.9991709,0.00029784103
/home/share/Uni_Eval/HAM10000_clean/ISIC2018/ISIC_0030515.jpg,5,5,8.27994e-08,4.4841983e-09,1.6939958e-07,4.48794e-08,0.000120174715,0.9998796,1.1767041e-08
/home/share/Uni_Eval/HAM10000_clean/ISIC2018/ISIC_0029461.jpg,5,5,2.5143805e-08,1.6374498e-08,3.5457117e-05,1.3982203e-06,0.00040634093,0.9995567,9.917097e-09
/home/share/Uni_Eval/HAM10000_clean/ISIC2018/ISIC_0032458.jpg,5,5,4.2033618e-10,1.9111121e-06,2.3578973e-06,5.157058e-09,4.6495796e-08,0.9999957,1.3566399e-08
/home/share/Uni_Eval/HAM10000_clean/ISIC2018/ISIC_0026447.jpg,5,5,1.461612e-05,2.0817035e-06,9.2740975e-06,5.3926254e-07,1.3456264e-06,0.99997056,1.5258913e-06
/home/share/Uni_Eval/HAM10000_clean/ISIC2018/ISIC_0029643.jpg,5,5,3.3917578e-12,1.1626952e-11,2.7873864e-06,2.4119975e-09,6.222546e-08,0.99999714,1.8757338e-09
/home/share/Uni_Eval/HAM10000_clean/ISIC2018/ISIC_0026837.jpg,5,5,4.382977e-11,2.0828471e-12,7.940847e-07,1.440348e-09,0.00024701594,0.9997522,3.3261754e-10
/home/share/Uni_Eval/HAM10000_clean/ISIC2018/ISIC_0032480.jpg,5,5,1.7924738e-07,1.5037754e-08,0.00020495162,5.149891e-07,0.036311798,0.9634818,8.849663e-07
/home/share/Uni_Eval/HAM10000_clean/ISIC2018/ISIC_0026971.jpg,5,5,9.0654125e-12,2.9368652e-10,1.3751481e-06,1.4235821e-09,1.2966105e-05,0.9999857,3.9945972e-10
/home/share/Uni_Eval/HAM10000_clean/ISIC2018/ISIC_0030027.jpg,5,5,3.6530244e-11,2.919793e-07,1.1607231e-06,2.748684e-07,1.0489605e-05,0.9999869,9.749691e-07
/home/share/Uni_Eval/HAM10000_clean/ISIC2018/ISIC_0030702.jpg,5,5,5.8000618e-11,2.7748224e-11,1.0625531e-05,1.5414777e-08,7.2655275e-05,0.9999167,1.7897866e-08
/home/share/Uni_Eval/HAM10000_clean/ISIC2018/ISIC_0027196.jpg,5,5,4.940262e-09,5.5434928e-08,8.581665e-06,3.0225568e-08,0.0021386251,0.9978522,6.443342e-07
/home/share/Uni_Eval/HAM10000_clean/ISIC2018/ISIC_0031732.jpg,5,5,1.38055025e-08,5.312341e-06,1.6975935e-05,9.777032e-08,5.26751e-05,0.9999249,1.8091787e-09
/home/share/Uni_Eval/HAM10000_clean/ISIC2018/ISIC_0027168.jpg,5,5,2.050258e-08,7.1141697e-09,4.9516957e-06,8.0871644e-08,4.7263334e-06,0.9999902,8.524735e-09
/home/share/Uni_Eval/HAM10000_clean/ISIC2018/ISIC_0028257.jpg,5,5,4.269278e-13,1.0675313e-11,5.0236844e-07,2.761363e-09,2.1471787e-05,0.99997807,5.9570887e-10
/home/share/Uni_Eval/HAM10000_clean/ISIC2018/ISIC_0025329.jpg,5,5,4.1677265e-07,1.9941751e-06,1.3917784e-05,4.059798e-09,7.472247e-07,0.99998224,6.075572e-07
/home/share/Uni_Eval/HAM10000_clean/ISIC2018/ISIC_0029834.jpg,5,5,2.143506e-09,5.9090507e-06,8.5303206e-08,3.633392e-08,5.4168318e-06,0.99998856,1.1791824e-08
/home/share/Uni_Eval/HAM10000_clean/ISIC2018/ISIC_0025279.jpg,5,5,1.3418148e-09,3.8574768e-07,2.7038845e-07,5.0108144e-09,8.412865e-07,0.99999833,1.9688804e-07
/home/share/Uni_Eval/HAM10000_clean/ISIC2018/ISIC_0030595.jpg,5,5,6.4094385e-10,2.3225464e-09,3.9704087e-06,5.5145137e-09,1.6427282e-05,0.99997914,5.124562e-07
/home/share/Uni_Eval/HAM10000_clean/ISIC2018/ISIC_0030651.jpg,5,5,7.6193746e-10,2.6257538e-09,9.655939e-07,7.782995e-06,2.005844e-07,0.99999106,3.990183e-08
/home/share/Uni_Eval/HAM10000_clean/ISIC2018/ISIC_0027516.jpg,5,5,5.5516763e-10,9.038118e-09,7.529406e-06,1.4525307e-08,4.4268396e-05,0.9999479,3.516392e-07
/home/share/Uni_Eval/HAM10000_clean/ISIC2018/ISIC_0031241.jpg,5,5,5.3848694e-09,1.3058088e-08,9.593655e-09,8.090155e-09,0.000659684,0.99934024,7.438773e-08
/home/share/Uni_Eval/HAM10000_clean/ISIC2018/ISIC_0029873.jpg,5,5,2.7610925e-10,9.838681e-09,1.8938717e-07,2.4918664e-10,2.952107e-06,0.9999969,1.2226e-08
/home/share/Uni_Eval/HAM10000_clean/ISIC2018/ISIC_0024389.jpg,5,5,1.7749433e-09,6.933264e-07,7.154417e-08,1.5444287e-09,1.0089375e-05,0.99998915,2.6167012e-08
/home/share/Uni_Eval/HAM10000_clean/ISIC2018/ISIC_0029658.jpg,5,5,5.3470526e-06,4.1740464e-06,4.319625e-06,3.0537855e-08,1.4888635e-05,0.99997103,2.2894154e-07
/home/share/Uni_Eval/HAM10000_clean/ISIC2018/ISIC_0027995.jpg,5,5,9.027164e-08,1.1404198e-06,0.000110478584,1.5848154e-07,0.035212867,0.9646753,1.4860377e-08
/home/share/Uni_Eval/HAM10000_clean/ISIC2018/ISIC_0031740.jpg,5,5,8.197605e-08,2.0880083e-07,3.6567417e-07,2.4174356e-09,0.00022191818,0.9997774,3.373284e-09
/home/share/Uni_Eval/HAM10000_clean/ISIC2018/ISIC_0028532.jpg,5,5,7.534417e-09,6.283718e-11,1.2645396e-06,2.970107e-09,0.0002938506,0.9997049,1.1296524e-09
/home/share/Uni_Eval/HAM10000_clean/ISIC2018/ISIC_0026719.jpg,5,5,4.766758e-08,8.2098767e-10,6.622632e-07,9.723894e-07,9.1590555e-05,0.99990666,2.0241396e-08
/home/share/Uni_Eval/HAM10000_clean/ISIC2018/ISIC_0029037.jpg,5,5,5.4075897e-11,9.170819e-11,4.024139e-08,3.5594125e-09,3.6129455e-05,0.9999639,2.9665335e-09
/home/share/Uni_Eval/HAM10000_clean/ISIC2018/ISIC_0031193.jpg,5,5,6.161507e-12,1.872765e-10,1.1211896e-07,2.5908195e-10,1.2217083e-06,0.9999987,2.8181232e-10
/home/share/Uni_Eval/HAM10000_clean/ISIC2018/ISIC_0030934.jpg,5,5,1.04285235e-11,1.0401592e-10,1.5681397e-07,7.400232e-09,8.892109e-09,0.99999964,1.762732e-07
/home/share/Uni_Eval/HAM10000_clean/ISIC2018/ISIC_0028530.jpg,5,5,5.498596e-12,2.7149744e-10,2.7120723e-07,1.7967505e-08,2.7940682e-06,0.9999968,2.1271855e-07
/home/share/Uni_Eval/HAM10000_clean/ISIC2018/ISIC_0028959.jpg,5,5,2.0334101e-10,1.7136068e-10,5.857984e-06,1.9923403e-09,0.00029286978,0.9997012,7.698166e-11
/home/share/Uni_Eval/HAM10000_clean/ISIC2018/ISIC_0028754.jpg,5,5,3.181448e-07,2.5198763e-09,5.0590897e-05,1.8472291e-07,0.009114007,0.9908345,2.8910426e-07
/home/share/Uni_Eval/HAM10000_clean/ISIC2018/ISIC_0032353.jpg,5,5,6.048485e-15,3.5930335e-11,1.16599965e-08,7.087762e-11,6.653113e-07,0.9999993,5.2295963e-08
/home/share/Uni_Eval/HAM10000_clean/ISIC2018/ISIC_0029579.jpg,5,5,4.9254795e-13,5.9809688e-12,3.0267845e-08,3.674858e-08,4.5667143e-06,0.99999535,9.343407e-09
/home/share/Uni_Eval/HAM10000_clean/ISIC2018/ISIC_0032001.jpg,5,5,1.2829878e-09,9.3191566e-11,2.1906813e-05,1.1931371e-06,7.962798e-06,0.99996865,3.3895844e-07
/home/share/Uni_Eval/HAM10000_clean/ISIC2018/ISIC_0027894.jpg,5,5,4.0430176e-10,3.062674e-11,6.5829727e-07,7.709416e-09,0.00026735183,0.99973196,1.9817882e-10
/home/share/Uni_Eval/HAM10000_clean/ISIC2018/ISIC_0026763.jpg,5,5,1.580462e-11,2.257524e-12,1.8326889e-06,1.02418035e-07,2.76243e-05,0.99997044,2.3809081e-08
/home/share/Uni_Eval/HAM10000_clean/ISIC2018/ISIC_0031432.jpg,5,5,1.677257e-12,1.8607622e-12,2.8463434e-08,5.0717125e-10,9.853634e-06,0.9999901,4.1425352e-08
/home/share/Uni_Eval/HAM10000_clean/ISIC2018/ISIC_0030780.jpg,5,5,2.4600118e-07,1.411182e-09,8.111647e-08,2.8234368e-09,3.1909784e-07,0.9999994,1.2999177e-09
/home/share/Uni_Eval/HAM10000_clean/ISIC2018/ISIC_0025787.jpg,5,5,8.463885e-11,7.6695436e-08,1.6186223e-07,1.0012461e-10,4.396617e-09,0.99999917,5.574321e-07
/home/share/Uni_Eval/HAM10000_clean/ISIC2018/ISIC_0028286.jpg,5,5,1.8677934e-11,7.2930495e-10,4.1208015e-08,2.968879e-11,4.6215707e-08,0.9999999,1.949452e-09
/home/share/Uni_Eval/HAM10000_clean/ISIC2018/ISIC_0031911.jpg,5,5,1.291963e-08,4.8488364e-09,9.9272975e-06,6.3416985e-07,0.00014542567,0.99984396,4.735486e-08
/home/share/Uni_Eval/HAM10000_clean/ISIC2018/ISIC_0025138.jpg,5,5,1.647464e-07,1.4146038e-07,1.3477193e-06,1.825997e-05,9.967339e-07,0.9999788,3.475194e-07
/home/share/Uni_Eval/HAM10000_clean/ISIC2018/ISIC_0026797.jpg,5,5,5.2534387e-12,1.71385e-13,8.858478e-07,2.9347167e-09,0.00072640594,0.99927276,6.817199e-10
/home/share/Uni_Eval/HAM10000_clean/ISIC2018/ISIC_0027464.jpg,5,5,1.9472052e-08,9.250251e-09,2.758888e-06,3.4717004e-07,0.00017633139,0.999819,1.592242e-06
/home/share/Uni_Eval/HAM10000_clean/ISIC2018/ISIC_0027241.jpg,5,5,2.1351532e-11,4.7560354e-12,5.051381e-07,3.428022e-09,1.1901646e-05,0.9999876,2.0327943e-10
/home/share/Uni_Eval/HAM10000_clean/ISIC2018/ISIC_0031242.jpg,5,5,4.532202e-09,2.7257696e-09,6.670845e-05,5.726228e-08,0.00026280343,0.9996674,3.0903532e-06
/home/share/Uni_Eval/HAM10000_clean/ISIC2018/ISIC_0030224.jpg,5,5,4.46508e-09,2.541629e-08,1.8082058e-06,8.4166556e-11,3.6813297e-05,0.9999614,1.4149049e-08
/home/share/Uni_Eval/HAM10000_clean/ISIC2018/ISIC_0025220.jpg,5,5,5.2192764e-15,2.1673455e-13,1.9341796e-07,6.51679e-11,1.2391775e-09,0.99999976,3.029261e-10
/home/share/Uni_Eval/HAM10000_clean/ISIC2018/ISIC_0026408.jpg,5,5,6.4752786e-10,1.624057e-10,1.9549176e-07,2.8545217e-09,2.9919624e-06,0.9999968,3.336682e-09
/home/share/Uni_Eval/HAM10000_clean/ISIC2018/ISIC_0030496.jpg,5,5,4.9212495e-08,6.752903e-08,1.4945581e-07,2.1787821e-08,3.7833854e-06,0.9999958,2.3043533e-08
/home/share/Uni_Eval/HAM10000_clean/ISIC2018/ISIC_0027733.jpg,5,5,1.6378652e-09,2.2033035e-09,2.2293318e-06,5.851426e-07,3.3441207e-05,0.9999634,3.732707e-07
/home/share/Uni_Eval/HAM10000_clean/ISIC2018/ISIC_0028590.jpg,5,5,1.032568e-06,2.399026e-09,0.008483901,1.3174596e-07,9.426592e-06,0.99150544,1.1285553e-07
/home/share/Uni_Eval/HAM10000_clean/ISIC2018/ISIC_0031161.jpg,5,5,1.3127772e-07,1.5124238e-08,8.932011e-07,1.2614108e-09,2.3415378e-05,0.99997556,5.035851e-09
/home/share/Uni_Eval/HAM10000_clean/ISIC2018/ISIC_0027314.jpg,5,5,2.979537e-11,1.2580749e-09,1.165855e-07,4.236041e-09,7.896947e-06,0.999992,1.5661586e-10
/home/share/Uni_Eval/HAM10000_clean/ISIC2018/ISIC_0030571.jpg,5,5,1.7950834e-09,3.6899764e-11,2.8372e-06,4.192222e-08,1.5776803e-05,0.9999807,7.4877227e-07
/home/share/Uni_Eval/HAM10000_clean/ISIC2018/ISIC_0026873.jpg,5,5,3.9343623e-10,1.7389774e-09,5.701287e-06,1.5992856e-07,6.46639e-06,0.9999876,7.327309e-08
/home/share/Uni_Eval/HAM10000_clean/ISIC2018/ISIC_0032506.jpg,5,5,1.218043e-07,1.9357168e-07,8.161501e-07,1.6959752e-06,3.2239186e-08,0.9999969,2.0341717e-07
/home/share/Uni_Eval/HAM10000_clean/ISIC2018/ISIC_0024359.jpg,5,5,2.0370643e-12,1.6713481e-11,2.4623232e-06,6.2685332e-09,1.04655865e-05,0.9999871,1.2609442e-09
/home/share/Uni_Eval/HAM10000_clean/ISIC2018/ISIC_0031420.jpg,5,5,2.0606134e-05,3.2155907e-07,4.385534e-06,5.8033345e-07,0.0002645705,0.9996873,2.2159462e-05
/home/share/Uni_Eval/HAM10000_clean/ISIC2018/ISIC_0026785.jpg,5,5,8.7672625e-09,5.232314e-06,1.8567871e-06,8.870624e-07,1.7785243e-05,0.99997425,1.6900339e-08
/home/share/Uni_Eval/HAM10000_clean/ISIC2018/ISIC_0025229.jpg,5,5,2.7639563e-10,9.8915445e-09,1.3934516e-06,4.7446505e-08,4.5312786e-06,0.99999404,6.8856526e-10
/home/share/Uni_Eval/HAM10000_clean/ISIC2018/ISIC_0030739.jpg,5,5,3.12128e-08,3.177319e-06,2.4772557e-05,2.8218135e-06,6.0496608e-05,0.9998672,4.1425177e-05
/home/share/Uni_Eval/HAM10000_clean/ISIC2018/ISIC_0030611.jpg,5,5,2.525564e-12,4.6813686e-09,2.2767472e-06,1.8994346e-08,1.2236394e-06,0.9999931,3.367405e-06
/home/share/Uni_Eval/HAM10000_clean/ISIC2018/ISIC_0027363.jpg,5,5,1.8832733e-10,8.355915e-09,1.4596733e-06,2.1629378e-07,3.5215885e-07,0.999998,1.1180383e-08
/home/share/Uni_Eval/HAM10000_clean/ISIC2018/ISIC_0030619.jpg,5,5,4.087831e-09,3.2019896e-06,5.8674326e-05,1.1293663e-09,4.5892226e-05,0.99989223,5.368435e-09
/home/share/Uni_Eval/HAM10000_clean/ISIC2018/ISIC_0029601.jpg,5,5,8.549311e-09,2.15363e-06,7.153469e-07,8.185236e-10,6.6823704e-05,0.99992967,6.1670113e-07
/home/share/Uni_Eval/HAM10000_clean/ISIC2018/ISIC_0027088.jpg,5,5,1.849181e-08,7.4193625e-09,3.898532e-06,3.044626e-10,0.06873825,0.93125737,4.985849e-07
/home/share/Uni_Eval/HAM10000_clean/ISIC2018/ISIC_0027158.jpg,5,5,8.9414825e-13,1.0213029e-09,9.424462e-08,1.7458308e-10,6.6756826e-08,0.9999999,1.2917375e-09
/home/share/Uni_Eval/HAM10000_clean/ISIC2018/ISIC_0024502.jpg,5,5,4.509644e-10,2.3228905e-09,1.9453694e-07,1.334515e-08,5.347683e-07,0.99999774,1.5806839e-06
/home/share/Uni_Eval/HAM10000_clean/ISIC2018/ISIC_0027199.jpg,5,5,6.095751e-07,1.5121798e-10,8.2950686e-07,2.2971316e-08,2.0644613e-07,0.99999833,1.1439647e-09
/home/share/Uni_Eval/HAM10000_clean/ISIC2018/ISIC_0027929.jpg,5,5,1.0867418e-11,1.3837266e-11,1.1699756e-06,6.6251364e-09,7.6125707e-06,0.9999912,2.1499074e-09
/home/share/Uni_Eval/HAM10000_clean/ISIC2018/ISIC_0027029.jpg,5,5,2.9523855e-07,3.787413e-06,8.2390015e-06,1.8922937e-10,0.0005459131,0.99944156,1.0807409e-07
/home/share/Uni_Eval/HAM10000_clean/ISIC2018/ISIC_0031920.jpg,5,5,1.4331015e-07,1.07055065e-07,8.518694e-05,4.6030834e-07,0.0003711949,0.9995427,1.4309273e-07
/home/share/Uni_Eval/HAM10000_clean/ISIC2018/ISIC_0029763.jpg,5,5,0.00035187605,3.6701906e-06,0.0005063105,4.2533542e-05,0.06051122,0.9385833,1.0869112e-06
/home/share/Uni_Eval/HAM10000_clean/ISIC2018/ISIC_0031841.jpg,5,5,2.9732007e-08,6.533405e-07,1.4539607e-05,1.8448712e-07,2.0177833e-07,0.9999844,9.460854e-09
/home/share/Uni_Eval/HAM10000_clean/ISIC2018/ISIC_0028946.jpg,5,5,1.0202543e-11,2.3677133e-08,1.935869e-08,7.63761e-11,5.9542417e-06,0.99999404,9.609861e-09
/home/share/Uni_Eval/HAM10000_clean/ISIC2018/ISIC_0031152.jpg,5,5,1.2715992e-06,7.663588e-07,1.6308803e-05,2.8706464e-07,8.799232e-06,0.9999696,3.029537e-06
/home/share/Uni_Eval/HAM10000_clean/ISIC2018/ISIC_0030075.jpg,5,5,7.28645e-11,4.907931e-10,1.6390473e-07,8.5591765e-08,4.6135196e-05,0.99995327,2.7695813e-07
/home/share/Uni_Eval/HAM10000_clean/ISIC2018/ISIC_0028328.jpg,5,5,2.5266919e-11,6.6733024e-09,1.01931555e-07,4.476988e-09,1.4217613e-06,0.99999845,1.2576901e-08
/home/share/Uni_Eval/HAM10000_clean/ISIC2018/ISIC_0027547.jpg,5,5,4.5782135e-15,3.0776447e-11,8.197084e-08,5.359298e-11,3.0782072e-08,0.9999999,4.4733437e-08
/home/share/Uni_Eval/HAM10000_clean/ISIC2018/ISIC_0029750.jpg,5,5,3.0621308e-10,2.137831e-09,1.6240213e-06,2.6222285e-10,0.00013549771,0.9998629,3.3530578e-09
/home/share/Uni_Eval/HAM10000_clean/ISIC2018/ISIC_0024991.jpg,5,5,2.4479531e-13,2.2342208e-12,2.6567164e-07,8.735258e-10,1.0384741e-05,0.9999894,5.166093e-09
/home/share/Uni_Eval/HAM10000_clean/ISIC2018/ISIC_0031805.jpg,5,5,9.2910804e-11,3.39338e-10,8.0757036e-07,1.4615097e-08,3.8066104e-05,0.99996114,4.9003015e-09
/home/share/Uni_Eval/HAM10000_clean/ISIC2018/ISIC_0031688.jpg,5,5,6.704361e-08,1.1081507e-07,4.619691e-05,1.2667269e-06,2.9264306e-06,0.9999492,1.8846792e-07
/home/share/Uni_Eval/HAM10000_clean/ISIC2018/ISIC_0031731.jpg,5,5,6.0456536e-12,9.878581e-07,2.9289458e-06,1.7733841e-08,2.2622878e-07,0.9999796,1.6278356e-05
/home/share/Uni_Eval/HAM10000_clean/ISIC2018/ISIC_0028444.jpg,5,5,1.8492531e-09,1.9481082e-08,5.0962253e-06,5.091826e-07,0.03835119,0.9616432,1.286737e-08
/home/share/Uni_Eval/HAM10000_clean/ISIC2018/ISIC_0025139.jpg,5,5,8.3954116e-13,4.3621357e-12,6.1418677e-06,1.3211996e-08,2.6680314e-06,0.9999912,7.7360465e-09
/home/share/Uni_Eval/HAM10000_clean/ISIC2018/ISIC_0027690.jpg,5,5,3.63368e-10,3.4074852e-09,0.00010462845,1.4967882e-09,0.000103004466,0.9997924,1.2710064e-08
/home/share/Uni_Eval/HAM10000_clean/ISIC2018/ISIC_0031658.jpg,5,5,4.2303036e-11,4.8495448e-09,6.431853e-08,4.8064397e-09,2.1949731e-07,0.9999995,1.7813396e-07
/home/share/Uni_Eval/HAM10000_clean/ISIC2018/ISIC_0025828.jpg,5,5,2.3100198e-10,4.196971e-10,3.7164864e-07,2.0177676e-08,0.00049915287,0.9995004,1.11387564e-07
/home/share/Uni_Eval/HAM10000_clean/ISIC2018/ISIC_0026578.jpg,5,5,1.9895827e-10,1.6413832e-08,6.2464233e-06,1.185378e-08,9.993491e-06,0.99998367,1.2730919e-07
/home/share/Uni_Eval/HAM10000_clean/ISIC2018/ISIC_0025349.jpg,5,5,1.3980483e-10,6.034416e-07,2.2129816e-05,7.955629e-07,2.2770228e-09,0.9999764,2.793084e-08
/home/share/Uni_Eval/HAM10000_clean/ISIC2018/ISIC_0027169.jpg,5,5,1.6870028e-10,2.3656805e-09,1.1294145e-07,8.120864e-11,1.3473692e-05,0.9999864,6.2007736e-08
/home/share/Uni_Eval/HAM10000_clean/ISIC2018/ISIC_0025888.jpg,5,5,7.338473e-11,1.5611933e-08,5.743082e-06,4.3786586e-06,0.0006091411,0.99917525,0.00020540101
/home/share/Uni_Eval/HAM10000_clean/ISIC2018/ISIC_0026813.jpg,5,5,3.679935e-12,2.3166635e-09,7.0169807e-07,6.9672015e-09,0.00049614673,0.99950314,3.2520877e-08
/home/share/Uni_Eval/HAM10000_clean/ISIC2018/ISIC_0030449.jpg,5,5,3.3721216e-13,1.2594752e-11,1.2000206e-06,9.833343e-08,0.0019391379,0.99805945,3.4282206e-08
/home/share/Uni_Eval/HAM10000_clean/ISIC2018/ISIC_0029520.jpg,5,5,1.4280416e-08,7.9299217e-10,3.7025275e-05,7.968684e-06,0.0012014835,0.9987534,7.607166e-08
/home/share/Uni_Eval/HAM10000_clean/ISIC2018/ISIC_0026517.jpg,5,5,1.536913e-09,8.3376195e-09,5.0929735e-05,6.5242323e-09,1.2500845e-05,0.9999366,1.2112323e-08
/home/share/Uni_Eval/HAM10000_clean/ISIC2018/ISIC_0031416.jpg,5,5,1.27183715e-11,7.588434e-12,1.3268568e-06,5.3100085e-10,2.0605683e-05,0.99997807,3.254365e-08
/home/share/Uni_Eval/HAM10000_clean/ISIC2018/ISIC_0027782.jpg,5,5,3.2665393e-10,1.6980589e-10,2.7533952e-06,1.6442188e-09,1.4507608e-05,0.99998224,4.7194428e-07
/home/share/Uni_Eval/HAM10000_clean/ISIC2018/ISIC_0031752.jpg,5,5,4.1315e-11,8.801548e-10,1.765212e-06,3.2555328e-10,4.9457445e-05,0.99994874,8.8342605e-10
/home/share/Uni_Eval/HAM10000_clean/ISIC2018/ISIC_0028152.jpg,5,5,3.567141e-12,3.2174735e-11,2.9114676e-07,9.874992e-10,4.9184768e-05,0.9999505,1.1438619e-09
/home/share/Uni_Eval/HAM10000_clean/ISIC2018/ISIC_0025697.jpg,5,5,1.5725404e-10,2.820196e-10,6.875003e-08,1.6435681e-08,0.0026060017,0.99739385,1.1016812e-08
/home/share/Uni_Eval/HAM10000_clean/ISIC2018/ISIC_0030905.jpg,5,5,7.491706e-09,9.599526e-09,0.00022376538,3.7627743e-08,0.009614315,0.98991513,0.0002467382
/home/share/Uni_Eval/HAM10000_clean/ISIC2018/ISIC_0026630.jpg,5,5,5.001848e-09,2.4070701e-08,0.000100149555,3.8177492e-07,0.0029091923,0.9969873,3.0131996e-06
/home/share/Uni_Eval/HAM10000_clean/ISIC2018/ISIC_0025360.jpg,5,5,2.143138e-08,3.7064794e-08,5.1655707e-06,9.8649525e-06,1.3850942e-05,0.9999708,2.4736755e-07
/home/share/Uni_Eval/HAM10000_clean/ISIC2018/ISIC_0028253.jpg,5,5,3.882144e-11,2.1742221e-09,6.357167e-06,5.328824e-09,1.3286191e-09,0.9999937,6.9739725e-09
/home/share/Uni_Eval/HAM10000_clean/ISIC2018/ISIC_0025669.jpg,5,5,3.9146117e-13,1.2249338e-10,1.4652361e-08,9.823916e-12,4.7557145e-07,0.9999995,2.972334e-11
/home/share/Uni_Eval/HAM10000_clean/ISIC2018/ISIC_0027368.jpg,5,5,7.2047084e-09,2.2912552e-08,4.3622304e-06,3.9048684e-09,0.0128739895,0.98712164,1.8015671e-09
/home/share/Uni_Eval/HAM10000_clean/ISIC2018/ISIC_0030777.jpg,5,5,5.377594e-12,1.1097589e-12,1.3673503e-06,1.7569963e-07,0.0011497812,0.9988487,1.0980241e-10
/home/share/Uni_Eval/HAM10000_clean/ISIC2018/ISIC_0029875.jpg,5,5,6.243424e-10,3.2311334e-11,1.1563061e-06,2.43039e-07,3.7861773e-05,0.9999604,3.586811e-07
/home/share/Uni_Eval/HAM10000_clean/ISIC2018/ISIC_0029204.jpg,5,5,5.1361e-08,7.704766e-10,9.815558e-06,3.708253e-08,0.1006804,0.8993097,5.6169682e-09
/home/share/Uni_Eval/HAM10000_clean/ISIC2018/ISIC_0032267.jpg,5,5,1.0290015e-08,2.7291946e-09,3.7791873e-05,1.0744644e-05,6.8547492e-06,0.99994457,1.690361e-08
/home/share/Uni_Eval/HAM10000_clean/ISIC2018/ISIC_0032069.jpg,5,5,1.2754168e-07,4.1996734e-10,2.010374e-05,7.971758e-07,8.4518986e-05,0.99989414,2.1380366e-07
/home/share/Uni_Eval/HAM10000_clean/ISIC2018/ISIC_0029657.jpg,5,5,4.4658108e-10,2.3566854e-10,1.4806113e-05,6.592709e-07,1.1535226e-05,0.99997294,1.9880611e-08
/home/share/Uni_Eval/HAM10000_clean/ISIC2018/ISIC_0030646.jpg,5,5,4.1240984e-09,8.552881e-11,1.8784498e-05,8.120292e-06,2.1631095e-05,0.9999515,7.6996e-09
/home/share/Uni_Eval/HAM10000_clean/ISIC2018/ISIC_0029018.jpg,5,5,1.2750709e-07,2.9274795e-06,0.0010209478,6.11562e-07,0.06794421,0.9286532,0.0023779448
/home/share/Uni_Eval/HAM10000_clean/ISIC2018/ISIC_0028247.jpg,5,5,0.0010860716,0.0004615447,0.0049462453,0.07858496,0.17852186,0.7360062,0.0003931229
/home/share/Uni_Eval/HAM10000_clean/ISIC2018/ISIC_0027757.jpg,5,5,4.031818e-08,0.0002008731,0.00010074799,6.979461e-05,0.38315737,0.6118005,0.004670702
/home/share/Uni_Eval/HAM10000_clean/ISIC2018/ISIC_0032363.jpg,5,5,6.8728866e-08,1.5434087e-05,1.5606087e-05,2.7864485e-07,0.0013569024,0.9986112,5.1690154e-07
/home/share/Uni_Eval/HAM10000_clean/ISIC2018/ISIC_0025638.jpg,5,5,3.017498e-07,6.363672e-05,2.1391498e-08,2.495191e-07,0.00049778965,0.99942446,1.36041845e-05
/home/share/Uni_Eval/HAM10000_clean/ISIC2018/ISIC_0031178.jpg,5,5,2.0431671e-06,1.9755359e-07,5.6292276e-05,1.5286795e-07,3.0216565e-06,0.9991229,0.0008153611
/home/share/Uni_Eval/HAM10000_clean/ISIC2018/ISIC_0029534.jpg,5,3,7.385617e-08,0.12616579,6.528223e-06,0.71935046,0.00035350645,0.072248064,0.08187564
/home/share/Uni_Eval/HAM10000_clean/ISIC2018/ISIC_0024594.jpg,5,5,2.899954e-09,2.2980532e-07,3.3906616e-07,7.468289e-08,3.0242101e-05,0.9999678,1.274755e-06
/home/share/Uni_Eval/HAM10000_clean/ISIC2018/ISIC_0027444.jpg,5,5,1.7596836e-05,3.7827886e-07,9.046977e-05,1.08592885e-05,0.47638687,0.5234891,4.7113253e-06
/home/share/Uni_Eval/HAM10000_clean/ISIC2018/ISIC_0027644.jpg,5,5,6.3397425e-07,9.59613e-06,0.00020011415,2.7566451e-09,0.00017620847,0.99961287,5.828638e-07
/home/share/Uni_Eval/HAM10000_clean/ISIC2018/ISIC_0032376.jpg,5,5,0.00021728605,0.00079398305,0.00045443236,4.691868e-05,0.03073541,0.9617087,0.0060432865
/home/share/Uni_Eval/HAM10000_clean/ISIC2018/ISIC_0029790.jpg,5,5,2.816009e-10,1.9606272e-09,1.9187607e-06,1.4491765e-07,0.00042095414,0.99957067,6.300934e-06
/home/share/Uni_Eval/HAM10000_clean/ISIC2018/ISIC_0027305.jpg,5,5,1.5143979e-10,1.8666218e-06,1.2071935e-06,5.193862e-07,0.0017922656,0.9982041,7.7873054e-08
/home/share/Uni_Eval/HAM10000_clean/ISIC2018/ISIC_0028918.jpg,5,5,4.4102444e-07,0.00025900782,3.5139226e-06,2.6359797e-07,0.00017609615,0.99933004,0.00023074953
/home/share/Uni_Eval/HAM10000_clean/ISIC2018/ISIC_0030697.jpg,5,5,3.3055687e-07,3.3719148e-06,4.946086e-06,1.9880669e-07,0.00029556747,0.99967504,2.0509522e-05
/home/share/Uni_Eval/HAM10000_clean/ISIC2018/ISIC_0028293.jpg,5,5,4.3773674e-09,1.1646792e-06,0.00023378078,1.8812169e-06,3.9492366e-05,0.9997179,5.7206553e-06
/home/share/Uni_Eval/HAM10000_clean/ISIC2018/ISIC_0027264.jpg,5,5,4.1602087e-07,4.873467e-07,2.7483931e-05,6.158663e-06,0.06719625,0.9327527,1.6533639e-05
/home/share/Uni_Eval/HAM10000_clean/ISIC2018/ISIC_0031404.jpg,5,5,0.0030733745,0.0015121737,0.0004868058,0.0002267922,0.00026300378,0.9944358,2.0993757e-06
/home/share/Uni_Eval/HAM10000_clean/ISIC2018/ISIC_0025152.jpg,5,5,4.277029e-08,1.4500338e-06,1.03674565e-05,2.8199452e-06,8.001041e-06,0.9991842,0.00079311576
/home/share/Uni_Eval/HAM10000_clean/ISIC2018/ISIC_0027235.jpg,5,4,1.1067831e-06,2.3516237e-05,0.0007989041,1.9148772e-06,0.7242282,0.27486688,7.936049e-05
/home/share/Uni_Eval/HAM10000_clean/ISIC2018/ISIC_0031160.jpg,5,5,3.3699173e-08,4.7323553e-08,1.32274e-05,4.942107e-09,0.14635004,0.8536364,3.4008806e-07
/home/share/Uni_Eval/HAM10000_clean/ISIC2018/ISIC_0028010.jpg,5,4,3.3745982e-05,8.501813e-06,6.799874e-06,2.2521565e-08,0.77592194,0.22402456,4.437867e-06
/home/share/Uni_Eval/HAM10000_clean/ISIC2018/ISIC_0024934.jpg,5,5,5.836177e-06,3.0236135e-06,7.5989905e-05,1.2567544e-06,0.00015329916,0.99976057,5.078287e-08
/home/share/Uni_Eval/HAM10000_clean/ISIC2018/ISIC_0028461.jpg,5,4,0.014214718,0.043770958,0.00014756098,0.0026084303,0.71080154,0.22839652,6.0300543e-05
/home/share/Uni_Eval/HAM10000_clean/ISIC2018/ISIC_0028332.jpg,5,5,2.6892548e-09,2.4664685e-08,2.8226592e-05,2.2872339e-06,0.009404783,0.9905647,2.5927369e-08
/home/share/Uni_Eval/HAM10000_clean/ISIC2018/ISIC_0032334.jpg,5,5,5.9720396e-06,8.819669e-07,7.5426404e-05,4.3117518e-07,0.04597637,0.95394033,4.5857632e-07
/home/share/Uni_Eval/HAM10000_clean/ISIC2018/ISIC_0030858.jpg,5,5,0.00014570545,9.859174e-06,9.177822e-06,5.97769e-06,0.002274817,0.997552,2.5269717e-06
/home/share/Uni_Eval/HAM10000_clean/ISIC2018/ISIC_0030609.jpg,5,5,1.1082559e-07,6.816492e-08,0.00010787026,1.3024268e-07,0.1936248,0.80626696,3.786344e-08
/home/share/Uni_Eval/HAM10000_clean/ISIC2018/ISIC_0027987.jpg,5,5,0.0014690058,7.5403404e-05,0.0032431253,0.0030864861,0.0012906402,0.99083227,3.1119203e-06
/home/share/Uni_Eval/HAM10000_clean/ISIC2018/ISIC_0026722.jpg,5,5,0.00016874702,2.0469557e-05,0.08925696,0.0021106505,0.30787703,0.60055786,8.219607e-06
/home/share/Uni_Eval/HAM10000_clean/ISIC2018/ISIC_0031663.jpg,5,5,2.7159035e-07,2.0055872e-06,0.0003161452,7.009263e-05,0.024083167,0.9744698,0.0010585871
/home/share/Uni_Eval/HAM10000_clean/ISIC2018/ISIC_0025568.jpg,5,5,2.8251145e-08,2.4287572e-05,0.005151977,4.2175677e-07,0.3042767,0.6904886,5.8021546e-05
/home/share/Uni_Eval/HAM10000_clean/ISIC2018/ISIC_0030247.jpg,5,5,2.7658307e-05,0.0001853442,0.22488147,1.8382667e-05,0.044619128,0.7301115,0.00015649799
/home/share/Uni_Eval/HAM10000_clean/ISIC2018/ISIC_0029756.jpg,5,5,6.408998e-09,1.1121769e-07,0.0073525915,1.0099583e-06,0.00025786992,0.9805101,0.011878234
/home/share/Uni_Eval/HAM10000_clean/ISIC2018/ISIC_0031629.jpg,5,5,1.4464934e-09,2.708815e-09,7.176318e-06,1.5536683e-08,0.00016192785,0.9998307,1.3950873e-07
/home/share/Uni_Eval/HAM10000_clean/ISIC2018/ISIC_0027537.jpg,5,5,2.3304115e-07,2.605231e-06,4.549186e-05,5.196363e-09,0.0013832618,0.99856585,2.6077416e-06
/home/share/Uni_Eval/HAM10000_clean/ISIC2018/ISIC_0026223.jpg,5,5,5.1600778e-06,9.159616e-06,7.103411e-05,3.821924e-06,0.017932553,0.98046905,0.0015091865
/home/share/Uni_Eval/HAM10000_clean/ISIC2018/ISIC_0024789.jpg,5,5,4.6666204e-09,0.00014763643,8.129867e-06,5.528133e-08,3.217144e-06,0.9998246,1.6394646e-05
/home/share/Uni_Eval/HAM10000_clean/ISIC2018/ISIC_0029854.jpg,5,5,4.68508e-06,0.007227047,0.014037961,4.1797525e-06,0.06048719,0.91819876,4.0155082e-05
/home/share/Uni_Eval/HAM10000_clean/ISIC2018/ISIC_0027911.jpg,5,5,2.7114289e-05,7.323029e-07,3.0253885e-05,6.0177587e-07,0.0009994796,0.9989417,1.1397553e-07
/home/share/Uni_Eval/HAM10000_clean/ISIC2018/ISIC_0031435.jpg,5,4,4.5754723e-06,2.9042475e-08,3.0788702e-05,3.490567e-07,0.94809026,0.05187007,3.9096544e-06
/home/share/Uni_Eval/HAM10000_clean/ISIC2018/ISIC_0026389.jpg,5,5,9.403619e-07,4.631158e-06,0.0030128753,3.6380197e-06,0.00042947085,0.98625726,0.010291281
/home/share/Uni_Eval/HAM10000_clean/ISIC2018/ISIC_0025847.jpg,5,5,3.00699e-07,3.123787e-08,0.0011110851,2.1379e-06,0.05577241,0.9431119,2.1926771e-06
/home/share/Uni_Eval/HAM10000_clean/ISIC2018/ISIC_0027462.jpg,5,4,2.383829e-05,8.548667e-05,2.3319191e-05,1.2986594e-06,0.94884104,0.051023547,1.4910446e-06
/home/share/Uni_Eval/HAM10000_clean/ISIC2018/ISIC_0024824.jpg,5,5,1.8341161e-09,2.8526703e-08,2.891825e-07,7.49911e-10,0.004572773,0.9954269,4.1122586e-08
/home/share/Uni_Eval/HAM10000_clean/ISIC2018/ISIC_0031293.jpg,5,5,2.2194699e-07,3.5968822e-06,0.00011230754,8.2678926e-05,0.003868577,0.9948095,0.001123113
/home/share/Uni_Eval/HAM10000_clean/ISIC2018/ISIC_0025809.jpg,5,5,1.6048981e-06,1.08548e-08,0.00020126726,3.2600148e-10,0.0017154394,0.99808,1.6982979e-06
/home/share/Uni_Eval/HAM10000_clean/ISIC2018/ISIC_0029296.jpg,5,4,2.7330276e-07,6.063227e-05,2.7219533e-06,6.612757e-07,0.55510086,0.44477627,5.857953e-05
/home/share/Uni_Eval/HAM10000_clean/ISIC2018/ISIC_0031646.jpg,5,5,4.0799573e-06,2.1611759e-06,0.00048922555,2.6321946e-08,0.3572124,0.64228606,6.0419898e-06
/home/share/Uni_Eval/HAM10000_clean/ISIC2018/ISIC_0029986.jpg,5,4,3.362786e-08,1.3796206e-09,2.290195e-07,9.4163916e-08,0.9765105,0.023489159,8.381208e-10
/home/share/Uni_Eval/HAM10000_clean/ISIC2018/ISIC_0026501.jpg,5,5,3.1659697e-06,0.0013590754,0.12345919,7.529012e-08,0.014207004,0.8548426,0.0061288686
/home/share/Uni_Eval/HAM10000_clean/ISIC2018/ISIC_0026006.jpg,5,5,4.5926917e-08,1.8708148e-06,0.00021258267,3.096725e-08,1.0819906e-05,0.9997569,1.7828446e-05
/home/share/Uni_Eval/HAM10000_clean/ISIC2018/ISIC_0032364.jpg,5,5,1.00700284e-07,1.0774322e-07,0.004430714,6.114223e-09,0.01964187,0.97592723,8.5358703e-10
/home/share/Uni_Eval/HAM10000_clean/ISIC2018/ISIC_0032078.jpg,5,5,8.334641e-08,1.2959306e-09,4.6680547e-05,1.2761269e-08,0.0002939836,0.9996588,4.483692e-07
/home/share/Uni_Eval/HAM10000_clean/ISIC2018/ISIC_0027049.jpg,5,5,8.332435e-09,2.0926664e-07,2.2907188e-05,2.6539077e-08,0.0010523091,0.9989222,2.384383e-06
/home/share/Uni_Eval/HAM10000_clean/ISIC2018/ISIC_0028966.jpg,5,5,3.4450966e-11,1.573023e-11,1.7015955e-08,3.066761e-07,0.00012785046,0.9998665,5.2165747e-06
/home/share/Uni_Eval/HAM10000_clean/ISIC2018/ISIC_0032443.jpg,5,5,1.0980054e-07,2.0739615e-11,3.250783e-05,1.2524353e-09,5.2631687e-05,0.99991477,4.4530735e-10
/home/share/Uni_Eval/HAM10000_clean/ISIC2018/ISIC_0028527.jpg,5,4,4.079496e-08,5.7899294e-09,1.3780359e-05,1.5510762e-09,0.5490722,0.45091382,1.2633477e-07
/home/share/Uni_Eval/HAM10000_clean/ISIC2018/ISIC_0025863.jpg,5,5,8.561441e-09,1.0702931e-07,0.0005909796,8.815307e-08,0.2551704,0.7442384,6.3484924e-09
/home/share/Uni_Eval/HAM10000_clean/ISIC2018/ISIC_0024387.jpg,5,4,3.318674e-08,1.1241614e-06,8.0788974e-05,5.8519367e-06,0.63227457,0.36763522,2.4695128e-06
/home/share/Uni_Eval/HAM10000_clean/ISIC2018/ISIC_0024924.jpg,5,4,2.810636e-07,2.2670138e-08,0.0005013462,1.1033619e-05,0.9714055,0.028081527,3.5385648e-07
/home/share/Uni_Eval/HAM10000_clean/ISIC2018/ISIC_0027099.jpg,5,5,4.1549752e-05,0.00027731617,0.08612856,6.7282895e-07,0.24516682,0.66830593,7.9194375e-05
/home/share/Uni_Eval/HAM10000_clean/ISIC2018/ISIC_0030125.jpg,5,5,3.0442623e-06,9.450735e-07,2.7286058e-05,3.678785e-07,6.123843e-05,0.99990606,1.1033223e-06
/home/share/Uni_Eval/HAM10000_clean/ISIC2018/ISIC_0026911.jpg,5,5,8.944215e-05,3.4903267e-05,0.000102228274,0.00014983554,0.0033731733,0.9962095,4.0887702e-05
/home/share/Uni_Eval/HAM10000_clean/ISIC2018/ISIC_0030464.jpg,5,5,7.412319e-07,6.478245e-10,0.0037438204,7.4529526e-06,0.009287791,0.9866702,0.00028996528
/home/share/Uni_Eval/HAM10000_clean/ISIC2018/ISIC_0026781.jpg,5,5,1.7965034e-11,7.09548e-10,2.3271801e-05,6.406739e-09,0.003911521,0.9960652,7.671564e-09
/home/share/Uni_Eval/HAM10000_clean/ISIC2018/ISIC_0032309.jpg,5,5,0.0019287834,2.0088428e-05,0.0012813288,3.9145554e-05,0.0014247765,0.99530387,2.0387608e-06
/home/share/Uni_Eval/HAM10000_clean/ISIC2018/ISIC_0029194.jpg,5,5,2.3347891e-07,3.257587e-05,2.8098737e-05,8.218399e-06,2.3922006e-05,0.97760195,0.022304824
/home/share/Uni_Eval/HAM10000_clean/ISIC2018/ISIC_0027034.jpg,5,5,3.490053e-11,1.13741794e-10,2.2274936e-08,1.10574e-10,3.0239391e-06,0.9999969,4.0776732e-10
/home/share/Uni_Eval/HAM10000_clean/ISIC2018/ISIC_0025094.jpg,5,5,7.739724e-07,0.0001306934,0.00013842071,5.467265e-07,0.0009848068,0.996338,0.0024067303
/home/share/Uni_Eval/HAM10000_clean/ISIC2018/ISIC_0031713.jpg,5,5,1.4031099e-09,7.595314e-10,7.3172064e-06,1.803813e-08,0.10284217,0.8971486,1.8954055e-06
/home/share/Uni_Eval/HAM10000_clean/ISIC2018/ISIC_0027645.jpg,5,5,3.33182e-07,0.00012753514,1.7593168e-06,7.172065e-09,9.425214e-06,0.99983644,2.4516256e-05
/home/share/Uni_Eval/HAM10000_clean/ISIC2018/ISIC_0030979.jpg,5,5,4.555033e-08,6.1264856e-12,6.848512e-08,2.0140869e-08,8.9336914e-05,0.9999099,6.7313664e-07
/home/share/Uni_Eval/HAM10000_clean/ISIC2018/ISIC_0028831.jpg,5,4,1.4629033e-07,6.4271626e-07,0.0004693459,9.825591e-06,0.7780756,0.22144276,1.6499889e-06
/home/share/Uni_Eval/HAM10000_clean/ISIC2018/ISIC_0030053.jpg,5,5,0.00038212843,3.0788333e-06,0.006217754,9.222983e-08,0.06489731,0.92849696,2.639898e-06
/home/share/Uni_Eval/HAM10000_clean/ISIC2018/ISIC_0025671.jpg,5,5,3.8557824e-09,1.1931837e-09,4.104291e-05,9.845103e-10,0.0007486598,0.99921024,1.0918097e-08
/home/share/Uni_Eval/HAM10000_clean/ISIC2018/ISIC_0026608.jpg,5,4,4.637926e-07,2.8068552e-08,0.00046674177,5.816605e-10,0.5662275,0.4333049,3.7639998e-07
/home/share/Uni_Eval/HAM10000_clean/ISIC2018/ISIC_0030334.jpg,5,5,4.932593e-06,2.5745517e-06,0.00059175433,3.969349e-09,0.38430452,0.61509573,4.794826e-07
/home/share/Uni_Eval/HAM10000_clean/ISIC2018/ISIC_0030473.jpg,5,5,2.5391e-06,4.083802e-06,0.00027533926,4.8986045e-08,0.0780595,0.92165744,1.0719415e-06
/home/share/Uni_Eval/HAM10000_clean/ISIC2018/ISIC_0030350.jpg,5,5,5.4963476e-07,9.845913e-05,0.0038329095,2.73451e-05,0.021512043,0.97442526,0.000103436694
/home/share/Uni_Eval/HAM10000_clean/ISIC2018/ISIC_0028823.jpg,5,5,5.4230964e-07,1.7042557e-05,0.00064791925,1.345577e-06,8.062301e-05,0.9991721,8.049764e-05
/home/share/Uni_Eval/HAM10000_clean/ISIC2018/ISIC_0024317.jpg,5,5,1.6961228e-10,1.440039e-09,3.636993e-05,6.1898284e-08,0.042421103,0.95754236,1.040831e-07
/home/share/Uni_Eval/HAM10000_clean/ISIC2018/ISIC_0033356.jpg,5,5,3.3255471e-06,0.00022900115,0.00017152472,4.7460617e-05,0.005424449,0.9941103,1.4017789e-05
/home/share/Uni_Eval/HAM10000_clean/ISIC2018/ISIC_0026544.jpg,5,5,0.00014741709,0.00062894856,0.01167147,3.4168366e-05,0.0013331283,0.9861821,2.7003678e-06
/home/share/Uni_Eval/HAM10000_clean/ISIC2018/ISIC_0032470.jpg,5,5,0.00015316777,4.4893262e-05,0.007318102,8.038382e-05,0.001828744,0.99057466,9.41609e-08
/home/share/Uni_Eval/HAM10000_clean/ISIC2018/ISIC_0025049.jpg,5,5,5.2833184e-07,3.9826262e-09,0.0013754866,4.5628656e-09,0.14963426,0.8489898,1.3793846e-08
/home/share/Uni_Eval/HAM10000_clean/ISIC2018/ISIC_0026432.jpg,5,5,5.940347e-07,1.2812399e-05,0.00013975755,1.8924939e-05,0.32801056,0.6718143,3.0730084e-06
/home/share/Uni_Eval/HAM10000_clean/ISIC2018/ISIC_0030462.jpg,5,5,4.3897445e-11,4.933175e-07,6.932552e-07,5.206286e-10,0.039453983,0.9605448,1.5843229e-08
/home/share/Uni_Eval/HAM10000_clean/ISIC2018/ISIC_0032527.jpg,5,5,2.6647353e-06,1.17893514e-07,7.3224415e-05,9.082706e-05,0.046998635,0.95276046,7.409562e-05
/home/share/Uni_Eval/HAM10000_clean/ISIC2018/ISIC_0033963.jpg,5,5,2.3496311e-06,2.4426743e-09,0.00038255926,6.2244105e-08,0.01023406,0.9893805,4.3158525e-07
/home/share/Uni_Eval/HAM10000_clean/ISIC2018/ISIC_0032924.jpg,5,5,3.62372e-09,1.0628529e-11,6.0305185e-05,1.5642911e-08,0.04729007,0.95264965,3.9365884e-09
/home/share/Uni_Eval/HAM10000_clean/ISIC2018/ISIC_0030845.jpg,5,5,5.3764584e-08,0.0001892433,0.00084664917,5.1793186e-06,0.0902956,0.9086405,2.2764632e-05
/home/share/Uni_Eval/HAM10000_clean/ISIC2018/ISIC_0033561.jpg,5,5,3.6740547e-10,5.3314885e-08,7.0196747e-06,1.6863822e-08,0.005883239,0.9941094,3.3774515e-07
/home/share/Uni_Eval/HAM10000_clean/ISIC2018/ISIC_0025619.jpg,5,5,1.605704e-10,9.636674e-07,1.7886423e-05,3.4932673e-06,0.0025495738,0.9970017,0.00042643122
/home/share/Uni_Eval/HAM10000_clean/ISIC2018/ISIC_0034290.jpg,5,5,2.9801304e-11,3.3739735e-08,0.00023451747,7.2201883e-06,0.00020235535,0.9995121,4.377811e-05
/home/share/Uni_Eval/HAM10000_clean/ISIC2018/ISIC_0033165.jpg,5,5,2.3707376e-09,1.7770512e-08,0.0009264705,4.8988627e-06,0.00018607857,0.9988531,2.9421082e-05
/home/share/Uni_Eval/HAM10000_clean/ISIC2018/ISIC_0033767.jpg,5,5,4.281368e-08,1.4406935e-09,0.00016424445,6.637893e-05,0.033889644,0.9658115,6.8126574e-05
/home/share/Uni_Eval/HAM10000_clean/ISIC2018/ISIC_0032590.jpg,5,5,3.988517e-06,3.4209508e-05,0.00014397866,2.7495048e-06,0.07794005,0.9218678,7.2970083e-06
/home/share/Uni_Eval/HAM10000_clean/ISIC2018/ISIC_0033549.jpg,5,5,0.0001886439,6.8527785e-05,0.0011699764,5.1951906e-06,0.011347238,0.98721343,7.045643e-06
/home/share/Uni_Eval/HAM10000_clean/ISIC2018/ISIC_0032953.jpg,5,5,7.37488e-08,1.259137e-09,0.00025855846,1.291765e-06,0.0026695647,0.99681467,0.0002557851
/home/share/Uni_Eval/HAM10000_clean/ISIC2018/ISIC_0031904.jpg,5,5,2.682058e-11,1.7044793e-10,3.425305e-07,1.8570335e-09,0.0007254288,0.9992742,6.5057576e-10
/home/share/Uni_Eval/HAM10000_clean/ISIC2018/ISIC_0033511.jpg,5,5,6.244674e-07,3.888288e-06,0.0004944488,1.2761396e-05,0.16533336,0.8341546,3.9962447e-07
/home/share/Uni_Eval/HAM10000_clean/ISIC2018/ISIC_0025978.jpg,5,5,7.014768e-09,0.00022301673,0.00015156553,3.0562845e-08,2.282478e-05,0.9995932,9.324428e-06
/home/share/Uni_Eval/HAM10000_clean/ISIC2018/ISIC_0027654.jpg,5,2,0.00027332004,0.00013591429,0.8407205,7.3684596e-06,0.00025807403,0.14863336,0.009971451
/home/share/Uni_Eval/HAM10000_clean/ISIC2018/ISIC_0025421.jpg,5,5,0.0018256415,1.7551613e-07,0.0006493826,3.435576e-06,0.30725053,0.690229,4.180274e-05
/home/share/Uni_Eval/HAM10000_clean/ISIC2018/ISIC_0024730.jpg,5,5,4.7053115e-07,3.0431607e-08,1.3179357e-06,6.7706846e-06,0.024952421,0.97503406,4.9930945e-06
/home/share/Uni_Eval/HAM10000_clean/ISIC2018/ISIC_0031988.jpg,5,5,2.016924e-09,1.7281273e-07,5.315905e-05,6.22944e-08,0.00147836,0.99845624,1.1975743e-05
/home/share/Uni_Eval/HAM10000_clean/ISIC2018/ISIC_0026084.jpg,5,5,2.5718875e-05,0.0012754573,0.0066168522,0.00041721063,0.17897265,0.8126544,3.764553e-05
/home/share/Uni_Eval/HAM10000_clean/ISIC2018/ISIC_0030085.jpg,5,4,0.14635096,0.0004440993,0.349977,1.3183751e-05,0.43451467,0.068368845,0.00033129615
/home/share/Uni_Eval/HAM10000_clean/ISIC2018/ISIC_0031757.jpg,5,5,2.167361e-09,1.0195379e-07,8.368986e-06,2.593587e-08,8.758782e-05,0.9999038,5.610334e-08
/home/share/Uni_Eval/HAM10000_clean/ISIC2018/ISIC_0025117.jpg,5,5,4.5147624e-07,0.00039198447,0.0001326836,0.00012174176,0.00069593376,0.7456368,0.25302038
/home/share/Uni_Eval/HAM10000_clean/ISIC2018/ISIC_0032641.jpg,5,5,7.248703e-05,3.3833644e-06,2.953375e-05,1.9135772e-05,0.0783394,0.9215249,1.1189336e-05
/home/share/Uni_Eval/HAM10000_clean/ISIC2018/ISIC_0032743.jpg,5,5,2.6198789e-08,3.074262e-08,0.00010603404,5.4971e-08,0.032941755,0.9669521,1.3247892e-07
/home/share/Uni_Eval/HAM10000_clean/ISIC2018/ISIC_0033157.jpg,5,5,2.123329e-08,9.789309e-07,0.0014687066,4.7320555e-08,6.4133215e-05,0.99846625,1.7158344e-09
/home/share/Uni_Eval/HAM10000_clean/ISIC2018/ISIC_0032623.jpg,5,5,5.246164e-07,2.9751775e-06,0.00021762235,1.265668e-09,0.020302651,0.9794763,6.496125e-11
/home/share/Uni_Eval/HAM10000_clean/ISIC2018/ISIC_0032595.jpg,5,5,3.0202784e-06,2.9654404e-07,1.7801425e-05,4.506635e-06,0.036397167,0.96357685,2.9795464e-07
/home/share/Uni_Eval/HAM10000_clean/ISIC2018/ISIC_0034281.jpg,5,5,1.4131762e-08,1.0338713e-06,0.0060846023,7.521749e-08,0.0029373418,0.9909768,7.886496e-09
/home/share/Uni_Eval/HAM10000_clean/ISIC2018/ISIC_0032957.jpg,5,5,5.046009e-09,2.052465e-07,0.0048798425,1.4772758e-10,0.0004961569,0.9946238,5.060476e-09
/home/share/Uni_Eval/HAM10000_clean/ISIC2018/ISIC_0033070.jpg,5,5,2.0950698e-05,0.00051384047,0.013486926,2.6111959e-05,0.02327251,0.96267205,7.4415875e-06
/home/share/Uni_Eval/HAM10000_clean/ISIC2018/ISIC_0032742.jpg,5,5,4.5004148e-10,1.16312995e-08,1.6987695e-05,1.2687116e-06,0.0008433766,0.999132,6.407381e-06
/home/share/Uni_Eval/HAM10000_clean/ISIC2018/ISIC_0034112.jpg,5,5,9.992752e-10,1.8726194e-09,1.3845001e-05,5.539334e-08,0.0022488653,0.99773717,8.53726e-08
/home/share/Uni_Eval/HAM10000_clean/ISIC2018/ISIC_0033409.jpg,5,5,8.366493e-06,8.8317177e-07,9.545349e-05,6.29139e-05,0.05392431,0.9456645,0.00024353967
/home/share/Uni_Eval/HAM10000_clean/ISIC2018/ISIC_0034184.jpg,5,5,2.0391003e-06,5.298871e-07,0.00083712407,1.1341186e-06,0.0009232626,0.99823594,2.2663236e-09
/home/share/Uni_Eval/HAM10000_clean/ISIC2018/ISIC_0033471.jpg,5,4,0.00014032499,7.617999e-08,0.00045179794,2.4949253e-08,0.7559419,0.24346583,1.0916083e-08
/home/share/Uni_Eval/HAM10000_clean/ISIC2018/ISIC_0032568.jpg,5,5,1.4029837e-11,2.8721243e-09,2.2878069e-06,1.5571697e-08,0.00034196058,0.9996557,6.763043e-08
/home/share/Uni_Eval/HAM10000_clean/ISIC2018/ISIC_0032516.jpg,5,5,1.1677163e-06,0.00013638518,3.5799803e-05,2.810956e-07,0.20595229,0.7938741,1.6087917e-08
/home/share/Uni_Eval/HAM10000_clean/ISIC2018/ISIC_0034102.jpg,5,5,3.453508e-06,7.122399e-06,1.588023e-05,1.8365414e-05,0.044220444,0.9556678,6.694861e-05
/home/share/Uni_Eval/HAM10000_clean/ISIC2018/ISIC_0033988.jpg,5,5,9.459916e-11,9.912225e-11,2.2033524e-05,1.6442565e-08,0.0002594955,0.9997185,8.407555e-10
/home/share/Uni_Eval/HAM10000_clean/ISIC2018/ISIC_0032859.jpg,5,5,7.1935824e-10,1.0746282e-10,5.108414e-06,6.4272303e-09,0.0016298407,0.9983651,7.080642e-09
/home/share/Uni_Eval/HAM10000_clean/ISIC2018/ISIC_0032728.jpg,5,5,4.787749e-10,7.351093e-11,8.2544675e-06,1.7316562e-08,0.0035100677,0.99646497,1.6669457e-05
/home/share/Uni_Eval/HAM10000_clean/ISIC2018/ISIC_0032802.jpg,5,5,3.5378815e-08,9.4398224e-08,7.681207e-06,3.5225477e-07,0.029139427,0.97085166,7.4101683e-07
/home/share/Uni_Eval/HAM10000_clean/ISIC2018/ISIC_0033222.jpg,5,4,0.00014649855,5.458117e-05,0.00016270205,0.0018865824,0.6550428,0.34270683,3.7053898e-08
/home/share/Uni_Eval/HAM10000_clean/ISIC2018/ISIC_0032546.jpg,5,5,7.5403304e-06,0.0029514413,0.0022133435,0.00030682288,0.37702274,0.6174972,9.320763e-07
/home/share/Uni_Eval/HAM10000_clean/ISIC2018/ISIC_0032521.jpg,5,5,0.050631106,9.875055e-05,0.0039631627,0.0168741,0.29242125,0.63593227,7.939303e-05
/home/share/Uni_Eval/HAM10000_clean/ISIC2018/ISIC_0033618.jpg,5,5,3.3709052e-10,2.1622549e-08,1.2240468e-05,2.339689e-09,0.064494625,0.935493,1.1770116e-07
/home/share/Uni_Eval/HAM10000_clean/ISIC2018/ISIC_0033016.jpg,5,5,2.7277525e-07,1.4695026e-07,1.7346217e-06,2.755568e-08,0.2594956,0.7405021,1.4681186e-07
/home/share/Uni_Eval/HAM10000_clean/ISIC2018/ISIC_0032895.jpg,5,5,4.2313737e-08,1.1052903e-08,2.8557868e-05,9.448365e-10,0.00012852468,0.99984276,1.14889545e-07
/home/share/Uni_Eval/HAM10000_clean/ISIC2018/ISIC_0033237.jpg,5,5,5.025693e-05,7.035627e-06,8.377477e-05,1.7634062e-06,0.005415399,0.99444133,4.785193e-07
/home/share/Uni_Eval/HAM10000_clean/ISIC2018/ISIC_0033373.jpg,5,2,4.6572254e-08,5.08199e-06,0.9671117,1.8410312e-06,0.0002269876,0.032651667,2.6925768e-06
/home/share/Uni_Eval/HAM10000_clean/ISIC2018/ISIC_0033411.jpg,5,5,2.6395544e-09,1.2836637e-07,6.7806344e-05,3.4086083e-06,0.0005432721,0.99938524,5.270622e-08
/home/share/Uni_Eval/HAM10000_clean/ISIC2018/ISIC_0033824.jpg,5,5,2.0762165e-08,5.389373e-09,0.00079902256,1.5865087e-06,0.019695789,0.97950166,1.890249e-06
/home/share/Uni_Eval/HAM10000_clean/ISIC2018/ISIC_0032838.jpg,5,5,3.753391e-08,6.512918e-09,2.6327896e-07,2.7700472e-07,8.6871434e-05,0.99990416,8.412888e-06
/home/share/Uni_Eval/HAM10000_clean/ISIC2018/ISIC_0034307.jpg,5,5,7.211362e-09,1.17659225e-08,1.4488048e-06,1.214155e-07,0.00020183764,0.9997961,5.3636563e-07
/home/share/Uni_Eval/HAM10000_clean/ISIC2018/ISIC_0034137.jpg,5,5,2.7945612e-07,2.3222839e-10,0.00021185067,2.203701e-06,0.005316616,0.9944689,1.6436973e-08
/home/share/Uni_Eval/HAM10000_clean/ISIC2018/ISIC_0033972.jpg,5,5,2.5988655e-08,1.3127105e-07,0.03294844,4.280425e-09,1.6809171e-06,0.9670497,1.2623341e-08
/home/share/Uni_Eval/HAM10000_clean/ISIC2018/ISIC_0033367.jpg,5,5,1.602395e-07,5.28682e-06,0.00018168887,3.4322918e-06,0.0013619234,0.9984464,1.1134723e-06
/home/share/Uni_Eval/HAM10000_clean/ISIC2018/ISIC_0033289.jpg,5,4,6.4251185e-06,6.1725623e-06,0.17820472,6.7910814e-06,0.4948835,0.32689238,6.97587e-10
/home/share/Uni_Eval/HAM10000_clean/ISIC2018/ISIC_0033283.jpg,5,5,3.1275886e-06,3.0120555e-06,6.934899e-05,2.405267e-05,0.100805104,0.89909524,1.7778254e-07
/home/share/Uni_Eval/HAM10000_clean/ISIC2018/ISIC_0034179.jpg,5,5,5.4280935e-09,2.606367e-08,0.00060699804,1.3922489e-06,0.002252402,0.9969332,0.0002058861
/home/share/Uni_Eval/HAM10000_clean/ISIC2018/ISIC_0033983.jpg,5,5,1.9367532e-11,2.4560577e-12,4.4204157e-06,5.121369e-10,0.00024333244,0.9997522,3.1302166e-11
/home/share/Uni_Eval/HAM10000_clean/ISIC2018/ISIC_0032541.jpg,5,5,3.2863423e-09,2.433078e-07,0.00015743934,1.4424126e-06,0.0054278676,0.9943516,6.144312e-05
/home/share/Uni_Eval/HAM10000_clean/ISIC2018/ISIC_0033961.jpg,5,5,6.0906316e-09,8.8655944e-11,1.2246113e-06,2.5860103e-08,0.0024660302,0.99753237,3.94299e-07
/home/share/Uni_Eval/HAM10000_clean/ISIC2018/ISIC_0033702.jpg,5,5,2.9428945e-08,5.347151e-11,1.2043018e-06,1.3785831e-07,0.0051950286,0.99479747,6.082922e-06
/home/share/Uni_Eval/HAM10000_clean/ISIC2018/ISIC_0032942.jpg,5,5,9.749391e-09,2.3841835e-09,3.3017016e-06,3.6430448e-10,0.0005313983,0.9994653,5.1441575e-09
/home/share/Uni_Eval/HAM10000_clean/ISIC2018/ISIC_0034153.jpg,5,5,3.774202e-08,5.913255e-05,0.006231958,1.1237031e-08,0.0036389332,0.9900697,2.1139287e-07
/home/share/Uni_Eval/HAM10000_clean/ISIC2018/ISIC_0032860.jpg,5,6,5.6275912e-05,0.0026674524,0.0013688788,0.00037397965,0.03888876,0.07738199,0.8792626
/home/share/Uni_Eval/HAM10000_clean/ISIC2018/ISIC_0034116.jpg,5,5,1.9462998e-10,2.7874474e-09,0.00012665529,3.8735393e-09,0.02421182,0.9756615,1.969635e-08
/home/share/Uni_Eval/HAM10000_clean/ISIC2018/ISIC_0034060.jpg,5,5,1.1074313e-08,5.503245e-11,6.4387154e-07,4.6825724e-07,0.0040814094,0.9959174,5.1313283e-08
/home/share/Uni_Eval/HAM10000_clean/ISIC2018/ISIC_0033213.jpg,5,5,3.2600146e-06,3.1652664e-08,0.00023182624,7.596463e-06,0.041564774,0.9581813,1.1188772e-05
/home/share/Uni_Eval/HAM10000_clean/ISIC2018/ISIC_0033897.jpg,5,5,3.3713322e-06,7.415276e-07,0.0012119828,8.06466e-08,0.012376705,0.986406,1.0430492e-06
/home/share/Uni_Eval/HAM10000_clean/ISIC2018/ISIC_0032908.jpg,5,5,7.387493e-09,2.8435554e-06,0.008599682,1.5168985e-06,0.0055059907,0.9858898,2.0216383e-07
/home/share/Uni_Eval/HAM10000_clean/ISIC2018/ISIC_0034203.jpg,5,5,1.02947574e-07,2.4879948e-05,0.00025053843,1.6422354e-07,0.000120048586,0.9995696,3.465259e-05
/home/share/Uni_Eval/HAM10000_clean/ISIC2018/ISIC_0032746.jpg,5,5,1.4433493e-05,3.7191712e-06,0.0015376077,2.1373407e-05,0.15877403,0.8396487,3.198909e-08
/home/share/Uni_Eval/HAM10000_clean/ISIC2018/ISIC_0034121.jpg,5,5,1.7444574e-09,4.4450688e-10,0.0003477218,1.06189875e-08,0.0009762804,0.99867356,2.4671244e-06
/home/share/Uni_Eval/HAM10000_clean/ISIC2018/ISIC_0034240.jpg,5,5,8.8272756e-08,3.0374103e-08,4.4705585e-06,1.476164e-06,0.00071305846,0.999281,1.9812816e-08
/home/share/Uni_Eval/HAM10000_clean/ISIC2018/ISIC_0032820.jpg,5,5,1.4859315e-09,3.4142722e-09,2.1656012e-06,1.1129606e-08,0.008095179,0.99190265,7.408894e-10
/home/share/Uni_Eval/HAM10000_clean/ISIC2018/ISIC_0034148.jpg,5,5,2.9125633e-05,2.1950573e-05,0.00027429647,2.7430313e-05,0.00038932817,0.999255,2.9101102e-06
/home/share/Uni_Eval/HAM10000_clean/ISIC2018/ISIC_0033566.jpg,5,5,8.9558354e-11,5.906685e-09,2.0596088e-05,7.037475e-10,1.6903066e-05,0.99996245,6.239336e-08
/home/share/Uni_Eval/HAM10000_clean/ISIC2018/ISIC_0033447.jpg,5,5,4.5401336e-09,8.4628544e-13,1.1044368e-05,1.0260096e-06,0.003235566,0.9967519,4.5028352e-07
/home/share/Uni_Eval/HAM10000_clean/ISIC2018/ISIC_0033282.jpg,5,5,5.718113e-06,5.188124e-05,1.9438514e-05,0.00041204077,0.15646337,0.84302855,1.9038904e-05
/home/share/Uni_Eval/HAM10000_clean/ISIC2018/ISIC_0034084.jpg,5,5,0.0022760788,0.0003237721,0.107980296,6.530544e-05,0.19640782,0.6928365,0.00011022169
/home/share/Uni_Eval/HAM10000_clean/ISIC2018/ISIC_0034176.jpg,5,5,0.00024419045,7.969916e-06,0.01945216,0.00010450846,0.014959513,0.96514434,8.7428656e-05
/home/share/Uni_Eval/HAM10000_clean/ISIC2018/ISIC_0033104.jpg,5,5,4.7222994e-09,1.0176742e-08,4.323474e-05,4.7958674e-06,0.092090465,0.90786153,1.8928313e-08
/home/share/Uni_Eval/HAM10000_clean/ISIC2018/ISIC_0034213.jpg,5,5,0.00024711006,1.5624555e-05,0.00024490192,5.8011337e-06,0.0021813721,0.99729973,5.4497023e-06
/home/share/Uni_Eval/HAM10000_clean/ISIC2018/ISIC_0026279.jpg,5,5,1.00603276e-10,1.1208656e-08,5.6781806e-05,5.0637883e-10,0.00034292636,0.99959964,6.5405266e-07
/home/share/Uni_Eval/HAM10000_clean/ISIC2018/ISIC_0032601.jpg,5,5,1.3749532e-06,0.0004786384,0.009640099,6.632367e-05,0.03477254,0.9550391,1.9175839e-06
/home/share/Uni_Eval/HAM10000_clean/ISIC2018/ISIC_0033940.jpg,5,5,1.9394847e-06,3.6866868e-07,1.852383e-05,1.3414656e-09,0.008047521,0.9919316,3.9173007e-09
/home/share/Uni_Eval/HAM10000_clean/ISIC2018/ISIC_0032649.jpg,5,5,1.0202791e-10,1.9673418e-09,0.0001312463,9.353404e-06,0.15296347,0.8468931,2.8516313e-06
/home/share/Uni_Eval/HAM10000_clean/ISIC2018/ISIC_0025769.jpg,5,5,4.350644e-05,2.723119e-05,3.4013126e-05,3.411147e-06,0.010069351,0.98951626,0.0003062653
/home/share/Uni_Eval/HAM10000_clean/ISIC2018/ISIC_0033978.jpg,5,5,1.5953269e-08,3.043061e-10,1.356674e-06,3.7858015e-09,5.423331e-05,0.99994445,1.3773256e-09
/home/share/Uni_Eval/HAM10000_clean/ISIC2018/ISIC_0032819.jpg,5,4,6.865347e-06,5.132939e-09,2.5674844e-05,2.855221e-06,0.8374218,0.16254285,3.4051906e-09
/home/share/Uni_Eval/HAM10000_clean/ISIC2018/ISIC_0033552.jpg,5,5,1.0502437e-08,1.2260153e-08,0.00045765363,2.1723386e-06,0.0052724183,0.9942676,1.16680624e-07
/home/share/Uni_Eval/HAM10000_clean/ISIC2018/ISIC_0034310.jpg,5,5,2.1800616e-07,5.535298e-09,0.0035218508,1.625577e-07,0.03135581,0.96512204,4.638962e-09
/home/share/Uni_Eval/HAM10000_clean/ISIC2018/ISIC_0033083.jpg,5,5,2.6103546e-09,3.151861e-09,0.007720931,8.478825e-08,0.008412021,0.98386455,2.3754394e-06
/home/share/Uni_Eval/HAM10000_clean/ISIC2018/ISIC_0033244.jpg,5,5,4.4403436e-08,7.146988e-07,2.6985806e-06,1.793776e-09,0.00012649212,0.99987006,2.6608175e-08
/home/share/Uni_Eval/HAM10000_clean/ISIC2018/ISIC_0034004.jpg,5,5,8.55232e-11,3.5553632e-05,6.793393e-05,0.00016178706,0.0006860803,0.98640835,0.012640369
/home/share/Uni_Eval/HAM10000_clean/ISIC2018/ISIC_0032737.jpg,5,5,2.692051e-10,5.661294e-10,0.00036464416,2.4237696e-08,0.021411473,0.97822386,7.504346e-10
/home/share/Uni_Eval/HAM10000_clean/ISIC2018/ISIC_0033010.jpg,5,4,4.8913466e-07,4.5232514e-07,0.0009096108,3.1384536e-06,0.6628882,0.33619723,8.85493e-07
/home/share/Uni_Eval/HAM10000_clean/ISIC2018/ISIC_0034127.jpg,5,5,3.7351297e-10,2.9761182e-09,2.7832135e-05,5.960234e-10,0.0058100717,0.994162,2.0144808e-08
/home/share/Uni_Eval/HAM10000_clean/ISIC2018/ISIC_0032792.jpg,5,5,1.2477801e-09,1.3323807e-09,0.0005532313,1.6548468e-10,0.070536986,0.9289096,2.2643499e-07
/home/share/Uni_Eval/HAM10000_clean/ISIC2018/ISIC_0034187.jpg,5,5,1.2108965e-08,1.00226e-07,0.00022075539,1.4455617e-07,0.001029111,0.9987484,1.3933945e-06
/home/share/Uni_Eval/HAM10000_clean/ISIC2018/ISIC_0034251.jpg,5,4,1.07380686e-07,4.4048673e-07,0.0064488295,1.0922632e-06,0.83881104,0.15454942,0.00018910614
/home/share/Uni_Eval/HAM10000_clean/ISIC2018/ISIC_0033673.jpg,5,5,9.519182e-06,2.3210964e-06,0.024568575,6.486004e-08,0.01669876,0.95872074,4.9179403e-09
/home/share/Uni_Eval/HAM10000_clean/ISIC2018/ISIC_0033932.jpg,5,5,6.649869e-05,1.513988e-07,0.013484903,2.500119e-10,0.033239357,0.95320046,8.675492e-06
/home/share/Uni_Eval/HAM10000_clean/ISIC2018/ISIC_0032593.jpg,5,5,7.4728376e-07,8.9319165e-09,4.6557932e-05,1.3481976e-07,0.018250484,0.98170185,2.6811446e-07
/home/share/Uni_Eval/HAM10000_clean/ISIC2018/ISIC_0031290.jpg,5,5,3.0775875e-05,0.0018044948,0.22451605,0.00022808253,0.02456928,0.7486713,0.00017997975
/home/share/Uni_Eval/HAM10000_clean/ISIC2018/ISIC_0033703.jpg,5,5,1.2631329e-11,2.7407077e-09,1.0127355e-08,1.6045516e-09,0.007562439,0.99243754,6.9192595e-08
/home/share/Uni_Eval/HAM10000_clean/ISIC2018/ISIC_0033574.jpg,5,5,3.731062e-06,1.1913033e-07,0.00030401375,2.3072027e-05,0.00047853627,0.9991904,1.3478652e-07
/home/share/Uni_Eval/HAM10000_clean/ISIC2018/ISIC_0032846.jpg,5,5,5.4077924e-09,6.3518786e-09,1.459591e-05,4.8675005e-08,0.0048522693,0.9951331,5.81393e-10
/home/share/Uni_Eval/HAM10000_clean/ISIC2018/ISIC_0033994.jpg,5,5,2.1742276e-11,2.0064961e-10,8.454068e-05,1.4178726e-09,0.0005604409,0.99935466,3.709709e-07
/home/share/Uni_Eval/HAM10000_clean/ISIC2018/ISIC_0032760.jpg,5,5,1.3969341e-06,1.5567716e-08,0.00010103769,9.259147e-07,0.0023176323,0.9975739,5.1212655e-06
/home/share/Uni_Eval/HAM10000_clean/ISIC2018/ISIC_0034271.jpg,5,5,5.164061e-10,5.877941e-06,5.522855e-05,3.456874e-08,8.8702946e-05,0.99985015,4.8257083e-09
/home/share/Uni_Eval/HAM10000_clean/ISIC2018/ISIC_0032670.jpg,5,5,2.4398494e-09,2.0918338e-07,0.0008193435,7.549535e-08,2.107593e-05,0.99914765,1.1607796e-05
/home/share/Uni_Eval/HAM10000_clean/ISIC2018/ISIC_0033441.jpg,5,5,1.4759232e-11,6.945078e-08,1.5741089e-05,5.576832e-09,3.663305e-06,0.99998033,9.229559e-08
/home/share/Uni_Eval/HAM10000_clean/ISIC2018/ISIC_0032663.jpg,5,5,2.119286e-05,1.2350602e-06,0.0007298349,5.2378294e-07,0.03373977,0.96550083,6.54007e-06
/home/share/Uni_Eval/HAM10000_clean/ISIC2018/ISIC_0034272.jpg,5,5,1.3938839e-07,9.9418216e-08,8.025747e-05,1.17525705e-08,0.00041028173,0.99950373,5.476502e-06
/home/share/Uni_Eval/HAM10000_clean/ISIC2018/ISIC_0032911.jpg,5,5,8.1626783e-10,3.6568564e-09,8.4506544e-05,1.8981558e-08,8.860779e-05,0.99982697,1.9871105e-09
/home/share/Uni_Eval/HAM10000_clean/ISIC2018/ISIC_0033926.jpg,5,5,2.4776958e-09,1.3718807e-07,4.582392e-05,2.4820095e-09,0.14824873,0.8517054,4.7043112e-11
/home/share/Uni_Eval/HAM10000_clean/ISIC2018/ISIC_0033835.jpg,5,5,2.2522547e-08,1.6115777e-07,4.697826e-05,3.4793516e-07,0.0014101411,0.9985424,2.3810477e-08
/home/share/Uni_Eval/HAM10000_clean/ISIC2018/ISIC_0033109.jpg,5,5,1.2236582e-08,8.908219e-06,8.713694e-06,1.0796219e-05,0.0019125581,0.9980545,4.448499e-06
/home/share/Uni_Eval/HAM10000_clean/ISIC2018/ISIC_0033396.jpg,5,5,0.0057329964,8.880742e-06,0.02096268,4.4693536e-07,0.38319176,0.59010226,1.0381921e-06
/home/share/Uni_Eval/HAM10000_clean/ISIC2018/ISIC_0032752.jpg,5,5,1.7785286e-06,2.0293985e-08,0.3554813,5.069896e-08,3.7815706e-05,0.64447904,4.0693395e-09
/home/share/Uni_Eval/HAM10000_clean/ISIC2018/ISIC_0032539.jpg,5,5,3.302423e-08,1.0772958e-07,0.0029384105,2.5517568e-06,0.060738318,0.93632054,3.44793e-08
/home/share/Uni_Eval/HAM10000_clean/ISIC2018/ISIC_0033329.jpg,5,5,6.1780685e-11,3.704604e-12,1.7794942e-05,6.331511e-09,2.3553928e-05,0.99995863,5.4294077e-08
/home/share/Uni_Eval/HAM10000_clean/ISIC2018/ISIC_0034181.jpg,5,5,2.0869997e-08,1.1551915e-08,1.3205235e-05,1.5313688e-06,0.00093588076,0.999049,3.2996513e-07
/home/share/Uni_Eval/HAM10000_clean/ISIC2018/ISIC_0033197.jpg,5,5,7.772701e-11,1.836896e-10,6.1100905e-06,3.6664942e-09,2.5770973e-05,0.99996805,8.486637e-08
/home/share/Uni_Eval/HAM10000_clean/ISIC2018/ISIC_0034171.jpg,5,5,2.6184538e-10,5.177886e-09,1.3012295e-05,6.435622e-08,0.00081302,0.99917245,1.376943e-06
/home/share/Uni_Eval/HAM10000_clean/ISIC2018/ISIC_0032952.jpg,5,5,3.1681652e-06,2.5425209e-08,0.00018109409,4.091313e-08,0.015321767,0.9844939,7.585145e-10
/home/share/Uni_Eval/HAM10000_clean/ISIC2018/ISIC_0033250.jpg,5,5,1.0670065e-08,6.267164e-06,0.00041843436,1.835985e-05,0.0013421343,0.99692035,0.0012945487
/home/share/Uni_Eval/HAM10000_clean/ISIC2018/ISIC_0032720.jpg,5,5,3.978015e-06,7.6055994e-06,0.0013653032,3.309341e-05,0.00037531485,0.9981735,4.1180545e-05
/home/share/Uni_Eval/HAM10000_clean/ISIC2018/ISIC_0033153.jpg,5,5,6.28449e-08,3.0191394e-09,5.751731e-06,2.394904e-06,0.0016272026,0.9983646,9.432045e-09
/home/share/Uni_Eval/HAM10000_clean/ISIC2018/ISIC_0033757.jpg,5,5,4.5871132e-12,2.8182562e-11,1.1541563e-05,1.8657538e-08,0.0018875555,0.9981008,1.14738825e-07
/home/share/Uni_Eval/HAM10000_clean/ISIC2018/ISIC_0030626.jpg,5,5,1.037476e-10,1.4735639e-10,0.00047807742,2.8280258e-11,0.0237396,0.9757823,1.1573204e-09
/home/share/Uni_Eval/HAM10000_clean/ISIC2018/ISIC_0031163.jpg,5,5,2.1802221e-11,3.4385733e-10,4.448736e-05,7.321546e-12,0.008772106,0.9911834,2.3178641e-09
/home/share/Uni_Eval/HAM10000_clean/ISIC2018/ISIC_0029775.jpg,5,5,1.2228161e-06,2.1695603e-06,0.015143908,3.2209275e-07,0.07015018,0.9092374,0.0054647843
/home/share/Uni_Eval/HAM10000_clean/ISIC2018/ISIC_0031411.jpg,5,4,1.2364295e-06,6.6337854e-08,0.00051446364,1.8306052e-08,0.91929495,0.08018917,4.7236405e-08
/home/share/Uni_Eval/HAM10000_clean/ISIC2018/ISIC_0026427.jpg,5,5,3.5668368e-09,9.303621e-06,4.2084328e-05,2.1297307e-08,0.033330247,0.9666181,1.8448948e-07
/home/share/Uni_Eval/HAM10000_clean/ISIC2018/ISIC_0024608.jpg,5,4,2.8268783e-09,2.0445438e-07,0.0006735353,3.3220925e-07,0.8370456,0.16228014,2.1822726e-07
/home/share/Uni_Eval/HAM10000_clean/ISIC2018/ISIC_0028734.jpg,5,4,9.451851e-08,7.0214273e-10,2.5497426e-05,5.294275e-07,0.99208623,0.007887368,2.4314713e-07
/home/share/Uni_Eval/HAM10000_clean/ISIC2018/ISIC_0026125.jpg,5,4,2.279357e-05,1.2453926e-07,0.00018332493,1.489469e-06,0.8019796,0.19781145,1.2549264e-06
/home/share/Uni_Eval/HAM10000_clean/ISIC2018/ISIC_0025618.jpg,5,5,2.6334408e-07,1.252365e-07,1.32379355e-05,6.634428e-10,0.04198757,0.9579932,5.564634e-06
/home/share/Uni_Eval/HAM10000_clean/ISIC2018/ISIC_0031796.jpg,5,5,2.776008e-08,4.532958e-07,0.0056542335,8.0851265e-07,0.016664512,0.9776728,7.1475247e-06
/home/share/Uni_Eval/HAM10000_clean/ISIC2018/ISIC_0030232.jpg,5,5,7.0215435e-08,1.3001439e-08,0.00014367285,3.361866e-09,1.7895845e-06,0.9998542,2.9751862e-07
/home/share/Uni_Eval/HAM10000_clean/ISIC2018/ISIC_0024682.jpg,5,5,1.7157208e-11,3.1279918e-10,2.0954533e-06,4.912001e-10,0.0039857263,0.9960122,3.1508932e-08
/home/share/Uni_Eval/HAM10000_clean/ISIC2018/ISIC_0026141.jpg,5,5,2.9106406e-08,2.533414e-08,0.0003377058,8.773454e-08,0.0013668368,0.9982913,4.0132195e-06
/home/share/Uni_Eval/HAM10000_clean/ISIC2018/ISIC_0030841.jpg,5,4,1.5833994e-10,4.6666027e-08,0.00045123187,5.306342e-08,0.6513455,0.34820312,2.5126079e-08
/home/share/Uni_Eval/HAM10000_clean/ISIC2018/ISIC_0030074.jpg,5,5,7.3321313e-09,2.726151e-08,1.0406095e-06,1.633601e-08,0.007879933,0.99211895,5.678883e-08
/home/share/Uni_Eval/HAM10000_clean/ISIC2018/ISIC_0025734.jpg,5,5,9.782607e-06,7.1574013e-06,0.015725285,6.95082e-06,0.0006075802,0.9836414,1.8841432e-06
/home/share/Uni_Eval/HAM10000_clean/ISIC2018/ISIC_0027942.jpg,5,5,6.645772e-11,1.9224146e-08,8.8319575e-06,1.0280311e-08,0.0029205019,0.99706954,1.1329015e-06
/home/share/Uni_Eval/HAM10000_clean/ISIC2018/ISIC_0026419.jpg,5,5,8.7221775e-12,9.303904e-09,4.6509652e-07,1.3418556e-06,8.949484e-07,0.9981673,0.0018300127
/home/share/Uni_Eval/HAM10000_clean/ISIC2018/ISIC_0028894.jpg,5,4,3.9423085e-06,2.1947764e-09,0.010626621,2.2051451e-07,0.63142484,0.35793146,1.2930857e-05
/home/share/Uni_Eval/HAM10000_clean/ISIC2018/ISIC_0032260.jpg,5,5,9.206526e-07,2.836916e-08,0.0004907851,3.2441713e-07,0.05265572,0.94685215,8.26578e-08
/home/share/Uni_Eval/HAM10000_clean/ISIC2018/ISIC_0024936.jpg,5,5,1.5509329e-09,4.2766678e-07,0.00021701984,2.6342786e-07,5.7691515e-05,0.9996637,6.089796e-05
/home/share/Uni_Eval/HAM10000_clean/ISIC2018/ISIC_0025043.jpg,5,5,5.6676647e-05,0.0022597744,0.0022028182,6.816346e-07,9.4760864e-05,0.99538475,5.380662e-07
/home/share/Uni_Eval/HAM10000_clean/ISIC2018/ISIC_0025227.jpg,5,4,2.5897577e-06,3.5341323e-08,0.000111002875,6.252281e-08,0.56527853,0.4346078,3.3476182e-09
/home/share/Uni_Eval/HAM10000_clean/ISIC2018/ISIC_0029499.jpg,5,5,2.603914e-06,1.2180985e-06,0.0009880526,7.825349e-07,7.490424e-05,0.9989323,4.738655e-08
/home/share/Uni_Eval/HAM10000_clean/ISIC2018/ISIC_0024658.jpg,5,5,5.500725e-10,1.8859765e-09,1.7545144e-06,2.5838844e-07,0.00037799877,0.99961996,4.540336e-09
/home/share/Uni_Eval/HAM10000_clean/ISIC2018/ISIC_0029027.jpg,5,5,1.7780213e-08,4.2759954e-08,0.021706872,2.089565e-05,0.20939879,0.7688639,9.5278565e-06
/home/share/Uni_Eval/HAM10000_clean/ISIC2018/ISIC_0025782.jpg,5,5,0.00013236617,5.816166e-07,0.021452934,1.9307768e-06,0.012474227,0.9659305,7.4161057e-06
/home/share/Uni_Eval/HAM10000_clean/ISIC2018/ISIC_0031308.jpg,5,4,0.103565976,0.12705082,0.01404861,5.758738e-08,0.6202119,0.13512076,1.824537e-06
/home/share/Uni_Eval/HAM10000_clean/ISIC2018/ISIC_0028981.jpg,5,4,0.029424509,0.19793683,0.08636022,3.1465543e-08,0.4953699,0.19087058,3.7886326e-05
/home/share/Uni_Eval/HAM10000_clean/ISIC2018/ISIC_0031194.jpg,5,5,0.0001826902,0.001506853,0.003690354,0.00029783184,0.005003903,0.9893009,1.7560391e-05
/home/share/Uni_Eval/HAM10000_clean/ISIC2018/ISIC_0029667.jpg,5,5,5.413177e-05,7.787129e-05,1.3083034e-05,2.0796513e-08,0.008609124,0.99124545,2.916769e-07
/home/share/Uni_Eval/HAM10000_clean/ISIC2018/ISIC_0027574.jpg,5,5,1.7335793e-06,4.5344907e-05,4.044277e-06,7.913218e-07,6.2879386e-05,0.99981827,6.693514e-05
/home/share/Uni_Eval/HAM10000_clean/ISIC2018/ISIC_0025945.jpg,5,5,2.3382622e-08,3.6161202e-07,3.7548132e-05,1.6152946e-05,0.013969942,0.9859745,1.5819286e-06
/home/share/Uni_Eval/HAM10000_clean/ISIC2018/ISIC_0031149.jpg,5,5,1.5402195e-08,2.5945616e-07,3.0951604e-05,3.0738056e-06,0.0021656407,0.9977998,2.0529602e-07
/home/share/Uni_Eval/HAM10000_clean/ISIC2018/ISIC_0027208.jpg,5,5,1.4080352e-07,5.1772254e-06,7.293222e-06,1.5676189e-09,0.001043093,0.99894434,7.0728917e-10
/home/share/Uni_Eval/HAM10000_clean/ISIC2018/ISIC_0029504.jpg,5,5,1.6785495e-07,1.7741406e-06,8.8239685e-06,5.3144427e-09,0.0006358588,0.99935335,1.2985132e-09
/home/share/Uni_Eval/HAM10000_clean/ISIC2018/ISIC_0026106.jpg,5,5,5.010773e-05,1.9441238e-06,7.5169874e-06,6.54188e-10,0.0010170552,0.99892336,5.037338e-10
/home/share/Uni_Eval/HAM10000_clean/ISIC2018/ISIC_0032227.jpg,5,5,1.0655822e-05,1.4674025e-06,0.00023304697,8.0276404e-05,0.0021265713,0.9975479,8.257985e-08
/home/share/Uni_Eval/HAM10000_clean/ISIC2018/ISIC_0024394.jpg,5,5,9.1571756e-08,4.5147683e-08,1.5400067e-06,7.506201e-11,0.0017636197,0.99823475,2.0034776e-08
/home/share/Uni_Eval/HAM10000_clean/ISIC2018/ISIC_0032165.jpg,5,5,2.6293831e-08,4.21822e-06,0.017170427,4.6247317e-07,0.0024173318,0.9803986,8.97339e-06
/home/share/Uni_Eval/HAM10000_clean/ISIC2018/ISIC_0024834.jpg,5,5,2.9602301e-08,4.7867156e-06,0.007627439,4.144685e-07,0.002189086,0.9901716,6.5414984e-06
/home/share/Uni_Eval/HAM10000_clean/ISIC2018/ISIC_0027596.jpg,5,5,4.451059e-08,1.47205465e-05,1.3488925e-06,4.9542814e-06,0.0015100493,0.998444,2.4770887e-05
/home/share/Uni_Eval/HAM10000_clean/ISIC2018/ISIC_0031204.jpg,5,5,6.615743e-08,3.0076823e-08,6.983481e-06,8.115382e-07,0.00011116282,0.9998765,4.398516e-06
/home/share/Uni_Eval/HAM10000_clean/ISIC2018/ISIC_0031857.jpg,5,5,5.286748e-05,0.15345694,0.017436255,0.002389389,0.25529605,0.5680861,0.0032823598
/home/share/Uni_Eval/HAM10000_clean/ISIC2018/ISIC_0028706.jpg,5,6,7.679961e-12,6.764137e-08,0.0008725071,5.1841204e-07,0.00046130983,0.038839925,0.9598257
/home/share/Uni_Eval/HAM10000_clean/ISIC2018/ISIC_0027364.jpg,5,5,4.527729e-10,3.3889527e-10,7.524951e-07,3.9841264e-09,0.00074052403,0.9992586,7.597959e-08
/home/share/Uni_Eval/HAM10000_clean/ISIC2018/ISIC_0031756.jpg,5,6,1.5718246e-07,1.9572863e-06,0.003470278,0.24421927,0.01581685,0.26281014,0.47368142
/home/share/Uni_Eval/HAM10000_clean/ISIC2018/ISIC_0030397.jpg,5,5,2.633321e-13,8.402234e-09,4.543264e-05,7.754283e-10,5.1589464e-05,0.99990296,2.8832387e-08
/home/share/Uni_Eval/HAM10000_clean/ISIC2018/ISIC_0031405.jpg,5,5,3.5512522e-07,1.3031941e-08,0.00041128832,0.03224067,0.01465615,0.95269036,1.1417071e-06
/home/share/Uni_Eval/HAM10000_clean/ISIC2018/ISIC_0031092.jpg,5,5,1.2088727e-11,3.4501218e-11,8.436505e-05,2.1493552e-05,4.6331246e-05,0.99984777,2.2669497e-09
/home/share/Uni_Eval/HAM10000_clean/ISIC2018/ISIC_0027390.jpg,5,5,1.5653559e-10,2.1669918e-12,0.0008692369,5.307355e-05,0.09650325,0.90257394,5.175311e-07
/home/share/Uni_Eval/HAM10000_clean/ISIC2018/ISIC_0028757.jpg,5,5,4.1736935e-06,5.370182e-09,0.00023274656,6.866049e-10,0.0021937795,0.99756926,1.4629052e-08
/home/share/Uni_Eval/HAM10000_clean/ISIC2018/ISIC_0027978.jpg,5,5,0.00024692336,0.00024858798,0.000700557,1.1048358e-05,9.4697076e-05,0.99869746,6.815176e-07
/home/share/Uni_Eval/HAM10000_clean/ISIC2018/ISIC_0025562.jpg,5,5,7.1261544e-05,2.7425865e-05,0.000849775,1.9830584e-06,0.0007617,0.99828726,5.679693e-07
/home/share/Uni_Eval/HAM10000_clean/ISIC2018/ISIC_0028598.jpg,5,5,0.016793298,0.0018381545,0.003952071,0.4406106,0.064948514,0.47184783,9.5341275e-06
/home/share/Uni_Eval/HAM10000_clean/ISIC2018/ISIC_0026759.jpg,5,5,0.00015742624,4.7973544e-06,0.0036830476,0.008704705,0.06566038,0.92178464,5.0481476e-06
/home/share/Uni_Eval/HAM10000_clean/ISIC2018/ISIC_0032015.jpg,5,5,0.00017512373,6.4475935e-05,0.17697394,2.5564363e-05,0.08615558,0.7366053,6.769212e-08
/home/share/Uni_Eval/HAM10000_clean/ISIC2018/ISIC_0031285.jpg,5,5,1.9151473e-06,4.0179708e-07,0.007932182,2.6969698e-05,0.011917534,0.98012084,2.0751241e-07
/home/share/Uni_Eval/HAM10000_clean/ISIC2018/ISIC_0028304.jpg,5,5,3.867623e-06,1.8212976e-08,0.0034437494,8.5222155e-06,0.4584993,0.5380441,4.1304995e-07
/home/share/Uni_Eval/HAM10000_clean/ISIC2018/ISIC_0024862.jpg,5,4,5.9225835e-07,2.5758946e-09,0.001998352,2.0216098e-07,0.76682615,0.23117475,5.4475475e-08
/home/share/Uni_Eval/HAM10000_clean/ISIC2018/ISIC_0028715.jpg,5,5,0.0012708127,1.606385e-05,0.00023157934,0.0005341514,0.004442042,0.9934983,7.060558e-06
/home/share/Uni_Eval/HAM10000_clean/ISIC2018/ISIC_0032136.jpg,5,5,2.2515608e-06,4.06252e-09,0.00019267142,1.9145596e-06,0.22122642,0.7785767,4.6892215e-09
/home/share/Uni_Eval/HAM10000_clean/ISIC2018/ISIC_0030592.jpg,5,4,0.00018502618,1.595662e-05,0.00014791991,3.7361754e-09,0.7914193,0.20823172,3.0164177e-08
/home/share/Uni_Eval/HAM10000_clean/ISIC2018/ISIC_0024841.jpg,5,4,0.00031240663,6.3340936e-05,0.0010628715,8.959067e-06,0.8140325,0.18451999,1.6699799e-08
/home/share/Uni_Eval/HAM10000_clean/ISIC2018/ISIC_0029457.jpg,5,5,1.6998507e-05,5.08556e-06,5.8100894e-05,3.4969966e-07,0.016193762,0.9837256,1.606977e-07
/home/share/Uni_Eval/HAM10000_clean/ISIC2018/ISIC_0031126.jpg,5,5,0.00017137606,5.8886735e-06,0.19965634,7.131023e-05,0.00016304247,0.79993105,9.448132e-07
/home/share/Uni_Eval/HAM10000_clean/ISIC2018/ISIC_0025506.jpg,5,5,9.874096e-07,1.2540822e-07,0.00049855915,8.5706124e-05,0.0005188352,0.99889576,1.18821495e-08
/home/share/Uni_Eval/HAM10000_clean/ISIC2018/ISIC_0030914.jpg,5,5,1.4194273e-05,5.8720593e-06,0.004114345,0.0009972567,0.2033563,0.79151195,1.5674527e-07
/home/share/Uni_Eval/HAM10000_clean/ISIC2018/ISIC_0028408.jpg,5,5,3.3915637e-07,4.441237e-09,3.2296794e-07,1.0119378e-07,0.0017017286,0.9982975,2.3669569e-09
/home/share/Uni_Eval/HAM10000_clean/ISIC2018/ISIC_0028998.jpg,5,5,2.6965565e-05,6.7918444e-07,0.0001255859,2.4505255e-06,0.075880125,0.9239641,1.7938645e-07
/home/share/Uni_Eval/HAM10000_clean/ISIC2018/ISIC_0025118.jpg,5,5,5.83807e-09,2.1619406e-11,1.344482e-07,2.0017799e-08,0.0031224813,0.9968773,8.1644735e-09
/home/share/Uni_Eval/HAM10000_clean/ISIC2018/ISIC_0025563.jpg,5,5,2.8321347e-06,0.00085565046,1.8608928e-06,3.0206564e-08,0.050817765,0.9483208,1.0366382e-06
/home/share/Uni_Eval/HAM10000_clean/ISIC2018/ISIC_0024790.jpg,5,5,2.7096668e-05,3.5541854e-07,0.007888044,4.5968704e-07,0.044967037,0.94711703,1.6230857e-08
/home/share/Uni_Eval/HAM10000_clean/ISIC2018/ISIC_0025225.jpg,5,5,6.0634302e-05,1.2796925e-06,0.02434461,2.7112374e-05,0.053818833,0.9217474,9.634146e-08
/home/share/Uni_Eval/HAM10000_clean/ISIC2018/ISIC_0025926.jpg,5,3,0.00011259073,0.0002694374,0.0009880343,0.48034546,0.049308836,0.46890336,7.231091e-05
/home/share/Uni_Eval/HAM10000_clean/ISIC2018/ISIC_0026741.jpg,5,5,0.0011895103,0.00033547299,0.005757722,2.7143798e-05,0.038547352,0.9541424,4.2903696e-07
/home/share/Uni_Eval/HAM10000_clean/ISIC2018/ISIC_0031117.jpg,5,5,0.0003443129,3.7260055e-05,0.008780326,2.5770126e-07,0.001518557,0.98931926,1.5782035e-08
/home/share/Uni_Eval/HAM10000_clean/ISIC2018/ISIC_0027471.jpg,5,4,0.0038888291,0.00029058606,0.01745234,1.6683507e-05,0.6486103,0.32966647,7.475959e-05
/home/share/Uni_Eval/HAM10000_clean/ISIC2018/ISIC_0029109.jpg,5,5,1.0908587e-06,1.1304564e-09,1.0111149e-06,2.1586841e-09,0.0012762367,0.99872166,1.07851575e-10
/home/share/Uni_Eval/HAM10000_clean/ISIC2018/ISIC_0026654.jpg,5,5,0.0018346249,5.854786e-05,0.005012143,5.179793e-08,0.13836767,0.85472685,9.766717e-10
/home/share/Uni_Eval/HAM10000_clean/ISIC2018/ISIC_0026921.jpg,5,5,4.770615e-06,1.2410564e-07,0.00030005313,9.297268e-07,0.37421128,0.62548286,7.9938104e-08
/home/share/Uni_Eval/HAM10000_clean/ISIC2018/ISIC_0031942.jpg,5,5,1.1415494e-05,3.6703202e-07,0.0048482507,3.264211e-05,0.14586376,0.8492436,3.737544e-08
/home/share/Uni_Eval/HAM10000_clean/ISIC2018/ISIC_0026712.jpg,5,5,0.017135473,2.5576744e-06,0.0013581862,7.2045244e-05,0.058806043,0.9226247,1.0559789e-06
/home/share/Uni_Eval/HAM10000_clean/ISIC2018/ISIC_0028983.jpg,5,5,0.0008292995,0.0015607456,0.0345903,3.9395195e-06,0.15226635,0.8107493,1.3392359e-08
/home/share/Uni_Eval/HAM10000_clean/ISIC2018/ISIC_0028744.jpg,5,5,6.9665447e-07,9.913422e-10,1.3901567e-05,2.1276599e-06,0.0023028376,0.9976804,8.684494e-09
/home/share/Uni_Eval/HAM10000_clean/ISIC2018/ISIC_0026588.jpg,5,5,7.505325e-05,3.6387526e-06,0.0010245579,6.7089404e-06,0.006039003,0.992851,9.461804e-09
/home/share/Uni_Eval/HAM10000_clean/ISIC2018/ISIC_0028364.jpg,5,4,0.0027870846,0.0026155408,0.069615945,2.7579415e-05,0.85453886,0.07041291,2.0105854e-06
/home/share/Uni_Eval/HAM10000_clean/ISIC2018/ISIC_0027490.jpg,5,5,5.9689883e-05,0.005074988,0.0019778097,1.1817441e-05,0.027369957,0.9653872,0.00011849668
/home/share/Uni_Eval/HAM10000_clean/ISIC2018/ISIC_0030082.jpg,5,5,0.0005944783,0.00082265044,0.0020641035,7.152581e-08,0.052786887,0.94372815,3.6776748e-06
/home/share/Uni_Eval/HAM10000_clean/ISIC2018/ISIC_0026974.jpg,5,5,9.531281e-08,9.33716e-09,0.0006974626,6.585232e-07,0.061125707,0.9381756,4.1877888e-07
/home/share/Uni_Eval/HAM10000_clean/ISIC2018/ISIC_0026097.jpg,5,5,3.9356433e-05,4.162465e-05,0.00012318167,0.0012530987,0.0635607,0.93495655,2.5464766e-05
/home/share/Uni_Eval/HAM10000_clean/ISIC2018/ISIC_0027883.jpg,5,4,0.0009774436,2.6730476e-07,0.010421335,1.688516e-06,0.9027149,0.085884355,3.886751e-09
/home/share/Uni_Eval/HAM10000_clean/ISIC2018/ISIC_0031700.jpg,5,5,7.4473155e-06,7.136738e-08,0.02720946,2.2210888e-06,0.0010249644,0.97175467,1.202985e-06
/home/share/Uni_Eval/HAM10000_clean/ISIC2018/ISIC_0030209.jpg,5,5,0.0040032393,0.00032156642,0.019302394,3.1475975e-05,0.011991446,0.9643368,1.3090443e-05
/home/share/Uni_Eval/HAM10000_clean/ISIC2018/ISIC_0027073.jpg,5,5,0.00062537234,1.8290135e-06,0.032740194,3.0109156e-06,0.00016512812,0.9664642,2.795118e-07
/home/share/Uni_Eval/HAM10000_clean/ISIC2018/ISIC_0030219.jpg,5,5,0.054574467,2.8929171e-05,0.002717502,4.739393e-07,0.02697003,0.91570795,7.0827724e-07
/home/share/Uni_Eval/HAM10000_clean/ISIC2018/ISIC_0025476.jpg,5,5,9.2006376e-05,0.00079718826,0.0063917264,1.3737863e-07,0.011639029,0.98107994,2.005889e-08
/home/share/Uni_Eval/HAM10000_clean/ISIC2018/ISIC_0024476.jpg,5,4,0.08840004,0.0008219397,0.3194142,1.3414783e-06,0.49638027,0.094980426,1.7750342e-06
/home/share/Uni_Eval/HAM10000_clean/ISIC2018/ISIC_0026560.jpg,5,5,1.4483488e-05,7.1580165e-05,0.0028611992,4.6352484e-06,0.009148305,0.9878997,6.650701e-08
/home/share/Uni_Eval/HAM10000_clean/ISIC2018/ISIC_0032281.jpg,5,5,4.5676643e-07,2.7553304e-07,3.958951e-06,6.7480147e-07,0.06820612,0.93178856,1.6753788e-08
/home/share/Uni_Eval/HAM10000_clean/ISIC2018/ISIC_0030425.jpg,5,5,8.9891455e-06,4.7347808e-07,0.09487068,2.8909206e-05,0.00052588765,0.90456504,1.9655426e-08
/home/share/Uni_Eval/HAM10000_clean/ISIC2018/ISIC_0028130.jpg,5,5,0.0008350699,7.220919e-05,0.05512739,1.8407251e-06,0.003917045,0.94004655,1.3323675e-08
/home/share/Uni_Eval/HAM10000_clean/ISIC2018/ISIC_0026359.jpg,5,5,2.6982164e-07,5.587247e-09,3.1269457e-05,1.018186e-07,0.0003841764,0.99958414,2.8804423e-10
/home/share/Uni_Eval/HAM10000_clean/ISIC2018/ISIC_0030444.jpg,5,5,3.0092654e-06,3.5562284e-08,0.00047268267,2.8537312e-07,0.049275555,0.95024836,5.6726996e-08
/home/share/Uni_Eval/HAM10000_clean/ISIC2018/ISIC_0032292.jpg,5,5,0.00014270427,2.3601002e-07,0.0060805767,8.936091e-07,0.00021785966,0.99355704,6.616502e-07
/home/share/Uni_Eval/HAM10000_clean/ISIC2018/ISIC_0032107.jpg,5,5,2.8455686e-06,1.0158144e-06,0.00013884816,2.368709e-07,0.0032215365,0.9966355,2.73753e-10
/home/share/Uni_Eval/HAM10000_clean/ISIC2018/ISIC_0030253.jpg,5,5,0.004219306,0.0027941272,0.022640403,0.0002902962,0.44438213,0.52538496,0.00028874792
/home/share/Uni_Eval/HAM10000_clean/ISIC2018/ISIC_0030340.jpg,5,5,0.0003042643,7.42944e-06,0.033328693,0.00030135884,0.042703327,0.92335445,4.848684e-07
/home/share/Uni_Eval/HAM10000_clean/ISIC2018/ISIC_0028580.jpg,5,5,5.5612258e-05,4.586432e-06,0.0016594,3.6901636e-07,0.05006488,0.9481751,4.008501e-05
/home/share/Uni_Eval/HAM10000_clean/ISIC2018/ISIC_0026922.jpg,5,5,5.1419465e-05,3.7702448e-06,2.5821648e-05,1.2899585e-08,0.003944201,0.99597436,4.17378e-07
/home/share/Uni_Eval/HAM10000_clean/ISIC2018/ISIC_0026964.jpg,5,5,5.3750146e-06,2.1455978e-07,0.018263178,4.5876232e-07,2.3033443e-05,0.9817069,8.165916e-07
/home/share/Uni_Eval/HAM10000_clean/ISIC2018/ISIC_0028905.jpg,5,5,0.00021709803,2.2519223e-05,0.0086726295,0.00023295774,0.017071664,0.97175264,0.0020305521
/home/share/Uni_Eval/HAM10000_clean/ISIC2018/ISIC_0032327.jpg,5,2,0.0049183927,0.00025409207,0.83055806,5.6165084e-07,0.052614942,0.11165397,7.1799593e-09
/home/share/Uni_Eval/HAM10000_clean/ISIC2018/ISIC_0025310.jpg,5,4,7.974671e-06,2.416616e-08,0.034319267,3.7500492e-06,0.51677966,0.44888663,2.6673617e-06
/home/share/Uni_Eval/HAM10000_clean/ISIC2018/ISIC_0032423.jpg,5,5,9.166778e-07,3.5401743e-10,0.004910539,1.08222764e-07,0.005699485,0.98938876,2.0127408e-07
/home/share/Uni_Eval/HAM10000_clean/ISIC2018/ISIC_0030873.jpg,5,2,0.009449207,7.3609476e-06,0.5993745,2.945665e-07,0.13624504,0.25489575,2.791678e-05
/home/share/Uni_Eval/HAM10000_clean/ISIC2018/ISIC_0024363.jpg,5,5,6.740077e-06,3.9790805e-08,0.0013416451,0.0044247024,0.045423515,0.94880116,2.2734303e-06
/home/share/Uni_Eval/HAM10000_clean/ISIC2018/ISIC_0025169.jpg,5,5,3.2637883e-05,1.0399556e-06,0.0005772588,1.6073465e-06,0.0034017388,0.9959791,6.583838e-06
/home/share/Uni_Eval/HAM10000_clean/ISIC2018/ISIC_0030008.jpg,5,5,0.019079827,5.829428e-10,0.00044489553,2.3535092e-07,0.006549758,0.97392523,6.518292e-08
/home/share/Uni_Eval/HAM10000_clean/ISIC2018/ISIC_0031583.jpg,5,5,1.17887375e-05,2.703831e-06,0.00016132016,3.695156e-08,0.016779058,0.9830393,5.8238675e-06
/home/share/Uni_Eval/HAM10000_clean/ISIC2018/ISIC_0025533.jpg,5,5,0.015829667,2.2154278e-05,0.018386863,0.00014793899,0.04266127,0.92292345,2.8668454e-05
/home/share/Uni_Eval/HAM10000_clean/ISIC2018/ISIC_0028183.jpg,5,5,1.5030436e-08,1.4216167e-06,6.392326e-06,1.6471778e-09,4.7170934e-06,0.99998736,3.831961e-08
/home/share/Uni_Eval/HAM10000_clean/ISIC2018/ISIC_0026658.jpg,5,5,6.8407608e-06,2.6913162e-07,0.0024473025,3.1651e-05,0.001152264,0.99636155,1.6802217e-07
/home/share/Uni_Eval/HAM10000_clean/ISIC2018/ISIC_0032195.jpg,5,5,6.04817e-07,1.9974346e-05,0.00017969629,4.033084e-06,0.040603,0.9591922,4.687206e-07
/home/share/Uni_Eval/HAM10000_clean/ISIC2018/ISIC_0027066.jpg,5,5,2.1341308e-05,3.026226e-06,0.050789885,1.2496076e-05,0.18329236,0.7658807,1.5722621e-07
/home/share/Uni_Eval/HAM10000_clean/ISIC2018/ISIC_0024680.jpg,5,5,1.1915622e-05,2.0824789e-06,0.0014606183,2.329236e-08,0.046569865,0.95194846,7.1023023e-06
/home/share/Uni_Eval/HAM10000_clean/ISIC2018/ISIC_0027091.jpg,5,4,3.9235992e-08,1.2872146e-08,0.021068439,3.1653036e-09,0.5269356,0.4519959,4.0892537e-08
/home/share/Uni_Eval/HAM10000_clean/ISIC2018/ISIC_0024497.jpg,5,4,0.0037929434,2.6932482e-06,0.08710778,9.657807e-06,0.46324638,0.44577214,6.832522e-05
/home/share/Uni_Eval/HAM10000_clean/ISIC2018/ISIC_0031960.jpg,5,5,0.00018629662,1.2815089e-07,0.00619287,0.011053343,0.20781635,0.7747056,4.5425902e-05
/home/share/Uni_Eval/HAM10000_clean/ISIC2018/ISIC_0029554.jpg,5,5,0.0020966292,0.14633322,0.012767135,1.7844134e-06,0.021430764,0.8173702,2.8163788e-07
/home/share/Uni_Eval/HAM10000_clean/ISIC2018/ISIC_0024578.jpg,5,5,0.0001895138,1.1953107e-05,0.0016888259,0.0003334174,0.023825115,0.9739013,4.984039e-05
/home/share/Uni_Eval/HAM10000_clean/ISIC2018/ISIC_0027036.jpg,5,4,0.001288391,0.0001591988,0.30009517,8.366253e-06,0.4820704,0.21635565,2.2804597e-05
/home/share/Uni_Eval/HAM10000_clean/ISIC2018/ISIC_0026023.jpg,5,5,0.0619238,0.010156604,0.009577498,0.00408313,0.124321595,0.7878784,0.0020590506
/home/share/Uni_Eval/HAM10000_clean/ISIC2018/ISIC_0025936.jpg,5,5,6.753865e-07,1.685453e-07,0.001006853,3.5011856e-06,0.14936191,0.84962386,2.954807e-06
/home/share/Uni_Eval/HAM10000_clean/ISIC2018/ISIC_0026216.jpg,5,5,0.003143946,0.0043566064,0.007799915,0.00023356781,0.40558058,0.5788812,4.128026e-06
/home/share/Uni_Eval/HAM10000_clean/ISIC2018/ISIC_0028987.jpg,5,5,0.0025653038,3.937408e-07,0.17101564,6.352764e-06,0.08098914,0.74542093,2.3258206e-06
/home/share/Uni_Eval/HAM10000_clean/ISIC2018/ISIC_0029075.jpg,5,5,1.1232206e-07,2.486782e-05,1.9894955e-05,7.507303e-11,0.01543113,0.98452395,3.6179664e-09
/home/share/Uni_Eval/HAM10000_clean/ISIC2018/ISIC_0030451.jpg,5,5,0.007489158,0.00045812168,0.011249706,6.1889405e-05,0.018750286,0.9619843,6.4619953e-06
/home/share/Uni_Eval/HAM10000_clean/ISIC2018/ISIC_0027137.jpg,5,5,3.2924167e-08,2.5106779e-09,8.486693e-06,1.0439317e-07,0.0741097,0.9258816,2.6243816e-09
/home/share/Uni_Eval/HAM10000_clean/ISIC2018/ISIC_0030833.jpg,5,5,3.3668177e-05,1.8648875e-06,0.021757755,8.9096936e-08,0.0065221307,0.9716844,4.4211186e-09
/home/share/Uni_Eval/HAM10000_clean/ISIC2018/ISIC_0030635.jpg,5,5,6.9188843e-07,3.5543428e-09,0.008670744,5.3658636e-07,0.03909608,0.9522318,1.2403278e-07
/home/share/Uni_Eval/HAM10000_clean/ISIC2018/ISIC_0031991.jpg,5,5,0.0010710866,8.118119e-05,0.0047506,4.4545796e-08,5.494954e-05,0.9940422,1.9664517e-09
/home/share/Uni_Eval/HAM10000_clean/ISIC2018/ISIC_0029470.jpg,5,5,3.3744685e-09,2.8727827e-08,9.876775e-05,2.5784668e-09,0.29595447,0.7039467,2.3819702e-08
/home/share/Uni_Eval/HAM10000_clean/ISIC2018/ISIC_0026488.jpg,5,5,0.00056990614,4.997494e-07,0.002768368,0.0014678055,0.030793244,0.96438706,1.3080778e-05
/home/share/Uni_Eval/HAM10000_clean/ISIC2018/ISIC_0027098.jpg,5,5,1.233972e-05,5.650166e-06,0.00500081,5.0007025e-06,0.02746577,0.96751034,5.553584e-08
/home/share/Uni_Eval/HAM10000_clean/ISIC2018/ISIC_0025571.jpg,5,5,1.6728944e-06,7.1146005e-06,0.050034087,1.4987702e-07,0.007115643,0.9428413,1.5910551e-07
/home/share/Uni_Eval/HAM10000_clean/ISIC2018/ISIC_0024466.jpg,5,5,0.0013098655,2.1271007e-05,0.033446494,1.3472927e-08,0.011159591,0.9540627,2.2602924e-08
/home/share/Uni_Eval/HAM10000_clean/ISIC2018/ISIC_0025892.jpg,5,4,8.307099e-05,3.6261143e-05,0.14669694,1.6579876e-06,0.48468292,0.36849442,4.7237436e-06
/home/share/Uni_Eval/HAM10000_clean/ISIC2018/ISIC_0025488.jpg,5,5,3.513131e-05,1.2670505e-06,6.723437e-05,8.0448575e-07,0.1835353,0.8163603,6.550814e-08
/home/share/Uni_Eval/HAM10000_clean/ISIC2018/ISIC_0027997.jpg,5,1,0.0002033255,0.71738374,0.17534669,5.4145745e-05,0.0028024327,0.102877684,0.0013319968
/home/share/Uni_Eval/HAM10000_clean/ISIC2018/ISIC_0027578.jpg,5,5,2.439468e-06,7.4205127e-07,0.01616864,1.8464928e-06,0.2978216,0.6860047,1.4432935e-09
/home/share/Uni_Eval/HAM10000_clean/ISIC2018/ISIC_0027475.jpg,5,5,9.965975e-08,1.5808995e-08,0.0001466162,8.743143e-06,5.964606e-05,0.9997843,6.9332515e-07
/home/share/Uni_Eval/HAM10000_clean/ISIC2018/ISIC_0031304.jpg,5,5,0.00016649978,3.0616768e-05,0.0024693762,2.8286554e-08,0.00027750243,0.9970529,3.0640558e-06
/home/share/Uni_Eval/HAM10000_clean/ISIC2018/ISIC_0028809.jpg,5,4,6.818471e-05,7.371199e-06,0.0016512341,4.5368183e-06,0.55519915,0.44306865,8.6011335e-07
/home/share/Uni_Eval/HAM10000_clean/ISIC2018/ISIC_0028464.jpg,5,5,7.092157e-07,0.00038346587,0.00027302222,7.3463134e-08,0.010277986,0.98906356,1.1616919e-06
/home/share/Uni_Eval/HAM10000_clean/ISIC2018/ISIC_0027798.jpg,5,5,5.380966e-07,3.3354813e-06,0.00031750047,9.010751e-09,0.000371104,0.9993075,1.2185361e-08
/home/share/Uni_Eval/HAM10000_clean/ISIC2018/ISIC_0024916.jpg,5,5,1.9941126e-06,2.3216096e-06,6.779495e-06,0.00010267565,4.8437865e-05,0.9993856,0.00045219055
/home/share/Uni_Eval/HAM10000_clean/ISIC2018/ISIC_0030839.jpg,5,5,0.00083979924,1.7151984e-06,0.4189049,5.1683258e-09,0.05561029,0.52464336,2.2287747e-09
/home/share/Uni_Eval/HAM10000_clean/ISIC2018/ISIC_0030593.jpg,5,5,2.901659e-07,3.2633936e-09,4.2869186e-05,2.0291116e-06,0.002932975,0.99702185,9.113411e-09
/home/share/Uni_Eval/HAM10000_clean/ISIC2018/ISIC_0030847.jpg,5,5,0.00026156133,4.806545e-05,0.06960503,0.0037611793,0.3634276,0.5628958,8.671159e-07
/home/share/Uni_Eval/HAM10000_clean/ISIC2018/ISIC_0029560.jpg,5,5,0.00015315834,9.431102e-06,0.00045390206,2.1057976e-07,0.0058487975,0.99353445,1.396648e-10
/home/share/Uni_Eval/HAM10000_clean/ISIC2018/ISIC_0027849.jpg,5,4,0.000152139,2.799711e-06,0.016712818,5.3735816e-06,0.861174,0.12195288,1.1500108e-08
/home/share/Uni_Eval/HAM10000_clean/ISIC2018/ISIC_0025681.jpg,5,5,4.8731004e-06,1.8526691e-06,0.0014440119,7.59029e-09,0.006499879,0.9920494,3.1676226e-10
/home/share/Uni_Eval/HAM10000_clean/ISIC2018/ISIC_0030912.jpg,5,2,2.462488e-05,6.5201384e-05,0.83649933,4.7547794e-05,5.6361107e-05,0.163297,9.899038e-06
/home/share/Uni_Eval/HAM10000_clean/ISIC2018/ISIC_0027783.jpg,5,5,1.0927235e-05,1.2357752e-06,0.00079803605,6.2196646e-06,0.03000826,0.9691752,4.075743e-08
/home/share/Uni_Eval/HAM10000_clean/ISIC2018/ISIC_0026991.jpg,5,5,7.0532935e-10,7.1837327e-09,5.422717e-05,1.8416549e-09,0.0007905496,0.9991449,1.0289512e-05
/home/share/Uni_Eval/HAM10000_clean/ISIC2018/ISIC_0025065.jpg,5,5,2.0776173e-07,2.1906335e-07,0.0005707113,9.20997e-06,0.0010829128,0.99833566,1.0844221e-06
/home/share/Uni_Eval/HAM10000_clean/ISIC2018/ISIC_0026333.jpg,5,5,4.261995e-06,1.6545175e-06,4.7844173e-07,1.9186516e-06,0.0022780066,0.99769574,1.7885719e-05
/home/share/Uni_Eval/HAM10000_clean/ISIC2018/ISIC_0028477.jpg,5,5,0.00011015541,6.610859e-07,0.00013396345,3.838608e-05,0.24101721,0.75869167,7.963096e-06
/home/share/Uni_Eval/HAM10000_clean/ISIC2018/ISIC_0026603.jpg,5,5,1.4542235e-07,5.0668785e-07,5.896018e-05,7.2257194e-08,0.060120523,0.9398156,4.0729615e-06
/home/share/Uni_Eval/HAM10000_clean/ISIC2018/ISIC_0025323.jpg,5,5,1.1693756e-05,5.527855e-06,0.0039572828,5.3843146e-06,0.05709364,0.9389082,1.8253104e-05
/home/share/Uni_Eval/HAM10000_clean/ISIC2018/ISIC_0024857.jpg,5,5,3.4936287e-10,3.5241068e-10,1.8580499e-08,4.975604e-09,4.793128e-10,1.0,2.067476e-10
/home/share/Uni_Eval/HAM10000_clean/ISIC2018/ISIC_0026295.jpg,5,5,3.6539768e-11,1.9495384e-11,1.997313e-07,1.1788755e-07,5.2230662e-05,0.9999461,1.3208643e-06
/home/share/Uni_Eval/HAM10000_clean/ISIC2018/ISIC_0030485.jpg,5,5,4.159256e-11,4.937245e-06,0.00014931067,2.9779147e-05,0.041557267,0.95825857,1.4058048e-07
/home/share/Uni_Eval/HAM10000_clean/ISIC2018/ISIC_0029055.jpg,5,4,1.2920897e-05,1.5233327e-05,0.00019712438,8.932952e-05,0.86778057,0.1315961,0.00030871
/home/share/Uni_Eval/HAM10000_clean/ISIC2018/ISIC_0028067.jpg,5,5,2.8343775e-06,5.4017462e-05,0.0011242359,1.581682e-05,0.04006028,0.95863694,0.00010594691
/home/share/Uni_Eval/HAM10000_clean/ISIC2018/ISIC_0030977.jpg,5,5,2.360166e-08,2.7420837e-08,0.00016070734,5.5664977e-08,0.0010910966,0.9987476,5.1821496e-07
/home/share/Uni_Eval/HAM10000_clean/ISIC2018/ISIC_0024821.jpg,5,5,0.0010323762,0.0026158867,0.028258588,7.790075e-06,0.023097377,0.9444984,0.00048956554
/home/share/Uni_Eval/HAM10000_clean/ISIC2018/ISIC_0029759.jpg,5,5,2.2937545e-06,5.138773e-06,0.00046493628,7.660113e-05,0.004468297,0.99497765,5.092373e-06
/home/share/Uni_Eval/HAM10000_clean/ISIC2018/ISIC_0030348.jpg,5,5,3.7904574e-05,3.112018e-09,0.014066304,1.2516939e-06,0.002056434,0.98172975,0.002108241
/home/share/Uni_Eval/HAM10000_clean/ISIC2018/ISIC_0024617.jpg,5,5,8.0273344e-10,3.2919463e-08,0.0013385676,3.3442304e-06,0.12380967,0.87484837,1.996255e-08
/home/share/Uni_Eval/HAM10000_clean/ISIC2018/ISIC_0026942.jpg,5,5,2.87052e-09,7.9084206e-10,4.579252e-06,1.1561926e-09,0.00038504144,0.9996101,2.517782e-07
/home/share/Uni_Eval/HAM10000_clean/ISIC2018/ISIC_0030710.jpg,5,5,1.2114712e-10,1.6104936e-08,1.762677e-06,1.7701385e-11,0.00054411683,0.9994541,3.196206e-10
/home/share/Uni_Eval/HAM10000_clean/ISIC2018/ISIC_0030963.jpg,5,5,5.7662775e-10,3.2516954e-08,3.1409712e-05,1.6227922e-08,1.4707052e-05,0.9999509,3.0335134e-06
/home/share/Uni_Eval/HAM10000_clean/ISIC2018/ISIC_0030890.jpg,5,5,1.1762511e-09,1.2097422e-08,1.7562342e-06,5.363879e-07,0.002034692,0.9979619,1.0352508e-06
/home/share/Uni_Eval/HAM10000_clean/ISIC2018/ISIC_0031896.jpg,5,5,4.0742982e-08,1.7489345e-08,0.00017892284,8.011227e-08,0.03896286,0.96075684,0.00010119867
/home/share/Uni_Eval/HAM10000_clean/ISIC2018/ISIC_0025956.jpg,5,4,2.8242603e-08,7.9931155e-09,0.00967551,2.5357388e-06,0.5916811,0.39863896,1.798911e-06
/home/share/Uni_Eval/HAM10000_clean/ISIC2018/ISIC_0025860.jpg,5,5,3.1362028e-08,1.5206875e-06,0.0016114358,6.807336e-08,0.00122656,0.9971431,1.7203662e-05
/home/share/Uni_Eval/HAM10000_clean/ISIC2018/ISIC_0025473.jpg,5,5,2.7852245e-09,3.721312e-08,0.0032512483,6.045319e-07,0.00039715183,0.9961423,0.00020870272
/home/share/Uni_Eval/HAM10000_clean/ISIC2018/ISIC_0024540.jpg,5,5,6.713498e-10,1.1308897e-08,7.946266e-06,6.931719e-07,0.003088669,0.9968958,6.9121566e-06
/home/share/Uni_Eval/HAM10000_clean/ISIC2018/ISIC_0032020.jpg,5,5,1.6183399e-09,1.5375357e-09,5.278568e-05,2.6829093e-05,0.0012485057,0.99867165,2.6257905e-07
/home/share/Uni_Eval/HAM10000_clean/ISIC2018/ISIC_0028632.jpg,5,5,1.5528473e-08,9.573574e-08,0.00013947753,6.4007727e-06,0.00044850417,0.9994054,4.9800892e-08
/home/share/Uni_Eval/HAM10000_clean/ISIC2018/ISIC_0029537.jpg,5,5,8.537747e-07,5.7684343e-07,0.00034230927,2.2622215e-09,0.0012101817,0.9984439,2.2310596e-06
/home/share/Uni_Eval/HAM10000_clean/ISIC2018/ISIC_0027431.jpg,5,5,1.2178791e-06,2.4805075e-08,0.00067142805,1.4147045e-08,2.0829e-05,0.999305,1.5257414e-06
/home/share/Uni_Eval/HAM10000_clean/ISIC2018/ISIC_0031395.jpg,5,4,8.127884e-05,4.302831e-07,0.0039258217,9.922667e-07,0.71590424,0.2800858,1.5000778e-06
/home/share/Uni_Eval/HAM10000_clean/ISIC2018/ISIC_0025897.jpg,5,5,5.740509e-10,4.4761187e-08,7.959786e-07,3.69824e-07,0.00095823786,0.99902976,1.08945815e-05
/home/share/Uni_Eval/HAM10000_clean/ISIC2018/ISIC_0033537.jpg,5,5,1.3418329e-06,8.6663384e-08,0.0020483402,8.712289e-06,0.011166608,0.9867748,7.616253e-08
/home/share/Uni_Eval/HAM10000_clean/ISIC2018/ISIC_0032682.jpg,5,5,1.0895038e-08,2.9476e-10,4.146791e-05,1.9565724e-07,1.645255e-05,0.9999416,2.0564057e-07
/home/share/Uni_Eval/HAM10000_clean/ISIC2018/ISIC_0032616.jpg,5,5,2.3881178e-08,4.131193e-09,3.3503304e-06,3.9052003e-07,0.0011210592,0.9988747,4.794586e-07
/home/share/Uni_Eval/HAM10000_clean/ISIC2018/ISIC_0033139.jpg,5,5,4.498003e-08,4.5696204e-08,0.0033784914,1.8067523e-06,2.9705386e-06,0.99661666,1.5750162e-08
/home/share/Uni_Eval/HAM10000_clean/ISIC2018/ISIC_0033418.jpg,5,5,9.13512e-06,1.3996565e-08,0.0002535955,1.7314544e-05,0.009670585,0.99004936,1.4884062e-09
/home/share/Uni_Eval/HAM10000_clean/ISIC2018/ISIC_0033364.jpg,5,5,5.1843385e-06,2.99527e-08,0.20598194,2.6295524e-05,0.08153641,0.7124359,1.4212753e-05
/home/share/Uni_Eval/HAM10000_clean/ISIC2018/ISIC_0034098.jpg,5,5,1.0152597e-07,2.3872411e-05,0.0033302805,2.7990959e-08,0.09256918,0.90407616,3.3625832e-07
/home/share/Uni_Eval/HAM10000_clean/ISIC2018/ISIC_0033040.jpg,5,5,4.5428036e-10,4.1982806e-11,2.0251043e-06,2.7535796e-06,0.00023198924,0.9997632,8.258213e-10
/home/share/Uni_Eval/HAM10000_clean/ISIC2018/ISIC_0032868.jpg,5,5,1.4910376e-10,6.262438e-09,7.1524446e-06,8.102126e-09,2.0835594e-06,0.9999908,1.450791e-11
/home/share/Uni_Eval/HAM10000_clean/ISIC2018/ISIC_0034018.jpg,5,5,1.2854707e-05,2.2998893e-06,0.00032211517,4.128515e-05,0.019194521,0.98042196,4.9182927e-06
/home/share/Uni_Eval/HAM10000_clean/ISIC2018/ISIC_0033464.jpg,5,5,5.3646315e-10,5.7869187e-12,1.3501251e-07,7.992736e-12,9.023671e-06,0.9999908,1.458338e-10
/home/share/Uni_Eval/HAM10000_clean/ISIC2018/ISIC_0033970.jpg,5,5,2.4911675e-09,1.7049574e-07,0.00011959192,1.0979353e-08,0.00010672604,0.9997236,4.987406e-05
/home/share/Uni_Eval/HAM10000_clean/ISIC2018/ISIC_0033896.jpg,5,5,7.8138015e-08,3.8624335e-09,4.710623e-05,1.7242651e-07,2.5574456e-05,0.9998807,4.6486613e-05
/home/share/Uni_Eval/HAM10000_clean/ISIC2018/ISIC_0032402.jpg,5,5,1.0324308e-09,1.8322522e-08,1.0877228e-08,1.7716475e-08,2.6646294e-05,0.9999726,7.89426e-07
/home/share/Uni_Eval/HAM10000_clean/ISIC2018/ISIC_0034309.jpg,5,5,5.2128676e-08,4.390409e-09,1.4550718e-05,9.591818e-06,0.00014398978,0.9998318,1.2385873e-08
/home/share/Uni_Eval/HAM10000_clean/ISIC2018/ISIC_0033043.jpg,5,5,2.875726e-10,6.6768806e-11,4.1127796e-06,1.4744619e-07,0.0008178148,0.9991779,5.9029656e-08
/home/share/Uni_Eval/HAM10000_clean/ISIC2018/ISIC_0032562.jpg,5,5,1.0712571e-09,2.586815e-11,1.2988289e-06,2.7555195e-08,0.020434465,0.9795639,3.523787e-07
/home/share/Uni_Eval/HAM10000_clean/ISIC2018/ISIC_0033421.jpg,5,5,3.8050143e-06,0.0001403152,0.00010467473,1.1205278e-06,0.09555138,0.90419877,1.9254593e-08
/home/share/Uni_Eval/HAM10000_clean/ISIC2018/ISIC_0033467.jpg,5,5,9.476825e-10,2.5176673e-08,9.1644884e-05,1.913769e-09,2.9524324e-05,0.99987876,3.0437783e-10
/home/share/Uni_Eval/HAM10000_clean/ISIC2018/ISIC_0032996.jpg,5,5,2.628512e-11,1.3474169e-08,5.5583528e-06,1.1164441e-06,0.00012892322,0.99985933,5.099357e-06
/home/share/Uni_Eval/HAM10000_clean/ISIC2018/ISIC_0033623.jpg,5,5,0.00023801274,0.0001280992,0.002019386,2.1545427e-05,0.0674102,0.9301827,1.4555887e-07
/home/share/Uni_Eval/HAM10000_clean/ISIC2018/ISIC_0033383.jpg,5,5,2.6219332e-10,5.1790187e-11,8.2043806e-07,1.1924826e-07,0.0029641844,0.9970349,1.1947017e-08
/home/share/Uni_Eval/HAM10000_clean/ISIC2018/ISIC_0032634.jpg,5,5,1.332044e-06,4.54291e-08,0.0026451175,4.6748196e-06,0.08270696,0.9146418,9.190629e-08
/home/share/Uni_Eval/HAM10000_clean/ISIC2018/ISIC_0033751.jpg,5,5,1.573698e-11,2.4457538e-08,0.00033540913,6.183342e-06,0.00014519083,0.9995097,3.4683221e-06
/home/share/Uni_Eval/HAM10000_clean/ISIC2018/ISIC_0033065.jpg,5,5,5.6680756e-07,1.9851376e-08,3.3863318e-05,3.2942324e-08,0.0016367567,0.99826247,6.631242e-05
/home/share/Uni_Eval/HAM10000_clean/ISIC2018/ISIC_0033353.jpg,5,5,1.5234216e-09,1.0204387e-05,0.00054790126,2.6762114e-05,0.00087994424,0.99850404,3.1060117e-05
/home/share/Uni_Eval/HAM10000_clean/ISIC2018/ISIC_0034019.jpg,5,5,0.0003151026,4.1744743e-06,1.6079191e-05,5.2281353e-06,0.0042414,0.9954131,4.918156e-06
/home/share/Uni_Eval/HAM10000_clean/ISIC2018/ISIC_0034154.jpg,5,5,9.95154e-10,5.1262494e-10,0.0001183563,7.006685e-10,4.156726e-05,0.9998312,8.872525e-06
/home/share/Uni_Eval/HAM10000_clean/ISIC2018/ISIC_0033597.jpg,5,5,9.665919e-10,9.698289e-07,2.3149312e-05,3.468134e-07,0.0014307856,0.9985318,1.29621285e-05
/home/share/Uni_Eval/HAM10000_clean/ISIC2018/ISIC_0033330.jpg,5,5,8.495491e-12,1.1683955e-09,0.00017240197,2.0195938e-07,1.9645398e-05,0.999653,0.00015478322
/home/share/Uni_Eval/HAM10000_clean/ISIC2018/ISIC_0033982.jpg,5,5,4.3210014e-07,1.0029144e-09,6.5657423e-06,8.4065704e-07,0.0011095685,0.9988794,3.1916768e-06
/home/share/Uni_Eval/HAM10000_clean/ISIC2018/ISIC_0027265.jpg,5,5,0.001506097,0.0027796393,0.00035490928,5.8762525e-05,0.00080967485,0.99446505,2.5829522e-05
/home/share/Uni_Eval/HAM10000_clean/ISIC2018/ISIC_0030038.jpg,5,5,4.5266402e-10,8.171274e-10,2.0067948e-06,0.00024641052,0.0010088735,0.9987363,6.318079e-06
/home/share/Uni_Eval/HAM10000_clean/ISIC2018/ISIC_0027345.jpg,5,5,7.668974e-06,0.032606468,8.7122215e-05,4.882271e-06,0.009303044,0.9541723,0.0038184854
/home/share/Uni_Eval/HAM10000_clean/ISIC2018/ISIC_0031299.jpg,5,5,1.8955878e-05,4.3462413e-07,0.00019695201,1.6523483e-06,0.0697908,0.92922014,0.0007710796
/home/share/Uni_Eval/HAM10000_clean/ISIC2018/ISIC_0029915.jpg,0,1,0.0055051125,0.99352634,0.00091918587,6.4768546e-10,4.616829e-05,2.374975e-06,9.001752e-07
/home/share/Uni_Eval/HAM10000_clean/ISIC2018/ISIC_0033456.jpg,0,0,0.9999993,8.784936e-10,4.157964e-07,7.228727e-11,1.8275485e-07,7.2617348e-09,5.660671e-08
/home/share/Uni_Eval/HAM10000_clean/ISIC2018/ISIC_0031191.jpg,0,2,0.0019333889,3.661297e-05,0.6347645,8.841268e-05,0.36226594,0.0008942475,1.6933162e-05
/home/share/Uni_Eval/HAM10000_clean/ISIC2018/ISIC_0025948.jpg,0,0,0.5207765,0.4121381,0.049654707,1.5255239e-07,7.690619e-07,0.017371215,5.8508707e-05
/home/share/Uni_Eval/HAM10000_clean/ISIC2018/ISIC_0030803.jpg,0,0,0.99608153,7.891797e-05,0.0029529273,3.6477746e-07,0.0008713073,1.4244678e-05,6.0668907e-07
/home/share/Uni_Eval/HAM10000_clean/ISIC2018/ISIC_0025069.jpg,0,0,0.8259894,0.0015775163,0.040731344,5.4356155e-05,0.12040931,0.008787414,0.00245076
/home/share/Uni_Eval/HAM10000_clean/ISIC2018/ISIC_0028232.jpg,0,4,0.0507739,5.512781e-05,0.00032247746,2.5516718e-08,0.948817,3.089743e-05,5.302697e-07
/home/share/Uni_Eval/HAM10000_clean/ISIC2018/ISIC_0029067.jpg,0,0,0.9324427,0.00015231982,0.033619773,1.1806253e-05,0.032159265,0.0016095445,4.545617e-06
/home/share/Uni_Eval/HAM10000_clean/ISIC2018/ISIC_0025539.jpg,0,2,0.0030978527,2.223932e-07,0.9959818,9.8945035e-05,0.00074824475,6.953212e-05,3.2815358e-06
/home/share/Uni_Eval/HAM10000_clean/ISIC2018/ISIC_0030191.jpg,0,2,0.010644675,1.1578573e-05,0.98929226,3.172733e-09,4.6851783e-05,4.556254e-06,9.126031e-09
/home/share/Uni_Eval/HAM10000_clean/ISIC2018/ISIC_0031043.jpg,0,5,0.2621087,0.034961943,0.011256308,3.1080806e-05,0.010020912,0.6816205,5.2354284e-07
/home/share/Uni_Eval/HAM10000_clean/ISIC2018/ISIC_0032455.jpg,0,0,0.9999312,1.0024675e-07,1.6783713e-06,6.645283e-08,6.700172e-05,9.786953e-10,1.9657978e-10
/home/share/Uni_Eval/HAM10000_clean/ISIC2018/ISIC_0027896.jpg,0,0,0.99949765,5.1313427e-06,0.00042104622,2.1699226e-08,1.1246019e-07,8.299432e-06,6.772375e-05
/home/share/Uni_Eval/HAM10000_clean/ISIC2018/ISIC_0031044.jpg,0,0,0.99841475,9.623175e-05,0.0002750671,4.0245858e-08,0.0011775059,3.640603e-05,5.8060214e-09
/home/share/Uni_Eval/HAM10000_clean/ISIC2018/ISIC_0031012.jpg,0,0,0.9811297,0.0002319066,0.0068632774,5.791696e-05,0.011711115,6.060677e-06,7.774607e-08
/home/share/Uni_Eval/HAM10000_clean/ISIC2018/ISIC_0029533.jpg,0,0,0.9753621,0.00616399,0.0015363422,9.5449126e-05,0.0167391,0.00010275443,2.438642e-07
/home/share/Uni_Eval/HAM10000_clean/ISIC2018/ISIC_0026992.jpg,0,0,0.97369236,4.9224986e-05,0.0030389128,3.312344e-05,0.02316864,1.6175916e-05,1.5172068e-06
/home/share/Uni_Eval/HAM10000_clean/ISIC2018/ISIC_0025825.jpg,0,0,0.9947554,3.5813613e-05,0.00020368895,4.042541e-08,0.0050007086,4.18939e-06,1.14275316e-07
/home/share/Uni_Eval/HAM10000_clean/ISIC2018/ISIC_0026645.jpg,0,0,0.48676848,0.0035695026,0.3516176,0.0015163529,0.15563633,0.0008916143,8.489055e-08
/home/share/Uni_Eval/HAM10000_clean/ISIC2018/ISIC_0029811.jpg,0,0,0.9991184,5.354483e-05,0.00078287825,3.4807078e-07,4.726561e-06,3.663002e-05,3.437613e-06
/home/share/Uni_Eval/HAM10000_clean/ISIC2018/ISIC_0027178.jpg,0,0,0.98835063,1.3312341e-05,0.010986921,6.7924083e-10,0.00055169937,9.25326e-05,4.964558e-06
/home/share/Uni_Eval/HAM10000_clean/ISIC2018/ISIC_0028872.jpg,0,0,0.92079943,0.00021052996,0.059989747,0.006894992,7.612103e-05,0.012028762,4.285963e-07
/home/share/Uni_Eval/HAM10000_clean/ISIC2018/ISIC_0031292.jpg,0,0,0.98718715,1.4623241e-05,0.012541565,1.0444298e-06,4.812125e-05,0.00020720715,2.624618e-07
/home/share/Uni_Eval/HAM10000_clean/ISIC2018/ISIC_0033494.jpg,0,0,0.9902464,1.0493033e-06,0.009743739,2.5120173e-07,9.201958e-07,7.3904243e-06,2.0276131e-07
/home/share/Uni_Eval/HAM10000_clean/ISIC2018/ISIC_0026014.jpg,0,4,0.24458525,0.10837746,0.03603656,4.5021743e-08,0.6058013,0.0051992405,1.5338762e-07
/home/share/Uni_Eval/HAM10000_clean/ISIC2018/ISIC_0026549.jpg,0,0,0.57903373,3.2186304e-05,0.11530405,0.00012065577,0.012971963,0.2925369,5.0482254e-07
/home/share/Uni_Eval/HAM10000_clean/ISIC2018/ISIC_0030387.jpg,0,0,0.47909048,0.120664656,0.046818305,4.6234778e-05,0.00066257536,0.35270357,1.4142504e-05
/home/share/Uni_Eval/HAM10000_clean/ISIC2018/ISIC_0029573.jpg,0,0,0.9989863,7.595803e-06,0.0008551218,0.000123756,2.4894339e-06,2.4558798e-05,1.256866e-07
/home/share/Uni_Eval/HAM10000_clean/ISIC2018/ISIC_0029268.jpg,0,2,0.3028023,0.0014872714,0.68629324,1.6048813e-05,0.004619619,0.0047764312,5.0736367e-06
/home/share/Uni_Eval/HAM10000_clean/ISIC2018/ISIC_0029598.jpg,0,1,0.06963197,0.92885363,0.0009271481,2.0073376e-06,0.00053051644,2.4954257e-05,2.986377e-05
/home/share/Uni_Eval/HAM10000_clean/ISIC2018/ISIC_0029781.jpg,0,0,0.9990658,0.0007609974,0.000114660936,1.1837123e-07,5.7734534e-05,3.597274e-07,2.2948616e-07
/home/share/Uni_Eval/HAM10000_clean/ISIC2018/ISIC_0025247.jpg,0,0,0.9751687,0.0003769542,0.023974441,0.00047281483,1.003836e-06,5.026355e-06,1.0390895e-06
/home/share/Uni_Eval/HAM10000_clean/ISIC2018/ISIC_0028499.jpg,0,0,0.9077333,6.0415667e-05,0.09215692,1.1352088e-06,1.6536158e-05,3.1474287e-05,7.209034e-08
/home/share/Uni_Eval/HAM10000_clean/ISIC2018/ISIC_0030591.jpg,0,0,0.9921536,1.171595e-06,0.007831723,9.190974e-07,1.0505109e-05,2.0776e-06,1.0271657e-09
/home/share/Uni_Eval/HAM10000_clean/ISIC2018/ISIC_0029638.jpg,0,0,0.9956474,1.0104929e-05,0.003971319,3.0724343e-05,0.00012940998,0.00021107944,8.642779e-09
/home/share/Uni_Eval/HAM10000_clean/ISIC2018/ISIC_0026132.jpg,0,0,0.9826538,0.00036988818,0.016580006,3.850583e-05,0.00025193504,0.00010585958,3.6203558e-09
/home/share/Uni_Eval/HAM10000_clean/ISIC2018/ISIC_0024763.jpg,0,0,0.8322578,0.0023397063,0.15563013,4.2595807e-06,0.009655428,8.375047e-05,2.8866149e-05
/home/share/Uni_Eval/HAM10000_clean/ISIC2018/ISIC_0028076.jpg,0,0,0.88580865,9.270979e-06,0.112958856,3.2452804e-06,0.0011971093,2.1771528e-05,1.0073785e-06
/home/share/Uni_Eval/HAM10000_clean/ISIC2018/ISIC_0025957.jpg,0,1,0.4440944,0.53776383,0.013357136,8.702581e-06,0.0046896366,8.396905e-05,2.2623324e-06
/home/share/Uni_Eval/HAM10000_clean/ISIC2018/ISIC_0031927.jpg,0,0,0.7562248,0.00010988083,0.23104766,0.00046096492,0.009185056,0.002971459,1.7093586e-07
/home/share/Uni_Eval/HAM10000_clean/ISIC2018/ISIC_0025264.jpg,0,0,0.8372054,0.020486783,0.07203591,0.041989572,0.020265143,0.0062484522,0.0017687569
/home/share/Uni_Eval/HAM10000_clean/ISIC2018/ISIC_0026457.jpg,0,0,0.98593533,2.4926206e-07,0.014063828,6.7086135e-11,3.0350424e-07,2.5893064e-07,2.6044678e-09
/home/share/Uni_Eval/HAM10000_clean/ISIC2018/ISIC_0028763.jpg,0,0,0.75465816,0.0012767579,0.22687846,1.1905924e-05,0.0014200419,0.01575338,1.3557133e-06
/home/share/Uni_Eval/HAM10000_clean/ISIC2018/ISIC_0025780.jpg,0,0,0.99993753,1.3540008e-06,2.2615143e-06,4.4442587e-09,5.6856064e-05,2.03e-06,7.944095e-10
/home/share/Uni_Eval/HAM10000_clean/ISIC2018/ISIC_0027452.jpg,0,0,0.833085,0.0002277422,0.16352364,1.3065131e-08,0.0011482333,0.0020151604,1.8808274e-07
/home/share/Uni_Eval/HAM10000_clean/ISIC2018/ISIC_0027884.jpg,0,0,0.99382126,0.0014638964,0.0036449376,3.291419e-09,0.0010605897,9.123142e-06,2.3851686e-07
/home/share/Uni_Eval/HAM10000_clean/ISIC2018/ISIC_0027950.jpg,0,0,0.6251253,0.0067505124,0.04432428,1.7904182e-10,0.32350418,0.00029574792,1.5942135e-08
/home/share/Uni_Eval/HAM10000_clean/ISIC2018/ISIC_0033536.jpg,0,0,0.77951676,3.172855e-08,0.22047731,2.9118034e-06,2.7009846e-06,3.3698373e-07,3.0280316e-09
/home/share/Uni_Eval/HAM10000_clean/ISIC2018/ISIC_0032854.jpg,0,0,0.99996805,1.7185015e-06,2.5681742e-05,3.2600804e-11,4.675182e-06,9.171513e-09,8.8243435e-10
